point_id,target,role,vid_v,variant,label,frames_per_point,conditioning_codes,formal_code,all_frames_valid,formal_valid,formal_bits,formal_complete_v,formal_invalid_v,formal_timeout_v,formal_complete_time_s,formal_stable_margin_ns,sampled_diff_v,input_diff_v,job
t003_low,3,low,-1.682931927057702,CURRENT,full_transition_expand0,2,2,2,True,True,00000010,3.6,0.0,0.0,8.75482e-07,104.51799999999999,-1.68292,-1.68292,current_full_transition_expand0_f2_sh000
t003_high,3,high,-1.6630100520577018,CURRENT,full_transition_expand0,2,3,3,True,True,00000011,3.6,0.0,0.0,1.87548e-06,104.52000000000014,-1.663,-1.663,current_full_transition_expand0_f2_sh000
t004_low,4,low,-1.6696768212506155,CURRENT,full_transition_expand0,2,3,3,True,True,00000011,3.6,0.0,0.0,2.87548e-06,104.51999999999973,-1.66967,-1.66967,current_full_transition_expand0_f2_sh000
t004_high,4,high,-1.6497549462506154,CURRENT,full_transition_expand0,2,4,4,True,True,00000100,3.6,0.0,0.0,3.87548e-06,104.52000000000014,-1.64974,-1.64974,current_full_transition_expand0_f2_sh000
t005_low,5,low,-1.6564217154435288,CURRENT,full_transition_expand0,2,4,4,True,True,00000100,3.6,0.0,0.0,4.87548e-06,104.52000000000099,-1.65641,-1.65641,current_full_transition_expand0_f2_sh000
t005_high,5,high,-1.6364998404435287,CURRENT,full_transition_expand0,2,5,5,True,True,00000101,3.6,0.0,0.0,5.87548e-06,104.52000000000014,-1.63649,-1.63649,current_full_transition_expand0_f2_sh000
t006_low,6,low,-1.6431666096364421,CURRENT,full_transition_expand0,2,5,5,True,True,00000101,3.6,0.0,0.0,6.87548e-06,104.52000000000014,-1.64316,-1.64316,current_full_transition_expand0_f2_sh000
t006_high,6,high,-1.623244734636442,CURRENT,full_transition_expand0,2,6,6,True,True,00000110,3.6,0.0,0.0,7.87548e-06,104.52000000000014,-1.62323,-1.62323,current_full_transition_expand0_f2_sh000
t007_low,7,low,-1.6299115038293555,CURRENT,full_transition_expand0,2,6,6,True,True,00000110,3.6,0.0,0.0,8.87548e-06,104.52000000000014,-1.6299,-1.6299,current_full_transition_expand0_f2_sh000
t007_high,7,high,-1.6099896288293554,CURRENT,full_transition_expand0,2,7,7,True,True,00000111,3.6,0.0,0.0,9.87548e-06,104.52000000000014,-1.60998,-1.60998,current_full_transition_expand0_f2_sh000
t008_low,8,low,-1.616656398022269,CURRENT,full_transition_expand0,2,7,7,True,True,00000111,3.6,0.0,0.0,1.08755e-05,104.50000000000044,-1.61665,-1.61665,current_full_transition_expand0_f2_sh000
t008_high,8,high,-1.596734523022269,CURRENT,full_transition_expand0,2,8,8,True,True,00001000,3.6,0.0,0.0,1.18755e-05,104.50000000000044,-1.59672,-1.59672,current_full_transition_expand0_f2_sh000
t009_low,9,low,-1.6034012922151823,CURRENT,full_transition_expand0,2,8,8,True,True,00001000,3.6,0.0,0.0,1.28755e-05,104.49999999999875,-1.60339,-1.60339,current_full_transition_expand0_f2_sh000
t009_high,9,high,-1.5834794172151823,CURRENT,full_transition_expand0,2,9,9,True,True,00001001,3.6,0.0,0.0,1.38755e-05,104.50000000000044,-1.58347,-1.58347,current_full_transition_expand0_f2_sh000
t010_low,10,low,-1.5901461864080957,CURRENT,full_transition_expand0,2,9,9,True,True,00001001,3.6,0.0,0.0,1.48755e-05,104.50000000000044,-1.59014,-1.59014,current_full_transition_expand0_f2_sh000
t010_high,10,high,-1.5702243114080956,CURRENT,full_transition_expand0,2,10,10,True,True,00001010,3.6,0.0,0.0,1.58755e-05,104.49999999999875,-1.57021,-1.57021,current_full_transition_expand0_f2_sh000
t011_low,11,low,-1.576891080601009,CURRENT,full_transition_expand0,2,10,10,True,True,00001010,3.6,0.0,0.0,1.68755e-05,104.49999999999535,-1.57688,-1.57688,current_full_transition_expand0_f2_sh000
t011_high,11,high,-1.556969205601009,CURRENT,full_transition_expand0,2,11,11,True,True,00001011,3.6,0.0,0.0,1.78755e-05,104.49999999999875,-1.55696,-1.55696,current_full_transition_expand0_f2_sh000
t012_low,12,low,-1.5636359747939224,CURRENT,full_transition_expand0,2,11,11,True,True,00001011,3.6,0.0,0.0,1.88755e-05,104.49999999999875,-1.56363,-1.56363,current_full_transition_expand0_f2_sh000
t012_high,12,high,-1.5437140997939223,CURRENT,full_transition_expand0,2,12,12,True,True,00001100,3.6,0.0,0.0,1.98755e-05,104.49999999999875,-1.5437,-1.5437,current_full_transition_expand0_f2_sh000
t013_low,13,low,-1.550380868986836,CURRENT,full_transition_expand0,2,12,12,True,True,00001100,3.6,0.0,0.0,2.08755e-05,104.49999999999875,-1.55037,-1.55037,current_full_transition_expand0_f2_sh000
t013_high,13,high,-1.5304589939868358,CURRENT,full_transition_expand0,2,13,13,True,True,00001101,3.6,0.0,0.0,2.18755e-05,104.49999999999535,-1.53045,-1.53045,current_full_transition_expand0_f2_sh000
t014_low,14,low,-1.5371257631797492,CURRENT,full_transition_expand0,2,13,13,True,True,00001101,3.6,0.0,0.0,2.28755e-05,104.49999999999535,-1.53712,-1.53712,current_full_transition_expand0_f2_sh000
t014_high,14,high,-1.5172038881797492,CURRENT,full_transition_expand0,2,14,14,True,True,00001110,3.6,0.0,0.0,2.38755e-05,104.49999999999875,-1.51719,-1.51719,current_full_transition_expand0_f2_sh000
t015_low,15,low,-1.5238706573726626,CURRENT,full_transition_expand0,2,14,14,True,True,00001110,3.6,0.0,0.0,2.48755e-05,104.49999999999875,-1.52386,-1.52386,current_full_transition_expand0_f2_sh000
t015_high,15,high,-1.5039487823726625,CURRENT,full_transition_expand0,2,15,15,True,True,00001111,3.6,0.0,0.0,2.58755e-05,104.49999999999875,-1.50394,-1.50394,current_full_transition_expand0_f2_sh000
t017_low,17,low,-1.4973604457584895,CURRENT,full_transition_expand0,2,16,16,True,True,00010000,3.6,0.0,0.0,2.68755e-05,104.49999999999875,-1.49735,-1.49735,current_full_transition_expand0_f2_sh000
t017_high,17,high,-1.4774385707584894,CURRENT,full_transition_expand0,2,17,17,True,True,00010001,3.6,0.0,0.0,2.78755e-05,104.49999999999535,-1.47743,-1.47743,current_full_transition_expand0_f2_sh000
t018_low,18,low,-1.4841053399514028,CURRENT,full_transition_expand0,2,17,17,True,True,00010001,3.6,0.0,0.0,2.88755e-05,104.49999999999535,-1.4841,-1.4841,current_full_transition_expand0_f2_sh000
t018_high,18,high,-1.4641834649514027,CURRENT,full_transition_expand0,2,18,18,True,True,00010010,3.6,0.0,0.0,2.98755e-05,104.49999999999875,-1.46417,-1.46417,current_full_transition_expand0_f2_sh000
t019_low,19,low,-1.4708502341443161,CURRENT,full_transition_expand0,2,18,18,True,True,00010010,3.6,0.0,0.0,3.08755e-05,104.49999999999875,-1.47084,-1.47084,current_full_transition_expand0_f2_sh000
t019_high,19,high,-1.450928359144316,CURRENT,full_transition_expand0,2,19,19,True,True,00010011,3.6,0.0,0.0,3.18755e-05,104.49999999999197,-1.45092,-1.45092,current_full_transition_expand0_f2_sh000
t020_low,20,low,-1.4575951283372295,CURRENT,full_transition_expand0,2,19,19,True,True,00010011,3.6,0.0,0.0,8.75482e-07,104.51799999999999,-1.45759,-1.45759,current_full_transition_expand0_f2_sh001
t020_high,20,high,-1.4376732533372294,CURRENT,full_transition_expand0,2,20,20,True,True,00010100,3.6,0.0,0.0,1.87548e-06,104.52000000000014,-1.43766,-1.43766,current_full_transition_expand0_f2_sh001
t021_low,21,low,-1.4443400225301428,CURRENT,full_transition_expand0,2,20,20,True,True,00010100,3.6,0.0,0.0,2.87548e-06,104.51999999999973,-1.44433,-1.44433,current_full_transition_expand0_f2_sh001
t021_high,21,high,-1.4244181475301427,CURRENT,full_transition_expand0,2,21,21,True,True,00010101,3.6,0.0,0.0,3.87548e-06,104.52000000000014,-1.42441,-1.42441,current_full_transition_expand0_f2_sh001
t022_low,22,low,-1.4310849167230562,CURRENT,full_transition_expand0,2,21,21,True,True,00010101,3.6,0.0,0.0,4.87548e-06,104.52000000000099,-1.43107,-1.43107,current_full_transition_expand0_f2_sh001
t022_high,22,high,-1.411163041723056,CURRENT,full_transition_expand0,2,22,22,True,True,00010110,3.6,0.0,0.0,5.87548e-06,104.52000000000014,-1.41115,-1.41115,current_full_transition_expand0_f2_sh001
t023_low,23,low,-1.4178298109159697,CURRENT,full_transition_expand0,2,22,22,True,True,00010110,3.6,0.0,0.0,6.87548e-06,104.52000000000014,-1.41782,-1.41782,current_full_transition_expand0_f2_sh001
t023_high,23,high,-1.3979079359159696,CURRENT,full_transition_expand0,2,23,23,True,True,00010111,3.6,0.0,0.0,7.87548e-06,104.52000000000014,-1.3979,-1.3979,current_full_transition_expand0_f2_sh001
t024_low,24,low,-1.404574705108883,CURRENT,full_transition_expand0,2,23,23,True,True,00010111,3.6,0.0,0.0,8.87548e-06,104.52000000000014,-1.40456,-1.40456,current_full_transition_expand0_f2_sh001
t024_high,24,high,-1.384652830108883,CURRENT,full_transition_expand0,2,24,24,True,True,00011000,3.6,0.0,0.0,9.87548e-06,104.52000000000014,-1.38464,-1.38464,current_full_transition_expand0_f2_sh001
t025_low,25,low,-1.3913195993017964,CURRENT,full_transition_expand0,2,24,24,True,True,00011000,3.6,0.0,0.0,1.08755e-05,104.50000000000044,-1.39131,-1.39131,current_full_transition_expand0_f2_sh001
t025_high,25,high,-1.3713977243017963,CURRENT,full_transition_expand0,2,25,25,True,True,00011001,3.6,0.0,0.0,1.18755e-05,104.50000000000044,-1.37139,-1.37139,current_full_transition_expand0_f2_sh001
t026_low,26,low,-1.37806449349471,CURRENT,full_transition_expand0,2,25,25,True,True,00011001,3.6,0.0,0.0,1.28755e-05,104.49999999999875,-1.37805,-1.37805,current_full_transition_expand0_f2_sh001
t026_high,26,high,-1.3581426184947099,CURRENT,full_transition_expand0,2,26,26,True,True,00011010,3.6,0.0,0.0,1.38755e-05,104.50000000000044,-1.35813,-1.35813,current_full_transition_expand0_f2_sh001
t027_low,27,low,-1.3648093876876233,CURRENT,full_transition_expand0,2,26,26,True,True,00011010,3.6,0.0,0.0,1.48755e-05,104.50000000000044,-1.3648,-1.3648,current_full_transition_expand0_f2_sh001
t027_high,27,high,-1.3448875126876232,CURRENT,full_transition_expand0,2,27,27,True,True,00011011,3.6,0.0,0.0,1.58755e-05,104.49999999999875,-1.34488,-1.34488,current_full_transition_expand0_f2_sh001
t028_low,28,low,-1.3515542818805366,CURRENT,full_transition_expand0,2,27,27,True,True,00011011,3.6,0.0,0.0,1.68755e-05,104.49999999999535,-1.35154,-1.35154,current_full_transition_expand0_f2_sh001
t028_high,28,high,-1.3316324068805365,CURRENT,full_transition_expand0,2,28,28,True,True,00011100,3.6,0.0,0.0,1.78755e-05,104.49999999999875,-1.33162,-1.33162,current_full_transition_expand0_f2_sh001
t029_low,29,low,-1.33829917607345,CURRENT,full_transition_expand0,2,28,28,True,True,00011100,3.6,0.0,0.0,1.88755e-05,104.49999999999875,-1.33829,-1.33829,current_full_transition_expand0_f2_sh001
t029_high,29,high,-1.3183773010734499,CURRENT,full_transition_expand0,2,29,29,True,True,00011101,3.6,0.0,0.0,1.98755e-05,104.49999999999875,-1.31837,-1.31837,current_full_transition_expand0_f2_sh001
t030_low,30,low,-1.3250440702663633,CURRENT,full_transition_expand0,2,29,29,True,True,00011101,3.6,0.0,0.0,2.08755e-05,104.49999999999875,-1.32503,-1.32503,current_full_transition_expand0_f2_sh001
t030_high,30,high,-1.3051221952663632,CURRENT,full_transition_expand0,2,30,30,True,True,00011110,3.6,0.0,0.0,2.18755e-05,104.49999999999535,-1.30511,-1.30511,current_full_transition_expand0_f2_sh001
t034_low,34,low,-1.2720236470380168,CURRENT,full_transition_expand0,2,33,33,True,True,00100001,3.6,0.0,0.0,2.28755e-05,104.49999999999535,-1.27201,-1.27201,current_full_transition_expand0_f2_sh001
t034_high,34,high,-1.2521017720380168,CURRENT,full_transition_expand0,2,34,34,True,True,00100010,3.6,0.0,0.0,2.38755e-05,104.49999999999875,-1.25209,-1.25209,current_full_transition_expand0_f2_sh001
t035_low,35,low,-1.2587685412309304,CURRENT,full_transition_expand0,2,34,34,True,True,00100010,3.6,0.0,0.0,2.48755e-05,104.49999999999875,-1.25876,-1.25876,current_full_transition_expand0_f2_sh001
t035_high,35,high,-1.2388466662309303,CURRENT,full_transition_expand0,2,35,35,True,True,00100011,3.6,0.0,0.0,2.58755e-05,104.49999999999875,-1.23884,-1.23884,current_full_transition_expand0_f2_sh001
t036_low,36,low,-1.2455134354238437,CURRENT,full_transition_expand0,2,35,35,True,True,00100011,3.6,0.0,0.0,2.68755e-05,104.49999999999875,-1.2455,-1.2455,current_full_transition_expand0_f2_sh001
t036_high,36,high,-1.2255915604238437,CURRENT,full_transition_expand0,2,36,36,True,True,00100100,3.6,0.0,0.0,2.78755e-05,104.49999999999535,-1.22558,-1.22558,current_full_transition_expand0_f2_sh001
t037_low,37,low,-1.232258329616757,CURRENT,full_transition_expand0,2,36,36,True,True,00100100,3.6,0.0,0.0,2.88755e-05,104.49999999999535,-1.23225,-1.23225,current_full_transition_expand0_f2_sh001
t037_high,37,high,-1.212336454616757,CURRENT,full_transition_expand0,2,37,37,True,True,00100101,3.6,0.0,0.0,2.98755e-05,104.49999999999875,-1.21233,-1.21233,current_full_transition_expand0_f2_sh001
t038_low,38,low,-1.2190032238096704,CURRENT,full_transition_expand0,2,37,37,True,True,00100101,3.6,0.0,0.0,3.08755e-05,104.49999999999875,-1.21899,-1.21899,current_full_transition_expand0_f2_sh001
t038_high,38,high,-1.1990813488096703,CURRENT,full_transition_expand0,2,38,38,True,True,00100110,3.6,0.0,0.0,3.18755e-05,104.49999999999197,-1.19907,-1.19907,current_full_transition_expand0_f2_sh001
t039_low,39,low,-1.2057481180025837,CURRENT,full_transition_expand0,2,38,38,True,True,00100110,3.6,0.0,0.0,8.75479e-07,104.52099999999996,-1.20574,-1.20574,current_full_transition_expand0_f2_sh002
t039_high,39,high,-1.1858262430025837,CURRENT,full_transition_expand0,2,39,39,True,True,00100111,3.6,0.0,0.0,1.87548e-06,104.52000000000014,-1.18582,-1.18582,current_full_transition_expand0_f2_sh002
t040_low,40,low,-1.192493012195497,CURRENT,full_transition_expand0,2,39,39,True,True,00100111,3.6,0.0,0.0,2.87548e-06,104.51999999999973,-1.19248,-1.19248,current_full_transition_expand0_f2_sh002
t040_high,40,high,-1.172571137195497,CURRENT,full_transition_expand0,2,40,40,True,True,00101000,3.6,0.0,0.0,3.87548e-06,104.52000000000014,-1.17256,-1.17256,current_full_transition_expand0_f2_sh002
t041_low,41,low,-1.1792379063884106,CURRENT,full_transition_expand0,2,40,40,True,True,00101000,3.6,0.0,0.0,4.87548e-06,104.52000000000099,-1.17923,-1.17923,current_full_transition_expand0_f2_sh002
t041_high,41,high,-1.1593160313884106,CURRENT,full_transition_expand0,2,41,41,True,True,00101001,3.6,0.0,0.0,5.87548e-06,104.52000000000014,-1.15931,-1.15931,current_full_transition_expand0_f2_sh002
t042_low,42,low,-1.165982800581324,CURRENT,full_transition_expand0,2,41,41,True,True,00101001,3.6,0.0,0.0,6.87548e-06,104.52000000000014,-1.16597,-1.16597,current_full_transition_expand0_f2_sh002
t042_high,42,high,-1.1460609255813239,CURRENT,full_transition_expand0,2,42,42,True,True,00101010,3.6,0.0,0.0,7.87548e-06,104.52000000000014,-1.14605,-1.14605,current_full_transition_expand0_f2_sh002
t043_low,43,low,-1.1527276947742373,CURRENT,full_transition_expand0,2,42,42,True,True,00101010,3.6,0.0,0.0,8.87548e-06,104.52000000000014,-1.15272,-1.15272,current_full_transition_expand0_f2_sh002
t043_high,43,high,-1.1328058197742372,CURRENT,full_transition_expand0,2,43,43,True,True,00101011,3.6,0.0,0.0,9.87548e-06,104.52000000000014,-1.1328,-1.1328,current_full_transition_expand0_f2_sh002
t044_low,44,low,-1.1394725889671509,CURRENT,full_transition_expand0,2,43,43,True,True,00101011,3.6,0.0,0.0,1.08755e-05,104.50000000000044,-1.13946,-1.13946,current_full_transition_expand0_f2_sh002
t044_high,44,high,-1.1195507139671508,CURRENT,full_transition_expand0,2,44,44,True,True,00101100,3.6,0.0,0.0,1.18755e-05,104.50000000000044,-1.11954,-1.11954,current_full_transition_expand0_f2_sh002
t045_low,45,low,-1.1262174831600642,CURRENT,full_transition_expand0,2,44,44,True,True,00101100,3.6,0.0,0.0,1.28755e-05,104.49999999999875,-1.12621,-1.12621,current_full_transition_expand0_f2_sh002
t045_high,45,high,-1.1062956081600641,CURRENT,full_transition_expand0,2,45,45,True,True,00101101,3.6,0.0,0.0,1.38755e-05,104.50000000000044,-1.10629,-1.10629,current_full_transition_expand0_f2_sh002
t046_low,46,low,-1.1129623773529775,CURRENT,full_transition_expand0,2,45,45,True,True,00101101,3.6,0.0,0.0,1.48755e-05,104.50000000000044,-1.11295,-1.11295,current_full_transition_expand0_f2_sh002
t046_high,46,high,-1.0930405023529774,CURRENT,full_transition_expand0,2,46,46,True,True,00101110,3.6,0.0,0.0,1.58755e-05,104.49999999999875,-1.09303,-1.09303,current_full_transition_expand0_f2_sh002
t047_low,47,low,-1.0997072715458909,CURRENT,full_transition_expand0,2,46,46,True,True,00101110,3.6,0.0,0.0,1.68755e-05,104.49999999999535,-1.0997,-1.0997,current_full_transition_expand0_f2_sh002
t047_high,47,high,-1.0797853965458908,CURRENT,full_transition_expand0,2,47,47,True,True,00101111,3.6,0.0,0.0,1.78755e-05,104.49999999999875,-1.07978,-1.07978,current_full_transition_expand0_f2_sh002
t049_low,49,low,-1.0731970599317175,CURRENT,full_transition_expand0,2,48,48,True,True,00110000,3.6,0.0,0.0,1.88755e-05,104.49999999999875,-1.07319,-1.07319,current_full_transition_expand0_f2_sh002
t049_high,49,high,-1.0532751849317175,CURRENT,full_transition_expand0,2,49,49,True,True,00110001,3.6,0.0,0.0,1.98755e-05,104.49999999999875,-1.05327,-1.05327,current_full_transition_expand0_f2_sh002
t050_low,50,low,-1.0599419541246309,CURRENT,full_transition_expand0,2,49,49,True,True,00110001,3.6,0.0,0.0,2.08755e-05,104.49999999999875,-1.05993,-1.05993,current_full_transition_expand0_f2_sh002
t050_high,50,high,-1.0400200791246308,CURRENT,full_transition_expand0,2,50,50,True,True,00110010,3.6,0.0,0.0,2.18755e-05,104.49999999999535,-1.04001,-1.04001,current_full_transition_expand0_f2_sh002
t051_low,51,low,-1.0466868483175444,CURRENT,full_transition_expand0,2,50,50,True,True,00110010,3.6,0.0,0.0,2.28755e-05,104.49999999999535,-1.04668,-1.04668,current_full_transition_expand0_f2_sh002
t051_high,51,high,-1.0267649733175443,CURRENT,full_transition_expand0,2,51,51,True,True,00110011,3.6,0.0,0.0,2.38755e-05,104.49999999999875,-1.02675,-1.02675,current_full_transition_expand0_f2_sh002
t052_low,52,low,-1.0334317425104578,CURRENT,full_transition_expand0,2,51,51,True,True,00110011,3.6,0.0,0.0,2.48755e-05,104.49999999999875,-1.03342,-1.03342,current_full_transition_expand0_f2_sh002
t052_high,52,high,-1.0135098675104577,CURRENT,full_transition_expand0,2,52,52,True,True,00110100,3.6,0.0,0.0,2.58755e-05,104.49999999999875,-1.0135,-1.0135,current_full_transition_expand0_f2_sh002
t053_low,53,low,-1.0201766367033713,CURRENT,full_transition_expand0,2,52,52,True,True,00110100,3.6,0.0,0.0,2.68755e-05,104.49999999999875,-1.02017,-1.02017,current_full_transition_expand0_f2_sh002
t053_high,53,high,-1.0002547617033712,CURRENT,full_transition_expand0,2,53,53,True,True,00110101,3.6,0.0,0.0,2.78755e-05,104.49999999999535,-1.00024,-1.00024,current_full_transition_expand0_f2_sh002
t054_low,54,low,-1.0069215308962844,CURRENT,full_transition_expand0,2,53,53,True,True,00110101,3.6,0.0,0.0,2.88755e-05,104.49999999999535,-1.00691,-1.00691,current_full_transition_expand0_f2_sh002
t054_high,54,high,-0.9869996558962845,CURRENT,full_transition_expand0,2,54,54,True,True,00110110,3.6,0.0,0.0,2.98755e-05,104.49999999999875,-0.98699,-0.98699,current_full_transition_expand0_f2_sh002
t055_low,55,low,-0.993666425089198,CURRENT,full_transition_expand0,2,54,54,True,True,00110110,3.6,0.0,0.0,3.08755e-05,104.49999999999875,-0.993656,-0.993656,current_full_transition_expand0_f2_sh002
t055_high,55,high,-0.9737445500891979,CURRENT,full_transition_expand0,2,55,55,True,True,00110111,3.6,0.0,0.0,3.18755e-05,104.49999999999197,-0.973735,-0.973735,current_full_transition_expand0_f2_sh002
t056_low,56,low,-0.9804113192821113,CURRENT,full_transition_expand0,2,55,55,True,True,00110111,3.6,0.0,0.0,8.75482e-07,104.51799999999999,-0.980401,-0.980401,current_full_transition_expand0_f2_sh003
t056_high,56,high,-0.9604894442821112,CURRENT,full_transition_expand0,2,56,56,True,True,00111000,3.6,0.0,0.0,1.87548e-06,104.52000000000014,-0.960479,-0.960479,current_full_transition_expand0_f2_sh003
t057_low,57,low,-0.9671562134750247,CURRENT,full_transition_expand0,2,56,56,True,True,00111000,3.6,0.0,0.0,2.87548e-06,104.51999999999973,-0.967146,-0.967146,current_full_transition_expand0_f2_sh003
t057_high,57,high,-0.9472343384750246,CURRENT,full_transition_expand0,2,57,57,True,True,00111001,3.6,0.0,0.0,3.87548e-06,104.52000000000014,-0.947224,-0.947224,current_full_transition_expand0_f2_sh003
t058_low,58,low,-0.9539011076679381,CURRENT,full_transition_expand0,2,57,57,True,True,00111001,3.6,0.0,0.0,4.87548e-06,104.52000000000099,-0.953891,-0.953891,current_full_transition_expand0_f2_sh003
t058_high,58,high,-0.933979232667938,CURRENT,full_transition_expand0,2,58,58,True,True,00111010,3.6,0.0,0.0,5.87548e-06,104.52000000000014,-0.933969,-0.933969,current_full_transition_expand0_f2_sh003
t059_low,59,low,-0.9406460018608515,CURRENT,full_transition_expand0,2,58,58,True,True,00111010,3.6,0.0,0.0,6.87548e-06,104.52000000000014,-0.940636,-0.940636,current_full_transition_expand0_f2_sh003
t059_high,59,high,-0.9207241268608514,CURRENT,full_transition_expand0,2,59,59,True,True,00111011,3.6,0.0,0.0,7.87548e-06,104.52000000000014,-0.920714,-0.920714,current_full_transition_expand0_f2_sh003
t060_low,60,low,-0.9273908960537649,CURRENT,full_transition_expand0,2,59,59,True,True,00111011,3.6,0.0,0.0,8.87548e-06,104.52000000000014,-0.927381,-0.927381,current_full_transition_expand0_f2_sh003
t060_high,60,high,-0.9074690210537648,CURRENT,full_transition_expand0,2,60,60,True,True,00111100,3.6,0.0,0.0,9.87548e-06,104.52000000000014,-0.907459,-0.907459,current_full_transition_expand0_f2_sh003
t061_low,61,low,-0.9141357902466782,CURRENT,full_transition_expand0,2,60,60,True,True,00111100,3.6,0.0,0.0,1.08755e-05,104.50000000000044,-0.914126,-0.914126,current_full_transition_expand0_f2_sh003
t061_high,61,high,-0.8942139152466781,CURRENT,full_transition_expand0,2,61,61,True,True,00111101,3.6,0.0,0.0,1.18755e-05,104.50000000000044,-0.894204,-0.894204,current_full_transition_expand0_f2_sh003
t062_low,62,low,-0.9008806844395917,CURRENT,full_transition_expand0,2,61,61,True,True,00111101,3.6,0.0,0.0,1.28755e-05,104.49999999999875,-0.900871,-0.900871,current_full_transition_expand0_f2_sh003
t062_high,62,high,-0.8809588094395916,CURRENT,full_transition_expand0,2,62,62,True,True,00111110,3.6,0.0,0.0,1.38755e-05,104.50000000000044,-0.880949,-0.880949,current_full_transition_expand0_f2_sh003
t066_low,66,low,-0.8478602612112451,CURRENT,full_transition_expand0,2,65,65,True,True,01000001,3.6,0.0,0.0,1.48755e-05,104.50000000000044,-0.84785,-0.84785,current_full_transition_expand0_f2_sh003
t066_high,66,high,-0.827938386211245,CURRENT,full_transition_expand0,2,66,66,True,True,01000010,3.6,0.0,0.0,1.58755e-05,104.49999999999875,-0.827928,-0.827928,current_full_transition_expand0_f2_sh003
t067_low,67,low,-0.8346051554041586,CURRENT,full_transition_expand0,2,66,66,True,True,01000010,3.6,0.0,0.0,1.68755e-05,104.49999999999535,-0.834595,-0.834595,current_full_transition_expand0_f2_sh003
t067_high,67,high,-0.8146832804041585,CURRENT,full_transition_expand0,2,67,67,True,True,01000011,3.6,0.0,0.0,1.78755e-05,104.49999999999875,-0.814673,-0.814673,current_full_transition_expand0_f2_sh003
t068_low,68,low,-0.8213500495970719,CURRENT,full_transition_expand0,2,67,67,True,True,01000011,3.6,0.0,0.0,1.88755e-05,104.49999999999875,-0.82134,-0.82134,current_full_transition_expand0_f2_sh003
t068_high,68,high,-0.8014281745970718,CURRENT,full_transition_expand0,2,68,68,True,True,01000100,3.6,0.0,0.0,1.98755e-05,104.49999999999875,-0.801418,-0.801418,current_full_transition_expand0_f2_sh003
t069_low,69,low,-0.8080949437899854,CURRENT,full_transition_expand0,2,68,68,True,True,01000100,3.6,0.0,0.0,2.08755e-05,104.49999999999875,-0.808085,-0.808085,current_full_transition_expand0_f2_sh003
t069_high,69,high,-0.7881730687899853,CURRENT,full_transition_expand0,2,69,69,True,True,01000101,3.6,0.0,0.0,2.18755e-05,104.49999999999535,-0.788163,-0.788163,current_full_transition_expand0_f2_sh003
t070_low,70,low,-0.7948398379828987,CURRENT,full_transition_expand0,2,69,69,True,True,01000101,3.6,0.0,0.0,2.28755e-05,104.49999999999535,-0.79483,-0.79483,current_full_transition_expand0_f2_sh003
t070_high,70,high,-0.7749179629828986,CURRENT,full_transition_expand0,2,70,70,True,True,01000110,3.6,0.0,0.0,2.38755e-05,104.49999999999875,-0.774908,-0.774908,current_full_transition_expand0_f2_sh003
t071_low,71,low,-0.7815847321758121,CURRENT,full_transition_expand0,2,70,70,True,True,01000110,3.6,0.0,0.0,2.48755e-05,104.49999999999875,-0.781575,-0.781575,current_full_transition_expand0_f2_sh003
t071_high,71,high,-0.7616628571758121,CURRENT,full_transition_expand0,2,71,71,True,True,01000111,3.6,0.0,0.0,2.58755e-05,104.49999999999875,-0.761653,-0.761653,current_full_transition_expand0_f2_sh003
t072_low,72,low,-0.7683296263687255,CURRENT,full_transition_expand0,2,71,71,True,True,01000111,3.6,0.0,0.0,2.68755e-05,104.49999999999875,-0.76832,-0.76832,current_full_transition_expand0_f2_sh003
t072_high,72,high,-0.7484077513687254,CURRENT,full_transition_expand0,2,72,72,True,True,01001000,3.6,0.0,0.0,2.78755e-05,104.49999999999535,-0.748398,-0.748398,current_full_transition_expand0_f2_sh003
t073_low,73,low,-0.7550745205616389,CURRENT,full_transition_expand0,2,72,72,True,True,01001000,3.6,0.0,0.0,2.88755e-05,104.49999999999535,-0.755065,-0.755065,current_full_transition_expand0_f2_sh003
t073_high,73,high,-0.7351526455616388,CURRENT,full_transition_expand0,2,73,73,True,True,01001001,3.6,0.0,0.0,2.98755e-05,104.49999999999875,-0.735143,-0.735143,current_full_transition_expand0_f2_sh003
t074_low,74,low,-0.7418194147545523,CURRENT,full_transition_expand0,2,73,73,True,True,01001001,3.6,0.0,0.0,3.08755e-05,104.49999999999875,-0.741809,-0.741809,current_full_transition_expand0_f2_sh003
t074_high,74,high,-0.7218975397545522,CURRENT,full_transition_expand0,2,74,74,True,True,01001010,3.6,0.0,0.0,3.18755e-05,104.49999999999197,-0.721888,-0.721888,current_full_transition_expand0_f2_sh003
t131_low,131,low,0.013721616249384994,CURRENT,full_transition_expand0,2,130,130,True,True,10000010,3.6,0.0,0.0,8.75481e-07,104.5189999999999,0.0137316,0.0137316,current_full_transition_expand0_f2_sh007
t131_high,131,high,0.033643491249384996,CURRENT,full_transition_expand0,2,131,131,True,True,10000011,3.6,0.0,0.0,1.87548e-06,104.52000000000014,0.0336535,0.0336535,current_full_transition_expand0_f2_sh007
t132_low,132,low,0.026976722056471437,CURRENT,full_transition_expand0,2,131,131,True,True,10000011,3.6,0.0,0.0,2.87548e-06,104.51999999999973,0.0269867,0.0269867,current_full_transition_expand0_f2_sh007
t132_high,132,high,0.04689859705647144,CURRENT,full_transition_expand0,2,132,132,True,True,10000100,3.6,0.0,0.0,3.87548e-06,104.52000000000014,0.0469086,0.0469086,current_full_transition_expand0_f2_sh007
t133_low,133,low,0.0402318278635581,CURRENT,full_transition_expand0,2,132,132,True,True,10000100,3.6,0.0,0.0,4.87548e-06,104.52000000000099,0.0402418,0.0402418,current_full_transition_expand0_f2_sh007
t133_high,133,high,0.0601537028635581,CURRENT,full_transition_expand0,2,133,133,True,True,10000101,3.6,0.0,0.0,5.87548e-06,104.52000000000014,0.0601637,0.0601637,current_full_transition_expand0_f2_sh007
t134_low,134,low,0.05348693367064476,CURRENT,full_transition_expand0,2,133,133,True,True,10000101,3.6,0.0,0.0,6.87548e-06,104.52000000000014,0.0534969,0.0534969,current_full_transition_expand0_f2_sh007
t134_high,134,high,0.07340880867064477,CURRENT,full_transition_expand0,2,134,134,True,True,10000110,3.6,0.0,0.0,7.87548e-06,104.52000000000014,0.0734188,0.0734188,current_full_transition_expand0_f2_sh007
t135_low,135,low,0.06674203947773143,CURRENT,full_transition_expand0,2,134,134,True,True,10000110,3.6,0.0,0.0,8.87548e-06,104.52000000000014,0.066752,0.066752,current_full_transition_expand0_f2_sh007
t135_high,135,high,0.08666391447773143,CURRENT,full_transition_expand0,2,135,135,True,True,10000111,3.6,0.0,0.0,9.87548e-06,104.52000000000014,0.0866739,0.0866739,current_full_transition_expand0_f2_sh007
t136_low,136,low,0.07999714528481787,CURRENT,full_transition_expand0,2,135,135,True,True,10000111,3.6,0.0,0.0,1.08755e-05,104.50000000000044,0.0800071,0.0800071,current_full_transition_expand0_f2_sh007
t136_high,136,high,0.09991902028481787,CURRENT,full_transition_expand0,2,136,136,True,True,10001000,3.6,0.0,0.0,1.18755e-05,104.50000000000044,0.099929,0.099929,current_full_transition_expand0_f2_sh007
t137_low,137,low,0.09325225109190453,CURRENT,full_transition_expand0,2,136,136,True,True,10001000,3.6,0.0,0.0,1.28755e-05,104.49999999999875,0.0932623,0.0932623,current_full_transition_expand0_f2_sh007
t137_high,137,high,0.11317412609190454,CURRENT,full_transition_expand0,2,137,137,True,True,10001001,3.6,0.0,0.0,1.38755e-05,104.50000000000044,0.113184,0.113184,current_full_transition_expand0_f2_sh007
t138_low,138,low,0.1065073568989912,CURRENT,full_transition_expand0,2,137,137,True,True,10001001,3.6,0.0,0.0,1.48755e-05,104.50000000000044,0.106517,0.106517,current_full_transition_expand0_f2_sh007
t138_high,138,high,0.1264292318989912,CURRENT,full_transition_expand0,2,138,138,True,True,10001010,3.6,0.0,0.0,1.58755e-05,104.49999999999875,0.126439,0.126439,current_full_transition_expand0_f2_sh007
t139_low,139,low,0.11976246270607786,CURRENT,full_transition_expand0,2,138,138,True,True,10001010,3.6,0.0,0.0,1.68755e-05,104.49999999999535,0.119772,0.119772,current_full_transition_expand0_f2_sh007
t139_high,139,high,0.13968433770607785,CURRENT,full_transition_expand0,2,139,139,True,True,10001011,3.6,0.0,0.0,1.78755e-05,104.49999999999875,0.139694,0.139694,current_full_transition_expand0_f2_sh007
t140_low,140,low,0.13301756851316454,CURRENT,full_transition_expand0,2,139,139,True,True,10001011,3.6,0.0,0.0,1.88755e-05,104.49999999999875,0.133028,0.133028,current_full_transition_expand0_f2_sh007
t140_high,140,high,0.15293944351316452,CURRENT,full_transition_expand0,2,140,140,True,True,10001100,3.6,0.0,0.0,1.98755e-05,104.49999999999875,0.152949,0.152949,current_full_transition_expand0_f2_sh007
t141_low,141,low,0.14627267432025098,CURRENT,full_transition_expand0,2,140,140,True,True,10001100,3.6,0.0,0.0,2.08755e-05,104.49999999999875,0.146283,0.146283,current_full_transition_expand0_f2_sh007
t141_high,141,high,0.16619454932025096,CURRENT,full_transition_expand0,2,141,141,True,True,10001101,3.6,0.0,0.0,2.18755e-05,104.49999999999535,0.166205,0.166205,current_full_transition_expand0_f2_sh007
t142_low,142,low,0.15952778012733765,CURRENT,full_transition_expand0,2,141,141,True,True,10001101,3.6,0.0,0.0,2.28755e-05,104.49999999999535,0.159538,0.159538,current_full_transition_expand0_f2_sh007
t142_high,142,high,0.17944965512733763,CURRENT,full_transition_expand0,2,142,142,True,True,10001110,3.6,0.0,0.0,2.38755e-05,104.49999999999875,0.17946,0.17946,current_full_transition_expand0_f2_sh007
t143_low,143,low,0.1727828859344243,CURRENT,full_transition_expand0,2,142,142,True,True,10001110,3.6,0.0,0.0,2.48755e-05,104.49999999999875,0.172793,0.172793,current_full_transition_expand0_f2_sh007
t143_high,143,high,0.1927047609344243,CURRENT,full_transition_expand0,2,143,143,True,True,10001111,3.6,0.0,0.0,2.58755e-05,104.49999999999875,0.192715,0.192715,current_full_transition_expand0_f2_sh007
t145_low,145,low,0.19929309754859742,CURRENT,full_transition_expand0,2,144,144,True,True,10010000,3.6,0.0,0.0,2.68755e-05,104.49999999999875,0.199303,0.199303,current_full_transition_expand0_f2_sh007
t145_high,145,high,0.2192149725485974,CURRENT,full_transition_expand0,2,145,145,True,True,10010001,3.6,0.0,0.0,2.78755e-05,104.49999999999535,0.219225,0.219225,current_full_transition_expand0_f2_sh007
t146_low,146,low,0.21254820335568408,CURRENT,full_transition_expand0,2,145,145,True,True,10010001,3.6,0.0,0.0,2.88755e-05,104.49999999999535,0.212558,0.212558,current_full_transition_expand0_f2_sh007
t146_high,146,high,0.23247007835568406,CURRENT,full_transition_expand0,2,146,146,True,True,10010010,3.6,0.0,0.0,2.98755e-05,104.49999999999875,0.23248,0.23248,current_full_transition_expand0_f2_sh007
t147_low,147,low,0.22580330916277075,CURRENT,full_transition_expand0,2,146,146,True,True,10010010,3.6,0.0,0.0,3.08755e-05,104.49999999999875,0.225813,0.225813,current_full_transition_expand0_f2_sh007
t147_high,147,high,0.24572518416277073,CURRENT,full_transition_expand0,2,147,147,True,True,10010011,3.6,0.0,0.0,3.18755e-05,104.49999999999197,0.245735,0.245735,current_full_transition_expand0_f2_sh007
t111_low,111,low,-0.2513804998923474,CURRENT,full_transition_expand0,2,110,110,True,True,01101110,3.6,0.0,0.0,8.75479e-07,104.52099999999996,-0.251371,-0.251371,current_full_transition_expand0_f2_sh006
t111_high,111,high,-0.23145862489234742,CURRENT,full_transition_expand0,2,111,111,True,True,01101111,3.6,0.0,0.0,1.87548e-06,104.52000000000014,-0.231449,-0.231449,current_full_transition_expand0_f2_sh006
t113_low,113,low,-0.22487028827817407,CURRENT,full_transition_expand0,2,112,112,True,True,01110000,3.6,0.0,0.0,2.87548e-06,104.51999999999973,-0.22486,-0.22486,current_full_transition_expand0_f2_sh006
t113_high,113,high,-0.2049484132781741,CURRENT,full_transition_expand0,2,113,113,True,True,01110001,3.6,0.0,0.0,3.87548e-06,104.52000000000014,-0.204938,-0.204938,current_full_transition_expand0_f2_sh006
t114_low,114,low,-0.21161518247108763,CURRENT,full_transition_expand0,2,113,113,True,True,01110001,3.6,0.0,0.0,4.87548e-06,104.52000000000099,-0.211605,-0.211605,current_full_transition_expand0_f2_sh006
t114_high,114,high,-0.19169330747108765,CURRENT,full_transition_expand0,2,114,114,True,True,01110010,3.6,0.0,0.0,5.87548e-06,104.52000000000014,-0.191683,-0.191683,current_full_transition_expand0_f2_sh006
t115_low,115,low,-0.19836007666400096,CURRENT,full_transition_expand0,2,114,114,True,True,01110010,3.6,0.0,0.0,6.87548e-06,104.52000000000014,-0.19835,-0.19835,current_full_transition_expand0_f2_sh006
t115_high,115,high,-0.17843820166400098,CURRENT,full_transition_expand0,2,115,115,True,True,01110011,3.6,0.0,0.0,7.87548e-06,104.52000000000014,-0.178428,-0.178428,current_full_transition_expand0_f2_sh006
t116_low,116,low,-0.1851049708569143,CURRENT,full_transition_expand0,2,115,115,True,True,01110011,3.6,0.0,0.0,8.87548e-06,104.52000000000014,-0.185095,-0.185095,current_full_transition_expand0_f2_sh006
t116_high,116,high,-0.16518309585691432,CURRENT,full_transition_expand0,2,116,116,True,True,01110100,3.6,0.0,0.0,9.87548e-06,104.52000000000014,-0.165173,-0.165173,current_full_transition_expand0_f2_sh006
t117_low,117,low,-0.17184986504982763,CURRENT,full_transition_expand0,2,116,116,True,True,01110100,3.6,0.0,0.0,1.08755e-05,104.50000000000044,-0.17184,-0.17184,current_full_transition_expand0_f2_sh006
t117_high,117,high,-0.15192799004982765,CURRENT,full_transition_expand0,2,117,117,True,True,01110101,3.6,0.0,0.0,1.18755e-05,104.50000000000044,-0.151918,-0.151918,current_full_transition_expand0_f2_sh006
t118_low,118,low,-0.1585947592427412,CURRENT,full_transition_expand0,2,117,117,True,True,01110101,3.6,0.0,0.0,1.28755e-05,104.49999999999875,-0.158585,-0.158585,current_full_transition_expand0_f2_sh006
t118_high,118,high,-0.1386728842427412,CURRENT,full_transition_expand0,2,118,118,True,True,01110110,3.6,0.0,0.0,1.38755e-05,104.50000000000044,-0.138663,-0.138663,current_full_transition_expand0_f2_sh006
t119_low,119,low,-0.14533965343565453,CURRENT,full_transition_expand0,2,118,118,True,True,01110110,3.6,0.0,0.0,1.48755e-05,104.50000000000044,-0.14533,-0.14533,current_full_transition_expand0_f2_sh006
t119_high,119,high,-0.12541777843565455,CURRENT,full_transition_expand0,2,119,119,True,True,01110111,3.6,0.0,0.0,1.58755e-05,104.49999999999875,-0.125408,-0.125408,current_full_transition_expand0_f2_sh006
t120_low,120,low,-0.13208454762856786,CURRENT,full_transition_expand0,2,119,119,True,True,01110111,3.6,0.0,0.0,1.68755e-05,104.49999999999535,-0.132075,-0.132075,current_full_transition_expand0_f2_sh006
t120_high,120,high,-0.11216267262856787,CURRENT,full_transition_expand0,2,120,120,True,True,01111000,3.6,0.0,0.0,1.78755e-05,104.49999999999875,-0.112153,-0.112153,current_full_transition_expand0_f2_sh006
t121_low,121,low,-0.11882944182148121,CURRENT,full_transition_expand0,2,120,120,True,True,01111000,3.6,0.0,0.0,1.88755e-05,104.49999999999875,-0.118819,-0.118819,current_full_transition_expand0_f2_sh006
t121_high,121,high,-0.0989075668214812,CURRENT,full_transition_expand0,2,121,121,True,True,01111001,3.6,0.0,0.0,1.98755e-05,104.49999999999875,-0.0988976,-0.0988976,current_full_transition_expand0_f2_sh006
t122_low,122,low,-0.10557433601439455,CURRENT,full_transition_expand0,2,121,121,True,True,01111001,3.6,0.0,0.0,2.08755e-05,104.49999999999875,-0.105564,-0.105564,current_full_transition_expand0_f2_sh006
t122_high,122,high,-0.08565246101439454,CURRENT,full_transition_expand0,2,122,122,True,True,01111010,3.6,0.0,0.0,2.18755e-05,104.49999999999535,-0.0856425,-0.0856425,current_full_transition_expand0_f2_sh006
t123_low,123,low,-0.0923192302073081,CURRENT,full_transition_expand0,2,122,122,True,True,01111010,3.6,0.0,0.0,2.28755e-05,104.49999999999535,-0.0923092,-0.0923092,current_full_transition_expand0_f2_sh006
t123_high,123,high,-0.0723973552073081,CURRENT,full_transition_expand0,2,123,123,True,True,01111011,3.6,0.0,0.0,2.38755e-05,104.49999999999875,-0.0723874,-0.0723874,current_full_transition_expand0_f2_sh006
t124_low,124,low,-0.07906412440022144,CURRENT,full_transition_expand0,2,123,123,True,True,01111011,3.6,0.0,0.0,2.48755e-05,104.49999999999875,-0.0790541,-0.0790541,current_full_transition_expand0_f2_sh006
t124_high,124,high,-0.05914224940022143,CURRENT,full_transition_expand0,2,124,124,True,True,01111100,3.6,0.0,0.0,2.58755e-05,104.49999999999875,-0.0591322,-0.0591322,current_full_transition_expand0_f2_sh006
t125_low,125,low,-0.06580901859313477,CURRENT,full_transition_expand0,2,124,124,True,True,01111100,3.6,0.0,0.0,2.68755e-05,104.49999999999875,-0.065799,-0.065799,current_full_transition_expand0_f2_sh006
t125_high,125,high,-0.04588714359313477,CURRENT,full_transition_expand0,2,125,125,True,True,01111101,3.6,0.0,0.0,2.78755e-05,104.49999999999535,-0.0458771,-0.0458771,current_full_transition_expand0_f2_sh006
t126_low,126,low,-0.05255391278604811,CURRENT,full_transition_expand0,2,125,125,True,True,01111101,3.6,0.0,0.0,2.88755e-05,104.49999999999535,-0.0525439,-0.0525439,current_full_transition_expand0_f2_sh006
t126_high,126,high,-0.032632037786048104,CURRENT,full_transition_expand0,2,126,126,True,True,01111110,3.6,0.0,0.0,2.98755e-05,104.49999999999875,-0.032622,-0.032622,current_full_transition_expand0_f2_sh006
t130_low,130,low,0.00046651044229832975,CURRENT,full_transition_expand0,2,129,129,True,True,10000001,3.6,0.0,0.0,3.08755e-05,104.49999999999875,0.00047651,0.00047651,current_full_transition_expand0_f2_sh006
t130_high,130,high,0.02038838544229833,CURRENT,full_transition_expand0,2,130,130,True,True,10000010,3.6,0.0,0.0,3.18755e-05,104.49999999999197,0.0203984,0.0203984,current_full_transition_expand0_f2_sh006
t075_low,75,low,-0.7285643089474656,CURRENT,full_transition_expand0,2,74,74,True,True,01001010,3.6,0.0,0.0,8.7548e-07,104.51999999999994,-0.728554,-0.728554,current_full_transition_expand0_f2_sh004
t075_high,75,high,-0.7086424339474655,CURRENT,full_transition_expand0,2,75,75,True,True,01001011,3.6,0.0,0.0,1.87548e-06,104.52000000000014,-0.708632,-0.708632,current_full_transition_expand0_f2_sh004
t076_low,76,low,-0.715309203140379,CURRENT,full_transition_expand0,2,75,75,True,True,01001011,3.6,0.0,0.0,2.87548e-06,104.51999999999973,-0.715299,-0.715299,current_full_transition_expand0_f2_sh004
t076_high,76,high,-0.695387328140379,CURRENT,full_transition_expand0,2,76,76,True,True,01001100,3.6,0.0,0.0,3.87548e-06,104.52000000000014,-0.695377,-0.695377,current_full_transition_expand0_f2_sh004
t077_low,77,low,-0.7020540973332925,CURRENT,full_transition_expand0,2,76,76,True,True,01001100,3.6,0.0,0.0,4.87548e-06,104.52000000000099,-0.702044,-0.702044,current_full_transition_expand0_f2_sh004
t077_high,77,high,-0.6821322223332924,CURRENT,full_transition_expand0,2,77,77,True,True,01001101,3.6,0.0,0.0,5.87548e-06,104.52000000000014,-0.682122,-0.682122,current_full_transition_expand0_f2_sh004
t078_low,78,low,-0.6887989915262058,CURRENT,full_transition_expand0,2,77,77,True,True,01001101,3.6,0.0,0.0,6.87548e-06,104.52000000000014,-0.688789,-0.688789,current_full_transition_expand0_f2_sh004
t078_high,78,high,-0.6688771165262057,CURRENT,full_transition_expand0,2,78,78,True,True,01001110,3.6,0.0,0.0,7.87548e-06,104.52000000000014,-0.668867,-0.668867,current_full_transition_expand0_f2_sh004
t079_low,79,low,-0.6755438857191192,CURRENT,full_transition_expand0,2,78,78,True,True,01001110,3.6,0.0,0.0,8.87548e-06,104.52000000000014,-0.675534,-0.675534,current_full_transition_expand0_f2_sh004
t079_high,79,high,-0.6556220107191191,CURRENT,full_transition_expand0,2,79,79,True,True,01001111,3.6,0.0,0.0,9.87548e-06,104.52000000000014,-0.655612,-0.655612,current_full_transition_expand0_f2_sh004
t081_low,81,low,-0.6490336741049461,CURRENT,full_transition_expand0,2,80,80,True,True,01010000,3.6,0.0,0.0,1.08755e-05,104.50000000000044,-0.649024,-0.649024,current_full_transition_expand0_f2_sh004
t081_high,81,high,-0.629111799104946,CURRENT,full_transition_expand0,2,81,81,True,True,01010001,3.6,0.0,0.0,1.18755e-05,104.50000000000044,-0.629102,-0.629102,current_full_transition_expand0_f2_sh004
t082_low,82,low,-0.6357785682978594,CURRENT,full_transition_expand0,2,81,81,True,True,01010001,3.6,0.0,0.0,1.28755e-05,104.49999999999875,-0.635769,-0.635769,current_full_transition_expand0_f2_sh004
t082_high,82,high,-0.6158566932978593,CURRENT,full_transition_expand0,2,82,82,True,True,01010010,3.6,0.0,0.0,1.38755e-05,104.50000000000044,-0.615847,-0.615847,current_full_transition_expand0_f2_sh004
t083_low,83,low,-0.6225234624907727,CURRENT,full_transition_expand0,2,82,82,True,True,01010010,3.6,0.0,0.0,1.48755e-05,104.50000000000044,-0.622514,-0.622513,current_full_transition_expand0_f2_sh004
t083_high,83,high,-0.6026015874907726,CURRENT,full_transition_expand0,2,83,83,True,True,01010011,3.6,0.0,0.0,1.58755e-05,104.49999999999875,-0.602592,-0.602592,current_full_transition_expand0_f2_sh004
t084_low,84,low,-0.6092683566836861,CURRENT,full_transition_expand0,2,83,83,True,True,01010011,3.6,0.0,0.0,1.68755e-05,104.49999999999535,-0.609258,-0.609258,current_full_transition_expand0_f2_sh004
t084_high,84,high,-0.589346481683686,CURRENT,full_transition_expand0,2,84,84,True,True,01010100,3.6,0.0,0.0,1.78755e-05,104.49999999999875,-0.589337,-0.589337,current_full_transition_expand0_f2_sh004
t085_low,85,low,-0.5960132508765994,CURRENT,full_transition_expand0,2,84,84,True,True,01010100,3.6,0.0,0.0,1.88755e-05,104.49999999999875,-0.596003,-0.596003,current_full_transition_expand0_f2_sh004
t085_high,85,high,-0.5760913758765993,CURRENT,full_transition_expand0,2,85,85,True,True,01010101,3.6,0.0,0.0,1.98755e-05,104.49999999999875,-0.576081,-0.576081,current_full_transition_expand0_f2_sh004
t086_low,86,low,-0.582758145069513,CURRENT,full_transition_expand0,2,85,85,True,True,01010101,3.6,0.0,0.0,2.08755e-05,104.49999999999875,-0.582748,-0.582748,current_full_transition_expand0_f2_sh004
t086_high,86,high,-0.5628362700695129,CURRENT,full_transition_expand0,2,86,86,True,True,01010110,3.6,0.0,0.0,2.18755e-05,104.49999999999535,-0.562826,-0.562826,current_full_transition_expand0_f2_sh004
t087_low,87,low,-0.5695030392624263,CURRENT,full_transition_expand0,2,86,86,True,True,01010110,3.6,0.0,0.0,2.28755e-05,104.49999999999535,-0.569493,-0.569493,current_full_transition_expand0_f2_sh004
t087_high,87,high,-0.5495811642624262,CURRENT,full_transition_expand0,2,87,87,True,True,01010111,3.6,0.0,0.0,2.38755e-05,104.49999999999875,-0.549571,-0.549571,current_full_transition_expand0_f2_sh004
t088_low,88,low,-0.5562479334553396,CURRENT,full_transition_expand0,2,87,87,True,True,01010111,3.6,0.0,0.0,2.48755e-05,104.49999999999875,-0.556238,-0.556238,current_full_transition_expand0_f2_sh004
t088_high,88,high,-0.5363260584553395,CURRENT,full_transition_expand0,2,88,88,True,True,01011000,3.6,0.0,0.0,2.58755e-05,104.49999999999875,-0.536316,-0.536316,current_full_transition_expand0_f2_sh004
t089_low,89,low,-0.542992827648253,CURRENT,full_transition_expand0,2,88,88,True,True,01011000,3.6,0.0,0.0,2.68755e-05,104.49999999999875,-0.542983,-0.542983,current_full_transition_expand0_f2_sh004
t089_high,89,high,-0.5230709526482529,CURRENT,full_transition_expand0,2,89,89,True,True,01011001,3.6,0.0,0.0,2.78755e-05,104.49999999999535,-0.523061,-0.523061,current_full_transition_expand0_f2_sh004
t090_low,90,low,-0.5297377218411663,CURRENT,full_transition_expand0,2,89,89,True,True,01011001,3.6,0.0,0.0,2.88755e-05,104.49999999999535,-0.529728,-0.529728,current_full_transition_expand0_f2_sh004
t090_high,90,high,-0.5098158468411662,CURRENT,full_transition_expand0,2,90,90,True,True,01011010,3.6,0.0,0.0,2.98755e-05,104.49999999999875,-0.509806,-0.509806,current_full_transition_expand0_f2_sh004
t091_low,91,low,-0.5164826160340799,CURRENT,full_transition_expand0,2,90,90,True,True,01011010,3.6,0.0,0.0,3.08755e-05,104.49999999999875,-0.516473,-0.516473,current_full_transition_expand0_f2_sh004
t091_high,91,high,-0.4965607410340798,CURRENT,full_transition_expand0,2,91,91,True,True,01011011,3.6,0.0,0.0,3.18755e-05,104.49999999999197,-0.496551,-0.496551,current_full_transition_expand0_f2_sh004
t092_low,92,low,-0.5032275102269932,CURRENT,full_transition_expand0,2,91,91,True,True,01011011,3.6,0.0,0.0,8.75481e-07,104.5189999999999,-0.503218,-0.503218,current_full_transition_expand0_f2_sh005
t092_high,92,high,-0.48330563522699316,CURRENT,full_transition_expand0,2,92,92,True,True,01011100,3.6,0.0,0.0,1.87548e-06,104.52000000000014,-0.483296,-0.483296,current_full_transition_expand0_f2_sh005
t093_low,93,low,-0.48997240441990647,CURRENT,full_transition_expand0,2,92,92,True,True,01011100,3.6,0.0,0.0,2.87548e-06,104.51999999999973,-0.489962,-0.489962,current_full_transition_expand0_f2_sh005
t093_high,93,high,-0.4700505294199065,CURRENT,full_transition_expand0,2,93,93,True,True,01011101,3.6,0.0,0.0,3.87548e-06,104.52000000000014,-0.470041,-0.470041,current_full_transition_expand0_f2_sh005
t094_low,94,low,-0.4767172986128198,CURRENT,full_transition_expand0,2,93,93,True,True,01011101,3.6,0.0,0.0,4.87548e-06,104.52000000000099,-0.476707,-0.476707,current_full_transition_expand0_f2_sh005
t094_high,94,high,-0.45679542361281983,CURRENT,full_transition_expand0,2,94,94,True,True,01011110,3.6,0.0,0.0,5.87548e-06,104.52000000000014,-0.456785,-0.456785,current_full_transition_expand0_f2_sh005
t098_low,98,low,-0.42369687538447337,CURRENT,full_transition_expand0,2,97,97,True,True,01100001,3.6,0.0,0.0,6.87548e-06,104.52000000000014,-0.423687,-0.423687,current_full_transition_expand0_f2_sh005
t098_high,98,high,-0.4037750003844734,CURRENT,full_transition_expand0,2,98,98,True,True,01100010,3.6,0.0,0.0,7.87548e-06,104.52000000000014,-0.403765,-0.403765,current_full_transition_expand0_f2_sh005
t099_low,99,low,-0.4104417695773867,CURRENT,full_transition_expand0,2,98,98,True,True,01100010,3.6,0.0,0.0,8.87548e-06,104.52000000000014,-0.410432,-0.410432,current_full_transition_expand0_f2_sh005
t099_high,99,high,-0.39051989457738673,CURRENT,full_transition_expand0,2,99,99,True,True,01100011,3.6,0.0,0.0,9.87548e-06,104.52000000000014,-0.39051,-0.39051,current_full_transition_expand0_f2_sh005
t100_low,100,low,-0.39718666377030026,CURRENT,full_transition_expand0,2,99,99,True,True,01100011,3.6,0.0,0.0,1.08755e-05,104.50000000000044,-0.397177,-0.397177,current_full_transition_expand0_f2_sh005
t100_high,100,high,-0.3772647887703003,CURRENT,full_transition_expand0,2,100,100,True,True,01100100,3.6,0.0,0.0,1.18755e-05,104.50000000000044,-0.377255,-0.377255,current_full_transition_expand0_f2_sh005
t101_low,101,low,-0.3839315579632136,CURRENT,full_transition_expand0,2,100,100,True,True,01100100,3.6,0.0,0.0,1.28755e-05,104.49999999999875,-0.383922,-0.383922,current_full_transition_expand0_f2_sh005
t101_high,101,high,-0.3640096829632136,CURRENT,full_transition_expand0,2,101,101,True,True,01100101,3.6,0.0,0.0,1.38755e-05,104.50000000000044,-0.364,-0.364,current_full_transition_expand0_f2_sh005
t102_low,102,low,-0.37067645215612693,CURRENT,full_transition_expand0,2,101,101,True,True,01100101,3.6,0.0,0.0,1.48755e-05,104.50000000000044,-0.370667,-0.370666,current_full_transition_expand0_f2_sh005
t102_high,102,high,-0.35075457715612696,CURRENT,full_transition_expand0,2,102,102,True,True,01100110,3.6,0.0,0.0,1.58755e-05,104.49999999999875,-0.350745,-0.350745,current_full_transition_expand0_f2_sh005
t103_low,103,low,-0.35742134634904027,CURRENT,full_transition_expand0,2,102,102,True,True,01100110,3.6,0.0,0.0,1.68755e-05,104.49999999999535,-0.357411,-0.357411,current_full_transition_expand0_f2_sh005
t103_high,103,high,-0.3374994713490403,CURRENT,full_transition_expand0,2,103,103,True,True,01100111,3.6,0.0,0.0,1.78755e-05,104.49999999999875,-0.33749,-0.337489,current_full_transition_expand0_f2_sh005
t104_low,104,low,-0.3441662405419538,CURRENT,full_transition_expand0,2,103,103,True,True,01100111,3.6,0.0,0.0,1.88755e-05,104.49999999999875,-0.344156,-0.344156,current_full_transition_expand0_f2_sh005
t104_high,104,high,-0.32424436554195385,CURRENT,full_transition_expand0,2,104,104,True,True,01101000,3.6,0.0,0.0,1.98755e-05,104.49999999999875,-0.324234,-0.324234,current_full_transition_expand0_f2_sh005
t105_low,105,low,-0.33091113473486716,CURRENT,full_transition_expand0,2,104,104,True,True,01101000,3.6,0.0,0.0,2.08755e-05,104.49999999999875,-0.330901,-0.330901,current_full_transition_expand0_f2_sh005
t105_high,105,high,-0.3109892597348672,CURRENT,full_transition_expand0,2,105,105,True,True,01101001,3.6,0.0,0.0,2.18755e-05,104.49999999999535,-0.310979,-0.310979,current_full_transition_expand0_f2_sh005
t106_low,106,low,-0.3176560289277805,CURRENT,full_transition_expand0,2,105,105,True,True,01101001,3.6,0.0,0.0,2.28755e-05,104.49999999999535,-0.317646,-0.317646,current_full_transition_expand0_f2_sh005
t106_high,106,high,-0.2977341539277805,CURRENT,full_transition_expand0,2,106,106,True,True,01101010,3.6,0.0,0.0,2.38755e-05,104.49999999999875,-0.297724,-0.297724,current_full_transition_expand0_f2_sh005
t107_low,107,low,-0.30440092312069383,CURRENT,full_transition_expand0,2,106,106,True,True,01101010,3.6,0.0,0.0,2.48755e-05,104.49999999999875,-0.304391,-0.304391,current_full_transition_expand0_f2_sh005
t107_high,107,high,-0.28447904812069386,CURRENT,full_transition_expand0,2,107,107,True,True,01101011,3.6,0.0,0.0,2.58755e-05,104.49999999999875,-0.284469,-0.284469,current_full_transition_expand0_f2_sh005
t108_low,108,low,-0.29114581731360717,CURRENT,full_transition_expand0,2,107,107,True,True,01101011,3.6,0.0,0.0,2.68755e-05,104.49999999999875,-0.291136,-0.291136,current_full_transition_expand0_f2_sh005
t108_high,108,high,-0.2712239423136072,CURRENT,full_transition_expand0,2,108,108,True,True,01101100,3.6,0.0,0.0,2.78755e-05,104.49999999999535,-0.271214,-0.271214,current_full_transition_expand0_f2_sh005
t109_low,109,low,-0.2778907115065207,CURRENT,full_transition_expand0,2,108,108,True,True,01101100,3.6,0.0,0.0,2.88755e-05,104.49999999999535,-0.277881,-0.277881,current_full_transition_expand0_f2_sh005
t109_high,109,high,-0.25796883650652075,CURRENT,full_transition_expand0,2,109,109,True,True,01101101,3.6,0.0,0.0,2.98755e-05,104.49999999999875,-0.257959,-0.257959,current_full_transition_expand0_f2_sh005
t110_low,110,low,-0.26463560569943406,CURRENT,full_transition_expand0,2,109,109,True,True,01101101,3.6,0.0,0.0,3.08755e-05,104.49999999999875,-0.264626,-0.264626,current_full_transition_expand0_f2_sh005
t110_high,110,high,-0.24471373069943408,CURRENT,full_transition_expand0,2,110,110,True,True,01101110,3.6,0.0,0.0,3.18755e-05,104.49999999999197,-0.244704,-0.244704,current_full_transition_expand0_f2_sh005
t167_low,167,low,0.49090542530450315,CURRENT,full_transition_expand0,2,166,166,True,True,10100110,3.6,0.0,0.0,8.75478e-07,104.52199999999988,0.490915,0.490915,current_full_transition_expand0_f2_sh009
t167_high,167,high,0.5108273003045032,CURRENT,full_transition_expand0,2,167,167,True,True,10100111,3.6,0.0,0.0,1.87548e-06,104.52000000000014,0.510837,0.510837,current_full_transition_expand0_f2_sh009
t168_low,168,low,0.5041605311115898,CURRENT,full_transition_expand0,2,167,167,True,True,10100111,3.6,0.0,0.0,2.87548e-06,104.51999999999973,0.504171,0.504171,current_full_transition_expand0_f2_sh009
t168_high,168,high,0.5240824061115898,CURRENT,full_transition_expand0,2,168,168,True,True,10101000,3.6,0.0,0.0,3.87548e-06,104.52000000000014,0.524092,0.524092,current_full_transition_expand0_f2_sh009
t169_low,169,low,0.5174156369186764,CURRENT,full_transition_expand0,2,168,168,True,True,10101000,3.6,0.0,0.0,4.87548e-06,104.52000000000099,0.517426,0.517426,current_full_transition_expand0_f2_sh009
t169_high,169,high,0.5373375119186765,CURRENT,full_transition_expand0,2,169,169,True,True,10101001,3.6,0.0,0.0,5.87548e-06,104.52000000000014,0.537348,0.537348,current_full_transition_expand0_f2_sh009
t170_low,170,low,0.5306707427257631,CURRENT,full_transition_expand0,2,169,169,True,True,10101001,3.6,0.0,0.0,6.87548e-06,104.52000000000014,0.530681,0.530681,current_full_transition_expand0_f2_sh009
t170_high,170,high,0.5505926177257632,CURRENT,full_transition_expand0,2,170,170,True,True,10101010,3.6,0.0,0.0,7.87548e-06,104.52000000000014,0.550603,0.550603,current_full_transition_expand0_f2_sh009
t171_low,171,low,0.5439258485328493,CURRENT,full_transition_expand0,2,170,170,True,True,10101010,3.6,0.0,0.0,8.87548e-06,104.52000000000014,0.543936,0.543936,current_full_transition_expand0_f2_sh009
t171_high,171,high,0.5638477235328494,CURRENT,full_transition_expand0,2,171,171,True,True,10101011,3.6,0.0,0.0,9.87548e-06,104.52000000000014,0.563858,0.563858,current_full_transition_expand0_f2_sh009
t172_low,172,low,0.557180954339936,CURRENT,full_transition_expand0,2,171,171,True,True,10101011,3.6,0.0,0.0,1.08755e-05,104.50000000000044,0.557191,0.557191,current_full_transition_expand0_f2_sh009
t172_high,172,high,0.5771028293399361,CURRENT,full_transition_expand0,2,172,172,True,True,10101100,3.6,0.0,0.0,1.18755e-05,104.50000000000044,0.577113,0.577113,current_full_transition_expand0_f2_sh009
t173_low,173,low,0.5704360601470226,CURRENT,full_transition_expand0,2,172,172,True,True,10101100,3.6,0.0,0.0,1.28755e-05,104.49999999999875,0.570446,0.570446,current_full_transition_expand0_f2_sh009
t173_high,173,high,0.5903579351470227,CURRENT,full_transition_expand0,2,173,173,True,True,10101101,3.6,0.0,0.0,1.38755e-05,104.50000000000044,0.590368,0.590368,current_full_transition_expand0_f2_sh009
t174_low,174,low,0.5836911659541093,CURRENT,full_transition_expand0,2,173,173,True,True,10101101,3.6,0.0,0.0,1.48755e-05,104.50000000000044,0.583701,0.583701,current_full_transition_expand0_f2_sh009
t174_high,174,high,0.6036130409541094,CURRENT,full_transition_expand0,2,174,174,True,True,10101110,3.6,0.0,0.0,1.58755e-05,104.49999999999875,0.603623,0.603623,current_full_transition_expand0_f2_sh009
t175_low,175,low,0.596946271761196,CURRENT,full_transition_expand0,2,174,174,True,True,10101110,3.6,0.0,0.0,1.68755e-05,104.49999999999535,0.596956,0.596956,current_full_transition_expand0_f2_sh009
t175_high,175,high,0.6168681467611961,CURRENT,full_transition_expand0,2,175,175,True,True,10101111,3.6,0.0,0.0,1.78755e-05,104.49999999999875,0.616878,0.616878,current_full_transition_expand0_f2_sh009
t177_low,177,low,0.6234564833753693,CURRENT,full_transition_expand0,2,176,176,True,True,10110000,3.6,0.0,0.0,1.88755e-05,104.49999999999875,0.623467,0.623467,current_full_transition_expand0_f2_sh009
t177_high,177,high,0.6433783583753694,CURRENT,full_transition_expand0,2,177,177,True,True,10110001,3.6,0.0,0.0,1.98755e-05,104.49999999999875,0.643388,0.643388,current_full_transition_expand0_f2_sh009
t178_low,178,low,0.636711589182456,CURRENT,full_transition_expand0,2,177,177,True,True,10110001,3.6,0.0,0.0,2.08755e-05,104.49999999999875,0.636722,0.636722,current_full_transition_expand0_f2_sh009
t178_high,178,high,0.656633464182456,CURRENT,full_transition_expand0,2,178,178,True,True,10110010,3.6,0.0,0.0,2.18755e-05,104.49999999999535,0.656644,0.656643,current_full_transition_expand0_f2_sh009
t179_low,179,low,0.6499666949895426,CURRENT,full_transition_expand0,2,178,178,True,True,10110010,3.6,0.0,0.0,2.28755e-05,104.49999999999535,0.649977,0.649977,current_full_transition_expand0_f2_sh009
t179_high,179,high,0.6698885699895427,CURRENT,full_transition_expand0,2,179,179,True,True,10110011,3.6,0.0,0.0,2.38755e-05,104.49999999999875,0.669899,0.669899,current_full_transition_expand0_f2_sh009
t180_low,180,low,0.6632218007966288,CURRENT,full_transition_expand0,2,179,179,True,True,10110011,3.6,0.0,0.0,2.48755e-05,104.49999999999875,0.663232,0.663232,current_full_transition_expand0_f2_sh009
t180_high,180,high,0.6831436757966289,CURRENT,full_transition_expand0,2,180,180,True,True,10110100,3.6,0.0,0.0,2.58755e-05,104.49999999999875,0.683154,0.683154,current_full_transition_expand0_f2_sh009
t181_low,181,low,0.6764769066037155,CURRENT,full_transition_expand0,2,180,180,True,True,10110100,3.6,0.0,0.0,2.68755e-05,104.49999999999875,0.676487,0.676487,current_full_transition_expand0_f2_sh009
t181_high,181,high,0.6963987816037156,CURRENT,full_transition_expand0,2,181,181,True,True,10110101,3.6,0.0,0.0,2.78755e-05,104.49999999999535,0.696409,0.696409,current_full_transition_expand0_f2_sh009
t182_low,182,low,0.6897320124108022,CURRENT,full_transition_expand0,2,181,181,True,True,10110101,3.6,0.0,0.0,2.88755e-05,104.49999999999535,0.689742,0.689742,current_full_transition_expand0_f2_sh009
t182_high,182,high,0.7096538874108023,CURRENT,full_transition_expand0,2,182,182,True,True,10110110,3.6,0.0,0.0,2.98755e-05,104.49999999999875,0.709664,0.709664,current_full_transition_expand0_f2_sh009
t183_low,183,low,0.7029871182178888,CURRENT,full_transition_expand0,2,182,182,True,True,10110110,3.6,0.0,0.0,3.08755e-05,104.49999999999875,0.702997,0.702997,current_full_transition_expand0_f2_sh009
t183_high,183,high,0.7229089932178889,CURRENT,full_transition_expand0,2,183,183,True,True,10110111,3.6,0.0,0.0,3.18755e-05,104.49999999999197,0.722919,0.722919,current_full_transition_expand0_f2_sh009
t204_low,204,low,0.9813443401667079,CURRENT,full_transition_expand0,2,203,203,True,True,11001011,3.6,0.0,0.0,8.75479e-07,104.52099999999996,0.981354,0.981354,current_full_transition_expand0_f2_sh011
t204_high,204,high,1.001266215166708,CURRENT,full_transition_expand0,2,204,204,True,True,11001100,3.6,0.0,0.0,1.87548e-06,104.52000000000014,1.00128,1.00128,current_full_transition_expand0_f2_sh011
t205_low,205,low,0.9945994459737946,CURRENT,full_transition_expand0,2,204,204,True,True,11001100,3.6,0.0,0.0,2.87548e-06,104.51999999999973,0.994609,0.994609,current_full_transition_expand0_f2_sh011
t205_high,205,high,1.0145213209737947,CURRENT,full_transition_expand0,2,205,205,True,True,11001101,3.6,0.0,0.0,3.87548e-06,104.52000000000014,1.01453,1.01453,current_full_transition_expand0_f2_sh011
t206_low,206,low,1.0078545517808812,CURRENT,full_transition_expand0,2,205,205,True,True,11001101,3.6,0.0,0.0,4.87548e-06,104.52000000000099,1.00786,1.00786,current_full_transition_expand0_f2_sh011
t206_high,206,high,1.0277764267808813,CURRENT,full_transition_expand0,2,206,206,True,True,11001110,3.6,0.0,0.0,5.87548e-06,104.52000000000014,1.02779,1.02779,current_full_transition_expand0_f2_sh011
t207_low,207,low,1.0211096575879675,CURRENT,full_transition_expand0,2,206,206,True,True,11001110,3.6,0.0,0.0,6.87548e-06,104.52000000000014,1.02112,1.02112,current_full_transition_expand0_f2_sh011
t207_high,207,high,1.0410315325879675,CURRENT,full_transition_expand0,2,207,207,True,True,11001111,3.6,0.0,0.0,7.87548e-06,104.52000000000014,1.04104,1.04104,current_full_transition_expand0_f2_sh011
t209_low,209,low,1.0476198692021408,CURRENT,full_transition_expand0,2,208,208,True,True,11010000,3.6,0.0,0.0,8.87548e-06,104.52000000000014,1.04763,1.04763,current_full_transition_expand0_f2_sh011
t209_high,209,high,1.0675417442021409,CURRENT,full_transition_expand0,2,209,209,True,True,11010001,3.6,0.0,0.0,9.87548e-06,104.52000000000014,1.06755,1.06755,current_full_transition_expand0_f2_sh011
t210_low,210,low,1.0608749750092274,CURRENT,full_transition_expand0,2,209,209,True,True,11010001,3.6,0.0,0.0,1.08755e-05,104.50000000000044,1.06088,1.06088,current_full_transition_expand0_f2_sh011
t210_high,210,high,1.0807968500092275,CURRENT,full_transition_expand0,2,210,210,True,True,11010010,3.6,0.0,0.0,1.18755e-05,104.50000000000044,1.08081,1.08081,current_full_transition_expand0_f2_sh011
t211_low,211,low,1.0741300808163141,CURRENT,full_transition_expand0,2,210,210,True,True,11010010,3.6,0.0,0.0,1.28755e-05,104.49999999999875,1.07414,1.07414,current_full_transition_expand0_f2_sh011
t211_high,211,high,1.0940519558163142,CURRENT,full_transition_expand0,2,211,211,True,True,11010011,3.6,0.0,0.0,1.38755e-05,104.50000000000044,1.09406,1.09406,current_full_transition_expand0_f2_sh011
t212_low,212,low,1.0873851866234008,CURRENT,full_transition_expand0,2,211,211,True,True,11010011,3.6,0.0,0.0,1.48755e-05,104.50000000000044,1.0874,1.0874,current_full_transition_expand0_f2_sh011
t212_high,212,high,1.1073070616234009,CURRENT,full_transition_expand0,2,212,212,True,True,11010100,3.6,0.0,0.0,1.58755e-05,104.49999999999875,1.10732,1.10732,current_full_transition_expand0_f2_sh011
t213_low,213,low,1.1006402924304874,CURRENT,full_transition_expand0,2,212,212,True,True,11010100,3.6,0.0,0.0,1.68755e-05,104.49999999999535,1.10065,1.10065,current_full_transition_expand0_f2_sh011
t213_high,213,high,1.1205621674304875,CURRENT,full_transition_expand0,2,213,213,True,True,11010101,3.6,0.0,0.0,1.78755e-05,104.49999999999875,1.12057,1.12057,current_full_transition_expand0_f2_sh011
t214_low,214,low,1.113895398237574,CURRENT,full_transition_expand0,2,213,213,True,True,11010101,3.6,0.0,0.0,1.88755e-05,104.49999999999875,1.11391,1.11391,current_full_transition_expand0_f2_sh011
t214_high,214,high,1.1338172732375742,CURRENT,full_transition_expand0,2,214,214,True,True,11010110,3.6,0.0,0.0,1.98755e-05,104.49999999999875,1.13383,1.13383,current_full_transition_expand0_f2_sh011
t215_low,215,low,1.1271505040446608,CURRENT,full_transition_expand0,2,214,214,True,True,11010110,3.6,0.0,0.0,2.08755e-05,104.49999999999875,1.12716,1.12716,current_full_transition_expand0_f2_sh011
t215_high,215,high,1.1470723790446609,CURRENT,full_transition_expand0,2,215,215,True,True,11010111,3.6,0.0,0.0,2.18755e-05,104.49999999999535,1.14708,1.14708,current_full_transition_expand0_f2_sh011
t216_low,216,low,1.140405609851747,CURRENT,full_transition_expand0,2,215,215,True,True,11010111,3.6,0.0,0.0,2.28755e-05,104.49999999999535,1.14042,1.14042,current_full_transition_expand0_f2_sh011
t216_high,216,high,1.160327484851747,CURRENT,full_transition_expand0,2,216,216,True,True,11011000,3.6,0.0,0.0,2.38755e-05,104.49999999999875,1.16034,1.16034,current_full_transition_expand0_f2_sh011
t217_low,217,low,1.1536607156588337,CURRENT,full_transition_expand0,2,216,216,True,True,11011000,3.6,0.0,0.0,2.48755e-05,104.49999999999875,1.15367,1.15367,current_full_transition_expand0_f2_sh011
t217_high,217,high,1.1735825906588337,CURRENT,full_transition_expand0,2,217,217,True,True,11011001,3.6,0.0,0.0,2.58755e-05,104.49999999999875,1.17359,1.17359,current_full_transition_expand0_f2_sh011
t218_low,218,low,1.1669158214659203,CURRENT,full_transition_expand0,2,217,217,True,True,11011001,3.6,0.0,0.0,2.68755e-05,104.49999999999875,1.16693,1.16693,current_full_transition_expand0_f2_sh011
t218_high,218,high,1.1868376964659204,CURRENT,full_transition_expand0,2,218,218,True,True,11011010,3.6,0.0,0.0,2.78755e-05,104.49999999999535,1.18685,1.18685,current_full_transition_expand0_f2_sh011
t219_low,219,low,1.180170927273007,CURRENT,full_transition_expand0,2,218,218,True,True,11011010,3.6,0.0,0.0,2.88755e-05,104.49999999999535,1.18018,1.18018,current_full_transition_expand0_f2_sh011
t219_high,219,high,1.200092802273007,CURRENT,full_transition_expand0,2,219,219,True,True,11011011,3.6,0.0,0.0,2.98755e-05,104.49999999999875,1.2001,1.2001,current_full_transition_expand0_f2_sh011
t220_low,220,low,1.1934260330800937,CURRENT,full_transition_expand0,2,219,219,True,True,11011011,3.6,0.0,0.0,3.08755e-05,104.49999999999875,1.19344,1.19344,current_full_transition_expand0_f2_sh011
t220_high,220,high,1.2133479080800937,CURRENT,full_transition_expand0,2,220,220,True,True,11011100,3.6,0.0,0.0,3.18755e-05,104.49999999999197,1.21336,1.21336,current_full_transition_expand0_f2_sh011
t148_low,148,low,0.2390584149698574,CURRENT,full_transition_expand0,2,147,147,True,True,10010011,3.6,0.0,0.0,8.75479e-07,104.52099999999996,0.239068,0.239068,current_full_transition_expand0_f2_sh008
t148_high,148,high,0.2589802899698574,CURRENT,full_transition_expand0,2,148,148,True,True,10010100,3.6,0.0,0.0,1.87548e-06,104.52000000000014,0.25899,0.25899,current_full_transition_expand0_f2_sh008
t149_low,149,low,0.2523135207769441,CURRENT,full_transition_expand0,2,148,148,True,True,10010100,3.6,0.0,0.0,2.87548e-06,104.51999999999973,0.252324,0.252324,current_full_transition_expand0_f2_sh008
t149_high,149,high,0.27223539577694406,CURRENT,full_transition_expand0,2,149,149,True,True,10010101,3.6,0.0,0.0,3.87548e-06,104.52000000000014,0.272245,0.272245,current_full_transition_expand0_f2_sh008
t150_low,150,low,0.2655686265840305,CURRENT,full_transition_expand0,2,149,149,True,True,10010101,3.6,0.0,0.0,4.87548e-06,104.52000000000099,0.265579,0.265579,current_full_transition_expand0_f2_sh008
t150_high,150,high,0.2854905015840305,CURRENT,full_transition_expand0,2,150,150,True,True,10010110,3.6,0.0,0.0,5.87548e-06,104.52000000000014,0.285501,0.285501,current_full_transition_expand0_f2_sh008
t151_low,151,low,0.2788237323911172,CURRENT,full_transition_expand0,2,150,150,True,True,10010110,3.6,0.0,0.0,6.87548e-06,104.52000000000014,0.278834,0.278834,current_full_transition_expand0_f2_sh008
t151_high,151,high,0.29874560739111716,CURRENT,full_transition_expand0,2,151,151,True,True,10010111,3.6,0.0,0.0,7.87548e-06,104.52000000000014,0.298756,0.298756,current_full_transition_expand0_f2_sh008
t152_low,152,low,0.2920788381982036,CURRENT,full_transition_expand0,2,151,151,True,True,10010111,3.6,0.0,0.0,8.87548e-06,104.52000000000014,0.292089,0.292089,current_full_transition_expand0_f2_sh008
t152_high,152,high,0.3120007131982036,CURRENT,full_transition_expand0,2,152,152,True,True,10011000,3.6,0.0,0.0,9.87548e-06,104.52000000000014,0.312011,0.312011,current_full_transition_expand0_f2_sh008
t153_low,153,low,0.3053339440052903,CURRENT,full_transition_expand0,2,152,152,True,True,10011000,3.6,0.0,0.0,1.08755e-05,104.50000000000044,0.305344,0.305344,current_full_transition_expand0_f2_sh008
t153_high,153,high,0.32525581900529027,CURRENT,full_transition_expand0,2,153,153,True,True,10011001,3.6,0.0,0.0,1.18755e-05,104.50000000000044,0.325266,0.325266,current_full_transition_expand0_f2_sh008
t154_low,154,low,0.31858904981237696,CURRENT,full_transition_expand0,2,153,153,True,True,10011001,3.6,0.0,0.0,1.28755e-05,104.49999999999875,0.318599,0.318599,current_full_transition_expand0_f2_sh008
t154_high,154,high,0.33851092481237693,CURRENT,full_transition_expand0,2,154,154,True,True,10011010,3.6,0.0,0.0,1.38755e-05,104.50000000000044,0.338521,0.338521,current_full_transition_expand0_f2_sh008
t155_low,155,low,0.3318441556194636,CURRENT,full_transition_expand0,2,154,154,True,True,10011010,3.6,0.0,0.0,1.48755e-05,104.50000000000044,0.331854,0.331854,current_full_transition_expand0_f2_sh008
t155_high,155,high,0.3517660306194636,CURRENT,full_transition_expand0,2,155,155,True,True,10011011,3.6,0.0,0.0,1.58755e-05,104.49999999999875,0.351776,0.351776,current_full_transition_expand0_f2_sh008
t156_low,156,low,0.3450992614265503,CURRENT,full_transition_expand0,2,155,155,True,True,10011011,3.6,0.0,0.0,1.68755e-05,104.49999999999535,0.345109,0.345109,current_full_transition_expand0_f2_sh008
t156_high,156,high,0.36502113642655026,CURRENT,full_transition_expand0,2,156,156,True,True,10011100,3.6,0.0,0.0,1.78755e-05,104.49999999999875,0.365031,0.365031,current_full_transition_expand0_f2_sh008
t157_low,157,low,0.35835436723363695,CURRENT,full_transition_expand0,2,156,156,True,True,10011100,3.6,0.0,0.0,1.88755e-05,104.49999999999875,0.358364,0.358364,current_full_transition_expand0_f2_sh008
t157_high,157,high,0.37827624223363693,CURRENT,full_transition_expand0,2,157,157,True,True,10011101,3.6,0.0,0.0,1.98755e-05,104.49999999999875,0.378286,0.378286,current_full_transition_expand0_f2_sh008
t158_low,158,low,0.3716094730407236,CURRENT,full_transition_expand0,2,157,157,True,True,10011101,3.6,0.0,0.0,2.08755e-05,104.49999999999875,0.37162,0.371619,current_full_transition_expand0_f2_sh008
t158_high,158,high,0.3915313480407236,CURRENT,full_transition_expand0,2,158,158,True,True,10011110,3.6,0.0,0.0,2.18755e-05,104.49999999999535,0.391541,0.391541,current_full_transition_expand0_f2_sh008
t162_low,162,low,0.42462989626906983,CURRENT,full_transition_expand0,2,161,161,True,True,10100001,3.6,0.0,0.0,2.28755e-05,104.49999999999535,0.42464,0.42464,current_full_transition_expand0_f2_sh008
t162_high,162,high,0.4445517712690698,CURRENT,full_transition_expand0,2,162,162,True,True,10100010,3.6,0.0,0.0,2.38755e-05,104.49999999999875,0.444562,0.444562,current_full_transition_expand0_f2_sh008
t163_low,163,low,0.4378850020761565,CURRENT,full_transition_expand0,2,162,162,True,True,10100010,3.6,0.0,0.0,2.48755e-05,104.49999999999875,0.437895,0.437895,current_full_transition_expand0_f2_sh008
t163_high,163,high,0.45780687707615647,CURRENT,full_transition_expand0,2,163,163,True,True,10100011,3.6,0.0,0.0,2.58755e-05,104.49999999999875,0.457817,0.457817,current_full_transition_expand0_f2_sh008
t164_low,164,low,0.45114010788324316,CURRENT,full_transition_expand0,2,163,163,True,True,10100011,3.6,0.0,0.0,2.68755e-05,104.49999999999875,0.45115,0.45115,current_full_transition_expand0_f2_sh008
t164_high,164,high,0.47106198288324314,CURRENT,full_transition_expand0,2,164,164,True,True,10100100,3.6,0.0,0.0,2.78755e-05,104.49999999999535,0.471072,0.471072,current_full_transition_expand0_f2_sh008
t165_low,165,low,0.4643952136903298,CURRENT,full_transition_expand0,2,164,164,True,True,10100100,3.6,0.0,0.0,2.88755e-05,104.49999999999535,0.464405,0.464405,current_full_transition_expand0_f2_sh008
t165_high,165,high,0.4843170886903298,CURRENT,full_transition_expand0,2,165,165,True,True,10100101,3.6,0.0,0.0,2.98755e-05,104.49999999999875,0.484327,0.484327,current_full_transition_expand0_f2_sh008
t166_low,166,low,0.4776503194974165,CURRENT,full_transition_expand0,2,165,165,True,True,10100101,3.6,0.0,0.0,3.08755e-05,104.49999999999875,0.47766,0.47766,current_full_transition_expand0_f2_sh008
t166_high,166,high,0.49757219449741646,CURRENT,full_transition_expand0,2,166,166,True,True,10100110,3.6,0.0,0.0,3.18755e-05,104.49999999999197,0.497582,0.497582,current_full_transition_expand0_f2_sh008
t184_low,184,low,0.7162422240249755,CURRENT,full_transition_expand0,2,183,183,True,True,10110111,3.6,0.0,0.0,8.75481e-07,104.5189999999999,0.716252,0.716252,current_full_transition_expand0_f2_sh010
t184_high,184,high,0.7361640990249756,CURRENT,full_transition_expand0,2,184,184,True,True,10111000,3.6,0.0,0.0,1.87548e-06,104.52000000000014,0.736174,0.736174,current_full_transition_expand0_f2_sh010
t185_low,185,low,0.7294973298320622,CURRENT,full_transition_expand0,2,184,184,True,True,10111000,3.6,0.0,0.0,2.87548e-06,104.51999999999973,0.729507,0.729507,current_full_transition_expand0_f2_sh010
t185_high,185,high,0.7494192048320623,CURRENT,full_transition_expand0,2,185,185,True,True,10111001,3.6,0.0,0.0,3.87548e-06,104.52000000000014,0.749429,0.749429,current_full_transition_expand0_f2_sh010
t186_low,186,low,0.7427524356391488,CURRENT,full_transition_expand0,2,185,185,True,True,10111001,3.6,0.0,0.0,4.87548e-06,104.52000000000099,0.742762,0.742762,current_full_transition_expand0_f2_sh010
t186_high,186,high,0.7626743106391489,CURRENT,full_transition_expand0,2,186,186,True,True,10111010,3.6,0.0,0.0,5.87548e-06,104.52000000000014,0.762684,0.762684,current_full_transition_expand0_f2_sh010
t187_low,187,low,0.7560075414462355,CURRENT,full_transition_expand0,2,186,186,True,True,10111010,3.6,0.0,0.0,6.87548e-06,104.52000000000014,0.756018,0.756018,current_full_transition_expand0_f2_sh010
t187_high,187,high,0.7759294164462356,CURRENT,full_transition_expand0,2,187,187,True,True,10111011,3.6,0.0,0.0,7.87548e-06,104.52000000000014,0.775939,0.775939,current_full_transition_expand0_f2_sh010
t188_low,188,low,0.7692626472533222,CURRENT,full_transition_expand0,2,187,187,True,True,10111011,3.6,0.0,0.0,8.87548e-06,104.52000000000014,0.769273,0.769273,current_full_transition_expand0_f2_sh010
t188_high,188,high,0.7891845222533223,CURRENT,full_transition_expand0,2,188,188,True,True,10111100,3.6,0.0,0.0,9.87548e-06,104.52000000000014,0.789195,0.789195,current_full_transition_expand0_f2_sh010
t189_low,189,low,0.7825177530604084,CURRENT,full_transition_expand0,2,188,188,True,True,10111100,3.6,0.0,0.0,1.08755e-05,104.50000000000044,0.782528,0.782528,current_full_transition_expand0_f2_sh010
t189_high,189,high,0.8024396280604085,CURRENT,full_transition_expand0,2,189,189,True,True,10111101,3.6,0.0,0.0,1.18755e-05,104.50000000000044,0.80245,0.80245,current_full_transition_expand0_f2_sh010
t194_low,194,low,0.8487932820958417,CURRENT,full_transition_expand0,2,193,193,True,True,11000001,3.6,0.0,0.0,1.28755e-05,104.49999999999875,0.848803,0.848803,current_full_transition_expand0_f2_sh010
t194_high,194,high,0.8687151570958418,CURRENT,full_transition_expand0,2,194,194,True,True,11000010,3.6,0.0,0.0,1.38755e-05,104.50000000000044,0.868725,0.868725,current_full_transition_expand0_f2_sh010
t195_low,195,low,0.8620483879029284,CURRENT,full_transition_expand0,2,194,194,True,True,11000010,3.6,0.0,0.0,1.48755e-05,104.50000000000044,0.862058,0.862058,current_full_transition_expand0_f2_sh010
t195_high,195,high,0.8819702629029285,CURRENT,full_transition_expand0,2,195,195,True,True,11000011,3.6,0.0,0.0,1.58755e-05,104.49999999999875,0.88198,0.88198,current_full_transition_expand0_f2_sh010
t196_low,196,low,0.875303493710015,CURRENT,full_transition_expand0,2,195,195,True,True,11000011,3.6,0.0,0.0,1.68755e-05,104.49999999999535,0.875313,0.875313,current_full_transition_expand0_f2_sh010
t196_high,196,high,0.8952253687100151,CURRENT,full_transition_expand0,2,196,196,True,True,11000100,3.6,0.0,0.0,1.78755e-05,104.49999999999875,0.895235,0.895235,current_full_transition_expand0_f2_sh010
t197_low,197,low,0.8885585995171017,CURRENT,full_transition_expand0,2,196,196,True,True,11000100,3.6,0.0,0.0,1.88755e-05,104.49999999999875,0.888569,0.888569,current_full_transition_expand0_f2_sh010
t197_high,197,high,0.9084804745171018,CURRENT,full_transition_expand0,2,197,197,True,True,11000101,3.6,0.0,0.0,1.98755e-05,104.49999999999875,0.90849,0.90849,current_full_transition_expand0_f2_sh010
t198_low,198,low,0.9018137053241879,CURRENT,full_transition_expand0,2,197,197,True,True,11000101,3.6,0.0,0.0,2.08755e-05,104.49999999999875,0.901824,0.901824,current_full_transition_expand0_f2_sh010
t198_high,198,high,0.921735580324188,CURRENT,full_transition_expand0,2,198,198,True,True,11000110,3.6,0.0,0.0,2.18755e-05,104.49999999999535,0.921746,0.921746,current_full_transition_expand0_f2_sh010
t199_low,199,low,0.9150688111312746,CURRENT,full_transition_expand0,2,198,198,True,True,11000110,3.6,0.0,0.0,2.28755e-05,104.49999999999535,0.915079,0.915079,current_full_transition_expand0_f2_sh010
t199_high,199,high,0.9349906861312747,CURRENT,full_transition_expand0,2,199,199,True,True,11000111,3.6,0.0,0.0,2.38755e-05,104.49999999999875,0.935001,0.935001,current_full_transition_expand0_f2_sh010
t200_low,200,low,0.9283239169383612,CURRENT,full_transition_expand0,2,199,199,True,True,11000111,3.6,0.0,0.0,2.48755e-05,104.49999999999875,0.928334,0.928334,current_full_transition_expand0_f2_sh010
t200_high,200,high,0.9482457919383613,CURRENT,full_transition_expand0,2,200,200,True,True,11001000,3.6,0.0,0.0,2.58755e-05,104.49999999999875,0.948256,0.948256,current_full_transition_expand0_f2_sh010
t201_low,201,low,0.9415790227454479,CURRENT,full_transition_expand0,2,200,200,True,True,11001000,3.6,0.0,0.0,2.68755e-05,104.49999999999875,0.941589,0.941589,current_full_transition_expand0_f2_sh010
t201_high,201,high,0.961500897745448,CURRENT,full_transition_expand0,2,201,201,True,True,11001001,3.6,0.0,0.0,2.78755e-05,104.49999999999535,0.961511,0.961511,current_full_transition_expand0_f2_sh010
t202_low,202,low,0.9548341285525346,CURRENT,full_transition_expand0,2,201,201,True,True,11001001,3.6,0.0,0.0,2.88755e-05,104.49999999999535,0.954844,0.954844,current_full_transition_expand0_f2_sh010
t202_high,202,high,0.9747560035525347,CURRENT,full_transition_expand0,2,202,202,True,True,11001010,3.6,0.0,0.0,2.98755e-05,104.49999999999875,0.974766,0.974766,current_full_transition_expand0_f2_sh010
t203_low,203,low,0.9680892343596212,CURRENT,full_transition_expand0,2,202,202,True,True,11001010,3.6,0.0,0.0,3.08755e-05,104.49999999999875,0.968099,0.968099,current_full_transition_expand0_f2_sh010
t203_high,203,high,0.9880111093596213,CURRENT,full_transition_expand0,2,203,203,True,True,11001011,3.6,0.0,0.0,3.18755e-05,104.49999999999197,0.988021,0.988021,current_full_transition_expand0_f2_sh010
t240_low,240,low,1.458528149221826,CURRENT,full_transition_expand0,2,239,239,True,True,11101111,3.6,0.0,0.0,8.75482e-07,104.51799999999999,1.45854,1.45854,current_full_transition_expand0_f2_sh013
t240_high,240,high,1.4784500242218261,CURRENT,full_transition_expand0,2,240,240,True,True,11110000,3.6,0.0,0.0,1.87548e-06,104.52000000000014,1.47846,1.47846,current_full_transition_expand0_f2_sh013
t241_low,241,low,1.4717832550289127,CURRENT,full_transition_expand0,2,240,240,True,True,11110000,3.6,0.0,0.0,2.87548e-06,104.51999999999973,1.47179,1.47179,current_full_transition_expand0_f2_sh013
t241_high,241,high,1.4917051300289128,CURRENT,full_transition_expand0,2,241,241,True,True,11110001,3.6,0.0,0.0,3.87548e-06,104.52000000000014,1.49172,1.49172,current_full_transition_expand0_f2_sh013
t242_low,242,low,1.4850383608359994,CURRENT,full_transition_expand0,2,241,241,True,True,11110001,3.6,0.0,0.0,4.87548e-06,104.52000000000099,1.48505,1.48505,current_full_transition_expand0_f2_sh013
t242_high,242,high,1.5049602358359995,CURRENT,full_transition_expand0,2,242,242,True,True,11110010,3.6,0.0,0.0,5.87548e-06,104.52000000000014,1.50497,1.50497,current_full_transition_expand0_f2_sh013
t243_low,243,low,1.498293466643086,CURRENT,full_transition_expand0,2,242,242,True,True,11110010,3.6,0.0,0.0,6.87548e-06,104.52000000000014,1.4983,1.4983,current_full_transition_expand0_f2_sh013
t243_high,243,high,1.5182153416430861,CURRENT,full_transition_expand0,2,243,243,True,True,11110011,3.6,0.0,0.0,7.87548e-06,104.52000000000014,1.51823,1.51823,current_full_transition_expand0_f2_sh013
t244_low,244,low,1.5115485724501723,CURRENT,full_transition_expand0,2,243,243,True,True,11110011,3.6,0.0,0.0,8.87548e-06,104.52000000000014,1.51156,1.51156,current_full_transition_expand0_f2_sh013
t244_high,244,high,1.5314704474501724,CURRENT,full_transition_expand0,2,244,244,True,True,11110100,3.6,0.0,0.0,9.87548e-06,104.52000000000014,1.53148,1.53148,current_full_transition_expand0_f2_sh013
t245_low,245,low,1.524803678257259,CURRENT,full_transition_expand0,2,244,244,True,True,11110100,3.6,0.0,0.0,1.08755e-05,104.50000000000044,1.52481,1.52481,current_full_transition_expand0_f2_sh013
t245_high,245,high,1.544725553257259,CURRENT,full_transition_expand0,2,245,245,True,True,11110101,3.6,0.0,0.0,1.18755e-05,104.50000000000044,1.54474,1.54474,current_full_transition_expand0_f2_sh013
t246_low,246,low,1.5380587840643456,CURRENT,full_transition_expand0,2,245,245,True,True,11110101,3.6,0.0,0.0,1.28755e-05,104.49999999999875,1.53807,1.53807,current_full_transition_expand0_f2_sh013
t246_high,246,high,1.5579806590643457,CURRENT,full_transition_expand0,2,246,246,True,True,11110110,3.6,0.0,0.0,1.38755e-05,104.50000000000044,1.55799,1.55799,current_full_transition_expand0_f2_sh013
t247_low,247,low,1.5513138898714323,CURRENT,full_transition_expand0,2,246,246,True,True,11110110,3.6,0.0,0.0,1.48755e-05,104.50000000000044,1.55132,1.55132,current_full_transition_expand0_f2_sh013
t247_high,247,high,1.5712357648714323,CURRENT,full_transition_expand0,2,247,247,True,True,11110111,3.6,0.0,0.0,1.58755e-05,104.49999999999875,1.57125,1.57125,current_full_transition_expand0_f2_sh013
t248_low,248,low,1.564568995678519,CURRENT,full_transition_expand0,2,247,247,True,True,11110111,3.6,0.0,0.0,1.68755e-05,104.49999999999535,1.56458,1.56458,current_full_transition_expand0_f2_sh013
t248_high,248,high,1.584490870678519,CURRENT,full_transition_expand0,2,248,248,True,True,11111000,3.6,0.0,0.0,1.78755e-05,104.49999999999875,1.5845,1.5845,current_full_transition_expand0_f2_sh013
t249_low,249,low,1.5778241014856056,CURRENT,full_transition_expand0,2,248,248,True,True,11111000,3.6,0.0,0.0,1.88755e-05,104.49999999999875,1.57783,1.57783,current_full_transition_expand0_f2_sh013
t249_high,249,high,1.5977459764856057,CURRENT,full_transition_expand0,2,249,249,True,True,11111001,3.6,0.0,0.0,1.98755e-05,104.49999999999875,1.59776,1.59776,current_full_transition_expand0_f2_sh013
t250_low,250,low,1.5910792072926923,CURRENT,full_transition_expand0,2,249,249,True,True,11111001,3.6,0.0,0.0,2.08755e-05,104.49999999999875,1.59109,1.59109,current_full_transition_expand0_f2_sh013
t250_high,250,high,1.6110010822926923,CURRENT,full_transition_expand0,2,250,250,True,True,11111010,3.6,0.0,0.0,2.18755e-05,104.49999999999535,1.61101,1.61101,current_full_transition_expand0_f2_sh013
t251_low,251,low,1.604334313099779,CURRENT,full_transition_expand0,2,250,250,True,True,11111010,3.6,0.0,0.0,2.28755e-05,104.49999999999535,1.60434,1.60434,current_full_transition_expand0_f2_sh013
t251_high,251,high,1.624256188099779,CURRENT,full_transition_expand0,2,251,251,True,True,11111011,3.6,0.0,0.0,2.38755e-05,104.49999999999875,1.62427,1.62427,current_full_transition_expand0_f2_sh013
t252_low,252,low,1.6175894189068656,CURRENT,full_transition_expand0,2,251,251,True,True,11111011,3.6,0.0,0.0,2.48755e-05,104.49999999999875,1.6176,1.6176,current_full_transition_expand0_f2_sh013
t252_high,252,high,1.6375112939068657,CURRENT,full_transition_expand0,2,252,252,True,True,11111100,3.6,0.0,0.0,2.58755e-05,104.49999999999875,1.63752,1.63752,current_full_transition_expand0_f2_sh013
t253_low,253,low,1.6308445247139518,CURRENT,full_transition_expand0,2,252,252,True,True,11111100,3.6,0.0,0.0,2.68755e-05,104.49999999999875,1.63085,1.63085,current_full_transition_expand0_f2_sh013
t253_high,253,high,1.650766399713952,CURRENT,full_transition_expand0,2,253,253,True,True,11111101,3.6,0.0,0.0,2.78755e-05,104.49999999999535,1.65078,1.65078,current_full_transition_expand0_f2_sh013
t254_low,254,low,1.6440996305210385,CURRENT,full_transition_expand0,2,253,253,True,True,11111101,3.6,0.0,0.0,2.88755e-05,104.49999999999535,1.64411,1.64411,current_full_transition_expand0_f2_sh013
t254_high,254,high,1.6640215055210386,CURRENT,full_transition_expand0,2,254,254,True,True,11111110,3.6,0.0,0.0,2.98755e-05,104.49999999999875,1.66403,1.66403,current_full_transition_expand0_f2_sh013
t221_low,221,low,1.2066811388871803,CURRENT,full_transition_expand0,2,220,220,True,True,11011100,3.6,0.0,0.0,8.75482e-07,104.51799999999999,1.20669,1.20669,current_full_transition_expand0_f2_sh012
t221_high,221,high,1.2266030138871804,CURRENT,full_transition_expand0,2,221,221,True,True,11011101,3.6,0.0,0.0,1.87548e-06,104.52000000000014,1.22661,1.22661,current_full_transition_expand0_f2_sh012
t222_low,222,low,1.219936244694267,CURRENT,full_transition_expand0,2,221,221,True,True,11011101,3.6,0.0,0.0,2.87548e-06,104.51999999999973,1.21995,1.21995,current_full_transition_expand0_f2_sh012
t222_high,222,high,1.239858119694267,CURRENT,full_transition_expand0,2,222,222,True,True,11011110,3.6,0.0,0.0,3.87548e-06,104.52000000000014,1.23987,1.23987,current_full_transition_expand0_f2_sh012
t226_low,226,low,1.2729566679226132,CURRENT,full_transition_expand0,2,225,225,True,True,11100001,3.6,0.0,0.0,4.87548e-06,104.52000000000099,1.27297,1.27297,current_full_transition_expand0_f2_sh012
t226_high,226,high,1.2928785429226133,CURRENT,full_transition_expand0,2,226,226,True,True,11100010,3.6,0.0,0.0,5.87548e-06,104.52000000000014,1.29289,1.29289,current_full_transition_expand0_f2_sh012
t227_low,227,low,1.2862117737296999,CURRENT,full_transition_expand0,2,226,226,True,True,11100010,3.6,0.0,0.0,6.87548e-06,104.52000000000014,1.28622,1.28622,current_full_transition_expand0_f2_sh012
t227_high,227,high,1.3061336487297,CURRENT,full_transition_expand0,2,227,227,True,True,11100011,3.6,0.0,0.0,7.87548e-06,104.52000000000014,1.30614,1.30614,current_full_transition_expand0_f2_sh012
t228_low,228,low,1.2994668795367865,CURRENT,full_transition_expand0,2,227,227,True,True,11100011,3.6,0.0,0.0,8.87548e-06,104.52000000000014,1.29948,1.29948,current_full_transition_expand0_f2_sh012
t228_high,228,high,1.3193887545367866,CURRENT,full_transition_expand0,2,228,228,True,True,11100100,3.6,0.0,0.0,9.87548e-06,104.52000000000014,1.3194,1.3194,current_full_transition_expand0_f2_sh012
t229_low,229,low,1.3127219853438732,CURRENT,full_transition_expand0,2,228,228,True,True,11100100,3.6,0.0,0.0,1.08755e-05,104.50000000000044,1.31273,1.31273,current_full_transition_expand0_f2_sh012
t229_high,229,high,1.3326438603438733,CURRENT,full_transition_expand0,2,229,229,True,True,11100101,3.6,0.0,0.0,1.18755e-05,104.50000000000044,1.33265,1.33265,current_full_transition_expand0_f2_sh012
t230_low,230,low,1.3259770911509599,CURRENT,full_transition_expand0,2,229,229,True,True,11100101,3.6,0.0,0.0,1.28755e-05,104.49999999999875,1.32599,1.32599,current_full_transition_expand0_f2_sh012
t230_high,230,high,1.34589896615096,CURRENT,full_transition_expand0,2,230,230,True,True,11100110,3.6,0.0,0.0,1.38755e-05,104.50000000000044,1.34591,1.34591,current_full_transition_expand0_f2_sh012
t231_low,231,low,1.3392321969580465,CURRENT,full_transition_expand0,2,230,230,True,True,11100110,3.6,0.0,0.0,1.48755e-05,104.50000000000044,1.33924,1.33924,current_full_transition_expand0_f2_sh012
t231_high,231,high,1.3591540719580466,CURRENT,full_transition_expand0,2,231,231,True,True,11100111,3.6,0.0,0.0,1.58755e-05,104.49999999999875,1.35916,1.35916,current_full_transition_expand0_f2_sh012
t232_low,232,low,1.3524873027651332,CURRENT,full_transition_expand0,2,231,231,True,True,11100111,3.6,0.0,0.0,1.68755e-05,104.49999999999535,1.3525,1.3525,current_full_transition_expand0_f2_sh012
t232_high,232,high,1.3724091777651333,CURRENT,full_transition_expand0,2,232,232,True,True,11101000,3.6,0.0,0.0,1.78755e-05,104.49999999999875,1.37242,1.37242,current_full_transition_expand0_f2_sh012
t233_low,233,low,1.3657424085722198,CURRENT,full_transition_expand0,2,232,232,True,True,11101000,3.6,0.0,0.0,1.88755e-05,104.49999999999875,1.36575,1.36575,current_full_transition_expand0_f2_sh012
t233_high,233,high,1.38566428357222,CURRENT,full_transition_expand0,2,233,233,True,True,11101001,3.6,0.0,0.0,1.98755e-05,104.49999999999875,1.38567,1.38567,current_full_transition_expand0_f2_sh012
t234_low,234,low,1.3789975143793065,CURRENT,full_transition_expand0,2,233,233,True,True,11101001,3.6,0.0,0.0,2.08755e-05,104.49999999999875,1.37901,1.37901,current_full_transition_expand0_f2_sh012
t234_high,234,high,1.3989193893793066,CURRENT,full_transition_expand0,2,234,234,True,True,11101010,3.6,0.0,0.0,2.18755e-05,104.49999999999535,1.39893,1.39893,current_full_transition_expand0_f2_sh012
t235_low,235,low,1.3922526201863927,CURRENT,full_transition_expand0,2,234,234,True,True,11101010,3.6,0.0,0.0,2.28755e-05,104.49999999999535,1.39226,1.39226,current_full_transition_expand0_f2_sh012
t235_high,235,high,1.4121744951863928,CURRENT,full_transition_expand0,2,235,235,True,True,11101011,3.6,0.0,0.0,2.38755e-05,104.49999999999875,1.41218,1.41218,current_full_transition_expand0_f2_sh012
t236_low,236,low,1.4055077259934794,CURRENT,full_transition_expand0,2,235,235,True,True,11101011,3.6,0.0,0.0,2.48755e-05,104.49999999999875,1.40552,1.40552,current_full_transition_expand0_f2_sh012
t236_high,236,high,1.4254296009934795,CURRENT,full_transition_expand0,2,236,236,True,True,11101100,3.6,0.0,0.0,2.58755e-05,104.49999999999875,1.42544,1.42544,current_full_transition_expand0_f2_sh012
t237_low,237,low,1.418762831800566,CURRENT,full_transition_expand0,2,236,236,True,True,11101100,3.6,0.0,0.0,2.68755e-05,104.49999999999875,1.41877,1.41877,current_full_transition_expand0_f2_sh012
t237_high,237,high,1.4386847068005661,CURRENT,full_transition_expand0,2,237,237,True,True,11101101,3.6,0.0,0.0,2.78755e-05,104.49999999999535,1.43869,1.43869,current_full_transition_expand0_f2_sh012
t238_low,238,low,1.4320179376076527,CURRENT,full_transition_expand0,2,237,237,True,True,11101101,3.6,0.0,0.0,2.88755e-05,104.49999999999535,1.43203,1.43203,current_full_transition_expand0_f2_sh012
t238_high,238,high,1.4519398126076528,CURRENT,full_transition_expand0,2,238,238,True,True,11101110,3.6,0.0,0.0,2.98755e-05,104.49999999999875,1.45195,1.45195,current_full_transition_expand0_f2_sh012
t239_low,239,low,1.4452730434147394,CURRENT,full_transition_expand0,2,238,238,True,True,11101110,3.6,0.0,0.0,3.08755e-05,104.49999999999875,1.44528,1.44528,current_full_transition_expand0_f2_sh012
t239_high,239,high,1.4651949184147395,CURRENT,full_transition_expand0,2,239,239,True,True,11101111,3.6,0.0,0.0,3.18755e-05,104.49999999999197,1.4652,1.4652,current_full_transition_expand0_f2_sh012
t003_mid,3,mid,-1.6729709895577018,CURRENT,full_transition_bis00,2,2,2,True,True,00000010,3.6,0.0,0.0,8.75478e-07,104.52199999999988,-1.67296,-1.67296,current_full_transition_bis00_f2_sh000
t004_mid,4,mid,-1.6597158837506154,CURRENT,full_transition_bis00,2,3,3,True,True,00000011,3.6,0.0,0.0,1.87548e-06,104.52000000000014,-1.65971,-1.65971,current_full_transition_bis00_f2_sh000
t005_mid,5,mid,-1.6464607779435287,CURRENT,full_transition_bis00,2,4,4,True,True,00000100,3.6,0.0,0.0,2.87548e-06,104.51999999999973,-1.64645,-1.64645,current_full_transition_bis00_f2_sh000
t006_mid,6,mid,-1.633205672136442,CURRENT,full_transition_bis00,2,5,5,True,True,00000101,3.6,0.0,0.0,3.87548e-06,104.52000000000014,-1.6332,-1.6332,current_full_transition_bis00_f2_sh000
t007_mid,7,mid,-1.6199505663293554,CURRENT,full_transition_bis00,2,6,6,True,True,00000110,3.6,0.0,0.0,4.87548e-06,104.52000000000099,-1.61994,-1.61994,current_full_transition_bis00_f2_sh000
t008_mid,8,mid,-1.606695460522269,CURRENT,full_transition_bis00,2,8,8,True,True,00001000,3.6,0.0,0.0,5.87548e-06,104.52000000000014,-1.60669,-1.60669,current_full_transition_bis00_f2_sh000
t009_mid,9,mid,-1.5934403547151823,CURRENT,full_transition_bis00,2,9,9,True,True,00001001,3.6,0.0,0.0,6.87548e-06,104.52000000000014,-1.59343,-1.59343,current_full_transition_bis00_f2_sh000
t010_mid,10,mid,-1.5801852489080956,CURRENT,full_transition_bis00,2,9,9,True,True,00001001,3.6,0.0,0.0,7.87548e-06,104.52000000000014,-1.58018,-1.58018,current_full_transition_bis00_f2_sh000
t011_mid,11,mid,-1.566930143101009,CURRENT,full_transition_bis00,2,10,10,True,True,00001010,3.6,0.0,0.0,8.87548e-06,104.52000000000014,-1.56692,-1.56692,current_full_transition_bis00_f2_sh000
t012_mid,12,mid,-1.5536750372939223,CURRENT,full_transition_bis00,2,11,11,True,True,00001011,3.6,0.0,0.0,9.87548e-06,104.52000000000014,-1.55367,-1.55367,current_full_transition_bis00_f2_sh000
t013_mid,13,mid,-1.5404199314868359,CURRENT,full_transition_bis00,2,12,12,True,True,00001100,3.6,0.0,0.0,1.08755e-05,104.50000000000044,-1.54041,-1.54041,current_full_transition_bis00_f2_sh000
t014_mid,14,mid,-1.5271648256797492,CURRENT,full_transition_bis00,2,13,13,True,True,00001101,3.6,0.0,0.0,1.18755e-05,104.50000000000044,-1.52715,-1.52715,current_full_transition_bis00_f2_sh000
t015_mid,15,mid,-1.5139097198726625,CURRENT,full_transition_bis00,2,14,14,True,True,00001110,3.6,0.0,0.0,1.28755e-05,104.49999999999875,-1.5139,-1.5139,current_full_transition_bis00_f2_sh000
t017_mid,17,mid,-1.4873995082584894,CURRENT,full_transition_bis00,2,17,17,True,True,00010001,3.6,0.0,0.0,1.38755e-05,104.50000000000044,-1.48739,-1.48739,current_full_transition_bis00_f2_sh000
t018_mid,18,mid,-1.4741444024514028,CURRENT,full_transition_bis00,2,18,18,True,True,00010010,3.6,0.0,0.0,1.48755e-05,104.50000000000044,-1.47413,-1.47413,current_full_transition_bis00_f2_sh000
t019_mid,19,mid,-1.460889296644316,CURRENT,full_transition_bis00,2,18,18,True,True,00010010,3.6,0.0,0.0,1.58755e-05,104.49999999999875,-1.46088,-1.46088,current_full_transition_bis00_f2_sh000
t020_mid,20,mid,-1.4476341908372294,CURRENT,full_transition_bis00,2,19,19,True,True,00010011,3.6,0.0,0.0,1.68755e-05,104.49999999999535,-1.44762,-1.44762,current_full_transition_bis00_f2_sh000
t021_mid,21,mid,-1.4343790850301428,CURRENT,full_transition_bis00,2,20,20,True,True,00010100,3.6,0.0,0.0,1.78755e-05,104.49999999999875,-1.43437,-1.43437,current_full_transition_bis00_f2_sh000
t022_mid,22,mid,-1.421123979223056,CURRENT,full_transition_bis00,2,21,21,True,True,00010101,3.6,0.0,0.0,1.88755e-05,104.49999999999875,-1.42111,-1.42111,current_full_transition_bis00_f2_sh000
t023_mid,23,mid,-1.4078688734159697,CURRENT,full_transition_bis00,2,22,22,True,True,00010110,3.6,0.0,0.0,1.98755e-05,104.49999999999875,-1.40786,-1.40786,current_full_transition_bis00_f2_sh000
t024_mid,24,mid,-1.394613767608883,CURRENT,full_transition_bis00,2,24,24,True,True,00011000,3.6,0.0,0.0,2.08755e-05,104.49999999999875,-1.3946,-1.3946,current_full_transition_bis00_f2_sh000
t025_mid,25,mid,-1.3813586618017963,CURRENT,full_transition_bis00,2,25,25,True,True,00011001,3.6,0.0,0.0,2.18755e-05,104.49999999999535,-1.38135,-1.38135,current_full_transition_bis00_f2_sh000
t026_mid,26,mid,-1.36810355599471,CURRENT,full_transition_bis00,2,26,26,True,True,00011010,3.6,0.0,0.0,2.28755e-05,104.49999999999535,-1.36809,-1.36809,current_full_transition_bis00_f2_sh000
t027_mid,27,mid,-1.3548484501876232,CURRENT,full_transition_bis00,2,26,26,True,True,00011010,3.6,0.0,0.0,2.38755e-05,104.49999999999875,-1.35484,-1.35484,current_full_transition_bis00_f2_sh000
t028_mid,28,mid,-1.3415933443805366,CURRENT,full_transition_bis00,2,27,27,True,True,00011011,3.6,0.0,0.0,2.48755e-05,104.49999999999875,-1.34158,-1.34158,current_full_transition_bis00_f2_sh000
t029_mid,29,mid,-1.32833823857345,CURRENT,full_transition_bis00,2,28,28,True,True,00011100,3.6,0.0,0.0,2.58755e-05,104.49999999999875,-1.32833,-1.32833,current_full_transition_bis00_f2_sh000
t030_mid,30,mid,-1.3150831327663632,CURRENT,full_transition_bis00,2,29,29,True,True,00011101,3.6,0.0,0.0,2.68755e-05,104.49999999999875,-1.31507,-1.31507,current_full_transition_bis00_f2_sh000
t034_mid,34,mid,-1.2620627095380168,CURRENT,full_transition_bis00,2,33,33,True,True,00100001,3.6,0.0,0.0,2.78755e-05,104.49999999999535,-1.26205,-1.26205,current_full_transition_bis00_f2_sh000
t035_mid,35,mid,-1.2488076037309304,CURRENT,full_transition_bis00,2,34,34,True,True,00100010,3.6,0.0,0.0,2.88755e-05,104.49999999999535,-1.2488,-1.2488,current_full_transition_bis00_f2_sh000
t036_mid,36,mid,-1.2355524979238437,CURRENT,full_transition_bis00,2,35,35,True,True,00100011,3.6,0.0,0.0,2.98755e-05,104.49999999999875,-1.23554,-1.23554,current_full_transition_bis00_f2_sh000
t037_mid,37,mid,-1.222297392116757,CURRENT,full_transition_bis00,2,36,36,True,True,00100100,3.6,0.0,0.0,3.08755e-05,104.49999999999875,-1.22229,-1.22229,current_full_transition_bis00_f2_sh000
t038_mid,38,mid,-1.2090422863096704,CURRENT,full_transition_bis00,2,37,37,True,True,00100101,3.6,0.0,0.0,3.18755e-05,104.49999999999197,-1.20903,-1.20903,current_full_transition_bis00_f2_sh000
t039_mid,39,mid,-1.1957871805025837,CURRENT,full_transition_bis00,2,38,38,True,True,00100110,3.6,0.0,0.0,8.75482e-07,104.51799999999999,-1.19578,-1.19578,current_full_transition_bis00_f2_sh001
t040_mid,40,mid,-1.182532074695497,CURRENT,full_transition_bis00,2,39,39,True,True,00100111,3.6,0.0,0.0,1.87548e-06,104.52000000000014,-1.18252,-1.18252,current_full_transition_bis00_f2_sh001
t041_mid,41,mid,-1.1692769688884106,CURRENT,full_transition_bis00,2,40,40,True,True,00101000,3.6,0.0,0.0,2.87548e-06,104.51999999999973,-1.16927,-1.16927,current_full_transition_bis00_f2_sh001
t042_mid,42,mid,-1.156021863081324,CURRENT,full_transition_bis00,2,41,41,True,True,00101001,3.6,0.0,0.0,3.87548e-06,104.52000000000014,-1.15601,-1.15601,current_full_transition_bis00_f2_sh001
t043_mid,43,mid,-1.1427667572742373,CURRENT,full_transition_bis00,2,42,42,True,True,00101010,3.6,0.0,0.0,4.87548e-06,104.52000000000099,-1.14276,-1.14276,current_full_transition_bis00_f2_sh001
t044_mid,44,mid,-1.1295116514671508,CURRENT,full_transition_bis00,2,43,43,True,True,00101011,3.6,0.0,0.0,5.87548e-06,104.52000000000014,-1.1295,-1.1295,current_full_transition_bis00_f2_sh001
t045_mid,45,mid,-1.1162565456600642,CURRENT,full_transition_bis00,2,44,44,True,True,00101100,3.6,0.0,0.0,6.87548e-06,104.52000000000014,-1.11625,-1.11625,current_full_transition_bis00_f2_sh001
t046_mid,46,mid,-1.1030014398529775,CURRENT,full_transition_bis00,2,45,45,True,True,00101101,3.6,0.0,0.0,7.87548e-06,104.52000000000014,-1.10299,-1.10299,current_full_transition_bis00_f2_sh001
t047_mid,47,mid,-1.0897463340458908,CURRENT,full_transition_bis00,2,46,46,True,True,00101110,3.6,0.0,0.0,8.87548e-06,104.52000000000014,-1.08974,-1.08974,current_full_transition_bis00_f2_sh001
t049_mid,49,mid,-1.0632361224317175,CURRENT,full_transition_bis00,2,48,48,True,True,00110000,3.6,0.0,0.0,9.87548e-06,104.52000000000014,-1.06323,-1.06323,current_full_transition_bis00_f2_sh001
t050_mid,50,mid,-1.0499810166246308,CURRENT,full_transition_bis00,2,49,49,True,True,00110001,3.6,0.0,0.0,1.08755e-05,104.50000000000044,-1.04997,-1.04997,current_full_transition_bis00_f2_sh001
t051_mid,51,mid,-1.0367259108175444,CURRENT,full_transition_bis00,2,50,50,True,True,00110010,3.6,0.0,0.0,1.18755e-05,104.50000000000044,-1.03672,-1.03672,current_full_transition_bis00_f2_sh001
t052_mid,52,mid,-1.0234708050104577,CURRENT,full_transition_bis00,2,51,51,True,True,00110011,3.6,0.0,0.0,1.28755e-05,104.49999999999875,-1.02346,-1.02346,current_full_transition_bis00_f2_sh001
t053_mid,53,mid,-1.0102156992033713,CURRENT,full_transition_bis00,2,52,52,True,True,00110100,3.6,0.0,0.0,1.38755e-05,104.50000000000044,-1.01021,-1.01021,current_full_transition_bis00_f2_sh001
t054_mid,54,mid,-0.9969605933962844,CURRENT,full_transition_bis00,2,53,53,True,True,00110101,3.6,0.0,0.0,1.48755e-05,104.50000000000044,-0.996951,-0.996951,current_full_transition_bis00_f2_sh001
t055_mid,55,mid,-0.983705487589198,CURRENT,full_transition_bis00,2,54,54,True,True,00110110,3.6,0.0,0.0,1.58755e-05,104.49999999999875,-0.983695,-0.983695,current_full_transition_bis00_f2_sh001
t056_mid,56,mid,-0.9704503817821113,CURRENT,full_transition_bis00,2,55,55,True,True,00110111,3.6,0.0,0.0,1.68755e-05,104.49999999999535,-0.97044,-0.97044,current_full_transition_bis00_f2_sh001
t057_mid,57,mid,-0.9571952759750246,CURRENT,full_transition_bis00,2,56,56,True,True,00111000,3.6,0.0,0.0,1.78755e-05,104.49999999999875,-0.957185,-0.957185,current_full_transition_bis00_f2_sh001
t058_mid,58,mid,-0.9439401701679381,CURRENT,full_transition_bis00,2,57,57,True,True,00111001,3.6,0.0,0.0,1.88755e-05,104.49999999999875,-0.94393,-0.94393,current_full_transition_bis00_f2_sh001
t059_mid,59,mid,-0.9306850643608514,CURRENT,full_transition_bis00,2,58,58,True,True,00111010,3.6,0.0,0.0,1.98755e-05,104.49999999999875,-0.930675,-0.930675,current_full_transition_bis00_f2_sh001
t060_mid,60,mid,-0.9174299585537649,CURRENT,full_transition_bis00,2,59,59,True,True,00111011,3.6,0.0,0.0,2.08755e-05,104.49999999999875,-0.91742,-0.91742,current_full_transition_bis00_f2_sh001
t061_mid,61,mid,-0.9041748527466782,CURRENT,full_transition_bis00,2,60,60,True,True,00111100,3.6,0.0,0.0,2.18755e-05,104.49999999999535,-0.904165,-0.904165,current_full_transition_bis00_f2_sh001
t062_mid,62,mid,-0.8909197469395916,CURRENT,full_transition_bis00,2,61,61,True,True,00111101,3.6,0.0,0.0,2.28755e-05,104.49999999999535,-0.89091,-0.89091,current_full_transition_bis00_f2_sh001
t066_mid,66,mid,-0.8378993237112451,CURRENT,full_transition_bis00,2,65,65,True,True,01000001,3.6,0.0,0.0,2.38755e-05,104.49999999999875,-0.837889,-0.837889,current_full_transition_bis00_f2_sh001
t067_mid,67,mid,-0.8246442179041585,CURRENT,full_transition_bis00,2,66,66,True,True,01000010,3.6,0.0,0.0,2.48755e-05,104.49999999999875,-0.824634,-0.824634,current_full_transition_bis00_f2_sh001
t068_mid,68,mid,-0.8113891120970719,CURRENT,full_transition_bis00,2,67,67,True,True,01000011,3.6,0.0,0.0,2.58755e-05,104.49999999999875,-0.811379,-0.811379,current_full_transition_bis00_f2_sh001
t069_mid,69,mid,-0.7981340062899853,CURRENT,full_transition_bis00,2,68,68,True,True,01000100,3.6,0.0,0.0,2.68755e-05,104.49999999999875,-0.798124,-0.798124,current_full_transition_bis00_f2_sh001
t070_mid,70,mid,-0.7848789004828987,CURRENT,full_transition_bis00,2,69,69,True,True,01000101,3.6,0.0,0.0,2.78755e-05,104.49999999999535,-0.784869,-0.784869,current_full_transition_bis00_f2_sh001
t071_mid,71,mid,-0.7716237946758121,CURRENT,full_transition_bis00,2,70,70,True,True,01000110,3.6,0.0,0.0,2.88755e-05,104.49999999999535,-0.771614,-0.771614,current_full_transition_bis00_f2_sh001
t072_mid,72,mid,-0.7583686888687254,CURRENT,full_transition_bis00,2,71,71,True,True,01000111,3.6,0.0,0.0,2.98755e-05,104.49999999999875,-0.758359,-0.758359,current_full_transition_bis00_f2_sh001
t073_mid,73,mid,-0.7451135830616389,CURRENT,full_transition_bis00,2,72,72,True,True,01001000,3.6,0.0,0.0,3.08755e-05,104.49999999999875,-0.745104,-0.745104,current_full_transition_bis00_f2_sh001
t074_mid,74,mid,-0.7318584772545522,CURRENT,full_transition_bis00,2,73,73,True,True,01001001,3.6,0.0,0.0,3.18755e-05,104.49999999999197,-0.731849,-0.731848,current_full_transition_bis00_f2_sh001
t075_mid,75,mid,-0.7186033714474656,CURRENT,full_transition_bis00,2,74,74,True,True,01001010,3.6,0.0,0.0,8.7548e-07,104.51999999999994,-0.718593,-0.718593,current_full_transition_bis00_f2_sh002
t076_mid,76,mid,-0.705348265640379,CURRENT,full_transition_bis00,2,75,75,True,True,01001011,3.6,0.0,0.0,1.87548e-06,104.52000000000014,-0.705338,-0.705338,current_full_transition_bis00_f2_sh002
t077_mid,77,mid,-0.6920931598332924,CURRENT,full_transition_bis00,2,76,76,True,True,01001100,3.6,0.0,0.0,2.87548e-06,104.51999999999973,-0.692083,-0.692083,current_full_transition_bis00_f2_sh002
t078_mid,78,mid,-0.6788380540262058,CURRENT,full_transition_bis00,2,77,77,True,True,01001101,3.6,0.0,0.0,3.87548e-06,104.52000000000014,-0.678828,-0.678828,current_full_transition_bis00_f2_sh002
t079_mid,79,mid,-0.6655829482191191,CURRENT,full_transition_bis00,2,78,78,True,True,01001110,3.6,0.0,0.0,4.87548e-06,104.52000000000099,-0.665573,-0.665573,current_full_transition_bis00_f2_sh002
t081_mid,81,mid,-0.639072736604946,CURRENT,full_transition_bis00,2,80,80,True,True,01010000,3.6,0.0,0.0,5.87548e-06,104.52000000000014,-0.639063,-0.639063,current_full_transition_bis00_f2_sh002
t082_mid,82,mid,-0.6258176307978593,CURRENT,full_transition_bis00,2,81,81,True,True,01010001,3.6,0.0,0.0,6.87548e-06,104.52000000000014,-0.625808,-0.625808,current_full_transition_bis00_f2_sh002
t083_mid,83,mid,-0.6125625249907727,CURRENT,full_transition_bis00,2,82,82,True,True,01010010,3.6,0.0,0.0,7.87548e-06,104.52000000000014,-0.612553,-0.612553,current_full_transition_bis00_f2_sh002
t084_mid,84,mid,-0.599307419183686,CURRENT,full_transition_bis00,2,83,83,True,True,01010011,3.6,0.0,0.0,8.87548e-06,104.52000000000014,-0.599297,-0.599297,current_full_transition_bis00_f2_sh002
t085_mid,85,mid,-0.5860523133765994,CURRENT,full_transition_bis00,2,84,84,True,True,01010100,3.6,0.0,0.0,9.87548e-06,104.52000000000014,-0.586042,-0.586042,current_full_transition_bis00_f2_sh002
t086_mid,86,mid,-0.5727972075695129,CURRENT,full_transition_bis00,2,85,85,True,True,01010101,3.6,0.0,0.0,1.08755e-05,104.50000000000044,-0.572787,-0.572787,current_full_transition_bis00_f2_sh002
t087_mid,87,mid,-0.5595421017624262,CURRENT,full_transition_bis00,2,86,86,True,True,01010110,3.6,0.0,0.0,1.18755e-05,104.50000000000044,-0.559532,-0.559532,current_full_transition_bis00_f2_sh002
t088_mid,88,mid,-0.5462869959553396,CURRENT,full_transition_bis00,2,87,87,True,True,01010111,3.6,0.0,0.0,1.28755e-05,104.49999999999875,-0.546277,-0.546277,current_full_transition_bis00_f2_sh002
t089_mid,89,mid,-0.5330318901482529,CURRENT,full_transition_bis00,2,88,88,True,True,01011000,3.6,0.0,0.0,1.38755e-05,104.50000000000044,-0.533022,-0.533022,current_full_transition_bis00_f2_sh002
t090_mid,90,mid,-0.5197767843411663,CURRENT,full_transition_bis00,2,89,89,True,True,01011001,3.6,0.0,0.0,1.48755e-05,104.50000000000044,-0.519767,-0.519767,current_full_transition_bis00_f2_sh002
t091_mid,91,mid,-0.5065216785340798,CURRENT,full_transition_bis00,2,90,90,True,True,01011010,3.6,0.0,0.0,1.58755e-05,104.49999999999875,-0.506512,-0.506512,current_full_transition_bis00_f2_sh002
t092_mid,92,mid,-0.49326657272699315,CURRENT,full_transition_bis00,2,91,91,True,True,01011011,3.6,0.0,0.0,1.68755e-05,104.49999999999535,-0.493257,-0.493257,current_full_transition_bis00_f2_sh002
t093_mid,93,mid,-0.4800114669199065,CURRENT,full_transition_bis00,2,92,92,True,True,01011100,3.6,0.0,0.0,1.78755e-05,104.49999999999875,-0.480002,-0.480001,current_full_transition_bis00_f2_sh002
t094_mid,94,mid,-0.4667563611128198,CURRENT,full_transition_bis00,2,93,93,True,True,01011101,3.6,0.0,0.0,1.88755e-05,104.49999999999875,-0.466746,-0.466746,current_full_transition_bis00_f2_sh002
t098_mid,98,mid,-0.4137359378844734,CURRENT,full_transition_bis00,2,97,97,True,True,01100001,3.6,0.0,0.0,1.98755e-05,104.49999999999875,-0.413726,-0.413726,current_full_transition_bis00_f2_sh002
t099_mid,99,mid,-0.4004808320773867,CURRENT,full_transition_bis00,2,98,98,True,True,01100010,3.6,0.0,0.0,2.08755e-05,104.49999999999875,-0.400471,-0.400471,current_full_transition_bis00_f2_sh002
t100_mid,100,mid,-0.3872257262703003,CURRENT,full_transition_bis00,2,99,99,True,True,01100011,3.6,0.0,0.0,2.18755e-05,104.49999999999535,-0.387216,-0.387216,current_full_transition_bis00_f2_sh002
t101_mid,101,mid,-0.3739706204632136,CURRENT,full_transition_bis00,2,100,100,True,True,01100100,3.6,0.0,0.0,2.28755e-05,104.49999999999535,-0.373961,-0.373961,current_full_transition_bis00_f2_sh002
t102_mid,102,mid,-0.36071551465612695,CURRENT,full_transition_bis00,2,101,101,True,True,01100101,3.6,0.0,0.0,2.38755e-05,104.49999999999875,-0.360706,-0.360706,current_full_transition_bis00_f2_sh002
t103_mid,103,mid,-0.3474604088490403,CURRENT,full_transition_bis00,2,102,102,True,True,01100110,3.6,0.0,0.0,2.48755e-05,104.49999999999875,-0.34745,-0.34745,current_full_transition_bis00_f2_sh002
t104_mid,104,mid,-0.33420530304195384,CURRENT,full_transition_bis00,2,103,103,True,True,01100111,3.6,0.0,0.0,2.58755e-05,104.49999999999875,-0.334195,-0.334195,current_full_transition_bis00_f2_sh002
t105_mid,105,mid,-0.3209501972348672,CURRENT,full_transition_bis00,2,104,104,True,True,01101000,3.6,0.0,0.0,2.68755e-05,104.49999999999875,-0.32094,-0.32094,current_full_transition_bis00_f2_sh002
t106_mid,106,mid,-0.3076950914277805,CURRENT,full_transition_bis00,2,105,105,True,True,01101001,3.6,0.0,0.0,2.78755e-05,104.49999999999535,-0.307685,-0.307685,current_full_transition_bis00_f2_sh002
t107_mid,107,mid,-0.29443998562069384,CURRENT,full_transition_bis00,2,106,106,True,True,01101010,3.6,0.0,0.0,2.88755e-05,104.49999999999535,-0.29443,-0.29443,current_full_transition_bis00_f2_sh002
t108_mid,108,mid,-0.2811848798136072,CURRENT,full_transition_bis00,2,107,107,True,True,01101011,3.6,0.0,0.0,2.98755e-05,104.49999999999875,-0.281175,-0.281175,current_full_transition_bis00_f2_sh002
t109_mid,109,mid,-0.26792977400652074,CURRENT,full_transition_bis00,2,108,108,True,True,01101100,3.6,0.0,0.0,3.08755e-05,104.49999999999875,-0.26792,-0.26792,current_full_transition_bis00_f2_sh002
t110_mid,110,mid,-0.2546746681994341,CURRENT,full_transition_bis00,2,109,109,True,True,01101101,3.6,0.0,0.0,3.18755e-05,104.49999999999197,-0.254665,-0.254665,current_full_transition_bis00_f2_sh002
t111_mid,111,mid,-0.2414195623923474,CURRENT,full_transition_bis00,2,110,110,True,True,01101110,3.6,0.0,0.0,8.75479e-07,104.52099999999996,-0.24141,-0.24141,current_full_transition_bis00_f2_sh003
t113_mid,113,mid,-0.21490935077817408,CURRENT,full_transition_bis00,2,112,112,True,True,01110000,3.6,0.0,0.0,1.87548e-06,104.52000000000014,-0.214899,-0.214899,current_full_transition_bis00_f2_sh003
t114_mid,114,mid,-0.20165424497108764,CURRENT,full_transition_bis00,2,113,113,True,True,01110001,3.6,0.0,0.0,2.87548e-06,104.51999999999973,-0.201644,-0.201644,current_full_transition_bis00_f2_sh003
t115_mid,115,mid,-0.18839913916400097,CURRENT,full_transition_bis00,2,114,114,True,True,01110010,3.6,0.0,0.0,3.87548e-06,104.52000000000014,-0.188389,-0.188389,current_full_transition_bis00_f2_sh003
t116_mid,116,mid,-0.1751440333569143,CURRENT,full_transition_bis00,2,115,115,True,True,01110011,3.6,0.0,0.0,4.87548e-06,104.52000000000099,-0.175134,-0.175134,current_full_transition_bis00_f2_sh003
t117_mid,117,mid,-0.16188892754982764,CURRENT,full_transition_bis00,2,116,116,True,True,01110100,3.6,0.0,0.0,5.87548e-06,104.52000000000014,-0.161879,-0.161879,current_full_transition_bis00_f2_sh003
t118_mid,118,mid,-0.1486338217427412,CURRENT,full_transition_bis00,2,117,117,True,True,01110101,3.6,0.0,0.0,6.87548e-06,104.52000000000014,-0.148624,-0.148624,current_full_transition_bis00_f2_sh003
t119_mid,119,mid,-0.13537871593565454,CURRENT,full_transition_bis00,2,118,118,True,True,01110110,3.6,0.0,0.0,7.87548e-06,104.52000000000014,-0.135369,-0.135369,current_full_transition_bis00_f2_sh003
t120_mid,120,mid,-0.12212361012856787,CURRENT,full_transition_bis00,2,119,119,True,True,01110111,3.6,0.0,0.0,8.87548e-06,104.52000000000014,-0.122114,-0.122114,current_full_transition_bis00_f2_sh003
t121_mid,121,mid,-0.10886850432148121,CURRENT,full_transition_bis00,2,120,120,True,True,01111000,3.6,0.0,0.0,9.87548e-06,104.52000000000014,-0.108859,-0.108859,current_full_transition_bis00_f2_sh003
t122_mid,122,mid,-0.09561339851439454,CURRENT,full_transition_bis00,2,121,121,True,True,01111001,3.6,0.0,0.0,1.08755e-05,104.50000000000044,-0.0956034,-0.0956034,current_full_transition_bis00_f2_sh003
t123_mid,123,mid,-0.0823582927073081,CURRENT,full_transition_bis00,2,122,122,True,True,01111010,3.6,0.0,0.0,1.18755e-05,104.50000000000044,-0.0823483,-0.0823483,current_full_transition_bis00_f2_sh003
t124_mid,124,mid,-0.06910318690022144,CURRENT,full_transition_bis00,2,123,123,True,True,01111011,3.6,0.0,0.0,1.28755e-05,104.49999999999875,-0.0690932,-0.0690932,current_full_transition_bis00_f2_sh003
t125_mid,125,mid,-0.05584808109313477,CURRENT,full_transition_bis00,2,124,124,True,True,01111100,3.6,0.0,0.0,1.38755e-05,104.50000000000044,-0.0558381,-0.0558381,current_full_transition_bis00_f2_sh003
t126_mid,126,mid,-0.04259297528604811,CURRENT,full_transition_bis00,2,125,125,True,True,01111101,3.6,0.0,0.0,1.48755e-05,104.50000000000044,-0.042583,-0.042583,current_full_transition_bis00_f2_sh003
t130_mid,130,mid,0.010427447942298329,CURRENT,full_transition_bis00,2,130,130,True,True,10000010,3.6,0.0,0.0,1.58755e-05,104.49999999999875,0.0104374,0.0104374,current_full_transition_bis00_f2_sh003
t131_mid,131,mid,0.023682553749384994,CURRENT,full_transition_bis00,2,131,131,True,True,10000011,3.6,0.0,0.0,1.68755e-05,104.49999999999535,0.0236926,0.0236926,current_full_transition_bis00_f2_sh003
t132_mid,132,mid,0.036937659556471436,CURRENT,full_transition_bis00,2,132,132,True,True,10000100,3.6,0.0,0.0,1.78755e-05,104.49999999999875,0.0369477,0.0369477,current_full_transition_bis00_f2_sh003
t133_mid,133,mid,0.0501927653635581,CURRENT,full_transition_bis00,2,133,133,True,True,10000101,3.6,0.0,0.0,1.88755e-05,104.49999999999875,0.0502028,0.0502028,current_full_transition_bis00_f2_sh003
t134_mid,134,mid,0.06344787117064477,CURRENT,full_transition_bis00,2,134,134,True,True,10000110,3.6,0.0,0.0,1.98755e-05,104.49999999999875,0.0634579,0.0634579,current_full_transition_bis00_f2_sh003
t135_mid,135,mid,0.07670297697773143,CURRENT,full_transition_bis00,2,135,135,True,True,10000111,3.6,0.0,0.0,2.08755e-05,104.49999999999875,0.076713,0.076713,current_full_transition_bis00_f2_sh003
t136_mid,136,mid,0.08995808278481787,CURRENT,full_transition_bis00,2,136,136,True,True,10001000,3.6,0.0,0.0,2.18755e-05,104.49999999999535,0.0899681,0.0899681,current_full_transition_bis00_f2_sh003
t137_mid,137,mid,0.10321318859190454,CURRENT,full_transition_bis00,2,137,137,True,True,10001001,3.6,0.0,0.0,2.28755e-05,104.49999999999535,0.103223,0.103223,current_full_transition_bis00_f2_sh003
t138_mid,138,mid,0.1164682943989912,CURRENT,full_transition_bis00,2,138,138,True,True,10001010,3.6,0.0,0.0,2.38755e-05,104.49999999999875,0.116478,0.116478,current_full_transition_bis00_f2_sh003
t139_mid,139,mid,0.12972340020607787,CURRENT,full_transition_bis00,2,139,139,True,True,10001011,3.6,0.0,0.0,2.48755e-05,104.49999999999875,0.129733,0.129733,current_full_transition_bis00_f2_sh003
t140_mid,140,mid,0.14297850601316453,CURRENT,full_transition_bis00,2,140,140,True,True,10001100,3.6,0.0,0.0,2.58755e-05,104.49999999999875,0.142989,0.142989,current_full_transition_bis00_f2_sh003
t141_mid,141,mid,0.15623361182025097,CURRENT,full_transition_bis00,2,141,141,True,True,10001101,3.6,0.0,0.0,2.68755e-05,104.49999999999875,0.156244,0.156244,current_full_transition_bis00_f2_sh003
t142_mid,142,mid,0.16948871762733764,CURRENT,full_transition_bis00,2,142,142,True,True,10001110,3.6,0.0,0.0,2.78755e-05,104.49999999999535,0.169499,0.169499,current_full_transition_bis00_f2_sh003
t143_mid,143,mid,0.1827438234344243,CURRENT,full_transition_bis00,2,143,143,True,True,10001111,3.6,0.0,0.0,2.88755e-05,104.49999999999535,0.182754,0.182754,current_full_transition_bis00_f2_sh003
t145_mid,145,mid,0.2092540350485974,CURRENT,full_transition_bis00,2,145,145,True,True,10010001,3.6,0.0,0.0,2.98755e-05,104.49999999999875,0.209264,0.209264,current_full_transition_bis00_f2_sh003
t146_mid,146,mid,0.22250914085568407,CURRENT,full_transition_bis00,2,146,146,True,True,10010010,3.6,0.0,0.0,3.08755e-05,104.49999999999875,0.222519,0.222519,current_full_transition_bis00_f2_sh003
t147_mid,147,mid,0.23576424666277074,CURRENT,full_transition_bis00,2,147,147,True,True,10010011,3.6,0.0,0.0,3.18755e-05,104.49999999999197,0.235774,0.235774,current_full_transition_bis00_f2_sh003
t221_mid,221,mid,1.2166420763871804,CURRENT,full_transition_bis00,2,221,221,True,True,11011101,3.6,0.0,0.0,8.75479e-07,104.52099999999996,1.21665,1.21665,current_full_transition_bis00_f2_sh006
t222_mid,222,mid,1.229897182194267,CURRENT,full_transition_bis00,2,222,222,True,True,11011110,3.6,0.0,0.0,1.87548e-06,104.52000000000014,1.22991,1.22991,current_full_transition_bis00_f2_sh006
t226_mid,226,mid,1.2829176054226132,CURRENT,full_transition_bis00,2,226,226,True,True,11100010,3.6,0.0,0.0,2.87548e-06,104.51999999999973,1.28293,1.28293,current_full_transition_bis00_f2_sh006
t227_mid,227,mid,1.2961727112297,CURRENT,full_transition_bis00,2,227,227,True,True,11100011,3.6,0.0,0.0,3.87548e-06,104.52000000000014,1.29618,1.29618,current_full_transition_bis00_f2_sh006
t228_mid,228,mid,1.3094278170367866,CURRENT,full_transition_bis00,2,228,228,True,True,11100100,3.6,0.0,0.0,4.87548e-06,104.52000000000099,1.30944,1.30944,current_full_transition_bis00_f2_sh006
t229_mid,229,mid,1.3226829228438732,CURRENT,full_transition_bis00,2,229,229,True,True,11100101,3.6,0.0,0.0,5.87548e-06,104.52000000000014,1.32269,1.32269,current_full_transition_bis00_f2_sh006
t230_mid,230,mid,1.33593802865096,CURRENT,full_transition_bis00,2,230,230,True,True,11100110,3.6,0.0,0.0,6.87548e-06,104.52000000000014,1.33595,1.33595,current_full_transition_bis00_f2_sh006
t231_mid,231,mid,1.3491931344580466,CURRENT,full_transition_bis00,2,230,230,True,True,11100110,3.6,0.0,0.0,7.87548e-06,104.52000000000014,1.3492,1.3492,current_full_transition_bis00_f2_sh006
t232_mid,232,mid,1.3624482402651332,CURRENT,full_transition_bis00,2,232,232,True,True,11101000,3.6,0.0,0.0,8.87548e-06,104.52000000000014,1.36246,1.36246,current_full_transition_bis00_f2_sh006
t233_mid,233,mid,1.37570334607222,CURRENT,full_transition_bis00,2,233,233,True,True,11101001,3.6,0.0,0.0,9.87548e-06,104.52000000000014,1.37571,1.37571,current_full_transition_bis00_f2_sh006
t234_mid,234,mid,1.3889584518793066,CURRENT,full_transition_bis00,2,234,234,True,True,11101010,3.6,0.0,0.0,1.08755e-05,104.50000000000044,1.38897,1.38897,current_full_transition_bis00_f2_sh006
t235_mid,235,mid,1.4022135576863928,CURRENT,full_transition_bis00,2,235,235,True,True,11101011,3.6,0.0,0.0,1.18755e-05,104.50000000000044,1.40222,1.40222,current_full_transition_bis00_f2_sh006
t236_mid,236,mid,1.4154686634934794,CURRENT,full_transition_bis00,2,236,236,True,True,11101100,3.6,0.0,0.0,1.28755e-05,104.49999999999875,1.41548,1.41548,current_full_transition_bis00_f2_sh006
t237_mid,237,mid,1.428723769300566,CURRENT,full_transition_bis00,2,237,237,True,True,11101101,3.6,0.0,0.0,1.38755e-05,104.50000000000044,1.42873,1.42873,current_full_transition_bis00_f2_sh006
t238_mid,238,mid,1.4419788751076528,CURRENT,full_transition_bis00,2,238,238,True,True,11101110,3.6,0.0,0.0,1.48755e-05,104.50000000000044,1.44199,1.44199,current_full_transition_bis00_f2_sh006
t239_mid,239,mid,1.4552339809147394,CURRENT,full_transition_bis00,2,238,238,True,True,11101110,3.6,0.0,0.0,1.58755e-05,104.49999999999875,1.45524,1.45524,current_full_transition_bis00_f2_sh006
t240_mid,240,mid,1.468489086721826,CURRENT,full_transition_bis00,2,240,240,True,True,11110000,3.6,0.0,0.0,1.68755e-05,104.49999999999535,1.4685,1.4685,current_full_transition_bis00_f2_sh006
t241_mid,241,mid,1.4817441925289128,CURRENT,full_transition_bis00,2,241,241,True,True,11110001,3.6,0.0,0.0,1.78755e-05,104.49999999999875,1.48175,1.48175,current_full_transition_bis00_f2_sh006
t242_mid,242,mid,1.4949992983359994,CURRENT,full_transition_bis00,2,242,242,True,True,11110010,3.6,0.0,0.0,1.88755e-05,104.49999999999875,1.49501,1.49501,current_full_transition_bis00_f2_sh006
t243_mid,243,mid,1.508254404143086,CURRENT,full_transition_bis00,2,243,243,True,True,11110011,3.6,0.0,0.0,1.98755e-05,104.49999999999875,1.50826,1.50826,current_full_transition_bis00_f2_sh006
t244_mid,244,mid,1.5215095099501723,CURRENT,full_transition_bis00,2,244,244,True,True,11110100,3.6,0.0,0.0,2.08755e-05,104.49999999999875,1.52152,1.52152,current_full_transition_bis00_f2_sh006
t245_mid,245,mid,1.534764615757259,CURRENT,full_transition_bis00,2,245,245,True,True,11110101,3.6,0.0,0.0,2.18755e-05,104.49999999999535,1.53477,1.53477,current_full_transition_bis00_f2_sh006
t246_mid,246,mid,1.5480197215643456,CURRENT,full_transition_bis00,2,246,246,True,True,11110110,3.6,0.0,0.0,2.28755e-05,104.49999999999535,1.54803,1.54803,current_full_transition_bis00_f2_sh006
t247_mid,247,mid,1.5612748273714323,CURRENT,full_transition_bis00,2,247,247,True,True,11110111,3.6,0.0,0.0,2.38755e-05,104.49999999999875,1.56128,1.56128,current_full_transition_bis00_f2_sh006
t248_mid,248,mid,1.574529933178519,CURRENT,full_transition_bis00,2,248,248,True,True,11111000,3.6,0.0,0.0,2.48755e-05,104.49999999999875,1.57454,1.57454,current_full_transition_bis00_f2_sh006
t249_mid,249,mid,1.5877850389856056,CURRENT,full_transition_bis00,2,249,249,True,True,11111001,3.6,0.0,0.0,2.58755e-05,104.49999999999875,1.5878,1.5878,current_full_transition_bis00_f2_sh006
t250_mid,250,mid,1.6010401447926923,CURRENT,full_transition_bis00,2,250,250,True,True,11111010,3.6,0.0,0.0,2.68755e-05,104.49999999999875,1.60105,1.60105,current_full_transition_bis00_f2_sh006
t251_mid,251,mid,1.614295250599779,CURRENT,full_transition_bis00,2,251,251,True,True,11111011,3.6,0.0,0.0,2.78755e-05,104.49999999999535,1.61431,1.61431,current_full_transition_bis00_f2_sh006
t252_mid,252,mid,1.6275503564068656,CURRENT,full_transition_bis00,2,252,252,True,True,11111100,3.6,0.0,0.0,2.88755e-05,104.49999999999535,1.62756,1.62756,current_full_transition_bis00_f2_sh006
t253_mid,253,mid,1.6408054622139518,CURRENT,full_transition_bis00,2,253,253,True,True,11111101,3.6,0.0,0.0,2.98755e-05,104.49999999999875,1.64082,1.64082,current_full_transition_bis00_f2_sh006
t254_mid,254,mid,1.6540605680210385,CURRENT,full_transition_bis00,2,254,254,True,True,11111110,3.6,0.0,0.0,3.08755e-05,104.49999999999875,1.65407,1.65407,current_full_transition_bis00_f2_sh006
t148_mid,148,mid,0.2490193524698574,CURRENT,full_transition_bis00,2,148,148,True,True,10010100,3.6,0.0,0.0,8.7548e-07,104.51999999999994,0.249029,0.249029,current_full_transition_bis00_f2_sh004
t149_mid,149,mid,0.26227445827694407,CURRENT,full_transition_bis00,2,149,149,True,True,10010101,3.6,0.0,0.0,1.87548e-06,104.52000000000014,0.262285,0.262284,current_full_transition_bis00_f2_sh004
t150_mid,150,mid,0.2755295640840305,CURRENT,full_transition_bis00,2,150,150,True,True,10010110,3.6,0.0,0.0,2.87548e-06,104.51999999999973,0.27554,0.27554,current_full_transition_bis00_f2_sh004
t151_mid,151,mid,0.2887846698911172,CURRENT,full_transition_bis00,2,151,151,True,True,10010111,3.6,0.0,0.0,3.87548e-06,104.52000000000014,0.288795,0.288795,current_full_transition_bis00_f2_sh004
t152_mid,152,mid,0.3020397756982036,CURRENT,full_transition_bis00,2,152,152,True,True,10011000,3.6,0.0,0.0,4.87548e-06,104.52000000000099,0.30205,0.30205,current_full_transition_bis00_f2_sh004
t153_mid,153,mid,0.3152948815052903,CURRENT,full_transition_bis00,2,153,153,True,True,10011001,3.6,0.0,0.0,5.87548e-06,104.52000000000014,0.315305,0.315305,current_full_transition_bis00_f2_sh004
t154_mid,154,mid,0.32854998731237695,CURRENT,full_transition_bis00,2,154,154,True,True,10011010,3.6,0.0,0.0,6.87548e-06,104.52000000000014,0.32856,0.32856,current_full_transition_bis00_f2_sh004
t155_mid,155,mid,0.3418050931194636,CURRENT,full_transition_bis00,2,155,155,True,True,10011011,3.6,0.0,0.0,7.87548e-06,104.52000000000014,0.341815,0.341815,current_full_transition_bis00_f2_sh004
t156_mid,156,mid,0.3550601989265503,CURRENT,full_transition_bis00,2,156,156,True,True,10011100,3.6,0.0,0.0,8.87548e-06,104.52000000000014,0.35507,0.35507,current_full_transition_bis00_f2_sh004
t157_mid,157,mid,0.36831530473363694,CURRENT,full_transition_bis00,2,157,157,True,True,10011101,3.6,0.0,0.0,9.87548e-06,104.52000000000014,0.368325,0.368325,current_full_transition_bis00_f2_sh004
t158_mid,158,mid,0.3815704105407236,CURRENT,full_transition_bis00,2,158,158,True,True,10011110,3.6,0.0,0.0,1.08755e-05,104.50000000000044,0.38158,0.38158,current_full_transition_bis00_f2_sh004
t162_mid,162,mid,0.4345908337690698,CURRENT,full_transition_bis00,2,162,162,True,True,10100010,3.6,0.0,0.0,1.18755e-05,104.50000000000044,0.434601,0.434601,current_full_transition_bis00_f2_sh004
t163_mid,163,mid,0.4478459395761565,CURRENT,full_transition_bis00,2,163,163,True,True,10100011,3.6,0.0,0.0,1.28755e-05,104.49999999999875,0.447856,0.447856,current_full_transition_bis00_f2_sh004
t164_mid,164,mid,0.46110104538324315,CURRENT,full_transition_bis00,2,164,164,True,True,10100100,3.6,0.0,0.0,1.38755e-05,104.50000000000044,0.461111,0.461111,current_full_transition_bis00_f2_sh004
t165_mid,165,mid,0.4743561511903298,CURRENT,full_transition_bis00,2,165,165,True,True,10100101,3.6,0.0,0.0,1.48755e-05,104.50000000000044,0.474366,0.474366,current_full_transition_bis00_f2_sh004
t166_mid,166,mid,0.4876112569974165,CURRENT,full_transition_bis00,2,166,166,True,True,10100110,3.6,0.0,0.0,1.58755e-05,104.49999999999875,0.487621,0.487621,current_full_transition_bis00_f2_sh004
t167_mid,167,mid,0.5008663628045031,CURRENT,full_transition_bis00,2,167,167,True,True,10100111,3.6,0.0,0.0,1.68755e-05,104.49999999999535,0.500876,0.500876,current_full_transition_bis00_f2_sh004
t168_mid,168,mid,0.5141214686115898,CURRENT,full_transition_bis00,2,168,168,True,True,10101000,3.6,0.0,0.0,1.78755e-05,104.49999999999875,0.514132,0.514131,current_full_transition_bis00_f2_sh004
t169_mid,169,mid,0.5273765744186765,CURRENT,full_transition_bis00,2,169,169,True,True,10101001,3.6,0.0,0.0,1.88755e-05,104.49999999999875,0.527387,0.527387,current_full_transition_bis00_f2_sh004
t170_mid,170,mid,0.5406316802257631,CURRENT,full_transition_bis00,2,170,170,True,True,10101010,3.6,0.0,0.0,1.98755e-05,104.49999999999875,0.540642,0.540642,current_full_transition_bis00_f2_sh004
t171_mid,171,mid,0.5538867860328494,CURRENT,full_transition_bis00,2,171,171,True,True,10101011,3.6,0.0,0.0,2.08755e-05,104.49999999999875,0.553897,0.553897,current_full_transition_bis00_f2_sh004
t172_mid,172,mid,0.567141891839936,CURRENT,full_transition_bis00,2,172,172,True,True,10101100,3.6,0.0,0.0,2.18755e-05,104.49999999999535,0.567152,0.567152,current_full_transition_bis00_f2_sh004
t173_mid,173,mid,0.5803969976470227,CURRENT,full_transition_bis00,2,173,173,True,True,10101101,3.6,0.0,0.0,2.28755e-05,104.49999999999535,0.580407,0.580407,current_full_transition_bis00_f2_sh004
t174_mid,174,mid,0.5936521034541093,CURRENT,full_transition_bis00,2,174,174,True,True,10101110,3.6,0.0,0.0,2.38755e-05,104.49999999999875,0.593662,0.593662,current_full_transition_bis00_f2_sh004
t175_mid,175,mid,0.606907209261196,CURRENT,full_transition_bis00,2,175,175,True,True,10101111,3.6,0.0,0.0,2.48755e-05,104.49999999999875,0.606917,0.606917,current_full_transition_bis00_f2_sh004
t177_mid,177,mid,0.6334174208753693,CURRENT,full_transition_bis00,2,177,177,True,True,10110001,3.6,0.0,0.0,2.58755e-05,104.49999999999875,0.633427,0.633427,current_full_transition_bis00_f2_sh004
t178_mid,178,mid,0.646672526682456,CURRENT,full_transition_bis00,2,178,178,True,True,10110010,3.6,0.0,0.0,2.68755e-05,104.49999999999875,0.646683,0.646683,current_full_transition_bis00_f2_sh004
t179_mid,179,mid,0.6599276324895427,CURRENT,full_transition_bis00,2,179,179,True,True,10110011,3.6,0.0,0.0,2.78755e-05,104.49999999999535,0.659938,0.659938,current_full_transition_bis00_f2_sh004
t180_mid,180,mid,0.6731827382966289,CURRENT,full_transition_bis00,2,180,180,True,True,10110100,3.6,0.0,0.0,2.88755e-05,104.49999999999535,0.673193,0.673193,current_full_transition_bis00_f2_sh004
t181_mid,181,mid,0.6864378441037156,CURRENT,full_transition_bis00,2,181,181,True,True,10110101,3.6,0.0,0.0,2.98755e-05,104.49999999999875,0.686448,0.686448,current_full_transition_bis00_f2_sh004
t182_mid,182,mid,0.6996929499108022,CURRENT,full_transition_bis00,2,182,182,True,True,10110110,3.6,0.0,0.0,3.08755e-05,104.49999999999875,0.699703,0.699703,current_full_transition_bis00_f2_sh004
t183_mid,183,mid,0.7129480557178889,CURRENT,full_transition_bis00,2,183,183,True,True,10110111,3.6,0.0,0.0,3.18755e-05,104.49999999999197,0.712958,0.712958,current_full_transition_bis00_f2_sh004
t184_mid,184,mid,0.7262031615249755,CURRENT,full_transition_bis00,2,184,184,True,True,10111000,3.6,0.0,0.0,8.75481e-07,104.5189999999999,0.726213,0.726213,current_full_transition_bis00_f2_sh005
t185_mid,185,mid,0.7394582673320622,CURRENT,full_transition_bis00,2,185,185,True,True,10111001,3.6,0.0,0.0,1.87548e-06,104.52000000000014,0.739468,0.739468,current_full_transition_bis00_f2_sh005
t186_mid,186,mid,0.7527133731391489,CURRENT,full_transition_bis00,2,186,186,True,True,10111010,3.6,0.0,0.0,2.87548e-06,104.51999999999973,0.752723,0.752723,current_full_transition_bis00_f2_sh005
t187_mid,187,mid,0.7659684789462355,CURRENT,full_transition_bis00,2,187,187,True,True,10111011,3.6,0.0,0.0,3.87548e-06,104.52000000000014,0.765979,0.765978,current_full_transition_bis00_f2_sh005
t188_mid,188,mid,0.7792235847533222,CURRENT,full_transition_bis00,2,188,188,True,True,10111100,3.6,0.0,0.0,4.87548e-06,104.52000000000099,0.779234,0.779234,current_full_transition_bis00_f2_sh005
t189_mid,189,mid,0.7924786905604084,CURRENT,full_transition_bis00,2,189,189,True,True,10111101,3.6,0.0,0.0,5.87548e-06,104.52000000000014,0.792489,0.792489,current_full_transition_bis00_f2_sh005
t194_mid,194,mid,0.8587542195958418,CURRENT,full_transition_bis00,2,194,194,True,True,11000010,3.6,0.0,0.0,6.87548e-06,104.52000000000014,0.858764,0.858764,current_full_transition_bis00_f2_sh005
t195_mid,195,mid,0.8720093254029284,CURRENT,full_transition_bis00,2,195,195,True,True,11000011,3.6,0.0,0.0,7.87548e-06,104.52000000000014,0.872019,0.872019,current_full_transition_bis00_f2_sh005
t196_mid,196,mid,0.8852644312100151,CURRENT,full_transition_bis00,2,196,196,True,True,11000100,3.6,0.0,0.0,8.87548e-06,104.52000000000014,0.885274,0.885274,current_full_transition_bis00_f2_sh005
t197_mid,197,mid,0.8985195370171017,CURRENT,full_transition_bis00,2,197,197,True,True,11000101,3.6,0.0,0.0,9.87548e-06,104.52000000000014,0.89853,0.89853,current_full_transition_bis00_f2_sh005
t198_mid,198,mid,0.911774642824188,CURRENT,full_transition_bis00,2,198,198,True,True,11000110,3.6,0.0,0.0,1.08755e-05,104.50000000000044,0.911785,0.911785,current_full_transition_bis00_f2_sh005
t199_mid,199,mid,0.9250297486312746,CURRENT,full_transition_bis00,2,199,199,True,True,11000111,3.6,0.0,0.0,1.18755e-05,104.50000000000044,0.92504,0.92504,current_full_transition_bis00_f2_sh005
t200_mid,200,mid,0.9382848544383613,CURRENT,full_transition_bis00,2,200,200,True,True,11001000,3.6,0.0,0.0,1.28755e-05,104.49999999999875,0.938295,0.938295,current_full_transition_bis00_f2_sh005
t201_mid,201,mid,0.951539960245448,CURRENT,full_transition_bis00,2,201,201,True,True,11001001,3.6,0.0,0.0,1.38755e-05,104.50000000000044,0.95155,0.95155,current_full_transition_bis00_f2_sh005
t202_mid,202,mid,0.9647950660525346,CURRENT,full_transition_bis00,2,202,202,True,True,11001010,3.6,0.0,0.0,1.48755e-05,104.50000000000044,0.964805,0.964805,current_full_transition_bis00_f2_sh005
t203_mid,203,mid,0.9780501718596213,CURRENT,full_transition_bis00,2,203,203,True,True,11001011,3.6,0.0,0.0,1.58755e-05,104.49999999999875,0.97806,0.97806,current_full_transition_bis00_f2_sh005
t204_mid,204,mid,0.991305277666708,CURRENT,full_transition_bis00,2,204,204,True,True,11001100,3.6,0.0,0.0,1.68755e-05,104.49999999999535,0.991315,0.991315,current_full_transition_bis00_f2_sh005
t205_mid,205,mid,1.0045603834737946,CURRENT,full_transition_bis00,2,205,205,True,True,11001101,3.6,0.0,0.0,1.78755e-05,104.49999999999875,1.00457,1.00457,current_full_transition_bis00_f2_sh005
t206_mid,206,mid,1.0178154892808813,CURRENT,full_transition_bis00,2,206,206,True,True,11001110,3.6,0.0,0.0,1.88755e-05,104.49999999999875,1.01783,1.01783,current_full_transition_bis00_f2_sh005
t207_mid,207,mid,1.0310705950879675,CURRENT,full_transition_bis00,2,207,207,True,True,11001111,3.6,0.0,0.0,1.98755e-05,104.49999999999875,1.03108,1.03108,current_full_transition_bis00_f2_sh005
t209_mid,209,mid,1.0575808067021408,CURRENT,full_transition_bis00,2,209,209,True,True,11010001,3.6,0.0,0.0,2.08755e-05,104.49999999999875,1.05759,1.05759,current_full_transition_bis00_f2_sh005
t210_mid,210,mid,1.0708359125092275,CURRENT,full_transition_bis00,2,210,210,True,True,11010010,3.6,0.0,0.0,2.18755e-05,104.49999999999535,1.07085,1.07085,current_full_transition_bis00_f2_sh005
t211_mid,211,mid,1.0840910183163142,CURRENT,full_transition_bis00,2,211,211,True,True,11010011,3.6,0.0,0.0,2.28755e-05,104.49999999999535,1.0841,1.0841,current_full_transition_bis00_f2_sh005
t212_mid,212,mid,1.0973461241234008,CURRENT,full_transition_bis00,2,212,212,True,True,11010100,3.6,0.0,0.0,2.38755e-05,104.49999999999875,1.09736,1.09736,current_full_transition_bis00_f2_sh005
t213_mid,213,mid,1.1106012299304875,CURRENT,full_transition_bis00,2,213,213,True,True,11010101,3.6,0.0,0.0,2.48755e-05,104.49999999999875,1.11061,1.11061,current_full_transition_bis00_f2_sh005
t214_mid,214,mid,1.1238563357375742,CURRENT,full_transition_bis00,2,214,214,True,True,11010110,3.6,0.0,0.0,2.58755e-05,104.49999999999875,1.12387,1.12387,current_full_transition_bis00_f2_sh005
t215_mid,215,mid,1.1371114415446608,CURRENT,full_transition_bis00,2,215,215,True,True,11010111,3.6,0.0,0.0,2.68755e-05,104.49999999999875,1.13712,1.13712,current_full_transition_bis00_f2_sh005
t216_mid,216,mid,1.150366547351747,CURRENT,full_transition_bis00,2,216,216,True,True,11011000,3.6,0.0,0.0,2.78755e-05,104.49999999999535,1.15038,1.15038,current_full_transition_bis00_f2_sh005
t217_mid,217,mid,1.1636216531588337,CURRENT,full_transition_bis00,2,217,217,True,True,11011001,3.6,0.0,0.0,2.88755e-05,104.49999999999535,1.16363,1.16363,current_full_transition_bis00_f2_sh005
t218_mid,218,mid,1.1768767589659204,CURRENT,full_transition_bis00,2,218,218,True,True,11011010,3.6,0.0,0.0,2.98755e-05,104.49999999999875,1.17689,1.17689,current_full_transition_bis00_f2_sh005
t219_mid,219,mid,1.190131864773007,CURRENT,full_transition_bis00,2,219,219,True,True,11011011,3.6,0.0,0.0,3.08755e-05,104.49999999999875,1.19014,1.19014,current_full_transition_bis00_f2_sh005
t220_mid,220,mid,1.2033869705800937,CURRENT,full_transition_bis00,2,220,220,True,True,11011100,3.6,0.0,0.0,3.18755e-05,104.49999999999197,1.2034,1.2034,current_full_transition_bis00_f2_sh005
t075_mid,75,mid,-0.7136229026974655,CURRENT,full_transition_bis01,2,75,75,True,True,01001011,3.6,0.0,0.0,8.7548e-07,104.51999999999994,-0.713613,-0.713613,current_full_transition_bis01_f2_sh002
t076_mid,76,mid,-0.700367796890379,CURRENT,full_transition_bis01,2,76,76,True,True,01001100,3.6,0.0,0.0,1.87548e-06,104.52000000000014,-0.700358,-0.700358,current_full_transition_bis01_f2_sh002
t077_mid,77,mid,-0.6871126910832924,CURRENT,full_transition_bis01,2,77,77,True,True,01001101,3.6,0.0,0.0,2.87548e-06,104.51999999999973,-0.687103,-0.687103,current_full_transition_bis01_f2_sh002
t078_mid,78,mid,-0.6738575852762058,CURRENT,full_transition_bis01,2,78,78,True,True,01001110,3.6,0.0,0.0,3.87548e-06,104.52000000000014,-0.673848,-0.673848,current_full_transition_bis01_f2_sh002
t079_mid,79,mid,-0.6606024794691191,CURRENT,full_transition_bis01,2,79,79,True,True,01001111,3.6,0.0,0.0,4.87548e-06,104.52000000000099,-0.660593,-0.660592,current_full_transition_bis01_f2_sh002
t081_mid,81,mid,-0.634092267854946,CURRENT,full_transition_bis01,2,81,81,True,True,01010001,3.6,0.0,0.0,5.87548e-06,104.52000000000014,-0.634082,-0.634082,current_full_transition_bis01_f2_sh002
t082_mid,82,mid,-0.6208371620478593,CURRENT,full_transition_bis01,2,82,82,True,True,01010010,3.6,0.0,0.0,6.87548e-06,104.52000000000014,-0.620827,-0.620827,current_full_transition_bis01_f2_sh002
t083_mid,83,mid,-0.6075820562407727,CURRENT,full_transition_bis01,2,83,83,True,True,01010011,3.6,0.0,0.0,7.87548e-06,104.52000000000014,-0.607572,-0.607572,current_full_transition_bis01_f2_sh002
t084_mid,84,mid,-0.594326950433686,CURRENT,full_transition_bis01,2,84,84,True,True,01010100,3.6,0.0,0.0,8.87548e-06,104.52000000000014,-0.594317,-0.594317,current_full_transition_bis01_f2_sh002
t085_mid,85,mid,-0.5810718446265993,CURRENT,full_transition_bis01,2,85,85,True,True,01010101,3.6,0.0,0.0,9.87548e-06,104.52000000000014,-0.581062,-0.581062,current_full_transition_bis01_f2_sh002
t086_mid,86,mid,-0.5678167388195129,CURRENT,full_transition_bis01,2,86,86,True,True,01010110,3.6,0.0,0.0,1.08755e-05,104.50000000000044,-0.567807,-0.567807,current_full_transition_bis01_f2_sh002
t087_mid,87,mid,-0.5545616330124262,CURRENT,full_transition_bis01,2,87,87,True,True,01010111,3.6,0.0,0.0,1.18755e-05,104.50000000000044,-0.554552,-0.554552,current_full_transition_bis01_f2_sh002
t088_mid,88,mid,-0.5413065272053396,CURRENT,full_transition_bis01,2,88,88,True,True,01011000,3.6,0.0,0.0,1.28755e-05,104.49999999999875,-0.541297,-0.541297,current_full_transition_bis01_f2_sh002
t089_mid,89,mid,-0.5280514213982529,CURRENT,full_transition_bis01,2,89,89,True,True,01011001,3.6,0.0,0.0,1.38755e-05,104.50000000000044,-0.528041,-0.528041,current_full_transition_bis01_f2_sh002
t090_mid,90,mid,-0.5147963155911662,CURRENT,full_transition_bis01,2,90,90,True,True,01011010,3.6,0.0,0.0,1.48755e-05,104.50000000000044,-0.514786,-0.514786,current_full_transition_bis01_f2_sh002
t091_mid,91,mid,-0.5015412097840798,CURRENT,full_transition_bis01,2,91,91,True,True,01011011,3.6,0.0,0.0,1.58755e-05,104.49999999999875,-0.501531,-0.501531,current_full_transition_bis01_f2_sh002
t092_mid,92,mid,-0.4882861039769931,CURRENT,full_transition_bis01,2,92,92,True,True,01011100,3.6,0.0,0.0,1.68755e-05,104.49999999999535,-0.488276,-0.488276,current_full_transition_bis01_f2_sh002
t093_mid,93,mid,-0.47503099816990646,CURRENT,full_transition_bis01,2,93,93,True,True,01011101,3.6,0.0,0.0,1.78755e-05,104.49999999999875,-0.475021,-0.475021,current_full_transition_bis01_f2_sh002
t094_mid,94,mid,-0.4617758923628198,CURRENT,full_transition_bis01,2,94,94,True,True,01011110,3.6,0.0,0.0,1.88755e-05,104.49999999999875,-0.461766,-0.461766,current_full_transition_bis01_f2_sh002
t098_mid,98,mid,-0.40875546913447336,CURRENT,full_transition_bis01,2,98,98,True,True,01100010,3.6,0.0,0.0,1.98755e-05,104.49999999999875,-0.408746,-0.408745,current_full_transition_bis01_f2_sh002
t099_mid,99,mid,-0.3955003633273867,CURRENT,full_transition_bis01,2,99,99,True,True,01100011,3.6,0.0,0.0,2.08755e-05,104.49999999999875,-0.39549,-0.39549,current_full_transition_bis01_f2_sh002
t100_mid,100,mid,-0.38224525752030025,CURRENT,full_transition_bis01,2,100,100,True,True,01100100,3.6,0.0,0.0,2.18755e-05,104.49999999999535,-0.382235,-0.382235,current_full_transition_bis01_f2_sh002
t101_mid,101,mid,-0.3689901517132136,CURRENT,full_transition_bis01,2,101,101,True,True,01100101,3.6,0.0,0.0,2.28755e-05,104.49999999999535,-0.36898,-0.36898,current_full_transition_bis01_f2_sh002
t102_mid,102,mid,-0.3557350459061269,CURRENT,full_transition_bis01,2,102,102,True,True,01100110,3.6,0.0,0.0,2.38755e-05,104.49999999999875,-0.355725,-0.355725,current_full_transition_bis01_f2_sh002
t103_mid,103,mid,-0.34247994009904026,CURRENT,full_transition_bis01,2,103,103,True,True,01100111,3.6,0.0,0.0,2.48755e-05,104.49999999999875,-0.34247,-0.34247,current_full_transition_bis01_f2_sh002
t104_mid,104,mid,-0.3292248342919538,CURRENT,full_transition_bis01,2,104,104,True,True,01101000,3.6,0.0,0.0,2.58755e-05,104.49999999999875,-0.329215,-0.329215,current_full_transition_bis01_f2_sh002
t105_mid,105,mid,-0.31596972848486715,CURRENT,full_transition_bis01,2,105,105,True,True,01101001,3.6,0.0,0.0,2.68755e-05,104.49999999999875,-0.31596,-0.31596,current_full_transition_bis01_f2_sh002
t106_mid,106,mid,-0.3027146226777805,CURRENT,full_transition_bis01,2,106,106,True,True,01101010,3.6,0.0,0.0,2.78755e-05,104.49999999999535,-0.302705,-0.302705,current_full_transition_bis01_f2_sh002
t107_mid,107,mid,-0.2894595168706938,CURRENT,full_transition_bis01,2,107,107,True,True,01101011,3.6,0.0,0.0,2.88755e-05,104.49999999999535,-0.28945,-0.28945,current_full_transition_bis01_f2_sh002
t108_mid,108,mid,-0.27620441106360716,CURRENT,full_transition_bis01,2,108,108,True,True,01101100,3.6,0.0,0.0,2.98755e-05,104.49999999999875,-0.276194,-0.276194,current_full_transition_bis01_f2_sh002
t109_mid,109,mid,-0.2629493052565207,CURRENT,full_transition_bis01,2,109,109,True,True,01101101,3.6,0.0,0.0,3.08755e-05,104.49999999999875,-0.262939,-0.262939,current_full_transition_bis01_f2_sh002
t110_mid,110,mid,-0.24969419944943408,CURRENT,full_transition_bis01,2,110,110,True,True,01101110,3.6,0.0,0.0,3.18755e-05,104.49999999999197,-0.249684,-0.249684,current_full_transition_bis01_f2_sh002
t003_mid,3,mid,-1.667990520807702,CURRENT,full_transition_bis01,2,3,3,True,True,00000011,3.6,0.0,0.0,8.75478e-07,104.52199999999988,-1.66798,-1.66798,current_full_transition_bis01_f2_sh000
t004_mid,4,mid,-1.6547354150006153,CURRENT,full_transition_bis01,2,4,4,True,True,00000100,3.6,0.0,0.0,1.87548e-06,104.52000000000014,-1.65473,-1.65473,current_full_transition_bis01_f2_sh000
t005_mid,5,mid,-1.6414803091935286,CURRENT,full_transition_bis01,2,5,5,True,True,00000101,3.6,0.0,0.0,2.87548e-06,104.51999999999973,-1.64147,-1.64147,current_full_transition_bis01_f2_sh000
t006_mid,6,mid,-1.628225203386442,CURRENT,full_transition_bis01,2,6,6,True,True,00000110,3.6,0.0,0.0,3.87548e-06,104.52000000000014,-1.62822,-1.62822,current_full_transition_bis01_f2_sh000
t007_mid,7,mid,-1.6149700975793553,CURRENT,full_transition_bis01,2,7,7,True,True,00000111,3.6,0.0,0.0,4.87548e-06,104.52000000000099,-1.61496,-1.61496,current_full_transition_bis01_f2_sh000
t008_mid,8,mid,-1.6116759292722689,CURRENT,full_transition_bis01,2,7,7,True,True,00000111,3.6,0.0,0.0,5.87548e-06,104.52000000000014,-1.61167,-1.61167,current_full_transition_bis01_f2_sh000
t009_mid,9,mid,-1.5984208234651822,CURRENT,full_transition_bis01,2,8,8,True,True,00001000,3.6,0.0,0.0,6.87548e-06,104.52000000000014,-1.59841,-1.59841,current_full_transition_bis01_f2_sh000
t010_mid,10,mid,-1.5752047801580957,CURRENT,full_transition_bis01,2,10,10,True,True,00001010,3.6,0.0,0.0,7.87548e-06,104.52000000000014,-1.57519,-1.57519,current_full_transition_bis01_f2_sh000
t011_mid,11,mid,-1.561949674351009,CURRENT,full_transition_bis01,2,11,11,True,True,00001011,3.6,0.0,0.0,8.87548e-06,104.52000000000014,-1.56194,-1.56194,current_full_transition_bis01_f2_sh000
t012_mid,12,mid,-1.5486945685439224,CURRENT,full_transition_bis01,2,12,12,True,True,00001100,3.6,0.0,0.0,9.87548e-06,104.52000000000014,-1.54868,-1.54868,current_full_transition_bis01_f2_sh000
t013_mid,13,mid,-1.5354394627368357,CURRENT,full_transition_bis01,2,13,13,True,True,00001101,3.6,0.0,0.0,1.08755e-05,104.50000000000044,-1.53543,-1.53543,current_full_transition_bis01_f2_sh000
t014_mid,14,mid,-1.522184356929749,CURRENT,full_transition_bis01,2,14,14,True,True,00001110,3.6,0.0,0.0,1.18755e-05,104.50000000000044,-1.52217,-1.52217,current_full_transition_bis01_f2_sh000
t015_mid,15,mid,-1.5089292511226624,CURRENT,full_transition_bis01,2,15,15,True,True,00001111,3.6,0.0,0.0,1.28755e-05,104.49999999999875,-1.50892,-1.50892,current_full_transition_bis01_f2_sh000
t017_mid,17,mid,-1.4923799770084893,CURRENT,full_transition_bis01,2,16,16,True,True,00010000,3.6,0.0,0.0,1.38755e-05,104.50000000000044,-1.49237,-1.49237,current_full_transition_bis01_f2_sh000
t018_mid,18,mid,-1.4791248712014027,CURRENT,full_transition_bis01,2,17,17,True,True,00010001,3.6,0.0,0.0,1.48755e-05,104.50000000000044,-1.47911,-1.47911,current_full_transition_bis01_f2_sh000
t019_mid,19,mid,-1.4559088278943162,CURRENT,full_transition_bis01,2,19,19,True,True,00010011,3.6,0.0,0.0,1.58755e-05,104.49999999999875,-1.4559,-1.4559,current_full_transition_bis01_f2_sh000
t020_mid,20,mid,-1.4426537220872295,CURRENT,full_transition_bis01,2,20,20,True,True,00010100,3.6,0.0,0.0,1.68755e-05,104.49999999999535,-1.44264,-1.44264,current_full_transition_bis01_f2_sh000
t021_mid,21,mid,-1.4293986162801429,CURRENT,full_transition_bis01,2,21,21,True,True,00010101,3.6,0.0,0.0,1.78755e-05,104.49999999999875,-1.42939,-1.42939,current_full_transition_bis01_f2_sh000
t022_mid,22,mid,-1.4161435104730562,CURRENT,full_transition_bis01,2,22,22,True,True,00010110,3.6,0.0,0.0,1.88755e-05,104.49999999999875,-1.41613,-1.41613,current_full_transition_bis01_f2_sh000
t023_mid,23,mid,-1.4028884046659695,CURRENT,full_transition_bis01,2,23,23,True,True,00010111,3.6,0.0,0.0,1.98755e-05,104.49999999999875,-1.40288,-1.40288,current_full_transition_bis01_f2_sh000
t024_mid,24,mid,-1.3995942363588831,CURRENT,full_transition_bis01,2,23,23,True,True,00010111,3.6,0.0,0.0,2.08755e-05,104.49999999999875,-1.39958,-1.39958,current_full_transition_bis01_f2_sh000
t025_mid,25,mid,-1.3863391305517965,CURRENT,full_transition_bis01,2,24,24,True,True,00011000,3.6,0.0,0.0,2.18755e-05,104.49999999999535,-1.38633,-1.38633,current_full_transition_bis01_f2_sh000
t026_mid,26,mid,-1.3730840247447098,CURRENT,full_transition_bis01,2,25,25,True,True,00011001,3.6,0.0,0.0,2.28755e-05,104.49999999999535,-1.37307,-1.37307,current_full_transition_bis01_f2_sh000
t027_mid,27,mid,-1.3498679814376233,CURRENT,full_transition_bis01,2,27,27,True,True,00011011,3.6,0.0,0.0,2.38755e-05,104.49999999999875,-1.34986,-1.34986,current_full_transition_bis01_f2_sh000
t028_mid,28,mid,-1.3366128756305367,CURRENT,full_transition_bis01,2,28,28,True,True,00011100,3.6,0.0,0.0,2.48755e-05,104.49999999999875,-1.3366,-1.3366,current_full_transition_bis01_f2_sh000
t029_mid,29,mid,-1.32335776982345,CURRENT,full_transition_bis01,2,29,29,True,True,00011101,3.6,0.0,0.0,2.58755e-05,104.49999999999875,-1.32335,-1.32335,current_full_transition_bis01_f2_sh000
t030_mid,30,mid,-1.3101026640163633,CURRENT,full_transition_bis01,2,30,30,True,True,00011110,3.6,0.0,0.0,2.68755e-05,104.49999999999875,-1.31009,-1.31009,current_full_transition_bis01_f2_sh000
t034_mid,34,mid,-1.2570822407880167,CURRENT,full_transition_bis01,2,34,34,True,True,00100010,3.6,0.0,0.0,2.78755e-05,104.49999999999535,-1.25707,-1.25707,current_full_transition_bis01_f2_sh000
t035_mid,35,mid,-1.2438271349809304,CURRENT,full_transition_bis01,2,35,35,True,True,00100011,3.6,0.0,0.0,2.88755e-05,104.49999999999535,-1.24382,-1.24382,current_full_transition_bis01_f2_sh000
t036_mid,36,mid,-1.2305720291738438,CURRENT,full_transition_bis01,2,36,36,True,True,00100100,3.6,0.0,0.0,2.98755e-05,104.49999999999875,-1.23056,-1.23056,current_full_transition_bis01_f2_sh000
t037_mid,37,mid,-1.2173169233667571,CURRENT,full_transition_bis01,2,37,37,True,True,00100101,3.6,0.0,0.0,3.08755e-05,104.49999999999875,-1.21731,-1.21731,current_full_transition_bis01_f2_sh000
t038_mid,38,mid,-1.2040618175596705,CURRENT,full_transition_bis01,2,38,38,True,True,00100110,3.6,0.0,0.0,3.18755e-05,104.49999999999197,-1.20405,-1.20405,current_full_transition_bis01_f2_sh000
t039_mid,39,mid,-1.1908067117525838,CURRENT,full_transition_bis01,2,39,39,True,True,00100111,3.6,0.0,0.0,8.75481e-07,104.5189999999999,-1.1908,-1.1908,current_full_transition_bis01_f2_sh001
t040_mid,40,mid,-1.1775516059454971,CURRENT,full_transition_bis01,2,40,40,True,True,00101000,3.6,0.0,0.0,1.87548e-06,104.52000000000014,-1.17754,-1.17754,current_full_transition_bis01_f2_sh001
t041_mid,41,mid,-1.1642965001384105,CURRENT,full_transition_bis01,2,41,41,True,True,00101001,3.6,0.0,0.0,2.87548e-06,104.51999999999973,-1.16429,-1.16429,current_full_transition_bis01_f2_sh001
t042_mid,42,mid,-1.1510413943313238,CURRENT,full_transition_bis01,2,42,42,True,True,00101010,3.6,0.0,0.0,3.87548e-06,104.52000000000014,-1.15103,-1.15103,current_full_transition_bis01_f2_sh001
t043_mid,43,mid,-1.1377862885242371,CURRENT,full_transition_bis01,2,43,43,True,True,00101011,3.6,0.0,0.0,4.87548e-06,104.52000000000099,-1.13778,-1.13778,current_full_transition_bis01_f2_sh001
t044_mid,44,mid,-1.124531182717151,CURRENT,full_transition_bis01,2,44,44,True,True,00101100,3.6,0.0,0.0,5.87548e-06,104.52000000000014,-1.12452,-1.12452,current_full_transition_bis01_f2_sh001
t045_mid,45,mid,-1.1112760769100642,CURRENT,full_transition_bis01,2,45,45,True,True,00101101,3.6,0.0,0.0,6.87548e-06,104.52000000000014,-1.11127,-1.11127,current_full_transition_bis01_f2_sh001
t046_mid,46,mid,-1.0980209711029776,CURRENT,full_transition_bis01,2,46,46,True,True,00101110,3.6,0.0,0.0,7.87548e-06,104.52000000000014,-1.09801,-1.09801,current_full_transition_bis01_f2_sh001
t047_mid,47,mid,-1.084765865295891,CURRENT,full_transition_bis01,2,47,47,True,True,00101111,3.6,0.0,0.0,8.87548e-06,104.52000000000014,-1.08476,-1.08476,current_full_transition_bis01_f2_sh001
t049_mid,49,mid,-1.0582556536817176,CURRENT,full_transition_bis01,2,49,49,True,True,00110001,3.6,0.0,0.0,9.87548e-06,104.52000000000014,-1.05825,-1.05825,current_full_transition_bis01_f2_sh001
t050_mid,50,mid,-1.045000547874631,CURRENT,full_transition_bis01,2,50,50,True,True,00110010,3.6,0.0,0.0,1.08755e-05,104.50000000000044,-1.04499,-1.04499,current_full_transition_bis01_f2_sh001
t051_mid,51,mid,-1.0317454420675443,CURRENT,full_transition_bis01,2,51,51,True,True,00110011,3.6,0.0,0.0,1.18755e-05,104.50000000000044,-1.03174,-1.03174,current_full_transition_bis01_f2_sh001
t052_mid,52,mid,-1.0184903362604576,CURRENT,full_transition_bis01,2,52,52,True,True,00110100,3.6,0.0,0.0,1.28755e-05,104.49999999999875,-1.01848,-1.01848,current_full_transition_bis01_f2_sh001
t053_mid,53,mid,-1.0052352304533714,CURRENT,full_transition_bis01,2,53,53,True,True,00110101,3.6,0.0,0.0,1.38755e-05,104.50000000000044,-1.00523,-1.00523,current_full_transition_bis01_f2_sh001
t054_mid,54,mid,-0.9919801246462845,CURRENT,full_transition_bis01,2,54,54,True,True,00110110,3.6,0.0,0.0,1.48755e-05,104.50000000000044,-0.99197,-0.99197,current_full_transition_bis01_f2_sh001
t055_mid,55,mid,-0.9787250188391979,CURRENT,full_transition_bis01,2,55,55,True,True,00110111,3.6,0.0,0.0,1.58755e-05,104.49999999999875,-0.978715,-0.978715,current_full_transition_bis01_f2_sh001
t056_mid,56,mid,-0.9654699130321113,CURRENT,full_transition_bis01,2,56,56,True,True,00111000,3.6,0.0,0.0,1.68755e-05,104.49999999999535,-0.96546,-0.96546,current_full_transition_bis01_f2_sh001
t057_mid,57,mid,-0.9522148072250246,CURRENT,full_transition_bis01,2,57,57,True,True,00111001,3.6,0.0,0.0,1.78755e-05,104.49999999999875,-0.952205,-0.952205,current_full_transition_bis01_f2_sh001
t058_mid,58,mid,-0.938959701417938,CURRENT,full_transition_bis01,2,58,58,True,True,00111010,3.6,0.0,0.0,1.88755e-05,104.49999999999875,-0.93895,-0.93895,current_full_transition_bis01_f2_sh001
t059_mid,59,mid,-0.9257045956108514,CURRENT,full_transition_bis01,2,59,59,True,True,00111011,3.6,0.0,0.0,1.98755e-05,104.49999999999875,-0.925695,-0.925695,current_full_transition_bis01_f2_sh001
t060_mid,60,mid,-0.9124494898037648,CURRENT,full_transition_bis01,2,60,60,True,True,00111100,3.6,0.0,0.0,2.08755e-05,104.49999999999875,-0.912439,-0.912439,current_full_transition_bis01_f2_sh001
t061_mid,61,mid,-0.8991943839966782,CURRENT,full_transition_bis01,2,61,61,True,True,00111101,3.6,0.0,0.0,2.18755e-05,104.49999999999535,-0.899184,-0.899184,current_full_transition_bis01_f2_sh001
t062_mid,62,mid,-0.8859392781895916,CURRENT,full_transition_bis01,2,62,62,True,True,00111110,3.6,0.0,0.0,2.28755e-05,104.49999999999535,-0.885929,-0.885929,current_full_transition_bis01_f2_sh001
t066_mid,66,mid,-0.8329188549612451,CURRENT,full_transition_bis01,2,66,66,True,True,01000010,3.6,0.0,0.0,2.38755e-05,104.49999999999875,-0.832909,-0.832909,current_full_transition_bis01_f2_sh001
t067_mid,67,mid,-0.8196637491541585,CURRENT,full_transition_bis01,2,67,67,True,True,01000011,3.6,0.0,0.0,2.48755e-05,104.49999999999875,-0.819654,-0.819654,current_full_transition_bis01_f2_sh001
t068_mid,68,mid,-0.8064086433470719,CURRENT,full_transition_bis01,2,68,68,True,True,01000100,3.6,0.0,0.0,2.58755e-05,104.49999999999875,-0.806399,-0.806399,current_full_transition_bis01_f2_sh001
t069_mid,69,mid,-0.7931535375399853,CURRENT,full_transition_bis01,2,69,69,True,True,01000101,3.6,0.0,0.0,2.68755e-05,104.49999999999875,-0.793144,-0.793144,current_full_transition_bis01_f2_sh001
t070_mid,70,mid,-0.7798984317328986,CURRENT,full_transition_bis01,2,70,70,True,True,01000110,3.6,0.0,0.0,2.78755e-05,104.49999999999535,-0.779888,-0.779888,current_full_transition_bis01_f2_sh001
t071_mid,71,mid,-0.7666433259258121,CURRENT,full_transition_bis01,2,71,71,True,True,01000111,3.6,0.0,0.0,2.88755e-05,104.49999999999535,-0.766633,-0.766633,current_full_transition_bis01_f2_sh001
t072_mid,72,mid,-0.7533882201187254,CURRENT,full_transition_bis01,2,72,72,True,True,01001000,3.6,0.0,0.0,2.98755e-05,104.49999999999875,-0.753378,-0.753378,current_full_transition_bis01_f2_sh001
t073_mid,73,mid,-0.7401331143116389,CURRENT,full_transition_bis01,2,73,73,True,True,01001001,3.6,0.0,0.0,3.08755e-05,104.49999999999875,-0.740123,-0.740123,current_full_transition_bis01_f2_sh001
t074_mid,74,mid,-0.7268780085045522,CURRENT,full_transition_bis01,2,74,74,True,True,01001010,3.6,0.0,0.0,3.18755e-05,104.49999999999197,-0.726868,-0.726868,current_full_transition_bis01_f2_sh001
t111_mid,111,mid,-0.23643909364234741,CURRENT,full_transition_bis01,2,111,111,True,True,01101111,3.6,0.0,0.0,8.75479e-07,104.52099999999996,-0.236429,-0.236429,current_full_transition_bis01_f2_sh003
t113_mid,113,mid,-0.20992888202817409,CURRENT,full_transition_bis01,2,113,113,True,True,01110001,3.6,0.0,0.0,1.87548e-06,104.52000000000014,-0.209919,-0.209919,current_full_transition_bis01_f2_sh003
t114_mid,114,mid,-0.19667377622108764,CURRENT,full_transition_bis01,2,114,114,True,True,01110010,3.6,0.0,0.0,2.87548e-06,104.51999999999973,-0.196664,-0.196664,current_full_transition_bis01_f2_sh003
t115_mid,115,mid,-0.18341867041400098,CURRENT,full_transition_bis01,2,115,115,True,True,01110011,3.6,0.0,0.0,3.87548e-06,104.52000000000014,-0.183409,-0.183409,current_full_transition_bis01_f2_sh003
t116_mid,116,mid,-0.1701635646069143,CURRENT,full_transition_bis01,2,116,116,True,True,01110100,3.6,0.0,0.0,4.87548e-06,104.52000000000099,-0.170154,-0.170154,current_full_transition_bis01_f2_sh003
t117_mid,117,mid,-0.15690845879982765,CURRENT,full_transition_bis01,2,117,117,True,True,01110101,3.6,0.0,0.0,5.87548e-06,104.52000000000014,-0.156898,-0.156898,current_full_transition_bis01_f2_sh003
t118_mid,118,mid,-0.1436533529927412,CURRENT,full_transition_bis01,2,118,118,True,True,01110110,3.6,0.0,0.0,6.87548e-06,104.52000000000014,-0.143643,-0.143643,current_full_transition_bis01_f2_sh003
t119_mid,119,mid,-0.13039824718565454,CURRENT,full_transition_bis01,2,119,119,True,True,01110111,3.6,0.0,0.0,7.87548e-06,104.52000000000014,-0.130388,-0.130388,current_full_transition_bis01_f2_sh003
t120_mid,120,mid,-0.11714314137856788,CURRENT,full_transition_bis01,2,120,120,True,True,01111000,3.6,0.0,0.0,8.87548e-06,104.52000000000014,-0.117133,-0.117133,current_full_transition_bis01_f2_sh003
t121_mid,121,mid,-0.10388803557148121,CURRENT,full_transition_bis01,2,121,121,True,True,01111001,3.6,0.0,0.0,9.87548e-06,104.52000000000014,-0.103878,-0.103878,current_full_transition_bis01_f2_sh003
t122_mid,122,mid,-0.09063292976439455,CURRENT,full_transition_bis01,2,122,122,True,True,01111010,3.6,0.0,0.0,1.08755e-05,104.50000000000044,-0.0906229,-0.0906229,current_full_transition_bis01_f2_sh003
t123_mid,123,mid,-0.0773778239573081,CURRENT,full_transition_bis01,2,123,123,True,True,01111011,3.6,0.0,0.0,1.18755e-05,104.50000000000044,-0.0773678,-0.0773678,current_full_transition_bis01_f2_sh003
t124_mid,124,mid,-0.06412271815022144,CURRENT,full_transition_bis01,2,124,124,True,True,01111100,3.6,0.0,0.0,1.28755e-05,104.49999999999875,-0.0641127,-0.0641127,current_full_transition_bis01_f2_sh003
t125_mid,125,mid,-0.05086761234313477,CURRENT,full_transition_bis01,2,125,125,True,True,01111101,3.6,0.0,0.0,1.38755e-05,104.50000000000044,-0.0508576,-0.0508576,current_full_transition_bis01_f2_sh003
t126_mid,126,mid,-0.037612506536048106,CURRENT,full_transition_bis01,2,126,126,True,True,01111110,3.6,0.0,0.0,1.48755e-05,104.50000000000044,-0.0376025,-0.0376025,current_full_transition_bis01_f2_sh003
t130_mid,130,mid,0.005446979192298329,CURRENT,full_transition_bis01,2,129,129,True,True,10000001,3.6,0.0,0.0,1.58755e-05,104.49999999999875,0.00545698,0.00545698,current_full_transition_bis01_f2_sh003
t131_mid,131,mid,0.018702084999384992,CURRENT,full_transition_bis01,2,130,130,True,True,10000010,3.6,0.0,0.0,1.68755e-05,104.49999999999535,0.0187121,0.0187121,current_full_transition_bis01_f2_sh003
t132_mid,132,mid,0.031957190806471435,CURRENT,full_transition_bis01,2,131,131,True,True,10000011,3.6,0.0,0.0,1.78755e-05,104.49999999999875,0.0319672,0.0319672,current_full_transition_bis01_f2_sh003
t133_mid,133,mid,0.0452122966135581,CURRENT,full_transition_bis01,2,132,132,True,True,10000100,3.6,0.0,0.0,1.88755e-05,104.49999999999875,0.0452223,0.0452223,current_full_transition_bis01_f2_sh003
t134_mid,134,mid,0.058467402420644764,CURRENT,full_transition_bis01,2,133,133,True,True,10000101,3.6,0.0,0.0,1.98755e-05,104.49999999999875,0.0584774,0.0584774,current_full_transition_bis01_f2_sh003
t135_mid,135,mid,0.07172250822773144,CURRENT,full_transition_bis01,2,134,134,True,True,10000110,3.6,0.0,0.0,2.08755e-05,104.49999999999875,0.0717325,0.0717325,current_full_transition_bis01_f2_sh003
t136_mid,136,mid,0.08497761403481788,CURRENT,full_transition_bis01,2,135,135,True,True,10000111,3.6,0.0,0.0,2.18755e-05,104.49999999999535,0.0849876,0.0849876,current_full_transition_bis01_f2_sh003
t137_mid,137,mid,0.09823271984190454,CURRENT,full_transition_bis01,2,136,136,True,True,10001000,3.6,0.0,0.0,2.28755e-05,104.49999999999535,0.0982427,0.0982427,current_full_transition_bis01_f2_sh003
t138_mid,138,mid,0.1114878256489912,CURRENT,full_transition_bis01,2,137,137,True,True,10001001,3.6,0.0,0.0,2.38755e-05,104.49999999999875,0.111498,0.111498,current_full_transition_bis01_f2_sh003
t139_mid,139,mid,0.12474293145607787,CURRENT,full_transition_bis01,2,138,138,True,True,10001010,3.6,0.0,0.0,2.48755e-05,104.49999999999875,0.124753,0.124753,current_full_transition_bis01_f2_sh003
t140_mid,140,mid,0.13799803726316454,CURRENT,full_transition_bis01,2,139,139,True,True,10001011,3.6,0.0,0.0,2.58755e-05,104.49999999999875,0.138008,0.138008,current_full_transition_bis01_f2_sh003
t141_mid,141,mid,0.15125314307025098,CURRENT,full_transition_bis01,2,140,140,True,True,10001100,3.6,0.0,0.0,2.68755e-05,104.49999999999875,0.151263,0.151263,current_full_transition_bis01_f2_sh003
t142_mid,142,mid,0.16450824887733764,CURRENT,full_transition_bis01,2,141,141,True,True,10001101,3.6,0.0,0.0,2.78755e-05,104.49999999999535,0.164518,0.164518,current_full_transition_bis01_f2_sh003
t143_mid,143,mid,0.1777633546844243,CURRENT,full_transition_bis01,2,142,142,True,True,10001110,3.6,0.0,0.0,2.88755e-05,104.49999999999535,0.177773,0.177773,current_full_transition_bis01_f2_sh003
t145_mid,145,mid,0.20427356629859741,CURRENT,full_transition_bis01,2,144,144,True,True,10010000,3.6,0.0,0.0,2.98755e-05,104.49999999999875,0.204284,0.204284,current_full_transition_bis01_f2_sh003
t146_mid,146,mid,0.21752867210568408,CURRENT,full_transition_bis01,2,145,145,True,True,10010001,3.6,0.0,0.0,3.08755e-05,104.49999999999875,0.217539,0.217539,current_full_transition_bis01_f2_sh003
t147_mid,147,mid,0.23078377791277074,CURRENT,full_transition_bis01,2,146,146,True,True,10010010,3.6,0.0,0.0,3.18755e-05,104.49999999999197,0.230794,0.230794,current_full_transition_bis01_f2_sh003
t221_mid,221,mid,1.2116616076371804,CURRENT,full_transition_bis01,2,220,220,True,True,11011100,3.6,0.0,0.0,8.75478e-07,104.52199999999988,1.21167,1.21167,current_full_transition_bis01_f2_sh006
t222_mid,222,mid,1.2249167134442671,CURRENT,full_transition_bis01,2,221,221,True,True,11011101,3.6,0.0,0.0,1.87548e-06,104.52000000000014,1.22493,1.22493,current_full_transition_bis01_f2_sh006
t226_mid,226,mid,1.2779371366726133,CURRENT,full_transition_bis01,2,225,225,True,True,11100001,3.6,0.0,0.0,2.87548e-06,104.51999999999973,1.27795,1.27795,current_full_transition_bis01_f2_sh006
t227_mid,227,mid,1.2911922424797,CURRENT,full_transition_bis01,2,226,226,True,True,11100010,3.6,0.0,0.0,3.87548e-06,104.52000000000014,1.2912,1.2912,current_full_transition_bis01_f2_sh006
t228_mid,228,mid,1.3044473482867867,CURRENT,full_transition_bis01,2,227,227,True,True,11100011,3.6,0.0,0.0,4.87548e-06,104.52000000000099,1.30446,1.30446,current_full_transition_bis01_f2_sh006
t229_mid,229,mid,1.3177024540938733,CURRENT,full_transition_bis01,2,228,228,True,True,11100100,3.6,0.0,0.0,5.87548e-06,104.52000000000014,1.31771,1.31771,current_full_transition_bis01_f2_sh006
t230_mid,230,mid,1.33095755990096,CURRENT,full_transition_bis01,2,229,229,True,True,11100101,3.6,0.0,0.0,6.87548e-06,104.52000000000014,1.33097,1.33097,current_full_transition_bis01_f2_sh006
t231_mid,231,mid,1.3541736032080465,CURRENT,full_transition_bis01,2,231,231,True,True,11100111,3.6,0.0,0.0,7.87548e-06,104.52000000000014,1.35418,1.35418,current_full_transition_bis01_f2_sh006
t232_mid,232,mid,1.3574677715151333,CURRENT,full_transition_bis01,2,231,231,True,True,11100111,3.6,0.0,0.0,8.87548e-06,104.52000000000014,1.35748,1.35748,current_full_transition_bis01_f2_sh006
t233_mid,233,mid,1.37072287732222,CURRENT,full_transition_bis01,2,232,232,True,True,11101000,3.6,0.0,0.0,9.87548e-06,104.52000000000014,1.37073,1.37073,current_full_transition_bis01_f2_sh006
t234_mid,234,mid,1.3839779831293066,CURRENT,full_transition_bis01,2,233,233,True,True,11101001,3.6,0.0,0.0,1.08755e-05,104.50000000000044,1.38399,1.38399,current_full_transition_bis01_f2_sh006
t235_mid,235,mid,1.3972330889363929,CURRENT,full_transition_bis01,2,234,234,True,True,11101010,3.6,0.0,0.0,1.18755e-05,104.50000000000044,1.39724,1.39724,current_full_transition_bis01_f2_sh006
t236_mid,236,mid,1.4104881947434795,CURRENT,full_transition_bis01,2,235,235,True,True,11101011,3.6,0.0,0.0,1.28755e-05,104.49999999999875,1.4105,1.4105,current_full_transition_bis01_f2_sh006
t237_mid,237,mid,1.4237433005505662,CURRENT,full_transition_bis01,2,236,236,True,True,11101100,3.6,0.0,0.0,1.38755e-05,104.50000000000044,1.42375,1.42375,current_full_transition_bis01_f2_sh006
t238_mid,238,mid,1.4369984063576529,CURRENT,full_transition_bis01,2,237,237,True,True,11101101,3.6,0.0,0.0,1.48755e-05,104.50000000000044,1.43701,1.43701,current_full_transition_bis01_f2_sh006
t239_mid,239,mid,1.4602144496647393,CURRENT,full_transition_bis01,2,239,239,True,True,11101111,3.6,0.0,0.0,1.58755e-05,104.49999999999875,1.46022,1.46022,current_full_transition_bis01_f2_sh006
t240_mid,240,mid,1.4635086179718262,CURRENT,full_transition_bis01,2,239,239,True,True,11101111,3.6,0.0,0.0,1.68755e-05,104.49999999999535,1.46352,1.46352,current_full_transition_bis01_f2_sh006
t241_mid,241,mid,1.4767637237789129,CURRENT,full_transition_bis01,2,240,240,True,True,11110000,3.6,0.0,0.0,1.78755e-05,104.49999999999875,1.47677,1.47677,current_full_transition_bis01_f2_sh006
t242_mid,242,mid,1.4900188295859995,CURRENT,full_transition_bis01,2,241,241,True,True,11110001,3.6,0.0,0.0,1.88755e-05,104.49999999999875,1.49003,1.49003,current_full_transition_bis01_f2_sh006
t243_mid,243,mid,1.5032739353930862,CURRENT,full_transition_bis01,2,242,242,True,True,11110010,3.6,0.0,0.0,1.98755e-05,104.49999999999875,1.50328,1.50328,current_full_transition_bis01_f2_sh006
t244_mid,244,mid,1.5165290412001724,CURRENT,full_transition_bis01,2,243,243,True,True,11110011,3.6,0.0,0.0,2.08755e-05,104.49999999999875,1.51654,1.51654,current_full_transition_bis01_f2_sh006
t245_mid,245,mid,1.529784147007259,CURRENT,full_transition_bis01,2,244,244,True,True,11110100,3.6,0.0,0.0,2.18755e-05,104.49999999999535,1.52979,1.52979,current_full_transition_bis01_f2_sh006
t246_mid,246,mid,1.5430392528143457,CURRENT,full_transition_bis01,2,245,245,True,True,11110101,3.6,0.0,0.0,2.28755e-05,104.49999999999535,1.54305,1.54305,current_full_transition_bis01_f2_sh006
t247_mid,247,mid,1.5562943586214324,CURRENT,full_transition_bis01,2,246,246,True,True,11110110,3.6,0.0,0.0,2.38755e-05,104.49999999999875,1.5563,1.5563,current_full_transition_bis01_f2_sh006
t248_mid,248,mid,1.569549464428519,CURRENT,full_transition_bis01,2,247,247,True,True,11110111,3.6,0.0,0.0,2.48755e-05,104.49999999999875,1.56956,1.56956,current_full_transition_bis01_f2_sh006
t249_mid,249,mid,1.5828045702356057,CURRENT,full_transition_bis01,2,248,248,True,True,11111000,3.6,0.0,0.0,2.58755e-05,104.49999999999875,1.58281,1.58281,current_full_transition_bis01_f2_sh006
t250_mid,250,mid,1.5960596760426924,CURRENT,full_transition_bis01,2,249,249,True,True,11111001,3.6,0.0,0.0,2.68755e-05,104.49999999999875,1.59607,1.59607,current_full_transition_bis01_f2_sh006
t251_mid,251,mid,1.609314781849779,CURRENT,full_transition_bis01,2,250,250,True,True,11111010,3.6,0.0,0.0,2.78755e-05,104.49999999999535,1.60932,1.60932,current_full_transition_bis01_f2_sh006
t252_mid,252,mid,1.6225698876568657,CURRENT,full_transition_bis01,2,251,251,True,True,11111011,3.6,0.0,0.0,2.88755e-05,104.49999999999535,1.62258,1.62258,current_full_transition_bis01_f2_sh006
t253_mid,253,mid,1.635824993463952,CURRENT,full_transition_bis01,2,252,252,True,True,11111100,3.6,0.0,0.0,2.98755e-05,104.49999999999875,1.63583,1.63583,current_full_transition_bis01_f2_sh006
t254_mid,254,mid,1.6490800992710386,CURRENT,full_transition_bis01,2,253,253,True,True,11111101,3.6,0.0,0.0,3.08755e-05,104.49999999999875,1.64909,1.64909,current_full_transition_bis01_f2_sh006
t148_mid,148,mid,0.2440388837198574,CURRENT,full_transition_bis01,2,147,147,True,True,10010011,3.6,0.0,0.0,8.7548e-07,104.51999999999994,0.244049,0.244049,current_full_transition_bis01_f2_sh004
t149_mid,149,mid,0.25729398952694404,CURRENT,full_transition_bis01,2,148,148,True,True,10010100,3.6,0.0,0.0,1.87548e-06,104.52000000000014,0.257304,0.257304,current_full_transition_bis01_f2_sh004
t150_mid,150,mid,0.2705490953340305,CURRENT,full_transition_bis01,2,149,149,True,True,10010101,3.6,0.0,0.0,2.87548e-06,104.51999999999973,0.270559,0.270559,current_full_transition_bis01_f2_sh004
t151_mid,151,mid,0.28380420114111715,CURRENT,full_transition_bis01,2,150,150,True,True,10010110,3.6,0.0,0.0,3.87548e-06,104.52000000000014,0.283814,0.283814,current_full_transition_bis01_f2_sh004
t152_mid,152,mid,0.2970593069482036,CURRENT,full_transition_bis01,2,151,151,True,True,10010111,3.6,0.0,0.0,4.87548e-06,104.52000000000099,0.297069,0.297069,current_full_transition_bis01_f2_sh004
t153_mid,153,mid,0.31031441275529026,CURRENT,full_transition_bis01,2,152,152,True,True,10011000,3.6,0.0,0.0,5.87548e-06,104.52000000000014,0.310324,0.310324,current_full_transition_bis01_f2_sh004
t154_mid,154,mid,0.3235695185623769,CURRENT,full_transition_bis01,2,153,153,True,True,10011001,3.6,0.0,0.0,6.87548e-06,104.52000000000014,0.32358,0.32358,current_full_transition_bis01_f2_sh004
t155_mid,155,mid,0.3368246243694636,CURRENT,full_transition_bis01,2,154,154,True,True,10011010,3.6,0.0,0.0,7.87548e-06,104.52000000000014,0.336835,0.336835,current_full_transition_bis01_f2_sh004
t156_mid,156,mid,0.35007973017655025,CURRENT,full_transition_bis01,2,155,155,True,True,10011011,3.6,0.0,0.0,8.87548e-06,104.52000000000014,0.35009,0.35009,current_full_transition_bis01_f2_sh004
t157_mid,157,mid,0.3633348359836369,CURRENT,full_transition_bis01,2,156,156,True,True,10011100,3.6,0.0,0.0,9.87548e-06,104.52000000000014,0.363345,0.363345,current_full_transition_bis01_f2_sh004
t158_mid,158,mid,0.3765899417907236,CURRENT,full_transition_bis01,2,157,157,True,True,10011101,3.6,0.0,0.0,1.08755e-05,104.50000000000044,0.3766,0.3766,current_full_transition_bis01_f2_sh004
t162_mid,162,mid,0.4296103650190698,CURRENT,full_transition_bis01,2,161,161,True,True,10100001,3.6,0.0,0.0,1.18755e-05,104.50000000000044,0.42962,0.42962,current_full_transition_bis01_f2_sh004
t163_mid,163,mid,0.44286547082615646,CURRENT,full_transition_bis01,2,162,162,True,True,10100010,3.6,0.0,0.0,1.28755e-05,104.49999999999875,0.442876,0.442875,current_full_transition_bis01_f2_sh004
t164_mid,164,mid,0.4561205766332431,CURRENT,full_transition_bis01,2,163,163,True,True,10100011,3.6,0.0,0.0,1.38755e-05,104.50000000000044,0.456131,0.456131,current_full_transition_bis01_f2_sh004
t165_mid,165,mid,0.4693756824403298,CURRENT,full_transition_bis01,2,164,164,True,True,10100100,3.6,0.0,0.0,1.48755e-05,104.50000000000044,0.469386,0.469386,current_full_transition_bis01_f2_sh004
t166_mid,166,mid,0.48263078824741645,CURRENT,full_transition_bis01,2,165,165,True,True,10100101,3.6,0.0,0.0,1.58755e-05,104.49999999999875,0.482641,0.482641,current_full_transition_bis01_f2_sh004
t167_mid,167,mid,0.4958858940545031,CURRENT,full_transition_bis01,2,166,166,True,True,10100110,3.6,0.0,0.0,1.68755e-05,104.49999999999535,0.495896,0.495896,current_full_transition_bis01_f2_sh004
t168_mid,168,mid,0.5091409998615898,CURRENT,full_transition_bis01,2,167,167,True,True,10100111,3.6,0.0,0.0,1.78755e-05,104.49999999999875,0.509151,0.509151,current_full_transition_bis01_f2_sh004
t169_mid,169,mid,0.5223961056686764,CURRENT,full_transition_bis01,2,168,168,True,True,10101000,3.6,0.0,0.0,1.88755e-05,104.49999999999875,0.522406,0.522406,current_full_transition_bis01_f2_sh004
t170_mid,170,mid,0.5356512114757631,CURRENT,full_transition_bis01,2,169,169,True,True,10101001,3.6,0.0,0.0,1.98755e-05,104.49999999999875,0.535661,0.535661,current_full_transition_bis01_f2_sh004
t171_mid,171,mid,0.5489063172828493,CURRENT,full_transition_bis01,2,170,170,True,True,10101010,3.6,0.0,0.0,2.08755e-05,104.49999999999875,0.548916,0.548916,current_full_transition_bis01_f2_sh004
t172_mid,172,mid,0.562161423089936,CURRENT,full_transition_bis01,2,171,171,True,True,10101011,3.6,0.0,0.0,2.18755e-05,104.49999999999535,0.562171,0.562171,current_full_transition_bis01_f2_sh004
t173_mid,173,mid,0.5754165288970227,CURRENT,full_transition_bis01,2,172,172,True,True,10101100,3.6,0.0,0.0,2.28755e-05,104.49999999999535,0.575427,0.575427,current_full_transition_bis01_f2_sh004
t174_mid,174,mid,0.5886716347041093,CURRENT,full_transition_bis01,2,173,173,True,True,10101101,3.6,0.0,0.0,2.38755e-05,104.49999999999875,0.588682,0.588682,current_full_transition_bis01_f2_sh004
t175_mid,175,mid,0.601926740511196,CURRENT,full_transition_bis01,2,174,174,True,True,10101110,3.6,0.0,0.0,2.48755e-05,104.49999999999875,0.601937,0.601937,current_full_transition_bis01_f2_sh004
t177_mid,177,mid,0.6284369521253693,CURRENT,full_transition_bis01,2,176,176,True,True,10110000,3.6,0.0,0.0,2.58755e-05,104.49999999999875,0.628447,0.628447,current_full_transition_bis01_f2_sh004
t178_mid,178,mid,0.641692057932456,CURRENT,full_transition_bis01,2,177,177,True,True,10110001,3.6,0.0,0.0,2.68755e-05,104.49999999999875,0.641702,0.641702,current_full_transition_bis01_f2_sh004
t179_mid,179,mid,0.6549471637395426,CURRENT,full_transition_bis01,2,178,178,True,True,10110010,3.6,0.0,0.0,2.78755e-05,104.49999999999535,0.654957,0.654957,current_full_transition_bis01_f2_sh004
t180_mid,180,mid,0.6682022695466289,CURRENT,full_transition_bis01,2,179,179,True,True,10110011,3.6,0.0,0.0,2.88755e-05,104.49999999999535,0.668212,0.668212,current_full_transition_bis01_f2_sh004
t181_mid,181,mid,0.6814573753537155,CURRENT,full_transition_bis01,2,180,180,True,True,10110100,3.6,0.0,0.0,2.98755e-05,104.49999999999875,0.681467,0.681467,current_full_transition_bis01_f2_sh004
t182_mid,182,mid,0.6947124811608022,CURRENT,full_transition_bis01,2,181,181,True,True,10110101,3.6,0.0,0.0,3.08755e-05,104.49999999999875,0.694723,0.694723,current_full_transition_bis01_f2_sh004
t183_mid,183,mid,0.7079675869678889,CURRENT,full_transition_bis01,2,182,182,True,True,10110110,3.6,0.0,0.0,3.18755e-05,104.49999999999197,0.707978,0.707978,current_full_transition_bis01_f2_sh004
t184_mid,184,mid,0.7212226927749755,CURRENT,full_transition_bis01,2,183,183,True,True,10110111,3.6,0.0,0.0,8.75481e-07,104.5189999999999,0.721233,0.721233,current_full_transition_bis01_f2_sh005
t185_mid,185,mid,0.7344777985820622,CURRENT,full_transition_bis01,2,184,184,True,True,10111000,3.6,0.0,0.0,1.87548e-06,104.52000000000014,0.734488,0.734488,current_full_transition_bis01_f2_sh005
t186_mid,186,mid,0.7477329043891489,CURRENT,full_transition_bis01,2,185,185,True,True,10111001,3.6,0.0,0.0,2.87548e-06,104.51999999999973,0.747743,0.747743,current_full_transition_bis01_f2_sh005
t187_mid,187,mid,0.7609880101962355,CURRENT,full_transition_bis01,2,186,186,True,True,10111010,3.6,0.0,0.0,3.87548e-06,104.52000000000014,0.760998,0.760998,current_full_transition_bis01_f2_sh005
t188_mid,188,mid,0.7742431160033222,CURRENT,full_transition_bis01,2,187,187,True,True,10111011,3.6,0.0,0.0,4.87548e-06,104.52000000000099,0.774253,0.774253,current_full_transition_bis01_f2_sh005
t189_mid,189,mid,0.7874982218104084,CURRENT,full_transition_bis01,2,188,188,True,True,10111100,3.6,0.0,0.0,5.87548e-06,104.52000000000014,0.787508,0.787508,current_full_transition_bis01_f2_sh005
t194_mid,194,mid,0.8537737508458417,CURRENT,full_transition_bis01,2,193,193,True,True,11000001,3.6,0.0,0.0,6.87548e-06,104.52000000000014,0.853784,0.853784,current_full_transition_bis01_f2_sh005
t195_mid,195,mid,0.8670288566529284,CURRENT,full_transition_bis01,2,194,194,True,True,11000010,3.6,0.0,0.0,7.87548e-06,104.52000000000014,0.867039,0.867039,current_full_transition_bis01_f2_sh005
t196_mid,196,mid,0.8802839624600151,CURRENT,full_transition_bis01,2,195,195,True,True,11000011,3.6,0.0,0.0,8.87548e-06,104.52000000000014,0.880294,0.880294,current_full_transition_bis01_f2_sh005
t197_mid,197,mid,0.8935390682671017,CURRENT,full_transition_bis01,2,196,196,True,True,11000100,3.6,0.0,0.0,9.87548e-06,104.52000000000014,0.893549,0.893549,current_full_transition_bis01_f2_sh005
t198_mid,198,mid,0.9067941740741879,CURRENT,full_transition_bis01,2,197,197,True,True,11000101,3.6,0.0,0.0,1.08755e-05,104.50000000000044,0.906804,0.906804,current_full_transition_bis01_f2_sh005
t199_mid,199,mid,0.9200492798812746,CURRENT,full_transition_bis01,2,198,198,True,True,11000110,3.6,0.0,0.0,1.18755e-05,104.50000000000044,0.920059,0.920059,current_full_transition_bis01_f2_sh005
t200_mid,200,mid,0.9333043856883613,CURRENT,full_transition_bis01,2,199,199,True,True,11000111,3.6,0.0,0.0,1.28755e-05,104.49999999999875,0.933314,0.933314,current_full_transition_bis01_f2_sh005
t201_mid,201,mid,0.9465594914954479,CURRENT,full_transition_bis01,2,200,200,True,True,11001000,3.6,0.0,0.0,1.38755e-05,104.50000000000044,0.946569,0.946569,current_full_transition_bis01_f2_sh005
t202_mid,202,mid,0.9598145973025346,CURRENT,full_transition_bis01,2,201,201,True,True,11001001,3.6,0.0,0.0,1.48755e-05,104.50000000000044,0.959825,0.959825,current_full_transition_bis01_f2_sh005
t203_mid,203,mid,0.9730697031096213,CURRENT,full_transition_bis01,2,202,202,True,True,11001010,3.6,0.0,0.0,1.58755e-05,104.49999999999875,0.97308,0.97308,current_full_transition_bis01_f2_sh005
t204_mid,204,mid,0.9863248089167079,CURRENT,full_transition_bis01,2,203,203,True,True,11001011,3.6,0.0,0.0,1.68755e-05,104.49999999999535,0.986335,0.986335,current_full_transition_bis01_f2_sh005
t205_mid,205,mid,0.9995799147237946,CURRENT,full_transition_bis01,2,204,204,True,True,11001100,3.6,0.0,0.0,1.78755e-05,104.49999999999875,0.99959,0.99959,current_full_transition_bis01_f2_sh005
t206_mid,206,mid,1.0128350205308814,CURRENT,full_transition_bis01,2,205,205,True,True,11001101,3.6,0.0,0.0,1.88755e-05,104.49999999999875,1.01285,1.01285,current_full_transition_bis01_f2_sh005
t207_mid,207,mid,1.0260901263379676,CURRENT,full_transition_bis01,2,206,206,True,True,11001110,3.6,0.0,0.0,1.98755e-05,104.49999999999875,1.0261,1.0261,current_full_transition_bis01_f2_sh005
t209_mid,209,mid,1.052600337952141,CURRENT,full_transition_bis01,2,208,208,True,True,11010000,3.6,0.0,0.0,2.08755e-05,104.49999999999875,1.05261,1.05261,current_full_transition_bis01_f2_sh005
t210_mid,210,mid,1.0658554437592276,CURRENT,full_transition_bis01,2,209,209,True,True,11010001,3.6,0.0,0.0,2.18755e-05,104.49999999999535,1.06587,1.06587,current_full_transition_bis01_f2_sh005
t211_mid,211,mid,1.0791105495663142,CURRENT,full_transition_bis01,2,210,210,True,True,11010010,3.6,0.0,0.0,2.28755e-05,104.49999999999535,1.07912,1.07912,current_full_transition_bis01_f2_sh005
t212_mid,212,mid,1.092365655373401,CURRENT,full_transition_bis01,2,211,211,True,True,11010011,3.6,0.0,0.0,2.38755e-05,104.49999999999875,1.09238,1.09238,current_full_transition_bis01_f2_sh005
t213_mid,213,mid,1.1056207611804876,CURRENT,full_transition_bis01,2,212,212,True,True,11010100,3.6,0.0,0.0,2.48755e-05,104.49999999999875,1.10563,1.10563,current_full_transition_bis01_f2_sh005
t214_mid,214,mid,1.1188758669875742,CURRENT,full_transition_bis01,2,213,213,True,True,11010101,3.6,0.0,0.0,2.58755e-05,104.49999999999875,1.11889,1.11889,current_full_transition_bis01_f2_sh005
t215_mid,215,mid,1.132130972794661,CURRENT,full_transition_bis01,2,214,214,True,True,11010110,3.6,0.0,0.0,2.68755e-05,104.49999999999875,1.13214,1.13214,current_full_transition_bis01_f2_sh005
t216_mid,216,mid,1.1453860786017471,CURRENT,full_transition_bis01,2,215,215,True,True,11010111,3.6,0.0,0.0,2.78755e-05,104.49999999999535,1.1454,1.1454,current_full_transition_bis01_f2_sh005
t217_mid,217,mid,1.1586411844088338,CURRENT,full_transition_bis01,2,216,216,True,True,11011000,3.6,0.0,0.0,2.88755e-05,104.49999999999535,1.15865,1.15865,current_full_transition_bis01_f2_sh005
t218_mid,218,mid,1.1718962902159205,CURRENT,full_transition_bis01,2,217,217,True,True,11011001,3.6,0.0,0.0,2.98755e-05,104.49999999999875,1.17191,1.17191,current_full_transition_bis01_f2_sh005
t219_mid,219,mid,1.1851513960230071,CURRENT,full_transition_bis01,2,218,218,True,True,11011010,3.6,0.0,0.0,3.08755e-05,104.49999999999875,1.18516,1.18516,current_full_transition_bis01_f2_sh005
t220_mid,220,mid,1.1984065018300938,CURRENT,full_transition_bis01,2,219,219,True,True,11011011,3.6,0.0,0.0,3.18755e-05,104.49999999999197,1.19842,1.19842,current_full_transition_bis01_f2_sh005
t003_mid,3,mid,-1.670480755182702,CURRENT,full_transition_bis02,2,3,3,True,True,00000011,3.6,0.0,0.0,8.7548e-07,104.51999999999994,-1.67047,-1.67047,current_full_transition_bis02_f2_sh000
t004_mid,4,mid,-1.6572256493756155,CURRENT,full_transition_bis02,2,4,4,True,True,00000100,3.6,0.0,0.0,1.87548e-06,104.52000000000014,-1.65722,-1.65722,current_full_transition_bis02_f2_sh000
t005_mid,5,mid,-1.6439705435685288,CURRENT,full_transition_bis02,2,5,5,True,True,00000101,3.6,0.0,0.0,2.87548e-06,104.51999999999973,-1.64396,-1.64396,current_full_transition_bis02_f2_sh000
t006_mid,6,mid,-1.6307154377614421,CURRENT,full_transition_bis02,2,6,6,True,True,00000110,3.6,0.0,0.0,3.87548e-06,104.52000000000014,-1.63071,-1.63071,current_full_transition_bis02_f2_sh000
t007_mid,7,mid,-1.6174603319543555,CURRENT,full_transition_bis02,2,7,7,True,True,00000111,3.6,0.0,0.0,4.87548e-06,104.52000000000099,-1.61745,-1.61745,current_full_transition_bis02_f2_sh000
t008_mid,8,mid,-1.609185694897269,CURRENT,full_transition_bis02,2,7,7,True,True,00000111,3.6,0.0,0.0,5.87548e-06,104.52000000000014,-1.60918,-1.60918,current_full_transition_bis02_f2_sh000
t009_mid,9,mid,-1.5959305890901823,CURRENT,full_transition_bis02,2,8,8,True,True,00001000,3.6,0.0,0.0,6.87548e-06,104.52000000000014,-1.59592,-1.59592,current_full_transition_bis02_f2_sh000
t010_mid,10,mid,-1.5776950145330957,CURRENT,full_transition_bis02,2,10,10,True,True,00001010,3.6,0.0,0.0,7.87548e-06,104.52000000000014,-1.57769,-1.57769,current_full_transition_bis02_f2_sh000
t011_mid,11,mid,-1.564439908726009,CURRENT,full_transition_bis02,2,11,11,True,True,00001011,3.6,0.0,0.0,8.87548e-06,104.52000000000014,-1.56443,-1.56443,current_full_transition_bis02_f2_sh000
t012_mid,12,mid,-1.5511848029189224,CURRENT,full_transition_bis02,2,12,12,True,True,00001100,3.6,0.0,0.0,9.87548e-06,104.52000000000014,-1.55117,-1.55117,current_full_transition_bis02_f2_sh000
t013_mid,13,mid,-1.537929697111836,CURRENT,full_transition_bis02,2,13,13,True,True,00001101,3.6,0.0,0.0,1.08755e-05,104.50000000000044,-1.53792,-1.53792,current_full_transition_bis02_f2_sh000
t014_mid,14,mid,-1.5246745913047492,CURRENT,full_transition_bis02,2,14,14,True,True,00001110,3.6,0.0,0.0,1.18755e-05,104.50000000000044,-1.52466,-1.52466,current_full_transition_bis02_f2_sh000
t015_mid,15,mid,-1.5114194854976626,CURRENT,full_transition_bis02,2,15,15,True,True,00001111,3.6,0.0,0.0,1.28755e-05,104.49999999999875,-1.51141,-1.51141,current_full_transition_bis02_f2_sh000
t017_mid,17,mid,-1.4898897426334894,CURRENT,full_transition_bis02,2,16,16,True,True,00010000,3.6,0.0,0.0,1.38755e-05,104.50000000000044,-1.48988,-1.48988,current_full_transition_bis02_f2_sh000
t018_mid,18,mid,-1.4766346368264027,CURRENT,full_transition_bis02,2,17,17,True,True,00010001,3.6,0.0,0.0,1.48755e-05,104.50000000000044,-1.47662,-1.47662,current_full_transition_bis02_f2_sh000
t019_mid,19,mid,-1.4583990622693161,CURRENT,full_transition_bis02,2,19,19,True,True,00010011,3.6,0.0,0.0,1.58755e-05,104.49999999999875,-1.45839,-1.45839,current_full_transition_bis02_f2_sh000
t020_mid,20,mid,-1.4451439564622295,CURRENT,full_transition_bis02,2,20,20,True,True,00010100,3.6,0.0,0.0,1.68755e-05,104.49999999999535,-1.44513,-1.44513,current_full_transition_bis02_f2_sh000
t021_mid,21,mid,-1.4318888506551428,CURRENT,full_transition_bis02,2,21,21,True,True,00010101,3.6,0.0,0.0,1.78755e-05,104.49999999999875,-1.43188,-1.43188,current_full_transition_bis02_f2_sh000
t022_mid,22,mid,-1.4186337448480562,CURRENT,full_transition_bis02,2,22,22,True,True,00010110,3.6,0.0,0.0,1.88755e-05,104.49999999999875,-1.41862,-1.41862,current_full_transition_bis02_f2_sh000
t023_mid,23,mid,-1.4053786390409697,CURRENT,full_transition_bis02,2,23,23,True,True,00010111,3.6,0.0,0.0,1.98755e-05,104.49999999999875,-1.40537,-1.40537,current_full_transition_bis02_f2_sh000
t024_mid,24,mid,-1.397104001983883,CURRENT,full_transition_bis02,2,23,23,True,True,00010111,3.6,0.0,0.0,2.08755e-05,104.49999999999875,-1.39709,-1.39709,current_full_transition_bis02_f2_sh000
t025_mid,25,mid,-1.3838488961767963,CURRENT,full_transition_bis02,2,24,24,True,True,00011000,3.6,0.0,0.0,2.18755e-05,104.49999999999535,-1.38384,-1.38384,current_full_transition_bis02_f2_sh000
t026_mid,26,mid,-1.3705937903697099,CURRENT,full_transition_bis02,2,25,25,True,True,00011001,3.6,0.0,0.0,2.28755e-05,104.49999999999535,-1.37058,-1.37058,current_full_transition_bis02_f2_sh000
t027_mid,27,mid,-1.3523582158126233,CURRENT,full_transition_bis02,2,27,27,True,True,00011011,3.6,0.0,0.0,2.38755e-05,104.49999999999875,-1.35235,-1.35235,current_full_transition_bis02_f2_sh000
t028_mid,28,mid,-1.3391031100055366,CURRENT,full_transition_bis02,2,28,28,True,True,00011100,3.6,0.0,0.0,2.48755e-05,104.49999999999875,-1.33909,-1.33909,current_full_transition_bis02_f2_sh000
t029_mid,29,mid,-1.32584800419845,CURRENT,full_transition_bis02,2,29,29,True,True,00011101,3.6,0.0,0.0,2.58755e-05,104.49999999999875,-1.32584,-1.32584,current_full_transition_bis02_f2_sh000
t030_mid,30,mid,-1.3125928983913633,CURRENT,full_transition_bis02,2,30,30,True,True,00011110,3.6,0.0,0.0,2.68755e-05,104.49999999999875,-1.31258,-1.31258,current_full_transition_bis02_f2_sh000
t034_mid,34,mid,-1.2595724751630168,CURRENT,full_transition_bis02,2,34,34,True,True,00100010,3.6,0.0,0.0,2.78755e-05,104.49999999999535,-1.25956,-1.25956,current_full_transition_bis02_f2_sh000
t035_mid,35,mid,-1.2463173693559304,CURRENT,full_transition_bis02,2,35,35,True,True,00100011,3.6,0.0,0.0,2.88755e-05,104.49999999999535,-1.24631,-1.24631,current_full_transition_bis02_f2_sh000
t036_mid,36,mid,-1.2330622635488437,CURRENT,full_transition_bis02,2,36,36,True,True,00100100,3.6,0.0,0.0,2.98755e-05,104.49999999999875,-1.23305,-1.23305,current_full_transition_bis02_f2_sh000
t037_mid,37,mid,-1.219807157741757,CURRENT,full_transition_bis02,2,37,37,True,True,00100101,3.6,0.0,0.0,3.08755e-05,104.49999999999875,-1.2198,-1.2198,current_full_transition_bis02_f2_sh000
t038_mid,38,mid,-1.2065520519346704,CURRENT,full_transition_bis02,2,38,38,True,True,00100110,3.6,0.0,0.0,3.18755e-05,104.49999999999197,-1.20654,-1.20654,current_full_transition_bis02_f2_sh000
t039_mid,39,mid,-1.1932969461275837,CURRENT,full_transition_bis02,2,39,39,True,True,00100111,3.6,0.0,0.0,8.75479e-07,104.52099999999996,-1.19329,-1.19329,current_full_transition_bis02_f2_sh001
t040_mid,40,mid,-1.180041840320497,CURRENT,full_transition_bis02,2,40,40,True,True,00101000,3.6,0.0,0.0,1.87548e-06,104.52000000000014,-1.18003,-1.18003,current_full_transition_bis02_f2_sh001
t041_mid,41,mid,-1.1667867345134106,CURRENT,full_transition_bis02,2,41,41,True,True,00101001,3.6,0.0,0.0,2.87548e-06,104.51999999999973,-1.16678,-1.16678,current_full_transition_bis02_f2_sh001
t042_mid,42,mid,-1.153531628706324,CURRENT,full_transition_bis02,2,42,42,True,True,00101010,3.6,0.0,0.0,3.87548e-06,104.52000000000014,-1.15352,-1.15352,current_full_transition_bis02_f2_sh001
t043_mid,43,mid,-1.1402765228992373,CURRENT,full_transition_bis02,2,43,43,True,True,00101011,3.6,0.0,0.0,4.87548e-06,104.52000000000099,-1.14027,-1.14027,current_full_transition_bis02_f2_sh001
t044_mid,44,mid,-1.1270214170921509,CURRENT,full_transition_bis02,2,44,44,True,True,00101100,3.6,0.0,0.0,5.87548e-06,104.52000000000014,-1.12701,-1.12701,current_full_transition_bis02_f2_sh001
t045_mid,45,mid,-1.1137663112850642,CURRENT,full_transition_bis02,2,45,45,True,True,00101101,3.6,0.0,0.0,6.87548e-06,104.52000000000014,-1.11376,-1.11376,current_full_transition_bis02_f2_sh001
t046_mid,46,mid,-1.1005112054779775,CURRENT,full_transition_bis02,2,46,46,True,True,00101110,3.6,0.0,0.0,7.87548e-06,104.52000000000014,-1.1005,-1.1005,current_full_transition_bis02_f2_sh001
t047_mid,47,mid,-1.0872560996708909,CURRENT,full_transition_bis02,2,47,47,True,True,00101111,3.6,0.0,0.0,8.87548e-06,104.52000000000014,-1.08725,-1.08725,current_full_transition_bis02_f2_sh001
t049_mid,49,mid,-1.0607458880567175,CURRENT,full_transition_bis02,2,49,49,True,True,00110001,3.6,0.0,0.0,9.87548e-06,104.52000000000014,-1.06074,-1.06074,current_full_transition_bis02_f2_sh001
t050_mid,50,mid,-1.0474907822496309,CURRENT,full_transition_bis02,2,50,50,True,True,00110010,3.6,0.0,0.0,1.08755e-05,104.50000000000044,-1.04748,-1.04748,current_full_transition_bis02_f2_sh001
t051_mid,51,mid,-1.0342356764425444,CURRENT,full_transition_bis02,2,51,51,True,True,00110011,3.6,0.0,0.0,1.18755e-05,104.50000000000044,-1.03423,-1.03423,current_full_transition_bis02_f2_sh001
t052_mid,52,mid,-1.0209805706354578,CURRENT,full_transition_bis02,2,52,52,True,True,00110100,3.6,0.0,0.0,1.28755e-05,104.49999999999875,-1.02097,-1.02097,current_full_transition_bis02_f2_sh001
t053_mid,53,mid,-1.0077254648283713,CURRENT,full_transition_bis02,2,53,53,True,True,00110101,3.6,0.0,0.0,1.38755e-05,104.50000000000044,-1.00772,-1.00772,current_full_transition_bis02_f2_sh001
t054_mid,54,mid,-0.9944703590212844,CURRENT,full_transition_bis02,2,54,54,True,True,00110110,3.6,0.0,0.0,1.48755e-05,104.50000000000044,-0.99446,-0.99446,current_full_transition_bis02_f2_sh001
t055_mid,55,mid,-0.981215253214198,CURRENT,full_transition_bis02,2,55,55,True,True,00110111,3.6,0.0,0.0,1.58755e-05,104.49999999999875,-0.981205,-0.981205,current_full_transition_bis02_f2_sh001
t056_mid,56,mid,-0.9679601474071113,CURRENT,full_transition_bis02,2,56,56,True,True,00111000,3.6,0.0,0.0,1.68755e-05,104.49999999999535,-0.96795,-0.96795,current_full_transition_bis02_f2_sh001
t057_mid,57,mid,-0.9547050416000247,CURRENT,full_transition_bis02,2,57,57,True,True,00111001,3.6,0.0,0.0,1.78755e-05,104.49999999999875,-0.954695,-0.954695,current_full_transition_bis02_f2_sh001
t058_mid,58,mid,-0.941449935792938,CURRENT,full_transition_bis02,2,58,58,True,True,00111010,3.6,0.0,0.0,1.88755e-05,104.49999999999875,-0.94144,-0.94144,current_full_transition_bis02_f2_sh001
t059_mid,59,mid,-0.9281948299858513,CURRENT,full_transition_bis02,2,59,59,True,True,00111011,3.6,0.0,0.0,1.98755e-05,104.49999999999875,-0.928185,-0.928185,current_full_transition_bis02_f2_sh001
t060_mid,60,mid,-0.9149397241787649,CURRENT,full_transition_bis02,2,60,60,True,True,00111100,3.6,0.0,0.0,2.08755e-05,104.49999999999875,-0.91493,-0.91493,current_full_transition_bis02_f2_sh001
t061_mid,61,mid,-0.9016846183716782,CURRENT,full_transition_bis02,2,61,61,True,True,00111101,3.6,0.0,0.0,2.18755e-05,104.49999999999535,-0.901675,-0.901675,current_full_transition_bis02_f2_sh001
t062_mid,62,mid,-0.8884295125645916,CURRENT,full_transition_bis02,2,62,62,True,True,00111110,3.6,0.0,0.0,2.28755e-05,104.49999999999535,-0.88842,-0.88842,current_full_transition_bis02_f2_sh001
t066_mid,66,mid,-0.8354090893362451,CURRENT,full_transition_bis02,2,66,66,True,True,01000010,3.6,0.0,0.0,2.38755e-05,104.49999999999875,-0.835399,-0.835399,current_full_transition_bis02_f2_sh001
t067_mid,67,mid,-0.8221539835291585,CURRENT,full_transition_bis02,2,67,67,True,True,01000011,3.6,0.0,0.0,2.48755e-05,104.49999999999875,-0.822144,-0.822144,current_full_transition_bis02_f2_sh001
t068_mid,68,mid,-0.8088988777220718,CURRENT,full_transition_bis02,2,68,68,True,True,01000100,3.6,0.0,0.0,2.58755e-05,104.49999999999875,-0.808889,-0.808889,current_full_transition_bis02_f2_sh001
t069_mid,69,mid,-0.7956437719149854,CURRENT,full_transition_bis02,2,69,69,True,True,01000101,3.6,0.0,0.0,2.68755e-05,104.49999999999875,-0.795634,-0.795634,current_full_transition_bis02_f2_sh001
t070_mid,70,mid,-0.7823886661078987,CURRENT,full_transition_bis02,2,70,70,True,True,01000110,3.6,0.0,0.0,2.78755e-05,104.49999999999535,-0.782379,-0.782379,current_full_transition_bis02_f2_sh001
t071_mid,71,mid,-0.769133560300812,CURRENT,full_transition_bis02,2,71,71,True,True,01000111,3.6,0.0,0.0,2.88755e-05,104.49999999999535,-0.769124,-0.769124,current_full_transition_bis02_f2_sh001
t072_mid,72,mid,-0.7558784544937254,CURRENT,full_transition_bis02,2,72,72,True,True,01001000,3.6,0.0,0.0,2.98755e-05,104.49999999999875,-0.755869,-0.755868,current_full_transition_bis02_f2_sh001
t073_mid,73,mid,-0.7426233486866389,CURRENT,full_transition_bis02,2,73,73,True,True,01001001,3.6,0.0,0.0,3.08755e-05,104.49999999999875,-0.742613,-0.742613,current_full_transition_bis02_f2_sh001
t074_mid,74,mid,-0.7293682428795523,CURRENT,full_transition_bis02,2,74,74,True,True,01001010,3.6,0.0,0.0,3.18755e-05,104.49999999999197,-0.729358,-0.729358,current_full_transition_bis02_f2_sh001
t075_mid,75,mid,-0.7161131370724656,CURRENT,full_transition_bis02,2,75,75,True,True,01001011,3.6,0.0,0.0,8.75481e-07,104.5189999999999,-0.716103,-0.716103,current_full_transition_bis02_f2_sh002
t076_mid,76,mid,-0.7028580312653789,CURRENT,full_transition_bis02,2,76,76,True,True,01001100,3.6,0.0,0.0,1.87548e-06,104.52000000000014,-0.702848,-0.702848,current_full_transition_bis02_f2_sh002
t077_mid,77,mid,-0.6896029254582925,CURRENT,full_transition_bis02,2,77,77,True,True,01001101,3.6,0.0,0.0,2.87548e-06,104.51999999999973,-0.689593,-0.689593,current_full_transition_bis02_f2_sh002
t078_mid,78,mid,-0.6763478196512058,CURRENT,full_transition_bis02,2,78,78,True,True,01001110,3.6,0.0,0.0,3.87548e-06,104.52000000000014,-0.676338,-0.676338,current_full_transition_bis02_f2_sh002
t079_mid,79,mid,-0.6630927138441192,CURRENT,full_transition_bis02,2,79,79,True,True,01001111,3.6,0.0,0.0,4.87548e-06,104.52000000000099,-0.663083,-0.663083,current_full_transition_bis02_f2_sh002
t081_mid,81,mid,-0.6365825022299461,CURRENT,full_transition_bis02,2,81,81,True,True,01010001,3.6,0.0,0.0,5.87548e-06,104.52000000000014,-0.636573,-0.636573,current_full_transition_bis02_f2_sh002
t082_mid,82,mid,-0.6233273964228594,CURRENT,full_transition_bis02,2,82,82,True,True,01010010,3.6,0.0,0.0,6.87548e-06,104.52000000000014,-0.623317,-0.623317,current_full_transition_bis02_f2_sh002
t083_mid,83,mid,-0.6100722906157727,CURRENT,full_transition_bis02,2,83,83,True,True,01010011,3.6,0.0,0.0,7.87548e-06,104.52000000000014,-0.610062,-0.610062,current_full_transition_bis02_f2_sh002
t084_mid,84,mid,-0.5968171848086861,CURRENT,full_transition_bis02,2,84,84,True,True,01010100,3.6,0.0,0.0,8.87548e-06,104.52000000000014,-0.596807,-0.596807,current_full_transition_bis02_f2_sh002
t085_mid,85,mid,-0.5835620790015994,CURRENT,full_transition_bis02,2,85,85,True,True,01010101,3.6,0.0,0.0,9.87548e-06,104.52000000000014,-0.583552,-0.583552,current_full_transition_bis02_f2_sh002
t086_mid,86,mid,-0.570306973194513,CURRENT,full_transition_bis02,2,86,86,True,True,01010110,3.6,0.0,0.0,1.08755e-05,104.50000000000044,-0.570297,-0.570297,current_full_transition_bis02_f2_sh002
t087_mid,87,mid,-0.5570518673874263,CURRENT,full_transition_bis02,2,87,87,True,True,01010111,3.6,0.0,0.0,1.18755e-05,104.50000000000044,-0.557042,-0.557042,current_full_transition_bis02_f2_sh002
t088_mid,88,mid,-0.5437967615803396,CURRENT,full_transition_bis02,2,88,88,True,True,01011000,3.6,0.0,0.0,1.28755e-05,104.49999999999875,-0.543787,-0.543787,current_full_transition_bis02_f2_sh002
t089_mid,89,mid,-0.530541655773253,CURRENT,full_transition_bis02,2,89,89,True,True,01011001,3.6,0.0,0.0,1.38755e-05,104.50000000000044,-0.530532,-0.530532,current_full_transition_bis02_f2_sh002
t090_mid,90,mid,-0.5172865499661663,CURRENT,full_transition_bis02,2,90,90,True,True,01011010,3.6,0.0,0.0,1.48755e-05,104.50000000000044,-0.517277,-0.517277,current_full_transition_bis02_f2_sh002
t091_mid,91,mid,-0.5040314441590799,CURRENT,full_transition_bis02,2,91,91,True,True,01011011,3.6,0.0,0.0,1.58755e-05,104.49999999999875,-0.504021,-0.504021,current_full_transition_bis02_f2_sh002
t092_mid,92,mid,-0.49077633835199314,CURRENT,full_transition_bis02,2,92,92,True,True,01011100,3.6,0.0,0.0,1.68755e-05,104.49999999999535,-0.490766,-0.490766,current_full_transition_bis02_f2_sh002
t093_mid,93,mid,-0.47752123254490647,CURRENT,full_transition_bis02,2,93,93,True,True,01011101,3.6,0.0,0.0,1.78755e-05,104.49999999999875,-0.477511,-0.477511,current_full_transition_bis02_f2_sh002
t094_mid,94,mid,-0.4642661267378198,CURRENT,full_transition_bis02,2,94,94,True,True,01011110,3.6,0.0,0.0,1.88755e-05,104.49999999999875,-0.464256,-0.464256,current_full_transition_bis02_f2_sh002
t098_mid,98,mid,-0.41124570350947337,CURRENT,full_transition_bis02,2,98,98,True,True,01100010,3.6,0.0,0.0,1.98755e-05,104.49999999999875,-0.411236,-0.411236,current_full_transition_bis02_f2_sh002
t099_mid,99,mid,-0.3979905977023867,CURRENT,full_transition_bis02,2,99,99,True,True,01100011,3.6,0.0,0.0,2.08755e-05,104.49999999999875,-0.397981,-0.397981,current_full_transition_bis02_f2_sh002
t100_mid,100,mid,-0.38473549189530026,CURRENT,full_transition_bis02,2,100,100,True,True,01100100,3.6,0.0,0.0,2.18755e-05,104.49999999999535,-0.384726,-0.384726,current_full_transition_bis02_f2_sh002
t101_mid,101,mid,-0.3714803860882136,CURRENT,full_transition_bis02,2,101,101,True,True,01100101,3.6,0.0,0.0,2.28755e-05,104.49999999999535,-0.37147,-0.37147,current_full_transition_bis02_f2_sh002
t102_mid,102,mid,-0.35822528028112693,CURRENT,full_transition_bis02,2,102,102,True,True,01100110,3.6,0.0,0.0,2.38755e-05,104.49999999999875,-0.358215,-0.358215,current_full_transition_bis02_f2_sh002
t103_mid,103,mid,-0.34497017447404027,CURRENT,full_transition_bis02,2,103,103,True,True,01100111,3.6,0.0,0.0,2.48755e-05,104.49999999999875,-0.34496,-0.34496,current_full_transition_bis02_f2_sh002
t104_mid,104,mid,-0.3317150686669538,CURRENT,full_transition_bis02,2,104,104,True,True,01101000,3.6,0.0,0.0,2.58755e-05,104.49999999999875,-0.331705,-0.331705,current_full_transition_bis02_f2_sh002
t105_mid,105,mid,-0.31845996285986716,CURRENT,full_transition_bis02,2,105,105,True,True,01101001,3.6,0.0,0.0,2.68755e-05,104.49999999999875,-0.31845,-0.31845,current_full_transition_bis02_f2_sh002
t106_mid,106,mid,-0.3052048570527805,CURRENT,full_transition_bis02,2,106,106,True,True,01101010,3.6,0.0,0.0,2.78755e-05,104.49999999999535,-0.305195,-0.305195,current_full_transition_bis02_f2_sh002
t107_mid,107,mid,-0.29194975124569383,CURRENT,full_transition_bis02,2,107,107,True,True,01101011,3.6,0.0,0.0,2.88755e-05,104.49999999999535,-0.29194,-0.29194,current_full_transition_bis02_f2_sh002
t108_mid,108,mid,-0.27869464543860717,CURRENT,full_transition_bis02,2,108,108,True,True,01101100,3.6,0.0,0.0,2.98755e-05,104.49999999999875,-0.278685,-0.278685,current_full_transition_bis02_f2_sh002
t109_mid,109,mid,-0.2654395396315207,CURRENT,full_transition_bis02,2,109,109,True,True,01101101,3.6,0.0,0.0,3.08755e-05,104.49999999999875,-0.26543,-0.26543,current_full_transition_bis02_f2_sh002
t110_mid,110,mid,-0.25218443382443406,CURRENT,full_transition_bis02,2,110,110,True,True,01101110,3.6,0.0,0.0,3.18755e-05,104.49999999999197,-0.252174,-0.252174,current_full_transition_bis02_f2_sh002
t111_mid,111,mid,-0.2389293280173474,CURRENT,full_transition_bis02,2,111,111,True,True,01101111,3.6,0.0,0.0,8.75479e-07,104.52099999999996,-0.238919,-0.238919,current_full_transition_bis02_f2_sh003
t113_mid,113,mid,-0.21241911640317407,CURRENT,full_transition_bis02,2,113,113,True,True,01110001,3.6,0.0,0.0,1.87548e-06,104.52000000000014,-0.212409,-0.212409,current_full_transition_bis02_f2_sh003
t114_mid,114,mid,-0.19916401059608763,CURRENT,full_transition_bis02,2,114,114,True,True,01110010,3.6,0.0,0.0,2.87548e-06,104.51999999999973,-0.199154,-0.199154,current_full_transition_bis02_f2_sh003
t115_mid,115,mid,-0.18590890478900096,CURRENT,full_transition_bis02,2,115,115,True,True,01110011,3.6,0.0,0.0,3.87548e-06,104.52000000000014,-0.185899,-0.185899,current_full_transition_bis02_f2_sh003
t116_mid,116,mid,-0.1726537989819143,CURRENT,full_transition_bis02,2,116,116,True,True,01110100,3.6,0.0,0.0,4.87548e-06,104.52000000000099,-0.172644,-0.172644,current_full_transition_bis02_f2_sh003
t117_mid,117,mid,-0.15939869317482763,CURRENT,full_transition_bis02,2,117,117,True,True,01110101,3.6,0.0,0.0,5.87548e-06,104.52000000000014,-0.159389,-0.159389,current_full_transition_bis02_f2_sh003
t118_mid,118,mid,-0.1461435873677412,CURRENT,full_transition_bis02,2,118,118,True,True,01110110,3.6,0.0,0.0,6.87548e-06,104.52000000000014,-0.146134,-0.146134,current_full_transition_bis02_f2_sh003
t119_mid,119,mid,-0.13288848156065453,CURRENT,full_transition_bis02,2,119,119,True,True,01110111,3.6,0.0,0.0,7.87548e-06,104.52000000000014,-0.132878,-0.132878,current_full_transition_bis02_f2_sh003
t120_mid,120,mid,-0.11963337575356787,CURRENT,full_transition_bis02,2,120,120,True,True,01111000,3.6,0.0,0.0,8.87548e-06,104.52000000000014,-0.119623,-0.119623,current_full_transition_bis02_f2_sh003
t121_mid,121,mid,-0.10637826994648121,CURRENT,full_transition_bis02,2,121,121,True,True,01111001,3.6,0.0,0.0,9.87548e-06,104.52000000000014,-0.106368,-0.106368,current_full_transition_bis02_f2_sh003
t122_mid,122,mid,-0.09312316413939455,CURRENT,full_transition_bis02,2,122,122,True,True,01111010,3.6,0.0,0.0,1.08755e-05,104.50000000000044,-0.0931132,-0.0931132,current_full_transition_bis02_f2_sh003
t123_mid,123,mid,-0.0798680583323081,CURRENT,full_transition_bis02,2,123,123,True,True,01111011,3.6,0.0,0.0,1.18755e-05,104.50000000000044,-0.0798581,-0.0798581,current_full_transition_bis02_f2_sh003
t124_mid,124,mid,-0.06661295252522144,CURRENT,full_transition_bis02,2,124,124,True,True,01111100,3.6,0.0,0.0,1.28755e-05,104.49999999999875,-0.066603,-0.066603,current_full_transition_bis02_f2_sh003
t125_mid,125,mid,-0.053357846718134774,CURRENT,full_transition_bis02,2,125,125,True,True,01111101,3.6,0.0,0.0,1.38755e-05,104.50000000000044,-0.0533478,-0.0533478,current_full_transition_bis02_f2_sh003
t126_mid,126,mid,-0.04010274091104811,CURRENT,full_transition_bis02,2,126,126,True,True,01111110,3.6,0.0,0.0,1.48755e-05,104.50000000000044,-0.0400927,-0.0400927,current_full_transition_bis02_f2_sh003
t130_mid,130,mid,0.007937213567298328,CURRENT,full_transition_bis02,2,129,129,True,True,10000001,3.6,0.0,0.0,1.58755e-05,104.49999999999875,0.00794721,0.00794721,current_full_transition_bis02_f2_sh003
t131_mid,131,mid,0.021192319374384993,CURRENT,full_transition_bis02,2,130,130,True,True,10000010,3.6,0.0,0.0,1.68755e-05,104.49999999999535,0.0212023,0.0212023,current_full_transition_bis02_f2_sh003
t132_mid,132,mid,0.03444742518147144,CURRENT,full_transition_bis02,2,131,131,True,True,10000011,3.6,0.0,0.0,1.78755e-05,104.49999999999875,0.0344574,0.0344574,current_full_transition_bis02_f2_sh003
t133_mid,133,mid,0.0477025309885581,CURRENT,full_transition_bis02,2,132,132,True,True,10000100,3.6,0.0,0.0,1.88755e-05,104.49999999999875,0.0477125,0.0477125,current_full_transition_bis02_f2_sh003
t134_mid,134,mid,0.06095763679564477,CURRENT,full_transition_bis02,2,133,133,True,True,10000101,3.6,0.0,0.0,1.98755e-05,104.49999999999875,0.0609676,0.0609676,current_full_transition_bis02_f2_sh003
t135_mid,135,mid,0.07421274260273143,CURRENT,full_transition_bis02,2,134,134,True,True,10000110,3.6,0.0,0.0,2.08755e-05,104.49999999999875,0.0742227,0.0742227,current_full_transition_bis02_f2_sh003
t136_mid,136,mid,0.08746784840981787,CURRENT,full_transition_bis02,2,135,135,True,True,10000111,3.6,0.0,0.0,2.18755e-05,104.49999999999535,0.0874778,0.0874778,current_full_transition_bis02_f2_sh003
t137_mid,137,mid,0.10072295421690454,CURRENT,full_transition_bis02,2,136,136,True,True,10001000,3.6,0.0,0.0,2.28755e-05,104.49999999999535,0.100733,0.100733,current_full_transition_bis02_f2_sh003
t138_mid,138,mid,0.1139780600239912,CURRENT,full_transition_bis02,2,137,137,True,True,10001001,3.6,0.0,0.0,2.38755e-05,104.49999999999875,0.113988,0.113988,current_full_transition_bis02_f2_sh003
t139_mid,139,mid,0.12723316583107785,CURRENT,full_transition_bis02,2,138,138,True,True,10001010,3.6,0.0,0.0,2.48755e-05,104.49999999999875,0.127243,0.127243,current_full_transition_bis02_f2_sh003
t140_mid,140,mid,0.14048827163816452,CURRENT,full_transition_bis02,2,139,139,True,True,10001011,3.6,0.0,0.0,2.58755e-05,104.49999999999875,0.140498,0.140498,current_full_transition_bis02_f2_sh003
t141_mid,141,mid,0.15374337744525096,CURRENT,full_transition_bis02,2,140,140,True,True,10001100,3.6,0.0,0.0,2.68755e-05,104.49999999999875,0.153753,0.153753,current_full_transition_bis02_f2_sh003
t142_mid,142,mid,0.16699848325233763,CURRENT,full_transition_bis02,2,141,141,True,True,10001101,3.6,0.0,0.0,2.78755e-05,104.49999999999535,0.167009,0.167008,current_full_transition_bis02_f2_sh003
t143_mid,143,mid,0.1802535890594243,CURRENT,full_transition_bis02,2,142,142,True,True,10001110,3.6,0.0,0.0,2.88755e-05,104.49999999999535,0.180264,0.180264,current_full_transition_bis02_f2_sh003
t145_mid,145,mid,0.2067638006735974,CURRENT,full_transition_bis02,2,144,144,True,True,10010000,3.6,0.0,0.0,2.98755e-05,104.49999999999875,0.206774,0.206774,current_full_transition_bis02_f2_sh003
t146_mid,146,mid,0.22001890648068406,CURRENT,full_transition_bis02,2,145,145,True,True,10010001,3.6,0.0,0.0,3.08755e-05,104.49999999999875,0.220029,0.220029,current_full_transition_bis02_f2_sh003
t147_mid,147,mid,0.23327401228777073,CURRENT,full_transition_bis02,2,146,146,True,True,10010010,3.6,0.0,0.0,3.18755e-05,104.49999999999197,0.233284,0.233284,current_full_transition_bis02_f2_sh003
t221_mid,221,mid,1.2141518420121804,CURRENT,full_transition_bis02,2,220,220,True,True,11011100,3.6,0.0,0.0,8.75479e-07,104.52099999999996,1.21416,1.21416,current_full_transition_bis02_f2_sh006
t222_mid,222,mid,1.227406947819267,CURRENT,full_transition_bis02,2,221,221,True,True,11011101,3.6,0.0,0.0,1.87548e-06,104.52000000000014,1.22742,1.22742,current_full_transition_bis02_f2_sh006
t226_mid,226,mid,1.2804273710476133,CURRENT,full_transition_bis02,2,225,225,True,True,11100001,3.6,0.0,0.0,2.87548e-06,104.51999999999973,1.28044,1.28044,current_full_transition_bis02_f2_sh006
t227_mid,227,mid,1.2936824768547,CURRENT,full_transition_bis02,2,226,226,True,True,11100010,3.6,0.0,0.0,3.87548e-06,104.52000000000014,1.29369,1.29369,current_full_transition_bis02_f2_sh006
t228_mid,228,mid,1.3069375826617866,CURRENT,full_transition_bis02,2,227,227,True,True,11100011,3.6,0.0,0.0,4.87548e-06,104.52000000000099,1.30695,1.30695,current_full_transition_bis02_f2_sh006
t229_mid,229,mid,1.3201926884688733,CURRENT,full_transition_bis02,2,228,228,True,True,11100100,3.6,0.0,0.0,5.87548e-06,104.52000000000014,1.3202,1.3202,current_full_transition_bis02_f2_sh006
t230_mid,230,mid,1.33344779427596,CURRENT,full_transition_bis02,2,229,229,True,True,11100101,3.6,0.0,0.0,6.87548e-06,104.52000000000014,1.33346,1.33346,current_full_transition_bis02_f2_sh006
t231_mid,231,mid,1.3516833688330465,CURRENT,full_transition_bis02,2,231,231,True,True,11100111,3.6,0.0,0.0,7.87548e-06,104.52000000000014,1.35169,1.35169,current_full_transition_bis02_f2_sh006
t232_mid,232,mid,1.3599580058901333,CURRENT,full_transition_bis02,2,231,231,True,True,11100111,3.6,0.0,0.0,8.87548e-06,104.52000000000014,1.35997,1.35997,current_full_transition_bis02_f2_sh006
t233_mid,233,mid,1.37321311169722,CURRENT,full_transition_bis02,2,232,232,True,True,11101000,3.6,0.0,0.0,9.87548e-06,104.52000000000014,1.37322,1.37322,current_full_transition_bis02_f2_sh006
t234_mid,234,mid,1.3864682175043066,CURRENT,full_transition_bis02,2,233,233,True,True,11101001,3.6,0.0,0.0,1.08755e-05,104.50000000000044,1.38648,1.38648,current_full_transition_bis02_f2_sh006
t235_mid,235,mid,1.3997233233113928,CURRENT,full_transition_bis02,2,234,234,True,True,11101010,3.6,0.0,0.0,1.18755e-05,104.50000000000044,1.39973,1.39973,current_full_transition_bis02_f2_sh006
t236_mid,236,mid,1.4129784291184795,CURRENT,full_transition_bis02,2,235,235,True,True,11101011,3.6,0.0,0.0,1.28755e-05,104.49999999999875,1.41299,1.41299,current_full_transition_bis02_f2_sh006
t237_mid,237,mid,1.4262335349255661,CURRENT,full_transition_bis02,2,236,236,True,True,11101100,3.6,0.0,0.0,1.38755e-05,104.50000000000044,1.42624,1.42624,current_full_transition_bis02_f2_sh006
t238_mid,238,mid,1.4394886407326528,CURRENT,full_transition_bis02,2,237,237,True,True,11101101,3.6,0.0,0.0,1.48755e-05,104.50000000000044,1.4395,1.4395,current_full_transition_bis02_f2_sh006
t239_mid,239,mid,1.4577242152897394,CURRENT,full_transition_bis02,2,239,239,True,True,11101111,3.6,0.0,0.0,1.58755e-05,104.49999999999875,1.45773,1.45773,current_full_transition_bis02_f2_sh006
t240_mid,240,mid,1.4659988523468261,CURRENT,full_transition_bis02,2,239,239,True,True,11101111,3.6,0.0,0.0,1.68755e-05,104.49999999999535,1.46601,1.46601,current_full_transition_bis02_f2_sh006
t241_mid,241,mid,1.4792539581539128,CURRENT,full_transition_bis02,2,240,240,True,True,11110000,3.6,0.0,0.0,1.78755e-05,104.49999999999875,1.47926,1.47926,current_full_transition_bis02_f2_sh006
t242_mid,242,mid,1.4925090639609995,CURRENT,full_transition_bis02,2,241,241,True,True,11110001,3.6,0.0,0.0,1.88755e-05,104.49999999999875,1.49252,1.49252,current_full_transition_bis02_f2_sh006
t243_mid,243,mid,1.5057641697680861,CURRENT,full_transition_bis02,2,242,242,True,True,11110010,3.6,0.0,0.0,1.98755e-05,104.49999999999875,1.50577,1.50577,current_full_transition_bis02_f2_sh006
t244_mid,244,mid,1.5190192755751724,CURRENT,full_transition_bis02,2,243,243,True,True,11110011,3.6,0.0,0.0,2.08755e-05,104.49999999999875,1.51903,1.51903,current_full_transition_bis02_f2_sh006
t245_mid,245,mid,1.532274381382259,CURRENT,full_transition_bis02,2,244,244,True,True,11110100,3.6,0.0,0.0,2.18755e-05,104.49999999999535,1.53228,1.53228,current_full_transition_bis02_f2_sh006
t246_mid,246,mid,1.5455294871893457,CURRENT,full_transition_bis02,2,245,245,True,True,11110101,3.6,0.0,0.0,2.28755e-05,104.49999999999535,1.54554,1.54554,current_full_transition_bis02_f2_sh006
t247_mid,247,mid,1.5587845929964323,CURRENT,full_transition_bis02,2,246,246,True,True,11110110,3.6,0.0,0.0,2.38755e-05,104.49999999999875,1.55879,1.55879,current_full_transition_bis02_f2_sh006
t248_mid,248,mid,1.572039698803519,CURRENT,full_transition_bis02,2,247,247,True,True,11110111,3.6,0.0,0.0,2.48755e-05,104.49999999999875,1.57205,1.57205,current_full_transition_bis02_f2_sh006
t249_mid,249,mid,1.5852948046106057,CURRENT,full_transition_bis02,2,248,248,True,True,11111000,3.6,0.0,0.0,2.58755e-05,104.49999999999875,1.5853,1.5853,current_full_transition_bis02_f2_sh006
t250_mid,250,mid,1.5985499104176923,CURRENT,full_transition_bis02,2,249,249,True,True,11111001,3.6,0.0,0.0,2.68755e-05,104.49999999999875,1.59856,1.59856,current_full_transition_bis02_f2_sh006
t251_mid,251,mid,1.611805016224779,CURRENT,full_transition_bis02,2,250,250,True,True,11111010,3.6,0.0,0.0,2.78755e-05,104.49999999999535,1.61182,1.61182,current_full_transition_bis02_f2_sh006
t252_mid,252,mid,1.6250601220318657,CURRENT,full_transition_bis02,2,251,251,True,True,11111011,3.6,0.0,0.0,2.88755e-05,104.49999999999535,1.62507,1.62507,current_full_transition_bis02_f2_sh006
t253_mid,253,mid,1.638315227838952,CURRENT,full_transition_bis02,2,252,252,True,True,11111100,3.6,0.0,0.0,2.98755e-05,104.49999999999875,1.63833,1.63833,current_full_transition_bis02_f2_sh006
t254_mid,254,mid,1.6515703336460386,CURRENT,full_transition_bis02,2,253,253,True,True,11111101,3.6,0.0,0.0,3.08755e-05,104.49999999999875,1.65158,1.65158,current_full_transition_bis02_f2_sh006
t148_mid,148,mid,0.2465291180948574,CURRENT,full_transition_bis02,2,147,147,True,True,10010011,3.6,0.0,0.0,8.7548e-07,104.51999999999994,0.246539,0.246539,current_full_transition_bis02_f2_sh004
t149_mid,149,mid,0.25978422390194406,CURRENT,full_transition_bis02,2,148,148,True,True,10010100,3.6,0.0,0.0,1.87548e-06,104.52000000000014,0.259794,0.259794,current_full_transition_bis02_f2_sh004
t150_mid,150,mid,0.2730393297090305,CURRENT,full_transition_bis02,2,149,149,True,True,10010101,3.6,0.0,0.0,2.87548e-06,104.51999999999973,0.273049,0.273049,current_full_transition_bis02_f2_sh004
t151_mid,151,mid,0.28629443551611716,CURRENT,full_transition_bis02,2,150,150,True,True,10010110,3.6,0.0,0.0,3.87548e-06,104.52000000000014,0.286304,0.286304,current_full_transition_bis02_f2_sh004
t152_mid,152,mid,0.2995495413232036,CURRENT,full_transition_bis02,2,151,151,True,True,10010111,3.6,0.0,0.0,4.87548e-06,104.52000000000099,0.29956,0.29956,current_full_transition_bis02_f2_sh004
t153_mid,153,mid,0.31280464713029027,CURRENT,full_transition_bis02,2,152,152,True,True,10011000,3.6,0.0,0.0,5.87548e-06,104.52000000000014,0.312815,0.312815,current_full_transition_bis02_f2_sh004
t154_mid,154,mid,0.32605975293737693,CURRENT,full_transition_bis02,2,153,153,True,True,10011001,3.6,0.0,0.0,6.87548e-06,104.52000000000014,0.32607,0.32607,current_full_transition_bis02_f2_sh004
t155_mid,155,mid,0.3393148587444636,CURRENT,full_transition_bis02,2,154,154,True,True,10011010,3.6,0.0,0.0,7.87548e-06,104.52000000000014,0.339325,0.339325,current_full_transition_bis02_f2_sh004
t156_mid,156,mid,0.35256996455155026,CURRENT,full_transition_bis02,2,155,155,True,True,10011011,3.6,0.0,0.0,8.87548e-06,104.52000000000014,0.35258,0.35258,current_full_transition_bis02_f2_sh004
t157_mid,157,mid,0.36582507035863693,CURRENT,full_transition_bis02,2,156,156,True,True,10011100,3.6,0.0,0.0,9.87548e-06,104.52000000000014,0.365835,0.365835,current_full_transition_bis02_f2_sh004
t158_mid,158,mid,0.3790801761657236,CURRENT,full_transition_bis02,2,157,157,True,True,10011101,3.6,0.0,0.0,1.08755e-05,104.50000000000044,0.37909,0.37909,current_full_transition_bis02_f2_sh004
t162_mid,162,mid,0.4321005993940698,CURRENT,full_transition_bis02,2,161,161,True,True,10100001,3.6,0.0,0.0,1.18755e-05,104.50000000000044,0.432111,0.432111,current_full_transition_bis02_f2_sh004
t163_mid,163,mid,0.44535570520115647,CURRENT,full_transition_bis02,2,162,162,True,True,10100010,3.6,0.0,0.0,1.28755e-05,104.49999999999875,0.445366,0.445366,current_full_transition_bis02_f2_sh004
t164_mid,164,mid,0.45861081100824314,CURRENT,full_transition_bis02,2,163,163,True,True,10100011,3.6,0.0,0.0,1.38755e-05,104.50000000000044,0.458621,0.458621,current_full_transition_bis02_f2_sh004
t165_mid,165,mid,0.4718659168153298,CURRENT,full_transition_bis02,2,164,164,True,True,10100100,3.6,0.0,0.0,1.48755e-05,104.50000000000044,0.471876,0.471876,current_full_transition_bis02_f2_sh004
t166_mid,166,mid,0.48512102262241646,CURRENT,full_transition_bis02,2,165,165,True,True,10100101,3.6,0.0,0.0,1.58755e-05,104.49999999999875,0.485131,0.485131,current_full_transition_bis02_f2_sh004
t167_mid,167,mid,0.49837612842950313,CURRENT,full_transition_bis02,2,166,166,True,True,10100110,3.6,0.0,0.0,1.68755e-05,104.49999999999535,0.498386,0.498386,current_full_transition_bis02_f2_sh004
t168_mid,168,mid,0.5116312342365898,CURRENT,full_transition_bis02,2,167,167,True,True,10100111,3.6,0.0,0.0,1.78755e-05,104.49999999999875,0.511641,0.511641,current_full_transition_bis02_f2_sh004
t169_mid,169,mid,0.5248863400436765,CURRENT,full_transition_bis02,2,168,168,True,True,10101000,3.6,0.0,0.0,1.88755e-05,104.49999999999875,0.524896,0.524896,current_full_transition_bis02_f2_sh004
t170_mid,170,mid,0.5381414458507632,CURRENT,full_transition_bis02,2,169,169,True,True,10101001,3.6,0.0,0.0,1.98755e-05,104.49999999999875,0.538152,0.538151,current_full_transition_bis02_f2_sh004
t171_mid,171,mid,0.5513965516578494,CURRENT,full_transition_bis02,2,170,170,True,True,10101010,3.6,0.0,0.0,2.08755e-05,104.49999999999875,0.551407,0.551407,current_full_transition_bis02_f2_sh004
t172_mid,172,mid,0.5646516574649361,CURRENT,full_transition_bis02,2,171,171,True,True,10101011,3.6,0.0,0.0,2.18755e-05,104.49999999999535,0.564662,0.564662,current_full_transition_bis02_f2_sh004
t173_mid,173,mid,0.5779067632720227,CURRENT,full_transition_bis02,2,172,172,True,True,10101100,3.6,0.0,0.0,2.28755e-05,104.49999999999535,0.577917,0.577917,current_full_transition_bis02_f2_sh004
t174_mid,174,mid,0.5911618690791094,CURRENT,full_transition_bis02,2,173,173,True,True,10101101,3.6,0.0,0.0,2.38755e-05,104.49999999999875,0.591172,0.591172,current_full_transition_bis02_f2_sh004
t175_mid,175,mid,0.6044169748861961,CURRENT,full_transition_bis02,2,174,174,True,True,10101110,3.6,0.0,0.0,2.48755e-05,104.49999999999875,0.604427,0.604427,current_full_transition_bis02_f2_sh004
t177_mid,177,mid,0.6309271865003694,CURRENT,full_transition_bis02,2,176,176,True,True,10110000,3.6,0.0,0.0,2.58755e-05,104.49999999999875,0.630937,0.630937,current_full_transition_bis02_f2_sh004
t178_mid,178,mid,0.644182292307456,CURRENT,full_transition_bis02,2,177,177,True,True,10110001,3.6,0.0,0.0,2.68755e-05,104.49999999999875,0.644192,0.644192,current_full_transition_bis02_f2_sh004
t179_mid,179,mid,0.6574373981145427,CURRENT,full_transition_bis02,2,178,178,True,True,10110010,3.6,0.0,0.0,2.78755e-05,104.49999999999535,0.657447,0.657447,current_full_transition_bis02_f2_sh004
t180_mid,180,mid,0.6706925039216289,CURRENT,full_transition_bis02,2,179,179,True,True,10110011,3.6,0.0,0.0,2.88755e-05,104.49999999999535,0.670703,0.670703,current_full_transition_bis02_f2_sh004
t181_mid,181,mid,0.6839476097287156,CURRENT,full_transition_bis02,2,180,180,True,True,10110100,3.6,0.0,0.0,2.98755e-05,104.49999999999875,0.683958,0.683958,current_full_transition_bis02_f2_sh004
t182_mid,182,mid,0.6972027155358023,CURRENT,full_transition_bis02,2,181,181,True,True,10110101,3.6,0.0,0.0,3.08755e-05,104.49999999999875,0.697213,0.697213,current_full_transition_bis02_f2_sh004
t183_mid,183,mid,0.7104578213428889,CURRENT,full_transition_bis02,2,182,182,True,True,10110110,3.6,0.0,0.0,3.18755e-05,104.49999999999197,0.710468,0.710468,current_full_transition_bis02_f2_sh004
t184_mid,184,mid,0.7237129271499756,CURRENT,full_transition_bis02,2,183,183,True,True,10110111,3.6,0.0,0.0,8.75481e-07,104.5189999999999,0.723723,0.723723,current_full_transition_bis02_f2_sh005
t185_mid,185,mid,0.7369680329570623,CURRENT,full_transition_bis02,2,184,184,True,True,10111000,3.6,0.0,0.0,1.87548e-06,104.52000000000014,0.736978,0.736978,current_full_transition_bis02_f2_sh005
t186_mid,186,mid,0.7502231387641489,CURRENT,full_transition_bis02,2,185,185,True,True,10111001,3.6,0.0,0.0,2.87548e-06,104.51999999999973,0.750233,0.750233,current_full_transition_bis02_f2_sh005
t187_mid,187,mid,0.7634782445712356,CURRENT,full_transition_bis02,2,186,186,True,True,10111010,3.6,0.0,0.0,3.87548e-06,104.52000000000014,0.763488,0.763488,current_full_transition_bis02_f2_sh005
t188_mid,188,mid,0.7767333503783223,CURRENT,full_transition_bis02,2,187,187,True,True,10111011,3.6,0.0,0.0,4.87548e-06,104.52000000000099,0.776743,0.776743,current_full_transition_bis02_f2_sh005
t189_mid,189,mid,0.7899884561854085,CURRENT,full_transition_bis02,2,188,188,True,True,10111100,3.6,0.0,0.0,5.87548e-06,104.52000000000014,0.789999,0.789998,current_full_transition_bis02_f2_sh005
t194_mid,194,mid,0.8562639852208418,CURRENT,full_transition_bis02,2,193,193,True,True,11000001,3.6,0.0,0.0,6.87548e-06,104.52000000000014,0.856274,0.856274,current_full_transition_bis02_f2_sh005
t195_mid,195,mid,0.8695190910279285,CURRENT,full_transition_bis02,2,194,194,True,True,11000010,3.6,0.0,0.0,7.87548e-06,104.52000000000014,0.869529,0.869529,current_full_transition_bis02_f2_sh005
t196_mid,196,mid,0.8827741968350151,CURRENT,full_transition_bis02,2,195,195,True,True,11000011,3.6,0.0,0.0,8.87548e-06,104.52000000000014,0.882784,0.882784,current_full_transition_bis02_f2_sh005
t197_mid,197,mid,0.8960293026421018,CURRENT,full_transition_bis02,2,196,196,True,True,11000100,3.6,0.0,0.0,9.87548e-06,104.52000000000014,0.896039,0.896039,current_full_transition_bis02_f2_sh005
t198_mid,198,mid,0.909284408449188,CURRENT,full_transition_bis02,2,197,197,True,True,11000101,3.6,0.0,0.0,1.08755e-05,104.50000000000044,0.909294,0.909294,current_full_transition_bis02_f2_sh005
t199_mid,199,mid,0.9225395142562747,CURRENT,full_transition_bis02,2,198,198,True,True,11000110,3.6,0.0,0.0,1.18755e-05,104.50000000000044,0.92255,0.92255,current_full_transition_bis02_f2_sh005
t200_mid,200,mid,0.9357946200633613,CURRENT,full_transition_bis02,2,199,199,True,True,11000111,3.6,0.0,0.0,1.28755e-05,104.49999999999875,0.935805,0.935805,current_full_transition_bis02_f2_sh005
t201_mid,201,mid,0.949049725870448,CURRENT,full_transition_bis02,2,200,200,True,True,11001000,3.6,0.0,0.0,1.38755e-05,104.50000000000044,0.94906,0.94906,current_full_transition_bis02_f2_sh005
t202_mid,202,mid,0.9623048316775347,CURRENT,full_transition_bis02,2,201,201,True,True,11001001,3.6,0.0,0.0,1.48755e-05,104.50000000000044,0.962315,0.962315,current_full_transition_bis02_f2_sh005
t203_mid,203,mid,0.9755599374846213,CURRENT,full_transition_bis02,2,202,202,True,True,11001010,3.6,0.0,0.0,1.58755e-05,104.49999999999875,0.97557,0.97557,current_full_transition_bis02_f2_sh005
t204_mid,204,mid,0.988815043291708,CURRENT,full_transition_bis02,2,203,203,True,True,11001011,3.6,0.0,0.0,1.68755e-05,104.49999999999535,0.988825,0.988825,current_full_transition_bis02_f2_sh005
t205_mid,205,mid,1.0020701490987947,CURRENT,full_transition_bis02,2,204,204,True,True,11001100,3.6,0.0,0.0,1.78755e-05,104.49999999999875,1.00208,1.00208,current_full_transition_bis02_f2_sh005
t206_mid,206,mid,1.0153252549058813,CURRENT,full_transition_bis02,2,205,205,True,True,11001101,3.6,0.0,0.0,1.88755e-05,104.49999999999875,1.01534,1.01534,current_full_transition_bis02_f2_sh005
t207_mid,207,mid,1.0285803607129675,CURRENT,full_transition_bis02,2,206,206,True,True,11001110,3.6,0.0,0.0,1.98755e-05,104.49999999999875,1.02859,1.02859,current_full_transition_bis02_f2_sh005
t209_mid,209,mid,1.0550905723271409,CURRENT,full_transition_bis02,2,208,208,True,True,11010000,3.6,0.0,0.0,2.08755e-05,104.49999999999875,1.0551,1.0551,current_full_transition_bis02_f2_sh005
t210_mid,210,mid,1.0683456781342275,CURRENT,full_transition_bis02,2,209,209,True,True,11010001,3.6,0.0,0.0,2.18755e-05,104.49999999999535,1.06836,1.06836,current_full_transition_bis02_f2_sh005
t211_mid,211,mid,1.0816007839413142,CURRENT,full_transition_bis02,2,210,210,True,True,11010010,3.6,0.0,0.0,2.28755e-05,104.49999999999535,1.08161,1.08161,current_full_transition_bis02_f2_sh005
t212_mid,212,mid,1.0948558897484009,CURRENT,full_transition_bis02,2,211,211,True,True,11010011,3.6,0.0,0.0,2.38755e-05,104.49999999999875,1.09487,1.09487,current_full_transition_bis02_f2_sh005
t213_mid,213,mid,1.1081109955554875,CURRENT,full_transition_bis02,2,212,212,True,True,11010100,3.6,0.0,0.0,2.48755e-05,104.49999999999875,1.10812,1.10812,current_full_transition_bis02_f2_sh005
t214_mid,214,mid,1.1213661013625742,CURRENT,full_transition_bis02,2,213,213,True,True,11010101,3.6,0.0,0.0,2.58755e-05,104.49999999999875,1.12138,1.12138,current_full_transition_bis02_f2_sh005
t215_mid,215,mid,1.1346212071696609,CURRENT,full_transition_bis02,2,214,214,True,True,11010110,3.6,0.0,0.0,2.68755e-05,104.49999999999875,1.13463,1.13463,current_full_transition_bis02_f2_sh005
t216_mid,216,mid,1.147876312976747,CURRENT,full_transition_bis02,2,215,215,True,True,11010111,3.6,0.0,0.0,2.78755e-05,104.49999999999535,1.14789,1.14789,current_full_transition_bis02_f2_sh005
t217_mid,217,mid,1.1611314187838337,CURRENT,full_transition_bis02,2,216,216,True,True,11011000,3.6,0.0,0.0,2.88755e-05,104.49999999999535,1.16114,1.16114,current_full_transition_bis02_f2_sh005
t218_mid,218,mid,1.1743865245909204,CURRENT,full_transition_bis02,2,217,217,True,True,11011001,3.6,0.0,0.0,2.98755e-05,104.49999999999875,1.1744,1.1744,current_full_transition_bis02_f2_sh005
t219_mid,219,mid,1.187641630398007,CURRENT,full_transition_bis02,2,218,218,True,True,11011010,3.6,0.0,0.0,3.08755e-05,104.49999999999875,1.18765,1.18765,current_full_transition_bis02_f2_sh005
t220_mid,220,mid,1.2008967362050937,CURRENT,full_transition_bis02,2,219,219,True,True,11011011,3.6,0.0,0.0,3.18755e-05,104.49999999999197,1.20091,1.20091,current_full_transition_bis02_f2_sh005
t003_mid,3,mid,-1.6717258723702018,CURRENT,full_transition_bis03,2,3,3,True,True,00000011,3.6,0.0,0.0,8.7548e-07,104.51999999999994,-1.67172,-1.67172,current_full_transition_bis03_f2_sh000
t004_mid,4,mid,-1.6584707665631155,CURRENT,full_transition_bis03,2,4,4,True,True,00000100,3.6,0.0,0.0,1.87548e-06,104.52000000000014,-1.65846,-1.65846,current_full_transition_bis03_f2_sh000
t005_mid,5,mid,-1.6452156607560289,CURRENT,full_transition_bis03,2,5,5,True,True,00000101,3.6,0.0,0.0,2.87548e-06,104.51999999999973,-1.64521,-1.64521,current_full_transition_bis03_f2_sh000
t006_mid,6,mid,-1.6319605549489422,CURRENT,full_transition_bis03,2,6,6,True,True,00000110,3.6,0.0,0.0,3.87548e-06,104.52000000000014,-1.63195,-1.63195,current_full_transition_bis03_f2_sh000
t007_mid,7,mid,-1.6187054491418555,CURRENT,full_transition_bis03,2,7,7,True,True,00000111,3.6,0.0,0.0,4.87548e-06,104.52000000000099,-1.6187,-1.6187,current_full_transition_bis03_f2_sh000
t008_mid,8,mid,-1.607940577709769,CURRENT,full_transition_bis03,2,7,7,True,True,00000111,3.6,0.0,0.0,5.87548e-06,104.52000000000014,-1.60793,-1.60793,current_full_transition_bis03_f2_sh000
t009_mid,9,mid,-1.5946854719026824,CURRENT,full_transition_bis03,2,8,8,True,True,00001000,3.6,0.0,0.0,6.87548e-06,104.52000000000014,-1.59468,-1.59468,current_full_transition_bis03_f2_sh000
t010_mid,10,mid,-1.5789401317205956,CURRENT,full_transition_bis03,2,10,10,True,True,00001010,3.6,0.0,0.0,7.87548e-06,104.52000000000014,-1.57893,-1.57893,current_full_transition_bis03_f2_sh000
t011_mid,11,mid,-1.5656850259135089,CURRENT,full_transition_bis03,2,11,11,True,True,00001011,3.6,0.0,0.0,8.87548e-06,104.52000000000014,-1.56568,-1.56568,current_full_transition_bis03_f2_sh000
t012_mid,12,mid,-1.5524299201064222,CURRENT,full_transition_bis03,2,12,12,True,True,00001100,3.6,0.0,0.0,9.87548e-06,104.52000000000014,-1.55242,-1.55242,current_full_transition_bis03_f2_sh000
t013_mid,13,mid,-1.539174814299336,CURRENT,full_transition_bis03,2,13,13,True,True,00001101,3.6,0.0,0.0,1.08755e-05,104.50000000000044,-1.53916,-1.53916,current_full_transition_bis03_f2_sh000
t014_mid,14,mid,-1.5259197084922493,CURRENT,full_transition_bis03,2,14,14,True,True,00001110,3.6,0.0,0.0,1.18755e-05,104.50000000000044,-1.52591,-1.52591,current_full_transition_bis03_f2_sh000
t015_mid,15,mid,-1.5126646026851627,CURRENT,full_transition_bis03,2,15,15,True,True,00001111,3.6,0.0,0.0,1.28755e-05,104.49999999999875,-1.51265,-1.51265,current_full_transition_bis03_f2_sh000
t017_mid,17,mid,-1.4886446254459895,CURRENT,full_transition_bis03,2,16,16,True,True,00010000,3.6,0.0,0.0,1.38755e-05,104.50000000000044,-1.48863,-1.48863,current_full_transition_bis03_f2_sh000
t018_mid,18,mid,-1.4753895196389029,CURRENT,full_transition_bis03,2,17,17,True,True,00010001,3.6,0.0,0.0,1.48755e-05,104.50000000000044,-1.47538,-1.47538,current_full_transition_bis03_f2_sh000
t019_mid,19,mid,-1.459644179456816,CURRENT,full_transition_bis03,2,19,19,True,True,00010011,3.6,0.0,0.0,1.58755e-05,104.49999999999875,-1.45963,-1.45963,current_full_transition_bis03_f2_sh000
t020_mid,20,mid,-1.4463890736497294,CURRENT,full_transition_bis03,2,20,20,True,True,00010100,3.6,0.0,0.0,1.68755e-05,104.49999999999535,-1.44638,-1.44638,current_full_transition_bis03_f2_sh000
t021_mid,21,mid,-1.4331339678426427,CURRENT,full_transition_bis03,2,21,21,True,True,00010101,3.6,0.0,0.0,1.78755e-05,104.49999999999875,-1.43312,-1.43312,current_full_transition_bis03_f2_sh000
t022_mid,22,mid,-1.419878862035556,CURRENT,full_transition_bis03,2,22,22,True,True,00010110,3.6,0.0,0.0,1.88755e-05,104.49999999999875,-1.41987,-1.41987,current_full_transition_bis03_f2_sh000
t023_mid,23,mid,-1.4066237562284698,CURRENT,full_transition_bis03,2,23,23,True,True,00010111,3.6,0.0,0.0,1.98755e-05,104.49999999999875,-1.40661,-1.40661,current_full_transition_bis03_f2_sh000
t024_mid,24,mid,-1.3958588847963829,CURRENT,full_transition_bis03,2,23,23,True,True,00010111,3.6,0.0,0.0,2.08755e-05,104.49999999999875,-1.39585,-1.39585,current_full_transition_bis03_f2_sh000
t025_mid,25,mid,-1.3826037789892962,CURRENT,full_transition_bis03,2,24,24,True,True,00011000,3.6,0.0,0.0,2.18755e-05,104.49999999999535,-1.38259,-1.38259,current_full_transition_bis03_f2_sh000
t026_mid,26,mid,-1.36934867318221,CURRENT,full_transition_bis03,2,25,25,True,True,00011001,3.6,0.0,0.0,2.28755e-05,104.49999999999535,-1.36934,-1.36934,current_full_transition_bis03_f2_sh000
t027_mid,27,mid,-1.3536033330001231,CURRENT,full_transition_bis03,2,27,27,True,True,00011011,3.6,0.0,0.0,2.38755e-05,104.49999999999875,-1.35359,-1.35359,current_full_transition_bis03_f2_sh000
t028_mid,28,mid,-1.3403482271930365,CURRENT,full_transition_bis03,2,28,28,True,True,00011100,3.6,0.0,0.0,2.48755e-05,104.49999999999875,-1.34034,-1.34034,current_full_transition_bis03_f2_sh000
t029_mid,29,mid,-1.3270931213859498,CURRENT,full_transition_bis03,2,29,29,True,True,00011101,3.6,0.0,0.0,2.58755e-05,104.49999999999875,-1.32708,-1.32708,current_full_transition_bis03_f2_sh000
t030_mid,30,mid,-1.3138380155788631,CURRENT,full_transition_bis03,2,30,30,True,True,00011110,3.6,0.0,0.0,2.68755e-05,104.49999999999875,-1.31383,-1.31383,current_full_transition_bis03_f2_sh000
t034_mid,34,mid,-1.260817592350517,CURRENT,full_transition_bis03,2,34,34,True,True,00100010,3.6,0.0,0.0,2.78755e-05,104.49999999999535,-1.26081,-1.26081,current_full_transition_bis03_f2_sh000
t035_mid,35,mid,-1.2475624865434303,CURRENT,full_transition_bis03,2,35,35,True,True,00100011,3.6,0.0,0.0,2.88755e-05,104.49999999999535,-1.24755,-1.24755,current_full_transition_bis03_f2_sh000
t036_mid,36,mid,-1.2343073807363436,CURRENT,full_transition_bis03,2,36,36,True,True,00100100,3.6,0.0,0.0,2.98755e-05,104.49999999999875,-1.2343,-1.2343,current_full_transition_bis03_f2_sh000
t037_mid,37,mid,-1.221052274929257,CURRENT,full_transition_bis03,2,37,37,True,True,00100101,3.6,0.0,0.0,3.08755e-05,104.49999999999875,-1.22104,-1.22104,current_full_transition_bis03_f2_sh000
t038_mid,38,mid,-1.2077971691221703,CURRENT,full_transition_bis03,2,38,38,True,True,00100110,3.6,0.0,0.0,3.18755e-05,104.49999999999197,-1.20779,-1.20779,current_full_transition_bis03_f2_sh000
t075_mid,75,mid,-0.7173582542599656,CURRENT,full_transition_bis03,2,74,74,True,True,01001010,3.6,0.0,0.0,8.7548e-07,104.51999999999994,-0.717348,-0.717348,current_full_transition_bis03_f2_sh002
t076_mid,76,mid,-0.704103148452879,CURRENT,full_transition_bis03,2,76,76,True,True,01001100,3.6,0.0,0.0,1.87548e-06,104.52000000000014,-0.704093,-0.704093,current_full_transition_bis03_f2_sh002
t077_mid,77,mid,-0.6908480426457925,CURRENT,full_transition_bis03,2,77,77,True,True,01001101,3.6,0.0,0.0,2.87548e-06,104.51999999999973,-0.690838,-0.690838,current_full_transition_bis03_f2_sh002
t078_mid,78,mid,-0.6775929368387058,CURRENT,full_transition_bis03,2,77,77,True,True,01001101,3.6,0.0,0.0,3.87548e-06,104.52000000000014,-0.677583,-0.677583,current_full_transition_bis03_f2_sh002
t079_mid,79,mid,-0.6643378310316191,CURRENT,full_transition_bis03,2,78,78,True,True,01001110,3.6,0.0,0.0,4.87548e-06,104.52000000000099,-0.664328,-0.664328,current_full_transition_bis03_f2_sh002
t081_mid,81,mid,-0.637827619417446,CURRENT,full_transition_bis03,2,81,81,True,True,01010001,3.6,0.0,0.0,5.87548e-06,104.52000000000014,-0.637818,-0.637818,current_full_transition_bis03_f2_sh002
t082_mid,82,mid,-0.6245725136103594,CURRENT,full_transition_bis03,2,82,82,True,True,01010010,3.6,0.0,0.0,6.87548e-06,104.52000000000014,-0.624563,-0.624563,current_full_transition_bis03_f2_sh002
t083_mid,83,mid,-0.6113174078032727,CURRENT,full_transition_bis03,2,82,82,True,True,01010010,3.6,0.0,0.0,7.87548e-06,104.52000000000014,-0.611307,-0.611307,current_full_transition_bis03_f2_sh002
t084_mid,84,mid,-0.598062301996186,CURRENT,full_transition_bis03,2,84,84,True,True,01010100,3.6,0.0,0.0,8.87548e-06,104.52000000000014,-0.598052,-0.598052,current_full_transition_bis03_f2_sh002
t085_mid,85,mid,-0.5848071961890994,CURRENT,full_transition_bis03,2,85,85,True,True,01010101,3.6,0.0,0.0,9.87548e-06,104.52000000000014,-0.584797,-0.584797,current_full_transition_bis03_f2_sh002
t086_mid,86,mid,-0.5715520903820129,CURRENT,full_transition_bis03,2,86,86,True,True,01010110,3.6,0.0,0.0,1.08755e-05,104.50000000000044,-0.571542,-0.571542,current_full_transition_bis03_f2_sh002
t087_mid,87,mid,-0.5582969845749263,CURRENT,full_transition_bis03,2,86,86,True,True,01010110,3.6,0.0,0.0,1.18755e-05,104.50000000000044,-0.558287,-0.558287,current_full_transition_bis03_f2_sh002
t088_mid,88,mid,-0.5450418787678396,CURRENT,full_transition_bis03,2,88,88,True,True,01011000,3.6,0.0,0.0,1.28755e-05,104.49999999999875,-0.545032,-0.545032,current_full_transition_bis03_f2_sh002
t089_mid,89,mid,-0.5317867729607529,CURRENT,full_transition_bis03,2,89,89,True,True,01011001,3.6,0.0,0.0,1.38755e-05,104.50000000000044,-0.531777,-0.531777,current_full_transition_bis03_f2_sh002
t090_mid,90,mid,-0.5185316671536663,CURRENT,full_transition_bis03,2,90,90,True,True,01011010,3.6,0.0,0.0,1.48755e-05,104.50000000000044,-0.518522,-0.518522,current_full_transition_bis03_f2_sh002
t091_mid,91,mid,-0.5052765613465798,CURRENT,full_transition_bis03,2,91,91,True,True,01011011,3.6,0.0,0.0,1.58755e-05,104.49999999999875,-0.505267,-0.505267,current_full_transition_bis03_f2_sh002
t092_mid,92,mid,-0.49202145553949317,CURRENT,full_transition_bis03,2,92,92,True,True,01011100,3.6,0.0,0.0,1.68755e-05,104.49999999999535,-0.492012,-0.492011,current_full_transition_bis03_f2_sh002
t093_mid,93,mid,-0.4787663497324065,CURRENT,full_transition_bis03,2,93,93,True,True,01011101,3.6,0.0,0.0,1.78755e-05,104.49999999999875,-0.478756,-0.478756,current_full_transition_bis03_f2_sh002
t094_mid,94,mid,-0.46551124392531984,CURRENT,full_transition_bis03,2,94,94,True,True,01011110,3.6,0.0,0.0,1.88755e-05,104.49999999999875,-0.465501,-0.465501,current_full_transition_bis03_f2_sh002
t098_mid,98,mid,-0.4124908206969734,CURRENT,full_transition_bis03,2,97,97,True,True,01100001,3.6,0.0,0.0,1.98755e-05,104.49999999999875,-0.412481,-0.412481,current_full_transition_bis03_f2_sh002
t099_mid,99,mid,-0.39923571488988674,CURRENT,full_transition_bis03,2,98,98,True,True,01100010,3.6,0.0,0.0,2.08755e-05,104.49999999999875,-0.399226,-0.399226,current_full_transition_bis03_f2_sh002
t100_mid,100,mid,-0.3859806090828003,CURRENT,full_transition_bis03,2,99,99,True,True,01100011,3.6,0.0,0.0,2.18755e-05,104.49999999999535,-0.385971,-0.385971,current_full_transition_bis03_f2_sh002
t101_mid,101,mid,-0.37272550327571363,CURRENT,full_transition_bis03,2,100,100,True,True,01100100,3.6,0.0,0.0,2.28755e-05,104.49999999999535,-0.372716,-0.372716,current_full_transition_bis03_f2_sh002
t102_mid,102,mid,-0.35947039746862697,CURRENT,full_transition_bis03,2,101,101,True,True,01100101,3.6,0.0,0.0,2.38755e-05,104.49999999999875,-0.35946,-0.35946,current_full_transition_bis03_f2_sh002
t103_mid,103,mid,-0.3462152916615403,CURRENT,full_transition_bis03,2,102,102,True,True,01100110,3.6,0.0,0.0,2.48755e-05,104.49999999999875,-0.346205,-0.346205,current_full_transition_bis03_f2_sh002
t104_mid,104,mid,-0.33296018585445386,CURRENT,full_transition_bis03,2,103,103,True,True,01100111,3.6,0.0,0.0,2.58755e-05,104.49999999999875,-0.33295,-0.33295,current_full_transition_bis03_f2_sh002
t105_mid,105,mid,-0.3197050800473672,CURRENT,full_transition_bis03,2,104,104,True,True,01101000,3.6,0.0,0.0,2.68755e-05,104.49999999999875,-0.319695,-0.319695,current_full_transition_bis03_f2_sh002
t106_mid,106,mid,-0.30644997424028053,CURRENT,full_transition_bis03,2,105,105,True,True,01101001,3.6,0.0,0.0,2.78755e-05,104.49999999999535,-0.30644,-0.30644,current_full_transition_bis03_f2_sh002
t107_mid,107,mid,-0.29319486843319387,CURRENT,full_transition_bis03,2,106,106,True,True,01101010,3.6,0.0,0.0,2.88755e-05,104.49999999999535,-0.293185,-0.293185,current_full_transition_bis03_f2_sh002
t108_mid,108,mid,-0.2799397626261072,CURRENT,full_transition_bis03,2,107,107,True,True,01101011,3.6,0.0,0.0,2.98755e-05,104.49999999999875,-0.27993,-0.27993,current_full_transition_bis03_f2_sh002
t109_mid,109,mid,-0.26668465681902076,CURRENT,full_transition_bis03,2,108,108,True,True,01101100,3.6,0.0,0.0,3.08755e-05,104.49999999999875,-0.266675,-0.266675,current_full_transition_bis03_f2_sh002
t110_mid,110,mid,-0.2534295510119341,CURRENT,full_transition_bis03,2,109,109,True,True,01101101,3.6,0.0,0.0,3.18755e-05,104.49999999999197,-0.25342,-0.25342,current_full_transition_bis03_f2_sh002
t039_mid,39,mid,-1.1945420633150836,CURRENT,full_transition_bis03,2,39,39,True,True,00100111,3.6,0.0,0.0,8.75482e-07,104.51799999999999,-1.19453,-1.19453,current_full_transition_bis03_f2_sh001
t040_mid,40,mid,-1.181286957507997,CURRENT,full_transition_bis03,2,40,40,True,True,00101000,3.6,0.0,0.0,1.87548e-06,104.52000000000014,-1.18128,-1.18128,current_full_transition_bis03_f2_sh001
t041_mid,41,mid,-1.1680318517009107,CURRENT,full_transition_bis03,2,41,41,True,True,00101001,3.6,0.0,0.0,2.87548e-06,104.51999999999973,-1.16802,-1.16802,current_full_transition_bis03_f2_sh001
t042_mid,42,mid,-1.154776745893824,CURRENT,full_transition_bis03,2,42,42,True,True,00101010,3.6,0.0,0.0,3.87548e-06,104.52000000000014,-1.15477,-1.15477,current_full_transition_bis03_f2_sh001
t043_mid,43,mid,-1.1415216400867374,CURRENT,full_transition_bis03,2,43,43,True,True,00101011,3.6,0.0,0.0,4.87548e-06,104.52000000000099,-1.14151,-1.14151,current_full_transition_bis03_f2_sh001
t044_mid,44,mid,-1.1282665342796507,CURRENT,full_transition_bis03,2,44,44,True,True,00101100,3.6,0.0,0.0,5.87548e-06,104.52000000000014,-1.12826,-1.12826,current_full_transition_bis03_f2_sh001
t045_mid,45,mid,-1.115011428472564,CURRENT,full_transition_bis03,2,45,45,True,True,00101101,3.6,0.0,0.0,6.87548e-06,104.52000000000014,-1.115,-1.115,current_full_transition_bis03_f2_sh001
t046_mid,46,mid,-1.1017563226654774,CURRENT,full_transition_bis03,2,46,46,True,True,00101110,3.6,0.0,0.0,7.87548e-06,104.52000000000014,-1.10175,-1.10175,current_full_transition_bis03_f2_sh001
t047_mid,47,mid,-1.0885012168583907,CURRENT,full_transition_bis03,2,47,47,True,True,00101111,3.6,0.0,0.0,8.87548e-06,104.52000000000014,-1.08849,-1.08849,current_full_transition_bis03_f2_sh001
t049_mid,49,mid,-1.0619910052442174,CURRENT,full_transition_bis03,2,49,49,True,True,00110001,3.6,0.0,0.0,9.87548e-06,104.52000000000014,-1.06198,-1.06198,current_full_transition_bis03_f2_sh001
t050_mid,50,mid,-1.0487358994371307,CURRENT,full_transition_bis03,2,50,50,True,True,00110010,3.6,0.0,0.0,1.08755e-05,104.50000000000044,-1.04873,-1.04873,current_full_transition_bis03_f2_sh001
t051_mid,51,mid,-1.0354807936300445,CURRENT,full_transition_bis03,2,51,51,True,True,00110011,3.6,0.0,0.0,1.18755e-05,104.50000000000044,-1.03547,-1.03547,current_full_transition_bis03_f2_sh001
t052_mid,52,mid,-1.0222256878229579,CURRENT,full_transition_bis03,2,52,52,True,True,00110100,3.6,0.0,0.0,1.28755e-05,104.49999999999875,-1.02222,-1.02222,current_full_transition_bis03_f2_sh001
t053_mid,53,mid,-1.0089705820158712,CURRENT,full_transition_bis03,2,53,53,True,True,00110101,3.6,0.0,0.0,1.38755e-05,104.50000000000044,-1.00896,-1.00896,current_full_transition_bis03_f2_sh001
t054_mid,54,mid,-0.9957154762087844,CURRENT,full_transition_bis03,2,54,54,True,True,00110110,3.6,0.0,0.0,1.48755e-05,104.50000000000044,-0.995705,-0.995705,current_full_transition_bis03_f2_sh001
t055_mid,55,mid,-0.982460370401698,CURRENT,full_transition_bis03,2,55,55,True,True,00110111,3.6,0.0,0.0,1.58755e-05,104.49999999999875,-0.98245,-0.98245,current_full_transition_bis03_f2_sh001
t056_mid,56,mid,-0.9692052645946113,CURRENT,full_transition_bis03,2,56,56,True,True,00111000,3.6,0.0,0.0,1.68755e-05,104.49999999999535,-0.969195,-0.969195,current_full_transition_bis03_f2_sh001
t057_mid,57,mid,-0.9559501587875247,CURRENT,full_transition_bis03,2,57,57,True,True,00111001,3.6,0.0,0.0,1.78755e-05,104.49999999999875,-0.95594,-0.95594,current_full_transition_bis03_f2_sh001
t058_mid,58,mid,-0.9426950529804381,CURRENT,full_transition_bis03,2,58,58,True,True,00111010,3.6,0.0,0.0,1.88755e-05,104.49999999999875,-0.942685,-0.942685,current_full_transition_bis03_f2_sh001
t059_mid,59,mid,-0.9294399471733514,CURRENT,full_transition_bis03,2,59,59,True,True,00111011,3.6,0.0,0.0,1.98755e-05,104.49999999999875,-0.92943,-0.92943,current_full_transition_bis03_f2_sh001
t060_mid,60,mid,-0.9161848413662649,CURRENT,full_transition_bis03,2,60,60,True,True,00111100,3.6,0.0,0.0,2.08755e-05,104.49999999999875,-0.916175,-0.916175,current_full_transition_bis03_f2_sh001
t061_mid,61,mid,-0.9029297355591782,CURRENT,full_transition_bis03,2,61,61,True,True,00111101,3.6,0.0,0.0,2.18755e-05,104.49999999999535,-0.90292,-0.90292,current_full_transition_bis03_f2_sh001
t062_mid,62,mid,-0.8896746297520917,CURRENT,full_transition_bis03,2,62,62,True,True,00111110,3.6,0.0,0.0,2.28755e-05,104.49999999999535,-0.889665,-0.889665,current_full_transition_bis03_f2_sh001
t066_mid,66,mid,-0.8366542065237451,CURRENT,full_transition_bis03,2,66,66,True,True,01000010,3.6,0.0,0.0,2.38755e-05,104.49999999999875,-0.836644,-0.836644,current_full_transition_bis03_f2_sh001
t067_mid,67,mid,-0.8233991007166586,CURRENT,full_transition_bis03,2,66,66,True,True,01000010,3.6,0.0,0.0,2.48755e-05,104.49999999999875,-0.823389,-0.823389,current_full_transition_bis03_f2_sh001
t068_mid,68,mid,-0.8101439949095719,CURRENT,full_transition_bis03,2,68,68,True,True,01000100,3.6,0.0,0.0,2.58755e-05,104.49999999999875,-0.810134,-0.810134,current_full_transition_bis03_f2_sh001
t069_mid,69,mid,-0.7968888891024853,CURRENT,full_transition_bis03,2,68,68,True,True,01000100,3.6,0.0,0.0,2.68755e-05,104.49999999999875,-0.796879,-0.796879,current_full_transition_bis03_f2_sh001
t070_mid,70,mid,-0.7836337832953987,CURRENT,full_transition_bis03,2,69,69,True,True,01000101,3.6,0.0,0.0,2.78755e-05,104.49999999999535,-0.783624,-0.783624,current_full_transition_bis03_f2_sh001
t071_mid,71,mid,-0.7703786774883121,CURRENT,full_transition_bis03,2,70,70,True,True,01000110,3.6,0.0,0.0,2.88755e-05,104.49999999999535,-0.770369,-0.770369,current_full_transition_bis03_f2_sh001
t072_mid,72,mid,-0.7571235716812255,CURRENT,full_transition_bis03,2,72,72,True,True,01001000,3.6,0.0,0.0,2.98755e-05,104.49999999999875,-0.757114,-0.757114,current_full_transition_bis03_f2_sh001
t073_mid,73,mid,-0.7438684658741389,CURRENT,full_transition_bis03,2,73,73,True,True,01001001,3.6,0.0,0.0,3.08755e-05,104.49999999999875,-0.743859,-0.743858,current_full_transition_bis03_f2_sh001
t074_mid,74,mid,-0.7306133600670522,CURRENT,full_transition_bis03,2,74,74,True,True,01001010,3.6,0.0,0.0,3.18755e-05,104.49999999999197,-0.730603,-0.730603,current_full_transition_bis03_f2_sh001
t111_mid,111,mid,-0.2401744452048474,CURRENT,full_transition_bis03,2,110,110,True,True,01101110,3.6,0.0,0.0,8.75479e-07,104.52099999999996,-0.240164,-0.240164,current_full_transition_bis03_f2_sh003
t113_mid,113,mid,-0.21366423359067407,CURRENT,full_transition_bis03,2,113,113,True,True,01110001,3.6,0.0,0.0,1.87548e-06,104.52000000000014,-0.213654,-0.213654,current_full_transition_bis03_f2_sh003
t114_mid,114,mid,-0.20040912778358763,CURRENT,full_transition_bis03,2,113,113,True,True,01110001,3.6,0.0,0.0,2.87548e-06,104.51999999999973,-0.200399,-0.200399,current_full_transition_bis03_f2_sh003
t115_mid,115,mid,-0.18715402197650097,CURRENT,full_transition_bis03,2,114,114,True,True,01110010,3.6,0.0,0.0,3.87548e-06,104.52000000000014,-0.187144,-0.187144,current_full_transition_bis03_f2_sh003
t116_mid,116,mid,-0.1738989161694143,CURRENT,full_transition_bis03,2,115,115,True,True,01110011,3.6,0.0,0.0,4.87548e-06,104.52000000000099,-0.173889,-0.173889,current_full_transition_bis03_f2_sh003
t117_mid,117,mid,-0.16064381036232764,CURRENT,full_transition_bis03,2,116,116,True,True,01110100,3.6,0.0,0.0,5.87548e-06,104.52000000000014,-0.160634,-0.160634,current_full_transition_bis03_f2_sh003
t118_mid,118,mid,-0.1473887045552412,CURRENT,full_transition_bis03,2,117,117,True,True,01110101,3.6,0.0,0.0,6.87548e-06,104.52000000000014,-0.147379,-0.147379,current_full_transition_bis03_f2_sh003
t119_mid,119,mid,-0.13413359874815453,CURRENT,full_transition_bis03,2,118,118,True,True,01110110,3.6,0.0,0.0,7.87548e-06,104.52000000000014,-0.134124,-0.134124,current_full_transition_bis03_f2_sh003
t120_mid,120,mid,-0.12087849294106787,CURRENT,full_transition_bis03,2,120,120,True,True,01111000,3.6,0.0,0.0,8.87548e-06,104.52000000000014,-0.120868,-0.120868,current_full_transition_bis03_f2_sh003
t121_mid,121,mid,-0.1076233871339812,CURRENT,full_transition_bis03,2,121,121,True,True,01111001,3.6,0.0,0.0,9.87548e-06,104.52000000000014,-0.107613,-0.107613,current_full_transition_bis03_f2_sh003
t122_mid,122,mid,-0.09436828132689454,CURRENT,full_transition_bis03,2,121,121,True,True,01111001,3.6,0.0,0.0,1.08755e-05,104.50000000000044,-0.0943583,-0.0943583,current_full_transition_bis03_f2_sh003
t123_mid,123,mid,-0.0811131755198081,CURRENT,full_transition_bis03,2,122,122,True,True,01111010,3.6,0.0,0.0,1.18755e-05,104.50000000000044,-0.0811032,-0.0811032,current_full_transition_bis03_f2_sh003
t124_mid,124,mid,-0.06785806971272143,CURRENT,full_transition_bis03,2,123,123,True,True,01111011,3.6,0.0,0.0,1.28755e-05,104.49999999999875,-0.0678481,-0.0678481,current_full_transition_bis03_f2_sh003
t125_mid,125,mid,-0.05460296390563477,CURRENT,full_transition_bis03,2,124,124,True,True,01111100,3.6,0.0,0.0,1.38755e-05,104.50000000000044,-0.054593,-0.054593,current_full_transition_bis03_f2_sh003
t126_mid,126,mid,-0.04134785809854811,CURRENT,full_transition_bis03,2,125,125,True,True,01111101,3.6,0.0,0.0,1.48755e-05,104.50000000000044,-0.0413379,-0.0413379,current_full_transition_bis03_f2_sh003
t130_mid,130,mid,0.009182330754798329,CURRENT,full_transition_bis03,2,130,130,True,True,10000010,3.6,0.0,0.0,1.58755e-05,104.49999999999875,0.00919233,0.00919233,current_full_transition_bis03_f2_sh003
t131_mid,131,mid,0.022437436561884995,CURRENT,full_transition_bis03,2,131,131,True,True,10000011,3.6,0.0,0.0,1.68755e-05,104.49999999999535,0.0224474,0.0224474,current_full_transition_bis03_f2_sh003
t132_mid,132,mid,0.03569254236897144,CURRENT,full_transition_bis03,2,132,132,True,True,10000100,3.6,0.0,0.0,1.78755e-05,104.49999999999875,0.0357025,0.0357025,current_full_transition_bis03_f2_sh003
t133_mid,133,mid,0.0489476481760581,CURRENT,full_transition_bis03,2,133,133,True,True,10000101,3.6,0.0,0.0,1.88755e-05,104.49999999999875,0.0489576,0.0489576,current_full_transition_bis03_f2_sh003
t134_mid,134,mid,0.062202753983144767,CURRENT,full_transition_bis03,2,134,134,True,True,10000110,3.6,0.0,0.0,1.98755e-05,104.49999999999875,0.0622128,0.0622128,current_full_transition_bis03_f2_sh003
t135_mid,135,mid,0.07545785979023142,CURRENT,full_transition_bis03,2,135,135,True,True,10000111,3.6,0.0,0.0,2.08755e-05,104.49999999999875,0.0754679,0.0754679,current_full_transition_bis03_f2_sh003
t136_mid,136,mid,0.08871296559731787,CURRENT,full_transition_bis03,2,136,136,True,True,10001000,3.6,0.0,0.0,2.18755e-05,104.49999999999535,0.088723,0.088723,current_full_transition_bis03_f2_sh003
t137_mid,137,mid,0.10196807140440453,CURRENT,full_transition_bis03,2,137,137,True,True,10001001,3.6,0.0,0.0,2.28755e-05,104.49999999999535,0.101978,0.101978,current_full_transition_bis03_f2_sh003
t138_mid,138,mid,0.1152231772114912,CURRENT,full_transition_bis03,2,138,138,True,True,10001010,3.6,0.0,0.0,2.38755e-05,104.49999999999875,0.115233,0.115233,current_full_transition_bis03_f2_sh003
t139_mid,139,mid,0.12847828301857786,CURRENT,full_transition_bis03,2,139,139,True,True,10001011,3.6,0.0,0.0,2.48755e-05,104.49999999999875,0.128488,0.128488,current_full_transition_bis03_f2_sh003
t140_mid,140,mid,0.14173338882566452,CURRENT,full_transition_bis03,2,140,140,True,True,10001100,3.6,0.0,0.0,2.58755e-05,104.49999999999875,0.141743,0.141743,current_full_transition_bis03_f2_sh003
t141_mid,141,mid,0.15498849463275097,CURRENT,full_transition_bis03,2,141,141,True,True,10001101,3.6,0.0,0.0,2.68755e-05,104.49999999999875,0.154999,0.154999,current_full_transition_bis03_f2_sh003
t142_mid,142,mid,0.16824360043983763,CURRENT,full_transition_bis03,2,142,142,True,True,10001110,3.6,0.0,0.0,2.78755e-05,104.49999999999535,0.168254,0.168254,current_full_transition_bis03_f2_sh003
t143_mid,143,mid,0.1814987062469243,CURRENT,full_transition_bis03,2,143,143,True,True,10001111,3.6,0.0,0.0,2.88755e-05,104.49999999999535,0.181509,0.181509,current_full_transition_bis03_f2_sh003
t145_mid,145,mid,0.2080089178610974,CURRENT,full_transition_bis03,2,145,145,True,True,10010001,3.6,0.0,0.0,2.98755e-05,104.49999999999875,0.208019,0.208019,current_full_transition_bis03_f2_sh003
t146_mid,146,mid,0.22126402366818407,CURRENT,full_transition_bis03,2,146,146,True,True,10010010,3.6,0.0,0.0,3.08755e-05,104.49999999999875,0.221274,0.221274,current_full_transition_bis03_f2_sh003
t147_mid,147,mid,0.23451912947527073,CURRENT,full_transition_bis03,2,147,147,True,True,10010011,3.6,0.0,0.0,3.18755e-05,104.49999999999197,0.234529,0.234529,current_full_transition_bis03_f2_sh003
t221_mid,221,mid,1.2153969591996803,CURRENT,full_transition_bis03,2,220,220,True,True,11011100,3.6,0.0,0.0,8.75479e-07,104.52099999999996,1.21541,1.21541,current_full_transition_bis03_f2_sh006
t222_mid,222,mid,1.228652065006767,CURRENT,full_transition_bis03,2,221,221,True,True,11011101,3.6,0.0,0.0,1.87548e-06,104.52000000000014,1.22866,1.22866,current_full_transition_bis03_f2_sh006
t226_mid,226,mid,1.2816724882351131,CURRENT,full_transition_bis03,2,225,225,True,True,11100001,3.6,0.0,0.0,2.87548e-06,104.51999999999973,1.28168,1.28168,current_full_transition_bis03_f2_sh006
t227_mid,227,mid,1.2949275940421998,CURRENT,full_transition_bis03,2,226,226,True,True,11100010,3.6,0.0,0.0,3.87548e-06,104.52000000000014,1.29494,1.29494,current_full_transition_bis03_f2_sh006
t228_mid,228,mid,1.3081826998492865,CURRENT,full_transition_bis03,2,227,227,True,True,11100011,3.6,0.0,0.0,4.87548e-06,104.52000000000099,1.30819,1.30819,current_full_transition_bis03_f2_sh006
t229_mid,229,mid,1.3214378056563731,CURRENT,full_transition_bis03,2,228,228,True,True,11100100,3.6,0.0,0.0,5.87548e-06,104.52000000000014,1.32145,1.32145,current_full_transition_bis03_f2_sh006
t230_mid,230,mid,1.3346929114634598,CURRENT,full_transition_bis03,2,229,229,True,True,11100101,3.6,0.0,0.0,6.87548e-06,104.52000000000014,1.3347,1.3347,current_full_transition_bis03_f2_sh006
t231_mid,231,mid,1.3504382516455467,CURRENT,full_transition_bis03,2,231,231,True,True,11100111,3.6,0.0,0.0,7.87548e-06,104.52000000000014,1.35045,1.35045,current_full_transition_bis03_f2_sh006
t232_mid,232,mid,1.3612031230776331,CURRENT,full_transition_bis03,2,231,231,True,True,11100111,3.6,0.0,0.0,8.87548e-06,104.52000000000014,1.36121,1.36121,current_full_transition_bis03_f2_sh006
t233_mid,233,mid,1.3744582288847198,CURRENT,full_transition_bis03,2,232,232,True,True,11101000,3.6,0.0,0.0,9.87548e-06,104.52000000000014,1.37447,1.37447,current_full_transition_bis03_f2_sh006
t234_mid,234,mid,1.3877133346918065,CURRENT,full_transition_bis03,2,233,233,True,True,11101001,3.6,0.0,0.0,1.08755e-05,104.50000000000044,1.38772,1.38772,current_full_transition_bis03_f2_sh006
t235_mid,235,mid,1.4009684404988927,CURRENT,full_transition_bis03,2,234,234,True,True,11101010,3.6,0.0,0.0,1.18755e-05,104.50000000000044,1.40098,1.40098,current_full_transition_bis03_f2_sh006
t236_mid,236,mid,1.4142235463059794,CURRENT,full_transition_bis03,2,235,235,True,True,11101011,3.6,0.0,0.0,1.28755e-05,104.49999999999875,1.41423,1.41423,current_full_transition_bis03_f2_sh006
t237_mid,237,mid,1.427478652113066,CURRENT,full_transition_bis03,2,236,236,True,True,11101100,3.6,0.0,0.0,1.38755e-05,104.50000000000044,1.42749,1.42749,current_full_transition_bis03_f2_sh006
t238_mid,238,mid,1.4407337579201527,CURRENT,full_transition_bis03,2,237,237,True,True,11101101,3.6,0.0,0.0,1.48755e-05,104.50000000000044,1.44074,1.44074,current_full_transition_bis03_f2_sh006
t239_mid,239,mid,1.4564790981022395,CURRENT,full_transition_bis03,2,239,239,True,True,11101111,3.6,0.0,0.0,1.58755e-05,104.49999999999875,1.45649,1.45649,current_full_transition_bis03_f2_sh006
t240_mid,240,mid,1.467243969534326,CURRENT,full_transition_bis03,2,239,239,True,True,11101111,3.6,0.0,0.0,1.68755e-05,104.49999999999535,1.46725,1.46725,current_full_transition_bis03_f2_sh006
t241_mid,241,mid,1.4804990753414127,CURRENT,full_transition_bis03,2,240,240,True,True,11110000,3.6,0.0,0.0,1.78755e-05,104.49999999999875,1.48051,1.48051,current_full_transition_bis03_f2_sh006
t242_mid,242,mid,1.4937541811484993,CURRENT,full_transition_bis03,2,241,241,True,True,11110001,3.6,0.0,0.0,1.88755e-05,104.49999999999875,1.49376,1.49376,current_full_transition_bis03_f2_sh006
t243_mid,243,mid,1.507009286955586,CURRENT,full_transition_bis03,2,242,242,True,True,11110010,3.6,0.0,0.0,1.98755e-05,104.49999999999875,1.50702,1.50702,current_full_transition_bis03_f2_sh006
t244_mid,244,mid,1.5202643927626722,CURRENT,full_transition_bis03,2,243,243,True,True,11110011,3.6,0.0,0.0,2.08755e-05,104.49999999999875,1.52027,1.52027,current_full_transition_bis03_f2_sh006
t245_mid,245,mid,1.5335194985697589,CURRENT,full_transition_bis03,2,244,244,True,True,11110100,3.6,0.0,0.0,2.18755e-05,104.49999999999535,1.53353,1.53353,current_full_transition_bis03_f2_sh006
t246_mid,246,mid,1.5467746043768456,CURRENT,full_transition_bis03,2,245,245,True,True,11110101,3.6,0.0,0.0,2.28755e-05,104.49999999999535,1.54678,1.54678,current_full_transition_bis03_f2_sh006
t247_mid,247,mid,1.5600297101839322,CURRENT,full_transition_bis03,2,246,246,True,True,11110110,3.6,0.0,0.0,2.38755e-05,104.49999999999875,1.56004,1.56004,current_full_transition_bis03_f2_sh006
t248_mid,248,mid,1.5732848159910189,CURRENT,full_transition_bis03,2,247,247,True,True,11110111,3.6,0.0,0.0,2.48755e-05,104.49999999999875,1.57329,1.57329,current_full_transition_bis03_f2_sh006
t249_mid,249,mid,1.5865399217981055,CURRENT,full_transition_bis03,2,248,248,True,True,11111000,3.6,0.0,0.0,2.58755e-05,104.49999999999875,1.58655,1.58655,current_full_transition_bis03_f2_sh006
t250_mid,250,mid,1.5997950276051922,CURRENT,full_transition_bis03,2,249,249,True,True,11111001,3.6,0.0,0.0,2.68755e-05,104.49999999999875,1.59981,1.59981,current_full_transition_bis03_f2_sh006
t251_mid,251,mid,1.6130501334122789,CURRENT,full_transition_bis03,2,250,250,True,True,11111010,3.6,0.0,0.0,2.78755e-05,104.49999999999535,1.61306,1.61306,current_full_transition_bis03_f2_sh006
t252_mid,252,mid,1.6263052392193655,CURRENT,full_transition_bis03,2,251,251,True,True,11111011,3.6,0.0,0.0,2.88755e-05,104.49999999999535,1.62632,1.62632,current_full_transition_bis03_f2_sh006
t253_mid,253,mid,1.6395603450264518,CURRENT,full_transition_bis03,2,252,252,True,True,11111100,3.6,0.0,0.0,2.98755e-05,104.49999999999875,1.63957,1.63957,current_full_transition_bis03_f2_sh006
t254_mid,254,mid,1.6528154508335384,CURRENT,full_transition_bis03,2,253,253,True,True,11111101,3.6,0.0,0.0,3.08755e-05,104.49999999999875,1.65283,1.65283,current_full_transition_bis03_f2_sh006
t148_mid,148,mid,0.2477742352823574,CURRENT,full_transition_bis03,2,148,148,True,True,10010100,3.6,0.0,0.0,8.75479e-07,104.52099999999996,0.247784,0.247784,current_full_transition_bis03_f2_sh004
t149_mid,149,mid,0.2610293410894441,CURRENT,full_transition_bis03,2,149,149,True,True,10010101,3.6,0.0,0.0,1.87548e-06,104.52000000000014,0.261039,0.261039,current_full_transition_bis03_f2_sh004
t150_mid,150,mid,0.27428444689653053,CURRENT,full_transition_bis03,2,150,150,True,True,10010110,3.6,0.0,0.0,2.87548e-06,104.51999999999973,0.274295,0.274294,current_full_transition_bis03_f2_sh004
t151_mid,151,mid,0.2875395527036172,CURRENT,full_transition_bis03,2,151,151,True,True,10010111,3.6,0.0,0.0,3.87548e-06,104.52000000000014,0.28755,0.28755,current_full_transition_bis03_f2_sh004
t152_mid,152,mid,0.30079465851070364,CURRENT,full_transition_bis03,2,152,152,True,True,10011000,3.6,0.0,0.0,4.87548e-06,104.52000000000099,0.300805,0.300805,current_full_transition_bis03_f2_sh004
t153_mid,153,mid,0.3140497643177903,CURRENT,full_transition_bis03,2,153,153,True,True,10011001,3.6,0.0,0.0,5.87548e-06,104.52000000000014,0.31406,0.31406,current_full_transition_bis03_f2_sh004
t154_mid,154,mid,0.32730487012487697,CURRENT,full_transition_bis03,2,154,154,True,True,10011010,3.6,0.0,0.0,6.87548e-06,104.52000000000014,0.327315,0.327315,current_full_transition_bis03_f2_sh004
t155_mid,155,mid,0.34055997593196363,CURRENT,full_transition_bis03,2,155,155,True,True,10011011,3.6,0.0,0.0,7.87548e-06,104.52000000000014,0.34057,0.34057,current_full_transition_bis03_f2_sh004
t156_mid,156,mid,0.3538150817390503,CURRENT,full_transition_bis03,2,156,156,True,True,10011100,3.6,0.0,0.0,8.87548e-06,104.52000000000014,0.353825,0.353825,current_full_transition_bis03_f2_sh004
t157_mid,157,mid,0.36707018754613696,CURRENT,full_transition_bis03,2,157,157,True,True,10011101,3.6,0.0,0.0,9.87548e-06,104.52000000000014,0.36708,0.36708,current_full_transition_bis03_f2_sh004
t158_mid,158,mid,0.3803252933532236,CURRENT,full_transition_bis03,2,158,158,True,True,10011110,3.6,0.0,0.0,1.08755e-05,104.50000000000044,0.380335,0.380335,current_full_transition_bis03_f2_sh004
t162_mid,162,mid,0.43334571658156984,CURRENT,full_transition_bis03,2,162,162,True,True,10100010,3.6,0.0,0.0,1.18755e-05,104.50000000000044,0.433356,0.433356,current_full_transition_bis03_f2_sh004
t163_mid,163,mid,0.4466008223886565,CURRENT,full_transition_bis03,2,162,162,True,True,10100010,3.6,0.0,0.0,1.28755e-05,104.49999999999875,0.446611,0.446611,current_full_transition_bis03_f2_sh004
t164_mid,164,mid,0.45985592819574317,CURRENT,full_transition_bis03,2,164,164,True,True,10100100,3.6,0.0,0.0,1.38755e-05,104.50000000000044,0.459866,0.459866,current_full_transition_bis03_f2_sh004
t165_mid,165,mid,0.47311103400282983,CURRENT,full_transition_bis03,2,165,165,True,True,10100101,3.6,0.0,0.0,1.48755e-05,104.50000000000044,0.473121,0.473121,current_full_transition_bis03_f2_sh004
t166_mid,166,mid,0.4863661398099165,CURRENT,full_transition_bis03,2,165,165,True,True,10100101,3.6,0.0,0.0,1.58755e-05,104.49999999999875,0.486376,0.486376,current_full_transition_bis03_f2_sh004
t167_mid,167,mid,0.49962124561700316,CURRENT,full_transition_bis03,2,166,166,True,True,10100110,3.6,0.0,0.0,1.68755e-05,104.49999999999535,0.499631,0.499631,current_full_transition_bis03_f2_sh004
t168_mid,168,mid,0.5128763514240898,CURRENT,full_transition_bis03,2,168,168,True,True,10101000,3.6,0.0,0.0,1.78755e-05,104.49999999999875,0.512886,0.512886,current_full_transition_bis03_f2_sh004
t169_mid,169,mid,0.5261314572311765,CURRENT,full_transition_bis03,2,169,169,True,True,10101001,3.6,0.0,0.0,1.88755e-05,104.49999999999875,0.526142,0.526141,current_full_transition_bis03_f2_sh004
t170_mid,170,mid,0.5393865630382632,CURRENT,full_transition_bis03,2,170,170,True,True,10101010,3.6,0.0,0.0,1.98755e-05,104.49999999999875,0.539397,0.539397,current_full_transition_bis03_f2_sh004
t171_mid,171,mid,0.5526416688453494,CURRENT,full_transition_bis03,2,170,170,True,True,10101010,3.6,0.0,0.0,2.08755e-05,104.49999999999875,0.552652,0.552652,current_full_transition_bis03_f2_sh004
t172_mid,172,mid,0.565896774652436,CURRENT,full_transition_bis03,2,172,172,True,True,10101100,3.6,0.0,0.0,2.18755e-05,104.49999999999535,0.565907,0.565907,current_full_transition_bis03_f2_sh004
t173_mid,173,mid,0.5791518804595227,CURRENT,full_transition_bis03,2,173,173,True,True,10101101,3.6,0.0,0.0,2.28755e-05,104.49999999999535,0.579162,0.579162,current_full_transition_bis03_f2_sh004
t174_mid,174,mid,0.5924069862666094,CURRENT,full_transition_bis03,2,174,174,True,True,10101110,3.6,0.0,0.0,2.38755e-05,104.49999999999875,0.592417,0.592417,current_full_transition_bis03_f2_sh004
t175_mid,175,mid,0.605662092073696,CURRENT,full_transition_bis03,2,174,174,True,True,10101110,3.6,0.0,0.0,2.48755e-05,104.49999999999875,0.605672,0.605672,current_full_transition_bis03_f2_sh004
t177_mid,177,mid,0.6321723036878694,CURRENT,full_transition_bis03,2,177,177,True,True,10110001,3.6,0.0,0.0,2.58755e-05,104.49999999999875,0.632182,0.632182,current_full_transition_bis03_f2_sh004
t178_mid,178,mid,0.645427409494956,CURRENT,full_transition_bis03,2,178,178,True,True,10110010,3.6,0.0,0.0,2.68755e-05,104.49999999999875,0.645437,0.645437,current_full_transition_bis03_f2_sh004
t179_mid,179,mid,0.6586825153020427,CURRENT,full_transition_bis03,2,179,179,True,True,10110011,3.6,0.0,0.0,2.78755e-05,104.49999999999535,0.658693,0.658693,current_full_transition_bis03_f2_sh004
t180_mid,180,mid,0.6719376211091289,CURRENT,full_transition_bis03,2,180,180,True,True,10110100,3.6,0.0,0.0,2.88755e-05,104.49999999999535,0.671948,0.671948,current_full_transition_bis03_f2_sh004
t181_mid,181,mid,0.6851927269162156,CURRENT,full_transition_bis03,2,181,181,True,True,10110101,3.6,0.0,0.0,2.98755e-05,104.49999999999875,0.685203,0.685203,current_full_transition_bis03_f2_sh004
t182_mid,182,mid,0.6984478327233022,CURRENT,full_transition_bis03,2,182,182,True,True,10110110,3.6,0.0,0.0,3.08755e-05,104.49999999999875,0.698458,0.698458,current_full_transition_bis03_f2_sh004
t183_mid,183,mid,0.7117029385303889,CURRENT,full_transition_bis03,2,182,182,True,True,10110110,3.6,0.0,0.0,3.18755e-05,104.49999999999197,0.711713,0.711713,current_full_transition_bis03_f2_sh004
t184_mid,184,mid,0.7249580443374756,CURRENT,full_transition_bis03,2,184,184,True,True,10111000,3.6,0.0,0.0,8.75481e-07,104.5189999999999,0.724968,0.724968,current_full_transition_bis03_f2_sh005
t185_mid,185,mid,0.7382131501445622,CURRENT,full_transition_bis03,2,185,185,True,True,10111001,3.6,0.0,0.0,1.87548e-06,104.52000000000014,0.738223,0.738223,current_full_transition_bis03_f2_sh005
t186_mid,186,mid,0.7514682559516489,CURRENT,full_transition_bis03,2,186,186,True,True,10111010,3.6,0.0,0.0,2.87548e-06,104.51999999999973,0.751478,0.751478,current_full_transition_bis03_f2_sh005
t187_mid,187,mid,0.7647233617587356,CURRENT,full_transition_bis03,2,187,187,True,True,10111011,3.6,0.0,0.0,3.87548e-06,104.52000000000014,0.764733,0.764733,current_full_transition_bis03_f2_sh005
t188_mid,188,mid,0.7779784675658222,CURRENT,full_transition_bis03,2,188,188,True,True,10111100,3.6,0.0,0.0,4.87548e-06,104.52000000000099,0.777989,0.777988,current_full_transition_bis03_f2_sh005
t189_mid,189,mid,0.7912335733729084,CURRENT,full_transition_bis03,2,189,189,True,True,10111101,3.6,0.0,0.0,5.87548e-06,104.52000000000014,0.791244,0.791244,current_full_transition_bis03_f2_sh005
t194_mid,194,mid,0.8575091024083418,CURRENT,full_transition_bis03,2,193,193,True,True,11000001,3.6,0.0,0.0,6.87548e-06,104.52000000000014,0.857519,0.857519,current_full_transition_bis03_f2_sh005
t195_mid,195,mid,0.8707642082154284,CURRENT,full_transition_bis03,2,194,194,True,True,11000010,3.6,0.0,0.0,7.87548e-06,104.52000000000014,0.870774,0.870774,current_full_transition_bis03_f2_sh005
t196_mid,196,mid,0.8840193140225151,CURRENT,full_transition_bis03,2,195,195,True,True,11000011,3.6,0.0,0.0,8.87548e-06,104.52000000000014,0.884029,0.884029,current_full_transition_bis03_f2_sh005
t197_mid,197,mid,0.8972744198296018,CURRENT,full_transition_bis03,2,196,196,True,True,11000100,3.6,0.0,0.0,9.87548e-06,104.52000000000014,0.897284,0.897284,current_full_transition_bis03_f2_sh005
t198_mid,198,mid,0.910529525636688,CURRENT,full_transition_bis03,2,197,197,True,True,11000101,3.6,0.0,0.0,1.08755e-05,104.50000000000044,0.91054,0.91054,current_full_transition_bis03_f2_sh005
t199_mid,199,mid,0.9237846314437747,CURRENT,full_transition_bis03,2,198,198,True,True,11000110,3.6,0.0,0.0,1.18755e-05,104.50000000000044,0.923795,0.923795,current_full_transition_bis03_f2_sh005
t200_mid,200,mid,0.9370397372508613,CURRENT,full_transition_bis03,2,199,199,True,True,11000111,3.6,0.0,0.0,1.28755e-05,104.49999999999875,0.93705,0.93705,current_full_transition_bis03_f2_sh005
t201_mid,201,mid,0.950294843057948,CURRENT,full_transition_bis03,2,200,200,True,True,11001000,3.6,0.0,0.0,1.38755e-05,104.50000000000044,0.950305,0.950305,current_full_transition_bis03_f2_sh005
t202_mid,202,mid,0.9635499488650346,CURRENT,full_transition_bis03,2,201,201,True,True,11001001,3.6,0.0,0.0,1.48755e-05,104.50000000000044,0.96356,0.96356,current_full_transition_bis03_f2_sh005
t203_mid,203,mid,0.9768050546721213,CURRENT,full_transition_bis03,2,202,202,True,True,11001010,3.6,0.0,0.0,1.58755e-05,104.49999999999875,0.976815,0.976815,current_full_transition_bis03_f2_sh005
t204_mid,204,mid,0.990060160479208,CURRENT,full_transition_bis03,2,203,203,True,True,11001011,3.6,0.0,0.0,1.68755e-05,104.49999999999535,0.99007,0.99007,current_full_transition_bis03_f2_sh005
t205_mid,205,mid,1.0033152662862945,CURRENT,full_transition_bis03,2,204,204,True,True,11001100,3.6,0.0,0.0,1.78755e-05,104.49999999999875,1.00333,1.00333,current_full_transition_bis03_f2_sh005
t206_mid,206,mid,1.0165703720933812,CURRENT,full_transition_bis03,2,205,205,True,True,11001101,3.6,0.0,0.0,1.88755e-05,104.49999999999875,1.01658,1.01658,current_full_transition_bis03_f2_sh005
t207_mid,207,mid,1.0298254779004674,CURRENT,full_transition_bis03,2,206,206,True,True,11001110,3.6,0.0,0.0,1.98755e-05,104.49999999999875,1.02984,1.02984,current_full_transition_bis03_f2_sh005
t209_mid,209,mid,1.0563356895146407,CURRENT,full_transition_bis03,2,208,208,True,True,11010000,3.6,0.0,0.0,2.08755e-05,104.49999999999875,1.05635,1.05635,current_full_transition_bis03_f2_sh005
t210_mid,210,mid,1.0695907953217274,CURRENT,full_transition_bis03,2,209,209,True,True,11010001,3.6,0.0,0.0,2.18755e-05,104.49999999999535,1.0696,1.0696,current_full_transition_bis03_f2_sh005
t211_mid,211,mid,1.082845901128814,CURRENT,full_transition_bis03,2,210,210,True,True,11010010,3.6,0.0,0.0,2.28755e-05,104.49999999999535,1.08286,1.08286,current_full_transition_bis03_f2_sh005
t212_mid,212,mid,1.0961010069359007,CURRENT,full_transition_bis03,2,211,211,True,True,11010011,3.6,0.0,0.0,2.38755e-05,104.49999999999875,1.09611,1.09611,current_full_transition_bis03_f2_sh005
t213_mid,213,mid,1.1093561127429874,CURRENT,full_transition_bis03,2,212,212,True,True,11010100,3.6,0.0,0.0,2.48755e-05,104.49999999999875,1.10937,1.10937,current_full_transition_bis03_f2_sh005
t214_mid,214,mid,1.122611218550074,CURRENT,full_transition_bis03,2,213,213,True,True,11010101,3.6,0.0,0.0,2.58755e-05,104.49999999999875,1.12262,1.12262,current_full_transition_bis03_f2_sh005
t215_mid,215,mid,1.1358663243571607,CURRENT,full_transition_bis03,2,214,214,True,True,11010110,3.6,0.0,0.0,2.68755e-05,104.49999999999875,1.13588,1.13588,current_full_transition_bis03_f2_sh005
t216_mid,216,mid,1.149121430164247,CURRENT,full_transition_bis03,2,215,215,True,True,11010111,3.6,0.0,0.0,2.78755e-05,104.49999999999535,1.14913,1.14913,current_full_transition_bis03_f2_sh005
t217_mid,217,mid,1.1623765359713336,CURRENT,full_transition_bis03,2,217,217,True,True,11011001,3.6,0.0,0.0,2.88755e-05,104.49999999999535,1.16239,1.16239,current_full_transition_bis03_f2_sh005
t218_mid,218,mid,1.1756316417784203,CURRENT,full_transition_bis03,2,217,217,True,True,11011001,3.6,0.0,0.0,2.98755e-05,104.49999999999875,1.17564,1.17564,current_full_transition_bis03_f2_sh005
t219_mid,219,mid,1.188886747585507,CURRENT,full_transition_bis03,2,218,218,True,True,11011010,3.6,0.0,0.0,3.08755e-05,104.49999999999875,1.1889,1.1889,current_full_transition_bis03_f2_sh005
t220_mid,220,mid,1.2021418533925936,CURRENT,full_transition_bis03,2,219,219,True,True,11011011,3.6,0.0,0.0,3.18755e-05,104.49999999999197,1.20215,1.20215,current_full_transition_bis03_f2_sh005
t003_mid,3,mid,-1.6723484309639518,CURRENT,full_transition_bis04,2,3,3,True,True,00000011,3.6,0.0,0.0,8.7548e-07,104.51999999999994,-1.67234,-1.67234,current_full_transition_bis04_f2_sh000
t004_mid,4,mid,-1.6590933251568654,CURRENT,full_transition_bis04,2,4,4,True,True,00000100,3.6,0.0,0.0,1.87548e-06,104.52000000000014,-1.65908,-1.65908,current_full_transition_bis04_f2_sh000
t005_mid,5,mid,-1.6458382193497787,CURRENT,full_transition_bis04,2,5,5,True,True,00000101,3.6,0.0,0.0,2.87548e-06,104.51999999999973,-1.64583,-1.64583,current_full_transition_bis04_f2_sh000
t006_mid,6,mid,-1.632583113542692,CURRENT,full_transition_bis04,2,6,6,True,True,00000110,3.6,0.0,0.0,3.87548e-06,104.52000000000014,-1.63257,-1.63257,current_full_transition_bis04_f2_sh000
t007_mid,7,mid,-1.6193280077356054,CURRENT,full_transition_bis04,2,6,6,True,True,00000110,3.6,0.0,0.0,4.87548e-06,104.52000000000099,-1.61932,-1.61932,current_full_transition_bis04_f2_sh000
t008_mid,8,mid,-1.607318019116019,CURRENT,full_transition_bis04,2,7,7,True,True,00000111,3.6,0.0,0.0,5.87548e-06,104.52000000000014,-1.60731,-1.60731,current_full_transition_bis04_f2_sh000
t009_mid,9,mid,-1.5940629133089323,CURRENT,full_transition_bis04,2,8,8,True,True,00001000,3.6,0.0,0.0,6.87548e-06,104.52000000000014,-1.59405,-1.59405,current_full_transition_bis04_f2_sh000
t010_mid,10,mid,-1.5795626903143456,CURRENT,full_transition_bis04,2,10,10,True,True,00001010,3.6,0.0,0.0,7.87548e-06,104.52000000000014,-1.57955,-1.57955,current_full_transition_bis04_f2_sh000
t011_mid,11,mid,-1.566307584507259,CURRENT,full_transition_bis04,2,11,11,True,True,00001011,3.6,0.0,0.0,8.87548e-06,104.52000000000014,-1.5663,-1.5663,current_full_transition_bis04_f2_sh000
t012_mid,12,mid,-1.5530524787001723,CURRENT,full_transition_bis04,2,12,12,True,True,00001100,3.6,0.0,0.0,9.87548e-06,104.52000000000014,-1.55304,-1.55304,current_full_transition_bis04_f2_sh000
t013_mid,13,mid,-1.5397973728930858,CURRENT,full_transition_bis04,2,13,13,True,True,00001101,3.6,0.0,0.0,1.08755e-05,104.50000000000044,-1.53979,-1.53979,current_full_transition_bis04_f2_sh000
t014_mid,14,mid,-1.5265422670859992,CURRENT,full_transition_bis04,2,14,14,True,True,00001110,3.6,0.0,0.0,1.18755e-05,104.50000000000044,-1.52653,-1.52653,current_full_transition_bis04_f2_sh000
t015_mid,15,mid,-1.5132871612789125,CURRENT,full_transition_bis04,2,14,14,True,True,00001110,3.6,0.0,0.0,1.28755e-05,104.49999999999875,-1.51328,-1.51328,current_full_transition_bis04_f2_sh000
t017_mid,17,mid,-1.4880220668522395,CURRENT,full_transition_bis04,2,16,16,True,True,00010000,3.6,0.0,0.0,1.38755e-05,104.50000000000044,-1.48801,-1.48801,current_full_transition_bis04_f2_sh000
t018_mid,18,mid,-1.4747669610451528,CURRENT,full_transition_bis04,2,17,17,True,True,00010001,3.6,0.0,0.0,1.48755e-05,104.50000000000044,-1.47476,-1.47476,current_full_transition_bis04_f2_sh000
t019_mid,19,mid,-1.460266738050566,CURRENT,full_transition_bis04,2,19,19,True,True,00010011,3.6,0.0,0.0,1.58755e-05,104.49999999999875,-1.46026,-1.46026,current_full_transition_bis04_f2_sh000
t020_mid,20,mid,-1.4470116322434794,CURRENT,full_transition_bis04,2,20,20,True,True,00010100,3.6,0.0,0.0,1.68755e-05,104.49999999999535,-1.447,-1.447,current_full_transition_bis04_f2_sh000
t021_mid,21,mid,-1.4337565264363927,CURRENT,full_transition_bis04,2,21,21,True,True,00010101,3.6,0.0,0.0,1.78755e-05,104.49999999999875,-1.43375,-1.43375,current_full_transition_bis04_f2_sh000
t022_mid,22,mid,-1.420501420629306,CURRENT,full_transition_bis04,2,22,22,True,True,00010110,3.6,0.0,0.0,1.88755e-05,104.49999999999875,-1.42049,-1.42049,current_full_transition_bis04_f2_sh000
t023_mid,23,mid,-1.4072463148222196,CURRENT,full_transition_bis04,2,23,23,True,True,00010111,3.6,0.0,0.0,1.98755e-05,104.49999999999875,-1.40724,-1.40724,current_full_transition_bis04_f2_sh000
t024_mid,24,mid,-1.395236326202633,CURRENT,full_transition_bis04,2,23,23,True,True,00010111,3.6,0.0,0.0,2.08755e-05,104.49999999999875,-1.39523,-1.39523,current_full_transition_bis04_f2_sh000
t025_mid,25,mid,-1.3819812203955464,CURRENT,full_transition_bis04,2,24,24,True,True,00011000,3.6,0.0,0.0,2.18755e-05,104.49999999999535,-1.38197,-1.38197,current_full_transition_bis04_f2_sh000
t026_mid,26,mid,-1.36872611458846,CURRENT,full_transition_bis04,2,25,25,True,True,00011001,3.6,0.0,0.0,2.28755e-05,104.49999999999535,-1.36872,-1.36872,current_full_transition_bis04_f2_sh000
t027_mid,27,mid,-1.3542258915938732,CURRENT,full_transition_bis04,2,27,27,True,True,00011011,3.6,0.0,0.0,2.38755e-05,104.49999999999875,-1.35422,-1.35422,current_full_transition_bis04_f2_sh000
t028_mid,28,mid,-1.3409707857867865,CURRENT,full_transition_bis04,2,28,28,True,True,00011100,3.6,0.0,0.0,2.48755e-05,104.49999999999875,-1.34096,-1.34096,current_full_transition_bis04_f2_sh000
t029_mid,29,mid,-1.3277156799796999,CURRENT,full_transition_bis04,2,29,29,True,True,00011101,3.6,0.0,0.0,2.58755e-05,104.49999999999875,-1.32771,-1.32771,current_full_transition_bis04_f2_sh000
t030_mid,30,mid,-1.3144605741726132,CURRENT,full_transition_bis04,2,30,30,True,True,00011110,3.6,0.0,0.0,2.68755e-05,104.49999999999875,-1.31445,-1.31445,current_full_transition_bis04_f2_sh000
t034_mid,34,mid,-1.2614401509442668,CURRENT,full_transition_bis04,2,34,34,True,True,00100010,3.6,0.0,0.0,2.78755e-05,104.49999999999535,-1.26143,-1.26143,current_full_transition_bis04_f2_sh000
t035_mid,35,mid,-1.2481850451371803,CURRENT,full_transition_bis04,2,34,34,True,True,00100010,3.6,0.0,0.0,2.88755e-05,104.49999999999535,-1.24818,-1.24818,current_full_transition_bis04_f2_sh000
t036_mid,36,mid,-1.2349299393300937,CURRENT,full_transition_bis04,2,35,35,True,True,00100011,3.6,0.0,0.0,2.98755e-05,104.49999999999875,-1.23492,-1.23492,current_full_transition_bis04_f2_sh000
t037_mid,37,mid,-1.221674833523007,CURRENT,full_transition_bis04,2,36,36,True,True,00100100,3.6,0.0,0.0,3.08755e-05,104.49999999999875,-1.22166,-1.22166,current_full_transition_bis04_f2_sh000
t038_mid,38,mid,-1.2084197277159203,CURRENT,full_transition_bis04,2,37,37,True,True,00100101,3.6,0.0,0.0,3.18755e-05,104.49999999999197,-1.20841,-1.20841,current_full_transition_bis04_f2_sh000
t075_mid,75,mid,-0.7167356956662156,CURRENT,full_transition_bis04,2,75,75,True,True,01001011,3.6,0.0,0.0,8.7548e-07,104.51999999999994,-0.716726,-0.716726,current_full_transition_bis04_f2_sh002
t076_mid,76,mid,-0.7047257070466291,CURRENT,full_transition_bis04,2,75,75,True,True,01001011,3.6,0.0,0.0,1.87548e-06,104.52000000000014,-0.704716,-0.704716,current_full_transition_bis04_f2_sh002
t077_mid,77,mid,-0.6914706012395424,CURRENT,full_transition_bis04,2,76,76,True,True,01001100,3.6,0.0,0.0,2.87548e-06,104.51999999999973,-0.691461,-0.691461,current_full_transition_bis04_f2_sh002
t078_mid,78,mid,-0.6769703782449559,CURRENT,full_transition_bis04,2,78,78,True,True,01001110,3.6,0.0,0.0,3.87548e-06,104.52000000000014,-0.67696,-0.67696,current_full_transition_bis04_f2_sh002
t079_mid,79,mid,-0.6637152724378692,CURRENT,full_transition_bis04,2,79,79,True,True,01001111,3.6,0.0,0.0,4.87548e-06,104.52000000000099,-0.663705,-0.663705,current_full_transition_bis04_f2_sh002
t081_mid,81,mid,-0.638450178011196,CURRENT,full_transition_bis04,2,80,80,True,True,01010000,3.6,0.0,0.0,5.87548e-06,104.52000000000014,-0.63844,-0.63844,current_full_transition_bis04_f2_sh002
t082_mid,82,mid,-0.6251950722041093,CURRENT,full_transition_bis04,2,81,81,True,True,01010001,3.6,0.0,0.0,6.87548e-06,104.52000000000014,-0.625185,-0.625185,current_full_transition_bis04_f2_sh002
t083_mid,83,mid,-0.6106948492095228,CURRENT,full_transition_bis04,2,83,83,True,True,01010011,3.6,0.0,0.0,7.87548e-06,104.52000000000014,-0.610685,-0.610685,current_full_transition_bis04_f2_sh002
t084_mid,84,mid,-0.598684860589936,CURRENT,full_transition_bis04,2,83,83,True,True,01010011,3.6,0.0,0.0,8.87548e-06,104.52000000000014,-0.598675,-0.598675,current_full_transition_bis04_f2_sh002
t085_mid,85,mid,-0.5854297547828493,CURRENT,full_transition_bis04,2,84,84,True,True,01010100,3.6,0.0,0.0,9.87548e-06,104.52000000000014,-0.58542,-0.58542,current_full_transition_bis04_f2_sh002
t086_mid,86,mid,-0.5721746489757629,CURRENT,full_transition_bis04,2,85,85,True,True,01010101,3.6,0.0,0.0,1.08755e-05,104.50000000000044,-0.572165,-0.572165,current_full_transition_bis04_f2_sh002
t087_mid,87,mid,-0.5576744259811763,CURRENT,full_transition_bis04,2,87,87,True,True,01010111,3.6,0.0,0.0,1.18755e-05,104.50000000000044,-0.557664,-0.557664,current_full_transition_bis04_f2_sh002
t088_mid,88,mid,-0.5456644373615895,CURRENT,full_transition_bis04,2,87,87,True,True,01010111,3.6,0.0,0.0,1.28755e-05,104.49999999999875,-0.545654,-0.545654,current_full_transition_bis04_f2_sh002
t089_mid,89,mid,-0.5324093315545029,CURRENT,full_transition_bis04,2,88,88,True,True,01011000,3.6,0.0,0.0,1.38755e-05,104.50000000000044,-0.532399,-0.532399,current_full_transition_bis04_f2_sh002
t090_mid,90,mid,-0.5191542257474162,CURRENT,full_transition_bis04,2,89,89,True,True,01011001,3.6,0.0,0.0,1.48755e-05,104.50000000000044,-0.519144,-0.519144,current_full_transition_bis04_f2_sh002
t091_mid,91,mid,-0.5058991199403298,CURRENT,full_transition_bis04,2,90,90,True,True,01011010,3.6,0.0,0.0,1.58755e-05,104.49999999999875,-0.505889,-0.505889,current_full_transition_bis04_f2_sh002
t092_mid,92,mid,-0.49264401413324316,CURRENT,full_transition_bis04,2,91,91,True,True,01011011,3.6,0.0,0.0,1.68755e-05,104.49999999999535,-0.492634,-0.492634,current_full_transition_bis04_f2_sh002
t093_mid,93,mid,-0.4793889083261565,CURRENT,full_transition_bis04,2,92,92,True,True,01011100,3.6,0.0,0.0,1.78755e-05,104.49999999999875,-0.479379,-0.479379,current_full_transition_bis04_f2_sh002
t094_mid,94,mid,-0.46613380251906983,CURRENT,full_transition_bis04,2,93,93,True,True,01011101,3.6,0.0,0.0,1.88755e-05,104.49999999999875,-0.466124,-0.466124,current_full_transition_bis04_f2_sh002
t098_mid,98,mid,-0.41186826210322336,CURRENT,full_transition_bis04,2,98,98,True,True,01100010,3.6,0.0,0.0,1.98755e-05,104.49999999999875,-0.411858,-0.411858,current_full_transition_bis04_f2_sh002
t099_mid,99,mid,-0.3986131562961367,CURRENT,full_transition_bis04,2,99,99,True,True,01100011,3.6,0.0,0.0,2.08755e-05,104.49999999999875,-0.398603,-0.398603,current_full_transition_bis04_f2_sh002
t100_mid,100,mid,-0.38535805048905025,CURRENT,full_transition_bis04,2,100,100,True,True,01100100,3.6,0.0,0.0,2.18755e-05,104.49999999999535,-0.385348,-0.385348,current_full_transition_bis04_f2_sh002
t101_mid,101,mid,-0.3721029446819636,CURRENT,full_transition_bis04,2,101,101,True,True,01100101,3.6,0.0,0.0,2.28755e-05,104.49999999999535,-0.372093,-0.372093,current_full_transition_bis04_f2_sh002
t102_mid,102,mid,-0.3588478388748769,CURRENT,full_transition_bis04,2,102,102,True,True,01100110,3.6,0.0,0.0,2.38755e-05,104.49999999999875,-0.358838,-0.358838,current_full_transition_bis04_f2_sh002
t103_mid,103,mid,-0.34559273306779026,CURRENT,full_transition_bis04,2,102,102,True,True,01100110,3.6,0.0,0.0,2.48755e-05,104.49999999999875,-0.345583,-0.345583,current_full_transition_bis04_f2_sh002
t104_mid,104,mid,-0.3323376272607038,CURRENT,full_transition_bis04,2,104,104,True,True,01101000,3.6,0.0,0.0,2.58755e-05,104.49999999999875,-0.332328,-0.332328,current_full_transition_bis04_f2_sh002
t105_mid,105,mid,-0.31908252145361715,CURRENT,full_transition_bis04,2,105,105,True,True,01101001,3.6,0.0,0.0,2.68755e-05,104.49999999999875,-0.319073,-0.319073,current_full_transition_bis04_f2_sh002
t106_mid,106,mid,-0.3058274156465305,CURRENT,full_transition_bis04,2,106,106,True,True,01101010,3.6,0.0,0.0,2.78755e-05,104.49999999999535,-0.305817,-0.305817,current_full_transition_bis04_f2_sh002
t107_mid,107,mid,-0.2925723098394438,CURRENT,full_transition_bis04,2,107,107,True,True,01101011,3.6,0.0,0.0,2.88755e-05,104.49999999999535,-0.292562,-0.292562,current_full_transition_bis04_f2_sh002
t108_mid,108,mid,-0.27931720403235716,CURRENT,full_transition_bis04,2,108,108,True,True,01101100,3.6,0.0,0.0,2.98755e-05,104.49999999999875,-0.279307,-0.279307,current_full_transition_bis04_f2_sh002
t109_mid,109,mid,-0.2660620982252707,CURRENT,full_transition_bis04,2,109,109,True,True,01101101,3.6,0.0,0.0,3.08755e-05,104.49999999999875,-0.266052,-0.266052,current_full_transition_bis04_f2_sh002
t110_mid,110,mid,-0.25280699241818405,CURRENT,full_transition_bis04,2,110,110,True,True,01101110,3.6,0.0,0.0,3.18755e-05,104.49999999999197,-0.252797,-0.252797,current_full_transition_bis04_f2_sh002
t039_mid,39,mid,-1.1951646219088337,CURRENT,full_transition_bis04,2,38,38,True,True,00100110,3.6,0.0,0.0,8.75479e-07,104.52099999999996,-1.19515,-1.19515,current_full_transition_bis04_f2_sh001
t040_mid,40,mid,-1.181909516101747,CURRENT,full_transition_bis04,2,40,40,True,True,00101000,3.6,0.0,0.0,1.87548e-06,104.52000000000014,-1.1819,-1.1819,current_full_transition_bis04_f2_sh001
t041_mid,41,mid,-1.1686544102946606,CURRENT,full_transition_bis04,2,41,41,True,True,00101001,3.6,0.0,0.0,2.87548e-06,104.51999999999973,-1.16864,-1.16864,current_full_transition_bis04_f2_sh001
t042_mid,42,mid,-1.1553993044875739,CURRENT,full_transition_bis04,2,42,42,True,True,00101010,3.6,0.0,0.0,3.87548e-06,104.52000000000014,-1.15539,-1.15539,current_full_transition_bis04_f2_sh001
t043_mid,43,mid,-1.1421441986804872,CURRENT,full_transition_bis04,2,42,42,True,True,00101010,3.6,0.0,0.0,4.87548e-06,104.52000000000099,-1.14213,-1.14213,current_full_transition_bis04_f2_sh001
t044_mid,44,mid,-1.1288890928734008,CURRENT,full_transition_bis04,2,44,44,True,True,00101100,3.6,0.0,0.0,5.87548e-06,104.52000000000014,-1.12888,-1.12888,current_full_transition_bis04_f2_sh001
t045_mid,45,mid,-1.1156339870663141,CURRENT,full_transition_bis04,2,44,44,True,True,00101100,3.6,0.0,0.0,6.87548e-06,104.52000000000014,-1.11562,-1.11562,current_full_transition_bis04_f2_sh001
t046_mid,46,mid,-1.1023788812592274,CURRENT,full_transition_bis04,2,45,45,True,True,00101101,3.6,0.0,0.0,7.87548e-06,104.52000000000014,-1.10237,-1.10237,current_full_transition_bis04_f2_sh001
t047_mid,47,mid,-1.0891237754521408,CURRENT,full_transition_bis04,2,46,46,True,True,00101110,3.6,0.0,0.0,8.87548e-06,104.52000000000014,-1.08911,-1.08911,current_full_transition_bis04_f2_sh001
t049_mid,49,mid,-1.0626135638379675,CURRENT,full_transition_bis04,2,49,49,True,True,00110001,3.6,0.0,0.0,9.87548e-06,104.52000000000014,-1.0626,-1.0626,current_full_transition_bis04_f2_sh001
t050_mid,50,mid,-1.0493584580308808,CURRENT,full_transition_bis04,2,50,50,True,True,00110010,3.6,0.0,0.0,1.08755e-05,104.50000000000044,-1.04935,-1.04935,current_full_transition_bis04_f2_sh001
t051_mid,51,mid,-1.0361033522237943,CURRENT,full_transition_bis04,2,50,50,True,True,00110010,3.6,0.0,0.0,1.18755e-05,104.50000000000044,-1.03609,-1.03609,current_full_transition_bis04_f2_sh001
t052_mid,52,mid,-1.0228482464167077,CURRENT,full_transition_bis04,2,52,52,True,True,00110100,3.6,0.0,0.0,1.28755e-05,104.49999999999875,-1.02284,-1.02284,current_full_transition_bis04_f2_sh001
t053_mid,53,mid,-1.0095931406096212,CURRENT,full_transition_bis04,2,53,53,True,True,00110101,3.6,0.0,0.0,1.38755e-05,104.50000000000044,-1.00958,-1.00958,current_full_transition_bis04_f2_sh001
t054_mid,54,mid,-0.9963380348025344,CURRENT,full_transition_bis04,2,53,53,True,True,00110101,3.6,0.0,0.0,1.48755e-05,104.50000000000044,-0.996328,-0.996328,current_full_transition_bis04_f2_sh001
t055_mid,55,mid,-0.9830829289954479,CURRENT,full_transition_bis04,2,54,54,True,True,00110110,3.6,0.0,0.0,1.58755e-05,104.49999999999875,-0.983073,-0.983073,current_full_transition_bis04_f2_sh001
t056_mid,56,mid,-0.9698278231883612,CURRENT,full_transition_bis04,2,56,56,True,True,00111000,3.6,0.0,0.0,1.68755e-05,104.49999999999535,-0.969818,-0.969818,current_full_transition_bis04_f2_sh001
t057_mid,57,mid,-0.9565727173812746,CURRENT,full_transition_bis04,2,57,57,True,True,00111001,3.6,0.0,0.0,1.78755e-05,104.49999999999875,-0.956563,-0.956563,current_full_transition_bis04_f2_sh001
t058_mid,58,mid,-0.9433176115741881,CURRENT,full_transition_bis04,2,58,58,True,True,00111010,3.6,0.0,0.0,1.88755e-05,104.49999999999875,-0.943308,-0.943308,current_full_transition_bis04_f2_sh001
t059_mid,59,mid,-0.9300625057671015,CURRENT,full_transition_bis04,2,58,58,True,True,00111010,3.6,0.0,0.0,1.98755e-05,104.49999999999875,-0.930053,-0.930053,current_full_transition_bis04_f2_sh001
t060_mid,60,mid,-0.9168073999600148,CURRENT,full_transition_bis04,2,60,60,True,True,00111100,3.6,0.0,0.0,2.08755e-05,104.49999999999875,-0.916797,-0.916797,current_full_transition_bis04_f2_sh001
t061_mid,61,mid,-0.9035522941529281,CURRENT,full_transition_bis04,2,61,61,True,True,00111101,3.6,0.0,0.0,2.18755e-05,104.49999999999535,-0.903542,-0.903542,current_full_transition_bis04_f2_sh001
t062_mid,62,mid,-0.8902971883458417,CURRENT,full_transition_bis04,2,61,61,True,True,00111101,3.6,0.0,0.0,2.28755e-05,104.49999999999535,-0.890287,-0.890287,current_full_transition_bis04_f2_sh001
t066_mid,66,mid,-0.837276765117495,CURRENT,full_transition_bis04,2,65,65,True,True,01000001,3.6,0.0,0.0,2.38755e-05,104.49999999999875,-0.837267,-0.837267,current_full_transition_bis04_f2_sh001
t067_mid,67,mid,-0.8227765421229085,CURRENT,full_transition_bis04,2,67,67,True,True,01000011,3.6,0.0,0.0,2.48755e-05,104.49999999999875,-0.822767,-0.822767,current_full_transition_bis04_f2_sh001
t068_mid,68,mid,-0.8107665535033219,CURRENT,full_transition_bis04,2,67,67,True,True,01000011,3.6,0.0,0.0,2.58755e-05,104.49999999999875,-0.810757,-0.810757,current_full_transition_bis04_f2_sh001
t069_mid,69,mid,-0.7962663305087354,CURRENT,full_transition_bis04,2,69,69,True,True,01000101,3.6,0.0,0.0,2.68755e-05,104.49999999999875,-0.796256,-0.796256,current_full_transition_bis04_f2_sh001
t070_mid,70,mid,-0.7830112247016487,CURRENT,full_transition_bis04,2,70,70,True,True,01000110,3.6,0.0,0.0,2.78755e-05,104.49999999999535,-0.783001,-0.783001,current_full_transition_bis04_f2_sh001
t071_mid,71,mid,-0.7697561188945621,CURRENT,full_transition_bis04,2,71,71,True,True,01000111,3.6,0.0,0.0,2.88755e-05,104.49999999999535,-0.769746,-0.769746,current_full_transition_bis04_f2_sh001
t072_mid,72,mid,-0.7577461302749755,CURRENT,full_transition_bis04,2,71,71,True,True,01000111,3.6,0.0,0.0,2.98755e-05,104.49999999999875,-0.757736,-0.757736,current_full_transition_bis04_f2_sh001
t073_mid,73,mid,-0.7444910244678888,CURRENT,full_transition_bis04,2,72,72,True,True,01001000,3.6,0.0,0.0,3.08755e-05,104.49999999999875,-0.744481,-0.744481,current_full_transition_bis04_f2_sh001
t074_mid,74,mid,-0.7312359186608022,CURRENT,full_transition_bis04,2,73,73,True,True,01001001,3.6,0.0,0.0,3.18755e-05,104.49999999999197,-0.731226,-0.731226,current_full_transition_bis04_f2_sh001
t111_mid,111,mid,-0.2395518866110974,CURRENT,full_transition_bis04,2,110,110,True,True,01101110,3.6,0.0,0.0,8.75479e-07,104.52099999999996,-0.239542,-0.239542,current_full_transition_bis04_f2_sh003
t113_mid,113,mid,-0.2142867921844241,CURRENT,full_transition_bis04,2,112,112,True,True,01110000,3.6,0.0,0.0,1.87548e-06,104.52000000000014,-0.214277,-0.214277,current_full_transition_bis04_f2_sh003
t114_mid,114,mid,-0.19978656918983762,CURRENT,full_transition_bis04,2,114,114,True,True,01110010,3.6,0.0,0.0,2.87548e-06,104.51999999999973,-0.199777,-0.199777,current_full_transition_bis04_f2_sh003
t115_mid,115,mid,-0.18653146338275095,CURRENT,full_transition_bis04,2,115,115,True,True,01110011,3.6,0.0,0.0,3.87548e-06,104.52000000000014,-0.186521,-0.186521,current_full_transition_bis04_f2_sh003
t116_mid,116,mid,-0.17327635757566429,CURRENT,full_transition_bis04,2,116,116,True,True,01110100,3.6,0.0,0.0,4.87548e-06,104.52000000000099,-0.173266,-0.173266,current_full_transition_bis04_f2_sh003
t117_mid,117,mid,-0.16002125176857762,CURRENT,full_transition_bis04,2,117,117,True,True,01110101,3.6,0.0,0.0,5.87548e-06,104.52000000000014,-0.160011,-0.160011,current_full_transition_bis04_f2_sh003
t118_mid,118,mid,-0.14676614596149118,CURRENT,full_transition_bis04,2,118,118,True,True,01110110,3.6,0.0,0.0,6.87548e-06,104.52000000000014,-0.146756,-0.146756,current_full_transition_bis04_f2_sh003
t119_mid,119,mid,-0.13351104015440451,CURRENT,full_transition_bis04,2,119,119,True,True,01110111,3.6,0.0,0.0,7.87548e-06,104.52000000000014,-0.133501,-0.133501,current_full_transition_bis04_f2_sh003
t120_mid,120,mid,-0.12150105153481787,CURRENT,full_transition_bis04,2,119,119,True,True,01110111,3.6,0.0,0.0,8.87548e-06,104.52000000000014,-0.121491,-0.121491,current_full_transition_bis04_f2_sh003
t121_mid,121,mid,-0.1082459457277312,CURRENT,full_transition_bis04,2,120,120,True,True,01111000,3.6,0.0,0.0,9.87548e-06,104.52000000000014,-0.108236,-0.108236,current_full_transition_bis04_f2_sh003
t122_mid,122,mid,-0.09374572273314455,CURRENT,full_transition_bis04,2,122,122,True,True,01111010,3.6,0.0,0.0,1.08755e-05,104.50000000000044,-0.0937357,-0.0937357,current_full_transition_bis04_f2_sh003
t123_mid,123,mid,-0.0804906169260581,CURRENT,full_transition_bis04,2,123,123,True,True,01111011,3.6,0.0,0.0,1.18755e-05,104.50000000000044,-0.0804806,-0.0804806,current_full_transition_bis04_f2_sh003
t124_mid,124,mid,-0.06723551111897144,CURRENT,full_transition_bis04,2,124,124,True,True,01111100,3.6,0.0,0.0,1.28755e-05,104.49999999999875,-0.0672255,-0.0672255,current_full_transition_bis04_f2_sh003
t125_mid,125,mid,-0.05398040531188478,CURRENT,full_transition_bis04,2,125,125,True,True,01111101,3.6,0.0,0.0,1.38755e-05,104.50000000000044,-0.0539704,-0.0539704,current_full_transition_bis04_f2_sh003
t126_mid,126,mid,-0.04072529950479811,CURRENT,full_transition_bis04,2,126,126,True,True,01111110,3.6,0.0,0.0,1.48755e-05,104.50000000000044,-0.0407153,-0.0407153,current_full_transition_bis04_f2_sh003
t130_mid,130,mid,0.008559772161048328,CURRENT,full_transition_bis04,2,129,129,True,True,10000001,3.6,0.0,0.0,1.58755e-05,104.49999999999875,0.00856977,0.00856977,current_full_transition_bis04_f2_sh003
t131_mid,131,mid,0.021814877968134992,CURRENT,full_transition_bis04,2,130,130,True,True,10000010,3.6,0.0,0.0,1.68755e-05,104.49999999999535,0.0218249,0.0218249,current_full_transition_bis04_f2_sh003
t132_mid,132,mid,0.03506998377522144,CURRENT,full_transition_bis04,2,131,131,True,True,10000011,3.6,0.0,0.0,1.78755e-05,104.49999999999875,0.03508,0.03508,current_full_transition_bis04_f2_sh003
t133_mid,133,mid,0.048325089582308106,CURRENT,full_transition_bis04,2,132,132,True,True,10000100,3.6,0.0,0.0,1.88755e-05,104.49999999999875,0.0483351,0.0483351,current_full_transition_bis04_f2_sh003
t134_mid,134,mid,0.06158019538939477,CURRENT,full_transition_bis04,2,133,133,True,True,10000101,3.6,0.0,0.0,1.98755e-05,104.49999999999875,0.0615902,0.0615902,current_full_transition_bis04_f2_sh003
t135_mid,135,mid,0.07483530119648144,CURRENT,full_transition_bis04,2,134,134,True,True,10000110,3.6,0.0,0.0,2.08755e-05,104.49999999999875,0.0748453,0.0748453,current_full_transition_bis04_f2_sh003
t136_mid,136,mid,0.08809040700356788,CURRENT,full_transition_bis04,2,136,136,True,True,10001000,3.6,0.0,0.0,2.18755e-05,104.49999999999535,0.0881004,0.0881004,current_full_transition_bis04_f2_sh003
t137_mid,137,mid,0.10134551281065454,CURRENT,full_transition_bis04,2,137,137,True,True,10001001,3.6,0.0,0.0,2.28755e-05,104.49999999999535,0.101356,0.101356,current_full_transition_bis04_f2_sh003
t138_mid,138,mid,0.1146006186177412,CURRENT,full_transition_bis04,2,138,138,True,True,10001010,3.6,0.0,0.0,2.38755e-05,104.49999999999875,0.114611,0.114611,current_full_transition_bis04_f2_sh003
t139_mid,139,mid,0.12785572442482784,CURRENT,full_transition_bis04,2,138,138,True,True,10001010,3.6,0.0,0.0,2.48755e-05,104.49999999999875,0.127866,0.127866,current_full_transition_bis04_f2_sh003
t140_mid,140,mid,0.1411108302319145,CURRENT,full_transition_bis04,2,139,139,True,True,10001011,3.6,0.0,0.0,2.58755e-05,104.49999999999875,0.141121,0.141121,current_full_transition_bis04_f2_sh003
t141_mid,141,mid,0.15436593603900095,CURRENT,full_transition_bis04,2,140,140,True,True,10001100,3.6,0.0,0.0,2.68755e-05,104.49999999999875,0.154376,0.154376,current_full_transition_bis04_f2_sh003
t142_mid,142,mid,0.16762104184608762,CURRENT,full_transition_bis04,2,141,141,True,True,10001101,3.6,0.0,0.0,2.78755e-05,104.49999999999535,0.167631,0.167631,current_full_transition_bis04_f2_sh003
t143_mid,143,mid,0.18087614765317428,CURRENT,full_transition_bis04,2,142,142,True,True,10001110,3.6,0.0,0.0,2.88755e-05,104.49999999999535,0.180886,0.180886,current_full_transition_bis04_f2_sh003
t145_mid,145,mid,0.2073863592673474,CURRENT,full_transition_bis04,2,145,145,True,True,10010001,3.6,0.0,0.0,2.98755e-05,104.49999999999875,0.207396,0.207396,current_full_transition_bis04_f2_sh003
t146_mid,146,mid,0.22064146507443405,CURRENT,full_transition_bis04,2,146,146,True,True,10010010,3.6,0.0,0.0,3.08755e-05,104.49999999999875,0.220652,0.220651,current_full_transition_bis04_f2_sh003
t147_mid,147,mid,0.23389657088152072,CURRENT,full_transition_bis04,2,146,146,True,True,10010010,3.6,0.0,0.0,3.18755e-05,104.49999999999197,0.233907,0.233907,current_full_transition_bis04_f2_sh003
t221_mid,221,mid,1.2160195177934303,CURRENT,full_transition_bis04,2,221,221,True,True,11011101,3.6,0.0,0.0,8.75481e-07,104.5189999999999,1.21603,1.21603,current_full_transition_bis04_f2_sh006
t222_mid,222,mid,1.229274623600517,CURRENT,full_transition_bis04,2,222,222,True,True,11011110,3.6,0.0,0.0,1.87548e-06,104.52000000000014,1.22928,1.22928,current_full_transition_bis04_f2_sh006
t226_mid,226,mid,1.2822950468288632,CURRENT,full_transition_bis04,2,225,225,True,True,11100001,3.6,0.0,0.0,2.87548e-06,104.51999999999973,1.28231,1.28231,current_full_transition_bis04_f2_sh006
t227_mid,227,mid,1.2955501526359499,CURRENT,full_transition_bis04,2,226,226,True,True,11100010,3.6,0.0,0.0,3.87548e-06,104.52000000000014,1.29556,1.29556,current_full_transition_bis04_f2_sh006
t228_mid,228,mid,1.3088052584430365,CURRENT,full_transition_bis04,2,227,227,True,True,11100011,3.6,0.0,0.0,4.87548e-06,104.52000000000099,1.30882,1.30882,current_full_transition_bis04_f2_sh006
t229_mid,229,mid,1.3220603642501232,CURRENT,full_transition_bis04,2,228,228,True,True,11100100,3.6,0.0,0.0,5.87548e-06,104.52000000000014,1.32207,1.32207,current_full_transition_bis04_f2_sh006
t230_mid,230,mid,1.3353154700572099,CURRENT,full_transition_bis04,2,229,229,True,True,11100101,3.6,0.0,0.0,6.87548e-06,104.52000000000014,1.33533,1.33533,current_full_transition_bis04_f2_sh006
t231_mid,231,mid,1.3498156930517966,CURRENT,full_transition_bis04,2,231,231,True,True,11100111,3.6,0.0,0.0,7.87548e-06,104.52000000000014,1.34983,1.34983,current_full_transition_bis04_f2_sh006
t232_mid,232,mid,1.3618256816713832,CURRENT,full_transition_bis04,2,232,232,True,True,11101000,3.6,0.0,0.0,8.87548e-06,104.52000000000014,1.36184,1.36184,current_full_transition_bis04_f2_sh006
t233_mid,233,mid,1.3750807874784698,CURRENT,full_transition_bis04,2,233,233,True,True,11101001,3.6,0.0,0.0,9.87548e-06,104.52000000000014,1.37509,1.37509,current_full_transition_bis04_f2_sh006
t234_mid,234,mid,1.3883358932855565,CURRENT,full_transition_bis04,2,233,233,True,True,11101001,3.6,0.0,0.0,1.08755e-05,104.50000000000044,1.38835,1.38835,current_full_transition_bis04_f2_sh006
t235_mid,235,mid,1.4015909990926427,CURRENT,full_transition_bis04,2,234,234,True,True,11101010,3.6,0.0,0.0,1.18755e-05,104.50000000000044,1.4016,1.4016,current_full_transition_bis04_f2_sh006
t236_mid,236,mid,1.4148461048997294,CURRENT,full_transition_bis04,2,235,235,True,True,11101011,3.6,0.0,0.0,1.28755e-05,104.49999999999875,1.41486,1.41486,current_full_transition_bis04_f2_sh006
t237_mid,237,mid,1.428101210706816,CURRENT,full_transition_bis04,2,236,236,True,True,11101100,3.6,0.0,0.0,1.38755e-05,104.50000000000044,1.42811,1.42811,current_full_transition_bis04_f2_sh006
t238_mid,238,mid,1.4413563165139027,CURRENT,full_transition_bis04,2,237,237,True,True,11101101,3.6,0.0,0.0,1.48755e-05,104.50000000000044,1.44137,1.44137,current_full_transition_bis04_f2_sh006
t239_mid,239,mid,1.4558565395084895,CURRENT,full_transition_bis04,2,239,239,True,True,11101111,3.6,0.0,0.0,1.58755e-05,104.49999999999875,1.45587,1.45587,current_full_transition_bis04_f2_sh006
t240_mid,240,mid,1.467866528128076,CURRENT,full_transition_bis04,2,240,240,True,True,11110000,3.6,0.0,0.0,1.68755e-05,104.49999999999535,1.46788,1.46788,current_full_transition_bis04_f2_sh006
t241_mid,241,mid,1.4811216339351627,CURRENT,full_transition_bis04,2,241,241,True,True,11110001,3.6,0.0,0.0,1.78755e-05,104.49999999999875,1.48113,1.48113,current_full_transition_bis04_f2_sh006
t242_mid,242,mid,1.4943767397422494,CURRENT,full_transition_bis04,2,242,242,True,True,11110010,3.6,0.0,0.0,1.88755e-05,104.49999999999875,1.49439,1.49439,current_full_transition_bis04_f2_sh006
t243_mid,243,mid,1.507631845549336,CURRENT,full_transition_bis04,2,242,242,True,True,11110010,3.6,0.0,0.0,1.98755e-05,104.49999999999875,1.50764,1.50764,current_full_transition_bis04_f2_sh006
t244_mid,244,mid,1.5208869513564223,CURRENT,full_transition_bis04,2,243,243,True,True,11110011,3.6,0.0,0.0,2.08755e-05,104.49999999999875,1.5209,1.5209,current_full_transition_bis04_f2_sh006
t245_mid,245,mid,1.534142057163509,CURRENT,full_transition_bis04,2,244,244,True,True,11110100,3.6,0.0,0.0,2.18755e-05,104.49999999999535,1.53415,1.53415,current_full_transition_bis04_f2_sh006
t246_mid,246,mid,1.5473971629705956,CURRENT,full_transition_bis04,2,245,245,True,True,11110101,3.6,0.0,0.0,2.28755e-05,104.49999999999535,1.54741,1.54741,current_full_transition_bis04_f2_sh006
t247_mid,247,mid,1.5606522687776823,CURRENT,full_transition_bis04,2,246,246,True,True,11110110,3.6,0.0,0.0,2.38755e-05,104.49999999999875,1.56066,1.56066,current_full_transition_bis04_f2_sh006
t248_mid,248,mid,1.573907374584769,CURRENT,full_transition_bis04,2,248,248,True,True,11111000,3.6,0.0,0.0,2.48755e-05,104.49999999999875,1.57392,1.57392,current_full_transition_bis04_f2_sh006
t249_mid,249,mid,1.5871624803918556,CURRENT,full_transition_bis04,2,249,249,True,True,11111001,3.6,0.0,0.0,2.58755e-05,104.49999999999875,1.58717,1.58717,current_full_transition_bis04_f2_sh006
t250_mid,250,mid,1.6004175861989423,CURRENT,full_transition_bis04,2,250,250,True,True,11111010,3.6,0.0,0.0,2.68755e-05,104.49999999999875,1.60043,1.60043,current_full_transition_bis04_f2_sh006
t251_mid,251,mid,1.613672692006029,CURRENT,full_transition_bis04,2,250,250,True,True,11111010,3.6,0.0,0.0,2.78755e-05,104.49999999999535,1.61368,1.61368,current_full_transition_bis04_f2_sh006
t252_mid,252,mid,1.6269277978131156,CURRENT,full_transition_bis04,2,251,251,True,True,11111011,3.6,0.0,0.0,2.88755e-05,104.49999999999535,1.62694,1.62694,current_full_transition_bis04_f2_sh006
t253_mid,253,mid,1.6401829036202018,CURRENT,full_transition_bis04,2,252,252,True,True,11111100,3.6,0.0,0.0,2.98755e-05,104.49999999999875,1.64019,1.64019,current_full_transition_bis04_f2_sh006
t254_mid,254,mid,1.6534380094272885,CURRENT,full_transition_bis04,2,253,253,True,True,11111101,3.6,0.0,0.0,3.08755e-05,104.49999999999875,1.65345,1.65345,current_full_transition_bis04_f2_sh006
t148_mid,148,mid,0.24715167668860738,CURRENT,full_transition_bis04,2,148,148,True,True,10010100,3.6,0.0,0.0,8.75479e-07,104.52099999999996,0.247162,0.247162,current_full_transition_bis04_f2_sh004
t149_mid,149,mid,0.26040678249569404,CURRENT,full_transition_bis04,2,148,148,True,True,10010100,3.6,0.0,0.0,1.87548e-06,104.52000000000014,0.260417,0.260417,current_full_transition_bis04_f2_sh004
t150_mid,150,mid,0.2736618883027805,CURRENT,full_transition_bis04,2,149,149,True,True,10010101,3.6,0.0,0.0,2.87548e-06,104.51999999999973,0.273672,0.273672,current_full_transition_bis04_f2_sh004
t151_mid,151,mid,0.28691699410986715,CURRENT,full_transition_bis04,2,150,150,True,True,10010110,3.6,0.0,0.0,3.87548e-06,104.52000000000014,0.286927,0.286927,current_full_transition_bis04_f2_sh004
t152_mid,152,mid,0.3001720999169536,CURRENT,full_transition_bis04,2,152,152,True,True,10011000,3.6,0.0,0.0,4.87548e-06,104.52000000000099,0.300182,0.300182,current_full_transition_bis04_f2_sh004
t153_mid,153,mid,0.31342720572404026,CURRENT,full_transition_bis04,2,153,153,True,True,10011001,3.6,0.0,0.0,5.87548e-06,104.52000000000014,0.313437,0.313437,current_full_transition_bis04_f2_sh004
t154_mid,154,mid,0.3266823115311269,CURRENT,full_transition_bis04,2,154,154,True,True,10011010,3.6,0.0,0.0,6.87548e-06,104.52000000000014,0.326692,0.326692,current_full_transition_bis04_f2_sh004
t155_mid,155,mid,0.3399374173382136,CURRENT,full_transition_bis04,2,154,154,True,True,10011010,3.6,0.0,0.0,7.87548e-06,104.52000000000014,0.339947,0.339947,current_full_transition_bis04_f2_sh004
t156_mid,156,mid,0.35319252314530025,CURRENT,full_transition_bis04,2,156,156,True,True,10011100,3.6,0.0,0.0,8.87548e-06,104.52000000000014,0.353203,0.353203,current_full_transition_bis04_f2_sh004
t157_mid,157,mid,0.3664476289523869,CURRENT,full_transition_bis04,2,157,157,True,True,10011101,3.6,0.0,0.0,9.87548e-06,104.52000000000014,0.366458,0.366458,current_full_transition_bis04_f2_sh004
t158_mid,158,mid,0.3797027347594736,CURRENT,full_transition_bis04,2,157,157,True,True,10011101,3.6,0.0,0.0,1.08755e-05,104.50000000000044,0.379713,0.379713,current_full_transition_bis04_f2_sh004
t162_mid,162,mid,0.4327231579878198,CURRENT,full_transition_bis04,2,161,161,True,True,10100001,3.6,0.0,0.0,1.18755e-05,104.50000000000044,0.432733,0.432733,current_full_transition_bis04_f2_sh004
t163_mid,163,mid,0.4472233809824065,CURRENT,full_transition_bis04,2,163,163,True,True,10100011,3.6,0.0,0.0,1.28755e-05,104.49999999999875,0.447233,0.447233,current_full_transition_bis04_f2_sh004
t164_mid,164,mid,0.4592333696019931,CURRENT,full_transition_bis04,2,163,163,True,True,10100011,3.6,0.0,0.0,1.38755e-05,104.50000000000044,0.459243,0.459243,current_full_transition_bis04_f2_sh004
t165_mid,165,mid,0.4724884754090798,CURRENT,full_transition_bis04,2,164,164,True,True,10100100,3.6,0.0,0.0,1.48755e-05,104.50000000000044,0.472499,0.472498,current_full_transition_bis04_f2_sh004
t166_mid,166,mid,0.4869886984036665,CURRENT,full_transition_bis04,2,166,166,True,True,10100110,3.6,0.0,0.0,1.58755e-05,104.49999999999875,0.486999,0.486999,current_full_transition_bis04_f2_sh004
t167_mid,167,mid,0.5002438042107531,CURRENT,full_transition_bis04,2,167,167,True,True,10100111,3.6,0.0,0.0,1.68755e-05,104.49999999999535,0.500254,0.500254,current_full_transition_bis04_f2_sh004
t168_mid,168,mid,0.5122537928303399,CURRENT,full_transition_bis04,2,167,167,True,True,10100111,3.6,0.0,0.0,1.78755e-05,104.49999999999875,0.512264,0.512264,current_full_transition_bis04_f2_sh004
t169_mid,169,mid,0.5255088986374266,CURRENT,full_transition_bis04,2,168,168,True,True,10101000,3.6,0.0,0.0,1.88755e-05,104.49999999999875,0.525519,0.525519,current_full_transition_bis04_f2_sh004
t170_mid,170,mid,0.5387640044445132,CURRENT,full_transition_bis04,2,169,169,True,True,10101001,3.6,0.0,0.0,1.98755e-05,104.49999999999875,0.538774,0.538774,current_full_transition_bis04_f2_sh004
t171_mid,171,mid,0.5532642274390993,CURRENT,full_transition_bis04,2,171,171,True,True,10101011,3.6,0.0,0.0,2.08755e-05,104.49999999999875,0.553274,0.553274,current_full_transition_bis04_f2_sh004
t172_mid,172,mid,0.5652742160586861,CURRENT,full_transition_bis04,2,171,171,True,True,10101011,3.6,0.0,0.0,2.18755e-05,104.49999999999535,0.565284,0.565284,current_full_transition_bis04_f2_sh004
t173_mid,173,mid,0.5785293218657728,CURRENT,full_transition_bis04,2,172,172,True,True,10101100,3.6,0.0,0.0,2.28755e-05,104.49999999999535,0.578539,0.578539,current_full_transition_bis04_f2_sh004
t174_mid,174,mid,0.5917844276728594,CURRENT,full_transition_bis04,2,173,173,True,True,10101101,3.6,0.0,0.0,2.38755e-05,104.49999999999875,0.591794,0.591794,current_full_transition_bis04_f2_sh004
t175_mid,175,mid,0.606284650667446,CURRENT,full_transition_bis04,2,175,175,True,True,10101111,3.6,0.0,0.0,2.48755e-05,104.49999999999875,0.606295,0.606295,current_full_transition_bis04_f2_sh004
t177_mid,177,mid,0.6315497450941194,CURRENT,full_transition_bis04,2,176,176,True,True,10110000,3.6,0.0,0.0,2.58755e-05,104.49999999999875,0.63156,0.63156,current_full_transition_bis04_f2_sh004
t178_mid,178,mid,0.6448048509012061,CURRENT,full_transition_bis04,2,177,177,True,True,10110001,3.6,0.0,0.0,2.68755e-05,104.49999999999875,0.644815,0.644815,current_full_transition_bis04_f2_sh004
t179_mid,179,mid,0.6580599567082928,CURRENT,full_transition_bis04,2,178,178,True,True,10110010,3.6,0.0,0.0,2.78755e-05,104.49999999999535,0.65807,0.65807,current_full_transition_bis04_f2_sh004
t180_mid,180,mid,0.671315062515379,CURRENT,full_transition_bis04,2,179,179,True,True,10110011,3.6,0.0,0.0,2.88755e-05,104.49999999999535,0.671325,0.671325,current_full_transition_bis04_f2_sh004
t181_mid,181,mid,0.6845701683224656,CURRENT,full_transition_bis04,2,180,180,True,True,10110100,3.6,0.0,0.0,2.98755e-05,104.49999999999875,0.68458,0.68458,current_full_transition_bis04_f2_sh004
t182_mid,182,mid,0.6978252741295523,CURRENT,full_transition_bis04,2,181,181,True,True,10110101,3.6,0.0,0.0,3.08755e-05,104.49999999999875,0.697835,0.697835,current_full_transition_bis04_f2_sh004
t183_mid,183,mid,0.7123254971241388,CURRENT,full_transition_bis04,2,183,183,True,True,10110111,3.6,0.0,0.0,3.18755e-05,104.49999999999197,0.712336,0.712336,current_full_transition_bis04_f2_sh004
t184_mid,184,mid,0.7243354857437256,CURRENT,full_transition_bis04,2,183,183,True,True,10110111,3.6,0.0,0.0,8.75481e-07,104.5189999999999,0.724346,0.724346,current_full_transition_bis04_f2_sh005
t185_mid,185,mid,0.7375905915508123,CURRENT,full_transition_bis04,2,184,184,True,True,10111000,3.6,0.0,0.0,1.87548e-06,104.52000000000014,0.737601,0.737601,current_full_transition_bis04_f2_sh005
t186_mid,186,mid,0.750845697357899,CURRENT,full_transition_bis04,2,185,185,True,True,10111001,3.6,0.0,0.0,2.87548e-06,104.51999999999973,0.750856,0.750856,current_full_transition_bis04_f2_sh005
t187_mid,187,mid,0.7641008031649856,CURRENT,full_transition_bis04,2,186,186,True,True,10111010,3.6,0.0,0.0,3.87548e-06,104.52000000000014,0.764111,0.764111,current_full_transition_bis04_f2_sh005
t188_mid,188,mid,0.7773559089720723,CURRENT,full_transition_bis04,2,187,187,True,True,10111011,3.6,0.0,0.0,4.87548e-06,104.52000000000099,0.777366,0.777366,current_full_transition_bis04_f2_sh005
t189_mid,189,mid,0.7906110147791585,CURRENT,full_transition_bis04,2,188,188,True,True,10111100,3.6,0.0,0.0,5.87548e-06,104.52000000000014,0.790621,0.790621,current_full_transition_bis04_f2_sh005
t194_mid,194,mid,0.8581316610020917,CURRENT,full_transition_bis04,2,194,194,True,True,11000010,3.6,0.0,0.0,6.87548e-06,104.52000000000014,0.858142,0.858142,current_full_transition_bis04_f2_sh005
t195_mid,195,mid,0.8713867668091784,CURRENT,full_transition_bis04,2,195,195,True,True,11000011,3.6,0.0,0.0,7.87548e-06,104.52000000000014,0.871397,0.871397,current_full_transition_bis04_f2_sh005
t196_mid,196,mid,0.884641872616265,CURRENT,full_transition_bis04,2,196,196,True,True,11000100,3.6,0.0,0.0,8.87548e-06,104.52000000000014,0.884652,0.884652,current_full_transition_bis04_f2_sh005
t197_mid,197,mid,0.8978969784233517,CURRENT,full_transition_bis04,2,197,197,True,True,11000101,3.6,0.0,0.0,9.87548e-06,104.52000000000014,0.897907,0.897907,current_full_transition_bis04_f2_sh005
t198_mid,198,mid,0.9111520842304379,CURRENT,full_transition_bis04,2,198,198,True,True,11000110,3.6,0.0,0.0,1.08755e-05,104.50000000000044,0.911162,0.911162,current_full_transition_bis04_f2_sh005
t199_mid,199,mid,0.9244071900375246,CURRENT,full_transition_bis04,2,198,198,True,True,11000110,3.6,0.0,0.0,1.18755e-05,104.50000000000044,0.924417,0.924417,current_full_transition_bis04_f2_sh005
t200_mid,200,mid,0.9376622958446112,CURRENT,full_transition_bis04,2,200,200,True,True,11001000,3.6,0.0,0.0,1.28755e-05,104.49999999999875,0.937672,0.937672,current_full_transition_bis04_f2_sh005
t201_mid,201,mid,0.9509174016516979,CURRENT,full_transition_bis04,2,201,201,True,True,11001001,3.6,0.0,0.0,1.38755e-05,104.50000000000044,0.950927,0.950927,current_full_transition_bis04_f2_sh005
t202_mid,202,mid,0.9641725074587846,CURRENT,full_transition_bis04,2,202,202,True,True,11001010,3.6,0.0,0.0,1.48755e-05,104.50000000000044,0.964183,0.964183,current_full_transition_bis04_f2_sh005
t203_mid,203,mid,0.9774276132658712,CURRENT,full_transition_bis04,2,203,203,True,True,11001011,3.6,0.0,0.0,1.58755e-05,104.49999999999875,0.977438,0.977438,current_full_transition_bis04_f2_sh005
t204_mid,204,mid,0.9906827190729579,CURRENT,full_transition_bis04,2,204,204,True,True,11001100,3.6,0.0,0.0,1.68755e-05,104.49999999999535,0.990693,0.990693,current_full_transition_bis04_f2_sh005
t205_mid,205,mid,1.0039378248800446,CURRENT,full_transition_bis04,2,205,205,True,True,11001101,3.6,0.0,0.0,1.78755e-05,104.49999999999875,1.00395,1.00395,current_full_transition_bis04_f2_sh005
t206_mid,206,mid,1.0171929306871312,CURRENT,full_transition_bis04,2,206,206,True,True,11001110,3.6,0.0,0.0,1.88755e-05,104.49999999999875,1.0172,1.0172,current_full_transition_bis04_f2_sh005
t207_mid,207,mid,1.0304480364942175,CURRENT,full_transition_bis04,2,206,206,True,True,11001110,3.6,0.0,0.0,1.98755e-05,104.49999999999875,1.03046,1.03046,current_full_transition_bis04_f2_sh005
t209_mid,209,mid,1.0569582481083908,CURRENT,full_transition_bis04,2,209,209,True,True,11010001,3.6,0.0,0.0,2.08755e-05,104.49999999999875,1.05697,1.05697,current_full_transition_bis04_f2_sh005
t210_mid,210,mid,1.0702133539154774,CURRENT,full_transition_bis04,2,210,210,True,True,11010010,3.6,0.0,0.0,2.18755e-05,104.49999999999535,1.07022,1.07022,current_full_transition_bis04_f2_sh005
t211_mid,211,mid,1.0834684597225641,CURRENT,full_transition_bis04,2,211,211,True,True,11010011,3.6,0.0,0.0,2.28755e-05,104.49999999999535,1.08348,1.08348,current_full_transition_bis04_f2_sh005
t212_mid,212,mid,1.0967235655296508,CURRENT,full_transition_bis04,2,212,212,True,True,11010100,3.6,0.0,0.0,2.38755e-05,104.49999999999875,1.09673,1.09673,current_full_transition_bis04_f2_sh005
t213_mid,213,mid,1.1099786713367374,CURRENT,full_transition_bis04,2,213,213,True,True,11010101,3.6,0.0,0.0,2.48755e-05,104.49999999999875,1.10999,1.10999,current_full_transition_bis04_f2_sh005
t214_mid,214,mid,1.123233777143824,CURRENT,full_transition_bis04,2,214,214,True,True,11010110,3.6,0.0,0.0,2.58755e-05,104.49999999999875,1.12324,1.12324,current_full_transition_bis04_f2_sh005
t215_mid,215,mid,1.1364888829509108,CURRENT,full_transition_bis04,2,214,214,True,True,11010110,3.6,0.0,0.0,2.68755e-05,104.49999999999875,1.1365,1.1365,current_full_transition_bis04_f2_sh005
t216_mid,216,mid,1.149743988757997,CURRENT,full_transition_bis04,2,216,216,True,True,11011000,3.6,0.0,0.0,2.78755e-05,104.49999999999535,1.14975,1.14975,current_full_transition_bis04_f2_sh005
t217_mid,217,mid,1.1617539773775838,CURRENT,full_transition_bis04,2,216,216,True,True,11011000,3.6,0.0,0.0,2.88755e-05,104.49999999999535,1.16176,1.16176,current_full_transition_bis04_f2_sh005
t218_mid,218,mid,1.1762542003721703,CURRENT,full_transition_bis04,2,218,218,True,True,11011010,3.6,0.0,0.0,2.98755e-05,104.49999999999875,1.17626,1.17626,current_full_transition_bis04_f2_sh005
t219_mid,219,mid,1.189509306179257,CURRENT,full_transition_bis04,2,219,219,True,True,11011011,3.6,0.0,0.0,3.08755e-05,104.49999999999875,1.18952,1.18952,current_full_transition_bis04_f2_sh005
t220_mid,220,mid,1.2027644119863437,CURRENT,full_transition_bis04,2,220,220,True,True,11011100,3.6,0.0,0.0,3.18755e-05,104.49999999999197,1.20277,1.20277,current_full_transition_bis04_f2_sh005
t003_mid,3,mid,-1.672659710260827,CURRENT,full_transition_bis05,2,2,2,True,True,00000010,3.6,0.0,0.0,8.75481e-07,104.5189999999999,-1.67265,-1.67265,current_full_transition_bis05_f2_sh000
t004_mid,4,mid,-1.6594046044537403,CURRENT,full_transition_bis05,2,4,4,True,True,00000100,3.6,0.0,0.0,1.87548e-06,104.52000000000014,-1.65939,-1.65939,current_full_transition_bis05_f2_sh000
t005_mid,5,mid,-1.6461494986466536,CURRENT,full_transition_bis05,2,5,5,True,True,00000101,3.6,0.0,0.0,2.87548e-06,104.51999999999973,-1.64614,-1.64614,current_full_transition_bis05_f2_sh000
t006_mid,6,mid,-1.632894392839567,CURRENT,full_transition_bis05,2,6,6,True,True,00000110,3.6,0.0,0.0,3.87548e-06,104.52000000000014,-1.63288,-1.63288,current_full_transition_bis05_f2_sh000
t007_mid,7,mid,-1.6190167284387305,CURRENT,full_transition_bis05,2,7,7,True,True,00000111,3.6,0.0,0.0,4.87548e-06,104.52000000000099,-1.61901,-1.61901,current_full_transition_bis05_f2_sh000
t008_mid,8,mid,-1.6070067398191439,CURRENT,full_transition_bis05,2,7,7,True,True,00000111,3.6,0.0,0.0,5.87548e-06,104.52000000000014,-1.607,-1.607,current_full_transition_bis05_f2_sh000
t009_mid,9,mid,-1.5937516340120572,CURRENT,full_transition_bis05,2,8,8,True,True,00001000,3.6,0.0,0.0,6.87548e-06,104.52000000000014,-1.59374,-1.59374,current_full_transition_bis05_f2_sh000
t010_mid,10,mid,-1.5798739696112207,CURRENT,full_transition_bis05,2,10,10,True,True,00001010,3.6,0.0,0.0,7.87548e-06,104.52000000000014,-1.57986,-1.57986,current_full_transition_bis05_f2_sh000
t011_mid,11,mid,-1.566618863804134,CURRENT,full_transition_bis05,2,10,10,True,True,00001010,3.6,0.0,0.0,8.87548e-06,104.52000000000014,-1.56661,-1.56661,current_full_transition_bis05_f2_sh000
t012_mid,12,mid,-1.5533637579970474,CURRENT,full_transition_bis05,2,12,12,True,True,00001100,3.6,0.0,0.0,9.87548e-06,104.52000000000014,-1.55335,-1.55335,current_full_transition_bis05_f2_sh000
t013_mid,13,mid,-1.5401086521899607,CURRENT,full_transition_bis05,2,13,13,True,True,00001101,3.6,0.0,0.0,1.08755e-05,104.50000000000044,-1.5401,-1.5401,current_full_transition_bis05_f2_sh000
t014_mid,14,mid,-1.526853546382874,CURRENT,full_transition_bis05,2,14,14,True,True,00001110,3.6,0.0,0.0,1.18755e-05,104.50000000000044,-1.52684,-1.52684,current_full_transition_bis05_f2_sh000
t015_mid,15,mid,-1.5129758819820376,CURRENT,full_transition_bis05,2,15,15,True,True,00001111,3.6,0.0,0.0,1.28755e-05,104.49999999999875,-1.51297,-1.51297,current_full_transition_bis05_f2_sh000
t017_mid,17,mid,-1.4877107875553643,CURRENT,full_transition_bis05,2,16,16,True,True,00010000,3.6,0.0,0.0,1.38755e-05,104.50000000000044,-1.4877,-1.4877,current_full_transition_bis05_f2_sh000
t018_mid,18,mid,-1.4744556817482777,CURRENT,full_transition_bis05,2,17,17,True,True,00010001,3.6,0.0,0.0,1.48755e-05,104.50000000000044,-1.47445,-1.47445,current_full_transition_bis05_f2_sh000
t019_mid,19,mid,-1.4605780173474412,CURRENT,full_transition_bis05,2,19,19,True,True,00010011,3.6,0.0,0.0,1.58755e-05,104.49999999999875,-1.46057,-1.46057,current_full_transition_bis05_f2_sh000
t020_mid,20,mid,-1.4473229115403545,CURRENT,full_transition_bis05,2,20,20,True,True,00010100,3.6,0.0,0.0,1.68755e-05,104.49999999999535,-1.44731,-1.44731,current_full_transition_bis05_f2_sh000
t021_mid,21,mid,-1.4340678057332679,CURRENT,full_transition_bis05,2,21,21,True,True,00010101,3.6,0.0,0.0,1.78755e-05,104.49999999999875,-1.43406,-1.43406,current_full_transition_bis05_f2_sh000
t022_mid,22,mid,-1.4208126999261812,CURRENT,full_transition_bis05,2,22,22,True,True,00010110,3.6,0.0,0.0,1.88755e-05,104.49999999999875,-1.4208,-1.4208,current_full_transition_bis05_f2_sh000
t023_mid,23,mid,-1.4075575941190945,CURRENT,full_transition_bis05,2,22,22,True,True,00010110,3.6,0.0,0.0,1.98755e-05,104.49999999999875,-1.40755,-1.40755,current_full_transition_bis05_f2_sh000
t024_mid,24,mid,-1.3949250469057581,CURRENT,full_transition_bis05,2,23,23,True,True,00010111,3.6,0.0,0.0,2.08755e-05,104.49999999999875,-1.39492,-1.39492,current_full_transition_bis05_f2_sh000
t025_mid,25,mid,-1.3816699410986715,CURRENT,full_transition_bis05,2,24,24,True,True,00011000,3.6,0.0,0.0,2.18755e-05,104.49999999999535,-1.38166,-1.38166,current_full_transition_bis05_f2_sh000
t026_mid,26,mid,-1.3684148352915848,CURRENT,full_transition_bis05,2,25,25,True,True,00011001,3.6,0.0,0.0,2.28755e-05,104.49999999999535,-1.3684,-1.3684,current_full_transition_bis05_f2_sh000
t027_mid,27,mid,-1.3545371708907483,CURRENT,full_transition_bis05,2,27,27,True,True,00011011,3.6,0.0,0.0,2.38755e-05,104.49999999999875,-1.35453,-1.35453,current_full_transition_bis05_f2_sh000
t028_mid,28,mid,-1.3412820650836617,CURRENT,full_transition_bis05,2,28,28,True,True,00011100,3.6,0.0,0.0,2.48755e-05,104.49999999999875,-1.34127,-1.34127,current_full_transition_bis05_f2_sh000
t029_mid,29,mid,-1.328026959276575,CURRENT,full_transition_bis05,2,29,29,True,True,00011101,3.6,0.0,0.0,2.58755e-05,104.49999999999875,-1.32802,-1.32802,current_full_transition_bis05_f2_sh000
t030_mid,30,mid,-1.3147718534694883,CURRENT,full_transition_bis05,2,30,30,True,True,00011110,3.6,0.0,0.0,2.68755e-05,104.49999999999875,-1.31476,-1.31476,current_full_transition_bis05_f2_sh000
t034_mid,34,mid,-1.2617514302411417,CURRENT,full_transition_bis05,2,33,33,True,True,00100001,3.6,0.0,0.0,2.78755e-05,104.49999999999535,-1.26174,-1.26174,current_full_transition_bis05_f2_sh000
t035_mid,35,mid,-1.2478737658403052,CURRENT,full_transition_bis05,2,35,35,True,True,00100011,3.6,0.0,0.0,2.88755e-05,104.49999999999535,-1.24786,-1.24786,current_full_transition_bis05_f2_sh000
t036_mid,36,mid,-1.2346186600332185,CURRENT,full_transition_bis05,2,36,36,True,True,00100100,3.6,0.0,0.0,2.98755e-05,104.49999999999875,-1.23461,-1.23461,current_full_transition_bis05_f2_sh000
t037_mid,37,mid,-1.2213635542261319,CURRENT,full_transition_bis05,2,37,37,True,True,00100101,3.6,0.0,0.0,3.08755e-05,104.49999999999875,-1.22135,-1.22135,current_full_transition_bis05_f2_sh000
t038_mid,38,mid,-1.2081084484190452,CURRENT,full_transition_bis05,2,38,38,True,True,00100110,3.6,0.0,0.0,3.18755e-05,104.49999999999197,-1.2081,-1.2081,current_full_transition_bis05_f2_sh000
t075_mid,75,mid,-0.7170469749630906,CURRENT,full_transition_bis05,2,75,75,True,True,01001011,3.6,0.0,0.0,8.75481e-07,104.5189999999999,-0.717037,-0.717037,current_full_transition_bis05_f2_sh002
t076_mid,76,mid,-0.704414427749754,CURRENT,full_transition_bis05,2,75,75,True,True,01001011,3.6,0.0,0.0,1.87548e-06,104.52000000000014,-0.704404,-0.704404,current_full_transition_bis05_f2_sh002
t077_mid,77,mid,-0.6911593219426675,CURRENT,full_transition_bis05,2,76,76,True,True,01001100,3.6,0.0,0.0,2.87548e-06,104.51999999999973,-0.691149,-0.691149,current_full_transition_bis05_f2_sh002
t078_mid,78,mid,-0.6772816575418308,CURRENT,full_transition_bis05,2,78,78,True,True,01001110,3.6,0.0,0.0,3.87548e-06,104.52000000000014,-0.677272,-0.677272,current_full_transition_bis05_f2_sh002
t079_mid,79,mid,-0.6640265517347441,CURRENT,full_transition_bis05,2,78,78,True,True,01001110,3.6,0.0,0.0,4.87548e-06,104.52000000000099,-0.664017,-0.664017,current_full_transition_bis05_f2_sh002
t081_mid,81,mid,-0.6381388987143211,CURRENT,full_transition_bis05,2,81,81,True,True,01010001,3.6,0.0,0.0,5.87548e-06,104.52000000000014,-0.638129,-0.638129,current_full_transition_bis05_f2_sh002
t082_mid,82,mid,-0.6248837929072344,CURRENT,full_transition_bis05,2,81,81,True,True,01010001,3.6,0.0,0.0,6.87548e-06,104.52000000000014,-0.624874,-0.624874,current_full_transition_bis05_f2_sh002
t083_mid,83,mid,-0.6110061285063977,CURRENT,full_transition_bis05,2,83,83,True,True,01010011,3.6,0.0,0.0,7.87548e-06,104.52000000000014,-0.610996,-0.610996,current_full_transition_bis05_f2_sh002
t084_mid,84,mid,-0.5983735812930611,CURRENT,full_transition_bis05,2,83,83,True,True,01010011,3.6,0.0,0.0,8.87548e-06,104.52000000000014,-0.598364,-0.598364,current_full_transition_bis05_f2_sh002
t085_mid,85,mid,-0.5851184754859744,CURRENT,full_transition_bis05,2,84,84,True,True,01010100,3.6,0.0,0.0,9.87548e-06,104.52000000000014,-0.585109,-0.585108,current_full_transition_bis05_f2_sh002
t086_mid,86,mid,-0.571863369678888,CURRENT,full_transition_bis05,2,85,85,True,True,01010101,3.6,0.0,0.0,1.08755e-05,104.50000000000044,-0.571853,-0.571853,current_full_transition_bis05_f2_sh002
t087_mid,87,mid,-0.5579857052780512,CURRENT,full_transition_bis05,2,87,87,True,True,01010111,3.6,0.0,0.0,1.18755e-05,104.50000000000044,-0.557976,-0.557976,current_full_transition_bis05_f2_sh002
t088_mid,88,mid,-0.5453531580647146,CURRENT,full_transition_bis05,2,88,88,True,True,01011000,3.6,0.0,0.0,1.28755e-05,104.49999999999875,-0.545343,-0.545343,current_full_transition_bis05_f2_sh002
t089_mid,89,mid,-0.532098052257628,CURRENT,full_transition_bis05,2,89,89,True,True,01011001,3.6,0.0,0.0,1.38755e-05,104.50000000000044,-0.532088,-0.532088,current_full_transition_bis05_f2_sh002
t090_mid,90,mid,-0.5188429464505413,CURRENT,full_transition_bis05,2,90,90,True,True,01011010,3.6,0.0,0.0,1.48755e-05,104.50000000000044,-0.518833,-0.518833,current_full_transition_bis05_f2_sh002
t091_mid,91,mid,-0.5055878406434549,CURRENT,full_transition_bis05,2,90,90,True,True,01011010,3.6,0.0,0.0,1.58755e-05,104.49999999999875,-0.505578,-0.505578,current_full_transition_bis05_f2_sh002
t092_mid,92,mid,-0.4923327348363682,CURRENT,full_transition_bis05,2,91,91,True,True,01011011,3.6,0.0,0.0,1.68755e-05,104.49999999999535,-0.492323,-0.492323,current_full_transition_bis05_f2_sh002
t093_mid,93,mid,-0.4790776290292815,CURRENT,full_transition_bis05,2,92,92,True,True,01011100,3.6,0.0,0.0,1.78755e-05,104.49999999999875,-0.479068,-0.479068,current_full_transition_bis05_f2_sh002
t094_mid,94,mid,-0.46582252322219486,CURRENT,full_transition_bis05,2,93,93,True,True,01011101,3.6,0.0,0.0,1.88755e-05,104.49999999999875,-0.465813,-0.465813,current_full_transition_bis05_f2_sh002
t098_mid,98,mid,-0.4121795414000984,CURRENT,full_transition_bis05,2,98,98,True,True,01100010,3.6,0.0,0.0,1.98755e-05,104.49999999999875,-0.41217,-0.41217,current_full_transition_bis05_f2_sh002
t099_mid,99,mid,-0.3989244355930117,CURRENT,full_transition_bis05,2,98,98,True,True,01100010,3.6,0.0,0.0,2.08755e-05,104.49999999999875,-0.398914,-0.398914,current_full_transition_bis05_f2_sh002
t100_mid,100,mid,-0.3856693297859253,CURRENT,full_transition_bis05,2,100,100,True,True,01100100,3.6,0.0,0.0,2.18755e-05,104.49999999999535,-0.385659,-0.385659,current_full_transition_bis05_f2_sh002
t101_mid,101,mid,-0.3724142239788386,CURRENT,full_transition_bis05,2,100,100,True,True,01100100,3.6,0.0,0.0,2.28755e-05,104.49999999999535,-0.372404,-0.372404,current_full_transition_bis05_f2_sh002
t102_mid,102,mid,-0.35915911817175195,CURRENT,full_transition_bis05,2,101,101,True,True,01100101,3.6,0.0,0.0,2.38755e-05,104.49999999999875,-0.359149,-0.359149,current_full_transition_bis05_f2_sh002
t103_mid,103,mid,-0.34528145377091524,CURRENT,full_transition_bis05,2,103,103,True,True,01100111,3.6,0.0,0.0,2.48755e-05,104.49999999999875,-0.345272,-0.345271,current_full_transition_bis05_f2_sh002
t104_mid,104,mid,-0.33264890655757884,CURRENT,full_transition_bis05,2,104,104,True,True,01101000,3.6,0.0,0.0,2.58755e-05,104.49999999999875,-0.332639,-0.332639,current_full_transition_bis05_f2_sh002
t105_mid,105,mid,-0.3193938007504922,CURRENT,full_transition_bis05,2,105,105,True,True,01101001,3.6,0.0,0.0,2.68755e-05,104.49999999999875,-0.319384,-0.319384,current_full_transition_bis05_f2_sh002
t106_mid,106,mid,-0.3061386949434055,CURRENT,full_transition_bis05,2,106,106,True,True,01101010,3.6,0.0,0.0,2.78755e-05,104.49999999999535,-0.306129,-0.306129,current_full_transition_bis05_f2_sh002
t107_mid,107,mid,-0.29288358913631884,CURRENT,full_transition_bis05,2,106,106,True,True,01101010,3.6,0.0,0.0,2.88755e-05,104.49999999999535,-0.292874,-0.292874,current_full_transition_bis05_f2_sh002
t108_mid,108,mid,-0.2796284833292322,CURRENT,full_transition_bis05,2,108,108,True,True,01101100,3.6,0.0,0.0,2.98755e-05,104.49999999999875,-0.279619,-0.279619,current_full_transition_bis05_f2_sh002
t109_mid,109,mid,-0.26637337752214574,CURRENT,full_transition_bis05,2,108,108,True,True,01101100,3.6,0.0,0.0,3.08755e-05,104.49999999999875,-0.266363,-0.266363,current_full_transition_bis05_f2_sh002
t110_mid,110,mid,-0.2531182717150591,CURRENT,full_transition_bis05,2,109,109,True,True,01101101,3.6,0.0,0.0,3.18755e-05,104.49999999999197,-0.253108,-0.253108,current_full_transition_bis05_f2_sh002
t039_mid,39,mid,-1.1948533426119585,CURRENT,full_transition_bis05,2,38,38,True,True,00100110,3.6,0.0,0.0,8.75478e-07,104.52199999999988,-1.19484,-1.19484,current_full_transition_bis05_f2_sh001
t040_mid,40,mid,-1.1822207953986221,CURRENT,full_transition_bis05,2,39,39,True,True,00100111,3.6,0.0,0.0,1.87548e-06,104.52000000000014,-1.18221,-1.18221,current_full_transition_bis05_f2_sh001
t041_mid,41,mid,-1.1689656895915355,CURRENT,full_transition_bis05,2,40,40,True,True,00101000,3.6,0.0,0.0,2.87548e-06,104.51999999999973,-1.16896,-1.16896,current_full_transition_bis05_f2_sh001
t042_mid,42,mid,-1.1557105837844488,CURRENT,full_transition_bis05,2,41,41,True,True,00101001,3.6,0.0,0.0,3.87548e-06,104.52000000000014,-1.1557,-1.1557,current_full_transition_bis05_f2_sh001
t043_mid,43,mid,-1.1418329193836123,CURRENT,full_transition_bis05,2,43,43,True,True,00101011,3.6,0.0,0.0,4.87548e-06,104.52000000000099,-1.14182,-1.14182,current_full_transition_bis05_f2_sh001
t044_mid,44,mid,-1.129200372170276,CURRENT,full_transition_bis05,2,43,43,True,True,00101011,3.6,0.0,0.0,5.87548e-06,104.52000000000014,-1.12919,-1.12919,current_full_transition_bis05_f2_sh001
t045_mid,45,mid,-1.115322707769439,CURRENT,full_transition_bis05,2,45,45,True,True,00101101,3.6,0.0,0.0,6.87548e-06,104.52000000000014,-1.11531,-1.11531,current_full_transition_bis05_f2_sh001
t046_mid,46,mid,-1.1020676019623523,CURRENT,full_transition_bis05,2,46,46,True,True,00101110,3.6,0.0,0.0,7.87548e-06,104.52000000000014,-1.10206,-1.10206,current_full_transition_bis05_f2_sh001
t047_mid,47,mid,-1.0888124961552657,CURRENT,full_transition_bis05,2,46,46,True,True,00101110,3.6,0.0,0.0,8.87548e-06,104.52000000000014,-1.0888,-1.0888,current_full_transition_bis05_f2_sh001
t049_mid,49,mid,-1.0629248431348426,CURRENT,full_transition_bis05,2,48,48,True,True,00110000,3.6,0.0,0.0,9.87548e-06,104.52000000000014,-1.06291,-1.06291,current_full_transition_bis05_f2_sh001
t050_mid,50,mid,-1.049669737327756,CURRENT,full_transition_bis05,2,49,49,True,True,00110001,3.6,0.0,0.0,1.08755e-05,104.50000000000044,-1.04966,-1.04966,current_full_transition_bis05_f2_sh001
t051_mid,51,mid,-1.0357920729269194,CURRENT,full_transition_bis05,2,51,51,True,True,00110011,3.6,0.0,0.0,1.18755e-05,104.50000000000044,-1.03578,-1.03578,current_full_transition_bis05_f2_sh001
t052_mid,52,mid,-1.0231595257135826,CURRENT,full_transition_bis05,2,51,51,True,True,00110011,3.6,0.0,0.0,1.28755e-05,104.49999999999875,-1.02315,-1.02315,current_full_transition_bis05_f2_sh001
t053_mid,53,mid,-1.0099044199064964,CURRENT,full_transition_bis05,2,52,52,True,True,00110100,3.6,0.0,0.0,1.38755e-05,104.50000000000044,-1.00989,-1.00989,current_full_transition_bis05_f2_sh001
t054_mid,54,mid,-0.9960267555056594,CURRENT,full_transition_bis05,2,54,54,True,True,00110110,3.6,0.0,0.0,1.48755e-05,104.50000000000044,-0.996017,-0.996017,current_full_transition_bis05_f2_sh001
t055_mid,55,mid,-0.982771649698573,CURRENT,full_transition_bis05,2,54,54,True,True,00110110,3.6,0.0,0.0,1.58755e-05,104.49999999999875,-0.982762,-0.982762,current_full_transition_bis05_f2_sh001
t056_mid,56,mid,-0.9701391024852363,CURRENT,full_transition_bis05,2,55,55,True,True,00110111,3.6,0.0,0.0,1.68755e-05,104.49999999999535,-0.970129,-0.970129,current_full_transition_bis05_f2_sh001
t057_mid,57,mid,-0.9568839966781496,CURRENT,full_transition_bis05,2,56,56,True,True,00111000,3.6,0.0,0.0,1.78755e-05,104.49999999999875,-0.956874,-0.956874,current_full_transition_bis05_f2_sh001
t058_mid,58,mid,-0.943628890871063,CURRENT,full_transition_bis05,2,57,57,True,True,00111001,3.6,0.0,0.0,1.88755e-05,104.49999999999875,-0.943619,-0.943619,current_full_transition_bis05_f2_sh001
t059_mid,59,mid,-0.9297512264702265,CURRENT,full_transition_bis05,2,59,59,True,True,00111011,3.6,0.0,0.0,1.98755e-05,104.49999999999875,-0.929741,-0.929741,current_full_transition_bis05_f2_sh001
t060_mid,60,mid,-0.9171186792568898,CURRENT,full_transition_bis05,2,59,59,True,True,00111011,3.6,0.0,0.0,2.08755e-05,104.49999999999875,-0.917109,-0.917109,current_full_transition_bis05_f2_sh001
t061_mid,61,mid,-0.9038635734498032,CURRENT,full_transition_bis05,2,60,60,True,True,00111100,3.6,0.0,0.0,2.18755e-05,104.49999999999535,-0.903854,-0.903854,current_full_transition_bis05_f2_sh001
t062_mid,62,mid,-0.8899859090489667,CURRENT,full_transition_bis05,2,62,62,True,True,00111110,3.6,0.0,0.0,2.28755e-05,104.49999999999535,-0.889976,-0.889976,current_full_transition_bis05_f2_sh001
t066_mid,66,mid,-0.8369654858206201,CURRENT,full_transition_bis05,2,65,65,True,True,01000001,3.6,0.0,0.0,2.38755e-05,104.49999999999875,-0.836956,-0.836956,current_full_transition_bis05_f2_sh001
t067_mid,67,mid,-0.8230878214197835,CURRENT,full_transition_bis05,2,67,67,True,True,01000011,3.6,0.0,0.0,2.48755e-05,104.49999999999875,-0.823078,-0.823078,current_full_transition_bis05_f2_sh001
t068_mid,68,mid,-0.8104552742064469,CURRENT,full_transition_bis05,2,67,67,True,True,01000011,3.6,0.0,0.0,2.58755e-05,104.49999999999875,-0.810445,-0.810445,current_full_transition_bis05_f2_sh001
t069_mid,69,mid,-0.7965776098056103,CURRENT,full_transition_bis05,2,69,69,True,True,01000101,3.6,0.0,0.0,2.68755e-05,104.49999999999875,-0.796568,-0.796568,current_full_transition_bis05_f2_sh001
t070_mid,70,mid,-0.7833225039985237,CURRENT,full_transition_bis05,2,70,70,True,True,01000110,3.6,0.0,0.0,2.78755e-05,104.49999999999535,-0.783313,-0.783313,current_full_transition_bis05_f2_sh001
t071_mid,71,mid,-0.7700673981914371,CURRENT,full_transition_bis05,2,70,70,True,True,01000110,3.6,0.0,0.0,2.88755e-05,104.49999999999535,-0.770057,-0.770057,current_full_transition_bis05_f2_sh001
t072_mid,72,mid,-0.7574348509781005,CURRENT,full_transition_bis05,2,71,71,True,True,01000111,3.6,0.0,0.0,2.98755e-05,104.49999999999875,-0.757425,-0.757425,current_full_transition_bis05_f2_sh001
t073_mid,73,mid,-0.7441797451710139,CURRENT,full_transition_bis05,2,72,72,True,True,01001000,3.6,0.0,0.0,3.08755e-05,104.49999999999875,-0.74417,-0.74417,current_full_transition_bis05_f2_sh001
t074_mid,74,mid,-0.7309246393639273,CURRENT,full_transition_bis05,2,73,73,True,True,01001001,3.6,0.0,0.0,3.18755e-05,104.49999999999197,-0.730915,-0.730915,current_full_transition_bis05_f2_sh001
t111_mid,111,mid,-0.2392406073142224,CURRENT,full_transition_bis05,2,111,111,True,True,01101111,3.6,0.0,0.0,8.75479e-07,104.52099999999996,-0.239231,-0.239231,current_full_transition_bis05_f2_sh003
t113_mid,113,mid,-0.21397551288754907,CURRENT,full_transition_bis05,2,112,112,True,True,01110000,3.6,0.0,0.0,1.87548e-06,104.52000000000014,-0.213966,-0.213966,current_full_transition_bis05_f2_sh003
t114_mid,114,mid,-0.20009784848671264,CURRENT,full_transition_bis05,2,114,114,True,True,01110010,3.6,0.0,0.0,2.87548e-06,104.51999999999973,-0.200088,-0.200088,current_full_transition_bis05_f2_sh003
t115_mid,115,mid,-0.18684274267962597,CURRENT,full_transition_bis05,2,114,114,True,True,01110010,3.6,0.0,0.0,3.87548e-06,104.52000000000014,-0.186833,-0.186833,current_full_transition_bis05_f2_sh003
t116_mid,116,mid,-0.1735876368725393,CURRENT,full_transition_bis05,2,116,116,True,True,01110100,3.6,0.0,0.0,4.87548e-06,104.52000000000099,-0.173578,-0.173578,current_full_transition_bis05_f2_sh003
t117_mid,117,mid,-0.16033253106545264,CURRENT,full_transition_bis05,2,117,117,True,True,01110101,3.6,0.0,0.0,5.87548e-06,104.52000000000014,-0.160323,-0.160323,current_full_transition_bis05_f2_sh003
t118_mid,118,mid,-0.1470774252583662,CURRENT,full_transition_bis05,2,118,118,True,True,01110110,3.6,0.0,0.0,6.87548e-06,104.52000000000014,-0.147067,-0.147067,current_full_transition_bis05_f2_sh003
t119_mid,119,mid,-0.13382231945127954,CURRENT,full_transition_bis05,2,118,118,True,True,01110110,3.6,0.0,0.0,7.87548e-06,104.52000000000014,-0.133812,-0.133812,current_full_transition_bis05_f2_sh003
t120_mid,120,mid,-0.12118977223794286,CURRENT,full_transition_bis05,2,119,119,True,True,01110111,3.6,0.0,0.0,8.87548e-06,104.52000000000014,-0.12118,-0.12118,current_full_transition_bis05_f2_sh003
t121_mid,121,mid,-0.1079346664308562,CURRENT,full_transition_bis05,2,120,120,True,True,01111000,3.6,0.0,0.0,9.87548e-06,104.52000000000014,-0.107925,-0.107925,current_full_transition_bis05_f2_sh003
t122_mid,122,mid,-0.09405700203001954,CURRENT,full_transition_bis05,2,122,122,True,True,01111010,3.6,0.0,0.0,1.08755e-05,104.50000000000044,-0.094047,-0.094047,current_full_transition_bis05_f2_sh003
t123_mid,123,mid,-0.0808018962229331,CURRENT,full_transition_bis05,2,122,122,True,True,01111010,3.6,0.0,0.0,1.18755e-05,104.50000000000044,-0.0807919,-0.0807919,current_full_transition_bis05_f2_sh003
t124_mid,124,mid,-0.06754679041584644,CURRENT,full_transition_bis05,2,124,124,True,True,01111100,3.6,0.0,0.0,1.28755e-05,104.49999999999875,-0.0675368,-0.0675368,current_full_transition_bis05_f2_sh003
t125_mid,125,mid,-0.05429168460875977,CURRENT,full_transition_bis05,2,125,125,True,True,01111101,3.6,0.0,0.0,1.38755e-05,104.50000000000044,-0.0542817,-0.0542817,current_full_transition_bis05_f2_sh003
t126_mid,126,mid,-0.04103657880167311,CURRENT,full_transition_bis05,2,126,126,True,True,01111110,3.6,0.0,0.0,1.48755e-05,104.50000000000044,-0.0410266,-0.0410266,current_full_transition_bis05_f2_sh003
t130_mid,130,mid,0.008871051457923329,CURRENT,full_transition_bis05,2,130,130,True,True,10000010,3.6,0.0,0.0,1.58755e-05,104.49999999999875,0.00888105,0.00888105,current_full_transition_bis05_f2_sh003
t131_mid,131,mid,0.022126157265009994,CURRENT,full_transition_bis05,2,130,130,True,True,10000010,3.6,0.0,0.0,1.68755e-05,104.49999999999535,0.0221362,0.0221362,current_full_transition_bis05_f2_sh003
t132_mid,132,mid,0.035381263072096436,CURRENT,full_transition_bis05,2,132,132,True,True,10000100,3.6,0.0,0.0,1.78755e-05,104.49999999999875,0.0353913,0.0353913,current_full_transition_bis05_f2_sh003
t133_mid,133,mid,0.0486363688791831,CURRENT,full_transition_bis05,2,133,133,True,True,10000101,3.6,0.0,0.0,1.88755e-05,104.49999999999875,0.0486464,0.0486464,current_full_transition_bis05_f2_sh003
t134_mid,134,mid,0.061891474686269765,CURRENT,full_transition_bis05,2,134,134,True,True,10000110,3.6,0.0,0.0,1.98755e-05,104.49999999999875,0.0619015,0.0619015,current_full_transition_bis05_f2_sh003
t135_mid,135,mid,0.07514658049335643,CURRENT,full_transition_bis05,2,134,134,True,True,10000110,3.6,0.0,0.0,2.08755e-05,104.49999999999875,0.0751566,0.0751566,current_full_transition_bis05_f2_sh003
t136_mid,136,mid,0.08777912770669288,CURRENT,full_transition_bis05,2,135,135,True,True,10000111,3.6,0.0,0.0,2.18755e-05,104.49999999999535,0.0877891,0.0877891,current_full_transition_bis05_f2_sh003
t137_mid,137,mid,0.10103423351377955,CURRENT,full_transition_bis05,2,136,136,True,True,10001000,3.6,0.0,0.0,2.28755e-05,104.49999999999535,0.101044,0.101044,current_full_transition_bis05_f2_sh003
t138_mid,138,mid,0.11428933932086621,CURRENT,full_transition_bis05,2,137,137,True,True,10001001,3.6,0.0,0.0,2.38755e-05,104.49999999999875,0.114299,0.114299,current_full_transition_bis05_f2_sh003
t139_mid,139,mid,0.12816700372170287,CURRENT,full_transition_bis05,2,138,138,True,True,10001010,3.6,0.0,0.0,2.48755e-05,104.49999999999875,0.128177,0.128177,current_full_transition_bis05_f2_sh003
t140_mid,140,mid,0.14142210952878953,CURRENT,full_transition_bis05,2,140,140,True,True,10001100,3.6,0.0,0.0,2.58755e-05,104.49999999999875,0.141432,0.141432,current_full_transition_bis05_f2_sh003
t141_mid,141,mid,0.15467721533587597,CURRENT,full_transition_bis05,2,141,141,True,True,10001101,3.6,0.0,0.0,2.68755e-05,104.49999999999875,0.154687,0.154687,current_full_transition_bis05_f2_sh003
t142_mid,142,mid,0.16793232114296264,CURRENT,full_transition_bis05,2,142,142,True,True,10001110,3.6,0.0,0.0,2.78755e-05,104.49999999999535,0.167942,0.167942,current_full_transition_bis05_f2_sh003
t143_mid,143,mid,0.1811874269500493,CURRENT,full_transition_bis05,2,142,142,True,True,10001110,3.6,0.0,0.0,2.88755e-05,104.49999999999535,0.181197,0.181197,current_full_transition_bis05_f2_sh003
t145_mid,145,mid,0.2070750799704724,CURRENT,full_transition_bis05,2,144,144,True,True,10010000,3.6,0.0,0.0,2.98755e-05,104.49999999999875,0.207085,0.207085,current_full_transition_bis05_f2_sh003
t146_mid,146,mid,0.22033018577755906,CURRENT,full_transition_bis05,2,145,145,True,True,10010001,3.6,0.0,0.0,3.08755e-05,104.49999999999875,0.22034,0.22034,current_full_transition_bis05_f2_sh003
t147_mid,147,mid,0.23420785017839574,CURRENT,full_transition_bis05,2,147,147,True,True,10010011,3.6,0.0,0.0,3.18755e-05,104.49999999999197,0.234218,0.234218,current_full_transition_bis05_f2_sh003
t221_mid,221,mid,1.2157082384965552,CURRENT,full_transition_bis05,2,221,221,True,True,11011101,3.6,0.0,0.0,8.75479e-07,104.52099999999996,1.21572,1.21572,current_full_transition_bis05_f2_sh006
t222_mid,222,mid,1.2289633443036418,CURRENT,full_transition_bis05,2,221,221,True,True,11011101,3.6,0.0,0.0,1.87548e-06,104.52000000000014,1.22897,1.22897,current_full_transition_bis05_f2_sh006
t226_mid,226,mid,1.2826063261257383,CURRENT,full_transition_bis05,2,226,226,True,True,11100010,3.6,0.0,0.0,2.87548e-06,104.51999999999973,1.28262,1.28262,current_full_transition_bis05_f2_sh006
t227_mid,227,mid,1.295861431932825,CURRENT,full_transition_bis05,2,226,226,True,True,11100010,3.6,0.0,0.0,3.87548e-06,104.52000000000014,1.29587,1.29587,current_full_transition_bis05_f2_sh006
t228_mid,228,mid,1.3091165377399117,CURRENT,full_transition_bis05,2,228,228,True,True,11100100,3.6,0.0,0.0,4.87548e-06,104.52000000000099,1.30913,1.30913,current_full_transition_bis05_f2_sh006
t229_mid,229,mid,1.3223716435469983,CURRENT,full_transition_bis05,2,229,229,True,True,11100101,3.6,0.0,0.0,5.87548e-06,104.52000000000014,1.32238,1.32238,current_full_transition_bis05_f2_sh006
t230_mid,230,mid,1.335626749354085,CURRENT,full_transition_bis05,2,229,229,True,True,11100101,3.6,0.0,0.0,6.87548e-06,104.52000000000014,1.33564,1.33564,current_full_transition_bis05_f2_sh006
t231_mid,231,mid,1.3495044137549215,CURRENT,full_transition_bis05,2,231,231,True,True,11100111,3.6,0.0,0.0,7.87548e-06,104.52000000000014,1.34951,1.34951,current_full_transition_bis05_f2_sh006
t232_mid,232,mid,1.361514402374508,CURRENT,full_transition_bis05,2,231,231,True,True,11100111,3.6,0.0,0.0,8.87548e-06,104.52000000000014,1.36152,1.36152,current_full_transition_bis05_f2_sh006
t233_mid,233,mid,1.3747695081815947,CURRENT,full_transition_bis05,2,232,232,True,True,11101000,3.6,0.0,0.0,9.87548e-06,104.52000000000014,1.37478,1.37478,current_full_transition_bis05_f2_sh006
t234_mid,234,mid,1.3886471725824316,CURRENT,full_transition_bis05,2,234,234,True,True,11101010,3.6,0.0,0.0,1.08755e-05,104.50000000000044,1.38866,1.38866,current_full_transition_bis05_f2_sh006
t235_mid,235,mid,1.4019022783895179,CURRENT,full_transition_bis05,2,234,234,True,True,11101010,3.6,0.0,0.0,1.18755e-05,104.50000000000044,1.40191,1.40191,current_full_transition_bis05_f2_sh006
t236_mid,236,mid,1.4151573841966045,CURRENT,full_transition_bis05,2,236,236,True,True,11101100,3.6,0.0,0.0,1.28755e-05,104.49999999999875,1.41517,1.41517,current_full_transition_bis05_f2_sh006
t237_mid,237,mid,1.4284124900036912,CURRENT,full_transition_bis05,2,237,237,True,True,11101101,3.6,0.0,0.0,1.38755e-05,104.50000000000044,1.42842,1.42842,current_full_transition_bis05_f2_sh006
t238_mid,238,mid,1.4416675958107779,CURRENT,full_transition_bis05,2,237,237,True,True,11101101,3.6,0.0,0.0,1.48755e-05,104.50000000000044,1.44168,1.44168,current_full_transition_bis05_f2_sh006
t239_mid,239,mid,1.4555452602116143,CURRENT,full_transition_bis05,2,239,239,True,True,11101111,3.6,0.0,0.0,1.58755e-05,104.49999999999875,1.45556,1.45556,current_full_transition_bis05_f2_sh006
t240_mid,240,mid,1.467555248831201,CURRENT,full_transition_bis05,2,240,240,True,True,11110000,3.6,0.0,0.0,1.68755e-05,104.49999999999535,1.46757,1.46757,current_full_transition_bis05_f2_sh006
t241_mid,241,mid,1.4808103546382876,CURRENT,full_transition_bis05,2,240,240,True,True,11110000,3.6,0.0,0.0,1.78755e-05,104.49999999999875,1.48082,1.48082,current_full_transition_bis05_f2_sh006
t242_mid,242,mid,1.4940654604453742,CURRENT,full_transition_bis05,2,241,241,True,True,11110001,3.6,0.0,0.0,1.88755e-05,104.49999999999875,1.49408,1.49408,current_full_transition_bis05_f2_sh006
t243_mid,243,mid,1.5079431248462112,CURRENT,full_transition_bis05,2,243,243,True,True,11110011,3.6,0.0,0.0,1.98755e-05,104.49999999999875,1.50795,1.50795,current_full_transition_bis05_f2_sh006
t244_mid,244,mid,1.5211982306532974,CURRENT,full_transition_bis05,2,244,244,True,True,11110100,3.6,0.0,0.0,2.08755e-05,104.49999999999875,1.52121,1.52121,current_full_transition_bis05_f2_sh006
t245_mid,245,mid,1.534453336460384,CURRENT,full_transition_bis05,2,245,245,True,True,11110101,3.6,0.0,0.0,2.18755e-05,104.49999999999535,1.53446,1.53446,current_full_transition_bis05_f2_sh006
t246_mid,246,mid,1.5477084422674707,CURRENT,full_transition_bis05,2,246,246,True,True,11110110,3.6,0.0,0.0,2.28755e-05,104.49999999999535,1.54772,1.54772,current_full_transition_bis05_f2_sh006
t247_mid,247,mid,1.5609635480745574,CURRENT,full_transition_bis05,2,246,246,True,True,11110110,3.6,0.0,0.0,2.38755e-05,104.49999999999875,1.56097,1.56097,current_full_transition_bis05_f2_sh006
t248_mid,248,mid,1.5735960952878938,CURRENT,full_transition_bis05,2,247,247,True,True,11110111,3.6,0.0,0.0,2.48755e-05,104.49999999999875,1.57361,1.57361,current_full_transition_bis05_f2_sh006
t249_mid,249,mid,1.5868512010949805,CURRENT,full_transition_bis05,2,248,248,True,True,11111000,3.6,0.0,0.0,2.58755e-05,104.49999999999875,1.58686,1.58686,current_full_transition_bis05_f2_sh006
t250_mid,250,mid,1.6001063069020671,CURRENT,full_transition_bis05,2,249,249,True,True,11111001,3.6,0.0,0.0,2.68755e-05,104.49999999999875,1.60012,1.60012,current_full_transition_bis05_f2_sh006
t251_mid,251,mid,1.613983971302904,CURRENT,full_transition_bis05,2,250,250,True,True,11111010,3.6,0.0,0.0,2.78755e-05,104.49999999999535,1.61399,1.61399,current_full_transition_bis05_f2_sh006
t252_mid,252,mid,1.6272390771099907,CURRENT,full_transition_bis05,2,252,252,True,True,11111100,3.6,0.0,0.0,2.88755e-05,104.49999999999535,1.62725,1.62725,current_full_transition_bis05_f2_sh006
t253_mid,253,mid,1.640494182917077,CURRENT,full_transition_bis05,2,253,253,True,True,11111101,3.6,0.0,0.0,2.98755e-05,104.49999999999875,1.6405,1.6405,current_full_transition_bis05_f2_sh006
t254_mid,254,mid,1.6537492887241636,CURRENT,full_transition_bis05,2,254,254,True,True,11111110,3.6,0.0,0.0,3.08755e-05,104.49999999999875,1.65376,1.65376,current_full_transition_bis05_f2_sh006
t148_mid,148,mid,0.24684039739173239,CURRENT,full_transition_bis05,2,147,147,True,True,10010011,3.6,0.0,0.0,8.7548e-07,104.51999999999994,0.24685,0.24685,current_full_transition_bis05_f2_sh004
t149_mid,149,mid,0.26071806179256907,CURRENT,full_transition_bis05,2,149,149,True,True,10010101,3.6,0.0,0.0,1.87548e-06,104.52000000000014,0.260728,0.260728,current_full_transition_bis05_f2_sh004
t150_mid,150,mid,0.2739731675996555,CURRENT,full_transition_bis05,2,150,150,True,True,10010110,3.6,0.0,0.0,2.87548e-06,104.51999999999973,0.273983,0.273983,current_full_transition_bis05_f2_sh004
t151_mid,151,mid,0.2872282734067422,CURRENT,full_transition_bis05,2,150,150,True,True,10010110,3.6,0.0,0.0,3.87548e-06,104.52000000000014,0.287238,0.287238,current_full_transition_bis05_f2_sh004
t152_mid,152,mid,0.29986082062007857,CURRENT,full_transition_bis05,2,151,151,True,True,10010111,3.6,0.0,0.0,4.87548e-06,104.52000000000099,0.299871,0.299871,current_full_transition_bis05_f2_sh004
t153_mid,153,mid,0.31311592642716524,CURRENT,full_transition_bis05,2,152,152,True,True,10011000,3.6,0.0,0.0,5.87548e-06,104.52000000000014,0.313126,0.313126,current_full_transition_bis05_f2_sh004
t154_mid,154,mid,0.3263710322342519,CURRENT,full_transition_bis05,2,153,153,True,True,10011001,3.6,0.0,0.0,6.87548e-06,104.52000000000014,0.326381,0.326381,current_full_transition_bis05_f2_sh004
t155_mid,155,mid,0.3402486966350886,CURRENT,full_transition_bis05,2,155,155,True,True,10011011,3.6,0.0,0.0,7.87548e-06,104.52000000000014,0.340259,0.340259,current_full_transition_bis05_f2_sh004
t156_mid,156,mid,0.35288124384842523,CURRENT,full_transition_bis05,2,155,155,True,True,10011011,3.6,0.0,0.0,8.87548e-06,104.52000000000014,0.352891,0.352891,current_full_transition_bis05_f2_sh004
t157_mid,157,mid,0.3661363496555119,CURRENT,full_transition_bis05,2,156,156,True,True,10011100,3.6,0.0,0.0,9.87548e-06,104.52000000000014,0.366146,0.366146,current_full_transition_bis05_f2_sh004
t158_mid,158,mid,0.3800140140563486,CURRENT,full_transition_bis05,2,158,158,True,True,10011110,3.6,0.0,0.0,1.08755e-05,104.50000000000044,0.380024,0.380024,current_full_transition_bis05_f2_sh004
t162_mid,162,mid,0.4330344372846948,CURRENT,full_transition_bis05,2,161,161,True,True,10100001,3.6,0.0,0.0,1.18755e-05,104.50000000000044,0.433044,0.433044,current_full_transition_bis05_f2_sh004
t163_mid,163,mid,0.4469121016855315,CURRENT,full_transition_bis05,2,163,163,True,True,10100011,3.6,0.0,0.0,1.28755e-05,104.49999999999875,0.446922,0.446922,current_full_transition_bis05_f2_sh004
t164_mid,164,mid,0.45954464889886815,CURRENT,full_transition_bis05,2,163,163,True,True,10100011,3.6,0.0,0.0,1.38755e-05,104.50000000000044,0.459555,0.459555,current_full_transition_bis05_f2_sh004
t165_mid,165,mid,0.4727997547059548,CURRENT,full_transition_bis05,2,164,164,True,True,10100100,3.6,0.0,0.0,1.48755e-05,104.50000000000044,0.47281,0.47281,current_full_transition_bis05_f2_sh004
t166_mid,166,mid,0.4866774191067915,CURRENT,full_transition_bis05,2,166,166,True,True,10100110,3.6,0.0,0.0,1.58755e-05,104.49999999999875,0.486687,0.486687,current_full_transition_bis05_f2_sh004
t167_mid,167,mid,0.49993252491387813,CURRENT,full_transition_bis05,2,166,166,True,True,10100110,3.6,0.0,0.0,1.68755e-05,104.49999999999535,0.499943,0.499943,current_full_transition_bis05_f2_sh004
t168_mid,168,mid,0.5125650721272148,CURRENT,full_transition_bis05,2,168,168,True,True,10101000,3.6,0.0,0.0,1.78755e-05,104.49999999999875,0.512575,0.512575,current_full_transition_bis05_f2_sh004
t169_mid,169,mid,0.5258201779343015,CURRENT,full_transition_bis05,2,169,169,True,True,10101001,3.6,0.0,0.0,1.88755e-05,104.49999999999875,0.52583,0.52583,current_full_transition_bis05_f2_sh004
t170_mid,170,mid,0.5390752837413881,CURRENT,full_transition_bis05,2,169,169,True,True,10101001,3.6,0.0,0.0,1.98755e-05,104.49999999999875,0.539085,0.539085,current_full_transition_bis05_f2_sh004
t171_mid,171,mid,0.5529529481422244,CURRENT,full_transition_bis05,2,171,171,True,True,10101011,3.6,0.0,0.0,2.08755e-05,104.49999999999875,0.552963,0.552963,current_full_transition_bis05_f2_sh004
t172_mid,172,mid,0.565585495355561,CURRENT,full_transition_bis05,2,171,171,True,True,10101011,3.6,0.0,0.0,2.18755e-05,104.49999999999535,0.565596,0.565596,current_full_transition_bis05_f2_sh004
t173_mid,173,mid,0.5788406011626477,CURRENT,full_transition_bis05,2,172,172,True,True,10101100,3.6,0.0,0.0,2.28755e-05,104.49999999999535,0.578851,0.578851,current_full_transition_bis05_f2_sh004
t174_mid,174,mid,0.5920957069697343,CURRENT,full_transition_bis05,2,173,173,True,True,10101101,3.6,0.0,0.0,2.38755e-05,104.49999999999875,0.592106,0.592106,current_full_transition_bis05_f2_sh004
t175_mid,175,mid,0.6059733713705711,CURRENT,full_transition_bis05,2,175,175,True,True,10101111,3.6,0.0,0.0,2.48755e-05,104.49999999999875,0.605983,0.605983,current_full_transition_bis05_f2_sh004
t177_mid,177,mid,0.6318610243909943,CURRENT,full_transition_bis05,2,177,177,True,True,10110001,3.6,0.0,0.0,2.58755e-05,104.49999999999875,0.631871,0.631871,current_full_transition_bis05_f2_sh004
t178_mid,178,mid,0.645116130198081,CURRENT,full_transition_bis05,2,178,178,True,True,10110010,3.6,0.0,0.0,2.68755e-05,104.49999999999875,0.645126,0.645126,current_full_transition_bis05_f2_sh004
t179_mid,179,mid,0.6583712360051677,CURRENT,full_transition_bis05,2,178,178,True,True,10110010,3.6,0.0,0.0,2.78755e-05,104.49999999999535,0.658381,0.658381,current_full_transition_bis05_f2_sh004
t180_mid,180,mid,0.6716263418122539,CURRENT,full_transition_bis05,2,180,180,True,True,10110100,3.6,0.0,0.0,2.88755e-05,104.49999999999535,0.671636,0.671636,current_full_transition_bis05_f2_sh004
t181_mid,181,mid,0.6848814476193406,CURRENT,full_transition_bis05,2,180,180,True,True,10110100,3.6,0.0,0.0,2.98755e-05,104.49999999999875,0.684892,0.684891,current_full_transition_bis05_f2_sh004
t182_mid,182,mid,0.6981365534264272,CURRENT,full_transition_bis05,2,181,181,True,True,10110101,3.6,0.0,0.0,3.08755e-05,104.49999999999875,0.698147,0.698147,current_full_transition_bis05_f2_sh004
t183_mid,183,mid,0.7120142178272639,CURRENT,full_transition_bis05,2,183,183,True,True,10110111,3.6,0.0,0.0,3.18755e-05,104.49999999999197,0.712024,0.712024,current_full_transition_bis05_f2_sh004
t184_mid,184,mid,0.7246467650406005,CURRENT,full_transition_bis05,2,184,184,True,True,10111000,3.6,0.0,0.0,8.75481e-07,104.5189999999999,0.724657,0.724657,current_full_transition_bis05_f2_sh005
t185_mid,185,mid,0.7379018708476872,CURRENT,full_transition_bis05,2,185,185,True,True,10111001,3.6,0.0,0.0,1.87548e-06,104.52000000000014,0.737912,0.737912,current_full_transition_bis05_f2_sh005
t186_mid,186,mid,0.7511569766547739,CURRENT,full_transition_bis05,2,186,186,True,True,10111010,3.6,0.0,0.0,2.87548e-06,104.51999999999973,0.751167,0.751167,current_full_transition_bis05_f2_sh005
t187_mid,187,mid,0.7644120824618605,CURRENT,full_transition_bis05,2,186,186,True,True,10111010,3.6,0.0,0.0,3.87548e-06,104.52000000000014,0.764422,0.764422,current_full_transition_bis05_f2_sh005
t188_mid,188,mid,0.7776671882689472,CURRENT,full_transition_bis05,2,188,188,True,True,10111100,3.6,0.0,0.0,4.87548e-06,104.52000000000099,0.777677,0.777677,current_full_transition_bis05_f2_sh005
t189_mid,189,mid,0.7909222940760334,CURRENT,full_transition_bis05,2,188,188,True,True,10111100,3.6,0.0,0.0,5.87548e-06,104.52000000000014,0.790932,0.790932,current_full_transition_bis05_f2_sh005
t194_mid,194,mid,0.8578203817052168,CURRENT,full_transition_bis05,2,194,194,True,True,11000010,3.6,0.0,0.0,6.87548e-06,104.52000000000014,0.85783,0.85783,current_full_transition_bis05_f2_sh005
t195_mid,195,mid,0.8710754875123035,CURRENT,full_transition_bis05,2,194,194,True,True,11000010,3.6,0.0,0.0,7.87548e-06,104.52000000000014,0.871085,0.871085,current_full_transition_bis05_f2_sh005
t196_mid,196,mid,0.8843305933193901,CURRENT,full_transition_bis05,2,195,195,True,True,11000011,3.6,0.0,0.0,8.87548e-06,104.52000000000014,0.884341,0.884341,current_full_transition_bis05_f2_sh005
t197_mid,197,mid,0.8975856991264768,CURRENT,full_transition_bis05,2,196,196,True,True,11000100,3.6,0.0,0.0,9.87548e-06,104.52000000000014,0.897596,0.897596,current_full_transition_bis05_f2_sh005
t198_mid,198,mid,0.910840804933563,CURRENT,full_transition_bis05,2,197,197,True,True,11000101,3.6,0.0,0.0,1.08755e-05,104.50000000000044,0.910851,0.910851,current_full_transition_bis05_f2_sh005
t199_mid,199,mid,0.9247184693343996,CURRENT,full_transition_bis05,2,199,199,True,True,11000111,3.6,0.0,0.0,1.18755e-05,104.50000000000044,0.924728,0.924728,current_full_transition_bis05_f2_sh005
t200_mid,200,mid,0.9373510165477363,CURRENT,full_transition_bis05,2,200,200,True,True,11001000,3.6,0.0,0.0,1.28755e-05,104.49999999999875,0.937361,0.937361,current_full_transition_bis05_f2_sh005
t201_mid,201,mid,0.950606122354823,CURRENT,full_transition_bis05,2,201,201,True,True,11001001,3.6,0.0,0.0,1.38755e-05,104.50000000000044,0.950616,0.950616,current_full_transition_bis05_f2_sh005
t202_mid,202,mid,0.9638612281619097,CURRENT,full_transition_bis05,2,202,202,True,True,11001010,3.6,0.0,0.0,1.48755e-05,104.50000000000044,0.963871,0.963871,current_full_transition_bis05_f2_sh005
t203_mid,203,mid,0.9771163339689963,CURRENT,full_transition_bis05,2,202,202,True,True,11001010,3.6,0.0,0.0,1.58755e-05,104.49999999999875,0.977126,0.977126,current_full_transition_bis05_f2_sh005
t204_mid,204,mid,0.990371439776083,CURRENT,full_transition_bis05,2,204,204,True,True,11001100,3.6,0.0,0.0,1.68755e-05,104.49999999999535,0.990381,0.990381,current_full_transition_bis05_f2_sh005
t205_mid,205,mid,1.0036265455831694,CURRENT,full_transition_bis05,2,204,204,True,True,11001100,3.6,0.0,0.0,1.78755e-05,104.49999999999875,1.00364,1.00364,current_full_transition_bis05_f2_sh005
t206_mid,206,mid,1.016881651390256,CURRENT,full_transition_bis05,2,205,205,True,True,11001101,3.6,0.0,0.0,1.88755e-05,104.49999999999875,1.01689,1.01689,current_full_transition_bis05_f2_sh005
t207_mid,207,mid,1.0307593157910926,CURRENT,full_transition_bis05,2,207,207,True,True,11001111,3.6,0.0,0.0,1.98755e-05,104.49999999999875,1.03077,1.03077,current_full_transition_bis05_f2_sh005
t209_mid,209,mid,1.0566469688115157,CURRENT,full_transition_bis05,2,209,209,True,True,11010001,3.6,0.0,0.0,2.08755e-05,104.49999999999875,1.05666,1.05666,current_full_transition_bis05_f2_sh005
t210_mid,210,mid,1.0699020746186023,CURRENT,full_transition_bis05,2,210,210,True,True,11010010,3.6,0.0,0.0,2.18755e-05,104.49999999999535,1.06991,1.06991,current_full_transition_bis05_f2_sh005
t211_mid,211,mid,1.083157180425689,CURRENT,full_transition_bis05,2,210,210,True,True,11010010,3.6,0.0,0.0,2.28755e-05,104.49999999999535,1.08317,1.08317,current_full_transition_bis05_f2_sh005
t212_mid,212,mid,1.0964122862327756,CURRENT,full_transition_bis05,2,212,212,True,True,11010100,3.6,0.0,0.0,2.38755e-05,104.49999999999875,1.09642,1.09642,current_full_transition_bis05_f2_sh005
t213_mid,213,mid,1.1096673920398623,CURRENT,full_transition_bis05,2,213,213,True,True,11010101,3.6,0.0,0.0,2.48755e-05,104.49999999999875,1.10968,1.10968,current_full_transition_bis05_f2_sh005
t214_mid,214,mid,1.122922497846949,CURRENT,full_transition_bis05,2,213,213,True,True,11010101,3.6,0.0,0.0,2.58755e-05,104.49999999999875,1.12293,1.12293,current_full_transition_bis05_f2_sh005
t215_mid,215,mid,1.136800162247786,CURRENT,full_transition_bis05,2,215,215,True,True,11010111,3.6,0.0,0.0,2.68755e-05,104.49999999999875,1.13681,1.13681,current_full_transition_bis05_f2_sh005
t216_mid,216,mid,1.1494327094611219,CURRENT,full_transition_bis05,2,216,216,True,True,11011000,3.6,0.0,0.0,2.78755e-05,104.49999999999535,1.14944,1.14944,current_full_transition_bis05_f2_sh005
t217_mid,217,mid,1.1620652566744587,CURRENT,full_transition_bis05,2,216,216,True,True,11011000,3.6,0.0,0.0,2.88755e-05,104.49999999999535,1.16208,1.16208,current_full_transition_bis05_f2_sh005
t218_mid,218,mid,1.1759429210752952,CURRENT,full_transition_bis05,2,218,218,True,True,11011010,3.6,0.0,0.0,2.98755e-05,104.49999999999875,1.17595,1.17595,current_full_transition_bis05_f2_sh005
t219_mid,219,mid,1.1891980268823819,CURRENT,full_transition_bis05,2,218,218,True,True,11011010,3.6,0.0,0.0,3.08755e-05,104.49999999999875,1.18921,1.18921,current_full_transition_bis05_f2_sh005
t220_mid,220,mid,1.2024531326894685,CURRENT,full_transition_bis05,2,220,220,True,True,11011100,3.6,0.0,0.0,3.18755e-05,104.49999999999197,1.20246,1.20246,current_full_transition_bis05_f2_sh005
t003_mid,3,mid,-1.6725040706123893,CURRENT,full_transition_bis06,2,3,3,True,True,00000011,3.6,0.0,0.0,8.7548e-07,104.51999999999994,-1.67249,-1.67249,current_full_transition_bis06_f2_sh000
t004_mid,4,mid,-1.659560244102178,CURRENT,full_transition_bis06,2,4,4,True,True,00000100,3.6,0.0,0.0,1.87548e-06,104.52000000000014,-1.65955,-1.65955,current_full_transition_bis06_f2_sh000
t005_mid,5,mid,-1.6463051382950913,CURRENT,full_transition_bis06,2,4,4,True,True,00000100,3.6,0.0,0.0,2.87548e-06,104.51999999999973,-1.6463,-1.6463,current_full_transition_bis06_f2_sh000
t006_mid,6,mid,-1.6330500324880046,CURRENT,full_transition_bis06,2,5,5,True,True,00000101,3.6,0.0,0.0,3.87548e-06,104.52000000000014,-1.63304,-1.63304,current_full_transition_bis06_f2_sh000
t007_mid,7,mid,-1.619172368087168,CURRENT,full_transition_bis06,2,7,7,True,True,00000111,3.6,0.0,0.0,4.87548e-06,104.52000000000099,-1.61916,-1.61916,current_full_transition_bis06_f2_sh000
t008_mid,8,mid,-1.6068511001707064,CURRENT,full_transition_bis06,2,7,7,True,True,00000111,3.6,0.0,0.0,5.87548e-06,104.52000000000014,-1.60684,-1.60684,current_full_transition_bis06_f2_sh000
t009_mid,9,mid,-1.5935959943636198,CURRENT,full_transition_bis06,2,8,8,True,True,00001000,3.6,0.0,0.0,6.87548e-06,104.52000000000014,-1.59359,-1.59359,current_full_transition_bis06_f2_sh000
t010_mid,10,mid,-1.5800296092596582,CURRENT,full_transition_bis06,2,10,10,True,True,00001010,3.6,0.0,0.0,7.87548e-06,104.52000000000014,-1.58002,-1.58002,current_full_transition_bis06_f2_sh000
t011_mid,11,mid,-1.5664632241556964,CURRENT,full_transition_bis06,2,11,11,True,True,00001011,3.6,0.0,0.0,8.87548e-06,104.52000000000014,-1.56645,-1.56645,current_full_transition_bis06_f2_sh000
t012_mid,12,mid,-1.5535193976454849,CURRENT,full_transition_bis06,2,12,12,True,True,00001100,3.6,0.0,0.0,9.87548e-06,104.52000000000014,-1.55351,-1.55351,current_full_transition_bis06_f2_sh000
t013_mid,13,mid,-1.5402642918383984,CURRENT,full_transition_bis06,2,12,12,True,True,00001100,3.6,0.0,0.0,1.08755e-05,104.50000000000044,-1.54025,-1.54025,current_full_transition_bis06_f2_sh000
t014_mid,14,mid,-1.5270091860313117,CURRENT,full_transition_bis06,2,13,13,True,True,00001101,3.6,0.0,0.0,1.18755e-05,104.50000000000044,-1.527,-1.527,current_full_transition_bis06_f2_sh000
t015_mid,15,mid,-1.513131521630475,CURRENT,full_transition_bis06,2,15,15,True,True,00001111,3.6,0.0,0.0,1.28755e-05,104.49999999999875,-1.51312,-1.51312,current_full_transition_bis06_f2_sh000
t017_mid,17,mid,-1.487555147906927,CURRENT,full_transition_bis06,2,16,16,True,True,00010000,3.6,0.0,0.0,1.38755e-05,104.50000000000044,-1.48755,-1.48755,current_full_transition_bis06_f2_sh000
t018_mid,18,mid,-1.4743000420998402,CURRENT,full_transition_bis06,2,17,17,True,True,00010001,3.6,0.0,0.0,1.48755e-05,104.50000000000044,-1.47429,-1.47429,current_full_transition_bis06_f2_sh000
t019_mid,19,mid,-1.4607336569958786,CURRENT,full_transition_bis06,2,18,18,True,True,00010010,3.6,0.0,0.0,1.58755e-05,104.49999999999875,-1.46072,-1.46072,current_full_transition_bis06_f2_sh000
t020_mid,20,mid,-1.447478551188792,CURRENT,full_transition_bis06,2,20,20,True,True,00010100,3.6,0.0,0.0,1.68755e-05,104.49999999999535,-1.44747,-1.44747,current_full_transition_bis06_f2_sh000
t021_mid,21,mid,-1.4342234453817053,CURRENT,full_transition_bis06,2,21,21,True,True,00010101,3.6,0.0,0.0,1.78755e-05,104.49999999999875,-1.43421,-1.43421,current_full_transition_bis06_f2_sh000
t022_mid,22,mid,-1.4209683395746187,CURRENT,full_transition_bis06,2,21,21,True,True,00010101,3.6,0.0,0.0,1.88755e-05,104.49999999999875,-1.42096,-1.42096,current_full_transition_bis06_f2_sh000
t023_mid,23,mid,-1.407401954470657,CURRENT,full_transition_bis06,2,22,22,True,True,00010110,3.6,0.0,0.0,1.98755e-05,104.49999999999875,-1.40739,-1.40739,current_full_transition_bis06_f2_sh000
t024_mid,24,mid,-1.3947694072573205,CURRENT,full_transition_bis06,2,23,23,True,True,00010111,3.6,0.0,0.0,2.08755e-05,104.49999999999875,-1.39476,-1.39476,current_full_transition_bis06_f2_sh000
t025_mid,25,mid,-1.3815143014502338,CURRENT,full_transition_bis06,2,24,24,True,True,00011000,3.6,0.0,0.0,2.18755e-05,104.49999999999535,-1.3815,-1.3815,current_full_transition_bis06_f2_sh000
t026_mid,26,mid,-1.3682591956431474,CURRENT,full_transition_bis06,2,25,25,True,True,00011001,3.6,0.0,0.0,2.28755e-05,104.49999999999535,-1.36825,-1.36825,current_full_transition_bis06_f2_sh000
t027_mid,27,mid,-1.3546928105391858,CURRENT,full_transition_bis06,2,26,26,True,True,00011010,3.6,0.0,0.0,2.38755e-05,104.49999999999875,-1.35468,-1.35468,current_full_transition_bis06_f2_sh000
t028_mid,28,mid,-1.3414377047320991,CURRENT,full_transition_bis06,2,28,28,True,True,00011100,3.6,0.0,0.0,2.48755e-05,104.49999999999875,-1.34143,-1.34143,current_full_transition_bis06_f2_sh000
t029_mid,29,mid,-1.3281825989250124,CURRENT,full_transition_bis06,2,29,29,True,True,00011101,3.6,0.0,0.0,2.58755e-05,104.49999999999875,-1.32817,-1.32817,current_full_transition_bis06_f2_sh000
t030_mid,30,mid,-1.3149274931179258,CURRENT,full_transition_bis06,2,29,29,True,True,00011101,3.6,0.0,0.0,2.68755e-05,104.49999999999875,-1.31492,-1.31492,current_full_transition_bis06_f2_sh000
t034_mid,34,mid,-1.2615957905927042,CURRENT,full_transition_bis06,2,33,33,True,True,00100001,3.6,0.0,0.0,2.78755e-05,104.49999999999535,-1.26159,-1.26159,current_full_transition_bis06_f2_sh000
t035_mid,35,mid,-1.2480294054887429,CURRENT,full_transition_bis06,2,34,34,True,True,00100010,3.6,0.0,0.0,2.88755e-05,104.49999999999535,-1.24802,-1.24802,current_full_transition_bis06_f2_sh000
t036_mid,36,mid,-1.2347742996816562,CURRENT,full_transition_bis06,2,36,36,True,True,00100100,3.6,0.0,0.0,2.98755e-05,104.49999999999875,-1.23476,-1.23476,current_full_transition_bis06_f2_sh000
t037_mid,37,mid,-1.2215191938745695,CURRENT,full_transition_bis06,2,37,37,True,True,00100101,3.6,0.0,0.0,3.08755e-05,104.49999999999875,-1.22151,-1.22151,current_full_transition_bis06_f2_sh000
t038_mid,38,mid,-1.2082640880674829,CURRENT,full_transition_bis06,2,37,37,True,True,00100101,3.6,0.0,0.0,3.18755e-05,104.49999999999197,-1.20825,-1.20825,current_full_transition_bis06_f2_sh000
t039_mid,39,mid,-1.194697702963521,CURRENT,full_transition_bis06,2,38,38,True,True,00100110,3.6,0.0,0.0,8.75479e-07,104.52099999999996,-1.19469,-1.19469,current_full_transition_bis06_f2_sh001
t040_mid,40,mid,-1.1820651557501844,CURRENT,full_transition_bis06,2,39,39,True,True,00100111,3.6,0.0,0.0,1.87548e-06,104.52000000000014,-1.18206,-1.18206,current_full_transition_bis06_f2_sh001
t041_mid,41,mid,-1.168810049943098,CURRENT,full_transition_bis06,2,41,41,True,True,00101001,3.6,0.0,0.0,2.87548e-06,104.51999999999973,-1.1688,-1.1688,current_full_transition_bis06_f2_sh001
t042_mid,42,mid,-1.1555549441360113,CURRENT,full_transition_bis06,2,41,41,True,True,00101001,3.6,0.0,0.0,3.87548e-06,104.52000000000014,-1.15554,-1.15554,current_full_transition_bis06_f2_sh001
t043_mid,43,mid,-1.1419885590320498,CURRENT,full_transition_bis06,2,42,42,True,True,00101010,3.6,0.0,0.0,4.87548e-06,104.52000000000099,-1.14198,-1.14198,current_full_transition_bis06_f2_sh001
t044_mid,44,mid,-1.1290447325218382,CURRENT,full_transition_bis06,2,43,43,True,True,00101011,3.6,0.0,0.0,5.87548e-06,104.52000000000014,-1.12903,-1.12903,current_full_transition_bis06_f2_sh001
t045_mid,45,mid,-1.1154783474178767,CURRENT,full_transition_bis06,2,45,45,True,True,00101101,3.6,0.0,0.0,6.87548e-06,104.52000000000014,-1.11547,-1.11547,current_full_transition_bis06_f2_sh001
t046_mid,46,mid,-1.10222324161079,CURRENT,full_transition_bis06,2,45,45,True,True,00101101,3.6,0.0,0.0,7.87548e-06,104.52000000000014,-1.10221,-1.10221,current_full_transition_bis06_f2_sh001
t047_mid,47,mid,-1.0886568565068282,CURRENT,full_transition_bis06,2,46,46,True,True,00101110,3.6,0.0,0.0,8.87548e-06,104.52000000000014,-1.08865,-1.08865,current_full_transition_bis06_f2_sh001
t049_mid,49,mid,-1.062769203486405,CURRENT,full_transition_bis06,2,49,49,True,True,00110001,3.6,0.0,0.0,9.87548e-06,104.52000000000014,-1.06276,-1.06276,current_full_transition_bis06_f2_sh001
t050_mid,50,mid,-1.0495140976793182,CURRENT,full_transition_bis06,2,50,50,True,True,00110010,3.6,0.0,0.0,1.08755e-05,104.50000000000044,-1.0495,-1.0495,current_full_transition_bis06_f2_sh001
t051_mid,51,mid,-1.035947712575357,CURRENT,full_transition_bis06,2,51,51,True,True,00110011,3.6,0.0,0.0,1.18755e-05,104.50000000000044,-1.03594,-1.03594,current_full_transition_bis06_f2_sh001
t052_mid,52,mid,-1.0230038860651451,CURRENT,full_transition_bis06,2,51,51,True,True,00110011,3.6,0.0,0.0,1.28755e-05,104.49999999999875,-1.02299,-1.02299,current_full_transition_bis06_f2_sh001
t053_mid,53,mid,-1.0097487802580587,CURRENT,full_transition_bis06,2,52,52,True,True,00110100,3.6,0.0,0.0,1.38755e-05,104.50000000000044,-1.00974,-1.00974,current_full_transition_bis06_f2_sh001
t054_mid,54,mid,-0.9961823951540969,CURRENT,full_transition_bis06,2,54,54,True,True,00110110,3.6,0.0,0.0,1.48755e-05,104.50000000000044,-0.996172,-0.996172,current_full_transition_bis06_f2_sh001
t055_mid,55,mid,-0.9826160100501355,CURRENT,full_transition_bis06,2,55,55,True,True,00110111,3.6,0.0,0.0,1.58755e-05,104.49999999999875,-0.982606,-0.982606,current_full_transition_bis06_f2_sh001
t056_mid,56,mid,-0.9699834628367987,CURRENT,full_transition_bis06,2,56,56,True,True,00111000,3.6,0.0,0.0,1.68755e-05,104.49999999999535,-0.969973,-0.969973,current_full_transition_bis06_f2_sh001
t057_mid,57,mid,-0.956728357029712,CURRENT,full_transition_bis06,2,57,57,True,True,00111001,3.6,0.0,0.0,1.78755e-05,104.49999999999875,-0.956718,-0.956718,current_full_transition_bis06_f2_sh001
t058_mid,58,mid,-0.9434732512226256,CURRENT,full_transition_bis06,2,58,58,True,True,00111010,3.6,0.0,0.0,1.88755e-05,104.49999999999875,-0.943463,-0.943463,current_full_transition_bis06_f2_sh001
t059_mid,59,mid,-0.929906866118664,CURRENT,full_transition_bis06,2,59,59,True,True,00111011,3.6,0.0,0.0,1.98755e-05,104.49999999999875,-0.929897,-0.929897,current_full_transition_bis06_f2_sh001
t060_mid,60,mid,-0.9169630396084523,CURRENT,full_transition_bis06,2,59,59,True,True,00111011,3.6,0.0,0.0,2.08755e-05,104.49999999999875,-0.916953,-0.916953,current_full_transition_bis06_f2_sh001
t061_mid,61,mid,-0.9037079338013656,CURRENT,full_transition_bis06,2,60,60,True,True,00111100,3.6,0.0,0.0,2.18755e-05,104.49999999999535,-0.903698,-0.903698,current_full_transition_bis06_f2_sh001
t062_mid,62,mid,-0.8901415486974043,CURRENT,full_transition_bis06,2,62,62,True,True,00111110,3.6,0.0,0.0,2.28755e-05,104.49999999999535,-0.890132,-0.890132,current_full_transition_bis06_f2_sh001
t066_mid,66,mid,-0.8368098461721827,CURRENT,full_transition_bis06,2,65,65,True,True,01000001,3.6,0.0,0.0,2.38755e-05,104.49999999999875,-0.8368,-0.8368,current_full_transition_bis06_f2_sh001
t067_mid,67,mid,-0.8232434610682211,CURRENT,full_transition_bis06,2,66,66,True,True,01000010,3.6,0.0,0.0,2.48755e-05,104.49999999999875,-0.823234,-0.823233,current_full_transition_bis06_f2_sh001
t068_mid,68,mid,-0.8102996345580094,CURRENT,full_transition_bis06,2,67,67,True,True,01000011,3.6,0.0,0.0,2.58755e-05,104.49999999999875,-0.81029,-0.81029,current_full_transition_bis06_f2_sh001
t069_mid,69,mid,-0.7967332494540478,CURRENT,full_transition_bis06,2,69,69,True,True,01000101,3.6,0.0,0.0,2.68755e-05,104.49999999999875,-0.796723,-0.796723,current_full_transition_bis06_f2_sh001
t070_mid,70,mid,-0.7834781436469611,CURRENT,full_transition_bis06,2,70,70,True,True,01000110,3.6,0.0,0.0,2.78755e-05,104.49999999999535,-0.783468,-0.783468,current_full_transition_bis06_f2_sh001
t071_mid,71,mid,-0.7699117585429995,CURRENT,full_transition_bis06,2,71,71,True,True,01000111,3.6,0.0,0.0,2.88755e-05,104.49999999999535,-0.769902,-0.769902,current_full_transition_bis06_f2_sh001
t072_mid,72,mid,-0.7572792113296629,CURRENT,full_transition_bis06,2,72,72,True,True,01001000,3.6,0.0,0.0,2.98755e-05,104.49999999999875,-0.757269,-0.757269,current_full_transition_bis06_f2_sh001
t073_mid,73,mid,-0.7440241055225765,CURRENT,full_transition_bis06,2,73,73,True,True,01001001,3.6,0.0,0.0,3.08755e-05,104.49999999999875,-0.744014,-0.744014,current_full_transition_bis06_f2_sh001
t074_mid,74,mid,-0.7307689997154898,CURRENT,full_transition_bis06,2,74,74,True,True,01001010,3.6,0.0,0.0,3.18755e-05,104.49999999999197,-0.730759,-0.730759,current_full_transition_bis06_f2_sh001
t075_mid,75,mid,-0.717202614611528,CURRENT,full_transition_bis06,2,75,75,True,True,01001011,3.6,0.0,0.0,8.7548e-07,104.51999999999994,-0.717193,-0.717193,current_full_transition_bis06_f2_sh002
t076_mid,76,mid,-0.7042587881013165,CURRENT,full_transition_bis06,2,75,75,True,True,01001011,3.6,0.0,0.0,1.87548e-06,104.52000000000014,-0.704249,-0.704249,current_full_transition_bis06_f2_sh002
t077_mid,77,mid,-0.69100368229423,CURRENT,full_transition_bis06,2,76,76,True,True,01001100,3.6,0.0,0.0,2.87548e-06,104.51999999999973,-0.690994,-0.690994,current_full_transition_bis06_f2_sh002
t078_mid,78,mid,-0.6774372971902682,CURRENT,full_transition_bis06,2,78,78,True,True,01001110,3.6,0.0,0.0,3.87548e-06,104.52000000000014,-0.677427,-0.677427,current_full_transition_bis06_f2_sh002
t079_mid,79,mid,-0.6638709120863067,CURRENT,full_transition_bis06,2,79,79,True,True,01001111,3.6,0.0,0.0,4.87548e-06,104.52000000000099,-0.663861,-0.663861,current_full_transition_bis06_f2_sh002
t081_mid,81,mid,-0.6382945383627585,CURRENT,full_transition_bis06,2,80,80,True,True,01010000,3.6,0.0,0.0,5.87548e-06,104.52000000000014,-0.638285,-0.638285,current_full_transition_bis06_f2_sh002
t082_mid,82,mid,-0.6247281532587969,CURRENT,full_transition_bis06,2,82,82,True,True,01010010,3.6,0.0,0.0,6.87548e-06,104.52000000000014,-0.624718,-0.624718,current_full_transition_bis06_f2_sh002
t083_mid,83,mid,-0.6111617681548351,CURRENT,full_transition_bis06,2,83,83,True,True,01010011,3.6,0.0,0.0,7.87548e-06,104.52000000000014,-0.611152,-0.611152,current_full_transition_bis06_f2_sh002
t084_mid,84,mid,-0.5982179416446236,CURRENT,full_transition_bis06,2,84,84,True,True,01010100,3.6,0.0,0.0,8.87548e-06,104.52000000000014,-0.598208,-0.598208,current_full_transition_bis06_f2_sh002
t085_mid,85,mid,-0.5849628358375369,CURRENT,full_transition_bis06,2,84,84,True,True,01010100,3.6,0.0,0.0,9.87548e-06,104.52000000000014,-0.584953,-0.584953,current_full_transition_bis06_f2_sh002
t086_mid,86,mid,-0.5717077300304505,CURRENT,full_transition_bis06,2,85,85,True,True,01010101,3.6,0.0,0.0,1.08755e-05,104.50000000000044,-0.571698,-0.571698,current_full_transition_bis06_f2_sh002
t087_mid,87,mid,-0.5581413449264887,CURRENT,full_transition_bis06,2,86,86,True,True,01010110,3.6,0.0,0.0,1.18755e-05,104.50000000000044,-0.558131,-0.558131,current_full_transition_bis06_f2_sh002
t088_mid,88,mid,-0.5455087977131521,CURRENT,full_transition_bis06,2,87,87,True,True,01010111,3.6,0.0,0.0,1.28755e-05,104.49999999999875,-0.545499,-0.545499,current_full_transition_bis06_f2_sh002
t089_mid,89,mid,-0.5322536919060654,CURRENT,full_transition_bis06,2,88,88,True,True,01011000,3.6,0.0,0.0,1.38755e-05,104.50000000000044,-0.532244,-0.532244,current_full_transition_bis06_f2_sh002
t090_mid,90,mid,-0.5189985860989788,CURRENT,full_transition_bis06,2,89,89,True,True,01011001,3.6,0.0,0.0,1.48755e-05,104.50000000000044,-0.518989,-0.518989,current_full_transition_bis06_f2_sh002
t091_mid,91,mid,-0.5054322009950174,CURRENT,full_transition_bis06,2,90,90,True,True,01011010,3.6,0.0,0.0,1.58755e-05,104.49999999999875,-0.505422,-0.505422,current_full_transition_bis06_f2_sh002
t092_mid,92,mid,-0.4921770951879307,CURRENT,full_transition_bis06,2,92,92,True,True,01011100,3.6,0.0,0.0,1.68755e-05,104.49999999999535,-0.492167,-0.492167,current_full_transition_bis06_f2_sh002
t093_mid,93,mid,-0.478921989380844,CURRENT,full_transition_bis06,2,93,93,True,True,01011101,3.6,0.0,0.0,1.78755e-05,104.49999999999875,-0.478912,-0.478912,current_full_transition_bis06_f2_sh002
t094_mid,94,mid,-0.46566688357375735,CURRENT,full_transition_bis06,2,93,93,True,True,01011101,3.6,0.0,0.0,1.88755e-05,104.49999999999875,-0.465657,-0.465657,current_full_transition_bis06_f2_sh002
t098_mid,98,mid,-0.4123351810485359,CURRENT,full_transition_bis06,2,97,97,True,True,01100001,3.6,0.0,0.0,1.98755e-05,104.49999999999875,-0.412325,-0.412325,current_full_transition_bis06_f2_sh002
t099_mid,99,mid,-0.3987687959445742,CURRENT,full_transition_bis06,2,98,98,True,True,01100010,3.6,0.0,0.0,2.08755e-05,104.49999999999875,-0.398759,-0.398759,current_full_transition_bis06_f2_sh002
t100_mid,100,mid,-0.3858249694343628,CURRENT,full_transition_bis06,2,99,99,True,True,01100011,3.6,0.0,0.0,2.18755e-05,104.49999999999535,-0.385815,-0.385815,current_full_transition_bis06_f2_sh002
t101_mid,101,mid,-0.3722585843304011,CURRENT,full_transition_bis06,2,101,101,True,True,01100101,3.6,0.0,0.0,2.28755e-05,104.49999999999535,-0.372249,-0.372249,current_full_transition_bis06_f2_sh002
t102_mid,102,mid,-0.35900347852331443,CURRENT,full_transition_bis06,2,101,101,True,True,01100101,3.6,0.0,0.0,2.38755e-05,104.49999999999875,-0.358994,-0.358993,current_full_transition_bis06_f2_sh002
t103_mid,103,mid,-0.34543709341935275,CURRENT,full_transition_bis06,2,102,102,True,True,01100110,3.6,0.0,0.0,2.48755e-05,104.49999999999875,-0.345427,-0.345427,current_full_transition_bis06_f2_sh002
t104_mid,104,mid,-0.33280454620601635,CURRENT,full_transition_bis06,2,104,104,True,True,01101000,3.6,0.0,0.0,2.58755e-05,104.49999999999875,-0.332795,-0.332795,current_full_transition_bis06_f2_sh002
t105_mid,105,mid,-0.3195494403989297,CURRENT,full_transition_bis06,2,105,105,True,True,01101001,3.6,0.0,0.0,2.68755e-05,104.49999999999875,-0.319539,-0.319539,current_full_transition_bis06_f2_sh002
t106_mid,106,mid,-0.306294334591843,CURRENT,full_transition_bis06,2,105,105,True,True,01101001,3.6,0.0,0.0,2.78755e-05,104.49999999999535,-0.306284,-0.306284,current_full_transition_bis06_f2_sh002
t107_mid,107,mid,-0.29272794948788133,CURRENT,full_transition_bis06,2,106,106,True,True,01101010,3.6,0.0,0.0,2.88755e-05,104.49999999999535,-0.292718,-0.292718,current_full_transition_bis06_f2_sh002
t108_mid,108,mid,-0.2797841229776697,CURRENT,full_transition_bis06,2,107,107,True,True,01101011,3.6,0.0,0.0,2.98755e-05,104.49999999999875,-0.279774,-0.279774,current_full_transition_bis06_f2_sh002
t109_mid,109,mid,-0.2662177378737082,CURRENT,full_transition_bis06,2,109,109,True,True,01101101,3.6,0.0,0.0,3.08755e-05,104.49999999999875,-0.266208,-0.266208,current_full_transition_bis06_f2_sh002
t110_mid,110,mid,-0.25296263206662156,CURRENT,full_transition_bis06,2,110,110,True,True,01101110,3.6,0.0,0.0,3.18755e-05,104.49999999999197,-0.252953,-0.252953,current_full_transition_bis06_f2_sh002
t111_mid,111,mid,-0.23939624696265988,CURRENT,full_transition_bis06,2,111,111,True,True,01101111,3.6,0.0,0.0,8.75479e-07,104.52099999999996,-0.239386,-0.239386,current_full_transition_bis06_f2_sh003
t113_mid,113,mid,-0.21381987323911156,CURRENT,full_transition_bis06,2,112,112,True,True,01110000,3.6,0.0,0.0,1.87548e-06,104.52000000000014,-0.21381,-0.21381,current_full_transition_bis06_f2_sh003
t114_mid,114,mid,-0.20025348813515015,CURRENT,full_transition_bis06,2,114,114,True,True,01110010,3.6,0.0,0.0,2.87548e-06,104.51999999999973,-0.200244,-0.200244,current_full_transition_bis06_f2_sh003
t115_mid,115,mid,-0.18668710303118846,CURRENT,full_transition_bis06,2,115,115,True,True,01110011,3.6,0.0,0.0,3.87548e-06,104.52000000000014,-0.186677,-0.186677,current_full_transition_bis06_f2_sh003
t116_mid,116,mid,-0.17374327652097682,CURRENT,full_transition_bis06,2,116,116,True,True,01110100,3.6,0.0,0.0,4.87548e-06,104.52000000000099,-0.173733,-0.173733,current_full_transition_bis06_f2_sh003
t117_mid,117,mid,-0.16048817071389015,CURRENT,full_transition_bis06,2,116,116,True,True,01110100,3.6,0.0,0.0,5.87548e-06,104.52000000000014,-0.160478,-0.160478,current_full_transition_bis06_f2_sh003
t118_mid,118,mid,-0.1472330649068037,CURRENT,full_transition_bis06,2,117,117,True,True,01110101,3.6,0.0,0.0,6.87548e-06,104.52000000000014,-0.147223,-0.147223,current_full_transition_bis06_f2_sh003
t119_mid,119,mid,-0.13366667980284203,CURRENT,full_transition_bis06,2,118,118,True,True,01110110,3.6,0.0,0.0,7.87548e-06,104.52000000000014,-0.133657,-0.133657,current_full_transition_bis06_f2_sh003
t120_mid,120,mid,-0.12103413258950536,CURRENT,full_transition_bis06,2,119,119,True,True,01110111,3.6,0.0,0.0,8.87548e-06,104.52000000000014,-0.121024,-0.121024,current_full_transition_bis06_f2_sh003
t121_mid,121,mid,-0.1077790267824187,CURRENT,full_transition_bis06,2,120,120,True,True,01111000,3.6,0.0,0.0,9.87548e-06,104.52000000000014,-0.107769,-0.107769,current_full_transition_bis06_f2_sh003
t122_mid,122,mid,-0.09421264167845704,CURRENT,full_transition_bis06,2,122,122,True,True,01111010,3.6,0.0,0.0,1.08755e-05,104.50000000000044,-0.0942026,-0.0942026,current_full_transition_bis06_f2_sh003
t123_mid,123,mid,-0.0806462565744956,CURRENT,full_transition_bis06,2,123,123,True,True,01111011,3.6,0.0,0.0,1.18755e-05,104.50000000000044,-0.0806363,-0.0806363,current_full_transition_bis06_f2_sh003
t124_mid,124,mid,-0.06770243006428393,CURRENT,full_transition_bis06,2,124,124,True,True,01111100,3.6,0.0,0.0,1.28755e-05,104.49999999999875,-0.0676924,-0.0676924,current_full_transition_bis06_f2_sh003
t125_mid,125,mid,-0.05444732425719727,CURRENT,full_transition_bis06,2,125,125,True,True,01111101,3.6,0.0,0.0,1.38755e-05,104.50000000000044,-0.0544373,-0.0544373,current_full_transition_bis06_f2_sh003
t126_mid,126,mid,-0.041192218450110604,CURRENT,full_transition_bis06,2,125,125,True,True,01111101,3.6,0.0,0.0,1.48755e-05,104.50000000000044,-0.0411822,-0.0411822,current_full_transition_bis06_f2_sh003
t130_mid,130,mid,0.008715411809485828,CURRENT,full_transition_bis06,2,130,130,True,True,10000010,3.6,0.0,0.0,1.58755e-05,104.49999999999875,0.00872541,0.00872541,current_full_transition_bis06_f2_sh003
t131_mid,131,mid,0.022281796913447494,CURRENT,full_transition_bis06,2,131,131,True,True,10000011,3.6,0.0,0.0,1.68755e-05,104.49999999999535,0.0222918,0.0222918,current_full_transition_bis06_f2_sh003
t132_mid,132,mid,0.03522562342365894,CURRENT,full_transition_bis06,2,132,132,True,True,10000100,3.6,0.0,0.0,1.78755e-05,104.49999999999875,0.0352356,0.0352356,current_full_transition_bis06_f2_sh003
t133_mid,133,mid,0.0484807292307456,CURRENT,full_transition_bis06,2,132,132,True,True,10000100,3.6,0.0,0.0,1.88755e-05,104.49999999999875,0.0484907,0.0484907,current_full_transition_bis06_f2_sh003
t134_mid,134,mid,0.06173583503783227,CURRENT,full_transition_bis06,2,133,133,True,True,10000101,3.6,0.0,0.0,1.98755e-05,104.49999999999875,0.0617458,0.0617458,current_full_transition_bis06_f2_sh003
t135_mid,135,mid,0.07530222014179393,CURRENT,full_transition_bis06,2,134,134,True,True,10000110,3.6,0.0,0.0,2.08755e-05,104.49999999999875,0.0753122,0.0753122,current_full_transition_bis06_f2_sh003
t136_mid,136,mid,0.08793476735513038,CURRENT,full_transition_bis06,2,135,135,True,True,10000111,3.6,0.0,0.0,2.18755e-05,104.49999999999535,0.0879448,0.0879448,current_full_transition_bis06_f2_sh003
t137_mid,137,mid,0.10118987316221704,CURRENT,full_transition_bis06,2,136,136,True,True,10001000,3.6,0.0,0.0,2.28755e-05,104.49999999999535,0.1012,0.1012,current_full_transition_bis06_f2_sh003
t138_mid,138,mid,0.11444497896930371,CURRENT,full_transition_bis06,2,137,137,True,True,10001001,3.6,0.0,0.0,2.38755e-05,104.49999999999875,0.114455,0.114455,current_full_transition_bis06_f2_sh003
t139_mid,139,mid,0.12832264337014038,CURRENT,full_transition_bis06,2,139,139,True,True,10001011,3.6,0.0,0.0,2.48755e-05,104.49999999999875,0.128333,0.128333,current_full_transition_bis06_f2_sh003
t140_mid,140,mid,0.14126646988035202,CURRENT,full_transition_bis06,2,140,140,True,True,10001100,3.6,0.0,0.0,2.58755e-05,104.49999999999875,0.141276,0.141276,current_full_transition_bis06_f2_sh003
t141_mid,141,mid,0.15452157568743846,CURRENT,full_transition_bis06,2,141,141,True,True,10001101,3.6,0.0,0.0,2.68755e-05,104.49999999999875,0.154532,0.154532,current_full_transition_bis06_f2_sh003
t142_mid,142,mid,0.16777668149452513,CURRENT,full_transition_bis06,2,141,141,True,True,10001101,3.6,0.0,0.0,2.78755e-05,104.49999999999535,0.167787,0.167787,current_full_transition_bis06_f2_sh003
t143_mid,143,mid,0.1813430665984868,CURRENT,full_transition_bis06,2,142,142,True,True,10001110,3.6,0.0,0.0,2.88755e-05,104.49999999999535,0.181353,0.181353,current_full_transition_bis06_f2_sh003
t145_mid,145,mid,0.20723071961890988,CURRENT,full_transition_bis06,2,145,145,True,True,10010001,3.6,0.0,0.0,2.98755e-05,104.49999999999875,0.207241,0.207241,current_full_transition_bis06_f2_sh003
t146_mid,146,mid,0.22048582542599654,CURRENT,full_transition_bis06,2,145,145,True,True,10010001,3.6,0.0,0.0,3.08755e-05,104.49999999999875,0.220496,0.220496,current_full_transition_bis06_f2_sh003
t147_mid,147,mid,0.23405221052995823,CURRENT,full_transition_bis06,2,146,146,True,True,10010010,3.6,0.0,0.0,3.18755e-05,104.49999999999197,0.234062,0.234062,current_full_transition_bis06_f2_sh003
t221_mid,221,mid,1.2155525988481177,CURRENT,full_transition_bis06,2,220,220,True,True,11011100,3.6,0.0,0.0,8.75479e-07,104.52099999999996,1.21556,1.21556,current_full_transition_bis06_f2_sh006
t222_mid,222,mid,1.2291189839520795,CURRENT,full_transition_bis06,2,222,222,True,True,11011110,3.6,0.0,0.0,1.87548e-06,104.52000000000014,1.22913,1.22913,current_full_transition_bis06_f2_sh006
t226_mid,226,mid,1.2824506864773006,CURRENT,full_transition_bis06,2,226,226,True,True,11100010,3.6,0.0,0.0,2.87548e-06,104.51999999999973,1.28246,1.28246,current_full_transition_bis06_f2_sh006
t227_mid,227,mid,1.2960170715812624,CURRENT,full_transition_bis06,2,227,227,True,True,11100011,3.6,0.0,0.0,3.87548e-06,104.52000000000014,1.29603,1.29603,current_full_transition_bis06_f2_sh006
t228_mid,228,mid,1.308960898091474,CURRENT,full_transition_bis06,2,228,228,True,True,11100100,3.6,0.0,0.0,4.87548e-06,104.52000000000099,1.30897,1.30897,current_full_transition_bis06_f2_sh006
t229_mid,229,mid,1.3222160038985606,CURRENT,full_transition_bis06,2,228,228,True,True,11100100,3.6,0.0,0.0,5.87548e-06,104.52000000000014,1.32223,1.32223,current_full_transition_bis06_f2_sh006
t230_mid,230,mid,1.3357823890025224,CURRENT,full_transition_bis06,2,230,230,True,True,11100110,3.6,0.0,0.0,6.87548e-06,104.52000000000014,1.33579,1.33579,current_full_transition_bis06_f2_sh006
t231_mid,231,mid,1.349348774106484,CURRENT,full_transition_bis06,2,231,231,True,True,11100111,3.6,0.0,0.0,7.87548e-06,104.52000000000014,1.34936,1.34936,current_full_transition_bis06_f2_sh006
t232_mid,232,mid,1.3616700420229457,CURRENT,full_transition_bis06,2,231,231,True,True,11100111,3.6,0.0,0.0,8.87548e-06,104.52000000000014,1.36168,1.36168,current_full_transition_bis06_f2_sh006
t233_mid,233,mid,1.3749251478300324,CURRENT,full_transition_bis06,2,232,232,True,True,11101000,3.6,0.0,0.0,9.87548e-06,104.52000000000014,1.37494,1.37494,current_full_transition_bis06_f2_sh006
t234_mid,234,mid,1.388491532933994,CURRENT,full_transition_bis06,2,234,234,True,True,11101010,3.6,0.0,0.0,1.08755e-05,104.50000000000044,1.3885,1.3885,current_full_transition_bis06_f2_sh006
t235_mid,235,mid,1.4020579180379553,CURRENT,full_transition_bis06,2,235,235,True,True,11101011,3.6,0.0,0.0,1.18755e-05,104.50000000000044,1.40207,1.40207,current_full_transition_bis06_f2_sh006
t236_mid,236,mid,1.4150017445481669,CURRENT,full_transition_bis06,2,236,236,True,True,11101100,3.6,0.0,0.0,1.28755e-05,104.49999999999875,1.41501,1.41501,current_full_transition_bis06_f2_sh006
t237_mid,237,mid,1.4282568503552535,CURRENT,full_transition_bis06,2,236,236,True,True,11101100,3.6,0.0,0.0,1.38755e-05,104.50000000000044,1.42827,1.42827,current_full_transition_bis06_f2_sh006
t238_mid,238,mid,1.4418232354592153,CURRENT,full_transition_bis06,2,238,238,True,True,11101110,3.6,0.0,0.0,1.48755e-05,104.50000000000044,1.44183,1.44183,current_full_transition_bis06_f2_sh006
t239_mid,239,mid,1.455389620563177,CURRENT,full_transition_bis06,2,239,239,True,True,11101111,3.6,0.0,0.0,1.58755e-05,104.49999999999875,1.4554,1.4554,current_full_transition_bis06_f2_sh006
t240_mid,240,mid,1.4673996091827635,CURRENT,full_transition_bis06,2,240,240,True,True,11110000,3.6,0.0,0.0,1.68755e-05,104.49999999999535,1.46741,1.46741,current_full_transition_bis06_f2_sh006
t241_mid,241,mid,1.4809659942867253,CURRENT,full_transition_bis06,2,240,240,True,True,11110000,3.6,0.0,0.0,1.78755e-05,104.49999999999875,1.48098,1.48098,current_full_transition_bis06_f2_sh006
t242_mid,242,mid,1.494221100093812,CURRENT,full_transition_bis06,2,241,241,True,True,11110001,3.6,0.0,0.0,1.88755e-05,104.49999999999875,1.49423,1.49423,current_full_transition_bis06_f2_sh006
t243_mid,243,mid,1.5077874851977735,CURRENT,full_transition_bis06,2,242,242,True,True,11110010,3.6,0.0,0.0,1.98755e-05,104.49999999999875,1.5078,1.5078,current_full_transition_bis06_f2_sh006
t244_mid,244,mid,1.5210425910048597,CURRENT,full_transition_bis06,2,244,244,True,True,11110100,3.6,0.0,0.0,2.08755e-05,104.49999999999875,1.52105,1.52105,current_full_transition_bis06_f2_sh006
t245_mid,245,mid,1.5342976968119464,CURRENT,full_transition_bis06,2,245,245,True,True,11110101,3.6,0.0,0.0,2.18755e-05,104.49999999999535,1.53431,1.53431,current_full_transition_bis06_f2_sh006
t246_mid,246,mid,1.547552802619033,CURRENT,full_transition_bis06,2,245,245,True,True,11110101,3.6,0.0,0.0,2.28755e-05,104.49999999999535,1.54756,1.54756,current_full_transition_bis06_f2_sh006
t247_mid,247,mid,1.5611191877229948,CURRENT,full_transition_bis06,2,246,246,True,True,11110110,3.6,0.0,0.0,2.38755e-05,104.49999999999875,1.56113,1.56113,current_full_transition_bis06_f2_sh006
t248_mid,248,mid,1.5737517349363315,CURRENT,full_transition_bis06,2,247,247,True,True,11110111,3.6,0.0,0.0,2.48755e-05,104.49999999999875,1.57376,1.57376,current_full_transition_bis06_f2_sh006
t249_mid,249,mid,1.5870068407434181,CURRENT,full_transition_bis06,2,248,248,True,True,11111000,3.6,0.0,0.0,2.58755e-05,104.49999999999875,1.58702,1.58702,current_full_transition_bis06_f2_sh006
t250_mid,250,mid,1.6002619465505048,CURRENT,full_transition_bis06,2,249,249,True,True,11111001,3.6,0.0,0.0,2.68755e-05,104.49999999999875,1.60027,1.60027,current_full_transition_bis06_f2_sh006
t251_mid,251,mid,1.6141396109513415,CURRENT,full_transition_bis06,2,251,251,True,True,11111011,3.6,0.0,0.0,2.78755e-05,104.49999999999535,1.61415,1.61415,current_full_transition_bis06_f2_sh006
t252_mid,252,mid,1.627083437461553,CURRENT,full_transition_bis06,2,252,252,True,True,11111100,3.6,0.0,0.0,2.88755e-05,104.49999999999535,1.62709,1.62709,current_full_transition_bis06_f2_sh006
t253_mid,253,mid,1.6403385432686393,CURRENT,full_transition_bis06,2,253,253,True,True,11111101,3.6,0.0,0.0,2.98755e-05,104.49999999999875,1.64035,1.64035,current_full_transition_bis06_f2_sh006
t254_mid,254,mid,1.653593649075726,CURRENT,full_transition_bis06,2,253,253,True,True,11111101,3.6,0.0,0.0,3.08755e-05,104.49999999999875,1.6536,1.6536,current_full_transition_bis06_f2_sh006
t148_mid,148,mid,0.24699603704016987,CURRENT,full_transition_bis06,2,147,147,True,True,10010011,3.6,0.0,0.0,8.7548e-07,104.51999999999994,0.247006,0.247006,current_full_transition_bis06_f2_sh004
t149_mid,149,mid,0.26056242214413156,CURRENT,full_transition_bis06,2,149,149,True,True,10010101,3.6,0.0,0.0,1.87548e-06,104.52000000000014,0.260572,0.260572,current_full_transition_bis06_f2_sh004
t150_mid,150,mid,0.273817527951218,CURRENT,full_transition_bis06,2,150,150,True,True,10010110,3.6,0.0,0.0,2.87548e-06,104.51999999999973,0.273828,0.273828,current_full_transition_bis06_f2_sh004
t151_mid,151,mid,0.2873839130551797,CURRENT,full_transition_bis06,2,151,151,True,True,10010111,3.6,0.0,0.0,3.87548e-06,104.52000000000014,0.287394,0.287394,current_full_transition_bis06_f2_sh004
t152_mid,152,mid,0.3000164602685161,CURRENT,full_transition_bis06,2,152,152,True,True,10011000,3.6,0.0,0.0,4.87548e-06,104.52000000000099,0.300027,0.300026,current_full_transition_bis06_f2_sh004
t153_mid,153,mid,0.31327156607560275,CURRENT,full_transition_bis06,2,153,153,True,True,10011001,3.6,0.0,0.0,5.87548e-06,104.52000000000014,0.313282,0.313282,current_full_transition_bis06_f2_sh004
t154_mid,154,mid,0.3265266718826894,CURRENT,full_transition_bis06,2,154,154,True,True,10011010,3.6,0.0,0.0,6.87548e-06,104.52000000000014,0.326537,0.326537,current_full_transition_bis06_f2_sh004
t155_mid,155,mid,0.3400930569866511,CURRENT,full_transition_bis06,2,155,155,True,True,10011011,3.6,0.0,0.0,7.87548e-06,104.52000000000014,0.340103,0.340103,current_full_transition_bis06_f2_sh004
t156_mid,156,mid,0.35303688349686274,CURRENT,full_transition_bis06,2,155,155,True,True,10011011,3.6,0.0,0.0,8.87548e-06,104.52000000000014,0.353047,0.353047,current_full_transition_bis06_f2_sh004
t157_mid,157,mid,0.3662919893039494,CURRENT,full_transition_bis06,2,156,156,True,True,10011100,3.6,0.0,0.0,9.87548e-06,104.52000000000014,0.366302,0.366302,current_full_transition_bis06_f2_sh004
t158_mid,158,mid,0.3798583744079111,CURRENT,full_transition_bis06,2,158,158,True,True,10011110,3.6,0.0,0.0,1.08755e-05,104.50000000000044,0.379868,0.379868,current_full_transition_bis06_f2_sh004
t162_mid,162,mid,0.43319007693313233,CURRENT,full_transition_bis06,2,162,162,True,True,10100010,3.6,0.0,0.0,1.18755e-05,104.50000000000044,0.4332,0.4332,current_full_transition_bis06_f2_sh004
t163_mid,163,mid,0.446756462037094,CURRENT,full_transition_bis06,2,163,163,True,True,10100011,3.6,0.0,0.0,1.28755e-05,104.49999999999875,0.446767,0.446766,current_full_transition_bis06_f2_sh004
t164_mid,164,mid,0.45970028854730566,CURRENT,full_transition_bis06,2,164,164,True,True,10100100,3.6,0.0,0.0,1.38755e-05,104.50000000000044,0.45971,0.45971,current_full_transition_bis06_f2_sh004
t165_mid,165,mid,0.4729553943543923,CURRENT,full_transition_bis06,2,164,164,True,True,10100100,3.6,0.0,0.0,1.48755e-05,104.50000000000044,0.472965,0.472965,current_full_transition_bis06_f2_sh004
t166_mid,166,mid,0.486521779458354,CURRENT,full_transition_bis06,2,166,166,True,True,10100110,3.6,0.0,0.0,1.58755e-05,104.49999999999875,0.486532,0.486532,current_full_transition_bis06_f2_sh004
t167_mid,167,mid,0.5000881645623156,CURRENT,full_transition_bis06,2,167,167,True,True,10100111,3.6,0.0,0.0,1.68755e-05,104.49999999999535,0.500098,0.500098,current_full_transition_bis06_f2_sh004
t168_mid,168,mid,0.5124094324787773,CURRENT,full_transition_bis06,2,167,167,True,True,10100111,3.6,0.0,0.0,1.78755e-05,104.49999999999875,0.512419,0.512419,current_full_transition_bis06_f2_sh004
t169_mid,169,mid,0.525664538285864,CURRENT,full_transition_bis06,2,168,168,True,True,10101000,3.6,0.0,0.0,1.88755e-05,104.49999999999875,0.525675,0.525675,current_full_transition_bis06_f2_sh004
t170_mid,170,mid,0.5392309233898256,CURRENT,full_transition_bis06,2,170,170,True,True,10101010,3.6,0.0,0.0,1.98755e-05,104.49999999999875,0.539241,0.539241,current_full_transition_bis06_f2_sh004
t171_mid,171,mid,0.5527973084937869,CURRENT,full_transition_bis06,2,171,171,True,True,10101011,3.6,0.0,0.0,2.08755e-05,104.49999999999875,0.552807,0.552807,current_full_transition_bis06_f2_sh004
t172_mid,172,mid,0.5657411350039985,CURRENT,full_transition_bis06,2,172,172,True,True,10101100,3.6,0.0,0.0,2.18755e-05,104.49999999999535,0.565751,0.565751,current_full_transition_bis06_f2_sh004
t173_mid,173,mid,0.5789962408110851,CURRENT,full_transition_bis06,2,172,172,True,True,10101100,3.6,0.0,0.0,2.28755e-05,104.49999999999535,0.579006,0.579006,current_full_transition_bis06_f2_sh004
t174_mid,174,mid,0.5922513466181718,CURRENT,full_transition_bis06,2,173,173,True,True,10101101,3.6,0.0,0.0,2.38755e-05,104.49999999999875,0.592261,0.592261,current_full_transition_bis06_f2_sh004
t175_mid,175,mid,0.6058177317221336,CURRENT,full_transition_bis06,2,174,174,True,True,10101110,3.6,0.0,0.0,2.48755e-05,104.49999999999875,0.605828,0.605828,current_full_transition_bis06_f2_sh004
t177_mid,177,mid,0.6317053847425569,CURRENT,full_transition_bis06,2,177,177,True,True,10110001,3.6,0.0,0.0,2.58755e-05,104.49999999999875,0.631715,0.631715,current_full_transition_bis06_f2_sh004
t178_mid,178,mid,0.6449604905496436,CURRENT,full_transition_bis06,2,177,177,True,True,10110001,3.6,0.0,0.0,2.68755e-05,104.49999999999875,0.644971,0.644971,current_full_transition_bis06_f2_sh004
t179_mid,179,mid,0.6585268756536051,CURRENT,full_transition_bis06,2,178,178,True,True,10110010,3.6,0.0,0.0,2.78755e-05,104.49999999999535,0.658537,0.658537,current_full_transition_bis06_f2_sh004
t180_mid,180,mid,0.6714707021638164,CURRENT,full_transition_bis06,2,179,179,True,True,10110011,3.6,0.0,0.0,2.88755e-05,104.49999999999535,0.671481,0.671481,current_full_transition_bis06_f2_sh004
t181_mid,181,mid,0.685037087267778,CURRENT,full_transition_bis06,2,181,181,True,True,10110101,3.6,0.0,0.0,2.98755e-05,104.49999999999875,0.685047,0.685047,current_full_transition_bis06_f2_sh004
t182_mid,182,mid,0.6982921930748647,CURRENT,full_transition_bis06,2,181,181,True,True,10110101,3.6,0.0,0.0,3.08755e-05,104.49999999999875,0.698302,0.698302,current_full_transition_bis06_f2_sh004
t183_mid,183,mid,0.7118585781788265,CURRENT,full_transition_bis06,2,182,182,True,True,10110110,3.6,0.0,0.0,3.18755e-05,104.49999999999197,0.711869,0.711869,current_full_transition_bis06_f2_sh004
t184_mid,184,mid,0.7244911253921631,CURRENT,full_transition_bis06,2,184,184,True,True,10111000,3.6,0.0,0.0,8.75481e-07,104.5189999999999,0.724501,0.724501,current_full_transition_bis06_f2_sh005
t185_mid,185,mid,0.7377462311992498,CURRENT,full_transition_bis06,2,185,185,True,True,10111001,3.6,0.0,0.0,1.87548e-06,104.52000000000014,0.737756,0.737756,current_full_transition_bis06_f2_sh005
t186_mid,186,mid,0.7510013370063364,CURRENT,full_transition_bis06,2,185,185,True,True,10111001,3.6,0.0,0.0,2.87548e-06,104.51999999999973,0.751011,0.751011,current_full_transition_bis06_f2_sh005
t187_mid,187,mid,0.764567722110298,CURRENT,full_transition_bis06,2,186,186,True,True,10111010,3.6,0.0,0.0,3.87548e-06,104.52000000000014,0.764578,0.764578,current_full_transition_bis06_f2_sh005
t188_mid,188,mid,0.7775115486205098,CURRENT,full_transition_bis06,2,187,187,True,True,10111011,3.6,0.0,0.0,4.87548e-06,104.52000000000099,0.777522,0.777522,current_full_transition_bis06_f2_sh005
t189_mid,189,mid,0.7910779337244709,CURRENT,full_transition_bis06,2,189,189,True,True,10111101,3.6,0.0,0.0,5.87548e-06,104.52000000000014,0.791088,0.791088,current_full_transition_bis06_f2_sh005
t194_mid,194,mid,0.8576647420567793,CURRENT,full_transition_bis06,2,193,193,True,True,11000001,3.6,0.0,0.0,6.87548e-06,104.52000000000014,0.857675,0.857675,current_full_transition_bis06_f2_sh005
t195_mid,195,mid,0.8712311271607409,CURRENT,full_transition_bis06,2,194,194,True,True,11000010,3.6,0.0,0.0,7.87548e-06,104.52000000000014,0.871241,0.871241,current_full_transition_bis06_f2_sh005
t196_mid,196,mid,0.8844862329678276,CURRENT,full_transition_bis06,2,196,196,True,True,11000100,3.6,0.0,0.0,8.87548e-06,104.52000000000014,0.884496,0.884496,current_full_transition_bis06_f2_sh005
t197_mid,197,mid,0.8977413387749142,CURRENT,full_transition_bis06,2,197,197,True,True,11000101,3.6,0.0,0.0,9.87548e-06,104.52000000000014,0.897751,0.897751,current_full_transition_bis06_f2_sh005
t198_mid,198,mid,0.9109964445820005,CURRENT,full_transition_bis06,2,197,197,True,True,11000101,3.6,0.0,0.0,1.08755e-05,104.50000000000044,0.911006,0.911006,current_full_transition_bis06_f2_sh005
t199_mid,199,mid,0.924562829685962,CURRENT,full_transition_bis06,2,198,198,True,True,11000110,3.6,0.0,0.0,1.18755e-05,104.50000000000044,0.924573,0.924573,current_full_transition_bis06_f2_sh005
t200_mid,200,mid,0.9371953768992989,CURRENT,full_transition_bis06,2,200,200,True,True,11001000,3.6,0.0,0.0,1.28755e-05,104.49999999999875,0.937205,0.937205,current_full_transition_bis06_f2_sh005
t201_mid,201,mid,0.9504504827063855,CURRENT,full_transition_bis06,2,201,201,True,True,11001001,3.6,0.0,0.0,1.38755e-05,104.50000000000044,0.95046,0.95046,current_full_transition_bis06_f2_sh005
t202_mid,202,mid,0.9637055885134722,CURRENT,full_transition_bis06,2,201,201,True,True,11001001,3.6,0.0,0.0,1.48755e-05,104.50000000000044,0.963716,0.963716,current_full_transition_bis06_f2_sh005
t203_mid,203,mid,0.9772719736174338,CURRENT,full_transition_bis06,2,202,202,True,True,11001010,3.6,0.0,0.0,1.58755e-05,104.49999999999875,0.977282,0.977282,current_full_transition_bis06_f2_sh005
t204_mid,204,mid,0.9902158001276455,CURRENT,full_transition_bis06,2,203,203,True,True,11001011,3.6,0.0,0.0,1.68755e-05,104.49999999999535,0.990226,0.990226,current_full_transition_bis06_f2_sh005
t205_mid,205,mid,1.0037821852316071,CURRENT,full_transition_bis06,2,205,205,True,True,11001101,3.6,0.0,0.0,1.78755e-05,104.49999999999875,1.00379,1.00379,current_full_transition_bis06_f2_sh005
t206_mid,206,mid,1.0170372910386938,CURRENT,full_transition_bis06,2,205,205,True,True,11001101,3.6,0.0,0.0,1.88755e-05,104.49999999999875,1.01705,1.01705,current_full_transition_bis06_f2_sh005
t207_mid,207,mid,1.030603676142655,CURRENT,full_transition_bis06,2,206,206,True,True,11001110,3.6,0.0,0.0,1.98755e-05,104.49999999999875,1.03061,1.03061,current_full_transition_bis06_f2_sh005
t209_mid,209,mid,1.0564913291630782,CURRENT,full_transition_bis06,2,209,209,True,True,11010001,3.6,0.0,0.0,2.08755e-05,104.49999999999875,1.0565,1.0565,current_full_transition_bis06_f2_sh005
t210_mid,210,mid,1.0697464349701649,CURRENT,full_transition_bis06,2,210,210,True,True,11010010,3.6,0.0,0.0,2.18755e-05,104.49999999999535,1.06976,1.06976,current_full_transition_bis06_f2_sh005
t211_mid,211,mid,1.0833128200741267,CURRENT,full_transition_bis06,2,211,211,True,True,11010011,3.6,0.0,0.0,2.28755e-05,104.49999999999535,1.08332,1.08332,current_full_transition_bis06_f2_sh005
t212_mid,212,mid,1.0962566465843382,CURRENT,full_transition_bis06,2,211,211,True,True,11010011,3.6,0.0,0.0,2.38755e-05,104.49999999999875,1.09627,1.09627,current_full_transition_bis06_f2_sh005
t213_mid,213,mid,1.1095117523914249,CURRENT,full_transition_bis06,2,212,212,True,True,11010100,3.6,0.0,0.0,2.48755e-05,104.49999999999875,1.10952,1.10952,current_full_transition_bis06_f2_sh005
t214_mid,214,mid,1.1230781374953867,CURRENT,full_transition_bis06,2,214,214,True,True,11010110,3.6,0.0,0.0,2.58755e-05,104.49999999999875,1.12309,1.12309,current_full_transition_bis06_f2_sh005
t215_mid,215,mid,1.1366445225993482,CURRENT,full_transition_bis06,2,215,215,True,True,11010111,3.6,0.0,0.0,2.68755e-05,104.49999999999875,1.13665,1.13665,current_full_transition_bis06_f2_sh005
t216_mid,216,mid,1.1492770698126844,CURRENT,full_transition_bis06,2,216,216,True,True,11011000,3.6,0.0,0.0,2.78755e-05,104.49999999999535,1.14929,1.14929,current_full_transition_bis06_f2_sh005
t217_mid,217,mid,1.1622208963228962,CURRENT,full_transition_bis06,2,216,216,True,True,11011000,3.6,0.0,0.0,2.88755e-05,104.49999999999535,1.16223,1.16223,current_full_transition_bis06_f2_sh005
t218_mid,218,mid,1.1757872814268577,CURRENT,full_transition_bis06,2,218,218,True,True,11011010,3.6,0.0,0.0,2.98755e-05,104.49999999999875,1.1758,1.1758,current_full_transition_bis06_f2_sh005
t219_mid,219,mid,1.1893536665308195,CURRENT,full_transition_bis06,2,219,219,True,True,11011011,3.6,0.0,0.0,3.08755e-05,104.49999999999875,1.18936,1.18936,current_full_transition_bis06_f2_sh005
t220_mid,220,mid,1.202297493041031,CURRENT,full_transition_bis06,2,219,219,True,True,11011011,3.6,0.0,0.0,3.18755e-05,104.49999999999197,1.20231,1.20231,current_full_transition_bis06_f2_sh005
