category,mismatch_seed,noise_seed,band,frame_index,ideal_vid_v,commanded_vid_v,code,bits,valid,invalid_v,timeout_v,complete_time_s,measurement_stem
D3_NOISE_PLUS_MISMATCH_MC200,1,100001,LOW,0,1.2827920356296627,1.2827642395654932,224,11100000,True,0.0,0.0,3.75497e-07,formal_s001_low_050ps
D3_NOISE_PLUS_MISMATCH_MC200,1,100001,LOW,1,1.4848272767569515,1.4847728581698183,240,11110000,True,0.0,0.0,8.75503e-07,formal_s001_low_050ps
D3_NOISE_PLUS_MISMATCH_MC200,1,100001,LOW,2,1.0127819771128357,1.0128098982242102,204,11001100,True,0.0,0.0,1.3755e-06,formal_s001_low_050ps
D3_NOISE_PLUS_MISMATCH_MC200,1,100001,LOW,3,0.08095483381425314,0.08091612070784752,134,10000110,True,0.0,0.0,1.8755e-06,formal_s001_low_050ps
D3_NOISE_PLUS_MISMATCH_MC200,1,100001,LOW,4,-0.887624111535514,-0.8874809752386567,61,00111101,True,0.0,0.0,2.37549e-06,formal_s001_low_050ps
D3_NOISE_PLUS_MISMATCH_MC200,1,100001,LOW,5,-1.4532402675617817,-1.4532218318760444,18,00010010,True,0.0,0.0,2.87548e-06,formal_s001_low_050ps
D3_NOISE_PLUS_MISMATCH_MC200,1,100001,LOW,6,-1.359115724610322,-1.3591341312788658,25,00011001,True,0.0,0.0,3.3755e-06,formal_s001_low_050ps
D3_NOISE_PLUS_MISMATCH_MC200,1,100001,LOW,7,-0.6479810573451181,-0.6478507479575234,79,01001111,True,0.0,0.0,3.8755e-06,formal_s001_low_050ps
D3_NOISE_PLUS_MISMATCH_MC200,1,100001,LOW,8,0.35732346279269056,0.3573234287428174,155,10011011,True,0.0,0.0,4.37551e-06,formal_s001_low_050ps
D3_NOISE_PLUS_MISMATCH_MC200,1,100001,LOW,9,1.200410601286161,1.200446423702894,218,11011010,True,0.0,0.0,4.8755e-06,formal_s001_low_050ps
D3_NOISE_PLUS_MISMATCH_MC200,1,100001,LOW,10,1.4985364234506107,1.4984437125959578,240,11110000,True,0.0,0.0,5.37548e-06,formal_s001_low_050ps
D3_NOISE_PLUS_MISMATCH_MC200,1,100001,LOW,11,1.1163580388581014,1.1163011122335333,212,11010100,True,0.0,0.0,5.8755e-06,formal_s001_low_050ps
D3_NOISE_PLUS_MISMATCH_MC200,1,100001,LOW,12,0.22737644401506385,0.22730304133747228,145,10010001,True,0.0,0.0,6.37551e-06,formal_s001_low_050ps
D3_NOISE_PLUS_MISMATCH_MC200,1,100001,LOW,13,-0.7648293027139206,-0.7649389442597956,70,01000110,True,0.0,0.0,6.8755e-06,formal_s001_low_050ps
D3_NOISE_PLUS_MISMATCH_MC200,1,100001,LOW,14,-1.40981853608705,-1.4098152872896281,21,00010101,True,0.0,0.0,7.3755e-06,formal_s001_low_050ps
D3_NOISE_PLUS_MISMATCH_MC200,1,100001,LOW,15,-1.4147796287657606,-1.4146179983546536,21,00010101,True,0.0,0.0,7.8755e-06,formal_s001_low_050ps
D3_NOISE_PLUS_MISMATCH_MC200,1,100001,LOW,16,-0.7774603483941246,-0.7774342475124628,69,01000101,True,0.0,0.0,8.3755e-06,formal_s001_low_050ps
D3_NOISE_PLUS_MISMATCH_MC200,1,100001,LOW,17,0.21280967599837608,0.21279075457169827,144,10010000,True,0.0,0.0,8.87551e-06,formal_s001_low_050ps
D3_NOISE_PLUS_MISMATCH_MC200,1,100001,LOW,18,1.106468556641088,1.1064611136092575,211,11010011,True,0.0,0.0,9.3755e-06,formal_s001_low_050ps
D3_NOISE_PLUS_MISMATCH_MC200,1,100001,LOW,19,1.4978138452031033,1.497722968272729,240,11110000,True,0.0,0.0,9.87548e-06,formal_s001_low_050ps
D3_NOISE_PLUS_MISMATCH_MC200,1,100001,LOW,20,1.2091829624257837,1.2091726639388387,219,11011011,True,0.0,0.0,1.03755e-05,formal_s001_low_050ps
D3_NOISE_PLUS_MISMATCH_MC200,1,100001,LOW,21,0.3716082947633996,0.37151807792451175,156,10011100,True,0.0,0.0,1.08755e-05,formal_s001_low_050ps
D3_NOISE_PLUS_MISMATCH_MC200,1,100001,LOW,22,-0.6346687696089611,-0.6347052596268696,80,01010000,True,0.0,0.0,1.13755e-05,formal_s001_low_050ps
D3_NOISE_PLUS_MISMATCH_MC200,1,100001,LOW,23,-1.3528194814245906,-1.3526691312184733,26,00011010,True,0.0,0.0,1.18755e-05,formal_s001_low_050ps
D3_NOISE_PLUS_MISMATCH_MC200,1,100001,LOW,24,-1.4568184316989683,-1.4569497902177082,18,00010010,True,0.0,0.0,1.23755e-05,formal_s001_low_050ps
D3_NOISE_PLUS_MISMATCH_MC200,1,100001,LOW,25,-0.8994522712850329,-0.8994606648638924,60,00111100,True,0.0,0.0,1.28755e-05,formal_s001_low_050ps
D3_NOISE_PLUS_MISMATCH_MC200,1,100001,LOW,26,0.0662464156905973,0.06618571332838652,133,10000101,True,0.0,0.0,1.33755e-05,formal_s001_low_050ps
D3_NOISE_PLUS_MISMATCH_MC200,1,100001,LOW,27,1.0018706149383227,1.0019000120649877,203,11001011,True,0.0,0.0,1.38755e-05,formal_s001_low_050ps
D3_NOISE_PLUS_MISMATCH_MC200,1,100001,LOW,28,1.482666500837955,1.4827125670118946,239,11101111,True,0.0,0.0,1.43755e-05,formal_s001_low_050ps
D3_NOISE_PLUS_MISMATCH_MC200,1,100001,LOW,29,1.2903627930586585,1.2904721297359905,225,11100001,True,0.0,0.0,1.48755e-05,formal_s001_low_050ps
D3_NOISE_PLUS_MISMATCH_MC200,1,100001,LOW,30,0.5122613544914112,0.5122167479916166,166,10100110,True,0.0,0.0,1.53755e-05,formal_s001_low_050ps
D3_NOISE_PLUS_MISMATCH_MC200,1,100001,LOW,31,-0.4983960293074411,-0.4983636179550319,90,01011010,True,0.0,0.0,1.58755e-05,formal_s001_low_050ps
D3_NOISE_PLUS_MISMATCH_MC200,1,100001,LOW,32,-1.2827920356296636,-1.2826523144726518,31,00011111,True,0.0,0.0,1.63755e-05,formal_s001_low_050ps
D3_NOISE_PLUS_MISMATCH_MC200,1,100001,LOW,33,-1.4848272767569517,-1.4847929795824906,16,00010000,True,0.0,0.0,1.68755e-05,formal_s001_low_050ps
D3_NOISE_PLUS_MISMATCH_MC200,1,100001,LOW,34,-1.0127819771128357,-1.012818514698205,52,00110100,True,0.0,0.0,1.73755e-05,formal_s001_low_050ps
D3_NOISE_PLUS_MISMATCH_MC200,1,100001,LOW,35,-0.08095483381425642,-0.08098575489881336,122,01111010,True,0.0,0.0,1.78755e-05,formal_s001_low_050ps
D3_NOISE_PLUS_MISMATCH_MC200,1,100001,LOW,36,0.8876241115355172,0.8876480666077592,194,11000010,True,0.0,0.0,1.83755e-05,formal_s001_low_050ps
D3_NOISE_PLUS_MISMATCH_MC200,1,100001,LOW,37,1.453240267561782,1.4531868705195834,237,11101101,True,0.0,0.0,1.88755e-05,formal_s001_low_050ps
D3_NOISE_PLUS_MISMATCH_MC200,1,100001,LOW,38,1.3591157246103238,1.359170463654316,230,11100110,True,0.0,0.0,1.93755e-05,formal_s001_low_050ps
D3_NOISE_PLUS_MISMATCH_MC200,1,100001,LOW,39,0.6479810573451193,0.6479741231079473,177,10110001,True,0.0,0.0,1.98755e-05,formal_s001_low_050ps
D3_NOISE_PLUS_MISMATCH_MC200,1,100001,LOW,40,-0.3573234627926919,-0.357306008473645,100,01100100,True,0.0,0.0,2.03755e-05,formal_s001_low_050ps
D3_NOISE_PLUS_MISMATCH_MC200,1,100001,LOW,41,-1.2004106012861624,-1.2003844071313987,37,00100101,True,0.0,0.0,2.08755e-05,formal_s001_low_050ps
D3_NOISE_PLUS_MISMATCH_MC200,1,100001,LOW,42,-1.4985364234506107,-1.4986410346602852,15,00001111,True,0.0,0.0,2.13755e-05,formal_s001_low_050ps
D3_NOISE_PLUS_MISMATCH_MC200,1,100001,LOW,43,-1.116358038858104,-1.116306013441672,44,00101100,True,0.0,0.0,2.18755e-05,formal_s001_low_050ps
D3_NOISE_PLUS_MISMATCH_MC200,1,100001,LOW,44,-0.22737644401505985,-0.22751457399565644,111,01101111,True,0.0,0.0,2.23755e-05,formal_s001_low_050ps
D3_NOISE_PLUS_MISMATCH_MC200,1,100001,LOW,45,0.7648293027139195,0.7648064745245092,185,10111001,True,0.0,0.0,2.28755e-05,formal_s001_low_050ps
D3_NOISE_PLUS_MISMATCH_MC200,1,100001,LOW,46,1.4098185360870479,1.4098712139875254,234,11101010,True,0.0,0.0,2.33755e-05,formal_s001_low_050ps
D3_NOISE_PLUS_MISMATCH_MC200,1,100001,LOW,47,1.414779628765761,1.4148799237053138,234,11101010,True,0.0,0.0,2.38755e-05,formal_s001_low_050ps
D3_NOISE_PLUS_MISMATCH_MC200,1,100001,LOW,48,0.7774603483941213,0.7775382460259709,186,10111010,True,0.0,0.0,2.43755e-05,formal_s001_low_050ps
D3_NOISE_PLUS_MISMATCH_MC200,1,100001,LOW,49,-0.2128096759983695,-0.21281107634352295,111,01101111,True,0.0,0.0,2.48755e-05,formal_s001_low_050ps
D3_NOISE_PLUS_MISMATCH_MC200,1,100001,LOW,50,-1.1064685566410837,-1.1064253041478582,44,00101100,True,0.0,0.0,2.53755e-05,formal_s001_low_050ps
D3_NOISE_PLUS_MISMATCH_MC200,1,100001,LOW,51,-1.4978138452031033,-1.4978328836662715,15,00001111,True,0.0,0.0,2.58755e-05,formal_s001_low_050ps
D3_NOISE_PLUS_MISMATCH_MC200,1,100001,LOW,52,-1.2091829624257844,-1.2093190934153004,37,00100101,True,0.0,0.0,2.63755e-05,formal_s001_low_050ps
D3_NOISE_PLUS_MISMATCH_MC200,1,100001,LOW,53,-0.37160829476340085,-0.3716519833680557,100,01100100,True,0.0,0.0,2.68755e-05,formal_s001_low_050ps
D3_NOISE_PLUS_MISMATCH_MC200,1,100001,LOW,54,0.6346687696089551,0.6346329321242696,176,10110000,True,0.0,0.0,2.73755e-05,formal_s001_low_050ps
D3_NOISE_PLUS_MISMATCH_MC200,1,100001,LOW,55,1.352819481424588,1.352831428734126,230,11100110,True,0.0,0.0,2.78755e-05,formal_s001_low_050ps
D3_NOISE_PLUS_MISMATCH_MC200,1,100001,LOW,56,1.4568184316989696,1.4568458601521765,237,11101101,True,0.0,0.0,2.83755e-05,formal_s001_low_050ps
D3_NOISE_PLUS_MISMATCH_MC200,1,100001,LOW,57,0.8994522712850339,0.8994987448807923,195,11000011,True,0.0,0.0,2.88755e-05,formal_s001_low_050ps
D3_NOISE_PLUS_MISMATCH_MC200,1,100001,LOW,58,-0.06624641569059603,-0.06629763736494743,123,01111011,True,0.0,0.0,2.93755e-05,formal_s001_low_050ps
D3_NOISE_PLUS_MISMATCH_MC200,1,100001,LOW,59,-1.0018706149383219,-1.0018518081170997,52,00110100,True,0.0,0.0,2.98755e-05,formal_s001_low_050ps
D3_NOISE_PLUS_MISMATCH_MC200,1,100001,LOW,60,-1.4826665008379531,-1.4826902516356293,16,00010000,True,0.0,0.0,3.03755e-05,formal_s001_low_050ps
D3_NOISE_PLUS_MISMATCH_MC200,1,100001,LOW,61,-1.2903627930586619,-1.2902801003623903,30,00011110,True,0.0,0.0,3.08755e-05,formal_s001_low_050ps
D3_NOISE_PLUS_MISMATCH_MC200,1,100001,LOW,62,-0.5122613544914125,-0.5122806558178201,89,01011001,True,0.0,0.0,3.13755e-05,formal_s001_low_050ps
D3_NOISE_PLUS_MISMATCH_MC200,1,100001,LOW,63,0.4983960293074198,0.49841268678580747,165,10100101,True,0.0,0.0,3.18755e-05,formal_s001_low_050ps
D3_NOISE_PLUS_MISMATCH_MC200,1,100001,NEAR_NYQUIST,0,1.4667091451689225,1.466681349104753,238,11101110,True,0.0,0.0,3.75501e-07,formal_s001_near_nyquist_050ps
D3_NOISE_PLUS_MISMATCH_MC200,1,100001,NEAR_NYQUIST,1,-1.494780284101462,-1.494834702688595,15,00001111,True,0.0,0.0,8.75498e-07,formal_s001_near_nyquist_050ps
D3_NOISE_PLUS_MISMATCH_MC200,1,100001,NEAR_NYQUIST,2,1.3941219486589564,1.394149869770331,233,11101001,True,0.0,0.0,1.3755e-06,formal_s001_near_nyquist_050ps
D3_NOISE_PLUS_MISMATCH_MC200,1,100001,NEAR_NYQUIST,3,-1.1734027671012242,-1.1734414802076298,39,00100111,True,0.0,0.0,1.8755e-06,formal_s001_near_nyquist_050ps
D3_NOISE_PLUS_MISMATCH_MC200,1,100001,NEAR_NYQUIST,4,0.8516309271389413,0.8517740634357986,192,11000000,True,0.0,0.0,2.3755e-06,formal_s001_near_nyquist_050ps
D3_NOISE_PLUS_MISMATCH_MC200,1,100001,NEAR_NYQUIST,5,-0.45651720357131287,-0.45649876788557564,93,01011101,True,0.0,0.0,2.8755e-06,formal_s001_near_nyquist_050ps
D3_NOISE_PLUS_MISMATCH_MC200,1,100001,NEAR_NYQUIST,6,0.022088524967191138,0.02207011829864731,129,10000001,True,0.0,0.0,3.3755e-06,formal_s001_near_nyquist_050ps
D3_NOISE_PLUS_MISMATCH_MC200,1,100001,NEAR_NYQUIST,7,0.4142424025754567,0.4143727119630515,159,10011111,True,0.0,0.0,3.87551e-06,formal_s001_near_nyquist_050ps
D3_NOISE_PLUS_MISMATCH_MC200,1,100001,NEAR_NYQUIST,8,-0.8148990525573347,-0.8148990866072079,66,01000010,True,0.0,0.0,4.3755e-06,formal_s001_near_nyquist_050ps
D3_NOISE_PLUS_MISMATCH_MC200,1,100001,NEAR_NYQUIST,9,1.1453771433086934,1.1454129657254264,214,11010110,True,0.0,0.0,4.8755e-06,formal_s001_near_nyquist_050ps
D3_NOISE_PLUS_MISMATCH_MC200,1,100001,NEAR_NYQUIST,10,-1.3772161235583067,-1.3773088344129596,24,00011000,True,0.0,0.0,5.3755e-06,formal_s001_near_nyquist_050ps
D3_NOISE_PLUS_MISMATCH_MC200,1,100001,NEAR_NYQUIST,11,1.4904501759986983,1.4903932493741303,240,11110000,True,0.0,0.0,5.87548e-06,formal_s001_near_nyquist_050ps
D3_NOISE_PLUS_MISMATCH_MC200,1,100001,NEAR_NYQUIST,12,-1.4753276600663425,-1.475401062743934,16,00010000,True,0.0,0.0,6.3755e-06,formal_s001_near_nyquist_050ps
D3_NOISE_PLUS_MISMATCH_MC200,1,100001,NEAR_NYQUIST,13,1.3331509166790971,1.3330412751332221,228,11100100,True,0.0,0.0,6.8755e-06,formal_s001_near_nyquist_050ps
D3_NOISE_PLUS_MISMATCH_MC200,1,100001,NEAR_NYQUIST,14,-1.076164111510855,-1.076160862713433,47,00101111,True,0.0,0.0,7.3755e-06,formal_s001_near_nyquist_050ps
D3_NOISE_PLUS_MISMATCH_MC200,1,100001,NEAR_NYQUIST,15,0.7264987756651974,0.7266604060763043,183,10110111,True,0.0,0.0,7.8755e-06,formal_s001_near_nyquist_050ps
D3_NOISE_PLUS_MISMATCH_MC200,1,100001,NEAR_NYQUIST,16,-0.31426785307733823,-0.31424175219567646,104,01101000,True,0.0,0.0,8.37548e-06,formal_s001_near_nyquist_050ps
D3_NOISE_PLUS_MISMATCH_MC200,1,100001,NEAR_NYQUIST,17,-0.12502760599786011,-0.12504652742453792,118,01110110,True,0.0,0.0,8.8755e-06,formal_s001_near_nyquist_050ps
D3_NOISE_PLUS_MISMATCH_MC200,1,100001,NEAR_NYQUIST,18,0.5535557715961015,0.553548328564271,169,10101001,True,0.0,0.0,9.37548e-06,formal_s001_near_nyquist_050ps
D3_NOISE_PLUS_MISMATCH_MC200,1,100001,NEAR_NYQUIST,19,-0.9344120858375181,-0.9345029627678924,57,00111001,True,0.0,0.0,9.8755e-06,formal_s001_near_nyquist_050ps
D3_NOISE_PLUS_MISMATCH_MC200,1,100001,NEAR_NYQUIST,20,1.2347974586710555,1.2347871601841105,221,11011101,True,0.0,0.0,1.03755e-05,formal_s001_near_nyquist_050ps
D3_NOISE_PLUS_MISMATCH_MC200,1,100001,NEAR_NYQUIST,21,-1.4288429034863956,-1.4289331203252835,20,00010100,True,0.0,0.0,1.08755e-05,formal_s001_near_nyquist_050ps
D3_NOISE_PLUS_MISMATCH_MC200,1,100001,NEAR_NYQUIST,22,1.499837356870662,1.4998008668527536,241,11110001,True,0.0,0.0,1.13755e-05,formal_s001_near_nyquist_050ps
D3_NOISE_PLUS_MISMATCH_MC200,1,100001,NEAR_NYQUIST,23,-1.4416668241686428,-1.4415164739625255,19,00010011,True,0.0,0.0,1.18755e-05,formal_s001_near_nyquist_050ps
D3_NOISE_PLUS_MISMATCH_MC200,1,100001,NEAR_NYQUIST,24,1.259340912597195,1.2592095540784551,223,11011111,True,0.0,0.0,1.23755e-05,formal_s001_near_nyquist_050ps
D3_NOISE_PLUS_MISMATCH_MC200,1,100001,NEAR_NYQUIST,25,-0.9685614072354902,-0.9685698008143497,55,00110111,True,0.0,0.0,1.28755e-05,formal_s001_near_nyquist_050ps
D3_NOISE_PLUS_MISMATCH_MC200,1,100001,NEAR_NYQUIST,26,0.5943700438371867,0.5943093414749759,172,10101100,True,0.0,0.0,1.33755e-05,formal_s001_near_nyquist_050ps
D3_NOISE_PLUS_MISMATCH_MC200,1,100001,NEAR_NYQUIST,27,-0.1689919313619605,-0.16896253423529545,115,01110011,True,0.0,0.0,1.38755e-05,formal_s001_near_nyquist_050ps
D3_NOISE_PLUS_MISMATCH_MC200,1,100001,NEAR_NYQUIST,28,-0.27093965277008897,-0.27089358659614926,107,01101011,True,0.0,0.0,1.43755e-05,formal_s001_near_nyquist_050ps
D3_NOISE_PLUS_MISMATCH_MC200,1,100001,NEAR_NYQUIST,29,0.6875380959319146,0.6876474326092467,179,10110011,True,0.0,0.0,1.48755e-05,formal_s001_near_nyquist_050ps
D3_NOISE_PLUS_MISMATCH_MC200,1,100001,NEAR_NYQUIST,30,-1.0449262199294669,-1.0449708264292614,49,00110001,True,0.0,0.0,1.53755e-05,formal_s001_near_nyquist_050ps
D3_NOISE_PLUS_MISMATCH_MC200,1,100001,NEAR_NYQUIST,31,1.3123259994974301,1.3123584108498392,226,11100010,True,0.0,0.0,1.58755e-05,formal_s001_near_nyquist_050ps
D3_NOISE_PLUS_MISMATCH_MC200,1,100001,NEAR_NYQUIST,32,-1.4667091451689234,-1.4665694240119116,17,00010001,True,0.0,0.0,1.63755e-05,formal_s001_near_nyquist_050ps
D3_NOISE_PLUS_MISMATCH_MC200,1,100001,NEAR_NYQUIST,33,1.4947802841014617,1.4948145812759228,240,11110000,True,0.0,0.0,1.68755e-05,formal_s001_near_nyquist_050ps
D3_NOISE_PLUS_MISMATCH_MC200,1,100001,NEAR_NYQUIST,34,-1.394121948658956,-1.3941584862443253,23,00010111,True,0.0,0.0,1.73755e-05,formal_s001_near_nyquist_050ps
D3_NOISE_PLUS_MISMATCH_MC200,1,100001,NEAR_NYQUIST,35,1.1734027671012242,1.173371846016667,216,11011000,True,0.0,0.0,1.78755e-05,formal_s001_near_nyquist_050ps
D3_NOISE_PLUS_MISMATCH_MC200,1,100001,NEAR_NYQUIST,36,-0.8516309271389413,-0.8516069720666993,64,01000000,True,0.0,0.0,1.83755e-05,formal_s001_near_nyquist_050ps
D3_NOISE_PLUS_MISMATCH_MC200,1,100001,NEAR_NYQUIST,37,0.456517203571318,0.4564638065291195,162,10100010,True,0.0,0.0,1.88755e-05,formal_s001_near_nyquist_050ps
D3_NOISE_PLUS_MISMATCH_MC200,1,100001,NEAR_NYQUIST,38,-0.022088524967169825,-0.022033785923177708,126,01111110,True,0.0,0.0,1.93755e-05,formal_s001_near_nyquist_050ps
D3_NOISE_PLUS_MISMATCH_MC200,1,100001,NEAR_NYQUIST,39,-0.41424240257545164,-0.4142493368126236,96,01100000,True,0.0,0.0,1.98755e-05,formal_s001_near_nyquist_050ps
D3_NOISE_PLUS_MISMATCH_MC200,1,100001,NEAR_NYQUIST,40,0.8148990525573482,0.814916506876395,189,10111101,True,0.0,0.0,2.03755e-05,formal_s001_near_nyquist_050ps
D3_NOISE_PLUS_MISMATCH_MC200,1,100001,NEAR_NYQUIST,41,-1.14537714330869,-1.1453509491539262,41,00101001,True,0.0,0.0,2.08755e-05,formal_s001_near_nyquist_050ps
D3_NOISE_PLUS_MISMATCH_MC200,1,100001,NEAR_NYQUIST,42,1.3772161235583025,1.377111512348628,232,11101000,True,0.0,0.0,2.13755e-05,formal_s001_near_nyquist_050ps
D3_NOISE_PLUS_MISMATCH_MC200,1,100001,NEAR_NYQUIST,43,-1.4904501759986994,-1.4903981505822674,15,00001111,True,0.0,0.0,2.18755e-05,formal_s001_near_nyquist_050ps
D3_NOISE_PLUS_MISMATCH_MC200,1,100001,NEAR_NYQUIST,44,1.4753276600663443,1.4751895300857478,239,11101111,True,0.0,0.0,2.23755e-05,formal_s001_near_nyquist_050ps
D3_NOISE_PLUS_MISMATCH_MC200,1,100001,NEAR_NYQUIST,45,-1.3331509166790971,-1.3331737448685075,27,00011011,True,0.0,0.0,2.28755e-05,formal_s001_near_nyquist_050ps
D3_NOISE_PLUS_MISMATCH_MC200,1,100001,NEAR_NYQUIST,46,1.0761641115108698,1.0762167894113472,209,11010001,True,0.0,0.0,2.33755e-05,formal_s001_near_nyquist_050ps
D3_NOISE_PLUS_MISMATCH_MC200,1,100001,NEAR_NYQUIST,47,-0.7264987756652067,-0.726398480725654,73,01001001,True,0.0,0.0,2.38755e-05,formal_s001_near_nyquist_050ps
D3_NOISE_PLUS_MISMATCH_MC200,1,100001,NEAR_NYQUIST,48,0.3142678530773695,0.31434575070921905,151,10010111,True,0.0,0.0,2.43755e-05,formal_s001_near_nyquist_050ps
D3_NOISE_PLUS_MISMATCH_MC200,1,100001,NEAR_NYQUIST,49,0.12502760599784948,0.12502620565269604,137,10001001,True,0.0,0.0,2.48755e-05,formal_s001_near_nyquist_050ps
D3_NOISE_PLUS_MISMATCH_MC200,1,100001,NEAR_NYQUIST,50,-0.5535557715961213,-0.5535125191028959,86,01010110,True,0.0,0.0,2.53755e-05,formal_s001_near_nyquist_050ps
D3_NOISE_PLUS_MISMATCH_MC200,1,100001,NEAR_NYQUIST,51,0.9344120858375015,0.9343930473743333,198,11000110,True,0.0,0.0,2.58755e-05,formal_s001_near_nyquist_050ps
D3_NOISE_PLUS_MISMATCH_MC200,1,100001,NEAR_NYQUIST,52,-1.2347974586710555,-1.2349335896605715,35,00100011,True,0.0,0.0,2.63755e-05,formal_s001_near_nyquist_050ps
D3_NOISE_PLUS_MISMATCH_MC200,1,100001,NEAR_NYQUIST,53,1.4288429034863923,1.4287992148817374,235,11101011,True,0.0,0.0,2.68755e-05,formal_s001_near_nyquist_050ps
D3_NOISE_PLUS_MISMATCH_MC200,1,100001,NEAR_NYQUIST,54,-1.4998373568706624,-1.499873194355348,15,00001111,True,0.0,0.0,2.73755e-05,formal_s001_near_nyquist_050ps
D3_NOISE_PLUS_MISMATCH_MC200,1,100001,NEAR_NYQUIST,55,1.4416668241686486,1.4416787714781867,236,11101100,True,0.0,0.0,2.78755e-05,formal_s001_near_nyquist_050ps
D3_NOISE_PLUS_MISMATCH_MC200,1,100001,NEAR_NYQUIST,56,-1.2593409125972181,-1.2593134841440112,33,00100001,True,0.0,0.0,2.83755e-05,formal_s001_near_nyquist_050ps
D3_NOISE_PLUS_MISMATCH_MC200,1,100001,NEAR_NYQUIST,57,0.9685614072355067,0.968607880831265,201,11001001,True,0.0,0.0,2.88755e-05,formal_s001_near_nyquist_050ps
D3_NOISE_PLUS_MISMATCH_MC200,1,100001,NEAR_NYQUIST,58,-0.5943700438372259,-0.5944212655115773,83,01010011,True,0.0,0.0,2.93755e-05,formal_s001_near_nyquist_050ps
D3_NOISE_PLUS_MISMATCH_MC200,1,100001,NEAR_NYQUIST,59,0.16899193136198168,0.16901073818320386,140,10001100,True,0.0,0.0,2.98755e-05,formal_s001_near_nyquist_050ps
D3_NOISE_PLUS_MISMATCH_MC200,1,100001,NEAR_NYQUIST,60,0.27093965277008897,0.27091590197241283,148,10010100,True,0.0,0.0,3.03755e-05,formal_s001_near_nyquist_050ps
D3_NOISE_PLUS_MISMATCH_MC200,1,100001,NEAR_NYQUIST,61,-0.6875380959318957,-0.6874554032356243,76,01001100,True,0.0,0.0,3.08755e-05,formal_s001_near_nyquist_050ps
D3_NOISE_PLUS_MISMATCH_MC200,1,100001,NEAR_NYQUIST,62,1.0449262199294513,1.0449069186030437,207,11001111,True,0.0,0.0,3.13755e-05,formal_s001_near_nyquist_050ps
D3_NOISE_PLUS_MISMATCH_MC200,1,100001,NEAR_NYQUIST,63,-1.3123259994974505,-1.3123093420190628,29,00011101,True,0.0,0.0,3.18755e-05,formal_s001_near_nyquist_050ps
D3_NOISE_PLUS_MISMATCH_MC200,2,100002,LOW,0,1.2827920356296627,1.2828544944997136,223,11011111,True,0.0,0.0,3.75498e-07,formal_s002_low_050ps
D3_NOISE_PLUS_MISMATCH_MC200,2,100002,LOW,1,1.4848272767569515,1.4848604071010696,238,11101110,True,0.0,0.0,8.75504e-07,formal_s002_low_050ps
D3_NOISE_PLUS_MISMATCH_MC200,2,100002,LOW,2,1.0127819771128357,1.0127235990655084,202,11001010,True,0.0,0.0,1.3755e-06,formal_s002_low_050ps
D3_NOISE_PLUS_MISMATCH_MC200,2,100002,LOW,3,0.08095483381425314,0.08096856825981608,132,10000100,True,0.0,0.0,1.8755e-06,formal_s002_low_050ps
D3_NOISE_PLUS_MISMATCH_MC200,2,100002,LOW,4,-0.887624111535514,-0.887615351269771,59,00111011,True,0.0,0.0,2.37549e-06,formal_s002_low_050ps
D3_NOISE_PLUS_MISMATCH_MC200,2,100002,LOW,5,-1.4532402675617817,-1.4531661708667036,16,00010000,True,0.0,0.0,2.87551e-06,formal_s002_low_050ps
D3_NOISE_PLUS_MISMATCH_MC200,2,100002,LOW,6,-1.359115724610322,-1.359045258678856,23,00010111,True,0.0,0.0,3.3755e-06,formal_s002_low_050ps
D3_NOISE_PLUS_MISMATCH_MC200,2,100002,LOW,7,-0.6479810573451181,-0.6479459273124593,77,01001101,True,0.0,0.0,3.87548e-06,formal_s002_low_050ps
D3_NOISE_PLUS_MISMATCH_MC200,2,100002,LOW,8,0.35732346279269056,0.35726357172357215,153,10011001,True,0.0,0.0,4.37548e-06,formal_s002_low_050ps
D3_NOISE_PLUS_MISMATCH_MC200,2,100002,LOW,9,1.200410601286161,1.200340534548391,216,11011000,True,0.0,0.0,4.87548e-06,formal_s002_low_050ps
D3_NOISE_PLUS_MISMATCH_MC200,2,100002,LOW,10,1.4985364234506107,1.4985315730509847,239,11101111,True,0.0,0.0,5.3755e-06,formal_s002_low_050ps
D3_NOISE_PLUS_MISMATCH_MC200,2,100002,LOW,11,1.1163580388581014,1.11636518588472,210,11010010,True,0.0,0.0,5.8755e-06,formal_s002_low_050ps
D3_NOISE_PLUS_MISMATCH_MC200,2,100002,LOW,12,0.22737644401506385,0.22745874835700858,143,10001111,True,0.0,0.0,6.3755e-06,formal_s002_low_050ps
D3_NOISE_PLUS_MISMATCH_MC200,2,100002,LOW,13,-0.7648293027139206,-0.7647504384223655,68,01000100,True,0.0,0.0,6.8755e-06,formal_s002_low_050ps
D3_NOISE_PLUS_MISMATCH_MC200,2,100002,LOW,14,-1.40981853608705,-1.4099176988344653,20,00010100,True,0.0,0.0,7.37548e-06,formal_s002_low_050ps
D3_NOISE_PLUS_MISMATCH_MC200,2,100002,LOW,15,-1.4147796287657606,-1.4146868148787406,19,00010011,True,0.0,0.0,7.87548e-06,formal_s002_low_050ps
D3_NOISE_PLUS_MISMATCH_MC200,2,100002,LOW,16,-0.7774603483941246,-0.7774423196796384,67,01000011,True,0.0,0.0,8.3755e-06,formal_s002_low_050ps
D3_NOISE_PLUS_MISMATCH_MC200,2,100002,LOW,17,0.21280967599837608,0.21287328129957175,142,10001110,True,0.0,0.0,8.87551e-06,formal_s002_low_050ps
D3_NOISE_PLUS_MISMATCH_MC200,2,100002,LOW,18,1.106468556641088,1.1064669697232585,209,11010001,True,0.0,0.0,9.3755e-06,formal_s002_low_050ps
D3_NOISE_PLUS_MISMATCH_MC200,2,100002,LOW,19,1.4978138452031033,1.497910600290017,239,11101111,True,0.0,0.0,9.8755e-06,formal_s002_low_050ps
D3_NOISE_PLUS_MISMATCH_MC200,2,100002,LOW,20,1.2091829624257837,1.2090892642134818,217,11011001,True,0.0,0.0,1.03755e-05,formal_s002_low_050ps
D3_NOISE_PLUS_MISMATCH_MC200,2,100002,LOW,21,0.3716082947633996,0.37154127976880197,154,10011010,True,0.0,0.0,1.08755e-05,formal_s002_low_050ps
D3_NOISE_PLUS_MISMATCH_MC200,2,100002,LOW,22,-0.6346687696089611,-0.634572107428467,78,01001110,True,0.0,0.0,1.13755e-05,formal_s002_low_050ps
D3_NOISE_PLUS_MISMATCH_MC200,2,100002,LOW,23,-1.3528194814245906,-1.3527718820275296,24,00011000,True,0.0,0.0,1.18755e-05,formal_s002_low_050ps
D3_NOISE_PLUS_MISMATCH_MC200,2,100002,LOW,24,-1.4568184316989683,-1.4567816315131663,16,00010000,True,0.0,0.0,1.23755e-05,formal_s002_low_050ps
D3_NOISE_PLUS_MISMATCH_MC200,2,100002,LOW,25,-0.8994522712850329,-0.899400174140638,58,00111010,True,0.0,0.0,1.28755e-05,formal_s002_low_050ps
D3_NOISE_PLUS_MISMATCH_MC200,2,100002,LOW,26,0.0662464156905973,0.06616229928588875,131,10000011,True,0.0,0.0,1.33755e-05,formal_s002_low_050ps
D3_NOISE_PLUS_MISMATCH_MC200,2,100002,LOW,27,1.0018706149383227,1.0017827901637142,201,11001001,True,0.0,0.0,1.38755e-05,formal_s002_low_050ps
D3_NOISE_PLUS_MISMATCH_MC200,2,100002,LOW,28,1.482666500837955,1.4826022251950888,238,11101110,True,0.0,0.0,1.43755e-05,formal_s002_low_050ps
D3_NOISE_PLUS_MISMATCH_MC200,2,100002,LOW,29,1.2903627930586585,1.2904051940531678,223,11011111,True,0.0,0.0,1.48755e-05,formal_s002_low_050ps
D3_NOISE_PLUS_MISMATCH_MC200,2,100002,LOW,30,0.5122613544914112,0.5123605282981473,164,10100100,True,0.0,0.0,1.53755e-05,formal_s002_low_050ps
D3_NOISE_PLUS_MISMATCH_MC200,2,100002,LOW,31,-0.4983960293074411,-0.4983128093608476,88,01011000,True,0.0,0.0,1.58755e-05,formal_s002_low_050ps
D3_NOISE_PLUS_MISMATCH_MC200,2,100002,LOW,32,-1.2827920356296636,-1.2828008566572877,29,00011101,True,0.0,0.0,1.63755e-05,formal_s002_low_050ps
D3_NOISE_PLUS_MISMATCH_MC200,2,100002,LOW,33,-1.4848272767569517,-1.4848621738867074,14,00001110,True,0.0,0.0,1.68755e-05,formal_s002_low_050ps
D3_NOISE_PLUS_MISMATCH_MC200,2,100002,LOW,34,-1.0127819771128357,-1.012731104738726,49,00110001,True,0.0,0.0,1.73755e-05,formal_s002_low_050ps
D3_NOISE_PLUS_MISMATCH_MC200,2,100002,LOW,35,-0.08095483381425642,-0.08095586904037666,120,01111000,True,0.0,0.0,1.78755e-05,formal_s002_low_050ps
D3_NOISE_PLUS_MISMATCH_MC200,2,100002,LOW,36,0.8876241115355172,0.8875584459772288,191,10111111,True,0.0,0.0,1.83755e-05,formal_s002_low_050ps
D3_NOISE_PLUS_MISMATCH_MC200,2,100002,LOW,37,1.453240267561782,1.453313306570226,235,11101011,True,0.0,0.0,1.88755e-05,formal_s002_low_050ps
D3_NOISE_PLUS_MISMATCH_MC200,2,100002,LOW,38,1.3591157246103238,1.3590761095048536,228,11100100,True,0.0,0.0,1.93755e-05,formal_s002_low_050ps
D3_NOISE_PLUS_MISMATCH_MC200,2,100002,LOW,39,0.6479810573451193,0.6480051148003446,175,10101111,True,0.0,0.0,1.98755e-05,formal_s002_low_050ps
D3_NOISE_PLUS_MISMATCH_MC200,2,100002,LOW,40,-0.3573234627926919,-0.3573742231462024,99,01100011,True,0.0,0.0,2.03755e-05,formal_s002_low_050ps
D3_NOISE_PLUS_MISMATCH_MC200,2,100002,LOW,41,-1.2004106012861624,-1.2004076994407822,35,00100011,True,0.0,0.0,2.08755e-05,formal_s002_low_050ps
D3_NOISE_PLUS_MISMATCH_MC200,2,100002,LOW,42,-1.4985364234506107,-1.4985152992639172,13,00001101,True,0.0,0.0,2.13755e-05,formal_s002_low_050ps
D3_NOISE_PLUS_MISMATCH_MC200,2,100002,LOW,43,-1.116358038858104,-1.1163805703287037,42,00101010,True,0.0,0.0,2.18755e-05,formal_s002_low_050ps
D3_NOISE_PLUS_MISMATCH_MC200,2,100002,LOW,44,-0.22737644401505985,-0.22748045068296596,109,01101101,True,0.0,0.0,2.23755e-05,formal_s002_low_050ps
D3_NOISE_PLUS_MISMATCH_MC200,2,100002,LOW,45,0.7648293027139195,0.7648132786125195,183,10110111,True,0.0,0.0,2.28755e-05,formal_s002_low_050ps
D3_NOISE_PLUS_MISMATCH_MC200,2,100002,LOW,46,1.4098185360870479,1.4098385578831982,232,11101000,True,0.0,0.0,2.33755e-05,formal_s002_low_050ps
D3_NOISE_PLUS_MISMATCH_MC200,2,100002,LOW,47,1.414779628765761,1.4148661385557597,233,11101001,True,0.0,0.0,2.38755e-05,formal_s002_low_050ps
D3_NOISE_PLUS_MISMATCH_MC200,2,100002,LOW,48,0.7774603483941213,0.7774478477577759,184,10111000,True,0.0,0.0,2.43755e-05,formal_s002_low_050ps
D3_NOISE_PLUS_MISMATCH_MC200,2,100002,LOW,49,-0.2128096759983695,-0.21286486548581363,110,01101110,True,0.0,0.0,2.48755e-05,formal_s002_low_050ps
D3_NOISE_PLUS_MISMATCH_MC200,2,100002,LOW,50,-1.1064685566410837,-1.1064935087093022,43,00101011,True,0.0,0.0,2.53755e-05,formal_s002_low_050ps
D3_NOISE_PLUS_MISMATCH_MC200,2,100002,LOW,51,-1.4978138452031033,-1.4977532772278737,13,00001101,True,0.0,0.0,2.58755e-05,formal_s002_low_050ps
D3_NOISE_PLUS_MISMATCH_MC200,2,100002,LOW,52,-1.2091829624257844,-1.2092683107058353,35,00100011,True,0.0,0.0,2.63755e-05,formal_s002_low_050ps
D3_NOISE_PLUS_MISMATCH_MC200,2,100002,LOW,53,-0.37160829476340085,-0.37156480018288524,98,01100010,True,0.0,0.0,2.68755e-05,formal_s002_low_050ps
D3_NOISE_PLUS_MISMATCH_MC200,2,100002,LOW,54,0.6346687696089551,0.6347435350861002,174,10101110,True,0.0,0.0,2.73755e-05,formal_s002_low_050ps
D3_NOISE_PLUS_MISMATCH_MC200,2,100002,LOW,55,1.352819481424588,1.35270451073496,228,11100100,True,0.0,0.0,2.78755e-05,formal_s002_low_050ps
D3_NOISE_PLUS_MISMATCH_MC200,2,100002,LOW,56,1.4568184316989696,1.4568385953212875,236,11101100,True,0.0,0.0,2.83755e-05,formal_s002_low_050ps
D3_NOISE_PLUS_MISMATCH_MC200,2,100002,LOW,57,0.8994522712850339,0.8993798676538115,191,10111111,True,0.0,0.0,2.88755e-05,formal_s002_low_050ps
D3_NOISE_PLUS_MISMATCH_MC200,2,100002,LOW,58,-0.06624641569059603,-0.06626611234057164,121,01111001,True,0.0,0.0,2.93755e-05,formal_s002_low_050ps
D3_NOISE_PLUS_MISMATCH_MC200,2,100002,LOW,59,-1.0018706149383219,-1.001752198172542,50,00110010,True,0.0,0.0,2.98755e-05,formal_s002_low_050ps
D3_NOISE_PLUS_MISMATCH_MC200,2,100002,LOW,60,-1.4826665008379531,-1.4825801391980824,14,00001110,True,0.0,0.0,3.03755e-05,formal_s002_low_050ps
D3_NOISE_PLUS_MISMATCH_MC200,2,100002,LOW,61,-1.2903627930586619,-1.2903734962786162,29,00011101,True,0.0,0.0,3.08755e-05,formal_s002_low_050ps
D3_NOISE_PLUS_MISMATCH_MC200,2,100002,LOW,62,-0.5122613544914125,-0.5123406678402743,87,01010111,True,0.0,0.0,3.13755e-05,formal_s002_low_050ps
D3_NOISE_PLUS_MISMATCH_MC200,2,100002,LOW,63,0.4983960293074198,0.498335660401414,163,10100011,True,0.0,0.0,3.18755e-05,formal_s002_low_050ps
D3_NOISE_PLUS_MISMATCH_MC200,2,100002,NEAR_NYQUIST,0,1.4667091451689225,1.4667716040389733,236,11101100,True,0.0,0.0,3.75507e-07,formal_s002_near_nyquist_050ps
D3_NOISE_PLUS_MISMATCH_MC200,2,100002,NEAR_NYQUIST,1,-1.494780284101462,-1.4947471537573438,13,00001101,True,0.0,0.0,8.75502e-07,formal_s002_near_nyquist_050ps
D3_NOISE_PLUS_MISMATCH_MC200,2,100002,NEAR_NYQUIST,2,1.3941219486589564,1.394063570611629,231,11100111,True,0.0,0.0,1.3755e-06,formal_s002_near_nyquist_050ps
D3_NOISE_PLUS_MISMATCH_MC200,2,100002,NEAR_NYQUIST,3,-1.1734027671012242,-1.1733890326556613,38,00100110,True,0.0,0.0,1.8755e-06,formal_s002_near_nyquist_050ps
D3_NOISE_PLUS_MISMATCH_MC200,2,100002,NEAR_NYQUIST,4,0.8516309271389413,0.8516396874046843,190,10111110,True,0.0,0.0,2.3755e-06,formal_s002_near_nyquist_050ps
D3_NOISE_PLUS_MISMATCH_MC200,2,100002,NEAR_NYQUIST,5,-0.45651720357131287,-0.45644310687623474,91,01011011,True,0.0,0.0,2.87548e-06,formal_s002_near_nyquist_050ps
D3_NOISE_PLUS_MISMATCH_MC200,2,100002,NEAR_NYQUIST,6,0.022088524967191138,0.022158990898657173,127,01111111,True,0.0,0.0,3.37548e-06,formal_s002_near_nyquist_050ps
D3_NOISE_PLUS_MISMATCH_MC200,2,100002,NEAR_NYQUIST,7,0.4142424025754567,0.4142775326081155,157,10011101,True,0.0,0.0,3.87551e-06,formal_s002_near_nyquist_050ps
D3_NOISE_PLUS_MISMATCH_MC200,2,100002,NEAR_NYQUIST,8,-0.8148990525573347,-0.8149589436264532,63,00111111,True,0.0,0.0,4.3755e-06,formal_s002_near_nyquist_050ps
D3_NOISE_PLUS_MISMATCH_MC200,2,100002,NEAR_NYQUIST,9,1.1453771433086934,1.1453070765709235,212,11010100,True,0.0,0.0,4.8755e-06,formal_s002_near_nyquist_050ps
D3_NOISE_PLUS_MISMATCH_MC200,2,100002,NEAR_NYQUIST,10,-1.3772161235583067,-1.3772209739579326,22,00010110,True,0.0,0.0,5.3755e-06,formal_s002_near_nyquist_050ps
D3_NOISE_PLUS_MISMATCH_MC200,2,100002,NEAR_NYQUIST,11,1.4904501759986983,1.4904573230253169,238,11101110,True,0.0,0.0,5.8755e-06,formal_s002_near_nyquist_050ps
D3_NOISE_PLUS_MISMATCH_MC200,2,100002,NEAR_NYQUIST,12,-1.4753276600663425,-1.4752453557243979,15,00001111,True,0.0,0.0,6.3755e-06,formal_s002_near_nyquist_050ps
D3_NOISE_PLUS_MISMATCH_MC200,2,100002,NEAR_NYQUIST,13,1.3331509166790971,1.3332297809706521,226,11100010,True,0.0,0.0,6.8755e-06,formal_s002_near_nyquist_050ps
D3_NOISE_PLUS_MISMATCH_MC200,2,100002,NEAR_NYQUIST,14,-1.076164111510855,-1.07626327425827,45,00101101,True,0.0,0.0,7.3755e-06,formal_s002_near_nyquist_050ps
D3_NOISE_PLUS_MISMATCH_MC200,2,100002,NEAR_NYQUIST,15,0.7264987756651974,0.7265915895522175,180,10110100,True,0.0,0.0,7.8755e-06,formal_s002_near_nyquist_050ps
D3_NOISE_PLUS_MISMATCH_MC200,2,100002,NEAR_NYQUIST,16,-0.31426785307733823,-0.314249824362852,102,01100110,True,0.0,0.0,8.37548e-06,formal_s002_near_nyquist_050ps
D3_NOISE_PLUS_MISMATCH_MC200,2,100002,NEAR_NYQUIST,17,-0.12502760599786011,-0.12496400069666444,116,01110100,True,0.0,0.0,8.87551e-06,formal_s002_near_nyquist_050ps
D3_NOISE_PLUS_MISMATCH_MC200,2,100002,NEAR_NYQUIST,18,0.5535557715961015,0.5535541846782721,167,10100111,True,0.0,0.0,9.37551e-06,formal_s002_near_nyquist_050ps
D3_NOISE_PLUS_MISMATCH_MC200,2,100002,NEAR_NYQUIST,19,-0.9344120858375181,-0.9343153307506042,55,00110111,True,0.0,0.0,9.87549e-06,formal_s002_near_nyquist_050ps
D3_NOISE_PLUS_MISMATCH_MC200,2,100002,NEAR_NYQUIST,20,1.2347974586710555,1.2347037604587536,219,11011011,True,0.0,0.0,1.03755e-05,formal_s002_near_nyquist_050ps
D3_NOISE_PLUS_MISMATCH_MC200,2,100002,NEAR_NYQUIST,21,-1.4288429034863956,-1.4289099184809932,18,00010010,True,0.0,0.0,1.08755e-05,formal_s002_near_nyquist_050ps
D3_NOISE_PLUS_MISMATCH_MC200,2,100002,NEAR_NYQUIST,22,1.499837356870662,1.499934019051156,239,11101111,True,0.0,0.0,1.13755e-05,formal_s002_near_nyquist_050ps
D3_NOISE_PLUS_MISMATCH_MC200,2,100002,NEAR_NYQUIST,23,-1.4416668241686428,-1.4416192247715818,17,00010001,True,0.0,0.0,1.18755e-05,formal_s002_near_nyquist_050ps
D3_NOISE_PLUS_MISMATCH_MC200,2,100002,NEAR_NYQUIST,24,1.259340912597195,1.259377712782997,221,11011101,True,0.0,0.0,1.23755e-05,formal_s002_near_nyquist_050ps
D3_NOISE_PLUS_MISMATCH_MC200,2,100002,NEAR_NYQUIST,25,-0.9685614072354902,-0.9685093100910953,53,00110101,True,0.0,0.0,1.28755e-05,formal_s002_near_nyquist_050ps
D3_NOISE_PLUS_MISMATCH_MC200,2,100002,NEAR_NYQUIST,26,0.5943700438371867,0.5942859274324782,171,10101011,True,0.0,0.0,1.33755e-05,formal_s002_near_nyquist_050ps
D3_NOISE_PLUS_MISMATCH_MC200,2,100002,NEAR_NYQUIST,27,-0.1689919313619605,-0.169079756136569,113,01110001,True,0.0,0.0,1.38755e-05,formal_s002_near_nyquist_050ps
D3_NOISE_PLUS_MISMATCH_MC200,2,100002,NEAR_NYQUIST,28,-0.27093965277008897,-0.27100392841295506,105,01101001,True,0.0,0.0,1.43755e-05,formal_s002_near_nyquist_050ps
D3_NOISE_PLUS_MISMATCH_MC200,2,100002,NEAR_NYQUIST,29,0.6875380959319146,0.687580496926424,178,10110010,True,0.0,0.0,1.48755e-05,formal_s002_near_nyquist_050ps
D3_NOISE_PLUS_MISMATCH_MC200,2,100002,NEAR_NYQUIST,30,-1.0449262199294669,-1.044827046122731,47,00101111,True,0.0,0.0,1.53755e-05,formal_s002_near_nyquist_050ps
D3_NOISE_PLUS_MISMATCH_MC200,2,100002,NEAR_NYQUIST,31,1.3123259994974301,1.3124092194440236,225,11100001,True,0.0,0.0,1.58755e-05,formal_s002_near_nyquist_050ps
D3_NOISE_PLUS_MISMATCH_MC200,2,100002,NEAR_NYQUIST,32,-1.4667091451689234,-1.4667179661965475,15,00001111,True,0.0,0.0,1.63755e-05,formal_s002_near_nyquist_050ps
D3_NOISE_PLUS_MISMATCH_MC200,2,100002,NEAR_NYQUIST,33,1.4947802841014617,1.494745386971706,238,11101110,True,0.0,0.0,1.68755e-05,formal_s002_near_nyquist_050ps
D3_NOISE_PLUS_MISMATCH_MC200,2,100002,NEAR_NYQUIST,34,-1.394121948658956,-1.3940710762848463,21,00010101,True,0.0,0.0,1.73755e-05,formal_s002_near_nyquist_050ps
D3_NOISE_PLUS_MISMATCH_MC200,2,100002,NEAR_NYQUIST,35,1.1734027671012242,1.173401731875104,214,11010110,True,0.0,0.0,1.78755e-05,formal_s002_near_nyquist_050ps
D3_NOISE_PLUS_MISMATCH_MC200,2,100002,NEAR_NYQUIST,36,-0.8516309271389413,-0.8516965926972297,62,00111110,True,0.0,0.0,1.83755e-05,formal_s002_near_nyquist_050ps
D3_NOISE_PLUS_MISMATCH_MC200,2,100002,NEAR_NYQUIST,37,0.456517203571318,0.4565902425797621,159,10011111,True,0.0,0.0,1.88755e-05,formal_s002_near_nyquist_050ps
D3_NOISE_PLUS_MISMATCH_MC200,2,100002,NEAR_NYQUIST,38,-0.022088524967169825,-0.022128140072639985,124,01111100,True,0.0,0.0,1.93755e-05,formal_s002_near_nyquist_050ps
D3_NOISE_PLUS_MISMATCH_MC200,2,100002,NEAR_NYQUIST,39,-0.41424240257545164,-0.41421834512022637,95,01011111,True,0.0,0.0,1.98755e-05,formal_s002_near_nyquist_050ps
D3_NOISE_PLUS_MISMATCH_MC200,2,100002,NEAR_NYQUIST,40,0.8148990525573482,0.8148482922038377,187,10111011,True,0.0,0.0,2.03755e-05,formal_s002_near_nyquist_050ps
D3_NOISE_PLUS_MISMATCH_MC200,2,100002,NEAR_NYQUIST,41,-1.14537714330869,-1.1453742414633097,39,00100111,True,0.0,0.0,2.08755e-05,formal_s002_near_nyquist_050ps
D3_NOISE_PLUS_MISMATCH_MC200,2,100002,NEAR_NYQUIST,42,1.3772161235583025,1.377237247744996,230,11100110,True,0.0,0.0,2.13755e-05,formal_s002_near_nyquist_050ps
D3_NOISE_PLUS_MISMATCH_MC200,2,100002,NEAR_NYQUIST,43,-1.4904501759986994,-1.4904727074692992,13,00001101,True,0.0,0.0,2.18755e-05,formal_s002_near_nyquist_050ps
D3_NOISE_PLUS_MISMATCH_MC200,2,100002,NEAR_NYQUIST,44,1.4753276600663443,1.4752236533984382,237,11101101,True,0.0,0.0,2.23755e-05,formal_s002_near_nyquist_050ps
D3_NOISE_PLUS_MISMATCH_MC200,2,100002,NEAR_NYQUIST,45,-1.3331509166790971,-1.3331669407804971,25,00011001,True,0.0,0.0,2.28755e-05,formal_s002_near_nyquist_050ps
D3_NOISE_PLUS_MISMATCH_MC200,2,100002,NEAR_NYQUIST,46,1.0761641115108698,1.0761841333070201,207,11001111,True,0.0,0.0,2.33755e-05,formal_s002_near_nyquist_050ps
D3_NOISE_PLUS_MISMATCH_MC200,2,100002,NEAR_NYQUIST,47,-0.7264987756652067,-0.726412265875208,71,01000111,True,0.0,0.0,2.38755e-05,formal_s002_near_nyquist_050ps
D3_NOISE_PLUS_MISMATCH_MC200,2,100002,NEAR_NYQUIST,48,0.3142678530773695,0.31425535244102415,149,10010101,True,0.0,0.0,2.43755e-05,formal_s002_near_nyquist_050ps
D3_NOISE_PLUS_MISMATCH_MC200,2,100002,NEAR_NYQUIST,49,0.12502760599784948,0.12497241651040535,135,10000111,True,0.0,0.0,2.48755e-05,formal_s002_near_nyquist_050ps
D3_NOISE_PLUS_MISMATCH_MC200,2,100002,NEAR_NYQUIST,50,-0.5535557715961213,-0.55358072366434,84,01010100,True,0.0,0.0,2.53755e-05,formal_s002_near_nyquist_050ps
D3_NOISE_PLUS_MISMATCH_MC200,2,100002,NEAR_NYQUIST,51,0.9344120858375015,0.9344726538127311,196,11000100,True,0.0,0.0,2.58755e-05,formal_s002_near_nyquist_050ps
D3_NOISE_PLUS_MISMATCH_MC200,2,100002,NEAR_NYQUIST,52,-1.2347974586710555,-1.2348828069511064,31,00011111,True,0.0,0.0,2.63755e-05,formal_s002_near_nyquist_050ps
D3_NOISE_PLUS_MISMATCH_MC200,2,100002,NEAR_NYQUIST,53,1.4288429034863923,1.428886398066908,234,11101010,True,0.0,0.0,2.68755e-05,formal_s002_near_nyquist_050ps
D3_NOISE_PLUS_MISMATCH_MC200,2,100002,NEAR_NYQUIST,54,-1.4998373568706624,-1.4997625913935175,13,00001101,True,0.0,0.0,2.73755e-05,formal_s002_near_nyquist_050ps
D3_NOISE_PLUS_MISMATCH_MC200,2,100002,NEAR_NYQUIST,55,1.4416668241686486,1.4415518534790206,235,11101011,True,0.0,0.0,2.78755e-05,formal_s002_near_nyquist_050ps
D3_NOISE_PLUS_MISMATCH_MC200,2,100002,NEAR_NYQUIST,56,-1.2593409125972181,-1.2593207489749003,31,00011111,True,0.0,0.0,2.83755e-05,formal_s002_near_nyquist_050ps
D3_NOISE_PLUS_MISMATCH_MC200,2,100002,NEAR_NYQUIST,57,0.9685614072355067,0.9684890036042842,199,11000111,True,0.0,0.0,2.88755e-05,formal_s002_near_nyquist_050ps
D3_NOISE_PLUS_MISMATCH_MC200,2,100002,NEAR_NYQUIST,58,-0.5943700438372259,-0.5943897404872015,81,01010001,True,0.0,0.0,2.93755e-05,formal_s002_near_nyquist_050ps
D3_NOISE_PLUS_MISMATCH_MC200,2,100002,NEAR_NYQUIST,59,0.16899193136198168,0.16911034812776166,139,10001011,True,0.0,0.0,2.98755e-05,formal_s002_near_nyquist_050ps
D3_NOISE_PLUS_MISMATCH_MC200,2,100002,NEAR_NYQUIST,60,0.27093965277008897,0.2710260144099598,146,10010010,True,0.0,0.0,3.03755e-05,formal_s002_near_nyquist_050ps
D3_NOISE_PLUS_MISMATCH_MC200,2,100002,NEAR_NYQUIST,61,-0.6875380959318957,-0.6875487991518502,74,01001010,True,0.0,0.0,3.08755e-05,formal_s002_near_nyquist_050ps
D3_NOISE_PLUS_MISMATCH_MC200,2,100002,NEAR_NYQUIST,62,1.0449262199294513,1.0448469065805894,205,11001101,True,0.0,0.0,3.13755e-05,formal_s002_near_nyquist_050ps
D3_NOISE_PLUS_MISMATCH_MC200,2,100002,NEAR_NYQUIST,63,-1.3123259994974505,-1.3123863684034562,27,00011011,True,0.0,0.0,3.18755e-05,formal_s002_near_nyquist_050ps
D3_NOISE_PLUS_MISMATCH_MC200,3,100003,LOW,0,1.2827920356296627,1.2828902960507325,226,11100010,True,0.0,0.0,3.75497e-07,formal_s003_low_050ps
D3_NOISE_PLUS_MISMATCH_MC200,3,100003,LOW,1,1.4848272767569515,1.4847917950223695,242,11110010,True,0.0,0.0,8.75503e-07,formal_s003_low_050ps
D3_NOISE_PLUS_MISMATCH_MC200,3,100003,LOW,2,1.0127819771128357,1.0127250394037193,206,11001110,True,0.0,0.0,1.37548e-06,formal_s003_low_050ps
D3_NOISE_PLUS_MISMATCH_MC200,3,100003,LOW,3,0.08095483381425314,0.08097440959825364,136,10001000,True,0.0,0.0,1.87551e-06,formal_s003_low_050ps
D3_NOISE_PLUS_MISMATCH_MC200,3,100003,LOW,4,-0.887624111535514,-0.8876553625803686,64,01000000,True,0.0,0.0,2.37549e-06,formal_s003_low_050ps
D3_NOISE_PLUS_MISMATCH_MC200,3,100003,LOW,5,-1.4532402675617817,-1.453264595214216,20,00010100,True,0.0,0.0,2.87551e-06,formal_s003_low_050ps
D3_NOISE_PLUS_MISMATCH_MC200,3,100003,LOW,6,-1.359115724610322,-1.3592129542928053,27,00011011,True,0.0,0.0,3.3755e-06,formal_s003_low_050ps
D3_NOISE_PLUS_MISMATCH_MC200,3,100003,LOW,7,-0.6479810573451181,-0.6479892721835194,81,01010001,True,0.0,0.0,3.8755e-06,formal_s003_low_050ps
D3_NOISE_PLUS_MISMATCH_MC200,3,100003,LOW,8,0.35732346279269056,0.35730001258538896,157,10011101,True,0.0,0.0,4.37548e-06,formal_s003_low_050ps
D3_NOISE_PLUS_MISMATCH_MC200,3,100003,LOW,9,1.200410601286161,1.2003239249026099,220,11011100,True,0.0,0.0,4.8755e-06,formal_s003_low_050ps
D3_NOISE_PLUS_MISMATCH_MC200,3,100003,LOW,10,1.4985364234506107,1.4986437497760754,243,11110011,True,0.0,0.0,5.3755e-06,formal_s003_low_050ps
D3_NOISE_PLUS_MISMATCH_MC200,3,100003,LOW,11,1.1163580388581014,1.116303607351219,214,11010110,True,0.0,0.0,5.8755e-06,formal_s003_low_050ps
D3_NOISE_PLUS_MISMATCH_MC200,3,100003,LOW,12,0.22737644401506385,0.22747603459454424,147,10010011,True,0.0,0.0,6.37551e-06,formal_s003_low_050ps
D3_NOISE_PLUS_MISMATCH_MC200,3,100003,LOW,13,-0.7648293027139206,-0.7648970386229174,72,01001000,True,0.0,0.0,6.8755e-06,formal_s003_low_050ps
D3_NOISE_PLUS_MISMATCH_MC200,3,100003,LOW,14,-1.40981853608705,-1.4098724683458697,24,00011000,True,0.0,0.0,7.3755e-06,formal_s003_low_050ps
D3_NOISE_PLUS_MISMATCH_MC200,3,100003,LOW,15,-1.4147796287657606,-1.41486700898672,23,00010111,True,0.0,0.0,7.87551e-06,formal_s003_low_050ps
D3_NOISE_PLUS_MISMATCH_MC200,3,100003,LOW,16,-0.7774603483941246,-0.7775238938555187,71,01000111,True,0.0,0.0,8.3755e-06,formal_s003_low_050ps
D3_NOISE_PLUS_MISMATCH_MC200,3,100003,LOW,17,0.21280967599837608,0.21290546943145472,146,10010010,True,0.0,0.0,8.87551e-06,formal_s003_low_050ps
D3_NOISE_PLUS_MISMATCH_MC200,3,100003,LOW,18,1.106468556641088,1.1064697069862584,213,11010101,True,0.0,0.0,9.3755e-06,formal_s003_low_050ps
D3_NOISE_PLUS_MISMATCH_MC200,3,100003,LOW,19,1.4978138452031033,1.4977943838625398,243,11110011,True,0.0,0.0,9.8755e-06,formal_s003_low_050ps
D3_NOISE_PLUS_MISMATCH_MC200,3,100003,LOW,20,1.2091829624257837,1.2092480846469778,221,11011101,True,0.0,0.0,1.03755e-05,formal_s003_low_050ps
D3_NOISE_PLUS_MISMATCH_MC200,3,100003,LOW,21,0.3716082947633996,0.3716380681010167,158,10011110,True,0.0,0.0,1.08755e-05,formal_s003_low_050ps
D3_NOISE_PLUS_MISMATCH_MC200,3,100003,LOW,22,-0.6346687696089611,-0.6345965796509633,82,01010010,True,0.0,0.0,1.13755e-05,formal_s003_low_050ps
D3_NOISE_PLUS_MISMATCH_MC200,3,100003,LOW,23,-1.3528194814245906,-1.3528590184947886,28,00011100,True,0.0,0.0,1.18755e-05,formal_s003_low_050ps
D3_NOISE_PLUS_MISMATCH_MC200,3,100003,LOW,24,-1.4568184316989683,-1.456837938787296,20,00010100,True,0.0,0.0,1.23755e-05,formal_s003_low_050ps
D3_NOISE_PLUS_MISMATCH_MC200,3,100003,LOW,25,-0.8994522712850329,-0.8993677940141576,62,00111110,True,0.0,0.0,1.28755e-05,formal_s003_low_050ps
D3_NOISE_PLUS_MISMATCH_MC200,3,100003,LOW,26,0.0662464156905973,0.06626743672403511,135,10000111,True,0.0,0.0,1.33755e-05,formal_s003_low_050ps
D3_NOISE_PLUS_MISMATCH_MC200,3,100003,LOW,27,1.0018706149383227,1.00194376824474,205,11001101,True,0.0,0.0,1.38755e-05,formal_s003_low_050ps
D3_NOISE_PLUS_MISMATCH_MC200,3,100003,LOW,28,1.482666500837955,1.4826375414340234,241,11110001,True,0.0,0.0,1.43755e-05,formal_s003_low_050ps
D3_NOISE_PLUS_MISMATCH_MC200,3,100003,LOW,29,1.2903627930586585,1.2903451992988848,227,11100011,True,0.0,0.0,1.48755e-05,formal_s003_low_050ps
D3_NOISE_PLUS_MISMATCH_MC200,3,100003,LOW,30,0.5122613544914112,0.5121970473095393,168,10101000,True,0.0,0.0,1.53755e-05,formal_s003_low_050ps
D3_NOISE_PLUS_MISMATCH_MC200,3,100003,LOW,31,-0.4983960293074411,-0.4984130697409369,92,01011100,True,0.0,0.0,1.58755e-05,formal_s003_low_050ps
D3_NOISE_PLUS_MISMATCH_MC200,3,100003,LOW,32,-1.2827920356296636,-1.2828311630625402,33,00100001,True,0.0,0.0,1.63755e-05,formal_s003_low_050ps
D3_NOISE_PLUS_MISMATCH_MC200,3,100003,LOW,33,-1.4848272767569517,-1.4848410619558652,18,00010010,True,0.0,0.0,1.68755e-05,formal_s003_low_050ps
D3_NOISE_PLUS_MISMATCH_MC200,3,100003,LOW,34,-1.0127819771128357,-1.0127149913245055,53,00110101,True,0.0,0.0,1.73755e-05,formal_s003_low_050ps
D3_NOISE_PLUS_MISMATCH_MC200,3,100003,LOW,35,-0.08095483381425642,-0.0809593078627645,124,01111100,True,0.0,0.0,1.78755e-05,formal_s003_low_050ps
D3_NOISE_PLUS_MISMATCH_MC200,3,100003,LOW,36,0.8876241115355172,0.8876870141511284,197,11000101,True,0.0,0.0,1.83755e-05,formal_s003_low_050ps
D3_NOISE_PLUS_MISMATCH_MC200,3,100003,LOW,37,1.453240267561782,1.4532065173499866,240,11110000,True,0.0,0.0,1.88755e-05,formal_s003_low_050ps
D3_NOISE_PLUS_MISMATCH_MC200,3,100003,LOW,38,1.3591157246103238,1.3591125532726154,232,11101000,True,0.0,0.0,1.93755e-05,formal_s003_low_050ps
D3_NOISE_PLUS_MISMATCH_MC200,3,100003,LOW,39,0.6479810573451193,0.648026491632726,179,10110011,True,0.0,0.0,1.98755e-05,formal_s003_low_050ps
D3_NOISE_PLUS_MISMATCH_MC200,3,100003,LOW,40,-0.3573234627926919,-0.35743257092717756,103,01100111,True,0.0,0.0,2.03755e-05,formal_s003_low_050ps
D3_NOISE_PLUS_MISMATCH_MC200,3,100003,LOW,41,-1.2004106012861624,-1.2004060688646365,39,00100111,True,0.0,0.0,2.08755e-05,formal_s003_low_050ps
D3_NOISE_PLUS_MISMATCH_MC200,3,100003,LOW,42,-1.4985364234506107,-1.4984478294732666,17,00010001,True,0.0,0.0,2.13755e-05,formal_s003_low_050ps
D3_NOISE_PLUS_MISMATCH_MC200,3,100003,LOW,43,-1.116358038858104,-1.1163750577497713,46,00101110,True,0.0,0.0,2.18755e-05,formal_s003_low_050ps
D3_NOISE_PLUS_MISMATCH_MC200,3,100003,LOW,44,-0.22737644401505985,-0.227300195170385,113,01110001,True,0.0,0.0,2.23755e-05,formal_s003_low_050ps
D3_NOISE_PLUS_MISMATCH_MC200,3,100003,LOW,45,0.7648293027139195,0.7648207909438829,188,10111100,True,0.0,0.0,2.28755e-05,formal_s003_low_050ps
D3_NOISE_PLUS_MISMATCH_MC200,3,100003,LOW,46,1.4098185360870479,1.4097614259698072,236,11101100,True,0.0,0.0,2.33755e-05,formal_s003_low_050ps
D3_NOISE_PLUS_MISMATCH_MC200,3,100003,LOW,47,1.414779628765761,1.4147809659663784,236,11101100,True,0.0,0.0,2.38755e-05,formal_s003_low_050ps
D3_NOISE_PLUS_MISMATCH_MC200,3,100003,LOW,48,0.7774603483941213,0.7773974591686614,188,10111100,True,0.0,0.0,2.43755e-05,formal_s003_low_050ps
D3_NOISE_PLUS_MISMATCH_MC200,3,100003,LOW,49,-0.2128096759983695,-0.2127745488309402,114,01110010,True,0.0,0.0,2.48755e-05,formal_s003_low_050ps
D3_NOISE_PLUS_MISMATCH_MC200,3,100003,LOW,50,-1.1064685566410837,-1.1063886165853398,46,00101110,True,0.0,0.0,2.53755e-05,formal_s003_low_050ps
D3_NOISE_PLUS_MISMATCH_MC200,3,100003,LOW,51,-1.4978138452031033,-1.4977618463247866,17,00010001,True,0.0,0.0,2.58755e-05,formal_s003_low_050ps
D3_NOISE_PLUS_MISMATCH_MC200,3,100003,LOW,52,-1.2091829624257844,-1.209187847283315,38,00100110,True,0.0,0.0,2.63755e-05,formal_s003_low_050ps
D3_NOISE_PLUS_MISMATCH_MC200,3,100003,LOW,53,-0.37160829476340085,-0.3715995178022204,102,01100110,True,0.0,0.0,2.68755e-05,formal_s003_low_050ps
D3_NOISE_PLUS_MISMATCH_MC200,3,100003,LOW,54,0.6346687696089551,0.634696588632639,178,10110010,True,0.0,0.0,2.73755e-05,formal_s003_low_050ps
D3_NOISE_PLUS_MISMATCH_MC200,3,100003,LOW,55,1.352819481424588,1.3527947124119206,232,11101000,True,0.0,0.0,2.78755e-05,formal_s003_low_050ps
D3_NOISE_PLUS_MISMATCH_MC200,3,100003,LOW,56,1.4568184316989696,1.4567958217982984,240,11110000,True,0.0,0.0,2.83755e-05,formal_s003_low_050ps
D3_NOISE_PLUS_MISMATCH_MC200,3,100003,LOW,57,0.8994522712850339,0.8994464780787731,198,11000110,True,0.0,0.0,2.88755e-05,formal_s003_low_050ps
D3_NOISE_PLUS_MISMATCH_MC200,3,100003,LOW,58,-0.06624641569059603,-0.06622983410081242,125,01111101,True,0.0,0.0,2.93755e-05,formal_s003_low_050ps
D3_NOISE_PLUS_MISMATCH_MC200,3,100003,LOW,59,-1.0018706149383219,-1.001885999814763,54,00110110,True,0.0,0.0,2.98755e-05,formal_s003_low_050ps
D3_NOISE_PLUS_MISMATCH_MC200,3,100003,LOW,60,-1.4826665008379531,-1.482751095097265,18,00010010,True,0.0,0.0,3.03755e-05,formal_s003_low_050ps
D3_NOISE_PLUS_MISMATCH_MC200,3,100003,LOW,61,-1.2903627930586619,-1.2903746119198392,32,00100000,True,0.0,0.0,3.08755e-05,formal_s003_low_050ps
D3_NOISE_PLUS_MISMATCH_MC200,3,100003,LOW,62,-0.5122613544914125,-0.5122272959627154,91,01011011,True,0.0,0.0,3.13755e-05,formal_s003_low_050ps
D3_NOISE_PLUS_MISMATCH_MC200,3,100003,LOW,63,0.4983960293074198,0.4984112157148765,167,10100111,True,0.0,0.0,3.18755e-05,formal_s003_low_050ps
D3_NOISE_PLUS_MISMATCH_MC200,3,100003,NEAR_NYQUIST,0,1.4667091451689225,1.4668074055899922,240,11110000,True,0.0,0.0,3.75484e-07,formal_s003_near_nyquist_050ps
D3_NOISE_PLUS_MISMATCH_MC200,3,100003,NEAR_NYQUIST,1,-1.494780284101462,-1.494815765836044,17,00010001,True,0.0,0.0,8.75502e-07,formal_s003_near_nyquist_050ps
D3_NOISE_PLUS_MISMATCH_MC200,3,100003,NEAR_NYQUIST,2,1.3941219486589564,1.39406501094984,235,11101011,True,0.0,0.0,1.3755e-06,formal_s003_near_nyquist_050ps
D3_NOISE_PLUS_MISMATCH_MC200,3,100003,NEAR_NYQUIST,3,-1.1734027671012242,-1.1733831913172237,41,00101001,True,0.0,0.0,1.87551e-06,formal_s003_near_nyquist_050ps
D3_NOISE_PLUS_MISMATCH_MC200,3,100003,NEAR_NYQUIST,4,0.8516309271389413,0.8515996760940867,194,11000010,True,0.0,0.0,2.3755e-06,formal_s003_near_nyquist_050ps
D3_NOISE_PLUS_MISMATCH_MC200,3,100003,NEAR_NYQUIST,5,-0.45651720357131287,-0.4565415312237471,96,01100000,True,0.0,0.0,2.87548e-06,formal_s003_near_nyquist_050ps
D3_NOISE_PLUS_MISMATCH_MC200,3,100003,NEAR_NYQUIST,6,0.022088524967191138,0.021991295284707862,131,10000011,True,0.0,0.0,3.3755e-06,formal_s003_near_nyquist_050ps
D3_NOISE_PLUS_MISMATCH_MC200,3,100003,NEAR_NYQUIST,7,0.4142424025754567,0.4142341877370554,161,10100001,True,0.0,0.0,3.87551e-06,formal_s003_near_nyquist_050ps
D3_NOISE_PLUS_MISMATCH_MC200,3,100003,NEAR_NYQUIST,8,-0.8148990525573347,-0.8149225027646364,68,01000100,True,0.0,0.0,4.3755e-06,formal_s003_near_nyquist_050ps
D3_NOISE_PLUS_MISMATCH_MC200,3,100003,NEAR_NYQUIST,9,1.1453771433086934,1.1452904669251422,216,11011000,True,0.0,0.0,4.8755e-06,formal_s003_near_nyquist_050ps
D3_NOISE_PLUS_MISMATCH_MC200,3,100003,NEAR_NYQUIST,10,-1.3772161235583067,-1.377108797232842,26,00011010,True,0.0,0.0,5.3755e-06,formal_s003_near_nyquist_050ps
D3_NOISE_PLUS_MISMATCH_MC200,3,100003,NEAR_NYQUIST,11,1.4904501759986983,1.4903957444918159,242,11110010,True,0.0,0.0,5.8755e-06,formal_s003_near_nyquist_050ps
D3_NOISE_PLUS_MISMATCH_MC200,3,100003,NEAR_NYQUIST,12,-1.4753276600663425,-1.4752280694868622,19,00010011,True,0.0,0.0,6.3755e-06,formal_s003_near_nyquist_050ps
D3_NOISE_PLUS_MISMATCH_MC200,3,100003,NEAR_NYQUIST,13,1.3331509166790971,1.3330831807701002,230,11100110,True,0.0,0.0,6.87549e-06,formal_s003_near_nyquist_050ps
D3_NOISE_PLUS_MISMATCH_MC200,3,100003,NEAR_NYQUIST,14,-1.076164111510855,-1.0762180437696744,49,00110001,True,0.0,0.0,7.3755e-06,formal_s003_near_nyquist_050ps
D3_NOISE_PLUS_MISMATCH_MC200,3,100003,NEAR_NYQUIST,15,0.7264987756651974,0.726411395444238,185,10111001,True,0.0,0.0,7.8755e-06,formal_s003_near_nyquist_050ps
D3_NOISE_PLUS_MISMATCH_MC200,3,100003,NEAR_NYQUIST,16,-0.31426785307733823,-0.3143313985387324,106,01101010,True,0.0,0.0,8.37548e-06,formal_s003_near_nyquist_050ps
D3_NOISE_PLUS_MISMATCH_MC200,3,100003,NEAR_NYQUIST,17,-0.12502760599786011,-0.12493181256478146,120,01111000,True,0.0,0.0,8.87551e-06,formal_s003_near_nyquist_050ps
D3_NOISE_PLUS_MISMATCH_MC200,3,100003,NEAR_NYQUIST,18,0.5535557715961015,0.553556921941272,171,10101011,True,0.0,0.0,9.37548e-06,formal_s003_near_nyquist_050ps
D3_NOISE_PLUS_MISMATCH_MC200,3,100003,NEAR_NYQUIST,19,-0.9344120858375181,-0.9344315471780817,59,00111011,True,0.0,0.0,9.87549e-06,formal_s003_near_nyquist_050ps
D3_NOISE_PLUS_MISMATCH_MC200,3,100003,NEAR_NYQUIST,20,1.2347974586710555,1.2348625808922495,223,11011111,True,0.0,0.0,1.03755e-05,formal_s003_near_nyquist_050ps
D3_NOISE_PLUS_MISMATCH_MC200,3,100003,NEAR_NYQUIST,21,-1.4288429034863956,-1.4288131301487785,22,00010110,True,0.0,0.0,1.08755e-05,formal_s003_near_nyquist_050ps
D3_NOISE_PLUS_MISMATCH_MC200,3,100003,NEAR_NYQUIST,22,1.499837356870662,1.4999095468286598,243,11110011,True,0.0,0.0,1.13755e-05,formal_s003_near_nyquist_050ps
D3_NOISE_PLUS_MISMATCH_MC200,3,100003,NEAR_NYQUIST,23,-1.4416668241686428,-1.4417063612388408,21,00010101,True,0.0,0.0,1.18755e-05,formal_s003_near_nyquist_050ps
D3_NOISE_PLUS_MISMATCH_MC200,3,100003,NEAR_NYQUIST,24,1.259340912597195,1.2593214055088673,225,11100001,True,0.0,0.0,1.23755e-05,formal_s003_near_nyquist_050ps
D3_NOISE_PLUS_MISMATCH_MC200,3,100003,NEAR_NYQUIST,25,-0.9685614072354902,-0.9684769299646149,57,00111001,True,0.0,0.0,1.28755e-05,formal_s003_near_nyquist_050ps
D3_NOISE_PLUS_MISMATCH_MC200,3,100003,NEAR_NYQUIST,26,0.5943700438371867,0.5943910648706245,174,10101110,True,0.0,0.0,1.33755e-05,formal_s003_near_nyquist_050ps
D3_NOISE_PLUS_MISMATCH_MC200,3,100003,NEAR_NYQUIST,27,-0.1689919313619605,-0.1689187780555432,117,01110101,True,0.0,0.0,1.38755e-05,formal_s003_near_nyquist_050ps
D3_NOISE_PLUS_MISMATCH_MC200,3,100003,NEAR_NYQUIST,28,-0.27093965277008897,-0.2709686121740204,109,01101101,True,0.0,0.0,1.43755e-05,formal_s003_near_nyquist_050ps
D3_NOISE_PLUS_MISMATCH_MC200,3,100003,NEAR_NYQUIST,29,0.6875380959319146,0.6875205021721409,182,10110110,True,0.0,0.0,1.48755e-05,formal_s003_near_nyquist_050ps
D3_NOISE_PLUS_MISMATCH_MC200,3,100003,NEAR_NYQUIST,30,-1.0449262199294669,-1.0449905271113389,51,00110011,True,0.0,0.0,1.53755e-05,formal_s003_near_nyquist_050ps
D3_NOISE_PLUS_MISMATCH_MC200,3,100003,NEAR_NYQUIST,31,1.3123259994974301,1.3123089590639343,229,11100101,True,0.0,0.0,1.58755e-05,formal_s003_near_nyquist_050ps
D3_NOISE_PLUS_MISMATCH_MC200,3,100003,NEAR_NYQUIST,32,-1.4667091451689234,-1.4667482726018,19,00010011,True,0.0,0.0,1.63755e-05,formal_s003_near_nyquist_050ps
D3_NOISE_PLUS_MISMATCH_MC200,3,100003,NEAR_NYQUIST,33,1.4947802841014617,1.4947664989025482,242,11110010,True,0.0,0.0,1.68755e-05,formal_s003_near_nyquist_050ps
D3_NOISE_PLUS_MISMATCH_MC200,3,100003,NEAR_NYQUIST,34,-1.394121948658956,-1.3940549628706258,25,00011001,True,0.0,0.0,1.73755e-05,formal_s003_near_nyquist_050ps
D3_NOISE_PLUS_MISMATCH_MC200,3,100003,NEAR_NYQUIST,35,1.1734027671012242,1.173398293052716,218,11011010,True,0.0,0.0,1.78755e-05,formal_s003_near_nyquist_050ps
D3_NOISE_PLUS_MISMATCH_MC200,3,100003,NEAR_NYQUIST,36,-0.8516309271389413,-0.8515680245233301,66,01000010,True,0.0,0.0,1.83755e-05,formal_s003_near_nyquist_050ps
D3_NOISE_PLUS_MISMATCH_MC200,3,100003,NEAR_NYQUIST,37,0.456517203571318,0.45648345335952256,164,10100100,True,0.0,0.0,1.88755e-05,formal_s003_near_nyquist_050ps
D3_NOISE_PLUS_MISMATCH_MC200,3,100003,NEAR_NYQUIST,38,-0.022088524967169825,-0.0220916963048783,128,10000000,True,0.0,0.0,1.93755e-05,formal_s003_near_nyquist_050ps
D3_NOISE_PLUS_MISMATCH_MC200,3,100003,NEAR_NYQUIST,39,-0.41424240257545164,-0.414196968287845,99,01100011,True,0.0,0.0,1.98755e-05,formal_s003_near_nyquist_050ps
D3_NOISE_PLUS_MISMATCH_MC200,3,100003,NEAR_NYQUIST,40,0.8148990525573482,0.8147899444228626,192,11000000,True,0.0,0.0,2.03755e-05,formal_s003_near_nyquist_050ps
D3_NOISE_PLUS_MISMATCH_MC200,3,100003,NEAR_NYQUIST,41,-1.14537714330869,-1.145372610887164,43,00101011,True,0.0,0.0,2.08755e-05,formal_s003_near_nyquist_050ps
D3_NOISE_PLUS_MISMATCH_MC200,3,100003,NEAR_NYQUIST,42,1.3772161235583025,1.3773047175356465,234,11101010,True,0.0,0.0,2.13755e-05,formal_s003_near_nyquist_050ps
D3_NOISE_PLUS_MISMATCH_MC200,3,100003,NEAR_NYQUIST,43,-1.4904501759986994,-1.4904671948903667,17,00010001,True,0.0,0.0,2.18755e-05,formal_s003_near_nyquist_050ps
D3_NOISE_PLUS_MISMATCH_MC200,3,100003,NEAR_NYQUIST,44,1.4753276600663443,1.4754039089110191,241,11110001,True,0.0,0.0,2.23755e-05,formal_s003_near_nyquist_050ps
D3_NOISE_PLUS_MISMATCH_MC200,3,100003,NEAR_NYQUIST,45,-1.3331509166790971,-1.3331594284491337,29,00011101,True,0.0,0.0,2.28755e-05,formal_s003_near_nyquist_050ps
D3_NOISE_PLUS_MISMATCH_MC200,3,100003,NEAR_NYQUIST,46,1.0761641115108698,1.0761070013936291,211,11010011,True,0.0,0.0,2.33755e-05,formal_s003_near_nyquist_050ps
D3_NOISE_PLUS_MISMATCH_MC200,3,100003,NEAR_NYQUIST,47,-0.7264987756652067,-0.7264974384645895,75,01001011,True,0.0,0.0,2.38755e-05,formal_s003_near_nyquist_050ps
D3_NOISE_PLUS_MISMATCH_MC200,3,100003,NEAR_NYQUIST,48,0.3142678530773695,0.3142049638519097,153,10011001,True,0.0,0.0,2.43755e-05,formal_s003_near_nyquist_050ps
D3_NOISE_PLUS_MISMATCH_MC200,3,100003,NEAR_NYQUIST,49,0.12502760599784948,0.12506273316527877,139,10001011,True,0.0,0.0,2.48755e-05,formal_s003_near_nyquist_050ps
D3_NOISE_PLUS_MISMATCH_MC200,3,100003,NEAR_NYQUIST,50,-0.5535557715961213,-0.5534758315403775,88,01011000,True,0.0,0.0,2.53755e-05,formal_s003_near_nyquist_050ps
D3_NOISE_PLUS_MISMATCH_MC200,3,100003,NEAR_NYQUIST,51,0.9344120858375015,0.9344640847158181,200,11001000,True,0.0,0.0,2.58755e-05,formal_s003_near_nyquist_050ps
D3_NOISE_PLUS_MISMATCH_MC200,3,100003,NEAR_NYQUIST,52,-1.2347974586710555,-1.2348023435285862,37,00100101,True,0.0,0.0,2.63755e-05,formal_s003_near_nyquist_050ps
D3_NOISE_PLUS_MISMATCH_MC200,3,100003,NEAR_NYQUIST,53,1.4288429034863923,1.4288516804475728,237,11101101,True,0.0,0.0,2.68755e-05,formal_s003_near_nyquist_050ps
D3_NOISE_PLUS_MISMATCH_MC200,3,100003,NEAR_NYQUIST,54,-1.4998373568706624,-1.4998095378469787,17,00010001,True,0.0,0.0,2.73755e-05,formal_s003_near_nyquist_050ps
D3_NOISE_PLUS_MISMATCH_MC200,3,100003,NEAR_NYQUIST,55,1.4416668241686486,1.4416420551559812,238,11101110,True,0.0,0.0,2.78755e-05,formal_s003_near_nyquist_050ps
D3_NOISE_PLUS_MISMATCH_MC200,3,100003,NEAR_NYQUIST,56,-1.2593409125972181,-1.2593635224978894,35,00100011,True,0.0,0.0,2.83755e-05,formal_s003_near_nyquist_050ps
D3_NOISE_PLUS_MISMATCH_MC200,3,100003,NEAR_NYQUIST,57,0.9685614072355067,0.9685556140292458,203,11001011,True,0.0,0.0,2.88755e-05,formal_s003_near_nyquist_050ps
D3_NOISE_PLUS_MISMATCH_MC200,3,100003,NEAR_NYQUIST,58,-0.5943700438372259,-0.5943534622474423,85,01010101,True,0.0,0.0,2.93755e-05,formal_s003_near_nyquist_050ps
D3_NOISE_PLUS_MISMATCH_MC200,3,100003,NEAR_NYQUIST,59,0.16899193136198168,0.16897654648554075,142,10001110,True,0.0,0.0,2.98755e-05,formal_s003_near_nyquist_050ps
D3_NOISE_PLUS_MISMATCH_MC200,3,100003,NEAR_NYQUIST,60,0.27093965277008897,0.27085505851077707,150,10010110,True,0.0,0.0,3.03755e-05,formal_s003_near_nyquist_050ps
D3_NOISE_PLUS_MISMATCH_MC200,3,100003,NEAR_NYQUIST,61,-0.6875380959318957,-0.6875499147930729,78,01001110,True,0.0,0.0,3.08755e-05,formal_s003_near_nyquist_050ps
D3_NOISE_PLUS_MISMATCH_MC200,3,100003,NEAR_NYQUIST,62,1.0449262199294513,1.0449602784581484,208,11010000,True,0.0,0.0,3.13755e-05,formal_s003_near_nyquist_050ps
D3_NOISE_PLUS_MISMATCH_MC200,3,100003,NEAR_NYQUIST,63,-1.3123259994974505,-1.3123108130899939,31,00011111,True,0.0,0.0,3.18755e-05,formal_s003_near_nyquist_050ps
D3_NOISE_PLUS_MISMATCH_MC200,47,100047,LOW,0,1.2827920356296627,1.2828714631926428,222,11011110,True,0.0,0.0,3.75501e-07,formal_s047_low_050ps
D3_NOISE_PLUS_MISMATCH_MC200,47,100047,LOW,1,1.4848272767569515,1.484848156218105,237,11101101,True,0.0,0.0,8.75502e-07,formal_s047_low_050ps
D3_NOISE_PLUS_MISMATCH_MC200,47,100047,LOW,2,1.0127819771128357,1.0128763716485005,202,11001010,True,0.0,0.0,1.37548e-06,formal_s047_low_050ps
D3_NOISE_PLUS_MISMATCH_MC200,47,100047,LOW,3,0.08095483381425314,0.08090010525402135,132,10000100,True,0.0,0.0,1.8755e-06,formal_s047_low_050ps
D3_NOISE_PLUS_MISMATCH_MC200,47,100047,LOW,4,-0.887624111535514,-0.8876904564776767,59,00111011,True,0.0,0.0,2.3755e-06,formal_s047_low_050ps
D3_NOISE_PLUS_MISMATCH_MC200,47,100047,LOW,5,-1.4532402675617817,-1.4532437819212958,16,00010000,True,0.0,0.0,2.8755e-06,formal_s047_low_050ps
D3_NOISE_PLUS_MISMATCH_MC200,47,100047,LOW,6,-1.359115724610322,-1.3591942285386112,23,00010111,True,0.0,0.0,3.37548e-06,formal_s047_low_050ps
D3_NOISE_PLUS_MISMATCH_MC200,47,100047,LOW,7,-0.6479810573451181,-0.6480594570523006,77,01001101,True,0.0,0.0,3.8755e-06,formal_s047_low_050ps
D3_NOISE_PLUS_MISMATCH_MC200,47,100047,LOW,8,0.35732346279269056,0.35728278214774734,153,10011001,True,0.0,0.0,4.37548e-06,formal_s047_low_050ps
D3_NOISE_PLUS_MISMATCH_MC200,47,100047,LOW,9,1.200410601286161,1.2004831960209477,216,11011000,True,0.0,0.0,4.8755e-06,formal_s047_low_050ps
D3_NOISE_PLUS_MISMATCH_MC200,47,100047,LOW,10,1.4985364234506107,1.4985624854339108,239,11101111,True,0.0,0.0,5.3755e-06,formal_s047_low_050ps
D3_NOISE_PLUS_MISMATCH_MC200,47,100047,LOW,11,1.1163580388581014,1.116351984691935,210,11010010,True,0.0,0.0,5.8755e-06,formal_s047_low_050ps
D3_NOISE_PLUS_MISMATCH_MC200,47,100047,LOW,12,0.22737644401506385,0.22731426865414836,143,10001111,True,0.0,0.0,6.3755e-06,formal_s047_low_050ps
D3_NOISE_PLUS_MISMATCH_MC200,47,100047,LOW,13,-0.7648293027139206,-0.7647814010412639,68,01000100,True,0.0,0.0,6.8755e-06,formal_s047_low_050ps
D3_NOISE_PLUS_MISMATCH_MC200,47,100047,LOW,14,-1.40981853608705,-1.4099579839514766,19,00010011,True,0.0,0.0,7.3755e-06,formal_s047_low_050ps
D3_NOISE_PLUS_MISMATCH_MC200,47,100047,LOW,15,-1.4147796287657606,-1.4146850811620475,19,00010011,True,0.0,0.0,7.8755e-06,formal_s047_low_050ps
D3_NOISE_PLUS_MISMATCH_MC200,47,100047,LOW,16,-0.7774603483941246,-0.7773639427651825,67,01000011,True,0.0,0.0,8.3755e-06,formal_s047_low_050ps
D3_NOISE_PLUS_MISMATCH_MC200,47,100047,LOW,17,0.21280967599837608,0.21289859118678572,142,10001110,True,0.0,0.0,8.87551e-06,formal_s047_low_050ps
D3_NOISE_PLUS_MISMATCH_MC200,47,100047,LOW,18,1.106468556641088,1.1064166198460004,209,11010001,True,0.0,0.0,9.3755e-06,formal_s047_low_050ps
D3_NOISE_PLUS_MISMATCH_MC200,47,100047,LOW,19,1.4978138452031033,1.4977960410512472,239,11101111,True,0.0,0.0,9.8755e-06,formal_s047_low_050ps
D3_NOISE_PLUS_MISMATCH_MC200,47,100047,LOW,20,1.2091829624257837,1.20913448178434,217,11011001,True,0.0,0.0,1.03755e-05,formal_s047_low_050ps
D3_NOISE_PLUS_MISMATCH_MC200,47,100047,LOW,21,0.3716082947633996,0.37166336634785513,154,10011010,True,0.0,0.0,1.08755e-05,formal_s047_low_050ps
D3_NOISE_PLUS_MISMATCH_MC200,47,100047,LOW,22,-0.6346687696089611,-0.6346830586226044,78,01001110,True,0.0,0.0,1.13755e-05,formal_s047_low_050ps
D3_NOISE_PLUS_MISMATCH_MC200,47,100047,LOW,23,-1.3528194814245906,-1.3529728971208599,24,00011000,True,0.0,0.0,1.18755e-05,formal_s047_low_050ps
D3_NOISE_PLUS_MISMATCH_MC200,47,100047,LOW,24,-1.4568184316989683,-1.4566891344236794,16,00010000,True,0.0,0.0,1.23755e-05,formal_s047_low_050ps
D3_NOISE_PLUS_MISMATCH_MC200,47,100047,LOW,25,-0.8994522712850329,-0.8994749234075173,58,00111010,True,0.0,0.0,1.28755e-05,formal_s047_low_050ps
D3_NOISE_PLUS_MISMATCH_MC200,47,100047,LOW,26,0.0662464156905973,0.06616417488154795,131,10000011,True,0.0,0.0,1.33755e-05,formal_s047_low_050ps
D3_NOISE_PLUS_MISMATCH_MC200,47,100047,LOW,27,1.0018706149383227,1.0019320381605608,201,11001001,True,0.0,0.0,1.38755e-05,formal_s047_low_050ps
D3_NOISE_PLUS_MISMATCH_MC200,47,100047,LOW,28,1.482666500837955,1.4826528253723967,237,11101101,True,0.0,0.0,1.43755e-05,formal_s047_low_050ps
D3_NOISE_PLUS_MISMATCH_MC200,47,100047,LOW,29,1.2903627930586585,1.2903818798314,223,11011111,True,0.0,0.0,1.48755e-05,formal_s047_low_050ps
D3_NOISE_PLUS_MISMATCH_MC200,47,100047,LOW,30,0.5122613544914112,0.5122421730762846,164,10100100,True,0.0,0.0,1.53755e-05,formal_s047_low_050ps
D3_NOISE_PLUS_MISMATCH_MC200,47,100047,LOW,31,-0.4983960293074411,-0.49839002613819844,88,01011000,True,0.0,0.0,1.58755e-05,formal_s047_low_050ps
D3_NOISE_PLUS_MISMATCH_MC200,47,100047,LOW,32,-1.2827920356296636,-1.2828145926044323,29,00011101,True,0.0,0.0,1.63755e-05,formal_s047_low_050ps
D3_NOISE_PLUS_MISMATCH_MC200,47,100047,LOW,33,-1.4848272767569517,-1.4847527022847018,14,00001110,True,0.0,0.0,1.68755e-05,formal_s047_low_050ps
D3_NOISE_PLUS_MISMATCH_MC200,47,100047,LOW,34,-1.0127819771128357,-1.0126640725876257,49,00110001,True,0.0,0.0,1.73755e-05,formal_s047_low_050ps
D3_NOISE_PLUS_MISMATCH_MC200,47,100047,LOW,35,-0.08095483381425642,-0.08091766029171588,119,01110111,True,0.0,0.0,1.78755e-05,formal_s047_low_050ps
D3_NOISE_PLUS_MISMATCH_MC200,47,100047,LOW,36,0.8876241115355172,0.8875945044612631,192,11000000,True,0.0,0.0,1.83755e-05,formal_s047_low_050ps
D3_NOISE_PLUS_MISMATCH_MC200,47,100047,LOW,37,1.453240267561782,1.4531941974941294,235,11101011,True,0.0,0.0,1.88755e-05,formal_s047_low_050ps
D3_NOISE_PLUS_MISMATCH_MC200,47,100047,LOW,38,1.3591157246103238,1.359129164948062,228,11100100,True,0.0,0.0,1.93755e-05,formal_s047_low_050ps
D3_NOISE_PLUS_MISMATCH_MC200,47,100047,LOW,39,0.6479810573451193,0.6480433502980637,175,10101111,True,0.0,0.0,1.98755e-05,formal_s047_low_050ps
D3_NOISE_PLUS_MISMATCH_MC200,47,100047,LOW,40,-0.3573234627926919,-0.35737740397542955,99,01100011,True,0.0,0.0,2.03755e-05,formal_s047_low_050ps
D3_NOISE_PLUS_MISMATCH_MC200,47,100047,LOW,41,-1.2004106012861624,-1.2004615178866114,35,00100011,True,0.0,0.0,2.08755e-05,formal_s047_low_050ps
D3_NOISE_PLUS_MISMATCH_MC200,47,100047,LOW,42,-1.4985364234506107,-1.4984561751349201,13,00001101,True,0.0,0.0,2.13755e-05,formal_s047_low_050ps
D3_NOISE_PLUS_MISMATCH_MC200,47,100047,LOW,43,-1.116358038858104,-1.1163718191726009,42,00101010,True,0.0,0.0,2.18755e-05,formal_s047_low_050ps
D3_NOISE_PLUS_MISMATCH_MC200,47,100047,LOW,44,-0.22737644401505985,-0.22739579185008793,108,01101100,True,0.0,0.0,2.23755e-05,formal_s047_low_050ps
D3_NOISE_PLUS_MISMATCH_MC200,47,100047,LOW,45,0.7648293027139195,0.7647330434029586,183,10110111,True,0.0,0.0,2.28755e-05,formal_s047_low_050ps
D3_NOISE_PLUS_MISMATCH_MC200,47,100047,LOW,46,1.4098185360870479,1.4097938943490262,232,11101000,True,0.0,0.0,2.33755e-05,formal_s047_low_050ps
D3_NOISE_PLUS_MISMATCH_MC200,47,100047,LOW,47,1.414779628765761,1.4148629601868197,232,11101000,True,0.0,0.0,2.38755e-05,formal_s047_low_050ps
D3_NOISE_PLUS_MISMATCH_MC200,47,100047,LOW,48,0.7774603483941213,0.777452739822975,184,10111000,True,0.0,0.0,2.43755e-05,formal_s047_low_050ps
D3_NOISE_PLUS_MISMATCH_MC200,47,100047,LOW,49,-0.2128096759983695,-0.2128524888517163,109,01101101,True,0.0,0.0,2.48755e-05,formal_s047_low_050ps
D3_NOISE_PLUS_MISMATCH_MC200,47,100047,LOW,50,-1.1064685566410837,-1.1064512546034129,42,00101010,True,0.0,0.0,2.53755e-05,formal_s047_low_050ps
D3_NOISE_PLUS_MISMATCH_MC200,47,100047,LOW,51,-1.4978138452031033,-1.4979374060271973,13,00001101,True,0.0,0.0,2.58755e-05,formal_s047_low_050ps
D3_NOISE_PLUS_MISMATCH_MC200,47,100047,LOW,52,-1.2091829624257844,-1.20902414930073,34,00100010,True,0.0,0.0,2.63755e-05,formal_s047_low_050ps
D3_NOISE_PLUS_MISMATCH_MC200,47,100047,LOW,53,-0.37160829476340085,-0.3715724851275841,98,01100010,True,0.0,0.0,2.68755e-05,formal_s047_low_050ps
D3_NOISE_PLUS_MISMATCH_MC200,47,100047,LOW,54,0.6346687696089551,0.634700114914621,174,10101110,True,0.0,0.0,2.73755e-05,formal_s047_low_050ps
D3_NOISE_PLUS_MISMATCH_MC200,47,100047,LOW,55,1.352819481424588,1.3528439066359743,228,11100100,True,0.0,0.0,2.78755e-05,formal_s047_low_050ps
D3_NOISE_PLUS_MISMATCH_MC200,47,100047,LOW,56,1.4568184316989696,1.4568835642814792,236,11101100,True,0.0,0.0,2.83755e-05,formal_s047_low_050ps
D3_NOISE_PLUS_MISMATCH_MC200,47,100047,LOW,57,0.8994522712850339,0.8994557067698385,193,11000001,True,0.0,0.0,2.88755e-05,formal_s047_low_050ps
D3_NOISE_PLUS_MISMATCH_MC200,47,100047,LOW,58,-0.06624641569059603,-0.0662301493171422,120,01111000,True,0.0,0.0,2.93755e-05,formal_s047_low_050ps
D3_NOISE_PLUS_MISMATCH_MC200,47,100047,LOW,59,-1.0018706149383219,-1.00191616870502,50,00110010,True,0.0,0.0,2.98755e-05,formal_s047_low_050ps
D3_NOISE_PLUS_MISMATCH_MC200,47,100047,LOW,60,-1.4826665008379531,-1.4826898602872114,14,00001110,True,0.0,0.0,3.03755e-05,formal_s047_low_050ps
D3_NOISE_PLUS_MISMATCH_MC200,47,100047,LOW,61,-1.2903627930586619,-1.2904230670429393,28,00011100,True,0.0,0.0,3.08755e-05,formal_s047_low_050ps
D3_NOISE_PLUS_MISMATCH_MC200,47,100047,LOW,62,-0.5122613544914125,-0.51213552224444,87,01010111,True,0.0,0.0,3.13755e-05,formal_s047_low_050ps
D3_NOISE_PLUS_MISMATCH_MC200,47,100047,LOW,63,0.4983960293074198,0.498422315732116,163,10100011,True,0.0,0.0,3.18755e-05,formal_s047_low_050ps
D3_NOISE_PLUS_MISMATCH_MC200,47,100047,NEAR_NYQUIST,0,1.4667091451689225,1.4667885727319026,204,11001100,True,0.0,0.0,3.75482e-07,formal_s047_near_nyquist_050ps
D3_NOISE_PLUS_MISMATCH_MC200,47,100047,NEAR_NYQUIST,1,-1.494780284101462,-1.4947594046403083,13,00001101,True,0.0,0.0,8.75503e-07,formal_s047_near_nyquist_050ps
D3_NOISE_PLUS_MISMATCH_MC200,47,100047,NEAR_NYQUIST,2,1.3941219486589564,1.3942163431946213,231,11100111,True,0.0,0.0,1.3755e-06,formal_s047_near_nyquist_050ps
D3_NOISE_PLUS_MISMATCH_MC200,47,100047,NEAR_NYQUIST,3,-1.1734027671012242,-1.1734574956614559,37,00100101,True,0.0,0.0,1.8755e-06,formal_s047_near_nyquist_050ps
D3_NOISE_PLUS_MISMATCH_MC200,47,100047,NEAR_NYQUIST,4,0.8516309271389413,0.8515645821967786,190,10111110,True,0.0,0.0,2.3755e-06,formal_s047_near_nyquist_050ps
D3_NOISE_PLUS_MISMATCH_MC200,47,100047,NEAR_NYQUIST,5,-0.45651720357131287,-0.45652071793082694,91,01011011,True,0.0,0.0,2.87551e-06,formal_s047_near_nyquist_050ps
D3_NOISE_PLUS_MISMATCH_MC200,47,100047,NEAR_NYQUIST,6,0.022088524967191138,0.02201002103890209,127,01111111,True,0.0,0.0,3.37548e-06,formal_s047_near_nyquist_050ps
D3_NOISE_PLUS_MISMATCH_MC200,47,100047,NEAR_NYQUIST,7,0.4142424025754567,0.41416400286827415,157,10011101,True,0.0,0.0,3.87551e-06,formal_s047_near_nyquist_050ps
D3_NOISE_PLUS_MISMATCH_MC200,47,100047,NEAR_NYQUIST,8,-0.8148990525573347,-0.814939733202278,64,01000000,True,0.0,0.0,4.3755e-06,formal_s047_near_nyquist_050ps
D3_NOISE_PLUS_MISMATCH_MC200,47,100047,NEAR_NYQUIST,9,1.1453771433086934,1.14544973804348,212,11010100,True,0.0,0.0,4.8755e-06,formal_s047_near_nyquist_050ps
D3_NOISE_PLUS_MISMATCH_MC200,47,100047,NEAR_NYQUIST,10,-1.3772161235583067,-1.3771900615750066,22,00010110,True,0.0,0.0,5.3755e-06,formal_s047_near_nyquist_050ps
D3_NOISE_PLUS_MISMATCH_MC200,47,100047,NEAR_NYQUIST,11,1.4904501759986983,1.490444121832532,238,11101110,True,0.0,0.0,5.8755e-06,formal_s047_near_nyquist_050ps
D3_NOISE_PLUS_MISMATCH_MC200,47,100047,NEAR_NYQUIST,12,-1.4753276600663425,-1.475389835427258,14,00001110,True,0.0,0.0,6.37551e-06,formal_s047_near_nyquist_050ps
D3_NOISE_PLUS_MISMATCH_MC200,47,100047,NEAR_NYQUIST,13,1.3331509166790971,1.3331988183517538,226,11100010,True,0.0,0.0,6.87549e-06,formal_s047_near_nyquist_050ps
D3_NOISE_PLUS_MISMATCH_MC200,47,100047,NEAR_NYQUIST,14,-1.076164111510855,-1.0763035593752814,45,00101101,True,0.0,0.0,7.3755e-06,formal_s047_near_nyquist_050ps
D3_NOISE_PLUS_MISMATCH_MC200,47,100047,NEAR_NYQUIST,15,0.7264987756651974,0.7265933232689105,181,10110101,True,0.0,0.0,7.8755e-06,formal_s047_near_nyquist_050ps
D3_NOISE_PLUS_MISMATCH_MC200,47,100047,NEAR_NYQUIST,16,-0.31426785307733823,-0.31417144744839615,102,01100110,True,0.0,0.0,8.37548e-06,formal_s047_near_nyquist_050ps
D3_NOISE_PLUS_MISMATCH_MC200,47,100047,NEAR_NYQUIST,17,-0.12502760599786011,-0.12493869080945048,116,01110100,True,0.0,0.0,8.8755e-06,formal_s047_near_nyquist_050ps
D3_NOISE_PLUS_MISMATCH_MC200,47,100047,NEAR_NYQUIST,18,0.5535557715961015,0.553503834801014,167,10100111,True,0.0,0.0,9.37548e-06,formal_s047_near_nyquist_050ps
D3_NOISE_PLUS_MISMATCH_MC200,47,100047,NEAR_NYQUIST,19,-0.9344120858375181,-0.9344298899893744,55,00110111,True,0.0,0.0,9.87549e-06,formal_s047_near_nyquist_050ps
D3_NOISE_PLUS_MISMATCH_MC200,47,100047,NEAR_NYQUIST,20,1.2347974586710555,1.2347489780296117,219,11011011,True,0.0,0.0,1.03755e-05,formal_s047_near_nyquist_050ps
D3_NOISE_PLUS_MISMATCH_MC200,47,100047,NEAR_NYQUIST,21,-1.4288429034863956,-1.42878783190194,18,00010010,True,0.0,0.0,1.08755e-05,formal_s047_near_nyquist_050ps
D3_NOISE_PLUS_MISMATCH_MC200,47,100047,NEAR_NYQUIST,22,1.499837356870662,1.4998230678570188,239,11101111,True,0.0,0.0,1.13755e-05,formal_s047_near_nyquist_050ps
D3_NOISE_PLUS_MISMATCH_MC200,47,100047,NEAR_NYQUIST,23,-1.4416668241686428,-1.441820239864912,17,00010001,True,0.0,0.0,1.18755e-05,formal_s047_near_nyquist_050ps
D3_NOISE_PLUS_MISMATCH_MC200,47,100047,NEAR_NYQUIST,24,1.259340912597195,1.259470209872484,220,11011100,True,0.0,0.0,1.23755e-05,formal_s047_near_nyquist_050ps
D3_NOISE_PLUS_MISMATCH_MC200,47,100047,NEAR_NYQUIST,25,-0.9685614072354902,-0.9685840593579746,53,00110101,True,0.0,0.0,1.28755e-05,formal_s047_near_nyquist_050ps
D3_NOISE_PLUS_MISMATCH_MC200,47,100047,NEAR_NYQUIST,26,0.5943700438371867,0.5942878030281373,171,10101011,True,0.0,0.0,1.33755e-05,formal_s047_near_nyquist_050ps
D3_NOISE_PLUS_MISMATCH_MC200,47,100047,NEAR_NYQUIST,27,-0.1689919313619605,-0.1689305081397224,113,01110001,True,0.0,0.0,1.38755e-05,formal_s047_near_nyquist_050ps
D3_NOISE_PLUS_MISMATCH_MC200,47,100047,NEAR_NYQUIST,28,-0.27093965277008897,-0.2709533282356471,105,01101001,True,0.0,0.0,1.43755e-05,formal_s047_near_nyquist_050ps
D3_NOISE_PLUS_MISMATCH_MC200,47,100047,NEAR_NYQUIST,29,0.6875380959319146,0.6875571827046559,177,10110001,True,0.0,0.0,1.48755e-05,formal_s047_near_nyquist_050ps
D3_NOISE_PLUS_MISMATCH_MC200,47,100047,NEAR_NYQUIST,30,-1.0449262199294669,-1.0449454013445933,47,00101111,True,0.0,0.0,1.53755e-05,formal_s047_near_nyquist_050ps
D3_NOISE_PLUS_MISMATCH_MC200,47,100047,NEAR_NYQUIST,31,1.3123259994974301,1.3123320026666727,225,11100001,True,0.0,0.0,1.58755e-05,formal_s047_near_nyquist_050ps
D3_NOISE_PLUS_MISMATCH_MC200,47,100047,NEAR_NYQUIST,32,-1.4667091451689234,-1.466731702143692,15,00001111,True,0.0,0.0,1.63755e-05,formal_s047_near_nyquist_050ps
D3_NOISE_PLUS_MISMATCH_MC200,47,100047,NEAR_NYQUIST,33,1.4947802841014617,1.4948548585737116,238,11101110,True,0.0,0.0,1.68755e-05,formal_s047_near_nyquist_050ps
D3_NOISE_PLUS_MISMATCH_MC200,47,100047,NEAR_NYQUIST,34,-1.394121948658956,-1.394004044133746,21,00010101,True,0.0,0.0,1.73755e-05,formal_s047_near_nyquist_050ps
D3_NOISE_PLUS_MISMATCH_MC200,47,100047,NEAR_NYQUIST,35,1.1734027671012242,1.1734399406237648,214,11010110,True,0.0,0.0,1.78755e-05,formal_s047_near_nyquist_050ps
D3_NOISE_PLUS_MISMATCH_MC200,47,100047,NEAR_NYQUIST,36,-0.8516309271389413,-0.8516605342131954,61,00111101,True,0.0,0.0,1.83755e-05,formal_s047_near_nyquist_050ps
D3_NOISE_PLUS_MISMATCH_MC200,47,100047,NEAR_NYQUIST,37,0.456517203571318,0.45647113350366547,160,10100000,True,0.0,0.0,1.88755e-05,formal_s047_near_nyquist_050ps
D3_NOISE_PLUS_MISMATCH_MC200,47,100047,NEAR_NYQUIST,38,-0.022088524967169825,-0.02207508462943183,124,01111100,True,0.0,0.0,1.93755e-05,formal_s047_near_nyquist_050ps
D3_NOISE_PLUS_MISMATCH_MC200,47,100047,NEAR_NYQUIST,39,-0.41424240257545164,-0.41418010962250734,95,01011111,True,0.0,0.0,1.98755e-05,formal_s047_near_nyquist_050ps
D3_NOISE_PLUS_MISMATCH_MC200,47,100047,NEAR_NYQUIST,40,0.8148990525573482,0.8148451113746105,187,10111011,True,0.0,0.0,2.03755e-05,formal_s047_near_nyquist_050ps
D3_NOISE_PLUS_MISMATCH_MC200,47,100047,NEAR_NYQUIST,41,-1.14537714330869,-1.1454280599091389,39,00100111,True,0.0,0.0,2.08755e-05,formal_s047_near_nyquist_050ps
D3_NOISE_PLUS_MISMATCH_MC200,47,100047,NEAR_NYQUIST,42,1.3772161235583025,1.377296371873993,229,11100101,True,0.0,0.0,2.13755e-05,formal_s047_near_nyquist_050ps
D3_NOISE_PLUS_MISMATCH_MC200,47,100047,NEAR_NYQUIST,43,-1.4904501759986994,-1.4904639563131963,14,00001110,True,0.0,0.0,2.18755e-05,formal_s047_near_nyquist_050ps
D3_NOISE_PLUS_MISMATCH_MC200,47,100047,NEAR_NYQUIST,44,1.4753276600663443,1.4753083122313162,237,11101101,True,0.0,0.0,2.23755e-05,formal_s047_near_nyquist_050ps
D3_NOISE_PLUS_MISMATCH_MC200,47,100047,NEAR_NYQUIST,45,-1.3331509166790971,-1.333247175990058,25,00011001,True,0.0,0.0,2.28755e-05,formal_s047_near_nyquist_050ps
D3_NOISE_PLUS_MISMATCH_MC200,47,100047,NEAR_NYQUIST,46,1.0761641115108698,1.0761394697728481,207,11001111,True,0.0,0.0,2.33755e-05,formal_s047_near_nyquist_050ps
D3_NOISE_PLUS_MISMATCH_MC200,47,100047,NEAR_NYQUIST,47,-0.7264987756652067,-0.726415444244148,71,01000111,True,0.0,0.0,2.38755e-05,formal_s047_near_nyquist_050ps
D3_NOISE_PLUS_MISMATCH_MC200,47,100047,NEAR_NYQUIST,48,0.3142678530773695,0.3142602445062233,149,10010101,True,0.0,0.0,2.43755e-05,formal_s047_near_nyquist_050ps
D3_NOISE_PLUS_MISMATCH_MC200,47,100047,NEAR_NYQUIST,49,0.12502760599784948,0.12498479314450271,135,10000111,True,0.0,0.0,2.48755e-05,formal_s047_near_nyquist_050ps
D3_NOISE_PLUS_MISMATCH_MC200,47,100047,NEAR_NYQUIST,50,-0.5535557715961213,-0.5535384695584504,84,01010100,True,0.0,0.0,2.53755e-05,formal_s047_near_nyquist_050ps
D3_NOISE_PLUS_MISMATCH_MC200,47,100047,NEAR_NYQUIST,51,0.9344120858375015,0.9342885250134076,196,11000100,True,0.0,0.0,2.58755e-05,formal_s047_near_nyquist_050ps
D3_NOISE_PLUS_MISMATCH_MC200,47,100047,NEAR_NYQUIST,52,-1.2347974586710555,-1.2346386455460012,33,00100001,True,0.0,0.0,2.63755e-05,formal_s047_near_nyquist_050ps
D3_NOISE_PLUS_MISMATCH_MC200,47,100047,NEAR_NYQUIST,53,1.4288429034863923,1.4288787131222092,233,11101001,True,0.0,0.0,2.68755e-05,formal_s047_near_nyquist_050ps
D3_NOISE_PLUS_MISMATCH_MC200,47,100047,NEAR_NYQUIST,54,-1.4998373568706624,-1.4998060115649967,13,00001101,True,0.0,0.0,2.73755e-05,formal_s047_near_nyquist_050ps
D3_NOISE_PLUS_MISMATCH_MC200,47,100047,NEAR_NYQUIST,55,1.4416668241686486,1.441691249380035,234,11101010,True,0.0,0.0,2.78755e-05,formal_s047_near_nyquist_050ps
D3_NOISE_PLUS_MISMATCH_MC200,47,100047,NEAR_NYQUIST,56,-1.2593409125972181,-1.2592757800147085,31,00011111,True,0.0,0.0,2.83755e-05,formal_s047_near_nyquist_050ps
D3_NOISE_PLUS_MISMATCH_MC200,47,100047,NEAR_NYQUIST,57,0.9685614072355067,0.9685648427203113,199,11000111,True,0.0,0.0,2.88755e-05,formal_s047_near_nyquist_050ps
D3_NOISE_PLUS_MISMATCH_MC200,47,100047,NEAR_NYQUIST,58,-0.5943700438372259,-0.594353777463772,81,01010001,True,0.0,0.0,2.93755e-05,formal_s047_near_nyquist_050ps
D3_NOISE_PLUS_MISMATCH_MC200,47,100047,NEAR_NYQUIST,59,0.16899193136198168,0.1689463775952835,139,10001011,True,0.0,0.0,2.98755e-05,formal_s047_near_nyquist_050ps
D3_NOISE_PLUS_MISMATCH_MC200,47,100047,NEAR_NYQUIST,60,0.27093965277008897,0.2709162933208307,146,10010010,True,0.0,0.0,3.03755e-05,formal_s047_near_nyquist_050ps
D3_NOISE_PLUS_MISMATCH_MC200,47,100047,NEAR_NYQUIST,61,-0.6875380959318957,-0.6875983699161732,74,01001010,True,0.0,0.0,3.08755e-05,formal_s047_near_nyquist_050ps
D3_NOISE_PLUS_MISMATCH_MC200,47,100047,NEAR_NYQUIST,62,1.0449262199294513,1.045052052176424,205,11001101,True,0.0,0.0,3.13755e-05,formal_s047_near_nyquist_050ps
D3_NOISE_PLUS_MISMATCH_MC200,47,100047,NEAR_NYQUIST,63,-1.3123259994974505,-1.3122997130727543,26,00011010,True,0.0,0.0,3.18755e-05,formal_s047_near_nyquist_050ps
D3_NOISE_PLUS_MISMATCH_MC200,53,100053,LOW,0,1.2827920356296627,1.2827451182468586,195,11000011,True,0.0,0.0,3.75498e-07,formal_s053_low_050ps
D3_NOISE_PLUS_MISMATCH_MC200,53,100053,LOW,1,1.4848272767569515,1.484730061341627,211,11010011,True,0.0,0.0,8.755e-07,formal_s053_low_050ps
D3_NOISE_PLUS_MISMATCH_MC200,53,100053,LOW,2,1.0127819771128357,1.012677642663365,207,11001111,True,0.0,0.0,1.3755e-06,formal_s053_low_050ps
D3_NOISE_PLUS_MISMATCH_MC200,53,100053,LOW,3,0.08095483381425314,0.08092200467806865,137,10001001,True,0.0,0.0,1.87551e-06,formal_s053_low_050ps
D3_NOISE_PLUS_MISMATCH_MC200,53,100053,LOW,4,-0.887624111535514,-0.8876679271999007,64,01000000,True,0.0,0.0,2.3755e-06,formal_s053_low_050ps
D3_NOISE_PLUS_MISMATCH_MC200,53,100053,LOW,5,-1.4532402675617817,-1.4531576543934879,21,00010101,True,0.0,0.0,2.87551e-06,formal_s053_low_050ps
D3_NOISE_PLUS_MISMATCH_MC200,53,100053,LOW,6,-1.359115724610322,-1.3590409701219937,28,00011100,True,0.0,0.0,3.37549e-06,formal_s053_low_050ps
D3_NOISE_PLUS_MISMATCH_MC200,53,100053,LOW,7,-0.6479810573451181,-0.6480117321579851,82,01010010,True,0.0,0.0,3.87548e-06,formal_s053_low_050ps
D3_NOISE_PLUS_MISMATCH_MC200,53,100053,LOW,8,0.35732346279269056,0.35734764682650483,157,10011101,True,0.0,0.0,4.37548e-06,formal_s053_low_050ps
D3_NOISE_PLUS_MISMATCH_MC200,53,100053,LOW,9,1.200410601286161,1.200410234113281,221,11011101,True,0.0,0.0,4.87551e-06,formal_s053_low_050ps
D3_NOISE_PLUS_MISMATCH_MC200,53,100053,LOW,10,1.4985364234506107,1.4984584756933705,244,11110100,True,0.0,0.0,5.3755e-06,formal_s053_low_050ps
D3_NOISE_PLUS_MISMATCH_MC200,53,100053,LOW,11,1.1163580388581014,1.1164955013187539,215,11010111,True,0.0,0.0,5.8755e-06,formal_s053_low_050ps
D3_NOISE_PLUS_MISMATCH_MC200,53,100053,LOW,12,0.22737644401506385,0.22731047558935294,148,10010100,True,0.0,0.0,6.37551e-06,formal_s053_low_050ps
D3_NOISE_PLUS_MISMATCH_MC200,53,100053,LOW,13,-0.7648293027139206,-0.7648729147714629,73,01001001,True,0.0,0.0,6.8755e-06,formal_s053_low_050ps
D3_NOISE_PLUS_MISMATCH_MC200,53,100053,LOW,14,-1.40981853608705,-1.4097628763479884,24,00011000,True,0.0,0.0,7.37551e-06,formal_s053_low_050ps
D3_NOISE_PLUS_MISMATCH_MC200,53,100053,LOW,15,-1.4147796287657606,-1.4147482457257126,24,00011000,True,0.0,0.0,7.8755e-06,formal_s053_low_050ps
D3_NOISE_PLUS_MISMATCH_MC200,53,100053,LOW,16,-0.7774603483941246,-0.7775131076214373,72,01001000,True,0.0,0.0,8.3755e-06,formal_s053_low_050ps
D3_NOISE_PLUS_MISMATCH_MC200,53,100053,LOW,17,0.21280967599837608,0.21279862604418215,146,10010010,True,0.0,0.0,8.8755e-06,formal_s053_low_050ps
D3_NOISE_PLUS_MISMATCH_MC200,53,100053,LOW,18,1.106468556641088,1.106609277588985,214,11010110,True,0.0,0.0,9.3755e-06,formal_s053_low_050ps
D3_NOISE_PLUS_MISMATCH_MC200,53,100053,LOW,19,1.4978138452031033,1.4977732369262513,243,11110011,True,0.0,0.0,9.8755e-06,formal_s053_low_050ps
D3_NOISE_PLUS_MISMATCH_MC200,53,100053,LOW,20,1.2091829624257837,1.2091670547503919,222,11011110,True,0.0,0.0,1.03755e-05,formal_s053_low_050ps
D3_NOISE_PLUS_MISMATCH_MC200,53,100053,LOW,21,0.3716082947633996,0.371560052848451,158,10011110,True,0.0,0.0,1.08755e-05,formal_s053_low_050ps
D3_NOISE_PLUS_MISMATCH_MC200,53,100053,LOW,22,-0.6346687696089611,-0.6346408011618463,83,01010011,True,0.0,0.0,1.13755e-05,formal_s053_low_050ps
D3_NOISE_PLUS_MISMATCH_MC200,53,100053,LOW,23,-1.3528194814245906,-1.3528414875236316,29,00011101,True,0.0,0.0,1.18755e-05,formal_s053_low_050ps
D3_NOISE_PLUS_MISMATCH_MC200,53,100053,LOW,24,-1.4568184316989683,-1.456759614287217,21,00010101,True,0.0,0.0,1.23755e-05,formal_s053_low_050ps
D3_NOISE_PLUS_MISMATCH_MC200,53,100053,LOW,25,-0.8994522712850329,-0.8994456816907389,63,00111111,True,0.0,0.0,1.28755e-05,formal_s053_low_050ps
D3_NOISE_PLUS_MISMATCH_MC200,53,100053,LOW,26,0.0662464156905973,0.0662546336300329,135,10000111,True,0.0,0.0,1.33755e-05,formal_s053_low_050ps
D3_NOISE_PLUS_MISMATCH_MC200,53,100053,LOW,27,1.0018706149383227,1.0018919609359096,206,11001110,True,0.0,0.0,1.38755e-05,formal_s053_low_050ps
D3_NOISE_PLUS_MISMATCH_MC200,53,100053,LOW,28,1.482666500837955,1.4826277553387923,242,11110010,True,0.0,0.0,1.43755e-05,formal_s053_low_050ps
D3_NOISE_PLUS_MISMATCH_MC200,53,100053,LOW,29,1.2903627930586585,1.2903474349260513,228,11100100,True,0.0,0.0,1.48755e-05,formal_s053_low_050ps
D3_NOISE_PLUS_MISMATCH_MC200,53,100053,LOW,30,0.5122613544914112,0.5122834550955079,169,10101001,True,0.0,0.0,1.53755e-05,formal_s053_low_050ps
D3_NOISE_PLUS_MISMATCH_MC200,53,100053,LOW,31,-0.4983960293074411,-0.49847824443728395,93,01011101,True,0.0,0.0,1.58755e-05,formal_s053_low_050ps
D3_NOISE_PLUS_MISMATCH_MC200,53,100053,LOW,32,-1.2827920356296636,-1.2827401863354921,34,00100010,True,0.0,0.0,1.63755e-05,formal_s053_low_050ps
D3_NOISE_PLUS_MISMATCH_MC200,53,100053,LOW,33,-1.4848272767569517,-1.4848052765652406,19,00010011,True,0.0,0.0,1.68755e-05,formal_s053_low_050ps
D3_NOISE_PLUS_MISMATCH_MC200,53,100053,LOW,34,-1.0127819771128357,-1.0127860298061273,54,00110110,True,0.0,0.0,1.73755e-05,formal_s053_low_050ps
D3_NOISE_PLUS_MISMATCH_MC200,53,100053,LOW,35,-0.08095483381425642,-0.08093218142858691,124,01111100,True,0.0,0.0,1.78755e-05,formal_s053_low_050ps
D3_NOISE_PLUS_MISMATCH_MC200,53,100053,LOW,36,0.8876241115355172,0.8876460845286742,197,11000101,True,0.0,0.0,1.83755e-05,formal_s053_low_050ps
D3_NOISE_PLUS_MISMATCH_MC200,53,100053,LOW,37,1.453240267561782,1.4532002559312924,240,11110000,True,0.0,0.0,1.88755e-05,formal_s053_low_050ps
D3_NOISE_PLUS_MISMATCH_MC200,53,100053,LOW,38,1.3591157246103238,1.3591229433845322,233,11101001,True,0.0,0.0,1.93755e-05,formal_s053_low_050ps
D3_NOISE_PLUS_MISMATCH_MC200,53,100053,LOW,39,0.6479810573451193,0.6480474582815339,179,10110011,True,0.0,0.0,1.98755e-05,formal_s053_low_050ps
D3_NOISE_PLUS_MISMATCH_MC200,53,100053,LOW,40,-0.3573234627926919,-0.35721999461570225,104,01101000,True,0.0,0.0,2.03755e-05,formal_s053_low_050ps
D3_NOISE_PLUS_MISMATCH_MC200,53,100053,LOW,41,-1.2004106012861624,-1.200527617228458,40,00101000,True,0.0,0.0,2.08755e-05,formal_s053_low_050ps
D3_NOISE_PLUS_MISMATCH_MC200,53,100053,LOW,42,-1.4985364234506107,-1.4985697367855102,17,00010001,True,0.0,0.0,2.13755e-05,formal_s053_low_050ps
D3_NOISE_PLUS_MISMATCH_MC200,53,100053,LOW,43,-1.116358038858104,-1.1162664840945964,46,00101110,True,0.0,0.0,2.18755e-05,formal_s053_low_050ps
D3_NOISE_PLUS_MISMATCH_MC200,53,100053,LOW,44,-0.22737644401505985,-0.22734103110183498,114,01110010,True,0.0,0.0,2.23755e-05,formal_s053_low_050ps
D3_NOISE_PLUS_MISMATCH_MC200,53,100053,LOW,45,0.7648293027139195,0.7647850952776702,188,10111100,True,0.0,0.0,2.28755e-05,formal_s053_low_050ps
D3_NOISE_PLUS_MISMATCH_MC200,53,100053,LOW,46,1.4098185360870479,1.409856117218207,237,11101101,True,0.0,0.0,2.33755e-05,formal_s053_low_050ps
D3_NOISE_PLUS_MISMATCH_MC200,53,100053,LOW,47,1.414779628765761,1.4147838795490584,237,11101101,True,0.0,0.0,2.38755e-05,formal_s053_low_050ps
D3_NOISE_PLUS_MISMATCH_MC200,53,100053,LOW,48,0.7774603483941213,0.7774200263865211,189,10111101,True,0.0,0.0,2.43755e-05,formal_s053_low_050ps
D3_NOISE_PLUS_MISMATCH_MC200,53,100053,LOW,49,-0.2128096759983695,-0.21283548049660334,114,01110010,True,0.0,0.0,2.48755e-05,formal_s053_low_050ps
D3_NOISE_PLUS_MISMATCH_MC200,53,100053,LOW,50,-1.1064685566410837,-1.1063925771980412,48,00110000,True,0.0,0.0,2.53755e-05,formal_s053_low_050ps
D3_NOISE_PLUS_MISMATCH_MC200,53,100053,LOW,51,-1.4978138452031033,-1.497856640435027,17,00010001,True,0.0,0.0,2.58755e-05,formal_s053_low_050ps
D3_NOISE_PLUS_MISMATCH_MC200,53,100053,LOW,52,-1.2091829624257844,-1.2092007950100783,40,00101000,True,0.0,0.0,2.63755e-05,formal_s053_low_050ps
D3_NOISE_PLUS_MISMATCH_MC200,53,100053,LOW,53,-0.37160829476340085,-0.3715517182336496,103,01100111,True,0.0,0.0,2.68755e-05,formal_s053_low_050ps
D3_NOISE_PLUS_MISMATCH_MC200,53,100053,LOW,54,0.6346687696089551,0.63474141026602,178,10110010,True,0.0,0.0,2.73755e-05,formal_s053_low_050ps
D3_NOISE_PLUS_MISMATCH_MC200,53,100053,LOW,55,1.352819481424588,1.3527660844573814,233,11101001,True,0.0,0.0,2.78755e-05,formal_s053_low_050ps
D3_NOISE_PLUS_MISMATCH_MC200,53,100053,LOW,56,1.4568184316989696,1.4568907354075815,240,11110000,True,0.0,0.0,2.83755e-05,formal_s053_low_050ps
D3_NOISE_PLUS_MISMATCH_MC200,53,100053,LOW,57,0.8994522712850339,0.8994980799787055,198,11000110,True,0.0,0.0,2.88755e-05,formal_s053_low_050ps
D3_NOISE_PLUS_MISMATCH_MC200,53,100053,LOW,58,-0.06624641569059603,-0.06627289386945462,126,01111110,True,0.0,0.0,2.93755e-05,formal_s053_low_050ps
D3_NOISE_PLUS_MISMATCH_MC200,53,100053,LOW,59,-1.0018706149383219,-1.0018298291413772,55,00110111,True,0.0,0.0,2.98755e-05,formal_s053_low_050ps
D3_NOISE_PLUS_MISMATCH_MC200,53,100053,LOW,60,-1.4826665008379531,-1.482682622197164,19,00010011,True,0.0,0.0,3.03755e-05,formal_s053_low_050ps
D3_NOISE_PLUS_MISMATCH_MC200,53,100053,LOW,61,-1.2903627930586619,-1.2903615734740046,33,00100001,True,0.0,0.0,3.08755e-05,formal_s053_low_050ps
D3_NOISE_PLUS_MISMATCH_MC200,53,100053,LOW,62,-0.5122613544914125,-0.5122985857259051,92,01011100,True,0.0,0.0,3.13755e-05,formal_s053_low_050ps
D3_NOISE_PLUS_MISMATCH_MC200,53,100053,LOW,63,0.4983960293074198,0.49827048993143847,168,10101000,True,0.0,0.0,3.18755e-05,formal_s053_low_050ps
D3_NOISE_PLUS_MISMATCH_MC200,53,100053,NEAR_NYQUIST,0,1.4667091451689225,1.4666622277861183,241,11110001,True,0.0,0.0,3.75503e-07,formal_s053_near_nyquist_050ps
D3_NOISE_PLUS_MISMATCH_MC200,53,100053,NEAR_NYQUIST,1,-1.494780284101462,-1.4948774995167864,18,00010010,True,0.0,0.0,8.75502e-07,formal_s053_near_nyquist_050ps
D3_NOISE_PLUS_MISMATCH_MC200,53,100053,NEAR_NYQUIST,2,1.3941219486589564,1.3940176142094858,236,11101100,True,0.0,0.0,1.3755e-06,formal_s053_near_nyquist_050ps
D3_NOISE_PLUS_MISMATCH_MC200,53,100053,NEAR_NYQUIST,3,-1.1734027671012242,-1.1734355962374086,42,00101010,True,0.0,0.0,1.8755e-06,formal_s053_near_nyquist_050ps
D3_NOISE_PLUS_MISMATCH_MC200,53,100053,NEAR_NYQUIST,4,0.8516309271389413,0.8515871114745546,194,11000010,True,0.0,0.0,2.3755e-06,formal_s053_near_nyquist_050ps
D3_NOISE_PLUS_MISMATCH_MC200,53,100053,NEAR_NYQUIST,5,-0.45651720357131287,-0.45643459040301915,96,01100000,True,0.0,0.0,2.87548e-06,formal_s053_near_nyquist_050ps
D3_NOISE_PLUS_MISMATCH_MC200,53,100053,NEAR_NYQUIST,6,0.022088524967191138,0.022163279455519443,132,10000100,True,0.0,0.0,3.3755e-06,formal_s053_near_nyquist_050ps
D3_NOISE_PLUS_MISMATCH_MC200,53,100053,NEAR_NYQUIST,7,0.4142424025754567,0.41421172776258963,162,10100010,True,0.0,0.0,3.87548e-06,formal_s053_near_nyquist_050ps
D3_NOISE_PLUS_MISMATCH_MC200,53,100053,NEAR_NYQUIST,8,-0.8148990525573347,-0.8148748685235204,69,01000101,True,0.0,0.0,4.3755e-06,formal_s053_near_nyquist_050ps
D3_NOISE_PLUS_MISMATCH_MC200,53,100053,NEAR_NYQUIST,9,1.1453771433086934,1.1453767761358133,217,11011001,True,0.0,0.0,4.8755e-06,formal_s053_near_nyquist_050ps
D3_NOISE_PLUS_MISMATCH_MC200,53,100053,NEAR_NYQUIST,10,-1.3772161235583067,-1.3772940713155468,27,00011011,True,0.0,0.0,5.37549e-06,formal_s053_near_nyquist_050ps
D3_NOISE_PLUS_MISMATCH_MC200,53,100053,NEAR_NYQUIST,11,1.4904501759986983,1.4905876384593508,243,11110011,True,0.0,0.0,5.8755e-06,formal_s053_near_nyquist_050ps
D3_NOISE_PLUS_MISMATCH_MC200,53,100053,NEAR_NYQUIST,12,-1.4753276600663425,-1.4753936284920535,19,00010011,True,0.0,0.0,6.37548e-06,formal_s053_near_nyquist_050ps
D3_NOISE_PLUS_MISMATCH_MC200,53,100053,NEAR_NYQUIST,13,1.3331509166790971,1.3331073046215547,231,11100111,True,0.0,0.0,6.87548e-06,formal_s053_near_nyquist_050ps
D3_NOISE_PLUS_MISMATCH_MC200,53,100053,NEAR_NYQUIST,14,-1.076164111510855,-1.0761084517717932,50,00110010,True,0.0,0.0,7.3755e-06,formal_s053_near_nyquist_050ps
D3_NOISE_PLUS_MISMATCH_MC200,53,100053,NEAR_NYQUIST,15,0.7264987756651974,0.7265301587052454,185,10111001,True,0.0,0.0,7.8755e-06,formal_s053_near_nyquist_050ps
D3_NOISE_PLUS_MISMATCH_MC200,53,100053,NEAR_NYQUIST,16,-0.31426785307733823,-0.31432061230465097,107,01101011,True,0.0,0.0,8.37548e-06,formal_s053_near_nyquist_050ps
D3_NOISE_PLUS_MISMATCH_MC200,53,100053,NEAR_NYQUIST,17,-0.12502760599786011,-0.12503865595205405,121,01111001,True,0.0,0.0,8.8755e-06,formal_s053_near_nyquist_050ps
D3_NOISE_PLUS_MISMATCH_MC200,53,100053,NEAR_NYQUIST,18,0.5535557715961015,0.5536964925439987,172,10101100,True,0.0,0.0,9.37548e-06,formal_s053_near_nyquist_050ps
D3_NOISE_PLUS_MISMATCH_MC200,53,100053,NEAR_NYQUIST,19,-0.9344120858375181,-0.93445269411437,60,00111100,True,0.0,0.0,9.87549e-06,formal_s053_near_nyquist_050ps
D3_NOISE_PLUS_MISMATCH_MC200,53,100053,NEAR_NYQUIST,20,1.2347974586710555,1.2347815509956637,224,11100000,True,0.0,0.0,1.03755e-05,formal_s053_near_nyquist_050ps
D3_NOISE_PLUS_MISMATCH_MC200,53,100053,NEAR_NYQUIST,21,-1.4288429034863956,-1.4288911454013442,23,00010111,True,0.0,0.0,1.08755e-05,formal_s053_near_nyquist_050ps
D3_NOISE_PLUS_MISMATCH_MC200,53,100053,NEAR_NYQUIST,22,1.499837356870662,1.4998653253177767,244,11110100,True,0.0,0.0,1.13755e-05,formal_s053_near_nyquist_050ps
D3_NOISE_PLUS_MISMATCH_MC200,53,100053,NEAR_NYQUIST,23,-1.4416668241686428,-1.4416888302676838,22,00010110,True,0.0,0.0,1.18755e-05,formal_s053_near_nyquist_050ps
D3_NOISE_PLUS_MISMATCH_MC200,53,100053,NEAR_NYQUIST,24,1.259340912597195,1.2593997300089463,225,11100001,True,0.0,0.0,1.23755e-05,formal_s053_near_nyquist_050ps
D3_NOISE_PLUS_MISMATCH_MC200,53,100053,NEAR_NYQUIST,25,-0.9685614072354902,-0.9685548176411962,57,00111001,True,0.0,0.0,1.28755e-05,formal_s053_near_nyquist_050ps
D3_NOISE_PLUS_MISMATCH_MC200,53,100053,NEAR_NYQUIST,26,0.5943700438371867,0.5943782617766223,176,10110000,True,0.0,0.0,1.33755e-05,formal_s053_near_nyquist_050ps
D3_NOISE_PLUS_MISMATCH_MC200,53,100053,NEAR_NYQUIST,27,-0.1689919313619605,-0.1689705853643736,118,01110110,True,0.0,0.0,1.38755e-05,formal_s053_near_nyquist_050ps
D3_NOISE_PLUS_MISMATCH_MC200,53,100053,NEAR_NYQUIST,28,-0.27093965277008897,-0.27097839826925163,110,01101110,True,0.0,0.0,1.43755e-05,formal_s053_near_nyquist_050ps
D3_NOISE_PLUS_MISMATCH_MC200,53,100053,NEAR_NYQUIST,29,0.6875380959319146,0.6875227377993074,182,10110110,True,0.0,0.0,1.48755e-05,formal_s053_near_nyquist_050ps
D3_NOISE_PLUS_MISMATCH_MC200,53,100053,NEAR_NYQUIST,30,-1.0449262199294669,-1.0449041193253703,52,00110100,True,0.0,0.0,1.53755e-05,formal_s053_near_nyquist_050ps
D3_NOISE_PLUS_MISMATCH_MC200,53,100053,NEAR_NYQUIST,31,1.3123259994974301,1.3122437843675872,229,11100101,True,0.0,0.0,1.58755e-05,formal_s053_near_nyquist_050ps
D3_NOISE_PLUS_MISMATCH_MC200,53,100053,NEAR_NYQUIST,32,-1.4667091451689234,-1.466657295874752,20,00010100,True,0.0,0.0,1.63755e-05,formal_s053_near_nyquist_050ps
D3_NOISE_PLUS_MISMATCH_MC200,53,100053,NEAR_NYQUIST,33,1.4947802841014617,1.4948022842931727,243,11110011,True,0.0,0.0,1.68755e-05,formal_s053_near_nyquist_050ps
D3_NOISE_PLUS_MISMATCH_MC200,53,100053,NEAR_NYQUIST,34,-1.394121948658956,-1.3941260013522476,25,00011001,True,0.0,0.0,1.73755e-05,formal_s053_near_nyquist_050ps
D3_NOISE_PLUS_MISMATCH_MC200,53,100053,NEAR_NYQUIST,35,1.1734027671012242,1.1734254194868936,219,11011011,True,0.0,0.0,1.78755e-05,formal_s053_near_nyquist_050ps
D3_NOISE_PLUS_MISMATCH_MC200,53,100053,NEAR_NYQUIST,36,-0.8516309271389413,-0.8516089541457843,66,01000010,True,0.0,0.0,1.83755e-05,formal_s053_near_nyquist_050ps
D3_NOISE_PLUS_MISMATCH_MC200,53,100053,NEAR_NYQUIST,37,0.456517203571318,0.45647719194082853,165,10100101,True,0.0,0.0,1.88755e-05,formal_s053_near_nyquist_050ps
D3_NOISE_PLUS_MISMATCH_MC200,53,100053,NEAR_NYQUIST,38,-0.022088524967169825,-0.02208130619296134,129,10000001,True,0.0,0.0,1.93755e-05,formal_s053_near_nyquist_050ps
D3_NOISE_PLUS_MISMATCH_MC200,53,100053,NEAR_NYQUIST,39,-0.41424240257545164,-0.4141760016390372,99,01100011,True,0.0,0.0,1.98755e-05,formal_s053_near_nyquist_050ps
D3_NOISE_PLUS_MISMATCH_MC200,53,100053,NEAR_NYQUIST,40,0.8148990525573482,0.8150025207343378,192,11000000,True,0.0,0.0,2.03755e-05,formal_s053_near_nyquist_050ps
D3_NOISE_PLUS_MISMATCH_MC200,53,100053,NEAR_NYQUIST,41,-1.14537714330869,-1.1454941592509855,44,00101100,True,0.0,0.0,2.08755e-05,formal_s053_near_nyquist_050ps
D3_NOISE_PLUS_MISMATCH_MC200,53,100053,NEAR_NYQUIST,42,1.3772161235583025,1.377182810223403,234,11101010,True,0.0,0.0,2.13755e-05,formal_s053_near_nyquist_050ps
D3_NOISE_PLUS_MISMATCH_MC200,53,100053,NEAR_NYQUIST,43,-1.4904501759986994,-1.4903586212351918,18,00010010,True,0.0,0.0,2.18755e-05,formal_s053_near_nyquist_050ps
D3_NOISE_PLUS_MISMATCH_MC200,53,100053,NEAR_NYQUIST,44,1.4753276600663443,1.4753630729795693,242,11110010,True,0.0,0.0,2.23755e-05,formal_s053_near_nyquist_050ps
D3_NOISE_PLUS_MISMATCH_MC200,53,100053,NEAR_NYQUIST,45,-1.3331509166790971,-1.3331951241153464,30,00011110,True,0.0,0.0,2.28755e-05,formal_s053_near_nyquist_050ps
D3_NOISE_PLUS_MISMATCH_MC200,53,100053,NEAR_NYQUIST,46,1.0761641115108698,1.0762016926420288,212,11010100,True,0.0,0.0,2.33755e-05,formal_s053_near_nyquist_050ps
D3_NOISE_PLUS_MISMATCH_MC200,53,100053,NEAR_NYQUIST,47,-0.7264987756652067,-0.7264945248819094,76,01001100,True,0.0,0.0,2.38755e-05,formal_s053_near_nyquist_050ps
D3_NOISE_PLUS_MISMATCH_MC200,53,100053,NEAR_NYQUIST,48,0.3142678530773695,0.3142275310697693,154,10011010,True,0.0,0.0,2.43755e-05,formal_s053_near_nyquist_050ps
D3_NOISE_PLUS_MISMATCH_MC200,53,100053,NEAR_NYQUIST,49,0.12502760599784948,0.12500180149961565,140,10001100,True,0.0,0.0,2.48755e-05,formal_s053_near_nyquist_050ps
D3_NOISE_PLUS_MISMATCH_MC200,53,100053,NEAR_NYQUIST,50,-0.5535557715961213,-0.5534797921530789,89,01011001,True,0.0,0.0,2.53755e-05,formal_s053_near_nyquist_050ps
D3_NOISE_PLUS_MISMATCH_MC200,53,100053,NEAR_NYQUIST,51,0.9344120858375015,0.9343692906055776,201,11001001,True,0.0,0.0,2.58755e-05,formal_s053_near_nyquist_050ps
D3_NOISE_PLUS_MISMATCH_MC200,53,100053,NEAR_NYQUIST,52,-1.2347974586710555,-1.2348152912553494,37,00100101,True,0.0,0.0,2.63755e-05,formal_s053_near_nyquist_050ps
D3_NOISE_PLUS_MISMATCH_MC200,53,100053,NEAR_NYQUIST,53,1.4288429034863923,1.4288994800161436,238,11101110,True,0.0,0.0,2.68755e-05,formal_s053_near_nyquist_050ps
D3_NOISE_PLUS_MISMATCH_MC200,53,100053,NEAR_NYQUIST,54,-1.4998373568706624,-1.4997647162135974,17,00010001,True,0.0,0.0,2.73755e-05,formal_s053_near_nyquist_050ps
D3_NOISE_PLUS_MISMATCH_MC200,53,100053,NEAR_NYQUIST,55,1.4416668241686486,1.441613427201442,239,11101111,True,0.0,0.0,2.78755e-05,formal_s053_near_nyquist_050ps
D3_NOISE_PLUS_MISMATCH_MC200,53,100053,NEAR_NYQUIST,56,-1.2593409125972181,-1.2592686088886063,36,00100100,True,0.0,0.0,2.83755e-05,formal_s053_near_nyquist_050ps
D3_NOISE_PLUS_MISMATCH_MC200,53,100053,NEAR_NYQUIST,57,0.9685614072355067,0.9686072159291782,203,11001011,True,0.0,0.0,2.88755e-05,formal_s053_near_nyquist_050ps
D3_NOISE_PLUS_MISMATCH_MC200,53,100053,NEAR_NYQUIST,58,-0.5943700438372259,-0.5943965220160845,86,01010110,True,0.0,0.0,2.93755e-05,formal_s053_near_nyquist_050ps
D3_NOISE_PLUS_MISMATCH_MC200,53,100053,NEAR_NYQUIST,59,0.16899193136198168,0.16903271715892645,143,10001111,True,0.0,0.0,2.98755e-05,formal_s053_near_nyquist_050ps
D3_NOISE_PLUS_MISMATCH_MC200,53,100053,NEAR_NYQUIST,60,0.27093965277008897,0.270923531410878,151,10010111,True,0.0,0.0,3.03755e-05,formal_s053_near_nyquist_050ps
D3_NOISE_PLUS_MISMATCH_MC200,53,100053,NEAR_NYQUIST,61,-0.6875380959318957,-0.6875368763472385,79,01001111,True,0.0,0.0,3.08755e-05,formal_s053_near_nyquist_050ps
D3_NOISE_PLUS_MISMATCH_MC200,53,100053,NEAR_NYQUIST,62,1.0449262199294513,1.0448889886949588,209,11010001,True,0.0,0.0,3.13755e-05,formal_s053_near_nyquist_050ps
D3_NOISE_PLUS_MISMATCH_MC200,53,100053,NEAR_NYQUIST,63,-1.3123259994974505,-1.312451538873432,32,00100000,True,0.0,0.0,3.18755e-05,formal_s053_near_nyquist_050ps
D3_NOISE_PLUS_MISMATCH_MC200,71,100071,LOW,0,1.2827920356296627,1.2827348993328949,242,11110010,True,0.0,0.0,3.75492e-07,formal_s071_low_050ps
D3_NOISE_PLUS_MISMATCH_MC200,71,100071,LOW,1,1.4848272767569515,1.4848540819697453,241,11110001,True,0.0,0.0,8.755e-07,formal_s071_low_050ps
D3_NOISE_PLUS_MISMATCH_MC200,71,100071,LOW,2,1.0127819771128357,1.0128234784690318,205,11001101,True,0.0,0.0,1.37548e-06,formal_s071_low_050ps
D3_NOISE_PLUS_MISMATCH_MC200,71,100071,LOW,3,0.08095483381425314,0.08101053301390847,135,10000111,True,0.0,0.0,1.8755e-06,formal_s071_low_050ps
D3_NOISE_PLUS_MISMATCH_MC200,71,100071,LOW,4,-0.887624111535514,-0.887711636432924,62,00111110,True,0.0,0.0,2.37549e-06,formal_s071_low_050ps
D3_NOISE_PLUS_MISMATCH_MC200,71,100071,LOW,5,-1.4532402675617817,-1.4532367749000348,19,00010011,True,0.0,0.0,2.87548e-06,formal_s071_low_050ps
D3_NOISE_PLUS_MISMATCH_MC200,71,100071,LOW,6,-1.359115724610322,-1.3591799567157257,27,00011011,True,0.0,0.0,3.37548e-06,formal_s071_low_050ps
D3_NOISE_PLUS_MISMATCH_MC200,71,100071,LOW,7,-0.6479810573451181,-0.6480788355835435,80,01010000,True,0.0,0.0,3.87548e-06,formal_s071_low_050ps
D3_NOISE_PLUS_MISMATCH_MC200,71,100071,LOW,8,0.35732346279269056,0.35722491897014236,156,10011100,True,0.0,0.0,4.37548e-06,formal_s071_low_050ps
D3_NOISE_PLUS_MISMATCH_MC200,71,100071,LOW,9,1.200410601286161,1.200389088147892,219,11011011,True,0.0,0.0,4.87548e-06,formal_s071_low_050ps
D3_NOISE_PLUS_MISMATCH_MC200,71,100071,LOW,10,1.4985364234506107,1.4986847262085508,242,11110010,True,0.0,0.0,5.3755e-06,formal_s071_low_050ps
D3_NOISE_PLUS_MISMATCH_MC200,71,100071,LOW,11,1.1163580388581014,1.1161523666771935,213,11010101,True,0.0,0.0,5.8755e-06,formal_s071_low_050ps
D3_NOISE_PLUS_MISMATCH_MC200,71,100071,LOW,12,0.22737644401506385,0.22734570944091453,146,10010010,True,0.0,0.0,6.3755e-06,formal_s071_low_050ps
D3_NOISE_PLUS_MISMATCH_MC200,71,100071,LOW,13,-0.7648293027139206,-0.764891472166245,71,01000111,True,0.0,0.0,6.8755e-06,formal_s071_low_050ps
D3_NOISE_PLUS_MISMATCH_MC200,71,100071,LOW,14,-1.40981853608705,-1.4098249940387715,23,00010111,True,0.0,0.0,7.3755e-06,formal_s071_low_050ps
D3_NOISE_PLUS_MISMATCH_MC200,71,100071,LOW,15,-1.4147796287657606,-1.4147698961110358,22,00010110,True,0.0,0.0,7.8755e-06,formal_s071_low_050ps
D3_NOISE_PLUS_MISMATCH_MC200,71,100071,LOW,16,-0.7774603483941246,-0.7775351442895546,70,01000110,True,0.0,0.0,8.3755e-06,formal_s071_low_050ps
D3_NOISE_PLUS_MISMATCH_MC200,71,100071,LOW,17,0.21280967599837608,0.21277630152505472,145,10010001,True,0.0,0.0,8.87548e-06,formal_s071_low_050ps
D3_NOISE_PLUS_MISMATCH_MC200,71,100071,LOW,18,1.106468556641088,1.1066277928327544,212,11010100,True,0.0,0.0,9.3755e-06,formal_s071_low_050ps
D3_NOISE_PLUS_MISMATCH_MC200,71,100071,LOW,19,1.4978138452031033,1.497715876634231,242,11110010,True,0.0,0.0,9.8755e-06,formal_s071_low_050ps
D3_NOISE_PLUS_MISMATCH_MC200,71,100071,LOW,20,1.2091829624257837,1.2091641683163132,220,11011100,True,0.0,0.0,1.03755e-05,formal_s071_low_050ps
D3_NOISE_PLUS_MISMATCH_MC200,71,100071,LOW,21,0.3716082947633996,0.37167409389761047,157,10011101,True,0.0,0.0,1.08755e-05,formal_s071_low_050ps
D3_NOISE_PLUS_MISMATCH_MC200,71,100071,LOW,22,-0.6346687696089611,-0.634684750645461,81,01010001,True,0.0,0.0,1.13755e-05,formal_s071_low_050ps
D3_NOISE_PLUS_MISMATCH_MC200,71,100071,LOW,23,-1.3528194814245906,-1.352830901986376,27,00011011,True,0.0,0.0,1.18755e-05,formal_s071_low_050ps
D3_NOISE_PLUS_MISMATCH_MC200,71,100071,LOW,24,-1.4568184316989683,-1.4566871459233772,19,00010011,True,0.0,0.0,1.23755e-05,formal_s071_low_050ps
D3_NOISE_PLUS_MISMATCH_MC200,71,100071,LOW,25,-0.8994522712850329,-0.8994590874855992,61,00111101,True,0.0,0.0,1.28755e-05,formal_s071_low_050ps
D3_NOISE_PLUS_MISMATCH_MC200,71,100071,LOW,26,0.0662464156905973,0.0662345093484646,134,10000110,True,0.0,0.0,1.33755e-05,formal_s071_low_050ps
D3_NOISE_PLUS_MISMATCH_MC200,71,100071,LOW,27,1.0018706149383227,1.0018533827914777,205,11001101,True,0.0,0.0,1.38755e-05,formal_s071_low_050ps
D3_NOISE_PLUS_MISMATCH_MC200,71,100071,LOW,28,1.482666500837955,1.482807315688845,241,11110001,True,0.0,0.0,1.43755e-05,formal_s071_low_050ps
D3_NOISE_PLUS_MISMATCH_MC200,71,100071,LOW,29,1.2903627930586585,1.2904534935259877,226,11100010,True,0.0,0.0,1.48755e-05,formal_s071_low_050ps
D3_NOISE_PLUS_MISMATCH_MC200,71,100071,LOW,30,0.5122613544914112,0.5121434114302119,168,10101000,True,0.0,0.0,1.53755e-05,formal_s071_low_050ps
D3_NOISE_PLUS_MISMATCH_MC200,71,100071,LOW,31,-0.4983960293074411,-0.4982929553713423,91,01011011,True,0.0,0.0,1.58755e-05,formal_s071_low_050ps
D3_NOISE_PLUS_MISMATCH_MC200,71,100071,LOW,32,-1.2827920356296636,-1.2827450452413973,32,00100000,True,0.0,0.0,1.63755e-05,formal_s071_low_050ps
D3_NOISE_PLUS_MISMATCH_MC200,71,100071,LOW,33,-1.4848272767569517,-1.484703405700346,17,00010001,True,0.0,0.0,1.68755e-05,formal_s071_low_050ps
D3_NOISE_PLUS_MISMATCH_MC200,71,100071,LOW,34,-1.0127819771128357,-1.012731570787541,52,00110100,True,0.0,0.0,1.73755e-05,formal_s071_low_050ps
D3_NOISE_PLUS_MISMATCH_MC200,71,100071,LOW,35,-0.08095483381425642,-0.08096312560443122,123,01111011,True,0.0,0.0,1.78755e-05,formal_s071_low_050ps
D3_NOISE_PLUS_MISMATCH_MC200,71,100071,LOW,36,0.8876241115355172,0.8876572360382176,196,11000100,True,0.0,0.0,1.83755e-05,formal_s071_low_050ps
D3_NOISE_PLUS_MISMATCH_MC200,71,100071,LOW,37,1.453240267561782,1.4532682836723234,238,11101110,True,0.0,0.0,1.88755e-05,formal_s071_low_050ps
D3_NOISE_PLUS_MISMATCH_MC200,71,100071,LOW,38,1.3591157246103238,1.3590762517528692,232,11101000,True,0.0,0.0,1.93755e-05,formal_s071_low_050ps
D3_NOISE_PLUS_MISMATCH_MC200,71,100071,LOW,39,0.6479810573451193,0.6479761560396845,178,10110010,True,0.0,0.0,1.98755e-05,formal_s071_low_050ps
D3_NOISE_PLUS_MISMATCH_MC200,71,100071,LOW,40,-0.3573234627926919,-0.3574304585120294,102,01100110,True,0.0,0.0,2.03755e-05,formal_s071_low_050ps
D3_NOISE_PLUS_MISMATCH_MC200,71,100071,LOW,41,-1.2004106012861624,-1.2004795513178539,38,00100110,True,0.0,0.0,2.08755e-05,formal_s071_low_050ps
D3_NOISE_PLUS_MISMATCH_MC200,71,100071,LOW,42,-1.4985364234506107,-1.4984394482884147,16,00010000,True,0.0,0.0,2.13755e-05,formal_s071_low_050ps
D3_NOISE_PLUS_MISMATCH_MC200,71,100071,LOW,43,-1.116358038858104,-1.116325257872909,45,00101101,True,0.0,0.0,2.18755e-05,formal_s071_low_050ps
D3_NOISE_PLUS_MISMATCH_MC200,71,100071,LOW,44,-0.22737644401505985,-0.22732910591526737,112,01110000,True,0.0,0.0,2.23755e-05,formal_s071_low_050ps
D3_NOISE_PLUS_MISMATCH_MC200,71,100071,LOW,45,0.7648293027139195,0.764815804597914,187,10111011,True,0.0,0.0,2.28755e-05,formal_s071_low_050ps
D3_NOISE_PLUS_MISMATCH_MC200,71,100071,LOW,46,1.4098185360870479,1.409800392809168,235,11101011,True,0.0,0.0,2.33755e-05,formal_s071_low_050ps
D3_NOISE_PLUS_MISMATCH_MC200,71,100071,LOW,47,1.414779628765761,1.4147461106676427,236,11101100,True,0.0,0.0,2.38755e-05,formal_s071_low_050ps
D3_NOISE_PLUS_MISMATCH_MC200,71,100071,LOW,48,0.7774603483941213,0.7775228927072663,187,10111011,True,0.0,0.0,2.43755e-05,formal_s071_low_050ps
D3_NOISE_PLUS_MISMATCH_MC200,71,100071,LOW,49,-0.2128096759983695,-0.2127177317448722,113,01110001,True,0.0,0.0,2.48755e-05,formal_s071_low_050ps
D3_NOISE_PLUS_MISMATCH_MC200,71,100071,LOW,50,-1.1064685566410837,-1.1064397126138297,46,00101110,True,0.0,0.0,2.53755e-05,formal_s071_low_050ps
D3_NOISE_PLUS_MISMATCH_MC200,71,100071,LOW,51,-1.4978138452031033,-1.49777158985678,16,00010000,True,0.0,0.0,2.58755e-05,formal_s071_low_050ps
D3_NOISE_PLUS_MISMATCH_MC200,71,100071,LOW,52,-1.2091829624257844,-1.209231768121114,38,00100110,True,0.0,0.0,2.63755e-05,formal_s071_low_050ps
D3_NOISE_PLUS_MISMATCH_MC200,71,100071,LOW,53,-0.37160829476340085,-0.3716018624256529,101,01100101,True,0.0,0.0,2.68755e-05,formal_s071_low_050ps
D3_NOISE_PLUS_MISMATCH_MC200,71,100071,LOW,54,0.6346687696089551,0.6346732506321564,177,10110001,True,0.0,0.0,2.73755e-05,formal_s071_low_050ps
D3_NOISE_PLUS_MISMATCH_MC200,71,100071,LOW,55,1.352819481424588,1.3527866586223598,231,11100111,True,0.0,0.0,2.78755e-05,formal_s071_low_050ps
D3_NOISE_PLUS_MISMATCH_MC200,71,100071,LOW,56,1.4568184316989696,1.456882369437846,239,11101111,True,0.0,0.0,2.83755e-05,formal_s071_low_050ps
D3_NOISE_PLUS_MISMATCH_MC200,71,100071,LOW,57,0.8994522712850339,0.8994698717696528,197,11000101,True,0.0,0.0,2.88755e-05,formal_s071_low_050ps
D3_NOISE_PLUS_MISMATCH_MC200,71,100071,LOW,58,-0.06624641569059603,-0.06612539972296119,124,01111100,True,0.0,0.0,2.93755e-05,formal_s071_low_050ps
D3_NOISE_PLUS_MISMATCH_MC200,71,100071,LOW,59,-1.0018706149383219,-1.0019324584555374,53,00110101,True,0.0,0.0,2.98755e-05,formal_s071_low_050ps
D3_NOISE_PLUS_MISMATCH_MC200,71,100071,LOW,60,-1.4826665008379531,-1.4825559340714092,17,00010001,True,0.0,0.0,3.03755e-05,formal_s071_low_050ps
D3_NOISE_PLUS_MISMATCH_MC200,71,100071,LOW,61,-1.2903627930586619,-1.2903824843145628,32,00100000,True,0.0,0.0,3.08755e-05,formal_s071_low_050ps
D3_NOISE_PLUS_MISMATCH_MC200,71,100071,LOW,62,-0.5122613544914125,-0.5123228868204021,90,01011010,True,0.0,0.0,3.13755e-05,formal_s071_low_050ps
D3_NOISE_PLUS_MISMATCH_MC200,71,100071,LOW,63,0.4983960293074198,0.49849523599877044,167,10100111,True,0.0,0.0,3.18755e-05,formal_s071_low_050ps
D3_NOISE_PLUS_MISMATCH_MC200,71,100071,NEAR_NYQUIST,0,1.4667091451689225,1.4666520088721546,255,11111111,True,0.0,0.0,3.75501e-07,formal_s071_near_nyquist_050ps
D3_NOISE_PLUS_MISMATCH_MC200,71,100071,NEAR_NYQUIST,1,-1.494780284101462,-1.494753478888668,16,00010000,True,0.0,0.0,8.755e-07,formal_s071_near_nyquist_050ps
D3_NOISE_PLUS_MISMATCH_MC200,71,100071,NEAR_NYQUIST,2,1.3941219486589564,1.3941634500151525,234,11101010,True,0.0,0.0,1.37548e-06,formal_s071_near_nyquist_050ps
D3_NOISE_PLUS_MISMATCH_MC200,71,100071,NEAR_NYQUIST,3,-1.1734027671012242,-1.1733470679015687,41,00101001,True,0.0,0.0,1.87548e-06,formal_s071_near_nyquist_050ps
D3_NOISE_PLUS_MISMATCH_MC200,71,100071,NEAR_NYQUIST,4,0.8516309271389413,0.8515434022415314,193,11000001,True,0.0,0.0,2.3755e-06,formal_s071_near_nyquist_050ps
D3_NOISE_PLUS_MISMATCH_MC200,71,100071,NEAR_NYQUIST,5,-0.45651720357131287,-0.45651371090956594,95,01011111,True,0.0,0.0,2.87548e-06,formal_s071_near_nyquist_050ps
D3_NOISE_PLUS_MISMATCH_MC200,71,100071,NEAR_NYQUIST,6,0.022088524967191138,0.02202429286178761,131,10000011,True,0.0,0.0,3.37548e-06,formal_s071_near_nyquist_050ps
D3_NOISE_PLUS_MISMATCH_MC200,71,100071,NEAR_NYQUIST,7,0.4142424025754567,0.4141446243370313,160,10100000,True,0.0,0.0,3.87548e-06,formal_s071_near_nyquist_050ps
D3_NOISE_PLUS_MISMATCH_MC200,71,100071,NEAR_NYQUIST,8,-0.8148990525573347,-0.814997596379883,68,01000100,True,0.0,0.0,4.3755e-06,formal_s071_near_nyquist_050ps
D3_NOISE_PLUS_MISMATCH_MC200,71,100071,NEAR_NYQUIST,9,1.1453771433086934,1.1453556301704244,215,11010111,True,0.0,0.0,4.8755e-06,formal_s071_near_nyquist_050ps
D3_NOISE_PLUS_MISMATCH_MC200,71,100071,NEAR_NYQUIST,10,-1.3772161235583067,-1.3770678208003666,25,00011001,True,0.0,0.0,5.3755e-06,formal_s071_near_nyquist_050ps
D3_NOISE_PLUS_MISMATCH_MC200,71,100071,NEAR_NYQUIST,11,1.4904501759986983,1.4902445038177905,241,11110001,True,0.0,0.0,5.8755e-06,formal_s071_near_nyquist_050ps
D3_NOISE_PLUS_MISMATCH_MC200,71,100071,NEAR_NYQUIST,12,-1.4753276600663425,-1.4753583946404918,18,00010010,True,0.0,0.0,6.3755e-06,formal_s071_near_nyquist_050ps
D3_NOISE_PLUS_MISMATCH_MC200,71,100071,NEAR_NYQUIST,13,1.3331509166790971,1.3330887472267727,230,11100110,True,0.0,0.0,6.87549e-06,formal_s071_near_nyquist_050ps
D3_NOISE_PLUS_MISMATCH_MC200,71,100071,NEAR_NYQUIST,14,-1.076164111510855,-1.0761705694625763,48,00110000,True,0.0,0.0,7.3755e-06,formal_s071_near_nyquist_050ps
D3_NOISE_PLUS_MISMATCH_MC200,71,100071,NEAR_NYQUIST,15,0.7264987756651974,0.7265085083199222,184,10111000,True,0.0,0.0,7.8755e-06,formal_s071_near_nyquist_050ps
D3_NOISE_PLUS_MISMATCH_MC200,71,100071,NEAR_NYQUIST,16,-0.31426785307733823,-0.31434264897276826,105,01101001,True,0.0,0.0,8.37548e-06,formal_s071_near_nyquist_050ps
D3_NOISE_PLUS_MISMATCH_MC200,71,100071,NEAR_NYQUIST,17,-0.12502760599786011,-0.12506098047118147,120,01111000,True,0.0,0.0,8.8755e-06,formal_s071_near_nyquist_050ps
D3_NOISE_PLUS_MISMATCH_MC200,71,100071,NEAR_NYQUIST,18,0.5535557715961015,0.5537150077877679,171,10101011,True,0.0,0.0,9.37548e-06,formal_s071_near_nyquist_050ps
D3_NOISE_PLUS_MISMATCH_MC200,71,100071,NEAR_NYQUIST,19,-0.9344120858375181,-0.9345100544063905,59,00111011,True,0.0,0.0,9.8755e-06,formal_s071_near_nyquist_050ps
D3_NOISE_PLUS_MISMATCH_MC200,71,100071,NEAR_NYQUIST,20,1.2347974586710555,1.234778664561585,222,11011110,True,0.0,0.0,1.03755e-05,formal_s071_near_nyquist_050ps
D3_NOISE_PLUS_MISMATCH_MC200,71,100071,NEAR_NYQUIST,21,-1.4288429034863956,-1.4287771043521849,21,00010101,True,0.0,0.0,1.08755e-05,formal_s071_near_nyquist_050ps
D3_NOISE_PLUS_MISMATCH_MC200,71,100071,NEAR_NYQUIST,22,1.499837356870662,1.499821375834162,242,11110010,True,0.0,0.0,1.13755e-05,formal_s071_near_nyquist_050ps
D3_NOISE_PLUS_MISMATCH_MC200,71,100071,NEAR_NYQUIST,23,-1.4416668241686428,-1.4416782447304282,20,00010100,True,0.0,0.0,1.18755e-05,formal_s071_near_nyquist_050ps
D3_NOISE_PLUS_MISMATCH_MC200,71,100071,NEAR_NYQUIST,24,1.259340912597195,1.2594721983727861,224,11100000,True,0.0,0.0,1.23755e-05,formal_s071_near_nyquist_050ps
D3_NOISE_PLUS_MISMATCH_MC200,71,100071,NEAR_NYQUIST,25,-0.9685614072354902,-0.9685682234360565,56,00111000,True,0.0,0.0,1.28755e-05,formal_s071_near_nyquist_050ps
D3_NOISE_PLUS_MISMATCH_MC200,71,100071,NEAR_NYQUIST,26,0.5943700438371867,0.5943581374950541,174,10101110,True,0.0,0.0,1.33755e-05,formal_s071_near_nyquist_050ps
D3_NOISE_PLUS_MISMATCH_MC200,71,100071,NEAR_NYQUIST,27,-0.1689919313619605,-0.16900916350880554,116,01110100,True,0.0,0.0,1.38755e-05,formal_s071_near_nyquist_050ps
D3_NOISE_PLUS_MISMATCH_MC200,71,100071,NEAR_NYQUIST,28,-0.27093965277008897,-0.27079883791919873,109,01101101,True,0.0,0.0,1.43755e-05,formal_s071_near_nyquist_050ps
D3_NOISE_PLUS_MISMATCH_MC200,71,100071,NEAR_NYQUIST,29,0.6875380959319146,0.6876287963992438,181,10110101,True,0.0,0.0,1.48755e-05,formal_s071_near_nyquist_050ps
D3_NOISE_PLUS_MISMATCH_MC200,71,100071,NEAR_NYQUIST,30,-1.0449262199294669,-1.0450441629906662,50,00110010,True,0.0,0.0,1.53755e-05,formal_s071_near_nyquist_050ps
D3_NOISE_PLUS_MISMATCH_MC200,71,100071,NEAR_NYQUIST,31,1.3123259994974301,1.3124290734335289,228,11100100,True,0.0,0.0,1.58755e-05,formal_s071_near_nyquist_050ps
D3_NOISE_PLUS_MISMATCH_MC200,71,100071,NEAR_NYQUIST,32,-1.4667091451689234,-1.466662154780657,18,00010010,True,0.0,0.0,1.63755e-05,formal_s071_near_nyquist_050ps
D3_NOISE_PLUS_MISMATCH_MC200,71,100071,NEAR_NYQUIST,33,1.4947802841014617,1.4949041551580673,242,11110010,True,0.0,0.0,1.68755e-05,formal_s071_near_nyquist_050ps
D3_NOISE_PLUS_MISMATCH_MC200,71,100071,NEAR_NYQUIST,34,-1.394121948658956,-1.3940715423336614,24,00011000,True,0.0,0.0,1.73755e-05,formal_s071_near_nyquist_050ps
D3_NOISE_PLUS_MISMATCH_MC200,71,100071,NEAR_NYQUIST,35,1.1734027671012242,1.1733944753110495,218,11011010,True,0.0,0.0,1.78755e-05,formal_s071_near_nyquist_050ps
D3_NOISE_PLUS_MISMATCH_MC200,71,100071,NEAR_NYQUIST,36,-0.8516309271389413,-0.851597802636241,65,01000001,True,0.0,0.0,1.83755e-05,formal_s071_near_nyquist_050ps
D3_NOISE_PLUS_MISMATCH_MC200,71,100071,NEAR_NYQUIST,37,0.456517203571318,0.45654521968185946,163,10100011,True,0.0,0.0,1.88755e-05,formal_s071_near_nyquist_050ps
D3_NOISE_PLUS_MISMATCH_MC200,71,100071,NEAR_NYQUIST,38,-0.022088524967169825,-0.02212799782462443,127,01111111,True,0.0,0.0,1.93755e-05,formal_s071_near_nyquist_050ps
D3_NOISE_PLUS_MISMATCH_MC200,71,100071,NEAR_NYQUIST,39,-0.41424240257545164,-0.4142473038808865,98,01100010,True,0.0,0.0,1.98755e-05,formal_s071_near_nyquist_050ps
D3_NOISE_PLUS_MISMATCH_MC200,71,100071,NEAR_NYQUIST,40,0.8148990525573482,0.8147920568380106,190,10111110,True,0.0,0.0,2.03755e-05,formal_s071_near_nyquist_050ps
D3_NOISE_PLUS_MISMATCH_MC200,71,100071,NEAR_NYQUIST,41,-1.14537714330869,-1.1454460933403814,43,00101011,True,0.0,0.0,2.08755e-05,formal_s071_near_nyquist_050ps
D3_NOISE_PLUS_MISMATCH_MC200,71,100071,NEAR_NYQUIST,42,1.3772161235583025,1.3773130987204985,233,11101001,True,0.0,0.0,2.13755e-05,formal_s071_near_nyquist_050ps
D3_NOISE_PLUS_MISMATCH_MC200,71,100071,NEAR_NYQUIST,43,-1.4904501759986994,-1.4904173950135045,17,00010001,True,0.0,0.0,2.18755e-05,formal_s071_near_nyquist_050ps
D3_NOISE_PLUS_MISMATCH_MC200,71,100071,NEAR_NYQUIST,44,1.4753276600663443,1.4753749981661368,240,11110000,True,0.0,0.0,2.23755e-05,formal_s071_near_nyquist_050ps
D3_NOISE_PLUS_MISMATCH_MC200,71,100071,NEAR_NYQUIST,45,-1.3331509166790971,-1.3331644147951027,28,00011100,True,0.0,0.0,2.28755e-05,formal_s071_near_nyquist_050ps
D3_NOISE_PLUS_MISMATCH_MC200,71,100071,NEAR_NYQUIST,46,1.0761641115108698,1.07614596823299,210,11010010,True,0.0,0.0,2.33755e-05,formal_s071_near_nyquist_050ps
D3_NOISE_PLUS_MISMATCH_MC200,71,100071,NEAR_NYQUIST,47,-0.7264987756652067,-0.7265322937633252,74,01001010,True,0.0,0.0,2.38755e-05,formal_s071_near_nyquist_050ps
D3_NOISE_PLUS_MISMATCH_MC200,71,100071,NEAR_NYQUIST,48,0.3142678530773695,0.31433039739051444,153,10011001,True,0.0,0.0,2.43755e-05,formal_s071_near_nyquist_050ps
D3_NOISE_PLUS_MISMATCH_MC200,71,100071,NEAR_NYQUIST,49,0.12502760599784948,0.12511955025134677,138,10001010,True,0.0,0.0,2.48755e-05,formal_s071_near_nyquist_050ps
D3_NOISE_PLUS_MISMATCH_MC200,71,100071,NEAR_NYQUIST,50,-0.5535557715961213,-0.5535269275688672,87,01010111,True,0.0,0.0,2.53755e-05,formal_s071_near_nyquist_050ps
D3_NOISE_PLUS_MISMATCH_MC200,71,100071,NEAR_NYQUIST,51,0.9344120858375015,0.9344543411838249,200,11001000,True,0.0,0.0,2.58755e-05,formal_s071_near_nyquist_050ps
D3_NOISE_PLUS_MISMATCH_MC200,71,100071,NEAR_NYQUIST,52,-1.2347974586710555,-1.2348462643663851,36,00100100,True,0.0,0.0,2.63755e-05,formal_s071_near_nyquist_050ps
D3_NOISE_PLUS_MISMATCH_MC200,71,100071,NEAR_NYQUIST,53,1.4288429034863923,1.4288493358241403,237,11101101,True,0.0,0.0,2.68755e-05,formal_s071_near_nyquist_050ps
D3_NOISE_PLUS_MISMATCH_MC200,71,100071,NEAR_NYQUIST,54,-1.4998373568706624,-1.4998328758474613,16,00010000,True,0.0,0.0,2.73755e-05,formal_s071_near_nyquist_050ps
D3_NOISE_PLUS_MISMATCH_MC200,71,100071,NEAR_NYQUIST,55,1.4416668241686486,1.4416340013664204,238,11101110,True,0.0,0.0,2.78755e-05,formal_s071_near_nyquist_050ps
D3_NOISE_PLUS_MISMATCH_MC200,71,100071,NEAR_NYQUIST,56,-1.2593409125972181,-1.2592769748583417,34,00100010,True,0.0,0.0,2.83755e-05,formal_s071_near_nyquist_050ps
D3_NOISE_PLUS_MISMATCH_MC200,71,100071,NEAR_NYQUIST,57,0.9685614072355067,0.9685790077201255,202,11001010,True,0.0,0.0,2.88755e-05,formal_s071_near_nyquist_050ps
D3_NOISE_PLUS_MISMATCH_MC200,71,100071,NEAR_NYQUIST,58,-0.5943700438372259,-0.5942490278695911,84,01010100,True,0.0,0.0,2.93755e-05,formal_s071_near_nyquist_050ps
D3_NOISE_PLUS_MISMATCH_MC200,71,100071,NEAR_NYQUIST,59,0.16899193136198168,0.1689300878447663,142,10001110,True,0.0,0.0,2.98755e-05,formal_s071_near_nyquist_050ps
D3_NOISE_PLUS_MISMATCH_MC200,71,100071,NEAR_NYQUIST,60,0.27093965277008897,0.2710502195366329,149,10010101,True,0.0,0.0,3.03755e-05,formal_s071_near_nyquist_050ps
D3_NOISE_PLUS_MISMATCH_MC200,71,100071,NEAR_NYQUIST,61,-0.6875380959318957,-0.6875577871877966,77,01001101,True,0.0,0.0,3.08755e-05,formal_s071_near_nyquist_050ps
D3_NOISE_PLUS_MISMATCH_MC200,71,100071,NEAR_NYQUIST,62,1.0449262199294513,1.044864687600462,208,11010000,True,0.0,0.0,3.13755e-05,formal_s071_near_nyquist_050ps
D3_NOISE_PLUS_MISMATCH_MC200,71,100071,NEAR_NYQUIST,63,-1.3123259994974505,-1.3122267928061,30,00011110,True,0.0,0.0,3.18755e-05,formal_s071_near_nyquist_050ps
D3_NOISE_PLUS_MISMATCH_MC200,74,100074,LOW,0,1.2827920356296627,1.2826864052476883,224,11100000,True,0.0,0.0,3.75497e-07,formal_s074_low_050ps
D3_NOISE_PLUS_MISMATCH_MC200,74,100074,LOW,1,1.4848272767569515,1.4849447802373354,240,11110000,True,0.0,0.0,8.75483e-07,formal_s074_low_050ps
D3_NOISE_PLUS_MISMATCH_MC200,74,100074,LOW,2,1.0127819771128357,1.0127690391966029,204,11001100,True,0.0,0.0,1.3755e-06,formal_s074_low_050ps
D3_NOISE_PLUS_MISMATCH_MC200,74,100074,LOW,3,0.08095483381425314,0.0809302614404186,134,10000110,True,0.0,0.0,1.8755e-06,formal_s074_low_050ps
D3_NOISE_PLUS_MISMATCH_MC200,74,100074,LOW,4,-0.887624111535514,-0.8876222348522663,61,00111101,True,0.0,0.0,2.37549e-06,formal_s074_low_050ps
D3_NOISE_PLUS_MISMATCH_MC200,74,100074,LOW,5,-1.4532402675617817,-1.4531153832397388,18,00010010,True,0.0,0.0,2.87551e-06,formal_s074_low_050ps
D3_NOISE_PLUS_MISMATCH_MC200,74,100074,LOW,6,-1.359115724610322,-1.3592421100139023,25,00011001,True,0.0,0.0,3.3755e-06,formal_s074_low_050ps
D3_NOISE_PLUS_MISMATCH_MC200,74,100074,LOW,7,-0.6479810573451181,-0.6479602702019994,79,01001111,True,0.0,0.0,3.8755e-06,formal_s074_low_050ps
D3_NOISE_PLUS_MISMATCH_MC200,74,100074,LOW,8,0.35732346279269056,0.35732074287374166,155,10011011,True,0.0,0.0,4.37548e-06,formal_s074_low_050ps
D3_NOISE_PLUS_MISMATCH_MC200,74,100074,LOW,9,1.200410601286161,1.200421865010633,218,11011010,True,0.0,0.0,4.8755e-06,formal_s074_low_050ps
D3_NOISE_PLUS_MISMATCH_MC200,74,100074,LOW,10,1.4985364234506107,1.4985102669867216,241,11110001,True,0.0,0.0,5.37548e-06,formal_s074_low_050ps
D3_NOISE_PLUS_MISMATCH_MC200,74,100074,LOW,11,1.1163580388581014,1.1164041799811413,212,11010100,True,0.0,0.0,5.8755e-06,formal_s074_low_050ps
D3_NOISE_PLUS_MISMATCH_MC200,74,100074,LOW,12,0.22737644401506385,0.22726622031360544,145,10010001,True,0.0,0.0,6.37551e-06,formal_s074_low_050ps
D3_NOISE_PLUS_MISMATCH_MC200,74,100074,LOW,13,-0.7648293027139206,-0.764797305610111,70,01000110,True,0.0,0.0,6.8755e-06,formal_s074_low_050ps
D3_NOISE_PLUS_MISMATCH_MC200,74,100074,LOW,14,-1.40981853608705,-1.4098870853935566,22,00010110,True,0.0,0.0,7.3755e-06,formal_s074_low_050ps
D3_NOISE_PLUS_MISMATCH_MC200,74,100074,LOW,15,-1.4147796287657606,-1.4147293767213343,21,00010101,True,0.0,0.0,7.87551e-06,formal_s074_low_050ps
D3_NOISE_PLUS_MISMATCH_MC200,74,100074,LOW,16,-0.7774603483941246,-0.7773700594842577,69,01000101,True,0.0,0.0,8.3755e-06,formal_s074_low_050ps
D3_NOISE_PLUS_MISMATCH_MC200,74,100074,LOW,17,0.21280967599837608,0.21280058133369603,144,10010000,True,0.0,0.0,8.87548e-06,formal_s074_low_050ps
D3_NOISE_PLUS_MISMATCH_MC200,74,100074,LOW,18,1.106468556641088,1.1064601042322002,211,11010011,True,0.0,0.0,9.3755e-06,formal_s074_low_050ps
D3_NOISE_PLUS_MISMATCH_MC200,74,100074,LOW,19,1.4978138452031033,1.497736341944449,241,11110001,True,0.0,0.0,9.87548e-06,formal_s074_low_050ps
D3_NOISE_PLUS_MISMATCH_MC200,74,100074,LOW,20,1.2091829624257837,1.209204924881064,219,11011011,True,0.0,0.0,1.03755e-05,formal_s074_low_050ps
D3_NOISE_PLUS_MISMATCH_MC200,74,100074,LOW,21,0.3716082947633996,0.3716650412127258,156,10011100,True,0.0,0.0,1.08755e-05,formal_s074_low_050ps
D3_NOISE_PLUS_MISMATCH_MC200,74,100074,LOW,22,-0.6346687696089611,-0.6345761584633466,80,01010000,True,0.0,0.0,1.13755e-05,formal_s074_low_050ps
D3_NOISE_PLUS_MISMATCH_MC200,74,100074,LOW,23,-1.3528194814245906,-1.3528142844486304,26,00011010,True,0.0,0.0,1.18755e-05,formal_s074_low_050ps
D3_NOISE_PLUS_MISMATCH_MC200,74,100074,LOW,24,-1.4568184316989683,-1.4568573233809505,18,00010010,True,0.0,0.0,1.23755e-05,formal_s074_low_050ps
D3_NOISE_PLUS_MISMATCH_MC200,74,100074,LOW,25,-0.8994522712850329,-0.8993984478987339,60,00111100,True,0.0,0.0,1.28755e-05,formal_s074_low_050ps
D3_NOISE_PLUS_MISMATCH_MC200,74,100074,LOW,26,0.0662464156905973,0.06617956218432841,133,10000101,True,0.0,0.0,1.33755e-05,formal_s074_low_050ps
D3_NOISE_PLUS_MISMATCH_MC200,74,100074,LOW,27,1.0018706149383227,1.0019624404630108,203,11001011,True,0.0,0.0,1.38755e-05,formal_s074_low_050ps
D3_NOISE_PLUS_MISMATCH_MC200,74,100074,LOW,28,1.482666500837955,1.4825050863732088,240,11110000,True,0.0,0.0,1.43755e-05,formal_s074_low_050ps
D3_NOISE_PLUS_MISMATCH_MC200,74,100074,LOW,29,1.2903627930586585,1.2903716221160555,225,11100001,True,0.0,0.0,1.48755e-05,formal_s074_low_050ps
D3_NOISE_PLUS_MISMATCH_MC200,74,100074,LOW,30,0.5122613544914112,0.512117802950261,166,10100110,True,0.0,0.0,1.53755e-05,formal_s074_low_050ps
D3_NOISE_PLUS_MISMATCH_MC200,74,100074,LOW,31,-0.4983960293074411,-0.4984250812898361,90,01011010,True,0.0,0.0,1.58755e-05,formal_s074_low_050ps
D3_NOISE_PLUS_MISMATCH_MC200,74,100074,LOW,32,-1.2827920356296636,-1.2827038511991247,31,00011111,True,0.0,0.0,1.63755e-05,formal_s074_low_050ps
D3_NOISE_PLUS_MISMATCH_MC200,74,100074,LOW,33,-1.4848272767569517,-1.4848049029637638,16,00010000,True,0.0,0.0,1.68755e-05,formal_s074_low_050ps
D3_NOISE_PLUS_MISMATCH_MC200,74,100074,LOW,34,-1.0127819771128357,-1.0127067895588562,51,00110011,True,0.0,0.0,1.73755e-05,formal_s074_low_050ps
D3_NOISE_PLUS_MISMATCH_MC200,74,100074,LOW,35,-0.08095483381425642,-0.08098030806728736,122,01111010,True,0.0,0.0,1.78755e-05,formal_s074_low_050ps
D3_NOISE_PLUS_MISMATCH_MC200,74,100074,LOW,36,0.8876241115355172,0.8875382771433459,195,11000011,True,0.0,0.0,1.83755e-05,formal_s074_low_050ps
D3_NOISE_PLUS_MISMATCH_MC200,74,100074,LOW,37,1.453240267561782,1.453300784518797,238,11101110,True,0.0,0.0,1.88755e-05,formal_s074_low_050ps
D3_NOISE_PLUS_MISMATCH_MC200,74,100074,LOW,38,1.3591157246103238,1.359118964806965,230,11100110,True,0.0,0.0,1.93755e-05,formal_s074_low_050ps
D3_NOISE_PLUS_MISMATCH_MC200,74,100074,LOW,39,0.6479810573451193,0.6480490807590893,177,10110001,True,0.0,0.0,1.98755e-05,formal_s074_low_050ps
D3_NOISE_PLUS_MISMATCH_MC200,74,100074,LOW,40,-0.3573234627926919,-0.35727892770065695,101,01100101,True,0.0,0.0,2.03755e-05,formal_s074_low_050ps
D3_NOISE_PLUS_MISMATCH_MC200,74,100074,LOW,41,-1.2004106012861624,-1.2004583653254697,37,00100101,True,0.0,0.0,2.08755e-05,formal_s074_low_050ps
D3_NOISE_PLUS_MISMATCH_MC200,74,100074,LOW,42,-1.4985364234506107,-1.498592221299536,15,00001111,True,0.0,0.0,2.13755e-05,formal_s074_low_050ps
D3_NOISE_PLUS_MISMATCH_MC200,74,100074,LOW,43,-1.116358038858104,-1.1163086920831218,44,00101100,True,0.0,0.0,2.18755e-05,formal_s074_low_050ps
D3_NOISE_PLUS_MISMATCH_MC200,74,100074,LOW,44,-0.22737644401505985,-0.22733866586232282,111,01101111,True,0.0,0.0,2.23755e-05,formal_s074_low_050ps
D3_NOISE_PLUS_MISMATCH_MC200,74,100074,LOW,45,0.7648293027139195,0.7648869256101912,186,10111010,True,0.0,0.0,2.28755e-05,formal_s074_low_050ps
D3_NOISE_PLUS_MISMATCH_MC200,74,100074,LOW,46,1.4098185360870479,1.409805954817406,234,11101010,True,0.0,0.0,2.33755e-05,formal_s074_low_050ps
D3_NOISE_PLUS_MISMATCH_MC200,74,100074,LOW,47,1.414779628765761,1.414722945063399,235,11101011,True,0.0,0.0,2.38755e-05,formal_s074_low_050ps
D3_NOISE_PLUS_MISMATCH_MC200,74,100074,LOW,48,0.7774603483941213,0.7774756263626909,187,10111011,True,0.0,0.0,2.43755e-05,formal_s074_low_050ps
D3_NOISE_PLUS_MISMATCH_MC200,74,100074,LOW,49,-0.2128096759983695,-0.21284905410838642,112,01110000,True,0.0,0.0,2.48755e-05,formal_s074_low_050ps
D3_NOISE_PLUS_MISMATCH_MC200,74,100074,LOW,50,-1.1064685566410837,-1.1064920516691696,44,00101100,True,0.0,0.0,2.53755e-05,formal_s074_low_050ps
D3_NOISE_PLUS_MISMATCH_MC200,74,100074,LOW,51,-1.4978138452031033,-1.4977586553172972,15,00001111,True,0.0,0.0,2.58755e-05,formal_s074_low_050ps
D3_NOISE_PLUS_MISMATCH_MC200,74,100074,LOW,52,-1.2091829624257844,-1.2091190500217284,37,00100101,True,0.0,0.0,2.63755e-05,formal_s074_low_050ps
D3_NOISE_PLUS_MISMATCH_MC200,74,100074,LOW,53,-0.37160829476340085,-0.3713795892458017,100,01100100,True,0.0,0.0,2.68755e-05,formal_s074_low_050ps
D3_NOISE_PLUS_MISMATCH_MC200,74,100074,LOW,54,0.6346687696089551,0.6347086840292959,176,10110000,True,0.0,0.0,2.73755e-05,formal_s074_low_050ps
D3_NOISE_PLUS_MISMATCH_MC200,74,100074,LOW,55,1.352819481424588,1.352855109022825,230,11100110,True,0.0,0.0,2.78755e-05,formal_s074_low_050ps
D3_NOISE_PLUS_MISMATCH_MC200,74,100074,LOW,56,1.4568184316989696,1.4568763761207115,237,11101101,True,0.0,0.0,2.83755e-05,formal_s074_low_050ps
D3_NOISE_PLUS_MISMATCH_MC200,74,100074,LOW,57,0.8994522712850339,0.8993937034442927,196,11000100,True,0.0,0.0,2.88755e-05,formal_s074_low_050ps
D3_NOISE_PLUS_MISMATCH_MC200,74,100074,LOW,58,-0.06624641569059603,-0.06626622117023004,123,01111011,True,0.0,0.0,2.93755e-05,formal_s074_low_050ps
D3_NOISE_PLUS_MISMATCH_MC200,74,100074,LOW,59,-1.0018706149383219,-1.0018514179347997,53,00110101,True,0.0,0.0,2.98755e-05,formal_s074_low_050ps
D3_NOISE_PLUS_MISMATCH_MC200,74,100074,LOW,60,-1.4826665008379531,-1.482603039556628,16,00010000,True,0.0,0.0,3.03755e-05,formal_s074_low_050ps
D3_NOISE_PLUS_MISMATCH_MC200,74,100074,LOW,61,-1.2903627930586619,-1.2903159556619852,31,00011111,True,0.0,0.0,3.08755e-05,formal_s074_low_050ps
D3_NOISE_PLUS_MISMATCH_MC200,74,100074,LOW,62,-0.5122613544914125,-0.5123188027017299,89,01011001,True,0.0,0.0,3.13755e-05,formal_s074_low_050ps
D3_NOISE_PLUS_MISMATCH_MC200,74,100074,LOW,63,0.4983960293074198,0.4984326026154597,165,10100101,True,0.0,0.0,3.18755e-05,formal_s074_low_050ps
D3_NOISE_PLUS_MISMATCH_MC200,74,100074,NEAR_NYQUIST,0,1.4667091451689225,1.466603514786948,238,11101110,True,0.0,0.0,3.755e-07,formal_s074_near_nyquist_050ps
D3_NOISE_PLUS_MISMATCH_MC200,74,100074,NEAR_NYQUIST,1,-1.494780284101462,-1.494662780621078,15,00001111,True,0.0,0.0,8.75502e-07,formal_s074_near_nyquist_050ps
D3_NOISE_PLUS_MISMATCH_MC200,74,100074,NEAR_NYQUIST,2,1.3941219486589564,1.3941090107427236,233,11101001,True,0.0,0.0,1.3755e-06,formal_s074_near_nyquist_050ps
D3_NOISE_PLUS_MISMATCH_MC200,74,100074,NEAR_NYQUIST,3,-1.1734027671012242,-1.1734273394750587,39,00100111,True,0.0,0.0,1.8755e-06,formal_s074_near_nyquist_050ps
D3_NOISE_PLUS_MISMATCH_MC200,74,100074,NEAR_NYQUIST,4,0.8516309271389413,0.851632803822189,192,11000000,True,0.0,0.0,2.3755e-06,formal_s074_near_nyquist_050ps
D3_NOISE_PLUS_MISMATCH_MC200,74,100074,NEAR_NYQUIST,5,-0.45651720357131287,-0.45639231924926993,93,01011101,True,0.0,0.0,2.87548e-06,formal_s074_near_nyquist_050ps
D3_NOISE_PLUS_MISMATCH_MC200,74,100074,NEAR_NYQUIST,6,0.022088524967191138,0.02196213956361098,130,10000010,True,0.0,0.0,3.37548e-06,formal_s074_near_nyquist_050ps
D3_NOISE_PLUS_MISMATCH_MC200,74,100074,NEAR_NYQUIST,7,0.4142424025754567,0.4142631897185754,159,10011111,True,0.0,0.0,3.87551e-06,formal_s074_near_nyquist_050ps
D3_NOISE_PLUS_MISMATCH_MC200,74,100074,NEAR_NYQUIST,8,-0.8148990525573347,-0.8149017724762837,66,01000010,True,0.0,0.0,4.3755e-06,formal_s074_near_nyquist_050ps
D3_NOISE_PLUS_MISMATCH_MC200,74,100074,NEAR_NYQUIST,9,1.1453771433086934,1.1453884070331655,214,11010110,True,0.0,0.0,4.8755e-06,formal_s074_near_nyquist_050ps
D3_NOISE_PLUS_MISMATCH_MC200,74,100074,NEAR_NYQUIST,10,-1.3772161235583067,-1.3772422800221957,24,00011000,True,0.0,0.0,5.3755e-06,formal_s074_near_nyquist_050ps
D3_NOISE_PLUS_MISMATCH_MC200,74,100074,NEAR_NYQUIST,11,1.4904501759986983,1.4904963171217382,240,11110000,True,0.0,0.0,5.87548e-06,formal_s074_near_nyquist_050ps
D3_NOISE_PLUS_MISMATCH_MC200,74,100074,NEAR_NYQUIST,12,-1.4753276600663425,-1.4754378837678008,17,00010001,True,0.0,0.0,6.3755e-06,formal_s074_near_nyquist_050ps
D3_NOISE_PLUS_MISMATCH_MC200,74,100074,NEAR_NYQUIST,13,1.3331509166790971,1.3331829137829068,228,11100100,True,0.0,0.0,6.87549e-06,formal_s074_near_nyquist_050ps
D3_NOISE_PLUS_MISMATCH_MC200,74,100074,NEAR_NYQUIST,14,-1.076164111510855,-1.0762326608173614,47,00101111,True,0.0,0.0,7.3755e-06,formal_s074_near_nyquist_050ps
D3_NOISE_PLUS_MISMATCH_MC200,74,100074,NEAR_NYQUIST,15,0.7264987756651974,0.7265490277096236,183,10110111,True,0.0,0.0,7.8755e-06,formal_s074_near_nyquist_050ps
D3_NOISE_PLUS_MISMATCH_MC200,74,100074,NEAR_NYQUIST,16,-0.31426785307733823,-0.3141775641674714,104,01101000,True,0.0,0.0,8.37548e-06,formal_s074_near_nyquist_050ps
D3_NOISE_PLUS_MISMATCH_MC200,74,100074,NEAR_NYQUIST,17,-0.12502760599786011,-0.12503670066254016,118,01110110,True,0.0,0.0,8.8755e-06,formal_s074_near_nyquist_050ps
D3_NOISE_PLUS_MISMATCH_MC200,74,100074,NEAR_NYQUIST,18,0.5535557715961015,0.5535473191872138,170,10101010,True,0.0,0.0,9.3755e-06,formal_s074_near_nyquist_050ps
D3_NOISE_PLUS_MISMATCH_MC200,74,100074,NEAR_NYQUIST,19,-0.9344120858375181,-0.9344895890961725,57,00111001,True,0.0,0.0,9.87548e-06,formal_s074_near_nyquist_050ps
D3_NOISE_PLUS_MISMATCH_MC200,74,100074,NEAR_NYQUIST,20,1.2347974586710555,1.2348194211263357,221,11011101,True,0.0,0.0,1.03755e-05,formal_s074_near_nyquist_050ps
D3_NOISE_PLUS_MISMATCH_MC200,74,100074,NEAR_NYQUIST,21,-1.4288429034863956,-1.4287861570370695,20,00010100,True,0.0,0.0,1.08755e-05,formal_s074_near_nyquist_050ps
D3_NOISE_PLUS_MISMATCH_MC200,74,100074,NEAR_NYQUIST,22,1.499837356870662,1.4999299680162765,241,11110001,True,0.0,0.0,1.13755e-05,formal_s074_near_nyquist_050ps
D3_NOISE_PLUS_MISMATCH_MC200,74,100074,NEAR_NYQUIST,23,-1.4416668241686428,-1.4416616271926825,19,00010011,True,0.0,0.0,1.18755e-05,formal_s074_near_nyquist_050ps
D3_NOISE_PLUS_MISMATCH_MC200,74,100074,NEAR_NYQUIST,24,1.259340912597195,1.2593020209152128,223,11011111,True,0.0,0.0,1.23755e-05,formal_s074_near_nyquist_050ps
D3_NOISE_PLUS_MISMATCH_MC200,74,100074,NEAR_NYQUIST,25,-0.9685614072354902,-0.9685075838491912,55,00110111,True,0.0,0.0,1.28755e-05,formal_s074_near_nyquist_050ps
D3_NOISE_PLUS_MISMATCH_MC200,74,100074,NEAR_NYQUIST,26,0.5943700438371867,0.5943031903309178,173,10101101,True,0.0,0.0,1.33755e-05,formal_s074_near_nyquist_050ps
D3_NOISE_PLUS_MISMATCH_MC200,74,100074,NEAR_NYQUIST,27,-0.1689919313619605,-0.1689001058372724,115,01110011,True,0.0,0.0,1.38755e-05,formal_s074_near_nyquist_050ps
D3_NOISE_PLUS_MISMATCH_MC200,74,100074,NEAR_NYQUIST,28,-0.27093965277008897,-0.271101067234835,107,01101011,True,0.0,0.0,1.43755e-05,formal_s074_near_nyquist_050ps
D3_NOISE_PLUS_MISMATCH_MC200,74,100074,NEAR_NYQUIST,29,0.6875380959319146,0.6875469249893117,180,10110100,True,0.0,0.0,1.48755e-05,formal_s074_near_nyquist_050ps
D3_NOISE_PLUS_MISMATCH_MC200,74,100074,NEAR_NYQUIST,30,-1.0449262199294669,-1.0450697714706172,49,00110001,True,0.0,0.0,1.53755e-05,formal_s074_near_nyquist_050ps
D3_NOISE_PLUS_MISMATCH_MC200,74,100074,NEAR_NYQUIST,31,1.3123259994974301,1.3122969475150352,227,11100011,True,0.0,0.0,1.58755e-05,formal_s074_near_nyquist_050ps
D3_NOISE_PLUS_MISMATCH_MC200,74,100074,NEAR_NYQUIST,32,-1.4667091451689234,-1.4666209607383844,17,00010001,True,0.0,0.0,1.63755e-05,formal_s074_near_nyquist_050ps
D3_NOISE_PLUS_MISMATCH_MC200,74,100074,NEAR_NYQUIST,33,1.4947802841014617,1.4948026578946496,241,11110001,True,0.0,0.0,1.68755e-05,formal_s074_near_nyquist_050ps
D3_NOISE_PLUS_MISMATCH_MC200,74,100074,NEAR_NYQUIST,34,-1.394121948658956,-1.3940467611049765,23,00010111,True,0.0,0.0,1.73755e-05,formal_s074_near_nyquist_050ps
D3_NOISE_PLUS_MISMATCH_MC200,74,100074,NEAR_NYQUIST,35,1.1734027671012242,1.1733772928481931,216,11011000,True,0.0,0.0,1.78755e-05,formal_s074_near_nyquist_050ps
D3_NOISE_PLUS_MISMATCH_MC200,74,100074,NEAR_NYQUIST,36,-0.8516309271389413,-0.8517167615311126,64,01000000,True,0.0,0.0,1.83755e-05,formal_s074_near_nyquist_050ps
D3_NOISE_PLUS_MISMATCH_MC200,74,100074,NEAR_NYQUIST,37,0.456517203571318,0.456577720528333,162,10100010,True,0.0,0.0,1.88755e-05,formal_s074_near_nyquist_050ps
D3_NOISE_PLUS_MISMATCH_MC200,74,100074,NEAR_NYQUIST,38,-0.022088524967169825,-0.02208528477052867,126,01111110,True,0.0,0.0,1.93755e-05,formal_s074_near_nyquist_050ps
D3_NOISE_PLUS_MISMATCH_MC200,74,100074,NEAR_NYQUIST,39,-0.41424240257545164,-0.41417437916148175,97,01100001,True,0.0,0.0,1.98755e-05,formal_s074_near_nyquist_050ps
D3_NOISE_PLUS_MISMATCH_MC200,74,100074,NEAR_NYQUIST,40,0.8148990525573482,0.8149435876493831,189,10111101,True,0.0,0.0,2.03755e-05,formal_s074_near_nyquist_050ps
D3_NOISE_PLUS_MISMATCH_MC200,74,100074,NEAR_NYQUIST,41,-1.14537714330869,-1.1454249073479972,42,00101010,True,0.0,0.0,2.08755e-05,formal_s074_near_nyquist_050ps
D3_NOISE_PLUS_MISMATCH_MC200,74,100074,NEAR_NYQUIST,42,1.3772161235583025,1.3771603257093772,232,11101000,True,0.0,0.0,2.13755e-05,formal_s074_near_nyquist_050ps
D3_NOISE_PLUS_MISMATCH_MC200,74,100074,NEAR_NYQUIST,43,-1.4904501759986994,-1.4904008292237172,15,00001111,True,0.0,0.0,2.18755e-05,formal_s074_near_nyquist_050ps
D3_NOISE_PLUS_MISMATCH_MC200,74,100074,NEAR_NYQUIST,44,1.4753276600663443,1.4753654382190813,239,11101111,True,0.0,0.0,2.23755e-05,formal_s074_near_nyquist_050ps
D3_NOISE_PLUS_MISMATCH_MC200,74,100074,NEAR_NYQUIST,45,-1.3331509166790971,-1.3330932937828253,27,00011011,True,0.0,0.0,2.28755e-05,formal_s074_near_nyquist_050ps
D3_NOISE_PLUS_MISMATCH_MC200,74,100074,NEAR_NYQUIST,46,1.0761641115108698,1.076151530241228,209,11010001,True,0.0,0.0,2.33755e-05,formal_s074_near_nyquist_050ps
D3_NOISE_PLUS_MISMATCH_MC200,74,100074,NEAR_NYQUIST,47,-0.7264987756652067,-0.7265554593675688,73,01001001,True,0.0,0.0,2.38755e-05,formal_s074_near_nyquist_050ps
D3_NOISE_PLUS_MISMATCH_MC200,74,100074,NEAR_NYQUIST,48,0.3142678530773695,0.31428313104593913,151,10010111,True,0.0,0.0,2.43755e-05,formal_s074_near_nyquist_050ps
D3_NOISE_PLUS_MISMATCH_MC200,74,100074,NEAR_NYQUIST,49,0.12502760599784948,0.12498822788783255,137,10001001,True,0.0,0.0,2.48755e-05,formal_s074_near_nyquist_050ps
D3_NOISE_PLUS_MISMATCH_MC200,74,100074,NEAR_NYQUIST,50,-0.5535557715961213,-0.5535792666242072,86,01010110,True,0.0,0.0,2.53755e-05,formal_s074_near_nyquist_050ps
D3_NOISE_PLUS_MISMATCH_MC200,74,100074,NEAR_NYQUIST,51,0.9344120858375015,0.9344672757233076,198,11000110,True,0.0,0.0,2.58755e-05,formal_s074_near_nyquist_050ps
D3_NOISE_PLUS_MISMATCH_MC200,74,100074,NEAR_NYQUIST,52,-1.2347974586710555,-1.2347335462669995,35,00100011,True,0.0,0.0,2.63755e-05,formal_s074_near_nyquist_050ps
D3_NOISE_PLUS_MISMATCH_MC200,74,100074,NEAR_NYQUIST,53,1.4288429034863923,1.4290716090039914,236,11101100,True,0.0,0.0,2.68755e-05,formal_s074_near_nyquist_050ps
D3_NOISE_PLUS_MISMATCH_MC200,74,100074,NEAR_NYQUIST,54,-1.4998373568706624,-1.4997974424503215,15,00001111,True,0.0,0.0,2.73755e-05,formal_s074_near_nyquist_050ps
D3_NOISE_PLUS_MISMATCH_MC200,74,100074,NEAR_NYQUIST,55,1.4416668241686486,1.4417024517668855,237,11101101,True,0.0,0.0,2.78755e-05,formal_s074_near_nyquist_050ps
D3_NOISE_PLUS_MISMATCH_MC200,74,100074,NEAR_NYQUIST,56,-1.2593409125972181,-1.2592829681754762,33,00100001,True,0.0,0.0,2.83755e-05,formal_s074_near_nyquist_050ps
D3_NOISE_PLUS_MISMATCH_MC200,74,100074,NEAR_NYQUIST,57,0.9685614072355067,0.9685028393947654,201,11001001,True,0.0,0.0,2.88755e-05,formal_s074_near_nyquist_050ps
D3_NOISE_PLUS_MISMATCH_MC200,74,100074,NEAR_NYQUIST,58,-0.5943700438372259,-0.5943898493168599,83,01010011,True,0.0,0.0,2.93755e-05,formal_s074_near_nyquist_050ps
D3_NOISE_PLUS_MISMATCH_MC200,74,100074,NEAR_NYQUIST,59,0.16899193136198168,0.16901112836550392,141,10001101,True,0.0,0.0,2.98755e-05,formal_s074_near_nyquist_050ps
D3_NOISE_PLUS_MISMATCH_MC200,74,100074,NEAR_NYQUIST,60,0.27093965277008897,0.271003114051414,148,10010100,True,0.0,0.0,3.03755e-05,formal_s074_near_nyquist_050ps
D3_NOISE_PLUS_MISMATCH_MC200,74,100074,NEAR_NYQUIST,61,-0.6875380959318957,-0.687491258535219,76,01001100,True,0.0,0.0,3.08755e-05,formal_s074_near_nyquist_050ps
D3_NOISE_PLUS_MISMATCH_MC200,74,100074,NEAR_NYQUIST,62,1.0449262199294513,1.044868771719134,207,11001111,True,0.0,0.0,3.13755e-05,formal_s074_near_nyquist_050ps
D3_NOISE_PLUS_MISMATCH_MC200,74,100074,NEAR_NYQUIST,63,-1.3123259994974505,-1.3122894261894107,29,00011101,True,0.0,0.0,3.18755e-05,formal_s074_near_nyquist_050ps
D3_NOISE_PLUS_MISMATCH_MC200,109,100109,LOW,0,1.2827920356296627,1.2826943349743543,195,11000011,True,0.0,0.0,3.75497e-07,formal_s109_low_050ps
D3_NOISE_PLUS_MISMATCH_MC200,109,100109,LOW,1,1.4848272767569515,1.4848731389344239,210,11010010,True,0.0,0.0,8.75507e-07,formal_s109_low_050ps
D3_NOISE_PLUS_MISMATCH_MC200,109,100109,LOW,2,1.0127819771128357,1.0126937119131385,206,11001110,True,0.0,0.0,1.3755e-06,formal_s109_low_050ps
D3_NOISE_PLUS_MISMATCH_MC200,109,100109,LOW,3,0.08095483381425314,0.08101813771361802,136,10001000,True,0.0,0.0,1.8755e-06,formal_s109_low_050ps
D3_NOISE_PLUS_MISMATCH_MC200,109,100109,LOW,4,-0.887624111535514,-0.8876321478382134,64,01000000,True,0.0,0.0,2.37549e-06,formal_s109_low_050ps
D3_NOISE_PLUS_MISMATCH_MC200,109,100109,LOW,5,-1.4532402675617817,-1.4532681799650147,20,00010100,True,0.0,0.0,2.87548e-06,formal_s109_low_050ps
D3_NOISE_PLUS_MISMATCH_MC200,109,100109,LOW,6,-1.359115724610322,-1.3590680428010673,27,00011011,True,0.0,0.0,3.3755e-06,formal_s109_low_050ps
D3_NOISE_PLUS_MISMATCH_MC200,109,100109,LOW,7,-0.6479810573451181,-0.6479933301454421,81,01010001,True,0.0,0.0,3.8755e-06,formal_s109_low_050ps
D3_NOISE_PLUS_MISMATCH_MC200,109,100109,LOW,8,0.35732346279269056,0.3573772559863402,157,10011101,True,0.0,0.0,4.37548e-06,formal_s109_low_050ps
D3_NOISE_PLUS_MISMATCH_MC200,109,100109,LOW,9,1.200410601286161,1.200499689420911,220,11011100,True,0.0,0.0,4.8755e-06,formal_s109_low_050ps
D3_NOISE_PLUS_MISMATCH_MC200,109,100109,LOW,10,1.4985364234506107,1.4986544959597212,243,11110011,True,0.0,0.0,5.3755e-06,formal_s109_low_050ps
D3_NOISE_PLUS_MISMATCH_MC200,109,100109,LOW,11,1.1163580388581014,1.116406827016815,214,11010110,True,0.0,0.0,5.8755e-06,formal_s109_low_050ps
D3_NOISE_PLUS_MISMATCH_MC200,109,100109,LOW,12,0.22737644401506385,0.2273098898632692,147,10010011,True,0.0,0.0,6.37551e-06,formal_s109_low_050ps
D3_NOISE_PLUS_MISMATCH_MC200,109,100109,LOW,13,-0.7648293027139206,-0.7648821920858218,72,01001000,True,0.0,0.0,6.8755e-06,formal_s109_low_050ps
D3_NOISE_PLUS_MISMATCH_MC200,109,100109,LOW,14,-1.40981853608705,-1.4099136431834436,23,00010111,True,0.0,0.0,7.37548e-06,formal_s109_low_050ps
D3_NOISE_PLUS_MISMATCH_MC200,109,100109,LOW,15,-1.4147796287657606,-1.4147874445612638,23,00010111,True,0.0,0.0,7.87549e-06,formal_s109_low_050ps
D3_NOISE_PLUS_MISMATCH_MC200,109,100109,LOW,16,-0.7774603483941246,-0.7775090163579672,71,01000111,True,0.0,0.0,8.3755e-06,formal_s109_low_050ps
D3_NOISE_PLUS_MISMATCH_MC200,109,100109,LOW,17,0.21280967599837608,0.21273801338775128,146,10010010,True,0.0,0.0,8.8755e-06,formal_s109_low_050ps
D3_NOISE_PLUS_MISMATCH_MC200,109,100109,LOW,18,1.106468556641088,1.1064578665512625,213,11010101,True,0.0,0.0,9.3755e-06,formal_s109_low_050ps
D3_NOISE_PLUS_MISMATCH_MC200,109,100109,LOW,19,1.4978138452031033,1.4978298800648597,243,11110011,True,0.0,0.0,9.87551e-06,formal_s109_low_050ps
D3_NOISE_PLUS_MISMATCH_MC200,109,100109,LOW,20,1.2091829624257837,1.2092573934799251,221,11011101,True,0.0,0.0,1.03755e-05,formal_s109_low_050ps
D3_NOISE_PLUS_MISMATCH_MC200,109,100109,LOW,21,0.3716082947633996,0.3716040941844625,158,10011110,True,0.0,0.0,1.08755e-05,formal_s109_low_050ps
D3_NOISE_PLUS_MISMATCH_MC200,109,100109,LOW,22,-0.6346687696089611,-0.6347180125518438,82,01010010,True,0.0,0.0,1.13755e-05,formal_s109_low_050ps
D3_NOISE_PLUS_MISMATCH_MC200,109,100109,LOW,23,-1.3528194814245906,-1.3527774667270105,28,00011100,True,0.0,0.0,1.18755e-05,formal_s109_low_050ps
D3_NOISE_PLUS_MISMATCH_MC200,109,100109,LOW,24,-1.4568184316989683,-1.4568692210398617,20,00010100,True,0.0,0.0,1.23755e-05,formal_s109_low_050ps
D3_NOISE_PLUS_MISMATCH_MC200,109,100109,LOW,25,-0.8994522712850329,-0.8995888971152012,62,00111110,True,0.0,0.0,1.28755e-05,formal_s109_low_050ps
D3_NOISE_PLUS_MISMATCH_MC200,109,100109,LOW,26,0.0662464156905973,0.06627880167357053,135,10000111,True,0.0,0.0,1.33755e-05,formal_s109_low_050ps
D3_NOISE_PLUS_MISMATCH_MC200,109,100109,LOW,27,1.0018706149383227,1.0019320708654855,205,11001101,True,0.0,0.0,1.38755e-05,formal_s109_low_050ps
D3_NOISE_PLUS_MISMATCH_MC200,109,100109,LOW,28,1.482666500837955,1.4827391611815341,241,11110001,True,0.0,0.0,1.43755e-05,formal_s109_low_050ps
D3_NOISE_PLUS_MISMATCH_MC200,109,100109,LOW,29,1.2903627930586585,1.2902828098567085,227,11100011,True,0.0,0.0,1.48755e-05,formal_s109_low_050ps
D3_NOISE_PLUS_MISMATCH_MC200,109,100109,LOW,30,0.5122613544914112,0.5123158747293385,169,10101001,True,0.0,0.0,1.53755e-05,formal_s109_low_050ps
D3_NOISE_PLUS_MISMATCH_MC200,109,100109,LOW,31,-0.4983960293074411,-0.4984874362438177,92,01011100,True,0.0,0.0,1.58755e-05,formal_s109_low_050ps
D3_NOISE_PLUS_MISMATCH_MC200,109,100109,LOW,32,-1.2827920356296636,-1.2827632250494088,33,00100001,True,0.0,0.0,1.63755e-05,formal_s109_low_050ps
D3_NOISE_PLUS_MISMATCH_MC200,109,100109,LOW,33,-1.4848272767569517,-1.4847384350823156,18,00010010,True,0.0,0.0,1.68755e-05,formal_s109_low_050ps
D3_NOISE_PLUS_MISMATCH_MC200,109,100109,LOW,34,-1.0127819771128357,-1.0127559247102194,53,00110101,True,0.0,0.0,1.73755e-05,formal_s109_low_050ps
D3_NOISE_PLUS_MISMATCH_MC200,109,100109,LOW,35,-0.08095483381425642,-0.08101245973106047,124,01111100,True,0.0,0.0,1.78755e-05,formal_s109_low_050ps
D3_NOISE_PLUS_MISMATCH_MC200,109,100109,LOW,36,0.8876241115355172,0.8876400516593199,197,11000101,True,0.0,0.0,1.83755e-05,formal_s109_low_050ps
D3_NOISE_PLUS_MISMATCH_MC200,109,100109,LOW,37,1.453240267561782,1.4532139725152153,239,11101111,True,0.0,0.0,1.88755e-05,formal_s109_low_050ps
D3_NOISE_PLUS_MISMATCH_MC200,109,100109,LOW,38,1.3591157246103238,1.3590333328638478,232,11101000,True,0.0,0.0,1.93755e-05,formal_s109_low_050ps
D3_NOISE_PLUS_MISMATCH_MC200,109,100109,LOW,39,0.6479810573451193,0.6480310100495331,178,10110010,True,0.0,0.0,1.98755e-05,formal_s109_low_050ps
D3_NOISE_PLUS_MISMATCH_MC200,109,100109,LOW,40,-0.3573234627926919,-0.35724951050012893,103,01100111,True,0.0,0.0,2.03755e-05,formal_s109_low_050ps
D3_NOISE_PLUS_MISMATCH_MC200,109,100109,LOW,41,-1.2004106012861624,-1.2003306083316116,39,00100111,True,0.0,0.0,2.08755e-05,formal_s109_low_050ps
D3_NOISE_PLUS_MISMATCH_MC200,109,100109,LOW,42,-1.4985364234506107,-1.4985253674053782,17,00010001,True,0.0,0.0,2.13755e-05,formal_s109_low_050ps
D3_NOISE_PLUS_MISMATCH_MC200,109,100109,LOW,43,-1.116358038858104,-1.1163595934959045,45,00101101,True,0.0,0.0,2.18755e-05,formal_s109_low_050ps
D3_NOISE_PLUS_MISMATCH_MC200,109,100109,LOW,44,-0.22737644401505985,-0.22733207729968172,113,01110001,True,0.0,0.0,2.23755e-05,formal_s109_low_050ps
D3_NOISE_PLUS_MISMATCH_MC200,109,100109,LOW,45,0.7648293027139195,0.7648538602218494,187,10111011,True,0.0,0.0,2.28755e-05,formal_s109_low_050ps
D3_NOISE_PLUS_MISMATCH_MC200,109,100109,LOW,46,1.4098185360870479,1.4097074063218407,236,11101100,True,0.0,0.0,2.33755e-05,formal_s109_low_050ps
D3_NOISE_PLUS_MISMATCH_MC200,109,100109,LOW,47,1.414779628765761,1.4148047590086885,236,11101100,True,0.0,0.0,2.38755e-05,formal_s109_low_050ps
D3_NOISE_PLUS_MISMATCH_MC200,109,100109,LOW,48,0.7774603483941213,0.777410617378748,188,10111100,True,0.0,0.0,2.43755e-05,formal_s109_low_050ps
D3_NOISE_PLUS_MISMATCH_MC200,109,100109,LOW,49,-0.2128096759983695,-0.21282845918710677,114,01110010,True,0.0,0.0,2.48755e-05,formal_s109_low_050ps
D3_NOISE_PLUS_MISMATCH_MC200,109,100109,LOW,50,-1.1064685566410837,-1.1065388624027124,46,00101110,True,0.0,0.0,2.53755e-05,formal_s109_low_050ps
D3_NOISE_PLUS_MISMATCH_MC200,109,100109,LOW,51,-1.4978138452031033,-1.4977712968682988,17,00010001,True,0.0,0.0,2.58755e-05,formal_s109_low_050ps
D3_NOISE_PLUS_MISMATCH_MC200,109,100109,LOW,52,-1.2091829624257844,-1.2090895565132354,39,00100111,True,0.0,0.0,2.63755e-05,formal_s109_low_050ps
D3_NOISE_PLUS_MISMATCH_MC200,109,100109,LOW,53,-0.37160829476340085,-0.37150760497965263,102,01100110,True,0.0,0.0,2.68755e-05,formal_s109_low_050ps
D3_NOISE_PLUS_MISMATCH_MC200,109,100109,LOW,54,0.6346687696089551,0.6347192725783768,178,10110010,True,0.0,0.0,2.73755e-05,formal_s109_low_050ps
D3_NOISE_PLUS_MISMATCH_MC200,109,100109,LOW,55,1.352819481424588,1.3528957756017956,232,11101000,True,0.0,0.0,2.78755e-05,formal_s109_low_050ps
D3_NOISE_PLUS_MISMATCH_MC200,109,100109,LOW,56,1.4568184316989696,1.456816971336447,240,11110000,True,0.0,0.0,2.83755e-05,formal_s109_low_050ps
D3_NOISE_PLUS_MISMATCH_MC200,109,100109,LOW,57,0.8994522712850339,0.8994288621129454,198,11000110,True,0.0,0.0,2.88755e-05,formal_s109_low_050ps
D3_NOISE_PLUS_MISMATCH_MC200,109,100109,LOW,58,-0.06624641569059603,-0.06635369007234143,125,01111101,True,0.0,0.0,2.93755e-05,formal_s109_low_050ps
D3_NOISE_PLUS_MISMATCH_MC200,109,100109,LOW,59,-1.0018706149383219,-1.0019073166620303,54,00110110,True,0.0,0.0,2.98755e-05,formal_s109_low_050ps
D3_NOISE_PLUS_MISMATCH_MC200,109,100109,LOW,60,-1.4826665008379531,-1.4826033478230987,18,00010010,True,0.0,0.0,3.03755e-05,formal_s109_low_050ps
D3_NOISE_PLUS_MISMATCH_MC200,109,100109,LOW,61,-1.2903627930586619,-1.2903512866954285,32,00100000,True,0.0,0.0,3.08755e-05,formal_s109_low_050ps
D3_NOISE_PLUS_MISMATCH_MC200,109,100109,LOW,62,-0.5122613544914125,-0.5121805718233896,91,01011011,True,0.0,0.0,3.13755e-05,formal_s109_low_050ps
D3_NOISE_PLUS_MISMATCH_MC200,109,100109,LOW,63,0.4983960293074198,0.4984899494233174,168,10101000,True,0.0,0.0,3.18755e-05,formal_s109_low_050ps
D3_NOISE_PLUS_MISMATCH_MC200,109,100109,NEAR_NYQUIST,0,1.4667091451689225,1.466611444513614,240,11110000,True,0.0,0.0,3.75483e-07,formal_s109_near_nyquist_050ps
D3_NOISE_PLUS_MISMATCH_MC200,109,100109,NEAR_NYQUIST,1,-1.494780284101462,-1.4947344219239895,17,00010001,True,0.0,0.0,8.75497e-07,formal_s109_near_nyquist_050ps
D3_NOISE_PLUS_MISMATCH_MC200,109,100109,NEAR_NYQUIST,2,1.3941219486589564,1.3940336834592593,235,11101011,True,0.0,0.0,1.3755e-06,formal_s109_near_nyquist_050ps
D3_NOISE_PLUS_MISMATCH_MC200,109,100109,NEAR_NYQUIST,3,-1.1734027671012242,-1.1733394632018592,41,00101001,True,0.0,0.0,1.8755e-06,formal_s109_near_nyquist_050ps
D3_NOISE_PLUS_MISMATCH_MC200,109,100109,NEAR_NYQUIST,4,0.8516309271389413,0.8516228908362419,194,11000010,True,0.0,0.0,2.3755e-06,formal_s109_near_nyquist_050ps
D3_NOISE_PLUS_MISMATCH_MC200,109,100109,NEAR_NYQUIST,5,-0.45651720357131287,-0.4565451159745457,96,01100000,True,0.0,0.0,2.8755e-06,formal_s109_near_nyquist_050ps
D3_NOISE_PLUS_MISMATCH_MC200,109,100109,NEAR_NYQUIST,6,0.022088524967191138,0.022136206776445976,132,10000100,True,0.0,0.0,3.37548e-06,formal_s109_near_nyquist_050ps
D3_NOISE_PLUS_MISMATCH_MC200,109,100109,NEAR_NYQUIST,7,0.4142424025754567,0.41423012977513274,161,10100001,True,0.0,0.0,3.87551e-06,formal_s109_near_nyquist_050ps
D3_NOISE_PLUS_MISMATCH_MC200,109,100109,NEAR_NYQUIST,8,-0.8148990525573347,-0.8148452593636851,68,01000100,True,0.0,0.0,4.3755e-06,formal_s109_near_nyquist_050ps
D3_NOISE_PLUS_MISMATCH_MC200,109,100109,NEAR_NYQUIST,9,1.1453771433086934,1.1454662314434434,216,11011000,True,0.0,0.0,4.8755e-06,formal_s109_near_nyquist_050ps
D3_NOISE_PLUS_MISMATCH_MC200,109,100109,NEAR_NYQUIST,10,-1.3772161235583067,-1.3770980510491961,26,00011010,True,0.0,0.0,5.3755e-06,formal_s109_near_nyquist_050ps
D3_NOISE_PLUS_MISMATCH_MC200,109,100109,NEAR_NYQUIST,11,1.4904501759986983,1.490498964157412,242,11110010,True,0.0,0.0,5.87551e-06,formal_s109_near_nyquist_050ps
D3_NOISE_PLUS_MISMATCH_MC200,109,100109,NEAR_NYQUIST,12,-1.4753276600663425,-1.475394214218137,18,00010010,True,0.0,0.0,6.3755e-06,formal_s109_near_nyquist_050ps
D3_NOISE_PLUS_MISMATCH_MC200,109,100109,NEAR_NYQUIST,13,1.3331509166790971,1.333098027307196,230,11100110,True,0.0,0.0,6.8755e-06,formal_s109_near_nyquist_050ps
D3_NOISE_PLUS_MISMATCH_MC200,109,100109,NEAR_NYQUIST,14,-1.076164111510855,-1.0762592186072484,49,00110001,True,0.0,0.0,7.3755e-06,formal_s109_near_nyquist_050ps
D3_NOISE_PLUS_MISMATCH_MC200,109,100109,NEAR_NYQUIST,15,0.7264987756651974,0.726490959869694,184,10111000,True,0.0,0.0,7.8755e-06,formal_s109_near_nyquist_050ps
D3_NOISE_PLUS_MISMATCH_MC200,109,100109,NEAR_NYQUIST,16,-0.31426785307733823,-0.3143165210411808,106,01101010,True,0.0,0.0,8.37551e-06,formal_s109_near_nyquist_050ps
D3_NOISE_PLUS_MISMATCH_MC200,109,100109,NEAR_NYQUIST,17,-0.12502760599786011,-0.12509926860848491,120,01111000,True,0.0,0.0,8.8755e-06,formal_s109_near_nyquist_050ps
D3_NOISE_PLUS_MISMATCH_MC200,109,100109,NEAR_NYQUIST,18,0.5535557715961015,0.5535450815062761,172,10101100,True,0.0,0.0,9.37548e-06,formal_s109_near_nyquist_050ps
D3_NOISE_PLUS_MISMATCH_MC200,109,100109,NEAR_NYQUIST,19,-0.9344120858375181,-0.9343960509757617,59,00111011,True,0.0,0.0,9.87549e-06,formal_s109_near_nyquist_050ps
D3_NOISE_PLUS_MISMATCH_MC200,109,100109,NEAR_NYQUIST,20,1.2347974586710555,1.234871889725197,223,11011111,True,0.0,0.0,1.03755e-05,formal_s109_near_nyquist_050ps
D3_NOISE_PLUS_MISMATCH_MC200,109,100109,NEAR_NYQUIST,21,-1.4288429034863956,-1.4288471040653328,22,00010110,True,0.0,0.0,1.08755e-05,formal_s109_near_nyquist_050ps
D3_NOISE_PLUS_MISMATCH_MC200,109,100109,NEAR_NYQUIST,22,1.499837356870662,1.4997881139277793,243,11110011,True,0.0,0.0,1.13755e-05,formal_s109_near_nyquist_050ps
D3_NOISE_PLUS_MISMATCH_MC200,109,100109,NEAR_NYQUIST,23,-1.4416668241686428,-1.4416248094710626,21,00010101,True,0.0,0.0,1.18755e-05,formal_s109_near_nyquist_050ps
D3_NOISE_PLUS_MISMATCH_MC200,109,100109,NEAR_NYQUIST,24,1.259340912597195,1.2592901232563016,225,11100001,True,0.0,0.0,1.23755e-05,formal_s109_near_nyquist_050ps
D3_NOISE_PLUS_MISMATCH_MC200,109,100109,NEAR_NYQUIST,25,-0.9685614072354902,-0.9686980330656585,57,00111001,True,0.0,0.0,1.28755e-05,formal_s109_near_nyquist_050ps
D3_NOISE_PLUS_MISMATCH_MC200,109,100109,NEAR_NYQUIST,26,0.5943700438371867,0.5944024298201599,175,10101111,True,0.0,0.0,1.33755e-05,formal_s109_near_nyquist_050ps
D3_NOISE_PLUS_MISMATCH_MC200,109,100109,NEAR_NYQUIST,27,-0.1689919313619605,-0.16893047543479764,117,01110101,True,0.0,0.0,1.38755e-05,formal_s109_near_nyquist_050ps
D3_NOISE_PLUS_MISMATCH_MC200,109,100109,NEAR_NYQUIST,28,-0.27093965277008897,-0.2708669924265097,109,01101101,True,0.0,0.0,1.43755e-05,formal_s109_near_nyquist_050ps
D3_NOISE_PLUS_MISMATCH_MC200,109,100109,NEAR_NYQUIST,29,0.6875380959319146,0.6874581127299645,182,10110110,True,0.0,0.0,1.48755e-05,formal_s109_near_nyquist_050ps
D3_NOISE_PLUS_MISMATCH_MC200,109,100109,NEAR_NYQUIST,30,-1.0449262199294669,-1.0448716996915395,51,00110011,True,0.0,0.0,1.53755e-05,formal_s109_near_nyquist_050ps
D3_NOISE_PLUS_MISMATCH_MC200,109,100109,NEAR_NYQUIST,31,1.3123259994974301,1.3122345925610535,228,11100100,True,0.0,0.0,1.58755e-05,formal_s109_near_nyquist_050ps
D3_NOISE_PLUS_MISMATCH_MC200,109,100109,NEAR_NYQUIST,32,-1.4667091451689234,-1.4666803345886685,19,00010011,True,0.0,0.0,1.63755e-05,formal_s109_near_nyquist_050ps
D3_NOISE_PLUS_MISMATCH_MC200,109,100109,NEAR_NYQUIST,33,1.4947802841014617,1.4948691257760978,242,11110010,True,0.0,0.0,1.68755e-05,formal_s109_near_nyquist_050ps
D3_NOISE_PLUS_MISMATCH_MC200,109,100109,NEAR_NYQUIST,34,-1.394121948658956,-1.3940958962563397,24,00011000,True,0.0,0.0,1.73755e-05,formal_s109_near_nyquist_050ps
D3_NOISE_PLUS_MISMATCH_MC200,109,100109,NEAR_NYQUIST,35,1.1734027671012242,1.17334514118442,218,11011010,True,0.0,0.0,1.78755e-05,formal_s109_near_nyquist_050ps
D3_NOISE_PLUS_MISMATCH_MC200,109,100109,NEAR_NYQUIST,36,-0.8516309271389413,-0.8516149870151386,65,01000001,True,0.0,0.0,1.83755e-05,formal_s109_near_nyquist_050ps
D3_NOISE_PLUS_MISMATCH_MC200,109,100109,NEAR_NYQUIST,37,0.456517203571318,0.45649090852475144,165,10100101,True,0.0,0.0,1.88755e-05,formal_s109_near_nyquist_050ps
D3_NOISE_PLUS_MISMATCH_MC200,109,100109,NEAR_NYQUIST,38,-0.022088524967169825,-0.022170916713645905,128,10000000,True,0.0,0.0,1.93755e-05,formal_s109_near_nyquist_050ps
D3_NOISE_PLUS_MISMATCH_MC200,109,100109,NEAR_NYQUIST,39,-0.41424240257545164,-0.41419244987103787,98,01100010,True,0.0,0.0,1.98755e-05,formal_s109_near_nyquist_050ps
D3_NOISE_PLUS_MISMATCH_MC200,109,100109,NEAR_NYQUIST,40,0.8148990525573482,0.8149730048499112,192,11000000,True,0.0,0.0,2.03755e-05,formal_s109_near_nyquist_050ps
D3_NOISE_PLUS_MISMATCH_MC200,109,100109,NEAR_NYQUIST,41,-1.14537714330869,-1.1452971503541391,43,00101011,True,0.0,0.0,2.08755e-05,formal_s109_near_nyquist_050ps
D3_NOISE_PLUS_MISMATCH_MC200,109,100109,NEAR_NYQUIST,42,1.3772161235583025,1.377227179603535,234,11101010,True,0.0,0.0,2.13755e-05,formal_s109_near_nyquist_050ps
D3_NOISE_PLUS_MISMATCH_MC200,109,100109,NEAR_NYQUIST,43,-1.4904501759986994,-1.4904517306365,17,00010001,True,0.0,0.0,2.18755e-05,formal_s109_near_nyquist_050ps
D3_NOISE_PLUS_MISMATCH_MC200,109,100109,NEAR_NYQUIST,44,1.4753276600663443,1.4753720267817225,241,11110001,True,0.0,0.0,2.23755e-05,formal_s109_near_nyquist_050ps
D3_NOISE_PLUS_MISMATCH_MC200,109,100109,NEAR_NYQUIST,45,-1.3331509166790971,-1.3331263591711673,29,00011101,True,0.0,0.0,2.28755e-05,formal_s109_near_nyquist_050ps
D3_NOISE_PLUS_MISMATCH_MC200,109,100109,NEAR_NYQUIST,46,1.0761641115108698,1.0760529817456626,211,11010011,True,0.0,0.0,2.33755e-05,formal_s109_near_nyquist_050ps
D3_NOISE_PLUS_MISMATCH_MC200,109,100109,NEAR_NYQUIST,47,-0.7264987756652067,-0.7264736454222791,75,01001011,True,0.0,0.0,2.38755e-05,formal_s109_near_nyquist_050ps
D3_NOISE_PLUS_MISMATCH_MC200,109,100109,NEAR_NYQUIST,48,0.3142678530773695,0.31421812206199623,153,10011001,True,0.0,0.0,2.43755e-05,formal_s109_near_nyquist_050ps
D3_NOISE_PLUS_MISMATCH_MC200,109,100109,NEAR_NYQUIST,49,0.12502760599784948,0.1250088228091122,139,10001011,True,0.0,0.0,2.48755e-05,formal_s109_near_nyquist_050ps
D3_NOISE_PLUS_MISMATCH_MC200,109,100109,NEAR_NYQUIST,50,-0.5535557715961213,-0.5536260773577499,88,01011000,True,0.0,0.0,2.53755e-05,formal_s109_near_nyquist_050ps
D3_NOISE_PLUS_MISMATCH_MC200,109,100109,NEAR_NYQUIST,51,0.9344120858375015,0.9344546341723059,200,11001000,True,0.0,0.0,2.58755e-05,formal_s109_near_nyquist_050ps
D3_NOISE_PLUS_MISMATCH_MC200,109,100109,NEAR_NYQUIST,52,-1.2347974586710555,-1.2347040527585065,37,00100101,True,0.0,0.0,2.63755e-05,formal_s109_near_nyquist_050ps
D3_NOISE_PLUS_MISMATCH_MC200,109,100109,NEAR_NYQUIST,53,1.4288429034863923,1.4289435932701406,237,11101101,True,0.0,0.0,2.68755e-05,formal_s109_near_nyquist_050ps
D3_NOISE_PLUS_MISMATCH_MC200,109,100109,NEAR_NYQUIST,54,-1.4998373568706624,-1.4997868539012407,16,00010000,True,0.0,0.0,2.73755e-05,formal_s109_near_nyquist_050ps
D3_NOISE_PLUS_MISMATCH_MC200,109,100109,NEAR_NYQUIST,55,1.4416668241686486,1.4417431183458562,239,11101111,True,0.0,0.0,2.78755e-05,formal_s109_near_nyquist_050ps
D3_NOISE_PLUS_MISMATCH_MC200,109,100109,NEAR_NYQUIST,56,-1.2593409125972181,-1.2593423729597408,35,00100011,True,0.0,0.0,2.83755e-05,formal_s109_near_nyquist_050ps
D3_NOISE_PLUS_MISMATCH_MC200,109,100109,NEAR_NYQUIST,57,0.9685614072355067,0.9685379980634181,203,11001011,True,0.0,0.0,2.88755e-05,formal_s109_near_nyquist_050ps
D3_NOISE_PLUS_MISMATCH_MC200,109,100109,NEAR_NYQUIST,58,-0.5943700438372259,-0.5944773182189713,85,01010101,True,0.0,0.0,2.93755e-05,formal_s109_near_nyquist_050ps
D3_NOISE_PLUS_MISMATCH_MC200,109,100109,NEAR_NYQUIST,59,0.16899193136198168,0.16895522963827325,142,10001110,True,0.0,0.0,2.98755e-05,formal_s109_near_nyquist_050ps
D3_NOISE_PLUS_MISMATCH_MC200,109,100109,NEAR_NYQUIST,60,0.27093965277008897,0.27100280578494335,150,10010110,True,0.0,0.0,3.03755e-05,formal_s109_near_nyquist_050ps
D3_NOISE_PLUS_MISMATCH_MC200,109,100109,NEAR_NYQUIST,61,-0.6875380959318957,-0.6875265895686625,78,01001110,True,0.0,0.0,3.08755e-05,formal_s109_near_nyquist_050ps
D3_NOISE_PLUS_MISMATCH_MC200,109,100109,NEAR_NYQUIST,62,1.0449262199294513,1.0450070025974743,208,11010000,True,0.0,0.0,3.13755e-05,formal_s109_near_nyquist_050ps
D3_NOISE_PLUS_MISMATCH_MC200,109,100109,NEAR_NYQUIST,63,-1.3123259994974505,-1.312232079381553,31,00011111,True,0.0,0.0,3.18755e-05,formal_s109_near_nyquist_050ps
D3_NOISE_PLUS_MISMATCH_MC200,110,100110,LOW,0,1.2827920356296627,1.2828622215885161,240,11110000,True,0.0,0.0,3.75503e-07,formal_s110_low_050ps
D3_NOISE_PLUS_MISMATCH_MC200,110,100110,LOW,1,1.4848272767569515,1.4847944693707105,239,11101111,True,0.0,0.0,8.75503e-07,formal_s110_low_050ps
D3_NOISE_PLUS_MISMATCH_MC200,110,100110,LOW,2,1.0127819771128357,1.0127279051098743,203,11001011,True,0.0,0.0,1.37551e-06,formal_s110_low_050ps
D3_NOISE_PLUS_MISMATCH_MC200,110,100110,LOW,3,0.08095483381425314,0.08093231754173712,133,10000101,True,0.0,0.0,1.8755e-06,formal_s110_low_050ps
D3_NOISE_PLUS_MISMATCH_MC200,110,100110,LOW,4,-0.887624111535514,-0.8876246878460925,60,00111100,True,0.0,0.0,2.37549e-06,formal_s110_low_050ps
D3_NOISE_PLUS_MISMATCH_MC200,110,100110,LOW,5,-1.4532402675617817,-1.453301044784575,18,00010010,True,0.0,0.0,2.87548e-06,formal_s110_low_050ps
D3_NOISE_PLUS_MISMATCH_MC200,110,100110,LOW,6,-1.359115724610322,-1.359138112553079,25,00011001,True,0.0,0.0,3.3755e-06,formal_s110_low_050ps
D3_NOISE_PLUS_MISMATCH_MC200,110,100110,LOW,7,-0.6479810573451181,-0.6480062087456956,78,01001110,True,0.0,0.0,3.8755e-06,formal_s110_low_050ps
D3_NOISE_PLUS_MISMATCH_MC200,110,100110,LOW,8,0.35732346279269056,0.3573530253819698,154,10011010,True,0.0,0.0,4.37548e-06,formal_s110_low_050ps
D3_NOISE_PLUS_MISMATCH_MC200,110,100110,LOW,9,1.200410601286161,1.2004743363052637,218,11011010,True,0.0,0.0,4.8755e-06,formal_s110_low_050ps
D3_NOISE_PLUS_MISMATCH_MC200,110,100110,LOW,10,1.4985364234506107,1.498465898940857,240,11110000,True,0.0,0.0,5.3755e-06,formal_s110_low_050ps
D3_NOISE_PLUS_MISMATCH_MC200,110,100110,LOW,11,1.1163580388581014,1.1162501853407376,211,11010011,True,0.0,0.0,5.8755e-06,formal_s110_low_050ps
D3_NOISE_PLUS_MISMATCH_MC200,110,100110,LOW,12,0.22737644401506385,0.2272976637260201,145,10010001,True,0.0,0.0,6.37551e-06,formal_s110_low_050ps
D3_NOISE_PLUS_MISMATCH_MC200,110,100110,LOW,13,-0.7648293027139206,-0.7648713763592236,70,01000110,True,0.0,0.0,6.8755e-06,formal_s110_low_050ps
D3_NOISE_PLUS_MISMATCH_MC200,110,100110,LOW,14,-1.40981853608705,-1.409777549169731,21,00010101,True,0.0,0.0,7.3755e-06,formal_s110_low_050ps
D3_NOISE_PLUS_MISMATCH_MC200,110,100110,LOW,15,-1.4147796287657606,-1.4148316358098632,21,00010101,True,0.0,0.0,7.87551e-06,formal_s110_low_050ps
D3_NOISE_PLUS_MISMATCH_MC200,110,100110,LOW,16,-0.7774603483941246,-0.7774366086902803,69,01000101,True,0.0,0.0,8.3755e-06,formal_s110_low_050ps
D3_NOISE_PLUS_MISMATCH_MC200,110,100110,LOW,17,0.21280967599837608,0.21277148279378874,143,10001111,True,0.0,0.0,8.87551e-06,formal_s110_low_050ps
D3_NOISE_PLUS_MISMATCH_MC200,110,100110,LOW,18,1.106468556641088,1.1064370692082799,211,11010011,True,0.0,0.0,9.3755e-06,formal_s110_low_050ps
D3_NOISE_PLUS_MISMATCH_MC200,110,100110,LOW,19,1.4978138452031033,1.497815282475624,240,11110000,True,0.0,0.0,9.8755e-06,formal_s110_low_050ps
D3_NOISE_PLUS_MISMATCH_MC200,110,100110,LOW,20,1.2091829624257837,1.2091445744067904,218,11011010,True,0.0,0.0,1.03755e-05,formal_s110_low_050ps
D3_NOISE_PLUS_MISMATCH_MC200,110,100110,LOW,21,0.3716082947633996,0.37159455557169296,156,10011100,True,0.0,0.0,1.08755e-05,formal_s110_low_050ps
D3_NOISE_PLUS_MISMATCH_MC200,110,100110,LOW,22,-0.6346687696089611,-0.6346460717818053,79,01001111,True,0.0,0.0,1.13755e-05,formal_s110_low_050ps
D3_NOISE_PLUS_MISMATCH_MC200,110,100110,LOW,23,-1.3528194814245906,-1.3528707799591435,25,00011001,True,0.0,0.0,1.18755e-05,formal_s110_low_050ps
D3_NOISE_PLUS_MISMATCH_MC200,110,100110,LOW,24,-1.4568184316989683,-1.4569149041276779,18,00010010,True,0.0,0.0,1.23755e-05,formal_s110_low_050ps
D3_NOISE_PLUS_MISMATCH_MC200,110,100110,LOW,25,-0.8994522712850329,-0.8994620156394261,60,00111100,True,0.0,0.0,1.28755e-05,formal_s110_low_050ps
D3_NOISE_PLUS_MISMATCH_MC200,110,100110,LOW,26,0.0662464156905973,0.06616051962802456,132,10000100,True,0.0,0.0,1.33755e-05,formal_s110_low_050ps
D3_NOISE_PLUS_MISMATCH_MC200,110,100110,LOW,27,1.0018706149383227,1.0018714580210057,203,11001011,True,0.0,0.0,1.38755e-05,formal_s110_low_050ps
D3_NOISE_PLUS_MISMATCH_MC200,110,100110,LOW,28,1.482666500837955,1.482595712094905,239,11101111,True,0.0,0.0,1.43755e-05,formal_s110_low_050ps
D3_NOISE_PLUS_MISMATCH_MC200,110,100110,LOW,29,1.2903627930586585,1.2903169577798927,225,11100001,True,0.0,0.0,1.48755e-05,formal_s110_low_050ps
D3_NOISE_PLUS_MISMATCH_MC200,110,100110,LOW,30,0.5122613544914112,0.5123369284323231,166,10100110,True,0.0,0.0,1.53755e-05,formal_s110_low_050ps
D3_NOISE_PLUS_MISMATCH_MC200,110,100110,LOW,31,-0.4983960293074411,-0.4985396058688965,90,01011010,True,0.0,0.0,1.58755e-05,formal_s110_low_050ps
D3_NOISE_PLUS_MISMATCH_MC200,110,100110,LOW,32,-1.2827920356296636,-1.2829023796014796,31,00011111,True,0.0,0.0,1.63755e-05,formal_s110_low_050ps
D3_NOISE_PLUS_MISMATCH_MC200,110,100110,LOW,33,-1.4848272767569517,-1.48477638931046,15,00001111,True,0.0,0.0,1.68755e-05,formal_s110_low_050ps
D3_NOISE_PLUS_MISMATCH_MC200,110,100110,LOW,34,-1.0127819771128357,-1.0127672596401094,51,00110011,True,0.0,0.0,1.73755e-05,formal_s110_low_050ps
D3_NOISE_PLUS_MISMATCH_MC200,110,100110,LOW,35,-0.08095483381425642,-0.08089541416845376,121,01111001,True,0.0,0.0,1.78755e-05,formal_s110_low_050ps
D3_NOISE_PLUS_MISMATCH_MC200,110,100110,LOW,36,0.8876241115355172,0.8877816717684813,194,11000010,True,0.0,0.0,1.83755e-05,formal_s110_low_050ps
D3_NOISE_PLUS_MISMATCH_MC200,110,100110,LOW,37,1.453240267561782,1.4532579977585653,237,11101101,True,0.0,0.0,1.88755e-05,formal_s110_low_050ps
D3_NOISE_PLUS_MISMATCH_MC200,110,100110,LOW,38,1.3591157246103238,1.3591286000618519,230,11100110,True,0.0,0.0,1.93755e-05,formal_s110_low_050ps
D3_NOISE_PLUS_MISMATCH_MC200,110,100110,LOW,39,0.6479810573451193,0.6480091578092985,176,10110000,True,0.0,0.0,1.98755e-05,formal_s110_low_050ps
D3_NOISE_PLUS_MISMATCH_MC200,110,100110,LOW,40,-0.3573234627926919,-0.3572941384714218,100,01100100,True,0.0,0.0,2.03755e-05,formal_s110_low_050ps
D3_NOISE_PLUS_MISMATCH_MC200,110,100110,LOW,41,-1.2004106012861624,-1.2003203606936368,37,00100101,True,0.0,0.0,2.08755e-05,formal_s110_low_050ps
D3_NOISE_PLUS_MISMATCH_MC200,110,100110,LOW,42,-1.4985364234506107,-1.4984721196192936,14,00001110,True,0.0,0.0,2.13755e-05,formal_s110_low_050ps
D3_NOISE_PLUS_MISMATCH_MC200,110,100110,LOW,43,-1.116358038858104,-1.1164581056869989,43,00101011,True,0.0,0.0,2.18755e-05,formal_s110_low_050ps
D3_NOISE_PLUS_MISMATCH_MC200,110,100110,LOW,44,-0.22737644401505985,-0.22733439332617714,110,01101110,True,0.0,0.0,2.23755e-05,formal_s110_low_050ps
D3_NOISE_PLUS_MISMATCH_MC200,110,100110,LOW,45,0.7648293027139195,0.7648128338556052,185,10111001,True,0.0,0.0,2.28755e-05,formal_s110_low_050ps
D3_NOISE_PLUS_MISMATCH_MC200,110,100110,LOW,46,1.4098185360870479,1.4099467326746873,234,11101010,True,0.0,0.0,2.33755e-05,formal_s110_low_050ps
D3_NOISE_PLUS_MISMATCH_MC200,110,100110,LOW,47,1.414779628765761,1.4147234422341788,234,11101010,True,0.0,0.0,2.38755e-05,formal_s110_low_050ps
D3_NOISE_PLUS_MISMATCH_MC200,110,100110,LOW,48,0.7774603483941213,0.7774272904196449,186,10111010,True,0.0,0.0,2.43755e-05,formal_s110_low_050ps
D3_NOISE_PLUS_MISMATCH_MC200,110,100110,LOW,49,-0.2128096759983695,-0.2128199954065658,111,01101111,True,0.0,0.0,2.48755e-05,formal_s110_low_050ps
D3_NOISE_PLUS_MISMATCH_MC200,110,100110,LOW,50,-1.1064685566410837,-1.1065787055875178,44,00101100,True,0.0,0.0,2.53755e-05,formal_s110_low_050ps
D3_NOISE_PLUS_MISMATCH_MC200,110,100110,LOW,51,-1.4978138452031033,-1.4978500512419597,14,00001110,True,0.0,0.0,2.58755e-05,formal_s110_low_050ps
D3_NOISE_PLUS_MISMATCH_MC200,110,100110,LOW,52,-1.2091829624257844,-1.2091529536724313,36,00100100,True,0.0,0.0,2.63755e-05,formal_s110_low_050ps
D3_NOISE_PLUS_MISMATCH_MC200,110,100110,LOW,53,-0.37160829476340085,-0.37156338975930037,99,01100011,True,0.0,0.0,2.68755e-05,formal_s110_low_050ps
D3_NOISE_PLUS_MISMATCH_MC200,110,100110,LOW,54,0.6346687696089551,0.634686171674993,175,10101111,True,0.0,0.0,2.73755e-05,formal_s110_low_050ps
D3_NOISE_PLUS_MISMATCH_MC200,110,100110,LOW,55,1.352819481424588,1.3527587197201587,229,11100101,True,0.0,0.0,2.78755e-05,formal_s110_low_050ps
D3_NOISE_PLUS_MISMATCH_MC200,110,100110,LOW,56,1.4568184316989696,1.4568575253460776,237,11101101,True,0.0,0.0,2.83755e-05,formal_s110_low_050ps
D3_NOISE_PLUS_MISMATCH_MC200,110,100110,LOW,57,0.8994522712850339,0.8993925746551686,195,11000011,True,0.0,0.0,2.88755e-05,formal_s110_low_050ps
D3_NOISE_PLUS_MISMATCH_MC200,110,100110,LOW,58,-0.06624641569059603,-0.06623310514685923,122,01111010,True,0.0,0.0,2.93755e-05,formal_s110_low_050ps
D3_NOISE_PLUS_MISMATCH_MC200,110,100110,LOW,59,-1.0018706149383219,-1.0018711396633002,52,00110100,True,0.0,0.0,2.98755e-05,formal_s110_low_050ps
D3_NOISE_PLUS_MISMATCH_MC200,110,100110,LOW,60,-1.4826665008379531,-1.4828035975299894,15,00001111,True,0.0,0.0,3.03755e-05,formal_s110_low_050ps
D3_NOISE_PLUS_MISMATCH_MC200,110,100110,LOW,61,-1.2903627930586619,-1.2903846037489786,30,00011110,True,0.0,0.0,3.08755e-05,formal_s110_low_050ps
D3_NOISE_PLUS_MISMATCH_MC200,110,100110,LOW,62,-0.5122613544914125,-0.5122108243104043,88,01011000,True,0.0,0.0,3.13755e-05,formal_s110_low_050ps
D3_NOISE_PLUS_MISMATCH_MC200,110,100110,LOW,63,0.4983960293074198,0.49842005023185665,165,10100101,True,0.0,0.0,3.18755e-05,formal_s110_low_050ps
D3_NOISE_PLUS_MISMATCH_MC200,110,100110,NEAR_NYQUIST,0,1.4667091451689225,1.466779331127776,238,11101110,True,0.0,0.0,3.75481e-07,formal_s110_near_nyquist_050ps
D3_NOISE_PLUS_MISMATCH_MC200,110,100110,NEAR_NYQUIST,1,-1.494780284101462,-1.494813091487703,14,00001110,True,0.0,0.0,8.75501e-07,formal_s110_near_nyquist_050ps
D3_NOISE_PLUS_MISMATCH_MC200,110,100110,NEAR_NYQUIST,2,1.3941219486589564,1.394067876655995,232,11101000,True,0.0,0.0,1.3755e-06,formal_s110_near_nyquist_050ps
D3_NOISE_PLUS_MISMATCH_MC200,110,100110,NEAR_NYQUIST,3,-1.1734027671012242,-1.1734252833737402,39,00100111,True,0.0,0.0,1.8755e-06,formal_s110_near_nyquist_050ps
D3_NOISE_PLUS_MISMATCH_MC200,110,100110,NEAR_NYQUIST,4,0.8516309271389413,0.8516303508283628,192,11000000,True,0.0,0.0,2.3755e-06,formal_s110_near_nyquist_050ps
D3_NOISE_PLUS_MISMATCH_MC200,110,100110,NEAR_NYQUIST,5,-0.45651720357131287,-0.45657798079410594,93,01011101,True,0.0,0.0,2.87548e-06,formal_s110_near_nyquist_050ps
D3_NOISE_PLUS_MISMATCH_MC200,110,100110,NEAR_NYQUIST,6,0.022088524967191138,0.022066137024434055,129,10000001,True,0.0,0.0,3.37548e-06,formal_s110_near_nyquist_050ps
D3_NOISE_PLUS_MISMATCH_MC200,110,100110,NEAR_NYQUIST,7,0.4142424025754567,0.4142172511748792,158,10011110,True,0.0,0.0,3.87551e-06,formal_s110_near_nyquist_050ps
D3_NOISE_PLUS_MISMATCH_MC200,110,100110,NEAR_NYQUIST,8,-0.8148990525573347,-0.8148694899680555,66,01000010,True,0.0,0.0,4.3755e-06,formal_s110_near_nyquist_050ps
D3_NOISE_PLUS_MISMATCH_MC200,110,100110,NEAR_NYQUIST,9,1.1453771433086934,1.145440878327796,213,11010101,True,0.0,0.0,4.8755e-06,formal_s110_near_nyquist_050ps
D3_NOISE_PLUS_MISMATCH_MC200,110,100110,NEAR_NYQUIST,10,-1.3772161235583067,-1.3772866480680603,24,00011000,True,0.0,0.0,5.3755e-06,formal_s110_near_nyquist_050ps
D3_NOISE_PLUS_MISMATCH_MC200,110,100110,NEAR_NYQUIST,11,1.4904501759986983,1.4903423224813346,240,11110000,True,0.0,0.0,5.8755e-06,formal_s110_near_nyquist_050ps
D3_NOISE_PLUS_MISMATCH_MC200,110,100110,NEAR_NYQUIST,12,-1.4753276600663425,-1.4754064403553864,16,00010000,True,0.0,0.0,6.3755e-06,formal_s110_near_nyquist_050ps
D3_NOISE_PLUS_MISMATCH_MC200,110,100110,NEAR_NYQUIST,13,1.3331509166790971,1.333108843033794,228,11100100,True,0.0,0.0,6.87549e-06,formal_s110_near_nyquist_050ps
D3_NOISE_PLUS_MISMATCH_MC200,110,100110,NEAR_NYQUIST,14,-1.076164111510855,-1.0761231245935359,46,00101110,True,0.0,0.0,7.3755e-06,formal_s110_near_nyquist_050ps
D3_NOISE_PLUS_MISMATCH_MC200,110,100110,NEAR_NYQUIST,15,0.7264987756651974,0.7264467686210948,182,10110110,True,0.0,0.0,7.8755e-06,formal_s110_near_nyquist_050ps
D3_NOISE_PLUS_MISMATCH_MC200,110,100110,NEAR_NYQUIST,16,-0.31426785307733823,-0.31424411337349395,103,01100111,True,0.0,0.0,8.37548e-06,formal_s110_near_nyquist_050ps
D3_NOISE_PLUS_MISMATCH_MC200,110,100110,NEAR_NYQUIST,17,-0.12502760599786011,-0.12506579920244745,118,01110110,True,0.0,0.0,8.8755e-06,formal_s110_near_nyquist_050ps
D3_NOISE_PLUS_MISMATCH_MC200,110,100110,NEAR_NYQUIST,18,0.5535557715961015,0.5535242841632934,169,10101001,True,0.0,0.0,9.37548e-06,formal_s110_near_nyquist_050ps
D3_NOISE_PLUS_MISMATCH_MC200,110,100110,NEAR_NYQUIST,19,-0.9344120858375181,-0.9344106485649974,57,00111001,True,0.0,0.0,9.8755e-06,formal_s110_near_nyquist_050ps
D3_NOISE_PLUS_MISMATCH_MC200,110,100110,NEAR_NYQUIST,20,1.2347974586710555,1.2347590706520621,220,11011100,True,0.0,0.0,1.03755e-05,formal_s110_near_nyquist_050ps
D3_NOISE_PLUS_MISMATCH_MC200,110,100110,NEAR_NYQUIST,21,-1.4288429034863956,-1.4288566426781022,20,00010100,True,0.0,0.0,1.08755e-05,formal_s110_near_nyquist_050ps
D3_NOISE_PLUS_MISMATCH_MC200,110,100110,NEAR_NYQUIST,22,1.499837356870662,1.4998600546978178,240,11110000,True,0.0,0.0,1.13755e-05,formal_s110_near_nyquist_050ps
D3_NOISE_PLUS_MISMATCH_MC200,110,100110,NEAR_NYQUIST,23,-1.4416668241686428,-1.4417181227031957,19,00010011,True,0.0,0.0,1.18755e-05,formal_s110_near_nyquist_050ps
D3_NOISE_PLUS_MISMATCH_MC200,110,100110,NEAR_NYQUIST,24,1.259340912597195,1.2592444401684855,222,11011110,True,0.0,0.0,1.23755e-05,formal_s110_near_nyquist_050ps
D3_NOISE_PLUS_MISMATCH_MC200,110,100110,NEAR_NYQUIST,25,-0.9685614072354902,-0.9685711515898834,54,00110110,True,0.0,0.0,1.28755e-05,formal_s110_near_nyquist_050ps
D3_NOISE_PLUS_MISMATCH_MC200,110,100110,NEAR_NYQUIST,26,0.5943700438371867,0.594284147774614,172,10101100,True,0.0,0.0,1.33755e-05,formal_s110_near_nyquist_050ps
D3_NOISE_PLUS_MISMATCH_MC200,110,100110,NEAR_NYQUIST,27,-0.1689919313619605,-0.16899108827927742,115,01110011,True,0.0,0.0,1.38755e-05,formal_s110_near_nyquist_050ps
D3_NOISE_PLUS_MISMATCH_MC200,110,100110,NEAR_NYQUIST,28,-0.27093965277008897,-0.27101044151313897,107,01101011,True,0.0,0.0,1.43755e-05,formal_s110_near_nyquist_050ps
D3_NOISE_PLUS_MISMATCH_MC200,110,100110,NEAR_NYQUIST,29,0.6875380959319146,0.6874922606531487,179,10110011,True,0.0,0.0,1.48755e-05,formal_s110_near_nyquist_050ps
D3_NOISE_PLUS_MISMATCH_MC200,110,100110,NEAR_NYQUIST,30,-1.0449262199294669,-1.044850645988555,49,00110001,True,0.0,0.0,1.53755e-05,formal_s110_near_nyquist_050ps
D3_NOISE_PLUS_MISMATCH_MC200,110,100110,NEAR_NYQUIST,31,1.3123259994974301,1.3121824229359746,226,11100010,True,0.0,0.0,1.58755e-05,formal_s110_near_nyquist_050ps
D3_NOISE_PLUS_MISMATCH_MC200,110,100110,NEAR_NYQUIST,32,-1.4667091451689234,-1.4668194891407393,17,00010001,True,0.0,0.0,1.63755e-05,formal_s110_near_nyquist_050ps
D3_NOISE_PLUS_MISMATCH_MC200,110,100110,NEAR_NYQUIST,33,1.4947802841014617,1.4948311715479534,240,11110000,True,0.0,0.0,1.68755e-05,formal_s110_near_nyquist_050ps
D3_NOISE_PLUS_MISMATCH_MC200,110,100110,NEAR_NYQUIST,34,-1.394121948658956,-1.3941072311862297,22,00010110,True,0.0,0.0,1.73755e-05,formal_s110_near_nyquist_050ps
D3_NOISE_PLUS_MISMATCH_MC200,110,100110,NEAR_NYQUIST,35,1.1734027671012242,1.1734621867470267,216,11011000,True,0.0,0.0,1.78755e-05,formal_s110_near_nyquist_050ps
D3_NOISE_PLUS_MISMATCH_MC200,110,100110,NEAR_NYQUIST,36,-0.8516309271389413,-0.8514733669059772,63,00111111,True,0.0,0.0,1.83755e-05,formal_s110_near_nyquist_050ps
D3_NOISE_PLUS_MISMATCH_MC200,110,100110,NEAR_NYQUIST,37,0.456517203571318,0.4565349337681014,162,10100010,True,0.0,0.0,1.88755e-05,formal_s110_near_nyquist_050ps
D3_NOISE_PLUS_MISMATCH_MC200,110,100110,NEAR_NYQUIST,38,-0.022088524967169825,-0.02207564951564176,126,01111110,True,0.0,0.0,1.93755e-05,formal_s110_near_nyquist_050ps
D3_NOISE_PLUS_MISMATCH_MC200,110,100110,NEAR_NYQUIST,39,-0.41424240257545164,-0.4142143021112725,96,01100000,True,0.0,0.0,1.98755e-05,formal_s110_near_nyquist_050ps
D3_NOISE_PLUS_MISMATCH_MC200,110,100110,NEAR_NYQUIST,40,0.8148990525573482,0.8149283768786183,189,10111101,True,0.0,0.0,2.03755e-05,formal_s110_near_nyquist_050ps
D3_NOISE_PLUS_MISMATCH_MC200,110,100110,NEAR_NYQUIST,41,-1.14537714330869,-1.1452869027161643,41,00101001,True,0.0,0.0,2.08755e-05,formal_s110_near_nyquist_050ps
D3_NOISE_PLUS_MISMATCH_MC200,110,100110,NEAR_NYQUIST,42,1.3772161235583025,1.3772804273896195,231,11100111,True,0.0,0.0,2.13755e-05,formal_s110_near_nyquist_050ps
D3_NOISE_PLUS_MISMATCH_MC200,110,100110,NEAR_NYQUIST,43,-1.4904501759986994,-1.4905502428275943,15,00001111,True,0.0,0.0,2.18755e-05,formal_s110_near_nyquist_050ps
D3_NOISE_PLUS_MISMATCH_MC200,110,100110,NEAR_NYQUIST,44,1.4753276600663443,1.475369710755227,238,11101110,True,0.0,0.0,2.23755e-05,formal_s110_near_nyquist_050ps
D3_NOISE_PLUS_MISMATCH_MC200,110,100110,NEAR_NYQUIST,45,-1.3331509166790971,-1.3331673855374115,27,00011011,True,0.0,0.0,2.28755e-05,formal_s110_near_nyquist_050ps
D3_NOISE_PLUS_MISMATCH_MC200,110,100110,NEAR_NYQUIST,46,1.0761641115108698,1.0762923080985092,208,11010000,True,0.0,0.0,2.33755e-05,formal_s110_near_nyquist_050ps
D3_NOISE_PLUS_MISMATCH_MC200,110,100110,NEAR_NYQUIST,47,-0.7264987756652067,-0.7265549621967891,73,01001001,True,0.0,0.0,2.38755e-05,formal_s110_near_nyquist_050ps
D3_NOISE_PLUS_MISMATCH_MC200,110,100110,NEAR_NYQUIST,48,0.3142678530773695,0.3142347951028931,151,10010111,True,0.0,0.0,2.43755e-05,formal_s110_near_nyquist_050ps
D3_NOISE_PLUS_MISMATCH_MC200,110,100110,NEAR_NYQUIST,49,0.12502760599784948,0.1250172865896532,137,10001001,True,0.0,0.0,2.48755e-05,formal_s110_near_nyquist_050ps
D3_NOISE_PLUS_MISMATCH_MC200,110,100110,NEAR_NYQUIST,50,-0.5535557715961213,-0.5536659205425554,86,01010110,True,0.0,0.0,2.53755e-05,formal_s110_near_nyquist_050ps
D3_NOISE_PLUS_MISMATCH_MC200,110,100110,NEAR_NYQUIST,51,0.9344120858375015,0.9343758797986451,198,11000110,True,0.0,0.0,2.58755e-05,formal_s110_near_nyquist_050ps
D3_NOISE_PLUS_MISMATCH_MC200,110,100110,NEAR_NYQUIST,52,-1.2347974586710555,-1.2347674499177024,34,00100010,True,0.0,0.0,2.63755e-05,formal_s110_near_nyquist_050ps
D3_NOISE_PLUS_MISMATCH_MC200,110,100110,NEAR_NYQUIST,53,1.4288429034863923,1.4288878084904928,235,11101011,True,0.0,0.0,2.68755e-05,formal_s110_near_nyquist_050ps
D3_NOISE_PLUS_MISMATCH_MC200,110,100110,NEAR_NYQUIST,54,-1.4998373568706624,-1.4998199548046247,14,00001110,True,0.0,0.0,2.73755e-05,formal_s110_near_nyquist_050ps
D3_NOISE_PLUS_MISMATCH_MC200,110,100110,NEAR_NYQUIST,55,1.4416668241686486,1.4416060624642193,236,11101100,True,0.0,0.0,2.78755e-05,formal_s110_near_nyquist_050ps
D3_NOISE_PLUS_MISMATCH_MC200,110,100110,NEAR_NYQUIST,56,-1.2593409125972181,-1.2593018189501102,32,00100000,True,0.0,0.0,2.83755e-05,formal_s110_near_nyquist_050ps
D3_NOISE_PLUS_MISMATCH_MC200,110,100110,NEAR_NYQUIST,57,0.9685614072355067,0.9685017106056414,200,11001000,True,0.0,0.0,2.88755e-05,formal_s110_near_nyquist_050ps
D3_NOISE_PLUS_MISMATCH_MC200,110,100110,NEAR_NYQUIST,58,-0.5943700438372259,-0.5943567332934891,82,01010010,True,0.0,0.0,2.93755e-05,formal_s110_near_nyquist_050ps
D3_NOISE_PLUS_MISMATCH_MC200,110,100110,NEAR_NYQUIST,59,0.16899193136198168,0.16899140663700343,140,10001100,True,0.0,0.0,2.98755e-05,formal_s110_near_nyquist_050ps
D3_NOISE_PLUS_MISMATCH_MC200,110,100110,NEAR_NYQUIST,60,0.27093965277008897,0.27080255607805276,148,10010100,True,0.0,0.0,3.03755e-05,formal_s110_near_nyquist_050ps
D3_NOISE_PLUS_MISMATCH_MC200,110,100110,NEAR_NYQUIST,61,-0.6875380959318957,-0.6875599066222123,75,01001011,True,0.0,0.0,3.08755e-05,formal_s110_near_nyquist_050ps
D3_NOISE_PLUS_MISMATCH_MC200,110,100110,NEAR_NYQUIST,62,1.0449262199294513,1.0449767501104594,206,11001110,True,0.0,0.0,3.13755e-05,formal_s110_near_nyquist_050ps
D3_NOISE_PLUS_MISMATCH_MC200,110,100110,NEAR_NYQUIST,63,-1.3123259994974505,-1.3123019785730137,28,00011100,True,0.0,0.0,3.18755e-05,formal_s110_near_nyquist_050ps
D3_NOISE_PLUS_MISMATCH_MC200,195,100195,LOW,0,1.2827920356296627,1.2828900582160598,194,11000010,True,0.0,0.0,3.755e-07,formal_s195_low_050ps
D3_NOISE_PLUS_MISMATCH_MC200,195,100195,LOW,1,1.4848272767569515,1.4847863643376866,210,11010010,True,0.0,0.0,8.75502e-07,formal_s195_low_050ps
D3_NOISE_PLUS_MISMATCH_MC200,195,100195,LOW,2,1.0127819771128357,1.0128064822050187,206,11001110,True,0.0,0.0,1.3755e-06,formal_s195_low_050ps
D3_NOISE_PLUS_MISMATCH_MC200,195,100195,LOW,3,0.08095483381425314,0.08099559702249746,136,10001000,True,0.0,0.0,1.87551e-06,formal_s195_low_050ps
D3_NOISE_PLUS_MISMATCH_MC200,195,100195,LOW,4,-0.887624111535514,-0.8877123421495201,63,00111111,True,0.0,0.0,2.3755e-06,formal_s195_low_050ps
D3_NOISE_PLUS_MISMATCH_MC200,195,100195,LOW,5,-1.4532402675617817,-1.4531833579758004,20,00010100,True,0.0,0.0,2.8755e-06,formal_s195_low_050ps
D3_NOISE_PLUS_MISMATCH_MC200,195,100195,LOW,6,-1.359115724610322,-1.3591495720503868,27,00011011,True,0.0,0.0,3.37548e-06,formal_s195_low_050ps
D3_NOISE_PLUS_MISMATCH_MC200,195,100195,LOW,7,-0.6479810573451181,-0.6478455826080387,81,01010001,True,0.0,0.0,3.87548e-06,formal_s195_low_050ps
D3_NOISE_PLUS_MISMATCH_MC200,195,100195,LOW,8,0.35732346279269056,0.3572821337450755,157,10011101,True,0.0,0.0,4.37549e-06,formal_s195_low_050ps
D3_NOISE_PLUS_MISMATCH_MC200,195,100195,LOW,9,1.200410601286161,1.2004662237096089,220,11011100,True,0.0,0.0,4.87548e-06,formal_s195_low_050ps
D3_NOISE_PLUS_MISMATCH_MC200,195,100195,LOW,10,1.4985364234506107,1.4985692810032585,243,11110011,True,0.0,0.0,5.3755e-06,formal_s195_low_050ps
D3_NOISE_PLUS_MISMATCH_MC200,195,100195,LOW,11,1.1163580388581014,1.11630762100174,214,11010110,True,0.0,0.0,5.8755e-06,formal_s195_low_050ps
D3_NOISE_PLUS_MISMATCH_MC200,195,100195,LOW,12,0.22737644401506385,0.22733660696232308,147,10010011,True,0.0,0.0,6.37551e-06,formal_s195_low_050ps
D3_NOISE_PLUS_MISMATCH_MC200,195,100195,LOW,13,-0.7648293027139206,-0.7648174342118818,72,01001000,True,0.0,0.0,6.8755e-06,formal_s195_low_050ps
D3_NOISE_PLUS_MISMATCH_MC200,195,100195,LOW,14,-1.40981853608705,-1.409872195894598,24,00011000,True,0.0,0.0,7.3755e-06,formal_s195_low_050ps
D3_NOISE_PLUS_MISMATCH_MC200,195,100195,LOW,15,-1.4147796287657606,-1.4147578893530872,23,00010111,True,0.0,0.0,7.8755e-06,formal_s195_low_050ps
D3_NOISE_PLUS_MISMATCH_MC200,195,100195,LOW,16,-0.7774603483941246,-0.7774292855299078,71,01000111,True,0.0,0.0,8.3755e-06,formal_s195_low_050ps
D3_NOISE_PLUS_MISMATCH_MC200,195,100195,LOW,17,0.21280967599837608,0.2127561657685447,146,10010010,True,0.0,0.0,8.87551e-06,formal_s195_low_050ps
D3_NOISE_PLUS_MISMATCH_MC200,195,100195,LOW,18,1.106468556641088,1.1065723531918374,213,11010101,True,0.0,0.0,9.3755e-06,formal_s195_low_050ps
D3_NOISE_PLUS_MISMATCH_MC200,195,100195,LOW,19,1.4978138452031033,1.4977496531593073,243,11110011,True,0.0,0.0,9.8755e-06,formal_s195_low_050ps
D3_NOISE_PLUS_MISMATCH_MC200,195,100195,LOW,20,1.2091829624257837,1.2092386783619922,221,11011101,True,0.0,0.0,1.03755e-05,formal_s195_low_050ps
D3_NOISE_PLUS_MISMATCH_MC200,195,100195,LOW,21,0.3716082947633996,0.37162785594154196,158,10011110,True,0.0,0.0,1.08755e-05,formal_s195_low_050ps
D3_NOISE_PLUS_MISMATCH_MC200,195,100195,LOW,22,-0.6346687696089611,-0.6346818586632575,82,01010010,True,0.0,0.0,1.13755e-05,formal_s195_low_050ps
D3_NOISE_PLUS_MISMATCH_MC200,195,100195,LOW,23,-1.3528194814245906,-1.3528502702872047,28,00011100,True,0.0,0.0,1.18755e-05,formal_s195_low_050ps
D3_NOISE_PLUS_MISMATCH_MC200,195,100195,LOW,24,-1.4568184316989683,-1.4568730597502733,20,00010100,True,0.0,0.0,1.23755e-05,formal_s195_low_050ps
D3_NOISE_PLUS_MISMATCH_MC200,195,100195,LOW,25,-0.8994522712850329,-0.8993493743687412,62,00111110,True,0.0,0.0,1.28755e-05,formal_s195_low_050ps
D3_NOISE_PLUS_MISMATCH_MC200,195,100195,LOW,26,0.0662464156905973,0.06627510728089722,135,10000111,True,0.0,0.0,1.33755e-05,formal_s195_low_050ps
D3_NOISE_PLUS_MISMATCH_MC200,195,100195,LOW,27,1.0018706149383227,1.0018869070770504,205,11001101,True,0.0,0.0,1.38755e-05,formal_s195_low_050ps
D3_NOISE_PLUS_MISMATCH_MC200,195,100195,LOW,28,1.482666500837955,1.4826003426433778,242,11110010,True,0.0,0.0,1.43755e-05,formal_s195_low_050ps
D3_NOISE_PLUS_MISMATCH_MC200,195,100195,LOW,29,1.2903627930586585,1.29022691411443,227,11100011,True,0.0,0.0,1.48755e-05,formal_s195_low_050ps
D3_NOISE_PLUS_MISMATCH_MC200,195,100195,LOW,30,0.5122613544914112,0.512272534040852,168,10101000,True,0.0,0.0,1.53755e-05,formal_s195_low_050ps
D3_NOISE_PLUS_MISMATCH_MC200,195,100195,LOW,31,-0.4983960293074411,-0.49840259131741077,92,01011100,True,0.0,0.0,1.58755e-05,formal_s195_low_050ps
D3_NOISE_PLUS_MISMATCH_MC200,195,100195,LOW,32,-1.2827920356296636,-1.2827053439909102,33,00100001,True,0.0,0.0,1.63755e-05,formal_s195_low_050ps
D3_NOISE_PLUS_MISMATCH_MC200,195,100195,LOW,33,-1.4848272767569517,-1.4849310266755844,18,00010010,True,0.0,0.0,1.68755e-05,formal_s195_low_050ps
D3_NOISE_PLUS_MISMATCH_MC200,195,100195,LOW,34,-1.0127819771128357,-1.0127230409726702,53,00110101,True,0.0,0.0,1.73755e-05,formal_s195_low_050ps
D3_NOISE_PLUS_MISMATCH_MC200,195,100195,LOW,35,-0.08095483381425642,-0.08092064498155122,124,01111100,True,0.0,0.0,1.78755e-05,formal_s195_low_050ps
D3_NOISE_PLUS_MISMATCH_MC200,195,100195,LOW,36,0.8876241115355172,0.887679714893307,197,11000101,True,0.0,0.0,1.83755e-05,formal_s195_low_050ps
D3_NOISE_PLUS_MISMATCH_MC200,195,100195,LOW,37,1.453240267561782,1.4531919416423262,240,11110000,True,0.0,0.0,1.88755e-05,formal_s195_low_050ps
D3_NOISE_PLUS_MISMATCH_MC200,195,100195,LOW,38,1.3591157246103238,1.359183948244288,232,11101000,True,0.0,0.0,1.93755e-05,formal_s195_low_050ps
D3_NOISE_PLUS_MISMATCH_MC200,195,100195,LOW,39,0.6479810573451193,0.6480284505055763,179,10110011,True,0.0,0.0,1.98755e-05,formal_s195_low_050ps
D3_NOISE_PLUS_MISMATCH_MC200,195,100195,LOW,40,-0.3573234627926919,-0.3572935915805181,103,01100111,True,0.0,0.0,2.03755e-05,formal_s195_low_050ps
D3_NOISE_PLUS_MISMATCH_MC200,195,100195,LOW,41,-1.2004106012861624,-1.2003958028087067,39,00100111,True,0.0,0.0,2.08755e-05,formal_s195_low_050ps
D3_NOISE_PLUS_MISMATCH_MC200,195,100195,LOW,42,-1.4985364234506107,-1.4985056235424228,17,00010001,True,0.0,0.0,2.13755e-05,formal_s195_low_050ps
D3_NOISE_PLUS_MISMATCH_MC200,195,100195,LOW,43,-1.116358038858104,-1.1164625120074325,45,00101101,True,0.0,0.0,2.18755e-05,formal_s195_low_050ps
D3_NOISE_PLUS_MISMATCH_MC200,195,100195,LOW,44,-0.22737644401505985,-0.22737467575174514,112,01110000,True,0.0,0.0,2.23755e-05,formal_s195_low_050ps
D3_NOISE_PLUS_MISMATCH_MC200,195,100195,LOW,45,0.7648293027139195,0.7648921029790552,188,10111100,True,0.0,0.0,2.28755e-05,formal_s195_low_050ps
D3_NOISE_PLUS_MISMATCH_MC200,195,100195,LOW,46,1.4098185360870479,1.4097937599271138,236,11101100,True,0.0,0.0,2.33755e-05,formal_s195_low_050ps
D3_NOISE_PLUS_MISMATCH_MC200,195,100195,LOW,47,1.414779628765761,1.4148879205479798,236,11101100,True,0.0,0.0,2.38755e-05,formal_s195_low_050ps
D3_NOISE_PLUS_MISMATCH_MC200,195,100195,LOW,48,0.7774603483941213,0.7775449563133222,188,10111100,True,0.0,0.0,2.43755e-05,formal_s195_low_050ps
D3_NOISE_PLUS_MISMATCH_MC200,195,100195,LOW,49,-0.2128096759983695,-0.212816080365521,114,01110010,True,0.0,0.0,2.48755e-05,formal_s195_low_050ps
D3_NOISE_PLUS_MISMATCH_MC200,195,100195,LOW,50,-1.1064685566410837,-1.1064451590652347,46,00101110,True,0.0,0.0,2.53755e-05,formal_s195_low_050ps
D3_NOISE_PLUS_MISMATCH_MC200,195,100195,LOW,51,-1.4978138452031033,-1.4977718364482298,17,00010001,True,0.0,0.0,2.58755e-05,formal_s195_low_050ps
D3_NOISE_PLUS_MISMATCH_MC200,195,100195,LOW,52,-1.2091829624257844,-1.2092123133909554,38,00100110,True,0.0,0.0,2.63755e-05,formal_s195_low_050ps
D3_NOISE_PLUS_MISMATCH_MC200,195,100195,LOW,53,-0.37160829476340085,-0.3716851124140914,102,01100110,True,0.0,0.0,2.68755e-05,formal_s195_low_050ps
D3_NOISE_PLUS_MISMATCH_MC200,195,100195,LOW,54,0.6346687696089551,0.6346739554996303,178,10110010,True,0.0,0.0,2.73755e-05,formal_s195_low_050ps
D3_NOISE_PLUS_MISMATCH_MC200,195,100195,LOW,55,1.352819481424588,1.3528794211304476,232,11101000,True,0.0,0.0,2.78755e-05,formal_s195_low_050ps
D3_NOISE_PLUS_MISMATCH_MC200,195,100195,LOW,56,1.4568184316989696,1.456804621504531,240,11110000,True,0.0,0.0,2.83755e-05,formal_s195_low_050ps
D3_NOISE_PLUS_MISMATCH_MC200,195,100195,LOW,57,0.8994522712850339,0.8994218502019345,198,11000110,True,0.0,0.0,2.88755e-05,formal_s195_low_050ps
D3_NOISE_PLUS_MISMATCH_MC200,195,100195,LOW,58,-0.06624641569059603,-0.06626547432703599,125,01111101,True,0.0,0.0,2.93755e-05,formal_s195_low_050ps
D3_NOISE_PLUS_MISMATCH_MC200,195,100195,LOW,59,-1.0018706149383219,-1.0017885386052994,54,00110110,True,0.0,0.0,2.98755e-05,formal_s195_low_050ps
D3_NOISE_PLUS_MISMATCH_MC200,195,100195,LOW,60,-1.4826665008379531,-1.482647973332903,18,00010010,True,0.0,0.0,3.03755e-05,formal_s195_low_050ps
D3_NOISE_PLUS_MISMATCH_MC200,195,100195,LOW,61,-1.2903627930586619,-1.2905054441299895,32,00100000,True,0.0,0.0,3.08755e-05,formal_s195_low_050ps
D3_NOISE_PLUS_MISMATCH_MC200,195,100195,LOW,62,-0.5122613544914125,-0.5122458596597994,91,01011011,True,0.0,0.0,3.13755e-05,formal_s195_low_050ps
D3_NOISE_PLUS_MISMATCH_MC200,195,100195,LOW,63,0.4983960293074198,0.4983430068455116,167,10100111,True,0.0,0.0,3.18755e-05,formal_s195_low_050ps
D3_NOISE_PLUS_MISMATCH_MC200,195,100195,NEAR_NYQUIST,0,1.4667091451689225,1.4668071677553196,240,11110000,True,0.0,0.0,3.75505e-07,formal_s195_near_nyquist_050ps
D3_NOISE_PLUS_MISMATCH_MC200,195,100195,NEAR_NYQUIST,1,-1.494780284101462,-1.4948211965207268,17,00010001,True,0.0,0.0,8.75502e-07,formal_s195_near_nyquist_050ps
D3_NOISE_PLUS_MISMATCH_MC200,195,100195,NEAR_NYQUIST,2,1.3941219486589564,1.3941464537511394,235,11101011,True,0.0,0.0,1.3755e-06,formal_s195_near_nyquist_050ps
D3_NOISE_PLUS_MISMATCH_MC200,195,100195,NEAR_NYQUIST,3,-1.1734027671012242,-1.1733620038929797,41,00101001,True,0.0,0.0,1.8755e-06,formal_s195_near_nyquist_050ps
D3_NOISE_PLUS_MISMATCH_MC200,195,100195,NEAR_NYQUIST,4,0.8516309271389413,0.8515426965249352,194,11000010,True,0.0,0.0,2.3755e-06,formal_s195_near_nyquist_050ps
D3_NOISE_PLUS_MISMATCH_MC200,195,100195,NEAR_NYQUIST,5,-0.45651720357131287,-0.4564602939853315,96,01100000,True,0.0,0.0,2.87548e-06,formal_s195_near_nyquist_050ps
D3_NOISE_PLUS_MISMATCH_MC200,195,100195,NEAR_NYQUIST,6,0.022088524967191138,0.022054677527126334,132,10000100,True,0.0,0.0,3.37551e-06,formal_s195_near_nyquist_050ps
D3_NOISE_PLUS_MISMATCH_MC200,195,100195,NEAR_NYQUIST,7,0.4142424025754567,0.4143778773125361,161,10100001,True,0.0,0.0,3.87548e-06,formal_s195_near_nyquist_050ps
D3_NOISE_PLUS_MISMATCH_MC200,195,100195,NEAR_NYQUIST,8,-0.8148990525573347,-0.8149403816049497,68,01000100,True,0.0,0.0,4.3755e-06,formal_s195_near_nyquist_050ps
D3_NOISE_PLUS_MISMATCH_MC200,195,100195,NEAR_NYQUIST,9,1.1453771433086934,1.1454327657321413,216,11011000,True,0.0,0.0,4.8755e-06,formal_s195_near_nyquist_050ps
D3_NOISE_PLUS_MISMATCH_MC200,195,100195,NEAR_NYQUIST,10,-1.3772161235583067,-1.3771832660056589,26,00011010,True,0.0,0.0,5.37551e-06,formal_s195_near_nyquist_050ps
D3_NOISE_PLUS_MISMATCH_MC200,195,100195,NEAR_NYQUIST,11,1.4904501759986983,1.490399758142337,242,11110010,True,0.0,0.0,5.8755e-06,formal_s195_near_nyquist_050ps
D3_NOISE_PLUS_MISMATCH_MC200,195,100195,NEAR_NYQUIST,12,-1.4753276600663425,-1.4753674971190833,19,00010011,True,0.0,0.0,6.37548e-06,formal_s195_near_nyquist_050ps
D3_NOISE_PLUS_MISMATCH_MC200,195,100195,NEAR_NYQUIST,13,1.3331509166790971,1.333162785181136,230,11100110,True,0.0,0.0,6.87548e-06,formal_s195_near_nyquist_050ps
D3_NOISE_PLUS_MISMATCH_MC200,195,100195,NEAR_NYQUIST,14,-1.076164111510855,-1.0762177713184027,49,00110001,True,0.0,0.0,7.3755e-06,formal_s195_near_nyquist_050ps
D3_NOISE_PLUS_MISMATCH_MC200,195,100195,NEAR_NYQUIST,15,0.7264987756651974,0.7265205150778707,185,10111001,True,0.0,0.0,7.8755e-06,formal_s195_near_nyquist_050ps
D3_NOISE_PLUS_MISMATCH_MC200,195,100195,NEAR_NYQUIST,16,-0.31426785307733823,-0.3142367902131214,106,01101010,True,0.0,0.0,8.37548e-06,formal_s195_near_nyquist_050ps
D3_NOISE_PLUS_MISMATCH_MC200,195,100195,NEAR_NYQUIST,17,-0.12502760599786011,-0.1250811162276915,120,01111000,True,0.0,0.0,8.8755e-06,formal_s195_near_nyquist_050ps
D3_NOISE_PLUS_MISMATCH_MC200,195,100195,NEAR_NYQUIST,18,0.5535557715961015,0.553659568146851,172,10101100,True,0.0,0.0,9.37548e-06,formal_s195_near_nyquist_050ps
D3_NOISE_PLUS_MISMATCH_MC200,195,100195,NEAR_NYQUIST,19,-0.9344120858375181,-0.9344762778813142,59,00111011,True,0.0,0.0,9.87549e-06,formal_s195_near_nyquist_050ps
D3_NOISE_PLUS_MISMATCH_MC200,195,100195,NEAR_NYQUIST,20,1.2347974586710555,1.234853174607264,223,11011111,True,0.0,0.0,1.03755e-05,formal_s195_near_nyquist_050ps
D3_NOISE_PLUS_MISMATCH_MC200,195,100195,NEAR_NYQUIST,21,-1.4288429034863956,-1.4288233423082533,22,00010110,True,0.0,0.0,1.08755e-05,formal_s195_near_nyquist_050ps
D3_NOISE_PLUS_MISMATCH_MC200,195,100195,NEAR_NYQUIST,22,1.499837356870662,1.4998242678163656,243,11110011,True,0.0,0.0,1.13755e-05,formal_s195_near_nyquist_050ps
D3_NOISE_PLUS_MISMATCH_MC200,195,100195,NEAR_NYQUIST,23,-1.4416668241686428,-1.4416976130312569,21,00010101,True,0.0,0.0,1.18755e-05,formal_s195_near_nyquist_050ps
D3_NOISE_PLUS_MISMATCH_MC200,195,100195,NEAR_NYQUIST,24,1.259340912597195,1.25928628454589,225,11100001,True,0.0,0.0,1.23755e-05,formal_s195_near_nyquist_050ps
D3_NOISE_PLUS_MISMATCH_MC200,195,100195,NEAR_NYQUIST,25,-0.9685614072354902,-0.9684585103191985,56,00111000,True,0.0,0.0,1.28755e-05,formal_s195_near_nyquist_050ps
D3_NOISE_PLUS_MISMATCH_MC200,195,100195,NEAR_NYQUIST,26,0.5943700438371867,0.5943987354274867,175,10101111,True,0.0,0.0,1.33755e-05,formal_s195_near_nyquist_050ps
D3_NOISE_PLUS_MISMATCH_MC200,195,100195,NEAR_NYQUIST,27,-0.1689919313619605,-0.16897563922323283,117,01110101,True,0.0,0.0,1.38755e-05,formal_s195_near_nyquist_050ps
D3_NOISE_PLUS_MISMATCH_MC200,195,100195,NEAR_NYQUIST,28,-0.27093965277008897,-0.271005810964666,109,01101101,True,0.0,0.0,1.43755e-05,formal_s195_near_nyquist_050ps
D3_NOISE_PLUS_MISMATCH_MC200,195,100195,NEAR_NYQUIST,29,0.6875380959319146,0.6874022169876862,182,10110110,True,0.0,0.0,1.48755e-05,formal_s195_near_nyquist_050ps
D3_NOISE_PLUS_MISMATCH_MC200,195,100195,NEAR_NYQUIST,30,-1.0449262199294669,-1.044915040380026,51,00110011,True,0.0,0.0,1.53755e-05,formal_s195_near_nyquist_050ps
D3_NOISE_PLUS_MISMATCH_MC200,195,100195,NEAR_NYQUIST,31,1.3123259994974301,1.3123194374874605,229,11100101,True,0.0,0.0,1.58755e-05,formal_s195_near_nyquist_050ps
D3_NOISE_PLUS_MISMATCH_MC200,195,100195,NEAR_NYQUIST,32,-1.4667091451689234,-1.46662245353017,19,00010011,True,0.0,0.0,1.63755e-05,formal_s195_near_nyquist_050ps
D3_NOISE_PLUS_MISMATCH_MC200,195,100195,NEAR_NYQUIST,33,1.4947802841014617,1.494676534182829,242,11110010,True,0.0,0.0,1.68755e-05,formal_s195_near_nyquist_050ps
D3_NOISE_PLUS_MISMATCH_MC200,195,100195,NEAR_NYQUIST,34,-1.394121948658956,-1.3940630125187905,25,00011001,True,0.0,0.0,1.73755e-05,formal_s195_near_nyquist_050ps
D3_NOISE_PLUS_MISMATCH_MC200,195,100195,NEAR_NYQUIST,35,1.1734027671012242,1.1734369559339293,218,11011010,True,0.0,0.0,1.78755e-05,formal_s195_near_nyquist_050ps
D3_NOISE_PLUS_MISMATCH_MC200,195,100195,NEAR_NYQUIST,36,-0.8516309271389413,-0.8515753237811515,65,01000001,True,0.0,0.0,1.83755e-05,formal_s195_near_nyquist_050ps
D3_NOISE_PLUS_MISMATCH_MC200,195,100195,NEAR_NYQUIST,37,0.456517203571318,0.4564688776518623,164,10100100,True,0.0,0.0,1.88755e-05,formal_s195_near_nyquist_050ps
D3_NOISE_PLUS_MISMATCH_MC200,195,100195,NEAR_NYQUIST,38,-0.022088524967169825,-0.02202030133320569,128,10000000,True,0.0,0.0,1.93755e-05,formal_s195_near_nyquist_050ps
D3_NOISE_PLUS_MISMATCH_MC200,195,100195,NEAR_NYQUIST,39,-0.41424240257545164,-0.41419500941499465,99,01100011,True,0.0,0.0,1.98755e-05,formal_s195_near_nyquist_050ps
D3_NOISE_PLUS_MISMATCH_MC200,195,100195,NEAR_NYQUIST,40,0.8148990525573482,0.814928923769522,192,11000000,True,0.0,0.0,2.03755e-05,formal_s195_near_nyquist_050ps
D3_NOISE_PLUS_MISMATCH_MC200,195,100195,NEAR_NYQUIST,41,-1.14537714330869,-1.1453623448312342,43,00101011,True,0.0,0.0,2.08755e-05,formal_s195_near_nyquist_050ps
D3_NOISE_PLUS_MISMATCH_MC200,195,100195,NEAR_NYQUIST,42,1.3772161235583025,1.3772469234664904,234,11101010,True,0.0,0.0,2.13755e-05,formal_s195_near_nyquist_050ps
D3_NOISE_PLUS_MISMATCH_MC200,195,100195,NEAR_NYQUIST,43,-1.4904501759986994,-1.490554649148028,17,00010001,True,0.0,0.0,2.18755e-05,formal_s195_near_nyquist_050ps
D3_NOISE_PLUS_MISMATCH_MC200,195,100195,NEAR_NYQUIST,44,1.4753276600663443,1.475329428329659,241,11110001,True,0.0,0.0,2.23755e-05,formal_s195_near_nyquist_050ps
D3_NOISE_PLUS_MISMATCH_MC200,195,100195,NEAR_NYQUIST,45,-1.3331509166790971,-1.3330881164139614,29,00011101,True,0.0,0.0,2.28755e-05,formal_s195_near_nyquist_050ps
D3_NOISE_PLUS_MISMATCH_MC200,195,100195,NEAR_NYQUIST,46,1.0761641115108698,1.0761393353509356,211,11010011,True,0.0,0.0,2.33755e-05,formal_s195_near_nyquist_050ps
D3_NOISE_PLUS_MISMATCH_MC200,195,100195,NEAR_NYQUIST,47,-0.7264987756652067,-0.7263904838829879,75,01001011,True,0.0,0.0,2.38755e-05,formal_s195_near_nyquist_050ps
D3_NOISE_PLUS_MISMATCH_MC200,195,100195,NEAR_NYQUIST,48,0.3142678530773695,0.31435246099657044,153,10011001,True,0.0,0.0,2.43755e-05,formal_s195_near_nyquist_050ps
D3_NOISE_PLUS_MISMATCH_MC200,195,100195,NEAR_NYQUIST,49,0.12502760599784948,0.125021201630698,139,10001011,True,0.0,0.0,2.48755e-05,formal_s195_near_nyquist_050ps
D3_NOISE_PLUS_MISMATCH_MC200,195,100195,NEAR_NYQUIST,50,-0.5535557715961213,-0.5535323740202723,88,01011000,True,0.0,0.0,2.53755e-05,formal_s195_near_nyquist_050ps
D3_NOISE_PLUS_MISMATCH_MC200,195,100195,NEAR_NYQUIST,51,0.9344120858375015,0.9344540945923752,200,11001000,True,0.0,0.0,2.58755e-05,formal_s195_near_nyquist_050ps
D3_NOISE_PLUS_MISMATCH_MC200,195,100195,NEAR_NYQUIST,52,-1.2347974586710555,-1.2348268096362265,36,00100100,True,0.0,0.0,2.63755e-05,formal_s195_near_nyquist_050ps
D3_NOISE_PLUS_MISMATCH_MC200,195,100195,NEAR_NYQUIST,53,1.4288429034863923,1.4287660858357019,238,11101110,True,0.0,0.0,2.68755e-05,formal_s195_near_nyquist_050ps
D3_NOISE_PLUS_MISMATCH_MC200,195,100195,NEAR_NYQUIST,54,-1.4998373568706624,-1.4998321709799873,16,00010000,True,0.0,0.0,2.73755e-05,formal_s195_near_nyquist_050ps
D3_NOISE_PLUS_MISMATCH_MC200,195,100195,NEAR_NYQUIST,55,1.4416668241686486,1.4417267638745082,238,11101110,True,0.0,0.0,2.78755e-05,formal_s195_near_nyquist_050ps
D3_NOISE_PLUS_MISMATCH_MC200,195,100195,NEAR_NYQUIST,56,-1.2593409125972181,-1.2593547227916568,35,00100011,True,0.0,0.0,2.83755e-05,formal_s195_near_nyquist_050ps
D3_NOISE_PLUS_MISMATCH_MC200,195,100195,NEAR_NYQUIST,57,0.9685614072355067,0.9685309861524073,203,11001011,True,0.0,0.0,2.88755e-05,formal_s195_near_nyquist_050ps
D3_NOISE_PLUS_MISMATCH_MC200,195,100195,NEAR_NYQUIST,58,-0.5943700438372259,-0.5943891024736658,85,01010101,True,0.0,0.0,2.93755e-05,formal_s195_near_nyquist_050ps
D3_NOISE_PLUS_MISMATCH_MC200,195,100195,NEAR_NYQUIST,59,0.16899193136198168,0.16907400769500427,143,10001111,True,0.0,0.0,2.98755e-05,formal_s195_near_nyquist_050ps
D3_NOISE_PLUS_MISMATCH_MC200,195,100195,NEAR_NYQUIST,60,0.27093965277008897,0.2709581802751391,150,10010110,True,0.0,0.0,3.03755e-05,formal_s195_near_nyquist_050ps
D3_NOISE_PLUS_MISMATCH_MC200,195,100195,NEAR_NYQUIST,61,-0.6875380959318957,-0.6876807470032235,78,01001110,True,0.0,0.0,3.08755e-05,formal_s195_near_nyquist_050ps
D3_NOISE_PLUS_MISMATCH_MC200,195,100195,NEAR_NYQUIST,62,1.0449262199294513,1.0449417147610645,208,11010000,True,0.0,0.0,3.13755e-05,formal_s195_near_nyquist_050ps
D3_NOISE_PLUS_MISMATCH_MC200,195,100195,NEAR_NYQUIST,63,-1.3123259994974505,-1.3123790219593587,31,00011111,True,0.0,0.0,3.18755e-05,formal_s195_near_nyquist_050ps
