job_id,frame_index,comparator_p_initial_values,comparator_n_initial_values,comparator_p_retry_5ns_values,comparator_n_retry_5ns_values,comparator_decision_sources,comparator_valid_decision_count,comparator_retry_decision_count,comparator_direct_bits,comparator_direct_code,comparator_inverse_code,dctrl_direct_bits_7_to_1,dctrl_valid_update_count,dctrl_direct_code_7_to_1,dctrl_inverse_code_7_to_1,digital_dout_code,digital_observation,driver_dout_bits_470,driver_dout_code_470,analog_dout_bits_470,analog_dout_code_470,driver_dout_bits_480,driver_dout_code_480,analog_dout_bits_480,analog_dout_code_480,driver_analog_match_480,dout_stable_470_to_480
MC200_CMP_XM5_XM6_W8P2524_XM7_XM11_W16P8587_S001_LOW_W4,0,-3.00764e-06;-8.26595e-06;-3.10193e-06;-3.09996e-06;-8.17623e-06;-8.17605e-06;-3.13106e-06;-8.21295e-06,-2.93531e-06;-8.27721e-06;-3.02904e-06;-3.02572e-06;-8.19689e-06;-8.19514e-06;-3.05827e-06;-8.23385e-06,3.3;3.3;3.3;-1.70541e-06;-2.01813e-06;-2.01509e-06;-1.69895e-06;-2.00557e-06,-1.79736e-06;-2.04889e-06;-1.70034e-06;3.3;3.3;3.3;3.3;3.3,RETRY_5NS;RETRY_5NS;RETRY_5NS;RETRY_5NS;RETRY_5NS;RETRY_5NS;RETRY_5NS;RETRY_5NS,8,8,11100000,224,31,1110000,7,224,30,224,INFERRED_AT_DAC_BRIDGE_OUTPUT,11100000,224,11100000,224,11100000,224,11100000,224,True,True
MC200_CMP_XM5_XM6_W8P2524_XM7_XM11_W16P8587_S001_LOW_W4,1,-3.20588e-06;-8.45288e-06;-3.373e-06;-3.28032e-06;-8.39561e-06;-8.39573e-06;-3.28647e-06;-8.43299e-06,-3.12962e-06;-8.48576e-06;-3.29484e-06;-3.20252e-06;-8.43957e-06;-8.438e-06;-3.2089e-06;-8.47668e-06,3.3;3.3;3.3;3.3;-2.0428e-06;-2.03899e-06;-1.71844e-06;-2.03778e-06,-1.83334e-06;-2.07779e-06;-1.73037e-06;-1.70954e-06;3.3;3.3;3.3;3.3,RETRY_5NS;RETRY_5NS;RETRY_5NS;RETRY_5NS;RETRY_5NS;RETRY_5NS;RETRY_5NS;RETRY_5NS,8,8,11110000,240,15,1111000,7,240,14,240,INFERRED_AT_DAC_BRIDGE_OUTPUT,11110000,240,11110000,240,11110000,240,11110000,240,True,True
MC200_CMP_XM5_XM6_W8P2524_XM7_XM11_W16P8587_S001_LOW_W4,2,-3.16103e-06;-8.40697e-06;-3.26659e-06;-3.25025e-06;-8.36249e-06;-8.36023e-06;-3.24329e-06;-8.39637e-06,-3.08561e-06;-8.43904e-06;-3.18904e-06;-3.17246e-06;-8.39406e-06;-8.39514e-06;-3.16647e-06;-8.43612e-06,3.3;3.3;-1.72707e-06;-1.71675e-06;3.3;3.3;-1.71392e-06;-2.03177e-06,-1.80683e-06;-2.06602e-06;3.3;3.3;-2.03193e-06;-2.02198e-06;3.3;3.3,RETRY_5NS;RETRY_5NS;RETRY_5NS;RETRY_5NS;RETRY_5NS;RETRY_5NS;RETRY_5NS;RETRY_5NS,8,8,11001100,204,51,1100110,7,204,50,204,INFERRED_AT_DAC_BRIDGE_OUTPUT,11001100,204,11001100,204,11001100,204,11001100,204,True,True
MC200_CMP_XM5_XM6_W8P2524_XM7_XM11_W16P8587_S001_LOW_W4,3,-3.00365e-06;-8.26441e-06;-3.14839e-06;-3.12873e-06;-8.21291e-06;-8.01597e-06;-3.11803e-06;-8.24959e-06,-2.93095e-06;-8.29682e-06;-3.07355e-06;-3.05363e-06;-8.23466e-06;-8.0382e-06;-3.04405e-06;-8.27453e-06,3.3;-2.06831e-06;-1.7133e-06;-1.70879e-06;-2.01657e-06;3.3;3.3;-2.01602e-06,-1.78447e-06;3.3;3.3;3.3;3.3;-2.01432e-06;-1.69098e-06;3.3,RETRY_5NS;RETRY_5NS;RETRY_5NS;RETRY_5NS;RETRY_5NS;RETRY_5NS;RETRY_5NS;RETRY_5NS,8,8,10000110,134,121,1000011,7,134,120,134,INFERRED_AT_DAC_BRIDGE_OUTPUT,10000110,134,10000110,134,10000110,134,10000110,134,True,True
MC200_CMP_XM5_XM6_W8P2524_XM7_XM11_W16P8587_S001_LOW_W4,64,-3.13309e-06;-8.86893e-06;-3.00918e-06;-3.22412e-06;-8.02995e-06;-8.32252e-06;-3.05582e-06;-8.02942e-06,-3.05805e-06;-8.88262e-06;-2.93781e-06;-3.14721e-06;-8.03518e-06;-8.35694e-06;-2.98262e-06;-8.03184e-06,3.3;3.3;3.3;-1.71895e-06;-2.00349e-06;-2.03083e-06;-1.69365e-06;-1.99027e-06,-1.81151e-06;-2.06142e-06;-1.68925e-06;3.3;3.3;3.3;3.3;3.3,RETRY_5NS;RETRY_5NS;RETRY_5NS;RETRY_5NS;RETRY_5NS;RETRY_5NS;RETRY_5NS;RETRY_5NS,8,8,11100000,224,31,1110000,7,224,30,224,INFERRED_AT_DAC_BRIDGE_OUTPUT,11100000,224,11100000,224,11100000,224,11100000,224,True,True
MC200_CMP_XM5_XM6_W8P2524_XM7_XM11_W16P8587_S001_LOW_W4,65,-3.63378e-06;-8.59824e-06;-3.37615e-06;-3.40488e-06;-8.25411e-06;-8.546e-06;-3.24293e-06;-8.25061e-06,-3.55681e-06;-8.64527e-06;-3.30296e-06;-3.32441e-06;-8.27321e-06;-8.59587e-06;-3.16687e-06;-8.27344e-06,3.3;3.3;3.3;-1.72485e-06;3.3;3.3;3.3;3.3,-1.85751e-06;-2.09338e-06;-1.72488e-06;3.3;-2.02268e-06;-2.04917e-06;-1.71003e-06;-2.05212e-06,RETRY_5NS;RETRY_5NS;RETRY_5NS;RETRY_5NS;RETRY_5NS;RETRY_5NS;RETRY_5NS;RETRY_5NS,8,8,11101111,239,16,1110111,7,238,16,239,INFERRED_AT_DAC_BRIDGE_OUTPUT,11101111,239,11101111,239,11101111,239,11101111,239,True,True
MC200_CMP_XM5_XM6_W8P2524_XM7_XM11_W16P8587_S001_LOW_W4,66,-3.2861e-06;-8.5526e-06;-3.17422e-06;-3.37479e-06;-9.32556e-06;-8.5069e-06;-3.21202e-06;-8.21293e-06,-3.20797e-06;-8.59908e-06;-3.09868e-06;-3.29432e-06;-9.31036e-06;-8.55672e-06;-3.13586e-06;-8.23392e-06,3.3;3.3;-1.71814e-06;-1.73035e-06;3.3;3.3;-1.70829e-06;-2.01035e-06,-1.82073e-06;-2.08097e-06;3.3;3.3;-2.01463e-06;-2.03722e-06;3.3;3.3,RETRY_5NS;RETRY_5NS;RETRY_5NS;RETRY_5NS;RETRY_5NS;RETRY_5NS;RETRY_5NS;RETRY_5NS,8,8,11001100,204,51,1100110,7,204,50,204,INFERRED_AT_DAC_BRIDGE_OUTPUT,11001100,204,11001100,204,11001100,204,11001100,204,True,True
MC200_CMP_XM5_XM6_W8P2524_XM7_XM11_W16P8587_S001_LOW_W4,67,-3.13116e-06;-8.40879e-06;-3.05605e-06;-3.32836e-06;-8.06638e-06;-8.36134e-06;-3.08676e-06;-8.06612e-06,-3.05573e-06;-8.45699e-06;-2.98321e-06;-3.24882e-06;-8.07314e-06;-8.39459e-06;-3.01345e-06;-8.0725e-06,3.3;-2.0841e-06;-1.7036e-06;-1.72324e-06;-1.9995e-06;3.3;3.3;-1.99837e-06,-1.79832e-06;3.3;3.3;3.3;3.3;-2.02942e-06;-1.68706e-06;3.3,RETRY_5NS;RETRY_5NS;RETRY_5NS;RETRY_5NS;RETRY_5NS;RETRY_5NS;RETRY_5NS;RETRY_5NS,8,8,10000110,134,121,1000011,7,134,120,134,INFERRED_AT_DAC_BRIDGE_OUTPUT,10000110,134,10000110,134,10000110,134,10000110,134,True,True
MC200_CMP_XM5_XM6_W8P2524_XM7_XM11_W16P8587_S002_LOW_W4,0,-2.95357e-06;-8.28056e-06;-3.04822e-06;-3.04607e-06;-8.22178e-06;-8.2217e-06;-3.03338e-06;-8.26253e-06,-3.05536e-06;-8.27812e-06;-3.15138e-06;-3.14844e-06;-8.23616e-06;-8.23444e-06;-3.13611e-06;-8.269e-06,3.3;3.3;3.3;-1.62528e-06;-1.92342e-06;-1.92218e-06;-1.61773e-06;-1.91865e-06,-1.73769e-06;-1.98395e-06;-1.63966e-06;3.3;3.3;3.3;3.3;3.3,RETRY_5NS;RETRY_5NS;RETRY_5NS;RETRY_5NS;RETRY_5NS;RETRY_5NS;RETRY_5NS;RETRY_5NS,8,8,11100000,224,31,1110000,7,224,30,224,INFERRED_AT_DAC_BRIDGE_OUTPUT,11100000,224,11100000,224,11100000,224,11100000,224,True,True
MC200_CMP_XM5_XM6_W8P2524_XM7_XM11_W16P8587_S002_LOW_W4,1,-3.14657e-06;-7.58313e-06;-3.2357e-06;-3.22163e-06;-8.46977e-06;-8.46824e-06;-3.17039e-06;-9.28361e-06,-3.25449e-06;-7.52325e-06;-3.34552e-06;-3.32996e-06;-8.44821e-06;-8.44841e-06;-3.28021e-06;-9.291e-06,3.3;3.3;3.3;-1.63493e-06;3.3;3.3;3.3;3.3,-1.7757e-06;-2.01972e-06;-1.67212e-06;3.3;-1.97446e-06;-1.96918e-06;-1.65744e-06;-1.96328e-06,RETRY_5NS;RETRY_5NS;RETRY_5NS;RETRY_5NS;RETRY_5NS;RETRY_5NS;RETRY_5NS;RETRY_5NS,8,8,11101111,239,16,1110111,7,238,16,239,INFERRED_AT_DAC_BRIDGE_OUTPUT,11101111,239,11101111,239,11101111,239,11101111,239,True,True
MC200_CMP_XM5_XM6_W8P2524_XM7_XM11_W16P8587_S002_LOW_W4,2,-3.10253e-06;-7.82072e-06;-3.20847e-06;-3.19251e-06;-8.42764e-06;-8.42511e-06;-3.18523e-06;-7.67983e-06,-3.20934e-06;-7.77564e-06;-3.31589e-06;-3.29921e-06;-8.41213e-06;-8.41363e-06;-3.29353e-06;-7.64164e-06,3.3;3.3;-1.6459e-06;-1.63771e-06;3.3;-1.92741e-06;3.3;3.3,-1.7486e-06;-2.00692e-06;3.3;3.3;-1.96811e-06;3.3;-1.65611e-06;-1.97074e-06,RETRY_5NS;RETRY_5NS;RETRY_5NS;RETRY_5NS;RETRY_5NS;RETRY_5NS;RETRY_5NS;RETRY_5NS,8,8,11001011,203,52,1100101,7,202,52,203,INFERRED_AT_DAC_BRIDGE_OUTPUT,11001011,203,11001011,203,11001011,203,11001011,203,True,True
MC200_CMP_XM5_XM6_W8P2524_XM7_XM11_W16P8587_S002_LOW_W4,3,-3.11304e-06;-8.43738e-06;-3.18345e-06;-3.16457e-06;-8.38373e-06;-8.38576e-06;-3.15508e-06;-8.42585e-06,-3.21729e-06;-8.4352e-06;-3.29002e-06;-3.2705e-06;-8.3786e-06;-8.37667e-06;-3.26142e-06;-8.41297e-06,3.3;-1.98261e-06;-1.64189e-06;-1.63698e-06;-1.93575e-06;3.3;-1.62426e-06;3.3,-1.73923e-06;3.3;3.3;3.3;3.3;-1.96019e-06;3.3;-1.96031e-06,RETRY_5NS;RETRY_5NS;RETRY_5NS;RETRY_5NS;RETRY_5NS;RETRY_5NS;RETRY_5NS;RETRY_5NS,8,8,10000101,133,122,1000010,7,132,122,133,INFERRED_AT_DAC_BRIDGE_OUTPUT,10000101,133,10000101,133,10000101,133,10000101,133,True,True
MC200_CMP_XM5_XM6_W8P2524_XM7_XM11_W16P8587_S002_LOW_W4,64,-3.07565e-06;-8.44181e-06;-2.95745e-06;-3.16697e-06;-8.05991e-06;-8.38375e-06;-3.00297e-06;-8.05955e-06,-3.18128e-06;-8.42099e-06;-3.05826e-06;-3.27317e-06;-8.09141e-06;-8.37937e-06;-3.10471e-06;-8.088e-06,3.3;3.3;3.3;-1.63855e-06;-1.90868e-06;-1.93711e-06;-1.61353e-06;-1.89989e-06,-1.75142e-06;-1.99973e-06;-1.63134e-06;3.3;3.3;3.3;3.3;3.3,RETRY_5NS;RETRY_5NS;RETRY_5NS;RETRY_5NS;RETRY_5NS;RETRY_5NS;RETRY_5NS;RETRY_5NS,8,8,11100000,224,31,1110000,7,224,30,224,INFERRED_AT_DAC_BRIDGE_OUTPUT,11100000,224,11100000,224,11100000,224,11100000,224,True,True
MC200_CMP_XM5_XM6_W8P2524_XM7_XM11_W16P8587_S002_LOW_W4,65,-3.26784e-06;-7.52467e-06;-3.1456e-06;-3.34289e-06;-8.30733e-06;-8.63062e-06;-3.21664e-06;-8.30409e-06,-3.3796e-06;-7.44169e-06;-3.25254e-06;-3.45505e-06;-8.3039e-06;-8.5929e-06;-3.32468e-06;-8.30434e-06,3.3;3.3;3.3;-1.64777e-06;3.3;3.3;3.3;3.3,-1.78959e-06;-2.03377e-06;-1.66251e-06;3.3;-1.95842e-06;-1.98509e-06;-1.6544e-06;-1.98674e-06,RETRY_5NS;RETRY_5NS;RETRY_5NS;RETRY_5NS;RETRY_5NS;RETRY_5NS;RETRY_5NS;RETRY_5NS,8,8,11101111,239,16,1110111,7,238,16,239,INFERRED_AT_DAC_BRIDGE_OUTPUT,11101111,239,11101111,239,11101111,239,11101111,239,True,True
MC200_CMP_XM5_XM6_W8P2524_XM7_XM11_W16P8587_S002_LOW_W4,66,-3.22471e-06;-8.05561e-06;-3.11847e-06;-3.31374e-06;-8.26532e-06;-8.58772e-06;-3.15518e-06;-7.52915e-06,-3.33537e-06;-7.98086e-06;-3.22305e-06;-3.42426e-06;-8.26774e-06;-8.558e-06;-3.26168e-06;-7.51651e-06,3.3;3.3;-1.63728e-06;-1.65013e-06;3.3;3.3;-1.63141e-06;-1.92776e-06,-1.76267e-06;-2.02438e-06;3.3;3.3;-1.95271e-06;-1.97018e-06;3.3;3.3,RETRY_5NS;RETRY_5NS;RETRY_5NS;RETRY_5NS;RETRY_5NS;RETRY_5NS;RETRY_5NS;RETRY_5NS,8,8,11001100,204,51,1100110,7,204,50,204,INFERRED_AT_DAC_BRIDGE_OUTPUT,11001100,204,11001100,204,11001100,204,11001100,204,True,True
MC200_CMP_XM5_XM6_W8P2524_XM7_XM11_W16P8587_S002_LOW_W4,67,-3.19947e-06;-8.59735e-06;-3.09347e-06;-3.28566e-06;-8.2217e-06;-8.54802e-06;-3.12464e-06;-8.22297e-06,-3.30808e-06;-8.57837e-06;-3.19721e-06;-3.3954e-06;-8.23397e-06;-8.52132e-06;-3.23003e-06;-8.23192e-06,3.3;-1.99715e-06;-1.63379e-06;-1.64872e-06;-1.92036e-06;3.3;-1.62015e-06;3.3,-1.74997e-06;3.3;3.3;3.3;3.3;-1.97397e-06;3.3;-1.94123e-06,RETRY_5NS;RETRY_5NS;RETRY_5NS;RETRY_5NS;RETRY_5NS;RETRY_5NS;RETRY_5NS;RETRY_5NS,8,8,10000101,133,122,1000010,7,132,122,133,INFERRED_AT_DAC_BRIDGE_OUTPUT,10000101,133,10000101,133,10000101,133,10000101,133,True,True
MC200_CMP_XM5_XM6_W8P2524_XM7_XM11_W16P8587_S003_LOW_W4,0,-2.85123e-06;-8.2273e-06;-2.93855e-06;-2.93622e-06;-8.16812e-06;-8.16813e-06;-3.13481e-06;-8.21174e-06,-2.85221e-06;-8.21047e-06;-2.93958e-06;-2.93605e-06;-8.16302e-06;-8.16146e-06;-3.13445e-06;-8.20196e-06,3.3;3.3;3.3;-1.67702e-06;-1.9833e-06;-1.97766e-06;-1.67376e-06;3.3,-1.80345e-06;-2.05543e-06;-1.70875e-06;3.3;3.3;3.3;3.3;-2.01617e-06,RETRY_5NS;RETRY_5NS;RETRY_5NS;RETRY_5NS;RETRY_5NS;RETRY_5NS;RETRY_5NS;RETRY_5NS,8,8,11100001,225,30,1110000,7,224,30,225,INFERRED_AT_DAC_BRIDGE_OUTPUT,11100001,225,11100001,225,11100001,225,11100001,225,True,True
MC200_CMP_XM5_XM6_W8P2524_XM7_XM11_W16P8587_S003_LOW_W4,1,-3.04449e-06;-8.48335e-06;-3.12775e-06;-3.11394e-06;-8.42234e-06;-8.42262e-06;-3.28789e-06;-8.46592e-06,-3.04493e-06;-8.46554e-06;-3.12864e-06;-3.11447e-06;-8.41861e-06;-8.41726e-06;-3.28692e-06;-8.4581e-06,3.3;3.3;3.3;3.3;-2.00662e-06;-2.00288e-06;-1.69099e-06;3.3,-1.84153e-06;-2.0846e-06;-1.73418e-06;-1.72171e-06;3.3;3.3;3.3;-2.03469e-06,RETRY_5NS;RETRY_5NS;RETRY_5NS;RETRY_5NS;RETRY_5NS;RETRY_5NS;RETRY_5NS;RETRY_5NS,8,8,11110001,241,14,1111000,7,240,14,241,INFERRED_AT_DAC_BRIDGE_OUTPUT,11110001,241,11110001,241,11110001,241,11110001,241,True,True
MC200_CMP_XM5_XM6_W8P2524_XM7_XM11_W16P8587_S003_LOW_W4,2,-2.41804e-06;-7.62966e-06;-2.52325e-06;-2.50403e-06;-7.57658e-06;-7.57512e-06;-2.49616e-06;-7.617e-06,-2.421e-06;-7.61571e-06;-2.52488e-06;-2.50538e-06;-7.56447e-06;-7.56385e-06;-2.49804e-06;-7.60593e-06,3.3;3.3;-1.63706e-06;-1.62727e-06;3.3;3.3;-1.62217e-06;3.3,-1.74945e-06;-1.99903e-06;3.3;3.3;-1.9656e-06;-1.96159e-06;3.3;-1.96272e-06,RETRY_5NS;RETRY_5NS;RETRY_5NS;RETRY_5NS;RETRY_5NS;RETRY_5NS;RETRY_5NS;RETRY_5NS,8,8,11001101,205,50,1100110,7,204,50,205,INFERRED_AT_DAC_BRIDGE_OUTPUT,11001101,205,11001101,205,11001101,205,11001101,205,True,True
MC200_CMP_XM5_XM6_W8P2524_XM7_XM11_W16P8587_S003_LOW_W4,3,-3.0998e-06;-7.54634e-06;-3.22409e-06;-3.209e-06;-8.55033e-06;-9.13831e-06;-3.201e-06;-9.22054e-06,-3.09967e-06;-7.55193e-06;-3.22301e-06;-3.2075e-06;-8.54329e-06;-9.12513e-06;-3.20115e-06;-9.21058e-06,3.3;-2.0704e-06;-1.71183e-06;-1.7036e-06;-2.00757e-06;3.3;3.3;3.3,-1.81833e-06;3.3;3.3;3.3;3.3;-2.05193e-06;-1.72925e-06;-2.04134e-06,RETRY_5NS;RETRY_5NS;RETRY_5NS;RETRY_5NS;RETRY_5NS;RETRY_5NS;RETRY_5NS;RETRY_5NS,8,8,10000111,135,120,1000011,7,134,120,135,INFERRED_AT_DAC_BRIDGE_OUTPUT,10000111,135,10000111,135,10000111,135,10000111,135,True,True
MC200_CMP_XM5_XM6_W8P2524_XM7_XM11_W16P8587_S003_LOW_W4,64,-2.80761e-06;-8.39632e-06;-2.84729e-06;-3.05831e-06;-7.9986e-06;-8.33783e-06;-2.89481e-06;-7.99933e-06,-2.80875e-06;-8.37906e-06;-2.84868e-06;-3.05768e-06;-7.9926e-06;-8.33176e-06;-2.89519e-06;-7.98908e-06,3.3;3.3;3.3;-1.68946e-06;-1.9679e-06;-1.99319e-06;-1.65919e-06;3.3,-1.81389e-06;-2.07132e-06;-1.6991e-06;3.3;3.3;3.3;3.3;-1.99779e-06,RETRY_5NS;RETRY_5NS;RETRY_5NS;RETRY_5NS;RETRY_5NS;RETRY_5NS;RETRY_5NS;RETRY_5NS,8,8,11100001,225,30,1110000,7,224,30,225,INFERRED_AT_DAC_BRIDGE_OUTPUT,11100001,225,11100001,225,11100001,225,11100001,225,True,True
MC200_CMP_XM5_XM6_W8P2524_XM7_XM11_W16P8587_S003_LOW_W4,65,-3.16655e-06;-8.65211e-06;-3.0369e-06;-3.23615e-06;-8.25285e-06;-8.59229e-06;-3.28657e-06;-8.25342e-06,-3.16649e-06;-8.63384e-06;-3.03815e-06;-3.23618e-06;-8.24834e-06;-8.58748e-06;-3.28566e-06;-8.2453e-06,3.3;3.3;3.3;3.3;-1.99133e-06;-2.01772e-06;-1.68635e-06;3.3,-1.85572e-06;-2.09923e-06;-1.7243e-06;-1.73437e-06;3.3;3.3;3.3;-2.05382e-06,RETRY_5NS;RETRY_5NS;RETRY_5NS;RETRY_5NS;RETRY_5NS;RETRY_5NS;RETRY_5NS;RETRY_5NS,8,8,11110001,241,14,1111000,7,240,14,241,INFERRED_AT_DAC_BRIDGE_OUTPUT,11110001,241,11110001,241,11110001,241,11110001,241,True,True
MC200_CMP_XM5_XM6_W8P2524_XM7_XM11_W16P8587_S003_LOW_W4,66,-2.54094e-06;-7.79875e-06;-2.4325e-06;-2.62624e-06;-7.40663e-06;-7.74498e-06;-2.4655e-06;-7.40459e-06,-2.5434e-06;-7.78451e-06;-2.43449e-06;-2.62712e-06;-7.39458e-06;-7.73403e-06;-2.46749e-06;-7.39303e-06,3.3;3.3;-1.62883e-06;-1.63896e-06;3.3;3.3;-1.61906e-06;3.3,-1.76265e-06;-2.01354e-06;3.3;3.3;-1.95092e-06;-1.97715e-06;3.3;-1.9431e-06,RETRY_5NS;RETRY_5NS;RETRY_5NS;RETRY_5NS;RETRY_5NS;RETRY_5NS;RETRY_5NS;RETRY_5NS,8,8,11001101,205,50,1100110,7,204,50,205,INFERRED_AT_DAC_BRIDGE_OUTPUT,11001101,205,11001101,205,11001101,205,11001101,205,True,True
MC200_CMP_XM5_XM6_W8P2524_XM7_XM11_W16P8587_S003_LOW_W4,67,-3.22465e-06;-7.49418e-06;-3.13342e-06;-3.33111e-06;-8.38054e-06;-8.72292e-06;-3.17035e-06;-8.38092e-06,-3.22402e-06;-7.5016e-06;-3.1327e-06;-3.32912e-06;-8.37324e-06;-8.71168e-06;-3.17064e-06;-8.37303e-06,3.3;-2.08605e-06;-1.70207e-06;-1.71671e-06;-1.99406e-06;3.3;3.3;3.3,-1.83312e-06;3.3;3.3;3.3;3.3;-2.06979e-06;-1.72522e-06;-2.02059e-06,RETRY_5NS;RETRY_5NS;RETRY_5NS;RETRY_5NS;RETRY_5NS;RETRY_5NS;RETRY_5NS;RETRY_5NS,8,8,10000111,135,120,1000011,7,134,120,135,INFERRED_AT_DAC_BRIDGE_OUTPUT,10000111,135,10000111,135,10000111,135,10000111,135,True,True
MC200_CMP_XM5_XM6_W8P2524_XM7_XM11_W16P8587_S004_LOW_W4,0,-3.22313e-06;-8.64636e-06;-3.31256e-06;-3.31112e-06;-8.58886e-06;-8.58921e-06;-3.30082e-06;-8.63113e-06,-3.26117e-06;-8.63086e-06;-3.35177e-06;-3.34909e-06;-8.59014e-06;-8.58855e-06;-3.33901e-06;-8.62608e-06,3.3;3.3;3.3;-1.73295e-06;-2.04971e-06;-2.04681e-06;-1.72293e-06;-2.03943e-06,-1.80797e-06;-2.06053e-06;-1.70822e-06;3.3;3.3;3.3;3.3;3.3,RETRY_5NS;RETRY_5NS;RETRY_5NS;RETRY_5NS;RETRY_5NS;RETRY_5NS;RETRY_5NS;RETRY_5NS,8,8,11100000,224,31,1110000,7,224,30,224,INFERRED_AT_DAC_BRIDGE_OUTPUT,11100000,224,11100000,224,11100000,224,11100000,224,True,True
MC200_CMP_XM5_XM6_W8P2524_XM7_XM11_W16P8587_S004_LOW_W4,1,-2.59185e-06;-7.61962e-06;-2.62585e-06;-2.60686e-06;-7.65426e-06;-7.65262e-06;-2.59849e-06;-7.69187e-06,-2.62709e-06;-7.64144e-06;-2.65562e-06;-2.63527e-06;-7.6838e-06;-7.68311e-06;-2.62801e-06;-7.72148e-06,3.3;3.3;3.3;-1.6471e-06;3.3;3.3;3.3;3.3,-1.75015e-06;-1.98471e-06;-1.64352e-06;3.3;-1.93762e-06;-1.9348e-06;-1.63003e-06;-1.93209e-06,RETRY_5NS;RETRY_5NS;RETRY_5NS;RETRY_5NS;RETRY_5NS;RETRY_5NS;RETRY_5NS;RETRY_5NS,8,8,11101111,239,16,1110111,7,238,16,231,INFERRED_AT_DAC_BRIDGE_OUTPUT,11100111,231,11100111,231,11100111,231,11100111,231,True,True
MC200_CMP_XM5_XM6_W8P2524_XM7_XM11_W16P8587_S004_LOW_W4,2,-3.09779e-06;-8.47756e-06;-3.20105e-06;-3.18537e-06;-8.42933e-06;-8.42709e-06;-3.07892e-06;-8.46743e-06,-3.13445e-06;-8.47143e-06;-3.23751e-06;-3.22128e-06;-8.42811e-06;-8.42926e-06;-3.11508e-06;-8.46921e-06,3.3;3.3;-1.72444e-06;-1.71555e-06;3.3;3.3;-1.70862e-06;-2.03035e-06,-1.78596e-06;-2.04037e-06;3.3;3.3;-2.0068e-06;-1.99316e-06;3.3;3.3,RETRY_5NS;RETRY_5NS;RETRY_5NS;RETRY_5NS;RETRY_5NS;RETRY_5NS;RETRY_5NS;RETRY_5NS,8,8,11001100,204,51,1100110,7,204,50,196,INFERRED_AT_DAC_BRIDGE_OUTPUT,11000100,196,11000100,196,11000100,196,11000100,196,True,True
MC200_CMP_XM5_XM6_W8P2524_XM7_XM11_W16P8587_S004_LOW_W4,3,-3.03825e-06;-8.43863e-06;-3.17567e-06;-3.15768e-06;-8.38548e-06;-7.79458e-06;-3.14813e-06;-7.84123e-06,-3.07405e-06;-8.45041e-06;-3.21179e-06;-3.19328e-06;-8.39093e-06;-7.78829e-06;-3.18425e-06;-7.83023e-06,3.3;-2.07607e-06;-1.72055e-06;-1.71531e-06;-2.02534e-06;3.3;-1.69699e-06;3.3,-1.77205e-06;3.3;3.3;3.3;3.3;-2.00769e-06;3.3;-2.00983e-06,RETRY_5NS;RETRY_5NS;RETRY_5NS;RETRY_5NS;RETRY_5NS;RETRY_5NS;RETRY_5NS;RETRY_5NS,8,8,10000101,133,122,1000010,7,132,122,133,INFERRED_AT_DAC_BRIDGE_OUTPUT,10000101,133,10000101,133,10000101,133,10000101,133,True,True
MC200_CMP_XM5_XM6_W8P2524_XM7_XM11_W16P8587_S004_LOW_W4,64,-3.3455e-06;-8.80878e-06;-3.22184e-06;-3.43237e-06;-8.42584e-06;-8.75241e-06;-3.27029e-06;-8.42671e-06,-3.38524e-06;-8.78617e-06;-3.2598e-06;-3.47204e-06;-8.43292e-06;-8.74583e-06;-3.30805e-06;-8.42967e-06,3.3;3.3;3.3;-1.74604e-06;-2.03476e-06;-2.06274e-06;-1.7178e-06;-2.01934e-06,-1.82106e-06;-2.07574e-06;-1.69812e-06;3.3;3.3;3.3;3.3;3.3,RETRY_5NS;RETRY_5NS;RETRY_5NS;RETRY_5NS;RETRY_5NS;RETRY_5NS;RETRY_5NS;RETRY_5NS,8,8,11100000,224,31,1110000,7,224,30,224,INFERRED_AT_DAC_BRIDGE_OUTPUT,11100000,224,11100000,224,11100000,224,11100000,224,True,True
MC200_CMP_XM5_XM6_W8P2524_XM7_XM11_W16P8587_S004_LOW_W4,65,-2.67075e-06;-7.83359e-06;-2.53559e-06;-2.72841e-06;-7.49075e-06;-7.81612e-06;-2.56806e-06;-7.48755e-06,-2.701e-06;-7.85096e-06;-2.56408e-06;-2.75854e-06;-7.5271e-06;-7.83998e-06;-2.59703e-06;-7.52501e-06,3.3;3.3;3.3;-1.65898e-06;3.3;3.3;3.3;3.3,-1.76035e-06;-2.00122e-06;-1.63444e-06;3.3;-1.92369e-06;-1.95067e-06;-1.62892e-06;-1.95283e-06,RETRY_5NS;RETRY_5NS;RETRY_5NS;RETRY_5NS;RETRY_5NS;RETRY_5NS;RETRY_5NS;RETRY_5NS,8,8,11101111,239,16,1110111,7,238,16,239,INFERRED_AT_DAC_BRIDGE_OUTPUT,11101111,239,11101111,239,11101111,239,11101111,239,True,True
MC200_CMP_XM5_XM6_W8P2524_XM7_XM11_W16P8587_S004_LOW_W4,66,-3.21999e-06;-8.64e-06;-3.11068e-06;-3.30683e-06;-8.26592e-06;-8.59077e-06;-3.14818e-06;-8.26309e-06,-3.25835e-06;-8.62698e-06;-3.14587e-06;-3.34447e-06;-8.27132e-06;-8.58614e-06;-3.18452e-06;-8.27263e-06,3.3;3.3;-1.71425e-06;-1.72674e-06;3.3;3.3;-1.70833e-06;-2.00904e-06,-1.79938e-06;-2.05583e-06;3.3;3.3;-1.99305e-06;-2.01283e-06;3.3;3.3,RETRY_5NS;RETRY_5NS;RETRY_5NS;RETRY_5NS;RETRY_5NS;RETRY_5NS;RETRY_5NS;RETRY_5NS,8,8,11001100,204,51,1100110,7,204,50,204,INFERRED_AT_DAC_BRIDGE_OUTPUT,11001100,204,11001100,204,11001100,204,11001100,204,True,True
MC200_CMP_XM5_XM6_W8P2524_XM7_XM11_W16P8587_S004_LOW_W4,67,-3.16265e-06;-8.59982e-06;-3.08563e-06;-3.34496e-06;-8.2222e-06;-7.71727e-06;-3.11763e-06;-8.2233e-06,-3.20016e-06;-8.60608e-06;-3.12048e-06;-3.38214e-06;-8.23393e-06;-7.70355e-06;-3.15331e-06;-8.23235e-06,3.3;-2.09199e-06;-1.71088e-06;-1.72877e-06;-2.00994e-06;3.3;-1.69779e-06;3.3,-1.78625e-06;3.3;3.3;3.3;3.3;-2.02176e-06;3.3;-1.98132e-06,RETRY_5NS;RETRY_5NS;RETRY_5NS;RETRY_5NS;RETRY_5NS;RETRY_5NS;RETRY_5NS;RETRY_5NS,8,8,10000101,133,122,1000010,7,132,122,133,INFERRED_AT_DAC_BRIDGE_OUTPUT,10000101,133,10000101,133,10000101,133,10000101,133,True,True
MC200_CMP_XM5_XM6_W8P2524_XM7_XM11_W16P8587_S005_LOW_W4,0,-2.8357e-06;-8.2335e-06;-2.91376e-06;-2.91264e-06;-8.17832e-06;-8.17858e-06;-2.90404e-06;-8.22053e-06,-2.86393e-06;-8.22016e-06;-2.94243e-06;-2.93994e-06;-8.17826e-06;-8.17702e-06;-2.93199e-06;-8.21624e-06,3.3;3.3;3.3;-1.65179e-06;-1.95421e-06;-1.9507e-06;-1.6426e-06;-1.94442e-06,-1.82499e-06;-2.08061e-06;-1.72511e-06;3.3;3.3;3.3;3.3;3.3,RETRY_5NS;RETRY_5NS;RETRY_5NS;RETRY_5NS;RETRY_5NS;RETRY_5NS;RETRY_5NS;RETRY_5NS,8,8,11100000,224,31,1110000,7,224,30,224,INFERRED_AT_DAC_BRIDGE_OUTPUT,11100000,224,11100000,224,11100000,224,11100000,224,True,True
MC200_CMP_XM5_XM6_W8P2524_XM7_XM11_W16P8587_S005_LOW_W4,1,-3.27248e-06;-8.48298e-06;-3.10844e-06;-3.09904e-06;-8.43125e-06;-8.43011e-06;-3.09536e-06;-7.62698e-06,-3.30102e-06;-8.46299e-06;-3.13785e-06;-3.12714e-06;-8.41677e-06;-8.41728e-06;-3.124e-06;-7.61373e-06,3.3;3.3;3.3;-1.65797e-06;3.3;3.3;3.3;3.3,-1.86181e-06;-2.11069e-06;-1.75206e-06;3.3;-2.06963e-06;-2.06768e-06;-1.74073e-06;-2.07226e-06,RETRY_5NS;RETRY_5NS;RETRY_5NS;RETRY_5NS;RETRY_5NS;RETRY_5NS;RETRY_5NS;RETRY_5NS,8,8,11101111,239,16,1110111,7,238,16,239,INFERRED_AT_DAC_BRIDGE_OUTPUT,11101111,239,11101111,239,11101111,239,11101111,239,True,True
MC200_CMP_XM5_XM6_W8P2524_XM7_XM11_W16P8587_S005_LOW_W4,2,-2.96046e-06;-8.39291e-06;-3.10882e-06;-3.03637e-06;-8.34704e-06;-7.99856e-06;-3.03173e-06;-8.3862e-06,-2.98914e-06;-8.37777e-06;-3.13616e-06;-3.06365e-06;-8.33591e-06;-7.99083e-06;-3.05991e-06;-8.37868e-06,3.3;3.3;-1.67227e-06;-1.66003e-06;3.3;3.3;-1.65386e-06;-1.96356e-06,-1.83063e-06;-2.09355e-06;3.3;3.3;-2.06036e-06;-2.05324e-06;3.3;3.3,RETRY_5NS;RETRY_5NS;RETRY_5NS;RETRY_5NS;RETRY_5NS;RETRY_5NS;RETRY_5NS;RETRY_5NS,8,8,11001100,204,51,1100110,7,204,50,204,INFERRED_AT_DAC_BRIDGE_OUTPUT,11001100,204,11001100,204,11001100,204,11001100,204,True,True
MC200_CMP_XM5_XM6_W8P2524_XM7_XM11_W16P8587_S005_LOW_W4,3,-2.77716e-06;-8.18781e-06;-2.89389e-06;-2.87944e-06;-8.13703e-06;-8.13896e-06;-2.87216e-06;-8.18001e-06,-2.80524e-06;-8.19185e-06;-2.92126e-06;-2.9065e-06;-8.13571e-06;-8.13394e-06;-2.89982e-06;-8.17465e-06,3.3;-1.99562e-06;-1.65407e-06;-1.64692e-06;-1.94423e-06;3.3;-1.62847e-06;3.3,-1.80369e-06;3.3;3.3;3.3;3.3;-2.0374e-06;3.3;-2.03878e-06,RETRY_5NS;RETRY_5NS;RETRY_5NS;RETRY_5NS;RETRY_5NS;RETRY_5NS;RETRY_5NS;RETRY_5NS,8,8,10000101,133,122,1000010,7,132,122,133,INFERRED_AT_DAC_BRIDGE_OUTPUT,10000101,133,10000101,133,10000101,133,10000101,133,True,True
MC200_CMP_XM5_XM6_W8P2524_XM7_XM11_W16P8587_S005_LOW_W4,64,-2.96323e-06;-8.39846e-06;-2.81869e-06;-3.03955e-06;-8.013e-06;-8.34405e-06;-2.87218e-06;-8.01331e-06,-2.99167e-06;-8.38095e-06;-2.8472e-06;-3.06712e-06;-8.01597e-06;-8.33945e-06;-2.90002e-06;-8.01335e-06,3.3;3.3;3.3;-1.66389e-06;-1.93926e-06;-1.96489e-06;-1.63808e-06;-1.92833e-06,-1.83845e-06;-2.09646e-06;-1.71492e-06;3.3;3.3;3.3;3.3;3.3,RETRY_5NS;RETRY_5NS;RETRY_5NS;RETRY_5NS;RETRY_5NS;RETRY_5NS;RETRY_5NS;RETRY_5NS,8,8,11100000,224,31,1110000,7,224,30,224,INFERRED_AT_DAC_BRIDGE_OUTPUT,11100000,224,11100000,224,11100000,224,11100000,224,True,True
MC200_CMP_XM5_XM6_W8P2524_XM7_XM11_W16P8587_S005_LOW_W4,65,-3.15673e-06;-8.64776e-06;-3.01361e-06;-3.22626e-06;-8.26548e-06;-8.59583e-06;-3.20132e-06;-7.46384e-06,-3.18581e-06;-8.62355e-06;-3.04287e-06;-3.25461e-06;-8.25486e-06;-8.57936e-06;-3.22933e-06;-7.45477e-06,3.3;3.3;3.3;-1.66654e-06;3.3;3.3;3.3;3.3,-1.87655e-06;-2.12746e-06;-1.74252e-06;3.3;-2.0531e-06;-2.08245e-06;-1.74294e-06;-2.09428e-06,RETRY_5NS;RETRY_5NS;RETRY_5NS;RETRY_5NS;RETRY_5NS;RETRY_5NS;RETRY_5NS;RETRY_5NS,8,8,11101111,239,16,1110111,7,238,16,239,INFERRED_AT_DAC_BRIDGE_OUTPUT,11101111,239,11101111,239,11101111,239,11101111,239,True,True
MC200_CMP_XM5_XM6_W8P2524_XM7_XM11_W16P8587_S005_LOW_W4,66,-3.08817e-06;-8.5579e-06;-2.79372e-06;-3.16356e-06;-8.18131e-06;-8.06842e-06;-2.99983e-06;-8.17904e-06,-3.11707e-06;-8.53875e-06;-2.82188e-06;-3.19109e-06;-8.17393e-06;-8.05416e-06;-3.02794e-06;-8.17566e-06,3.3;3.3;-1.65566e-06;-1.67311e-06;3.3;3.3;-1.65091e-06;-1.94301e-06,-1.84445e-06;-2.11002e-06;3.3;3.3;-2.04439e-06;-2.07154e-06;3.3;3.3,RETRY_5NS;RETRY_5NS;RETRY_5NS;RETRY_5NS;RETRY_5NS;RETRY_5NS;RETRY_5NS;RETRY_5NS,8,8,11001100,204,51,1100110,7,204,50,204,INFERRED_AT_DAC_BRIDGE_OUTPUT,11001100,204,11001100,204,11001100,204,11001100,204,True,True
MC200_CMP_XM5_XM6_W8P2524_XM7_XM11_W16P8587_S005_LOW_W4,67,-2.90664e-06;-8.35162e-06;-2.79936e-06;-3.00649e-06;-7.97154e-06;-8.30461e-06;-2.84025e-06;-7.97182e-06,-2.93495e-06;-8.35305e-06;-2.82652e-06;-3.03378e-06;-7.97326e-06;-8.29617e-06;-2.86785e-06;-7.97285e-06,3.3;-2.01106e-06;-1.64497e-06;-1.66031e-06;-1.9293e-06;3.3;3.3;-1.92586e-06,-1.81727e-06;3.3;3.3;3.3;3.3;-2.05192e-06;-1.70025e-06;3.3,RETRY_5NS;RETRY_5NS;RETRY_5NS;RETRY_5NS;RETRY_5NS;RETRY_5NS;RETRY_5NS;RETRY_5NS,8,8,10000110,134,121,1000011,7,134,120,134,INFERRED_AT_DAC_BRIDGE_OUTPUT,10000110,134,10000110,134,10000110,134,10000110,134,True,True
MC200_CMP_XM5_XM6_W8P2524_XM7_XM11_W16P8587_S006_LOW_W4,0,-2.87538e-06;-8.24305e-06;-2.95526e-06;-3.13741e-06;-8.7739e-06;-8.18856e-06;-2.94485e-06;-8.23001e-06,-2.81337e-06;-8.22913e-06;-2.89285e-06;-3.0745e-06;-8.75613e-06;-8.18273e-06;-2.88175e-06;-8.22371e-06,3.3;3.3;3.3;-1.69865e-06;-1.99787e-06;-1.99901e-06;-1.68018e-06;-1.9905e-06,-1.76214e-06;-2.01056e-06;-1.66829e-06;3.3;3.3;3.3;3.3;3.3,RETRY_5NS;RETRY_5NS;RETRY_5NS;RETRY_5NS;RETRY_5NS;RETRY_5NS;RETRY_5NS;RETRY_5NS,8,8,11100000,224,31,1110000,7,224,30,224,INFERRED_AT_DAC_BRIDGE_OUTPUT,11100000,224,11100000,224,11100000,224,11100000,224,True,True
MC200_CMP_XM5_XM6_W8P2524_XM7_XM11_W16P8587_S006_LOW_W4,1,-2.9798e-06;-8.65222e-06;-3.05568e-06;-3.04442e-06;-8.30879e-06;-8.30915e-06;-3.04099e-06;-8.88459e-06,-2.91598e-06;-8.63969e-06;-2.99191e-06;-2.9804e-06;-8.31323e-06;-8.31195e-06;-2.97594e-06;-8.87194e-06,3.3;3.3;3.3;3.3;-2.01527e-06;-2.01148e-06;-1.69384e-06;-2.00749e-06,-1.78942e-06;-2.02563e-06;-1.68516e-06;-1.66835e-06;3.3;3.3;3.3;3.3,RETRY_5NS;RETRY_5NS;RETRY_5NS;RETRY_5NS;RETRY_5NS;RETRY_5NS;RETRY_5NS;RETRY_5NS,8,8,11110000,240,15,1111000,7,240,14,240,INFERRED_AT_DAC_BRIDGE_OUTPUT,11110000,240,11110000,240,11110000,240,11110000,240,True,True
MC200_CMP_XM5_XM6_W8P2524_XM7_XM11_W16P8587_S006_LOW_W4,2,-3.16089e-06;-9.98284e-06;-3.24797e-06;-3.23706e-06;-8.55401e-06;-8.55225e-06;-3.23295e-06;-8.5924e-06,-3.09333e-06;-9.95822e-06;-3.17869e-06;-3.16776e-06;-8.56589e-06;-8.5672e-06;-3.16417e-06;-8.61069e-06,3.3;3.3;-1.7269e-06;-1.71677e-06;3.3;3.3;-1.71222e-06;-2.02676e-06,-1.78669e-06;-2.03643e-06;3.3;3.3;-2.00894e-06;-1.99994e-06;3.3;3.3,RETRY_5NS;RETRY_5NS;RETRY_5NS;RETRY_5NS;RETRY_5NS;RETRY_5NS;RETRY_5NS;RETRY_5NS,8,8,11001100,204,51,1100110,7,204,50,204,INFERRED_AT_DAC_BRIDGE_OUTPUT,11001100,204,11001100,204,11001100,204,11001100,204,True,True
MC200_CMP_XM5_XM6_W8P2524_XM7_XM11_W16P8587_S006_LOW_W4,3,-3.01064e-06;-8.43709e-06;-3.12497e-06;-3.11156e-06;-8.38984e-06;-8.39233e-06;-3.10436e-06;-8.43075e-06,-2.94553e-06;-8.4544e-06;-3.05822e-06;-3.04453e-06;-8.39641e-06;-8.39477e-06;-3.0391e-06;-8.43939e-06,3.3;-2.06875e-06;-1.71394e-06;-1.7085e-06;-2.01495e-06;3.3;3.3;-2.01524e-06,-1.76358e-06;3.3;3.3;3.3;3.3;-1.98992e-06;-1.67212e-06;3.3,RETRY_5NS;RETRY_5NS;RETRY_5NS;RETRY_5NS;RETRY_5NS;RETRY_5NS;RETRY_5NS;RETRY_5NS,8,8,10000110,134,121,1000011,7,134,120,134,INFERRED_AT_DAC_BRIDGE_OUTPUT,10000110,134,10000110,134,10000110,134,10000110,134,True,True
MC200_CMP_XM5_XM6_W8P2524_XM7_XM11_W16P8587_S006_LOW_W4,64,-3.00341e-06;-8.4033e-06;-2.85973e-06;-3.31999e-06;-7.96771e-06;-8.3494e-06;-2.91283e-06;-8.02871e-06,-2.93881e-06;-8.39947e-06;-2.79952e-06;-3.25453e-06;-7.953e-06;-8.35474e-06;-2.85036e-06;-8.00878e-06,3.3;3.3;3.3;-1.71345e-06;-1.98698e-06;-2.01427e-06;-1.67791e-06;-1.96857e-06,-1.77647e-06;-2.02582e-06;-1.65733e-06;3.3;3.3;3.3;3.3;3.3,RETRY_5NS;RETRY_5NS;RETRY_5NS;RETRY_5NS;RETRY_5NS;RETRY_5NS;RETRY_5NS;RETRY_5NS,8,8,11100000,224,31,1110000,7,224,30,224,INFERRED_AT_DAC_BRIDGE_OUTPUT,11100000,224,11100000,224,11100000,224,11100000,224,True,True
MC200_CMP_XM5_XM6_W8P2524_XM7_XM11_W16P8587_S006_LOW_W4,65,-3.10717e-06;-7.96283e-06;-2.9607e-06;-3.17205e-06;-8.14813e-06;-8.46998e-06;-3.00896e-06;-8.14873e-06,-3.04077e-06;-7.97775e-06;-2.89883e-06;-3.10549e-06;-8.14123e-06;-8.4839e-06;-2.94455e-06;-8.13863e-06,3.3;3.3;3.3;3.3;-1.99954e-06;-2.02669e-06;-1.6899e-06;-2.0277e-06,-1.80285e-06;-2.04839e-06;-1.67518e-06;-1.681e-06;3.3;3.3;3.3;3.3,RETRY_5NS;RETRY_5NS;RETRY_5NS;RETRY_5NS;RETRY_5NS;RETRY_5NS;RETRY_5NS;RETRY_5NS,8,8,11110000,240,15,1111000,7,240,14,240,INFERRED_AT_DAC_BRIDGE_OUTPUT,11110000,240,11110000,240,11110000,240,11110000,240,True,True
MC200_CMP_XM5_XM6_W8P2524_XM7_XM11_W16P8587_S006_LOW_W4,66,-3.28905e-06;-8.51052e-06;-3.15289e-06;-3.36463e-06;-8.39294e-06;-8.71318e-06;-3.20098e-06;-8.68138e-06,-3.21892e-06;-8.53486e-06;-3.08548e-06;-3.29285e-06;-8.39435e-06;-8.73908e-06;-3.13281e-06;-8.68071e-06,3.3;3.3;-1.71627e-06;-1.72937e-06;3.3;3.3;-1.70834e-06;-2.00963e-06,-1.80054e-06;-2.05565e-06;3.3;3.3;-1.99367e-06;-2.01512e-06;3.3;3.3,RETRY_5NS;RETRY_5NS;RETRY_5NS;RETRY_5NS;RETRY_5NS;RETRY_5NS;RETRY_5NS;RETRY_5NS,8,8,11001100,204,51,1100110,7,204,50,204,INFERRED_AT_DAC_BRIDGE_OUTPUT,11001100,204,11001100,204,11001100,204,11001100,204,True,True
MC200_CMP_XM5_XM6_W8P2524_XM7_XM11_W16P8587_S006_LOW_W4,67,-3.14051e-06;-8.59618e-06;-3.03024e-06;-3.23902e-06;-8.22893e-06;-8.55349e-06;-3.07239e-06;-8.22935e-06,-3.07283e-06;-8.62515e-06;-2.96535e-06;-3.16945e-06;-8.22459e-06;-8.56643e-06;-3.00774e-06;-8.22449e-06,3.3;-2.08509e-06;-1.70426e-06;-1.72132e-06;-2.00007e-06;3.3;3.3;-1.99615e-06,-1.77712e-06;3.3;3.3;3.3;3.3;-2.00595e-06;-1.66739e-06;3.3,RETRY_5NS;RETRY_5NS;RETRY_5NS;RETRY_5NS;RETRY_5NS;RETRY_5NS;RETRY_5NS;RETRY_5NS,8,8,10000110,134,121,1000011,7,134,120,134,INFERRED_AT_DAC_BRIDGE_OUTPUT,10000110,134,10000110,134,10000110,134,10000110,134,True,True
MC200_CMP_XM5_XM6_W8P2524_XM7_XM11_W16P8587_S007_LOW_W4,0,-3.09304e-06;-8.24188e-06;-3.05774e-06;-3.0552e-06;-8.18476e-06;-8.18467e-06;-3.04291e-06;-8.22428e-06,-3.05606e-06;-8.23438e-06;-3.02451e-06;-3.02071e-06;-8.18789e-06;-8.18638e-06;-3.00871e-06;-8.22396e-06,3.3;3.3;3.3;-1.66963e-06;-1.97641e-06;-1.97294e-06;-1.65707e-06;3.3,-1.7114e-06;-1.94442e-06;-1.61296e-06;3.3;3.3;3.3;3.3;-1.90603e-06,RETRY_5NS;RETRY_5NS;RETRY_5NS;RETRY_5NS;RETRY_5NS;RETRY_5NS;RETRY_5NS;RETRY_5NS,8,8,11100001,225,30,1110000,7,224,30,225,INFERRED_AT_DAC_BRIDGE_OUTPUT,11100001,225,11100001,225,11100001,225,11100001,225,True,True
MC200_CMP_XM5_XM6_W8P2524_XM7_XM11_W16P8587_S007_LOW_W4,1,-3.13024e-06;-8.43617e-06;-3.21849e-06;-3.20336e-06;-8.37688e-06;-8.37702e-06;-3.1979e-06;-8.41619e-06,-3.09591e-06;-8.43374e-06;-3.18439e-06;-3.16908e-06;-8.38723e-06;-8.38564e-06;-3.16303e-06;-8.4238e-06,3.3;3.3;3.3;3.3;-1.99654e-06;-1.99246e-06;-1.67591e-06;-1.98562e-06,-1.73756e-06;-1.9682e-06;-1.63507e-06;-1.62204e-06;3.3;3.3;3.3;3.3,RETRY_5NS;RETRY_5NS;RETRY_5NS;RETRY_5NS;RETRY_5NS;RETRY_5NS;RETRY_5NS;RETRY_5NS,8,8,11110000,240,15,1111000,7,240,14,240,INFERRED_AT_DAC_BRIDGE_OUTPUT,11110000,240,11110000,240,11110000,240,11110000,240,True,True
MC200_CMP_XM5_XM6_W8P2524_XM7_XM11_W16P8587_S007_LOW_W4,2,-3.11646e-06;-8.77651e-06;-3.22063e-06;-3.20461e-06;-8.38077e-06;-8.37875e-06;-3.19783e-06;-8.37833e-06,-3.08222e-06;-8.77388e-06;-3.18522e-06;-3.16878e-06;-8.38254e-06;-8.38323e-06;-3.16301e-06;-8.38337e-06,3.3;3.3;-1.6893e-06;-1.67867e-06;3.3;3.3;-1.67295e-06;3.3,-1.71499e-06;-1.95903e-06;3.3;3.3;-1.92883e-06;-1.92216e-06;3.3;-1.92239e-06,RETRY_5NS;RETRY_5NS;RETRY_5NS;RETRY_5NS;RETRY_5NS;RETRY_5NS;RETRY_5NS;RETRY_5NS,8,8,11001101,205,50,1100110,7,204,50,205,INFERRED_AT_DAC_BRIDGE_OUTPUT,11001101,205,11001101,205,11001101,205,11001101,205,True,True
MC200_CMP_XM5_XM6_W8P2524_XM7_XM11_W16P8587_S007_LOW_W4,3,-2.99185e-06;-8.31427e-06;-3.13374e-06;-3.11471e-06;-8.26193e-06;-8.2643e-06;-3.15262e-06;-8.90275e-06,-2.95806e-06;-8.32615e-06;-3.09901e-06;-3.07955e-06;-8.26495e-06;-8.26345e-06;-3.11928e-06;-8.90119e-06,3.3;-2.02719e-06;-1.68019e-06;-1.67259e-06;-1.97535e-06;3.3;3.3;-1.96603e-06,-1.69646e-06;3.3;3.3;3.3;3.3;-1.91506e-06;-1.61251e-06;3.3,RETRY_5NS;RETRY_5NS;RETRY_5NS;RETRY_5NS;RETRY_5NS;RETRY_5NS;RETRY_5NS;RETRY_5NS,8,8,10000110,134,121,1000011,7,134,120,134,INFERRED_AT_DAC_BRIDGE_OUTPUT,10000110,134,10000110,134,10000110,134,10000110,134,True,True
MC200_CMP_XM5_XM6_W8P2524_XM7_XM11_W16P8587_S007_LOW_W4,64,-3.0889e-06;-8.3949e-06;-2.96552e-06;-3.17844e-06;-8.03105e-06;-8.33858e-06;-3.01193e-06;-8.03161e-06,-3.05457e-06;-8.39174e-06;-2.93291e-06;-3.14312e-06;-8.02864e-06;-8.34557e-06;-2.97791e-06;-8.02483e-06,3.3;3.3;3.3;-1.68228e-06;-1.9608e-06;-1.98642e-06;-1.65389e-06;3.3,-1.71866e-06;-1.95987e-06;-1.60384e-06;3.3;3.3;3.3;3.3;-1.88815e-06,RETRY_5NS;RETRY_5NS;RETRY_5NS;RETRY_5NS;RETRY_5NS;RETRY_5NS;RETRY_5NS;RETRY_5NS,8,8,11100001,225,30,1110000,7,224,30,225,INFERRED_AT_DAC_BRIDGE_OUTPUT,11100001,225,11100001,225,11100001,225,11100001,225,True,True
MC200_CMP_XM5_XM6_W8P2524_XM7_XM11_W16P8587_S007_LOW_W4,65,-3.25361e-06;-8.58892e-06;-3.12685e-06;-3.3269e-06;-8.22319e-06;-8.53089e-06;-3.1669e-06;-8.22341e-06,-3.21843e-06;-8.5908e-06;-3.09335e-06;-3.29177e-06;-8.22805e-06;-8.54505e-06;-3.13221e-06;-8.22476e-06,3.3;3.3;3.3;3.3;-1.98116e-06;-2.00861e-06;-1.67274e-06;-2.00617e-06,-1.75109e-06;-1.9827e-06;-1.62572e-06;-1.63417e-06;3.3;3.3;3.3;3.3,RETRY_5NS;RETRY_5NS;RETRY_5NS;RETRY_5NS;RETRY_5NS;RETRY_5NS;RETRY_5NS;RETRY_5NS,8,8,11110000,240,15,1111000,7,240,14,240,INFERRED_AT_DAC_BRIDGE_OUTPUT,11110000,240,11110000,240,11110000,240,11110000,240,True,True
MC200_CMP_XM5_XM6_W8P2524_XM7_XM11_W16P8587_S007_LOW_W4,66,-3.24095e-06;-8.03682e-06;-3.12874e-06;-3.32816e-06;-8.22652e-06;-8.53278e-06;-3.16699e-06;-8.22385e-06,-3.20588e-06;-8.04531e-06;-3.09394e-06;-3.2915e-06;-8.22369e-06;-8.5424e-06;-3.13195e-06;-8.22438e-06,3.3;3.3;-1.67992e-06;-1.69145e-06;3.3;3.3;-1.67069e-06;3.3,-1.72829e-06;-1.97994e-06;3.3;3.3;-1.91397e-06;-1.93633e-06;3.3;-1.89662e-06,RETRY_5NS;RETRY_5NS;RETRY_5NS;RETRY_5NS;RETRY_5NS;RETRY_5NS;RETRY_5NS;RETRY_5NS,8,8,11001101,205,50,1100110,7,204,50,205,INFERRED_AT_DAC_BRIDGE_OUTPUT,11001101,205,11001101,205,11001101,205,11001101,205,True,True
MC200_CMP_XM5_XM6_W8P2524_XM7_XM11_W16P8587_S007_LOW_W4,67,-3.1182e-06;-8.46614e-06;-3.04215e-06;-3.23811e-06;-8.10794e-06;-8.41841e-06;-3.14222e-06;-8.10776e-06,-3.08357e-06;-8.48396e-06;-3.00804e-06;-3.20211e-06;-8.10586e-06;-8.42245e-06;-3.10892e-06;-8.10533e-06,3.3;-2.04399e-06;-1.66965e-06;-1.68605e-06;-1.9602e-06;3.3;3.3;-1.95464e-06,-1.70881e-06;3.3;3.3;3.3;3.3;-1.92926e-06;-1.60673e-06;3.3,RETRY_5NS;RETRY_5NS;RETRY_5NS;RETRY_5NS;RETRY_5NS;RETRY_5NS;RETRY_5NS;RETRY_5NS,8,8,10000110,134,121,1000011,7,134,120,134,INFERRED_AT_DAC_BRIDGE_OUTPUT,10000110,134,10000110,134,10000110,134,10000110,134,True,True
MC200_CMP_XM5_XM6_W8P2524_XM7_XM11_W16P8587_S008_LOW_W4,0,-3.02737e-06;-8.32455e-06;-3.13418e-06;-3.13147e-06;-8.26472e-06;-8.26263e-06;-3.11459e-06;-8.30237e-06,-3.11705e-06;-8.30334e-06;-3.22623e-06;-3.22355e-06;-8.2514e-06;-8.25084e-06;-3.20692e-06;-8.28797e-06,3.3;3.3;-1.66745e-06;3.3;3.3;3.3;3.3;3.3,-1.74745e-06;-1.9931e-06;3.3;-1.65631e-06;-1.9603e-06;-1.95451e-06;-1.64659e-06;-1.95001e-06,RETRY_5NS;RETRY_5NS;RETRY_5NS;RETRY_5NS;RETRY_5NS;RETRY_5NS;RETRY_5NS;RETRY_5NS,8,8,11011111,223,32,1101111,7,222,32,223,INFERRED_AT_DAC_BRIDGE_OUTPUT,11011111,223,11011111,223,11011111,223,11011111,223,True,True
MC200_CMP_XM5_XM6_W8P2524_XM7_XM11_W16P8587_S008_LOW_W4,1,-3.15501e-06;-8.49409e-06;-3.25638e-06;-3.23789e-06;-8.43126e-06;-8.4292e-06;-3.45074e-06;-8.46905e-06,-3.24868e-06;-8.4539e-06;-3.35219e-06;-3.33247e-06;-8.39993e-06;-8.39966e-06;-3.54502e-06;-8.43727e-06,3.3;3.3;3.3;-1.67652e-06;3.3;3.3;3.3;-1.98625e-06,-1.77542e-06;-2.01256e-06;-1.67399e-06;3.3;-1.97437e-06;-1.96932e-06;-1.65834e-06;3.3,RETRY_5NS;RETRY_5NS;RETRY_5NS;RETRY_5NS;RETRY_5NS;RETRY_5NS;RETRY_5NS;RETRY_5NS,8,8,11101110,238,17,1110111,7,238,16,238,INFERRED_AT_DAC_BRIDGE_OUTPUT,11101110,238,11101110,238,11101110,238,11101110,238,True,True
MC200_CMP_XM5_XM6_W8P2524_XM7_XM11_W16P8587_S008_LOW_W4,2,-3.22515e-06;-8.60667e-06;-3.34534e-06;-3.58665e-06;-8.55474e-06;-8.55234e-06;-3.59652e-06;-8.59449e-06,-3.32139e-06;-8.55536e-06;-3.44283e-06;-3.68204e-06;-8.51133e-06;-8.5125e-06;-3.69386e-06;-8.54908e-06,3.3;3.3;-1.69785e-06;-1.69595e-06;3.3;-1.99664e-06;3.3;3.3,-1.76264e-06;-2.0156e-06;3.3;3.3;-1.98206e-06;3.3;-1.66735e-06;-1.96733e-06,RETRY_5NS;RETRY_5NS;RETRY_5NS;RETRY_5NS;RETRY_5NS;RETRY_5NS;RETRY_5NS;RETRY_5NS,8,8,11001011,203,52,1100101,7,202,52,203,INFERRED_AT_DAC_BRIDGE_OUTPUT,11001011,203,11001011,203,11001011,203,11001011,203,True,True
MC200_CMP_XM5_XM6_W8P2524_XM7_XM11_W16P8587_S008_LOW_W4,3,-3.18962e-06;-8.61068e-06;-3.35098e-06;-3.32838e-06;-8.55186e-06;-8.55335e-06;-3.31609e-06;-8.59439e-06,-3.28516e-06;-8.57633e-06;-3.44858e-06;-3.42521e-06;-8.51373e-06;-8.51182e-06;-3.41326e-06;-8.54915e-06,3.3;-2.04802e-06;-1.69742e-06;-1.69051e-06;-1.99958e-06;3.3;-1.68424e-06;-1.9954e-06,-1.75456e-06;3.3;3.3;3.3;3.3;-1.97771e-06;3.3;3.3,RETRY_5NS;RETRY_5NS;RETRY_5NS;RETRY_5NS;RETRY_5NS;RETRY_5NS;RETRY_5NS;RETRY_5NS,8,8,10000100,132,123,1000010,7,132,122,132,INFERRED_AT_DAC_BRIDGE_OUTPUT,10000100,132,10000100,132,10000100,132,10000100,132,True,True
MC200_CMP_XM5_XM6_W8P2524_XM7_XM11_W16P8587_S008_LOW_W4,64,-3.14281e-06;-8.49018e-06;-3.04889e-06;-3.24552e-06;-8.09777e-06;-8.42963e-06;-3.08583e-06;-8.09361e-06,-3.23609e-06;-8.45033e-06;-3.13828e-06;-3.34121e-06;-8.10277e-06;-8.39968e-06;-3.17724e-06;-8.1015e-06,3.3;3.3;-1.65653e-06;3.3;3.3;3.3;3.3;3.3,-1.7613e-06;-2.00868e-06;3.3;-1.66853e-06;-1.94508e-06;-1.97034e-06;-1.64288e-06;-1.92788e-06,RETRY_5NS;RETRY_5NS;RETRY_5NS;RETRY_5NS;RETRY_5NS;RETRY_5NS;RETRY_5NS;RETRY_5NS,8,8,11011111,223,32,1101111,7,222,32,223,INFERRED_AT_DAC_BRIDGE_OUTPUT,11011111,223,11011111,223,11011111,223,11011111,223,True,True
MC200_CMP_XM5_XM6_W8P2524_XM7_XM11_W16P8587_S008_LOW_W4,65,-3.26933e-06;-8.65937e-06;-3.17162e-06;-3.35223e-06;-7.7221e-06;-8.59623e-06;-3.26663e-06;-8.23065e-06,-3.36658e-06;-8.60049e-06;-3.26471e-06;-3.4504e-06;-7.69158e-06;-8.54853e-06;-3.36331e-06;-8.22048e-06,3.3;3.3;3.3;-1.68895e-06;3.3;3.3;3.3;-2.00736e-06,-1.7885e-06;-2.02932e-06;-1.66434e-06;3.3;-1.96767e-06;-1.98402e-06;-1.65651e-06;3.3,RETRY_5NS;RETRY_5NS;RETRY_5NS;RETRY_5NS;RETRY_5NS;RETRY_5NS;RETRY_5NS;RETRY_5NS,8,8,11101110,238,17,1110111,7,238,16,238,INFERRED_AT_DAC_BRIDGE_OUTPUT,11101110,238,11101110,238,11101110,238,11101110,238,True,True
MC200_CMP_XM5_XM6_W8P2524_XM7_XM11_W16P8587_S008_LOW_W4,66,-3.34047e-06;-8.77241e-06;-3.2604e-06;-3.65344e-06;-8.38785e-06;-8.7192e-06;-3.50393e-06;-8.38572e-06,-3.44031e-06;-8.70267e-06;-3.35528e-06;-3.75261e-06;-8.36257e-06;-8.66159e-06;-3.60105e-06;-8.36261e-06,3.3;3.3;-1.68816e-06;-1.70862e-06;3.3;-2.01224e-06;3.3;-1.97354e-06,-1.7763e-06;-2.03188e-06;3.3;3.3;-1.96745e-06;3.3;-1.66364e-06;3.3,RETRY_5NS;RETRY_5NS;RETRY_5NS;RETRY_5NS;RETRY_5NS;RETRY_5NS;RETRY_5NS;RETRY_5NS,8,8,11001010,202,53,1100101,7,202,52,202,INFERRED_AT_DAC_BRIDGE_OUTPUT,11001010,202,11001010,202,11001010,202,11001010,202,True,True
MC200_CMP_XM5_XM6_W8P2524_XM7_XM11_W16P8587_S008_LOW_W4,67,-3.30733e-06;-8.77493e-06;-3.26648e-06;-3.44256e-06;-8.38515e-06;-8.72019e-06;-3.28714e-06;-8.38572e-06,-3.40649e-06;-8.72351e-06;-3.3615e-06;-3.54291e-06;-8.36482e-06;-8.66085e-06;-3.38384e-06;-8.36263e-06,3.3;-2.06305e-06;-1.68782e-06;-1.70395e-06;-1.98456e-06;3.3;-1.68016e-06;-1.97512e-06,-1.76736e-06;3.3;3.3;3.3;3.3;-1.99173e-06;3.3;3.3,RETRY_5NS;RETRY_5NS;RETRY_5NS;RETRY_5NS;RETRY_5NS;RETRY_5NS;RETRY_5NS;RETRY_5NS,8,8,10000100,132,123,1000010,7,132,122,132,INFERRED_AT_DAC_BRIDGE_OUTPUT,10000100,132,10000100,132,10000100,132,10000100,132,True,True
MC200_CMP_XM5_XM6_W8P2524_XM7_XM11_W16P8587_S009_LOW_W4,0,-2.83356e-06;-8.36399e-06;-3.01965e-06;-3.01836e-06;-8.31137e-06;-8.31235e-06;-2.77768e-06;-8.35435e-06,-2.84791e-06;-8.34143e-06;-3.03522e-06;-3.03185e-06;-8.30303e-06;-8.30153e-06;-2.79229e-06;-8.33966e-06,3.3;3.3;3.3;-1.73806e-06;-2.05748e-06;-2.05169e-06;-1.7187e-06;3.3,-1.77716e-06;-2.02888e-06;-1.68499e-06;3.3;3.3;3.3;3.3;-1.98804e-06,RETRY_5NS;RETRY_5NS;RETRY_5NS;RETRY_5NS;RETRY_5NS;RETRY_5NS;RETRY_5NS;RETRY_5NS,8,8,11100001,225,30,1110000,7,224,30,225,INFERRED_AT_DAC_BRIDGE_OUTPUT,11100001,225,11100001,225,11100001,225,11100001,225,True,True
MC200_CMP_XM5_XM6_W8P2524_XM7_XM11_W16P8587_S009_LOW_W4,1,-2.92333e-06;-8.32551e-06;-2.9923e-06;-2.98252e-06;-8.27091e-06;-8.27148e-06;-2.97998e-06;-8.31348e-06,-2.93751e-06;-8.30391e-06;-3.0075e-06;-2.99735e-06;-8.26384e-06;-8.26279e-06;-2.99373e-06;-8.30041e-06,3.3;3.3;3.3;3.3;-2.05417e-06;-2.04829e-06;-1.72443e-06;-2.04364e-06,-1.79357e-06;-2.0314e-06;-1.68825e-06;-1.67466e-06;3.3;3.3;3.3;3.3,RETRY_5NS;RETRY_5NS;RETRY_5NS;RETRY_5NS;RETRY_5NS;RETRY_5NS;RETRY_5NS;RETRY_5NS,8,8,11110000,240,15,1111000,7,240,14,240,INFERRED_AT_DAC_BRIDGE_OUTPUT,11110000,240,11110000,240,11110000,240,11110000,240,True,True
MC200_CMP_XM5_XM6_W8P2524_XM7_XM11_W16P8587_S009_LOW_W4,2,-2.97914e-06;-8.39961e-06;-3.05764e-06;-3.04814e-06;-8.82937e-06;-7.518e-06;-3.045e-06;-8.3947e-06,-2.99378e-06;-8.37775e-06;-3.07152e-06;-3.06267e-06;-8.81594e-06;-7.49605e-06;-3.05973e-06;-8.37918e-06,3.3;3.3;-1.74849e-06;-1.7377e-06;3.3;3.3;-1.72922e-06;3.3,-1.77489e-06;-2.02987e-06;3.3;3.3;-1.99282e-06;-1.99826e-06;3.3;-1.98828e-06,RETRY_5NS;RETRY_5NS;RETRY_5NS;RETRY_5NS;RETRY_5NS;RETRY_5NS;RETRY_5NS;RETRY_5NS,8,8,11001101,205,50,1100110,7,204,50,205,INFERRED_AT_DAC_BRIDGE_OUTPUT,11001101,205,11001101,205,11001101,205,11001101,205,True,True
MC200_CMP_XM5_XM6_W8P2524_XM7_XM11_W16P8587_S009_LOW_W4,3,-2.8948e-06;-8.31705e-06;-2.99612e-06;-2.98499e-06;-8.27172e-06;-8.27455e-06;-2.97952e-06;-8.31359e-06,-2.90859e-06;-8.31382e-06;-3.00953e-06;-2.99797e-06;-8.26117e-06;-8.26003e-06;-2.99432e-06;-8.30034e-06,3.3;-2.10064e-06;-1.74015e-06;-1.73304e-06;-2.04412e-06;3.3;3.3;3.3,-1.75742e-06;3.3;3.3;3.3;3.3;-1.98653e-06;-1.67172e-06;-1.97599e-06,RETRY_5NS;RETRY_5NS;RETRY_5NS;RETRY_5NS;RETRY_5NS;RETRY_5NS;RETRY_5NS;RETRY_5NS,8,8,10000111,135,120,1000011,7,134,120,135,INFERRED_AT_DAC_BRIDGE_OUTPUT,10000111,135,10000111,135,10000111,135,10000111,135,True,True
MC200_CMP_XM5_XM6_W8P2524_XM7_XM11_W16P8587_S009_LOW_W4,64,-3.07921e-06;-8.52532e-06;-2.92229e-06;-3.14829e-06;-8.14971e-06;-8.4743e-06;-2.97972e-06;-8.15184e-06,-3.09432e-06;-8.49767e-06;-2.93709e-06;-3.16282e-06;-8.14532e-06;-8.45909e-06;-2.99398e-06;-8.14248e-06,3.3;3.3;3.3;-1.7507e-06;-2.04176e-06;-2.0686e-06;-1.72152e-06;3.3,-1.79426e-06;-2.04361e-06;-1.67541e-06;3.3;3.3;3.3;3.3;-1.96823e-06,RETRY_5NS;RETRY_5NS;RETRY_5NS;RETRY_5NS;RETRY_5NS;RETRY_5NS;RETRY_5NS;RETRY_5NS,8,8,11100001,225,30,1110000,7,224,30,225,INFERRED_AT_DAC_BRIDGE_OUTPUT,11100001,225,11100001,225,11100001,225,11100001,225,True,True
MC200_CMP_XM5_XM6_W8P2524_XM7_XM11_W16P8587_S009_LOW_W4,65,-3.05309e-06;-8.48666e-06;-2.89522e-06;-3.11271e-06;-8.10927e-06;-8.43329e-06;-2.94733e-06;-8.11103e-06,-3.06824e-06;-8.45992e-06;-2.9097e-06;-3.12852e-06;-8.10617e-06;-8.42052e-06;-2.96083e-06;-8.10316e-06,3.3;3.3;3.3;3.3;-2.03777e-06;-2.06507e-06;-1.72031e-06;3.3,-1.8071e-06;-2.0467e-06;-1.67809e-06;-1.68675e-06;3.3;3.3;3.3;-1.99121e-06,RETRY_5NS;RETRY_5NS;RETRY_5NS;RETRY_5NS;RETRY_5NS;RETRY_5NS;RETRY_5NS;RETRY_5NS,8,8,11110001,241,14,1111000,7,240,14,241,INFERRED_AT_DAC_BRIDGE_OUTPUT,11110001,241,11110001,241,11110001,241,11110001,241,True,True
MC200_CMP_XM5_XM6_W8P2524_XM7_XM11_W16P8587_S009_LOW_W4,66,-3.10958e-06;-8.56092e-06;-2.96051e-06;-3.1783e-06;-9.28369e-06;-8.51634e-06;-3.01236e-06;-8.1922e-06,-3.12522e-06;-8.53415e-06;-2.9736e-06;-3.19393e-06;-9.28181e-06;-8.49694e-06;-3.02684e-06;-8.18197e-06,3.3;3.3;-1.73742e-06;-1.75075e-06;3.3;3.3;-1.72619e-06;3.3,-1.789e-06;-2.04617e-06;3.3;3.3;-1.97452e-06;-2.00471e-06;3.3;-1.96986e-06,RETRY_5NS;RETRY_5NS;RETRY_5NS;RETRY_5NS;RETRY_5NS;RETRY_5NS;RETRY_5NS;RETRY_5NS,8,8,11001101,205,50,1100110,7,204,50,205,INFERRED_AT_DAC_BRIDGE_OUTPUT,11001101,205,11001101,205,11001101,205,11001101,205,True,True
MC200_CMP_XM5_XM6_W8P2524_XM7_XM11_W16P8587_S009_LOW_W4,67,-3.02678e-06;-8.47734e-06;-2.89927e-06;-3.11512e-06;-8.10981e-06;-8.43657e-06;-2.94687e-06;-8.11106e-06,-3.04157e-06;-8.47058e-06;-2.91188e-06;-3.12914e-06;-8.10356e-06;-8.41749e-06;-2.96144e-06;-8.10314e-06,3.3;-2.11682e-06;-1.73148e-06;-1.74719e-06;-2.02883e-06;3.3;3.3;3.3,-1.7717e-06;3.3;3.3;3.3;3.3;-2.00051e-06;-1.66863e-06;-1.95694e-06,RETRY_5NS;RETRY_5NS;RETRY_5NS;RETRY_5NS;RETRY_5NS;RETRY_5NS;RETRY_5NS;RETRY_5NS,8,8,10000111,135,120,1000011,7,134,120,135,INFERRED_AT_DAC_BRIDGE_OUTPUT,10000111,135,10000111,135,10000111,135,10000111,135,True,True
MC200_CMP_XM5_XM6_W8P2524_XM7_XM11_W16P8587_S010_LOW_W4,0,-2.98854e-06;-8.25811e-06;-3.01371e-06;-3.01195e-06;-8.20164e-06;-8.20166e-06;-3.00107e-06;-8.24211e-06,-2.94646e-06;-8.25575e-06;-2.96998e-06;-2.96778e-06;-8.20948e-06;-8.20805e-06;-2.95688e-06;-8.24909e-06,3.3;3.3;3.3;-1.67733e-06;-1.98286e-06;-1.97961e-06;-1.66878e-06;-1.97645e-06,-1.82076e-06;-2.07252e-06;-1.71854e-06;3.3;3.3;3.3;3.3;3.3,RETRY_5NS;RETRY_5NS;RETRY_5NS;RETRY_5NS;RETRY_5NS;RETRY_5NS;RETRY_5NS;RETRY_5NS,8,8,11100000,224,31,1110000,7,224,30,224,INFERRED_AT_DAC_BRIDGE_OUTPUT,11100000,224,11100000,224,11100000,224,11100000,224,True,True
MC200_CMP_XM5_XM6_W8P2524_XM7_XM11_W16P8587_S010_LOW_W4,1,-2.99764e-06;-8.34067e-06;-3.08108e-06;-3.06825e-06;-8.28612e-06;-8.28474e-06;-3.06252e-06;-8.32324e-06,-2.95421e-06;-8.34242e-06;-3.03747e-06;-3.02338e-06;-8.2899e-06;-8.29007e-06;-3.01869e-06;-8.3332e-06,3.3;3.3;3.3;-1.67121e-06;3.3;3.3;3.3;3.3,-1.84108e-06;-2.08427e-06;-1.73485e-06;3.3;-2.04685e-06;-2.04209e-06;-1.7198e-06;-2.03954e-06,RETRY_5NS;RETRY_5NS;RETRY_5NS;RETRY_5NS;RETRY_5NS;RETRY_5NS;RETRY_5NS;RETRY_5NS,8,8,11101111,239,16,1110111,7,238,16,239,INFERRED_AT_DAC_BRIDGE_OUTPUT,11101111,239,11101111,239,11101111,239,11101111,239,True,True
MC200_CMP_XM5_XM6_W8P2524_XM7_XM11_W16P8587_S010_LOW_W4,2,-3.1096e-06;-8.49134e-06;-3.2076e-06;-3.35987e-06;-8.4452e-06;-7.53797e-06;-3.18721e-06;-8.48404e-06,-3.06397e-06;-8.50497e-06;-3.16007e-06;-3.31369e-06;-8.45985e-06;-7.57414e-06;-3.14111e-06;-8.50345e-06,3.3;3.3;-1.69967e-06;-1.69791e-06;3.3;-1.99488e-06;3.3;3.3,-1.83095e-06;-2.09205e-06;3.3;3.3;-2.05969e-06;3.3;-1.73424e-06;-2.05803e-06,RETRY_5NS;RETRY_5NS;RETRY_5NS;RETRY_5NS;RETRY_5NS;RETRY_5NS;RETRY_5NS;RETRY_5NS,8,8,11001011,203,52,1100101,7,202,52,203,INFERRED_AT_DAC_BRIDGE_OUTPUT,11001011,203,11001011,203,11001011,203,11001011,203,True,True
MC200_CMP_XM5_XM6_W8P2524_XM7_XM11_W16P8587_S010_LOW_W4,3,-3.05254e-06;-8.45242e-06;-3.31521e-06;-3.16502e-06;-8.402e-06;-8.40406e-06;-3.15648e-06;-8.44375e-06,-3.0074e-06;-8.47979e-06;-3.26343e-06;-3.11783e-06;-8.42014e-06;-8.41809e-06;-3.10993e-06;-8.46094e-06,3.3;-2.04715e-06;-1.70286e-06;-1.69214e-06;-1.9966e-06;3.3;-1.67621e-06;3.3,-1.81873e-06;3.3;3.3;3.3;3.3;-2.05225e-06;3.3;-2.05233e-06,RETRY_5NS;RETRY_5NS;RETRY_5NS;RETRY_5NS;RETRY_5NS;RETRY_5NS;RETRY_5NS;RETRY_5NS,8,8,10000101,133,122,1000010,7,132,122,133,INFERRED_AT_DAC_BRIDGE_OUTPUT,10000101,133,10000101,133,10000101,133,10000101,133,True,True
MC200_CMP_XM5_XM6_W8P2524_XM7_XM11_W16P8587_S010_LOW_W4,64,-3.05032e-06;-8.41778e-06;-2.92097e-06;-3.13582e-06;-8.04146e-06;-8.36203e-06;-2.96951e-06;-8.0413e-06,-3.00558e-06;-8.42433e-06;-2.87893e-06;-3.08939e-06;-8.03921e-06;-8.37826e-06;-2.92658e-06;-8.03612e-06,3.3;3.3;3.3;-1.68995e-06;-1.96775e-06;-1.99448e-06;-1.66267e-06;-1.95599e-06,-1.83205e-06;-2.08788e-06;-1.7089e-06;3.3;3.3;3.3;3.3;3.3,RETRY_5NS;RETRY_5NS;RETRY_5NS;RETRY_5NS;RETRY_5NS;RETRY_5NS;RETRY_5NS;RETRY_5NS,8,8,11100000,224,31,1110000,7,224,30,224,INFERRED_AT_DAC_BRIDGE_OUTPUT,11100000,224,11100000,224,11100000,224,11100000,224,True,True
MC200_CMP_XM5_XM6_W8P2524_XM7_XM11_W16P8587_S010_LOW_W4,65,-3.12175e-06;-8.50013e-06;-2.98846e-06;-3.19245e-06;-8.12536e-06;-8.4454e-06;-3.13859e-06;-8.1225e-06,-3.07603e-06;-8.51075e-06;-2.94656e-06;-3.14532e-06;-8.12005e-06;-8.46009e-06;-3.09583e-06;-8.12026e-06,3.3;3.3;3.3;-1.68451e-06;3.3;3.3;3.3;3.3,-1.85536e-06;-2.10139e-06;-1.72491e-06;3.3;-2.02912e-06;-2.05736e-06;-1.7208e-06;-2.06022e-06,RETRY_5NS;RETRY_5NS;RETRY_5NS;RETRY_5NS;RETRY_5NS;RETRY_5NS;RETRY_5NS;RETRY_5NS,8,8,11101111,239,16,1110111,7,238,16,239,INFERRED_AT_DAC_BRIDGE_OUTPUT,11101111,239,11101111,239,11101111,239,11101111,239,True,True
MC200_CMP_XM5_XM6_W8P2524_XM7_XM11_W16P8587_S010_LOW_W4,66,-3.2345e-06;-8.65095e-06;-3.11527e-06;-3.52798e-06;-8.28467e-06;-8.60368e-06;-3.15697e-06;-8.28226e-06,-3.18658e-06;-8.67376e-06;-3.06943e-06;-3.47684e-06;-8.2899e-06;-8.63166e-06;-3.10992e-06;-8.29173e-06,3.3;3.3;-1.69007e-06;-1.71166e-06;3.3;3.3;-1.68515e-06;-1.98081e-06,-1.84524e-06;-2.10865e-06;3.3;3.3;-2.04257e-06;-2.06193e-06;3.3;3.3,RETRY_5NS;RETRY_5NS;RETRY_5NS;RETRY_5NS;RETRY_5NS;RETRY_5NS;RETRY_5NS;RETRY_5NS,8,8,11001100,204,51,1100110,7,204,50,204,INFERRED_AT_DAC_BRIDGE_OUTPUT,11001100,204,11001100,204,11001100,204,11001100,204,True,True
MC200_CMP_XM5_XM6_W8P2524_XM7_XM11_W16P8587_S010_LOW_W4,67,-3.17947e-06;-8.61091e-06;-3.20677e-06;-3.28907e-06;-8.24167e-06;-8.56461e-06;-3.12531e-06;-8.24301e-06,-3.13201e-06;-8.64878e-06;-3.15626e-06;-3.2396e-06;-8.24988e-06;-8.58827e-06;-3.07933e-06;-8.24799e-06,3.3;-2.06313e-06;-1.69302e-06;-1.70284e-06;-1.98068e-06;3.3;-1.67051e-06;3.3,-1.83359e-06;3.3;3.3;3.3;3.3;-2.06826e-06;3.3;-2.0338e-06,RETRY_5NS;RETRY_5NS;RETRY_5NS;RETRY_5NS;RETRY_5NS;RETRY_5NS;RETRY_5NS;RETRY_5NS,8,8,10000101,133,122,1000010,7,132,122,133,INFERRED_AT_DAC_BRIDGE_OUTPUT,10000101,133,10000101,133,10000101,133,10000101,133,True,True
MC200_CMP_XM5_XM6_W8P2524_XM7_XM11_W16P8587_S011_LOW_W4,0,-3.07159e-06;-8.34965e-06;-3.2421e-06;-3.16149e-06;-8.28454e-06;-8.29767e-06;-3.15029e-06;-8.33344e-06,-3.02369e-06;-8.34922e-06;-3.19057e-06;-3.11411e-06;-8.28645e-06;-8.30119e-06;-3.10262e-06;-8.34166e-06,3.3;3.3;-1.71122e-06;3.3;3.3;3.3;3.3;-2.01885e-06,-1.77989e-06;-2.03036e-06;3.3;-1.68792e-06;-1.99508e-06;-1.99179e-06;-1.6729e-06;3.3,RETRY_5NS;RETRY_5NS;RETRY_5NS;RETRY_5NS;RETRY_5NS;RETRY_5NS;RETRY_5NS;RETRY_5NS,8,8,11011110,222,33,1101111,7,222,32,222,INFERRED_AT_DAC_BRIDGE_OUTPUT,11011110,222,11011110,222,11011110,222,11011110,222,True,True
MC200_CMP_XM5_XM6_W8P2524_XM7_XM11_W16P8587_S011_LOW_W4,1,-3.08188e-06;-8.3527e-06;-3.1701e-06;-3.37121e-06;-8.29894e-06;-8.29703e-06;-3.34194e-06;-8.97748e-06,-3.03416e-06;-8.35189e-06;-3.12268e-06;-3.32358e-06;-8.30107e-06;-8.30152e-06;-3.2947e-06;-8.97605e-06,3.3;3.3;3.3;-1.71306e-06;3.3;3.3;-1.70013e-06;3.3,-1.79386e-06;-2.0332e-06;-1.69157e-06;3.3;-1.99402e-06;-1.9905e-06;3.3;-1.98463e-06,RETRY_5NS;RETRY_5NS;RETRY_5NS;RETRY_5NS;RETRY_5NS;RETRY_5NS;RETRY_5NS;RETRY_5NS,8,8,11101101,237,18,1110110,7,236,18,237,INFERRED_AT_DAC_BRIDGE_OUTPUT,11101101,237,11101101,237,11101101,237,11101101,237,True,True
MC200_CMP_XM5_XM6_W8P2524_XM7_XM11_W16P8587_S011_LOW_W4,2,-3.09969e-06;-8.38013e-06;-3.2058e-06;-3.18955e-06;-8.33519e-06;-8.33305e-06;-3.1816e-06;-8.37085e-06,-3.05172e-06;-8.38424e-06;-3.15641e-06;-3.13978e-06;-8.34063e-06;-8.3425e-06;-3.13357e-06;-8.38172e-06,3.3;3.3;-1.7204e-06;-1.71122e-06;3.3;-2.02306e-06;3.3;-2.02424e-06,-1.77634e-06;-2.02983e-06;3.3;3.3;-1.99439e-06;3.3;-1.67541e-06;3.3,RETRY_5NS;RETRY_5NS;RETRY_5NS;RETRY_5NS;RETRY_5NS;RETRY_5NS;RETRY_5NS;RETRY_5NS,8,8,11001010,202,53,1100101,7,202,52,202,INFERRED_AT_DAC_BRIDGE_OUTPUT,11001010,202,11001010,202,11001010,202,11001010,202,True,True
MC200_CMP_XM5_XM6_W8P2524_XM7_XM11_W16P8587_S011_LOW_W4,3,-2.94313e-06;-8.23475e-06;-2.90756e-06;-3.0676e-06;-7.58158e-06;-8.18334e-06;-3.05713e-06;-8.21999e-06,-2.89646e-06;-8.24552e-06;-2.85871e-06;-3.01936e-06;-7.58975e-06;-8.18284e-06;-3.00936e-06;-8.22325e-06,3.3;-2.06006e-06;-1.70162e-06;-1.69995e-06;-2.01832e-06;3.3;-1.69434e-06;-2.01034e-06,-1.75126e-06;3.3;3.3;3.3;3.3;-1.96626e-06;3.3;3.3,RETRY_5NS;RETRY_5NS;RETRY_5NS;RETRY_5NS;RETRY_5NS;RETRY_5NS;RETRY_5NS;RETRY_5NS,8,8,10000100,132,123,1000010,7,132,122,132,INFERRED_AT_DAC_BRIDGE_OUTPUT,10000100,132,10000100,132,10000100,132,10000100,132,True,True
MC200_CMP_XM5_XM6_W8P2524_XM7_XM11_W16P8587_S011_LOW_W4,64,-3.19714e-06;-8.4994e-06;-3.0717e-06;-3.2858e-06;-8.14847e-06;-8.44858e-06;-3.119e-06;-8.14494e-06,-3.14784e-06;-8.50601e-06;-3.02393e-06;-3.23705e-06;-8.14301e-06;-8.45948e-06;-3.07167e-06;-8.14337e-06,3.3;3.3;-1.70056e-06;3.3;3.3;3.3;3.3;-1.99828e-06,-1.79399e-06;-2.04488e-06;3.3;-1.70096e-06;-1.98101e-06;-2.0074e-06;-1.66946e-06;3.3,RETRY_5NS;RETRY_5NS;RETRY_5NS;RETRY_5NS;RETRY_5NS;RETRY_5NS;RETRY_5NS;RETRY_5NS,8,8,11011110,222,33,1101111,7,222,32,222,INFERRED_AT_DAC_BRIDGE_OUTPUT,11011110,222,11011110,222,11011110,222,11011110,222,True,True
MC200_CMP_XM5_XM6_W8P2524_XM7_XM11_W16P8587_S011_LOW_W4,65,-3.20656e-06;-8.50215e-06;-3.07736e-06;-3.28151e-06;-8.14816e-06;-8.44771e-06;-3.25653e-06;-8.14577e-06,-3.15744e-06;-8.50833e-06;-3.03096e-06;-3.23137e-06;-8.14294e-06;-8.45995e-06;-3.20961e-06;-8.14295e-06,3.3;3.3;3.3;-1.71729e-06;3.3;3.3;-1.69278e-06;3.3,-1.80716e-06;-2.05118e-06;-1.68143e-06;3.3;-1.97927e-06;-2.00581e-06;3.3;-2.00921e-06,RETRY_5NS;RETRY_5NS;RETRY_5NS;RETRY_5NS;RETRY_5NS;RETRY_5NS;RETRY_5NS;RETRY_5NS,8,8,11101101,237,18,1110110,7,236,18,237,INFERRED_AT_DAC_BRIDGE_OUTPUT,11101101,237,11101101,237,11101101,237,11101101,237,True,True
MC200_CMP_XM5_XM6_W8P2524_XM7_XM11_W16P8587_S011_LOW_W4,66,-3.2251e-06;-8.52992e-06;-3.11327e-06;-3.31421e-06;-8.18439e-06;-8.48368e-06;-3.1503e-06;-8.18227e-06,-3.17573e-06;-8.54126e-06;-3.06491e-06;-3.26305e-06;-8.1824e-06;-8.50108e-06;-3.1026e-06;-8.1836e-06,3.3;3.3;-1.71057e-06;-1.7235e-06;3.3;-2.04e-06;3.3;-2.00517e-06,-1.78999e-06;-2.04499e-06;3.3;3.3;-1.98e-06;3.3;-1.67061e-06;3.3,RETRY_5NS;RETRY_5NS;RETRY_5NS;RETRY_5NS;RETRY_5NS;RETRY_5NS;RETRY_5NS;RETRY_5NS,8,8,11001010,202,53,1100101,7,202,52,202,INFERRED_AT_DAC_BRIDGE_OUTPUT,11001010,202,11001010,202,11001010,202,11001010,202,True,True
MC200_CMP_XM5_XM6_W8P2524_XM7_XM11_W16P8587_S011_LOW_W4,67,-3.07075e-06;-8.38315e-06;-2.78662e-06;-3.192e-06;-8.15354e-06;-8.33396e-06;-3.02553e-06;-8.03264e-06,-3.02267e-06;-8.40256e-06;-2.73864e-06;-3.14237e-06;-8.14745e-06;-8.34142e-06;-2.97908e-06;-8.02402e-06,3.3;-2.07609e-06;-1.6911e-06;-1.7135e-06;-1.99628e-06;-2.01423e-06;3.3;3.3,-1.76645e-06;3.3;3.3;3.3;3.3;3.3;-1.66721e-06;-1.95968e-06,RETRY_5NS;RETRY_5NS;RETRY_5NS;RETRY_5NS;RETRY_5NS;RETRY_5NS;RETRY_5NS;RETRY_5NS,8,8,10000011,131,124,1000001,7,130,124,131,INFERRED_AT_DAC_BRIDGE_OUTPUT,10000011,131,10000011,131,10000011,131,10000011,131,True,True
MC200_CMP_XM5_XM6_W8P2524_XM7_XM11_W16P8587_S012_LOW_W4,0,-2.96096e-06;-8.22781e-06;-3.0582e-06;-3.05495e-06;-8.16858e-06;-8.16857e-06;-3.04111e-06;-8.20726e-06,-2.84927e-06;-8.2131e-06;-2.9458e-06;-2.94105e-06;-8.16026e-06;-8.15828e-06;-2.92868e-06;-8.20163e-06,3.3;3.3;3.3;-1.6725e-06;-1.97674e-06;-1.97165e-06;3.3;-1.97229e-06,-1.7341e-06;-1.97518e-06;-1.64043e-06;3.3;3.3;3.3;-1.63025e-06;3.3,RETRY_5NS;RETRY_5NS;RETRY_5NS;RETRY_5NS;RETRY_5NS;RETRY_5NS;RETRY_5NS;RETRY_5NS,8,8,11100010,226,29,1110001,7,226,28,226,INFERRED_AT_DAC_BRIDGE_OUTPUT,11100010,226,11100010,226,11100010,226,11100010,226,True,True
MC200_CMP_XM5_XM6_W8P2524_XM7_XM11_W16P8587_S012_LOW_W4,1,-3.12512e-06;-8.42421e-06;-3.21781e-06;-3.20075e-06;-8.36264e-06;-8.36262e-06;-3.19436e-06;-8.4027e-06,-3.00812e-06;-8.43386e-06;-3.09984e-06;-3.08255e-06;-8.38072e-06;-8.37918e-06;-3.07558e-06;-8.42092e-06,3.3;3.3;3.3;3.3;-1.99772e-06;-1.99411e-06;-1.67559e-06;3.3,-1.76631e-06;-2.00096e-06;-1.66109e-06;-1.65111e-06;3.3;3.3;3.3;-1.95402e-06,RETRY_5NS;RETRY_5NS;RETRY_5NS;RETRY_5NS;RETRY_5NS;RETRY_5NS;RETRY_5NS;RETRY_5NS,8,8,11110001,241,14,1111000,7,240,14,241,INFERRED_AT_DAC_BRIDGE_OUTPUT,11110001,241,11110001,241,11110001,241,11110001,241,True,True
MC200_CMP_XM5_XM6_W8P2524_XM7_XM11_W16P8587_S012_LOW_W4,2,-3.29408e-06;-8.64749e-06;-3.3998e-06;-3.26811e-06;-7.46067e-06;-8.59807e-06;-3.30755e-06;-8.63652e-06,-3.17092e-06;-8.6893e-06;-3.27411e-06;-3.14254e-06;-7.53413e-06;-8.64082e-06;-3.18343e-06;-8.68507e-06,3.3;3.3;-1.71267e-06;-1.69518e-06;3.3;3.3;-1.67967e-06;3.3,-1.76259e-06;-2.01653e-06;3.3;3.3;-1.99001e-06;-1.97927e-06;3.3;-1.97945e-06,RETRY_5NS;RETRY_5NS;RETRY_5NS;RETRY_5NS;RETRY_5NS;RETRY_5NS;RETRY_5NS;RETRY_5NS,8,8,11001101,205,50,1100110,7,204,50,205,INFERRED_AT_DAC_BRIDGE_OUTPUT,11001101,205,11001101,205,11001101,205,11001101,205,True,True
MC200_CMP_XM5_XM6_W8P2524_XM7_XM11_W16P8587_S012_LOW_W4,3,-3.44316e-06;-8.60796e-06;-3.3745e-06;-3.35622e-06;-8.55764e-06;-9.87314e-06;-3.34693e-06;-8.59741e-06,-3.32099e-06;-8.66243e-06;-3.24994e-06;-3.23129e-06;-8.59774e-06;-9.84826e-06;-3.22341e-06;-8.64114e-06,3.3;-2.06319e-06;-1.70978e-06;-1.70173e-06;-2.00563e-06;3.3;3.3;3.3,-1.75857e-06;3.3;3.3;3.3;3.3;-1.97144e-06;-1.66425e-06;-1.9746e-06,RETRY_5NS;RETRY_5NS;RETRY_5NS;RETRY_5NS;RETRY_5NS;RETRY_5NS;RETRY_5NS;RETRY_5NS,8,8,10000111,135,120,1000011,7,134,120,135,INFERRED_AT_DAC_BRIDGE_OUTPUT,10000111,135,10000111,135,10000111,135,10000111,135,True,True
MC200_CMP_XM5_XM6_W8P2524_XM7_XM11_W16P8587_S012_LOW_W4,64,-3.08355e-06;-8.38231e-06;-2.96741e-06;-3.17624e-06;-8.01333e-06;-8.32413e-06;-3.01082e-06;-8.01258e-06,-2.96756e-06;-8.38737e-06;-2.85819e-06;-3.05805e-06;-7.98415e-06;-8.3344e-06;-2.89889e-06;-7.98146e-06,3.3;3.3;3.3;-1.68561e-06;-1.96309e-06;-1.98663e-06;3.3;-1.95438e-06,-1.74724e-06;-1.99014e-06;-1.63147e-06;3.3;3.3;3.3;-1.62216e-06;3.3,RETRY_5NS;RETRY_5NS;RETRY_5NS;RETRY_5NS;RETRY_5NS;RETRY_5NS;RETRY_5NS;RETRY_5NS,8,8,11100010,226,29,1110001,7,226,28,226,INFERRED_AT_DAC_BRIDGE_OUTPUT,11100010,226,11100010,226,11100010,226,11100010,226,True,True
MC200_CMP_XM5_XM6_W8P2524_XM7_XM11_W16P8587_S012_LOW_W4,65,-3.24668e-06;-8.57847e-06;-3.12758e-06;-3.32244e-06;-8.2074e-06;-8.51806e-06;-3.16383e-06;-8.20813e-06,-3.12538e-06;-8.60785e-06;-3.01278e-06;-3.19989e-06;-8.20459e-06;-8.55534e-06;-3.04611e-06;-8.2006e-06,3.3;3.3;3.3;3.3;-1.98316e-06;-2.00849e-06;-1.67296e-06;3.3,-1.78033e-06;-2.01708e-06;-1.65334e-06;-1.66343e-06;3.3;3.3;3.3;-1.9745e-06,RETRY_5NS;RETRY_5NS;RETRY_5NS;RETRY_5NS;RETRY_5NS;RETRY_5NS;RETRY_5NS;RETRY_5NS,8,8,11110001,241,14,1111000,7,240,14,241,INFERRED_AT_DAC_BRIDGE_OUTPUT,11110001,241,11110001,241,11110001,241,11110001,241,True,True
MC200_CMP_XM5_XM6_W8P2524_XM7_XM11_W16P8587_S012_LOW_W4,66,-3.41654e-06;-8.80212e-06;-3.30934e-06;-3.56708e-06;-7.84583e-06;-8.75364e-06;-3.33058e-06;-8.44195e-06,-3.28906e-06;-8.86392e-06;-3.18686e-06;-3.43928e-06;-7.84962e-06;-8.81687e-06;-3.20793e-06;-8.46481e-06,3.3;3.3;-1.7029e-06;-1.70846e-06;3.3;3.3;-1.67764e-06;3.3,-1.77671e-06;-2.03191e-06;3.3;3.3;-1.97485e-06;-1.99441e-06;3.3;-1.96203e-06,RETRY_5NS;RETRY_5NS;RETRY_5NS;RETRY_5NS;RETRY_5NS;RETRY_5NS;RETRY_5NS;RETRY_5NS,8,8,11001101,205,50,1100110,7,204,50,205,INFERRED_AT_DAC_BRIDGE_OUTPUT,11001101,205,11001101,205,11001101,205,11001101,205,True,True
MC200_CMP_XM5_XM6_W8P2524_XM7_XM11_W16P8587_S012_LOW_W4,67,-3.58828e-06;-8.76131e-06;-3.28426e-06;-3.76705e-06;-8.40209e-06;-9.95481e-06;-3.31638e-06;-8.40288e-06,-3.4629e-06;-8.83716e-06;-3.16291e-06;-3.64075e-06;-8.42171e-06;-9.95332e-06;-3.19392e-06;-8.42083e-06,3.3;-2.07919e-06;-1.69929e-06;-1.71984e-06;-1.9876e-06;3.3;3.3;3.3,-1.77024e-06;3.3;3.3;3.3;3.3;-1.9858e-06;-1.66084e-06;-1.95523e-06,RETRY_5NS;RETRY_5NS;RETRY_5NS;RETRY_5NS;RETRY_5NS;RETRY_5NS;RETRY_5NS;RETRY_5NS,8,8,10000111,135,120,1000011,7,134,120,135,INFERRED_AT_DAC_BRIDGE_OUTPUT,10000111,135,10000111,135,10000111,135,10000111,135,True,True
MC200_CMP_XM5_XM6_W8P2524_XM7_XM11_W16P8587_S013_LOW_W4,0,-3.07648e-06;-8.3731e-06;-3.16482e-06;-3.16277e-06;-8.31837e-06;-8.31888e-06;-3.15206e-06;-8.35781e-06,-3.07036e-06;-8.35707e-06;-3.15885e-06;-3.15562e-06;-8.3154e-06;-8.31345e-06;-3.14541e-06;-8.34985e-06,3.3;3.3;3.3;-1.68783e-06;-1.9971e-06;-1.99225e-06;-1.67548e-06;3.3,-1.81714e-06;-2.0719e-06;-1.71817e-06;3.3;3.3;3.3;3.3;-2.02472e-06,RETRY_5NS;RETRY_5NS;RETRY_5NS;RETRY_5NS;RETRY_5NS;RETRY_5NS;RETRY_5NS;RETRY_5NS,8,8,11100001,225,30,1110000,7,224,30,225,INFERRED_AT_DAC_BRIDGE_OUTPUT,11100001,225,11100001,225,11100001,225,11100001,225,True,True
MC200_CMP_XM5_XM6_W8P2524_XM7_XM11_W16P8587_S013_LOW_W4,1,-3.11784e-06;-8.41351e-06;-3.20254e-06;-3.18842e-06;-8.35611e-06;-8.3563e-06;-3.1837e-06;-8.39515e-06,-3.11171e-06;-8.39725e-06;-3.19702e-06;-3.18268e-06;-8.3538e-06;-8.35242e-06;-3.17685e-06;-8.38859e-06,3.3;3.3;3.3;3.3;-2.00082e-06;-1.99801e-06;-1.68167e-06;-1.99335e-06,-1.83481e-06;-2.08205e-06;-1.72915e-06;-1.71287e-06;3.3;3.3;3.3;3.3,RETRY_5NS;RETRY_5NS;RETRY_5NS;RETRY_5NS;RETRY_5NS;RETRY_5NS;RETRY_5NS;RETRY_5NS,8,8,11110000,240,15,1111000,7,240,14,240,INFERRED_AT_DAC_BRIDGE_OUTPUT,11110000,240,11110000,240,11110000,240,11110000,240,True,True
MC200_CMP_XM5_XM6_W8P2524_XM7_XM11_W16P8587_S013_LOW_W4,2,-3.07343e-06;-8.36703e-06;-3.17346e-06;-3.1583e-06;-8.32207e-06;-8.32014e-06;-3.15212e-06;-8.44031e-06,-3.06753e-06;-8.35311e-06;-3.16641e-06;-3.15111e-06;-8.31087e-06;-8.31159e-06;-3.14544e-06;-8.43087e-06,3.3;3.3;-1.69173e-06;-1.68224e-06;3.3;3.3;-1.67713e-06;-1.98895e-06,-1.80904e-06;-2.06922e-06;3.3;3.3;-2.03382e-06;-2.02692e-06;3.3;3.3,RETRY_5NS;RETRY_5NS;RETRY_5NS;RETRY_5NS;RETRY_5NS;RETRY_5NS;RETRY_5NS;RETRY_5NS,8,8,11001100,204,51,1100110,7,204,50,204,INFERRED_AT_DAC_BRIDGE_OUTPUT,11001100,204,11001100,204,11001100,204,11001100,204,True,True
MC200_CMP_XM5_XM6_W8P2524_XM7_XM11_W16P8587_S013_LOW_W4,3,-3.01317e-06;-8.33074e-06;-3.14702e-06;-3.12952e-06;-8.28103e-06;-8.28344e-06;-3.12001e-06;-8.31979e-06,-3.00721e-06;-8.33235e-06;-3.1402e-06;-3.12227e-06;-8.27459e-06;-8.27292e-06;-3.1146e-06;-8.31178e-06,3.3;-2.03637e-06;-1.68785e-06;-1.6837e-06;-1.98565e-06;3.3;3.3;-1.98509e-06,-1.79446e-06;3.3;3.3;3.3;3.3;-2.02813e-06;-1.70548e-06;3.3,RETRY_5NS;RETRY_5NS;RETRY_5NS;RETRY_5NS;RETRY_5NS;RETRY_5NS;RETRY_5NS;RETRY_5NS,8,8,10000110,134,121,1000011,7,134,120,134,INFERRED_AT_DAC_BRIDGE_OUTPUT,10000110,134,10000110,134,10000110,134,10000110,134,True,True
MC200_CMP_XM5_XM6_W8P2524_XM7_XM11_W16P8587_S013_LOW_W4,64,-3.20285e-06;-8.52361e-06;-3.07096e-06;-3.28806e-06;-8.16728e-06;-8.47027e-06;-3.12054e-06;-8.16838e-06,-3.19606e-06;-8.50804e-06;-3.06551e-06;-3.28027e-06;-8.1626e-06;-8.46612e-06;-3.11403e-06;-8.15878e-06,3.3;3.3;3.3;-1.70098e-06;-1.98159e-06;-2.00697e-06;-1.67344e-06;3.3,-1.83141e-06;-2.08781e-06;-1.70863e-06;3.3;3.3;3.3;3.3;-2.00529e-06,RETRY_5NS;RETRY_5NS;RETRY_5NS;RETRY_5NS;RETRY_5NS;RETRY_5NS;RETRY_5NS;RETRY_5NS,8,8,11100001,225,30,1110000,7,224,30,225,INFERRED_AT_DAC_BRIDGE_OUTPUT,11100001,225,11100001,225,11100001,225,11100001,225,True,True
MC200_CMP_XM5_XM6_W8P2524_XM7_XM11_W16P8587_S013_LOW_W4,65,-3.24337e-06;-8.56376e-06;-3.16907e-06;-3.3141e-06;-8.20503e-06;-8.50757e-06;-3.15215e-06;-8.20574e-06,-3.23658e-06;-8.54791e-06;-3.16392e-06;-3.30772e-06;-8.20103e-06;-8.50522e-06;-3.14546e-06;-8.19751e-06,3.3;3.3;3.3;3.3;-1.98584e-06;-2.01356e-06;-1.67833e-06;-2.01135e-06,-1.84962e-06;-2.09821e-06;-1.72221e-06;-1.72569e-06;3.3;3.3;3.3;3.3,RETRY_5NS;RETRY_5NS;RETRY_5NS;RETRY_5NS;RETRY_5NS;RETRY_5NS;RETRY_5NS;RETRY_5NS,8,8,11110000,240,15,1111000,7,240,14,240,INFERRED_AT_DAC_BRIDGE_OUTPUT,11110000,240,11110000,240,11110000,240,11110000,240,True,True
MC200_CMP_XM5_XM6_W8P2524_XM7_XM11_W16P8587_S013_LOW_W4,66,-3.19976e-06;-8.51742e-06;-3.08007e-06;-3.28392e-06;-8.1706e-06;-8.47174e-06;-3.12058e-06;-9.18257e-06,-3.19322e-06;-8.50424e-06;-3.0735e-06;-3.27615e-06;-8.1585e-06;-8.46421e-06;-3.11406e-06;-9.16712e-06,3.3;3.3;-1.68164e-06;-1.69564e-06;3.3;3.3;-1.67403e-06;-1.9686e-06,-1.82325e-06;-2.08425e-06;3.3;3.3;-2.0176e-06;-2.04403e-06;3.3;3.3,RETRY_5NS;RETRY_5NS;RETRY_5NS;RETRY_5NS;RETRY_5NS;RETRY_5NS;RETRY_5NS;RETRY_5NS,8,8,11001100,204,51,1100110,7,204,50,204,INFERRED_AT_DAC_BRIDGE_OUTPUT,11001100,204,11001100,204,11001100,204,11001100,204,True,True
MC200_CMP_XM5_XM6_W8P2524_XM7_XM11_W16P8587_S013_LOW_W4,67,-3.14148e-06;-8.48004e-06;-3.05384e-06;-3.25506e-06;-8.12965e-06;-8.435e-06;-3.08847e-06;-8.12997e-06,-3.13488e-06;-8.48372e-06;-3.04749e-06;-3.24717e-06;-8.12207e-06;-8.42544e-06;-3.08323e-06;-8.12111e-06,3.3;-2.05261e-06;-1.67947e-06;-1.6966e-06;-1.97226e-06;3.3;3.3;-1.96623e-06,-1.81014e-06;3.3;3.3;3.3;3.3;-2.04381e-06;-1.70255e-06;3.3,RETRY_5NS;RETRY_5NS;RETRY_5NS;RETRY_5NS;RETRY_5NS;RETRY_5NS;RETRY_5NS;RETRY_5NS,8,8,10000110,134,121,1000011,7,134,120,134,INFERRED_AT_DAC_BRIDGE_OUTPUT,10000110,134,10000110,134,10000110,134,10000110,134,True,True
MC200_CMP_XM5_XM6_W8P2524_XM7_XM11_W16P8587_S014_LOW_W4,0,-3.05396e-06;-8.3754e-06;-3.03304e-06;-3.14619e-06;-8.32254e-06;-8.32089e-06;-3.13412e-06;-8.35838e-06,-3.07771e-06;-8.33128e-06;-3.05803e-06;-3.17082e-06;-8.28364e-06;-8.28358e-06;-3.15822e-06;-8.32192e-06,3.3;3.3;-1.63071e-06;3.3;3.3;3.3;3.3;3.3,-1.79633e-06;-2.04957e-06;3.3;-1.70316e-06;-2.01729e-06;-2.01227e-06;-1.6949e-06;-2.01036e-06,RETRY_5NS;RETRY_5NS;RETRY_5NS;RETRY_5NS;RETRY_5NS;RETRY_5NS;RETRY_5NS;RETRY_5NS,8,8,11011111,223,32,1101111,7,222,32,223,INFERRED_AT_DAC_BRIDGE_OUTPUT,11011111,223,11011111,223,11011111,223,11011111,223,True,True
MC200_CMP_XM5_XM6_W8P2524_XM7_XM11_W16P8587_S014_LOW_W4,1,-3.18736e-06;-8.53406e-06;-3.27719e-06;-3.26339e-06;-8.47897e-06;-8.47739e-06;-3.25781e-06;-8.51494e-06,-3.21122e-06;-8.48386e-06;-3.30178e-06;-3.28705e-06;-8.43501e-06;-8.43523e-06;-3.28282e-06;-8.47409e-06,3.3;3.3;3.3;-1.64341e-06;3.3;3.3;3.3;-1.94221e-06,-1.8262e-06;-2.07119e-06;-1.72204e-06;3.3;-2.03077e-06;-2.02743e-06;-1.70185e-06;3.3,RETRY_5NS;RETRY_5NS;RETRY_5NS;RETRY_5NS;RETRY_5NS;RETRY_5NS;RETRY_5NS;RETRY_5NS,8,8,11101110,238,17,1110111,7,238,16,238,INFERRED_AT_DAC_BRIDGE_OUTPUT,11101110,238,11101110,238,11101110,238,11101110,238,True,True
MC200_CMP_XM5_XM6_W8P2524_XM7_XM11_W16P8587_S014_LOW_W4,2,-2.46377e-06;-7.62847e-06;-2.58321e-06;-2.55972e-06;-7.57615e-06;-7.57447e-06;-2.54863e-06;-7.61354e-06,-2.48784e-06;-7.61291e-06;-2.6066e-06;-2.58269e-06;-7.56363e-06;-7.56365e-06;-2.57341e-06;-7.60014e-06,3.3;3.3;-1.58519e-06;-1.57729e-06;3.3;-1.8601e-06;3.3;-1.85312e-06,-1.72629e-06;-1.97323e-06;3.3;3.3;-1.94178e-06;3.3;-1.63426e-06;3.3,RETRY_5NS;RETRY_5NS;RETRY_5NS;RETRY_5NS;RETRY_5NS;RETRY_5NS;RETRY_5NS;RETRY_5NS,8,8,11001010,202,53,1100101,7,202,52,202,INFERRED_AT_DAC_BRIDGE_OUTPUT,11001010,202,11001010,202,11001010,202,11001010,202,True,True
MC200_CMP_XM5_XM6_W8P2524_XM7_XM11_W16P8587_S014_LOW_W4,3,-3.08208e-06;-8.44909e-06;-3.22581e-06;-3.2063e-06;-8.39641e-06;-8.39773e-06;-3.19584e-06;-8.43656e-06,-3.10554e-06;-8.42067e-06;-3.24877e-06;-3.22899e-06;-8.362e-06;-8.35996e-06;-3.21956e-06;-8.39814e-06,3.3;-1.99004e-06;-1.64929e-06;-1.64371e-06;-1.94038e-06;3.3;-1.6338e-06;-1.93672e-06,-1.78766e-06;3.3;3.3;3.3;3.3;-2.01504e-06;3.3;3.3,RETRY_5NS;RETRY_5NS;RETRY_5NS;RETRY_5NS;RETRY_5NS;RETRY_5NS;RETRY_5NS;RETRY_5NS,8,8,10000100,132,123,1000010,7,132,122,132,INFERRED_AT_DAC_BRIDGE_OUTPUT,10000100,132,10000100,132,10000100,132,10000100,132,True,True
MC200_CMP_XM5_XM6_W8P2524_XM7_XM11_W16P8587_S014_LOW_W4,64,-3.17749e-06;-8.50706e-06;-3.23645e-06;-3.26845e-06;-8.1658e-06;-8.47781e-06;-3.10331e-06;-7.74955e-06,-3.2012e-06;-8.45723e-06;-3.25887e-06;-3.29302e-06;-8.13223e-06;-8.43518e-06;-3.12744e-06;-7.71774e-06,3.3;3.3;-1.62824e-06;3.3;3.3;3.3;3.3;3.3,-1.80985e-06;-2.06744e-06;3.3;-1.71674e-06;-2.00206e-06;-2.02832e-06;-1.69146e-06;-1.99679e-06,RETRY_5NS;RETRY_5NS;RETRY_5NS;RETRY_5NS;RETRY_5NS;RETRY_5NS;RETRY_5NS;RETRY_5NS,8,8,11011111,223,32,1101111,7,222,32,223,INFERRED_AT_DAC_BRIDGE_OUTPUT,11011111,223,11011111,223,11011111,223,11011111,223,True,True
MC200_CMP_XM5_XM6_W8P2524_XM7_XM11_W16P8587_S014_LOW_W4,65,-3.3099e-06;-7.50326e-06;-3.18595e-06;-3.38604e-06;-8.3222e-06;-8.63421e-06;-3.22769e-06;-8.3186e-06,-3.33372e-06;-7.44474e-06;-3.21056e-06;-3.40967e-06;-8.28357e-06;-8.58688e-06;-3.25201e-06;-8.28449e-06,3.3;3.3;3.3;-1.6551e-06;3.3;3.3;3.3;-1.96453e-06,-1.83942e-06;-2.0976e-06;-1.71227e-06;3.3;-2.01514e-06;-2.04346e-06;-1.70134e-06;3.3,RETRY_5NS;RETRY_5NS;RETRY_5NS;RETRY_5NS;RETRY_5NS;RETRY_5NS;RETRY_5NS;RETRY_5NS,8,8,11101110,238,17,1110111,7,238,16,238,INFERRED_AT_DAC_BRIDGE_OUTPUT,11101110,238,11101110,238,11101110,238,11101110,238,True,True
MC200_CMP_XM5_XM6_W8P2524_XM7_XM11_W16P8587_S014_LOW_W4,66,-2.58718e-06;-7.78424e-06;-2.49208e-06;-2.68221e-06;-7.41945e-06;-7.73114e-06;-2.51789e-06;-7.41757e-06,-2.61119e-06;-7.76319e-06;-2.51553e-06;-2.70515e-06;-7.41211e-06;-7.71547e-06;-2.54259e-06;-7.41016e-06,3.3;3.3;-1.57604e-06;-1.58867e-06;3.3;-1.87433e-06;3.3;3.3,-1.73972e-06;-1.98903e-06;3.3;3.3;-1.9257e-06;3.3;-1.63148e-06;-1.91465e-06,RETRY_5NS;RETRY_5NS;RETRY_5NS;RETRY_5NS;RETRY_5NS;RETRY_5NS;RETRY_5NS;RETRY_5NS,8,8,11001011,203,52,1100101,7,202,52,203,INFERRED_AT_DAC_BRIDGE_OUTPUT,11001011,203,11001011,203,11001011,203,11001011,203,True,True
MC200_CMP_XM5_XM6_W8P2524_XM7_XM11_W16P8587_S014_LOW_W4,67,-3.20773e-06;-8.60349e-06;-3.13482e-06;-3.3287e-06;-8.2399e-06;-8.55452e-06;-3.16508e-06;-8.24062e-06,-3.23113e-06;-8.57098e-06;-3.15786e-06;-3.35132e-06;-8.21015e-06;-8.51174e-06;-3.18879e-06;-8.20814e-06,3.3;-2.00528e-06;-1.64009e-06;-1.65623e-06;-1.92524e-06;3.3;-1.6314e-06;-1.91816e-06,-1.80181e-06;3.3;3.3;3.3;3.3;-2.03084e-06;3.3;3.3,RETRY_5NS;RETRY_5NS;RETRY_5NS;RETRY_5NS;RETRY_5NS;RETRY_5NS;RETRY_5NS;RETRY_5NS,8,8,10000100,132,123,1000010,7,132,122,132,INFERRED_AT_DAC_BRIDGE_OUTPUT,10000100,132,10000100,132,10000100,132,10000100,132,True,True
MC200_CMP_XM5_XM6_W8P2524_XM7_XM11_W16P8587_S015_LOW_W4,0,-2.9844e-06;-8.2721e-06;-3.08462e-06;-3.08258e-06;-8.21253e-06;-8.21221e-06;-3.06802e-06;-8.25177e-06,-2.90405e-06;-8.26052e-06;-3.00326e-06;-3.00039e-06;-8.21004e-06;-8.20823e-06;-2.98618e-06;-8.24949e-06,3.3;3.3;3.3;-1.63794e-06;-1.94128e-06;-1.93634e-06;-1.63105e-06;-1.93706e-06,-1.65515e-06;-1.88922e-06;-1.56195e-06;3.3;3.3;3.3;3.3;3.3,RETRY_5NS;RETRY_5NS;RETRY_5NS;RETRY_5NS;RETRY_5NS;RETRY_5NS;RETRY_5NS;RETRY_5NS,8,8,11100000,224,31,1110000,7,224,30,224,INFERRED_AT_DAC_BRIDGE_OUTPUT,11100000,224,11100000,224,11100000,224,11100000,224,True,True
MC200_CMP_XM5_XM6_W8P2524_XM7_XM11_W16P8587_S015_LOW_W4,1,-3.2757e-06;-8.3933e-06;-3.1818e-06;-3.16551e-06;-8.33538e-06;-8.33367e-06;-3.15808e-06;-9.45224e-06,-3.19174e-06;-8.39095e-06;-3.09922e-06;-3.08169e-06;-8.33403e-06;-8.33391e-06;-3.07544e-06;-9.42709e-06,3.3;3.3;3.3;-1.63999e-06;3.3;3.3;3.3;3.3,-1.68846e-06;-1.90528e-06;-1.58298e-06;3.3;-1.86883e-06;-1.86655e-06;-1.57103e-06;-1.85415e-06,RETRY_5NS;RETRY_5NS;RETRY_5NS;RETRY_5NS;RETRY_5NS;RETRY_5NS;RETRY_5NS;RETRY_5NS,8,8,11101111,239,16,1110111,7,238,16,239,INFERRED_AT_DAC_BRIDGE_OUTPUT,11101111,239,11101111,239,11101111,239,11101111,239,True,True
MC200_CMP_XM5_XM6_W8P2524_XM7_XM11_W16P8587_S015_LOW_W4,2,-3.13211e-06;-8.46116e-06;-3.03416e-06;-3.22713e-06;-8.4128e-06;-8.41046e-06;-3.21863e-06;-8.45027e-06,-3.04871e-06;-8.46808e-06;-2.94737e-06;-3.14139e-06;-8.41955e-06;-8.42068e-06;-3.13466e-06;-8.46317e-06,3.3;3.3;-1.6545e-06;-1.64983e-06;3.3;-1.94667e-06;3.3;3.3,-1.66601e-06;-1.90557e-06;3.3;3.3;-1.87406e-06;3.3;-1.57792e-06;-1.87177e-06,RETRY_5NS;RETRY_5NS;RETRY_5NS;RETRY_5NS;RETRY_5NS;RETRY_5NS;RETRY_5NS;RETRY_5NS,8,8,11001011,203,52,1100101,7,202,52,203,INFERRED_AT_DAC_BRIDGE_OUTPUT,11001011,203,11001011,203,11001011,203,11001011,203,True,True
MC200_CMP_XM5_XM6_W8P2524_XM7_XM11_W16P8587_S015_LOW_W4,3,-3.06865e-06;-8.42546e-06;-3.22089e-06;-3.19987e-06;-8.37041e-06;-8.3719e-06;-3.18879e-06;-8.41062e-06,-2.98598e-06;-8.44461e-06;-3.13608e-06;-3.1148e-06;-8.37896e-06;-8.3772e-06;-3.10437e-06;-8.4203e-06,3.3;-1.99885e-06;-1.65622e-06;-1.64962e-06;-1.95127e-06;3.3;-1.63984e-06;3.3,-1.65499e-06;3.3;3.3;3.3;3.3;-1.86564e-06;3.3;-1.86685e-06,RETRY_5NS;RETRY_5NS;RETRY_5NS;RETRY_5NS;RETRY_5NS;RETRY_5NS;RETRY_5NS;RETRY_5NS,8,8,10000101,133,122,1000010,7,132,122,133,INFERRED_AT_DAC_BRIDGE_OUTPUT,10000101,133,10000101,133,10000101,133,10000101,133,True,True
MC200_CMP_XM5_XM6_W8P2524_XM7_XM11_W16P8587_S015_LOW_W4,64,-3.10582e-06;-8.42902e-06;-2.99478e-06;-3.20263e-06;-8.05489e-06;-8.37005e-06;-3.03777e-06;-8.05407e-06,-3.02279e-06;-8.43024e-06;-2.91539e-06;-3.11776e-06;-8.03839e-06;-8.37992e-06;-2.95659e-06;-8.03492e-06,3.3;3.3;3.3;-1.65072e-06;-1.92618e-06;-1.95248e-06;-1.62787e-06;-1.91813e-06,-1.66847e-06;-1.90401e-06;-1.55359e-06;3.3;3.3;3.3;3.3;3.3,RETRY_5NS;RETRY_5NS;RETRY_5NS;RETRY_5NS;RETRY_5NS;RETRY_5NS;RETRY_5NS;RETRY_5NS,8,8,11100000,224,31,1110000,7,224,30,224,INFERRED_AT_DAC_BRIDGE_OUTPUT,11100000,224,11100000,224,11100000,224,11100000,224,True,True
MC200_CMP_XM5_XM6_W8P2524_XM7_XM11_W16P8587_S015_LOW_W4,65,-3.41429e-06;-8.54992e-06;-3.09234e-06;-3.28596e-06;-8.17712e-06;-8.49171e-06;-3.12785e-06;-7.98213e-06,-3.32535e-06;-8.56034e-06;-3.01171e-06;-3.19952e-06;-8.16284e-06;-8.50528e-06;-3.04589e-06;-7.97544e-06,3.3;3.3;3.3;-1.65155e-06;3.3;3.3;3.3;3.3,-1.70143e-06;-1.91934e-06;-1.57364e-06;3.3;-1.85482e-06;-1.88003e-06;-1.56725e-06;-1.88291e-06,RETRY_5NS;RETRY_5NS;RETRY_5NS;RETRY_5NS;RETRY_5NS;RETRY_5NS;RETRY_5NS;RETRY_5NS,8,8,11101111,239,16,1110111,7,238,16,239,INFERRED_AT_DAC_BRIDGE_OUTPUT,11101111,239,11101111,239,11101111,239,11101111,239,True,True
MC200_CMP_XM5_XM6_W8P2524_XM7_XM11_W16P8587_S015_LOW_W4,66,-3.25342e-06;-8.61825e-06;-3.34058e-06;-3.3475e-06;-8.25469e-06;-8.5685e-06;-3.18838e-06;-7.69411e-06,-3.16734e-06;-8.6381e-06;-3.25407e-06;-3.25911e-06;-8.24827e-06;-8.59224e-06;-3.10509e-06;-7.70504e-06,3.3;3.3;-1.65731e-06;-1.66329e-06;3.3;-1.96194e-06;3.3;3.3,-1.6785e-06;-1.92028e-06;3.3;3.3;-1.8591e-06;3.3;-1.5749e-06;-1.8622e-06,RETRY_5NS;RETRY_5NS;RETRY_5NS;RETRY_5NS;RETRY_5NS;RETRY_5NS;RETRY_5NS;RETRY_5NS,8,8,11001011,203,52,1100101,7,202,52,203,INFERRED_AT_DAC_BRIDGE_OUTPUT,11001011,203,11001011,203,11001011,203,11001011,203,True,True
MC200_CMP_XM5_XM6_W8P2524_XM7_XM11_W16P8587_S015_LOW_W4,67,-3.1923e-06;-8.58109e-06;-3.1317e-06;-3.31998e-06;-8.21252e-06;-8.52995e-06;-3.15833e-06;-8.21281e-06,-3.10692e-06;-8.61463e-06;-3.0489e-06;-3.23222e-06;-8.20746e-06;-8.54873e-06;-3.07502e-06;-8.20578e-06,3.3;-2.01371e-06;-1.64696e-06;-1.66319e-06;-1.93575e-06;3.3;-1.63626e-06;3.3,-1.66761e-06;3.3;3.3;3.3;3.3;-1.87984e-06;3.3;-1.84499e-06,RETRY_5NS;RETRY_5NS;RETRY_5NS;RETRY_5NS;RETRY_5NS;RETRY_5NS;RETRY_5NS;RETRY_5NS,8,8,10000101,133,122,1000010,7,132,122,133,INFERRED_AT_DAC_BRIDGE_OUTPUT,10000101,133,10000101,133,10000101,133,10000101,133,True,True
MC200_CMP_XM5_XM6_W8P2524_XM7_XM11_W16P8587_S016_LOW_W4,0,-3.13553e-06;-9.33436e-06;-3.23198e-06;-3.22981e-06;-8.30852e-06;-8.30879e-06;-3.21655e-06;-8.34557e-06,-3.05333e-06;-9.31043e-06;-3.14926e-06;-3.14546e-06;-8.32311e-06;-8.3211e-06;-3.13328e-06;-8.35915e-06,3.3;3.3;3.3;-1.67815e-06;-1.98657e-06;-1.98283e-06;-1.66614e-06;3.3,-1.75872e-06;-2.00465e-06;-1.6639e-06;3.3;3.3;3.3;3.3;-1.96124e-06,RETRY_5NS;RETRY_5NS;RETRY_5NS;RETRY_5NS;RETRY_5NS;RETRY_5NS;RETRY_5NS;RETRY_5NS,8,8,11100001,225,30,1110000,7,224,30,225,INFERRED_AT_DAC_BRIDGE_OUTPUT,11100001,225,11100001,225,11100001,225,11100001,225,True,True
MC200_CMP_XM5_XM6_W8P2524_XM7_XM11_W16P8587_S016_LOW_W4,1,-2.55815e-06;-7.68721e-06;-2.79277e-06;-2.6338e-06;-7.62354e-06;-7.62265e-06;-2.48131e-06;-7.65799e-06,-2.48986e-06;-7.62604e-06;-2.72274e-06;-2.56445e-06;-7.56671e-06;-7.56503e-06;-2.41046e-06;-7.60259e-06,3.3;3.3;3.3;3.3;-1.91351e-06;-1.91037e-06;-1.61283e-06;-1.90919e-06,-1.71153e-06;-1.93769e-06;-1.61769e-06;-1.59879e-06;3.3;3.3;3.3;3.3,RETRY_5NS;RETRY_5NS;RETRY_5NS;RETRY_5NS;RETRY_5NS;RETRY_5NS;RETRY_5NS;RETRY_5NS,8,8,11110000,240,15,1111000,7,240,14,240,INFERRED_AT_DAC_BRIDGE_OUTPUT,11110000,240,11110000,240,11110000,240,11110000,240,True,True
MC200_CMP_XM5_XM6_W8P2524_XM7_XM11_W16P8587_S016_LOW_W4,2,-3.42075e-06;-8.60855e-06;-3.45745e-06;-3.44109e-06;-8.63276e-06;-8.56306e-06;-3.43465e-06;-8.59868e-06,-3.33448e-06;-8.64035e-06;-3.36801e-06;-3.35251e-06;-8.65795e-06;-8.59782e-06;-3.34624e-06;-8.63811e-06,3.3;3.3;-1.70629e-06;-1.69587e-06;3.3;3.3;-1.691e-06;-2.00276e-06,-1.778e-06;-2.03065e-06;3.3;3.3;-1.99785e-06;-1.98804e-06;3.3;3.3,RETRY_5NS;RETRY_5NS;RETRY_5NS;RETRY_5NS;RETRY_5NS;RETRY_5NS;RETRY_5NS;RETRY_5NS,8,8,11001100,204,51,1100110,7,204,50,204,INFERRED_AT_DAC_BRIDGE_OUTPUT,11001100,204,11001100,204,11001100,204,11001100,204,True,True
MC200_CMP_XM5_XM6_W8P2524_XM7_XM11_W16P8587_S016_LOW_W4,3,-3.09902e-06;-7.93172e-06;-3.24763e-06;-3.22748e-06;-8.30888e-06;-7.91047e-06;-3.21646e-06;-8.34538e-06,-3.01708e-06;-7.9777e-06;-3.16333e-06;-3.14296e-06;-8.32045e-06;-7.92818e-06;-3.13338e-06;-8.35934e-06,3.3;-2.03842e-06;-1.68165e-06;-1.67774e-06;-1.97996e-06;3.3;3.3;-1.9783e-06,-1.74113e-06;3.3;3.3;3.3;3.3;-1.97045e-06;-1.65462e-06;3.3,RETRY_5NS;RETRY_5NS;RETRY_5NS;RETRY_5NS;RETRY_5NS;RETRY_5NS;RETRY_5NS;RETRY_5NS,8,8,10000110,134,121,1000011,7,134,120,134,INFERRED_AT_DAC_BRIDGE_OUTPUT,10000110,134,10000110,134,10000110,134,10000110,134,True,True
MC200_CMP_XM5_XM6_W8P2524_XM7_XM11_W16P8587_S016_LOW_W4,64,-3.26038e-06;-8.50757e-06;-3.13942e-06;-3.35351e-06;-8.16433e-06;-8.45332e-06;-3.23497e-06;-8.16472e-06,-3.17526e-06;-8.52648e-06;-3.0589e-06;-3.26624e-06;-8.16394e-06;-8.48021e-06;-3.14968e-06;-8.15998e-06,3.3;3.3;3.3;-1.69039e-06;-1.9702e-06;-1.99696e-06;-1.66673e-06;3.3,-1.77257e-06;-2.02128e-06;-1.65506e-06;3.3;3.3;3.3;3.3;-1.94608e-06,RETRY_5NS;RETRY_5NS;RETRY_5NS;RETRY_5NS;RETRY_5NS;RETRY_5NS;RETRY_5NS;RETRY_5NS,8,8,11100001,225,30,1110000,7,224,30,225,INFERRED_AT_DAC_BRIDGE_OUTPUT,11100001,225,11100001,225,11100001,225,11100001,225,True,True
MC200_CMP_XM5_XM6_W8P2524_XM7_XM11_W16P8587_S016_LOW_W4,65,-2.6819e-06;-7.83051e-06;-2.5703e-06;-2.75787e-06;-7.47936e-06;-7.76702e-06;-2.45105e-06;-7.47712e-06,-2.61069e-06;-7.7832e-06;-2.49564e-06;-2.68556e-06;-7.40748e-06;-7.72433e-06;-2.38006e-06;-7.40344e-06,3.3;3.3;3.3;3.3;-1.89951e-06;-1.92667e-06;-1.60797e-06;-1.92628e-06,-1.72379e-06;-1.95308e-06;-1.6037e-06;-1.60797e-06;3.3;3.3;3.3;3.3,RETRY_5NS;RETRY_5NS;RETRY_5NS;RETRY_5NS;RETRY_5NS;RETRY_5NS;RETRY_5NS;RETRY_5NS,8,8,11110000,240,15,1111000,7,240,14,240,INFERRED_AT_DAC_BRIDGE_OUTPUT,11110000,240,11110000,240,11110000,240,11110000,240,True,True
MC200_CMP_XM5_XM6_W8P2524_XM7_XM11_W16P8587_S016_LOW_W4,66,-3.55368e-06;-8.75213e-06;-3.36516e-06;-3.56509e-06;-9.4377e-06;-8.70777e-06;-3.40347e-06;-8.41782e-06,-3.46454e-06;-8.79799e-06;-3.2779e-06;-3.4737e-06;-9.42329e-06;-8.75697e-06;-3.31582e-06;-8.4389e-06,3.3;3.3;-1.69574e-06;-1.70921e-06;3.3;3.3;-1.68592e-06;-1.97995e-06,-1.79136e-06;-2.04545e-06;3.3;3.3;-1.97536e-06;-2.00503e-06;3.3;3.3,RETRY_5NS;RETRY_5NS;RETRY_5NS;RETRY_5NS;RETRY_5NS;RETRY_5NS;RETRY_5NS;RETRY_5NS,8,8,11001100,204,51,1100110,7,204,50,204,INFERRED_AT_DAC_BRIDGE_OUTPUT,11001100,204,11001100,204,11001100,204,11001100,204,True,True
MC200_CMP_XM5_XM6_W8P2524_XM7_XM11_W16P8587_S016_LOW_W4,67,-3.22621e-06;-7.89263e-06;-3.1557e-06;-3.3513e-06;-8.16439e-06;-8.93129e-06;-3.18533e-06;-8.16447e-06,-3.14132e-06;-7.9406e-06;-3.07358e-06;-3.26386e-06;-8.16123e-06;-8.94043e-06;-3.10296e-06;-8.16022e-06,3.3;-2.0488e-06;-1.67278e-06;-1.69048e-06;-1.96475e-06;3.3;3.3;-1.96078e-06,-1.75543e-06;3.3;3.3;3.3;3.3;-1.97976e-06;-1.65044e-06;3.3,RETRY_5NS;RETRY_5NS;RETRY_5NS;RETRY_5NS;RETRY_5NS;RETRY_5NS;RETRY_5NS;RETRY_5NS,8,8,10000110,134,121,1000011,7,134,120,134,INFERRED_AT_DAC_BRIDGE_OUTPUT,10000110,134,10000110,134,10000110,134,10000110,134,True,True
MC200_CMP_XM5_XM6_W8P2524_XM7_XM11_W16P8587_S017_LOW_W4,0,-2.97726e-06;-8.23484e-06;-3.07315e-06;-3.07123e-06;-8.17762e-06;-8.17741e-06;-2.88582e-06;-8.21581e-06,-2.9289e-06;-8.24831e-06;-3.02479e-06;-3.02153e-06;-8.20084e-06;-8.19907e-06;-2.83476e-06;-8.23823e-06,3.3;3.3;3.3;-1.62743e-06;-1.92702e-06;-1.92452e-06;-1.61536e-06;-1.922e-06,-1.70791e-06;-1.94915e-06;-1.61465e-06;3.3;3.3;3.3;3.3;3.3,RETRY_5NS;RETRY_5NS;RETRY_5NS;RETRY_5NS;RETRY_5NS;RETRY_5NS;RETRY_5NS;RETRY_5NS,8,8,11100000,224,31,1110000,7,224,30,224,INFERRED_AT_DAC_BRIDGE_OUTPUT,11100000,224,11100000,224,11100000,224,11100000,224,True,True
MC200_CMP_XM5_XM6_W8P2524_XM7_XM11_W16P8587_S017_LOW_W4,1,-3.14219e-06;-8.42776e-06;-3.21939e-06;-3.2178e-06;-8.37332e-06;-8.37175e-06;-3.21132e-06;-8.79891e-06,-3.0921e-06;-8.45241e-06;-3.16913e-06;-3.1666e-06;-8.39976e-06;-8.39977e-06;-3.16121e-06;-8.82608e-06,3.3;3.3;3.3;-1.63188e-06;3.3;3.3;3.3;3.3,-1.74078e-06;-1.97238e-06;-1.63892e-06;3.3;-1.93646e-06;-1.93216e-06;-1.6254e-06;-1.92896e-06,RETRY_5NS;RETRY_5NS;RETRY_5NS;RETRY_5NS;RETRY_5NS;RETRY_5NS;RETRY_5NS;RETRY_5NS,8,8,11101111,239,16,1110111,7,238,16,239,INFERRED_AT_DAC_BRIDGE_OUTPUT,11101111,239,11101111,239,11101111,239,11101111,239,True,True
MC200_CMP_XM5_XM6_W8P2524_XM7_XM11_W16P8587_S017_LOW_W4,2,-2.60323e-06;-7.6589e-06;-2.71983e-06;-2.69784e-06;-7.72169e-06;-7.71945e-06;-2.68849e-06;-7.75667e-06,-2.55971e-06;-7.64759e-06;-2.67475e-06;-2.65236e-06;-7.70873e-06;-7.70851e-06;-2.64367e-06;-7.74937e-06,3.3;3.3;-1.59659e-06;-1.58721e-06;3.3;3.3;-1.58297e-06;-1.87812e-06,-1.66231e-06;-1.90405e-06;3.3;3.3;-1.86969e-06;-1.85578e-06;3.3;3.3,RETRY_5NS;RETRY_5NS;RETRY_5NS;RETRY_5NS;RETRY_5NS;RETRY_5NS;RETRY_5NS;RETRY_5NS,8,8,11001100,204,51,1100110,7,204,50,204,INFERRED_AT_DAC_BRIDGE_OUTPUT,11001100,204,11001100,204,11001100,204,11001100,204,True,True
MC200_CMP_XM5_XM6_W8P2524_XM7_XM11_W16P8587_S017_LOW_W4,3,-3.06583e-06;-8.91956e-06;-3.11522e-06;-3.19116e-06;-8.33043e-06;-8.33226e-06;-3.18074e-06;-8.36993e-06,-3.01615e-06;-8.94862e-06;-3.06326e-06;-3.13973e-06;-8.36114e-06;-8.35951e-06;-3.13038e-06;-8.40026e-06,3.3;-1.98596e-06;-1.64228e-06;-1.63979e-06;-1.93754e-06;3.3;-1.62099e-06;3.3,-1.70663e-06;3.3;3.3;3.3;3.3;-1.92678e-06;3.3;-1.92594e-06,RETRY_5NS;RETRY_5NS;RETRY_5NS;RETRY_5NS;RETRY_5NS;RETRY_5NS;RETRY_5NS;RETRY_5NS,8,8,10000101,133,122,1000010,7,132,122,133,INFERRED_AT_DAC_BRIDGE_OUTPUT,10000101,133,10000101,133,10000101,133,10000101,133,True,True
MC200_CMP_XM5_XM6_W8P2524_XM7_XM11_W16P8587_S017_LOW_W4,64,-3.10076e-06;-8.3867e-06;-2.98163e-06;-3.19336e-06;-8.0251e-06;-8.33013e-06;-3.01769e-06;-8.02451e-06,-3.05088e-06;-8.40941e-06;-2.93442e-06;-3.14215e-06;-8.03786e-06;-8.36211e-06;-2.96774e-06;-8.03447e-06,3.3;3.3;3.3;-1.63917e-06;-1.91272e-06;-1.93979e-06;-1.61557e-06;-1.90109e-06,-1.72089e-06;-1.96499e-06;-1.60581e-06;3.3;3.3;3.3;3.3;3.3,RETRY_5NS;RETRY_5NS;RETRY_5NS;RETRY_5NS;RETRY_5NS;RETRY_5NS;RETRY_5NS;RETRY_5NS,8,8,11100000,224,31,1110000,7,224,30,224,INFERRED_AT_DAC_BRIDGE_OUTPUT,11100000,224,11100000,224,11100000,224,11100000,224,True,True
MC200_CMP_XM5_XM6_W8P2524_XM7_XM11_W16P8587_S017_LOW_W4,65,-3.26477e-06;-8.57937e-06;-3.16521e-06;-3.34041e-06;-9.21207e-06;-8.52472e-06;-3.18053e-06;-7.98578e-06,-3.21317e-06;-8.61321e-06;-3.11659e-06;-3.28774e-06;-9.21184e-06;-8.56244e-06;-3.13081e-06;-8.00883e-06,3.3;3.3;3.3;-1.64203e-06;3.3;3.3;3.3;3.3,-1.75372e-06;-1.98822e-06;-1.63039e-06;3.3;-1.91505e-06;-1.94598e-06;-1.62236e-06;-1.95074e-06,RETRY_5NS;RETRY_5NS;RETRY_5NS;RETRY_5NS;RETRY_5NS;RETRY_5NS;RETRY_5NS;RETRY_5NS,8,8,11101111,239,16,1110111,7,238,16,239,INFERRED_AT_DAC_BRIDGE_OUTPUT,11101111,239,11101111,239,11101111,239,11101111,239,True,True
MC200_CMP_XM5_XM6_W8P2524_XM7_XM11_W16P8587_S017_LOW_W4,66,-2.72663e-06;-8.21475e-06;-2.62865e-06;-2.82038e-06;-7.56867e-06;-7.87245e-06;-2.65769e-06;-7.56537e-06,-2.6816e-06;-8.20486e-06;-2.58471e-06;-2.77341e-06;-7.54611e-06;-7.87138e-06;-2.61324e-06;-7.5457e-06,3.3;3.3;-1.58773e-06;-1.59823e-06;3.3;3.3;-1.57962e-06;-1.85965e-06,-1.6745e-06;-1.92185e-06;3.3;3.3;-1.85602e-06;-1.87499e-06;3.3;3.3,RETRY_5NS;RETRY_5NS;RETRY_5NS;RETRY_5NS;RETRY_5NS;RETRY_5NS;RETRY_5NS;RETRY_5NS,8,8,11001100,204,51,1100110,7,204,50,204,INFERRED_AT_DAC_BRIDGE_OUTPUT,11001100,204,11001100,204,11001100,204,11001100,204,True,True
MC200_CMP_XM5_XM6_W8P2524_XM7_XM11_W16P8587_S017_LOW_W4,67,-3.19152e-06;-8.53311e-06;-2.9665e-06;-3.31332e-06;-8.17765e-06;-8.4852e-06;-3.15016e-06;-8.17865e-06,-3.14031e-06;-8.58464e-06;-2.91533e-06;-3.26038e-06;-8.19831e-06;-8.52233e-06;-3.09972e-06;-8.19652e-06,3.3;-1.99993e-06;-1.6311e-06;-1.65272e-06;-1.92363e-06;3.3;-1.62302e-06;3.3,-1.71988e-06;3.3;3.3;3.3;3.3;-1.94187e-06;3.3;-1.90628e-06,RETRY_5NS;RETRY_5NS;RETRY_5NS;RETRY_5NS;RETRY_5NS;RETRY_5NS;RETRY_5NS;RETRY_5NS,8,8,10000101,133,122,1000010,7,132,122,133,INFERRED_AT_DAC_BRIDGE_OUTPUT,10000101,133,10000101,133,10000101,133,10000101,133,True,True
MC200_CMP_XM5_XM6_W8P2524_XM7_XM11_W16P8587_S018_LOW_W4,0,-3.05782e-06;-8.28491e-06;-3.16092e-06;-3.1576e-06;-8.22541e-06;-8.22534e-06;-3.14253e-06;-8.26345e-06,-3.05065e-06;-8.27802e-06;-3.15425e-06;-3.14948e-06;-8.23027e-06;-8.2282e-06;-3.13521e-06;-8.26424e-06,3.3;3.3;3.3;-1.67381e-06;-1.98005e-06;-1.97525e-06;-1.64897e-06;3.3,-1.74857e-06;-1.99127e-06;-1.65353e-06;3.3;3.3;3.3;3.3;-1.95586e-06,RETRY_5NS;RETRY_5NS;RETRY_5NS;RETRY_5NS;RETRY_5NS;RETRY_5NS;RETRY_5NS;RETRY_5NS,8,8,11100001,225,30,1110000,7,224,30,225,INFERRED_AT_DAC_BRIDGE_OUTPUT,11100001,225,11100001,225,11100001,225,11100001,225,True,True
MC200_CMP_XM5_XM6_W8P2524_XM7_XM11_W16P8587_S018_LOW_W4,1,-3.37214e-06;-8.66e-06;-3.46839e-06;-3.45187e-06;-8.66944e-06;-8.59963e-06;-3.71398e-06;-8.63834e-06,-3.3647e-06;-8.65402e-06;-3.46154e-06;-3.44419e-06;-8.67891e-06;-8.60743e-06;-3.70586e-06;-8.64301e-06,3.3;3.3;3.3;3.3;-2.02e-06;-2.01629e-06;-1.70184e-06;3.3,-1.79872e-06;-2.03756e-06;-1.69278e-06;-1.6785e-06;3.3;3.3;3.3;-1.98573e-06,RETRY_5NS;RETRY_5NS;RETRY_5NS;RETRY_5NS;RETRY_5NS;RETRY_5NS;RETRY_5NS;RETRY_5NS,8,8,11110001,241,14,1111000,7,240,14,241,INFERRED_AT_DAC_BRIDGE_OUTPUT,11110001,241,11110001,241,11110001,241,11110001,241,True,True
MC200_CMP_XM5_XM6_W8P2524_XM7_XM11_W16P8587_S018_LOW_W4,2,-3.19186e-06;-9.90379e-06;-3.3214e-06;-3.30226e-06;-9.54707e-06;-8.41421e-06;-3.29425e-06;-8.45083e-06,-3.18472e-06;-9.89651e-06;-3.31316e-06;-3.29375e-06;-9.5429e-06;-8.41554e-06;-3.28619e-06;-8.45361e-06,3.3;3.3;-1.69459e-06;-1.68323e-06;3.3;3.3;-1.67793e-06;3.3,-1.75683e-06;-2.00606e-06;3.3;3.3;-1.97086e-06;-1.97159e-06;3.3;-1.97219e-06,RETRY_5NS;RETRY_5NS;RETRY_5NS;RETRY_5NS;RETRY_5NS;RETRY_5NS;RETRY_5NS;RETRY_5NS,8,8,11001101,205,50,1100110,7,204,50,205,INFERRED_AT_DAC_BRIDGE_OUTPUT,11001101,205,11001101,205,11001101,205,11001101,205,True,True
MC200_CMP_XM5_XM6_W8P2524_XM7_XM11_W16P8587_S018_LOW_W4,3,-3.13939e-06;-8.42963e-06;-3.29709e-06;-3.27531e-06;-8.37543e-06;-8.37747e-06;-3.50913e-06;-8.41319e-06,-3.13208e-06;-8.44165e-06;-3.289e-06;-3.26666e-06;-8.37903e-06;-8.37755e-06;-3.50192e-06;-8.41583e-06,3.3;-2.0389e-06;-1.69025e-06;-1.68567e-06;-1.98757e-06;3.3;3.3;3.3,-1.74492e-06;3.3;3.3;3.3;3.3;-1.97139e-06;-1.66757e-06;-1.96435e-06,RETRY_5NS;RETRY_5NS;RETRY_5NS;RETRY_5NS;RETRY_5NS;RETRY_5NS;RETRY_5NS;RETRY_5NS,8,8,10000111,135,120,1000011,7,134,120,135,INFERRED_AT_DAC_BRIDGE_OUTPUT,10000111,135,10000111,135,10000111,135,10000111,135,True,True
MC200_CMP_XM5_XM6_W8P2524_XM7_XM11_W16P8587_S018_LOW_W4,64,-3.1794e-06;-8.43369e-06;-3.071e-06;-3.27788e-06;-8.07583e-06;-8.37527e-06;-3.11227e-06;-8.07564e-06,-3.17204e-06;-8.42732e-06;-3.06449e-06;-3.26952e-06;-8.07912e-06;-8.37954e-06;-3.10499e-06;-8.07503e-06,3.3;3.3;3.3;-1.68666e-06;-1.96564e-06;-1.99046e-06;-1.65242e-06;3.3,-1.76239e-06;-2.0073e-06;-1.64366e-06;3.3;3.3;3.3;3.3;-1.93515e-06,RETRY_5NS;RETRY_5NS;RETRY_5NS;RETRY_5NS;RETRY_5NS;RETRY_5NS;RETRY_5NS;RETRY_5NS,8,8,11100001,225,30,1110000,7,224,30,225,INFERRED_AT_DAC_BRIDGE_OUTPUT,11100001,225,11100001,225,11100001,225,11100001,225,True,True
MC200_CMP_XM5_XM6_W8P2524_XM7_XM11_W16P8587_S018_LOW_W4,65,-3.49262e-06;-8.80848e-06;-3.37904e-06;-3.57243e-06;-7.6108e-06;-8.74944e-06;-3.70717e-06;-8.4507e-06,-3.485e-06;-8.80298e-06;-3.37228e-06;-3.56458e-06;-7.62013e-06;-8.75882e-06;-3.69883e-06;-8.4537e-06,3.3;3.3;3.3;3.3;-2.01121e-06;-2.03151e-06;-1.69259e-06;3.3,-1.81259e-06;-2.05316e-06;-1.68328e-06;-1.69326e-06;3.3;3.3;3.3;-2.00698e-06,RETRY_5NS;RETRY_5NS;RETRY_5NS;RETRY_5NS;RETRY_5NS;RETRY_5NS;RETRY_5NS;RETRY_5NS,8,8,11110001,241,14,1111000,7,240,14,241,INFERRED_AT_DAC_BRIDGE_OUTPUT,11110001,241,11110001,241,11110001,241,11110001,241,True,True
MC200_CMP_XM5_XM6_W8P2524_XM7_XM11_W16P8587_S018_LOW_W4,66,-3.37158e-06;-7.89388e-06;-3.23187e-06;-3.42235e-06;-7.84947e-06;-8.56423e-06;-3.26397e-06;-8.2632e-06,-3.36429e-06;-7.89158e-06;-3.22381e-06;-3.41444e-06;-7.84788e-06;-8.56681e-06;-3.25596e-06;-8.26433e-06,3.3;3.3;-1.68543e-06;-1.69579e-06;3.3;3.3;-1.67379e-06;3.3,-1.77275e-06;-2.02923e-06;3.3;3.3;-1.9668e-06;-1.98694e-06;3.3;-1.95343e-06,RETRY_5NS;RETRY_5NS;RETRY_5NS;RETRY_5NS;RETRY_5NS;RETRY_5NS;RETRY_5NS;RETRY_5NS,8,8,11001101,205,50,1100110,7,204,50,205,INFERRED_AT_DAC_BRIDGE_OUTPUT,11001101,205,11001101,205,11001101,205,11001101,205,True,True
MC200_CMP_XM5_XM6_W8P2524_XM7_XM11_W16P8587_S018_LOW_W4,67,-3.26339e-06;-8.57711e-06;-3.20784e-06;-3.39575e-06;-8.22553e-06;-8.52761e-06;-3.38922e-06;-8.22549e-06,-3.25588e-06;-8.59126e-06;-3.19994e-06;-3.38687e-06;-8.22771e-06;-8.52871e-06;-3.38193e-06;-8.22668e-06,3.3;-2.05491e-06;-1.68017e-06;-1.69863e-06;-1.97207e-06;3.3;3.3;-1.96258e-06,-1.75849e-06;3.3;3.3;3.3;3.3;-1.98582e-06;-1.6543e-06;3.3,RETRY_5NS;RETRY_5NS;RETRY_5NS;RETRY_5NS;RETRY_5NS;RETRY_5NS;RETRY_5NS;RETRY_5NS,8,8,10000110,134,121,1000011,7,134,120,134,INFERRED_AT_DAC_BRIDGE_OUTPUT,10000110,134,10000110,134,10000110,134,10000110,134,True,True
MC200_CMP_XM5_XM6_W8P2524_XM7_XM11_W16P8587_S019_LOW_W4,0,-2.80764e-06;-8.26366e-06;-2.89336e-06;-3.07597e-06;-8.20723e-06;-8.75362e-06;-2.99608e-06;-8.2494e-06,-2.89456e-06;-8.23997e-06;-2.98224e-06;-3.16357e-06;-8.19152e-06;-8.7595e-06;-3.0825e-06;-8.23252e-06,3.3;3.3;-1.62842e-06;3.3;3.3;3.3;3.3;3.3,-1.70294e-06;-1.9432e-06;3.3;-1.61967e-06;-1.91084e-06;-1.90299e-06;-1.61033e-06;-1.90403e-06,RETRY_5NS;RETRY_5NS;RETRY_5NS;RETRY_5NS;RETRY_5NS;RETRY_5NS;RETRY_5NS;RETRY_5NS,8,8,11011111,223,32,1101111,7,222,32,223,INFERRED_AT_DAC_BRIDGE_OUTPUT,11011111,223,11011111,223,11011111,223,11011111,223,True,True
MC200_CMP_XM5_XM6_W8P2524_XM7_XM11_W16P8587_S019_LOW_W4,1,-3.08814e-06;-7.61955e-06;-3.16854e-06;-3.1573e-06;-8.61325e-06;-8.91029e-06;-3.24266e-06;-8.65545e-06,-3.18372e-06;-7.52477e-06;-3.26623e-06;-3.25444e-06;-8.55638e-06;-8.86486e-06;-3.33839e-06;-8.59861e-06,3.3;3.3;3.3;-1.65241e-06;3.3;3.3;3.3;-1.95247e-06,-1.74806e-06;-1.98915e-06;-1.64677e-06;3.3;-1.94375e-06;-1.939e-06;-1.63465e-06;3.3,RETRY_5NS;RETRY_5NS;RETRY_5NS;RETRY_5NS;RETRY_5NS;RETRY_5NS;RETRY_5NS;RETRY_5NS,8,8,11101110,238,17,1110111,7,238,16,238,INFERRED_AT_DAC_BRIDGE_OUTPUT,11101110,238,11101110,238,11101110,238,11101110,238,True,True
MC200_CMP_XM5_XM6_W8P2524_XM7_XM11_W16P8587_S019_LOW_W4,2,-3.19584e-06;-8.61701e-06;-3.14162e-06;-3.12862e-06;-8.56659e-06;-8.56489e-06;-3.1227e-06;-8.61043e-06,-3.28906e-06;-8.55832e-06;-3.23679e-06;-3.22341e-06;-8.516e-06;-8.51725e-06;-3.21943e-06;-8.55788e-06,3.3;3.3;-1.66145e-06;-1.65401e-06;3.3;-1.95157e-06;3.3;3.3,-1.72741e-06;-1.96917e-06;3.3;3.3;-1.93696e-06;3.3;-1.62944e-06;-1.93012e-06,RETRY_5NS;RETRY_5NS;RETRY_5NS;RETRY_5NS;RETRY_5NS;RETRY_5NS;RETRY_5NS;RETRY_5NS,8,8,11001011,203,52,1100101,7,202,52,203,INFERRED_AT_DAC_BRIDGE_OUTPUT,11001011,203,11001011,203,11001011,203,11001011,203,True,True
MC200_CMP_XM5_XM6_W8P2524_XM7_XM11_W16P8587_S019_LOW_W4,3,-2.89997e-06;-8.43844e-06;-3.0265e-06;-3.01051e-06;-8.38336e-06;-8.02303e-06;-3.0018e-06;-8.42982e-06,-2.99023e-06;-8.41408e-06;-3.11802e-06;-3.10146e-06;-8.35586e-06;-7.98166e-06;-3.09423e-06;-8.39523e-06,3.3;-1.99183e-06;-1.64899e-06;-1.64513e-06;-1.94573e-06;3.3;-1.63333e-06;3.3,-1.70054e-06;3.3;3.3;3.3;3.3;-1.9185e-06;3.3;-1.9112e-06,RETRY_5NS;RETRY_5NS;RETRY_5NS;RETRY_5NS;RETRY_5NS;RETRY_5NS;RETRY_5NS;RETRY_5NS,8,8,10000101,133,122,1000010,7,132,122,133,INFERRED_AT_DAC_BRIDGE_OUTPUT,10000101,133,10000101,133,10000101,133,10000101,133,True,True
MC200_CMP_XM5_XM6_W8P2524_XM7_XM11_W16P8587_S019_LOW_W4,64,-2.92884e-06;-8.44335e-06;-2.80335e-06;-2.75541e-06;-8.0267e-06;-8.38649e-06;-2.87895e-06;-8.02367e-06,-3.01947e-06;-8.4009e-06;-2.88945e-06;-2.84976e-06;-8.02936e-06;-8.35392e-06;-2.96693e-06;-8.02922e-06,3.3;3.3;-1.61936e-06;3.3;3.3;3.3;3.3;3.3,-1.71695e-06;-1.95782e-06;3.3;-1.62078e-06;-1.89647e-06;-1.92101e-06;-1.60461e-06;-1.88587e-06,RETRY_5NS;RETRY_5NS;RETRY_5NS;RETRY_5NS;RETRY_5NS;RETRY_5NS;RETRY_5NS;RETRY_5NS,8,8,11011111,223,32,1101111,7,222,32,223,INFERRED_AT_DAC_BRIDGE_OUTPUT,11011111,223,11011111,223,11011111,223,11011111,223,True,True
MC200_CMP_XM5_XM6_W8P2524_XM7_XM11_W16P8587_S019_LOW_W4,65,-3.20854e-06;-7.55584e-06;-3.07877e-06;-3.27784e-06;-8.43266e-06;-8.79244e-06;-3.12301e-06;-8.42969e-06,-3.30783e-06;-7.43072e-06;-3.17367e-06;-3.37872e-06;-8.39419e-06;-8.71928e-06;-3.21898e-06;-8.39529e-06,3.3;3.3;3.3;-1.66428e-06;3.3;3.3;3.3;-1.97454e-06,-1.76196e-06;-2.006e-06;-1.63734e-06;3.3;-1.9291e-06;-1.95518e-06;-1.62848e-06;3.3,RETRY_5NS;RETRY_5NS;RETRY_5NS;RETRY_5NS;RETRY_5NS;RETRY_5NS;RETRY_5NS;RETRY_5NS,8,8,11101110,238,17,1110111,7,238,16,238,INFERRED_AT_DAC_BRIDGE_OUTPUT,11101110,238,11101110,238,11101110,238,11101110,238,True,True
MC200_CMP_XM5_XM6_W8P2524_XM7_XM11_W16P8587_S019_LOW_W4,66,-3.32762e-06;-8.79681e-06;-3.09754e-06;-3.24916e-06;-7.96004e-06;-7.5629e-06;-3.09242e-06;-8.38471e-06,-3.42441e-06;-8.71949e-06;-3.1892e-06;-3.34768e-06;-7.91464e-06;-7.46228e-06;-3.18822e-06;-8.35455e-06,3.3;3.3;-1.65507e-06;-1.66557e-06;3.3;-1.97595e-06;3.3;3.3,-1.74023e-06;-1.98479e-06;3.3;3.3;-1.92511e-06;3.3;-1.62717e-06;-1.91136e-06,RETRY_5NS;RETRY_5NS;RETRY_5NS;RETRY_5NS;RETRY_5NS;RETRY_5NS;RETRY_5NS;RETRY_5NS,8,8,11001011,203,52,1100101,7,202,52,203,INFERRED_AT_DAC_BRIDGE_OUTPUT,11001011,203,11001011,203,11001011,203,11001011,203,True,True
MC200_CMP_XM5_XM6_W8P2524_XM7_XM11_W16P8587_S019_LOW_W4,67,-3.02311e-06;-8.61694e-06;-2.93691e-06;-3.13097e-06;-8.20297e-06;-8.56611e-06;-3.20914e-06;-8.20412e-06,-3.11713e-06;-8.57538e-06;-3.02563e-06;-3.22567e-06;-8.19332e-06;-8.51646e-06;-3.29938e-06;-8.1919e-06,3.3;-2.0068e-06;-1.64075e-06;-1.65751e-06;-1.93054e-06;3.3;-1.63884e-06;3.3,-1.71345e-06;3.3;3.3;3.3;3.3;-1.93186e-06;3.3;-1.89606e-06,RETRY_5NS;RETRY_5NS;RETRY_5NS;RETRY_5NS;RETRY_5NS;RETRY_5NS;RETRY_5NS;RETRY_5NS,8,8,10000101,133,122,1000010,7,132,122,133,INFERRED_AT_DAC_BRIDGE_OUTPUT,10000101,133,10000101,133,10000101,133,10000101,133,True,True
MC200_CMP_XM5_XM6_W8P2524_XM7_XM11_W16P8587_S020_LOW_W4,0,-3.12649e-06;-8.49028e-06;-3.22257e-06;-3.21968e-06;-8.43622e-06;-8.43454e-06;-3.20748e-06;-9.07402e-06,-3.16668e-06;-8.46899e-06;-3.26288e-06;-3.26134e-06;-8.4209e-06;-8.42092e-06;-3.24871e-06;-9.07302e-06,3.3;3.3;-1.70964e-06;3.3;3.3;3.3;3.3;3.3,-1.77553e-06;-2.02438e-06;3.3;-1.6829e-06;-1.99124e-06;-1.98748e-06;-1.67434e-06;-1.98425e-06,RETRY_5NS;RETRY_5NS;RETRY_5NS;RETRY_5NS;RETRY_5NS;RETRY_5NS;RETRY_5NS;RETRY_5NS,8,8,11011111,223,32,1101111,7,222,32,223,INFERRED_AT_DAC_BRIDGE_OUTPUT,11011111,223,11011111,223,11011111,223,11011111,223,True,True
MC200_CMP_XM5_XM6_W8P2524_XM7_XM11_W16P8587_S020_LOW_W4,1,-3.1372e-06;-8.49344e-06;-3.36284e-06;-3.21403e-06;-8.43584e-06;-8.43373e-06;-3.44209e-06;-8.4727e-06,-3.17772e-06;-8.47177e-06;-3.40418e-06;-3.25467e-06;-8.42084e-06;-8.42131e-06;-3.48273e-06;-8.46112e-06,3.3;3.3;3.3;-1.70667e-06;3.3;3.3;3.3;-2.01672e-06,-1.78933e-06;-2.02827e-06;-1.69183e-06;3.3;-1.98993e-06;-1.98734e-06;-1.67895e-06;3.3,RETRY_5NS;RETRY_5NS;RETRY_5NS;RETRY_5NS;RETRY_5NS;RETRY_5NS;RETRY_5NS;RETRY_5NS,8,8,11101110,238,17,1110111,7,238,16,238,INFERRED_AT_DAC_BRIDGE_OUTPUT,11101110,238,11101110,238,11101110,238,11101110,238,True,True
MC200_CMP_XM5_XM6_W8P2524_XM7_XM11_W16P8587_S020_LOW_W4,2,-3.06298e-06;-8.40219e-06;-3.17366e-06;-3.156e-06;-8.35264e-06;-8.35027e-06;-3.14743e-06;-8.70117e-06,-3.10261e-06;-8.38758e-06;-3.21313e-06;-3.19463e-06;-8.34325e-06;-8.34485e-06;-3.18779e-06;-8.69786e-06,3.3;3.3;-1.7132e-06;-1.70506e-06;3.3;-2.01145e-06;3.3;3.3,-1.76136e-06;-2.01346e-06;3.3;3.3;-1.98042e-06;3.3;-1.66786e-06;-1.96977e-06,RETRY_5NS;RETRY_5NS;RETRY_5NS;RETRY_5NS;RETRY_5NS;RETRY_5NS;RETRY_5NS;RETRY_5NS,8,8,11001011,203,52,1100101,7,202,52,203,INFERRED_AT_DAC_BRIDGE_OUTPUT,11001011,203,11001011,203,11001011,203,11001011,203,True,True
MC200_CMP_XM5_XM6_W8P2524_XM7_XM11_W16P8587_S020_LOW_W4,3,-3.03109e-06;-8.40584e-06;-3.35451e-06;-3.15874e-06;-8.34977e-06;-9.20108e-06;-3.28321e-06;-8.39111e-06,-3.07029e-06;-8.40665e-06;-3.39396e-06;-3.19776e-06;-8.34615e-06;-9.20837e-06;-3.32506e-06;-8.3833e-06,3.3;-2.06587e-06;-1.71881e-06;-1.70666e-06;-2.01814e-06;3.3;-1.702e-06;3.3,-1.75252e-06;3.3;3.3;3.3;3.3;-1.97394e-06;3.3;-1.9675e-06,RETRY_5NS;RETRY_5NS;RETRY_5NS;RETRY_5NS;RETRY_5NS;RETRY_5NS;RETRY_5NS;RETRY_5NS,8,8,10000101,133,122,1000010,7,132,122,133,INFERRED_AT_DAC_BRIDGE_OUTPUT,10000101,133,10000101,133,10000101,133,10000101,133,True,True
MC200_CMP_XM5_XM6_W8P2524_XM7_XM11_W16P8587_S020_LOW_W4,64,-3.24685e-06;-7.8927e-06;-3.13342e-06;-3.33877e-06;-8.27299e-06;-8.59788e-06;-3.17752e-06;-8.84755e-06,-3.28882e-06;-7.85183e-06;-3.17241e-06;-3.3822e-06;-8.26584e-06;-8.57617e-06;-3.21834e-06;-8.854e-06,3.3;3.3;-1.7e-06;3.3;3.3;3.3;3.3;3.3,-1.78937e-06;-2.04561e-06;3.3;-1.69582e-06;-1.97598e-06;-2.00272e-06;-1.67194e-06;-1.96209e-06,RETRY_5NS;RETRY_5NS;RETRY_5NS;RETRY_5NS;RETRY_5NS;RETRY_5NS;RETRY_5NS;RETRY_5NS,8,8,11011111,223,32,1101111,7,222,32,223,INFERRED_AT_DAC_BRIDGE_OUTPUT,11011111,223,11011111,223,11011111,223,11011111,223,True,True
MC200_CMP_XM5_XM6_W8P2524_XM7_XM11_W16P8587_S020_LOW_W4,65,-3.25651e-06;-8.65529e-06;-3.21829e-06;-3.33347e-06;-8.27265e-06;-8.59755e-06;-3.39449e-06;-8.22446e-06,-3.29878e-06;-8.62508e-06;-3.26178e-06;-3.37595e-06;-8.26575e-06;-8.57623e-06;-3.43501e-06;-8.22204e-06,3.3;3.3;3.3;-1.71956e-06;3.3;3.3;3.3;3.3,-1.80417e-06;-2.04359e-06;-1.68134e-06;3.3;-1.97416e-06;-2.0016e-06;-1.67166e-06;-1.99438e-06,RETRY_5NS;RETRY_5NS;RETRY_5NS;RETRY_5NS;RETRY_5NS;RETRY_5NS;RETRY_5NS;RETRY_5NS,8,8,11101111,239,16,1110111,7,238,16,239,INFERRED_AT_DAC_BRIDGE_OUTPUT,11101111,239,11101111,239,11101111,239,11101111,239,True,True
MC200_CMP_XM5_XM6_W8P2524_XM7_XM11_W16P8587_S020_LOW_W4,66,-3.18322e-06;-8.56431e-06;-3.08521e-06;-3.27547e-06;-7.69582e-06;-8.51344e-06;-3.11743e-06;-8.58966e-06,-3.22462e-06;-8.54146e-06;-3.1234e-06;-3.31582e-06;-7.68738e-06;-8.50034e-06;-3.15734e-06;-8.59769e-06,3.3;3.3;-1.70406e-06;-1.71611e-06;3.3;-2.02785e-06;3.3;3.3,-1.77398e-06;-2.02843e-06;3.3;3.3;-1.9739e-06;3.3;-1.66235e-06;-1.94984e-06,RETRY_5NS;RETRY_5NS;RETRY_5NS;RETRY_5NS;RETRY_5NS;RETRY_5NS;RETRY_5NS;RETRY_5NS,8,8,11001011,203,52,1100101,7,202,52,203,INFERRED_AT_DAC_BRIDGE_OUTPUT,11001011,203,11001011,203,11001011,203,11001011,203,True,True
MC200_CMP_XM5_XM6_W8P2524_XM7_XM11_W16P8587_S020_LOW_W4,67,-3.15363e-06;-8.56668e-06;-2.93192e-06;-3.27795e-06;-8.18686e-06;-8.11521e-06;-3.24804e-06;-8.18695e-06,-3.19462e-06;-8.56058e-06;-2.97031e-06;-3.3187e-06;-8.19061e-06;-8.09439e-06;-3.28621e-06;-8.18893e-06,3.3;-2.08218e-06;-1.6986e-06;-1.72111e-06;-2.0024e-06;3.3;-1.70118e-06;-1.98703e-06,-1.76561e-06;3.3;3.3;3.3;3.3;-1.9931e-06;3.3;3.3,RETRY_5NS;RETRY_5NS;RETRY_5NS;RETRY_5NS;RETRY_5NS;RETRY_5NS;RETRY_5NS;RETRY_5NS,8,8,10000100,132,123,1000010,7,132,122,132,INFERRED_AT_DAC_BRIDGE_OUTPUT,10000100,132,10000100,132,10000100,132,10000100,132,True,True
MC200_CMP_XM5_XM6_W8P2524_XM7_XM11_W16P8587_S021_LOW_W4,0,-3.12214e-06;-7.71113e-06;-3.21974e-06;-3.21749e-06;-8.28211e-06;-8.28225e-06;-3.20405e-06;-8.31858e-06,-3.04016e-06;-7.71932e-06;-3.13741e-06;-3.13368e-06;-8.2835e-06;-8.28141e-06;-3.12076e-06;-8.31895e-06,3.3;3.3;3.3;-1.73117e-06;-2.04757e-06;-2.04432e-06;-1.72009e-06;-2.0328e-06,-1.78199e-06;-2.04027e-06;-1.68717e-06;3.3;3.3;3.3;3.3;3.3,RETRY_5NS;RETRY_5NS;RETRY_5NS;RETRY_5NS;RETRY_5NS;RETRY_5NS;RETRY_5NS;RETRY_5NS,8,8,11100000,224,31,1110000,7,224,30,224,INFERRED_AT_DAC_BRIDGE_OUTPUT,11100000,224,11100000,224,11100000,224,11100000,224,True,True
MC200_CMP_XM5_XM6_W8P2524_XM7_XM11_W16P8587_S021_LOW_W4,1,-3.19597e-06;-8.41232e-06;-3.28934e-06;-3.27241e-06;-8.35374e-06;-8.35366e-06;-3.32629e-06;-8.39002e-06,-3.11261e-06;-8.41008e-06;-3.20571e-06;-3.18871e-06;-8.36249e-06;-8.3609e-06;-3.23908e-06;-8.39833e-06,3.3;3.3;3.3;3.3;-2.05601e-06;-2.05344e-06;-1.73125e-06;-2.05138e-06,-1.80501e-06;-2.04618e-06;-1.6999e-06;-1.68492e-06;3.3;3.3;3.3;3.3,RETRY_5NS;RETRY_5NS;RETRY_5NS;RETRY_5NS;RETRY_5NS;RETRY_5NS;RETRY_5NS;RETRY_5NS,8,8,11110000,240,15,1111000,7,240,14,240,INFERRED_AT_DAC_BRIDGE_OUTPUT,11110000,240,11110000,240,11110000,240,11110000,240,True,True
MC200_CMP_XM5_XM6_W8P2524_XM7_XM11_W16P8587_S021_LOW_W4,2,-3.22129e-06;-7.49723e-06;-3.44535e-06;-3.42884e-06;-9.95966e-06;-8.53475e-06;-3.42204e-06;-8.57014e-06,-3.1348e-06;-7.53691e-06;-3.35661e-06;-3.34012e-06;-9.93391e-06;-8.55457e-06;-3.33384e-06;-8.59435e-06,3.3;3.3;-1.75965e-06;-1.74707e-06;3.3;3.3;-1.74322e-06;-2.06529e-06,-1.79174e-06;-2.06311e-06;3.3;3.3;-2.01793e-06;-2.01383e-06;3.3;3.3,RETRY_5NS;RETRY_5NS;RETRY_5NS;RETRY_5NS;RETRY_5NS;RETRY_5NS;RETRY_5NS;RETRY_5NS,8,8,11001100,204,51,1100110,7,204,50,204,INFERRED_AT_DAC_BRIDGE_OUTPUT,11001100,204,11001100,204,11001100,204,11001100,204,True,True
MC200_CMP_XM5_XM6_W8P2524_XM7_XM11_W16P8587_S021_LOW_W4,3,-3.30726e-06;-8.58127e-06;-3.45027e-06;-3.43174e-06;-8.53351e-06;-8.0672e-06;-3.42143e-06;-8.57007e-06,-3.22057e-06;-8.61572e-06;-3.36159e-06;-3.34272e-06;-8.55584e-06;-8.09613e-06;-3.33424e-06;-8.59448e-06,3.3;-2.12238e-06;-1.75914e-06;-1.75108e-06;-2.06929e-06;3.3;3.3;-2.06852e-06,-1.79069e-06;3.3;3.3;3.3;3.3;-2.024e-06;-1.69809e-06;3.3,RETRY_5NS;RETRY_5NS;RETRY_5NS;RETRY_5NS;RETRY_5NS;RETRY_5NS;RETRY_5NS;RETRY_5NS,8,8,10000110,134,121,1000011,7,134,120,134,INFERRED_AT_DAC_BRIDGE_OUTPUT,10000110,134,10000110,134,10000110,134,10000110,134,True,True
MC200_CMP_XM5_XM6_W8P2524_XM7_XM11_W16P8587_S021_LOW_W4,64,-3.24701e-06;-7.66668e-06;-3.12716e-06;-3.34115e-06;-8.13886e-06;-8.4254e-06;-3.17293e-06;-8.13927e-06,-3.16219e-06;-7.6903e-06;-3.04693e-06;-3.25451e-06;-8.12625e-06;-8.43916e-06;-3.09034e-06;-8.12198e-06,3.3;3.3;3.3;-1.7436e-06;-2.03141e-06;-2.05957e-06;-1.71721e-06;3.3,-1.7968e-06;-2.05584e-06;-1.67716e-06;3.3;3.3;3.3;3.3;-1.96541e-06,RETRY_5NS;RETRY_5NS;RETRY_5NS;RETRY_5NS;RETRY_5NS;RETRY_5NS;RETRY_5NS;RETRY_5NS,8,8,11100001,225,30,1110000,7,224,30,225,INFERRED_AT_DAC_BRIDGE_OUTPUT,11100001,225,11100001,225,11100001,225,11100001,225,True,True
MC200_CMP_XM5_XM6_W8P2524_XM7_XM11_W16P8587_S021_LOW_W4,65,-3.31996e-06;-8.55456e-06;-3.19716e-06;-3.39644e-06;-8.21049e-06;-8.49709e-06;-3.37151e-06;-8.2103e-06,-3.23375e-06;-8.56513e-06;-3.11561e-06;-3.30989e-06;-8.20512e-06;-8.51818e-06;-3.2872e-06;-8.20169e-06,3.3;3.3;3.3;3.3;-2.04057e-06;-2.06925e-06;-1.7243e-06;-2.06982e-06,-1.81844e-06;-2.0617e-06;-1.68992e-06;-1.69567e-06;3.3;3.3;3.3;3.3,RETRY_5NS;RETRY_5NS;RETRY_5NS;RETRY_5NS;RETRY_5NS;RETRY_5NS;RETRY_5NS;RETRY_5NS,8,8,11110000,240,15,1111000,7,240,14,240,INFERRED_AT_DAC_BRIDGE_OUTPUT,11110000,240,11110000,240,11110000,240,11110000,240,True,True
MC200_CMP_XM5_XM6_W8P2524_XM7_XM11_W16P8587_S021_LOW_W4,66,-3.49495e-06;-8.72305e-06;-3.35345e-06;-3.5529e-06;-8.75535e-06;-8.67839e-06;-3.39091e-06;-8.39044e-06,-3.40655e-06;-8.75274e-06;-3.26684e-06;-3.46137e-06;-8.75001e-06;-8.7118e-06;-3.30342e-06;-8.39767e-06,3.3;3.3;-1.7475e-06;-1.7618e-06;3.3;3.3;-1.73896e-06;-2.04473e-06,-1.80651e-06;-2.07331e-06;3.3;3.3;-2.00499e-06;-2.02968e-06;3.3;3.3,RETRY_5NS;RETRY_5NS;RETRY_5NS;RETRY_5NS;RETRY_5NS;RETRY_5NS;RETRY_5NS;RETRY_5NS,8,8,11001100,204,51,1100110,7,204,50,204,INFERRED_AT_DAC_BRIDGE_OUTPUT,11001100,204,11001100,204,11001100,204,11001100,204,True,True
MC200_CMP_XM5_XM6_W8P2524_XM7_XM11_W16P8587_S021_LOW_W4,67,-3.43442e-06;-8.72251e-06;-3.35838e-06;-3.55566e-06;-8.38997e-06;-8.67976e-06;-3.39029e-06;-8.39034e-06,-3.34485e-06;-8.77141e-06;-3.27182e-06;-3.4638e-06;-8.39871e-06;-8.71091e-06;-3.3038e-06;-8.39788e-06,3.3;-2.13871e-06;-1.7486e-06;-1.76456e-06;-2.05385e-06;3.3;3.3;-2.04837e-06,-1.80443e-06;3.3;3.3;3.3;3.3;-2.03521e-06;-1.69475e-06;3.3,RETRY_5NS;RETRY_5NS;RETRY_5NS;RETRY_5NS;RETRY_5NS;RETRY_5NS;RETRY_5NS;RETRY_5NS,8,8,10000110,134,121,1000011,7,134,120,134,INFERRED_AT_DAC_BRIDGE_OUTPUT,10000110,134,10000110,134,10000110,134,10000110,134,True,True
MC200_CMP_XM5_XM6_W8P2524_XM7_XM11_W16P8587_S022_LOW_W4,0,-3.1444e-06;-8.63898e-06;-3.22806e-06;-3.22562e-06;-7.62693e-06;-8.58168e-06;-3.4266e-06;-8.6253e-06,-3.21409e-06;-8.58155e-06;-3.29993e-06;-3.29557e-06;-7.56446e-06;-8.53874e-06;-3.49705e-06;-8.57772e-06,3.3;3.3;3.3;-1.74686e-06;-2.0751e-06;-2.06106e-06;3.3;-2.05781e-06,-1.78987e-06;-2.03817e-06;-1.69294e-06;3.3;3.3;3.3;-1.67983e-06;3.3,RETRY_5NS;RETRY_5NS;RETRY_5NS;RETRY_5NS;RETRY_5NS;RETRY_5NS;RETRY_5NS;RETRY_5NS,8,8,11100010,226,29,1110001,7,226,28,226,INFERRED_AT_DAC_BRIDGE_OUTPUT,11100010,226,11100010,226,11100010,226,11100010,226,True,True
MC200_CMP_XM5_XM6_W8P2524_XM7_XM11_W16P8587_S022_LOW_W4,1,-2.94116e-06;-8.27518e-06;-3.02441e-06;-3.00904e-06;-8.28027e-06;-8.28052e-06;-3.004e-06;-8.32495e-06,-3.006e-06;-8.24816e-06;-3.09074e-06;-3.07557e-06;-8.26454e-06;-8.26317e-06;-3.06953e-06;-8.30082e-06,3.3;3.3;3.3;3.3;-2.04018e-06;-2.03587e-06;-1.71123e-06;3.3,-1.7811e-06;-2.01979e-06;-1.67575e-06;-1.66519e-06;3.3;3.3;3.3;-1.97178e-06,RETRY_5NS;RETRY_5NS;RETRY_5NS;RETRY_5NS;RETRY_5NS;RETRY_5NS;RETRY_5NS;RETRY_5NS,8,8,11110001,241,14,1111000,7,240,14,241,INFERRED_AT_DAC_BRIDGE_OUTPUT,11110001,241,11110001,241,11110001,241,11110001,241,True,True
MC200_CMP_XM5_XM6_W8P2524_XM7_XM11_W16P8587_S022_LOW_W4,2,-2.95885e-06;-8.37777e-06;-3.15205e-06;-2.79434e-06;-8.32726e-06;-8.32594e-06;-3.03452e-06;-8.36806e-06,-3.02432e-06;-8.34435e-06;-3.21684e-06;-2.86036e-06;-8.30012e-06;-8.30038e-06;-3.10079e-06;-8.34026e-06,3.3;3.3;-1.73646e-06;-1.71495e-06;3.3;3.3;-1.70249e-06;3.3,-1.76039e-06;-2.01214e-06;3.3;3.3;-1.97865e-06;-1.97435e-06;3.3;-1.97615e-06,RETRY_5NS;RETRY_5NS;RETRY_5NS;RETRY_5NS;RETRY_5NS;RETRY_5NS;RETRY_5NS;RETRY_5NS,8,8,11001101,205,50,1100110,7,204,50,205,INFERRED_AT_DAC_BRIDGE_OUTPUT,11001101,205,11001101,205,11001101,205,11001101,205,True,True
MC200_CMP_XM5_XM6_W8P2524_XM7_XM11_W16P8587_S022_LOW_W4,3,-2.90055e-06;-8.33455e-06;-3.0286e-06;-3.01205e-06;-8.28127e-06;-8.28355e-06;-2.75849e-06;-8.32502e-06,-2.9647e-06;-8.32044e-06;-3.09364e-06;-3.07648e-06;-8.26163e-06;-8.2609e-06;-2.8257e-06;-8.30079e-06,3.3;-2.08296e-06;-1.7294e-06;-1.72286e-06;-2.02721e-06;3.3;3.3;3.3,-1.7474e-06;3.3;3.3;3.3;3.3;-1.97238e-06;-1.65605e-06;-1.97124e-06,RETRY_5NS;RETRY_5NS;RETRY_5NS;RETRY_5NS;RETRY_5NS;RETRY_5NS;RETRY_5NS;RETRY_5NS,8,8,10000111,135,120,1000011,7,134,120,135,INFERRED_AT_DAC_BRIDGE_OUTPUT,10000111,135,10000111,135,10000111,135,10000111,135,True,True
MC200_CMP_XM5_XM6_W8P2524_XM7_XM11_W16P8587_S022_LOW_W4,64,-3.175e-06;-8.68173e-06;-3.04673e-06;-3.25589e-06;-7.62773e-06;-8.62464e-06;-3.09518e-06;-7.86145e-06,-3.24545e-06;-8.62059e-06;-3.11387e-06;-3.3266e-06;-7.59539e-06;-8.57823e-06;-3.1634e-06;-7.82219e-06,3.3;3.3;3.3;-1.7504e-06;-2.04814e-06;-2.06547e-06;3.3;-2.03876e-06,-1.79355e-06;-2.04207e-06;-1.67358e-06;3.3;3.3;3.3;-1.66911e-06;3.3,RETRY_5NS;RETRY_5NS;RETRY_5NS;RETRY_5NS;RETRY_5NS;RETRY_5NS;RETRY_5NS;RETRY_5NS,8,8,11100010,226,29,1110001,7,226,28,226,INFERRED_AT_DAC_BRIDGE_OUTPUT,11100010,226,11100010,226,11100010,226,11100010,226,True,True
MC200_CMP_XM5_XM6_W8P2524_XM7_XM11_W16P8587_S022_LOW_W4,65,-3.06229e-06;-8.66448e-06;-2.93426e-06;-3.13036e-06;-8.10871e-06;-8.45265e-06;-2.97355e-06;-8.11005e-06,-3.1301e-06;-8.62102e-06;-2.99836e-06;-3.19985e-06;-8.1067e-06;-8.42065e-06;-3.03833e-06;-8.10335e-06,3.3;3.3;3.3;3.3;-2.02456e-06;-2.04974e-06;-1.70566e-06;3.3,-1.7954e-06;-2.03264e-06;-1.66645e-06;-1.67773e-06;3.3;3.3;3.3;-1.99079e-06,RETRY_5NS;RETRY_5NS;RETRY_5NS;RETRY_5NS;RETRY_5NS;RETRY_5NS;RETRY_5NS;RETRY_5NS,8,8,11110001,241,14,1111000,7,240,14,241,INFERRED_AT_DAC_BRIDGE_OUTPUT,11110001,241,11110001,241,11110001,241,11110001,241,True,True
MC200_CMP_XM5_XM6_W8P2524_XM7_XM11_W16P8587_S022_LOW_W4,66,-3.08071e-06;-8.54896e-06;-3.00958e-06;-3.17543e-06;-8.15537e-06;-8.49792e-06;-3.00389e-06;-8.0053e-06,-3.14918e-06;-8.50086e-06;-3.07245e-06;-3.24317e-06;-8.14261e-06;-8.45808e-06;-3.06984e-06;-7.99404e-06,3.3;3.3;-1.72509e-06;-1.7302e-06;3.3;3.3;3.3;-2.01934e-06,-1.77448e-06;-2.02763e-06;3.3;3.3;-1.96336e-06;-1.99003e-06;-1.65605e-06;3.3,RETRY_5NS;RETRY_5NS;RETRY_5NS;RETRY_5NS;RETRY_5NS;RETRY_5NS;RETRY_5NS;RETRY_5NS,8,8,11001110,206,49,1100111,7,206,48,206,INFERRED_AT_DAC_BRIDGE_OUTPUT,11001110,206,11001110,206,11001110,206,11001110,206,True,True
MC200_CMP_XM5_XM6_W8P2524_XM7_XM11_W16P8587_S022_LOW_W4,67,-3.02445e-06;-8.50446e-06;-2.93858e-06;-3.13327e-06;-8.1098e-06;-8.45215e-06;-3.12246e-06;-8.10892e-06,-3.09161e-06;-8.47707e-06;-3.00138e-06;-3.20069e-06;-8.10345e-06;-8.4219e-06;-3.18541e-06;-8.1044e-06,3.3;-2.09944e-06;-1.71952e-06;-1.73614e-06;3.3;-2.0541e-06;-1.71839e-06;-2.0167e-06,-1.76131e-06;3.3;3.3;3.3;-1.94738e-06;3.3;3.3;3.3,RETRY_5NS;RETRY_5NS;RETRY_5NS;RETRY_5NS;RETRY_5NS;RETRY_5NS;RETRY_5NS;RETRY_5NS,8,8,10001000,136,119,1000100,7,136,118,136,INFERRED_AT_DAC_BRIDGE_OUTPUT,10001000,136,10001000,136,10001000,136,10001000,136,True,True
MC200_CMP_XM5_XM6_W8P2524_XM7_XM11_W16P8587_S023_LOW_W4,0,-3.09333e-06;-8.43949e-06;-3.18352e-06;-3.18153e-06;-8.38269e-06;-8.38322e-06;-3.17042e-06;-9.77365e-06,-3.06451e-06;-8.4347e-06;-3.15455e-06;-3.15143e-06;-8.38995e-06;-8.38782e-06;-3.14082e-06;-9.75512e-06,3.3;3.3;3.3;-1.67592e-06;-1.9807e-06;-1.9772e-06;-1.66554e-06;3.3,-1.81541e-06;-2.06967e-06;-1.71708e-06;3.3;3.3;3.3;3.3;-2.02245e-06,RETRY_5NS;RETRY_5NS;RETRY_5NS;RETRY_5NS;RETRY_5NS;RETRY_5NS;RETRY_5NS;RETRY_5NS,8,8,11100001,225,30,1110000,7,224,30,225,INFERRED_AT_DAC_BRIDGE_OUTPUT,11100001,225,11100001,225,11100001,225,11100001,225,True,True
MC200_CMP_XM5_XM6_W8P2524_XM7_XM11_W16P8587_S023_LOW_W4,1,-3.0727e-06;-8.40319e-06;-3.1154e-06;-3.14469e-06;-8.34321e-06;-8.34333e-06;-3.13955e-06;-8.38394e-06,-3.04443e-06;-8.39673e-06;-3.08721e-06;-3.11643e-06;-8.34913e-06;-8.34752e-06;-3.11032e-06;-8.38644e-06,3.3;3.3;3.3;3.3;-1.9785e-06;-1.97501e-06;-1.66187e-06;-1.97217e-06,-1.82691e-06;-2.07163e-06;-1.72053e-06;-1.70516e-06;3.3;3.3;3.3;3.3,RETRY_5NS;RETRY_5NS;RETRY_5NS;RETRY_5NS;RETRY_5NS;RETRY_5NS;RETRY_5NS;RETRY_5NS,8,8,11110000,240,15,1111000,7,240,14,240,INFERRED_AT_DAC_BRIDGE_OUTPUT,11110000,240,11110000,240,11110000,240,11110000,240,True,True
MC200_CMP_XM5_XM6_W8P2524_XM7_XM11_W16P8587_S023_LOW_W4,2,-3.05922e-06;-8.39382e-06;-3.13892e-06;-3.25262e-06;-8.34691e-06;-8.34487e-06;-3.13949e-06;-8.38402e-06,-3.03104e-06;-8.38994e-06;-3.1092e-06;-3.22059e-06;-8.34439e-06;-8.34504e-06;-3.11027e-06;-8.38631e-06,3.3;3.3;-1.67577e-06;-1.67189e-06;3.3;3.3;-1.66186e-06;-1.96863e-06,-1.80492e-06;-2.06319e-06;3.3;3.3;-2.03076e-06;-2.02208e-06;3.3;3.3,RETRY_5NS;RETRY_5NS;RETRY_5NS;RETRY_5NS;RETRY_5NS;RETRY_5NS;RETRY_5NS;RETRY_5NS,8,8,11001100,204,51,1100110,7,204,50,204,INFERRED_AT_DAC_BRIDGE_OUTPUT,11001100,204,11001100,204,11001100,204,11001100,204,True,True
MC200_CMP_XM5_XM6_W8P2524_XM7_XM11_W16P8587_S023_LOW_W4,3,-2.99816e-06;-8.35641e-06;-3.13635e-06;-3.11799e-06;-8.3042e-06;-8.30648e-06;-3.10822e-06;-8.34443e-06,-2.97026e-06;-8.36653e-06;-3.10718e-06;-3.08848e-06;-8.30508e-06;-8.30354e-06;-3.08004e-06;-8.34531e-06,3.3;-2.01868e-06;-1.67325e-06;-1.66812e-06;-1.96694e-06;3.3;3.3;-1.96693e-06,-1.79193e-06;3.3;3.3;3.3;3.3;-2.02426e-06;-1.70272e-06;3.3,RETRY_5NS;RETRY_5NS;RETRY_5NS;RETRY_5NS;RETRY_5NS;RETRY_5NS;RETRY_5NS;RETRY_5NS,8,8,10000110,134,121,1000011,7,134,120,134,INFERRED_AT_DAC_BRIDGE_OUTPUT,10000110,134,10000110,134,10000110,134,10000110,134,True,True
MC200_CMP_XM5_XM6_W8P2524_XM7_XM11_W16P8587_S023_LOW_W4,64,-3.21735e-06;-8.59667e-06;-3.09142e-06;-3.30443e-06;-8.22492e-06;-8.54127e-06;-3.1392e-06;-7.68812e-06,-3.18686e-06;-8.59715e-06;-3.0637e-06;-3.27269e-06;-8.22566e-06;-8.55205e-06;-3.11043e-06;-7.69308e-06,3.3;3.3;3.3;-1.68868e-06;-1.96702e-06;-1.99268e-06;-1.65948e-06;3.3,-1.82992e-06;-2.08506e-06;-1.70799e-06;3.3;3.3;3.3;3.3;-2.0143e-06,RETRY_5NS;RETRY_5NS;RETRY_5NS;RETRY_5NS;RETRY_5NS;RETRY_5NS;RETRY_5NS;RETRY_5NS,8,8,11100001,225,30,1110000,7,224,30,225,INFERRED_AT_DAC_BRIDGE_OUTPUT,11100001,225,11100001,225,11100001,225,11100001,225,True,True
MC200_CMP_XM5_XM6_W8P2524_XM7_XM11_W16P8587_S023_LOW_W4,65,-3.19584e-06;-8.56005e-06;-3.13686e-06;-3.26805e-06;-8.81159e-06;-8.50127e-06;-3.10858e-06;-8.18622e-06,-3.16591e-06;-8.55883e-06;-3.11003e-06;-3.23815e-06;-8.79988e-06;-8.51185e-06;-3.07976e-06;-8.181e-06,3.3;3.3;3.3;3.3;-1.96425e-06;-1.98957e-06;-1.65956e-06;-1.99061e-06,-1.84079e-06;-2.08626e-06;-1.71511e-06;-1.71893e-06;3.3;3.3;3.3;3.3,RETRY_5NS;RETRY_5NS;RETRY_5NS;RETRY_5NS;RETRY_5NS;RETRY_5NS;RETRY_5NS;RETRY_5NS,8,8,11110000,240,15,1111000,7,240,14,240,INFERRED_AT_DAC_BRIDGE_OUTPUT,11110000,240,11110000,240,11110000,240,11110000,240,True,True
MC200_CMP_XM5_XM6_W8P2524_XM7_XM11_W16P8587_S023_LOW_W4,66,-3.18321e-06;-8.55107e-06;-3.1277e-06;-3.37868e-06;-8.18862e-06;-8.50309e-06;-3.10848e-06;-8.18632e-06,-3.15338e-06;-8.55262e-06;-3.09945e-06;-3.34821e-06;-8.18053e-06;-8.50917e-06;-3.07968e-06;-8.18087e-06,3.3;3.3;-1.6709e-06;-1.68382e-06;3.3;3.3;-1.65894e-06;-1.94234e-06,-1.81886e-06;-2.07916e-06;3.3;3.3;-2.01405e-06;-2.03824e-06;3.3;3.3,RETRY_5NS;RETRY_5NS;RETRY_5NS;RETRY_5NS;RETRY_5NS;RETRY_5NS;RETRY_5NS;RETRY_5NS,8,8,11001100,204,51,1100110,7,204,50,204,INFERRED_AT_DAC_BRIDGE_OUTPUT,11001100,204,11001100,204,11001100,204,11001100,204,True,True
MC200_CMP_XM5_XM6_W8P2524_XM7_XM11_W16P8587_S023_LOW_W4,67,-3.12432e-06;-8.5124e-06;-3.04471e-06;-3.24113e-06;-8.14615e-06;-8.70231e-06;-3.07725e-06;-8.1467e-06,-3.09475e-06;-8.52939e-06;-3.01676e-06;-3.20996e-06;-8.14095e-06;-8.70227e-06;-3.04951e-06;-8.13987e-06,3.3;-2.03387e-06;-1.66495e-06;-1.67949e-06;-1.95231e-06;3.3;3.3;-1.94813e-06,-1.80463e-06;3.3;3.3;3.3;3.3;-2.03825e-06;-1.69958e-06;3.3,RETRY_5NS;RETRY_5NS;RETRY_5NS;RETRY_5NS;RETRY_5NS;RETRY_5NS;RETRY_5NS;RETRY_5NS,8,8,10000110,134,121,1000011,7,134,120,134,INFERRED_AT_DAC_BRIDGE_OUTPUT,10000110,134,10000110,134,10000110,134,10000110,134,True,True
MC200_CMP_XM5_XM6_W8P2524_XM7_XM11_W16P8587_S024_LOW_W4,0,-3.0055e-06;-8.16248e-06;-3.1177e-06;-3.11472e-06;-8.10059e-06;-8.09975e-06;-3.25664e-06;-9.11062e-06,-2.99877e-06;-8.14819e-06;-3.11168e-06;-3.10779e-06;-8.09709e-06;-8.09489e-06;-3.24944e-06;-9.10001e-06,3.3;3.3;3.3;-1.66192e-06;-1.96567e-06;-1.96272e-06;-1.65897e-06;-1.94808e-06,-1.75598e-06;-2.00189e-06;-1.65955e-06;3.3;3.3;3.3;3.3;3.3,RETRY_5NS;RETRY_5NS;RETRY_5NS;RETRY_5NS;RETRY_5NS;RETRY_5NS;RETRY_5NS;RETRY_5NS,8,8,11100000,224,31,1110000,7,224,30,224,INFERRED_AT_DAC_BRIDGE_OUTPUT,11100000,224,11100000,224,11100000,224,11100000,224,True,True
MC200_CMP_XM5_XM6_W8P2524_XM7_XM11_W16P8587_S024_LOW_W4,1,-3.22654e-06;-8.42321e-06;-3.33264e-06;-3.416e-06;-8.35881e-06;-8.35839e-06;-3.3033e-06;-8.39544e-06,-3.21946e-06;-8.40877e-06;-3.32585e-06;-3.40954e-06;-8.35788e-06;-8.35584e-06;-3.2957e-06;-8.39116e-06,3.3;3.3;3.3;3.3;-1.99286e-06;-1.99034e-06;-1.67538e-06;-1.98971e-06,-1.79654e-06;-2.036e-06;-1.69184e-06;-1.66382e-06;3.3;3.3;3.3;3.3,RETRY_5NS;RETRY_5NS;RETRY_5NS;RETRY_5NS;RETRY_5NS;RETRY_5NS;RETRY_5NS;RETRY_5NS,8,8,11110000,240,15,1111000,7,240,14,240,INFERRED_AT_DAC_BRIDGE_OUTPUT,11110000,240,11110000,240,11110000,240,11110000,240,True,True
MC200_CMP_XM5_XM6_W8P2524_XM7_XM11_W16P8587_S024_LOW_W4,2,-3.41656e-06;-8.66892e-06;-3.53885e-06;-3.84088e-06;-8.62092e-06;-8.61866e-06;-3.51028e-06;-8.65501e-06,-3.40902e-06;-8.65761e-06;-3.53064e-06;-3.83261e-06;-8.61281e-06;-8.61366e-06;-3.50212e-06;-8.65129e-06,3.3;3.3;-1.71262e-06;-1.70202e-06;3.3;3.3;-1.69782e-06;-2.01046e-06,-1.79696e-06;-2.05437e-06;3.3;3.3;-2.02011e-06;-2.01408e-06;3.3;3.3,RETRY_5NS;RETRY_5NS;RETRY_5NS;RETRY_5NS;RETRY_5NS;RETRY_5NS;RETRY_5NS;RETRY_5NS,8,8,11001100,204,51,1100110,7,204,50,204,INFERRED_AT_DAC_BRIDGE_OUTPUT,11001100,204,11001100,204,11001100,204,11001100,204,True,True
MC200_CMP_XM5_XM6_W8P2524_XM7_XM11_W16P8587_S024_LOW_W4,3,-3.19834e-06;-8.45288e-06;-3.37272e-06;-3.34577e-06;-8.39583e-06;-8.39781e-06;-3.3322e-06;-8.00306e-06,-3.19113e-06;-8.45694e-06;-3.36266e-06;-3.3377e-06;-8.39196e-06;-8.38988e-06;-3.32546e-06;-7.99985e-06,3.3;-2.04238e-06;-1.69328e-06;-1.68687e-06;-1.99275e-06;3.3;3.3;-1.99495e-06,-1.76748e-06;3.3;3.3;3.3;3.3;-1.99562e-06;-1.6745e-06;3.3,RETRY_5NS;RETRY_5NS;RETRY_5NS;RETRY_5NS;RETRY_5NS;RETRY_5NS;RETRY_5NS;RETRY_5NS,8,8,10000110,134,121,1000011,7,134,120,134,INFERRED_AT_DAC_BRIDGE_OUTPUT,10000110,134,10000110,134,10000110,134,10000110,134,True,True
MC200_CMP_XM5_XM6_W8P2524_XM7_XM11_W16P8587_S024_LOW_W4,64,-3.03691e-06;-8.30906e-06;-3.03008e-06;-3.23188e-06;-7.95304e-06;-8.24753e-06;-3.09242e-06;-7.67109e-06,-3.03003e-06;-8.29488e-06;-3.02409e-06;-3.22454e-06;-7.94823e-06;-8.24387e-06;-3.08531e-06;-7.66299e-06,3.3;3.3;3.3;-1.67488e-06;-1.95107e-06;-1.97851e-06;-1.65124e-06;3.3,-1.76799e-06;-2.0167e-06;-1.65107e-06;3.3;3.3;3.3;3.3;-1.9426e-06,RETRY_5NS;RETRY_5NS;RETRY_5NS;RETRY_5NS;RETRY_5NS;RETRY_5NS;RETRY_5NS;RETRY_5NS,8,8,11100001,225,30,1110000,7,224,30,225,INFERRED_AT_DAC_BRIDGE_OUTPUT,11100001,225,11100001,225,11100001,225,11100001,225,True,True
MC200_CMP_XM5_XM6_W8P2524_XM7_XM11_W16P8587_S024_LOW_W4,65,-3.34434e-06;-8.56947e-06;-3.24523e-06;-3.42893e-06;-8.21125e-06;-8.50613e-06;-3.27366e-06;-8.21035e-06,-3.33693e-06;-8.5551e-06;-3.23864e-06;-3.42193e-06;-8.20894e-06;-8.50485e-06;-3.26615e-06;-8.20489e-06,3.3;3.3;3.3;3.3;-1.97905e-06;-2.00705e-06;-1.67293e-06;-2.00844e-06,-1.81077e-06;-2.05158e-06;-1.68097e-06;-1.68624e-06;3.3;3.3;3.3;3.3,RETRY_5NS;RETRY_5NS;RETRY_5NS;RETRY_5NS;RETRY_5NS;RETRY_5NS;RETRY_5NS;RETRY_5NS,8,8,11110000,240,15,1111000,7,240,14,240,INFERRED_AT_DAC_BRIDGE_OUTPUT,11110000,240,11110000,240,11110000,240,11110000,240,True,True
MC200_CMP_XM5_XM6_W8P2524_XM7_XM11_W16P8587_S024_LOW_W4,66,-3.53525e-06;-8.81591e-06;-3.45168e-06;-3.6366e-06;-8.47302e-06;-8.76661e-06;-3.48074e-06;-8.46959e-06,-3.52736e-06;-8.80483e-06;-3.44381e-06;-3.62759e-06;-8.4643e-06;-8.76251e-06;-3.47265e-06;-8.4654e-06,3.3;3.3;-1.7032e-06;-1.71531e-06;3.3;3.3;-1.69502e-06;-1.9938e-06,-1.80963e-06;-2.07086e-06;3.3;3.3;-2.00493e-06;-2.02926e-06;3.3;3.3,RETRY_5NS;RETRY_5NS;RETRY_5NS;RETRY_5NS;RETRY_5NS;RETRY_5NS;RETRY_5NS;RETRY_5NS,8,8,11001100,204,51,1100110,7,204,50,204,INFERRED_AT_DAC_BRIDGE_OUTPUT,11001100,204,11001100,204,11001100,204,11001100,204,True,True
MC200_CMP_XM5_XM6_W8P2524_XM7_XM11_W16P8587_S024_LOW_W4,67,-3.31975e-06;-8.59815e-06;-3.28623e-06;-3.46334e-06;-8.248e-06;-8.54581e-06;-3.30261e-06;-8.24738e-06,-3.31218e-06;-8.60392e-06;-3.27577e-06;-3.45488e-06;-8.24322e-06;-8.53859e-06;-3.29597e-06;-8.24211e-06,3.3;-2.05792e-06;-1.68379e-06;-1.69985e-06;-1.97722e-06;3.3;3.3;-1.97389e-06,-1.78154e-06;3.3;3.3;3.3;3.3;-2.0104e-06;-1.67187e-06;3.3,RETRY_5NS;RETRY_5NS;RETRY_5NS;RETRY_5NS;RETRY_5NS;RETRY_5NS;RETRY_5NS;RETRY_5NS,8,8,10000110,134,121,1000011,7,134,120,134,INFERRED_AT_DAC_BRIDGE_OUTPUT,10000110,134,10000110,134,10000110,134,10000110,134,True,True
MC200_CMP_XM5_XM6_W8P2524_XM7_XM11_W16P8587_S025_LOW_W4,0,-3.02002e-06;-8.3239e-06;-3.33637e-06;-3.11645e-06;-8.26388e-06;-8.26361e-06;-3.10264e-06;-8.30394e-06,-3.04891e-06;-8.34225e-06;-3.36605e-06;-3.14468e-06;-8.29592e-06;-8.29406e-06;-3.13102e-06;-8.3317e-06,3.3;3.3;3.3;-1.61941e-06;-1.91588e-06;-1.9115e-06;-1.60873e-06;3.3,-1.73766e-06;-1.9833e-06;-1.65409e-06;3.3;3.3;3.3;3.3;-1.93831e-06,RETRY_5NS;RETRY_5NS;RETRY_5NS;RETRY_5NS;RETRY_5NS;RETRY_5NS;RETRY_5NS;RETRY_5NS,8,8,11100001,225,30,1110000,7,224,30,225,INFERRED_AT_DAC_BRIDGE_OUTPUT,11100001,225,11100001,225,11100001,225,11100001,225,True,True
MC200_CMP_XM5_XM6_W8P2524_XM7_XM11_W16P8587_S025_LOW_W4,1,-3.15146e-06;-8.48637e-06;-3.24464e-06;-3.22905e-06;-8.53362e-06;-8.42372e-06;-3.22263e-06;-8.46423e-06,-3.18176e-06;-8.50091e-06;-3.27592e-06;-3.25865e-06;-8.56444e-06;-8.45217e-06;-3.25246e-06;-8.48979e-06,3.3;3.3;3.3;3.3;-1.92894e-06;-1.92602e-06;-1.6234e-06;-1.92457e-06,-1.76815e-06;-2.00395e-06;-1.66522e-06;-1.64878e-06;3.3;3.3;3.3;3.3,RETRY_5NS;RETRY_5NS;RETRY_5NS;RETRY_5NS;RETRY_5NS;RETRY_5NS;RETRY_5NS;RETRY_5NS,8,8,11110000,240,15,1111000,7,240,14,240,INFERRED_AT_DAC_BRIDGE_OUTPUT,11110000,240,11110000,240,11110000,240,11110000,240,True,True
MC200_CMP_XM5_XM6_W8P2524_XM7_XM11_W16P8587_S025_LOW_W4,2,-2.47511e-06;-7.58908e-06;-2.59771e-06;-2.57295e-06;-7.5417e-06;-7.54302e-06;-2.56243e-06;-7.58195e-06,-2.49931e-06;-7.62467e-06;-2.62138e-06;-2.59591e-06;-7.57953e-06;-7.58258e-06;-2.58588e-06;-7.6221e-06,3.3;3.3;-1.5702e-06;-1.55982e-06;3.3;3.3;-1.55649e-06;-1.84102e-06,-1.67268e-06;-1.91498e-06;3.3;3.3;-1.88565e-06;-1.8731e-06;3.3;3.3,RETRY_5NS;RETRY_5NS;RETRY_5NS;RETRY_5NS;RETRY_5NS;RETRY_5NS;RETRY_5NS;RETRY_5NS,8,8,11001100,204,51,1100110,7,204,50,204,INFERRED_AT_DAC_BRIDGE_OUTPUT,11001100,204,11001100,204,11001100,204,11001100,204,True,True
MC200_CMP_XM5_XM6_W8P2524_XM7_XM11_W16P8587_S025_LOW_W4,3,-3.19682e-06;-8.59715e-06;-3.62581e-06;-3.32234e-06;-8.5443e-06;-8.5281e-06;-3.31243e-06;-8.29762e-06,-3.22762e-06;-8.62961e-06;-3.65681e-06;-3.35217e-06;-8.56883e-06;-8.54955e-06;-3.34283e-06;-8.3191e-06,3.3;-1.98542e-06;-1.64742e-06;-1.63983e-06;-1.93511e-06;3.3;3.3;-1.93681e-06,-1.74703e-06;3.3;3.3;3.3;3.3;-1.9739e-06;-1.65619e-06;3.3,RETRY_5NS;RETRY_5NS;RETRY_5NS;RETRY_5NS;RETRY_5NS;RETRY_5NS;RETRY_5NS;RETRY_5NS,8,8,10000110,134,121,1000011,7,134,120,134,INFERRED_AT_DAC_BRIDGE_OUTPUT,10000110,134,10000110,134,10000110,134,10000110,134,True,True
MC200_CMP_XM5_XM6_W8P2524_XM7_XM11_W16P8587_S025_LOW_W4,64,-3.14047e-06;-8.48307e-06;-3.02961e-06;-3.23568e-06;-8.10397e-06;-8.42373e-06;-3.07266e-06;-8.10342e-06,-3.17048e-06;-8.49797e-06;-3.05788e-06;-3.26499e-06;-8.1382e-06;-8.45188e-06;-3.10076e-06;-8.13453e-06,3.3;3.3;3.3;-1.63102e-06;-1.90089e-06;-1.92667e-06;-1.60616e-06;3.3,-1.75173e-06;-1.99906e-06;-1.63704e-06;3.3;3.3;3.3;3.3;-1.92475e-06,RETRY_5NS;RETRY_5NS;RETRY_5NS;RETRY_5NS;RETRY_5NS;RETRY_5NS;RETRY_5NS;RETRY_5NS,8,8,11100001,225,30,1110000,7,224,30,225,INFERRED_AT_DAC_BRIDGE_OUTPUT,11100001,225,11100001,225,11100001,225,11100001,225,True,True
MC200_CMP_XM5_XM6_W8P2524_XM7_XM11_W16P8587_S025_LOW_W4,65,-3.27103e-06;-8.6453e-06;-3.15581e-06;-3.34856e-06;-8.85002e-06;-8.5838e-06;-3.19261e-06;-8.26374e-06,-3.30244e-06;-8.65635e-06;-3.18624e-06;-3.37927e-06;-8.88724e-06;-8.60992e-06;-3.22216e-06;-8.29254e-06,3.3;3.3;3.3;3.3;-1.91131e-06;-1.94147e-06;-1.62025e-06;-1.94126e-06,-1.78221e-06;-2.0189e-06;-1.65589e-06;-1.66109e-06;3.3;3.3;3.3;3.3,RETRY_5NS;RETRY_5NS;RETRY_5NS;RETRY_5NS;RETRY_5NS;RETRY_5NS;RETRY_5NS;RETRY_5NS,8,8,11110000,240,15,1111000,7,240,14,240,INFERRED_AT_DAC_BRIDGE_OUTPUT,11110000,240,11110000,240,11110000,240,11110000,240,True,True
MC200_CMP_XM5_XM6_W8P2524_XM7_XM11_W16P8587_S025_LOW_W4,66,-2.59547e-06;-8.40846e-06;-2.50905e-06;-2.69261e-06;-7.49892e-06;-7.70336e-06;-2.53241e-06;-7.38139e-06,-2.62079e-06;-8.44589e-06;-2.53193e-06;-2.71664e-06;-7.53914e-06;-7.74023e-06;-2.55548e-06;-7.42492e-06,3.3;3.3;-1.56128e-06;-1.57284e-06;3.3;3.3;-1.55111e-06;-1.82346e-06,-1.68486e-06;-1.93035e-06;3.3;3.3;-1.8751e-06;-1.89011e-06;3.3;3.3,RETRY_5NS;RETRY_5NS;RETRY_5NS;RETRY_5NS;RETRY_5NS;RETRY_5NS;RETRY_5NS;RETRY_5NS,8,8,11001100,204,51,1100110,7,204,50,204,INFERRED_AT_DAC_BRIDGE_OUTPUT,11001100,204,11001100,204,11001100,204,11001100,204,True,True
MC200_CMP_XM5_XM6_W8P2524_XM7_XM11_W16P8587_S025_LOW_W4,67,-3.31939e-06;-8.75513e-06;-3.39563e-06;-3.44168e-06;-8.38411e-06;-7.48634e-06;-3.28246e-06;-8.1135e-06,-3.3513e-06;-8.78573e-06;-3.42565e-06;-3.47257e-06;-8.41126e-06;-7.49606e-06;-3.31259e-06;-8.13838e-06,3.3;-2.00053e-06;-1.64013e-06;-1.65245e-06;-1.92044e-06;3.3;3.3;-1.91704e-06,-1.76118e-06;3.3;3.3;3.3;3.3;-1.99539e-06;-1.65355e-06;3.3,RETRY_5NS;RETRY_5NS;RETRY_5NS;RETRY_5NS;RETRY_5NS;RETRY_5NS;RETRY_5NS;RETRY_5NS,8,8,10000110,134,121,1000011,7,134,120,134,INFERRED_AT_DAC_BRIDGE_OUTPUT,10000110,134,10000110,134,10000110,134,10000110,134,True,True
MC200_CMP_XM5_XM6_W8P2524_XM7_XM11_W16P8587_S026_LOW_W4,0,-3.21669e-06;-8.52439e-06;-3.31984e-06;-3.28231e-06;-8.46411e-06;-8.46401e-06;-3.30275e-06;-8.504e-06,-3.29111e-06;-8.47874e-06;-3.39525e-06;-3.3571e-06;-8.43518e-06;-8.43326e-06;-3.37707e-06;-8.46741e-06,3.3;3.3;3.3;-1.64149e-06;-1.94156e-06;-1.93467e-06;-1.62487e-06;3.3,-1.839e-06;-2.097e-06;-1.74246e-06;3.3;3.3;3.3;3.3;-2.05793e-06,RETRY_5NS;RETRY_5NS;RETRY_5NS;RETRY_5NS;RETRY_5NS;RETRY_5NS;RETRY_5NS;RETRY_5NS,8,8,11100001,225,30,1110000,7,224,30,225,INFERRED_AT_DAC_BRIDGE_OUTPUT,11100001,225,11100001,225,11100001,225,11100001,225,True,True
MC200_CMP_XM5_XM6_W8P2524_XM7_XM11_W16P8587_S026_LOW_W4,1,-3.37214e-06;-8.68279e-06;-3.71004e-06;-3.4281e-06;-8.62006e-06;-8.62012e-06;-3.42164e-06;-8.66012e-06,-3.44815e-06;-8.62429e-06;-3.78398e-06;-3.50482e-06;-8.58029e-06;-8.57843e-06;-3.49739e-06;-8.61257e-06,3.3;3.3;3.3;3.3;-1.95746e-06;-1.9531e-06;-1.64112e-06;3.3,-1.87082e-06;-2.12014e-06;-1.76487e-06;-1.74849e-06;3.3;3.3;3.3;-2.06976e-06,RETRY_5NS;RETRY_5NS;RETRY_5NS;RETRY_5NS;RETRY_5NS;RETRY_5NS;RETRY_5NS;RETRY_5NS,8,8,11110001,241,14,1111000,7,240,14,241,INFERRED_AT_DAC_BRIDGE_OUTPUT,11110001,241,11110001,241,11110001,241,11110001,241,True,True
MC200_CMP_XM5_XM6_W8P2524_XM7_XM11_W16P8587_S026_LOW_W4,2,-3.31224e-06;-8.63468e-06;-3.41859e-06;-3.55044e-06;-8.21068e-06;-8.58293e-06;-3.48113e-06;-8.62135e-06,-3.38809e-06;-8.58197e-06;-3.49412e-06;-3.62458e-06;-8.15921e-06;-8.53957e-06;-3.55514e-06;-8.57604e-06,3.3;3.3;-1.6552e-06;-1.64318e-06;3.3;3.3;-1.64159e-06;3.3,-1.84347e-06;-2.10658e-06;3.3;3.3;-2.07768e-06;-2.06902e-06;3.3;-2.07002e-06,RETRY_5NS;RETRY_5NS;RETRY_5NS;RETRY_5NS;RETRY_5NS;RETRY_5NS;RETRY_5NS;RETRY_5NS,8,8,11001101,205,50,1100110,7,204,50,205,INFERRED_AT_DAC_BRIDGE_OUTPUT,11001101,205,11001101,205,11001101,205,11001101,205,True,True
MC200_CMP_XM5_XM6_W8P2524_XM7_XM11_W16P8587_S026_LOW_W4,3,-3.08593e-06;-7.83818e-06;-3.41016e-06;-3.22596e-06;-8.34736e-06;-8.34917e-06;-3.21325e-06;-8.38624e-06,-3.15915e-06;-7.81138e-06;-3.48198e-06;-3.29881e-06;-8.32392e-06;-8.32239e-06;-3.28744e-06;-8.35937e-06,3.3;-1.98067e-06;-1.6427e-06;-1.63083e-06;-1.92326e-06;3.3;3.3;-1.91317e-06,-1.81421e-06;3.3;3.3;3.3;3.3;-2.04764e-06;-1.72271e-06;3.3,RETRY_5NS;RETRY_5NS;RETRY_5NS;RETRY_5NS;RETRY_5NS;RETRY_5NS;RETRY_5NS;RETRY_5NS,8,8,10000110,134,121,1000011,7,134,120,134,INFERRED_AT_DAC_BRIDGE_OUTPUT,10000110,134,10000110,134,10000110,134,10000110,134,True,True
MC200_CMP_XM5_XM6_W8P2524_XM7_XM11_W16P8587_S026_LOW_W4,64,-3.3359e-06;-8.67946e-06;-3.23168e-06;-3.39677e-06;-8.30816e-06;-8.62019e-06;-3.27303e-06;-8.30785e-06,-3.41181e-06;-8.62136e-06;-3.30603e-06;-3.47269e-06;-8.2904e-06;-8.57808e-06;-3.34699e-06;-8.28736e-06,3.3;3.3;3.3;-1.64917e-06;-1.92647e-06;-1.95194e-06;3.3;-1.9193e-06,-1.85286e-06;-2.1137e-06;-1.73227e-06;3.3;3.3;3.3;-1.71815e-06;3.3,RETRY_5NS;RETRY_5NS;RETRY_5NS;RETRY_5NS;RETRY_5NS;RETRY_5NS;RETRY_5NS;RETRY_5NS,8,8,11100010,226,29,1110001,7,226,28,226,INFERRED_AT_DAC_BRIDGE_OUTPUT,11100010,226,11100010,226,11100010,226,11100010,226,True,True
MC200_CMP_XM5_XM6_W8P2524_XM7_XM11_W16P8587_S026_LOW_W4,65,-3.57799e-06;-8.83758e-06;-3.58402e-06;-3.54636e-06;-8.46412e-06;-8.77627e-06;-3.392e-06;-8.46451e-06,-3.65491e-06;-8.76657e-06;-3.65726e-06;-3.62451e-06;-8.4355e-06;-8.72318e-06;-3.46737e-06;-8.43163e-06,3.3;3.3;3.3;3.3;-1.94176e-06;-1.96735e-06;-1.64087e-06;3.3,-1.88883e-06;-2.13606e-06;-1.75598e-06;-1.7626e-06;3.3;3.3;3.3;-2.09028e-06,RETRY_5NS;RETRY_5NS;RETRY_5NS;RETRY_5NS;RETRY_5NS;RETRY_5NS;RETRY_5NS;RETRY_5NS,8,8,11110001,241,14,1111000,7,240,14,241,INFERRED_AT_DAC_BRIDGE_OUTPUT,11110001,241,11110001,241,11110001,241,11110001,241,True,True
MC200_CMP_XM5_XM6_W8P2524_XM7_XM11_W16P8587_S026_LOW_W4,66,-3.43747e-06;-8.78993e-06;-3.551e-06;-3.8319e-06;-7.71546e-06;-8.73923e-06;-3.39727e-06;-8.26911e-06,-3.51471e-06;-8.725e-06;-3.62419e-06;-3.90557e-06;-7.66831e-06;-8.68424e-06;-3.47373e-06;-8.23718e-06,3.3;3.3;-1.64616e-06;-1.66497e-06;3.3;3.3;-1.63559e-06;3.3,-1.8575e-06;-2.12349e-06;3.3;3.3;-2.06797e-06;-2.08466e-06;3.3;-2.04993e-06,RETRY_5NS;RETRY_5NS;RETRY_5NS;RETRY_5NS;RETRY_5NS;RETRY_5NS;RETRY_5NS;RETRY_5NS,8,8,11001101,205,50,1100110,7,204,50,205,INFERRED_AT_DAC_BRIDGE_OUTPUT,11001101,205,11001101,205,11001101,205,11001101,205,True,True
MC200_CMP_XM5_XM6_W8P2524_XM7_XM11_W16P8587_S026_LOW_W4,67,-3.20764e-06;-7.53795e-06;-3.01632e-06;-3.34373e-06;-8.19113e-06;-8.2107e-06;-3.18355e-06;-8.19064e-06,-3.28233e-06;-7.49645e-06;-3.09056e-06;-3.41793e-06;-8.17931e-06;-8.16828e-06;-3.2574e-06;-8.17839e-06,3.3;-1.99745e-06;-1.62337e-06;-1.64408e-06;-1.90721e-06;3.3;3.3;3.3,-1.82724e-06;3.3;3.3;3.3;3.3;-2.06556e-06;-1.72064e-06;-2.01829e-06,RETRY_5NS;RETRY_5NS;RETRY_5NS;RETRY_5NS;RETRY_5NS;RETRY_5NS;RETRY_5NS;RETRY_5NS,8,8,10000111,135,120,1000011,7,134,120,135,INFERRED_AT_DAC_BRIDGE_OUTPUT,10000111,135,10000111,135,10000111,135,10000111,135,True,True
MC200_CMP_XM5_XM6_W8P2524_XM7_XM11_W16P8587_S027_LOW_W4,0,-3.2321e-06;-8.64392e-06;-3.60351e-06;-3.32143e-06;-8.58639e-06;-8.58667e-06;-3.31052e-06;-8.62848e-06,-3.25963e-06;-8.62068e-06;-3.6304e-06;-3.34861e-06;-8.57912e-06;-8.57754e-06;-3.33824e-06;-8.61536e-06,3.3;3.3;3.3;-1.71092e-06;-2.02386e-06;-2.02063e-06;-1.70182e-06;-2.01689e-06,-1.86525e-06;-2.12666e-06;-1.76966e-06;3.3;3.3;3.3;3.3;3.3,RETRY_5NS;RETRY_5NS;RETRY_5NS;RETRY_5NS;RETRY_5NS;RETRY_5NS;RETRY_5NS;RETRY_5NS,8,8,11100000,224,31,1110000,7,224,30,224,INFERRED_AT_DAC_BRIDGE_OUTPUT,11100000,224,11100000,224,11100000,224,11100000,224,True,True
MC200_CMP_XM5_XM6_W8P2524_XM7_XM11_W16P8587_S027_LOW_W4,1,-3.2418e-06;-9.04309e-06;-3.32927e-06;-3.31567e-06;-8.59165e-06;-8.58993e-06;-3.31922e-06;-8.629e-06,-3.26963e-06;-9.0216e-06;-3.3577e-06;-3.34347e-06;-8.57383e-06;-8.57417e-06;-3.34717e-06;-8.61479e-06,3.3;3.3;3.3;-1.69831e-06;3.3;3.3;3.3;3.3,-1.88157e-06;-2.12906e-06;-1.7722e-06;3.3;-2.0918e-06;-2.0872e-06;-1.75699e-06;-2.08498e-06,RETRY_5NS;RETRY_5NS;RETRY_5NS;RETRY_5NS;RETRY_5NS;RETRY_5NS;RETRY_5NS;RETRY_5NS,8,8,11101111,239,16,1110111,7,238,16,231,INFERRED_AT_DAC_BRIDGE_OUTPUT,11100111,231,11100111,231,11100111,231,11100111,231,True,True
MC200_CMP_XM5_XM6_W8P2524_XM7_XM11_W16P8587_S027_LOW_W4,2,-3.07646e-06;-8.43518e-06;-3.4097e-06;-3.16569e-06;-8.3866e-06;-8.38448e-06;-3.15803e-06;-7.98222e-06,-3.10371e-06;-8.42013e-06;-3.43568e-06;-3.19183e-06;-8.37577e-06;-8.37687e-06;-3.18614e-06;-7.96714e-06,3.3;3.3;-1.70522e-06;-1.68967e-06;3.3;-1.98564e-06;3.3;3.3,-1.83872e-06;-2.10333e-06;3.3;3.3;-2.06867e-06;3.3;-1.74093e-06;-2.07535e-06,RETRY_5NS;RETRY_5NS;RETRY_5NS;RETRY_5NS;RETRY_5NS;RETRY_5NS;RETRY_5NS;RETRY_5NS,8,8,11001011,203,52,1100101,7,202,52,195,INFERRED_AT_DAC_BRIDGE_OUTPUT,11000011,195,11000011,195,11000011,195,11000011,195,True,True
MC200_CMP_XM5_XM6_W8P2524_XM7_XM11_W16P8587_S027_LOW_W4,3,-3.0468e-06;-8.4375e-06;-3.18708e-06;-3.16814e-06;-8.3835e-06;-8.31736e-06;-3.15832e-06;-8.42558e-06,-3.07371e-06;-8.43816e-06;-3.21388e-06;-3.1945e-06;-8.37833e-06;-8.3073e-06;-3.18549e-06;-8.41606e-06,3.3;-2.04888e-06;-1.6979e-06;-1.69357e-06;-2.00035e-06;3.3;-1.67863e-06;3.3,-1.82846e-06;3.3;3.3;3.3;3.3;-2.06601e-06;3.3;-2.0656e-06,RETRY_5NS;RETRY_5NS;RETRY_5NS;RETRY_5NS;RETRY_5NS;RETRY_5NS;RETRY_5NS;RETRY_5NS,8,8,10000101,133,122,1000010,7,132,122,133,INFERRED_AT_DAC_BRIDGE_OUTPUT,10000101,133,10000101,133,10000101,133,10000101,133,True,True
MC200_CMP_XM5_XM6_W8P2524_XM7_XM11_W16P8587_S027_LOW_W4,64,-3.354e-06;-8.80565e-06;-3.47315e-06;-3.44212e-06;-8.42408e-06;-8.74916e-06;-3.28011e-06;-8.42498e-06,-3.382e-06;-8.77776e-06;-3.49931e-06;-3.46977e-06;-8.42023e-06;-8.73655e-06;-3.30771e-06;-8.41675e-06,3.3;3.3;3.3;-1.72395e-06;-2.00801e-06;-2.03621e-06;-1.6984e-06;-1.99855e-06,-1.87992e-06;-2.14245e-06;-1.75817e-06;3.3;3.3;3.3;3.3;3.3,RETRY_5NS;RETRY_5NS;RETRY_5NS;RETRY_5NS;RETRY_5NS;RETRY_5NS;RETRY_5NS;RETRY_5NS,8,8,11100000,224,31,1110000,7,224,30,224,INFERRED_AT_DAC_BRIDGE_OUTPUT,11100000,224,11100000,224,11100000,224,11100000,224,True,True
MC200_CMP_XM5_XM6_W8P2524_XM7_XM11_W16P8587_S027_LOW_W4,65,-3.36274e-06;-9.9673e-06;-3.23923e-06;-3.43676e-06;-8.42883e-06;-8.75277e-06;-3.45047e-06;-8.42552e-06,-3.39103e-06;-9.94632e-06;-3.26731e-06;-3.46504e-06;-8.4154e-06;-8.7328e-06;-3.47735e-06;-8.41611e-06,3.3;3.3;3.3;-1.71308e-06;3.3;3.3;3.3;3.3,-1.8956e-06;-2.14095e-06;-1.76209e-06;3.3;-2.0756e-06;-2.10384e-06;-1.75896e-06;-2.10514e-06,RETRY_5NS;RETRY_5NS;RETRY_5NS;RETRY_5NS;RETRY_5NS;RETRY_5NS;RETRY_5NS;RETRY_5NS,8,8,11101111,239,16,1110111,7,238,16,239,INFERRED_AT_DAC_BRIDGE_OUTPUT,11101111,239,11101111,239,11101111,239,11101111,239,True,True
MC200_CMP_XM5_XM6_W8P2524_XM7_XM11_W16P8587_S027_LOW_W4,66,-3.19844e-06;-8.59692e-06;-3.09238e-06;-3.28682e-06;-8.22387e-06;-8.54721e-06;-3.12857e-06;-8.22119e-06,-3.22617e-06;-8.57742e-06;-3.11878e-06;-3.31341e-06;-8.21724e-06;-8.53564e-06;-3.15475e-06;-8.21841e-06,3.3;3.3;-1.68981e-06;-1.70316e-06;3.3;3.3;-1.68302e-06;-1.98014e-06,-1.85237e-06;-2.11993e-06;3.3;3.3;-2.05239e-06;-2.06729e-06;3.3;3.3,RETRY_5NS;RETRY_5NS;RETRY_5NS;RETRY_5NS;RETRY_5NS;RETRY_5NS;RETRY_5NS;RETRY_5NS,8,8,11001100,204,51,1100110,7,204,50,204,INFERRED_AT_DAC_BRIDGE_OUTPUT,11001100,204,11001100,204,11001100,204,11001100,204,True,True
MC200_CMP_XM5_XM6_W8P2524_XM7_XM11_W16P8587_S027_LOW_W4,67,-3.17088e-06;-8.59799e-06;-3.09752e-06;-3.28936e-06;-8.22104e-06;-8.70171e-06;-3.31941e-06;-8.22205e-06,-3.19827e-06;-8.59557e-06;-3.12397e-06;-3.31617e-06;-8.21948e-06;-8.68847e-06;-3.34618e-06;-8.21741e-06,3.3;-2.06496e-06;-1.68811e-06;-1.70652e-06;-1.98495e-06;3.3;-1.67729e-06;3.3,-1.84422e-06;3.3;3.3;3.3;3.3;-2.08041e-06;3.3;-2.04579e-06,RETRY_5NS;RETRY_5NS;RETRY_5NS;RETRY_5NS;RETRY_5NS;RETRY_5NS;RETRY_5NS;RETRY_5NS,8,8,10000101,133,122,1000010,7,132,122,133,INFERRED_AT_DAC_BRIDGE_OUTPUT,10000101,133,10000101,133,10000101,133,10000101,133,True,True
MC200_CMP_XM5_XM6_W8P2524_XM7_XM11_W16P8587_S028_LOW_W4,0,-3.05103e-06;-8.2004e-06;-3.14784e-06;-3.14559e-06;-8.23792e-06;-8.23771e-06;-3.29986e-06;-8.27607e-06,-3.0152e-06;-8.18277e-06;-3.11217e-06;-3.10862e-06;-8.231e-06;-8.22918e-06;-3.26333e-06;-8.26603e-06,3.3;3.3;3.3;-1.73792e-06;-2.05589e-06;-2.05197e-06;-1.72887e-06;-2.03698e-06,-1.77025e-06;-2.01768e-06;-1.67236e-06;3.3;3.3;3.3;3.3;3.3,RETRY_5NS;RETRY_5NS;RETRY_5NS;RETRY_5NS;RETRY_5NS;RETRY_5NS;RETRY_5NS;RETRY_5NS,8,8,11100000,224,31,1110000,7,224,30,224,INFERRED_AT_DAC_BRIDGE_OUTPUT,11100000,224,11100000,224,11100000,224,11100000,224,True,True
MC200_CMP_XM5_XM6_W8P2524_XM7_XM11_W16P8587_S028_LOW_W4,1,-2.81183e-06;-7.7758e-06;-2.73212e-06;-2.7104e-06;-7.71146e-06;-7.71067e-06;-2.76252e-06;-7.74734e-06,-2.77358e-06;-7.7437e-06;-2.69995e-06;-2.67824e-06;-7.68679e-06;-7.68506e-06;-2.72905e-06;-7.72226e-06,3.3;3.3;3.3;3.3;-2.00071e-06;-1.99646e-06;-1.68856e-06;-1.99597e-06,-1.7462e-06;-1.96881e-06;-1.63648e-06;-1.62256e-06;3.3;3.3;3.3;3.3,RETRY_5NS;RETRY_5NS;RETRY_5NS;RETRY_5NS;RETRY_5NS;RETRY_5NS;RETRY_5NS;RETRY_5NS,8,8,11110000,240,15,1111000,7,240,14,240,INFERRED_AT_DAC_BRIDGE_OUTPUT,11110000,240,11110000,240,11110000,240,11110000,240,True,True
MC200_CMP_XM5_XM6_W8P2524_XM7_XM11_W16P8587_S028_LOW_W4,2,-3.32458e-06;-8.62545e-06;-3.43103e-06;-3.41515e-06;-8.5805e-06;-8.57834e-06;-3.54661e-06;-8.61536e-06,-3.28685e-06;-8.61836e-06;-3.39191e-06;-3.37569e-06;-8.57567e-06;-8.57677e-06;-3.5085e-06;-8.61634e-06,3.3;3.3;-1.77301e-06;-1.76129e-06;3.3;3.3;-1.76202e-06;-2.08046e-06,-1.79343e-06;-2.048e-06;3.3;3.3;-2.01376e-06;-2.00705e-06;3.3;3.3,RETRY_5NS;RETRY_5NS;RETRY_5NS;RETRY_5NS;RETRY_5NS;RETRY_5NS;RETRY_5NS;RETRY_5NS,8,8,11001100,204,51,1100110,7,204,50,204,INFERRED_AT_DAC_BRIDGE_OUTPUT,11001100,204,11001100,204,11001100,204,11001100,204,True,True
MC200_CMP_XM5_XM6_W8P2524_XM7_XM11_W16P8587_S028_LOW_W4,3,-3.07596e-06;-8.36621e-06;-3.29977e-06;-3.20418e-06;-8.31337e-06;-8.15966e-06;-3.19325e-06;-8.35109e-06,-3.03982e-06;-8.36753e-06;-3.26265e-06;-3.16644e-06;-8.30607e-06;-8.15e-06;-3.15666e-06;-8.34435e-06,3.3;-2.10782e-06;-1.75165e-06;-1.74299e-06;-2.05679e-06;3.3;3.3;-2.05656e-06,-1.75971e-06;3.3;3.3;3.3;3.3;-1.98783e-06;-1.66796e-06;3.3,RETRY_5NS;RETRY_5NS;RETRY_5NS;RETRY_5NS;RETRY_5NS;RETRY_5NS;RETRY_5NS;RETRY_5NS,8,8,10000110,134,121,1000011,7,134,120,134,INFERRED_AT_DAC_BRIDGE_OUTPUT,10000110,134,10000110,134,10000110,134,10000110,134,True,True
MC200_CMP_XM5_XM6_W8P2524_XM7_XM11_W16P8587_S028_LOW_W4,64,-3.05151e-06;-8.28017e-06;-3.0566e-06;-3.26738e-06;-8.08751e-06;-8.38834e-06;-3.05553e-06;-8.08741e-06,-3.0146e-06;-8.26698e-06;-3.02169e-06;-3.2294e-06;-8.07543e-06;-8.38475e-06;-3.01851e-06;-8.07159e-06,3.3;3.3;3.3;-1.75118e-06;-2.03939e-06;-2.06774e-06;-1.72167e-06;-2.02059e-06,-1.78042e-06;-2.03352e-06;-1.66465e-06;3.3;3.3;3.3;3.3;3.3,RETRY_5NS;RETRY_5NS;RETRY_5NS;RETRY_5NS;RETRY_5NS;RETRY_5NS;RETRY_5NS;RETRY_5NS,8,8,11100000,224,31,1110000,7,224,30,224,INFERRED_AT_DAC_BRIDGE_OUTPUT,11100000,224,11100000,224,11100000,224,11100000,224,True,True
MC200_CMP_XM5_XM6_W8P2524_XM7_XM11_W16P8587_S028_LOW_W4,65,-2.8109e-06;-7.92523e-06;-2.641e-06;-2.833e-06;-7.62036e-06;-7.86126e-06;-2.67166e-06;-7.55866e-06,-2.77208e-06;-7.89698e-06;-2.60955e-06;-2.79932e-06;-7.59028e-06;-7.84061e-06;-2.63867e-06;-7.52785e-06,3.3;3.3;3.3;3.3;-1.98213e-06;-2.0125e-06;-1.67893e-06;-2.01506e-06,-1.75406e-06;-1.98402e-06;-1.62696e-06;-1.63185e-06;3.3;3.3;3.3;3.3,RETRY_5NS;RETRY_5NS;RETRY_5NS;RETRY_5NS;RETRY_5NS;RETRY_5NS;RETRY_5NS;RETRY_5NS,8,8,11110000,240,15,1111000,7,240,14,240,INFERRED_AT_DAC_BRIDGE_OUTPUT,11110000,240,11110000,240,11110000,240,11110000,240,True,True
MC200_CMP_XM5_XM6_W8P2524_XM7_XM11_W16P8587_S028_LOW_W4,66,-3.44768e-06;-8.77525e-06;-3.34019e-06;-3.5374e-06;-8.42969e-06;-8.72917e-06;-3.37775e-06;-8.42659e-06,-3.40897e-06;-8.77222e-06;-3.30182e-06;-3.49698e-06;-8.42054e-06;-8.7322e-06;-3.33912e-06;-8.42205e-06,3.3;3.3;-1.76153e-06;-1.77568e-06;3.3;3.3;-1.75354e-06;-2.06503e-06,-1.80723e-06;-2.06314e-06;3.3;3.3;-1.999e-06;-2.02234e-06;3.3;3.3,RETRY_5NS;RETRY_5NS;RETRY_5NS;RETRY_5NS;RETRY_5NS;RETRY_5NS;RETRY_5NS;RETRY_5NS,8,8,11001100,204,51,1100110,7,204,50,204,INFERRED_AT_DAC_BRIDGE_OUTPUT,11001100,204,11001100,204,11001100,204,11001100,204,True,True
MC200_CMP_XM5_XM6_W8P2524_XM7_XM11_W16P8587_S028_LOW_W4,67,-3.20129e-06;-8.51462e-06;-3.27569e-06;-3.49487e-06;-8.16269e-06;-8.67979e-06;-3.17638e-06;-8.16242e-06,-3.16415e-06;-8.52143e-06;-3.23939e-06;-3.45673e-06;-8.15068e-06;-8.67096e-06;-3.14058e-06;-8.14995e-06,3.3;-2.12412e-06;-1.74491e-06;-1.76226e-06;-2.04232e-06;3.3;3.3;-2.03772e-06,-1.77375e-06;3.3;3.3;3.3;3.3;-2.0009e-06;-1.66732e-06;3.3,RETRY_5NS;RETRY_5NS;RETRY_5NS;RETRY_5NS;RETRY_5NS;RETRY_5NS;RETRY_5NS;RETRY_5NS,8,8,10000110,134,121,1000011,7,134,120,134,INFERRED_AT_DAC_BRIDGE_OUTPUT,10000110,134,10000110,134,10000110,134,10000110,134,True,True
MC200_CMP_XM5_XM6_W8P2524_XM7_XM11_W16P8587_S029_LOW_W4,0,-3.11205e-06;-8.29979e-06;-3.22023e-06;-3.21721e-06;-8.23994e-06;-8.23937e-06;-3.37771e-06;-8.27642e-06,-3.02668e-06;-8.28381e-06;-3.13358e-06;-3.12978e-06;-8.23269e-06;-8.23064e-06;-3.29048e-06;-8.26889e-06,3.3;3.3;3.3;-1.72489e-06;-2.03904e-06;-2.0359e-06;-1.72074e-06;-2.02137e-06,-1.79162e-06;-2.04133e-06;-1.69467e-06;3.3;3.3;3.3;3.3;3.3,RETRY_5NS;RETRY_5NS;RETRY_5NS;RETRY_5NS;RETRY_5NS;RETRY_5NS;RETRY_5NS;RETRY_5NS,8,8,11100000,224,31,1110000,7,224,30,224,INFERRED_AT_DAC_BRIDGE_OUTPUT,11100000,224,11100000,224,11100000,224,11100000,224,True,True
MC200_CMP_XM5_XM6_W8P2524_XM7_XM11_W16P8587_S029_LOW_W4,1,-2.63575e-06;-7.68666e-06;-2.72908e-06;-2.70259e-06;-7.64947e-06;-7.61609e-06;-2.7128e-06;-7.65114e-06,-2.55655e-06;-7.60982e-06;-2.65604e-06;-2.6295e-06;-7.57668e-06;-7.54249e-06;-2.6387e-06;-7.58111e-06,3.3;3.3;3.3;3.3;-1.98049e-06;-1.97132e-06;-1.66786e-06;-1.968e-06,-1.75141e-06;-1.98226e-06;-1.6494e-06;-1.63398e-06;3.3;3.3;3.3;3.3,RETRY_5NS;RETRY_5NS;RETRY_5NS;RETRY_5NS;RETRY_5NS;RETRY_5NS;RETRY_5NS;RETRY_5NS,8,8,11110000,240,15,1111000,7,240,14,240,INFERRED_AT_DAC_BRIDGE_OUTPUT,11110000,240,11110000,240,11110000,240,11110000,240,True,True
MC200_CMP_XM5_XM6_W8P2524_XM7_XM11_W16P8587_S029_LOW_W4,2,-3.28849e-06;-8.46331e-06;-3.40947e-06;-3.38896e-06;-8.46341e-06;-8.46068e-06;-3.38022e-06;-8.49663e-06,-3.19872e-06;-8.46649e-06;-3.31722e-06;-3.2965e-06;-8.47054e-06;-8.47138e-06;-3.28832e-06;-8.51222e-06,3.3;3.3;-1.74904e-06;-1.73762e-06;3.3;3.3;-1.73353e-06;-2.0515e-06,-1.80603e-06;-2.06542e-06;3.3;3.3;-2.02899e-06;-2.02289e-06;3.3;3.3,RETRY_5NS;RETRY_5NS;RETRY_5NS;RETRY_5NS;RETRY_5NS;RETRY_5NS;RETRY_5NS;RETRY_5NS,8,8,11001100,204,51,1100110,7,204,50,204,INFERRED_AT_DAC_BRIDGE_OUTPUT,11001100,204,11001100,204,11001100,204,11001100,204,True,True
MC200_CMP_XM5_XM6_W8P2524_XM7_XM11_W16P8587_S029_LOW_W4,3,-3.30605e-06;-8.44224e-06;-3.35654e-06;-3.19303e-06;-8.38659e-06;-8.36883e-06;-3.31993e-06;-8.4231e-06,-3.2159e-06;-8.45859e-06;-3.26596e-06;-3.10146e-06;-8.39166e-06;-8.37084e-06;-3.23023e-06;-8.43129e-06,3.3;-2.10073e-06;-1.74184e-06;-1.73258e-06;-2.04912e-06;3.3;3.3;-2.04702e-06,-1.79515e-06;3.3;3.3;3.3;3.3;-2.02039e-06;-1.69903e-06;3.3,RETRY_5NS;RETRY_5NS;RETRY_5NS;RETRY_5NS;RETRY_5NS;RETRY_5NS;RETRY_5NS;RETRY_5NS,8,8,10000110,134,121,1000011,7,134,120,134,INFERRED_AT_DAC_BRIDGE_OUTPUT,10000110,134,10000110,134,10000110,134,10000110,134,True,True
MC200_CMP_XM5_XM6_W8P2524_XM7_XM11_W16P8587_S029_LOW_W4,64,-3.42295e-06;-8.44533e-06;-3.13116e-06;-3.336e-06;-8.09347e-06;-8.38607e-06;-3.29184e-06;-8.09267e-06,-3.33401e-06;-8.44362e-06;-3.04736e-06;-3.24535e-06;-8.07079e-06;-8.39263e-06;-3.20582e-06;-8.06636e-06,3.3;3.3;3.3;-1.73812e-06;-2.02432e-06;-2.0514e-06;-1.71538e-06;3.3,-1.81248e-06;-2.05754e-06;-1.68684e-06;3.3;3.3;3.3;3.3;-1.9739e-06,RETRY_5NS;RETRY_5NS;RETRY_5NS;RETRY_5NS;RETRY_5NS;RETRY_5NS;RETRY_5NS;RETRY_5NS,8,8,11100001,225,30,1110000,7,224,30,225,INFERRED_AT_DAC_BRIDGE_OUTPUT,11100001,225,11100001,225,11100001,225,11100001,225,True,True
MC200_CMP_XM5_XM6_W8P2524_XM7_XM11_W16P8587_S029_LOW_W4,65,-2.76543e-06;-7.83194e-06;-2.64061e-06;-2.82173e-06;-7.58403e-06;-7.76277e-06;-2.68514e-06;-7.46737e-06,-2.68402e-06;-7.76934e-06;-2.56989e-06;-2.74542e-06;-7.50083e-06;-7.70449e-06;-2.61153e-06;-7.37868e-06,3.3;3.3;3.3;3.3;-1.9528e-06;-1.98626e-06;-1.66599e-06;-1.98608e-06,-1.76563e-06;-1.99771e-06;-1.64028e-06;-1.6428e-06;3.3;3.3;3.3;3.3,RETRY_5NS;RETRY_5NS;RETRY_5NS;RETRY_5NS;RETRY_5NS;RETRY_5NS;RETRY_5NS;RETRY_5NS,8,8,11110000,240,15,1111000,7,240,14,240,INFERRED_AT_DAC_BRIDGE_OUTPUT,11110000,240,11110000,240,11110000,240,11110000,240,True,True
MC200_CMP_XM5_XM6_W8P2524_XM7_XM11_W16P8587_S029_LOW_W4,66,-3.40846e-06;-8.51816e-06;-3.32127e-06;-3.50802e-06;-8.31653e-06;-8.60773e-06;-3.35035e-06;-8.31315e-06,-3.3155e-06;-8.54396e-06;-3.23144e-06;-3.41236e-06;-8.309e-06;-8.63316e-06;-3.25924e-06;-8.30935e-06,3.3;3.3;-1.73979e-06;-1.75105e-06;3.3;3.3;-1.73062e-06;-2.02549e-06,-1.81936e-06;-2.07953e-06;3.3;3.3;-2.01564e-06;-2.03937e-06;3.3;3.3,RETRY_5NS;RETRY_5NS;RETRY_5NS;RETRY_5NS;RETRY_5NS;RETRY_5NS;RETRY_5NS;RETRY_5NS,8,8,11001100,204,51,1100110,7,204,50,204,INFERRED_AT_DAC_BRIDGE_OUTPUT,11001100,204,11001100,204,11001100,204,11001100,204,True,True
MC200_CMP_XM5_XM6_W8P2524_XM7_XM11_W16P8587_S029_LOW_W4,67,-3.42848e-06;-8.58648e-06;-3.26835e-06;-3.72886e-06;-8.23982e-06;-8.03507e-06;-3.29001e-06;-8.2393e-06,-3.33611e-06;-8.61871e-06;-3.18021e-06;-3.63555e-06;-8.22991e-06;-8.06511e-06;-3.20112e-06;-8.22887e-06,3.3;-2.11677e-06;-1.73222e-06;-1.74995e-06;-2.03331e-06;3.3;3.3;-2.02804e-06,-1.80852e-06;3.3;3.3;3.3;3.3;-2.04005e-06;-1.69645e-06;3.3,RETRY_5NS;RETRY_5NS;RETRY_5NS;RETRY_5NS;RETRY_5NS;RETRY_5NS;RETRY_5NS;RETRY_5NS,8,8,10000110,134,121,1000011,7,134,120,134,INFERRED_AT_DAC_BRIDGE_OUTPUT,10000110,134,10000110,134,10000110,134,10000110,134,True,True
MC200_CMP_XM5_XM6_W8P2524_XM7_XM11_W16P8587_S030_LOW_W4,0,-2.99348e-06;-8.26645e-06;-3.09687e-06;-3.09345e-06;-8.20951e-06;-8.20761e-06;-3.07826e-06;-7.91822e-06,-2.99106e-06;-8.27017e-06;-3.0941e-06;-3.09192e-06;-8.21661e-06;-8.21616e-06;-3.07658e-06;-7.92891e-06,3.3;3.3;-1.66505e-06;3.3;3.3;3.3;3.3;3.3,-1.76582e-06;-2.01459e-06;3.3;-1.67494e-06;-1.9809e-06;-1.97784e-06;-1.66462e-06;-1.97712e-06,RETRY_5NS;RETRY_5NS;RETRY_5NS;RETRY_5NS;RETRY_5NS;RETRY_5NS;RETRY_5NS;RETRY_5NS,8,8,11011111,223,32,1101111,7,222,32,223,INFERRED_AT_DAC_BRIDGE_OUTPUT,11011111,223,11011111,223,11011111,223,11011111,223,True,True
MC200_CMP_XM5_XM6_W8P2524_XM7_XM11_W16P8587_S030_LOW_W4,1,-3.19198e-06;-8.42949e-06;-3.22127e-06;-3.20463e-06;-8.3698e-06;-8.36809e-06;-3.32825e-06;-8.40581e-06,-3.18996e-06;-8.43328e-06;-3.2198e-06;-3.20185e-06;-8.37791e-06;-8.37776e-06;-3.32689e-06;-8.41933e-06,3.3;3.3;3.3;-1.67436e-06;3.3;3.3;3.3;-1.98356e-06,-1.79765e-06;-2.03452e-06;-1.69202e-06;3.3;-1.99627e-06;-1.99131e-06;-1.67911e-06;3.3,RETRY_5NS;RETRY_5NS;RETRY_5NS;RETRY_5NS;RETRY_5NS;RETRY_5NS;RETRY_5NS;RETRY_5NS,8,8,11101110,238,17,1110111,7,238,16,238,INFERRED_AT_DAC_BRIDGE_OUTPUT,11101110,238,11101110,238,11101110,238,11101110,238,True,True
MC200_CMP_XM5_XM6_W8P2524_XM7_XM11_W16P8587_S030_LOW_W4,2,-3.07826e-06;-8.37856e-06;-3.31824e-06;-3.1767e-06;-8.32811e-06;-8.32562e-06;-3.16711e-06;-8.3664e-06,-3.07616e-06;-8.38502e-06;-3.31574e-06;-3.17331e-06;-8.33741e-06;-8.33886e-06;-3.16543e-06;-8.37811e-06,3.3;3.3;-1.68987e-06;-1.6757e-06;3.3;-1.9792e-06;3.3;3.3,-1.76899e-06;-2.02176e-06;3.3;3.3;-1.98788e-06;3.3;-1.6745e-06;-1.98226e-06,RETRY_5NS;RETRY_5NS;RETRY_5NS;RETRY_5NS;RETRY_5NS;RETRY_5NS;RETRY_5NS;RETRY_5NS,8,8,11001011,203,52,1100101,7,202,52,203,INFERRED_AT_DAC_BRIDGE_OUTPUT,11001011,203,11001011,203,11001011,203,11001011,203,True,True
MC200_CMP_XM5_XM6_W8P2524_XM7_XM11_W16P8587_S030_LOW_W4,3,-3.01274e-06;-8.34398e-06;-3.17343e-06;-3.15049e-06;-8.64079e-06;-8.28655e-06;-3.138e-06;-8.32574e-06,-3.01042e-06;-8.36499e-06;-3.1707e-06;-3.14729e-06;-8.6548e-06;-8.29736e-06;-3.13518e-06;-8.33809e-06,3.3;-2.02748e-06;-1.68194e-06;-1.67613e-06;-1.98143e-06;3.3;-1.66669e-06;-1.97444e-06,-1.75606e-06;3.3;3.3;3.3;3.3;-1.97806e-06;3.3;3.3,RETRY_5NS;RETRY_5NS;RETRY_5NS;RETRY_5NS;RETRY_5NS;RETRY_5NS;RETRY_5NS;RETRY_5NS,8,8,10000100,132,123,1000010,7,132,122,132,INFERRED_AT_DAC_BRIDGE_OUTPUT,10000100,132,10000100,132,10000100,132,10000100,132,True,True
MC200_CMP_XM5_XM6_W8P2524_XM7_XM11_W16P8587_S030_LOW_W4,64,-3.11246e-06;-8.42588e-06;-3.00889e-06;-3.21097e-06;-8.04874e-06;-8.36835e-06;-3.04862e-06;-8.04504e-06,-3.11007e-06;-8.43003e-06;-3.00609e-06;-3.2095e-06;-8.05519e-06;-8.37776e-06;-3.04693e-06;-8.0542e-06,3.3;3.3;-1.65577e-06;3.3;3.3;3.3;3.3;3.3,-1.77998e-06;-2.03011e-06;3.3;-1.68769e-06;-1.96578e-06;-1.99329e-06;-1.66176e-06;-1.95337e-06,RETRY_5NS;RETRY_5NS;RETRY_5NS;RETRY_5NS;RETRY_5NS;RETRY_5NS;RETRY_5NS;RETRY_5NS,8,8,11011111,223,32,1101111,7,222,32,223,INFERRED_AT_DAC_BRIDGE_OUTPUT,11011111,223,11011111,223,11011111,223,11011111,223,True,True
MC200_CMP_XM5_XM6_W8P2524_XM7_XM11_W16P8587_S030_LOW_W4,65,-3.36197e-06;-8.58869e-06;-3.13372e-06;-3.32264e-06;-8.20919e-06;-8.52876e-06;-2.92991e-06;-8.20517e-06,-3.35786e-06;-8.59285e-06;-3.13218e-06;-3.31988e-06;-8.21651e-06;-8.53939e-06;-2.92844e-06;-8.21656e-06,3.3;3.3;3.3;-1.68732e-06;3.3;3.3;3.3;-2.00026e-06,-1.81313e-06;-2.05063e-06;-1.68236e-06;3.3;-1.98009e-06;-2.00583e-06;-1.66538e-06;3.3,RETRY_5NS;RETRY_5NS;RETRY_5NS;RETRY_5NS;RETRY_5NS;RETRY_5NS;RETRY_5NS;RETRY_5NS,8,8,11101110,238,17,1110111,7,238,16,238,INFERRED_AT_DAC_BRIDGE_OUTPUT,11101110,238,11101110,238,11101110,238,11101110,238,True,True
MC200_CMP_XM5_XM6_W8P2524_XM7_XM11_W16P8587_S030_LOW_W4,66,-3.19738e-06;-8.538e-06;-3.28977e-06;-3.29467e-06;-8.16748e-06;-8.48622e-06;-3.13747e-06;-8.16503e-06,-3.1953e-06;-8.54514e-06;-3.28738e-06;-3.29129e-06;-8.17589e-06;-8.5007e-06;-3.13578e-06;-8.17603e-06,3.3;3.3;-1.68306e-06;-1.68737e-06;3.3;-1.99405e-06;3.3;-1.95313e-06,-1.78144e-06;-2.0384e-06;3.3;3.3;-1.97204e-06;3.3;-1.66986e-06;3.3,RETRY_5NS;RETRY_5NS;RETRY_5NS;RETRY_5NS;RETRY_5NS;RETRY_5NS;RETRY_5NS;RETRY_5NS,8,8,11001010,202,53,1100101,7,202,52,202,INFERRED_AT_DAC_BRIDGE_OUTPUT,11001010,202,11001010,202,11001010,202,11001010,202,True,True
MC200_CMP_XM5_XM6_W8P2524_XM7_XM11_W16P8587_S030_LOW_W4,67,-3.31594e-06;-8.73931e-06;-3.26084e-06;-3.44491e-06;-8.36534e-06;-8.68793e-06;-3.28616e-06;-8.3659e-06,-3.31365e-06;-8.76535e-06;-3.25809e-06;-3.44166e-06;-8.38075e-06;-8.70192e-06;-3.28339e-06;-8.37853e-06,3.3;-2.0667e-06;-1.69158e-06;-1.7086e-06;-1.98764e-06;3.3;-1.68277e-06;-1.97859e-06,-1.78966e-06;3.3;3.3;3.3;3.3;-2.01643e-06;3.3;3.3,RETRY_5NS;RETRY_5NS;RETRY_5NS;RETRY_5NS;RETRY_5NS;RETRY_5NS;RETRY_5NS;RETRY_5NS,8,8,10000100,132,123,1000010,7,132,122,132,INFERRED_AT_DAC_BRIDGE_OUTPUT,10000100,132,10000100,132,10000100,132,10000100,132,True,True
MC200_CMP_XM5_XM6_W8P2524_XM7_XM11_W16P8587_S031_LOW_W4,0,-2.93075e-06;-8.27816e-06;-3.01259e-06;-3.13915e-06;-8.22029e-06;-8.22031e-06;-2.9993e-06;-8.26182e-06,-2.91488e-06;-8.25983e-06;-2.99628e-06;-3.12182e-06;-8.21357e-06;-8.21202e-06;-2.98278e-06;-8.2525e-06,3.3;3.3;3.3;-1.69868e-06;-2.00226e-06;-1.9995e-06;-1.68335e-06;-1.99513e-06,-1.83443e-06;-2.09095e-06;-1.73323e-06;3.3;3.3;3.3;3.3;3.3,RETRY_5NS;RETRY_5NS;RETRY_5NS;RETRY_5NS;RETRY_5NS;RETRY_5NS;RETRY_5NS;RETRY_5NS,8,8,11100000,224,31,1110000,7,224,30,224,INFERRED_AT_DAC_BRIDGE_OUTPUT,11100000,224,11100000,224,11100000,224,11100000,224,True,True
MC200_CMP_XM5_XM6_W8P2524_XM7_XM11_W16P8587_S031_LOW_W4,1,-3.0865e-06;-8.48554e-06;-3.17113e-06;-3.15837e-06;-8.43061e-06;-8.42904e-06;-3.12315e-06;-8.46871e-06,-3.06941e-06;-8.46988e-06;-3.15418e-06;-3.14026e-06;-8.41861e-06;-8.41888e-06;-3.10562e-06;-8.46157e-06,3.3;3.3;3.3;-1.69578e-06;3.3;3.3;3.3;3.3,-1.86807e-06;-2.11553e-06;-1.76043e-06;3.3;-2.0772e-06;-2.07299e-06;-1.74644e-06;-2.07177e-06,RETRY_5NS;RETRY_5NS;RETRY_5NS;RETRY_5NS;RETRY_5NS;RETRY_5NS;RETRY_5NS;RETRY_5NS,8,8,11101111,239,16,1110111,7,238,16,239,INFERRED_AT_DAC_BRIDGE_OUTPUT,11101111,239,11101111,239,11101111,239,11101111,239,True,True
MC200_CMP_XM5_XM6_W8P2524_XM7_XM11_W16P8587_S031_LOW_W4,2,-3.0738e-06;-8.47652e-06;-3.17413e-06;-3.15949e-06;-8.42909e-06;-8.42704e-06;-3.15334e-06;-8.46778e-06,-3.05677e-06;-8.46374e-06;-3.1557e-06;-3.14069e-06;-8.41865e-06;-8.41996e-06;-3.13544e-06;-8.46259e-06,3.3;3.3;-1.71299e-06;-1.70324e-06;3.3;3.3;-1.70036e-06;-2.01632e-06,-1.84455e-06;-2.10818e-06;3.3;3.3;-2.07353e-06;-2.05984e-06;3.3;3.3,RETRY_5NS;RETRY_5NS;RETRY_5NS;RETRY_5NS;RETRY_5NS;RETRY_5NS;RETRY_5NS;RETRY_5NS,8,8,11001100,204,51,1100110,7,204,50,204,INFERRED_AT_DAC_BRIDGE_OUTPUT,11001100,204,11001100,204,11001100,204,11001100,204,True,True
MC200_CMP_XM5_XM6_W8P2524_XM7_XM11_W16P8587_S031_LOW_W4,3,-2.95307e-06;-8.35581e-06;-3.08737e-06;-3.07001e-06;-8.30249e-06;-8.30439e-06;-3.06084e-06;-8.34517e-06,-2.93672e-06;-8.35602e-06;-3.06981e-06;-3.05213e-06;-8.29535e-06;-8.29349e-06;-3.04356e-06;-8.33555e-06,3.3;-2.05433e-06;-1.70504e-06;-1.69924e-06;-2.00554e-06;3.3;-1.68402e-06;3.3,-1.82556e-06;3.3;3.3;3.3;3.3;-2.05925e-06;3.3;-2.06022e-06,RETRY_5NS;RETRY_5NS;RETRY_5NS;RETRY_5NS;RETRY_5NS;RETRY_5NS;RETRY_5NS;RETRY_5NS,8,8,10000101,133,122,1000010,7,132,122,133,INFERRED_AT_DAC_BRIDGE_OUTPUT,10000101,133,10000101,133,10000101,133,10000101,133,True,True
MC200_CMP_XM5_XM6_W8P2524_XM7_XM11_W16P8587_S031_LOW_W4,64,-3.04624e-06;-8.4419e-06;-2.92073e-06;-3.25974e-06;-8.05595e-06;-8.38483e-06;-2.96851e-06;-8.05582e-06,-3.02924e-06;-8.42601e-06;-2.90572e-06;-3.23887e-06;-8.04554e-06;-8.37997e-06;-2.95225e-06;-8.04244e-06,3.3;3.3;3.3;-1.71063e-06;-1.98795e-06;-2.01477e-06;-1.68056e-06;-1.97404e-06,-1.84703e-06;-2.10524e-06;-1.72383e-06;3.3;3.3;3.3;3.3;3.3,RETRY_5NS;RETRY_5NS;RETRY_5NS;RETRY_5NS;RETRY_5NS;RETRY_5NS;RETRY_5NS;RETRY_5NS,8,8,11100000,224,31,1110000,7,224,30,224,INFERRED_AT_DAC_BRIDGE_OUTPUT,11100000,224,11100000,224,11100000,224,11100000,224,True,True
MC200_CMP_XM5_XM6_W8P2524_XM7_XM11_W16P8587_S031_LOW_W4,65,-3.20927e-06;-8.64915e-06;-3.07971e-06;-3.28108e-06;-8.2657e-06;-8.59392e-06;-3.08461e-06;-8.26275e-06,-3.19106e-06;-8.63586e-06;-3.0636e-06;-3.26188e-06;-8.25109e-06;-8.58657e-06;-3.06846e-06;-8.25156e-06,3.3;3.3;3.3;-1.70657e-06;3.3;3.3;3.3;3.3,-1.88344e-06;-2.13191e-06;-1.75014e-06;3.3;-2.06173e-06;-2.08953e-06;-1.73864e-06;-2.09213e-06,RETRY_5NS;RETRY_5NS;RETRY_5NS;RETRY_5NS;RETRY_5NS;RETRY_5NS;RETRY_5NS;RETRY_5NS,8,8,11101111,239,16,1110111,7,238,16,239,INFERRED_AT_DAC_BRIDGE_OUTPUT,11101111,239,11101111,239,11101111,239,11101111,239,True,True
MC200_CMP_XM5_XM6_W8P2524_XM7_XM11_W16P8587_S031_LOW_W4,66,-3.19719e-06;-8.64043e-06;-3.08283e-06;-3.28228e-06;-8.26436e-06;-8.59176e-06;-3.12289e-06;-8.26179e-06,-3.17904e-06;-8.63021e-06;-3.06523e-06;-3.26234e-06;-8.25105e-06;-8.58781e-06;-3.10457e-06;-8.25259e-06,3.3;3.3;-1.70365e-06;-1.71698e-06;3.3;3.3;-1.69796e-06;-1.99621e-06,-1.85876e-06;-2.12333e-06;3.3;3.3;-2.05795e-06;-2.07672e-06;3.3;3.3,RETRY_5NS;RETRY_5NS;RETRY_5NS;RETRY_5NS;RETRY_5NS;RETRY_5NS;RETRY_5NS;RETRY_5NS,8,8,11001100,204,51,1100110,7,204,50,204,INFERRED_AT_DAC_BRIDGE_OUTPUT,11001100,204,11001100,204,11001100,204,11001100,204,True,True
MC200_CMP_XM5_XM6_W8P2524_XM7_XM11_W16P8587_S031_LOW_W4,67,-3.07849e-06;-8.51841e-06;-2.99644e-06;-3.19267e-06;-8.13799e-06;-8.46908e-06;-3.03003e-06;-8.13913e-06,-3.06101e-06;-8.52263e-06;-2.97971e-06;-3.17369e-06;-8.12744e-06;-8.46134e-06;-3.01303e-06;-8.12557e-06,3.3;-2.07065e-06;-1.69528e-06;-1.71145e-06;-1.98995e-06;3.3;-1.67699e-06;3.3,-1.83931e-06;3.3;3.3;3.3;3.3;-2.07504e-06;3.3;-2.03821e-06,RETRY_5NS;RETRY_5NS;RETRY_5NS;RETRY_5NS;RETRY_5NS;RETRY_5NS;RETRY_5NS;RETRY_5NS,8,8,10000101,133,122,1000010,7,132,122,133,INFERRED_AT_DAC_BRIDGE_OUTPUT,10000101,133,10000101,133,10000101,133,10000101,133,True,True
MC200_CMP_XM5_XM6_W8P2524_XM7_XM11_W16P8587_S032_LOW_W4,0,-3.05758e-06;-8.51512e-06;-3.15045e-06;-3.14805e-06;-8.28928e-06;-8.28962e-06;-3.13609e-06;-8.3293e-06,-3.0514e-06;-8.51649e-06;-3.14464e-06;-3.14086e-06;-8.30344e-06;-8.30134e-06;-3.12928e-06;-8.33894e-06,3.3;3.3;3.3;-1.66562e-06;-1.96761e-06;-1.96437e-06;-1.64875e-06;3.3,-1.81743e-06;-2.07235e-06;-1.71997e-06;3.3;3.3;3.3;3.3;-2.0324e-06,RETRY_5NS;RETRY_5NS;RETRY_5NS;RETRY_5NS;RETRY_5NS;RETRY_5NS;RETRY_5NS;RETRY_5NS,8,8,11100001,225,30,1110000,7,224,30,225,INFERRED_AT_DAC_BRIDGE_OUTPUT,11100001,225,11100001,225,11100001,225,11100001,225,True,True
MC200_CMP_XM5_XM6_W8P2524_XM7_XM11_W16P8587_S032_LOW_W4,1,-3.16049e-06;-8.46434e-06;-3.24917e-06;-3.23399e-06;-8.40494e-06;-8.40512e-06;-3.22864e-06;-8.44486e-06,-3.15415e-06;-8.46735e-06;-3.24322e-06;-3.22778e-06;-8.42156e-06;-8.42e-06;-3.22139e-06;-8.45728e-06,3.3;3.3;3.3;3.3;-1.98053e-06;-1.97751e-06;-1.66433e-06;3.3,-1.8449e-06;-2.09119e-06;-1.73697e-06;-1.72473e-06;3.3;3.3;3.3;-2.03211e-06,RETRY_5NS;RETRY_5NS;RETRY_5NS;RETRY_5NS;RETRY_5NS;RETRY_5NS;RETRY_5NS;RETRY_5NS,8,8,11110001,241,14,1111000,7,240,14,241,INFERRED_AT_DAC_BRIDGE_OUTPUT,11110001,241,11110001,241,11110001,241,11110001,241,True,True
MC200_CMP_XM5_XM6_W8P2524_XM7_XM11_W16P8587_S032_LOW_W4,2,-3.23966e-06;-8.15657e-06;-3.34208e-06;-3.32716e-06;-8.15194e-06;-8.52297e-06;-3.32103e-06;-8.56118e-06,-3.233e-06;-8.16516e-06;-3.33422e-06;-3.31903e-06;-8.16243e-06;-8.53541e-06;-3.31343e-06;-8.57503e-06,3.3;3.3;-1.6879e-06;-1.67938e-06;3.3;3.3;-1.67238e-06;3.3,-1.83294e-06;-2.0981e-06;3.3;3.3;-2.06279e-06;-2.05396e-06;3.3;-2.05039e-06,RETRY_5NS;RETRY_5NS;RETRY_5NS;RETRY_5NS;RETRY_5NS;RETRY_5NS;RETRY_5NS;RETRY_5NS,8,8,11001101,205,50,1100110,7,204,50,205,INFERRED_AT_DAC_BRIDGE_OUTPUT,11001101,205,11001101,205,11001101,205,11001101,205,True,True
MC200_CMP_XM5_XM6_W8P2524_XM7_XM11_W16P8587_S032_LOW_W4,3,-3.18008e-06;-8.53231e-06;-3.5136e-06;-3.29904e-06;-8.4829e-06;-8.44308e-06;-3.38e-06;-8.52216e-06,-3.1733e-06;-8.55619e-06;-3.50613e-06;-3.29089e-06;-8.49702e-06;-8.4532e-06;-3.3737e-06;-8.53596e-06,3.3;-2.0326e-06;-1.69147e-06;-1.67864e-06;-1.98029e-06;3.3;3.3;-1.97631e-06,-1.81994e-06;3.3;3.3;3.3;3.3;-2.05418e-06;-1.73113e-06;3.3,RETRY_5NS;RETRY_5NS;RETRY_5NS;RETRY_5NS;RETRY_5NS;RETRY_5NS;RETRY_5NS;RETRY_5NS,8,8,10000110,134,121,1000011,7,134,120,134,INFERRED_AT_DAC_BRIDGE_OUTPUT,10000110,134,10000110,134,10000110,134,10000110,134,True,True
MC200_CMP_XM5_XM6_W8P2524_XM7_XM11_W16P8587_S032_LOW_W4,64,-3.18115e-06;-8.40231e-06;-3.05899e-06;-3.27025e-06;-8.13502e-06;-8.44379e-06;-3.10532e-06;-8.13589e-06,-3.17444e-06;-8.40649e-06;-3.05329e-06;-3.26251e-06;-8.1461e-06;-8.45905e-06;-3.09861e-06;-8.14231e-06,3.3;3.3;3.3;-1.67809e-06;-1.95235e-06;-1.97929e-06;-1.64789e-06;3.3,-1.83228e-06;-2.09037e-06;-1.71209e-06;3.3;3.3;3.3;3.3;-2.01213e-06,RETRY_5NS;RETRY_5NS;RETRY_5NS;RETRY_5NS;RETRY_5NS;RETRY_5NS;RETRY_5NS;RETRY_5NS,8,8,11100001,225,30,1110000,7,224,30,225,INFERRED_AT_DAC_BRIDGE_OUTPUT,11100001,225,11100001,225,11100001,225,11100001,225,True,True
MC200_CMP_XM5_XM6_W8P2524_XM7_XM11_W16P8587_S032_LOW_W4,65,-3.28321e-06;-8.61765e-06;-3.15787e-06;-3.3567e-06;-8.25069e-06;-8.55958e-06;-3.19784e-06;-8.25105e-06,-3.27634e-06;-8.62244e-06;-3.15229e-06;-3.34994e-06;-8.26432e-06;-8.57723e-06;-3.19072e-06;-8.26108e-06,3.3;3.3;3.3;3.3;-1.96539e-06;-1.99221e-06;-1.66162e-06;-1.99098e-06,-1.85983e-06;-2.10752e-06;-1.72662e-06;-1.73718e-06;3.3;3.3;3.3;3.3,RETRY_5NS;RETRY_5NS;RETRY_5NS;RETRY_5NS;RETRY_5NS;RETRY_5NS;RETRY_5NS;RETRY_5NS,8,8,11110000,240,15,1111000,7,240,14,240,INFERRED_AT_DAC_BRIDGE_OUTPUT,11110000,240,11110000,240,11110000,240,11110000,240,True,True
MC200_CMP_XM5_XM6_W8P2524_XM7_XM11_W16P8587_S032_LOW_W4,66,-3.36297e-06;-8.86747e-06;-3.25111e-06;-3.44981e-06;-7.87927e-06;-8.67747e-06;-3.29021e-06;-8.36753e-06,-3.35578e-06;-8.87495e-06;-3.24365e-06;-3.44121e-06;-7.88864e-06;-8.69264e-06;-3.28274e-06;-8.37859e-06,3.3;3.3;-1.67904e-06;-1.69007e-06;3.3;3.3;-1.66771e-06;3.3,-1.84666e-06;-2.10838e-06;3.3;3.3;-2.04976e-06;-2.06989e-06;3.3;-2.03077e-06,RETRY_5NS;RETRY_5NS;RETRY_5NS;RETRY_5NS;RETRY_5NS;RETRY_5NS;RETRY_5NS;RETRY_5NS,8,8,11001101,205,50,1100110,7,204,50,205,INFERRED_AT_DAC_BRIDGE_OUTPUT,11001101,205,11001101,205,11001101,205,11001101,205,True,True
MC200_CMP_XM5_XM6_W8P2524_XM7_XM11_W16P8587_S032_LOW_W4,67,-3.30575e-06;-8.68471e-06;-3.28494e-06;-3.42166e-06;-8.32833e-06;-8.04436e-06;-3.51195e-06;-8.32849e-06,-3.29844e-06;-8.712e-06;-3.27781e-06;-3.41298e-06;-8.33995e-06;-8.06183e-06;-3.50591e-06;-8.33969e-06,3.3;-2.04907e-06;-1.67744e-06;-1.69278e-06;-1.96359e-06;3.3;3.3;-1.95761e-06,-1.83411e-06;3.3;3.3;3.3;3.3;-2.07942e-06;-1.72549e-06;3.3,RETRY_5NS;RETRY_5NS;RETRY_5NS;RETRY_5NS;RETRY_5NS;RETRY_5NS;RETRY_5NS;RETRY_5NS,8,8,10000110,134,121,1000011,7,134,120,134,INFERRED_AT_DAC_BRIDGE_OUTPUT,10000110,134,10000110,134,10000110,134,10000110,134,True,True
MC200_CMP_XM5_XM6_W8P2524_XM7_XM11_W16P8587_S033_LOW_W4,0,-3.17907e-06;-8.36646e-06;-3.10389e-06;-3.10202e-06;-8.30544e-06;-8.30552e-06;-3.09575e-06;-7.68117e-06,-3.21439e-06;-8.33598e-06;-3.14108e-06;-3.13779e-06;-8.28924e-06;-8.28724e-06;-3.13178e-06;-7.65473e-06,3.3;3.3;3.3;-1.61001e-06;-1.90398e-06;-1.90106e-06;-1.60066e-06;-1.903e-06,-1.79098e-06;-2.03289e-06;-1.68678e-06;3.3;3.3;3.3;3.3;3.3,RETRY_5NS;RETRY_5NS;RETRY_5NS;RETRY_5NS;RETRY_5NS;RETRY_5NS;RETRY_5NS;RETRY_5NS,8,8,11100000,224,31,1110000,7,224,30,224,INFERRED_AT_DAC_BRIDGE_OUTPUT,11100000,224,11100000,224,11100000,224,11100000,224,True,True
MC200_CMP_XM5_XM6_W8P2524_XM7_XM11_W16P8587_S033_LOW_W4,1,-3.04778e-06;-8.41086e-06;-3.14159e-06;-3.12468e-06;-8.34658e-06;-8.34645e-06;-3.10311e-06;-8.38819e-06,-3.08459e-06;-8.37832e-06;-3.17918e-06;-3.16153e-06;-8.32936e-06;-8.32769e-06;-3.13956e-06;-8.36511e-06,3.3;3.3;3.3;3.3;-1.90672e-06;-1.90546e-06;-1.60419e-06;-1.90277e-06,-1.80339e-06;-2.04291e-06;-1.69807e-06;-1.67181e-06;3.3;3.3;3.3;3.3,RETRY_5NS;RETRY_5NS;RETRY_5NS;RETRY_5NS;RETRY_5NS;RETRY_5NS;RETRY_5NS;RETRY_5NS,8,8,11110000,240,15,1111000,7,240,14,240,INFERRED_AT_DAC_BRIDGE_OUTPUT,11110000,240,11110000,240,11110000,240,11110000,240,True,True
MC200_CMP_XM5_XM6_W8P2524_XM7_XM11_W16P8587_S033_LOW_W4,2,-3.09282e-06;-8.48234e-06;-3.20409e-06;-3.18582e-06;-7.87077e-06;-8.43021e-06;-3.17837e-06;-8.47072e-06,-3.1298e-06;-8.44901e-06;-3.24037e-06;-3.22191e-06;-7.83577e-06;-8.40428e-06;-3.21482e-06;-8.4445e-06,3.3;3.3;-1.6225e-06;-1.61421e-06;3.3;3.3;-1.61001e-06;-1.90901e-06,-1.78516e-06;-2.04366e-06;3.3;3.3;-2.01972e-06;-2.00162e-06;3.3;3.3,RETRY_5NS;RETRY_5NS;RETRY_5NS;RETRY_5NS;RETRY_5NS;RETRY_5NS;RETRY_5NS;RETRY_5NS,8,8,11001100,204,51,1100110,7,204,50,204,INFERRED_AT_DAC_BRIDGE_OUTPUT,11001100,204,11001100,204,11001100,204,11001100,204,True,True
MC200_CMP_XM5_XM6_W8P2524_XM7_XM11_W16P8587_S033_LOW_W4,3,-2.99888e-06;-8.40389e-06;-3.1501e-06;-3.12923e-06;-8.3468e-06;-8.27288e-06;-3.11776e-06;-8.38901e-06,-3.03525e-06;-8.38939e-06;-3.18621e-06;-3.16494e-06;-8.32638e-06;-8.24876e-06;-3.15455e-06;-8.36431e-06,3.3;-1.94901e-06;-1.6155e-06;-1.61133e-06;-1.90306e-06;3.3;-1.59819e-06;3.3,-1.77009e-06;3.3;3.3;3.3;3.3;-2.00047e-06;3.3;-2.00044e-06,RETRY_5NS;RETRY_5NS;RETRY_5NS;RETRY_5NS;RETRY_5NS;RETRY_5NS;RETRY_5NS;RETRY_5NS,8,8,10000101,133,122,1000010,7,132,122,133,INFERRED_AT_DAC_BRIDGE_OUTPUT,10000101,133,10000101,133,10000101,133,10000101,133,True,True
MC200_CMP_XM5_XM6_W8P2524_XM7_XM11_W16P8587_S033_LOW_W4,64,-3.12641e-06;-8.53022e-06;-3.01456e-06;-3.22133e-06;-8.14094e-06;-8.47029e-06;-3.06398e-06;-8.14081e-06,-3.16341e-06;-8.49283e-06;-3.05141e-06;-3.25755e-06;-8.13051e-06;-8.44606e-06;-3.0999e-06;-8.12658e-06,3.3;3.3;3.3;-1.62216e-06;-1.8899e-06;-1.9155e-06;-1.59765e-06;-1.87797e-06,-1.79788e-06;-2.05049e-06;-1.67634e-06;3.3;3.3;3.3;3.3;3.3,RETRY_5NS;RETRY_5NS;RETRY_5NS;RETRY_5NS;RETRY_5NS;RETRY_5NS;RETRY_5NS;RETRY_5NS,8,8,11100000,224,31,1110000,7,224,30,224,INFERRED_AT_DAC_BRIDGE_OUTPUT,11100000,224,11100000,224,11100000,224,11100000,224,True,True
MC200_CMP_XM5_XM6_W8P2524_XM7_XM11_W16P8587_S033_LOW_W4,65,-3.16749e-06;-8.57439e-06;-3.05259e-06;-3.2444e-06;-8.18209e-06;-8.51112e-06;-3.13212e-06;-8.18195e-06,-3.2048e-06;-8.53489e-06;-3.08981e-06;-3.28172e-06;-8.17057e-06;-8.48647e-06;-3.16775e-06;-8.16659e-06,3.3;3.3;3.3;3.3;-1.89212e-06;-1.92046e-06;-1.60316e-06;-1.92255e-06,-1.81733e-06;-2.05938e-06;-1.68813e-06;-1.68491e-06;3.3;3.3;3.3;3.3,RETRY_5NS;RETRY_5NS;RETRY_5NS;RETRY_5NS;RETRY_5NS;RETRY_5NS;RETRY_5NS;RETRY_5NS,8,8,11110000,240,15,1111000,7,240,14,240,INFERRED_AT_DAC_BRIDGE_OUTPUT,11110000,240,11110000,240,11110000,240,11110000,240,True,True
MC200_CMP_XM5_XM6_W8P2524_XM7_XM11_W16P8587_S033_LOW_W4,66,-3.21341e-06;-8.64617e-06;-3.11518e-06;-3.30553e-06;-8.18917e-06;-8.59495e-06;-3.14827e-06;-8.2645e-06,-3.25086e-06;-8.60615e-06;-3.15113e-06;-3.34212e-06;-8.16667e-06;-8.56314e-06;-3.18461e-06;-8.2459e-06,3.3;3.3;-1.61344e-06;-1.62517e-06;3.3;3.3;-1.60787e-06;-1.89045e-06,-1.79966e-06;-2.06006e-06;3.3;3.3;-1.99713e-06;-2.013e-06;3.3;3.3,RETRY_5NS;RETRY_5NS;RETRY_5NS;RETRY_5NS;RETRY_5NS;RETRY_5NS;RETRY_5NS;RETRY_5NS,8,8,11001100,204,51,1100110,7,204,50,204,INFERRED_AT_DAC_BRIDGE_OUTPUT,11001100,204,11001100,204,11001100,204,11001100,204,True,True
MC200_CMP_XM5_XM6_W8P2524_XM7_XM11_W16P8587_S033_LOW_W4,67,-3.12167e-06;-8.56647e-06;-3.06161e-06;-3.2487e-06;-8.18207e-06;-8.6201e-06;-3.08768e-06;-8.18287e-06,-3.15851e-06;-8.54664e-06;-3.09741e-06;-3.28486e-06;-8.16774e-06;-8.59077e-06;-3.12437e-06;-8.1657e-06,3.3;-1.96574e-06;-1.60708e-06;-1.6241e-06;-1.88793e-06;3.3;-1.59102e-06;3.3,-1.78572e-06;3.3;3.3;3.3;3.3;-2.01525e-06;3.3;-1.98302e-06,RETRY_5NS;RETRY_5NS;RETRY_5NS;RETRY_5NS;RETRY_5NS;RETRY_5NS;RETRY_5NS;RETRY_5NS,8,8,10000101,133,122,1000010,7,132,122,133,INFERRED_AT_DAC_BRIDGE_OUTPUT,10000101,133,10000101,133,10000101,133,10000101,133,True,True
MC200_CMP_XM5_XM6_W8P2524_XM7_XM11_W16P8587_S034_LOW_W4,0,-3.09724e-06;-8.53423e-06;-3.2439e-06;-3.24065e-06;-8.47411e-06;-8.47465e-06;-3.2288e-06;-8.51708e-06,-3.11828e-06;-8.51643e-06;-3.26504e-06;-3.26105e-06;-8.47093e-06;-8.46875e-06;-3.25002e-06;-8.50743e-06,3.3;3.3;3.3;-1.74711e-06;-2.06631e-06;-2.05955e-06;-1.73086e-06;3.3,-1.83103e-06;-2.08938e-06;-1.73513e-06;3.3;3.3;3.3;3.3;-2.04734e-06,RETRY_5NS;RETRY_5NS;RETRY_5NS;RETRY_5NS;RETRY_5NS;RETRY_5NS;RETRY_5NS;RETRY_5NS,8,8,11100001,225,30,1110000,7,224,30,225,INFERRED_AT_DAC_BRIDGE_OUTPUT,11100001,225,11100001,225,11100001,225,11100001,225,True,True
MC200_CMP_XM5_XM6_W8P2524_XM7_XM11_W16P8587_S034_LOW_W4,1,-2.56632e-06;-7.71901e-06;-2.66251e-06;-2.63988e-06;-7.65086e-06;-7.64993e-06;-2.63148e-06;-7.69136e-06,-2.5831e-06;-7.72516e-06;-2.68e-06;-2.65728e-06;-7.66596e-06;-7.66408e-06;-2.64767e-06;-7.70197e-06,3.3;3.3;3.3;3.3;-1.98757e-06;-1.9849e-06;-1.67052e-06;3.3,-1.77978e-06;-2.01693e-06;-1.6766e-06;-1.66397e-06;3.3;3.3;3.3;-1.95757e-06,RETRY_5NS;RETRY_5NS;RETRY_5NS;RETRY_5NS;RETRY_5NS;RETRY_5NS;RETRY_5NS;RETRY_5NS,8,8,11110001,241,14,1111000,7,240,14,241,INFERRED_AT_DAC_BRIDGE_OUTPUT,11110001,241,11110001,241,11110001,241,11110001,241,True,True
MC200_CMP_XM5_XM6_W8P2524_XM7_XM11_W16P8587_S034_LOW_W4,2,-3.27049e-06;-8.6929e-06;-3.37039e-06;-3.35505e-06;-9.15897e-06;-8.64123e-06;-3.34863e-06;-8.68206e-06,-3.29258e-06;-8.6725e-06;-3.39185e-06;-3.37615e-06;-9.14901e-06;-8.62807e-06;-3.37026e-06;-8.66857e-06,3.3;3.3;-1.76562e-06;-1.7547e-06;3.3;3.3;-1.74715e-06;3.3,-1.84058e-06;-2.10286e-06;3.3;3.3;-2.06409e-06;-2.06132e-06;3.3;-2.06219e-06,RETRY_5NS;RETRY_5NS;RETRY_5NS;RETRY_5NS;RETRY_5NS;RETRY_5NS;RETRY_5NS;RETRY_5NS,8,8,11001101,205,50,1100110,7,204,50,205,INFERRED_AT_DAC_BRIDGE_OUTPUT,11001101,205,11001101,205,11001101,205,11001101,205,True,True
MC200_CMP_XM5_XM6_W8P2524_XM7_XM11_W16P8587_S034_LOW_W4,3,-2.99382e-06;-8.99404e-06;-3.14e-06;-3.11991e-06;-8.30986e-06;-8.31239e-06;-3.34518e-06;-8.3514e-06,-3.01377e-06;-9.00347e-06;-3.15986e-06;-3.13914e-06;-8.3072e-06;-8.30584e-06;-3.36592e-06;-8.34671e-06,3.3;-2.09154e-06;-1.73821e-06;-1.73211e-06;-2.04064e-06;3.3;3.3;-2.0361e-06,-1.80111e-06;3.3;3.3;3.3;3.3;-2.03358e-06;-1.72029e-06;3.3,RETRY_5NS;RETRY_5NS;RETRY_5NS;RETRY_5NS;RETRY_5NS;RETRY_5NS;RETRY_5NS;RETRY_5NS,8,8,10000110,134,121,1000011,7,134,120,134,INFERRED_AT_DAC_BRIDGE_OUTPUT,10000110,134,10000110,134,10000110,134,10000110,134,True,True
MC200_CMP_XM5_XM6_W8P2524_XM7_XM11_W16P8587_S034_LOW_W4,64,-3.6085e-06;-8.6982e-06;-3.15507e-06;-3.35948e-06;-8.30945e-06;-8.63909e-06;-3.19899e-06;-8.31068e-06,-3.62977e-06;-8.67558e-06;-3.17557e-06;-3.38075e-06;-8.30985e-06;-8.63046e-06;-3.22e-06;-8.30609e-06,3.3;3.3;3.3;-1.76003e-06;-2.05026e-06;-2.07648e-06;-1.72453e-06;3.3,-1.85039e-06;-2.10555e-06;-1.72529e-06;3.3;3.3;3.3;3.3;-2.02731e-06,RETRY_5NS;RETRY_5NS;RETRY_5NS;RETRY_5NS;RETRY_5NS;RETRY_5NS;RETRY_5NS;RETRY_5NS,8,8,11100001,225,30,1110000,7,224,30,225,INFERRED_AT_DAC_BRIDGE_OUTPUT,11100001,225,11100001,225,11100001,225,11100001,225,True,True
MC200_CMP_XM5_XM6_W8P2524_XM7_XM11_W16P8587_S034_LOW_W4,65,-2.68517e-06;-7.88266e-06;-2.57407e-06;-2.75894e-06;-7.48623e-06;-7.81481e-06;-2.61381e-06;-7.48502e-06,-2.70283e-06;-7.88394e-06;-2.59088e-06;-2.77723e-06;-7.50495e-06;-7.82527e-06;-2.62962e-06;-7.50057e-06,3.3;3.3;3.3;3.3;-1.97257e-06;-2.00057e-06;-1.66933e-06;3.3,-1.79265e-06;-2.03232e-06;-1.66599e-06;-1.67652e-06;3.3;3.3;3.3;-1.98019e-06,RETRY_5NS;RETRY_5NS;RETRY_5NS;RETRY_5NS;RETRY_5NS;RETRY_5NS;RETRY_5NS;RETRY_5NS,8,8,11110001,241,14,1111000,7,240,14,241,INFERRED_AT_DAC_BRIDGE_OUTPUT,11110001,241,11110001,241,11110001,241,11110001,241,True,True
MC200_CMP_XM5_XM6_W8P2524_XM7_XM11_W16P8587_S034_LOW_W4,66,-3.41314e-06;-8.85712e-06;-3.28203e-06;-3.78799e-06;-9.36676e-06;-8.80632e-06;-3.31875e-06;-8.4757e-06,-3.43601e-06;-8.83204e-06;-3.30285e-06;-3.81023e-06;-9.36293e-06;-8.78895e-06;-3.34016e-06;-8.4672e-06,3.3;3.3;-1.75434e-06;-1.77382e-06;3.3;3.3;-1.74396e-06;3.3,-1.85487e-06;-2.11891e-06;3.3;3.3;-2.04514e-06;-2.07871e-06;3.3;-2.04247e-06,RETRY_5NS;RETRY_5NS;RETRY_5NS;RETRY_5NS;RETRY_5NS;RETRY_5NS;RETRY_5NS;RETRY_5NS,8,8,11001101,205,50,1100110,7,204,50,205,INFERRED_AT_DAC_BRIDGE_OUTPUT,11001101,205,11001101,205,11001101,205,11001101,205,True,True
MC200_CMP_XM5_XM6_W8P2524_XM7_XM11_W16P8587_S034_LOW_W4,67,-3.11579e-06;-9.15233e-06;-3.05184e-06;-3.23877e-06;-8.14486e-06;-8.47742e-06;-3.07937e-06;-8.14547e-06,-3.13663e-06;-9.15882e-06;-3.07107e-06;-3.25886e-06;-8.14647e-06;-8.46661e-06;-3.10002e-06;-8.14504e-06,3.3;-2.11074e-06;-1.72763e-06;-1.74489e-06;-2.02804e-06;3.3;3.3;3.3,-1.81552e-06;3.3;3.3;3.3;3.3;-2.04974e-06;-1.70806e-06;-2.00888e-06,RETRY_5NS;RETRY_5NS;RETRY_5NS;RETRY_5NS;RETRY_5NS;RETRY_5NS;RETRY_5NS;RETRY_5NS,8,8,10000111,135,120,1000011,7,134,120,135,INFERRED_AT_DAC_BRIDGE_OUTPUT,10000111,135,10000111,135,10000111,135,10000111,135,True,True
MC200_CMP_XM5_XM6_W8P2524_XM7_XM11_W16P8587_S035_LOW_W4,0,-2.99532e-06;-8.38967e-06;-3.08281e-06;-3.08017e-06;-8.33743e-06;-8.3359e-06;-3.07016e-06;-8.37517e-06,-3.03764e-06;-8.38078e-06;-3.12545e-06;-3.12408e-06;-8.33432e-06;-8.33447e-06;-3.11338e-06;-8.37408e-06,3.3;3.3;-1.61979e-06;3.3;3.3;3.3;3.3;3.3,-1.70452e-06;-1.9465e-06;3.3;-1.61459e-06;-1.91353e-06;-1.90895e-06;-1.60702e-06;-1.90628e-06,RETRY_5NS;RETRY_5NS;RETRY_5NS;RETRY_5NS;RETRY_5NS;RETRY_5NS;RETRY_5NS;RETRY_5NS,8,8,11011111,223,32,1101111,7,222,32,223,INFERRED_AT_DAC_BRIDGE_OUTPUT,11011111,223,11011111,223,11011111,223,11011111,223,True,True
MC200_CMP_XM5_XM6_W8P2524_XM7_XM11_W16P8587_S035_LOW_W4,1,-3.03569e-06;-7.90491e-06;-3.11902e-06;-3.10658e-06;-8.37803e-06;-8.37657e-06;-3.26616e-06;-8.41566e-06,-3.07879e-06;-7.88822e-06;-3.16345e-06;-3.14959e-06;-8.37322e-06;-8.37347e-06;-3.30958e-06;-8.41356e-06,3.3;3.3;3.3;-1.62137e-06;3.3;3.3;3.3;-1.91783e-06,-1.72201e-06;-1.95963e-06;-1.62372e-06;3.3;-1.91668e-06;-1.91294e-06;-1.61369e-06;3.3,RETRY_5NS;RETRY_5NS;RETRY_5NS;RETRY_5NS;RETRY_5NS;RETRY_5NS;RETRY_5NS;RETRY_5NS,8,8,11101110,238,17,1110111,7,238,16,238,INFERRED_AT_DAC_BRIDGE_OUTPUT,11101110,238,11101110,238,11101110,238,11101110,238,True,True
MC200_CMP_XM5_XM6_W8P2524_XM7_XM11_W16P8587_S035_LOW_W4,2,-2.36897e-06;-7.56863e-06;-2.47756e-06;-2.45702e-06;-7.51646e-06;-7.75734e-06;-2.4477e-06;-7.55585e-06,-2.40213e-06;-7.60329e-06;-2.51052e-06;-2.48938e-06;-7.55486e-06;-7.80287e-06;-2.48175e-06;-7.59268e-06,3.3;3.3;-1.57002e-06;-1.56185e-06;3.3;-1.83295e-06;3.3;3.3,-1.63472e-06;-1.8688e-06;3.3;3.3;-1.8375e-06;3.3;-1.54737e-06;-1.8319e-06,RETRY_5NS;RETRY_5NS;RETRY_5NS;RETRY_5NS;RETRY_5NS;RETRY_5NS;RETRY_5NS;RETRY_5NS,8,8,11001011,203,52,1100101,7,202,52,203,INFERRED_AT_DAC_BRIDGE_OUTPUT,11001011,203,11001011,203,11001011,203,11001011,203,True,True
MC200_CMP_XM5_XM6_W8P2524_XM7_XM11_W16P8587_S035_LOW_W4,3,-2.99672e-06;-8.42559e-06;-3.23477e-06;-3.11023e-06;-8.37352e-06;-8.37545e-06;-3.10146e-06;-8.41598e-06,-3.03937e-06;-8.43302e-06;-3.28045e-06;-3.15274e-06;-8.37603e-06;-8.37397e-06;-3.14443e-06;-8.41323e-06,3.3;-1.97301e-06;-1.63704e-06;-1.626e-06;-1.92537e-06;3.3;-1.61723e-06;3.3,-1.6903e-06;3.3;3.3;3.3;3.3;-1.9093e-06;3.3;-1.90328e-06,RETRY_5NS;RETRY_5NS;RETRY_5NS;RETRY_5NS;RETRY_5NS;RETRY_5NS;RETRY_5NS;RETRY_5NS,8,8,10000101,133,122,1000010,7,132,122,133,INFERRED_AT_DAC_BRIDGE_OUTPUT,10000101,133,10000101,133,10000101,133,10000101,133,True,True
MC200_CMP_XM5_XM6_W8P2524_XM7_XM11_W16P8587_S035_LOW_W4,64,-3.11997e-06;-8.55263e-06;-2.99026e-06;-3.20387e-06;-8.17361e-06;-8.49987e-06;-3.03904e-06;-8.19225e-06,-3.16418e-06;-8.53531e-06;-3.03146e-06;-3.24966e-06;-8.17856e-06;-8.49039e-06;-3.08183e-06;-8.20077e-06,3.3;3.3;-1.61143e-06;3.3;3.3;3.3;3.3;3.3,-1.71863e-06;-1.96096e-06;3.3;-1.62763e-06;-1.89882e-06;-1.92418e-06;-1.60374e-06;-1.88862e-06,RETRY_5NS;RETRY_5NS;RETRY_5NS;RETRY_5NS;RETRY_5NS;RETRY_5NS;RETRY_5NS;RETRY_5NS,8,8,11011111,223,32,1101111,7,222,32,223,INFERRED_AT_DAC_BRIDGE_OUTPUT,11011111,223,11011111,223,11011111,223,11011111,223,True,True
MC200_CMP_XM5_XM6_W8P2524_XM7_XM11_W16P8587_S035_LOW_W4,65,-3.15948e-06;-8.5958e-06;-3.0266e-06;-3.23058e-06;-8.21419e-06;-8.54045e-06;-3.27868e-06;-8.21085e-06,-3.20444e-06;-8.57596e-06;-3.06962e-06;-3.27548e-06;-8.21744e-06;-8.52945e-06;-3.32206e-06;-8.21822e-06,3.3;3.3;3.3;-1.63352e-06;3.3;3.3;3.3;3.3,-1.73466e-06;-1.97044e-06;-1.61449e-06;3.3;-1.902e-06;-1.92755e-06;-1.6056e-06;-1.91865e-06,RETRY_5NS;RETRY_5NS;RETRY_5NS;RETRY_5NS;RETRY_5NS;RETRY_5NS;RETRY_5NS;RETRY_5NS,8,8,11101111,239,16,1110111,7,238,16,239,INFERRED_AT_DAC_BRIDGE_OUTPUT,11101111,239,11101111,239,11101111,239,11101111,239,True,True
MC200_CMP_XM5_XM6_W8P2524_XM7_XM11_W16P8587_S035_LOW_W4,66,-2.49352e-06;-7.73154e-06;-2.38538e-06;-2.58094e-06;-7.35265e-06;-7.88432e-06;-2.41651e-06;-7.35103e-06,-2.52856e-06;-7.75798e-06;-2.41692e-06;-2.61519e-06;-7.39898e-06;-7.92059e-06;-2.45018e-06;-7.39731e-06,3.3;3.3;-1.56085e-06;-1.57334e-06;3.3;-1.85135e-06;3.3;3.3,-1.64708e-06;-1.88387e-06;3.3;3.3;-1.82263e-06;3.3;-1.54399e-06;-1.81362e-06,RETRY_5NS;RETRY_5NS;RETRY_5NS;RETRY_5NS;RETRY_5NS;RETRY_5NS;RETRY_5NS;RETRY_5NS,8,8,11001011,203,52,1100101,7,202,52,203,INFERRED_AT_DAC_BRIDGE_OUTPUT,11001011,203,11001011,203,11001011,203,11001011,203,True,True
MC200_CMP_XM5_XM6_W8P2524_XM7_XM11_W16P8587_S035_LOW_W4,67,-3.1234e-06;-8.58725e-06;-3.216e-06;-3.2337e-06;-7.54567e-06;-8.53932e-06;-3.07035e-06;-8.21119e-06,-3.16796e-06;-8.58784e-06;-3.26102e-06;-3.27812e-06;-7.54852e-06;-8.53006e-06;-3.11285e-06;-8.21785e-06,3.3;-1.98785e-06;-1.63053e-06;-1.6388e-06;-1.91696e-06;3.3;-1.6132e-06;3.3,-1.70386e-06;3.3;3.3;3.3;3.3;-1.92332e-06;3.3;-1.88658e-06,RETRY_5NS;RETRY_5NS;RETRY_5NS;RETRY_5NS;RETRY_5NS;RETRY_5NS;RETRY_5NS;RETRY_5NS,8,8,10000101,133,122,1000010,7,132,122,133,INFERRED_AT_DAC_BRIDGE_OUTPUT,10000101,133,10000101,133,10000101,133,10000101,133,True,True
MC200_CMP_XM5_XM6_W8P2524_XM7_XM11_W16P8587_S036_LOW_W4,0,-3.15941e-06;-8.31517e-06;-3.26976e-06;-3.26666e-06;-8.11959e-06;-8.2587e-06;-3.24944e-06;-8.29204e-06,-3.05523e-06;-8.3508e-06;-3.16404e-06;-3.16176e-06;-8.15725e-06;-8.29445e-06;-3.14459e-06;-8.33551e-06,3.3;3.3;-1.65146e-06;3.3;3.3;3.3;3.3;3.3,-1.71336e-06;-1.95529e-06;3.3;-1.6244e-06;-1.9253e-06;-1.91924e-06;-1.6147e-06;-1.91778e-06,RETRY_5NS;RETRY_5NS;RETRY_5NS;RETRY_5NS;RETRY_5NS;RETRY_5NS;RETRY_5NS;RETRY_5NS,8,8,11011111,223,32,1101111,7,222,32,223,INFERRED_AT_DAC_BRIDGE_OUTPUT,11011111,223,11011111,223,11011111,223,11011111,223,True,True
MC200_CMP_XM5_XM6_W8P2524_XM7_XM11_W16P8587_S036_LOW_W4,1,-3.26238e-06;-8.42533e-06;-3.36975e-06;-3.34772e-06;-8.06481e-06;-9.24301e-06;-3.33885e-06;-7.57232e-06,-3.15589e-06;-8.4756e-06;-3.25976e-06;-3.23929e-06;-8.12277e-06;-9.26331e-06;-3.2316e-06;-7.65561e-06,3.3;3.3;3.3;-1.66421e-06;3.3;3.3;3.3;-1.97423e-06,-1.73738e-06;-1.97199e-06;-1.63803e-06;3.3;-1.93629e-06;-1.92343e-06;-1.62323e-06;3.3,RETRY_5NS;RETRY_5NS;RETRY_5NS;RETRY_5NS;RETRY_5NS;RETRY_5NS;RETRY_5NS;RETRY_5NS,8,8,11101110,238,17,1110111,7,238,16,238,INFERRED_AT_DAC_BRIDGE_OUTPUT,11101110,238,11101110,238,11101110,238,11101110,238,True,True
MC200_CMP_XM5_XM6_W8P2524_XM7_XM11_W16P8587_S036_LOW_W4,2,-2.58655e-06;-7.66997e-06;-2.7623e-06;-2.72556e-06;-7.61629e-06;-7.61333e-06;-2.71177e-06;-7.64874e-06,-2.49605e-06;-7.61703e-06;-2.66285e-06;-2.63313e-06;-7.5602e-06;-7.55999e-06;-2.62116e-06;-7.59937e-06,3.3;3.3;-1.61179e-06;-1.60277e-06;3.3;-1.89046e-06;3.3;3.3,-1.64544e-06;-1.88397e-06;3.3;3.3;-1.85434e-06;3.3;-1.56098e-06;-1.84969e-06,RETRY_5NS;RETRY_5NS;RETRY_5NS;RETRY_5NS;RETRY_5NS;RETRY_5NS;RETRY_5NS;RETRY_5NS,8,8,11001011,203,52,1100101,7,202,52,203,INFERRED_AT_DAC_BRIDGE_OUTPUT,11001011,203,11001011,203,11001011,203,11001011,203,True,True
MC200_CMP_XM5_XM6_W8P2524_XM7_XM11_W16P8587_S036_LOW_W4,3,-3.3898e-06;-8.62879e-06;-3.5544e-06;-3.81441e-06;-8.57641e-06;-8.57839e-06;-3.51841e-06;-9.20448e-06,-3.27903e-06;-8.73008e-06;-3.43984e-06;-3.70503e-06;-8.66498e-06;-8.66258e-06;-3.40538e-06;-9.27582e-06,3.3;-2.04896e-06;-1.69746e-06;-1.69912e-06;-2.0005e-06;3.3;-1.67979e-06;3.3,-1.72854e-06;3.3;3.3;3.3;3.3;-1.94951e-06;3.3;-1.94324e-06,RETRY_5NS;RETRY_5NS;RETRY_5NS;RETRY_5NS;RETRY_5NS;RETRY_5NS;RETRY_5NS;RETRY_5NS,8,8,10000101,133,122,1000010,7,132,122,133,INFERRED_AT_DAC_BRIDGE_OUTPUT,10000101,133,10000101,133,10000101,133,10000101,133,True,True
MC200_CMP_XM5_XM6_W8P2524_XM7_XM11_W16P8587_S036_LOW_W4,64,-3.27952e-06;-8.45659e-06;-3.18136e-06;-3.38506e-06;-8.12865e-06;-8.40168e-06;-3.21966e-06;-8.11334e-06,-3.17218e-06;-8.51226e-06;-3.07754e-06;-3.27709e-06;-8.14207e-06;-8.45774e-06;-3.11561e-06;-8.13104e-06,3.3;3.3;-1.6489e-06;3.3;3.3;3.3;3.3;3.3,-1.72703e-06;-1.96995e-06;3.3;-1.63672e-06;-1.90881e-06;-1.93485e-06;-1.61379e-06;-1.89776e-06,RETRY_5NS;RETRY_5NS;RETRY_5NS;RETRY_5NS;RETRY_5NS;RETRY_5NS;RETRY_5NS;RETRY_5NS,8,8,11011111,223,32,1101111,7,222,32,223,INFERRED_AT_DAC_BRIDGE_OUTPUT,11011111,223,11011111,223,11011111,223,11011111,223,True,True
MC200_CMP_XM5_XM6_W8P2524_XM7_XM11_W16P8587_S036_LOW_W4,65,-3.38133e-06;-8.56637e-06;-3.28235e-06;-3.46654e-06;-7.85398e-06;-8.50786e-06;-3.30922e-06;-8.49859e-06,-3.2717e-06;-8.63665e-06;-3.17392e-06;-3.35499e-06;-7.8953e-06;-8.58063e-06;-3.2023e-06;-8.52367e-06,3.3;3.3;3.3;-1.67591e-06;3.3;3.3;3.3;3.3,-1.75139e-06;-1.98731e-06;-1.62832e-06;3.3;-1.92242e-06;-1.94502e-06;-1.62122e-06;-1.94044e-06,RETRY_5NS;RETRY_5NS;RETRY_5NS;RETRY_5NS;RETRY_5NS;RETRY_5NS;RETRY_5NS;RETRY_5NS,8,8,11101111,239,16,1110111,7,238,16,239,INFERRED_AT_DAC_BRIDGE_OUTPUT,11101111,239,11101111,239,11101111,239,11101111,239,True,True
MC200_CMP_XM5_XM6_W8P2524_XM7_XM11_W16P8587_S036_LOW_W4,66,-2.68776e-06;-8.60654e-06;-2.67495e-06;-2.84434e-06;-7.4736e-06;-7.75612e-06;-2.6819e-06;-7.4702e-06,-2.59392e-06;-8.5617e-06;-2.57718e-06;-2.74875e-06;-7.39675e-06;-7.72343e-06;-2.59209e-06;-7.39489e-06,3.3;3.3;-1.6024e-06;-1.61517e-06;3.3;-1.90408e-06;3.3;3.3,-1.65849e-06;-1.89935e-06;3.3;3.3;-1.83968e-06;3.3;-1.55788e-06;-1.83273e-06,RETRY_5NS;RETRY_5NS;RETRY_5NS;RETRY_5NS;RETRY_5NS;RETRY_5NS;RETRY_5NS;RETRY_5NS,8,8,11001011,203,52,1100101,7,202,52,203,INFERRED_AT_DAC_BRIDGE_OUTPUT,11001011,203,11001011,203,11001011,203,11001011,203,True,True
MC200_CMP_XM5_XM6_W8P2524_XM7_XM11_W16P8587_S036_LOW_W4,67,-3.51216e-06;-8.76885e-06;-3.46738e-06;-3.96458e-06;-8.4339e-06;-8.72119e-06;-3.48858e-06;-9.61173e-06,-3.39818e-06;-8.89179e-06;-3.35449e-06;-3.85282e-06;-8.50152e-06;-8.82605e-06;-3.37632e-06;-9.63097e-06,3.3;-2.06465e-06;-1.68779e-06;-1.71164e-06;-1.98506e-06;3.3;-1.6769e-06;3.3,-1.74173e-06;3.3;3.3;3.3;3.3;-1.96426e-06;3.3;-1.92087e-06,RETRY_5NS;RETRY_5NS;RETRY_5NS;RETRY_5NS;RETRY_5NS;RETRY_5NS;RETRY_5NS;RETRY_5NS,8,8,10000101,133,122,1000010,7,132,122,133,INFERRED_AT_DAC_BRIDGE_OUTPUT,10000101,133,10000101,133,10000101,133,10000101,133,True,True
MC200_CMP_XM5_XM6_W8P2524_XM7_XM11_W16P8587_S037_LOW_W4,0,-3.03686e-06;-8.4607e-06;-3.1214e-06;-3.11972e-06;-7.92375e-06;-8.40426e-06;-3.1103e-06;-9.33386e-06,-3.04321e-06;-8.45811e-06;-3.12832e-06;-3.12501e-06;-7.93478e-06;-8.41298e-06;-3.11612e-06;-9.34078e-06,3.3;3.3;3.3;-1.62961e-06;-1.93494e-06;-1.92474e-06;-1.61872e-06;3.3,-1.72619e-06;-1.97024e-06;-1.63438e-06;3.3;3.3;3.3;3.3;-1.92449e-06,RETRY_5NS;RETRY_5NS;RETRY_5NS;RETRY_5NS;RETRY_5NS;RETRY_5NS;RETRY_5NS;RETRY_5NS,8,8,11100001,225,30,1110000,7,224,30,225,INFERRED_AT_DAC_BRIDGE_OUTPUT,11100001,225,11100001,225,11100001,225,11100001,225,True,True
MC200_CMP_XM5_XM6_W8P2524_XM7_XM11_W16P8587_S037_LOW_W4,1,-2.98424e-06;-8.38103e-06;-3.06642e-06;-3.05281e-06;-9.20707e-06;-8.32124e-06;-3.04815e-06;-8.96443e-06,-2.99074e-06;-8.3786e-06;-3.07372e-06;-3.05921e-06;-9.2189e-06;-8.33095e-06;-3.05388e-06;-8.9717e-06,3.3;3.3;3.3;3.3;-1.91707e-06;-1.91983e-06;-1.61405e-06;-1.90451e-06,-1.7361e-06;-1.96627e-06;-1.63411e-06;-1.62149e-06;3.3;3.3;3.3;3.3,RETRY_5NS;RETRY_5NS;RETRY_5NS;RETRY_5NS;RETRY_5NS;RETRY_5NS;RETRY_5NS;RETRY_5NS,8,8,11110000,240,15,1111000,7,240,14,240,INFERRED_AT_DAC_BRIDGE_OUTPUT,11110000,240,11110000,240,11110000,240,11110000,240,True,True
MC200_CMP_XM5_XM6_W8P2524_XM7_XM11_W16P8587_S037_LOW_W4,2,-3.06531e-06;-8.49594e-06;-3.16022e-06;-3.14677e-06;-7.56674e-06;-8.44693e-06;-3.14148e-06;-8.48785e-06,-3.07188e-06;-8.49537e-06;-3.16564e-06;-3.15214e-06;-7.56914e-06;-8.45246e-06;-3.1473e-06;-8.49424e-06,3.3;3.3;-1.63791e-06;-1.62926e-06;3.3;3.3;-1.62271e-06;3.3,-1.72326e-06;-1.9716e-06;3.3;3.3;-1.9467e-06;-1.93233e-06;3.3;-1.93357e-06,RETRY_5NS;RETRY_5NS;RETRY_5NS;RETRY_5NS;RETRY_5NS;RETRY_5NS;RETRY_5NS;RETRY_5NS,8,8,11001101,205,50,1100110,7,204,50,197,INFERRED_AT_DAC_BRIDGE_OUTPUT,11000101,197,11000101,197,11000101,197,11000101,197,True,True
MC200_CMP_XM5_XM6_W8P2524_XM7_XM11_W16P8587_S037_LOW_W4,3,-2.9768e-06;-8.41401e-06;-3.10325e-06;-3.0873e-06;-8.36288e-06;-8.36547e-06;-3.30307e-06;-8.40491e-06,-2.98303e-06;-8.43008e-06;-3.10869e-06;-3.09234e-06;-8.37089e-06;-8.36924e-06;-3.31014e-06;-8.41174e-06,3.3;-1.97104e-06;-1.63156e-06;-1.6273e-06;-1.91928e-06;3.3;3.3;-1.91302e-06,-1.70789e-06;3.3;3.3;3.3;3.3;-1.9294e-06;-1.62346e-06;3.3,RETRY_5NS;RETRY_5NS;RETRY_5NS;RETRY_5NS;RETRY_5NS;RETRY_5NS;RETRY_5NS;RETRY_5NS,8,8,10000110,134,121,1000011,7,134,120,134,INFERRED_AT_DAC_BRIDGE_OUTPUT,10000110,134,10000110,134,10000110,134,10000110,134,True,True
MC200_CMP_XM5_XM6_W8P2524_XM7_XM11_W16P8587_S037_LOW_W4,64,-3.16143e-06;-8.62517e-06;-3.02879e-06;-3.24338e-06;-7.53088e-06;-8.56959e-06;-3.07898e-06;-8.30216e-06,-3.16783e-06;-8.62168e-06;-3.03567e-06;-3.24875e-06;-7.54151e-06;-8.57818e-06;-3.08522e-06;-8.30884e-06,3.3;3.3;3.3;-1.64182e-06;-1.92272e-06;-1.93981e-06;-1.61474e-06;3.3,-1.74002e-06;-1.98564e-06;-1.62521e-06;3.3;3.3;3.3;3.3;-1.9156e-06,RETRY_5NS;RETRY_5NS;RETRY_5NS;RETRY_5NS;RETRY_5NS;RETRY_5NS;RETRY_5NS;RETRY_5NS,8,8,11100001,225,30,1110000,7,224,30,225,INFERRED_AT_DAC_BRIDGE_OUTPUT,11100001,225,11100001,225,11100001,225,11100001,225,True,True
MC200_CMP_XM5_XM6_W8P2524_XM7_XM11_W16P8587_S037_LOW_W4,65,-3.10808e-06;-8.54537e-06;-2.97348e-06;-3.17659e-06;-8.15597e-06;-8.48646e-06;-3.01704e-06;-8.15668e-06,-3.11465e-06;-8.54197e-06;-2.98072e-06;-3.1835e-06;-8.16703e-06;-8.4963e-06;-3.02275e-06;-8.16369e-06,3.3;3.3;3.3;3.3;-1.90799e-06;-1.93498e-06;-1.61215e-06;3.3,-1.7483e-06;-1.98375e-06;-1.62461e-06;-1.6342e-06;3.3;3.3;3.3;-1.92607e-06,RETRY_5NS;RETRY_5NS;RETRY_5NS;RETRY_5NS;RETRY_5NS;RETRY_5NS;RETRY_5NS;RETRY_5NS,8,8,11110001,241,14,1111000,7,240,14,241,INFERRED_AT_DAC_BRIDGE_OUTPUT,11110001,241,11110001,241,11110001,241,11110001,241,True,True
MC200_CMP_XM5_XM6_W8P2524_XM7_XM11_W16P8587_S037_LOW_W4,66,-3.18989e-06;-8.6606e-06;-3.06807e-06;-3.58272e-06;-8.2835e-06;-8.61242e-06;-3.11035e-06;-8.28089e-06,-3.19653e-06;-8.65922e-06;-3.07343e-06;-3.58901e-06;-8.28652e-06;-8.61764e-06;-3.11616e-06;-8.28762e-06,3.3;3.3;-1.62834e-06;-1.64999e-06;3.3;3.3;-1.61961e-06;3.3,-1.73657e-06;-1.98713e-06;3.3;3.3;-1.92393e-06;-1.94933e-06;3.3;-1.91253e-06,RETRY_5NS;RETRY_5NS;RETRY_5NS;RETRY_5NS;RETRY_5NS;RETRY_5NS;RETRY_5NS;RETRY_5NS,8,8,11001101,205,50,1100110,7,204,50,205,INFERRED_AT_DAC_BRIDGE_OUTPUT,11001101,205,11001101,205,11001101,205,11001101,205,True,True
MC200_CMP_XM5_XM6_W8P2524_XM7_XM11_W16P8587_S037_LOW_W4,67,-3.10345e-06;-8.57739e-06;-3.01109e-06;-3.21108e-06;-8.19756e-06;-8.53102e-06;-3.16369e-06;-8.19804e-06,-3.10975e-06;-8.59412e-06;-3.01646e-06;-3.21619e-06;-8.20574e-06;-8.53429e-06;-3.17061e-06;-8.20506e-06,3.3;-1.98561e-06;-1.62357e-06;-1.63815e-06;-1.90442e-06;3.3;3.3;-1.89739e-06,-1.71968e-06;3.3;3.3;3.3;3.3;-1.94525e-06;-1.62349e-06;3.3,RETRY_5NS;RETRY_5NS;RETRY_5NS;RETRY_5NS;RETRY_5NS;RETRY_5NS;RETRY_5NS;RETRY_5NS,8,8,10000110,134,121,1000011,7,134,120,134,INFERRED_AT_DAC_BRIDGE_OUTPUT,10000110,134,10000110,134,10000110,134,10000110,134,True,True
MC200_CMP_XM5_XM6_W8P2524_XM7_XM11_W16P8587_S038_LOW_W4,0,-3.15036e-06;-8.485e-06;-3.23794e-06;-3.48181e-06;-7.83624e-06;-8.42993e-06;-3.22617e-06;-8.46996e-06,-3.07708e-06;-8.5122e-06;-3.16439e-06;-3.40908e-06;-7.88661e-06;-8.4661e-06;-3.15171e-06;-8.50691e-06,3.3;3.3;3.3;-1.78215e-06;-2.10539e-06;-2.09572e-06;-1.76198e-06;3.3,-1.82193e-06;-2.0758e-06;-1.72329e-06;3.3;3.3;3.3;3.3;-2.02385e-06,RETRY_5NS;RETRY_5NS;RETRY_5NS;RETRY_5NS;RETRY_5NS;RETRY_5NS;RETRY_5NS;RETRY_5NS,8,8,11100001,225,30,1110000,7,224,30,225,INFERRED_AT_DAC_BRIDGE_OUTPUT,11100001,225,11100001,225,11100001,225,11100001,225,True,True
MC200_CMP_XM5_XM6_W8P2524_XM7_XM11_W16P8587_S038_LOW_W4,1,-3.09813e-06;-8.41004e-06;-3.32997e-06;-3.16885e-06;-8.35157e-06;-8.35177e-06;-3.16397e-06;-9.79874e-06,-3.0262e-06;-8.43074e-06;-3.26017e-06;-3.09647e-06;-8.38312e-06;-8.38164e-06;-3.091e-06;-9.79474e-06,3.3;3.3;3.3;3.3;-2.09325e-06;-2.08944e-06;-1.75853e-06;-2.08084e-06,-1.8296e-06;-2.07395e-06;-1.73101e-06;-1.70861e-06;3.3;3.3;3.3;3.3,RETRY_5NS;RETRY_5NS;RETRY_5NS;RETRY_5NS;RETRY_5NS;RETRY_5NS;RETRY_5NS;RETRY_5NS,8,8,11110000,240,15,1111000,7,240,14,240,INFERRED_AT_DAC_BRIDGE_OUTPUT,11110000,240,11110000,240,11110000,240,11110000,240,True,True
MC200_CMP_XM5_XM6_W8P2524_XM7_XM11_W16P8587_S038_LOW_W4,2,-3.08543e-06;-8.40119e-06;-3.35447e-06;-3.10139e-06;-8.35534e-06;-8.35331e-06;-3.16411e-06;-8.39167e-06,-3.01364e-06;-8.42446e-06;-3.28279e-06;-3.02666e-06;-8.37833e-06;-8.37917e-06;-3.09075e-06;-8.42219e-06,3.3;3.3;-1.78033e-06;-1.76096e-06;3.3;3.3;-1.75767e-06;3.3,-1.80791e-06;-2.06422e-06;3.3;3.3;-2.03079e-06;-2.02289e-06;3.3;-2.00607e-06,RETRY_5NS;RETRY_5NS;RETRY_5NS;RETRY_5NS;RETRY_5NS;RETRY_5NS;RETRY_5NS;RETRY_5NS,8,8,11001101,205,50,1100110,7,204,50,205,INFERRED_AT_DAC_BRIDGE_OUTPUT,11001101,205,11001101,205,11001101,205,11001101,205,True,True
MC200_CMP_XM5_XM6_W8P2524_XM7_XM11_W16P8587_S038_LOW_W4,3,-3.02594e-06;-8.36351e-06;-3.15908e-06;-3.14172e-06;-8.31302e-06;-8.31548e-06;-3.13248e-06;-8.35248e-06,-2.95468e-06;-8.39932e-06;-3.08597e-06;-3.0683e-06;-8.3379e-06;-8.33624e-06;-3.06071e-06;-8.3799e-06,3.3;-2.13419e-06;-1.76977e-06;-1.76288e-06;-2.08088e-06;3.3;3.3;-2.07789e-06,-1.79479e-06;3.3;3.3;3.3;3.3;-2.0234e-06;-1.70403e-06;3.3,RETRY_5NS;RETRY_5NS;RETRY_5NS;RETRY_5NS;RETRY_5NS;RETRY_5NS;RETRY_5NS;RETRY_5NS,8,8,10000110,134,121,1000011,7,134,120,134,INFERRED_AT_DAC_BRIDGE_OUTPUT,10000110,134,10000110,134,10000110,134,10000110,134,True,True
MC200_CMP_XM5_XM6_W8P2524_XM7_XM11_W16P8587_S038_LOW_W4,64,-3.5635e-06;-8.64052e-06;-3.1455e-06;-3.35962e-06;-7.98608e-06;-8.58619e-06;-3.19512e-06;-8.27434e-06,-3.49016e-06;-8.68002e-06;-3.07367e-06;-3.28244e-06;-8.01169e-06;-8.63557e-06;-3.12122e-06;-8.29506e-06,3.3;3.3;3.3;-1.78929e-06;-2.08676e-06;-2.11034e-06;-1.75986e-06;3.3,-1.84324e-06;-2.09167e-06;-1.71308e-06;3.3;3.3;3.3;3.3;-2.0084e-06,RETRY_5NS;RETRY_5NS;RETRY_5NS;RETRY_5NS;RETRY_5NS;RETRY_5NS;RETRY_5NS;RETRY_5NS,8,8,11100001,225,30,1110000,7,224,30,225,INFERRED_AT_DAC_BRIDGE_OUTPUT,11100001,225,11100001,225,11100001,225,11100001,225,True,True
MC200_CMP_XM5_XM6_W8P2524_XM7_XM11_W16P8587_S038_LOW_W4,65,-3.22181e-06;-8.56528e-06;-3.0906e-06;-3.29288e-06;-8.19554e-06;-8.50798e-06;-3.13289e-06;-8.2876e-06,-3.14756e-06;-8.59825e-06;-3.02022e-06;-3.21777e-06;-8.21353e-06;-8.55115e-06;-3.06049e-06;-8.30068e-06,3.3;3.3;3.3;3.3;-2.07688e-06;-2.10525e-06;-1.7557e-06;-2.1032e-06,-1.84434e-06;-2.08886e-06;-1.71487e-06;-1.71993e-06;3.3;3.3;3.3;3.3,RETRY_5NS;RETRY_5NS;RETRY_5NS;RETRY_5NS;RETRY_5NS;RETRY_5NS;RETRY_5NS;RETRY_5NS,8,8,11110000,240,15,1111000,7,240,14,240,INFERRED_AT_DAC_BRIDGE_OUTPUT,11110000,240,11110000,240,11110000,240,11110000,240,True,True
MC200_CMP_XM5_XM6_W8P2524_XM7_XM11_W16P8587_S038_LOW_W4,66,-3.20978e-06;-8.55671e-06;-3.2362e-06;-3.47007e-06;-8.19883e-06;-8.50982e-06;-3.13303e-06;-8.196e-06,-3.13568e-06;-8.59245e-06;-3.16446e-06;-3.39527e-06;-8.20921e-06;-8.54855e-06;-3.06024e-06;-8.21034e-06,3.3;3.3;-1.7645e-06;-1.77328e-06;3.3;3.3;-1.75524e-06;3.3,-1.82168e-06;-2.08098e-06;3.3;3.3;-2.01506e-06;-2.04034e-06;3.3;-1.99662e-06,RETRY_5NS;RETRY_5NS;RETRY_5NS;RETRY_5NS;RETRY_5NS;RETRY_5NS;RETRY_5NS;RETRY_5NS,8,8,11001101,205,50,1100110,7,204,50,205,INFERRED_AT_DAC_BRIDGE_OUTPUT,11001101,205,11001101,205,11001101,205,11001101,205,True,True
MC200_CMP_XM5_XM6_W8P2524_XM7_XM11_W16P8587_S038_LOW_W4,67,-3.15248e-06;-8.5178e-06;-3.06697e-06;-3.26551e-06;-8.15674e-06;-8.47199e-06;-3.10142e-06;-8.15681e-06,-3.07889e-06;-8.56751e-06;-2.99556e-06;-3.1898e-06;-8.16846e-06;-8.5055e-06;-3.03023e-06;-8.16801e-06,3.3;-2.15127e-06;-1.75972e-06;-1.77683e-06;-2.06464e-06;3.3;3.3;-2.05676e-06,-1.80872e-06;3.3;3.3;3.3;3.3;-2.03974e-06;-1.70127e-06;3.3,RETRY_5NS;RETRY_5NS;RETRY_5NS;RETRY_5NS;RETRY_5NS;RETRY_5NS;RETRY_5NS;RETRY_5NS,8,8,10000110,134,121,1000011,7,134,120,134,INFERRED_AT_DAC_BRIDGE_OUTPUT,10000110,134,10000110,134,10000110,134,10000110,134,True,True
MC200_CMP_XM5_XM6_W8P2524_XM7_XM11_W16P8587_S039_LOW_W4,0,-2.82476e-06;-8.33965e-06;-2.90437e-06;-2.90289e-06;-8.27952e-06;-8.27977e-06;-2.89411e-06;-8.32673e-06,-2.85759e-06;-8.32344e-06;-2.93794e-06;-2.93503e-06;-8.27702e-06;-8.2757e-06;-2.92662e-06;-8.31817e-06,3.3;3.3;3.3;-1.63886e-06;-1.93924e-06;-1.93354e-06;-1.6281e-06;3.3,-1.78519e-06;-2.03574e-06;-1.68893e-06;3.3;3.3;3.3;3.3;-1.99213e-06,RETRY_5NS;RETRY_5NS;RETRY_5NS;RETRY_5NS;RETRY_5NS;RETRY_5NS;RETRY_5NS;RETRY_5NS,8,8,11100001,225,30,1110000,7,224,30,225,INFERRED_AT_DAC_BRIDGE_OUTPUT,11100001,225,11100001,225,11100001,225,11100001,225,True,True
MC200_CMP_XM5_XM6_W8P2524_XM7_XM11_W16P8587_S039_LOW_W4,1,-2.89459e-06;-8.43297e-06;-3.06324e-06;-2.95912e-06;-8.37065e-06;-8.37097e-06;-2.95539e-06;-8.4174e-06,-2.92802e-06;-8.4136e-06;-3.09717e-06;-2.99296e-06;-8.36618e-06;-8.36495e-06;-2.98857e-06;-8.40785e-06,3.3;3.3;3.3;3.3;-1.94687e-06;-1.94375e-06;-1.63709e-06;-1.93941e-06,-1.80807e-06;-2.04948e-06;-1.70035e-06;-1.68778e-06;3.3;3.3;3.3;3.3,RETRY_5NS;RETRY_5NS;RETRY_5NS;RETRY_5NS;RETRY_5NS;RETRY_5NS;RETRY_5NS;RETRY_5NS,8,8,11110000,240,15,1111000,7,240,14,240,INFERRED_AT_DAC_BRIDGE_OUTPUT,11110000,240,11110000,240,11110000,240,11110000,240,True,True
MC200_CMP_XM5_XM6_W8P2524_XM7_XM11_W16P8587_S039_LOW_W4,2,-3.25448e-06;-7.87187e-06;-3.12423e-06;-3.11309e-06;-8.60266e-06;-8.60084e-06;-3.10877e-06;-8.64621e-06,-3.28771e-06;-7.84224e-06;-3.15769e-06;-3.14625e-06;-8.58345e-06;-8.58472e-06;-3.14247e-06;-8.62984e-06,3.3;3.3;-1.66638e-06;-1.65631e-06;3.3;3.3;-1.65115e-06;3.3,-1.80912e-06;-2.06769e-06;3.3;3.3;-2.02701e-06;-2.01979e-06;3.3;-2.00778e-06,RETRY_5NS;RETRY_5NS;RETRY_5NS;RETRY_5NS;RETRY_5NS;RETRY_5NS;RETRY_5NS;RETRY_5NS,8,8,11001101,205,50,1100110,7,204,50,205,INFERRED_AT_DAC_BRIDGE_OUTPUT,11001101,205,11001101,205,11001101,205,11001101,205,True,True
MC200_CMP_XM5_XM6_W8P2524_XM7_XM11_W16P8587_S039_LOW_W4,3,-2.829e-06;-8.37991e-06;-2.94629e-06;-2.9319e-06;-8.32559e-06;-8.32798e-06;-2.92426e-06;-8.37171e-06,-2.8619e-06;-8.37976e-06;-2.97877e-06;-2.96397e-06;-8.31901e-06;-8.3175e-06;-2.9579e-06;-8.3634e-06,3.3;-1.98812e-06;-1.64746e-06;-1.64115e-06;-1.936e-06;3.3;3.3;-1.93537e-06,-1.77194e-06;3.3;3.3;3.3;3.3;-1.99895e-06;-1.68055e-06;3.3,RETRY_5NS;RETRY_5NS;RETRY_5NS;RETRY_5NS;RETRY_5NS;RETRY_5NS;RETRY_5NS;RETRY_5NS,8,8,10000110,134,121,1000011,7,134,120,134,INFERRED_AT_DAC_BRIDGE_OUTPUT,10000110,134,10000110,134,10000110,134,10000110,134,True,True
MC200_CMP_XM5_XM6_W8P2524_XM7_XM11_W16P8587_S039_LOW_W4,64,-2.91681e-06;-8.47614e-06;-2.78262e-06;-2.99431e-06;-8.05162e-06;-8.41664e-06;-2.83275e-06;-8.05228e-06,-2.95013e-06;-8.45569e-06;-2.81554e-06;-3.02696e-06;-8.05472e-06;-8.40916e-06;-2.86494e-06;-8.05174e-06,3.3;3.3;3.3;-1.64755e-06;-1.92066e-06;-1.94565e-06;-1.62113e-06;3.3,-1.79523e-06;-2.04765e-06;-1.676e-06;3.3;3.3;3.3;3.3;-1.96162e-06,RETRY_5NS;RETRY_5NS;RETRY_5NS;RETRY_5NS;RETRY_5NS;RETRY_5NS;RETRY_5NS;RETRY_5NS,8,8,11100001,225,30,1110000,7,224,30,225,INFERRED_AT_DAC_BRIDGE_OUTPUT,11100001,225,11100001,225,11100001,225,11100001,225,True,True
MC200_CMP_XM5_XM6_W8P2524_XM7_XM11_W16P8587_S039_LOW_W4,65,-3.0165e-06;-8.61469e-06;-2.96416e-06;-3.08155e-06;-8.18833e-06;-8.55344e-06;-2.9247e-06;-8.18894e-06,-3.05057e-06;-8.58964e-06;-2.99737e-06;-3.11557e-06;-8.18832e-06;-8.54289e-06;-2.95773e-06;-8.1855e-06,3.3;3.3;3.3;3.3;-1.93132e-06;-1.95867e-06;-1.63353e-06;-1.95753e-06,-1.82167e-06;-2.06549e-06;-1.6962e-06;-1.6965e-06;3.3;3.3;3.3;3.3,RETRY_5NS;RETRY_5NS;RETRY_5NS;RETRY_5NS;RETRY_5NS;RETRY_5NS;RETRY_5NS;RETRY_5NS,8,8,11110000,240,15,1111000,7,240,14,240,INFERRED_AT_DAC_BRIDGE_OUTPUT,11110000,240,11110000,240,11110000,240,11110000,240,True,True
MC200_CMP_XM5_XM6_W8P2524_XM7_XM11_W16P8587_S039_LOW_W4,66,-3.3976e-06;-7.84539e-06;-3.03329e-06;-3.23529e-06;-8.41992e-06;-8.78354e-06;-3.07813e-06;-8.41774e-06,-3.43137e-06;-7.80893e-06;-3.06623e-06;-3.26914e-06;-8.40594e-06;-8.76248e-06;-3.11164e-06;-8.4075e-06,3.3;3.3;-1.6566e-06;-1.66877e-06;3.3;3.3;-1.64846e-06;-1.93301e-06,-1.82278e-06;-2.08549e-06;3.3;3.3;-2.01162e-06;-2.03405e-06;3.3;3.3,RETRY_5NS;RETRY_5NS;RETRY_5NS;RETRY_5NS;RETRY_5NS;RETRY_5NS;RETRY_5NS;RETRY_5NS,8,8,11001100,204,51,1100110,7,204,50,204,INFERRED_AT_DAC_BRIDGE_OUTPUT,11001100,204,11001100,204,11001100,204,11001100,204,True,True
MC200_CMP_XM5_XM6_W8P2524_XM7_XM11_W16P8587_S039_LOW_W4,67,-2.95362e-06;-8.56073e-06;-2.85544e-06;-3.05399e-06;-8.14302e-06;-8.06509e-06;-2.89359e-06;-8.14324e-06,-2.98719e-06;-8.55651e-06;-2.8874e-06;-3.08671e-06;-8.14125e-06;-8.04345e-06;-2.92708e-06;-8.14107e-06,3.3;-2.00255e-06;-1.63754e-06;-1.65359e-06;-1.92073e-06;3.3;3.3;-1.91628e-06,-1.78423e-06;3.3;3.3;3.3;3.3;-2.02557e-06;-1.67804e-06;3.3,RETRY_5NS;RETRY_5NS;RETRY_5NS;RETRY_5NS;RETRY_5NS;RETRY_5NS;RETRY_5NS;RETRY_5NS,8,8,10000110,134,121,1000011,7,134,120,134,INFERRED_AT_DAC_BRIDGE_OUTPUT,10000110,134,10000110,134,10000110,134,10000110,134,True,True
MC200_CMP_XM5_XM6_W8P2524_XM7_XM11_W16P8587_S040_LOW_W4,0,-3.17821e-06;-8.52031e-06;-3.28646e-06;-3.28432e-06;-8.45672e-06;-8.45637e-06;-3.26781e-06;-8.4977e-06,-3.35965e-06;-8.43078e-06;-3.47318e-06;-3.4701e-06;-8.38882e-06;-8.38686e-06;-3.45361e-06;-8.41785e-06,3.3;3.3;3.3;-1.62855e-06;-1.92635e-06;-1.92399e-06;-1.61992e-06;-1.9189e-06,-1.86291e-06;-2.12331e-06;-1.76194e-06;3.3;3.3;3.3;3.3;3.3,RETRY_5NS;RETRY_5NS;RETRY_5NS;RETRY_5NS;RETRY_5NS;RETRY_5NS;RETRY_5NS;RETRY_5NS,8,8,11100000,224,31,1110000,7,224,30,224,INFERRED_AT_DAC_BRIDGE_OUTPUT,11100000,224,11100000,224,11100000,224,11100000,224,True,True
MC200_CMP_XM5_XM6_W8P2524_XM7_XM11_W16P8587_S040_LOW_W4,1,-2.67595e-06;-7.79245e-06;-2.78565e-06;-2.75984e-06;-7.71971e-06;-7.85088e-06;-2.74984e-06;-7.75795e-06,-2.83484e-06;-7.85112e-06;-2.95401e-06;-2.92752e-06;-7.79445e-06;-7.9315e-06;-2.91636e-06;-7.82275e-06,3.3;3.3;3.3;3.3;-1.86178e-06;-1.85587e-06;-1.56592e-06;-1.85732e-06,-1.81649e-06;-2.0568e-06;-1.71005e-06;-1.69391e-06;3.3;3.3;3.3;3.3,RETRY_5NS;RETRY_5NS;RETRY_5NS;RETRY_5NS;RETRY_5NS;RETRY_5NS;RETRY_5NS;RETRY_5NS,8,8,11110000,240,15,1111000,7,240,14,240,INFERRED_AT_DAC_BRIDGE_OUTPUT,11110000,240,11110000,240,11110000,240,11110000,240,True,True
MC200_CMP_XM5_XM6_W8P2524_XM7_XM11_W16P8587_S040_LOW_W4,2,-3.11663e-06;-8.14459e-06;-3.24252e-06;-3.22008e-06;-8.37765e-06;-8.37543e-06;-3.21027e-06;-8.41545e-06,-3.29581e-06;-8.06076e-06;-3.42685e-06;-3.40316e-06;-8.3178e-06;-8.31819e-06;-3.39393e-06;-8.35184e-06,3.3;3.3;-1.62805e-06;-1.6182e-06;3.3;3.3;-1.61412e-06;-1.91419e-06,-1.84897e-06;-2.11694e-06;3.3;3.3;-2.08063e-06;-2.06974e-06;3.3;3.3,RETRY_5NS;RETRY_5NS;RETRY_5NS;RETRY_5NS;RETRY_5NS;RETRY_5NS;RETRY_5NS;RETRY_5NS,8,8,11001100,204,51,1100110,7,204,50,204,INFERRED_AT_DAC_BRIDGE_OUTPUT,11001100,204,11001100,204,11001100,204,11001100,204,True,True
MC200_CMP_XM5_XM6_W8P2524_XM7_XM11_W16P8587_S040_LOW_W4,3,-2.93565e-06;-8.43678e-06;-3.24896e-06;-3.2476e-06;-8.10956e-06;-8.37611e-06;-3.20999e-06;-8.4164e-06,-3.1161e-06;-8.38149e-06;-3.43349e-06;-3.43077e-06;-8.0429e-06;-8.31791e-06;-3.39383e-06;-8.35075e-06,3.3;-1.96219e-06;-1.62774e-06;-1.62236e-06;-1.91612e-06;3.3;-1.60633e-06;3.3,-1.83603e-06;3.3;3.3;3.3;3.3;-2.07596e-06;3.3;-2.07764e-06,RETRY_5NS;RETRY_5NS;RETRY_5NS;RETRY_5NS;RETRY_5NS;RETRY_5NS;RETRY_5NS;RETRY_5NS,8,8,10000101,133,122,1000010,7,132,122,133,INFERRED_AT_DAC_BRIDGE_OUTPUT,10000101,133,10000101,133,10000101,133,10000101,133,True,True
MC200_CMP_XM5_XM6_W8P2524_XM7_XM11_W16P8587_S040_LOW_W4,64,-3.29409e-06;-8.68329e-06;-3.20101e-06;-3.39841e-06;-8.2929e-06;-8.62044e-06;-3.23912e-06;-8.37286e-06,-3.48068e-06;-8.56081e-06;-3.3847e-06;-3.58819e-06;-8.25671e-06;-8.51908e-06;-3.42352e-06;-8.33552e-06,3.3;3.3;3.3;-1.64015e-06;-1.91238e-06;-1.93683e-06;-1.61508e-06;-1.89602e-06,-1.87846e-06;-2.14114e-06;-1.7527e-06;3.3;3.3;3.3;3.3;3.3,RETRY_5NS;RETRY_5NS;RETRY_5NS;RETRY_5NS;RETRY_5NS;RETRY_5NS;RETRY_5NS;RETRY_5NS,8,8,11100000,224,31,1110000,7,224,30,224,INFERRED_AT_DAC_BRIDGE_OUTPUT,11100000,224,11100000,224,11100000,224,11100000,224,True,True
MC200_CMP_XM5_XM6_W8P2524_XM7_XM11_W16P8587_S040_LOW_W4,65,-2.77355e-06;-7.95509e-06;-2.70056e-06;-2.8745e-06;-7.58308e-06;-7.88408e-06;-2.72009e-06;-7.55339e-06,-2.93792e-06;-7.98075e-06;-2.86584e-06;-3.04628e-06;-7.70379e-06;-7.92165e-06;-2.88694e-06;-7.65599e-06,3.3;3.3;3.3;-1.56896e-06;3.3;3.3;3.3;3.3,-1.83207e-06;-2.07211e-06;-1.70112e-06;3.3;-2.01076e-06;-2.03074e-06;-1.69455e-06;-2.03351e-06,RETRY_5NS;RETRY_5NS;RETRY_5NS;RETRY_5NS;RETRY_5NS;RETRY_5NS;RETRY_5NS;RETRY_5NS,8,8,11101111,239,16,1110111,7,238,16,239,INFERRED_AT_DAC_BRIDGE_OUTPUT,11101111,239,11101111,239,11101111,239,11101111,239,True,True
MC200_CMP_XM5_XM6_W8P2524_XM7_XM11_W16P8587_S040_LOW_W4,66,-3.23176e-06;-7.88432e-06;-3.15785e-06;-3.33477e-06;-8.2133e-06;-8.53973e-06;-3.18146e-06;-8.20998e-06,-3.41606e-06;-7.75793e-06;-3.33923e-06;-3.52191e-06;-8.18592e-06;-8.45037e-06;-3.36409e-06;-8.18645e-06,3.3;3.3;-1.61886e-06;-1.63039e-06;3.3;3.3;-1.61103e-06;-1.89568e-06,-1.86194e-06;-2.13463e-06;3.3;3.3;-2.06371e-06;-2.08755e-06;3.3;3.3,RETRY_5NS;RETRY_5NS;RETRY_5NS;RETRY_5NS;RETRY_5NS;RETRY_5NS;RETRY_5NS;RETRY_5NS,8,8,11001100,204,51,1100110,7,204,50,204,INFERRED_AT_DAC_BRIDGE_OUTPUT,11001100,204,11001100,204,11001100,204,11001100,204,True,True
MC200_CMP_XM5_XM6_W8P2524_XM7_XM11_W16P8587_S040_LOW_W4,67,-3.10607e-06;-8.59837e-06;-3.16425e-06;-3.44203e-06;-7.91536e-06;-8.54086e-06;-3.1812e-06;-8.20996e-06,-3.29045e-06;-8.5117e-06;-3.34584e-06;-3.62484e-06;-7.87846e-06;-8.44968e-06;-3.36401e-06;-8.18661e-06,3.3;-1.97691e-06;-1.61884e-06;-1.63755e-06;-1.90299e-06;3.3;3.3;-1.89747e-06,-1.84704e-06;3.3;3.3;3.3;3.3;-2.09319e-06;-1.73728e-06;3.3,RETRY_5NS;RETRY_5NS;RETRY_5NS;RETRY_5NS;RETRY_5NS;RETRY_5NS;RETRY_5NS;RETRY_5NS,8,8,10000110,134,121,1000011,7,134,120,134,INFERRED_AT_DAC_BRIDGE_OUTPUT,10000110,134,10000110,134,10000110,134,10000110,134,True,True
MC200_CMP_XM5_XM6_W8P2524_XM7_XM11_W16P8587_S041_LOW_W4,0,-2.93769e-06;-8.27254e-06;-3.02475e-06;-3.02305e-06;-8.21583e-06;-8.2161e-06;-3.01204e-06;-8.25683e-06,-2.83476e-06;-8.25223e-06;-2.92109e-06;-2.91784e-06;-8.20369e-06;-8.2018e-06;-2.9075e-06;-8.2442e-06,3.3;3.3;3.3;-1.70968e-06;-2.02209e-06;-2.01718e-06;-1.70001e-06;-2.01266e-06,-1.76515e-06;-2.01218e-06;-1.66836e-06;3.3;3.3;3.3;3.3;3.3,RETRY_5NS;RETRY_5NS;RETRY_5NS;RETRY_5NS;RETRY_5NS;RETRY_5NS;RETRY_5NS;RETRY_5NS,8,8,11100000,224,31,1110000,7,224,30,224,INFERRED_AT_DAC_BRIDGE_OUTPUT,11100000,224,11100000,224,11100000,224,11100000,224,True,True
MC200_CMP_XM5_XM6_W8P2524_XM7_XM11_W16P8587_S041_LOW_W4,1,-2.51203e-06;-7.72048e-06;-2.59811e-06;-2.58045e-06;-7.66119e-06;-7.65955e-06;-2.65495e-06;-7.69807e-06,-2.4231e-06;-7.642e-06;-2.50846e-06;-2.49075e-06;-7.58151e-06;-7.58093e-06;-2.56502e-06;-7.62439e-06,3.3;3.3;3.3;-1.65302e-06;3.3;3.3;3.3;3.3,-1.73368e-06;-1.96267e-06;-1.63336e-06;3.3;-1.9258e-06;-1.9226e-06;-1.62863e-06;-1.91986e-06,RETRY_5NS;RETRY_5NS;RETRY_5NS;RETRY_5NS;RETRY_5NS;RETRY_5NS;RETRY_5NS;RETRY_5NS,8,8,11101111,239,16,1110111,7,238,16,239,INFERRED_AT_DAC_BRIDGE_OUTPUT,11101111,239,11101111,239,11101111,239,11101111,239,True,True
MC200_CMP_XM5_XM6_W8P2524_XM7_XM11_W16P8587_S041_LOW_W4,2,-2.40156e-06;-7.59129e-06;-2.50859e-06;-2.48841e-06;-7.59478e-06;-7.53867e-06;-2.4869e-06;-7.57745e-06,-2.31586e-06;-7.50211e-06;-2.42012e-06;-2.40001e-06;-7.50198e-06;-7.44783e-06;-2.39947e-06;-7.49213e-06,3.3;3.3;-1.66126e-06;-1.65052e-06;3.3;3.3;-1.64871e-06;-1.95132e-06,-1.70246e-06;-1.94397e-06;3.3;3.3;-1.91068e-06;-1.8996e-06;3.3;3.3,RETRY_5NS;RETRY_5NS;RETRY_5NS;RETRY_5NS;RETRY_5NS;RETRY_5NS;RETRY_5NS;RETRY_5NS,8,8,11001100,204,51,1100110,7,204,50,204,INFERRED_AT_DAC_BRIDGE_OUTPUT,11001100,204,11001100,204,11001100,204,11001100,204,True,True
MC200_CMP_XM5_XM6_W8P2524_XM7_XM11_W16P8587_S041_LOW_W4,3,-3.00161e-06;-8.3866e-06;-3.13133e-06;-3.11468e-06;-8.33575e-06;-7.77773e-06;-3.10547e-06;-8.3771e-06,-2.89587e-06;-8.3965e-06;-3.02312e-06;-3.00637e-06;-8.3338e-06;-7.75501e-06;-2.99893e-06;-8.3767e-06,3.3;-2.08031e-06;-1.72372e-06;-1.71886e-06;-2.02887e-06;3.3;-1.70055e-06;3.3,-1.75846e-06;3.3;3.3;3.3;3.3;-1.98862e-06;3.3;-1.98303e-06,RETRY_5NS;RETRY_5NS;RETRY_5NS;RETRY_5NS;RETRY_5NS;RETRY_5NS;RETRY_5NS;RETRY_5NS,8,8,10000101,133,122,1000010,7,132,122,133,INFERRED_AT_DAC_BRIDGE_OUTPUT,10000101,133,10000101,133,10000101,133,10000101,133,True,True
MC200_CMP_XM5_XM6_W8P2524_XM7_XM11_W16P8587_S041_LOW_W4,64,-3.0632e-06;-8.43129e-06;-2.9316e-06;-3.14753e-06;-8.05652e-06;-8.37535e-06;-2.98074e-06;-8.05722e-06,-2.95626e-06;-8.42755e-06;-2.83092e-06;-3.03837e-06;-8.02658e-06;-8.37916e-06;-2.87718e-06;-8.02281e-06,3.3;3.3;3.3;-1.72338e-06;-2.00694e-06;-2.03425e-06;-1.69631e-06;-1.99111e-06,-1.77937e-06;-2.02754e-06;-1.65926e-06;3.3;3.3;3.3;3.3;3.3,RETRY_5NS;RETRY_5NS;RETRY_5NS;RETRY_5NS;RETRY_5NS;RETRY_5NS;RETRY_5NS;RETRY_5NS,8,8,11100000,224,31,1110000,7,224,30,224,INFERRED_AT_DAC_BRIDGE_OUTPUT,11100000,224,11100000,224,11100000,224,11100000,224,True,True
MC200_CMP_XM5_XM6_W8P2524_XM7_XM11_W16P8587_S041_LOW_W4,65,-2.63647e-06;-7.87898e-06;-2.50546e-06;-2.70519e-06;-7.50138e-06;-7.81934e-06;-2.54188e-06;-7.49835e-06,-2.54355e-06;-7.81703e-06;-2.41877e-06;-2.61152e-06;-7.40493e-06;-7.75766e-06;-2.45383e-06;-7.40311e-06,3.3;3.3;3.3;-1.66437e-06;3.3;3.3;3.3;3.3,-1.7465e-06;-1.97806e-06;-1.62355e-06;3.3;-1.91121e-06;-1.9373e-06;-1.6181e-06;-1.93787e-06,RETRY_5NS;RETRY_5NS;RETRY_5NS;RETRY_5NS;RETRY_5NS;RETRY_5NS;RETRY_5NS;RETRY_5NS,8,8,11101111,239,16,1110111,7,238,16,239,INFERRED_AT_DAC_BRIDGE_OUTPUT,11101111,239,11101111,239,11101111,239,11101111,239,True,True
MC200_CMP_XM5_XM6_W8P2524_XM7_XM11_W16P8587_S041_LOW_W4,66,-2.52972e-06;-7.7501e-06;-2.41586e-06;-2.61316e-06;-7.38798e-06;-7.69837e-06;-2.5327e-06;-7.37775e-06,-2.44001e-06;-7.67765e-06;-2.33035e-06;-2.52083e-06;-7.28007e-06;-7.6248e-06;-2.43766e-06;-7.27085e-06,3.3;3.3;-1.65177e-06;-1.66222e-06;3.3;3.3;-1.6489e-06;-1.93275e-06,-1.71563e-06;-1.95938e-06;3.3;3.3;-1.89478e-06;-1.91599e-06;3.3;3.3,RETRY_5NS;RETRY_5NS;RETRY_5NS;RETRY_5NS;RETRY_5NS;RETRY_5NS;RETRY_5NS;RETRY_5NS,8,8,11001100,204,51,1100110,7,204,50,204,INFERRED_AT_DAC_BRIDGE_OUTPUT,11001100,204,11001100,204,11001100,204,11001100,204,True,True
MC200_CMP_XM5_XM6_W8P2524_XM7_XM11_W16P8587_S041_LOW_W4,67,-3.12897e-06;-8.54417e-06;-3.03878e-06;-3.23924e-06;-8.17619e-06;-8.3546e-06;-3.07417e-06;-8.17739e-06,-3.01921e-06;-8.57223e-06;-2.93353e-06;-3.12697e-06;-8.15693e-06;-8.36963e-06;-2.96863e-06;-8.15543e-06,3.3;-2.09636e-06;-1.7143e-06;-1.73165e-06;-2.01337e-06;3.3;-1.70045e-06;3.3,-1.77214e-06;3.3;3.3;3.3;3.3;-1.99911e-06;3.3;-1.96405e-06,RETRY_5NS;RETRY_5NS;RETRY_5NS;RETRY_5NS;RETRY_5NS;RETRY_5NS;RETRY_5NS;RETRY_5NS,8,8,10000101,133,122,1000010,7,132,122,133,INFERRED_AT_DAC_BRIDGE_OUTPUT,10000101,133,10000101,133,10000101,133,10000101,133,True,True
MC200_CMP_XM5_XM6_W8P2524_XM7_XM11_W16P8587_S042_LOW_W4,0,-3.33863e-06;-8.48295e-06;-3.45652e-06;-3.45304e-06;-8.42183e-06;-8.4214e-06;-3.43535e-06;-8.4581e-06,-3.30245e-06;-8.5016e-06;-3.42023e-06;-3.41604e-06;-8.45194e-06;-8.44975e-06;-3.3983e-06;-8.48548e-06,3.3;3.3;3.3;-1.73895e-06;-2.05643e-06;-2.0534e-06;-1.72591e-06;3.3,-1.82856e-06;-2.08177e-06;-1.72957e-06;3.3;3.3;3.3;3.3;-2.04353e-06,RETRY_5NS;RETRY_5NS;RETRY_5NS;RETRY_5NS;RETRY_5NS;RETRY_5NS;RETRY_5NS;RETRY_5NS,8,8,11100001,225,30,1110000,7,224,30,225,INFERRED_AT_DAC_BRIDGE_OUTPUT,11100001,225,11100001,225,11100001,225,11100001,225,True,True
MC200_CMP_XM5_XM6_W8P2524_XM7_XM11_W16P8587_S042_LOW_W4,1,-3.38191e-06;-8.52291e-06;-3.66129e-06;-3.4608e-06;-8.45775e-06;-8.45734e-06;-3.38713e-06;-8.49359e-06,-3.34564e-06;-8.54295e-06;-3.62572e-06;-3.42167e-06;-8.49028e-06;-8.48804e-06;-3.34898e-06;-8.52388e-06,3.3;3.3;3.3;3.3;-2.0612e-06;-2.05869e-06;-1.73065e-06;-2.05119e-06,-1.84762e-06;-2.09182e-06;-1.74539e-06;-1.72366e-06;3.3;3.3;3.3;3.3,RETRY_5NS;RETRY_5NS;RETRY_5NS;RETRY_5NS;RETRY_5NS;RETRY_5NS;RETRY_5NS;RETRY_5NS,8,8,11110000,240,15,1111000,7,240,14,240,INFERRED_AT_DAC_BRIDGE_OUTPUT,11110000,240,11110000,240,11110000,240,11110000,240,True,True
MC200_CMP_XM5_XM6_W8P2524_XM7_XM11_W16P8587_S042_LOW_W4,2,-2.72692e-06;-7.72617e-06;-2.88029e-06;-2.84866e-06;-7.66973e-06;-7.66725e-06;-2.83506e-06;-7.70104e-06,-2.6974e-06;-7.70908e-06;-2.85026e-06;-2.81737e-06;-7.65268e-06;-7.65092e-06;-2.80428e-06;-7.68867e-06,3.3;3.3;-1.67719e-06;-1.66674e-06;3.3;3.3;-1.66084e-06;3.3,-1.74889e-06;-1.99653e-06;3.3;3.3;-1.96726e-06;-1.96085e-06;3.3;-1.95837e-06,RETRY_5NS;RETRY_5NS;RETRY_5NS;RETRY_5NS;RETRY_5NS;RETRY_5NS;RETRY_5NS;RETRY_5NS,8,8,11001101,205,50,1100110,7,204,50,205,INFERRED_AT_DAC_BRIDGE_OUTPUT,11001101,205,11001101,205,11001101,205,11001101,205,True,True
MC200_CMP_XM5_XM6_W8P2524_XM7_XM11_W16P8587_S042_LOW_W4,3,-3.29111e-06;-8.48034e-06;-3.47627e-06;-3.67442e-06;-8.42202e-06;-8.42409e-06;-3.68018e-06;-7.8563e-06,-3.25532e-06;-8.5174e-06;-3.43957e-06;-3.63801e-06;-8.44899e-06;-8.44711e-06;-3.64519e-06;-7.89635e-06,3.3;-2.10185e-06;-1.74334e-06;-1.74122e-06;-2.05029e-06;3.3;3.3;-2.04735e-06,-1.81313e-06;3.3;3.3;3.3;3.3;-2.04478e-06;-1.72871e-06;3.3,RETRY_5NS;RETRY_5NS;RETRY_5NS;RETRY_5NS;RETRY_5NS;RETRY_5NS;RETRY_5NS;RETRY_5NS,8,8,10000110,134,121,1000011,7,134,120,134,INFERRED_AT_DAC_BRIDGE_OUTPUT,10000110,134,10000110,134,10000110,134,10000110,134,True,True
MC200_CMP_XM5_XM6_W8P2524_XM7_XM11_W16P8587_S042_LOW_W4,64,-3.45429e-06;-8.62537e-06;-3.37189e-06;-3.56613e-06;-8.2783e-06;-8.56518e-06;-3.40677e-06;-8.27791e-06,-3.41695e-06;-8.65108e-06;-3.3365e-06;-3.52785e-06;-8.30021e-06;-8.60165e-06;-3.37001e-06;-8.29568e-06,3.3;3.3;3.3;-1.75354e-06;-2.04006e-06;-2.06954e-06;-1.72339e-06;3.3,-1.84287e-06;-2.09809e-06;-1.72031e-06;3.3;3.3;3.3;3.3;-2.02244e-06,RETRY_5NS;RETRY_5NS;RETRY_5NS;RETRY_5NS;RETRY_5NS;RETRY_5NS;RETRY_5NS;RETRY_5NS,8,8,11100001,225,30,1110000,7,224,30,225,INFERRED_AT_DAC_BRIDGE_OUTPUT,11100001,225,11100001,225,11100001,225,11100001,225,True,True
MC200_CMP_XM5_XM6_W8P2524_XM7_XM11_W16P8587_S042_LOW_W4,65,-3.49669e-06;-8.66505e-06;-3.53386e-06;-3.43514e-06;-8.31422e-06;-8.60109e-06;-3.66681e-06;-8.31342e-06,-3.45925e-06;-8.69211e-06;-3.49923e-06;-3.39627e-06;-8.33848e-06;-8.63989e-06;-3.63119e-06;-8.33415e-06,3.3;3.3;3.3;3.3;-2.04594e-06;-2.07457e-06;-1.73854e-06;-2.07378e-06,-1.86266e-06;-2.10765e-06;-1.73459e-06;-1.73465e-06;3.3;3.3;3.3;3.3,RETRY_5NS;RETRY_5NS;RETRY_5NS;RETRY_5NS;RETRY_5NS;RETRY_5NS;RETRY_5NS;RETRY_5NS,8,8,11110000,240,15,1111000,7,240,14,240,INFERRED_AT_DAC_BRIDGE_OUTPUT,11110000,240,11110000,240,11110000,240,11110000,240,True,True
MC200_CMP_XM5_XM6_W8P2524_XM7_XM11_W16P8587_S042_LOW_W4,66,-2.84264e-06;-7.8687e-06;-2.79605e-06;-2.96244e-06;-7.52566e-06;-7.81128e-06;-2.80646e-06;-7.52088e-06,-2.81193e-06;-7.85891e-06;-2.76699e-06;-2.92993e-06;-7.50123e-06;-7.8027e-06;-2.77596e-06;-7.49888e-06,3.3;3.3;-1.66727e-06;-1.67972e-06;3.3;3.3;-1.65764e-06;3.3,-1.76177e-06;-2.01095e-06;3.3;3.3;-1.9521e-06;-1.97553e-06;3.3;-1.93948e-06,RETRY_5NS;RETRY_5NS;RETRY_5NS;RETRY_5NS;RETRY_5NS;RETRY_5NS;RETRY_5NS;RETRY_5NS,8,8,11001101,205,50,1100110,7,204,50,205,INFERRED_AT_DAC_BRIDGE_OUTPUT,11001101,205,11001101,205,11001101,205,11001101,205,True,True
MC200_CMP_XM5_XM6_W8P2524_XM7_XM11_W16P8587_S042_LOW_W4,67,-3.40949e-06;-8.62134e-06;-3.39225e-06;-3.60383e-06;-8.27818e-06;-8.56817e-06;-3.40635e-06;-7.76152e-06,-3.37248e-06;-8.66706e-06;-3.35653e-06;-3.56562e-06;-8.29733e-06;-8.59868e-06;-3.37045e-06;-7.75356e-06,3.3;-2.11692e-06;-1.7349e-06;-1.75335e-06;-2.0353e-06;3.3;3.3;-2.03072e-06,-1.82667e-06;3.3;3.3;3.3;3.3;-2.06067e-06;-1.71848e-06;3.3,RETRY_5NS;RETRY_5NS;RETRY_5NS;RETRY_5NS;RETRY_5NS;RETRY_5NS;RETRY_5NS;RETRY_5NS,8,8,10000110,134,121,1000011,7,134,120,134,INFERRED_AT_DAC_BRIDGE_OUTPUT,10000110,134,10000110,134,10000110,134,10000110,134,True,True
MC200_CMP_XM5_XM6_W8P2524_XM7_XM11_W16P8587_S043_LOW_W4,0,-3.20288e-06;-8.39827e-06;-3.30331e-06;-3.3003e-06;-8.3425e-06;-7.56015e-06;-3.2831e-06;-9.49745e-06,-3.1451e-06;-8.43158e-06;-3.24483e-06;-3.24256e-06;-8.3768e-06;-7.60604e-06;-3.2253e-06;-9.51889e-06,3.3;3.3;-1.65403e-06;3.3;3.3;3.3;3.3;3.3,-1.70684e-06;-1.94714e-06;3.3;-1.6181e-06;-1.91404e-06;-1.91924e-06;-1.6074e-06;-1.90618e-06,RETRY_5NS;RETRY_5NS;RETRY_5NS;RETRY_5NS;RETRY_5NS;RETRY_5NS;RETRY_5NS;RETRY_5NS,8,8,11011111,223,32,1101111,7,222,32,223,INFERRED_AT_DAC_BRIDGE_OUTPUT,11011111,223,11011111,223,11011111,223,11011111,223,True,True
MC200_CMP_XM5_XM6_W8P2524_XM7_XM11_W16P8587_S043_LOW_W4,1,-3.23558e-06;-8.43948e-06;-3.34099e-06;-3.32136e-06;-8.90839e-06;-8.37718e-06;-3.31241e-06;-8.41251e-06,-3.17733e-06;-8.47516e-06;-3.28283e-06;-3.26243e-06;-8.93712e-06;-8.4168e-06;-3.25422e-06;-8.45732e-06,3.3;3.3;3.3;-1.65445e-06;3.3;3.3;3.3;-1.9546e-06,-1.72386e-06;-1.9563e-06;-1.62465e-06;3.3;-1.91479e-06;-1.91369e-06;-1.6104e-06;3.3,RETRY_5NS;RETRY_5NS;RETRY_5NS;RETRY_5NS;RETRY_5NS;RETRY_5NS;RETRY_5NS;RETRY_5NS,8,8,11101110,238,17,1110111,7,238,16,238,INFERRED_AT_DAC_BRIDGE_OUTPUT,11101110,238,11101110,238,11101110,238,11101110,238,True,True
MC200_CMP_XM5_XM6_W8P2524_XM7_XM11_W16P8587_S043_LOW_W4,2,-3.27702e-06;-8.50119e-06;-3.40356e-06;-3.38164e-06;-8.45257e-06;-8.44997e-06;-3.37123e-06;-8.84464e-06,-3.21813e-06;-8.54539e-06;-3.34321e-06;-3.32106e-06;-8.49709e-06;-8.49824e-06;-3.31231e-06;-8.8895e-06,3.3;3.3;-1.67086e-06;-1.66471e-06;3.3;-1.96533e-06;3.3;3.3,-1.71011e-06;-1.95576e-06;3.3;3.3;-1.92302e-06;3.3;-1.61751e-06;-1.91645e-06,RETRY_5NS;RETRY_5NS;RETRY_5NS;RETRY_5NS;RETRY_5NS;RETRY_5NS;RETRY_5NS;RETRY_5NS,8,8,11001011,203,52,1100101,7,202,52,203,INFERRED_AT_DAC_BRIDGE_OUTPUT,11001011,203,11001011,203,11001011,203,11001011,203,True,True
MC200_CMP_XM5_XM6_W8P2524_XM7_XM11_W16P8587_S043_LOW_W4,3,-2.57576e-06;-8.13671e-06;-2.77619e-06;-2.76378e-06;-7.62888e-06;-7.62933e-06;-2.72507e-06;-7.66485e-06,-2.52519e-06;-8.12674e-06;-2.72452e-06;-2.71142e-06;-7.61392e-06;-7.6114e-06;-2.67354e-06;-7.65112e-06,3.3;-1.92962e-06;-1.6031e-06;-1.60507e-06;-1.88954e-06;3.3;-1.5899e-06;-1.87807e-06,-1.63091e-06;3.3;3.3;3.3;3.3;-1.83633e-06;3.3;3.3,RETRY_5NS;RETRY_5NS;RETRY_5NS;RETRY_5NS;RETRY_5NS;RETRY_5NS;RETRY_5NS;RETRY_5NS,8,8,10000100,132,123,1000010,7,132,122,132,INFERRED_AT_DAC_BRIDGE_OUTPUT,10000100,132,10000100,132,10000100,132,10000100,132,True,True
MC200_CMP_XM5_XM6_W8P2524_XM7_XM11_W16P8587_S043_LOW_W4,64,-3.31083e-06;-8.54638e-06;-3.21613e-06;-3.41641e-06;-7.63688e-06;-8.55186e-06;-3.25372e-06;-9.10738e-06,-3.2514e-06;-8.59067e-06;-3.15873e-06;-3.35731e-06;-7.66902e-06;-8.59472e-06;-3.1963e-06;-9.11766e-06,3.3;3.3;-1.64428e-06;3.3;3.3;3.3;3.3;3.3,-1.71997e-06;-1.96228e-06;3.3;-1.62901e-06;-1.90694e-06;-1.92695e-06;-1.60605e-06;-1.88374e-06,RETRY_5NS;RETRY_5NS;RETRY_5NS;RETRY_5NS;RETRY_5NS;RETRY_5NS;RETRY_5NS;RETRY_5NS,8,8,11011111,223,32,1101111,7,222,32,223,INFERRED_AT_DAC_BRIDGE_OUTPUT,11011111,223,11011111,223,11011111,223,11011111,223,True,True
MC200_CMP_XM5_XM6_W8P2524_XM7_XM11_W16P8587_S043_LOW_W4,65,-3.3525e-06;-8.58723e-06;-3.25437e-06;-3.43825e-06;-9.55188e-06;-9.10562e-06;-3.28323e-06;-8.22563e-06,-3.29279e-06;-8.63385e-06;-3.19723e-06;-3.37789e-06;-9.55622e-06;-9.14448e-06;-3.22499e-06;-8.25573e-06,3.3;3.3;3.3;-1.66497e-06;3.3;3.3;3.3;-1.96021e-06,-1.73651e-06;-1.97155e-06;-1.61518e-06;3.3;-1.9005e-06;-1.92894e-06;-1.60578e-06;3.3,RETRY_5NS;RETRY_5NS;RETRY_5NS;RETRY_5NS;RETRY_5NS;RETRY_5NS;RETRY_5NS;RETRY_5NS,8,8,11101110,238,17,1110111,7,238,16,238,INFERRED_AT_DAC_BRIDGE_OUTPUT,11101110,238,11101110,238,11101110,238,11101110,238,True,True
MC200_CMP_XM5_XM6_W8P2524_XM7_XM11_W16P8587_S043_LOW_W4,66,-3.39507e-06;-8.64942e-06;-3.3169e-06;-3.49849e-06;-8.30311e-06;-8.59946e-06;-3.34184e-06;-7.55087e-06,-3.33469e-06;-8.70478e-06;-3.25772e-06;-3.43645e-06;-8.33625e-06;-8.65923e-06;-3.28329e-06;-7.59522e-06,3.3;3.3;-1.6633e-06;-1.67706e-06;3.3;-1.98027e-06;3.3;3.3,-1.723e-06;-1.96991e-06;3.3;3.3;-1.90675e-06;3.3;-1.61455e-06;-1.90574e-06,RETRY_5NS;RETRY_5NS;RETRY_5NS;RETRY_5NS;RETRY_5NS;RETRY_5NS;RETRY_5NS;RETRY_5NS,8,8,11001011,203,52,1100101,7,202,52,203,INFERRED_AT_DAC_BRIDGE_OUTPUT,11001011,203,11001011,203,11001011,203,11001011,203,True,True
MC200_CMP_XM5_XM6_W8P2524_XM7_XM11_W16P8587_S043_LOW_W4,67,-2.69633e-06;-7.75195e-06;-2.68966e-06;-2.92812e-06;-7.47971e-06;-7.77869e-06;-2.69566e-06;-7.47794e-06,-2.64424e-06;-7.75484e-06;-2.63916e-06;-2.8747e-06;-7.45298e-06;-7.7725e-06;-2.64452e-06;-7.44965e-06,3.3;-1.95635e-06;-1.59473e-06;-1.61666e-06;-1.87537e-06;3.3;-1.5871e-06;-1.86546e-06,-1.6438e-06;3.3;3.3;3.3;3.3;-1.85236e-06;3.3;3.3,RETRY_5NS;RETRY_5NS;RETRY_5NS;RETRY_5NS;RETRY_5NS;RETRY_5NS;RETRY_5NS;RETRY_5NS,8,8,10000100,132,123,1000010,7,132,122,132,INFERRED_AT_DAC_BRIDGE_OUTPUT,10000100,132,10000100,132,10000100,132,10000100,132,True,True
MC200_CMP_XM5_XM6_W8P2524_XM7_XM11_W16P8587_S044_LOW_W4,0,-2.86403e-06;-8.28445e-06;-2.95208e-06;-2.94991e-06;-8.22371e-06;-8.22401e-06;-2.93847e-06;-8.26758e-06,-2.87075e-06;-8.2601e-06;-2.95871e-06;-2.95524e-06;-8.21126e-06;-8.20952e-06;-2.94484e-06;-8.25272e-06,3.3;3.3;3.3;-1.61949e-06;-1.91392e-06;-1.90987e-06;3.3;-1.9092e-06,-1.83721e-06;-2.09534e-06;-1.74143e-06;3.3;3.3;3.3;-1.72679e-06;3.3,RETRY_5NS;RETRY_5NS;RETRY_5NS;RETRY_5NS;RETRY_5NS;RETRY_5NS;RETRY_5NS;RETRY_5NS,8,8,11100010,226,29,1110001,7,226,28,226,INFERRED_AT_DAC_BRIDGE_OUTPUT,11100010,226,11100010,226,11100010,226,11100010,226,True,True
MC200_CMP_XM5_XM6_W8P2524_XM7_XM11_W16P8587_S044_LOW_W4,1,-3.0331e-06;-8.37402e-06;-3.01905e-06;-3.20019e-06;-8.31073e-06;-8.31081e-06;-2.99966e-06;-8.35552e-06,-3.0387e-06;-8.34936e-06;-3.02559e-06;-3.20517e-06;-8.29918e-06;-8.2977e-06;-3.00488e-06;-8.33929e-06,3.3;3.3;3.3;3.3;-1.92269e-06;-1.91847e-06;-1.61481e-06;3.3,-1.86534e-06;-2.1096e-06;-1.75365e-06;-1.74997e-06;3.3;3.3;3.3;-2.06156e-06,RETRY_5NS;RETRY_5NS;RETRY_5NS;RETRY_5NS;RETRY_5NS;RETRY_5NS;RETRY_5NS;RETRY_5NS,8,8,11110001,241,14,1111000,7,240,14,241,INFERRED_AT_DAC_BRIDGE_OUTPUT,11110001,241,11110001,241,11110001,241,11110001,241,True,True
MC200_CMP_XM5_XM6_W8P2524_XM7_XM11_W16P8587_S044_LOW_W4,2,-2.34323e-06;-7.54071e-06;-2.45094e-06;-2.43047e-06;-7.48556e-06;-7.48411e-06;-2.42205e-06;-7.52692e-06,-2.35515e-06;-7.51769e-06;-2.46136e-06;-2.4406e-06;-7.46421e-06;-7.46343e-06;-2.43275e-06;-7.50662e-06,3.3;3.3;-1.57508e-06;-1.56283e-06;3.3;3.3;-1.55418e-06;3.3,-1.77147e-06;-2.02608e-06;3.3;3.3;-1.99459e-06;-1.98804e-06;3.3;-1.98862e-06,RETRY_5NS;RETRY_5NS;RETRY_5NS;RETRY_5NS;RETRY_5NS;RETRY_5NS;RETRY_5NS;RETRY_5NS,8,8,11001101,205,50,1100110,7,204,50,205,INFERRED_AT_DAC_BRIDGE_OUTPUT,11001101,205,11001101,205,11001101,205,11001101,205,True,True
MC200_CMP_XM5_XM6_W8P2524_XM7_XM11_W16P8587_S044_LOW_W4,3,-2.9861e-06;-8.49583e-06;-3.11549e-06;-3.09904e-06;-8.44191e-06;-8.44426e-06;-3.09027e-06;-8.48636e-06,-2.99132e-06;-8.48993e-06;-3.11949e-06;-3.10267e-06;-8.42763e-06;-8.42606e-06;-3.09568e-06;-8.47079e-06,3.3;-1.97815e-06;-1.64144e-06;-1.63301e-06;-1.92232e-06;3.3;3.3;3.3,-1.83925e-06;3.3;3.3;3.3;3.3;-2.07794e-06;-1.74933e-06;-2.07111e-06,RETRY_5NS;RETRY_5NS;RETRY_5NS;RETRY_5NS;RETRY_5NS;RETRY_5NS;RETRY_5NS;RETRY_5NS,8,8,10000111,135,120,1000011,7,134,120,135,INFERRED_AT_DAC_BRIDGE_OUTPUT,10000111,135,10000111,135,10000111,135,10000111,135,True,True
MC200_CMP_XM5_XM6_W8P2524_XM7_XM11_W16P8587_S044_LOW_W4,64,-2.98572e-06;-8.4579e-06;-2.86163e-06;-3.07066e-06;-8.04968e-06;-8.39831e-06;-2.90812e-06;-7.72715e-06,-2.99125e-06;-8.43356e-06;-2.86913e-06;-3.07482e-06;-8.03611e-06;-8.38467e-06;-2.91475e-06;-7.71135e-06,3.3;3.3;3.3;-1.63173e-06;-1.89938e-06;-1.92479e-06;-1.59325e-06;3.3,-1.85225e-06;-2.11154e-06;-1.73105e-06;3.3;3.3;3.3;3.3;-2.0434e-06,RETRY_5NS;RETRY_5NS;RETRY_5NS;RETRY_5NS;RETRY_5NS;RETRY_5NS;RETRY_5NS;RETRY_5NS,8,8,11100001,225,30,1110000,7,224,30,225,INFERRED_AT_DAC_BRIDGE_OUTPUT,11100001,225,11100001,225,11100001,225,11100001,225,True,True
MC200_CMP_XM5_XM6_W8P2524_XM7_XM11_W16P8587_S044_LOW_W4,65,-3.18011e-06;-8.5473e-06;-2.92899e-06;-3.12569e-06;-8.13671e-06;-8.48501e-06;-2.96922e-06;-8.13711e-06,-3.18435e-06;-8.5226e-06;-2.93641e-06;-3.1308e-06;-8.12398e-06;-8.47297e-06;-2.97474e-06;-8.12055e-06,3.3;3.3;3.3;3.3;-1.90724e-06;-1.93293e-06;-1.61204e-06;3.3,-1.88067e-06;-2.12437e-06;-1.74326e-06;-1.75534e-06;3.3;3.3;3.3;-2.07744e-06,RETRY_5NS;RETRY_5NS;RETRY_5NS;RETRY_5NS;RETRY_5NS;RETRY_5NS;RETRY_5NS;RETRY_5NS,8,8,11110001,241,14,1111000,7,240,14,241,INFERRED_AT_DAC_BRIDGE_OUTPUT,11110001,241,11110001,241,11110001,241,11110001,241,True,True
MC200_CMP_XM5_XM6_W8P2524_XM7_XM11_W16P8587_S044_LOW_W4,66,-2.46514e-06;-7.71426e-06;-2.36068e-06;-2.55161e-06;-7.3111e-06;-7.65846e-06;-2.45216e-06;-7.45417e-06,-2.47589e-06;-7.69141e-06;-2.37198e-06;-2.56061e-06;-7.28937e-06;-7.63854e-06;-2.46271e-06;-7.4316e-06,3.3;3.3;-1.56546e-06;-1.57443e-06;3.3;3.3;-1.56047e-06;3.3,-1.78445e-06;-2.04215e-06;3.3;3.3;-1.97956e-06;-2.0052e-06;3.3;-1.98053e-06,RETRY_5NS;RETRY_5NS;RETRY_5NS;RETRY_5NS;RETRY_5NS;RETRY_5NS;RETRY_5NS;RETRY_5NS,8,8,11001101,205,50,1100110,7,204,50,205,INFERRED_AT_DAC_BRIDGE_OUTPUT,11001101,205,11001101,205,11001101,205,11001101,205,True,True
MC200_CMP_XM5_XM6_W8P2524_XM7_XM11_W16P8587_S044_LOW_W4,67,-3.1099e-06;-8.66817e-06;-3.02556e-06;-3.22003e-06;-8.2676e-06;-8.61877e-06;-3.05988e-06;-8.26834e-06,-3.11393e-06;-8.66384e-06;-3.03044e-06;-3.22247e-06;-8.25254e-06;-8.60103e-06;-3.0656e-06;-8.25164e-06,3.3;-1.99316e-06;-1.63191e-06;-1.64707e-06;-1.90805e-06;3.3;3.3;3.3,-1.85281e-06;3.3;3.3;3.3;3.3;-2.09458e-06;-1.74744e-06;-2.05472e-06,RETRY_5NS;RETRY_5NS;RETRY_5NS;RETRY_5NS;RETRY_5NS;RETRY_5NS;RETRY_5NS;RETRY_5NS,8,8,10000111,135,120,1000011,7,134,120,135,INFERRED_AT_DAC_BRIDGE_OUTPUT,10000111,135,10000111,135,10000111,135,10000111,135,True,True
MC200_CMP_XM5_XM6_W8P2524_XM7_XM11_W16P8587_S045_LOW_W4,0,-3.09266e-06;-8.34177e-06;-3.18639e-06;-3.18402e-06;-7.60808e-06;-8.28977e-06;-3.37332e-06;-8.3252e-06,-2.96304e-06;-8.37704e-06;-3.05528e-06;-3.05381e-06;-7.6671e-06;-8.32436e-06;-3.24605e-06;-8.36791e-06,3.3;3.3;-1.7127e-06;3.3;3.3;3.3;3.3;3.3,-1.76632e-06;-2.01418e-06;3.3;-1.67336e-06;-1.98998e-06;-1.97641e-06;-1.67022e-06;-1.9751e-06,RETRY_5NS;RETRY_5NS;RETRY_5NS;RETRY_5NS;RETRY_5NS;RETRY_5NS;RETRY_5NS;RETRY_5NS,8,8,11011111,223,32,1101111,7,222,32,223,INFERRED_AT_DAC_BRIDGE_OUTPUT,11011111,223,11011111,223,11011111,223,11011111,223,True,True
MC200_CMP_XM5_XM6_W8P2524_XM7_XM11_W16P8587_S045_LOW_W4,1,-2.54598e-06;-7.91587e-06;-2.64024e-06;-2.62066e-06;-7.62125e-06;-7.6195e-06;-2.61156e-06;-7.65451e-06,-2.43566e-06;-7.83733e-06;-2.52878e-06;-2.50813e-06;-7.54837e-06;-7.54753e-06;-2.5004e-06;-7.59014e-06,3.3;3.3;3.3;-1.65814e-06;3.3;3.3;3.3;3.3,-1.71968e-06;-1.9447e-06;-1.62167e-06;3.3;-1.9122e-06;-1.90975e-06;-1.60799e-06;-1.90377e-06,RETRY_5NS;RETRY_5NS;RETRY_5NS;RETRY_5NS;RETRY_5NS;RETRY_5NS;RETRY_5NS;RETRY_5NS,8,8,11101111,239,16,1110111,7,238,16,239,INFERRED_AT_DAC_BRIDGE_OUTPUT,11101111,239,11101111,239,11101111,239,11101111,239,True,True
MC200_CMP_XM5_XM6_W8P2524_XM7_XM11_W16P8587_S045_LOW_W4,2,-3.28419e-06;-8.35758e-06;-3.51506e-06;-3.3033e-06;-8.4384e-06;-8.43606e-06;-3.29601e-06;-8.47394e-06,-3.15168e-06;-8.42303e-06;-3.37752e-06;-3.16694e-06;-8.49684e-06;-8.49818e-06;-3.16145e-06;-8.5409e-06,3.3;3.3;-1.75035e-06;-1.73351e-06;3.3;-2.04397e-06;3.3;3.3,-1.76781e-06;-2.02575e-06;3.3;3.3;-1.99205e-06;3.3;-1.6781e-06;-1.98887e-06,RETRY_5NS;RETRY_5NS;RETRY_5NS;RETRY_5NS;RETRY_5NS;RETRY_5NS;RETRY_5NS;RETRY_5NS,8,8,11001011,203,52,1100101,7,202,52,203,INFERRED_AT_DAC_BRIDGE_OUTPUT,11001011,203,11001011,203,11001011,203,11001011,203,True,True
MC200_CMP_XM5_XM6_W8P2524_XM7_XM11_W16P8587_S045_LOW_W4,3,-3.02664e-06;-8.30125e-06;-3.17102e-06;-3.04898e-06;-8.24954e-06;-8.25103e-06;-3.14085e-06;-8.28783e-06,-2.8986e-06;-8.34784e-06;-3.04003e-06;-2.91681e-06;-8.28324e-06;-8.28158e-06;-3.01049e-06;-8.32471e-06,3.3;-2.08076e-06;-1.72592e-06;-1.71754e-06;-2.03263e-06;3.3;-1.70851e-06;3.3,-1.7464e-06;3.3;3.3;3.3;3.3;-1.96852e-06;3.3;-1.96943e-06,RETRY_5NS;RETRY_5NS;RETRY_5NS;RETRY_5NS;RETRY_5NS;RETRY_5NS;RETRY_5NS;RETRY_5NS,8,8,10000101,133,122,1000010,7,132,122,133,INFERRED_AT_DAC_BRIDGE_OUTPUT,10000101,133,10000101,133,10000101,133,10000101,133,True,True
MC200_CMP_XM5_XM6_W8P2524_XM7_XM11_W16P8587_S045_LOW_W4,64,-3.21746e-06;-8.48955e-06;-3.0939e-06;-3.57769e-06;-8.13809e-06;-8.43499e-06;-3.14107e-06;-8.1379e-06,-3.08357e-06;-8.54817e-06;-2.96597e-06;-3.44485e-06;-8.15621e-06;-8.50039e-06;-3.01062e-06;-8.1528e-06,3.3;3.3;3.3;-1.7467e-06;-2.02375e-06;-2.05348e-06;-1.7129e-06;-2.01625e-06,-1.77996e-06;-2.0277e-06;-1.65607e-06;3.3;3.3;3.3;3.3;3.3,RETRY_5NS;RETRY_5NS;RETRY_5NS;RETRY_5NS;RETRY_5NS;RETRY_5NS;RETRY_5NS;RETRY_5NS,8,8,11100000,224,31,1110000,7,224,30,224,INFERRED_AT_DAC_BRIDGE_OUTPUT,11100000,224,11100000,224,11100000,224,11100000,224,True,True
MC200_CMP_XM5_XM6_W8P2524_XM7_XM11_W16P8587_S045_LOW_W4,65,-2.67008e-06;-7.93169e-06;-2.54807e-06;-2.74455e-06;-7.47239e-06;-7.76836e-06;-2.62359e-06;-7.46834e-06,-2.5555e-06;-7.88165e-06;-2.43975e-06;-2.62781e-06;-7.37593e-06;-7.72014e-06;-2.50576e-06;-7.37399e-06,3.3;3.3;3.3;-1.66863e-06;3.3;3.3;3.3;3.3,-1.73332e-06;-1.96356e-06;-1.61258e-06;3.3;-1.8972e-06;-1.92308e-06;-1.6081e-06;-1.92093e-06,RETRY_5NS;RETRY_5NS;RETRY_5NS;RETRY_5NS;RETRY_5NS;RETRY_5NS;RETRY_5NS;RETRY_5NS,8,8,11101111,239,16,1110111,7,238,16,239,INFERRED_AT_DAC_BRIDGE_OUTPUT,11101111,239,11101111,239,11101111,239,11101111,239,True,True
MC200_CMP_XM5_XM6_W8P2524_XM7_XM11_W16P8587_S045_LOW_W4,66,-3.44862e-06;-8.16073e-06;-3.36635e-06;-3.42721e-06;-8.28959e-06;-8.58488e-06;-3.2649e-06;-8.28791e-06,-3.31299e-06;-8.26231e-06;-3.22947e-06;-3.28661e-06;-8.32429e-06;-8.67096e-06;-3.1314e-06;-8.32471e-06,3.3;3.3;-1.73857e-06;-1.74708e-06;3.3;-2.05783e-06;3.3;3.3,-1.77964e-06;-2.04515e-06;3.3;3.3;-1.9764e-06;3.3;-1.67476e-06;-1.97004e-06,RETRY_5NS;RETRY_5NS;RETRY_5NS;RETRY_5NS;RETRY_5NS;RETRY_5NS;RETRY_5NS;RETRY_5NS,8,8,11001011,203,52,1100101,7,202,52,203,INFERRED_AT_DAC_BRIDGE_OUTPUT,11001011,203,11001011,203,11001011,203,11001011,203,True,True
MC200_CMP_XM5_XM6_W8P2524_XM7_XM11_W16P8587_S045_LOW_W4,67,-3.15355e-06;-7.54254e-06;-3.07918e-06;-3.52948e-06;-8.10092e-06;-7.85517e-06;-3.10979e-06;-8.10126e-06,-3.0212e-06;-7.64559e-06;-2.95136e-06;-3.39743e-06;-8.11048e-06;-7.93184e-06;-2.98045e-06;-8.10888e-06,3.3;-2.10503e-06;-1.71651e-06;-1.74171e-06;-2.01694e-06;3.3;-1.70589e-06;3.3,-1.76008e-06;3.3;3.3;3.3;3.3;-1.98977e-06;3.3;-1.94711e-06,RETRY_5NS;RETRY_5NS;RETRY_5NS;RETRY_5NS;RETRY_5NS;RETRY_5NS;RETRY_5NS;RETRY_5NS,8,8,10000101,133,122,1000010,7,132,122,133,INFERRED_AT_DAC_BRIDGE_OUTPUT,10000101,133,10000101,133,10000101,133,10000101,133,True,True
MC200_CMP_XM5_XM6_W8P2524_XM7_XM11_W16P8587_S046_LOW_W4,0,-2.8523e-06;-8.19906e-06;-3.03371e-06;-2.93435e-06;-8.14305e-06;-8.14314e-06;-3.04049e-06;-8.18396e-06,-2.89553e-06;-8.19367e-06;-3.07738e-06;-2.97701e-06;-8.1519e-06;-8.15053e-06;-3.08253e-06;-8.18743e-06,3.3;3.3;3.3;-1.64077e-06;-1.93854e-06;-1.93687e-06;-1.63537e-06;3.3,-1.72938e-06;-1.97104e-06;-1.63662e-06;3.3;3.3;3.3;3.3;-1.92372e-06,RETRY_5NS;RETRY_5NS;RETRY_5NS;RETRY_5NS;RETRY_5NS;RETRY_5NS;RETRY_5NS;RETRY_5NS,8,8,11100001,225,30,1110000,7,224,30,225,INFERRED_AT_DAC_BRIDGE_OUTPUT,11100001,225,11100001,225,11100001,225,11100001,225,True,True
MC200_CMP_XM5_XM6_W8P2524_XM7_XM11_W16P8587_S046_LOW_W4,1,-2.95605e-06;-8.18439e-06;-3.0354e-06;-3.02359e-06;-8.14807e-06;-8.26423e-06;-3.23627e-06;-8.30516e-06,-3.00098e-06;-8.17023e-06;-3.08154e-06;-3.06811e-06;-8.15009e-06;-8.26605e-06;-3.28033e-06;-8.30295e-06,3.3;3.3;3.3;3.3;-1.95218e-06;-1.94869e-06;-1.6475e-06;-1.94514e-06,-1.75475e-06;-1.99001e-06;-1.65145e-06;-1.63521e-06;3.3;3.3;3.3;3.3,RETRY_5NS;RETRY_5NS;RETRY_5NS;RETRY_5NS;RETRY_5NS;RETRY_5NS;RETRY_5NS;RETRY_5NS,8,8,11110000,240,15,1111000,7,240,14,240,INFERRED_AT_DAC_BRIDGE_OUTPUT,11110000,240,11110000,240,11110000,240,11110000,240,True,True
MC200_CMP_XM5_XM6_W8P2524_XM7_XM11_W16P8587_S046_LOW_W4,2,-3.0072e-06;-8.45699e-06;-3.10042e-06;-3.08737e-06;-8.34835e-06;-8.3462e-06;-3.08203e-06;-8.38612e-06,-3.053e-06;-8.44342e-06;-3.1456e-06;-3.13218e-06;-8.33921e-06;-8.34049e-06;-3.12772e-06;-8.3796e-06,3.3;3.3;-1.66005e-06;-1.65135e-06;3.3;3.3;-1.64597e-06;-1.95135e-06,-1.73685e-06;-1.98807e-06;3.3;3.3;-1.95424e-06;-1.94767e-06;3.3;3.3,RETRY_5NS;RETRY_5NS;RETRY_5NS;RETRY_5NS;RETRY_5NS;RETRY_5NS;RETRY_5NS;RETRY_5NS,8,8,11001100,204,51,1100110,7,204,50,204,INFERRED_AT_DAC_BRIDGE_OUTPUT,11001100,204,11001100,204,11001100,204,11001100,204,True,True
MC200_CMP_XM5_XM6_W8P2524_XM7_XM11_W16P8587_S046_LOW_W4,3,-2.8545e-06;-8.5736e-06;-2.98005e-06;-2.96396e-06;-8.18363e-06;-8.18204e-06;-2.95559e-06;-8.22433e-06,-2.89797e-06;-8.59109e-06;-3.02341e-06;-3.00687e-06;-8.18794e-06;-8.18291e-06;-2.99958e-06;-8.22604e-06,3.3;-1.99161e-06;-1.64758e-06;-1.64256e-06;-1.93897e-06;3.3;3.3;-1.93742e-06,-1.71531e-06;3.3;3.3;3.3;3.3;-1.93667e-06;-1.6281e-06;3.3,RETRY_5NS;RETRY_5NS;RETRY_5NS;RETRY_5NS;RETRY_5NS;RETRY_5NS;RETRY_5NS;RETRY_5NS,8,8,10000110,134,121,1000011,7,134,120,134,INFERRED_AT_DAC_BRIDGE_OUTPUT,10000110,134,10000110,134,10000110,134,10000110,134,True,True
MC200_CMP_XM5_XM6_W8P2524_XM7_XM11_W16P8587_S046_LOW_W4,64,-2.94699e-06;-8.31964e-06;-2.86622e-06;-3.02837e-06;-7.94143e-06;-8.26426e-06;-2.91314e-06;-7.9413e-06,-2.99162e-06;-8.30757e-06;-2.90788e-06;-3.07245e-06;-7.95987e-06;-8.26573e-06;-2.9548e-06;-7.95707e-06,3.3;3.3;3.3;-1.65014e-06;-1.92087e-06;-1.94816e-06;-1.62528e-06;3.3,-1.73819e-06;-1.9824e-06;-1.62542e-06;3.3;3.3;3.3;3.3;-1.90448e-06,RETRY_5NS;RETRY_5NS;RETRY_5NS;RETRY_5NS;RETRY_5NS;RETRY_5NS;RETRY_5NS;RETRY_5NS,8,8,11100001,225,30,1110000,7,224,30,225,INFERRED_AT_DAC_BRIDGE_OUTPUT,11100001,225,11100001,225,11100001,225,11100001,225,True,True
MC200_CMP_XM5_XM6_W8P2524_XM7_XM11_W16P8587_S046_LOW_W4,65,-3.08162e-06;-8.32877e-06;-2.94171e-06;-3.14915e-06;-8.10269e-06;-8.42568e-06;-3.12174e-06;-8.10299e-06,-3.12841e-06;-8.30536e-06;-2.98646e-06;-3.19598e-06;-8.11372e-06;-8.41968e-06;-3.16511e-06;-8.11084e-06,3.3;3.3;3.3;3.3;-1.93559e-06;-1.96409e-06;-1.6431e-06;-1.96388e-06,-1.7681e-06;-2.00553e-06;-1.64243e-06;-1.65007e-06;3.3;3.3;3.3;3.3,RETRY_5NS;RETRY_5NS;RETRY_5NS;RETRY_5NS;RETRY_5NS;RETRY_5NS;RETRY_5NS;RETRY_5NS,8,8,11110000,240,15,1111000,7,240,14,240,INFERRED_AT_DAC_BRIDGE_OUTPUT,11110000,240,11110000,240,11110000,240,11110000,240,True,True
MC200_CMP_XM5_XM6_W8P2524_XM7_XM11_W16P8587_S046_LOW_W4,66,-3.13359e-06;-8.78779e-06;-3.00691e-06;-3.21312e-06;-7.63691e-06;-8.50781e-06;-3.05048e-06;-8.18393e-06,-3.18128e-06;-8.76804e-06;-3.05068e-06;-3.2598e-06;-7.62843e-06;-8.49405e-06;-3.0957e-06;-8.18752e-06,3.3;3.3;-1.65105e-06;-1.66381e-06;3.3;3.3;-1.64292e-06;-1.92934e-06,-1.75117e-06;-2.00263e-06;3.3;3.3;-1.94744e-06;-1.96119e-06;3.3;3.3,RETRY_5NS;RETRY_5NS;RETRY_5NS;RETRY_5NS;RETRY_5NS;RETRY_5NS;RETRY_5NS;RETRY_5NS,8,8,11001100,204,51,1100110,7,204,50,204,INFERRED_AT_DAC_BRIDGE_OUTPUT,11001100,204,11001100,204,11001100,204,11001100,204,True,True
MC200_CMP_XM5_XM6_W8P2524_XM7_XM11_W16P8587_S046_LOW_W4,67,-2.98272e-06;-9.36738e-06;-2.88665e-06;-3.08959e-06;-8.02209e-06;-8.86252e-06;-2.92404e-06;-8.02212e-06,-3.02809e-06;-9.38812e-06;-2.9286e-06;-3.13438e-06;-8.03441e-06;-8.86409e-06;-2.96757e-06;-8.03406e-06,3.3;-1.99737e-06;-1.63866e-06;-1.655e-06;-1.92352e-06;3.3;3.3;-1.91764e-06,-1.7292e-06;3.3;3.3;3.3;3.3;-1.94834e-06;-1.62554e-06;3.3,RETRY_5NS;RETRY_5NS;RETRY_5NS;RETRY_5NS;RETRY_5NS;RETRY_5NS;RETRY_5NS;RETRY_5NS,8,8,10000110,134,121,1000011,7,134,120,134,INFERRED_AT_DAC_BRIDGE_OUTPUT,10000110,134,10000110,134,10000110,134,10000110,134,True,True
MC200_CMP_XM5_XM6_W8P2524_XM7_XM11_W16P8587_S047_LOW_W4,0,-3.05166e-06;-8.4567e-06;-3.15416e-06;-3.15159e-06;-8.39675e-06;-8.3948e-06;-3.13661e-06;-8.43668e-06,-3.17282e-06;-8.41288e-06;-3.2775e-06;-3.2755e-06;-8.36245e-06;-8.36213e-06;-3.25988e-06;-8.40033e-06,3.3;3.3;-1.71043e-06;3.3;3.3;3.3;3.3;3.3,-1.76444e-06;-2.01194e-06;3.3;-1.67128e-06;-1.97833e-06;-1.97397e-06;-1.66238e-06;-1.96988e-06,RETRY_5NS;RETRY_5NS;RETRY_5NS;RETRY_5NS;RETRY_5NS;RETRY_5NS;RETRY_5NS;RETRY_5NS,8,8,11011111,223,32,1101111,7,222,32,223,INFERRED_AT_DAC_BRIDGE_OUTPUT,11011111,223,11011111,223,11011111,223,11011111,223,True,True
MC200_CMP_XM5_XM6_W8P2524_XM7_XM11_W16P8587_S047_LOW_W4,1,-3.09226e-06;-8.50404e-06;-3.19041e-06;-3.17283e-06;-8.44017e-06;-8.43831e-06;-3.16489e-06;-7.67077e-06,-3.21507e-06;-8.4538e-06;-3.31569e-06;-3.29675e-06;-8.40024e-06;-8.40005e-06;-3.28962e-06;-7.59526e-06,3.3;3.3;3.3;-1.70959e-06;3.3;3.3;3.3;-2.03432e-06,-1.78239e-06;-2.01915e-06;-1.67999e-06;3.3;-1.98025e-06;-1.97717e-06;-1.66311e-06;3.3,RETRY_5NS;RETRY_5NS;RETRY_5NS;RETRY_5NS;RETRY_5NS;RETRY_5NS;RETRY_5NS;RETRY_5NS,8,8,11101110,238,17,1110111,7,238,16,238,INFERRED_AT_DAC_BRIDGE_OUTPUT,11101110,238,11101110,238,11101110,238,11101110,238,True,True
MC200_CMP_XM5_XM6_W8P2524_XM7_XM11_W16P8587_S047_LOW_W4,2,-2.44416e-06;-7.534e-06;-2.57439e-06;-2.6542e-06;-7.47361e-06;-7.47121e-06;-2.53488e-06;-7.51536e-06,-2.54027e-06;-7.61895e-06;-2.67289e-06;-2.75255e-06;-7.56598e-06;-7.56592e-06;-2.63326e-06;-7.602e-06,3.3;3.3;-1.65288e-06;-1.6526e-06;3.3;-1.94252e-06;3.3;3.3,-1.68667e-06;-1.92889e-06;3.3;3.3;-1.89505e-06;3.3;-1.59819e-06;-1.89118e-06,RETRY_5NS;RETRY_5NS;RETRY_5NS;RETRY_5NS;RETRY_5NS;RETRY_5NS;RETRY_5NS;RETRY_5NS,8,8,11001011,203,52,1100101,7,202,52,203,INFERRED_AT_DAC_BRIDGE_OUTPUT,11001011,203,11001011,203,11001011,203,11001011,203,True,True
MC200_CMP_XM5_XM6_W8P2524_XM7_XM11_W16P8587_S047_LOW_W4,3,-3.04123e-06;-8.49735e-06;-3.19989e-06;-3.17744e-06;-8.43557e-06;-8.43705e-06;-3.16534e-06;-8.68219e-06,-3.16305e-06;-8.46562e-06;-3.32438e-06;-3.30105e-06;-8.40284e-06;-8.40053e-06;-3.28912e-06;-8.64804e-06,3.3;-2.08082e-06;-1.72526e-06;-1.71774e-06;-2.03027e-06;3.3;-1.70842e-06;3.3,-1.75103e-06;3.3;3.3;3.3;3.3;-1.97222e-06;3.3;-1.96605e-06,RETRY_5NS;RETRY_5NS;RETRY_5NS;RETRY_5NS;RETRY_5NS;RETRY_5NS;RETRY_5NS;RETRY_5NS,8,8,10000101,133,122,1000010,7,132,122,133,INFERRED_AT_DAC_BRIDGE_OUTPUT,10000101,133,10000101,133,10000101,133,10000101,133,True,True
MC200_CMP_XM5_XM6_W8P2524_XM7_XM11_W16P8587_S047_LOW_W4,64,-3.28523e-06;-8.63095e-06;-3.06912e-06;-3.26495e-06;-8.22124e-06;-8.57028e-06;-3.10763e-06;-8.21735e-06,-3.41149e-06;-8.56283e-06;-3.1889e-06;-3.39369e-06;-8.21093e-06;-8.51384e-06;-3.23041e-06;-8.21025e-06,3.3;3.3;-1.70218e-06;3.3;3.3;3.3;3.3;3.3,-1.78183e-06;-2.02748e-06;3.3;-1.68464e-06;-1.96302e-06;-1.98757e-06;-1.6607e-06;-1.95056e-06,RETRY_5NS;RETRY_5NS;RETRY_5NS;RETRY_5NS;RETRY_5NS;RETRY_5NS;RETRY_5NS;RETRY_5NS,8,8,11011111,223,32,1101111,7,222,32,223,INFERRED_AT_DAC_BRIDGE_OUTPUT,11011111,223,11011111,223,11011111,223,11011111,223,True,True
MC200_CMP_XM5_XM6_W8P2524_XM7_XM11_W16P8587_S047_LOW_W4,65,-3.20637e-06;-8.67794e-06;-3.10565e-06;-3.28689e-06;-8.26472e-06;-8.61386e-06;-3.13625e-06;-8.26068e-06,-3.33399e-06;-8.60335e-06;-3.22731e-06;-3.4156e-06;-8.2487e-06;-8.5518e-06;-3.2598e-06;-8.24869e-06,3.3;3.3;3.3;-1.72552e-06;3.3;3.3;3.3;-2.04262e-06,-1.79585e-06;-2.03504e-06;-1.67034e-06;3.3;-1.96628e-06;-1.99178e-06;-1.66162e-06;3.3,RETRY_5NS;RETRY_5NS;RETRY_5NS;RETRY_5NS;RETRY_5NS;RETRY_5NS;RETRY_5NS;RETRY_5NS,8,8,11101110,238,17,1110111,7,238,16,238,INFERRED_AT_DAC_BRIDGE_OUTPUT,11101110,238,11101110,238,11101110,238,11101110,238,True,True
MC200_CMP_XM5_XM6_W8P2524_XM7_XM11_W16P8587_S047_LOW_W4,66,-2.55921e-06;-7.70825e-06;-2.49017e-06;-2.74763e-06;-7.41262e-06;-7.64663e-06;-2.50622e-06;-7.29598e-06,-2.66014e-06;-7.76913e-06;-2.58515e-06;-2.8496e-06;-7.51985e-06;-7.7178e-06;-2.60341e-06;-7.41191e-06,3.3;3.3;-1.64401e-06;-1.66409e-06;3.3;-1.95606e-06;3.3;3.3,-1.70041e-06;-1.94377e-06;3.3;3.3;-1.88862e-06;3.3;-1.59511e-06;-1.87335e-06,RETRY_5NS;RETRY_5NS;RETRY_5NS;RETRY_5NS;RETRY_5NS;RETRY_5NS;RETRY_5NS;RETRY_5NS,8,8,11001011,203,52,1100101,7,202,52,203,INFERRED_AT_DAC_BRIDGE_OUTPUT,11001011,203,11001011,203,11001011,203,11001011,203,True,True
MC200_CMP_XM5_XM6_W8P2524_XM7_XM11_W16P8587_S047_LOW_W4,67,-3.15855e-06;-8.67027e-06;-3.11571e-06;-3.29122e-06;-8.26043e-06;-8.61255e-06;-3.19148e-06;-8.4982e-06,-3.28522e-06;-8.61579e-06;-3.23669e-06;-3.41957e-06;-8.25091e-06;-8.5524e-06;-3.31597e-06;-8.49547e-06,3.3;-2.09691e-06;-1.71555e-06;-1.73125e-06;-2.01701e-06;3.3;-1.70806e-06;3.3,-1.7642e-06;3.3;3.3;3.3;3.3;-1.98852e-06;3.3;-1.94671e-06,RETRY_5NS;RETRY_5NS;RETRY_5NS;RETRY_5NS;RETRY_5NS;RETRY_5NS;RETRY_5NS;RETRY_5NS,8,8,10000101,133,122,1000010,7,132,122,133,INFERRED_AT_DAC_BRIDGE_OUTPUT,10000101,133,10000101,133,10000101,133,10000101,133,True,True
MC200_CMP_XM5_XM6_W8P2524_XM7_XM11_W16P8587_S048_LOW_W4,0,-3.15326e-06;-8.59834e-06;-3.14578e-06;-3.25241e-06;-8.5367e-06;-8.53702e-06;-3.13381e-06;-8.58339e-06,-3.24315e-06;-8.55825e-06;-3.23852e-06;-3.34285e-06;-8.51484e-06;-8.51325e-06;-3.22538e-06;-8.55248e-06,3.3;3.3;3.3;-1.71053e-06;-2.02112e-06;-2.01638e-06;-1.69687e-06;3.3,-1.78106e-06;-2.0254e-06;-1.68066e-06;3.3;3.3;3.3;3.3;-1.96938e-06,RETRY_5NS;RETRY_5NS;RETRY_5NS;RETRY_5NS;RETRY_5NS;RETRY_5NS;RETRY_5NS;RETRY_5NS,8,8,11100001,225,30,1110000,7,224,30,225,INFERRED_AT_DAC_BRIDGE_OUTPUT,11100001,225,11100001,225,11100001,225,11100001,225,True,True
MC200_CMP_XM5_XM6_W8P2524_XM7_XM11_W16P8587_S048_LOW_W4,1,-3.1559e-06;-8.73552e-06;-3.38313e-06;-3.22747e-06;-8.67177e-06;-8.67218e-06;-3.22309e-06;-8.71843e-06,-3.24997e-06;-8.68226e-06;-3.47959e-06;-3.32237e-06;-8.6383e-06;-8.6369e-06;-3.31734e-06;-8.67621e-06,3.3;3.3;3.3;3.3;-2.03232e-06;-2.02975e-06;-1.70911e-06;-2.02707e-06,-1.80423e-06;-2.04196e-06;-1.70298e-06;-1.67783e-06;3.3;3.3;3.3;3.3,RETRY_5NS;RETRY_5NS;RETRY_5NS;RETRY_5NS;RETRY_5NS;RETRY_5NS;RETRY_5NS;RETRY_5NS,8,8,11110000,240,15,1111000,7,240,14,240,INFERRED_AT_DAC_BRIDGE_OUTPUT,11110000,240,11110000,240,11110000,240,11110000,240,True,True
MC200_CMP_XM5_XM6_W8P2524_XM7_XM11_W16P8587_S048_LOW_W4,2,-2.9953e-06;-8.5025e-06;-3.09559e-06;-3.08065e-06;-7.64063e-06;-8.44843e-06;-3.07449e-06;-8.49271e-06,-3.08471e-06;-8.47297e-06;-3.18529e-06;-3.16989e-06;-7.59342e-06;-8.42889e-06;-3.16417e-06;-8.47075e-06,3.3;3.3;-1.70498e-06;-1.69612e-06;3.3;3.3;-1.69245e-06;-2.00649e-06,-1.76375e-06;-2.01484e-06;3.3;3.3;-1.98954e-06;-1.97245e-06;3.3;3.3,RETRY_5NS;RETRY_5NS;RETRY_5NS;RETRY_5NS;RETRY_5NS;RETRY_5NS;RETRY_5NS;RETRY_5NS,8,8,11001100,204,51,1100110,7,204,50,204,INFERRED_AT_DAC_BRIDGE_OUTPUT,11001100,204,11001100,204,11001100,204,11001100,204,True,True
MC200_CMP_XM5_XM6_W8P2524_XM7_XM11_W16P8587_S048_LOW_W4,3,-2.87658e-06;-8.36963e-06;-3.20747e-06;-2.9944e-06;-8.31188e-06;-8.31385e-06;-2.98506e-06;-8.35716e-06,-2.96261e-06;-8.36817e-06;-3.29767e-06;-3.08083e-06;-8.30677e-06;-8.30548e-06;-3.07262e-06;-8.34755e-06,3.3;-2.04537e-06;-1.70325e-06;-1.69102e-06;-1.99517e-06;3.3;3.3;-1.99565e-06,-1.74261e-06;3.3;3.3;3.3;3.3;-1.96793e-06;-1.65174e-06;3.3,RETRY_5NS;RETRY_5NS;RETRY_5NS;RETRY_5NS;RETRY_5NS;RETRY_5NS;RETRY_5NS;RETRY_5NS,8,8,10000110,134,121,1000011,7,134,120,134,INFERRED_AT_DAC_BRIDGE_OUTPUT,10000110,134,10000110,134,10000110,134,10000110,134,True,True
MC200_CMP_XM5_XM6_W8P2524_XM7_XM11_W16P8587_S048_LOW_W4,64,-3.17675e-06;-8.77792e-06;-3.05744e-06;-3.46558e-06;-8.35656e-06;-8.71733e-06;-3.10416e-06;-8.35761e-06,-3.27135e-06;-8.7208e-06;-3.14747e-06;-3.56121e-06;-8.35048e-06;-8.67775e-06;-3.19479e-06;-8.34703e-06,3.3;3.3;3.3;-1.72724e-06;-2.00567e-06;-2.0316e-06;-1.69441e-06;-1.98437e-06,-1.79116e-06;-2.04063e-06;-1.66935e-06;3.3;3.3;3.3;3.3;3.3,RETRY_5NS;RETRY_5NS;RETRY_5NS;RETRY_5NS;RETRY_5NS;RETRY_5NS;RETRY_5NS;RETRY_5NS,8,8,11100000,224,31,1110000,7,224,30,224,INFERRED_AT_DAC_BRIDGE_OUTPUT,11100000,224,11100000,224,11100000,224,11100000,224,True,True
MC200_CMP_XM5_XM6_W8P2524_XM7_XM11_W16P8587_S048_LOW_W4,65,-3.30336e-06;-8.91481e-06;-3.34145e-06;-3.35513e-06;-8.49164e-06;-8.85249e-06;-3.19342e-06;-8.49257e-06,-3.40055e-06;-8.84448e-06;-3.43332e-06;-3.45351e-06;-8.47399e-06;-8.80124e-06;-3.28674e-06;-8.47093e-06,3.3;3.3;3.3;3.3;-2.01758e-06;-2.04458e-06;-1.70681e-06;-2.04739e-06,-1.81822e-06;-2.05636e-06;-1.69523e-06;-1.694e-06;3.3;3.3;3.3;3.3,RETRY_5NS;RETRY_5NS;RETRY_5NS;RETRY_5NS;RETRY_5NS;RETRY_5NS;RETRY_5NS;RETRY_5NS,8,8,11110000,240,15,1111000,7,240,14,240,INFERRED_AT_DAC_BRIDGE_OUTPUT,11110000,240,11110000,240,11110000,240,11110000,240,True,True
MC200_CMP_XM5_XM6_W8P2524_XM7_XM11_W16P8587_S048_LOW_W4,66,-3.11434e-06;-8.68213e-06;-3.00768e-06;-3.19895e-06;-8.26987e-06;-8.62893e-06;-3.04475e-06;-8.26718e-06,-3.20741e-06;-8.63575e-06;-3.09467e-06;-3.29184e-06;-8.26407e-06;-8.59316e-06;-3.13354e-06;-8.26498e-06,3.3;3.3;-1.69528e-06;-1.70832e-06;3.3;3.3;-1.68726e-06;-1.9863e-06,-1.77715e-06;-2.03034e-06;3.3;3.3;-1.96495e-06;-1.98789e-06;3.3;3.3,RETRY_5NS;RETRY_5NS;RETRY_5NS;RETRY_5NS;RETRY_5NS;RETRY_5NS;RETRY_5NS;RETRY_5NS,8,8,11001100,204,51,1100110,7,204,50,204,INFERRED_AT_DAC_BRIDGE_OUTPUT,11001100,204,11001100,204,11001100,204,11001100,204,True,True
MC200_CMP_XM5_XM6_W8P2524_XM7_XM11_W16P8587_S048_LOW_W4,67,-2.99763e-06;-8.54806e-06;-3.03941e-06;-3.11272e-06;-8.13146e-06;-8.4943e-06;-2.95536e-06;-8.13137e-06,-3.08734e-06;-8.53114e-06;-3.1292e-06;-3.20279e-06;-8.14264e-06;-8.46968e-06;-3.04203e-06;-8.14215e-06,3.3;-2.06022e-06;-1.69109e-06;-1.70235e-06;-1.98053e-06;3.3;3.3;-1.97841e-06,-1.75638e-06;3.3;3.3;3.3;3.3;-1.98246e-06;-1.64967e-06;3.3,RETRY_5NS;RETRY_5NS;RETRY_5NS;RETRY_5NS;RETRY_5NS;RETRY_5NS;RETRY_5NS;RETRY_5NS,8,8,10000110,134,121,1000011,7,134,120,134,INFERRED_AT_DAC_BRIDGE_OUTPUT,10000110,134,10000110,134,10000110,134,10000110,134,True,True
MC200_CMP_XM5_XM6_W8P2524_XM7_XM11_W16P8587_S049_LOW_W4,0,-3.0544e-06;-8.37681e-06;-3.14601e-06;-3.38001e-06;-8.3197e-06;-8.31973e-06;-3.13269e-06;-8.35993e-06,-3.01346e-06;-8.39786e-06;-3.10472e-06;-3.33973e-06;-8.35204e-06;-8.35045e-06;-3.09048e-06;-8.39047e-06,3.3;3.3;3.3;-1.70207e-06;-2.00505e-06;-2.00246e-06;-1.68481e-06;-1.99805e-06,-1.7522e-06;-1.99791e-06;-1.652e-06;3.3;3.3;3.3;3.3;3.3,RETRY_5NS;RETRY_5NS;RETRY_5NS;RETRY_5NS;RETRY_5NS;RETRY_5NS;RETRY_5NS;RETRY_5NS,8,8,11100000,224,31,1110000,7,224,30,224,INFERRED_AT_DAC_BRIDGE_OUTPUT,11100000,224,11100000,224,11100000,224,11100000,224,True,True
MC200_CMP_XM5_XM6_W8P2524_XM7_XM11_W16P8587_S049_LOW_W4,1,-3.21735e-06;-8.57697e-06;-3.51626e-06;-3.29063e-06;-8.52314e-06;-8.52152e-06;-3.28524e-06;-8.55938e-06,-3.17551e-06;-8.60637e-06;-3.47594e-06;-3.24824e-06;-8.55528e-06;-8.55556e-06;-3.24333e-06;-8.59833e-06,3.3;3.3;3.3;-1.70033e-06;3.3;3.3;3.3;3.3,-1.78456e-06;-2.02237e-06;-1.68779e-06;3.3;-1.98345e-06;-1.97889e-06;-1.66613e-06;-1.97566e-06,RETRY_5NS;RETRY_5NS;RETRY_5NS;RETRY_5NS;RETRY_5NS;RETRY_5NS;RETRY_5NS;RETRY_5NS,8,8,11101111,239,16,1110111,7,238,16,239,INFERRED_AT_DAC_BRIDGE_OUTPUT,11101111,239,11101111,239,11101111,239,11101111,239,True,True
MC200_CMP_XM5_XM6_W8P2524_XM7_XM11_W16P8587_S049_LOW_W4,2,-2.94658e-06;-8.29126e-06;-3.27424e-06;-3.07838e-06;-8.24339e-06;-8.24086e-06;-3.07094e-06;-7.92651e-06,-2.90594e-06;-8.31106e-06;-3.23387e-06;-3.03634e-06;-8.26417e-06;-8.26537e-06;-3.03025e-06;-7.95494e-06,3.3;3.3;-1.69528e-06;-1.6818e-06;3.3;-1.98465e-06;3.3;3.3,-1.73476e-06;-1.98725e-06;3.3;3.3;-1.95219e-06;3.3;-1.64382e-06;-1.95325e-06,RETRY_5NS;RETRY_5NS;RETRY_5NS;RETRY_5NS;RETRY_5NS;RETRY_5NS;RETRY_5NS;RETRY_5NS,8,8,11001011,203,52,1100101,7,202,52,203,INFERRED_AT_DAC_BRIDGE_OUTPUT,11001011,203,11001011,203,11001011,203,11001011,203,True,True
MC200_CMP_XM5_XM6_W8P2524_XM7_XM11_W16P8587_S049_LOW_W4,3,-3.05259e-06;-8.41177e-06;-3.35693e-06;-3.17264e-06;-8.35936e-06;-8.36125e-06;-3.1628e-06;-8.40036e-06,-3.01157e-06;-8.4527e-06;-3.31669e-06;-3.13025e-06;-8.39151e-06;-8.38956e-06;-3.12125e-06;-8.43157e-06,3.3;-2.05343e-06;-1.70784e-06;-1.69639e-06;-2.00518e-06;3.3;-1.68462e-06;3.3,-1.73853e-06;3.3;3.3;3.3;3.3;-1.95963e-06;3.3;-1.96076e-06,RETRY_5NS;RETRY_5NS;RETRY_5NS;RETRY_5NS;RETRY_5NS;RETRY_5NS;RETRY_5NS;RETRY_5NS,8,8,10000101,133,122,1000010,7,132,122,133,INFERRED_AT_DAC_BRIDGE_OUTPUT,10000101,133,10000101,133,10000101,133,10000101,133,True,True
MC200_CMP_XM5_XM6_W8P2524_XM7_XM11_W16P8587_S049_LOW_W4,64,-3.17723e-06;-8.53476e-06;-3.05489e-06;-3.5362e-06;-8.16116e-06;-8.47847e-06;-3.21273e-06;-8.16111e-06,-3.1354e-06;-8.56282e-06;-3.01426e-06;-3.49544e-06;-8.18531e-06;-8.51717e-06;-3.16902e-06;-8.18204e-06,3.3;3.3;3.3;-1.7149e-06;-1.99022e-06;-2.01786e-06;-1.687e-06;-1.97966e-06,-1.76586e-06;-2.01318e-06;-1.64489e-06;3.3;3.3;3.3;3.3;3.3,RETRY_5NS;RETRY_5NS;RETRY_5NS;RETRY_5NS;RETRY_5NS;RETRY_5NS;RETRY_5NS;RETRY_5NS,8,8,11100000,224,31,1110000,7,224,30,224,INFERRED_AT_DAC_BRIDGE_OUTPUT,11100000,224,11100000,224,11100000,224,11100000,224,True,True
MC200_CMP_XM5_XM6_W8P2524_XM7_XM11_W16P8587_S049_LOW_W4,65,-3.33936e-06;-8.7346e-06;-3.41881e-06;-3.41267e-06;-8.36414e-06;-8.68051e-06;-3.2546e-06;-8.36055e-06,-3.29662e-06;-8.77097e-06;-3.37859e-06;-3.36949e-06;-8.38899e-06;-8.72205e-06;-3.21292e-06;-8.38991e-06,3.3;3.3;3.3;-1.71316e-06;3.3;3.3;3.3;3.3,-1.79849e-06;-2.03819e-06;-1.6787e-06;3.3;-1.96808e-06;-1.99482e-06;-1.66335e-06;-1.9937e-06,RETRY_5NS;RETRY_5NS;RETRY_5NS;RETRY_5NS;RETRY_5NS;RETRY_5NS;RETRY_5NS;RETRY_5NS,8,8,11101111,239,16,1110111,7,238,16,239,INFERRED_AT_DAC_BRIDGE_OUTPUT,11101111,239,11101111,239,11101111,239,11101111,239,True,True
MC200_CMP_XM5_XM6_W8P2524_XM7_XM11_W16P8587_S049_LOW_W4,66,-3.08248e-06;-8.44917e-06;-3.11978e-06;-3.20046e-06;-8.08432e-06;-8.40023e-06;-2.78773e-06;-8.08157e-06,-3.04103e-06;-8.47622e-06;-3.07982e-06;-3.15752e-06;-8.09778e-06;-8.4317e-06;-2.7443e-06;-8.09879e-06,3.3;3.3;-1.68828e-06;-1.69492e-06;3.3;3.3;-1.67121e-06;-1.9748e-06,-1.74964e-06;-2.00227e-06;3.3;3.3;-1.93759e-06;-1.95044e-06;3.3;3.3,RETRY_5NS;RETRY_5NS;RETRY_5NS;RETRY_5NS;RETRY_5NS;RETRY_5NS;RETRY_5NS;RETRY_5NS,8,8,11001100,204,51,1100110,7,204,50,204,INFERRED_AT_DAC_BRIDGE_OUTPUT,11001100,204,11001100,204,11001100,204,11001100,204,True,True
MC200_CMP_XM5_XM6_W8P2524_XM7_XM11_W16P8587_S049_LOW_W4,67,-3.17756e-06;-8.56852e-06;-3.1926e-06;-3.29456e-06;-8.20066e-06;-8.52017e-06;-3.13236e-06;-8.20156e-06,-3.13565e-06;-8.61804e-06;-3.14859e-06;-3.2513e-06;-8.22479e-06;-8.5562e-06;-3.09064e-06;-8.22314e-06,3.3;-2.07026e-06;-1.69537e-06;-1.70865e-06;-1.98955e-06;3.3;-1.67958e-06;3.3,-1.75147e-06;3.3;3.3;3.3;3.3;-1.97416e-06;3.3;-1.94176e-06,RETRY_5NS;RETRY_5NS;RETRY_5NS;RETRY_5NS;RETRY_5NS;RETRY_5NS;RETRY_5NS;RETRY_5NS,8,8,10000101,133,122,1000010,7,132,122,133,INFERRED_AT_DAC_BRIDGE_OUTPUT,10000101,133,10000101,133,10000101,133,10000101,133,True,True
MC200_CMP_XM5_XM6_W8P2524_XM7_XM11_W16P8587_S050_LOW_W4,0,-2.94117e-06;-8.21714e-06;-3.04524e-06;-3.04236e-06;-8.15411e-06;-8.15366e-06;-3.02656e-06;-8.19487e-06,-3.09203e-06;-8.16884e-06;-3.20287e-06;-3.19863e-06;-8.12492e-06;-8.12308e-06;-3.1827e-06;-8.15388e-06,3.3;3.3;3.3;-1.67927e-06;-1.98529e-06;-1.98155e-06;-1.66562e-06;3.3,-1.81392e-06;-2.06631e-06;-1.71614e-06;3.3;3.3;3.3;3.3;-2.02626e-06,RETRY_5NS;RETRY_5NS;RETRY_5NS;RETRY_5NS;RETRY_5NS;RETRY_5NS;RETRY_5NS;RETRY_5NS,8,8,11100001,225,30,1110000,7,224,30,225,INFERRED_AT_DAC_BRIDGE_OUTPUT,11100001,225,11100001,225,11100001,225,11100001,225,True,True
MC200_CMP_XM5_XM6_W8P2524_XM7_XM11_W16P8587_S050_LOW_W4,1,-3.16029e-06;-8.50431e-06;-3.25822e-06;-3.24007e-06;-8.43922e-06;-8.43909e-06;-3.23324e-06;-8.48064e-06,-3.32033e-06;-8.39965e-06;-3.42308e-06;-3.40398e-06;-8.35666e-06;-8.3548e-06;-3.3964e-06;-8.38551e-06,3.3;3.3;3.3;3.3;-2.0121e-06;-2.00924e-06;-1.69175e-06;-1.99927e-06,-1.85582e-06;-2.0997e-06;-1.74599e-06;-1.73268e-06;3.3;3.3;3.3;3.3,RETRY_5NS;RETRY_5NS;RETRY_5NS;RETRY_5NS;RETRY_5NS;RETRY_5NS;RETRY_5NS;RETRY_5NS,8,8,11110000,240,15,1111000,7,240,14,240,INFERRED_AT_DAC_BRIDGE_OUTPUT,11110000,240,11110000,240,11110000,240,11110000,240,True,True
MC200_CMP_XM5_XM6_W8P2524_XM7_XM11_W16P8587_S050_LOW_W4,2,-2.67112e-06;-7.91606e-06;-2.79614e-06;-2.77154e-06;-8.31826e-06;-7.78769e-06;-2.76114e-06;-7.82707e-06,-2.81094e-06;-7.94478e-06;-2.94418e-06;-2.91837e-06;-8.3748e-06;-7.8235e-06;-2.90819e-06;-7.85642e-06,3.3;3.3;-1.65552e-06;-1.64554e-06;3.3;3.3;-1.6405e-06;-1.94037e-06,-1.77597e-06;-2.03514e-06;3.3;3.3;-1.99209e-06;-1.98945e-06;3.3;3.3,RETRY_5NS;RETRY_5NS;RETRY_5NS;RETRY_5NS;RETRY_5NS;RETRY_5NS;RETRY_5NS;RETRY_5NS,8,8,11001100,204,51,1100110,7,204,50,204,INFERRED_AT_DAC_BRIDGE_OUTPUT,11001100,204,11001100,204,11001100,204,11001100,204,True,True
MC200_CMP_XM5_XM6_W8P2524_XM7_XM11_W16P8587_S050_LOW_W4,3,-3.22976e-06;-8.6577e-06;-3.38211e-06;-3.36185e-06;-8.60279e-06;-8.10027e-06;-3.63404e-06;-9.26733e-06,-3.39373e-06;-8.54163e-06;-3.54978e-06;-3.52861e-06;-8.48544e-06;-7.95711e-06;-3.79847e-06;-9.17365e-06,3.3;-2.07177e-06;-1.71909e-06;-1.71284e-06;-2.02097e-06;3.3;3.3;-2.01353e-06,-1.83735e-06;3.3;3.3;3.3;3.3;-2.07701e-06;-1.74229e-06;3.3,RETRY_5NS;RETRY_5NS;RETRY_5NS;RETRY_5NS;RETRY_5NS;RETRY_5NS;RETRY_5NS;RETRY_5NS,8,8,10000110,134,121,1000011,7,134,120,134,INFERRED_AT_DAC_BRIDGE_OUTPUT,10000110,134,10000110,134,10000110,134,10000110,134,True,True
MC200_CMP_XM5_XM6_W8P2524_XM7_XM11_W16P8587_S050_LOW_W4,64,-3.05962e-06;-7.7112e-06;-2.95763e-06;-3.15944e-06;-7.99123e-06;-8.31705e-06;-2.99711e-06;-7.99059e-06,-3.21549e-06;-7.59734e-06;-3.1123e-06;-3.31966e-06;-7.99284e-06;-8.25488e-06;-3.15224e-06;-7.98851e-06,3.3;3.3;3.3;-1.68993e-06;-1.96987e-06;-1.99669e-06;-1.66348e-06;3.3,-1.82865e-06;-2.09258e-06;-1.70678e-06;3.3;3.3;3.3;3.3;-2.00763e-06,RETRY_5NS;RETRY_5NS;RETRY_5NS;RETRY_5NS;RETRY_5NS;RETRY_5NS;RETRY_5NS;RETRY_5NS,8,8,11100001,225,30,1110000,7,224,30,225,INFERRED_AT_DAC_BRIDGE_OUTPUT,11100001,225,11100001,225,11100001,225,11100001,225,True,True
MC200_CMP_XM5_XM6_W8P2524_XM7_XM11_W16P8587_S050_LOW_W4,65,-3.27753e-06;-8.6661e-06;-3.17102e-06;-3.35732e-06;-8.27631e-06;-8.6022e-06;-3.20377e-06;-8.27634e-06,-3.44256e-06;-8.52936e-06;-3.33287e-06;-3.52565e-06;-8.22433e-06;-8.48685e-06;-3.36592e-06;-8.22029e-06,3.3;3.3;3.3;3.3;-1.99648e-06;-2.02302e-06;-1.68737e-06;-2.02343e-06,-1.86994e-06;-2.11647e-06;-1.73593e-06;-1.74613e-06;3.3;3.3;3.3;3.3,RETRY_5NS;RETRY_5NS;RETRY_5NS;RETRY_5NS;RETRY_5NS;RETRY_5NS;RETRY_5NS;RETRY_5NS,8,8,11110000,240,15,1111000,7,240,14,240,INFERRED_AT_DAC_BRIDGE_OUTPUT,11110000,240,11110000,240,11110000,240,11110000,240,True,True
MC200_CMP_XM5_XM6_W8P2524_XM7_XM11_W16P8587_S050_LOW_W4,66,-2.78943e-06;-8.77177e-06;-2.70865e-06;-2.88892e-06;-7.58583e-06;-7.95093e-06;-2.73168e-06;-7.62283e-06,-2.93426e-06;-8.80277e-06;-2.85374e-06;-3.03976e-06;-7.62084e-06;-7.95565e-06;-2.87771e-06;-7.69106e-06,3.3;3.3;-1.64595e-06;-1.65745e-06;3.3;3.3;-1.6361e-06;-1.91923e-06,-1.78904e-06;-2.03763e-06;3.3;3.3;-1.99084e-06;-2.00466e-06;3.3;3.3,RETRY_5NS;RETRY_5NS;RETRY_5NS;RETRY_5NS;RETRY_5NS;RETRY_5NS;RETRY_5NS;RETRY_5NS,8,8,11001100,204,51,1100110,7,204,50,204,INFERRED_AT_DAC_BRIDGE_OUTPUT,11001100,204,11001100,204,11001100,204,11001100,204,True,True
MC200_CMP_XM5_XM6_W8P2524_XM7_XM11_W16P8587_S050_LOW_W4,67,-3.35055e-06;-8.81845e-06;-3.29511e-06;-3.4791e-06;-8.43962e-06;-7.99932e-06;-3.49316e-06;-8.86128e-06,-3.51956e-06;-8.67193e-06;-3.45986e-06;-3.6498e-06;-8.35332e-06;-7.81365e-06;-3.65275e-06;-8.79517e-06,3.3;-2.08743e-06;-1.70859e-06;-1.72562e-06;-2.00482e-06;3.3;3.3;-1.99562e-06,-1.85154e-06;3.3;3.3;3.3;3.3;-2.09537e-06;-1.74669e-06;3.3,RETRY_5NS;RETRY_5NS;RETRY_5NS;RETRY_5NS;RETRY_5NS;RETRY_5NS;RETRY_5NS;RETRY_5NS,8,8,10000110,134,121,1000011,7,134,120,134,INFERRED_AT_DAC_BRIDGE_OUTPUT,10000110,134,10000110,134,10000110,134,10000110,134,True,True
MC200_CMP_XM5_XM6_W8P2524_XM7_XM11_W16P8587_S051_LOW_W4,0,-2.92037e-06;-8.27719e-06;-3.00785e-06;-3.0064e-06;-8.22025e-06;-8.2203e-06;-2.99541e-06;-8.26151e-06,-2.9572e-06;-8.24552e-06;-3.0457e-06;-3.04275e-06;-8.20302e-06;-8.20154e-06;-3.0321e-06;-8.23822e-06,3.3;3.3;3.3;-1.65951e-06;-1.9639e-06;-1.95895e-06;-1.65005e-06;-1.95696e-06,-1.77375e-06;-2.0242e-06;-1.67712e-06;3.3;3.3;3.3;3.3;3.3,RETRY_5NS;RETRY_5NS;RETRY_5NS;RETRY_5NS;RETRY_5NS;RETRY_5NS;RETRY_5NS;RETRY_5NS,8,8,11100000,224,31,1110000,7,224,30,224,INFERRED_AT_DAC_BRIDGE_OUTPUT,11100000,224,11100000,224,11100000,224,11100000,224,True,True
MC200_CMP_XM5_XM6_W8P2524_XM7_XM11_W16P8587_S051_LOW_W4,1,-3.11707e-06;-8.52159e-06;-3.19944e-06;-3.18698e-06;-8.46798e-06;-8.46654e-06;-3.44662e-06;-8.5054e-06,-3.15565e-06;-8.4768e-06;-3.23912e-06;-3.22624e-06;-8.42964e-06;-8.42996e-06;-3.48475e-06;-8.46941e-06,3.3;3.3;3.3;-1.66669e-06;3.3;3.3;3.3;3.3,-1.8094e-06;-2.05188e-06;-1.70612e-06;3.3;-2.01421e-06;-2.01034e-06;-1.69294e-06;-2.00723e-06,RETRY_5NS;RETRY_5NS;RETRY_5NS;RETRY_5NS;RETRY_5NS;RETRY_5NS;RETRY_5NS;RETRY_5NS,8,8,11101111,239,16,1110111,7,238,16,239,INFERRED_AT_DAC_BRIDGE_OUTPUT,11101111,239,11101111,239,11101111,239,11101111,239,True,True
MC200_CMP_XM5_XM6_W8P2524_XM7_XM11_W16P8587_S051_LOW_W4,2,-2.91711e-06;-8.27101e-06;-3.01724e-06;-3.00183e-06;-8.22335e-06;-8.22152e-06;-2.99464e-06;-8.26234e-06,-2.95416e-06;-8.24148e-06;-3.05374e-06;-3.03803e-06;-8.19855e-06;-8.1992e-06;-3.03298e-06;-8.23759e-06,3.3;3.3;-1.66307e-06;-1.65445e-06;3.3;-1.94473e-06;3.3;3.3,-1.76752e-06;-2.02095e-06;3.3;3.3;-1.98626e-06;3.3;-1.67239e-06;-1.98417e-06,RETRY_5NS;RETRY_5NS;RETRY_5NS;RETRY_5NS;RETRY_5NS;RETRY_5NS;RETRY_5NS;RETRY_5NS,8,8,11001011,203,52,1100101,7,202,52,203,INFERRED_AT_DAC_BRIDGE_OUTPUT,11001011,203,11001011,203,11001011,203,11001011,203,True,True
MC200_CMP_XM5_XM6_W8P2524_XM7_XM11_W16P8587_S051_LOW_W4,3,-2.92054e-06;-8.31329e-06;-3.05289e-06;-3.03556e-06;-8.26098e-06;-8.26275e-06;-3.02604e-06;-8.30274e-06,-2.95746e-06;-8.29672e-06;-3.08971e-06;-3.07195e-06;-8.23904e-06;-8.23756e-06;-3.06406e-06;-8.27625e-06,3.3;-2.01042e-06;-1.66546e-06;-1.66145e-06;-1.96248e-06;3.3;-1.64348e-06;3.3,-1.75981e-06;3.3;3.3;3.3;3.3;-1.98849e-06;3.3;-1.98822e-06,RETRY_5NS;RETRY_5NS;RETRY_5NS;RETRY_5NS;RETRY_5NS;RETRY_5NS;RETRY_5NS;RETRY_5NS,8,8,10000101,133,122,1000010,7,132,122,133,INFERRED_AT_DAC_BRIDGE_OUTPUT,10000101,133,10000101,133,10000101,133,10000101,133,True,True
MC200_CMP_XM5_XM6_W8P2524_XM7_XM11_W16P8587_S051_LOW_W4,64,-3.04551e-06;-8.43844e-06;-2.9149e-06;-3.13044e-06;-8.05853e-06;-8.38219e-06;-2.96417e-06;-8.05846e-06,-3.08332e-06;-8.39828e-06;-2.95201e-06;-3.1678e-06;-8.04856e-06;-8.35606e-06;-3.00061e-06;-8.04553e-06,3.3;3.3;3.3;-1.67189e-06;-1.94888e-06;-1.97582e-06;-1.64666e-06;-1.93721e-06,-1.78781e-06;-2.03998e-06;-1.66743e-06;3.3;3.3;3.3;3.3;3.3,RETRY_5NS;RETRY_5NS;RETRY_5NS;RETRY_5NS;RETRY_5NS;RETRY_5NS;RETRY_5NS;RETRY_5NS,8,8,11100000,224,31,1110000,7,224,30,224,INFERRED_AT_DAC_BRIDGE_OUTPUT,11100000,224,11100000,224,11100000,224,11100000,224,True,True
MC200_CMP_XM5_XM6_W8P2524_XM7_XM11_W16P8587_S051_LOW_W4,65,-3.24136e-06;-8.68252e-06;-3.10695e-06;-3.31146e-06;-8.30581e-06;-8.62877e-06;-3.20432e-06;-8.30271e-06,-3.28093e-06;-8.6292e-06;-3.14587e-06;-3.35171e-06;-8.27563e-06;-8.58414e-06;-3.24259e-06;-8.27626e-06,3.3;3.3;3.3;-1.67866e-06;3.3;3.3;3.3;3.3,-1.82378e-06;-2.06857e-06;-1.69639e-06;3.3;-1.99856e-06;-2.02431e-06;-1.69005e-06;-2.02678e-06,RETRY_5NS;RETRY_5NS;RETRY_5NS;RETRY_5NS;RETRY_5NS;RETRY_5NS;RETRY_5NS;RETRY_5NS,8,8,11101111,239,16,1110111,7,238,16,239,INFERRED_AT_DAC_BRIDGE_OUTPUT,11101111,239,11101111,239,11101111,239,11101111,239,True,True
MC200_CMP_XM5_XM6_W8P2524_XM7_XM11_W16P8587_S051_LOW_W4,66,-3.04227e-06;-8.43234e-06;-2.92477e-06;-3.12619e-06;-8.06115e-06;-8.38359e-06;-2.96423e-06;-8.05843e-06,-3.08032e-06;-8.39445e-06;-2.96052e-06;-3.16343e-06;-8.04445e-06;-8.35362e-06;-3.00064e-06;-8.04566e-06,3.3;3.3;-1.65432e-06;-1.66587e-06;3.3;3.3;-1.64827e-06;-1.9392e-06,-1.78107e-06;-2.03645e-06;3.3;3.3;-1.97283e-06;-1.98456e-06;3.3;3.3,RETRY_5NS;RETRY_5NS;RETRY_5NS;RETRY_5NS;RETRY_5NS;RETRY_5NS;RETRY_5NS;RETRY_5NS,8,8,11001100,204,51,1100110,7,204,50,204,INFERRED_AT_DAC_BRIDGE_OUTPUT,11001100,204,11001100,204,11001100,204,11001100,204,True,True
MC200_CMP_XM5_XM6_W8P2524_XM7_XM11_W16P8587_S051_LOW_W4,67,-3.04766e-06;-8.47328e-06;-2.96049e-06;-3.15993e-06;-8.09901e-06;-8.42481e-06;-2.99507e-06;-8.10009e-06,-3.0856e-06;-8.44982e-06;-2.99654e-06;-3.19732e-06;-8.08476e-06;-8.3919e-06;-3.03231e-06;-8.0831e-06,3.3;-2.02659e-06;-1.65695e-06;-1.67448e-06;-1.94771e-06;3.3;-1.64594e-06;3.3,-1.77393e-06;3.3;3.3;3.3;3.3;-2.00381e-06;3.3;-1.96879e-06,RETRY_5NS;RETRY_5NS;RETRY_5NS;RETRY_5NS;RETRY_5NS;RETRY_5NS;RETRY_5NS;RETRY_5NS,8,8,10000101,133,122,1000010,7,132,122,133,INFERRED_AT_DAC_BRIDGE_OUTPUT,10000101,133,10000101,133,10000101,133,10000101,133,True,True
MC200_CMP_XM5_XM6_W8P2524_XM7_XM11_W16P8587_S052_LOW_W4,0,-2.67887e-06;-8.00236e-06;-2.76482e-06;-2.91595e-06;-7.944e-06;-7.9438e-06;-2.75166e-06;-7.98601e-06,-2.75553e-06;-7.99236e-06;-2.84269e-06;-2.99103e-06;-7.94813e-06;-7.94661e-06;-2.8283e-06;-7.98331e-06,3.3;3.3;3.3;-1.63966e-06;-1.92832e-06;-1.92518e-06;-1.62304e-06;-1.92116e-06,-1.83177e-06;-2.08911e-06;-1.73252e-06;3.3;3.3;3.3;3.3;3.3,RETRY_5NS;RETRY_5NS;RETRY_5NS;RETRY_5NS;RETRY_5NS;RETRY_5NS;RETRY_5NS;RETRY_5NS,8,8,11100000,224,31,1110000,7,224,30,224,INFERRED_AT_DAC_BRIDGE_OUTPUT,11100000,224,11100000,224,11100000,224,11100000,224,True,True
MC200_CMP_XM5_XM6_W8P2524_XM7_XM11_W16P8587_S052_LOW_W4,1,-2.99905e-06;-8.42224e-06;-3.07897e-06;-3.06709e-06;-8.36719e-06;-8.3658e-06;-3.18297e-06;-8.40619e-06,-3.08067e-06;-8.3762e-06;-3.16194e-06;-3.14911e-06;-8.32903e-06;-8.32932e-06;-3.26903e-06;-8.36859e-06,3.3;3.3;3.3;-1.64855e-06;3.3;3.3;3.3;3.3,-1.88324e-06;-2.13481e-06;-1.77503e-06;3.3;-2.09412e-06;-2.09006e-06;-1.76462e-06;-2.08877e-06,RETRY_5NS;RETRY_5NS;RETRY_5NS;RETRY_5NS;RETRY_5NS;RETRY_5NS;RETRY_5NS;RETRY_5NS,8,8,11101111,239,16,1110111,7,238,16,239,INFERRED_AT_DAC_BRIDGE_OUTPUT,11101111,239,11101111,239,11101111,239,11101111,239,True,True
MC200_CMP_XM5_XM6_W8P2524_XM7_XM11_W16P8587_S052_LOW_W4,2,-2.48858e-06;-7.74575e-06;-2.59059e-06;-2.57255e-06;-7.69448e-06;-7.69321e-06;-2.56439e-06;-7.73491e-06,-2.56245e-06;-7.75882e-06;-2.66423e-06;-2.6459e-06;-7.71303e-06;-7.7129e-06;-2.63934e-06;-7.75097e-06,3.3;3.3;-1.61909e-06;-1.6084e-06;3.3;-1.89012e-06;3.3;3.3,-1.80347e-06;-2.06297e-06;3.3;3.3;-2.02674e-06;3.3;-1.70886e-06;-2.02528e-06,RETRY_5NS;RETRY_5NS;RETRY_5NS;RETRY_5NS;RETRY_5NS;RETRY_5NS;RETRY_5NS;RETRY_5NS,8,8,11001011,203,52,1100101,7,202,52,203,INFERRED_AT_DAC_BRIDGE_OUTPUT,11001011,203,11001011,203,11001011,203,11001011,203,True,True
MC200_CMP_XM5_XM6_W8P2524_XM7_XM11_W16P8587_S052_LOW_W4,3,-2.90567e-06;-8.24877e-06;-2.96358e-06;-2.94696e-06;-8.19534e-06;-8.19691e-06;-2.93793e-06;-8.23842e-06,-2.98361e-06;-8.23419e-06;-3.0429e-06;-3.02593e-06;-8.17717e-06;-8.1755e-06;-3.01802e-06;-8.21415e-06,3.3;-1.99608e-06;-1.65452e-06;-1.64972e-06;-1.94577e-06;3.3;-1.6347e-06;3.3,-1.83823e-06;3.3;3.3;3.3;3.3;-2.07208e-06;3.3;-2.07387e-06,RETRY_5NS;RETRY_5NS;RETRY_5NS;RETRY_5NS;RETRY_5NS;RETRY_5NS;RETRY_5NS;RETRY_5NS,8,8,10000101,133,122,1000010,7,132,122,133,INFERRED_AT_DAC_BRIDGE_OUTPUT,10000101,133,10000101,133,10000101,133,10000101,133,True,True
MC200_CMP_XM5_XM6_W8P2524_XM7_XM11_W16P8587_S052_LOW_W4,64,-2.80363e-06;-8.16931e-06;-2.67222e-06;-3.07368e-06;-7.7766e-06;-8.11136e-06;-2.72057e-06;-7.77624e-06,-2.8822e-06;-8.14503e-06;-2.7487e-06;-3.15016e-06;-7.79371e-06;-8.10106e-06;-2.79673e-06;-7.79021e-06,3.3;3.3;3.3;-1.65184e-06;-1.91254e-06;-1.94029e-06;-1.61998e-06;-1.90101e-06,-1.84466e-06;-2.10493e-06;-1.72194e-06;3.3;3.3;3.3;3.3;3.3,RETRY_5NS;RETRY_5NS;RETRY_5NS;RETRY_5NS;RETRY_5NS;RETRY_5NS;RETRY_5NS;RETRY_5NS,8,8,11100000,224,31,1110000,7,224,30,224,INFERRED_AT_DAC_BRIDGE_OUTPUT,11100000,224,11100000,224,11100000,224,11100000,224,True,True
MC200_CMP_XM5_XM6_W8P2524_XM7_XM11_W16P8587_S052_LOW_W4,65,-3.12303e-06;-8.58896e-06;-2.98671e-06;-3.19111e-06;-8.1993e-06;-8.53363e-06;-3.08993e-06;-8.1964e-06,-3.20653e-06;-8.52859e-06;-3.06828e-06;-3.27499e-06;-8.17511e-06;-8.48342e-06;-3.17063e-06;-8.17558e-06,3.3;3.3;3.3;-1.6641e-06;3.3;3.3;3.3;3.3,-1.89855e-06;-2.15154e-06;-1.76527e-06;3.3;-2.07822e-06;-2.10674e-06;-1.75909e-06;-2.10834e-06,RETRY_5NS;RETRY_5NS;RETRY_5NS;RETRY_5NS;RETRY_5NS;RETRY_5NS;RETRY_5NS;RETRY_5NS,8,8,11101111,239,16,1110111,7,238,16,239,INFERRED_AT_DAC_BRIDGE_OUTPUT,11101111,239,11101111,239,11101111,239,11101111,239,True,True
MC200_CMP_XM5_XM6_W8P2524_XM7_XM11_W16P8587_S052_LOW_W4,66,-2.61326e-06;-7.91273e-06;-2.49831e-06;-2.69644e-06;-7.52666e-06;-7.59979e-06;-2.53404e-06;-7.52409e-06,-2.68902e-06;-7.91172e-06;-2.57054e-06;-2.77171e-06;-7.55902e-06;-7.63036e-06;-2.6073e-06;-7.55939e-06,3.3;3.3;-1.61e-06;-1.62024e-06;3.3;3.3;-1.6017e-06;-1.88301e-06,-1.81705e-06;-2.07825e-06;3.3;3.3;-2.0117e-06;-2.03946e-06;3.3;3.3,RETRY_5NS;RETRY_5NS;RETRY_5NS;RETRY_5NS;RETRY_5NS;RETRY_5NS;RETRY_5NS;RETRY_5NS,8,8,11001100,204,51,1100110,7,204,50,204,INFERRED_AT_DAC_BRIDGE_OUTPUT,11001100,204,11001100,204,11001100,204,11001100,204,True,True
MC200_CMP_XM5_XM6_W8P2524_XM7_XM11_W16P8587_S052_LOW_W4,67,-3.06954e-06;-8.41452e-06;-2.87158e-06;-3.07085e-06;-8.02771e-06;-8.36465e-06;-2.90657e-06;-8.02863e-06,-3.14895e-06;-8.38722e-06;-2.94949e-06;-3.1517e-06;-8.02299e-06;-8.32976e-06;-2.98664e-06;-8.02114e-06,3.3;-2.01168e-06;-1.64464e-06;-1.66122e-06;-1.93031e-06;3.3;-1.62975e-06;3.3,-1.85503e-06;3.3;3.3;3.3;3.3;-2.08816e-06;3.3;-2.05357e-06,RETRY_5NS;RETRY_5NS;RETRY_5NS;RETRY_5NS;RETRY_5NS;RETRY_5NS;RETRY_5NS;RETRY_5NS,8,8,10000101,133,122,1000010,7,132,122,133,INFERRED_AT_DAC_BRIDGE_OUTPUT,10000101,133,10000101,133,10000101,133,10000101,133,True,True
MC200_CMP_XM5_XM6_W8P2524_XM7_XM11_W16P8587_S053_LOW_W4,0,-2.73318e-06;-8.25601e-06;-2.95528e-06;-2.95313e-06;-8.19724e-06;-8.19761e-06;-2.94238e-06;-8.23994e-06,-2.86894e-06;-8.21896e-06;-3.09107e-06;-3.08721e-06;-8.17803e-06;-8.17622e-06;-3.07771e-06;-8.21214e-06,3.3;3.3;3.3;-1.63205e-06;-1.93057e-06;-1.92458e-06;3.3;-1.92288e-06,-1.84895e-06;-2.11211e-06;-1.75428e-06;3.3;3.3;3.3;-1.74342e-06;3.3,RETRY_5NS;RETRY_5NS;RETRY_5NS;RETRY_5NS;RETRY_5NS;RETRY_5NS;RETRY_5NS;RETRY_5NS,8,8,11100010,226,29,1110001,7,226,28,226,INFERRED_AT_DAC_BRIDGE_OUTPUT,11100010,226,11100010,226,11100010,226,11100010,226,True,True
MC200_CMP_XM5_XM6_W8P2524_XM7_XM11_W16P8587_S053_LOW_W4,1,-2.94119e-06;-8.3429e-06;-3.0239e-06;-3.00949e-06;-7.62137e-06;-8.28183e-06;-3.00455e-06;-8.10311e-06,-3.07717e-06;-8.29329e-06;-3.16174e-06;-3.14661e-06;-7.56824e-06;-8.2497e-06;-3.14091e-06;-8.05424e-06,3.3;3.3;3.3;3.3;-1.94626e-06;-1.93251e-06;-1.62387e-06;3.3,-1.87824e-06;-2.12559e-06;-1.7677e-06;-1.75455e-06;3.3;3.3;3.3;-2.08324e-06,RETRY_5NS;RETRY_5NS;RETRY_5NS;RETRY_5NS;RETRY_5NS;RETRY_5NS;RETRY_5NS;RETRY_5NS,8,8,11110001,241,14,1111000,7,240,14,241,INFERRED_AT_DAC_BRIDGE_OUTPUT,11110001,241,11110001,241,11110001,241,11110001,241,True,True
MC200_CMP_XM5_XM6_W8P2524_XM7_XM11_W16P8587_S053_LOW_W4,2,-3.02119e-06;-8.46077e-06;-3.11581e-06;-3.10233e-06;-8.41248e-06;-8.41051e-06;-3.09693e-06;-8.45157e-06,-3.16004e-06;-8.395e-06;-3.25515e-06;-3.24128e-06;-8.35562e-06;-8.35647e-06;-3.23632e-06;-8.39422e-06,3.3;3.3;-1.65294e-06;-1.64267e-06;3.3;3.3;3.3;-1.9442e-06,-1.86405e-06;-2.13123e-06;3.3;3.3;-2.09579e-06;-2.091e-06;-1.75573e-06;3.3,RETRY_5NS;RETRY_5NS;RETRY_5NS;RETRY_5NS;RETRY_5NS;RETRY_5NS;RETRY_5NS;RETRY_5NS,8,8,11001110,206,49,1100111,7,206,48,206,INFERRED_AT_DAC_BRIDGE_OUTPUT,11001110,206,11001110,206,11001110,206,11001110,206,True,True
MC200_CMP_XM5_XM6_W8P2524_XM7_XM11_W16P8587_S053_LOW_W4,3,-3.08936e-06;-8.58601e-06;-3.21134e-06;-3.19663e-06;-8.53598e-06;-8.5387e-06;-3.18926e-06;-8.57942e-06,-3.23058e-06;-8.51985e-06;-3.35377e-06;-3.33838e-06;-8.46635e-06;-8.46491e-06;-3.33218e-06;-8.50238e-06,3.3;-2.00577e-06;-1.66375e-06;-1.6554e-06;-1.94484e-06;3.3;3.3;3.3,-1.86463e-06;3.3;3.3;3.3;3.3;-2.10582e-06;-1.77417e-06;-2.10548e-06,RETRY_5NS;RETRY_5NS;RETRY_5NS;RETRY_5NS;RETRY_5NS;RETRY_5NS;RETRY_5NS;RETRY_5NS,8,8,10000111,135,120,1000011,7,134,120,135,INFERRED_AT_DAC_BRIDGE_OUTPUT,10000111,135,10000111,135,10000111,135,10000111,135,True,True
MC200_CMP_XM5_XM6_W8P2524_XM7_XM11_W16P8587_S053_LOW_W4,64,-2.99328e-06;-8.42436e-06;-2.86393e-06;-3.07569e-06;-8.02835e-06;-8.36678e-06;-2.91157e-06;-8.02829e-06,-3.13087e-06;-8.36277e-06;-2.99602e-06;-3.21377e-06;-8.03235e-06;-8.32174e-06;-3.04591e-06;-8.03012e-06,3.3;3.3;3.3;-1.64489e-06;-1.91564e-06;-1.93955e-06;3.3;-1.90647e-06,-1.86866e-06;-2.12925e-06;-1.74431e-06;3.3;3.3;3.3;-1.74037e-06;3.3,RETRY_5NS;RETRY_5NS;RETRY_5NS;RETRY_5NS;RETRY_5NS;RETRY_5NS;RETRY_5NS;RETRY_5NS,8,8,11100010,226,29,1110001,7,226,28,226,INFERRED_AT_DAC_BRIDGE_OUTPUT,11100010,226,11100010,226,11100010,226,11100010,226,True,True
MC200_CMP_XM5_XM6_W8P2524_XM7_XM11_W16P8587_S053_LOW_W4,65,-3.06391e-06;-8.511e-06;-2.93177e-06;-3.13231e-06;-7.67922e-06;-8.45088e-06;-2.97375e-06;-8.14843e-06,-3.20389e-06;-8.43681e-06;-3.06666e-06;-3.27331e-06;-7.65874e-06;-8.39536e-06;-3.1091e-06;-8.13743e-06,3.3;3.3;3.3;3.3;-1.93025e-06;-1.94799e-06;-1.62105e-06;3.3,-1.89295e-06;-2.14196e-06;-1.7557e-06;-1.76881e-06;3.3;3.3;3.3;-2.10121e-06,RETRY_5NS;RETRY_5NS;RETRY_5NS;RETRY_5NS;RETRY_5NS;RETRY_5NS;RETRY_5NS;RETRY_5NS,8,8,11110001,241,14,1111000,7,240,14,241,INFERRED_AT_DAC_BRIDGE_OUTPUT,11110001,241,11110001,241,11110001,241,11110001,241,True,True
MC200_CMP_XM5_XM6_W8P2524_XM7_XM11_W16P8587_S053_LOW_W4,66,-3.1445e-06;-8.62911e-06;-3.02461e-06;-3.22508e-06;-8.2431e-06;-8.57976e-06;-3.06587e-06;-8.23993e-06,-3.28737e-06;-8.53903e-06;-3.16097e-06;-3.36806e-06;-8.21042e-06;-8.50197e-06;-3.20471e-06;-8.2122e-06,3.3;3.3;-1.64312e-06;-1.65518e-06;3.3;3.3;3.3;-1.9251e-06,-1.87836e-06;-2.14761e-06;3.3;3.3;-2.08029e-06;-2.10842e-06;-1.75264e-06;3.3,RETRY_5NS;RETRY_5NS;RETRY_5NS;RETRY_5NS;RETRY_5NS;RETRY_5NS;RETRY_5NS;RETRY_5NS,8,8,11001110,206,49,1100111,7,206,48,206,INFERRED_AT_DAC_BRIDGE_OUTPUT,11001110,206,11001110,206,11001110,206,11001110,206,True,True
MC200_CMP_XM5_XM6_W8P2524_XM7_XM11_W16P8587_S053_LOW_W4,67,-3.21469e-06;-8.7532e-06;-3.11998e-06;-3.31928e-06;-8.3668e-06;-8.70807e-06;-3.42797e-06;-8.36777e-06,-3.35996e-06;-8.66409e-06;-3.25942e-06;-3.465e-06;-8.3209e-06;-8.61024e-06;-3.56703e-06;-8.3203e-06,3.3;-2.02125e-06;-1.65439e-06;-1.66737e-06;-1.93059e-06;3.3;3.3;3.3,-1.87839e-06;3.3;3.3;3.3;3.3;-2.12354e-06;-1.77146e-06;-2.08447e-06,RETRY_5NS;RETRY_5NS;RETRY_5NS;RETRY_5NS;RETRY_5NS;RETRY_5NS;RETRY_5NS;RETRY_5NS,8,8,10000111,135,120,1000011,7,134,120,135,INFERRED_AT_DAC_BRIDGE_OUTPUT,10000111,135,10000111,135,10000111,135,10000111,135,True,True
MC200_CMP_XM5_XM6_W8P2524_XM7_XM11_W16P8587_S054_LOW_W4,0,-3.01684e-06;-8.39074e-06;-3.10818e-06;-3.10562e-06;-8.33686e-06;-8.33524e-06;-3.16887e-06;-8.37512e-06,-3.05125e-06;-8.40337e-06;-3.14336e-06;-3.14186e-06;-8.35472e-06;-8.35476e-06;-3.20495e-06;-8.39523e-06,3.3;3.3;-1.70362e-06;3.3;3.3;3.3;3.3;3.3,-1.73786e-06;-1.98056e-06;3.3;-1.64782e-06;-1.94873e-06;-1.94334e-06;-1.63483e-06;-1.93942e-06,RETRY_5NS;RETRY_5NS;RETRY_5NS;RETRY_5NS;RETRY_5NS;RETRY_5NS;RETRY_5NS;RETRY_5NS,8,8,11011111,223,32,1101111,7,222,32,223,INFERRED_AT_DAC_BRIDGE_OUTPUT,11011111,223,11011111,223,11011111,223,11011111,223,True,True
MC200_CMP_XM5_XM6_W8P2524_XM7_XM11_W16P8587_S054_LOW_W4,1,-3.08746e-06;-8.47605e-06;-3.17429e-06;-3.16088e-06;-8.41951e-06;-8.28168e-06;-3.39137e-06;-8.45746e-06,-3.12326e-06;-8.48499e-06;-3.21169e-06;-3.1966e-06;-8.43449e-06;-8.29713e-06;-3.42913e-06;-8.47569e-06,3.3;3.3;3.3;-1.70707e-06;3.3;3.3;3.3;-2.01991e-06,-1.75895e-06;-1.99355e-06;-1.65721e-06;3.3;-1.9551e-06;-1.95148e-06;-1.64079e-06;3.3,RETRY_5NS;RETRY_5NS;RETRY_5NS;RETRY_5NS;RETRY_5NS;RETRY_5NS;RETRY_5NS;RETRY_5NS,8,8,11101110,238,17,1110111,7,238,16,238,INFERRED_AT_DAC_BRIDGE_OUTPUT,11101110,238,11101110,238,11101110,238,11101110,238,True,True
MC200_CMP_XM5_XM6_W8P2524_XM7_XM11_W16P8587_S054_LOW_W4,2,-3.19608e-06;-8.63165e-06;-3.29747e-06;-3.28291e-06;-8.58396e-06;-8.12496e-06;-3.27624e-06;-8.62358e-06,-3.23401e-06;-8.63691e-06;-3.33519e-06;-3.32022e-06;-8.59424e-06;-8.12475e-06;-3.31523e-06;-8.63571e-06,3.3;3.3;-1.7314e-06;-1.72373e-06;3.3;-2.04465e-06;3.3;-2.03096e-06,-1.75089e-06;-2.00004e-06;3.3;3.3;-1.96722e-06;3.3;-1.65538e-06;3.3,RETRY_5NS;RETRY_5NS;RETRY_5NS;RETRY_5NS;RETRY_5NS;RETRY_5NS;RETRY_5NS;RETRY_5NS,8,8,11001010,202,53,1100101,7,202,52,202,INFERRED_AT_DAC_BRIDGE_OUTPUT,11001010,202,11001010,202,11001010,202,11001010,202,True,True
MC200_CMP_XM5_XM6_W8P2524_XM7_XM11_W16P8587_S054_LOW_W4,3,-3.00249e-06;-8.30473e-06;-3.06323e-06;-3.04426e-06;-8.2491e-06;-8.25096e-06;-3.03395e-06;-8.29154e-06,-3.03576e-06;-8.33798e-06;-3.09668e-06;-3.07721e-06;-8.27736e-06;-8.27526e-06;-3.0674e-06;-8.31556e-06,3.3;-2.05595e-06;-1.70524e-06;-1.69825e-06;-2.00966e-06;3.3;-1.69255e-06;-2.00297e-06,-1.71847e-06;3.3;3.3;3.3;3.3;-1.93023e-06;3.3;3.3,RETRY_5NS;RETRY_5NS;RETRY_5NS;RETRY_5NS;RETRY_5NS;RETRY_5NS;RETRY_5NS;RETRY_5NS,8,8,10000100,132,123,1000010,7,132,122,132,INFERRED_AT_DAC_BRIDGE_OUTPUT,10000100,132,10000100,132,10000100,132,10000100,132,True,True
MC200_CMP_XM5_XM6_W8P2524_XM7_XM11_W16P8587_S054_LOW_W4,64,-3.07992e-06;-8.5557e-06;-3.01792e-06;-3.22624e-06;-8.1709e-06;-8.50131e-06;-3.23694e-06;-8.16724e-06,-3.11573e-06;-8.56167e-06;-3.05148e-06;-3.26467e-06;-8.19512e-06;-8.51454e-06;-3.27289e-06;-8.1954e-06,3.3;3.3;-1.69393e-06;3.3;3.3;3.3;3.3;3.3,-1.74601e-06;-1.99668e-06;3.3;-1.66039e-06;-1.93398e-06;-1.96031e-06;-1.63546e-06;-1.91807e-06,RETRY_5NS;RETRY_5NS;RETRY_5NS;RETRY_5NS;RETRY_5NS;RETRY_5NS;RETRY_5NS;RETRY_5NS,8,8,11011111,223,32,1101111,7,222,32,223,INFERRED_AT_DAC_BRIDGE_OUTPUT,11011111,223,11011111,223,11011111,223,11011111,223,True,True
MC200_CMP_XM5_XM6_W8P2524_XM7_XM11_W16P8587_S054_LOW_W4,65,-3.20817e-06;-8.64073e-06;-3.0842e-06;-3.28175e-06;-8.25365e-06;-8.5834e-06;-3.31766e-06;-8.24995e-06,-3.24613e-06;-8.64297e-06;-3.11995e-06;-3.31968e-06;-8.27487e-06;-8.59494e-06;-3.35691e-06;-8.27557e-06,3.3;3.3;3.3;-1.71985e-06;3.3;3.3;3.3;-2.04057e-06,-1.77183e-06;-2.00929e-06;-1.64787e-06;3.3;-1.93909e-06;-1.96651e-06;-1.64216e-06;3.3,RETRY_5NS;RETRY_5NS;RETRY_5NS;RETRY_5NS;RETRY_5NS;RETRY_5NS;RETRY_5NS;RETRY_5NS,8,8,11101110,238,17,1110111,7,238,16,238,INFERRED_AT_DAC_BRIDGE_OUTPUT,11101110,238,11101110,238,11101110,238,11101110,238,True,True
MC200_CMP_XM5_XM6_W8P2524_XM7_XM11_W16P8587_S054_LOW_W4,66,-3.31766e-06;-8.7966e-06;-3.20772e-06;-3.40378e-06;-8.41804e-06;-8.15146e-06;-3.24589e-06;-8.41609e-06,-3.35778e-06;-8.79541e-06;-3.24381e-06;-3.44327e-06;-8.43452e-06;-8.14395e-06;-3.28433e-06;-8.43559e-06,3.3;3.3;-1.72208e-06;-1.73685e-06;3.3;-2.05965e-06;3.3;-2.01184e-06,-1.76393e-06;-2.01537e-06;3.3;3.3;-1.9524e-06;3.3;-1.65254e-06;3.3,RETRY_5NS;RETRY_5NS;RETRY_5NS;RETRY_5NS;RETRY_5NS;RETRY_5NS;RETRY_5NS;RETRY_5NS,8,8,11001010,202,53,1100101,7,202,52,202,INFERRED_AT_DAC_BRIDGE_OUTPUT,11001010,202,11001010,202,11001010,202,11001010,202,True,True
MC200_CMP_XM5_XM6_W8P2524_XM7_XM11_W16P8587_S054_LOW_W4,67,-3.14604e-06;-8.46842e-06;-2.97356e-06;-3.16493e-06;-8.08347e-06;-8.41686e-06;-3.00358e-06;-8.0841e-06,-3.18158e-06;-8.4966e-06;-3.00539e-06;-3.20005e-06;-8.11735e-06;-8.43525e-06;-3.0365e-06;-8.11542e-06,3.3;-2.07154e-06;-1.69473e-06;-1.71167e-06;-1.99377e-06;3.3;-1.68743e-06;-1.98274e-06,-1.73192e-06;3.3;3.3;3.3;3.3;-1.94669e-06;3.3;3.3,RETRY_5NS;RETRY_5NS;RETRY_5NS;RETRY_5NS;RETRY_5NS;RETRY_5NS;RETRY_5NS;RETRY_5NS,8,8,10000100,132,123,1000010,7,132,122,132,INFERRED_AT_DAC_BRIDGE_OUTPUT,10000100,132,10000100,132,10000100,132,10000100,132,True,True
MC200_CMP_XM5_XM6_W8P2524_XM7_XM11_W16P8587_S055_LOW_W4,0,-3.03123e-06;-8.38168e-06;-3.12027e-06;-3.11816e-06;-8.32449e-06;-8.32461e-06;-3.10723e-06;-7.88204e-06,-3.0872e-06;-8.37141e-06;-3.1772e-06;-3.17381e-06;-8.32945e-06;-8.32799e-06;-3.16345e-06;-7.87403e-06,3.3;3.3;3.3;-1.65647e-06;-1.95918e-06;-1.95553e-06;-1.64472e-06;3.3,-1.79381e-06;-2.04606e-06;-1.69774e-06;3.3;3.3;3.3;3.3;-2.0057e-06,RETRY_5NS;RETRY_5NS;RETRY_5NS;RETRY_5NS;RETRY_5NS;RETRY_5NS;RETRY_5NS;RETRY_5NS,8,8,11100001,225,30,1110000,7,224,30,225,INFERRED_AT_DAC_BRIDGE_OUTPUT,11100001,225,11100001,225,11100001,225,11100001,225,True,True
MC200_CMP_XM5_XM6_W8P2524_XM7_XM11_W16P8587_S055_LOW_W4,1,-3.10286e-06;-8.16764e-06;-3.17445e-06;-3.17448e-06;-8.40455e-06;-8.40475e-06;-3.16919e-06;-8.44557e-06,-3.16005e-06;-8.1482e-06;-3.23287e-06;-3.23135e-06;-8.40577e-06;-8.4043e-06;-3.22618e-06;-8.44063e-06,3.3;3.3;3.3;3.3;-1.9676e-06;-1.96437e-06;-1.65273e-06;-1.95993e-06,-1.81618e-06;-2.06124e-06;-1.71074e-06;-1.69687e-06;3.3;3.3;3.3;3.3,RETRY_5NS;RETRY_5NS;RETRY_5NS;RETRY_5NS;RETRY_5NS;RETRY_5NS;RETRY_5NS;RETRY_5NS,8,8,11110000,240,15,1111000,7,240,14,240,INFERRED_AT_DAC_BRIDGE_OUTPUT,11110000,240,11110000,240,11110000,240,11110000,240,True,True
MC200_CMP_XM5_XM6_W8P2524_XM7_XM11_W16P8587_S055_LOW_W4,2,-3.21385e-06;-8.6149e-06;-3.31214e-06;-3.29846e-06;-8.56895e-06;-8.56682e-06;-3.29257e-06;-8.60635e-06,-3.27281e-06;-8.59301e-06;-3.37068e-06;-3.35637e-06;-8.55255e-06;-8.5538e-06;-3.3515e-06;-8.59253e-06,3.3;3.3;-1.67982e-06;-1.67043e-06;3.3;3.3;-1.66454e-06;3.3,-1.80739e-06;-2.06759e-06;3.3;3.3;-2.03295e-06;-2.02435e-06;3.3;-2.01322e-06,RETRY_5NS;RETRY_5NS;RETRY_5NS;RETRY_5NS;RETRY_5NS;RETRY_5NS;RETRY_5NS;RETRY_5NS,8,8,11001101,205,50,1100110,7,204,50,205,INFERRED_AT_DAC_BRIDGE_OUTPUT,11001101,205,11001101,205,11001101,205,11001101,205,True,True
MC200_CMP_XM5_XM6_W8P2524_XM7_XM11_W16P8587_S055_LOW_W4,3,-3.03083e-06;-8.41655e-06;-3.22087e-06;-3.14701e-06;-8.365e-06;-8.36703e-06;-3.13779e-06;-8.40547e-06,-3.08707e-06;-8.4224e-06;-3.27683e-06;-3.20283e-06;-8.36483e-06;-8.3635e-06;-3.19504e-06;-8.40253e-06,3.3;-2.00624e-06;-1.66503e-06;-1.65831e-06;-1.95699e-06;3.3;3.3;-1.95317e-06,-1.78109e-06;3.3;3.3;3.3;3.3;-2.01029e-06;-1.6902e-06;3.3,RETRY_5NS;RETRY_5NS;RETRY_5NS;RETRY_5NS;RETRY_5NS;RETRY_5NS;RETRY_5NS;RETRY_5NS,8,8,10000110,134,121,1000011,7,134,120,134,INFERRED_AT_DAC_BRIDGE_OUTPUT,10000110,134,10000110,134,10000110,134,10000110,134,True,True
MC200_CMP_XM5_XM6_W8P2524_XM7_XM11_W16P8587_S055_LOW_W4,64,-3.14773e-06;-8.54125e-06;-3.02837e-06;-3.24096e-06;-8.16434e-06;-8.48497e-06;-3.07649e-06;-8.16461e-06,-3.20566e-06;-8.52166e-06;-3.08398e-06;-3.2984e-06;-8.17746e-06;-8.48005e-06;-3.13187e-06;-8.17431e-06,3.3;3.3;3.3;-1.66869e-06;-1.94474e-06;-1.97006e-06;-1.64114e-06;3.3,-1.80785e-06;-2.06203e-06;-1.68829e-06;3.3;3.3;3.3;3.3;-1.9843e-06,RETRY_5NS;RETRY_5NS;RETRY_5NS;RETRY_5NS;RETRY_5NS;RETRY_5NS;RETRY_5NS;RETRY_5NS,8,8,11100001,225,30,1110000,7,224,30,225,INFERRED_AT_DAC_BRIDGE_OUTPUT,11100001,225,11100001,225,11100001,225,11100001,225,True,True
MC200_CMP_XM5_XM6_W8P2524_XM7_XM11_W16P8587_S055_LOW_W4,65,-3.22584e-06;-8.32375e-06;-3.285e-06;-3.29734e-06;-8.24441e-06;-8.56508e-06;-3.13825e-06;-8.24477e-06,-3.28483e-06;-8.29483e-06;-3.34175e-06;-3.35643e-06;-8.25384e-06;-8.55639e-06;-3.19483e-06;-8.25053e-06,3.3;3.3;3.3;3.3;-1.95283e-06;-1.97963e-06;-1.64851e-06;-1.97709e-06,-1.83052e-06;-2.07733e-06;-1.70831e-06;-1.70989e-06;3.3;3.3;3.3;3.3,RETRY_5NS;RETRY_5NS;RETRY_5NS;RETRY_5NS;RETRY_5NS;RETRY_5NS;RETRY_5NS;RETRY_5NS,8,8,11110000,240,15,1111000,7,240,14,240,INFERRED_AT_DAC_BRIDGE_OUTPUT,11110000,240,11110000,240,11110000,240,11110000,240,True,True
MC200_CMP_XM5_XM6_W8P2524_XM7_XM11_W16P8587_S055_LOW_W4,66,-3.33753e-06;-8.77454e-06;-3.22073e-06;-3.42155e-06;-8.4083e-06;-8.72736e-06;-3.2617e-06;-8.40546e-06,-3.3983e-06;-8.74349e-06;-3.27793e-06;-3.48125e-06;-8.40088e-06;-8.70576e-06;-3.32015e-06;-8.40255e-06,3.3;3.3;-1.67081e-06;-1.68301e-06;3.3;3.3;-1.6622e-06;-1.95432e-06,-1.82133e-06;-2.08357e-06;3.3;3.3;-2.01805e-06;-2.04206e-06;3.3;3.3,RETRY_5NS;RETRY_5NS;RETRY_5NS;RETRY_5NS;RETRY_5NS;RETRY_5NS;RETRY_5NS;RETRY_5NS,8,8,11001100,204,51,1100110,7,204,50,204,INFERRED_AT_DAC_BRIDGE_OUTPUT,11001100,204,11001100,204,11001100,204,11001100,204,True,True
MC200_CMP_XM5_XM6_W8P2524_XM7_XM11_W16P8587_S055_LOW_W4,67,-3.15673e-06;-8.5749e-06;-3.08081e-06;-3.27011e-06;-8.2046e-06;-8.52759e-06;-3.10732e-06;-8.20464e-06,-3.21479e-06;-8.573e-06;-3.13578e-06;-3.32774e-06;-8.21279e-06;-8.51538e-06;-3.16324e-06;-8.21246e-06,3.3;-2.02183e-06;-1.65396e-06;-1.67109e-06;-1.93901e-06;3.3;3.3;-1.93528e-06,-1.79477e-06;3.3;3.3;3.3;3.3;-2.02629e-06;-1.68727e-06;3.3,RETRY_5NS;RETRY_5NS;RETRY_5NS;RETRY_5NS;RETRY_5NS;RETRY_5NS;RETRY_5NS;RETRY_5NS,8,8,10000110,134,121,1000011,7,134,120,134,INFERRED_AT_DAC_BRIDGE_OUTPUT,10000110,134,10000110,134,10000110,134,10000110,134,True,True
MC200_CMP_XM5_XM6_W8P2524_XM7_XM11_W16P8587_S056_LOW_W4,0,-3.11362e-06;-8.02432e-06;-3.21324e-06;-3.21016e-06;-8.37375e-06;-8.04413e-06;-3.19683e-06;-8.63553e-06,-3.0771e-06;-8.01503e-06;-3.1762e-06;-3.17406e-06;-8.36447e-06;-8.0383e-06;-3.16052e-06;-8.62617e-06,3.3;3.3;-1.72545e-06;3.3;3.3;3.3;3.3;3.3,-1.79126e-06;-2.04434e-06;3.3;-1.69893e-06;-2.00965e-06;-2.00894e-06;-1.68787e-06;-1.99896e-06,RETRY_5NS;RETRY_5NS;RETRY_5NS;RETRY_5NS;RETRY_5NS;RETRY_5NS;RETRY_5NS;RETRY_5NS,8,8,11011111,223,32,1101111,7,222,32,223,INFERRED_AT_DAC_BRIDGE_OUTPUT,11011111,223,11011111,223,11011111,223,11011111,223,True,True
MC200_CMP_XM5_XM6_W8P2524_XM7_XM11_W16P8587_S056_LOW_W4,1,-2.7244e-06;-7.76521e-06;-2.71634e-06;-2.69603e-06;-7.70071e-06;-7.69896e-06;-2.68615e-06;-7.73665e-06,-2.69337e-06;-7.73239e-06;-2.68561e-06;-2.6641e-06;-7.66974e-06;-7.66885e-06;-2.65554e-06;-7.70963e-06,3.3;3.3;3.3;-1.66712e-06;3.3;3.3;3.3;-1.97285e-06,-1.75496e-06;-1.98136e-06;-1.64713e-06;3.3;-1.94397e-06;-1.94053e-06;-1.63247e-06;3.3,RETRY_5NS;RETRY_5NS;RETRY_5NS;RETRY_5NS;RETRY_5NS;RETRY_5NS;RETRY_5NS;RETRY_5NS,8,8,11101110,238,17,1110111,7,238,16,238,INFERRED_AT_DAC_BRIDGE_OUTPUT,11101110,238,11101110,238,11101110,238,11101110,238,True,True
MC200_CMP_XM5_XM6_W8P2524_XM7_XM11_W16P8587_S056_LOW_W4,2,-3.17029e-06;-8.50443e-06;-3.48173e-06;-3.26564e-06;-8.45601e-06;-8.14048e-06;-3.2569e-06;-8.49368e-06,-3.13328e-06;-8.49766e-06;-3.44311e-06;-3.22697e-06;-8.45107e-06;-8.14232e-06;-3.21992e-06;-8.49325e-06,3.3;3.3;-1.74878e-06;-1.73321e-06;3.3;-2.04839e-06;3.3;-2.04335e-06,-1.79002e-06;-2.0457e-06;3.3;3.3;-2.01317e-06;3.3;-1.69438e-06;3.3,RETRY_5NS;RETRY_5NS;RETRY_5NS;RETRY_5NS;RETRY_5NS;RETRY_5NS;RETRY_5NS;RETRY_5NS,8,8,11001010,202,53,1100101,7,202,52,202,INFERRED_AT_DAC_BRIDGE_OUTPUT,11001010,202,11001010,202,11001010,202,11001010,202,True,True
MC200_CMP_XM5_XM6_W8P2524_XM7_XM11_W16P8587_S056_LOW_W4,3,-3.23031e-06;-8.62547e-06;-3.57294e-06;-3.35809e-06;-8.57206e-06;-8.57393e-06;-3.34757e-06;-8.6131e-06,-3.19217e-06;-8.63961e-06;-3.53315e-06;-3.31832e-06;-8.57789e-06;-8.57542e-06;-3.30847e-06;-8.61711e-06,3.3;-2.11137e-06;-1.75699e-06;-1.74476e-06;-2.0624e-06;3.3;-1.73705e-06;-2.05912e-06,-1.79284e-06;3.3;3.3;3.3;3.3;-2.01708e-06;3.3;3.3,RETRY_5NS;RETRY_5NS;RETRY_5NS;RETRY_5NS;RETRY_5NS;RETRY_5NS;RETRY_5NS;RETRY_5NS,8,8,10000100,132,123,1000010,7,132,122,132,INFERRED_AT_DAC_BRIDGE_OUTPUT,10000100,132,10000100,132,10000100,132,10000100,132,True,True
MC200_CMP_XM5_XM6_W8P2524_XM7_XM11_W16P8587_S056_LOW_W4,64,-3.23414e-06;-8.08505e-06;-3.124e-06;-3.32934e-06;-8.02056e-06;-9.62178e-06;-3.33379e-06;-8.21487e-06,-3.1963e-06;-8.08178e-06;-3.08796e-06;-3.29195e-06;-8.00647e-06;-9.60439e-06;-3.29818e-06;-8.20448e-06,3.3;3.3;-1.71609e-06;3.3;3.3;3.3;3.3;3.3,-1.8053e-06;-2.05982e-06;3.3;-1.71179e-06;-1.99883e-06;-2.0136e-06;-1.69056e-06;-1.97336e-06,RETRY_5NS;RETRY_5NS;RETRY_5NS;RETRY_5NS;RETRY_5NS;RETRY_5NS;RETRY_5NS;RETRY_5NS,8,8,11011111,223,32,1101111,7,222,32,223,INFERRED_AT_DAC_BRIDGE_OUTPUT,11011111,223,11011111,223,11011111,223,11011111,223,True,True
MC200_CMP_XM5_XM6_W8P2524_XM7_XM11_W16P8587_S056_LOW_W4,65,-2.86514e-06;-7.92305e-06;-2.6273e-06;-2.81562e-06;-7.5415e-06;-7.85826e-06;-2.6561e-06;-7.53745e-06,-2.8328e-06;-7.89508e-06;-2.59755e-06;-2.78239e-06;-7.50528e-06;-7.83352e-06;-2.62582e-06;-7.50342e-06,3.3;3.3;3.3;-1.68005e-06;3.3;3.3;3.3;-1.99218e-06,-1.76731e-06;-1.99646e-06;-1.63802e-06;3.3;-1.92964e-06;-1.95476e-06;-1.6295e-06;3.3,RETRY_5NS;RETRY_5NS;RETRY_5NS;RETRY_5NS;RETRY_5NS;RETRY_5NS;RETRY_5NS;RETRY_5NS,8,8,11101110,238,17,1110111,7,238,16,238,INFERRED_AT_DAC_BRIDGE_OUTPUT,11101110,238,11101110,238,11101110,238,11101110,238,True,True
MC200_CMP_XM5_XM6_W8P2524_XM7_XM11_W16P8587_S056_LOW_W4,66,-3.29084e-06;-8.66266e-06;-3.31145e-06;-3.38532e-06;-8.29664e-06;-8.36817e-06;-3.22685e-06;-8.29452e-06,-3.25249e-06;-8.66096e-06;-3.27423e-06;-3.3453e-06;-8.28647e-06;-8.37502e-06;-3.1902e-06;-8.28703e-06,3.3;3.3;-1.73626e-06;-1.74545e-06;3.3;-2.06327e-06;3.3;-2.02314e-06,-1.80327e-06;-2.06191e-06;3.3;3.3;-1.99765e-06;3.3;-1.69075e-06;3.3,RETRY_5NS;RETRY_5NS;RETRY_5NS;RETRY_5NS;RETRY_5NS;RETRY_5NS;RETRY_5NS;RETRY_5NS,8,8,11001010,202,53,1100101,7,202,52,202,INFERRED_AT_DAC_BRIDGE_OUTPUT,11001010,202,11001010,202,11001010,202,11001010,202,True,True
MC200_CMP_XM5_XM6_W8P2524_XM7_XM11_W16P8587_S056_LOW_W4,67,-3.35308e-06;-8.78224e-06;-3.48082e-06;-3.58001e-06;-8.4131e-06;-7.50468e-06;-3.31754e-06;-8.41397e-06,-3.31359e-06;-8.80285e-06;-3.43991e-06;-3.53814e-06;-8.41299e-06;-7.52377e-06;-3.27877e-06;-8.41082e-06,3.3;-2.12717e-06;-1.74763e-06;-1.76143e-06;-2.04683e-06;3.3;-1.73164e-06;-2.03694e-06,-1.80568e-06;3.3;3.3;3.3;3.3;-2.04205e-06;3.3;3.3,RETRY_5NS;RETRY_5NS;RETRY_5NS;RETRY_5NS;RETRY_5NS;RETRY_5NS;RETRY_5NS;RETRY_5NS,8,8,10000100,132,123,1000010,7,132,122,132,INFERRED_AT_DAC_BRIDGE_OUTPUT,10000100,132,10000100,132,10000100,132,10000100,132,True,True
MC200_CMP_XM5_XM6_W8P2524_XM7_XM11_W16P8587_S057_LOW_W4,0,-3.0668e-06;-8.36002e-06;-3.16098e-06;-3.15877e-06;-8.3078e-06;-8.30623e-06;-3.22615e-06;-8.34321e-06,-3.02111e-06;-8.3523e-06;-3.11576e-06;-3.11378e-06;-8.30252e-06;-8.30245e-06;-3.18114e-06;-8.34285e-06,3.3;3.3;-1.72012e-06;3.3;3.3;3.3;3.3;3.3,-1.71112e-06;-1.95079e-06;3.3;-1.62198e-06;-1.91817e-06;-1.9135e-06;-1.61073e-06;-1.90647e-06,RETRY_5NS;RETRY_5NS;RETRY_5NS;RETRY_5NS;RETRY_5NS;RETRY_5NS;RETRY_5NS;RETRY_5NS,8,8,11011111,223,32,1101111,7,222,32,223,INFERRED_AT_DAC_BRIDGE_OUTPUT,11011111,223,11011111,223,11011111,223,11011111,223,True,True
MC200_CMP_XM5_XM6_W8P2524_XM7_XM11_W16P8587_S057_LOW_W4,1,-3.1082e-06;-8.40157e-06;-3.19832e-06;-3.1835e-06;-8.34619e-06;-8.34448e-06;-3.17702e-06;-8.38158e-06,-3.06249e-06;-8.39472e-06;-3.1531e-06;-3.1372e-06;-8.3425e-06;-8.34253e-06;-3.13132e-06;-8.38316e-06,3.3;3.3;3.3;-1.71761e-06;3.3;3.3;3.3;-2.03739e-06,-1.72879e-06;-1.95799e-06;-1.62864e-06;3.3;-1.91942e-06;-1.91656e-06;-1.60646e-06;3.3,RETRY_5NS;RETRY_5NS;RETRY_5NS;RETRY_5NS;RETRY_5NS;RETRY_5NS;RETRY_5NS;RETRY_5NS,8,8,11101110,238,17,1110111,7,238,16,238,INFERRED_AT_DAC_BRIDGE_OUTPUT,11101110,238,11101110,238,11101110,238,11101110,238,True,True
MC200_CMP_XM5_XM6_W8P2524_XM7_XM11_W16P8587_S057_LOW_W4,2,-3.15566e-06;-8.46851e-06;-3.26267e-06;-3.2461e-06;-8.42215e-06;-9.82358e-06;-3.23862e-06;-8.45925e-06,-3.10961e-06;-8.46706e-06;-3.21566e-06;-3.19879e-06;-8.42256e-06;-9.8125e-06;-3.19263e-06;-8.46337e-06,3.3;3.3;-1.73739e-06;-1.72943e-06;3.3;-2.0406e-06;3.3;-2.04088e-06,-1.71204e-06;-1.95841e-06;3.3;3.3;-1.9251e-06;3.3;-1.61974e-06;3.3,RETRY_5NS;RETRY_5NS;RETRY_5NS;RETRY_5NS;RETRY_5NS;RETRY_5NS;RETRY_5NS;RETRY_5NS,8,8,11001010,202,53,1100101,7,202,52,202,INFERRED_AT_DAC_BRIDGE_OUTPUT,11001010,202,11001010,202,11001010,202,11001010,202,True,True
MC200_CMP_XM5_XM6_W8P2524_XM7_XM11_W16P8587_S057_LOW_W4,3,-3.12591e-06;-8.47081e-06;-3.50111e-06;-3.24868e-06;-8.41896e-06;-8.4208e-06;-3.2388e-06;-8.45915e-06,-3.0797e-06;-8.4855e-06;-3.45541e-06;-3.20138e-06;-8.42531e-06;-8.42321e-06;-3.19212e-06;-8.46344e-06,3.3;-2.09735e-06;-1.74207e-06;-1.73091e-06;-2.04897e-06;3.3;-1.72409e-06;-2.04306e-06,-1.70151e-06;3.3;3.3;3.3;3.3;-1.91516e-06;3.3;3.3,RETRY_5NS;RETRY_5NS;RETRY_5NS;RETRY_5NS;RETRY_5NS;RETRY_5NS;RETRY_5NS;RETRY_5NS,8,8,10000100,132,123,1000010,7,132,122,132,INFERRED_AT_DAC_BRIDGE_OUTPUT,10000100,132,10000100,132,10000100,132,10000100,132,True,True
MC200_CMP_XM5_XM6_W8P2524_XM7_XM11_W16P8587_S057_LOW_W4,64,-3.19018e-06;-8.5138e-06;-3.06953e-06;-3.2808e-06;-8.15293e-06;-8.46112e-06;-2.92081e-06;-7.57906e-06,-3.14364e-06;-8.51101e-06;-3.02493e-06;-3.235e-06;-8.14243e-06;-8.46273e-06;-2.87535e-06;-7.57475e-06,3.3;3.3;-1.71061e-06;3.3;3.3;3.3;3.3;3.3,-1.72432e-06;-1.96584e-06;3.3;-1.63426e-06;-1.90322e-06;-1.92898e-06;-1.60147e-06;-1.89651e-06,RETRY_5NS;RETRY_5NS;RETRY_5NS;RETRY_5NS;RETRY_5NS;RETRY_5NS;RETRY_5NS;RETRY_5NS,8,8,11011111,223,32,1101111,7,222,32,223,INFERRED_AT_DAC_BRIDGE_OUTPUT,11011111,223,11011111,223,11011111,223,11011111,223,True,True
MC200_CMP_XM5_XM6_W8P2524_XM7_XM11_W16P8587_S057_LOW_W4,65,-3.23066e-06;-8.55517e-06;-3.10728e-06;-3.306e-06;-8.19124e-06;-8.49944e-06;-3.14625e-06;-8.18794e-06,-3.1841e-06;-8.55319e-06;-3.06265e-06;-3.25891e-06;-8.18236e-06;-8.50286e-06;-3.10083e-06;-8.18234e-06,3.3;3.3;3.3;-1.7315e-06;3.3;3.3;3.3;-2.05785e-06,-1.74224e-06;-1.97315e-06;-1.61928e-06;3.3;-1.90654e-06;-1.93139e-06;-1.60683e-06;3.3,RETRY_5NS;RETRY_5NS;RETRY_5NS;RETRY_5NS;RETRY_5NS;RETRY_5NS;RETRY_5NS;RETRY_5NS,8,8,11101110,238,17,1110111,7,238,16,238,INFERRED_AT_DAC_BRIDGE_OUTPUT,11101110,238,11101110,238,11101110,238,11101110,238,True,True
MC200_CMP_XM5_XM6_W8P2524_XM7_XM11_W16P8587_S057_LOW_W4,66,-3.27894e-06;-8.62239e-06;-3.17174e-06;-3.36867e-06;-8.26717e-06;-9.84744e-06;-3.20785e-06;-8.26544e-06,-3.23204e-06;-8.62604e-06;-3.12535e-06;-3.32053e-06;-8.26233e-06;-9.84392e-06;-3.16208e-06;-8.26264e-06,3.3;3.3;-1.72754e-06;-1.74238e-06;3.3;-2.05246e-06;3.3;-2.02578e-06,-1.72524e-06;-1.97232e-06;3.3;3.3;-1.91035e-06;3.3;-1.6167e-06;3.3,RETRY_5NS;RETRY_5NS;RETRY_5NS;RETRY_5NS;RETRY_5NS;RETRY_5NS;RETRY_5NS;RETRY_5NS,8,8,11001010,202,53,1100101,7,202,52,202,INFERRED_AT_DAC_BRIDGE_OUTPUT,11001010,202,11001010,202,11001010,202,11001010,202,True,True
MC200_CMP_XM5_XM6_W8P2524_XM7_XM11_W16P8587_S057_LOW_W4,67,-3.2515e-06;-8.62338e-06;-3.38345e-06;-3.37084e-06;-8.26436e-06;-8.5757e-06;-3.20804e-06;-8.2655e-06,-3.20444e-06;-8.64457e-06;-3.33815e-06;-3.32269e-06;-8.26482e-06;-8.58366e-06;-3.16156e-06;-8.26263e-06,3.3;-2.11344e-06;-1.73266e-06;-1.743e-06;-2.0312e-06;3.3;-1.72082e-06;-2.02517e-06,-1.71472e-06;3.3;3.3;3.3;3.3;-1.93191e-06;3.3;3.3,RETRY_5NS;RETRY_5NS;RETRY_5NS;RETRY_5NS;RETRY_5NS;RETRY_5NS;RETRY_5NS;RETRY_5NS,8,8,10000100,132,123,1000010,7,132,122,132,INFERRED_AT_DAC_BRIDGE_OUTPUT,10000100,132,10000100,132,10000100,132,10000100,132,True,True
MC200_CMP_XM5_XM6_W8P2524_XM7_XM11_W16P8587_S058_LOW_W4,0,-3.03069e-06;-8.27223e-06;-3.13155e-06;-3.12925e-06;-8.21381e-06;-8.21346e-06;-3.11444e-06;-8.25152e-06,-2.97823e-06;-8.2691e-06;-3.07839e-06;-3.0753e-06;-8.22062e-06;-8.21885e-06;-3.06108e-06;-8.25742e-06,3.3;3.3;3.3;-1.70345e-06;-2.0144e-06;-2.01159e-06;-1.69312e-06;-2.00736e-06,-1.7599e-06;-2.00742e-06;-1.66456e-06;3.3;3.3;3.3;3.3;3.3,RETRY_5NS;RETRY_5NS;RETRY_5NS;RETRY_5NS;RETRY_5NS;RETRY_5NS;RETRY_5NS;RETRY_5NS,8,8,11100000,224,31,1110000,7,224,30,224,INFERRED_AT_DAC_BRIDGE_OUTPUT,11100000,224,11100000,224,11100000,224,11100000,224,True,True
MC200_CMP_XM5_XM6_W8P2524_XM7_XM11_W16P8587_S058_LOW_W4,1,-3.34609e-06;-8.65188e-06;-3.43985e-06;-3.42482e-06;-8.59778e-06;-8.59615e-06;-3.41831e-06;-7.49938e-06,-3.28918e-06;-8.67089e-06;-3.3829e-06;-3.36657e-06;-8.61928e-06;-8.61948e-06;-3.36115e-06;-7.54575e-06,3.3;3.3;3.3;-1.72362e-06;3.3;3.3;3.3;3.3,-1.81029e-06;-2.04987e-06;-1.70586e-06;3.3;-2.01151e-06;-2.00869e-06;-1.69225e-06;-2.01283e-06,RETRY_5NS;RETRY_5NS;RETRY_5NS;RETRY_5NS;RETRY_5NS;RETRY_5NS;RETRY_5NS;RETRY_5NS,8,8,11101111,239,16,1110111,7,238,16,239,INFERRED_AT_DAC_BRIDGE_OUTPUT,11101111,239,11101111,239,11101111,239,11101111,239,True,True
MC200_CMP_XM5_XM6_W8P2524_XM7_XM11_W16P8587_S058_LOW_W4,2,-3.35533e-06;-8.45336e-06;-3.29308e-06;-3.27457e-06;-8.40652e-06;-8.404e-06;-3.26656e-06;-8.44138e-06,-3.3016e-06;-8.46396e-06;-3.23688e-06;-3.21795e-06;-8.41773e-06;-8.41877e-06;-3.21095e-06;-8.45968e-06,3.3;3.3;-1.72534e-06;-1.71385e-06;3.3;3.3;-1.7114e-06;-2.02899e-06,-1.77629e-06;-2.02411e-06;3.3;3.3;-1.98942e-06;-1.97563e-06;3.3;3.3,RETRY_5NS;RETRY_5NS;RETRY_5NS;RETRY_5NS;RETRY_5NS;RETRY_5NS;RETRY_5NS;RETRY_5NS,8,8,11001100,204,51,1100110,7,204,50,204,INFERRED_AT_DAC_BRIDGE_OUTPUT,11001100,204,11001100,204,11001100,204,11001100,204,True,True
MC200_CMP_XM5_XM6_W8P2524_XM7_XM11_W16P8587_S058_LOW_W4,3,-3.05295e-06;-8.34451e-06;-3.20859e-06;-3.18656e-06;-8.2896e-06;-8.29114e-06;-3.29679e-06;-8.32819e-06,-2.99988e-06;-8.36316e-06;-3.15385e-06;-3.13143e-06;-8.2988e-06;-8.29708e-06;-3.24202e-06;-8.33761e-06,3.3;-2.06888e-06;-1.71371e-06;-1.70736e-06;-2.01792e-06;3.3;-1.6898e-06;3.3,-1.75189e-06;3.3;3.3;3.3;3.3;-1.97531e-06;3.3;-1.97664e-06,RETRY_5NS;RETRY_5NS;RETRY_5NS;RETRY_5NS;RETRY_5NS;RETRY_5NS;RETRY_5NS;RETRY_5NS,8,8,10000101,133,122,1000010,7,132,122,133,INFERRED_AT_DAC_BRIDGE_OUTPUT,10000101,133,10000101,133,10000101,133,10000101,133,True,True
MC200_CMP_XM5_XM6_W8P2524_XM7_XM11_W16P8587_S058_LOW_W4,64,-3.15284e-06;-8.42283e-06;-3.04113e-06;-3.24999e-06;-8.06241e-06;-8.36507e-06;-3.08403e-06;-8.06155e-06,-3.09853e-06;-8.42873e-06;-2.98933e-06;-3.19418e-06;-8.05904e-06;-8.38058e-06;-3.0311e-06;-8.05547e-06,3.3;3.3;3.3;-1.71642e-06;-1.99989e-06;-2.02749e-06;-1.69019e-06;-1.9889e-06,-1.77407e-06;-2.02284e-06;-1.65474e-06;3.3;3.3;3.3;3.3;3.3,RETRY_5NS;RETRY_5NS;RETRY_5NS;RETRY_5NS;RETRY_5NS;RETRY_5NS;RETRY_5NS;RETRY_5NS,8,8,11100000,224,31,1110000,7,224,30,224,INFERRED_AT_DAC_BRIDGE_OUTPUT,11100000,224,11100000,224,11100000,224,11100000,224,True,True
MC200_CMP_XM5_XM6_W8P2524_XM7_XM11_W16P8587_S058_LOW_W4,65,-3.46731e-06;-8.80223e-06;-3.34973e-06;-3.54599e-06;-8.44604e-06;-8.74819e-06;-3.38788e-06;-8.44209e-06,-3.40855e-06;-8.83023e-06;-3.29413e-06;-3.48594e-06;-8.45812e-06;-8.78082e-06;-3.33117e-06;-8.4589e-06,3.3;3.3;3.3;-1.7347e-06;3.3;3.3;3.3;3.3,-1.82436e-06;-2.06658e-06;-1.69576e-06;3.3;-1.99809e-06;-2.02424e-06;-1.68891e-06;-2.02619e-06,RETRY_5NS;RETRY_5NS;RETRY_5NS;RETRY_5NS;RETRY_5NS;RETRY_5NS;RETRY_5NS;RETRY_5NS,8,8,11101111,239,16,1110111,7,238,16,239,INFERRED_AT_DAC_BRIDGE_OUTPUT,11101111,239,11101111,239,11101111,239,11101111,239,True,True
MC200_CMP_XM5_XM6_W8P2524_XM7_XM11_W16P8587_S058_LOW_W4,66,-3.37781e-06;-7.9617e-06;-3.20319e-06;-3.39577e-06;-8.2546e-06;-8.55585e-06;-3.23615e-06;-8.25147e-06,-3.32199e-06;-7.94932e-06;-3.14839e-06;-3.33729e-06;-8.25646e-06;-8.58031e-06;-3.18097e-06;-8.2576e-06,3.3;3.3;-1.71554e-06;-1.72757e-06;3.3;3.3;-1.7078e-06;-2.01074e-06,-1.78594e-06;-2.04483e-06;3.3;3.3;-1.97622e-06;-1.99138e-06;3.3;3.3,RETRY_5NS;RETRY_5NS;RETRY_5NS;RETRY_5NS;RETRY_5NS;RETRY_5NS;RETRY_5NS;RETRY_5NS,8,8,11001100,204,51,1100110,7,204,50,204,INFERRED_AT_DAC_BRIDGE_OUTPUT,11001100,204,11001100,204,11001100,204,11001100,204,True,True
MC200_CMP_XM5_XM6_W8P2524_XM7_XM11_W16P8587_S058_LOW_W4,67,-3.17738e-06;-8.4939e-06;-3.11891e-06;-3.30755e-06;-8.13793e-06;-8.44313e-06;-3.14476e-06;-8.13827e-06,-3.12244e-06;-8.52319e-06;-3.06558e-06;-3.25054e-06;-8.13723e-06;-8.45856e-06;-3.09064e-06;-8.13554e-06,3.3;-2.08485e-06;-1.70365e-06;-1.721e-06;-2.00253e-06;3.3;-1.69096e-06;3.3,-1.76544e-06;3.3;3.3;3.3;3.3;-1.9911e-06;3.3;-1.95729e-06,RETRY_5NS;RETRY_5NS;RETRY_5NS;RETRY_5NS;RETRY_5NS;RETRY_5NS;RETRY_5NS;RETRY_5NS,8,8,10000101,133,122,1000010,7,132,122,133,INFERRED_AT_DAC_BRIDGE_OUTPUT,10000101,133,10000101,133,10000101,133,10000101,133,True,True
MC200_CMP_XM5_XM6_W8P2524_XM7_XM11_W16P8587_S059_LOW_W4,0,-3.06172e-06;-8.30766e-06;-3.15654e-06;-3.15434e-06;-8.25103e-06;-8.25094e-06;-3.33009e-06;-9.10123e-06,-3.02944e-06;-8.3108e-06;-3.12469e-06;-3.12133e-06;-8.26571e-06;-8.26415e-06;-3.29832e-06;-9.11133e-06,3.3;3.3;3.3;-1.79838e-06;-2.12791e-06;-2.12499e-06;-1.79591e-06;-2.11463e-06,-1.76521e-06;-2.01165e-06;-1.66724e-06;3.3;3.3;3.3;3.3;3.3,RETRY_5NS;RETRY_5NS;RETRY_5NS;RETRY_5NS;RETRY_5NS;RETRY_5NS;RETRY_5NS;RETRY_5NS,8,8,11100000,224,31,1110000,7,224,30,224,INFERRED_AT_DAC_BRIDGE_OUTPUT,11100000,224,11100000,224,11100000,224,11100000,224,True,True
MC200_CMP_XM5_XM6_W8P2524_XM7_XM11_W16P8587_S059_LOW_W4,1,-3.13393e-06;-8.38632e-06;-3.22525e-06;-3.20915e-06;-8.33179e-06;-8.3302e-06;-3.20261e-06;-8.3664e-06,-3.10183e-06;-8.39077e-06;-3.19361e-06;-3.17631e-06;-8.3394e-06;-8.33939e-06;-3.17078e-06;-8.37883e-06,3.3;3.3;3.3;-1.79227e-06;3.3;3.3;3.3;3.3,-1.7882e-06;-2.02339e-06;-1.68452e-06;3.3;-1.98589e-06;-1.98105e-06;-1.67039e-06;-1.98005e-06,RETRY_5NS;RETRY_5NS;RETRY_5NS;RETRY_5NS;RETRY_5NS;RETRY_5NS;RETRY_5NS;RETRY_5NS,8,8,11101111,239,16,1110111,7,238,16,239,INFERRED_AT_DAC_BRIDGE_OUTPUT,11101111,239,11101111,239,11101111,239,11101111,239,True,True
MC200_CMP_XM5_XM6_W8P2524_XM7_XM11_W16P8587_S059_LOW_W4,2,-2.50457e-06;-7.94021e-06;-2.54927e-06;-2.59957e-06;-7.56993e-06;-7.56785e-06;-2.58979e-06;-7.60454e-06,-2.47322e-06;-7.92877e-06;-2.51622e-06;-2.56664e-06;-7.56041e-06;-7.55999e-06;-2.55751e-06;-7.59884e-06,3.3;3.3;-1.7387e-06;-1.73195e-06;3.3;3.3;-1.72788e-06;-2.05107e-06,-1.69847e-06;-1.93199e-06;3.3;3.3;-1.90825e-06;-1.89681e-06;3.3;3.3,RETRY_5NS;RETRY_5NS;RETRY_5NS;RETRY_5NS;RETRY_5NS;RETRY_5NS;RETRY_5NS;RETRY_5NS,8,8,11001100,204,51,1100110,7,204,50,204,INFERRED_AT_DAC_BRIDGE_OUTPUT,11001100,204,11001100,204,11001100,204,11001100,204,True,True
MC200_CMP_XM5_XM6_W8P2524_XM7_XM11_W16P8587_S059_LOW_W4,3,-3.24482e-06;-8.56615e-06;-3.38315e-06;-3.56642e-06;-8.51663e-06;-8.519e-06;-3.38987e-06;-8.55548e-06,-3.2124e-06;-8.59499e-06;-3.35012e-06;-3.53403e-06;-8.53679e-06;-8.53481e-06;-3.35762e-06;-8.57504e-06,3.3;-2.20207e-06;-1.82686e-06;-1.82948e-06;-2.1512e-06;3.3;3.3;-2.153e-06,-1.77216e-06;3.3;3.3;3.3;3.3;-1.99675e-06;-1.67656e-06;3.3,RETRY_5NS;RETRY_5NS;RETRY_5NS;RETRY_5NS;RETRY_5NS;RETRY_5NS;RETRY_5NS;RETRY_5NS,8,8,10000110,134,121,1000011,7,134,120,134,INFERRED_AT_DAC_BRIDGE_OUTPUT,10000110,134,10000110,134,10000110,134,10000110,134,True,True
MC200_CMP_XM5_XM6_W8P2524_XM7_XM11_W16P8587_S059_LOW_W4,64,-3.18471e-06;-8.45863e-06;-3.22856e-06;-3.42412e-06;-8.0994e-06;-8.40279e-06;-3.30513e-06;-8.50827e-06,-3.1523e-06;-8.46509e-06;-3.19785e-06;-3.39192e-06;-8.1096e-06;-8.42033e-06;-3.27343e-06;-8.51392e-06,3.3;3.3;3.3;-1.81836e-06;-2.11181e-06;-2.1411e-06;-1.79355e-06;-2.09544e-06,-1.77989e-06;-2.02727e-06;-1.66398e-06;3.3;3.3;3.3;3.3;3.3,RETRY_5NS;RETRY_5NS;RETRY_5NS;RETRY_5NS;RETRY_5NS;RETRY_5NS;RETRY_5NS;RETRY_5NS,8,8,11100000,224,31,1110000,7,224,30,224,INFERRED_AT_DAC_BRIDGE_OUTPUT,11100000,224,11100000,224,11100000,224,11100000,224,True,True
MC200_CMP_XM5_XM6_W8P2524_XM7_XM11_W16P8587_S059_LOW_W4,65,-3.25615e-06;-8.53703e-06;-3.13378e-06;-3.33128e-06;-8.17971e-06;-8.4823e-06;-3.09849e-06;-8.1763e-06,-3.22391e-06;-8.54476e-06;-3.10221e-06;-3.29832e-06;-8.18371e-06;-8.49527e-06;-3.06683e-06;-8.18357e-06,3.3;3.3;3.3;-1.80796e-06;3.3;3.3;3.3;3.3,-1.80236e-06;-2.03887e-06;-1.67496e-06;3.3;-1.97122e-06;-1.99724e-06;-1.66504e-06;-1.99959e-06,RETRY_5NS;RETRY_5NS;RETRY_5NS;RETRY_5NS;RETRY_5NS;RETRY_5NS;RETRY_5NS;RETRY_5NS,8,8,11101111,239,16,1110111,7,238,16,239,INFERRED_AT_DAC_BRIDGE_OUTPUT,11101111,239,11101111,239,11101111,239,11101111,239,True,True
MC200_CMP_XM5_XM6_W8P2524_XM7_XM11_W16P8587_S059_LOW_W4,66,-2.62775e-06;-8.18827e-06;-2.48729e-06;-2.72179e-06;-7.41788e-06;-7.71989e-06;-2.55918e-06;-7.41433e-06,-2.59627e-06;-8.17944e-06;-2.45472e-06;-2.68872e-06;-7.40464e-06;-7.71605e-06;-2.52688e-06;-7.4036e-06,3.3;3.3;-1.72656e-06;-1.74695e-06;3.3;3.3;-1.72492e-06;-2.03087e-06,-1.71193e-06;-1.94753e-06;3.3;3.3;-1.89308e-06;-1.91051e-06;3.3;3.3,RETRY_5NS;RETRY_5NS;RETRY_5NS;RETRY_5NS;RETRY_5NS;RETRY_5NS;RETRY_5NS;RETRY_5NS,8,8,11001100,204,51,1100110,7,204,50,204,INFERRED_AT_DAC_BRIDGE_OUTPUT,11001100,204,11001100,204,11001100,204,11001100,204,True,True
MC200_CMP_XM5_XM6_W8P2524_XM7_XM11_W16P8587_S059_LOW_W4,67,-3.37e-06;-8.71585e-06;-3.2927e-06;-3.69535e-06;-8.36481e-06;-8.67108e-06;-3.3256e-06;-8.36648e-06,-3.33744e-06;-8.7496e-06;-3.25978e-06;-3.66265e-06;-8.38062e-06;-8.6908e-06;-3.29264e-06;-8.3788e-06,3.3;-2.21895e-06;-1.81557e-06;-1.84424e-06;-2.13528e-06;3.3;-1.80376e-06;3.3,-1.78604e-06;3.3;3.3;3.3;3.3;-2.01352e-06;3.3;-1.98091e-06,RETRY_5NS;RETRY_5NS;RETRY_5NS;RETRY_5NS;RETRY_5NS;RETRY_5NS;RETRY_5NS;RETRY_5NS,8,8,10000101,133,122,1000010,7,132,122,133,INFERRED_AT_DAC_BRIDGE_OUTPUT,10000101,133,10000101,133,10000101,133,10000101,133,True,True
MC200_CMP_XM5_XM6_W8P2524_XM7_XM11_W16P8587_S060_LOW_W4,0,-3.02556e-06;-8.36997e-06;-3.11056e-06;-3.10914e-06;-8.31547e-06;-8.31574e-06;-3.09941e-06;-8.35561e-06,-2.98782e-06;-8.36276e-06;-3.07286e-06;-3.07004e-06;-8.31996e-06;-8.31856e-06;-3.06076e-06;-8.35735e-06,3.3;3.3;3.3;-1.63379e-06;-1.93404e-06;-1.93043e-06;-1.62422e-06;-1.92081e-06,-1.7408e-06;-1.98738e-06;-1.64656e-06;3.3;3.3;3.3;3.3;3.3,RETRY_5NS;RETRY_5NS;RETRY_5NS;RETRY_5NS;RETRY_5NS;RETRY_5NS;RETRY_5NS;RETRY_5NS,8,8,11100000,224,31,1110000,7,224,30,224,INFERRED_AT_DAC_BRIDGE_OUTPUT,11100000,224,11100000,224,11100000,224,11100000,224,True,True
MC200_CMP_XM5_XM6_W8P2524_XM7_XM11_W16P8587_S060_LOW_W4,1,-3.09825e-06;-8.44988e-06;-3.17942e-06;-3.16696e-06;-8.39307e-06;-8.39342e-06;-3.16293e-06;-8.43311e-06,-3.05987e-06;-8.44531e-06;-3.14117e-06;-3.12841e-06;-8.40154e-06;-8.40016e-06;-3.12377e-06;-8.43918e-06,3.3;3.3;3.3;3.3;-1.94218e-06;-1.93885e-06;-1.63249e-06;-1.93644e-06,-1.76355e-06;-1.99956e-06;-1.66076e-06;-1.64151e-06;3.3;3.3;3.3;3.3,RETRY_5NS;RETRY_5NS;RETRY_5NS;RETRY_5NS;RETRY_5NS;RETRY_5NS;RETRY_5NS;RETRY_5NS,8,8,11110000,240,15,1111000,7,240,14,240,INFERRED_AT_DAC_BRIDGE_OUTPUT,11110000,240,11110000,240,11110000,240,11110000,240,True,True
MC200_CMP_XM5_XM6_W8P2524_XM7_XM11_W16P8587_S060_LOW_W4,2,-2.99098e-06;-8.32527e-06;-3.08767e-06;-3.19576e-06;-8.28004e-06;-8.27831e-06;-3.0677e-06;-8.31642e-06,-2.95393e-06;-8.31881e-06;-3.04901e-06;-3.15718e-06;-8.27488e-06;-8.27564e-06;-3.02944e-06;-8.31705e-06,3.3;3.3;-1.63372e-06;-1.6252e-06;3.3;3.3;-1.62053e-06;-1.9197e-06,-1.73145e-06;-1.9811e-06;3.3;3.3;-1.94906e-06;-1.93985e-06;3.3;3.3,RETRY_5NS;RETRY_5NS;RETRY_5NS;RETRY_5NS;RETRY_5NS;RETRY_5NS;RETRY_5NS;RETRY_5NS,8,8,11001100,204,51,1100110,7,204,50,196,INFERRED_AT_DAC_BRIDGE_OUTPUT,11000100,196,11000100,196,11000100,196,11000100,196,True,True
MC200_CMP_XM5_XM6_W8P2524_XM7_XM11_W16P8587_S060_LOW_W4,3,-2.36221e-06;-7.59678e-06;-2.49695e-06;-2.47527e-06;-7.53822e-06;-7.79915e-06;-2.46373e-06;-7.57647e-06,-2.3331e-06;-7.56953e-06;-2.46603e-06;-2.4442e-06;-7.50553e-06;-7.76021e-06;-2.43436e-06;-7.54532e-06,3.3;-1.90165e-06;-1.5778e-06;-1.57097e-06;-1.85469e-06;3.3;3.3;-1.85294e-06,-1.66276e-06;3.3;3.3;3.3;3.3;-1.86875e-06;-1.57479e-06;3.3,RETRY_5NS;RETRY_5NS;RETRY_5NS;RETRY_5NS;RETRY_5NS;RETRY_5NS;RETRY_5NS;RETRY_5NS,8,8,10000110,134,121,1000011,7,134,120,134,INFERRED_AT_DAC_BRIDGE_OUTPUT,10000110,134,10000110,134,10000110,134,10000110,134,True,True
MC200_CMP_XM5_XM6_W8P2524_XM7_XM11_W16P8587_S060_LOW_W4,64,-3.15275e-06;-8.52476e-06;-3.01601e-06;-3.23542e-06;-8.16019e-06;-8.47121e-06;-3.06764e-06;-8.16061e-06,-3.11333e-06;-8.52359e-06;-2.97955e-06;-3.19469e-06;-8.15741e-06;-8.48113e-06;-3.02941e-06;-8.15462e-06,3.3;3.3;3.3;-1.64476e-06;-1.9187e-06;-1.94549e-06;-1.61881e-06;-1.9072e-06,-1.75543e-06;-2.00293e-06;-1.63635e-06;3.3;3.3;3.3;3.3;3.3,RETRY_5NS;RETRY_5NS;RETRY_5NS;RETRY_5NS;RETRY_5NS;RETRY_5NS;RETRY_5NS;RETRY_5NS,8,8,11100000,224,31,1110000,7,224,30,224,INFERRED_AT_DAC_BRIDGE_OUTPUT,11100000,224,11100000,224,11100000,224,11100000,224,True,True
MC200_CMP_XM5_XM6_W8P2524_XM7_XM11_W16P8587_S060_LOW_W4,65,-3.22458e-06;-8.60438e-06;-3.08516e-06;-3.29353e-06;-8.23779e-06;-8.54885e-06;-3.13112e-06;-8.2384e-06,-3.18452e-06;-8.60582e-06;-3.04815e-06;-3.25333e-06;-8.23892e-06;-8.56269e-06;-3.0924e-06;-8.23611e-06,3.3;3.3;3.3;3.3;-1.92512e-06;-1.95395e-06;-1.62816e-06;-1.95631e-06,-1.7773e-06;-2.01557e-06;-1.65184e-06;-1.65736e-06;3.3;3.3;3.3;3.3,RETRY_5NS;RETRY_5NS;RETRY_5NS;RETRY_5NS;RETRY_5NS;RETRY_5NS;RETRY_5NS;RETRY_5NS,8,8,11110000,240,15,1111000,7,240,14,240,INFERRED_AT_DAC_BRIDGE_OUTPUT,11110000,240,11110000,240,11110000,240,11110000,240,True,True
MC200_CMP_XM5_XM6_W8P2524_XM7_XM11_W16P8587_S060_LOW_W4,66,-3.11817e-06;-8.48002e-06;-2.9935e-06;-3.35984e-06;-8.12426e-06;-8.43393e-06;-3.03592e-06;-8.12235e-06,-3.07945e-06;-8.47981e-06;-2.95606e-06;-3.32089e-06;-8.11275e-06;-8.43808e-06;-2.99808e-06;-8.11323e-06,3.3;3.3;-1.62522e-06;-1.64405e-06;3.3;3.3;-1.61645e-06;-1.89639e-06,-1.74488e-06;-1.99642e-06;3.3;3.3;-1.93389e-06;-1.95596e-06;3.3;3.3,RETRY_5NS;RETRY_5NS;RETRY_5NS;RETRY_5NS;RETRY_5NS;RETRY_5NS;RETRY_5NS;RETRY_5NS,8,8,11001100,204,51,1100110,7,204,50,204,INFERRED_AT_DAC_BRIDGE_OUTPUT,11001100,204,11001100,204,11001100,204,11001100,204,True,True
MC200_CMP_XM5_XM6_W8P2524_XM7_XM11_W16P8587_S060_LOW_W4,67,-2.46449e-06;-7.75033e-06;-2.40288e-06;-2.60174e-06;-7.38284e-06;-8.03131e-06;-2.43197e-06;-7.38177e-06,-2.43349e-06;-7.7307e-06;-2.37318e-06;-2.56903e-06;-7.34339e-06;-7.99702e-06;-2.40301e-06;-7.34221e-06,3.3;-1.91513e-06;-1.56909e-06;-1.58426e-06;-1.84156e-06;3.3;3.3;-1.83567e-06,-1.67293e-06;3.3;3.3;3.3;3.3;-1.88327e-06;-1.57145e-06;3.3,RETRY_5NS;RETRY_5NS;RETRY_5NS;RETRY_5NS;RETRY_5NS;RETRY_5NS;RETRY_5NS;RETRY_5NS,8,8,10000110,134,121,1000011,7,134,120,134,INFERRED_AT_DAC_BRIDGE_OUTPUT,10000110,134,10000110,134,10000110,134,10000110,134,True,True
MC200_CMP_XM5_XM6_W8P2524_XM7_XM11_W16P8587_S061_LOW_W4,0,-3.15654e-06;-8.45188e-06;-3.25621e-06;-3.25422e-06;-8.3932e-06;-8.39309e-06;-3.2402e-06;-8.43241e-06,-3.10616e-06;-8.47822e-06;-3.20535e-06;-3.20276e-06;-8.43066e-06;-8.42893e-06;-3.18919e-06;-8.46839e-06,3.3;3.3;3.3;-1.68847e-06;-2.00119e-06;-1.99705e-06;-1.67956e-06;-1.99498e-06,-1.73878e-06;-1.98355e-06;-1.64029e-06;3.3;3.3;3.3;3.3;3.3,RETRY_5NS;RETRY_5NS;RETRY_5NS;RETRY_5NS;RETRY_5NS;RETRY_5NS;RETRY_5NS;RETRY_5NS,8,8,11100000,224,31,1110000,7,224,30,224,INFERRED_AT_DAC_BRIDGE_OUTPUT,11100000,224,11100000,224,11100000,224,11100000,224,True,True
MC200_CMP_XM5_XM6_W8P2524_XM7_XM11_W16P8587_S061_LOW_W4,1,-3.31815e-06;-8.64784e-06;-3.62382e-06;-3.39696e-06;-8.28709e-06;-9.22582e-06;-3.39033e-06;-7.75693e-06,-3.26635e-06;-8.68495e-06;-3.57281e-06;-3.34408e-06;-8.32777e-06;-9.25812e-06;-3.33841e-06;-7.81689e-06,3.3;3.3;3.3;-1.69646e-06;3.3;3.3;3.3;3.3,-1.77132e-06;-2.00674e-06;-1.67549e-06;3.3;-1.97091e-06;-1.96065e-06;-1.65365e-06;-1.96569e-06,RETRY_5NS;RETRY_5NS;RETRY_5NS;RETRY_5NS;RETRY_5NS;RETRY_5NS;RETRY_5NS;RETRY_5NS,8,8,11101111,239,16,1110111,7,238,16,239,INFERRED_AT_DAC_BRIDGE_OUTPUT,11101111,239,11101111,239,11101111,239,11101111,239,True,True
MC200_CMP_XM5_XM6_W8P2524_XM7_XM11_W16P8587_S061_LOW_W4,2,-2.51883e-06;-7.63418e-06;-2.64456e-06;-2.61918e-06;-7.5803e-06;-7.57756e-06;-2.60766e-06;-7.61695e-06,-2.47566e-06;-7.61501e-06;-2.60014e-06;-2.57407e-06;-7.56065e-06;-7.56051e-06;-2.56426e-06;-7.60015e-06,3.3;3.3;-1.62801e-06;-1.62026e-06;3.3;-1.89601e-06;3.3;3.3,-1.66351e-06;-1.90188e-06;3.3;3.3;-1.8703e-06;3.3;-1.57435e-06;-1.86677e-06,RETRY_5NS;RETRY_5NS;RETRY_5NS;RETRY_5NS;RETRY_5NS;RETRY_5NS;RETRY_5NS;RETRY_5NS,8,8,11001011,203,52,1100101,7,202,52,203,INFERRED_AT_DAC_BRIDGE_OUTPUT,11001011,203,11001011,203,11001011,203,11001011,203,True,True
MC200_CMP_XM5_XM6_W8P2524_XM7_XM11_W16P8587_S061_LOW_W4,3,-3.11919e-06;-8.4481e-06;-3.2724e-06;-3.25114e-06;-7.61433e-06;-8.39516e-06;-3.24016e-06;-8.43326e-06,-3.06907e-06;-8.49271e-06;-3.22109e-06;-3.19942e-06;-7.65885e-06;-8.42632e-06;-3.18888e-06;-8.46764e-06,3.3;-2.04618e-06;-1.69399e-06;-1.6885e-06;-2.00502e-06;3.3;-1.6783e-06;3.3,-1.72213e-06;3.3;3.3;3.3;3.3;-1.94373e-06;3.3;-1.94227e-06,RETRY_5NS;RETRY_5NS;RETRY_5NS;RETRY_5NS;RETRY_5NS;RETRY_5NS;RETRY_5NS;RETRY_5NS,8,8,10000101,133,122,1000010,7,132,122,133,INFERRED_AT_DAC_BRIDGE_OUTPUT,10000101,133,10000101,133,10000101,133,10000101,133,True,True
MC200_CMP_XM5_XM6_W8P2524_XM7_XM11_W16P8587_S061_LOW_W4,64,-3.27749e-06;-8.60618e-06;-3.1668e-06;-3.37342e-06;-8.23817e-06;-8.54832e-06;-3.21015e-06;-7.76753e-06,-3.22582e-06;-8.64147e-06;-3.11691e-06;-3.32064e-06;-8.26551e-06;-8.59424e-06;-3.15941e-06;-7.79798e-06,3.3;3.3;3.3;-1.70291e-06;-1.98572e-06;-2.0138e-06;-1.67822e-06;-1.98252e-06,-1.75284e-06;-1.99926e-06;-1.63234e-06;3.3;3.3;3.3;3.3;3.3,RETRY_5NS;RETRY_5NS;RETRY_5NS;RETRY_5NS;RETRY_5NS;RETRY_5NS;RETRY_5NS;RETRY_5NS,8,8,11100000,224,31,1110000,7,224,30,224,INFERRED_AT_DAC_BRIDGE_OUTPUT,11100000,224,11100000,224,11100000,224,11100000,224,True,True
MC200_CMP_XM5_XM6_W8P2524_XM7_XM11_W16P8587_S061_LOW_W4,65,-3.43784e-06;-8.80178e-06;-3.406e-06;-3.51682e-06;-8.95614e-06;-9.86736e-06;-3.36023e-06;-7.86931e-06,-3.38474e-06;-8.8478e-06;-3.35341e-06;-3.46266e-06;-8.97912e-06;-9.90114e-06;-3.30864e-06;-7.87259e-06,3.3;3.3;3.3;-1.70877e-06;3.3;3.3;3.3;3.3,-1.78454e-06;-2.02392e-06;-1.66031e-06;3.3;-1.94877e-06;-1.97501e-06;-1.65057e-06;-1.9853e-06,RETRY_5NS;RETRY_5NS;RETRY_5NS;RETRY_5NS;RETRY_5NS;RETRY_5NS;RETRY_5NS;RETRY_5NS,8,8,11101111,239,16,1110111,7,238,16,239,INFERRED_AT_DAC_BRIDGE_OUTPUT,11101111,239,11101111,239,11101111,239,11101111,239,True,True
MC200_CMP_XM5_XM6_W8P2524_XM7_XM11_W16P8587_S061_LOW_W4,66,-2.63948e-06;-7.78847e-06;-2.55545e-06;-2.73904e-06;-7.42476e-06;-7.92458e-06;-2.57758e-06;-7.4225e-06,-2.59501e-06;-7.77846e-06;-2.51201e-06;-2.69262e-06;-7.3958e-06;-7.91493e-06;-2.53452e-06;-7.3936e-06,3.3;3.3;-1.61883e-06;-1.63247e-06;3.3;-1.92875e-06;3.3;3.3,-1.67628e-06;-1.91445e-06;3.3;3.3;-1.85493e-06;3.3;-1.57203e-06;-1.8495e-06,RETRY_5NS;RETRY_5NS;RETRY_5NS;RETRY_5NS;RETRY_5NS;RETRY_5NS;RETRY_5NS;RETRY_5NS,8,8,11001011,203,52,1100101,7,202,52,203,INFERRED_AT_DAC_BRIDGE_OUTPUT,11001011,203,11001011,203,11001011,203,11001011,203,True,True
MC200_CMP_XM5_XM6_W8P2524_XM7_XM11_W16P8587_S061_LOW_W4,67,-3.2423e-06;-8.60114e-06;-3.18378e-06;-3.37085e-06;-8.74664e-06;-8.55042e-06;-3.21004e-06;-8.23897e-06,-3.19085e-06;-8.6563e-06;-3.13346e-06;-3.31781e-06;-8.76468e-06;-8.59144e-06;-3.1591e-06;-8.26103e-06,3.3;-2.06284e-06;-1.68454e-06;-1.70225e-06;-1.97734e-06;3.3;-1.67328e-06;3.3,-1.73561e-06;3.3;3.3;3.3;3.3;-1.95788e-06;3.3;-1.9257e-06,RETRY_5NS;RETRY_5NS;RETRY_5NS;RETRY_5NS;RETRY_5NS;RETRY_5NS;RETRY_5NS;RETRY_5NS,8,8,10000101,133,122,1000010,7,132,122,133,INFERRED_AT_DAC_BRIDGE_OUTPUT,10000101,133,10000101,133,10000101,133,10000101,133,True,True
MC200_CMP_XM5_XM6_W8P2524_XM7_XM11_W16P8587_S062_LOW_W4,0,-3.08097e-06;-7.71906e-06;-3.18455e-06;-3.18179e-06;-8.22384e-06;-8.22367e-06;-3.16611e-06;-8.26034e-06,-3.02817e-06;-7.71054e-06;-3.13135e-06;-3.12717e-06;-8.21551e-06;-8.21313e-06;-3.11239e-06;-8.25006e-06,3.3;3.3;3.3;-1.67027e-06;-1.97527e-06;-1.97068e-06;-1.65564e-06;3.3,-1.76595e-06;-2.02106e-06;-1.67159e-06;3.3;3.3;3.3;3.3;-1.97278e-06,RETRY_5NS;RETRY_5NS;RETRY_5NS;RETRY_5NS;RETRY_5NS;RETRY_5NS;RETRY_5NS;RETRY_5NS,8,8,11100001,225,30,1110000,7,224,30,225,INFERRED_AT_DAC_BRIDGE_OUTPUT,11100001,225,11100001,225,11100001,225,11100001,225,True,True
MC200_CMP_XM5_XM6_W8P2524_XM7_XM11_W16P8587_S062_LOW_W4,1,-2.69976e-06;-7.81838e-06;-2.80356e-06;-2.77971e-06;-7.75236e-06;-7.75124e-06;-2.79086e-06;-7.78693e-06,-2.65458e-06;-7.77073e-06;-2.75779e-06;-2.73363e-06;-7.71127e-06;-7.70912e-06;-2.74417e-06;-7.74569e-06,3.3;3.3;3.3;3.3;-1.92655e-06;-1.92222e-06;-1.62194e-06;-1.91779e-06,-1.73574e-06;-1.96878e-06;-1.63648e-06;-1.62282e-06;3.3;3.3;3.3;3.3,RETRY_5NS;RETRY_5NS;RETRY_5NS;RETRY_5NS;RETRY_5NS;RETRY_5NS;RETRY_5NS;RETRY_5NS,8,8,11110000,240,15,1111000,7,240,14,240,INFERRED_AT_DAC_BRIDGE_OUTPUT,11110000,240,11110000,240,11110000,240,11110000,240,True,True
MC200_CMP_XM5_XM6_W8P2524_XM7_XM11_W16P8587_S062_LOW_W4,2,-3.16872e-06;-8.38307e-06;-3.28666e-06;-3.2664e-06;-8.33622e-06;-8.33401e-06;-3.25786e-06;-8.36945e-06,-3.11442e-06;-8.37359e-06;-3.23033e-06;-3.20994e-06;-8.32726e-06;-8.32762e-06;-3.2019e-06;-8.36667e-06,3.3;3.3;-1.68409e-06;-1.67296e-06;3.3;3.3;-1.66867e-06;3.3,-1.76738e-06;-2.02193e-06;3.3;3.3;-1.98908e-06;-1.98369e-06;3.3;-1.97772e-06,RETRY_5NS;RETRY_5NS;RETRY_5NS;RETRY_5NS;RETRY_5NS;RETRY_5NS;RETRY_5NS;RETRY_5NS,8,8,11001101,205,50,1100110,7,204,50,205,INFERRED_AT_DAC_BRIDGE_OUTPUT,11001101,205,11001101,205,11001101,205,11001101,205,True,True
MC200_CMP_XM5_XM6_W8P2524_XM7_XM11_W16P8587_S062_LOW_W4,3,-3.10087e-06;-8.3512e-06;-3.42911e-06;-3.23958e-06;-8.29655e-06;-8.18501e-06;-3.4285e-06;-8.33299e-06,-3.0472e-06;-8.35478e-06;-3.37389e-06;-3.18354e-06;-8.29017e-06;-8.17696e-06;-3.37407e-06;-8.32791e-06,3.3;-2.02505e-06;-1.68414e-06;-1.67465e-06;-1.97527e-06;3.3;3.3;-1.9701e-06,-1.75666e-06;3.3;3.3;3.3;3.3;-1.98346e-06;-1.67528e-06;3.3,RETRY_5NS;RETRY_5NS;RETRY_5NS;RETRY_5NS;RETRY_5NS;RETRY_5NS;RETRY_5NS;RETRY_5NS,8,8,10000110,134,121,1000011,7,134,120,134,INFERRED_AT_DAC_BRIDGE_OUTPUT,10000110,134,10000110,134,10000110,134,10000110,134,True,True
MC200_CMP_XM5_XM6_W8P2524_XM7_XM11_W16P8587_S062_LOW_W4,64,-3.20316e-06;-7.63127e-06;-3.09398e-06;-3.30286e-06;-8.07873e-06;-8.36907e-06;-3.15953e-06;-8.07829e-06,-3.14803e-06;-7.63599e-06;-3.04252e-06;-3.24587e-06;-8.0602e-06;-8.36828e-06;-3.10609e-06;-8.05597e-06,3.3;3.3;3.3;-1.68297e-06;-1.95929e-06;-1.98425e-06;-1.65658e-06;3.3,-1.77952e-06;-2.03684e-06;-1.66181e-06;3.3;3.3;3.3;3.3;-1.95335e-06,RETRY_5NS;RETRY_5NS;RETRY_5NS;RETRY_5NS;RETRY_5NS;RETRY_5NS;RETRY_5NS;RETRY_5NS,8,8,11100001,225,30,1110000,7,224,30,225,INFERRED_AT_DAC_BRIDGE_OUTPUT,11100001,225,11100001,225,11100001,225,11100001,225,True,True
MC200_CMP_XM5_XM6_W8P2524_XM7_XM11_W16P8587_S062_LOW_W4,65,-2.82125e-06;-7.96235e-06;-2.71433e-06;-2.90108e-06;-8.09818e-06;-7.89655e-06;-2.77013e-06;-7.60494e-06,-2.77374e-06;-7.92361e-06;-2.67025e-06;-2.85267e-06;-8.04673e-06;-7.86445e-06;-2.72399e-06;-7.55153e-06,3.3;3.3;3.3;3.3;-1.91334e-06;-1.9365e-06;-1.61981e-06;-1.93703e-06,-1.75089e-06;-1.98406e-06;-1.62797e-06;-1.63399e-06;3.3;3.3;3.3;3.3,RETRY_5NS;RETRY_5NS;RETRY_5NS;RETRY_5NS;RETRY_5NS;RETRY_5NS;RETRY_5NS;RETRY_5NS,8,8,11110000,240,15,1111000,7,240,14,240,INFERRED_AT_DAC_BRIDGE_OUTPUT,11110000,240,11110000,240,11110000,240,11110000,240,True,True
MC200_CMP_XM5_XM6_W8P2524_XM7_XM11_W16P8587_S062_LOW_W4,66,-3.29102e-06;-8.52855e-06;-3.19654e-06;-3.38777e-06;-8.19067e-06;-8.47946e-06;-3.22738e-06;-8.18744e-06,-3.23438e-06;-8.52808e-06;-3.14198e-06;-3.32899e-06;-8.17242e-06;-8.4828e-06;-3.17199e-06;-8.17254e-06,3.3;3.3;-1.67456e-06;-1.68618e-06;3.3;3.3;-1.66552e-06;3.3,-1.78139e-06;-2.03783e-06;3.3;3.3;-1.97431e-06;-1.99834e-06;3.3;-1.96062e-06,RETRY_5NS;RETRY_5NS;RETRY_5NS;RETRY_5NS;RETRY_5NS;RETRY_5NS;RETRY_5NS;RETRY_5NS,8,8,11001101,205,50,1100110,7,204,50,205,INFERRED_AT_DAC_BRIDGE_OUTPUT,11001101,205,11001101,205,11001101,205,11001101,205,True,True
MC200_CMP_XM5_XM6_W8P2524_XM7_XM11_W16P8587_S062_LOW_W4,67,-3.22561e-06;-8.49415e-06;-3.10746e-06;-3.36064e-06;-8.15116e-06;-9.71579e-06;-3.25957e-06;-8.15096e-06,-3.16957e-06;-8.50828e-06;-3.05333e-06;-3.30223e-06;-8.13506e-06;-9.68502e-06;-3.20558e-06;-8.13385e-06,3.3;-2.04136e-06;-1.66879e-06;-1.68596e-06;-1.95824e-06;3.3;3.3;-1.95454e-06,-1.77049e-06;3.3;3.3;3.3;3.3;-1.99151e-06;-1.66719e-06;3.3,RETRY_5NS;RETRY_5NS;RETRY_5NS;RETRY_5NS;RETRY_5NS;RETRY_5NS;RETRY_5NS;RETRY_5NS,8,8,10000110,134,121,1000011,7,134,120,134,INFERRED_AT_DAC_BRIDGE_OUTPUT,10000110,134,10000110,134,10000110,134,10000110,134,True,True
MC200_CMP_XM5_XM6_W8P2524_XM7_XM11_W16P8587_S063_LOW_W4,0,-3.04267e-06;-8.43306e-06;-3.13112e-06;-3.12893e-06;-8.37461e-06;-8.37517e-06;-3.11804e-06;-8.41721e-06,-3.16335e-06;-8.39285e-06;-3.254e-06;-3.25049e-06;-8.35377e-06;-8.35176e-06;-3.24038e-06;-8.38574e-06,3.3;3.3;3.3;-1.69169e-06;-2.00257e-06;-1.99732e-06;-1.67823e-06;3.3,-1.73476e-06;-1.97576e-06;-1.6396e-06;3.3;3.3;3.3;3.3;-1.93496e-06,RETRY_5NS;RETRY_5NS;RETRY_5NS;RETRY_5NS;RETRY_5NS;RETRY_5NS;RETRY_5NS;RETRY_5NS,8,8,11100001,225,30,1110000,7,224,30,225,INFERRED_AT_DAC_BRIDGE_OUTPUT,11100001,225,11100001,225,11100001,225,11100001,225,True,True
MC200_CMP_XM5_XM6_W8P2524_XM7_XM11_W16P8587_S063_LOW_W4,1,-3.20502e-06;-8.64045e-06;-3.28977e-06;-3.27596e-06;-8.58018e-06;-8.58058e-06;-3.2716e-06;-8.62317e-06,-3.33259e-06;-8.56964e-06;-3.41987e-06;-3.40549e-06;-8.53101e-06;-8.52964e-06;-3.39998e-06;-8.56293e-06,3.3;3.3;3.3;3.3;-2.02248e-06;-2.01757e-06;-1.69618e-06;-2.0093e-06,-1.76685e-06;-2.00006e-06;-1.66306e-06;-1.64935e-06;3.3;3.3;3.3;3.3,RETRY_5NS;RETRY_5NS;RETRY_5NS;RETRY_5NS;RETRY_5NS;RETRY_5NS;RETRY_5NS;RETRY_5NS,8,8,11110000,240,15,1111000,7,240,14,240,INFERRED_AT_DAC_BRIDGE_OUTPUT,11110000,240,11110000,240,11110000,240,11110000,240,True,True
MC200_CMP_XM5_XM6_W8P2524_XM7_XM11_W16P8587_S063_LOW_W4,2,-3.10804e-06;-8.59102e-06;-3.26072e-06;-3.24621e-06;-8.54346e-06;-8.54133e-06;-3.24085e-06;-8.5821e-06,-3.23322e-06;-8.52872e-06;-3.38778e-06;-3.37368e-06;-8.49045e-06;-8.49155e-06;-3.36796e-06;-8.52739e-06,3.3;3.3;-1.70782e-06;-1.69932e-06;3.3;3.3;-1.69184e-06;3.3,-1.73435e-06;-1.98915e-06;3.3;3.3;-1.9546e-06;-1.94903e-06;3.3;-1.94705e-06,RETRY_5NS;RETRY_5NS;RETRY_5NS;RETRY_5NS;RETRY_5NS;RETRY_5NS;RETRY_5NS;RETRY_5NS,8,8,11001101,205,50,1100110,7,204,50,205,INFERRED_AT_DAC_BRIDGE_OUTPUT,11001101,205,11001101,205,11001101,205,11001101,205,True,True
MC200_CMP_XM5_XM6_W8P2524_XM7_XM11_W16P8587_S063_LOW_W4,3,-3.1048e-06;-8.54978e-06;-3.5079e-06;-3.21846e-06;-8.49883e-06;-8.44755e-06;-3.49107e-06;-8.54071e-06,-3.22882e-06;-8.51136e-06;-3.63238e-06;-3.34361e-06;-8.457e-06;-8.409e-06;-3.61667e-06;-8.49209e-06,3.3;-2.05776e-06;-1.71242e-06;-1.69925e-06;-2.00668e-06;3.3;3.3;-2.00023e-06,-1.7271e-06;3.3;3.3;3.3;3.3;-1.94991e-06;-1.64188e-06;3.3,RETRY_5NS;RETRY_5NS;RETRY_5NS;RETRY_5NS;RETRY_5NS;RETRY_5NS;RETRY_5NS;RETRY_5NS,8,8,10000110,134,121,1000011,7,134,120,134,INFERRED_AT_DAC_BRIDGE_OUTPUT,10000110,134,10000110,134,10000110,134,10000110,134,True,True
MC200_CMP_XM5_XM6_W8P2524_XM7_XM11_W16P8587_S063_LOW_W4,64,-3.16532e-06;-8.5969e-06;-3.03995e-06;-3.25065e-06;-8.21014e-06;-8.53995e-06;-3.08741e-06;-8.21105e-06,-3.29121e-06;-8.53253e-06;-3.15893e-06;-3.37741e-06;-8.21229e-06;-8.49329e-06;-3.20843e-06;-8.20871e-06,3.3;3.3;3.3;-1.70443e-06;-1.98724e-06;-2.01251e-06;-1.67492e-06;3.3,-1.74574e-06;-1.99187e-06;-1.63101e-06;3.3;3.3;3.3;3.3;-1.91687e-06,RETRY_5NS;RETRY_5NS;RETRY_5NS;RETRY_5NS;RETRY_5NS;RETRY_5NS;RETRY_5NS;RETRY_5NS,8,8,11100001,225,30,1110000,7,224,30,225,INFERRED_AT_DAC_BRIDGE_OUTPUT,11100001,225,11100001,225,11100001,225,11100001,225,True,True
MC200_CMP_XM5_XM6_W8P2524_XM7_XM11_W16P8587_S063_LOW_W4,65,-3.32698e-06;-8.80406e-06;-3.19899e-06;-3.39806e-06;-8.4157e-06;-8.74528e-06;-3.24095e-06;-8.417e-06,-3.45976e-06;-8.70903e-06;-3.32519e-06;-3.53276e-06;-8.38945e-06;-8.67113e-06;-3.36803e-06;-8.38589e-06,3.3;3.3;3.3;3.3;-2.00704e-06;-2.03409e-06;-1.69301e-06;-2.02854e-06,-1.77956e-06;-2.01599e-06;-1.65352e-06;-1.66155e-06;3.3;3.3;3.3;3.3,RETRY_5NS;RETRY_5NS;RETRY_5NS;RETRY_5NS;RETRY_5NS;RETRY_5NS;RETRY_5NS;RETRY_5NS,8,8,11110000,240,15,1111000,7,240,14,240,INFERRED_AT_DAC_BRIDGE_OUTPUT,11110000,240,11110000,240,11110000,240,11110000,240,True,True
MC200_CMP_XM5_XM6_W8P2524_XM7_XM11_W16P8587_S063_LOW_W4,66,-3.35197e-06;-8.75483e-06;-3.16993e-06;-3.36828e-06;-8.37849e-06;-8.70624e-06;-3.21022e-06;-8.37585e-06,-3.48134e-06;-8.66864e-06;-3.2931e-06;-3.50104e-06;-8.34927e-06;-8.63301e-06;-3.33601e-06;-8.35039e-06,3.3;3.3;-1.69792e-06;-1.71254e-06;3.3;3.3;-1.68867e-06;3.3,-1.74724e-06;-2.00254e-06;3.3;3.3;-1.93875e-06;-1.96472e-06;3.3;-1.92676e-06,RETRY_5NS;RETRY_5NS;RETRY_5NS;RETRY_5NS;RETRY_5NS;RETRY_5NS;RETRY_5NS;RETRY_5NS,8,8,11001101,205,50,1100110,7,204,50,205,INFERRED_AT_DAC_BRIDGE_OUTPUT,11001101,205,11001101,205,11001101,205,11001101,205,True,True
MC200_CMP_XM5_XM6_W8P2524_XM7_XM11_W16P8587_S063_LOW_W4,67,-3.22969e-06;-8.71249e-06;-3.39096e-06;-3.34057e-06;-8.33401e-06;-8.63248e-06;-3.17909e-06;-8.3346e-06,-3.35898e-06;-8.65147e-06;-3.51187e-06;-3.47093e-06;-8.31567e-06;-8.5688e-06;-3.30461e-06;-8.31499e-06,3.3;-2.07419e-06;-1.70231e-06;-1.71329e-06;-1.9901e-06;3.3;3.3;3.3,-1.74075e-06;3.3;3.3;3.3;3.3;-1.96372e-06;-1.6374e-06;-1.92308e-06,RETRY_5NS;RETRY_5NS;RETRY_5NS;RETRY_5NS;RETRY_5NS;RETRY_5NS;RETRY_5NS;RETRY_5NS,8,8,10000111,135,120,1000011,7,134,120,135,INFERRED_AT_DAC_BRIDGE_OUTPUT,10000111,135,10000111,135,10000111,135,10000111,135,True,True
MC200_CMP_XM5_XM6_W8P2524_XM7_XM11_W16P8587_S064_LOW_W4,0,-3.06384e-06;-8.42274e-06;-3.16017e-06;-3.15698e-06;-8.36189e-06;-8.36225e-06;-3.1442e-06;-8.40462e-06,-3.10789e-06;-8.40976e-06;-3.20544e-06;-3.20134e-06;-8.36422e-06;-8.3621e-06;-3.18943e-06;-8.39926e-06,3.3;3.3;3.3;-1.69817e-06;-2.00984e-06;-2.00609e-06;-1.68435e-06;3.3,-1.71246e-06;-1.94908e-06;-1.61706e-06;3.3;3.3;3.3;3.3;-1.90916e-06,RETRY_5NS;RETRY_5NS;RETRY_5NS;RETRY_5NS;RETRY_5NS;RETRY_5NS;RETRY_5NS;RETRY_5NS,8,8,11100001,225,30,1110000,7,224,30,225,INFERRED_AT_DAC_BRIDGE_OUTPUT,11100001,225,11100001,225,11100001,225,11100001,225,True,True
MC200_CMP_XM5_XM6_W8P2524_XM7_XM11_W16P8587_S064_LOW_W4,1,-2.54136e-06;-7.68867e-06;-2.63921e-06;-2.61595e-06;-7.61994e-06;-7.61909e-06;-2.62923e-06;-7.67427e-06,-2.57441e-06;-7.72257e-06;-2.67379e-06;-2.65045e-06;-7.66396e-06;-7.66219e-06;-2.66996e-06;-7.71286e-06,3.3;3.3;3.3;3.3;-1.93992e-06;-1.93888e-06;-1.63425e-06;-1.93364e-06,-1.66813e-06;-1.8898e-06;-1.5709e-06;-1.55779e-06;3.3;3.3;3.3;3.3,RETRY_5NS;RETRY_5NS;RETRY_5NS;RETRY_5NS;RETRY_5NS;RETRY_5NS;RETRY_5NS;RETRY_5NS,8,8,11110000,240,15,1111000,7,240,14,240,INFERRED_AT_DAC_BRIDGE_OUTPUT,11110000,240,11110000,240,11110000,240,11110000,240,True,True
MC200_CMP_XM5_XM6_W8P2524_XM7_XM11_W16P8587_S064_LOW_W4,2,-3.03065e-06;-8.37583e-06;-3.14014e-06;-3.12196e-06;-8.32451e-06;-8.32247e-06;-3.11439e-06;-8.41468e-06,-3.07431e-06;-8.36741e-06;-3.18415e-06;-3.16596e-06;-8.32119e-06;-8.32151e-06;-3.15891e-06;-8.41647e-06,3.3;3.3;-1.69958e-06;-1.68939e-06;3.3;3.3;-1.68401e-06;3.3,-1.70088e-06;-1.94391e-06;3.3;3.3;-1.9115e-06;-1.9058e-06;3.3;-1.90151e-06,RETRY_5NS;RETRY_5NS;RETRY_5NS;RETRY_5NS;RETRY_5NS;RETRY_5NS;RETRY_5NS;RETRY_5NS,8,8,11001101,205,50,1100110,7,204,50,205,INFERRED_AT_DAC_BRIDGE_OUTPUT,11001101,205,11001101,205,11001101,205,11001101,205,True,True
MC200_CMP_XM5_XM6_W8P2524_XM7_XM11_W16P8587_S064_LOW_W4,3,-3.02724e-06;-8.41843e-06;-3.17495e-06;-3.28426e-06;-9.74602e-06;-8.3649e-06;-3.25886e-06;-8.40444e-06,-3.07099e-06;-8.42346e-06;-3.21971e-06;-3.3284e-06;-9.78037e-06;-8.36e-06;-3.30455e-06;-8.39934e-06,3.3;-2.05359e-06;-1.70263e-06;-1.70136e-06;-2.0004e-06;3.3;3.3;-1.99658e-06,-1.69326e-06;3.3;3.3;3.3;3.3;-1.91163e-06;-1.61249e-06;3.3,RETRY_5NS;RETRY_5NS;RETRY_5NS;RETRY_5NS;RETRY_5NS;RETRY_5NS;RETRY_5NS;RETRY_5NS,8,8,10000110,134,121,1000011,7,134,120,134,INFERRED_AT_DAC_BRIDGE_OUTPUT,10000110,134,10000110,134,10000110,134,10000110,134,True,True
MC200_CMP_XM5_XM6_W8P2524_XM7_XM11_W16P8587_S064_LOW_W4,64,-3.18339e-06;-8.58693e-06;-3.07149e-06;-3.27557e-06;-8.19702e-06;-8.52745e-06;-3.20761e-06;-8.19793e-06,-3.22996e-06;-8.5635e-06;-3.1149e-06;-3.32243e-06;-8.20865e-06;-8.51767e-06;-3.25199e-06;-8.2046e-06,3.3;3.3;3.3;-1.71002e-06;-1.99486e-06;-2.02129e-06;-1.68527e-06;3.3,-1.72426e-06;-1.96588e-06;-1.60753e-06;3.3;3.3;3.3;3.3;-1.89027e-06,RETRY_5NS;RETRY_5NS;RETRY_5NS;RETRY_5NS;RETRY_5NS;RETRY_5NS;RETRY_5NS;RETRY_5NS,8,8,11100001,225,30,1110000,7,224,30,225,INFERRED_AT_DAC_BRIDGE_OUTPUT,11100001,225,11100001,225,11100001,225,11100001,225,True,True
MC200_CMP_XM5_XM6_W8P2524_XM7_XM11_W16P8587_S064_LOW_W4,65,-2.65984e-06;-7.85256e-06;-2.55101e-06;-2.73482e-06;-7.45509e-06;-7.78417e-06;-2.63516e-06;-7.66714e-06,-2.6954e-06;-7.87597e-06;-2.58367e-06;-2.77185e-06;-7.50832e-06;-7.81795e-06;-2.668e-06;-7.71845e-06,3.3;3.3;3.3;3.3;-1.92546e-06;-1.95245e-06;-1.63646e-06;-1.96043e-06,-1.68043e-06;-1.90427e-06;-1.56335e-06;-1.5694e-06;3.3;3.3;3.3;3.3,RETRY_5NS;RETRY_5NS;RETRY_5NS;RETRY_5NS;RETRY_5NS;RETRY_5NS;RETRY_5NS;RETRY_5NS,8,8,11110000,240,15,1111000,7,240,14,240,INFERRED_AT_DAC_BRIDGE_OUTPUT,11110000,240,11110000,240,11110000,240,11110000,240,True,True
MC200_CMP_XM5_XM6_W8P2524_XM7_XM11_W16P8587_S064_LOW_W4,66,-3.15027e-06;-8.54028e-06;-3.05198e-06;-3.24065e-06;-8.15922e-06;-8.48763e-06;-3.08456e-06;-8.76273e-06,-3.19645e-06;-8.52156e-06;-3.09414e-06;-3.28763e-06;-8.16593e-06;-8.47711e-06;-3.12844e-06;-8.78614e-06,3.3;3.3;-1.68988e-06;-1.70248e-06;3.3;3.3;-1.68076e-06;-1.96648e-06,-1.71438e-06;-1.95908e-06;3.3;3.3;-1.89729e-06;-1.919e-06;3.3;3.3,RETRY_5NS;RETRY_5NS;RETRY_5NS;RETRY_5NS;RETRY_5NS;RETRY_5NS;RETRY_5NS;RETRY_5NS,8,8,11001100,204,51,1100110,7,204,50,204,INFERRED_AT_DAC_BRIDGE_OUTPUT,11001100,204,11001100,204,11001100,204,11001100,204,True,True
MC200_CMP_XM5_XM6_W8P2524_XM7_XM11_W16P8587_S064_LOW_W4,67,-3.1492e-06;-8.58137e-06;-3.08667e-06;-3.12858e-06;-9.37457e-06;-8.53023e-06;-3.29878e-06;-8.19776e-06,-3.1955e-06;-8.57756e-06;-3.12958e-06;-3.17497e-06;-9.40976e-06;-8.51541e-06;-3.34375e-06;-8.20464e-06,3.3;-2.06903e-06;-1.69296e-06;-1.70619e-06;-1.98483e-06;3.3;3.3;-1.97891e-06,-1.70795e-06;3.3;3.3;3.3;3.3;-1.92801e-06;-1.60815e-06;3.3,RETRY_5NS;RETRY_5NS;RETRY_5NS;RETRY_5NS;RETRY_5NS;RETRY_5NS;RETRY_5NS;RETRY_5NS,8,8,10000110,134,121,1000011,7,134,120,134,INFERRED_AT_DAC_BRIDGE_OUTPUT,10000110,134,10000110,134,10000110,134,10000110,134,True,True
MC200_CMP_XM5_XM6_W8P2524_XM7_XM11_W16P8587_S065_LOW_W4,0,-2.87967e-06;-9.55009e-06;-2.97057e-06;-2.96747e-06;-8.13923e-06;-8.13937e-06;-2.95538e-06;-7.59558e-06,-2.88388e-06;-9.54445e-06;-2.97465e-06;-2.97057e-06;-8.14897e-06;-8.1471e-06;-2.95948e-06;-7.60479e-06,3.3;3.3;3.3;-1.60867e-06;-1.90129e-06;-1.89545e-06;3.3;-1.89928e-06,-1.75224e-06;-1.99597e-06;-1.65877e-06;3.3;3.3;3.3;-1.64638e-06;3.3,RETRY_5NS;RETRY_5NS;RETRY_5NS;RETRY_5NS;RETRY_5NS;RETRY_5NS;RETRY_5NS;RETRY_5NS,8,8,11100010,226,29,1110001,7,226,28,226,INFERRED_AT_DAC_BRIDGE_OUTPUT,11100010,226,11100010,226,11100010,226,11100010,226,True,True
MC200_CMP_XM5_XM6_W8P2524_XM7_XM11_W16P8587_S065_LOW_W4,1,-3.13723e-06;-8.51934e-06;-3.22336e-06;-3.20847e-06;-8.45931e-06;-8.45959e-06;-3.20343e-06;-8.50022e-06,-3.14082e-06;-8.5185e-06;-3.22744e-06;-3.21225e-06;-8.47273e-06;-8.47118e-06;-3.20618e-06;-8.51071e-06,3.3;3.3;3.3;3.3;-1.93199e-06;-1.92706e-06;3.3;-1.92796e-06,-1.79529e-06;-2.03669e-06;-1.68906e-06;-1.67927e-06;3.3;3.3;-1.66923e-06;3.3,RETRY_5NS;RETRY_5NS;RETRY_5NS;RETRY_5NS;RETRY_5NS;RETRY_5NS;RETRY_5NS;RETRY_5NS,8,8,11110010,242,13,1111001,7,242,12,242,INFERRED_AT_DAC_BRIDGE_OUTPUT,11110010,242,11110010,242,11110010,242,11110010,242,True,True
MC200_CMP_XM5_XM6_W8P2524_XM7_XM11_W16P8587_S065_LOW_W4,2,-3.13715e-06;-7.55696e-06;-3.22423e-06;-3.209e-06;-8.46373e-06;-8.46165e-06;-3.18235e-06;-8.50037e-06,-3.14079e-06;-7.56128e-06;-3.22663e-06;-3.21205e-06;-8.46799e-06;-8.46876e-06;-3.18509e-06;-8.51042e-06,3.3;3.3;-1.63791e-06;-1.62502e-06;3.3;3.3;3.3;-1.92441e-06,-1.77233e-06;-2.03713e-06;3.3;3.3;-1.99515e-06;-1.99061e-06;-1.66741e-06;3.3,RETRY_5NS;RETRY_5NS;RETRY_5NS;RETRY_5NS;RETRY_5NS;RETRY_5NS;RETRY_5NS;RETRY_5NS,8,8,11001110,206,49,1100111,7,206,48,206,INFERRED_AT_DAC_BRIDGE_OUTPUT,11001110,206,11001110,206,11001110,206,11001110,206,True,True
MC200_CMP_XM5_XM6_W8P2524_XM7_XM11_W16P8587_S065_LOW_W4,3,-3.0134e-06;-8.31275e-06;-3.076e-06;-3.05764e-06;-8.25972e-06;-8.25931e-06;-3.25328e-06;-8.29968e-06,-3.01729e-06;-8.32897e-06;-3.07899e-06;-3.06015e-06;-8.26764e-06;-8.26972e-06;-3.25651e-06;-8.30842e-06,3.3;-1.95799e-06;-1.623e-06;-1.61484e-06;3.3;-1.90995e-06;-1.61364e-06;-1.90824e-06,-1.74985e-06;3.3;3.3;3.3;-1.96209e-06;3.3;3.3;3.3,RETRY_5NS;RETRY_5NS;RETRY_5NS;RETRY_5NS;RETRY_5NS;RETRY_5NS;RETRY_5NS;RETRY_5NS,8,8,10001000,136,119,1000100,7,136,118,136,INFERRED_AT_DAC_BRIDGE_OUTPUT,10001000,136,10001000,136,10001000,136,10001000,136,True,True
MC200_CMP_XM5_XM6_W8P2524_XM7_XM11_W16P8587_S065_LOW_W4,64,-3.00369e-06;-8.7192e-06;-2.87845e-06;-3.0906e-06;-7.97917e-06;-8.29973e-06;-2.92441e-06;-7.70932e-06,-3.00747e-06;-8.71691e-06;-2.88293e-06;-3.09329e-06;-7.98722e-06;-8.30871e-06;-2.92861e-06;-7.7164e-06,3.3;3.3;3.3;-1.61974e-06;-1.88688e-06;-1.9093e-06;3.3;-1.87483e-06,-1.76528e-06;-2.01516e-06;-1.64979e-06;3.3;3.3;3.3;-1.64373e-06;3.3,RETRY_5NS;RETRY_5NS;RETRY_5NS;RETRY_5NS;RETRY_5NS;RETRY_5NS;RETRY_5NS;RETRY_5NS,8,8,11100010,226,29,1110001,7,226,28,226,INFERRED_AT_DAC_BRIDGE_OUTPUT,11100010,226,11100010,226,11100010,226,11100010,226,True,True
MC200_CMP_XM5_XM6_W8P2524_XM7_XM11_W16P8587_S065_LOW_W4,65,-3.26045e-06;-8.67847e-06;-3.13173e-06;-3.33189e-06;-8.29927e-06;-8.61982e-06;-3.17247e-06;-8.29962e-06,-3.26361e-06;-8.67809e-06;-3.13611e-06;-3.33525e-06;-8.31093e-06;-8.63295e-06;-3.17531e-06;-8.30855e-06,3.3;3.3;3.3;3.3;-1.91685e-06;-1.94208e-06;3.3;-1.94734e-06,-1.8087e-06;-2.05244e-06;-1.6792e-06;-1.69127e-06;3.3;3.3;-1.66474e-06;3.3,RETRY_5NS;RETRY_5NS;RETRY_5NS;RETRY_5NS;RETRY_5NS;RETRY_5NS;RETRY_5NS;RETRY_5NS,8,8,11110010,242,13,1111001,7,242,12,242,INFERRED_AT_DAC_BRIDGE_OUTPUT,11110010,242,11110010,242,11110010,242,11110010,242,True,True
MC200_CMP_XM5_XM6_W8P2524_XM7_XM11_W16P8587_S065_LOW_W4,66,-3.2485e-06;-7.49261e-06;-3.13231e-06;-3.33232e-06;-8.30324e-06;-8.622e-06;-3.23011e-06;-8.29971e-06,-3.25173e-06;-7.49815e-06;-3.13502e-06;-3.33507e-06;-8.30668e-06;-8.6304e-06;-3.2334e-06;-8.30833e-06,3.3;3.3;-1.62809e-06;-1.6374e-06;3.3;3.3;3.3;-1.9056e-06,-1.78537e-06;-2.05241e-06;3.3;3.3;-1.97982e-06;-2.0058e-06;-1.67012e-06;3.3,RETRY_5NS;RETRY_5NS;RETRY_5NS;RETRY_5NS;RETRY_5NS;RETRY_5NS;RETRY_5NS;RETRY_5NS,8,8,11001110,206,49,1100111,7,206,48,206,INFERRED_AT_DAC_BRIDGE_OUTPUT,11001110,206,11001110,206,11001110,206,11001110,206,True,True
MC200_CMP_XM5_XM6_W8P2524_XM7_XM11_W16P8587_S065_LOW_W4,67,-3.15207e-06;-8.471e-06;-2.98441e-06;-3.18093e-06;-8.09932e-06;-8.42282e-06;-3.17089e-06;-8.10013e-06,-3.15553e-06;-8.4893e-06;-2.98771e-06;-3.183e-06;-8.10621e-06;-8.42782e-06;-3.17533e-06;-8.10496e-06,3.3;-1.97316e-06;-1.61405e-06;-1.62648e-06;-1.8829e-06;3.3;3.3;3.3,-1.76289e-06;3.3;3.3;3.3;3.3;-1.98928e-06;-1.66033e-06;-1.95241e-06,RETRY_5NS;RETRY_5NS;RETRY_5NS;RETRY_5NS;RETRY_5NS;RETRY_5NS;RETRY_5NS;RETRY_5NS,8,8,10000111,135,120,1000011,7,134,120,135,INFERRED_AT_DAC_BRIDGE_OUTPUT,10000111,135,10000111,135,10000111,135,10000111,135,True,True
MC200_CMP_XM5_XM6_W8P2524_XM7_XM11_W16P8587_S066_LOW_W4,0,-2.93372e-06;-8.31427e-06;-3.02326e-06;-3.02095e-06;-8.25486e-06;-8.25486e-06;-3.00961e-06;-8.2978e-06,-2.95892e-06;-8.30928e-06;-3.04918e-06;-3.04595e-06;-8.26334e-06;-8.26185e-06;-3.03485e-06;-8.30095e-06,3.3;3.3;3.3;-1.66919e-06;-1.97474e-06;-1.97031e-06;-1.65917e-06;3.3,-1.73869e-06;-1.98364e-06;-1.6451e-06;3.3;3.3;3.3;3.3;-1.93763e-06,RETRY_5NS;RETRY_5NS;RETRY_5NS;RETRY_5NS;RETRY_5NS;RETRY_5NS;RETRY_5NS;RETRY_5NS,8,8,11100001,225,30,1110000,7,224,30,225,INFERRED_AT_DAC_BRIDGE_OUTPUT,11100001,225,11100001,225,11100001,225,11100001,225,True,True
MC200_CMP_XM5_XM6_W8P2524_XM7_XM11_W16P8587_S066_LOW_W4,1,-3.06544e-06;-9.85485e-06;-3.15038e-06;-3.13633e-06;-8.42286e-06;-8.42304e-06;-3.13134e-06;-8.46583e-06,-3.09216e-06;-9.86202e-06;-3.17814e-06;-3.16378e-06;-8.42738e-06;-8.42582e-06;-3.15825e-06;-8.46509e-06,3.3;3.3;3.3;3.3;-1.99171e-06;-1.98851e-06;-1.67317e-06;-1.98539e-06,-1.76743e-06;-1.99969e-06;-1.66549e-06;-1.64787e-06;3.3;3.3;3.3;3.3,RETRY_5NS;RETRY_5NS;RETRY_5NS;RETRY_5NS;RETRY_5NS;RETRY_5NS;RETRY_5NS;RETRY_5NS,8,8,11110000,240,15,1111000,7,240,14,240,INFERRED_AT_DAC_BRIDGE_OUTPUT,11110000,240,11110000,240,11110000,240,11110000,240,True,True
MC200_CMP_XM5_XM6_W8P2524_XM7_XM11_W16P8587_S066_LOW_W4,2,-2.96119e-06;-8.34986e-06;-3.0625e-06;-3.00543e-06;-8.00225e-06;-7.63838e-06;-3.0401e-06;-8.33985e-06,-2.98698e-06;-8.34557e-06;-3.08799e-06;-3.03046e-06;-7.99946e-06;-7.63328e-06;-3.06564e-06;-8.34197e-06,3.3;3.3;-1.67558e-06;-1.66473e-06;3.3;3.3;-1.66241e-06;-1.96972e-06,-1.73528e-06;-1.98497e-06;3.3;3.3;-1.95448e-06;-1.95355e-06;3.3;3.3,RETRY_5NS;RETRY_5NS;RETRY_5NS;RETRY_5NS;RETRY_5NS;RETRY_5NS;RETRY_5NS;RETRY_5NS,8,8,11001100,204,51,1100110,7,204,50,204,INFERRED_AT_DAC_BRIDGE_OUTPUT,11001100,204,11001100,204,11001100,204,11001100,204,True,True
MC200_CMP_XM5_XM6_W8P2524_XM7_XM11_W16P8587_S066_LOW_W4,3,-2.83875e-06;-8.22718e-06;-2.97723e-06;-2.95841e-06;-8.17096e-06;-8.17304e-06;-2.94821e-06;-8.21308e-06,-2.86322e-06;-8.24109e-06;-3.00187e-06;-2.98254e-06;-8.17916e-06;-8.17757e-06;-2.97379e-06;-8.21953e-06,3.3;-2.01153e-06;-1.66634e-06;-1.66194e-06;-1.96279e-06;3.3;3.3;-1.96146e-06,-1.71709e-06;3.3;3.3;3.3;3.3;-1.93703e-06;-1.62918e-06;3.3,RETRY_5NS;RETRY_5NS;RETRY_5NS;RETRY_5NS;RETRY_5NS;RETRY_5NS;RETRY_5NS;RETRY_5NS,8,8,10000110,134,121,1000011,7,134,120,134,INFERRED_AT_DAC_BRIDGE_OUTPUT,10000110,134,10000110,134,10000110,134,10000110,134,True,True
MC200_CMP_XM5_XM6_W8P2524_XM7_XM11_W16P8587_S066_LOW_W4,64,-3.25929e-06;-8.48169e-06;-2.93264e-06;-3.14211e-06;-8.08684e-06;-8.4231e-06;-2.97919e-06;-8.08718e-06,-3.28589e-06;-8.47113e-06;-2.95769e-06;-3.16837e-06;-8.09976e-06;-8.42548e-06;-3.0041e-06;-8.09636e-06,3.3;3.3;3.3;-1.68205e-06;-1.96e-06;-1.98694e-06;-1.65481e-06;3.3,-1.76083e-06;-1.99914e-06;-1.63611e-06;3.3;3.3;3.3;3.3;-1.91999e-06,RETRY_5NS;RETRY_5NS;RETRY_5NS;RETRY_5NS;RETRY_5NS;RETRY_5NS;RETRY_5NS;RETRY_5NS,8,8,11100001,225,30,1110000,7,224,30,225,INFERRED_AT_DAC_BRIDGE_OUTPUT,11100001,225,11100001,225,11100001,225,11100001,225,True,True
MC200_CMP_XM5_XM6_W8P2524_XM7_XM11_W16P8587_S066_LOW_W4,65,-3.1866e-06;-8.58422e-06;-3.06023e-06;-3.25788e-06;-8.25483e-06;-8.59123e-06;-3.101e-06;-8.25517e-06,-3.21454e-06;-8.56699e-06;-3.08706e-06;-3.28612e-06;-8.26368e-06;-8.58961e-06;-3.12748e-06;-8.26053e-06,3.3;3.3;3.3;3.3;-1.97665e-06;-2.00413e-06;-1.67099e-06;-2.00418e-06,-1.78169e-06;-2.02106e-06;-1.6559e-06;-1.65954e-06;3.3;3.3;3.3;3.3,RETRY_5NS;RETRY_5NS;RETRY_5NS;RETRY_5NS;RETRY_5NS;RETRY_5NS;RETRY_5NS;RETRY_5NS,8,8,11110000,240,15,1111000,7,240,14,240,INFERRED_AT_DAC_BRIDGE_OUTPUT,11110000,240,11110000,240,11110000,240,11110000,240,True,True
MC200_CMP_XM5_XM6_W8P2524_XM7_XM11_W16P8587_S066_LOW_W4,66,-3.08326e-06;-8.5174e-06;-2.97222e-06;-3.08324e-06;-7.8944e-06;-7.59084e-06;-3.00965e-06;-8.12921e-06,-3.11029e-06;-8.50769e-06;-2.99678e-06;-3.10954e-06;-7.89742e-06;-7.57972e-06;-3.03487e-06;-8.13732e-06,3.3;3.3;-1.66651e-06;-1.67684e-06;3.3;3.3;-1.65938e-06;-1.95202e-06,-1.74911e-06;-1.99819e-06;3.3;3.3;-1.93914e-06;-1.96568e-06;3.3;3.3,RETRY_5NS;RETRY_5NS;RETRY_5NS;RETRY_5NS;RETRY_5NS;RETRY_5NS;RETRY_5NS;RETRY_5NS,8,8,11001100,204,51,1100110,7,204,50,204,INFERRED_AT_DAC_BRIDGE_OUTPUT,11001100,204,11001100,204,11001100,204,11001100,204,True,True
MC200_CMP_XM5_XM6_W8P2524_XM7_XM11_W16P8587_S066_LOW_W4,67,-2.96275e-06;-8.39339e-06;-2.88733e-06;-3.0796e-06;-8.00267e-06;-8.34146e-06;-2.91775e-06;-8.00285e-06,-2.98846e-06;-8.40329e-06;-2.91104e-06;-3.10497e-06;-8.01562e-06;-8.341e-06;-2.94303e-06;-8.01459e-06,3.3;-2.02797e-06;-1.65747e-06;-1.67479e-06;-1.94736e-06;3.3;3.3;-1.94193e-06,-1.73e-06;3.3;3.3;3.3;3.3;-1.95298e-06;-1.62615e-06;3.3,RETRY_5NS;RETRY_5NS;RETRY_5NS;RETRY_5NS;RETRY_5NS;RETRY_5NS;RETRY_5NS;RETRY_5NS,8,8,10000110,134,121,1000011,7,134,120,134,INFERRED_AT_DAC_BRIDGE_OUTPUT,10000110,134,10000110,134,10000110,134,10000110,134,True,True
MC200_CMP_XM5_XM6_W8P2524_XM7_XM11_W16P8587_S067_LOW_W4,0,-3.02222e-06;-7.71861e-06;-3.12403e-06;-3.12088e-06;-8.29984e-06;-8.29984e-06;-3.10623e-06;-8.34178e-06,-3.09922e-06;-7.69649e-06;-3.2028e-06;-3.19836e-06;-8.31174e-06;-8.30953e-06;-3.18377e-06;-8.34787e-06,3.3;3.3;3.3;-1.66701e-06;-1.97039e-06;-1.96548e-06;3.3;-1.96538e-06,-1.77888e-06;-2.03633e-06;-1.68389e-06;3.3;3.3;3.3;-1.66674e-06;3.3,RETRY_5NS;RETRY_5NS;RETRY_5NS;RETRY_5NS;RETRY_5NS;RETRY_5NS;RETRY_5NS;RETRY_5NS,8,8,11100010,226,29,1110001,7,226,28,226,INFERRED_AT_DAC_BRIDGE_OUTPUT,11100010,226,11100010,226,11100010,226,11100010,226,True,True
MC200_CMP_XM5_XM6_W8P2524_XM7_XM11_W16P8587_S067_LOW_W4,1,-3.17992e-06;-7.64899e-06;-3.27649e-06;-3.18671e-06;-8.5103e-06;-8.51027e-06;-3.25184e-06;-8.55341e-06,-3.26087e-06;-7.60743e-06;-3.35903e-06;-3.26926e-06;-8.507e-06;-8.50524e-06;-3.33291e-06;-8.54204e-06,3.3;3.3;3.3;3.3;-1.99053e-06;-1.98536e-06;-1.66864e-06;3.3,-1.81263e-06;-2.06046e-06;-1.70535e-06;-1.69316e-06;3.3;3.3;3.3;-2.00856e-06,RETRY_5NS;RETRY_5NS;RETRY_5NS;RETRY_5NS;RETRY_5NS;RETRY_5NS;RETRY_5NS;RETRY_5NS,8,8,11110001,241,14,1111000,7,240,14,241,INFERRED_AT_DAC_BRIDGE_OUTPUT,11110001,241,11110001,241,11110001,241,11110001,241,True,True
MC200_CMP_XM5_XM6_W8P2524_XM7_XM11_W16P8587_S067_LOW_W4,2,-2.52259e-06;-7.74825e-06;-2.6479e-06;-2.6224e-06;-7.58595e-06;-7.58408e-06;-2.52551e-06;-7.62467e-06,-2.58774e-06;-7.80605e-06;-2.71399e-06;-2.68744e-06;-7.64646e-06;-7.64523e-06;-2.59098e-06;-7.68377e-06,3.3;3.3;-1.61891e-06;-1.60635e-06;3.3;3.3;-1.57819e-06;3.3,-1.7147e-06;-1.95713e-06;3.3;3.3;-1.92952e-06;-1.92357e-06;3.3;-1.92649e-06,RETRY_5NS;RETRY_5NS;RETRY_5NS;RETRY_5NS;RETRY_5NS;RETRY_5NS;RETRY_5NS;RETRY_5NS,8,8,11001101,205,50,1100110,7,204,50,205,INFERRED_AT_DAC_BRIDGE_OUTPUT,11001101,205,11001101,205,11001101,205,11001101,205,True,True
MC200_CMP_XM5_XM6_W8P2524_XM7_XM11_W16P8587_S067_LOW_W4,3,-3.07041e-06;-8.4854e-06;-3.22663e-06;-3.20483e-06;-8.42655e-06;-7.8503e-06;-3.19316e-06;-8.46896e-06,-3.14923e-06;-8.49003e-06;-3.30667e-06;-3.28405e-06;-8.42599e-06;-7.83169e-06;-3.27385e-06;-8.46407e-06,3.3;-2.02676e-06;-1.68034e-06;-1.67446e-06;-1.97196e-06;3.3;3.3;3.3,-1.77451e-06;3.3;3.3;3.3;3.3;-2.00996e-06;-1.68598e-06;-1.99965e-06,RETRY_5NS;RETRY_5NS;RETRY_5NS;RETRY_5NS;RETRY_5NS;RETRY_5NS;RETRY_5NS;RETRY_5NS,8,8,10000111,135,120,1000011,7,134,120,135,INFERRED_AT_DAC_BRIDGE_OUTPUT,10000111,135,10000111,135,10000111,135,10000111,135,True,True
MC200_CMP_XM5_XM6_W8P2524_XM7_XM11_W16P8587_S067_LOW_W4,64,-3.37777e-06;-8.36724e-06;-3.03764e-06;-3.23633e-06;-8.13147e-06;-8.46816e-06;-2.85587e-06;-8.13073e-06,-3.45641e-06;-8.34668e-06;-3.1143e-06;-3.3166e-06;-8.15583e-06;-8.46592e-06;-2.9333e-06;-8.1528e-06,3.3;3.3;3.3;-1.67972e-06;-1.95516e-06;-1.98053e-06;3.3;-1.9474e-06,-1.80036e-06;-2.04523e-06;-1.67475e-06;3.3;3.3;3.3;-1.66238e-06;3.3,RETRY_5NS;RETRY_5NS;RETRY_5NS;RETRY_5NS;RETRY_5NS;RETRY_5NS;RETRY_5NS;RETRY_5NS,8,8,11100010,226,29,1110001,7,226,28,226,INFERRED_AT_DAC_BRIDGE_OUTPUT,11100010,226,11100010,226,11100010,226,11100010,226,True,True
MC200_CMP_XM5_XM6_W8P2524_XM7_XM11_W16P8587_S067_LOW_W4,65,-3.2955e-06;-7.58766e-06;-3.19072e-06;-3.29572e-06;-8.34195e-06;-8.67884e-06;-3.22274e-06;-8.34228e-06,-3.37931e-06;-7.525e-06;-3.2711e-06;-3.38112e-06;-8.35113e-06;-8.66127e-06;-3.3031e-06;-8.34703e-06,3.3;3.3;3.3;3.3;-1.97362e-06;-2.00024e-06;-1.66538e-06;3.3,-1.8258e-06;-2.07856e-06;-1.69651e-06;-1.70607e-06;3.3;3.3;3.3;-2.02728e-06,RETRY_5NS;RETRY_5NS;RETRY_5NS;RETRY_5NS;RETRY_5NS;RETRY_5NS;RETRY_5NS;RETRY_5NS,8,8,11110001,241,14,1111000,7,240,14,241,INFERRED_AT_DAC_BRIDGE_OUTPUT,11110001,241,11110001,241,11110001,241,11110001,241,True,True
MC200_CMP_XM5_XM6_W8P2524_XM7_XM11_W16P8587_S067_LOW_W4,66,-2.63921e-06;-7.96004e-06;-2.56186e-06;-2.73836e-06;-7.41718e-06;-7.75287e-06;-2.59092e-06;-7.41353e-06,-2.70722e-06;-8.00565e-06;-2.62588e-06;-2.80624e-06;-7.49089e-06;-7.80117e-06;-2.66302e-06;-7.48871e-06,3.3;3.3;-1.61003e-06;-1.6203e-06;3.3;3.3;-1.59262e-06;3.3,-1.72821e-06;-1.97195e-06;3.3;3.3;-1.91435e-06;-1.93993e-06;3.3;-1.90612e-06,RETRY_5NS;RETRY_5NS;RETRY_5NS;RETRY_5NS;RETRY_5NS;RETRY_5NS;RETRY_5NS;RETRY_5NS,8,8,11001101,205,50,1100110,7,204,50,205,INFERRED_AT_DAC_BRIDGE_OUTPUT,11001101,205,11001101,205,11001101,205,11001101,205,True,True
MC200_CMP_XM5_XM6_W8P2524_XM7_XM11_W16P8587_S067_LOW_W4,67,-3.18956e-06;-8.65169e-06;-3.14078e-06;-3.32051e-06;-8.2579e-06;-9.39253e-06;-3.16405e-06;-8.25795e-06,-3.27126e-06;-8.64427e-06;-3.21875e-06;-3.40252e-06;-8.27008e-06;-9.39725e-06;-3.24403e-06;-8.26895e-06,3.3;-2.04203e-06;-1.67055e-06;-1.68689e-06;-1.95474e-06;3.3;3.3;3.3,-1.78816e-06;3.3;3.3;3.3;3.3;-2.01299e-06;-1.68395e-06;-1.9808e-06,RETRY_5NS;RETRY_5NS;RETRY_5NS;RETRY_5NS;RETRY_5NS;RETRY_5NS;RETRY_5NS;RETRY_5NS,8,8,10000111,135,120,1000011,7,134,120,135,INFERRED_AT_DAC_BRIDGE_OUTPUT,10000111,135,10000111,135,10000111,135,10000111,135,True,True
MC200_CMP_XM5_XM6_W8P2524_XM7_XM11_W16P8587_S068_LOW_W4,0,-3.03017e-06;-8.3886e-06;-3.12852e-06;-3.12619e-06;-8.32687e-06;-8.32667e-06;-3.11251e-06;-8.3689e-06,-3.12203e-06;-8.35901e-06;-3.22224e-06;-3.21871e-06;-8.31436e-06;-8.31252e-06;-3.20503e-06;-8.3483e-06,3.3;3.3;3.3;-1.66873e-06;-1.97419e-06;-1.97102e-06;-1.65917e-06;-1.96327e-06,-1.77293e-06;-2.02188e-06;-1.67468e-06;3.3;3.3;3.3;3.3;3.3,RETRY_5NS;RETRY_5NS;RETRY_5NS;RETRY_5NS;RETRY_5NS;RETRY_5NS;RETRY_5NS;RETRY_5NS,8,8,11100000,224,31,1110000,7,224,30,224,INFERRED_AT_DAC_BRIDGE_OUTPUT,11100000,224,11100000,224,11100000,224,11100000,224,True,True
MC200_CMP_XM5_XM6_W8P2524_XM7_XM11_W16P8587_S068_LOW_W4,1,-3.13039e-06;-8.51663e-06;-3.22443e-06;-3.20736e-06;-8.4521e-06;-8.45205e-06;-3.20158e-06;-8.49431e-06,-3.22515e-06;-8.47335e-06;-3.32094e-06;-3.30339e-06;-8.42749e-06;-8.42576e-06;-3.29618e-06;-8.46163e-06,3.3;3.3;3.3;3.3;-1.98517e-06;-1.98257e-06;-1.66909e-06;-1.98296e-06,-1.79692e-06;-2.03767e-06;-1.69446e-06;-1.67649e-06;3.3;3.3;3.3;3.3,RETRY_5NS;RETRY_5NS;RETRY_5NS;RETRY_5NS;RETRY_5NS;RETRY_5NS;RETRY_5NS;RETRY_5NS,8,8,11110000,240,15,1111000,7,240,14,240,INFERRED_AT_DAC_BRIDGE_OUTPUT,11110000,240,11110000,240,11110000,240,11110000,240,True,True
MC200_CMP_XM5_XM6_W8P2524_XM7_XM11_W16P8587_S068_LOW_W4,2,-3.08613e-06;-8.46484e-06;-3.19782e-06;-3.17938e-06;-8.41388e-06;-8.4117e-06;-3.17152e-06;-8.18162e-06,-3.17994e-06;-8.4285e-06;-3.29231e-06;-3.2731e-06;-8.3848e-06;-8.38543e-06;-3.26605e-06;-8.14587e-06,3.3;3.3;-1.67952e-06;-1.67036e-06;3.3;3.3;-1.66422e-06;-1.97809e-06,-1.77269e-06;-2.02642e-06;3.3;3.3;-1.99324e-06;-1.98269e-06;3.3;3.3,RETRY_5NS;RETRY_5NS;RETRY_5NS;RETRY_5NS;RETRY_5NS;RETRY_5NS;RETRY_5NS;RETRY_5NS,8,8,11001100,204,51,1100110,7,204,50,204,INFERRED_AT_DAC_BRIDGE_OUTPUT,11001100,204,11001100,204,11001100,204,11001100,204,True,True
MC200_CMP_XM5_XM6_W8P2524_XM7_XM11_W16P8587_S068_LOW_W4,3,-3.05287e-06;-8.46779e-06;-3.20296e-06;-3.18245e-06;-8.41069e-06;-8.41248e-06;-3.17113e-06;-8.45253e-06,-3.14602e-06;-8.44763e-06;-3.29756e-06;-3.2763e-06;-8.3867e-06;-8.38518e-06;-3.26627e-06;-8.42379e-06,3.3;-2.02656e-06;-1.679e-06;-1.67319e-06;-1.97702e-06;3.3;3.3;-1.97596e-06,-1.76341e-06;3.3;3.3;3.3;3.3;-1.99096e-06;-1.6728e-06;3.3,RETRY_5NS;RETRY_5NS;RETRY_5NS;RETRY_5NS;RETRY_5NS;RETRY_5NS;RETRY_5NS;RETRY_5NS,8,8,10000110,134,121,1000011,7,134,120,134,INFERRED_AT_DAC_BRIDGE_OUTPUT,10000110,134,10000110,134,10000110,134,10000110,134,True,True
MC200_CMP_XM5_XM6_W8P2524_XM7_XM11_W16P8587_S068_LOW_W4,64,-3.14892e-06;-8.55492e-06;-3.04064e-06;-3.24365e-06;-8.15987e-06;-8.49388e-06;-3.08293e-06;-8.15949e-06,-3.24412e-06;-8.50753e-06;-3.13189e-06;-3.33946e-06;-8.16386e-06;-8.46295e-06;-3.17462e-06;-8.16023e-06,3.3;3.3;3.3;-1.67937e-06;-1.95774e-06;-1.98632e-06;-1.65595e-06;-1.94533e-06,-1.78706e-06;-2.03752e-06;-1.66651e-06;3.3;3.3;3.3;3.3;3.3,RETRY_5NS;RETRY_5NS;RETRY_5NS;RETRY_5NS;RETRY_5NS;RETRY_5NS;RETRY_5NS;RETRY_5NS,8,8,11100000,224,31,1110000,7,224,30,224,INFERRED_AT_DAC_BRIDGE_OUTPUT,11100000,224,11100000,224,11100000,224,11100000,224,True,True
MC200_CMP_XM5_XM6_W8P2524_XM7_XM11_W16P8587_S068_LOW_W4,65,-3.24818e-06;-8.68262e-06;-3.13698e-06;-3.32532e-06;-8.2851e-06;-8.61923e-06;-3.17201e-06;-8.50683e-06,-3.34625e-06;-8.62151e-06;-3.23099e-06;-3.42423e-06;-8.27695e-06;-8.57622e-06;-3.26577e-06;-8.50895e-06,3.3;3.3;3.3;3.3;-1.97112e-06;-1.99682e-06;-1.66578e-06;-2.00091e-06,-1.81101e-06;-2.05402e-06;-1.68471e-06;-1.68839e-06;3.3;3.3;3.3;3.3,RETRY_5NS;RETRY_5NS;RETRY_5NS;RETRY_5NS;RETRY_5NS;RETRY_5NS;RETRY_5NS;RETRY_5NS,8,8,11110000,240,15,1111000,7,240,14,240,INFERRED_AT_DAC_BRIDGE_OUTPUT,11110000,240,11110000,240,11110000,240,11110000,240,True,True
MC200_CMP_XM5_XM6_W8P2524_XM7_XM11_W16P8587_S068_LOW_W4,66,-3.20475e-06;-8.63131e-06;-3.11024e-06;-3.29714e-06;-8.24636e-06;-8.57904e-06;-3.1419e-06;-8.04443e-06,-3.3019e-06;-8.57731e-06;-3.20228e-06;-3.39416e-06;-8.23469e-06;-8.53587e-06;-3.23563e-06;-8.03205e-06,3.3;3.3;-1.67013e-06;-1.68296e-06;3.3;3.3;-1.66281e-06;-1.95864e-06,-1.78603e-06;-2.04205e-06;3.3;3.3;-1.97851e-06;-1.99899e-06;3.3;3.3,RETRY_5NS;RETRY_5NS;RETRY_5NS;RETRY_5NS;RETRY_5NS;RETRY_5NS;RETRY_5NS;RETRY_5NS,8,8,11001100,204,51,1100110,7,204,50,204,INFERRED_AT_DAC_BRIDGE_OUTPUT,11001100,204,11001100,204,11001100,204,11001100,204,True,True
MC200_CMP_XM5_XM6_W8P2524_XM7_XM11_W16P8587_S068_LOW_W4,67,-3.5884e-06;-8.75658e-06;-3.20314e-06;-3.38824e-06;-8.36884e-06;-8.70532e-06;-3.49568e-06;-8.36878e-06,-3.68518e-06;-8.70806e-06;-3.29775e-06;-3.48781e-06;-8.34919e-06;-8.64829e-06;-3.59069e-06;-8.34853e-06,3.3;-2.05447e-06;-1.67888e-06;-1.69619e-06;-1.97265e-06;3.3;3.3;-1.96874e-06,-1.79654e-06;3.3;3.3;3.3;3.3;-2.01639e-06;-1.68509e-06;3.3,RETRY_5NS;RETRY_5NS;RETRY_5NS;RETRY_5NS;RETRY_5NS;RETRY_5NS;RETRY_5NS;RETRY_5NS,8,8,10000110,134,121,1000011,7,134,120,134,INFERRED_AT_DAC_BRIDGE_OUTPUT,10000110,134,10000110,134,10000110,134,10000110,134,True,True
MC200_CMP_XM5_XM6_W8P2524_XM7_XM11_W16P8587_S069_LOW_W4,0,-3.07928e-06;-7.6484e-06;-3.1759e-06;-3.17357e-06;-8.26285e-06;-8.26276e-06;-3.16059e-06;-8.30019e-06,-3.07207e-06;-7.64161e-06;-3.1683e-06;-3.16518e-06;-8.26682e-06;-8.26517e-06;-3.15276e-06;-8.3008e-06,3.3;3.3;3.3;-1.69683e-06;-2.00668e-06;-2.00273e-06;-1.68479e-06;3.3,-1.7933e-06;-2.05116e-06;-1.69669e-06;3.3;3.3;3.3;3.3;-1.99962e-06,RETRY_5NS;RETRY_5NS;RETRY_5NS;RETRY_5NS;RETRY_5NS;RETRY_5NS;RETRY_5NS;RETRY_5NS,8,8,11100001,225,30,1110000,7,224,30,225,INFERRED_AT_DAC_BRIDGE_OUTPUT,11100001,225,11100001,225,11100001,225,11100001,225,True,True
MC200_CMP_XM5_XM6_W8P2524_XM7_XM11_W16P8587_S069_LOW_W4,1,-3.24519e-06;-8.50527e-06;-3.60689e-06;-3.32146e-06;-8.4473e-06;-8.44746e-06;-3.31601e-06;-7.51022e-06,-3.23783e-06;-8.49721e-06;-3.59965e-06;-3.31294e-06;-8.45402e-06;-8.45239e-06;-3.30693e-06;-7.51655e-06,3.3;3.3;3.3;3.3;-2.02731e-06;-2.02363e-06;-1.70379e-06;-2.02994e-06,-1.82737e-06;-2.06972e-06;-1.72911e-06;-1.70504e-06;3.3;3.3;3.3;3.3,RETRY_5NS;RETRY_5NS;RETRY_5NS;RETRY_5NS;RETRY_5NS;RETRY_5NS;RETRY_5NS;RETRY_5NS,8,8,11110000,240,15,1111000,7,240,14,240,INFERRED_AT_DAC_BRIDGE_OUTPUT,11110000,240,11110000,240,11110000,240,11110000,240,True,True
MC200_CMP_XM5_XM6_W8P2524_XM7_XM11_W16P8587_S069_LOW_W4,2,-3.29356e-06;-9.88311e-06;-3.39994e-06;-3.38423e-06;-8.52514e-06;-8.52283e-06;-3.37756e-06;-8.55926e-06,-3.28614e-06;-9.87348e-06;-3.3911e-06;-3.3748e-06;-8.5233e-06;-8.52468e-06;-3.36915e-06;-8.56273e-06,3.3;3.3;-1.72418e-06;-1.71231e-06;3.3;3.3;-1.70804e-06;-2.024e-06,-1.80933e-06;-2.06208e-06;3.3;3.3;-2.03684e-06;-2.02987e-06;3.3;3.3,RETRY_5NS;RETRY_5NS;RETRY_5NS;RETRY_5NS;RETRY_5NS;RETRY_5NS;RETRY_5NS;RETRY_5NS,8,8,11001100,204,51,1100110,7,204,50,204,INFERRED_AT_DAC_BRIDGE_OUTPUT,11001100,204,11001100,204,11001100,204,11001100,204,True,True
MC200_CMP_XM5_XM6_W8P2524_XM7_XM11_W16P8587_S069_LOW_W4,3,-2.97997e-06;-8.24224e-06;-3.26784e-06;-3.10946e-06;-8.18884e-06;-8.19095e-06;-3.09875e-06;-8.22599e-06,-2.97303e-06;-8.2499e-06;-3.25991e-06;-3.10096e-06;-8.18983e-06;-8.18794e-06;-3.09075e-06;-8.22629e-06,3.3;-2.0428e-06;-1.69947e-06;-1.689e-06;-1.99276e-06;3.3;3.3;-1.99312e-06,-1.77125e-06;3.3;3.3;3.3;3.3;-1.99941e-06;-1.67893e-06;3.3,RETRY_5NS;RETRY_5NS;RETRY_5NS;RETRY_5NS;RETRY_5NS;RETRY_5NS;RETRY_5NS;RETRY_5NS,8,8,10000110,134,121,1000011,7,134,120,134,INFERRED_AT_DAC_BRIDGE_OUTPUT,10000110,134,10000110,134,10000110,134,10000110,134,True,True
MC200_CMP_XM5_XM6_W8P2524_XM7_XM11_W16P8587_S069_LOW_W4,64,-3.20373e-06;-8.46553e-06;-3.08378e-06;-3.2966e-06;-8.11527e-06;-8.41055e-06;-3.12964e-06;-8.11498e-06,-3.19621e-06;-8.45767e-06;-3.0764e-06;-3.28789e-06;-8.11726e-06;-8.41469e-06;-3.12185e-06;-8.11391e-06,3.3;3.3;3.3;-1.70984e-06;-1.99072e-06;-2.01879e-06;-1.68244e-06;3.3,-1.80765e-06;-2.06009e-06;-1.68705e-06;3.3;3.3;3.3;3.3;-1.97891e-06,RETRY_5NS;RETRY_5NS;RETRY_5NS;RETRY_5NS;RETRY_5NS;RETRY_5NS;RETRY_5NS;RETRY_5NS,8,8,11100001,225,30,1110000,7,224,30,225,INFERRED_AT_DAC_BRIDGE_OUTPUT,11100001,225,11100001,225,11100001,225,11100001,225,True,True
MC200_CMP_XM5_XM6_W8P2524_XM7_XM11_W16P8587_S069_LOW_W4,65,-3.36854e-06;-8.65184e-06;-3.24427e-06;-3.44487e-06;-8.29972e-06;-8.5952e-06;-3.28464e-06;-8.29999e-06,-3.36087e-06;-8.64448e-06;-3.23743e-06;-3.43605e-06;-8.30439e-06;-8.60209e-06;-3.27641e-06;-8.30116e-06,3.3;3.3;3.3;3.3;-2.01176e-06;-2.03834e-06;-1.69961e-06;-2.03879e-06,-1.84067e-06;-2.0855e-06;-1.71063e-06;-1.71726e-06;3.3;3.3;3.3;3.3,RETRY_5NS;RETRY_5NS;RETRY_5NS;RETRY_5NS;RETRY_5NS;RETRY_5NS;RETRY_5NS;RETRY_5NS,8,8,11110000,240,15,1111000,7,240,14,240,INFERRED_AT_DAC_BRIDGE_OUTPUT,11110000,240,11110000,240,11110000,240,11110000,240,True,True
MC200_CMP_XM5_XM6_W8P2524_XM7_XM11_W16P8587_S069_LOW_W4,66,-3.41774e-06;-9.54622e-06;-3.06121e-06;-3.50772e-06;-8.37718e-06;-8.67081e-06;-3.34661e-06;-8.37413e-06,-3.41002e-06;-9.539e-06;-3.05242e-06;-3.49794e-06;-8.37413e-06;-8.67414e-06;-3.33824e-06;-8.37576e-06,3.3;3.3;-1.7078e-06;-1.72737e-06;3.3;3.3;-1.70592e-06;-2.00458e-06,-1.82371e-06;-2.08046e-06;3.3;3.3;-2.02129e-06;-2.04446e-06;3.3;3.3,RETRY_5NS;RETRY_5NS;RETRY_5NS;RETRY_5NS;RETRY_5NS;RETRY_5NS;RETRY_5NS;RETRY_5NS,8,8,11001100,204,51,1100110,7,204,50,204,INFERRED_AT_DAC_BRIDGE_OUTPUT,11001100,204,11001100,204,11001100,204,11001100,204,True,True
MC200_CMP_XM5_XM6_W8P2524_XM7_XM11_W16P8587_S069_LOW_W4,67,-3.10647e-06;-8.38787e-06;-3.13469e-06;-3.23282e-06;-8.04108e-06;-8.33886e-06;-3.06778e-06;-8.04087e-06,-3.09921e-06;-8.39786e-06;-3.127e-06;-3.224e-06;-8.04036e-06;-8.33735e-06;-3.05985e-06;-8.03933e-06,3.3;-2.05828e-06;-1.68993e-06;-1.7016e-06;-1.97832e-06;3.3;3.3;-1.97365e-06,-1.78503e-06;3.3;3.3;3.3;3.3;-2.0141e-06;-1.67558e-06;3.3,RETRY_5NS;RETRY_5NS;RETRY_5NS;RETRY_5NS;RETRY_5NS;RETRY_5NS;RETRY_5NS;RETRY_5NS,8,8,10000110,134,121,1000011,7,134,120,134,INFERRED_AT_DAC_BRIDGE_OUTPUT,10000110,134,10000110,134,10000110,134,10000110,134,True,True
MC200_CMP_XM5_XM6_W8P2524_XM7_XM11_W16P8587_S070_LOW_W4,0,-2.96848e-06;-8.17942e-06;-3.05423e-06;-2.81324e-06;-8.1283e-06;-8.1284e-06;-3.04229e-06;-8.16445e-06,-2.85617e-06;-8.19025e-06;-2.94085e-06;-2.69627e-06;-8.1458e-06;-8.14433e-06;-2.92798e-06;-8.18334e-06,3.3;3.3;3.3;-1.67825e-06;-1.99242e-06;-1.98879e-06;-1.67474e-06;3.3,-1.76233e-06;-2.01016e-06;-1.668e-06;3.3;3.3;3.3;3.3;-1.96562e-06,RETRY_5NS;RETRY_5NS;RETRY_5NS;RETRY_5NS;RETRY_5NS;RETRY_5NS;RETRY_5NS;RETRY_5NS,8,8,11100001,225,30,1110000,7,224,30,225,INFERRED_AT_DAC_BRIDGE_OUTPUT,11100001,225,11100001,225,11100001,225,11100001,225,True,True
MC200_CMP_XM5_XM6_W8P2524_XM7_XM11_W16P8587_S070_LOW_W4,1,-3.17177e-06;-8.39169e-06;-3.25277e-06;-3.24075e-06;-8.3389e-06;-8.33929e-06;-3.23649e-06;-8.37532e-06,-3.05295e-06;-8.43481e-06;-3.13318e-06;-3.12046e-06;-8.39101e-06;-8.38976e-06;-3.11604e-06;-8.42904e-06,3.3;3.3;3.3;3.3;-2.01588e-06;-2.01304e-06;-1.69521e-06;-2.0109e-06,-1.79807e-06;-2.03941e-06;-1.69434e-06;-1.67745e-06;3.3;3.3;3.3;3.3,RETRY_5NS;RETRY_5NS;RETRY_5NS;RETRY_5NS;RETRY_5NS;RETRY_5NS;RETRY_5NS;RETRY_5NS,8,8,11110000,240,15,1111000,7,240,14,240,INFERRED_AT_DAC_BRIDGE_OUTPUT,11110000,240,11110000,240,11110000,240,11110000,240,True,True
MC200_CMP_XM5_XM6_W8P2524_XM7_XM11_W16P8587_S070_LOW_W4,2,-3.16006e-06;-8.38328e-06;-3.25504e-06;-3.2419e-06;-8.34282e-06;-8.3409e-06;-3.23661e-06;-8.70013e-06,-3.04143e-06;-8.42922e-06;-3.13367e-06;-3.12045e-06;-8.38613e-06;-8.38718e-06;-3.11576e-06;-8.73473e-06,3.3;3.3;-1.70706e-06;-1.69879e-06;3.3;3.3;-1.6926e-06;-2.00742e-06,-1.77601e-06;-2.03118e-06;3.3;3.3;-1.99832e-06;-1.98875e-06;3.3;3.3,RETRY_5NS;RETRY_5NS;RETRY_5NS;RETRY_5NS;RETRY_5NS;RETRY_5NS;RETRY_5NS;RETRY_5NS,8,8,11001100,204,51,1100110,7,204,50,204,INFERRED_AT_DAC_BRIDGE_OUTPUT,11001100,204,11001100,204,11001100,204,11001100,204,True,True
MC200_CMP_XM5_XM6_W8P2524_XM7_XM11_W16P8587_S070_LOW_W4,3,-3.03651e-06;-7.77849e-06;-3.16329e-06;-3.14736e-06;-8.23405e-06;-8.23614e-06;-3.13913e-06;-7.78739e-06,-2.92127e-06;-7.80293e-06;-3.04517e-06;-3.02907e-06;-8.26578e-06;-8.26446e-06;-3.02214e-06;-7.80444e-06,3.3;-2.05398e-06;-1.69802e-06;-1.693e-06;-1.99863e-06;3.3;3.3;-2.00261e-06,-1.75579e-06;3.3;3.3;3.3;3.3;-1.98294e-06;-1.6646e-06;3.3,RETRY_5NS;RETRY_5NS;RETRY_5NS;RETRY_5NS;RETRY_5NS;RETRY_5NS;RETRY_5NS;RETRY_5NS,8,8,10000110,134,121,1000011,7,134,120,134,INFERRED_AT_DAC_BRIDGE_OUTPUT,10000110,134,10000110,134,10000110,134,10000110,134,True,True
MC200_CMP_XM5_XM6_W8P2524_XM7_XM11_W16P8587_S070_LOW_W4,64,-3.09827e-06;-8.31929e-06;-2.95781e-06;-3.36986e-06;-7.98787e-06;-8.26902e-06;-3.00988e-06;-7.98822e-06,-2.98155e-06;-8.35189e-06;-2.8477e-06;-3.25225e-06;-7.98245e-06;-8.30777e-06;-2.89667e-06;-7.97926e-06,3.3;3.3;3.3;-1.7043e-06;-1.97729e-06;-2.00392e-06;-1.66903e-06;-1.96032e-06,-1.77577e-06;-2.02572e-06;-1.65848e-06;3.3;3.3;3.3;3.3;3.3,RETRY_5NS;RETRY_5NS;RETRY_5NS;RETRY_5NS;RETRY_5NS;RETRY_5NS;RETRY_5NS;RETRY_5NS,8,8,11100000,224,31,1110000,7,224,30,224,INFERRED_AT_DAC_BRIDGE_OUTPUT,11100000,224,11100000,224,11100000,224,11100000,224,True,True
MC200_CMP_XM5_XM6_W8P2524_XM7_XM11_W16P8587_S070_LOW_W4,65,-3.30064e-06;-8.53135e-06;-3.15914e-06;-3.36984e-06;-8.19848e-06;-8.47987e-06;-3.20412e-06;-8.19915e-06,-3.17741e-06;-8.59621e-06;-3.04288e-06;-3.24516e-06;-8.22765e-06;-8.55314e-06;-3.08474e-06;-8.22491e-06,3.3;3.3;3.3;3.3;-2e-06;-2.02873e-06;-1.69137e-06;-2.02971e-06,-1.81229e-06;-2.05525e-06;-1.68517e-06;-1.68989e-06;3.3;3.3;3.3;3.3,RETRY_5NS;RETRY_5NS;RETRY_5NS;RETRY_5NS;RETRY_5NS;RETRY_5NS;RETRY_5NS;RETRY_5NS,8,8,11110000,240,15,1111000,7,240,14,240,INFERRED_AT_DAC_BRIDGE_OUTPUT,11110000,240,11110000,240,11110000,240,11110000,240,True,True
MC200_CMP_XM5_XM6_W8P2524_XM7_XM11_W16P8587_S070_LOW_W4,66,-3.2897e-06;-8.52334e-06;-3.1589e-06;-3.37091e-06;-8.20193e-06;-8.48143e-06;-3.20422e-06;-8.71168e-06,-3.16668e-06;-8.59114e-06;-3.04077e-06;-3.24513e-06;-8.22317e-06;-8.55064e-06;-3.08446e-06;-8.71618e-06,3.3;3.3;-1.69769e-06;-1.71021e-06;3.3;3.3;-1.68999e-06;-1.98365e-06,-1.78962e-06;-2.04698e-06;3.3;3.3;-1.98279e-06;-2.00223e-06;3.3;3.3,RETRY_5NS;RETRY_5NS;RETRY_5NS;RETRY_5NS;RETRY_5NS;RETRY_5NS;RETRY_5NS;RETRY_5NS,8,8,11001100,204,51,1100110,7,204,50,204,INFERRED_AT_DAC_BRIDGE_OUTPUT,11001100,204,11001100,204,11001100,204,11001100,204,True,True
MC200_CMP_XM5_XM6_W8P2524_XM7_XM11_W16P8587_S070_LOW_W4,67,-3.13528e-06;-7.82607e-06;-3.0355e-06;-3.24403e-06;-8.05817e-06;-7.6188e-06;-3.07436e-06;-8.05826e-06,-3.01672e-06;-7.86787e-06;-2.92171e-06;-3.12246e-06;-8.06182e-06;-7.68378e-06;-2.95959e-06;-8.06148e-06,3.3;-2.06585e-06;-1.68433e-06;-1.7025e-06;-1.97909e-06;3.3;3.3;-1.97475e-06,-1.76576e-06;3.3;3.3;3.3;3.3;-2.00054e-06;-1.66079e-06;3.3,RETRY_5NS;RETRY_5NS;RETRY_5NS;RETRY_5NS;RETRY_5NS;RETRY_5NS;RETRY_5NS;RETRY_5NS,8,8,10000110,134,121,1000011,7,134,120,134,INFERRED_AT_DAC_BRIDGE_OUTPUT,10000110,134,10000110,134,10000110,134,10000110,134,True,True
MC200_CMP_XM5_XM6_W8P2524_XM7_XM11_W16P8587_S071_LOW_W4,0,-2.92383e-06;-8.0151e-06;-2.69682e-06;-2.84474e-06;-7.96054e-06;-7.96036e-06;-2.83367e-06;-7.9985e-06,-2.91425e-06;-8.00671e-06;-2.68792e-06;-2.83392e-06;-7.96189e-06;-7.96042e-06;-2.82319e-06;-7.99797e-06,3.3;3.3;3.3;-1.6709e-06;-1.97422e-06;-1.96888e-06;-1.65627e-06;3.3,-1.81074e-06;-2.05464e-06;-1.70368e-06;3.3;3.3;3.3;3.3;-2.01232e-06,RETRY_5NS;RETRY_5NS;RETRY_5NS;RETRY_5NS;RETRY_5NS;RETRY_5NS;RETRY_5NS;RETRY_5NS,8,8,11100001,225,30,1110000,7,224,30,225,INFERRED_AT_DAC_BRIDGE_OUTPUT,11100001,225,11100001,225,11100001,225,11100001,225,True,True
MC200_CMP_XM5_XM6_W8P2524_XM7_XM11_W16P8587_S071_LOW_W4,1,-3.02464e-06;-8.3204e-06;-3.10607e-06;-3.09295e-06;-8.26418e-06;-8.2644e-06;-3.08852e-06;-8.19306e-06,-3.01384e-06;-8.3163e-06;-3.09553e-06;-3.08204e-06;-8.27282e-06;-8.27154e-06;-3.07688e-06;-8.1995e-06,3.3;3.3;3.3;3.3;-2.0057e-06;-2.00258e-06;-1.68583e-06;-1.99873e-06,-1.84528e-06;-2.09183e-06;-1.73866e-06;-1.72411e-06;3.3;3.3;3.3;3.3,RETRY_5NS;RETRY_5NS;RETRY_5NS;RETRY_5NS;RETRY_5NS;RETRY_5NS;RETRY_5NS;RETRY_5NS,8,8,11110000,240,15,1111000,7,240,14,240,INFERRED_AT_DAC_BRIDGE_OUTPUT,11110000,240,11110000,240,11110000,240,11110000,240,True,True
MC200_CMP_XM5_XM6_W8P2524_XM7_XM11_W16P8587_S071_LOW_W4,2,-2.43814e-06;-7.63071e-06;-2.5644e-06;-2.52259e-06;-7.62543e-06;-7.58124e-06;-2.51506e-06;-7.61759e-06,-2.43082e-06;-7.61795e-06;-2.55552e-06;-2.51341e-06;-7.61276e-06;-7.5703e-06;-2.50639e-06;-7.60974e-06,3.3;3.3;-1.64789e-06;-1.63386e-06;3.3;3.3;-1.62747e-06;3.3,-1.75918e-06;-2.01219e-06;3.3;3.3;-1.98636e-06;-1.97351e-06;3.3;-1.97016e-06,RETRY_5NS;RETRY_5NS;RETRY_5NS;RETRY_5NS;RETRY_5NS;RETRY_5NS;RETRY_5NS;RETRY_5NS,8,8,11001101,205,50,1100110,7,204,50,205,INFERRED_AT_DAC_BRIDGE_OUTPUT,11001101,205,11001101,205,11001101,205,11001101,205,True,True
MC200_CMP_XM5_XM6_W8P2524_XM7_XM11_W16P8587_S071_LOW_W4,3,-2.9859e-06;-8.31275e-06;-3.11228e-06;-3.09641e-06;-8.26465e-06;-8.26721e-06;-3.08805e-06;-8.30313e-06,-2.97496e-06;-8.32664e-06;-3.10014e-06;-3.08387e-06;-8.27011e-06;-8.26855e-06;-3.07714e-06;-8.30873e-06,3.3;-2.05179e-06;-1.70026e-06;-1.69423e-06;-1.99673e-06;3.3;3.3;-1.98863e-06,-1.81303e-06;3.3;3.3;3.3;3.3;-2.04671e-06;-1.72148e-06;3.3,RETRY_5NS;RETRY_5NS;RETRY_5NS;RETRY_5NS;RETRY_5NS;RETRY_5NS;RETRY_5NS;RETRY_5NS,8,8,10000110,134,121,1000011,7,134,120,134,INFERRED_AT_DAC_BRIDGE_OUTPUT,10000110,134,10000110,134,10000110,134,10000110,134,True,True
MC200_CMP_XM5_XM6_W8P2524_XM7_XM11_W16P8587_S071_LOW_W4,64,-2.88786e-06;-8.16649e-06;-2.79255e-06;-2.97137e-06;-7.8087e-06;-8.1124e-06;-2.80179e-06;-7.80808e-06,-2.87763e-06;-8.1604e-06;-2.78387e-06;-2.95981e-06;-7.80658e-06;-8.11578e-06;-2.7915e-06;-7.80383e-06,3.3;3.3;3.3;-1.68357e-06;-1.95825e-06;-1.98364e-06;-1.6539e-06;3.3,-1.81554e-06;-2.07036e-06;-1.69699e-06;3.3;3.3;3.3;3.3;-1.99373e-06,RETRY_5NS;RETRY_5NS;RETRY_5NS;RETRY_5NS;RETRY_5NS;RETRY_5NS;RETRY_5NS;RETRY_5NS,8,8,11100001,225,30,1110000,7,224,30,225,INFERRED_AT_DAC_BRIDGE_OUTPUT,11100001,225,11100001,225,11100001,225,11100001,225,True,True
MC200_CMP_XM5_XM6_W8P2524_XM7_XM11_W16P8587_S071_LOW_W4,65,-3.15134e-06;-8.4715e-06;-3.01157e-06;-3.21997e-06;-8.11236e-06;-8.41642e-06;-3.05665e-06;-8.11266e-06,-3.13976e-06;-8.46968e-06;-3.00159e-06;-3.20828e-06;-8.11759e-06;-8.4269e-06;-3.04519e-06;-8.11464e-06,3.3;3.3;3.3;3.3;-1.99103e-06;-2.01701e-06;-1.68253e-06;-2.01392e-06,-1.85897e-06;-2.10808e-06;-1.7275e-06;-1.73768e-06;3.3;3.3;3.3;3.3,RETRY_5NS;RETRY_5NS;RETRY_5NS;RETRY_5NS;RETRY_5NS;RETRY_5NS;RETRY_5NS;RETRY_5NS,8,8,11110000,240,15,1111000,7,240,14,240,INFERRED_AT_DAC_BRIDGE_OUTPUT,11110000,240,11110000,240,11110000,240,11110000,240,True,True
MC200_CMP_XM5_XM6_W8P2524_XM7_XM11_W16P8587_S071_LOW_W4,66,-2.5656e-06;-7.78217e-06;-2.44664e-06;-2.64968e-06;-7.45877e-06;-7.73342e-06;-2.48318e-06;-7.42717e-06,-2.55753e-06;-7.77184e-06;-2.4383e-06;-2.63973e-06;-7.44409e-06;-7.72558e-06;-2.47479e-06;-7.41564e-06,3.3;3.3;-1.63531e-06;-1.6464e-06;3.3;3.3;-1.62401e-06;3.3,-1.77256e-06;-2.02669e-06;3.3;3.3;-1.96624e-06;-1.98934e-06;3.3;-1.94488e-06,RETRY_5NS;RETRY_5NS;RETRY_5NS;RETRY_5NS;RETRY_5NS;RETRY_5NS;RETRY_5NS;RETRY_5NS,8,8,11001101,205,50,1100110,7,204,50,205,INFERRED_AT_DAC_BRIDGE_OUTPUT,11001101,205,11001101,205,11001101,205,11001101,205,True,True
MC200_CMP_XM5_XM6_W8P2524_XM7_XM11_W16P8587_S071_LOW_W4,67,-3.11553e-06;-8.46294e-06;-3.01796e-06;-3.22328e-06;-8.11253e-06;-8.41891e-06;-3.05618e-06;-8.11268e-06,-3.10383e-06;-8.48073e-06;-3.00638e-06;-3.20998e-06;-8.11496e-06;-8.42406e-06;-3.04546e-06;-8.11461e-06,3.3;-2.06574e-06;-1.68977e-06;-1.70568e-06;-1.98244e-06;3.3;3.3;-1.9752e-06,-1.8275e-06;3.3;3.3;3.3;3.3;-2.06289e-06;-1.71679e-06;3.3,RETRY_5NS;RETRY_5NS;RETRY_5NS;RETRY_5NS;RETRY_5NS;RETRY_5NS;RETRY_5NS;RETRY_5NS,8,8,10000110,134,121,1000011,7,134,120,134,INFERRED_AT_DAC_BRIDGE_OUTPUT,10000110,134,10000110,134,10000110,134,10000110,134,True,True
MC200_CMP_XM5_XM6_W8P2524_XM7_XM11_W16P8587_S072_LOW_W4,0,-2.87882e-06;-8.25012e-06;-2.97431e-06;-2.97165e-06;-7.70043e-06;-8.18629e-06;-2.95831e-06;-8.23048e-06,-2.88273e-06;-8.26134e-06;-2.97873e-06;-2.97486e-06;-7.72164e-06;-8.20764e-06;-2.96165e-06;-8.25011e-06,3.3;3.3;3.3;-1.67162e-06;-1.98679e-06;-1.97314e-06;-1.65871e-06;3.3,-1.73215e-06;-1.97591e-06;-1.63958e-06;3.3;3.3;3.3;3.3;-1.93516e-06,RETRY_5NS;RETRY_5NS;RETRY_5NS;RETRY_5NS;RETRY_5NS;RETRY_5NS;RETRY_5NS;RETRY_5NS,8,8,11100001,225,30,1110000,7,224,30,225,INFERRED_AT_DAC_BRIDGE_OUTPUT,11100001,225,11100001,225,11100001,225,11100001,225,True,True
MC200_CMP_XM5_XM6_W8P2524_XM7_XM11_W16P8587_S072_LOW_W4,1,-3.00737e-06;-8.42809e-06;-3.09848e-06;-3.08231e-06;-8.36198e-06;-8.36191e-06;-3.07575e-06;-8.40625e-06,-3.01215e-06;-8.43817e-06;-3.10387e-06;-3.08637e-06;-8.38546e-06;-8.38378e-06;-3.08e-06;-8.42599e-06,3.3;3.3;3.3;3.3;-1.99281e-06;-1.98979e-06;-1.67381e-06;-1.98112e-06,-1.76276e-06;-1.99722e-06;-1.65796e-06;-1.64516e-06;3.3;3.3;3.3;3.3,RETRY_5NS;RETRY_5NS;RETRY_5NS;RETRY_5NS;RETRY_5NS;RETRY_5NS;RETRY_5NS;RETRY_5NS,8,8,11110000,240,15,1111000,7,240,14,240,INFERRED_AT_DAC_BRIDGE_OUTPUT,11110000,240,11110000,240,11110000,240,11110000,240,True,True
MC200_CMP_XM5_XM6_W8P2524_XM7_XM11_W16P8587_S072_LOW_W4,2,-3.4252e-06;-8.63686e-06;-3.24518e-06;-3.05551e-06;-8.58534e-06;-8.58329e-06;-3.22239e-06;-8.62632e-06,-3.43135e-06;-8.64848e-06;-3.24987e-06;-3.05889e-06;-8.60012e-06;-8.60098e-06;-3.22761e-06;-8.64558e-06,3.3;3.3;-1.70432e-06;-1.68891e-06;3.3;3.3;-1.68593e-06;3.3,-1.75539e-06;-2.00837e-06;3.3;3.3;-1.97531e-06;-1.97027e-06;3.3;-1.96803e-06,RETRY_5NS;RETRY_5NS;RETRY_5NS;RETRY_5NS;RETRY_5NS;RETRY_5NS;RETRY_5NS;RETRY_5NS,8,8,11001101,205,50,1100110,7,204,50,205,INFERRED_AT_DAC_BRIDGE_OUTPUT,11001101,205,11001101,205,11001101,205,11001101,205,True,True
MC200_CMP_XM5_XM6_W8P2524_XM7_XM11_W16P8587_S072_LOW_W4,3,-3.08075e-06;-8.59444e-06;-3.22129e-06;-3.20282e-06;-8.53796e-06;-8.54003e-06;-3.19324e-06;-8.58218e-06,-3.08586e-06;-8.62309e-06;-3.22593e-06;-3.20692e-06;-8.55827e-06;-8.55682e-06;-3.19789e-06;-8.6018e-06,3.3;-2.05218e-06;-1.70054e-06;-1.69412e-06;-2.00203e-06;3.3;3.3;-1.99774e-06,-1.74302e-06;3.3;3.3;3.3;3.3;-1.96901e-06;-1.65665e-06;3.3,RETRY_5NS;RETRY_5NS;RETRY_5NS;RETRY_5NS;RETRY_5NS;RETRY_5NS;RETRY_5NS;RETRY_5NS,8,8,10000110,134,121,1000011,7,134,120,134,INFERRED_AT_DAC_BRIDGE_OUTPUT,10000110,134,10000110,134,10000110,134,10000110,134,True,True
MC200_CMP_XM5_XM6_W8P2524_XM7_XM11_W16P8587_S072_LOW_W4,64,-2.99663e-06;-8.42482e-06;-2.88706e-06;-3.08821e-06;-8.01116e-06;-8.36192e-06;-2.92879e-06;-8.01057e-06,-3.00115e-06;-8.43523e-06;-2.89106e-06;-3.092e-06;-8.03358e-06;-8.3834e-06;-2.93233e-06;-8.03034e-06,3.3;3.3;3.3;-1.68367e-06;-1.96191e-06;-1.98632e-06;-1.65583e-06;3.3,-1.74651e-06;-1.99173e-06;-1.63186e-06;3.3;3.3;3.3;3.3;-1.91704e-06,RETRY_5NS;RETRY_5NS;RETRY_5NS;RETRY_5NS;RETRY_5NS;RETRY_5NS;RETRY_5NS;RETRY_5NS,8,8,11100001,225,30,1110000,7,224,30,225,INFERRED_AT_DAC_BRIDGE_OUTPUT,11100001,225,11100001,225,11100001,225,11100001,225,True,True
MC200_CMP_XM5_XM6_W8P2524_XM7_XM11_W16P8587_S072_LOW_W4,65,-3.12442e-06;-8.60259e-06;-3.01161e-06;-3.19925e-06;-8.18656e-06;-8.53749e-06;-3.04641e-06;-8.18633e-06,-3.1298e-06;-8.61181e-06;-3.01653e-06;-3.20391e-06;-8.20962e-06;-8.55964e-06;-3.05048e-06;-8.2063e-06,3.3;3.3;3.3;3.3;-1.97664e-06;-2.00517e-06;-1.66924e-06;-2.00262e-06,-1.77623e-06;-2.01301e-06;-1.64915e-06;-1.65903e-06;3.3;3.3;3.3;3.3,RETRY_5NS;RETRY_5NS;RETRY_5NS;RETRY_5NS;RETRY_5NS;RETRY_5NS;RETRY_5NS;RETRY_5NS,8,8,11110000,240,15,1111000,7,240,14,240,INFERRED_AT_DAC_BRIDGE_OUTPUT,11110000,240,11110000,240,11110000,240,11110000,240,True,True
MC200_CMP_XM5_XM6_W8P2524_XM7_XM11_W16P8587_S072_LOW_W4,66,-3.65052e-06;-8.81174e-06;-3.15833e-06;-3.35644e-06;-8.40942e-06;-8.759e-06;-3.19302e-06;-8.40636e-06,-3.65758e-06;-8.82268e-06;-3.16259e-06;-3.3611e-06;-8.42471e-06;-8.77672e-06;-3.19808e-06;-8.4259e-06,3.3;3.3;-1.69419e-06;-1.70085e-06;3.3;3.3;-1.6844e-06;3.3,-1.76942e-06;-2.02398e-06;3.3;3.3;-1.9595e-06;-1.98407e-06;3.3;-1.94842e-06,RETRY_5NS;RETRY_5NS;RETRY_5NS;RETRY_5NS;RETRY_5NS;RETRY_5NS;RETRY_5NS;RETRY_5NS,8,8,11001101,205,50,1100110,7,204,50,205,INFERRED_AT_DAC_BRIDGE_OUTPUT,11001101,205,11001101,205,11001101,205,11001101,205,True,True
MC200_CMP_XM5_XM6_W8P2524_XM7_XM11_W16P8587_S072_LOW_W4,67,-3.20066e-06;-8.76797e-06;-3.13465e-06;-3.31959e-06;-8.36231e-06;-8.71565e-06;-3.16387e-06;-8.36228e-06,-3.20638e-06;-8.79738e-06;-3.13886e-06;-3.32426e-06;-8.38248e-06;-8.73251e-06;-3.16837e-06;-8.38204e-06,3.3;-2.06847e-06;-1.69039e-06;-1.70695e-06;-1.98486e-06;3.3;3.3;-1.97813e-06,-1.75801e-06;3.3;3.3;3.3;3.3;-1.98445e-06;-1.65181e-06;3.3,RETRY_5NS;RETRY_5NS;RETRY_5NS;RETRY_5NS;RETRY_5NS;RETRY_5NS;RETRY_5NS;RETRY_5NS,8,8,10000110,134,121,1000011,7,134,120,134,INFERRED_AT_DAC_BRIDGE_OUTPUT,10000110,134,10000110,134,10000110,134,10000110,134,True,True
MC200_CMP_XM5_XM6_W8P2524_XM7_XM11_W16P8587_S073_LOW_W4,0,-3.09788e-06;-8.42034e-06;-3.3128e-06;-3.18662e-06;-8.36538e-06;-8.36556e-06;-3.1756e-06;-8.40477e-06,-3.08764e-06;-8.41229e-06;-3.30168e-06;-3.17487e-06;-8.37039e-06;-8.36896e-06;-3.16457e-06;-8.40681e-06,3.3;3.3;3.3;-1.6481e-06;-1.94936e-06;-1.94596e-06;-1.63776e-06;-1.94299e-06,-1.85659e-06;-2.11714e-06;-1.75971e-06;3.3;3.3;3.3;3.3;3.3,RETRY_5NS;RETRY_5NS;RETRY_5NS;RETRY_5NS;RETRY_5NS;RETRY_5NS;RETRY_5NS;RETRY_5NS,8,8,11100000,224,31,1110000,7,224,30,224,INFERRED_AT_DAC_BRIDGE_OUTPUT,11100000,224,11100000,224,11100000,224,11100000,224,True,True
MC200_CMP_XM5_XM6_W8P2524_XM7_XM11_W16P8587_S073_LOW_W4,1,-3.17457e-06;-8.94198e-06;-3.16271e-06;-3.1497e-06;-8.33136e-06;-8.33014e-06;-3.14376e-06;-7.66699e-06,-3.16467e-06;-8.92669e-06;-3.15313e-06;-3.13872e-06;-8.32586e-06;-8.32606e-06;-3.13385e-06;-7.67518e-06,3.3;3.3;3.3;-1.63357e-06;3.3;3.3;3.3;3.3,-1.87388e-06;-2.11226e-06;-1.76089e-06;3.3;-2.07944e-06;-2.07567e-06;-1.74775e-06;-2.08053e-06,RETRY_5NS;RETRY_5NS;RETRY_5NS;RETRY_5NS;RETRY_5NS;RETRY_5NS;RETRY_5NS;RETRY_5NS,8,8,11101111,239,16,1110111,7,238,16,231,INFERRED_AT_DAC_BRIDGE_OUTPUT,11100111,231,11100111,231,11100111,231,11100111,231,True,True
MC200_CMP_XM5_XM6_W8P2524_XM7_XM11_W16P8587_S073_LOW_W4,2,-3.09465e-06;-8.41391e-06;-3.19575e-06;-3.18211e-06;-8.36864e-06;-8.03313e-06;-3.17506e-06;-9.6246e-06,-3.08468e-06;-8.40834e-06;-3.18404e-06;-3.17015e-06;-8.36535e-06;-8.03574e-06;-3.16482e-06;-9.60958e-06,3.3;3.3;-1.65162e-06;-1.64332e-06;3.3;-1.93722e-06;3.3;3.3,-1.84844e-06;-2.11365e-06;3.3;3.3;-2.08121e-06;3.3;-1.7517e-06;-2.0722e-06,RETRY_5NS;RETRY_5NS;RETRY_5NS;RETRY_5NS;RETRY_5NS;RETRY_5NS;RETRY_5NS;RETRY_5NS,8,8,11001011,203,52,1100101,7,202,52,195,INFERRED_AT_DAC_BRIDGE_OUTPUT,11000011,195,11000011,195,11000011,195,11000011,195,True,True
MC200_CMP_XM5_XM6_W8P2524_XM7_XM11_W16P8587_S073_LOW_W4,3,-3.19452e-06;-8.56764e-06;-3.32528e-06;-3.3088e-06;-8.5195e-06;-8.52168e-06;-3.60009e-06;-8.55979e-06,-3.183e-06;-8.58276e-06;-3.31226e-06;-3.29547e-06;-8.52633e-06;-8.52421e-06;-3.58658e-06;-8.56424e-06,3.3;-2.00688e-06;-1.66361e-06;-1.65949e-06;-1.95888e-06;3.3;-1.64662e-06;3.3,-1.85492e-06;3.3;3.3;3.3;3.3;-2.09192e-06;3.3;-2.09301e-06,RETRY_5NS;RETRY_5NS;RETRY_5NS;RETRY_5NS;RETRY_5NS;RETRY_5NS;RETRY_5NS;RETRY_5NS,8,8,10000101,133,122,1000010,7,132,122,133,INFERRED_AT_DAC_BRIDGE_OUTPUT,10000101,133,10000101,133,10000101,133,10000101,133,True,True
MC200_CMP_XM5_XM6_W8P2524_XM7_XM11_W16P8587_S073_LOW_W4,64,-3.22323e-06;-8.57366e-06;-3.10033e-06;-3.31094e-06;-8.21149e-06;-8.51964e-06;-3.1443e-06;-8.21177e-06,-3.21161e-06;-8.56871e-06;-3.09049e-06;-3.29783e-06;-8.2122e-06;-8.52719e-06;-3.13361e-06;-8.20908e-06,3.3;3.3;3.3;-1.6607e-06;-1.93425e-06;-1.96058e-06;-1.6357e-06;-1.92337e-06,-1.87021e-06;-2.13362e-06;-1.74314e-06;3.3;3.3;3.3;3.3;3.3,RETRY_5NS;RETRY_5NS;RETRY_5NS;RETRY_5NS;RETRY_5NS;RETRY_5NS;RETRY_5NS;RETRY_5NS,8,8,11100000,224,31,1110000,7,224,30,224,INFERRED_AT_DAC_BRIDGE_OUTPUT,11100000,224,11100000,224,11100000,224,11100000,224,True,True
MC200_CMP_XM5_XM6_W8P2524_XM7_XM11_W16P8587_S073_LOW_W4,65,-3.31028e-06;-8.95913e-06;-3.06997e-06;-3.27438e-06;-8.17712e-06;-8.4845e-06;-3.11244e-06;-8.1736e-06,-3.29899e-06;-8.94852e-06;-3.06141e-06;-3.26204e-06;-8.16809e-06;-8.48401e-06;-3.10286e-06;-8.16877e-06,3.3;3.3;3.3;-1.64551e-06;3.3;3.3;3.3;3.3,-1.88805e-06;-2.13019e-06;-1.75056e-06;3.3;-2.06392e-06;-2.09237e-06;-1.74399e-06;-2.08976e-06,RETRY_5NS;RETRY_5NS;RETRY_5NS;RETRY_5NS;RETRY_5NS;RETRY_5NS;RETRY_5NS;RETRY_5NS,8,8,11101111,239,16,1110111,7,238,16,239,INFERRED_AT_DAC_BRIDGE_OUTPUT,11101111,239,11101111,239,11101111,239,11101111,239,True,True
MC200_CMP_XM5_XM6_W8P2524_XM7_XM11_W16P8587_S073_LOW_W4,66,-3.22013e-06;-8.56725e-06;-3.09178e-06;-3.30674e-06;-8.21423e-06;-8.22796e-06;-3.14375e-06;-8.21238e-06,-3.20879e-06;-8.565e-06;-3.08111e-06;-3.29341e-06;-8.20748e-06;-8.23533e-06;-3.13386e-06;-8.20824e-06,3.3;3.3;-1.64167e-06;-1.65542e-06;3.3;-1.94961e-06;3.3;3.3,-1.86304e-06;-2.13083e-06;3.3;3.3;-2.06471e-06;3.3;-1.74816e-06;-2.05805e-06,RETRY_5NS;RETRY_5NS;RETRY_5NS;RETRY_5NS;RETRY_5NS;RETRY_5NS;RETRY_5NS;RETRY_5NS,8,8,11001011,203,52,1100101,7,202,52,203,INFERRED_AT_DAC_BRIDGE_OUTPUT,11001011,203,11001011,203,11001011,203,11001011,203,True,True
MC200_CMP_XM5_XM6_W8P2524_XM7_XM11_W16P8587_S073_LOW_W4,67,-3.32204e-06;-8.71971e-06;-3.23289e-06;-3.43331e-06;-8.36545e-06;-8.67601e-06;-3.26942e-06;-8.36678e-06,-3.30914e-06;-8.73952e-06;-3.2209e-06;-3.41862e-06;-8.36823e-06;-8.68229e-06;-3.25708e-06;-8.36645e-06,3.3;-2.02259e-06;-1.65434e-06;-1.67214e-06;-1.94451e-06;3.3;-1.64217e-06;3.3,-1.86963e-06;3.3;3.3;3.3;3.3;-2.10953e-06;3.3;-2.07373e-06,RETRY_5NS;RETRY_5NS;RETRY_5NS;RETRY_5NS;RETRY_5NS;RETRY_5NS;RETRY_5NS;RETRY_5NS,8,8,10000101,133,122,1000010,7,132,122,133,INFERRED_AT_DAC_BRIDGE_OUTPUT,10000101,133,10000101,133,10000101,133,10000101,133,True,True
MC200_CMP_XM5_XM6_W8P2524_XM7_XM11_W16P8587_S074_LOW_W4,0,-2.82464e-06;-8.21204e-06;-2.92488e-06;-2.90489e-06;-8.15536e-06;-8.15551e-06;-2.89549e-06;-8.19796e-06,-2.85735e-06;-8.19453e-06;-2.95843e-06;-2.9369e-06;-8.15149e-06;-8.15021e-06;-2.92802e-06;-8.18846e-06,3.3;3.3;3.3;-1.65336e-06;-1.955e-06;-1.95235e-06;-1.64173e-06;-1.94418e-06,-1.77002e-06;-2.02032e-06;-1.67587e-06;3.3;3.3;3.3;3.3;3.3,RETRY_5NS;RETRY_5NS;RETRY_5NS;RETRY_5NS;RETRY_5NS;RETRY_5NS;RETRY_5NS;RETRY_5NS,8,8,11100000,224,31,1110000,7,224,30,224,INFERRED_AT_DAC_BRIDGE_OUTPUT,11100000,224,11100000,224,11100000,224,11100000,224,True,True
MC200_CMP_XM5_XM6_W8P2524_XM7_XM11_W16P8587_S074_LOW_W4,1,-2.39489e-06;-7.63507e-06;-2.47553e-06;-2.45964e-06;-7.5736e-06;-7.57315e-06;-2.45411e-06;-7.61455e-06,-2.42446e-06;-7.64196e-06;-2.50623e-06;-2.48989e-06;-7.59017e-06;-7.58877e-06;-2.48305e-06;-7.62699e-06,3.3;3.3;3.3;3.3;-1.90311e-06;-1.90037e-06;-1.6016e-06;-1.89739e-06,-1.74032e-06;-1.97091e-06;-1.63729e-06;-1.62336e-06;3.3;3.3;3.3;3.3,RETRY_5NS;RETRY_5NS;RETRY_5NS;RETRY_5NS;RETRY_5NS;RETRY_5NS;RETRY_5NS;RETRY_5NS,8,8,11110000,240,15,1111000,7,240,14,240,INFERRED_AT_DAC_BRIDGE_OUTPUT,11110000,240,11110000,240,11110000,240,11110000,240,True,True
MC200_CMP_XM5_XM6_W8P2524_XM7_XM11_W16P8587_S074_LOW_W4,2,-2.94814e-06;-8.37215e-06;-3.03939e-06;-2.80265e-06;-8.3252e-06;-8.32355e-06;-3.02168e-06;-8.36494e-06,-2.98196e-06;-8.34984e-06;-3.07255e-06;-2.83672e-06;-8.30742e-06;-8.30828e-06;-3.05519e-06;-8.34867e-06,3.3;3.3;-1.67046e-06;-1.65393e-06;3.3;3.3;-1.65618e-06;-1.95749e-06,-1.77788e-06;-2.03223e-06;3.3;3.3;-1.99964e-06;-1.993e-06;3.3;3.3,RETRY_5NS;RETRY_5NS;RETRY_5NS;RETRY_5NS;RETRY_5NS;RETRY_5NS;RETRY_5NS;RETRY_5NS,8,8,11001100,204,51,1100110,7,204,50,204,INFERRED_AT_DAC_BRIDGE_OUTPUT,11001100,204,11001100,204,11001100,204,11001100,204,True,True
MC200_CMP_XM5_XM6_W8P2524_XM7_XM11_W16P8587_S074_LOW_W4,3,-2.86005e-06;-8.29e-06;-2.98129e-06;-2.96613e-06;-8.23889e-06;-7.86237e-06;-2.95797e-06;-8.28122e-06,-2.893e-06;-8.28621e-06;-3.01401e-06;-2.99845e-06;-8.22929e-06;-7.84603e-06;-2.99208e-06;-8.26888e-06,3.3;-2.00791e-06;-1.66295e-06;-1.65837e-06;-1.95798e-06;3.3;3.3;-1.95734e-06,-1.76126e-06;3.3;3.3;3.3;3.3;-1.99212e-06;-1.67189e-06;3.3,RETRY_5NS;RETRY_5NS;RETRY_5NS;RETRY_5NS;RETRY_5NS;RETRY_5NS;RETRY_5NS;RETRY_5NS,8,8,10000110,134,121,1000011,7,134,120,134,INFERRED_AT_DAC_BRIDGE_OUTPUT,10000110,134,10000110,134,10000110,134,10000110,134,True,True
MC200_CMP_XM5_XM6_W8P2524_XM7_XM11_W16P8587_S074_LOW_W4,64,-2.95096e-06;-8.37782e-06;-2.81254e-06;-3.03038e-06;-7.98914e-06;-8.32226e-06;-2.86395e-06;-7.99008e-06,-2.98464e-06;-8.35331e-06;-2.84553e-06;-3.0634e-06;-7.99105e-06;-8.31015e-06;-2.89623e-06;-7.98751e-06,3.3;3.3;3.3;-1.66592e-06;-1.9406e-06;-1.96619e-06;-1.63801e-06;3.3,-1.78531e-06;-2.03602e-06;-1.66518e-06;3.3;3.3;3.3;3.3;-1.95349e-06,RETRY_5NS;RETRY_5NS;RETRY_5NS;RETRY_5NS;RETRY_5NS;RETRY_5NS;RETRY_5NS;RETRY_5NS,8,8,11100001,225,30,1110000,7,224,30,225,INFERRED_AT_DAC_BRIDGE_OUTPUT,11100001,225,11100001,225,11100001,225,11100001,225,True,True
MC200_CMP_XM5_XM6_W8P2524_XM7_XM11_W16P8587_S074_LOW_W4,65,-2.52043e-06;-7.80062e-06;-2.38166e-06;-2.58536e-06;-7.40738e-06;-7.73952e-06;-2.42259e-06;-7.40622e-06,-2.55095e-06;-7.80046e-06;-2.41165e-06;-2.61658e-06;-7.4297e-06;-7.7492e-06;-2.45127e-06;-7.42639e-06,3.3;3.3;3.3;3.3;-1.88806e-06;-1.91589e-06;-1.59857e-06;-1.91381e-06,-1.75384e-06;-1.9864e-06;-1.62957e-06;-1.6342e-06;3.3;3.3;3.3;3.3,RETRY_5NS;RETRY_5NS;RETRY_5NS;RETRY_5NS;RETRY_5NS;RETRY_5NS;RETRY_5NS;RETRY_5NS,8,8,11110000,240,15,1111000,7,240,14,240,INFERRED_AT_DAC_BRIDGE_OUTPUT,11110000,240,11110000,240,11110000,240,11110000,240,True,True
MC200_CMP_XM5_XM6_W8P2524_XM7_XM11_W16P8587_S074_LOW_W4,66,-3.07443e-06;-8.53801e-06;-2.94597e-06;-3.13585e-06;-8.15855e-06;-8.49012e-06;-2.99013e-06;-8.15626e-06,-3.10923e-06;-8.50885e-06;-2.97838e-06;-3.17012e-06;-8.14735e-06;-8.46864e-06;-3.02339e-06;-8.1484e-06,3.3;3.3;-1.65996e-06;-1.6717e-06;3.3;3.3;-1.65171e-06;-1.94133e-06,-1.79166e-06;-2.04752e-06;3.3;3.3;-1.98458e-06;-2.00663e-06;3.3;3.3,RETRY_5NS;RETRY_5NS;RETRY_5NS;RETRY_5NS;RETRY_5NS;RETRY_5NS;RETRY_5NS;RETRY_5NS,8,8,11001100,204,51,1100110,7,204,50,204,INFERRED_AT_DAC_BRIDGE_OUTPUT,11001100,204,11001100,204,11001100,204,11001100,204,True,True
MC200_CMP_XM5_XM6_W8P2524_XM7_XM11_W16P8587_S074_LOW_W4,67,-2.98812e-06;-8.45464e-06;-2.88791e-06;-3.09172e-06;-8.07241e-06;-8.40784e-06;-2.92643e-06;-8.0729e-06,-3.02206e-06;-8.44543e-06;-2.91987e-06;-3.12502e-06;-8.06894e-06;-8.38788e-06;-2.96029e-06;-8.06826e-06,3.3;-2.02382e-06;-1.65297e-06;-1.67066e-06;-1.94109e-06;3.3;3.3;-1.93634e-06,-1.77509e-06;3.3;3.3;3.3;3.3;-2.0045e-06;-1.66778e-06;3.3,RETRY_5NS;RETRY_5NS;RETRY_5NS;RETRY_5NS;RETRY_5NS;RETRY_5NS;RETRY_5NS;RETRY_5NS,8,8,10000110,134,121,1000011,7,134,120,134,INFERRED_AT_DAC_BRIDGE_OUTPUT,10000110,134,10000110,134,10000110,134,10000110,134,True,True
MC200_CMP_XM5_XM6_W8P2524_XM7_XM11_W16P8587_S075_LOW_W4,0,-3.10761e-06;-8.25512e-06;-3.0238e-06;-3.02097e-06;-8.19641e-06;-8.19635e-06;-3.00891e-06;-8.23678e-06,-3.08861e-06;-8.21898e-06;-3.00746e-06;-3.00371e-06;-8.17097e-06;-8.16938e-06;-2.992e-06;-8.20988e-06,3.3;3.3;3.3;-1.66072e-06;-1.96225e-06;-1.95532e-06;3.3;-1.95804e-06,-1.86398e-06;-2.11692e-06;-1.75752e-06;3.3;3.3;3.3;-1.744e-06;3.3,RETRY_5NS;RETRY_5NS;RETRY_5NS;RETRY_5NS;RETRY_5NS;RETRY_5NS;RETRY_5NS;RETRY_5NS,8,8,11100010,226,29,1110001,7,226,28,226,INFERRED_AT_DAC_BRIDGE_OUTPUT,11100010,226,11100010,226,11100010,226,11100010,226,True,True
MC200_CMP_XM5_XM6_W8P2524_XM7_XM11_W16P8587_S075_LOW_W4,1,-3.06475e-06;-8.41837e-06;-2.95319e-06;-3.13736e-06;-8.35741e-06;-8.35751e-06;-3.13171e-06;-8.39841e-06,-3.04744e-06;-8.385e-06;-2.93716e-06;-3.11941e-06;-8.3366e-06;-8.33493e-06;-3.11318e-06;-8.37473e-06,3.3;3.3;3.3;3.3;-1.978e-06;-1.97147e-06;-1.65985e-06;3.3,-1.88744e-06;-2.13803e-06;-1.77113e-06;-1.76641e-06;3.3;3.3;3.3;-2.08806e-06,RETRY_5NS;RETRY_5NS;RETRY_5NS;RETRY_5NS;RETRY_5NS;RETRY_5NS;RETRY_5NS;RETRY_5NS,8,8,11110001,241,14,1111000,7,240,14,241,INFERRED_AT_DAC_BRIDGE_OUTPUT,11110001,241,11110001,241,11110001,241,11110001,241,True,True
MC200_CMP_XM5_XM6_W8P2524_XM7_XM11_W16P8587_S075_LOW_W4,2,-2.46602e-06;-7.73725e-06;-2.57841e-06;-2.55683e-06;-7.59458e-06;-7.59301e-06;-2.54807e-06;-7.63204e-06,-2.45807e-06;-7.6898e-06;-2.56856e-06;-2.54669e-06;-7.54906e-06;-7.54821e-06;-2.53843e-06;-7.58932e-06,3.3;3.3;-1.61991e-06;-1.60684e-06;3.3;3.3;-1.59271e-06;3.3,-1.7966e-06;-2.05038e-06;3.3;3.3;-2.0229e-06;-2.01684e-06;3.3;-2.0192e-06,RETRY_5NS;RETRY_5NS;RETRY_5NS;RETRY_5NS;RETRY_5NS;RETRY_5NS;RETRY_5NS;RETRY_5NS,8,8,11001101,205,50,1100110,7,204,50,205,INFERRED_AT_DAC_BRIDGE_OUTPUT,11001101,205,11001101,205,11001101,205,11001101,205,True,True
MC200_CMP_XM5_XM6_W8P2524_XM7_XM11_W16P8587_S075_LOW_W4,3,-3.1775e-06;-8.60968e-06;-3.31053e-06;-3.29384e-06;-8.5595e-06;-8.56219e-06;-3.28515e-06;-7.88549e-06,-3.15776e-06;-8.60028e-06;-3.28899e-06;-3.2719e-06;-8.53995e-06;-8.53843e-06;-3.26476e-06;-7.87647e-06,3.3;-2.04273e-06;-1.69551e-06;-1.68702e-06;-1.98421e-06;3.3;3.3;3.3,-1.87248e-06;3.3;3.3;3.3;3.3;-2.11558e-06;-1.77981e-06;-2.11851e-06,RETRY_5NS;RETRY_5NS;RETRY_5NS;RETRY_5NS;RETRY_5NS;RETRY_5NS;RETRY_5NS;RETRY_5NS,8,8,10000111,135,120,1000011,7,134,120,135,INFERRED_AT_DAC_BRIDGE_OUTPUT,10000111,135,10000111,135,10000111,135,10000111,135,True,True
MC200_CMP_XM5_XM6_W8P2524_XM7_XM11_W16P8587_S075_LOW_W4,64,-3.05433e-06;-8.41547e-06;-2.93244e-06;-3.14295e-06;-8.03541e-06;-8.35754e-06;-3.05329e-06;-8.03501e-06,-3.03685e-06;-8.38242e-06;-2.91759e-06;-3.12372e-06;-8.00564e-06;-8.33474e-06;-3.03637e-06;-8.00327e-06,3.3;3.3;3.3;-1.67271e-06;-1.94666e-06;-1.97273e-06;3.3;-1.9392e-06,-1.87224e-06;-2.13241e-06;-1.74754e-06;3.3;3.3;3.3;-1.7425e-06;3.3,RETRY_5NS;RETRY_5NS;RETRY_5NS;RETRY_5NS;RETRY_5NS;RETRY_5NS;RETRY_5NS;RETRY_5NS,8,8,11100010,226,29,1110001,7,226,28,226,INFERRED_AT_DAC_BRIDGE_OUTPUT,11100010,226,11100010,226,11100010,226,11100010,226,True,True
MC200_CMP_XM5_XM6_W8P2524_XM7_XM11_W16P8587_S075_LOW_W4,65,-3.187e-06;-8.57849e-06;-2.88152e-06;-3.25979e-06;-8.19644e-06;-8.51867e-06;-3.10103e-06;-8.1966e-06,-3.16775e-06;-8.54818e-06;-2.86676e-06;-3.23987e-06;-8.17131e-06;-8.50029e-06;-3.08294e-06;-8.1681e-06,3.3;3.3;3.3;3.3;-1.96318e-06;-1.98782e-06;-1.65686e-06;3.3,-1.90213e-06;-2.15497e-06;-1.76288e-06;-1.77988e-06;3.3;3.3;3.3;-2.11177e-06,RETRY_5NS;RETRY_5NS;RETRY_5NS;RETRY_5NS;RETRY_5NS;RETRY_5NS;RETRY_5NS;RETRY_5NS,8,8,11110001,241,14,1111000,7,240,14,241,INFERRED_AT_DAC_BRIDGE_OUTPUT,11110001,241,11110001,241,11110001,241,11110001,241,True,True
MC200_CMP_XM5_XM6_W8P2524_XM7_XM11_W16P8587_S075_LOW_W4,66,-2.58924e-06;-7.71878e-06;-2.48722e-06;-2.67927e-06;-7.43311e-06;-7.75426e-06;-2.51735e-06;-7.42956e-06,-2.57934e-06;-7.67624e-06;-2.47883e-06;-2.66716e-06;-7.38418e-06;-7.71334e-06;-2.50819e-06;-7.38321e-06,3.3;3.3;-1.61057e-06;-1.61892e-06;3.3;3.3;-1.59372e-06;3.3,-1.80987e-06;-2.07256e-06;3.3;3.3;-2.00669e-06;-2.03236e-06;3.3;-1.9984e-06,RETRY_5NS;RETRY_5NS;RETRY_5NS;RETRY_5NS;RETRY_5NS;RETRY_5NS;RETRY_5NS;RETRY_5NS,8,8,11001101,205,50,1100110,7,204,50,205,INFERRED_AT_DAC_BRIDGE_OUTPUT,11001101,205,11001101,205,11001101,205,11001101,205,True,True
MC200_CMP_XM5_XM6_W8P2524_XM7_XM11_W16P8587_S075_LOW_W4,67,-3.30277e-06;-8.76887e-06;-3.2198e-06;-3.41612e-06;-8.39819e-06;-8.72365e-06;-3.25442e-06;-8.39847e-06,-3.28107e-06;-8.76416e-06;-3.19973e-06;-3.39221e-06;-8.37495e-06;-8.70342e-06;-3.23452e-06;-8.37465e-06,3.3;-2.05892e-06;-1.68488e-06;-1.70018e-06;-1.97152e-06;3.3;3.3;3.3,-1.88747e-06;3.3;3.3;3.3;3.3;-2.13005e-06;-1.77826e-06;-2.09117e-06,RETRY_5NS;RETRY_5NS;RETRY_5NS;RETRY_5NS;RETRY_5NS;RETRY_5NS;RETRY_5NS;RETRY_5NS,8,8,10000111,135,120,1000011,7,134,120,135,INFERRED_AT_DAC_BRIDGE_OUTPUT,10000111,135,10000111,135,10000111,135,10000111,135,True,True
MC200_CMP_XM5_XM6_W8P2524_XM7_XM11_W16P8587_S076_LOW_W4,0,-2.98921e-06;-8.34553e-06;-3.09544e-06;-3.09285e-06;-9.35844e-06;-8.28169e-06;-3.07618e-06;-8.32353e-06,-3.11762e-06;-8.33133e-06;-3.22688e-06;-3.22432e-06;-9.41163e-06;-8.27854e-06;-3.2071e-06;-8.31605e-06,3.3;3.3;-1.65857e-06;3.3;3.3;3.3;3.3;3.3,-1.73453e-06;-1.97877e-06;3.3;-1.6434e-06;-1.9398e-06;-1.94211e-06;-1.63461e-06;-1.93755e-06,RETRY_5NS;RETRY_5NS;RETRY_5NS;RETRY_5NS;RETRY_5NS;RETRY_5NS;RETRY_5NS;RETRY_5NS,8,8,11011111,223,32,1101111,7,222,32,223,INFERRED_AT_DAC_BRIDGE_OUTPUT,11011111,223,11011111,223,11011111,223,11011111,223,True,True
MC200_CMP_XM5_XM6_W8P2524_XM7_XM11_W16P8587_S076_LOW_W4,1,-3.05887e-06;-8.43653e-06;-3.16073e-06;-3.14144e-06;-8.37099e-06;-7.72462e-06;-3.13281e-06;-8.41081e-06,-3.19037e-06;-8.40935e-06;-3.295e-06;-3.27437e-06;-8.35406e-06;-7.68127e-06;-3.26657e-06;-8.39153e-06,3.3;3.3;3.3;-1.66235e-06;3.3;3.3;3.3;-1.9667e-06,-1.75743e-06;-1.99083e-06;-1.65436e-06;3.3;-1.95305e-06;-1.95592e-06;-1.63996e-06;3.3,RETRY_5NS;RETRY_5NS;RETRY_5NS;RETRY_5NS;RETRY_5NS;RETRY_5NS;RETRY_5NS;RETRY_5NS,8,8,11101110,238,17,1110111,7,238,16,238,INFERRED_AT_DAC_BRIDGE_OUTPUT,11101110,238,11101110,238,11101110,238,11101110,238,True,True
MC200_CMP_XM5_XM6_W8P2524_XM7_XM11_W16P8587_S076_LOW_W4,2,-3.12753e-06;-8.06266e-06;-3.24833e-06;-3.22759e-06;-8.50071e-06;-8.49858e-06;-3.21831e-06;-8.54244e-06,-3.26275e-06;-7.99737e-06;-3.3856e-06;-3.3639e-06;-8.46655e-06;-8.46723e-06;-3.35562e-06;-8.50445e-06,3.3;3.3;-1.68483e-06;-1.67628e-06;3.3;-1.97852e-06;3.3;3.3,-1.74565e-06;-1.99863e-06;3.3;3.3;-1.96049e-06;3.3;-1.64862e-06;-1.95598e-06,RETRY_5NS;RETRY_5NS;RETRY_5NS;RETRY_5NS;RETRY_5NS;RETRY_5NS;RETRY_5NS;RETRY_5NS,8,8,11001011,203,52,1100101,7,202,52,203,INFERRED_AT_DAC_BRIDGE_OUTPUT,11001011,203,11001011,203,11001011,203,11001011,203,True,True
MC200_CMP_XM5_XM6_W8P2524_XM7_XM11_W16P8587_S076_LOW_W4,3,-3.20773e-06;-8.73241e-06;-3.36564e-06;-3.34381e-06;-8.67237e-06;-8.67431e-06;-3.41833e-06;-8.71754e-06,-3.34732e-06;-8.68135e-06;-3.50813e-06;-3.48542e-06;-8.61994e-06;-8.61745e-06;-3.56057e-06;-8.65521e-06,3.3;-2.04875e-06;-1.6978e-06;-1.69094e-06;-1.99988e-06;3.3;-1.6827e-06;3.3,-1.74918e-06;3.3;3.3;3.3;3.3;-1.97139e-06;3.3;-1.96693e-06,RETRY_5NS;RETRY_5NS;RETRY_5NS;RETRY_5NS;RETRY_5NS;RETRY_5NS;RETRY_5NS;RETRY_5NS,8,8,10000101,133,122,1000010,7,132,122,133,INFERRED_AT_DAC_BRIDGE_OUTPUT,10000101,133,10000101,133,10000101,133,10000101,133,True,True
MC200_CMP_XM5_XM6_W8P2524_XM7_XM11_W16P8587_S076_LOW_W4,64,-3.10327e-06;-8.51948e-06;-3.01111e-06;-3.20556e-06;-8.97135e-06;-8.45698e-06;-3.04775e-06;-8.1045e-06,-3.23693e-06;-8.4799e-06;-3.13867e-06;-3.34227e-06;-9.03567e-06;-8.42889e-06;-3.17739e-06;-8.1277e-06,3.3;3.3;-1.64968e-06;3.3;3.3;3.3;3.3;3.3,-1.74777e-06;-1.99443e-06;3.3;-1.65591e-06;-1.92604e-06;-1.95674e-06;-1.63099e-06;-1.91952e-06,RETRY_5NS;RETRY_5NS;RETRY_5NS;RETRY_5NS;RETRY_5NS;RETRY_5NS;RETRY_5NS;RETRY_5NS,8,8,11011111,223,32,1101111,7,222,32,223,INFERRED_AT_DAC_BRIDGE_OUTPUT,11011111,223,11011111,223,11011111,223,11011111,223,True,True
MC200_CMP_XM5_XM6_W8P2524_XM7_XM11_W16P8587_S076_LOW_W4,65,-3.17216e-06;-8.61013e-06;-3.07668e-06;-3.25455e-06;-8.19577e-06;-8.54415e-06;-3.10439e-06;-7.76989e-06,-3.30889e-06;-8.5575e-06;-3.20702e-06;-3.39269e-06;-8.20389e-06;-8.50407e-06;-3.23685e-06;-7.76384e-06,3.3;3.3;3.3;-1.67502e-06;3.3;3.3;3.3;-1.99423e-06,-1.77083e-06;-2.00562e-06;-1.64465e-06;3.3;-1.93738e-06;-1.96384e-06;-1.63702e-06;3.3,RETRY_5NS;RETRY_5NS;RETRY_5NS;RETRY_5NS;RETRY_5NS;RETRY_5NS;RETRY_5NS;RETRY_5NS,8,8,11101110,238,17,1110111,7,238,16,238,INFERRED_AT_DAC_BRIDGE_OUTPUT,11101110,238,11101110,238,11101110,238,11101110,238,True,True
MC200_CMP_XM5_XM6_W8P2524_XM7_XM11_W16P8587_S076_LOW_W4,66,-3.24172e-06;-8.81571e-06;-3.16454e-06;-3.34083e-06;-8.32547e-06;-8.67339e-06;-3.18989e-06;-8.32336e-06,-3.38218e-06;-8.75004e-06;-3.298e-06;-3.48229e-06;-8.31627e-06;-8.61809e-06;-3.32591e-06;-8.31611e-06,3.3;3.3;-1.6748e-06;-1.68909e-06;3.3;-1.99464e-06;3.3;3.3,-1.75874e-06;-2.00999e-06;3.3;3.3;-1.94456e-06;3.3;-1.64744e-06;-1.93459e-06,RETRY_5NS;RETRY_5NS;RETRY_5NS;RETRY_5NS;RETRY_5NS;RETRY_5NS;RETRY_5NS;RETRY_5NS,8,8,11001011,203,52,1100101,7,202,52,203,INFERRED_AT_DAC_BRIDGE_OUTPUT,11001011,203,11001011,203,11001011,203,11001011,203,True,True
MC200_CMP_XM5_XM6_W8P2524_XM7_XM11_W16P8587_S076_LOW_W4,67,-3.32436e-06;-8.90494e-06;-3.28206e-06;-3.4568e-06;-8.49753e-06;-8.84942e-06;-3.30371e-06;-8.49852e-06,-3.46923e-06;-8.83006e-06;-3.42075e-06;-3.60357e-06;-8.46931e-06;-8.76798e-06;-3.44432e-06;-8.46684e-06,3.3;-2.06436e-06;-1.6881e-06;-1.70488e-06;-1.98413e-06;3.3;-1.67963e-06;3.3,-1.76274e-06;3.3;3.3;3.3;3.3;-1.98721e-06;3.3;-1.94648e-06,RETRY_5NS;RETRY_5NS;RETRY_5NS;RETRY_5NS;RETRY_5NS;RETRY_5NS;RETRY_5NS;RETRY_5NS,8,8,10000101,133,122,1000010,7,132,122,133,INFERRED_AT_DAC_BRIDGE_OUTPUT,10000101,133,10000101,133,10000101,133,10000101,133,True,True
MC200_CMP_XM5_XM6_W8P2524_XM7_XM11_W16P8587_S077_LOW_W4,0,-3.32148e-06;-8.59261e-06;-3.42492e-06;-3.42255e-06;-8.53371e-06;-8.53364e-06;-3.40823e-06;-8.5726e-06,-3.26208e-06;-8.62545e-06;-3.36567e-06;-3.36202e-06;-8.57848e-06;-8.57659e-06;-3.34807e-06;-8.61442e-06,3.3;3.3;3.3;-1.72249e-06;-2.03662e-06;-2.03447e-06;-1.71075e-06;3.3,-1.77441e-06;-2.02375e-06;-1.67658e-06;3.3;3.3;3.3;3.3;-1.98144e-06,RETRY_5NS;RETRY_5NS;RETRY_5NS;RETRY_5NS;RETRY_5NS;RETRY_5NS;RETRY_5NS;RETRY_5NS,8,8,11100001,225,30,1110000,7,224,30,225,INFERRED_AT_DAC_BRIDGE_OUTPUT,11100001,225,11100001,225,11100001,225,11100001,225,True,True
MC200_CMP_XM5_XM6_W8P2524_XM7_XM11_W16P8587_S077_LOW_W4,1,-3.30399e-06;-8.55891e-06;-3.40445e-06;-3.42673e-06;-7.79473e-06;-8.49603e-06;-3.37352e-06;-7.59448e-06,-3.24521e-06;-8.58883e-06;-3.34568e-06;-3.36627e-06;-7.84404e-06;-8.53651e-06;-3.31344e-06;-7.64892e-06,3.3;3.3;3.3;3.3;-2.04043e-06;-2.03085e-06;-1.70619e-06;-2.0364e-06,-1.78697e-06;-2.02454e-06;-1.68134e-06;-1.67e-06;3.3;3.3;3.3;3.3,RETRY_5NS;RETRY_5NS;RETRY_5NS;RETRY_5NS;RETRY_5NS;RETRY_5NS;RETRY_5NS;RETRY_5NS,8,8,11110000,240,15,1111000,7,240,14,240,INFERRED_AT_DAC_BRIDGE_OUTPUT,11110000,240,11110000,240,11110000,240,11110000,240,True,True
MC200_CMP_XM5_XM6_W8P2524_XM7_XM11_W16P8587_S077_LOW_W4,2,-3.22798e-06;-9.94264e-06;-3.34803e-06;-3.32742e-06;-8.42474e-06;-8.42241e-06;-3.37003e-06;-8.45917e-06,-3.1702e-06;-9.94247e-06;-3.28888e-06;-3.26794e-06;-8.45262e-06;-8.45308e-06;-3.30893e-06;-8.49371e-06,3.3;3.3;-1.71787e-06;-1.70697e-06;3.3;3.3;-1.70479e-06;-2.01832e-06,-1.75623e-06;-2.00494e-06;3.3;3.3;-1.97587e-06;-1.96695e-06;3.3;3.3,RETRY_5NS;RETRY_5NS;RETRY_5NS;RETRY_5NS;RETRY_5NS;RETRY_5NS;RETRY_5NS;RETRY_5NS,8,8,11001100,204,51,1100110,7,204,50,204,INFERRED_AT_DAC_BRIDGE_OUTPUT,11001100,204,11001100,204,11001100,204,11001100,204,True,True
MC200_CMP_XM5_XM6_W8P2524_XM7_XM11_W16P8587_S077_LOW_W4,3,-3.25209e-06;-8.55092e-06;-3.41239e-06;-3.38984e-06;-8.49663e-06;-8.49903e-06;-3.37784e-06;-8.53428e-06,-3.19344e-06;-8.60055e-06;-3.35246e-06;-3.32945e-06;-8.53513e-06;-8.53314e-06;-3.31907e-06;-8.57475e-06,3.3;-2.07931e-06;-1.72368e-06;-1.71843e-06;-2.02876e-06;3.3;3.3;-2.02688e-06,-1.75422e-06;3.3;3.3;3.3;3.3;-1.98119e-06;-1.66604e-06;3.3,RETRY_5NS;RETRY_5NS;RETRY_5NS;RETRY_5NS;RETRY_5NS;RETRY_5NS;RETRY_5NS;RETRY_5NS,8,8,10000110,134,121,1000011,7,134,120,134,INFERRED_AT_DAC_BRIDGE_OUTPUT,10000110,134,10000110,134,10000110,134,10000110,134,True,True
MC200_CMP_XM5_XM6_W8P2524_XM7_XM11_W16P8587_S077_LOW_W4,64,-3.44138e-06;-8.74181e-06;-3.3363e-06;-3.54088e-06;-8.38361e-06;-8.68399e-06;-3.37839e-06;-8.38394e-06,-3.38034e-06;-8.78481e-06;-3.27829e-06;-3.47866e-06;-8.41708e-06;-8.738e-06;-3.31863e-06;-8.41284e-06,3.3;3.3;3.3;-1.73622e-06;-2.02291e-06;-2.05027e-06;-1.70687e-06;-2.00141e-06,-1.78906e-06;-2.03922e-06;-1.6693e-06;3.3;3.3;3.3;3.3;3.3,RETRY_5NS;RETRY_5NS;RETRY_5NS;RETRY_5NS;RETRY_5NS;RETRY_5NS;RETRY_5NS;RETRY_5NS,8,8,11100000,224,31,1110000,7,224,30,224,INFERRED_AT_DAC_BRIDGE_OUTPUT,11100000,224,11100000,224,11100000,224,11100000,224,True,True
MC200_CMP_XM5_XM6_W8P2524_XM7_XM11_W16P8587_S077_LOW_W4,65,-3.42275e-06;-8.70782e-06;-3.31627e-06;-3.50423e-06;-9.68181e-06;-8.64633e-06;-3.45698e-06;-7.85154e-06,-3.36232e-06;-8.74786e-06;-3.25867e-06;-3.44376e-06;-9.68809e-06;-8.69802e-06;-3.39868e-06;-7.89384e-06,3.3;3.3;3.3;3.3;-2.01794e-06;-2.04696e-06;-1.71074e-06;-2.05731e-06,-1.80096e-06;-2.03963e-06;-1.67196e-06;-1.67954e-06;3.3;3.3;3.3;3.3,RETRY_5NS;RETRY_5NS;RETRY_5NS;RETRY_5NS;RETRY_5NS;RETRY_5NS;RETRY_5NS;RETRY_5NS,8,8,11110000,240,15,1111000,7,240,14,240,INFERRED_AT_DAC_BRIDGE_OUTPUT,11110000,240,11110000,240,11110000,240,11110000,240,True,True
MC200_CMP_XM5_XM6_W8P2524_XM7_XM11_W16P8587_S077_LOW_W4,66,-3.34781e-06;-9.62618e-06;-3.25988e-06;-3.44629e-06;-8.27408e-06;-8.57298e-06;-3.45987e-06;-8.27091e-06,-3.28837e-06;-9.64638e-06;-3.202e-06;-3.38517e-06;-8.29152e-06;-8.61446e-06;-3.40295e-06;-8.29174e-06,3.3;3.3;-1.7084e-06;-1.7196e-06;3.3;3.3;-1.70653e-06;-1.99635e-06,-1.76945e-06;-2.01759e-06;3.3;3.3;-1.96028e-06;-1.98364e-06;3.3;3.3,RETRY_5NS;RETRY_5NS;RETRY_5NS;RETRY_5NS;RETRY_5NS;RETRY_5NS;RETRY_5NS;RETRY_5NS,8,8,11001100,204,51,1100110,7,204,50,204,INFERRED_AT_DAC_BRIDGE_OUTPUT,11001100,204,11001100,204,11001100,204,11001100,204,True,True
MC200_CMP_XM5_XM6_W8P2524_XM7_XM11_W16P8587_S077_LOW_W4,67,-3.3744e-06;-8.69882e-06;-3.32437e-06;-3.50855e-06;-8.34625e-06;-8.64963e-06;-3.58293e-06;-8.34592e-06,-3.31406e-06;-8.76021e-06;-3.26572e-06;-3.44648e-06;-8.37373e-06;-8.69438e-06;-3.52618e-06;-8.37294e-06,3.3;-2.09469e-06;-1.71428e-06;-1.73143e-06;-2.0125e-06;3.3;3.3;-2.00643e-06,-1.76796e-06;3.3;3.3;3.3;3.3;-1.99614e-06;-1.66659e-06;3.3,RETRY_5NS;RETRY_5NS;RETRY_5NS;RETRY_5NS;RETRY_5NS;RETRY_5NS;RETRY_5NS;RETRY_5NS,8,8,10000110,134,121,1000011,7,134,120,134,INFERRED_AT_DAC_BRIDGE_OUTPUT,10000110,134,10000110,134,10000110,134,10000110,134,True,True
MC200_CMP_XM5_XM6_W8P2524_XM7_XM11_W16P8587_S078_LOW_W4,0,-3.01312e-06;-8.27555e-06;-3.04754e-06;-3.04528e-06;-8.21657e-06;-8.21643e-06;-3.1316e-06;-9.21757e-06,-3.02933e-06;-8.28051e-06;-3.06413e-06;-3.06088e-06;-8.23477e-06;-8.23313e-06;-3.14766e-06;-9.24145e-06,3.3;3.3;3.3;-1.67621e-06;-1.98189e-06;-1.98028e-06;-1.66881e-06;3.3,-1.7411e-06;-1.98314e-06;-1.64502e-06;3.3;3.3;3.3;3.3;-1.92691e-06,RETRY_5NS;RETRY_5NS;RETRY_5NS;RETRY_5NS;RETRY_5NS;RETRY_5NS;RETRY_5NS;RETRY_5NS,8,8,11100001,225,30,1110000,7,224,30,225,INFERRED_AT_DAC_BRIDGE_OUTPUT,11100001,225,11100001,225,11100001,225,11100001,225,True,True
MC200_CMP_XM5_XM6_W8P2524_XM7_XM11_W16P8587_S078_LOW_W4,1,-2.47996e-06;-7.63716e-06;-2.57284e-06;-2.55237e-06;-7.57141e-06;-7.57063e-06;-2.54439e-06;-7.60992e-06,-2.49157e-06;-7.6577e-06;-2.58539e-06;-2.56399e-06;-7.60059e-06;-7.59892e-06;-2.55528e-06;-7.63693e-06,3.3;3.3;3.3;3.3;-1.92225e-06;-1.92018e-06;-1.61809e-06;-1.91738e-06,-1.70201e-06;-1.92856e-06;-1.60379e-06;-1.58848e-06;3.3;3.3;3.3;3.3,RETRY_5NS;RETRY_5NS;RETRY_5NS;RETRY_5NS;RETRY_5NS;RETRY_5NS;RETRY_5NS;RETRY_5NS,8,8,11110000,240,15,1111000,7,240,14,240,INFERRED_AT_DAC_BRIDGE_OUTPUT,11110000,240,11110000,240,11110000,240,11110000,240,True,True
MC200_CMP_XM5_XM6_W8P2524_XM7_XM11_W16P8587_S078_LOW_W4,2,-2.43144e-06;-7.58583e-06;-2.54545e-06;-2.52319e-06;-7.53249e-06;-7.53035e-06;-2.51372e-06;-7.88795e-06,-2.44269e-06;-7.60878e-06;-2.55614e-06;-2.53342e-06;-7.55801e-06;-7.5575e-06;-2.52432e-06;-7.91937e-06,3.3;3.3;-1.62869e-06;-1.61707e-06;3.3;3.3;-1.6137e-06;-1.91723e-06,-1.67712e-06;-1.91542e-06;3.3;3.3;-1.88395e-06;-1.87743e-06;3.3;3.3,RETRY_5NS;RETRY_5NS;RETRY_5NS;RETRY_5NS;RETRY_5NS;RETRY_5NS;RETRY_5NS;RETRY_5NS,8,8,11001100,204,51,1100110,7,204,50,204,INFERRED_AT_DAC_BRIDGE_OUTPUT,11001100,204,11001100,204,11001100,204,11001100,204,True,True
MC200_CMP_XM5_XM6_W8P2524_XM7_XM11_W16P8587_S078_LOW_W4,3,-2.91937e-06;-8.27206e-06;-3.27963e-06;-2.8877e-06;-8.21671e-06;-8.21856e-06;-3.03234e-06;-8.25707e-06,-2.93539e-06;-8.29393e-06;-3.29615e-06;-2.90254e-06;-8.23224e-06;-8.23069e-06;-3.04879e-06;-8.2713e-06,3.3;-2.02821e-06;-1.68952e-06;-1.67069e-06;-1.97848e-06;3.3;3.3;-1.97689e-06,-1.7208e-06;3.3;3.3;3.3;3.3;-1.94386e-06;-1.63396e-06;3.3,RETRY_5NS;RETRY_5NS;RETRY_5NS;RETRY_5NS;RETRY_5NS;RETRY_5NS;RETRY_5NS;RETRY_5NS,8,8,10000110,134,121,1000011,7,134,120,134,INFERRED_AT_DAC_BRIDGE_OUTPUT,10000110,134,10000110,134,10000110,134,10000110,134,True,True
MC200_CMP_XM5_XM6_W8P2524_XM7_XM11_W16P8587_S078_LOW_W4,64,-3.07719e-06;-7.60168e-06;-2.95677e-06;-3.16644e-06;-8.05528e-06;-8.37792e-06;-2.73178e-06;-7.81295e-06,-3.09456e-06;-7.59503e-06;-2.97244e-06;-3.18325e-06;-8.07617e-06;-8.39169e-06;-2.74579e-06;-7.82917e-06,3.3;3.3;3.3;-1.68962e-06;-1.96712e-06;-1.99533e-06;-1.65791e-06;-1.9561e-06,-1.75236e-06;-2.00777e-06;-1.63518e-06;3.3;3.3;3.3;3.3;3.3,RETRY_5NS;RETRY_5NS;RETRY_5NS;RETRY_5NS;RETRY_5NS;RETRY_5NS;RETRY_5NS;RETRY_5NS,8,8,11100000,224,31,1110000,7,224,30,224,INFERRED_AT_DAC_BRIDGE_OUTPUT,11100000,224,11100000,224,11100000,224,11100000,224,True,True
MC200_CMP_XM5_XM6_W8P2524_XM7_XM11_W16P8587_S078_LOW_W4,65,-2.60146e-06;-7.79761e-06;-2.4823e-06;-2.67399e-06;-7.41013e-06;-7.73207e-06;-2.51384e-06;-7.40767e-06,-2.61428e-06;-7.81419e-06;-2.49393e-06;-2.68683e-06;-7.442e-06;-7.7575e-06;-2.52452e-06;-7.43864e-06,3.3;3.3;3.3;3.3;-1.90942e-06;-1.93414e-06;-1.61339e-06;-1.93607e-06,-1.71489e-06;-1.94328e-06;-1.59482e-06;-1.60067e-06;3.3;3.3;3.3;3.3,RETRY_5NS;RETRY_5NS;RETRY_5NS;RETRY_5NS;RETRY_5NS;RETRY_5NS;RETRY_5NS;RETRY_5NS,8,8,11110000,240,15,1111000,7,240,14,240,INFERRED_AT_DAC_BRIDGE_OUTPUT,11110000,240,11110000,240,11110000,240,11110000,240,True,True
MC200_CMP_XM5_XM6_W8P2524_XM7_XM11_W16P8587_S078_LOW_W4,66,-2.5536e-06;-7.74652e-06;-2.45538e-06;-2.64485e-06;-7.3707e-06;-7.692e-06;-2.4832e-06;-7.54932e-06,-2.56606e-06;-7.76574e-06;-2.46518e-06;-2.65629e-06;-7.39976e-06;-7.71599e-06;-2.49349e-06;-7.58006e-06,3.3;3.3;-1.61892e-06;-1.62961e-06;3.3;3.3;-1.60991e-06;-1.90161e-06,-1.68975e-06;-1.93048e-06;3.3;3.3;-1.86976e-06;-1.89095e-06;3.3;3.3,RETRY_5NS;RETRY_5NS;RETRY_5NS;RETRY_5NS;RETRY_5NS;RETRY_5NS;RETRY_5NS;RETRY_5NS,8,8,11001100,204,51,1100110,7,204,50,204,INFERRED_AT_DAC_BRIDGE_OUTPUT,11001100,204,11001100,204,11001100,204,11001100,204,True,True
MC200_CMP_XM5_XM6_W8P2524_XM7_XM11_W16P8587_S078_LOW_W4,67,-3.04398e-06;-8.4315e-06;-3.14647e-06;-3.04181e-06;-8.05515e-06;-8.3802e-06;-3.00181e-06;-7.8189e-06,-3.06122e-06;-8.45102e-06;-3.16188e-06;-3.05797e-06;-8.07379e-06;-8.38914e-06;-3.01795e-06;-7.83061e-06,3.3;-2.04329e-06;-1.67824e-06;-1.68496e-06;-1.96326e-06;3.3;3.3;-1.96566e-06,-1.73575e-06;3.3;3.3;3.3;3.3;-1.958e-06;-1.63085e-06;3.3,RETRY_5NS;RETRY_5NS;RETRY_5NS;RETRY_5NS;RETRY_5NS;RETRY_5NS;RETRY_5NS;RETRY_5NS,8,8,10000110,134,121,1000011,7,134,120,134,INFERRED_AT_DAC_BRIDGE_OUTPUT,10000110,134,10000110,134,10000110,134,10000110,134,True,True
MC200_CMP_XM5_XM6_W8P2524_XM7_XM11_W16P8587_S079_LOW_W4,0,-2.92423e-06;-8.29785e-06;-3.02087e-06;-3.01898e-06;-8.23579e-06;-8.23553e-06;-3.00547e-06;-8.27877e-06,-3.00754e-06;-8.27149e-06;-3.10538e-06;-3.10286e-06;-8.22543e-06;-8.22361e-06;-3.08887e-06;-8.26136e-06,3.3;3.3;3.3;-1.64659e-06;-1.94887e-06;-1.94508e-06;-1.63794e-06;-1.94427e-06,-1.78624e-06;-2.03791e-06;-1.68227e-06;3.3;3.3;3.3;3.3;3.3,RETRY_5NS;RETRY_5NS;RETRY_5NS;RETRY_5NS;RETRY_5NS;RETRY_5NS;RETRY_5NS;RETRY_5NS,8,8,11100000,224,31,1110000,7,224,30,224,INFERRED_AT_DAC_BRIDGE_OUTPUT,11100000,224,11100000,224,11100000,224,11100000,224,True,True
MC200_CMP_XM5_XM6_W8P2524_XM7_XM11_W16P8587_S079_LOW_W4,1,-2.99485e-06;-8.38697e-06;-2.82746e-06;-3.07086e-06;-8.32602e-06;-8.3244e-06;-3.06397e-06;-8.36562e-06,-3.07984e-06;-8.35227e-06;-2.91608e-06;-3.15613e-06;-8.29945e-06;-8.29938e-06;-3.14978e-06;-8.3394e-06,3.3;3.3;3.3;-1.64412e-06;3.3;3.3;3.3;3.3,-1.80954e-06;-2.0512e-06;-1.69871e-06;3.3;-2.01234e-06;-2.00772e-06;-1.691e-06;-2.00373e-06,RETRY_5NS;RETRY_5NS;RETRY_5NS;RETRY_5NS;RETRY_5NS;RETRY_5NS;RETRY_5NS;RETRY_5NS,8,8,11101111,239,16,1110111,7,238,16,239,INFERRED_AT_DAC_BRIDGE_OUTPUT,11101111,239,11101111,239,11101111,239,11101111,239,True,True
MC200_CMP_XM5_XM6_W8P2524_XM7_XM11_W16P8587_S079_LOW_W4,2,-3.09863e-06;-8.54836e-06;-3.20685e-06;-3.19002e-06;-8.49722e-06;-8.49512e-06;-3.1819e-06;-7.82983e-06,-3.18618e-06;-8.50041e-06;-3.29489e-06;-3.27725e-06;-8.45646e-06;-8.45772e-06;-3.27111e-06;-7.80497e-06,3.3;3.3;-1.67058e-06;-1.66168e-06;3.3;-1.9545e-06;3.3;3.3,-1.79854e-06;-2.05901e-06;3.3;3.3;-2.02423e-06;3.3;-1.70356e-06;-2.03012e-06,RETRY_5NS;RETRY_5NS;RETRY_5NS;RETRY_5NS;RETRY_5NS;RETRY_5NS;RETRY_5NS;RETRY_5NS,8,8,11001011,203,52,1100101,7,202,52,203,INFERRED_AT_DAC_BRIDGE_OUTPUT,11001011,203,11001011,203,11001011,203,11001011,203,True,True
MC200_CMP_XM5_XM6_W8P2524_XM7_XM11_W16P8587_S079_LOW_W4,3,-3.12884e-06;-8.63596e-06;-3.26928e-06;-3.55297e-06;-8.58025e-06;-8.58224e-06;-3.24144e-06;-8.62473e-06,-3.21719e-06;-8.59711e-06;-3.35872e-06;-3.63962e-06;-8.538e-06;-8.53574e-06;-3.33105e-06;-8.57556e-06,3.3;-2.02167e-06;-1.67539e-06;-1.6729e-06;-1.97455e-06;3.3;-1.65806e-06;3.3,-1.79835e-06;3.3;3.3;3.3;3.3;-2.02926e-06;3.3;-2.02872e-06,RETRY_5NS;RETRY_5NS;RETRY_5NS;RETRY_5NS;RETRY_5NS;RETRY_5NS;RETRY_5NS;RETRY_5NS,8,8,10000101,133,122,1000010,7,132,122,133,INFERRED_AT_DAC_BRIDGE_OUTPUT,10000101,133,10000101,133,10000101,133,10000101,133,True,True
MC200_CMP_XM5_XM6_W8P2524_XM7_XM11_W16P8587_S079_LOW_W4,64,-3.04286e-06;-8.46941e-06;-2.93295e-06;-3.13635e-06;-8.06361e-06;-8.40791e-06;-3.17478e-06;-8.06293e-06,-3.12883e-06;-8.42703e-06;-3.01549e-06;-3.22284e-06;-8.06805e-06;-8.38116e-06;-3.25661e-06;-8.06451e-06,3.3;3.3;3.3;-1.65971e-06;-1.93401e-06;-1.96043e-06;-1.64192e-06;-1.92487e-06,-1.80046e-06;-2.05386e-06;-1.6663e-06;3.3;3.3;3.3;3.3;3.3,RETRY_5NS;RETRY_5NS;RETRY_5NS;RETRY_5NS;RETRY_5NS;RETRY_5NS;RETRY_5NS;RETRY_5NS,8,8,11100000,224,31,1110000,7,224,30,224,INFERRED_AT_DAC_BRIDGE_OUTPUT,11100000,224,11100000,224,11100000,224,11100000,224,True,True
MC200_CMP_XM5_XM6_W8P2524_XM7_XM11_W16P8587_S079_LOW_W4,65,-3.11262e-06;-8.55826e-06;-2.98421e-06;-3.1887e-06;-8.15341e-06;-8.49716e-06;-3.03437e-06;-8.14975e-06,-3.20025e-06;-8.50749e-06;-3.06904e-06;-3.27661e-06;-8.14247e-06;-8.45656e-06;-3.11948e-06;-8.14256e-06,3.3;3.3;3.3;-1.65572e-06;3.3;3.3;3.3;3.3,-1.82314e-06;-2.06722e-06;-1.69371e-06;3.3;-1.99612e-06;-2.02388e-06;-1.6852e-06;-2.02237e-06,RETRY_5NS;RETRY_5NS;RETRY_5NS;RETRY_5NS;RETRY_5NS;RETRY_5NS;RETRY_5NS;RETRY_5NS,8,8,11101111,239,16,1110111,7,238,16,239,INFERRED_AT_DAC_BRIDGE_OUTPUT,11101111,239,11101111,239,11101111,239,11101111,239,True,True
MC200_CMP_XM5_XM6_W8P2524_XM7_XM11_W16P8587_S079_LOW_W4,66,-3.2172e-06;-8.71987e-06;-3.1193e-06;-3.30774e-06;-8.32458e-06;-8.66765e-06;-3.1527e-06;-7.95538e-06,-3.3074e-06;-8.65618e-06;-3.20539e-06;-3.39759e-06;-8.29937e-06;-8.61514e-06;-3.24047e-06;-7.92287e-06,3.3;3.3;-1.66146e-06;-1.67325e-06;3.3;-1.97313e-06;3.3;3.3,-1.81236e-06;-2.07336e-06;3.3;3.3;-2.0081e-06;3.3;-1.7011e-06;-2.0063e-06,RETRY_5NS;RETRY_5NS;RETRY_5NS;RETRY_5NS;RETRY_5NS;RETRY_5NS;RETRY_5NS;RETRY_5NS,8,8,11001011,203,52,1100101,7,202,52,203,INFERRED_AT_DAC_BRIDGE_OUTPUT,11001011,203,11001011,203,11001011,203,11001011,203,True,True
MC200_CMP_XM5_XM6_W8P2524_XM7_XM11_W16P8587_S079_LOW_W4,67,-3.2498e-06;-8.80626e-06;-3.18199e-06;-3.32754e-06;-8.40792e-06;-8.75551e-06;-3.21212e-06;-8.40888e-06,-3.34083e-06;-8.75295e-06;-3.26948e-06;-3.41902e-06;-8.3805e-06;-8.69254e-06;-3.30063e-06;-8.37876e-06,3.3;-2.03794e-06;-1.66625e-06;-1.68108e-06;-1.95916e-06;3.3;-1.65582e-06;3.3,-1.81181e-06;3.3;3.3;3.3;3.3;-2.04517e-06;3.3;-2.00844e-06,RETRY_5NS;RETRY_5NS;RETRY_5NS;RETRY_5NS;RETRY_5NS;RETRY_5NS;RETRY_5NS;RETRY_5NS,8,8,10000101,133,122,1000010,7,132,122,133,INFERRED_AT_DAC_BRIDGE_OUTPUT,10000101,133,10000101,133,10000101,133,10000101,133,True,True
MC200_CMP_XM5_XM6_W8P2524_XM7_XM11_W16P8587_S080_LOW_W4,0,-3.0135e-06;-8.35721e-06;-3.10365e-06;-3.10165e-06;-8.44833e-06;-8.30015e-06;-3.09029e-06;-8.34042e-06,-2.84118e-06;-8.34981e-06;-2.92892e-06;-2.92594e-06;-8.43953e-06;-8.29678e-06;-2.91518e-06;-8.34248e-06,3.3;3.3;3.3;-1.66458e-06;-1.96684e-06;-1.96232e-06;-1.65091e-06;3.3,-1.72369e-06;-1.96634e-06;-1.63328e-06;3.3;3.3;3.3;3.3;-1.92452e-06,RETRY_5NS;RETRY_5NS;RETRY_5NS;RETRY_5NS;RETRY_5NS;RETRY_5NS;RETRY_5NS;RETRY_5NS,8,8,11100001,225,30,1110000,7,224,30,225,INFERRED_AT_DAC_BRIDGE_OUTPUT,11100001,225,11100001,225,11100001,225,11100001,225,True,True
MC200_CMP_XM5_XM6_W8P2524_XM7_XM11_W16P8587_S080_LOW_W4,1,-3.1476e-06;-8.51802e-06;-3.23301e-06;-3.21948e-06;-9.48192e-06;-8.459e-06;-3.2145e-06;-8.49953e-06,-2.96847e-06;-8.53938e-06;-3.05224e-06;-3.03803e-06;-9.43646e-06;-8.48611e-06;-3.03296e-06;-8.53163e-06,3.3;3.3;3.3;3.3;-1.97733e-06;-1.98035e-06;-1.66737e-06;-1.97404e-06,-1.75224e-06;-1.98697e-06;-1.65219e-06;-1.63881e-06;3.3;3.3;3.3;3.3,RETRY_5NS;RETRY_5NS;RETRY_5NS;RETRY_5NS;RETRY_5NS;RETRY_5NS;RETRY_5NS;RETRY_5NS,8,8,11110000,240,15,1111000,7,240,14,240,INFERRED_AT_DAC_BRIDGE_OUTPUT,11110000,240,11110000,240,11110000,240,11110000,240,True,True
MC200_CMP_XM5_XM6_W8P2524_XM7_XM11_W16P8587_S080_LOW_W4,2,-3.10401e-06;-8.46957e-06;-3.20489e-06;-3.18972e-06;-8.42287e-06;-8.42061e-06;-3.18354e-06;-8.45985e-06,-2.92692e-06;-8.48644e-06;-3.02398e-06;-3.00883e-06;-8.43534e-06;-8.43643e-06;-3.00332e-06;-8.48416e-06,3.3;3.3;-1.67817e-06;-1.66804e-06;3.3;3.3;-1.66251e-06;3.3,-1.72799e-06;-1.9765e-06;3.3;3.3;-1.94351e-06;-1.93801e-06;3.3;-1.93589e-06,RETRY_5NS;RETRY_5NS;RETRY_5NS;RETRY_5NS;RETRY_5NS;RETRY_5NS;RETRY_5NS;RETRY_5NS,8,8,11001101,205,50,1100110,7,204,50,205,INFERRED_AT_DAC_BRIDGE_OUTPUT,11001101,205,11001101,205,11001101,205,11001101,205,True,True
MC200_CMP_XM5_XM6_W8P2524_XM7_XM11_W16P8587_S080_LOW_W4,3,-3.01281e-06;-8.39211e-06;-3.14818e-06;-3.13053e-06;-8.34018e-06;-8.34207e-06;-3.12104e-06;-8.38021e-06,-2.8395e-06;-8.4096e-06;-2.97065e-06;-2.95293e-06;-8.34295e-06;-8.34154e-06;-2.9448e-06;-8.3898e-06,3.3;-2.01716e-06;-1.67119e-06;-1.66475e-06;-1.96289e-06;3.3;3.3;-1.95101e-06,-1.71255e-06;3.3;3.3;3.3;3.3;-1.93405e-06;-1.62647e-06;3.3,RETRY_5NS;RETRY_5NS;RETRY_5NS;RETRY_5NS;RETRY_5NS;RETRY_5NS;RETRY_5NS;RETRY_5NS,8,8,10000110,134,121,1000011,7,134,120,134,INFERRED_AT_DAC_BRIDGE_OUTPUT,10000110,134,10000110,134,10000110,134,10000110,134,True,True
MC200_CMP_XM5_XM6_W8P2524_XM7_XM11_W16P8587_S080_LOW_W4,64,-3.13815e-06;-8.51538e-06;-3.01103e-06;-3.22501e-06;-8.14367e-06;-8.45905e-06;-3.05923e-06;-8.14185e-06,-2.95899e-06;-8.53711e-06;-2.84185e-06;-3.04251e-06;-8.11125e-06;-8.4858e-06;-2.88582e-06;-8.10582e-06,3.3;3.3;3.3;-1.67706e-06;-1.95398e-06;-1.97836e-06;-1.64802e-06;3.3,-1.73807e-06;-1.98235e-06;-1.62312e-06;3.3;3.3;3.3;3.3;-1.90898e-06,RETRY_5NS;RETRY_5NS;RETRY_5NS;RETRY_5NS;RETRY_5NS;RETRY_5NS;RETRY_5NS;RETRY_5NS,8,8,11100001,225,30,1110000,7,224,30,225,INFERRED_AT_DAC_BRIDGE_OUTPUT,11100001,225,11100001,225,11100001,225,11100001,225,True,True
MC200_CMP_XM5_XM6_W8P2524_XM7_XM11_W16P8587_S080_LOW_W4,65,-3.27128e-06;-8.67594e-06;-3.14099e-06;-3.34345e-06;-8.76735e-06;-8.61787e-06;-3.18343e-06;-8.30055e-06,-3.08533e-06;-8.7264e-06;-2.96529e-06;-3.15475e-06;-8.73711e-06;-8.67511e-06;-3.00359e-06;-8.2954e-06,3.3;3.3;3.3;3.3;-1.96523e-06;-1.99572e-06;-1.66205e-06;-1.99151e-06,-1.76541e-06;-2.00286e-06;-1.6426e-06;-1.64942e-06;3.3;3.3;3.3;3.3,RETRY_5NS;RETRY_5NS;RETRY_5NS;RETRY_5NS;RETRY_5NS;RETRY_5NS;RETRY_5NS;RETRY_5NS,8,8,11110000,240,15,1111000,7,240,14,240,INFERRED_AT_DAC_BRIDGE_OUTPUT,11110000,240,11110000,240,11110000,240,11110000,240,True,True
MC200_CMP_XM5_XM6_W8P2524_XM7_XM11_W16P8587_S080_LOW_W4,66,-3.22838e-06;-7.65006e-06;-3.11294e-06;-3.31349e-06;-8.26377e-06;-8.57971e-06;-3.15246e-06;-8.2608e-06,-3.04445e-06;-7.74783e-06;-2.9371e-06;-3.12579e-06;-8.24675e-06;-8.62529e-06;-2.97394e-06;-8.24805e-06,3.3;3.3;-1.66836e-06;-1.68081e-06;3.3;3.3;-1.65871e-06;3.3,-1.74127e-06;-1.99886e-06;3.3;3.3;-1.92805e-06;-1.95273e-06;3.3;-1.91518e-06,RETRY_5NS;RETRY_5NS;RETRY_5NS;RETRY_5NS;RETRY_5NS;RETRY_5NS;RETRY_5NS;RETRY_5NS,8,8,11001101,205,50,1100110,7,204,50,205,INFERRED_AT_DAC_BRIDGE_OUTPUT,11001101,205,11001101,205,11001101,205,11001101,205,True,True
MC200_CMP_XM5_XM6_W8P2524_XM7_XM11_W16P8587_S080_LOW_W4,67,-3.13925e-06;-7.54493e-06;-3.05639e-06;-3.25409e-06;-8.18121e-06;-8.50109e-06;-3.08994e-06;-8.18117e-06,-2.95907e-06;-7.64461e-06;-2.88393e-06;-3.06968e-06;-8.15412e-06;-8.53036e-06;-2.91544e-06;-8.1537e-06,3.3;-2.04113e-06;-1.66176e-06;-1.67695e-06;-1.9485e-06;3.3;3.3;-1.9412e-06,-1.72427e-06;3.3;3.3;3.3;3.3;-1.94874e-06;-1.6243e-06;3.3,RETRY_5NS;RETRY_5NS;RETRY_5NS;RETRY_5NS;RETRY_5NS;RETRY_5NS;RETRY_5NS;RETRY_5NS,8,8,10000110,134,121,1000011,7,134,120,134,INFERRED_AT_DAC_BRIDGE_OUTPUT,10000110,134,10000110,134,10000110,134,10000110,134,True,True
MC200_CMP_XM5_XM6_W8P2524_XM7_XM11_W16P8587_S081_LOW_W4,0,-3.56523e-06;-8.58287e-06;-3.37176e-06;-3.37042e-06;-8.52976e-06;-8.53021e-06;-3.36051e-06;-8.56853e-06,-3.48404e-06;-8.60582e-06;-3.28837e-06;-3.28589e-06;-8.56469e-06;-8.5632e-06;-3.2768e-06;-8.60188e-06,3.3;3.3;3.3;-1.76233e-06;-2.0865e-06;-2.08366e-06;-1.753e-06;-2.08095e-06,-1.76003e-06;-1.9992e-06;-1.65191e-06;3.3;3.3;3.3;3.3;3.3,RETRY_5NS;RETRY_5NS;RETRY_5NS;RETRY_5NS;RETRY_5NS;RETRY_5NS;RETRY_5NS;RETRY_5NS,8,8,11100000,224,31,1110000,7,224,30,224,INFERRED_AT_DAC_BRIDGE_OUTPUT,11100000,224,11100000,224,11100000,224,11100000,224,True,True
MC200_CMP_XM5_XM6_W8P2524_XM7_XM11_W16P8587_S081_LOW_W4,1,-3.29344e-06;-7.57168e-06;-3.37771e-06;-3.36514e-06;-8.53541e-06;-8.53372e-06;-3.46743e-06;-8.56933e-06,-3.21046e-06;-7.61393e-06;-3.29458e-06;-3.28139e-06;-8.55948e-06;-8.55989e-06;-3.38326e-06;-8.60117e-06,3.3;3.3;3.3;-1.75279e-06;3.3;3.3;3.3;3.3,-1.76908e-06;-2.01283e-06;-1.66627e-06;3.3;-1.96444e-06;-1.96183e-06;-1.65518e-06;-1.95607e-06,RETRY_5NS;RETRY_5NS;RETRY_5NS;RETRY_5NS;RETRY_5NS;RETRY_5NS;RETRY_5NS;RETRY_5NS,8,8,11101111,239,16,1110111,7,238,16,231,INFERRED_AT_DAC_BRIDGE_OUTPUT,11100111,231,11100111,231,11100111,231,11100111,231,True,True
MC200_CMP_XM5_XM6_W8P2524_XM7_XM11_W16P8587_S081_LOW_W4,2,-3.12355e-06;-8.39166e-06;-3.31587e-06;-3.20955e-06;-8.34773e-06;-8.34555e-06;-3.20271e-06;-8.38344e-06,-3.04351e-06;-8.40231e-06;-3.23233e-06;-3.12744e-06;-8.35833e-06;-8.35946e-06;-3.12267e-06;-8.39932e-06,3.3;3.3;-1.75258e-06;-1.7398e-06;3.3;-2.05301e-06;3.3;3.3,-1.72941e-06;-1.97704e-06;3.3;3.3;-1.94358e-06;3.3;-1.63659e-06;-1.94062e-06,RETRY_5NS;RETRY_5NS;RETRY_5NS;RETRY_5NS;RETRY_5NS;RETRY_5NS;RETRY_5NS;RETRY_5NS,8,8,11001011,203,52,1100101,7,202,52,195,INFERRED_AT_DAC_BRIDGE_OUTPUT,11000011,195,11000011,195,11000011,195,11000011,195,True,True
MC200_CMP_XM5_XM6_W8P2524_XM7_XM11_W16P8587_S081_LOW_W4,3,-2.96758e-06;-8.24648e-06;-3.26003e-06;-3.0867e-06;-7.71321e-06;-8.19765e-06;-3.07691e-06;-7.98433e-06,-2.88974e-06;-8.25967e-06;-3.18161e-06;-3.00689e-06;-7.73304e-06;-8.19766e-06;-2.99813e-06;-7.99214e-06,3.3;-2.09483e-06;-1.74061e-06;-1.73123e-06;-2.05475e-06;3.3;-1.71932e-06;3.3,-1.70684e-06;3.3;3.3;3.3;3.3;-1.92313e-06;3.3;-1.9275e-06,RETRY_5NS;RETRY_5NS;RETRY_5NS;RETRY_5NS;RETRY_5NS;RETRY_5NS;RETRY_5NS;RETRY_5NS,8,8,10000101,133,122,1000010,7,132,122,133,INFERRED_AT_DAC_BRIDGE_OUTPUT,10000101,133,10000101,133,10000101,133,10000101,133,True,True
MC200_CMP_XM5_XM6_W8P2524_XM7_XM11_W16P8587_S081_LOW_W4,64,-3.41056e-06;-8.7307e-06;-3.27803e-06;-3.49542e-06;-8.3867e-06;-8.40821e-06;-3.32883e-06;-8.38351e-06,-3.32515e-06;-8.76544e-06;-3.19629e-06;-3.41012e-06;-8.39859e-06;-8.44825e-06;-3.24659e-06;-8.39928e-06,3.3;3.3;-1.73766e-06;3.3;3.3;3.3;3.3;3.3,-1.76597e-06;-2.01436e-06;3.3;-1.67385e-06;-1.95078e-06;-1.97802e-06;-1.64948e-06;-1.94017e-06,RETRY_5NS;RETRY_5NS;RETRY_5NS;RETRY_5NS;RETRY_5NS;RETRY_5NS;RETRY_5NS;RETRY_5NS,8,8,11011111,223,32,1101111,7,222,32,223,INFERRED_AT_DAC_BRIDGE_OUTPUT,11011111,223,11011111,223,11011111,223,11011111,223,True,True
MC200_CMP_XM5_XM6_W8P2524_XM7_XM11_W16P8587_S081_LOW_W4,65,-3.41851e-06;-8.29897e-06;-3.28432e-06;-3.49066e-06;-8.38639e-06;-8.14504e-06;-3.61108e-06;-8.38319e-06,-3.33327e-06;-8.34102e-06;-3.20283e-06;-3.4047e-06;-8.39855e-06;-8.19305e-06;-3.53008e-06;-8.39941e-06,3.3;3.3;3.3;-1.76584e-06;3.3;3.3;3.3;3.3,-1.78238e-06;-2.02267e-06;-1.65686e-06;3.3;-1.95092e-06;-1.98014e-06;-1.65081e-06;-1.97516e-06,RETRY_5NS;RETRY_5NS;RETRY_5NS;RETRY_5NS;RETRY_5NS;RETRY_5NS;RETRY_5NS;RETRY_5NS,8,8,11101111,239,16,1110111,7,238,16,239,INFERRED_AT_DAC_BRIDGE_OUTPUT,11101111,239,11101111,239,11101111,239,11101111,239,True,True
MC200_CMP_XM5_XM6_W8P2524_XM7_XM11_W16P8587_S081_LOW_W4,66,-3.24979e-06;-8.53962e-06;-3.18832e-06;-3.33496e-06;-8.19887e-06;-8.49472e-06;-3.17163e-06;-8.19612e-06,-3.16751e-06;-8.56219e-06;-3.10903e-06;-3.25068e-06;-8.19732e-06;-8.52043e-06;-3.09101e-06;-8.19862e-06,3.3;3.3;-1.74239e-06;-1.75269e-06;3.3;3.3;-1.73389e-06;-2.04305e-06,-1.74232e-06;-1.99092e-06;3.3;3.3;-1.92817e-06;-1.94658e-06;3.3;3.3,RETRY_5NS;RETRY_5NS;RETRY_5NS;RETRY_5NS;RETRY_5NS;RETRY_5NS;RETRY_5NS;RETRY_5NS,8,8,11001100,204,51,1100110,7,204,50,204,INFERRED_AT_DAC_BRIDGE_OUTPUT,11001100,204,11001100,204,11001100,204,11001100,204,True,True
MC200_CMP_XM5_XM6_W8P2524_XM7_XM11_W16P8587_S081_LOW_W4,67,-3.09593e-06;-8.39304e-06;-2.93768e-06;-3.21206e-06;-8.11342e-06;-8.34698e-06;-3.04538e-06;-7.77567e-06,-3.01584e-06;-8.41961e-06;-2.85896e-06;-3.13004e-06;-8.10316e-06;-8.35859e-06;-2.96715e-06;-7.77983e-06,3.3;-2.11088e-06;-1.72267e-06;-1.7442e-06;-2.03008e-06;3.3;-1.71461e-06;3.3,-1.71863e-06;3.3;3.3;3.3;3.3;-1.93845e-06;3.3;-1.91472e-06,RETRY_5NS;RETRY_5NS;RETRY_5NS;RETRY_5NS;RETRY_5NS;RETRY_5NS;RETRY_5NS;RETRY_5NS,8,8,10000101,133,122,1000010,7,132,122,133,INFERRED_AT_DAC_BRIDGE_OUTPUT,10000101,133,10000101,133,10000101,133,10000101,133,True,True
MC200_CMP_XM5_XM6_W8P2524_XM7_XM11_W16P8587_S082_LOW_W4,0,-3.11045e-06;-8.49401e-06;-3.19395e-06;-3.28099e-06;-8.44471e-06;-8.44332e-06;-3.18346e-06;-8.48154e-06,-3.0423e-06;-8.51838e-06;-3.12547e-06;-3.21454e-06;-8.47044e-06;-8.47081e-06;-3.11519e-06;-8.51419e-06,3.3;3.3;-1.74104e-06;3.3;3.3;3.3;3.3;3.3,-1.77549e-06;-2.02267e-06;3.3;-1.68574e-06;-1.98895e-06;-1.9851e-06;-1.67256e-06;-1.98418e-06,RETRY_5NS;RETRY_5NS;RETRY_5NS;RETRY_5NS;RETRY_5NS;RETRY_5NS;RETRY_5NS;RETRY_5NS,8,8,11011111,223,32,1101111,7,222,32,223,INFERRED_AT_DAC_BRIDGE_OUTPUT,11011111,223,11011111,223,11011111,223,11011111,223,True,True
MC200_CMP_XM5_XM6_W8P2524_XM7_XM11_W16P8587_S082_LOW_W4,1,-3.11881e-06;-8.4964e-06;-3.07628e-06;-3.188e-06;-8.44452e-06;-8.44307e-06;-3.18315e-06;-8.48072e-06,-3.05086e-06;-8.52036e-06;-3.00755e-06;-3.11903e-06;-8.47043e-06;-8.47085e-06;-3.11523e-06;-8.51485e-06,3.3;3.3;3.3;-1.74393e-06;3.3;3.3;3.3;-2.06316e-06,-1.79021e-06;-2.02941e-06;-1.68414e-06;3.3;-1.98961e-06;-1.986e-06;-1.67158e-06;3.3,RETRY_5NS;RETRY_5NS;RETRY_5NS;RETRY_5NS;RETRY_5NS;RETRY_5NS;RETRY_5NS;RETRY_5NS,8,8,11101110,238,17,1110111,7,238,16,238,INFERRED_AT_DAC_BRIDGE_OUTPUT,11101110,238,11101110,238,11101110,238,11101110,238,True,True
MC200_CMP_XM5_XM6_W8P2524_XM7_XM11_W16P8587_S082_LOW_W4,2,-3.04435e-06;-8.40883e-06;-3.13969e-06;-3.1262e-06;-9.00566e-06;-7.72137e-06;-3.11997e-06;-8.40181e-06,-2.97738e-06;-8.43055e-06;-3.07119e-06;-3.05734e-06;-9.01676e-06;-7.76311e-06;-3.05291e-06;-8.42916e-06,3.3;3.3;-1.75131e-06;-1.74272e-06;3.3;-2.065e-06;3.3;3.3,-1.76116e-06;-2.01254e-06;3.3;3.3;-1.97377e-06;3.3;-1.66576e-06;-1.97201e-06,RETRY_5NS;RETRY_5NS;RETRY_5NS;RETRY_5NS;RETRY_5NS;RETRY_5NS;RETRY_5NS;RETRY_5NS,8,8,11001011,203,52,1100101,7,202,52,203,INFERRED_AT_DAC_BRIDGE_OUTPUT,11001011,203,11001011,203,11001011,203,11001011,203,True,True
MC200_CMP_XM5_XM6_W8P2524_XM7_XM11_W16P8587_S082_LOW_W4,3,-2.98758e-06;-8.37045e-06;-3.11252e-06;-3.09697e-06;-8.32064e-06;-8.32267e-06;-3.0888e-06;-8.36212e-06,-2.92093e-06;-8.40489e-06;-3.04446e-06;-3.02863e-06;-8.34595e-06;-8.34384e-06;-3.02111e-06;-8.38658e-06,3.3;-2.10984e-06;-1.7486e-06;-1.74331e-06;-2.06024e-06;3.3;-1.73228e-06;3.3,-1.74616e-06;3.3;3.3;3.3;3.3;-1.97094e-06;3.3;-1.96934e-06,RETRY_5NS;RETRY_5NS;RETRY_5NS;RETRY_5NS;RETRY_5NS;RETRY_5NS;RETRY_5NS;RETRY_5NS,8,8,10000101,133,122,1000010,7,132,122,133,INFERRED_AT_DAC_BRIDGE_OUTPUT,10000101,133,10000101,133,10000101,133,10000101,133,True,True
MC200_CMP_XM5_XM6_W8P2524_XM7_XM11_W16P8587_S082_LOW_W4,64,-3.23695e-06;-8.65218e-06;-3.10011e-06;-3.53705e-06;-7.96401e-06;-8.60253e-06;-3.15185e-06;-7.9064e-06,-3.16707e-06;-8.68697e-06;-3.0324e-06;-3.46886e-06;-7.98333e-06;-8.64071e-06;-3.08404e-06;-7.94056e-06,3.3;3.3;-1.73533e-06;3.3;3.3;3.3;3.3;3.3,-1.78915e-06;-2.03776e-06;3.3;-1.70301e-06;-1.97788e-06;-2.00252e-06;-1.66939e-06;-1.97474e-06,RETRY_5NS;RETRY_5NS;RETRY_5NS;RETRY_5NS;RETRY_5NS;RETRY_5NS;RETRY_5NS;RETRY_5NS,8,8,11011111,223,32,1101111,7,222,32,223,INFERRED_AT_DAC_BRIDGE_OUTPUT,11011111,223,11011111,223,11011111,223,11011111,223,True,True
MC200_CMP_XM5_XM6_W8P2524_XM7_XM11_W16P8587_S082_LOW_W4,65,-3.42747e-06;-8.65432e-06;-3.00213e-06;-3.31395e-06;-8.28536e-06;-8.60212e-06;-3.15154e-06;-8.28244e-06,-3.36038e-06;-8.68867e-06;-2.93478e-06;-3.24332e-06;-8.30065e-06;-8.64082e-06;-3.08404e-06;-8.3015e-06,3.3;3.3;3.3;-1.7576e-06;3.3;3.3;3.3;3.3,-1.8098e-06;-2.04536e-06;-1.67477e-06;3.3;-1.97478e-06;-2.00136e-06;-1.66808e-06;-1.99446e-06,RETRY_5NS;RETRY_5NS;RETRY_5NS;RETRY_5NS;RETRY_5NS;RETRY_5NS;RETRY_5NS;RETRY_5NS,8,8,11101111,239,16,1110111,7,238,16,239,INFERRED_AT_DAC_BRIDGE_OUTPUT,11101111,239,11101111,239,11101111,239,11101111,239,True,True
MC200_CMP_XM5_XM6_W8P2524_XM7_XM11_W16P8587_S082_LOW_W4,66,-3.17096e-06;-8.56703e-06;-3.04596e-06;-3.52661e-06;-7.71441e-06;-8.81213e-06;-3.08838e-06;-8.20306e-06,-3.10228e-06;-8.59934e-06;-2.9787e-06;-3.459e-06;-7.7345e-06;-8.84231e-06;-3.02176e-06;-8.21631e-06,3.3;3.3;-1.74243e-06;-1.76123e-06;3.3;-2.07438e-06;3.3;3.3,-1.77489e-06;-2.02732e-06;3.3;3.3;-1.97052e-06;3.3;-1.66201e-06;-1.9544e-06,RETRY_5NS;RETRY_5NS;RETRY_5NS;RETRY_5NS;RETRY_5NS;RETRY_5NS;RETRY_5NS;RETRY_5NS,8,8,11001011,203,52,1100101,7,202,52,203,INFERRED_AT_DAC_BRIDGE_OUTPUT,11001011,203,11001011,203,11001011,203,11001011,203,True,True
MC200_CMP_XM5_XM6_W8P2524_XM7_XM11_W16P8587_S082_LOW_W4,67,-3.11603e-06;-8.52738e-06;-3.01903e-06;-3.2228e-06;-8.1619e-06;-8.48176e-06;-3.05724e-06;-8.16328e-06,-3.04765e-06;-8.57382e-06;-2.95221e-06;-3.1528e-06;-8.17566e-06;-8.5139e-06;-2.98994e-06;-8.17377e-06,3.3;-2.12698e-06;-1.73815e-06;-1.75707e-06;-2.04507e-06;3.3;-1.72943e-06;3.3,-1.76113e-06;3.3;3.3;3.3;3.3;-1.98648e-06;3.3;-1.94963e-06,RETRY_5NS;RETRY_5NS;RETRY_5NS;RETRY_5NS;RETRY_5NS;RETRY_5NS;RETRY_5NS;RETRY_5NS,8,8,10000101,133,122,1000010,7,132,122,133,INFERRED_AT_DAC_BRIDGE_OUTPUT,10000101,133,10000101,133,10000101,133,10000101,133,True,True
MC200_CMP_XM5_XM6_W8P2524_XM7_XM11_W16P8587_S083_LOW_W4,0,-2.96331e-06;-8.24278e-06;-3.05856e-06;-3.05629e-06;-8.18371e-06;-8.18349e-06;-3.04304e-06;-8.22389e-06,-2.96366e-06;-8.24884e-06;-3.05993e-06;-3.05621e-06;-8.20196e-06;-8.20023e-06;-3.04328e-06;-8.2378e-06,3.3;3.3;3.3;-1.73706e-06;-2.05459e-06;-2.05205e-06;-1.72749e-06;-2.04563e-06,-1.75094e-06;-1.99588e-06;-1.65406e-06;3.3;3.3;3.3;3.3;3.3,RETRY_5NS;RETRY_5NS;RETRY_5NS;RETRY_5NS;RETRY_5NS;RETRY_5NS;RETRY_5NS;RETRY_5NS,8,8,11100000,224,31,1110000,7,224,30,224,INFERRED_AT_DAC_BRIDGE_OUTPUT,11100000,224,11100000,224,11100000,224,11100000,224,True,True
MC200_CMP_XM5_XM6_W8P2524_XM7_XM11_W16P8587_S083_LOW_W4,1,-2.52221e-06;-7.82309e-06;-2.61791e-06;-2.59654e-06;-7.59122e-06;-7.54682e-06;-2.45936e-06;-7.62752e-06,-2.52006e-06;-7.83526e-06;-2.61659e-06;-2.59451e-06;-7.60545e-06;-7.56201e-06;-2.45787e-06;-7.64296e-06,3.3;3.3;3.3;-1.67666e-06;3.3;3.3;3.3;3.3,-1.71735e-06;-1.93988e-06;-1.61714e-06;3.3;-1.90746e-06;-1.90729e-06;-1.60445e-06;-1.90095e-06,RETRY_5NS;RETRY_5NS;RETRY_5NS;RETRY_5NS;RETRY_5NS;RETRY_5NS;RETRY_5NS;RETRY_5NS,8,8,11101111,239,16,1110111,7,238,16,239,INFERRED_AT_DAC_BRIDGE_OUTPUT,11101111,239,11101111,239,11101111,239,11101111,239,True,True
MC200_CMP_XM5_XM6_W8P2524_XM7_XM11_W16P8587_S083_LOW_W4,2,-3.0811e-06;-8.39414e-06;-3.39181e-06;-3.17149e-06;-8.34591e-06;-8.3439e-06;-3.1644e-06;-8.38298e-06,-3.08244e-06;-8.40089e-06;-3.39322e-06;-3.17201e-06;-8.35583e-06;-8.35647e-06;-3.16537e-06;-8.39647e-06,3.3;3.3;-1.75634e-06;-1.74384e-06;3.3;3.3;-1.74226e-06;-2.0636e-06,-1.75727e-06;-2.00745e-06;3.3;3.3;-1.97515e-06;-1.96081e-06;3.3;3.3,RETRY_5NS;RETRY_5NS;RETRY_5NS;RETRY_5NS;RETRY_5NS;RETRY_5NS;RETRY_5NS;RETRY_5NS,8,8,11001100,204,51,1100110,7,204,50,204,INFERRED_AT_DAC_BRIDGE_OUTPUT,11001100,204,11001100,204,11001100,204,11001100,204,True,True
MC200_CMP_XM5_XM6_W8P2524_XM7_XM11_W16P8587_S083_LOW_W4,3,-3.01867e-06;-8.35744e-06;-3.00056e-06;-3.14436e-06;-7.63962e-06;-8.49719e-06;-3.13342e-06;-8.34288e-06,-3.01949e-06;-8.37997e-06;-3.00028e-06;-3.14459e-06;-7.65175e-06;-8.50918e-06;-3.13528e-06;-8.35721e-06,3.3;-2.11072e-06;-1.74521e-06;-1.74597e-06;-2.06974e-06;3.3;3.3;-2.06297e-06,-1.74512e-06;3.3;3.3;3.3;3.3;-1.96705e-06;-1.65254e-06;3.3,RETRY_5NS;RETRY_5NS;RETRY_5NS;RETRY_5NS;RETRY_5NS;RETRY_5NS;RETRY_5NS;RETRY_5NS,8,8,10000110,134,121,1000011,7,134,120,134,INFERRED_AT_DAC_BRIDGE_OUTPUT,10000110,134,10000110,134,10000110,134,10000110,134,True,True
MC200_CMP_XM5_XM6_W8P2524_XM7_XM11_W16P8587_S083_LOW_W4,64,-3.08486e-06;-8.40085e-06;-2.96838e-06;-3.17685e-06;-8.02496e-06;-8.34244e-06;-3.01274e-06;-8.02478e-06,-3.08596e-06;-8.40541e-06;-2.96919e-06;-3.17752e-06;-8.04345e-06;-8.3587e-06;-3.01277e-06;-8.03972e-06,3.3;3.3;3.3;-1.74889e-06;-2.03735e-06;-2.06767e-06;-1.72476e-06;-2.02815e-06,-1.76498e-06;-2.01133e-06;-1.64569e-06;3.3;3.3;3.3;3.3;3.3,RETRY_5NS;RETRY_5NS;RETRY_5NS;RETRY_5NS;RETRY_5NS;RETRY_5NS;RETRY_5NS;RETRY_5NS,8,8,11100000,224,31,1110000,7,224,30,224,INFERRED_AT_DAC_BRIDGE_OUTPUT,11100000,224,11100000,224,11100000,224,11100000,224,True,True
MC200_CMP_XM5_XM6_W8P2524_XM7_XM11_W16P8587_S083_LOW_W4,65,-2.64301e-06;-8.46303e-06;-2.52775e-06;-2.71735e-06;-7.43195e-06;-7.62633e-06;-2.55615e-06;-7.42856e-06,-2.6416e-06;-8.47598e-06;-2.52585e-06;-2.71608e-06;-7.44743e-06;-7.63993e-06;-2.55449e-06;-7.44486e-06,3.3;3.3;3.3;-1.68923e-06;3.3;3.3;3.3;3.3,-1.73039e-06;-1.95442e-06;-1.60793e-06;3.3;-1.89118e-06;-1.92304e-06;-1.6024e-06;-1.91978e-06,RETRY_5NS;RETRY_5NS;RETRY_5NS;RETRY_5NS;RETRY_5NS;RETRY_5NS;RETRY_5NS;RETRY_5NS,8,8,11101111,239,16,1110111,7,238,16,239,INFERRED_AT_DAC_BRIDGE_OUTPUT,11101111,239,11101111,239,11101111,239,11101111,239,True,True
MC200_CMP_XM5_XM6_W8P2524_XM7_XM11_W16P8587_S083_LOW_W4,66,-3.2026e-06;-8.55235e-06;-3.25849e-06;-3.29238e-06;-8.18688e-06;-8.503e-06;-3.13402e-06;-8.18364e-06,-3.20469e-06;-8.55775e-06;-3.2592e-06;-3.29365e-06;-8.19776e-06;-8.51489e-06;-3.13481e-06;-8.19872e-06,3.3;3.3;-1.74831e-06;-1.75882e-06;3.3;3.3;-1.73812e-06;-2.04592e-06,-1.76978e-06;-2.02209e-06;3.3;3.3;-1.95982e-06;-1.97714e-06;3.3;3.3,RETRY_5NS;RETRY_5NS;RETRY_5NS;RETRY_5NS;RETRY_5NS;RETRY_5NS;RETRY_5NS;RETRY_5NS,8,8,11001100,204,51,1100110,7,204,50,204,INFERRED_AT_DAC_BRIDGE_OUTPUT,11001100,204,11001100,204,11001100,204,11001100,204,True,True
MC200_CMP_XM5_XM6_W8P2524_XM7_XM11_W16P8587_S083_LOW_W4,67,-3.1425e-06;-8.51427e-06;-3.20637e-06;-3.26498e-06;-8.8866e-06;-7.90047e-06;-3.1031e-06;-8.14382e-06,-3.14406e-06;-8.53688e-06;-3.2068e-06;-3.26593e-06;-8.90784e-06;-7.90831e-06;-3.10478e-06;-8.1591e-06,3.3;-2.12764e-06;-1.74266e-06;-1.75933e-06;-2.04776e-06;3.3;3.3;-2.04276e-06,-1.75806e-06;3.3;3.3;3.3;3.3;-1.98874e-06;-1.65055e-06;3.3,RETRY_5NS;RETRY_5NS;RETRY_5NS;RETRY_5NS;RETRY_5NS;RETRY_5NS;RETRY_5NS;RETRY_5NS,8,8,10000110,134,121,1000011,7,134,120,134,INFERRED_AT_DAC_BRIDGE_OUTPUT,10000110,134,10000110,134,10000110,134,10000110,134,True,True
MC200_CMP_XM5_XM6_W8P2524_XM7_XM11_W16P8587_S084_LOW_W4,0,-3.10037e-06;-7.85325e-06;-3.19724e-06;-3.19462e-06;-8.29881e-06;-8.29871e-06;-3.18159e-06;-8.3376e-06,-3.08317e-06;-7.85564e-06;-3.18077e-06;-3.17697e-06;-8.31352e-06;-8.31184e-06;-3.16416e-06;-8.34847e-06,3.3;3.3;3.3;-1.71328e-06;-2.02777e-06;-2.02521e-06;-1.70217e-06;3.3,-1.71692e-06;-1.96179e-06;-1.62137e-06;3.3;3.3;3.3;3.3;-1.90876e-06,RETRY_5NS;RETRY_5NS;RETRY_5NS;RETRY_5NS;RETRY_5NS;RETRY_5NS;RETRY_5NS;RETRY_5NS,8,8,11100001,225,30,1110000,7,224,30,225,INFERRED_AT_DAC_BRIDGE_OUTPUT,11100001,225,11100001,225,11100001,225,11100001,225,True,True
MC200_CMP_XM5_XM6_W8P2524_XM7_XM11_W16P8587_S084_LOW_W4,1,-3.17252e-06;-8.43519e-06;-3.2658e-06;-3.24869e-06;-7.69474e-06;-8.37467e-06;-3.46195e-06;-9.55279e-06,-3.15566e-06;-8.43794e-06;-3.24952e-06;-3.2323e-06;-7.71135e-06;-8.38922e-06;-3.44533e-06;-9.56624e-06,3.3;3.3;3.3;3.3;-2.04552e-06;-2.0336e-06;-1.71306e-06;-2.02333e-06,-1.73809e-06;-1.96881e-06;-1.63701e-06;-1.6202e-06;3.3;3.3;3.3;3.3,RETRY_5NS;RETRY_5NS;RETRY_5NS;RETRY_5NS;RETRY_5NS;RETRY_5NS;RETRY_5NS;RETRY_5NS,8,8,11110000,240,15,1111000,7,240,14,240,INFERRED_AT_DAC_BRIDGE_OUTPUT,11110000,240,11110000,240,11110000,240,11110000,240,True,True
MC200_CMP_XM5_XM6_W8P2524_XM7_XM11_W16P8587_S084_LOW_W4,2,-3.31048e-06;-8.614e-06;-3.41786e-06;-3.40158e-06;-8.56863e-06;-8.56652e-06;-3.39483e-06;-8.6039e-06,-3.2939e-06;-8.62092e-06;-3.40067e-06;-3.38389e-06;-8.57831e-06;-8.57926e-06;-3.37771e-06;-8.6183e-06,3.3;3.3;-1.74058e-06;-1.73043e-06;3.3;3.3;-1.72639e-06;-2.04593e-06,-1.73196e-06;-1.98038e-06;3.3;3.3;-1.94848e-06;-1.94139e-06;3.3;3.3,RETRY_5NS;RETRY_5NS;RETRY_5NS;RETRY_5NS;RETRY_5NS;RETRY_5NS;RETRY_5NS;RETRY_5NS,8,8,11001100,204,51,1100110,7,204,50,204,INFERRED_AT_DAC_BRIDGE_OUTPUT,11001100,204,11001100,204,11001100,204,11001100,204,True,True
MC200_CMP_XM5_XM6_W8P2524_XM7_XM11_W16P8587_S084_LOW_W4,3,-3.0941e-06;-8.39008e-06;-3.24224e-06;-3.2226e-06;-8.11336e-06;-8.33943e-06;-3.21157e-06;-8.3752e-06,-3.07702e-06;-8.41078e-06;-3.2249e-06;-3.20471e-06;-8.12561e-06;-8.34775e-06;-3.19513e-06;-8.38738e-06,3.3;-2.07658e-06;-1.72091e-06;-1.7148e-06;-2.0272e-06;3.3;3.3;-2.02562e-06,-1.70199e-06;3.3;3.3;3.3;3.3;-1.92299e-06;-1.61583e-06;3.3,RETRY_5NS;RETRY_5NS;RETRY_5NS;RETRY_5NS;RETRY_5NS;RETRY_5NS;RETRY_5NS;RETRY_5NS,8,8,10000110,134,121,1000011,7,134,120,134,INFERRED_AT_DAC_BRIDGE_OUTPUT,10000110,134,10000110,134,10000110,134,10000110,134,True,True
MC200_CMP_XM5_XM6_W8P2524_XM7_XM11_W16P8587_S084_LOW_W4,64,-3.2225e-06;-8.12817e-06;-3.10693e-06;-3.3157e-06;-8.14705e-06;-8.45068e-06;-3.15114e-06;-8.14768e-06,-3.20547e-06;-8.13178e-06;-3.09003e-06;-3.29823e-06;-8.15931e-06;-8.46595e-06;-3.13365e-06;-8.15538e-06,3.3;3.3;3.3;-1.72599e-06;-2.01311e-06;-2.04014e-06;-1.69952e-06;3.3,-1.73011e-06;-1.97482e-06;-1.61422e-06;3.3;3.3;3.3;3.3;-1.89616e-06,RETRY_5NS;RETRY_5NS;RETRY_5NS;RETRY_5NS;RETRY_5NS;RETRY_5NS;RETRY_5NS;RETRY_5NS,8,8,11100001,225,30,1110000,7,224,30,225,INFERRED_AT_DAC_BRIDGE_OUTPUT,11100001,225,11100001,225,11100001,225,11100001,225,True,True
MC200_CMP_XM5_XM6_W8P2524_XM7_XM11_W16P8587_S084_LOW_W4,65,-3.29367e-06;-8.58594e-06;-3.17561e-06;-3.37004e-06;-8.3874e-06;-8.52657e-06;-3.05691e-06;-9.48097e-06,-3.27696e-06;-8.58981e-06;-3.15918e-06;-3.3538e-06;-8.40123e-06;-8.54342e-06;-3.03836e-06;-9.49228e-06,3.3;3.3;3.3;3.3;-2.01969e-06;-2.04823e-06;-1.70391e-06;-2.04695e-06,-1.75079e-06;-1.98442e-06;-1.62638e-06;-1.63255e-06;3.3;3.3;3.3;3.3,RETRY_5NS;RETRY_5NS;RETRY_5NS;RETRY_5NS;RETRY_5NS;RETRY_5NS;RETRY_5NS;RETRY_5NS,8,8,11110000,240,15,1111000,7,240,14,240,INFERRED_AT_DAC_BRIDGE_OUTPUT,11110000,240,11110000,240,11110000,240,11110000,240,True,True
MC200_CMP_XM5_XM6_W8P2524_XM7_XM11_W16P8587_S084_LOW_W4,66,-3.43265e-06;-8.76645e-06;-3.32771e-06;-3.52299e-06;-8.41648e-06;-8.71861e-06;-3.36437e-06;-8.41363e-06,-3.41623e-06;-8.77465e-06;-3.31039e-06;-3.50545e-06;-8.42459e-06;-8.7333e-06;-3.3472e-06;-8.4256e-06,3.3;3.3;-1.7295e-06;-1.74493e-06;3.3;3.3;-1.72296e-06;-2.02552e-06,-1.74474e-06;-1.99644e-06;3.3;3.3;-1.93313e-06;-1.955e-06;3.3;3.3,RETRY_5NS;RETRY_5NS;RETRY_5NS;RETRY_5NS;RETRY_5NS;RETRY_5NS;RETRY_5NS;RETRY_5NS,8,8,11001100,204,51,1100110,7,204,50,204,INFERRED_AT_DAC_BRIDGE_OUTPUT,11001100,204,11001100,204,11001100,204,11001100,204,True,True
MC200_CMP_XM5_XM6_W8P2524_XM7_XM11_W16P8587_S084_LOW_W4,67,-3.2185e-06;-8.53979e-06;-3.15207e-06;-3.34364e-06;-7.85394e-06;-8.4917e-06;-3.1811e-06;-8.18483e-06,-3.20157e-06;-8.56325e-06;-3.13461e-06;-3.32589e-06;-7.86445e-06;-8.50161e-06;-3.16462e-06;-8.19481e-06,3.3;-2.09248e-06;-1.7112e-06;-1.7285e-06;-2.0143e-06;3.3;3.3;-2.0082e-06,-1.71584e-06;3.3;3.3;3.3;3.3;-1.93713e-06;-1.61317e-06;3.3,RETRY_5NS;RETRY_5NS;RETRY_5NS;RETRY_5NS;RETRY_5NS;RETRY_5NS;RETRY_5NS;RETRY_5NS,8,8,10000110,134,121,1000011,7,134,120,134,INFERRED_AT_DAC_BRIDGE_OUTPUT,10000110,134,10000110,134,10000110,134,10000110,134,True,True
MC200_CMP_XM5_XM6_W8P2524_XM7_XM11_W16P8587_S085_LOW_W4,0,-3.33226e-06;-8.55694e-06;-3.44394e-06;-3.43997e-06;-8.49687e-06;-8.49656e-06;-3.42355e-06;-8.53455e-06,-3.25507e-06;-8.57088e-06;-3.36447e-06;-3.36148e-06;-8.52201e-06;-8.51998e-06;-3.34559e-06;-8.5586e-06,3.3;3.3;3.3;-1.77792e-06;-2.10256e-06;-2.09998e-06;-1.76811e-06;-2.09563e-06,-1.82218e-06;-2.07551e-06;-1.72025e-06;3.3;3.3;3.3;3.3;3.3,RETRY_5NS;RETRY_5NS;RETRY_5NS;RETRY_5NS;RETRY_5NS;RETRY_5NS;RETRY_5NS;RETRY_5NS,8,8,11100000,224,31,1110000,7,224,30,224,INFERRED_AT_DAC_BRIDGE_OUTPUT,11100000,224,11100000,224,11100000,224,11100000,224,True,True
MC200_CMP_XM5_XM6_W8P2524_XM7_XM11_W16P8587_S085_LOW_W4,1,-3.25869e-06;-8.44944e-06;-3.36806e-06;-3.34467e-06;-8.38908e-06;-8.38701e-06;-3.53742e-06;-8.42256e-06,-3.18345e-06;-8.45405e-06;-3.28947e-06;-3.26858e-06;-8.39507e-06;-8.39464e-06;-3.46271e-06;-8.43551e-06,3.3;3.3;3.3;-1.75498e-06;3.3;3.3;3.3;3.3,-1.82751e-06;-2.06811e-06;-1.72148e-06;3.3;-2.03e-06;-2.02602e-06;-1.70902e-06;-2.02458e-06,RETRY_5NS;RETRY_5NS;RETRY_5NS;RETRY_5NS;RETRY_5NS;RETRY_5NS;RETRY_5NS;RETRY_5NS,8,8,11101111,239,16,1110111,7,238,16,239,INFERRED_AT_DAC_BRIDGE_OUTPUT,11101111,239,11101111,239,11101111,239,11101111,239,True,True
MC200_CMP_XM5_XM6_W8P2524_XM7_XM11_W16P8587_S085_LOW_W4,2,-3.21114e-06;-8.39983e-06;-3.34346e-06;-3.31742e-06;-7.64306e-06;-8.34733e-06;-3.30666e-06;-8.38506e-06,-3.13677e-06;-8.40429e-06;-3.26464e-06;-3.24092e-06;-7.66345e-06;-8.35485e-06;-3.23213e-06;-8.39472e-06,3.3;3.3;-1.76894e-06;-1.75976e-06;3.3;-2.06937e-06;3.3;3.3,-1.79873e-06;-2.05638e-06;3.3;3.3;-2.03123e-06;3.3;-1.70492e-06;-2.02197e-06,RETRY_5NS;RETRY_5NS;RETRY_5NS;RETRY_5NS;RETRY_5NS;RETRY_5NS;RETRY_5NS;RETRY_5NS,8,8,11001011,203,52,1100101,7,202,52,203,INFERRED_AT_DAC_BRIDGE_OUTPUT,11001011,203,11001011,203,11001011,203,11001011,203,True,True
MC200_CMP_XM5_XM6_W8P2524_XM7_XM11_W16P8587_S085_LOW_W4,3,-3.14058e-06;-8.36935e-06;-3.44779e-06;-3.2926e-06;-8.30922e-06;-8.31059e-06;-3.27776e-06;-8.34734e-06,-3.067e-06;-8.38532e-06;-3.37087e-06;-3.21697e-06;-8.31584e-06;-8.31355e-06;-3.20294e-06;-8.35401e-06,3.3;-2.12597e-06;-1.76946e-06;-1.76037e-06;-2.07764e-06;3.3;-1.7455e-06;3.3,-1.78947e-06;3.3;3.3;3.3;3.3;-2.01649e-06;3.3;-2.01535e-06,RETRY_5NS;RETRY_5NS;RETRY_5NS;RETRY_5NS;RETRY_5NS;RETRY_5NS;RETRY_5NS;RETRY_5NS,8,8,10000101,133,122,1000010,7,132,122,133,INFERRED_AT_DAC_BRIDGE_OUTPUT,10000101,133,10000101,133,10000101,133,10000101,133,True,True
MC200_CMP_XM5_XM6_W8P2524_XM7_XM11_W16P8587_S085_LOW_W4,64,-3.44906e-06;-8.70586e-06;-3.35857e-06;-3.55529e-06;-8.34704e-06;-8.6466e-06;-3.39446e-06;-8.34657e-06,-3.36947e-06;-8.73172e-06;-3.27977e-06;-3.47433e-06;-8.35904e-06;-8.68293e-06;-3.3171e-06;-8.35484e-06,3.3;3.3;3.3;-1.79163e-06;-2.08594e-06;-2.11578e-06;-1.76544e-06;-2.07478e-06,-1.83546e-06;-2.09004e-06;-1.70842e-06;3.3;3.3;3.3;3.3;3.3,RETRY_5NS;RETRY_5NS;RETRY_5NS;RETRY_5NS;RETRY_5NS;RETRY_5NS;RETRY_5NS;RETRY_5NS,8,8,11100000,224,31,1110000,7,224,30,224,INFERRED_AT_DAC_BRIDGE_OUTPUT,11100000,224,11100000,224,11100000,224,11100000,224,True,True
MC200_CMP_XM5_XM6_W8P2524_XM7_XM11_W16P8587_S085_LOW_W4,65,-3.37442e-06;-8.59812e-06;-3.28296e-06;-3.46065e-06;-8.23863e-06;-8.53741e-06;-3.30705e-06;-8.23456e-06,-3.29677e-06;-8.61461e-06;-3.20538e-06;-3.38173e-06;-8.23253e-06;-8.55734e-06;-3.23183e-06;-8.23173e-06,3.3;3.3;3.3;-1.76856e-06;3.3;3.3;3.3;3.3,-1.84159e-06;-2.084e-06;-1.71154e-06;3.3;-2.01577e-06;-2.04236e-06;-1.70439e-06;-2.04259e-06,RETRY_5NS;RETRY_5NS;RETRY_5NS;RETRY_5NS;RETRY_5NS;RETRY_5NS;RETRY_5NS;RETRY_5NS,8,8,11101111,239,16,1110111,7,238,16,239,INFERRED_AT_DAC_BRIDGE_OUTPUT,11101111,239,11101111,239,11101111,239,11101111,239,True,True
MC200_CMP_XM5_XM6_W8P2524_XM7_XM11_W16P8587_S085_LOW_W4,66,-3.32806e-06;-8.54888e-06;-3.25863e-06;-3.43333e-06;-8.76167e-06;-8.49757e-06;-3.2779e-06;-8.19718e-06,-3.25126e-06;-8.56543e-06;-3.18095e-06;-3.35437e-06;-8.74025e-06;-8.51775e-06;-3.2033e-06;-8.19093e-06,3.3;3.3;-1.75916e-06;-1.7725e-06;3.3;-2.08663e-06;3.3;3.3,-1.81376e-06;-2.07146e-06;3.3;3.3;-2.00139e-06;3.3;-1.7009e-06;-2.00138e-06,RETRY_5NS;RETRY_5NS;RETRY_5NS;RETRY_5NS;RETRY_5NS;RETRY_5NS;RETRY_5NS;RETRY_5NS,8,8,11001011,203,52,1100101,7,202,52,203,INFERRED_AT_DAC_BRIDGE_OUTPUT,11001011,203,11001011,203,11001011,203,11001011,203,True,True
MC200_CMP_XM5_XM6_W8P2524_XM7_XM11_W16P8587_S085_LOW_W4,67,-3.25996e-06;-8.5168e-06;-3.0847e-06;-3.40783e-06;-8.15922e-06;-8.46084e-06;-3.24892e-06;-8.15947e-06,-3.18392e-06;-8.54629e-06;-3.01025e-06;-3.32972e-06;-8.15287e-06;-8.47642e-06;-3.17426e-06;-8.15019e-06,3.3;-2.14198e-06;-1.75009e-06;-1.77272e-06;-2.06209e-06;3.3;-1.74377e-06;3.3,-1.80314e-06;3.3;3.3;3.3;3.3;-2.02984e-06;3.3;-1.9971e-06,RETRY_5NS;RETRY_5NS;RETRY_5NS;RETRY_5NS;RETRY_5NS;RETRY_5NS;RETRY_5NS;RETRY_5NS,8,8,10000101,133,122,1000010,7,132,122,133,INFERRED_AT_DAC_BRIDGE_OUTPUT,10000101,133,10000101,133,10000101,133,10000101,133,True,True
MC200_CMP_XM5_XM6_W8P2524_XM7_XM11_W16P8587_S086_LOW_W4,0,-3.15125e-06;-7.99951e-06;-3.26573e-06;-3.26138e-06;-8.42733e-06;-8.42487e-06;-3.2445e-06;-8.46528e-06,-3.30029e-06;-7.92843e-06;-3.4197e-06;-3.41652e-06;-8.41253e-06;-8.41245e-06;-3.39864e-06;-8.44863e-06,3.3;3.3;-1.67582e-06;3.3;3.3;3.3;3.3;-1.98058e-06,-1.78234e-06;-2.04289e-06;3.3;-1.69179e-06;-1.99898e-06;-1.99508e-06;-1.67565e-06;3.3,RETRY_5NS;RETRY_5NS;RETRY_5NS;RETRY_5NS;RETRY_5NS;RETRY_5NS;RETRY_5NS;RETRY_5NS,8,8,11011110,222,33,1101111,7,222,32,214,INFERRED_AT_DAC_BRIDGE_OUTPUT,11010110,214,11010110,214,11010110,214,11010110,214,True,True
MC200_CMP_XM5_XM6_W8P2524_XM7_XM11_W16P8587_S086_LOW_W4,1,-3.22083e-06;-8.57719e-06;-3.32948e-06;-3.30993e-06;-8.51163e-06;-8.50902e-06;-3.30047e-06;-8.55078e-06,-3.37308e-06;-8.53802e-06;-3.48752e-06;-3.46586e-06;-8.48388e-06;-8.48412e-06;-3.45674e-06;-8.5197e-06,3.3;3.3;3.3;-1.67865e-06;3.3;3.3;-1.67145e-06;3.3,-1.8034e-06;-2.04552e-06;-1.70153e-06;3.3;-2.00762e-06;-2.00079e-06;3.3;-2.00261e-06,RETRY_5NS;RETRY_5NS;RETRY_5NS;RETRY_5NS;RETRY_5NS;RETRY_5NS;RETRY_5NS;RETRY_5NS,8,8,11101101,237,18,1110110,7,236,18,229,INFERRED_AT_DAC_BRIDGE_OUTPUT,11100101,229,11100101,229,11100101,229,11100101,229,True,True
MC200_CMP_XM5_XM6_W8P2524_XM7_XM11_W16P8587_S086_LOW_W4,2,-3.31564e-06;-8.73242e-06;-3.44499e-06;-3.42322e-06;-8.67868e-06;-8.87847e-06;-3.62031e-06;-8.72015e-06,-3.47316e-06;-8.66967e-06;-3.60594e-06;-3.5832e-06;-8.62728e-06;-8.84923e-06;-3.7783e-06;-8.66306e-06,3.3;3.3;-1.70122e-06;-1.69347e-06;3.3;-2.00151e-06;-1.68822e-06;3.3,-1.79479e-06;-2.05164e-06;3.3;3.3;-2.01786e-06;3.3;3.3;-2.01643e-06,RETRY_5NS;RETRY_5NS;RETRY_5NS;RETRY_5NS;RETRY_5NS;RETRY_5NS;RETRY_5NS;RETRY_5NS,8,8,11001001,201,54,1100100,7,200,54,193,INFERRED_AT_DAC_BRIDGE_OUTPUT,11000001,193,11000001,193,11000001,193,11000001,193,True,True
MC200_CMP_XM5_XM6_W8P2524_XM7_XM11_W16P8587_S086_LOW_W4,3,-3.13449e-06;-8.5297e-06;-3.31434e-06;-3.2883e-06;-8.4651e-06;-8.46579e-06;-3.27247e-06;-8.50845e-06,-3.2841e-06;-8.51616e-06;-3.47007e-06;-3.44297e-06;-8.45153e-06;-8.44888e-06;-3.42825e-06;-8.48385e-06,3.3;-2.03089e-06;-1.68323e-06;-1.67859e-06;-1.98545e-06;-1.97731e-06;3.3;3.3,-1.76964e-06;3.3;3.3;3.3;3.3;3.3;-1.68561e-06;-1.99833e-06,RETRY_5NS;RETRY_5NS;RETRY_5NS;RETRY_5NS;RETRY_5NS;RETRY_5NS;RETRY_5NS;RETRY_5NS,8,8,10000011,131,124,1000001,7,130,124,131,INFERRED_AT_DAC_BRIDGE_OUTPUT,10000011,131,10000011,131,10000011,131,10000011,131,True,True
MC200_CMP_XM5_XM6_W8P2524_XM7_XM11_W16P8587_S086_LOW_W4,64,-3.26395e-06;-7.64649e-06;-3.18273e-06;-3.37211e-06;-8.25821e-06;-8.59417e-06;-3.21651e-06;-8.25471e-06,-3.41856e-06;-7.55077e-06;-3.33335e-06;-3.53183e-06;-8.26973e-06;-8.55559e-06;-3.36949e-06;-8.26874e-06,3.3;3.3;-1.66619e-06;3.3;3.3;3.3;-1.65434e-06;3.3,-1.79705e-06;-2.05734e-06;3.3;-1.70467e-06;-1.98485e-06;-2.01018e-06;3.3;-1.97757e-06,RETRY_5NS;RETRY_5NS;RETRY_5NS;RETRY_5NS;RETRY_5NS;RETRY_5NS;RETRY_5NS;RETRY_5NS,8,8,11011101,221,34,1101110,7,220,34,221,INFERRED_AT_DAC_BRIDGE_OUTPUT,11011101,221,11011101,221,11011101,221,11011101,221,True,True
MC200_CMP_XM5_XM6_W8P2524_XM7_XM11_W16P8587_S086_LOW_W4,65,-3.33225e-06;-8.74468e-06;-3.0227e-06;-3.42126e-06;-8.34234e-06;-8.67843e-06;-3.27249e-06;-8.33903e-06,-3.49003e-06;-8.67862e-06;-3.17479e-06;-3.58169e-06;-8.34101e-06;-8.62727e-06;-3.42763e-06;-8.34049e-06,3.3;3.3;3.3;-1.68944e-06;3.3;3.3;-1.66849e-06;3.3,-1.81795e-06;-2.06122e-06;-1.68605e-06;3.3;-1.99115e-06;-2.01714e-06;3.3;-2.01821e-06,RETRY_5NS;RETRY_5NS;RETRY_5NS;RETRY_5NS;RETRY_5NS;RETRY_5NS;RETRY_5NS;RETRY_5NS,8,8,11101101,237,18,1110110,7,236,18,237,INFERRED_AT_DAC_BRIDGE_OUTPUT,11101101,237,11101101,237,11101101,237,11101101,237,True,True
MC200_CMP_XM5_XM6_W8P2524_XM7_XM11_W16P8587_S086_LOW_W4,66,-3.42821e-06;-8.90039e-06;-3.36255e-06;-3.53454e-06;-8.0033e-06;-1.02347e-05;-3.3659e-06;-8.50861e-06,-3.59127e-06;-8.81107e-06;-3.52025e-06;-3.69897e-06;-7.9525e-06;-1.0251e-05;-3.5249e-06;-8.48379e-06,3.3;3.3;-1.69145e-06;-1.70705e-06;3.3;-2.01134e-06;-1.67754e-06;3.3,-1.80934e-06;-2.06876e-06;3.3;3.3;-2.00771e-06;3.3;3.3;-2.00063e-06,RETRY_5NS;RETRY_5NS;RETRY_5NS;RETRY_5NS;RETRY_5NS;RETRY_5NS;RETRY_5NS;RETRY_5NS,8,8,11001001,201,54,1100100,7,200,54,201,INFERRED_AT_DAC_BRIDGE_OUTPUT,11001001,201,11001001,201,11001001,201,11001001,201,True,True
MC200_CMP_XM5_XM6_W8P2524_XM7_XM11_W16P8587_S086_LOW_W4,67,-3.24966e-06;-8.69619e-06;-3.23207e-06;-3.39927e-06;-8.29621e-06;-8.63501e-06;-3.24448e-06;-8.29679e-06,-3.40484e-06;-8.65739e-06;-3.38458e-06;-3.55833e-06;-8.3084e-06;-8.59212e-06;-3.39913e-06;-8.30461e-06,3.3;-2.04689e-06;-1.67522e-06;-1.69195e-06;-1.97167e-06;-1.99309e-06;3.3;3.3,-1.7842e-06;3.3;3.3;3.3;3.3;3.3;-1.68073e-06;-1.97904e-06,RETRY_5NS;RETRY_5NS;RETRY_5NS;RETRY_5NS;RETRY_5NS;RETRY_5NS;RETRY_5NS;RETRY_5NS,8,8,10000011,131,124,1000001,7,130,124,131,INFERRED_AT_DAC_BRIDGE_OUTPUT,10000011,131,10000011,131,10000011,131,10000011,131,True,True
MC200_CMP_XM5_XM6_W8P2524_XM7_XM11_W16P8587_S087_LOW_W4,0,-3.0342e-06;-8.35985e-06;-3.11871e-06;-3.11716e-06;-8.30612e-06;-8.30641e-06;-3.10773e-06;-8.34549e-06,-2.97874e-06;-8.379e-06;-3.06294e-06;-3.05997e-06;-8.33581e-06;-8.33433e-06;-3.05093e-06;-8.37409e-06,3.3;3.3;3.3;-1.64118e-06;-1.94161e-06;-1.93522e-06;-1.62981e-06;3.3,-1.75837e-06;-2.00586e-06;-1.6647e-06;3.3;3.3;3.3;3.3;-1.96115e-06,RETRY_5NS;RETRY_5NS;RETRY_5NS;RETRY_5NS;RETRY_5NS;RETRY_5NS;RETRY_5NS;RETRY_5NS,8,8,11100001,225,30,1110000,7,224,30,225,INFERRED_AT_DAC_BRIDGE_OUTPUT,11100001,225,11100001,225,11100001,225,11100001,225,True,True
MC200_CMP_XM5_XM6_W8P2524_XM7_XM11_W16P8587_S087_LOW_W4,1,-2.50397e-06;-7.61788e-06;-2.58823e-06;-2.57196e-06;-7.65614e-06;-7.65578e-06;-2.56548e-06;-7.69333e-06,-2.458e-06;-7.60298e-06;-2.54203e-06;-2.52434e-06;-7.63475e-06;-7.63348e-06;-2.51787e-06;-7.67323e-06,3.3;3.3;3.3;3.3;-1.87904e-06;-1.87464e-06;-1.58048e-06;-1.87087e-06,-1.71786e-06;-1.95405e-06;-1.61774e-06;-1.60176e-06;3.3;3.3;3.3;3.3,RETRY_5NS;RETRY_5NS;RETRY_5NS;RETRY_5NS;RETRY_5NS;RETRY_5NS;RETRY_5NS;RETRY_5NS,8,8,11110000,240,15,1111000,7,240,14,240,INFERRED_AT_DAC_BRIDGE_OUTPUT,11110000,240,11110000,240,11110000,240,11110000,240,True,True
MC200_CMP_XM5_XM6_W8P2524_XM7_XM11_W16P8587_S087_LOW_W4,2,-3.22297e-06;-8.58271e-06;-3.58999e-06;-3.16066e-06;-8.5398e-06;-8.53787e-06;-3.299e-06;-8.57558e-06,-3.16454e-06;-8.62061e-06;-3.53164e-06;-3.09944e-06;-8.5781e-06;-8.57945e-06;-3.23939e-06;-8.62162e-06,3.3;3.3;-1.67062e-06;-1.64935e-06;3.3;3.3;-1.65014e-06;-1.95061e-06,-1.77175e-06;-2.02681e-06;3.3;3.3;-1.99373e-06;-1.98482e-06;3.3;3.3,RETRY_5NS;RETRY_5NS;RETRY_5NS;RETRY_5NS;RETRY_5NS;RETRY_5NS;RETRY_5NS;RETRY_5NS,8,8,11001100,204,51,1100110,7,204,50,196,INFERRED_AT_DAC_BRIDGE_OUTPUT,11000100,196,11000100,196,11000100,196,11000100,196,True,True
MC200_CMP_XM5_XM6_W8P2524_XM7_XM11_W16P8587_S087_LOW_W4,3,-2.96659e-06;-8.14933e-06;-3.06821e-06;-3.052e-06;-8.22999e-06;-8.23205e-06;-3.04363e-06;-8.26868e-06,-2.91266e-06;-8.1824e-06;-3.01217e-06;-2.99566e-06;-8.25084e-06;-8.24946e-06;-2.98846e-06;-8.2918e-06,3.3;-1.97759e-06;-1.63961e-06;-1.63389e-06;-1.92702e-06;3.3;3.3;-1.92526e-06,-1.73703e-06;3.3;3.3;3.3;3.3;-1.96015e-06;-1.64839e-06;3.3,RETRY_5NS;RETRY_5NS;RETRY_5NS;RETRY_5NS;RETRY_5NS;RETRY_5NS;RETRY_5NS;RETRY_5NS,8,8,10000110,134,121,1000011,7,134,120,134,INFERRED_AT_DAC_BRIDGE_OUTPUT,10000110,134,10000110,134,10000110,134,10000110,134,True,True
MC200_CMP_XM5_XM6_W8P2524_XM7_XM11_W16P8587_S087_LOW_W4,64,-3.16198e-06;-8.51232e-06;-3.02367e-06;-3.24395e-06;-8.15319e-06;-8.45952e-06;-3.07581e-06;-8.1537e-06,-3.10432e-06;-8.54233e-06;-2.96951e-06;-3.18461e-06;-8.17078e-06;-8.49939e-06;-3.01955e-06;-8.1679e-06,3.3;3.3;3.3;-1.65325e-06;-1.9258e-06;-1.95119e-06;-1.62451e-06;3.3,-1.77245e-06;-2.0213e-06;-1.65449e-06;3.3;3.3;3.3;3.3;-1.94218e-06,RETRY_5NS;RETRY_5NS;RETRY_5NS;RETRY_5NS;RETRY_5NS;RETRY_5NS;RETRY_5NS;RETRY_5NS,8,8,11100001,225,30,1110000,7,224,30,225,INFERRED_AT_DAC_BRIDGE_OUTPUT,11100001,225,11100001,225,11100001,225,11100001,225,True,True
MC200_CMP_XM5_XM6_W8P2524_XM7_XM11_W16P8587_S087_LOW_W4,65,-2.63081e-06;-8.39183e-06;-2.49332e-06;-2.69912e-06;-7.50325e-06;-7.80885e-06;-2.5336e-06;-7.50161e-06,-2.58265e-06;-8.36283e-06;-2.44873e-06;-2.64934e-06;-7.46986e-06;-7.7984e-06;-2.48651e-06;-7.46712e-06,3.3;3.3;3.3;3.3;-1.86506e-06;-1.8905e-06;-1.57768e-06;-1.89174e-06,-1.73109e-06;-1.95235e-06;-1.60849e-06;-1.61364e-06;3.3;3.3;3.3;3.3,RETRY_5NS;RETRY_5NS;RETRY_5NS;RETRY_5NS;RETRY_5NS;RETRY_5NS;RETRY_5NS;RETRY_5NS,8,8,11110000,240,15,1111000,7,240,14,240,INFERRED_AT_DAC_BRIDGE_OUTPUT,11110000,240,11110000,240,11110000,240,11110000,240,True,True
MC200_CMP_XM5_XM6_W8P2524_XM7_XM11_W16P8587_S087_LOW_W4,66,-3.35077e-06;-8.7352e-06;-3.47214e-06;-3.54762e-06;-8.38644e-06;-8.69079e-06;-3.26711e-06;-8.38378e-06,-3.29016e-06;-8.78411e-06;-3.41509e-06;-3.48583e-06;-8.41351e-06;-8.74462e-06;-3.20802e-06;-8.41544e-06,3.3;3.3;-1.66131e-06;-1.66989e-06;3.3;3.3;-1.64701e-06;-1.93126e-06,-1.78521e-06;-2.04221e-06;3.3;3.3;-1.97846e-06;-1.99975e-06;3.3;3.3,RETRY_5NS;RETRY_5NS;RETRY_5NS;RETRY_5NS;RETRY_5NS;RETRY_5NS;RETRY_5NS;RETRY_5NS,8,8,11001100,204,51,1100110,7,204,50,204,INFERRED_AT_DAC_BRIDGE_OUTPUT,11001100,204,11001100,204,11001100,204,11001100,204,True,True
MC200_CMP_XM5_XM6_W8P2524_XM7_XM11_W16P8587_S087_LOW_W4,67,-3.10593e-06;-8.39747e-06;-2.97376e-06;-3.17912e-06;-8.07682e-06;-8.75797e-06;-3.01173e-06;-8.07692e-06,-3.0499e-06;-8.44154e-06;-2.91932e-06;-3.12064e-06;-8.08588e-06;-8.77876e-06;-2.95711e-06;-8.08556e-06,3.3;-1.99255e-06;-1.63033e-06;-1.64591e-06;-1.9104e-06;3.3;3.3;-1.90395e-06,-1.74892e-06;3.3;3.3;3.3;3.3;-1.97094e-06;-1.64593e-06;3.3,RETRY_5NS;RETRY_5NS;RETRY_5NS;RETRY_5NS;RETRY_5NS;RETRY_5NS;RETRY_5NS;RETRY_5NS,8,8,10000110,134,121,1000011,7,134,120,134,INFERRED_AT_DAC_BRIDGE_OUTPUT,10000110,134,10000110,134,10000110,134,10000110,134,True,True
MC200_CMP_XM5_XM6_W8P2524_XM7_XM11_W16P8587_S088_LOW_W4,0,-3.00024e-06;-8.27803e-06;-3.2176e-06;-3.03766e-06;-8.21797e-06;-8.21772e-06;-3.00558e-06;-7.57217e-06,-3.0305e-06;-8.25375e-06;-3.24745e-06;-3.06767e-06;-8.20733e-06;-8.20566e-06;-3.03611e-06;-7.5538e-06,3.3;3.3;3.3;-1.61434e-06;-1.90766e-06;-1.90572e-06;-1.60418e-06;-1.90498e-06,-1.77472e-06;-2.0203e-06;-1.68189e-06;3.3;3.3;3.3;3.3;3.3,RETRY_5NS;RETRY_5NS;RETRY_5NS;RETRY_5NS;RETRY_5NS;RETRY_5NS;RETRY_5NS;RETRY_5NS,8,8,11100000,224,31,1110000,7,224,30,224,INFERRED_AT_DAC_BRIDGE_OUTPUT,11100000,224,11100000,224,11100000,224,11100000,224,True,True
MC200_CMP_XM5_XM6_W8P2524_XM7_XM11_W16P8587_S088_LOW_W4,1,-2.95458e-06;-8.27427e-06;-3.05003e-06;-3.03045e-06;-8.21797e-06;-8.21776e-06;-3.02407e-06;-8.25851e-06,-2.98558e-06;-8.24967e-06;-3.08176e-06;-3.06134e-06;-8.20756e-06;-8.20593e-06;-3.05434e-06;-8.24362e-06,3.3;3.3;3.3;3.3;-1.90811e-06;-1.90656e-06;-1.60632e-06;-1.90469e-06,-1.78712e-06;-2.02611e-06;-1.68256e-06;-1.66635e-06;3.3;3.3;3.3;3.3,RETRY_5NS;RETRY_5NS;RETRY_5NS;RETRY_5NS;RETRY_5NS;RETRY_5NS;RETRY_5NS;RETRY_5NS,8,8,11110000,240,15,1111000,7,240,14,240,INFERRED_AT_DAC_BRIDGE_OUTPUT,11110000,240,11110000,240,11110000,240,11110000,240,True,True
MC200_CMP_XM5_XM6_W8P2524_XM7_XM11_W16P8587_S088_LOW_W4,2,-3.00029e-06;-8.352e-06;-3.11085e-06;-3.09245e-06;-8.30216e-06;-8.29996e-06;-3.08475e-06;-8.34007e-06,-3.03142e-06;-8.32716e-06;-3.14116e-06;-3.12247e-06;-8.28157e-06;-8.28246e-06;-3.1152e-06;-8.32252e-06,3.3;3.3;-1.62417e-06;-1.61531e-06;3.3;3.3;-1.61146e-06;-1.90941e-06,-1.77076e-06;-2.02661e-06;3.3;3.3;-1.99365e-06;-1.98435e-06;3.3;3.3,RETRY_5NS;RETRY_5NS;RETRY_5NS;RETRY_5NS;RETRY_5NS;RETRY_5NS;RETRY_5NS;RETRY_5NS,8,8,11001100,204,51,1100110,7,204,50,204,INFERRED_AT_DAC_BRIDGE_OUTPUT,11001100,204,11001100,204,11001100,204,11001100,204,True,True
MC200_CMP_XM5_XM6_W8P2524_XM7_XM11_W16P8587_S088_LOW_W4,3,-2.90515e-06;-8.77912e-06;-3.05629e-06;-3.03479e-06;-8.21802e-06;-8.21935e-06;-3.02351e-06;-8.25853e-06,-2.93579e-06;-8.77378e-06;-3.08652e-06;-3.06459e-06;-8.20487e-06;-8.20295e-06;-3.05438e-06;-8.24359e-06,3.3;-1.94615e-06;-1.61742e-06;-1.61304e-06;-1.90424e-06;3.3;3.3;-1.90417e-06,-1.75632e-06;3.3;3.3;3.3;3.3;-1.98318e-06;-1.66274e-06;3.3,RETRY_5NS;RETRY_5NS;RETRY_5NS;RETRY_5NS;RETRY_5NS;RETRY_5NS;RETRY_5NS;RETRY_5NS,8,8,10000110,134,121,1000011,7,134,120,134,INFERRED_AT_DAC_BRIDGE_OUTPUT,10000110,134,10000110,134,10000110,134,10000110,134,True,True
MC200_CMP_XM5_XM6_W8P2524_XM7_XM11_W16P8587_S088_LOW_W4,64,-3.06473e-06;-8.43994e-06;-3.11467e-06;-3.15841e-06;-8.05544e-06;-8.38045e-06;-3.16903e-06;-8.05508e-06,-3.09587e-06;-8.40993e-06;-3.14479e-06;-3.1887e-06;-8.04932e-06;-8.36377e-06;-3.19843e-06;-8.04537e-06,3.3;3.3;3.3;-1.62657e-06;-1.89313e-06;-1.92065e-06;-1.60716e-06;-1.88032e-06,-1.78601e-06;-2.03703e-06;-1.67227e-06;3.3;3.3;3.3;3.3;3.3,RETRY_5NS;RETRY_5NS;RETRY_5NS;RETRY_5NS;RETRY_5NS;RETRY_5NS;RETRY_5NS;RETRY_5NS,8,8,11100000,224,31,1110000,7,224,30,224,INFERRED_AT_DAC_BRIDGE_OUTPUT,11100000,224,11100000,224,11100000,224,11100000,224,True,True
MC200_CMP_XM5_XM6_W8P2524_XM7_XM11_W16P8587_S088_LOW_W4,65,-3.07557e-06;-7.90659e-06;-2.95698e-06;-3.15157e-06;-8.0591e-06;-8.38354e-06;-2.99285e-06;-8.05565e-06,-3.10688e-06;-7.87358e-06;-2.9885e-06;-3.18272e-06;-8.04528e-06;-8.36049e-06;-3.0243e-06;-8.04468e-06,3.3;3.3;3.3;-1.6121e-06;3.3;3.3;3.3;3.3,-1.80032e-06;-2.04578e-06;-1.67357e-06;3.3;-1.97362e-06;-2.00084e-06;-1.6672e-06;-2.00302e-06,RETRY_5NS;RETRY_5NS;RETRY_5NS;RETRY_5NS;RETRY_5NS;RETRY_5NS;RETRY_5NS;RETRY_5NS,8,8,11101111,239,16,1110111,7,238,16,239,INFERRED_AT_DAC_BRIDGE_OUTPUT,11101111,239,11101111,239,11101111,239,11101111,239,True,True
MC200_CMP_XM5_XM6_W8P2524_XM7_XM11_W16P8587_S088_LOW_W4,66,-3.1218e-06;-8.51401e-06;-3.02088e-06;-3.21346e-06;-8.13909e-06;-8.17499e-06;-3.05432e-06;-8.13626e-06,-3.15322e-06;-8.48361e-06;-3.05098e-06;-3.24381e-06;-8.12386e-06;-8.15157e-06;-3.0847e-06;-8.125e-06,3.3;3.3;-1.6155e-06;-1.62697e-06;3.3;3.3;-1.6079e-06;-1.89229e-06,-1.78461e-06;-2.04252e-06;3.3;3.3;-1.97893e-06;-1.9972e-06;3.3;3.3,RETRY_5NS;RETRY_5NS;RETRY_5NS;RETRY_5NS;RETRY_5NS;RETRY_5NS;RETRY_5NS;RETRY_5NS,8,8,11001100,204,51,1100110,7,204,50,204,INFERRED_AT_DAC_BRIDGE_OUTPUT,11001100,204,11001100,204,11001100,204,11001100,204,True,True
MC200_CMP_XM5_XM6_W8P2524_XM7_XM11_W16P8587_S088_LOW_W4,67,-3.02923e-06;-9.49787e-06;-2.96639e-06;-3.15572e-06;-8.05524e-06;-8.38228e-06;-2.9931e-06;-8.05476e-06,-3.06018e-06;-9.49194e-06;-2.99642e-06;-3.1858e-06;-8.04698e-06;-8.36092e-06;-3.02391e-06;-8.04593e-06,3.3;-1.9602e-06;-1.60892e-06;-1.6254e-06;-1.88966e-06;3.3;3.3;-1.88425e-06,-1.76955e-06;3.3;3.3;3.3;3.3;-1.99827e-06;-1.66086e-06;3.3,RETRY_5NS;RETRY_5NS;RETRY_5NS;RETRY_5NS;RETRY_5NS;RETRY_5NS;RETRY_5NS;RETRY_5NS,8,8,10000110,134,121,1000011,7,134,120,134,INFERRED_AT_DAC_BRIDGE_OUTPUT,10000110,134,10000110,134,10000110,134,10000110,134,True,True
MC200_CMP_XM5_XM6_W8P2524_XM7_XM11_W16P8587_S089_LOW_W4,0,-3.0924e-06;-8.45892e-06;-3.28952e-06;-3.19205e-06;-8.39547e-06;-8.3956e-06;-3.17716e-06;-8.4386e-06,-3.20978e-06;-8.41624e-06;-3.40903e-06;-3.31008e-06;-8.37094e-06;-8.3687e-06;-3.29586e-06;-8.40385e-06,3.3;3.3;3.3;-1.68507e-06;-1.99198e-06;-1.98631e-06;-1.67339e-06;3.3,-1.88034e-06;-2.14206e-06;-1.7782e-06;3.3;3.3;3.3;3.3;-2.09995e-06,RETRY_5NS;RETRY_5NS;RETRY_5NS;RETRY_5NS;RETRY_5NS;RETRY_5NS;RETRY_5NS;RETRY_5NS,8,8,11100001,225,30,1110000,7,224,30,225,INFERRED_AT_DAC_BRIDGE_OUTPUT,11100001,225,11100001,225,11100001,225,11100001,225,True,True
MC200_CMP_XM5_XM6_W8P2524_XM7_XM11_W16P8587_S089_LOW_W4,1,-2.58523e-06;-7.70927e-06;-2.68898e-06;-2.66426e-06;-7.63717e-06;-7.6361e-06;-2.65484e-06;-7.67757e-06,-2.68723e-06;-7.76068e-06;-2.79294e-06;-2.76811e-06;-7.70137e-06;-7.6993e-06;-2.75739e-06;-7.73412e-06,3.3;3.3;3.3;3.3;-1.92518e-06;-1.92171e-06;-1.6204e-06;-1.91824e-06,-1.83269e-06;-2.07566e-06;-1.72581e-06;-1.7104e-06;3.3;3.3;3.3;3.3,RETRY_5NS;RETRY_5NS;RETRY_5NS;RETRY_5NS;RETRY_5NS;RETRY_5NS;RETRY_5NS;RETRY_5NS,8,8,11110000,240,15,1111000,7,240,14,240,INFERRED_AT_DAC_BRIDGE_OUTPUT,11110000,240,11110000,240,11110000,240,11110000,240,True,True
MC200_CMP_XM5_XM6_W8P2524_XM7_XM11_W16P8587_S089_LOW_W4,2,-3.08886e-06;-8.45249e-06;-3.20603e-06;-3.1856e-06;-7.78873e-06;-8.39671e-06;-3.17722e-06;-8.54488e-06,-3.20635e-06;-8.41194e-06;-3.32443e-06;-3.30421e-06;-7.72966e-06;-8.36679e-06;-3.29588e-06;-8.51305e-06,3.3;3.3;-1.68897e-06;-1.67887e-06;3.3;3.3;-1.67386e-06;3.3,-1.87388e-06;-2.13924e-06;3.3;3.3;-2.11473e-06;-2.09798e-06;3.3;-2.08942e-06,RETRY_5NS;RETRY_5NS;RETRY_5NS;RETRY_5NS;RETRY_5NS;RETRY_5NS;RETRY_5NS;RETRY_5NS,8,8,11001101,205,50,1100110,7,204,50,205,INFERRED_AT_DAC_BRIDGE_OUTPUT,11001101,205,11001101,205,11001101,205,11001101,205,True,True
MC200_CMP_XM5_XM6_W8P2524_XM7_XM11_W16P8587_S089_LOW_W4,3,-3.20119e-06;-8.66347e-06;-3.55051e-06;-3.33345e-06;-8.60682e-06;-8.60917e-06;-3.32206e-06;-8.64942e-06,-3.32233e-06;-8.61468e-06;-3.67076e-06;-3.45553e-06;-8.55397e-06;-8.5521e-06;-3.44562e-06;-8.59047e-06,3.3;-2.0551e-06;-1.71203e-06;-1.69848e-06;-2.00383e-06;3.3;3.3;-2.00121e-06,-1.88226e-06;3.3;3.3;3.3;3.3;-2.12217e-06;-1.78782e-06;3.3,RETRY_5NS;RETRY_5NS;RETRY_5NS;RETRY_5NS;RETRY_5NS;RETRY_5NS;RETRY_5NS;RETRY_5NS,8,8,10000110,134,121,1000011,7,134,120,134,INFERRED_AT_DAC_BRIDGE_OUTPUT,10000110,134,10000110,134,10000110,134,10000110,134,True,True
MC200_CMP_XM5_XM6_W8P2524_XM7_XM11_W16P8587_S089_LOW_W4,64,-3.2089e-06;-8.62666e-06;-3.10827e-06;-3.30727e-06;-8.22698e-06;-8.56444e-06;-3.14811e-06;-8.2273e-06,-3.3298e-06;-8.56306e-06;-3.22518e-06;-3.4287e-06;-8.22224e-06;-8.51743e-06;-3.26596e-06;-8.21767e-06,3.3;3.3;3.3;-1.69788e-06;-1.97677e-06;-2.00324e-06;-1.66896e-06;3.3,-1.89518e-06;-2.15815e-06;-1.7692e-06;3.3;3.3;3.3;3.3;-2.07674e-06,RETRY_5NS;RETRY_5NS;RETRY_5NS;RETRY_5NS;RETRY_5NS;RETRY_5NS;RETRY_5NS;RETRY_5NS,8,8,11100001,225,30,1110000,7,224,30,225,INFERRED_AT_DAC_BRIDGE_OUTPUT,11100001,225,11100001,225,11100001,225,11100001,225,True,True
MC200_CMP_XM5_XM6_W8P2524_XM7_XM11_W16P8587_S089_LOW_W4,65,-2.70062e-06;-7.87674e-06;-2.60317e-06;-2.77986e-06;-7.46868e-06;-7.8048e-06;-2.62581e-06;-7.46631e-06,-2.80611e-06;-7.90717e-06;-2.7045e-06;-2.88716e-06;-7.55255e-06;-7.84822e-06;-2.72749e-06;-7.5479e-06,3.3;3.3;3.3;3.3;-1.91086e-06;-1.93668e-06;-1.61743e-06;-1.93634e-06,-1.84651e-06;-2.09175e-06;-1.71645e-06;-1.72615e-06;3.3;3.3;3.3;3.3,RETRY_5NS;RETRY_5NS;RETRY_5NS;RETRY_5NS;RETRY_5NS;RETRY_5NS;RETRY_5NS;RETRY_5NS,8,8,11110000,240,15,1111000,7,240,14,240,INFERRED_AT_DAC_BRIDGE_OUTPUT,11110000,240,11110000,240,11110000,240,11110000,240,True,True
MC200_CMP_XM5_XM6_W8P2524_XM7_XM11_W16P8587_S089_LOW_W4,66,-3.20529e-06;-8.62043e-06;-3.12027e-06;-3.30127e-06;-8.22997e-06;-8.56573e-06;-3.14843e-06;-7.96821e-06,-3.32626e-06;-8.55916e-06;-3.23614e-06;-3.42295e-06;-8.21786e-06;-8.51556e-06;-3.26576e-06;-7.95223e-06,3.3;3.3;-1.679e-06;-1.69162e-06;3.3;3.3;-1.67029e-06;-1.9644e-06,-1.88828e-06;-2.15586e-06;3.3;3.3;-2.09003e-06;-2.1154e-06;3.3;3.3,RETRY_5NS;RETRY_5NS;RETRY_5NS;RETRY_5NS;RETRY_5NS;RETRY_5NS;RETRY_5NS;RETRY_5NS,8,8,11001100,204,51,1100110,7,204,50,204,INFERRED_AT_DAC_BRIDGE_OUTPUT,11001100,204,11001100,204,11001100,204,11001100,204,True,True
MC200_CMP_XM5_XM6_W8P2524_XM7_XM11_W16P8587_S089_LOW_W4,67,-3.32001e-06;-8.82995e-06;-3.30825e-06;-3.44892e-06;-8.43797e-06;-8.77825e-06;-3.29302e-06;-9.71288e-06,-3.44466e-06;-8.76182e-06;-3.43042e-06;-3.5744e-06;-8.40537e-06;-8.70073e-06;-3.41571e-06;-9.73024e-06,3.3;-2.07102e-06;-1.69644e-06;-1.71132e-06;-1.98985e-06;3.3;3.3;-1.98009e-06,-1.89735e-06;3.3;3.3;3.3;3.3;-2.14026e-06;-1.78407e-06;3.3,RETRY_5NS;RETRY_5NS;RETRY_5NS;RETRY_5NS;RETRY_5NS;RETRY_5NS;RETRY_5NS;RETRY_5NS,8,8,10000110,134,121,1000011,7,134,120,134,INFERRED_AT_DAC_BRIDGE_OUTPUT,10000110,134,10000110,134,10000110,134,10000110,134,True,True
MC200_CMP_XM5_XM6_W8P2524_XM7_XM11_W16P8587_S090_LOW_W4,0,-3.1806e-06;-8.52134e-06;-3.53154e-06;-3.21434e-06;-8.46876e-06;-8.46707e-06;-3.26119e-06;-8.67254e-06,-3.28954e-06;-8.47051e-06;-3.64059e-06;-3.32648e-06;-8.42677e-06;-8.4268e-06;-3.37169e-06;-8.6346e-06,3.3;3.3;-1.71433e-06;3.3;3.3;3.3;3.3;3.3,-1.81909e-06;-2.07465e-06;3.3;-1.72017e-06;-2.04015e-06;-2.0363e-06;-1.71326e-06;-2.03316e-06,RETRY_5NS;RETRY_5NS;RETRY_5NS;RETRY_5NS;RETRY_5NS;RETRY_5NS;RETRY_5NS;RETRY_5NS,8,8,11011111,223,32,1101111,7,222,32,223,INFERRED_AT_DAC_BRIDGE_OUTPUT,11011111,223,11011111,223,11011111,223,11011111,223,True,True
MC200_CMP_XM5_XM6_W8P2524_XM7_XM11_W16P8587_S090_LOW_W4,1,-3.13069e-06;-8.44586e-06;-3.22237e-06;-3.20709e-06;-7.60742e-06;-8.38745e-06;-3.32401e-06;-8.42521e-06,-3.23806e-06;-8.4049e-06;-3.33186e-06;-3.31512e-06;-7.5491e-06;-8.35747e-06;-3.43473e-06;-8.39281e-06,3.3;3.3;3.3;-1.70416e-06;3.3;3.3;3.3;3.3,-1.82671e-06;-2.07008e-06;-1.72142e-06;3.3;-2.0394e-06;-2.02695e-06;-1.71161e-06;-2.01944e-06,RETRY_5NS;RETRY_5NS;RETRY_5NS;RETRY_5NS;RETRY_5NS;RETRY_5NS;RETRY_5NS;RETRY_5NS,8,8,11101111,239,16,1110111,7,238,16,239,INFERRED_AT_DAC_BRIDGE_OUTPUT,11101111,239,11101111,239,11101111,239,11101111,239,True,True
MC200_CMP_XM5_XM6_W8P2524_XM7_XM11_W16P8587_S090_LOW_W4,2,-3.17729e-06;-8.51442e-06;-3.46447e-06;-3.26863e-06;-8.46684e-06;-8.46425e-06;-3.26117e-06;-8.50469e-06,-3.28651e-06;-8.46602e-06;-3.57435e-06;-3.37798e-06;-8.4267e-06;-8.42834e-06;-3.3717e-06;-8.46223e-06,3.3;3.3;-1.72453e-06;-1.71682e-06;3.3;-2.02569e-06;3.3;3.3,-1.8107e-06;-2.07161e-06;3.3;3.3;-2.0366e-06;3.3;-1.71481e-06;-2.03293e-06,RETRY_5NS;RETRY_5NS;RETRY_5NS;RETRY_5NS;RETRY_5NS;RETRY_5NS;RETRY_5NS;RETRY_5NS,8,8,11001011,203,52,1100101,7,202,52,203,INFERRED_AT_DAC_BRIDGE_OUTPUT,11001011,203,11001011,203,11001011,203,11001011,203,True,True
MC200_CMP_XM5_XM6_W8P2524_XM7_XM11_W16P8587_S090_LOW_W4,3,-3.02326e-06;-9.52102e-06;-3.17142e-06;-3.23223e-06;-8.30525e-06;-8.30696e-06;-3.14004e-06;-8.34602e-06,-3.12781e-06;-9.55694e-06;-3.27778e-06;-3.33675e-06;-8.29079e-06;-8.28854e-06;-3.246e-06;-8.32325e-06,3.3;-2.06071e-06;-1.71279e-06;-1.70835e-06;-2.01755e-06;3.3;-1.69559e-06;3.3,-1.78703e-06;3.3;3.3;3.3;3.3;-2.01608e-06;3.3;-2.01416e-06,RETRY_5NS;RETRY_5NS;RETRY_5NS;RETRY_5NS;RETRY_5NS;RETRY_5NS;RETRY_5NS;RETRY_5NS,8,8,10000101,133,122,1000010,7,132,122,133,INFERRED_AT_DAC_BRIDGE_OUTPUT,10000101,133,10000101,133,10000101,133,10000101,133,True,True
MC200_CMP_XM5_XM6_W8P2524_XM7_XM11_W16P8587_S090_LOW_W4,64,-3.30233e-06;-8.67875e-06;-3.36082e-06;-3.39337e-06;-8.31018e-06;-8.62568e-06;-3.2309e-06;-9.3559e-06,-3.41524e-06;-8.6075e-06;-3.46825e-06;-3.50867e-06;-8.2883e-06;-8.56545e-06;-3.3405e-06;-9.38186e-06,3.3;3.3;-1.70199e-06;3.3;3.3;3.3;3.3;3.3,-1.83339e-06;-2.09082e-06;3.3;-1.73584e-06;-2.02435e-06;-2.05175e-06;-1.71181e-06;-2.00895e-06,RETRY_5NS;RETRY_5NS;RETRY_5NS;RETRY_5NS;RETRY_5NS;RETRY_5NS;RETRY_5NS;RETRY_5NS,8,8,11011111,223,32,1101111,7,222,32,223,INFERRED_AT_DAC_BRIDGE_OUTPUT,11011111,223,11011111,223,11011111,223,11011111,223,True,True
MC200_CMP_XM5_XM6_W8P2524_XM7_XM11_W16P8587_S090_LOW_W4,65,-3.25141e-06;-8.60297e-06;-3.13268e-06;-3.32779e-06;-9.2188e-06;-8.54605e-06;-3.17363e-06;-8.22707e-06,-3.36273e-06;-8.54153e-06;-3.23922e-06;-3.43977e-06;-9.25048e-06;-8.49616e-06;-3.28172e-06;-8.21898e-06,3.3;3.3;3.3;-1.71787e-06;3.3;3.3;3.3;3.3,-1.84018e-06;-2.08693e-06;-1.7112e-06;3.3;-2.01534e-06;-2.04323e-06;-1.70305e-06;-2.03906e-06,RETRY_5NS;RETRY_5NS;RETRY_5NS;RETRY_5NS;RETRY_5NS;RETRY_5NS;RETRY_5NS;RETRY_5NS,8,8,11101111,239,16,1110111,7,238,16,239,INFERRED_AT_DAC_BRIDGE_OUTPUT,11101111,239,11101111,239,11101111,239,11101111,239,True,True
MC200_CMP_XM5_XM6_W8P2524_XM7_XM11_W16P8587_S090_LOW_W4,66,-3.29882e-06;-8.67187e-06;-3.08078e-06;-3.38944e-06;-8.30838e-06;-8.62283e-06;-3.23085e-06;-8.30656e-06,-3.41201e-06;-8.60328e-06;-3.18814e-06;-3.5027e-06;-8.28811e-06;-8.56709e-06;-3.3404e-06;-8.28842e-06,3.3;3.3;-1.7125e-06;-1.73009e-06;3.3;-2.03956e-06;3.3;3.3,-1.82407e-06;-2.08727e-06;3.3;3.3;-2.02035e-06;3.3;-1.7096e-06;-2.01213e-06,RETRY_5NS;RETRY_5NS;RETRY_5NS;RETRY_5NS;RETRY_5NS;RETRY_5NS;RETRY_5NS;RETRY_5NS,8,8,11001011,203,52,1100101,7,202,52,203,INFERRED_AT_DAC_BRIDGE_OUTPUT,11001011,203,11001011,203,11001011,203,11001011,203,True,True
MC200_CMP_XM5_XM6_W8P2524_XM7_XM11_W16P8587_S090_LOW_W4,67,-3.147e-06;-9.28954e-06;-3.08212e-06;-3.3156e-06;-8.14702e-06;-8.46536e-06;-3.10975e-06;-8.14788e-06,-3.25556e-06;-9.29198e-06;-3.18557e-06;-3.4266e-06;-8.1518e-06;-8.42743e-06;-3.21472e-06;-8.14943e-06,3.3;-2.08035e-06;-1.70337e-06;-1.71991e-06;-2.00031e-06;3.3;-1.69231e-06;3.3,-1.80125e-06;3.3;3.3;3.3;3.3;-2.03146e-06;3.3;-1.99635e-06,RETRY_5NS;RETRY_5NS;RETRY_5NS;RETRY_5NS;RETRY_5NS;RETRY_5NS;RETRY_5NS;RETRY_5NS,8,8,10000101,133,122,1000010,7,132,122,133,INFERRED_AT_DAC_BRIDGE_OUTPUT,10000101,133,10000101,133,10000101,133,10000101,133,True,True
MC200_CMP_XM5_XM6_W8P2524_XM7_XM11_W16P8587_S091_LOW_W4,0,-3.3105e-06;-9.48293e-06;-3.42494e-06;-3.41925e-06;-8.47649e-06;-7.62621e-06;-3.40259e-06;-8.50954e-06,-3.25842e-06;-9.47946e-06;-3.37003e-06;-3.36748e-06;-8.48806e-06;-7.64995e-06;-3.35088e-06;-8.5274e-06,3.3;3.3;-1.71889e-06;3.3;3.3;3.3;3.3;-2.0256e-06,-1.74434e-06;-1.98257e-06;3.3;-1.65299e-06;-1.95588e-06;-1.96134e-06;-1.64127e-06;3.3,RETRY_5NS;RETRY_5NS;RETRY_5NS;RETRY_5NS;RETRY_5NS;RETRY_5NS;RETRY_5NS;RETRY_5NS,8,8,11011110,222,33,1101111,7,222,32,222,INFERRED_AT_DAC_BRIDGE_OUTPUT,11011110,222,11011110,222,11011110,222,11011110,222,True,True
MC200_CMP_XM5_XM6_W8P2524_XM7_XM11_W16P8587_S091_LOW_W4,1,-3.20754e-06;-8.38876e-06;-3.50322e-06;-3.2953e-06;-8.32706e-06;-8.32455e-06;-3.28551e-06;-7.69679e-06,-3.15687e-06;-8.39024e-06;-3.45376e-06;-3.24414e-06;-8.33128e-06;-8.33108e-06;-3.23502e-06;-7.71489e-06,3.3;3.3;3.3;-1.70044e-06;3.3;3.3;-1.68518e-06;3.3,-1.74466e-06;-1.97959e-06;-1.64991e-06;3.3;-1.94035e-06;-1.93558e-06;3.3;-1.94607e-06,RETRY_5NS;RETRY_5NS;RETRY_5NS;RETRY_5NS;RETRY_5NS;RETRY_5NS;RETRY_5NS;RETRY_5NS,8,8,11101101,237,18,1110110,7,236,18,237,INFERRED_AT_DAC_BRIDGE_OUTPUT,11101101,237,11101101,237,11101101,237,11101101,237,True,True
MC200_CMP_XM5_XM6_W8P2524_XM7_XM11_W16P8587_S091_LOW_W4,2,-3.15965e-06;-8.33877e-06;-3.29613e-06;-3.26838e-06;-8.28826e-06;-8.28568e-06;-3.25638e-06;-8.32258e-06,-3.10954e-06;-8.34133e-06;-3.24177e-06;-3.21662e-06;-8.29185e-06;-8.2931e-06;-3.20621e-06;-8.33157e-06,3.3;3.3;-1.71056e-06;-1.70114e-06;3.3;-2.01081e-06;3.3;-2.01129e-06,-1.72154e-06;-1.96705e-06;3.3;3.3;-1.93333e-06;3.3;-1.62414e-06;3.3,RETRY_5NS;RETRY_5NS;RETRY_5NS;RETRY_5NS;RETRY_5NS;RETRY_5NS;RETRY_5NS;RETRY_5NS,8,8,11001010,202,53,1100101,7,202,52,202,INFERRED_AT_DAC_BRIDGE_OUTPUT,11001010,202,11001010,202,11001010,202,11001010,202,True,True
MC200_CMP_XM5_XM6_W8P2524_XM7_XM11_W16P8587_S091_LOW_W4,3,-3.19773e-06;-8.31042e-06;-3.25616e-06;-3.2435e-06;-8.24855e-06;-8.24938e-06;-3.22779e-06;-7.84733e-06,-3.14921e-06;-8.32494e-06;-3.20536e-06;-3.19243e-06;-8.25549e-06;-8.25268e-06;-3.1769e-06;-7.86086e-06,3.3;-2.06039e-06;-1.70597e-06;-1.7018e-06;-2.01234e-06;3.3;-1.69224e-06;-2.01513e-06,-1.71486e-06;3.3;3.3;3.3;3.3;-1.9185e-06;3.3;3.3,RETRY_5NS;RETRY_5NS;RETRY_5NS;RETRY_5NS;RETRY_5NS;RETRY_5NS;RETRY_5NS;RETRY_5NS,8,8,10000100,132,123,1000010,7,132,122,132,INFERRED_AT_DAC_BRIDGE_OUTPUT,10000100,132,10000100,132,10000100,132,10000100,132,True,True
MC200_CMP_XM5_XM6_W8P2524_XM7_XM11_W16P8587_S091_LOW_W4,64,-3.42814e-06;-7.58642e-06;-3.33897e-06;-3.5348e-06;-8.32748e-06;-8.62345e-06;-3.37335e-06;-8.32326e-06,-3.37484e-06;-7.61352e-06;-3.28426e-06;-3.48189e-06;-8.3314e-06;-8.64459e-06;-3.32195e-06;-8.33083e-06,3.3;3.3;-1.70939e-06;3.3;3.3;3.3;3.3;-2.00516e-06,-1.75796e-06;-2.01232e-06;3.3;-1.66511e-06;-1.9397e-06;-1.968e-06;-1.63886e-06;3.3,RETRY_5NS;RETRY_5NS;RETRY_5NS;RETRY_5NS;RETRY_5NS;RETRY_5NS;RETRY_5NS;RETRY_5NS,8,8,11011110,222,33,1101111,7,222,32,222,INFERRED_AT_DAC_BRIDGE_OUTPUT,11011110,222,11011110,222,11011110,222,11011110,222,True,True
MC200_CMP_XM5_XM6_W8P2524_XM7_XM11_W16P8587_S091_LOW_W4,65,-3.32374e-06;-8.53597e-06;-3.23356e-06;-3.41156e-06;-8.17813e-06;-8.47406e-06;-3.25629e-06;-8.23955e-06,-3.27184e-06;-8.54479e-06;-3.17985e-06;-3.35925e-06;-8.1746e-06;-8.48771e-06;-3.20612e-06;-8.24005e-06,3.3;3.3;3.3;-1.71453e-06;3.3;3.3;3.3;-2.03714e-06,-1.75813e-06;-1.99493e-06;-1.63458e-06;3.3;-1.92623e-06;-1.95117e-06;-1.62091e-06;3.3,RETRY_5NS;RETRY_5NS;RETRY_5NS;RETRY_5NS;RETRY_5NS;RETRY_5NS;RETRY_5NS;RETRY_5NS,8,8,11101110,238,17,1110111,7,238,16,238,INFERRED_AT_DAC_BRIDGE_OUTPUT,11101110,238,11101110,238,11101110,238,11101110,238,True,True
MC200_CMP_XM5_XM6_W8P2524_XM7_XM11_W16P8587_S091_LOW_W4,66,-3.27707e-06;-8.48653e-06;-3.21087e-06;-3.38467e-06;-8.13928e-06;-8.43459e-06;-3.22716e-06;-8.13619e-06,-3.2257e-06;-8.49666e-06;-3.15678e-06;-3.33163e-06;-8.13504e-06;-8.4502e-06;-3.17731e-06;-8.13513e-06,3.3;3.3;-1.70101e-06;-1.71398e-06;3.3;-2.02686e-06;3.3;-1.99186e-06,-1.73459e-06;-1.98272e-06;3.3;3.3;-1.91783e-06;3.3;-1.62241e-06;3.3,RETRY_5NS;RETRY_5NS;RETRY_5NS;RETRY_5NS;RETRY_5NS;RETRY_5NS;RETRY_5NS;RETRY_5NS,8,8,11001010,202,53,1100101,7,202,52,202,INFERRED_AT_DAC_BRIDGE_OUTPUT,11001010,202,11001010,202,11001010,202,11001010,202,True,True
MC200_CMP_XM5_XM6_W8P2524_XM7_XM11_W16P8587_S091_LOW_W4,67,-3.34946e-06;-8.45656e-06;-3.19374e-06;-3.35951e-06;-8.09992e-06;-8.39829e-06;-3.19844e-06;-7.82182e-06,-3.29985e-06;-8.48007e-06;-3.13972e-06;-3.30713e-06;-8.09843e-06;-8.40979e-06;-3.14818e-06;-7.82318e-06,3.3;-2.07626e-06;-1.69691e-06;-1.7145e-06;-1.99682e-06;3.3;-1.68974e-06;-1.99994e-06,-1.72801e-06;3.3;3.3;3.3;3.3;-1.93454e-06;3.3;3.3,RETRY_5NS;RETRY_5NS;RETRY_5NS;RETRY_5NS;RETRY_5NS;RETRY_5NS;RETRY_5NS;RETRY_5NS,8,8,10000100,132,123,1000010,7,132,122,132,INFERRED_AT_DAC_BRIDGE_OUTPUT,10000100,132,10000100,132,10000100,132,10000100,132,True,True
MC200_CMP_XM5_XM6_W8P2524_XM7_XM11_W16P8587_S092_LOW_W4,0,-3.18777e-06;-8.62109e-06;-3.27301e-06;-3.27191e-06;-8.56504e-06;-8.56551e-06;-3.26288e-06;-8.60751e-06,-3.15451e-06;-8.65947e-06;-3.2402e-06;-3.23786e-06;-8.61678e-06;-8.61537e-06;-3.22915e-06;-8.65639e-06,3.3;3.3;3.3;-1.71087e-06;-2.02571e-06;-2.02281e-06;-1.70182e-06;-2.02006e-06,-1.76934e-06;-2.01676e-06;-1.6687e-06;3.3;3.3;3.3;3.3;3.3,RETRY_5NS;RETRY_5NS;RETRY_5NS;RETRY_5NS;RETRY_5NS;RETRY_5NS;RETRY_5NS;RETRY_5NS,8,8,11100000,224,31,1110000,7,224,30,224,INFERRED_AT_DAC_BRIDGE_OUTPUT,11100000,224,11100000,224,11100000,224,11100000,224,True,True
MC200_CMP_XM5_XM6_W8P2524_XM7_XM11_W16P8587_S092_LOW_W4,1,-3.07339e-06;-8.97737e-06;-3.15608e-06;-3.14377e-06;-8.40675e-06;-8.40535e-06;-3.34167e-06;-8.44457e-06,-3.04096e-06;-9.00569e-06;-3.12418e-06;-3.11065e-06;-8.44134e-06;-8.44161e-06;-3.3082e-06;-8.48501e-06,3.3;3.3;3.3;-1.68647e-06;3.3;3.3;3.3;3.3,-1.77163e-06;-2.00318e-06;-1.66793e-06;3.3;-1.96823e-06;-1.96302e-06;-1.6594e-06;-1.95867e-06,RETRY_5NS;RETRY_5NS;RETRY_5NS;RETRY_5NS;RETRY_5NS;RETRY_5NS;RETRY_5NS;RETRY_5NS,8,8,11101111,239,16,1110111,7,238,16,239,INFERRED_AT_DAC_BRIDGE_OUTPUT,11101111,239,11101111,239,11101111,239,11101111,239,True,True
MC200_CMP_XM5_XM6_W8P2524_XM7_XM11_W16P8587_S092_LOW_W4,2,-3.15407e-06;-8.33716e-06;-3.25049e-06;-3.23737e-06;-8.52802e-06;-7.52166e-06;-3.2318e-06;-8.56755e-06,-3.12126e-06;-8.3779e-06;-3.21666e-06;-3.20314e-06;-8.56905e-06;-7.57232e-06;-3.19887e-06;-8.61288e-06,3.3;3.3;-1.7124e-06;-1.70264e-06;3.3;-2.00634e-06;3.3;3.3,-1.75859e-06;-2.01115e-06;3.3;3.3;-1.97562e-06;3.3;-1.66433e-06;-1.97403e-06,RETRY_5NS;RETRY_5NS;RETRY_5NS;RETRY_5NS;RETRY_5NS;RETRY_5NS;RETRY_5NS;RETRY_5NS,8,8,11001011,203,52,1100101,7,202,52,203,INFERRED_AT_DAC_BRIDGE_OUTPUT,11001011,203,11001011,203,11001011,203,11001011,203,True,True
MC200_CMP_XM5_XM6_W8P2524_XM7_XM11_W16P8587_S092_LOW_W4,3,-2.94062e-06;-8.33181e-06;-3.07176e-06;-3.05482e-06;-8.27939e-06;-8.28144e-06;-3.04614e-06;-8.32188e-06,-2.90844e-06;-8.37686e-06;-3.03876e-06;-3.02147e-06;-8.31605e-06;-8.31425e-06;-3.01341e-06;-8.35701e-06,3.3;-2.04111e-06;-1.69261e-06;-1.68806e-06;-1.99207e-06;3.3;-1.6739e-06;3.3,-1.72927e-06;3.3;3.3;3.3;3.3;-1.95061e-06;3.3;-1.95008e-06,RETRY_5NS;RETRY_5NS;RETRY_5NS;RETRY_5NS;RETRY_5NS;RETRY_5NS;RETRY_5NS;RETRY_5NS,8,8,10000101,133,122,1000010,7,132,122,133,INFERRED_AT_DAC_BRIDGE_OUTPUT,10000101,133,10000101,133,10000101,133,10000101,133,True,True
MC200_CMP_XM5_XM6_W8P2524_XM7_XM11_W16P8587_S092_LOW_W4,64,-3.555e-06;-8.78383e-06;-3.18091e-06;-3.39486e-06;-8.40178e-06;-8.72893e-06;-3.23175e-06;-8.40285e-06,-3.52317e-06;-8.82834e-06;-3.14852e-06;-3.36029e-06;-8.44617e-06;-8.78603e-06;-3.19861e-06;-8.44311e-06,3.3;3.3;3.3;-1.72476e-06;-2.0108e-06;-2.03863e-06;-1.69832e-06;-1.99889e-06,-1.77912e-06;-2.03194e-06;-1.65848e-06;3.3;3.3;3.3;3.3;3.3,RETRY_5NS;RETRY_5NS;RETRY_5NS;RETRY_5NS;RETRY_5NS;RETRY_5NS;RETRY_5NS;RETRY_5NS,8,8,11100000,224,31,1110000,7,224,30,224,INFERRED_AT_DAC_BRIDGE_OUTPUT,11100000,224,11100000,224,11100000,224,11100000,224,True,True
MC200_CMP_XM5_XM6_W8P2524_XM7_XM11_W16P8587_S092_LOW_W4,65,-3.19654e-06;-8.95957e-06;-3.06442e-06;-3.26716e-06;-8.24298e-06;-8.56911e-06;-3.30007e-06;-8.23996e-06,-3.16355e-06;-8.99547e-06;-3.03291e-06;-3.23348e-06;-8.2712e-06;-8.61191e-06;-3.269e-06;-8.27173e-06,3.3;3.3;3.3;-1.70129e-06;3.3;3.3;3.3;3.3,-1.78535e-06;-2.02079e-06;-1.65871e-06;3.3;-1.95332e-06;-1.97889e-06;-1.65875e-06;-1.97921e-06,RETRY_5NS;RETRY_5NS;RETRY_5NS;RETRY_5NS;RETRY_5NS;RETRY_5NS;RETRY_5NS;RETRY_5NS,8,8,11101111,239,16,1110111,7,238,16,239,INFERRED_AT_DAC_BRIDGE_OUTPUT,11101111,239,11101111,239,11101111,239,11101111,239,True,True
MC200_CMP_XM5_XM6_W8P2524_XM7_XM11_W16P8587_S092_LOW_W4,66,-3.27804e-06;-7.95505e-06;-3.159e-06;-3.36066e-06;-8.36437e-06;-8.68976e-06;-3.20088e-06;-8.41178e-06,-3.24467e-06;-8.00617e-06;-3.12556e-06;-3.3259e-06;-8.39882e-06;-8.74085e-06;-3.16775e-06;-8.45046e-06,3.3;3.3;-1.70309e-06;-1.71721e-06;3.3;3.3;-1.69536e-06;-1.99887e-06,-1.7719e-06;-2.0306e-06;3.3;3.3;-1.96109e-06;-1.97593e-06;3.3;3.3,RETRY_5NS;RETRY_5NS;RETRY_5NS;RETRY_5NS;RETRY_5NS;RETRY_5NS;RETRY_5NS;RETRY_5NS,8,8,11001100,204,51,1100110,7,204,50,204,INFERRED_AT_DAC_BRIDGE_OUTPUT,11001100,204,11001100,204,11001100,204,11001100,204,True,True
MC200_CMP_XM5_XM6_W8P2524_XM7_XM11_W16P8587_S092_LOW_W4,67,-3.06658e-06;-8.49337e-06;-2.9802e-06;-3.17794e-06;-8.11596e-06;-8.44505e-06;-3.01517e-06;-8.11723e-06,-3.03384e-06;-8.54613e-06;-2.9476e-06;-3.14404e-06;-8.14555e-06;-8.48471e-06;-2.98255e-06;-8.14375e-06,3.3;-2.05722e-06;-1.6831e-06;-1.70097e-06;-1.97907e-06;3.3;-1.6734e-06;3.3,-1.74097e-06;3.3;3.3;3.3;3.3;-1.96555e-06;3.3;-1.93117e-06,RETRY_5NS;RETRY_5NS;RETRY_5NS;RETRY_5NS;RETRY_5NS;RETRY_5NS;RETRY_5NS;RETRY_5NS,8,8,10000101,133,122,1000010,7,132,122,133,INFERRED_AT_DAC_BRIDGE_OUTPUT,10000101,133,10000101,133,10000101,133,10000101,133,True,True
MC200_CMP_XM5_XM6_W8P2524_XM7_XM11_W16P8587_S093_LOW_W4,0,-3.05032e-06;-8.26833e-06;-3.15237e-06;-3.14842e-06;-8.20918e-06;-8.20916e-06;-3.13357e-06;-8.24629e-06,-2.98365e-06;-8.2651e-06;-3.08507e-06;-3.08034e-06;-8.21491e-06;-8.21292e-06;-3.06688e-06;-8.2522e-06,3.3;3.3;3.3;-1.66592e-06;-1.97333e-06;-1.96724e-06;3.3;-1.9681e-06,-1.70608e-06;-1.94335e-06;-1.61361e-06;3.3;3.3;3.3;-1.60397e-06;3.3,RETRY_5NS;RETRY_5NS;RETRY_5NS;RETRY_5NS;RETRY_5NS;RETRY_5NS;RETRY_5NS;RETRY_5NS,8,8,11100010,226,29,1110001,7,226,28,226,INFERRED_AT_DAC_BRIDGE_OUTPUT,11100010,226,11100010,226,11100010,226,11100010,226,True,True
MC200_CMP_XM5_XM6_W8P2524_XM7_XM11_W16P8587_S093_LOW_W4,1,-3.36509e-06;-8.64196e-06;-3.46027e-06;-3.44348e-06;-8.18499e-06;-8.58201e-06;-3.43733e-06;-8.62089e-06,-3.29384e-06;-8.66421e-06;-3.38892e-06;-3.37207e-06;-8.22618e-06;-8.6149e-06;-3.36499e-06;-8.65285e-06,3.3;3.3;3.3;3.3;-2.01456e-06;-2.00612e-06;-1.68603e-06;3.3,-1.75586e-06;-1.98732e-06;-1.65044e-06;-1.64052e-06;3.3;3.3;3.3;-1.94337e-06,RETRY_5NS;RETRY_5NS;RETRY_5NS;RETRY_5NS;RETRY_5NS;RETRY_5NS;RETRY_5NS;RETRY_5NS,8,8,11110001,241,14,1111000,7,240,14,241,INFERRED_AT_DAC_BRIDGE_OUTPUT,11110001,241,11110001,241,11110001,241,11110001,241,True,True
MC200_CMP_XM5_XM6_W8P2524_XM7_XM11_W16P8587_S093_LOW_W4,2,-3.10741e-06;-8.33629e-06;-3.22237e-06;-3.20296e-06;-8.28756e-06;-8.28553e-06;-3.19466e-06;-8.32206e-06,-3.04011e-06;-8.34012e-06;-3.15343e-06;-3.13381e-06;-8.29142e-06;-8.29155e-06;-3.12606e-06;-8.33153e-06,3.3;3.3;-1.67652e-06;-1.66702e-06;3.3;3.3;-1.65529e-06;3.3,-1.70629e-06;-1.94914e-06;3.3;3.3;-1.91903e-06;-1.91508e-06;3.3;-1.91295e-06,RETRY_5NS;RETRY_5NS;RETRY_5NS;RETRY_5NS;RETRY_5NS;RETRY_5NS;RETRY_5NS;RETRY_5NS,8,8,11001101,205,50,1100110,7,204,50,205,INFERRED_AT_DAC_BRIDGE_OUTPUT,11001101,205,11001101,205,11001101,205,11001101,205,True,True
MC200_CMP_XM5_XM6_W8P2524_XM7_XM11_W16P8587_S093_LOW_W4,3,-3.03981e-06;-8.302e-06;-3.35768e-06;-3.17597e-06;-8.24677e-06;-8.24919e-06;-3.16402e-06;-8.28462e-06,-2.97299e-06;-8.31824e-06;-3.29003e-06;-3.10717e-06;-8.25246e-06;-8.25118e-06;-3.0969e-06;-8.2914e-06,3.3;-2.01936e-06;-1.67614e-06;-1.667e-06;-1.96291e-06;3.3;3.3;3.3,-1.69447e-06;3.3;3.3;3.3;3.3;-1.91155e-06;-1.61093e-06;-1.90939e-06,RETRY_5NS;RETRY_5NS;RETRY_5NS;RETRY_5NS;RETRY_5NS;RETRY_5NS;RETRY_5NS;RETRY_5NS,8,8,10000111,135,120,1000011,7,134,120,135,INFERRED_AT_DAC_BRIDGE_OUTPUT,10000111,135,10000111,135,10000111,135,10000111,135,True,True
MC200_CMP_XM5_XM6_W8P2524_XM7_XM11_W16P8587_S093_LOW_W4,64,-3.1721e-06;-8.41655e-06;-3.06226e-06;-3.26879e-06;-8.06016e-06;-8.3585e-06;-3.10324e-06;-8.05936e-06,-3.10354e-06;-8.42366e-06;-2.9964e-06;-3.19881e-06;-8.05448e-06;-8.37341e-06;-3.03703e-06;-8.05151e-06,3.3;3.3;3.3;-1.67859e-06;-1.95811e-06;-1.98311e-06;3.3;-1.94929e-06,-1.72012e-06;-1.95944e-06;-1.60493e-06;3.3;3.3;3.3;-1.60061e-06;3.3,RETRY_5NS;RETRY_5NS;RETRY_5NS;RETRY_5NS;RETRY_5NS;RETRY_5NS;RETRY_5NS;RETRY_5NS,8,8,11100010,226,29,1110001,7,226,28,226,INFERRED_AT_DAC_BRIDGE_OUTPUT,11100010,226,11100010,226,11100010,226,11100010,226,True,True
MC200_CMP_XM5_XM6_W8P2524_XM7_XM11_W16P8587_S093_LOW_W4,65,-3.48572e-06;-8.78986e-06;-3.37068e-06;-3.56423e-06;-7.46207e-06;-8.73125e-06;-3.40705e-06;-8.43406e-06,-3.41257e-06;-8.82242e-06;-3.30071e-06;-3.49092e-06;-7.49815e-06;-8.7755e-06;-3.33516e-06;-8.45205e-06,3.3;3.3;3.3;3.3;-2.00437e-06;-2.02219e-06;-1.68277e-06;3.3,-1.76924e-06;-2.00362e-06;-1.64063e-06;-1.65277e-06;3.3;3.3;3.3;-1.96261e-06,RETRY_5NS;RETRY_5NS;RETRY_5NS;RETRY_5NS;RETRY_5NS;RETRY_5NS;RETRY_5NS;RETRY_5NS,8,8,11110001,241,14,1111000,7,240,14,241,INFERRED_AT_DAC_BRIDGE_OUTPUT,11110001,241,11110001,241,11110001,241,11110001,241,True,True
MC200_CMP_XM5_XM6_W8P2524_XM7_XM11_W16P8587_S093_LOW_W4,66,-3.22904e-06;-8.48461e-06;-3.13291e-06;-3.32332e-06;-7.70598e-06;-8.43481e-06;-3.16434e-06;-8.13513e-06,-3.15985e-06;-8.49901e-06;-3.06541e-06;-3.25304e-06;-7.71348e-06;-8.45201e-06;-3.09621e-06;-8.13078e-06,3.3;3.3;-1.6677e-06;-1.67987e-06;3.3;3.3;-1.65458e-06;3.3,-1.71929e-06;-1.96517e-06;3.3;3.3;-1.91174e-06;-1.92851e-06;3.3;-1.89391e-06,RETRY_5NS;RETRY_5NS;RETRY_5NS;RETRY_5NS;RETRY_5NS;RETRY_5NS;RETRY_5NS;RETRY_5NS,8,8,11001101,205,50,1100110,7,204,50,205,INFERRED_AT_DAC_BRIDGE_OUTPUT,11001101,205,11001101,205,11001101,205,11001101,205,True,True
MC200_CMP_XM5_XM6_W8P2524_XM7_XM11_W16P8587_S093_LOW_W4,67,-3.16386e-06;-8.44898e-06;-3.2518e-06;-3.29639e-06;-8.09736e-06;-8.39867e-06;-3.13371e-06;-8.09779e-06,-3.09511e-06;-8.47718e-06;-3.18581e-06;-3.22566e-06;-8.09214e-06;-8.41146e-06;-3.06708e-06;-8.09061e-06,3.3;-2.03464e-06;-1.67061e-06;-1.67975e-06;-1.95177e-06;3.3;3.3;3.3,-1.70756e-06;3.3;3.3;3.3;3.3;-1.92661e-06;-1.60814e-06;-1.89246e-06,RETRY_5NS;RETRY_5NS;RETRY_5NS;RETRY_5NS;RETRY_5NS;RETRY_5NS;RETRY_5NS;RETRY_5NS,8,8,10000111,135,120,1000011,7,134,120,135,INFERRED_AT_DAC_BRIDGE_OUTPUT,10000111,135,10000111,135,10000111,135,10000111,135,True,True
MC200_CMP_XM5_XM6_W8P2524_XM7_XM11_W16P8587_S094_LOW_W4,0,-2.94686e-06;-8.30897e-06;-3.02649e-06;-3.02482e-06;-8.25473e-06;-8.25504e-06;-3.01637e-06;-8.29632e-06,-2.93157e-06;-8.28454e-06;-3.01097e-06;-3.00825e-06;-8.24234e-06;-8.24109e-06;-3.00025e-06;-8.27976e-06,3.3;3.3;3.3;-1.69888e-06;-2.00924e-06;-2.00396e-06;-1.6841e-06;3.3,-1.83964e-06;-2.09742e-06;-1.74224e-06;3.3;3.3;3.3;3.3;-2.05614e-06,RETRY_5NS;RETRY_5NS;RETRY_5NS;RETRY_5NS;RETRY_5NS;RETRY_5NS;RETRY_5NS;RETRY_5NS,8,8,11100001,225,30,1110000,7,224,30,225,INFERRED_AT_DAC_BRIDGE_OUTPUT,11100001,225,11100001,225,11100001,225,11100001,225,True,True
MC200_CMP_XM5_XM6_W8P2524_XM7_XM11_W16P8587_S094_LOW_W4,1,-3.19125e-06;-8.35098e-06;-3.07432e-06;-3.05194e-06;-8.29453e-06;-8.29489e-06;-3.26866e-06;-8.33556e-06,-3.17531e-06;-8.32672e-06;-3.05908e-06;-3.03644e-06;-8.28319e-06;-8.28189e-06;-3.25178e-06;-8.32112e-06,3.3;3.3;3.3;3.3;-2.01357e-06;-2.0093e-06;-1.69774e-06;-1.9995e-06,-1.86365e-06;-2.10754e-06;-1.75235e-06;-1.73844e-06;3.3;3.3;3.3;3.3,RETRY_5NS;RETRY_5NS;RETRY_5NS;RETRY_5NS;RETRY_5NS;RETRY_5NS;RETRY_5NS;RETRY_5NS,8,8,11110000,240,15,1111000,7,240,14,240,INFERRED_AT_DAC_BRIDGE_OUTPUT,11110000,240,11110000,240,11110000,240,11110000,240,True,True
MC200_CMP_XM5_XM6_W8P2524_XM7_XM11_W16P8587_S094_LOW_W4,2,-3.07221e-06;-8.46236e-06;-3.16012e-06;-3.14853e-06;-8.12972e-06;-8.41631e-06;-3.14414e-06;-8.45577e-06,-3.05591e-06;-8.44229e-06;-3.14237e-06;-3.13061e-06;-8.11433e-06;-8.40138e-06;-3.12674e-06;-8.44269e-06,3.3;3.3;-1.71762e-06;-1.70674e-06;3.3;3.3;-1.69944e-06;3.3,-1.84561e-06;-2.11115e-06;3.3;3.3;-2.07889e-06;-2.07117e-06;3.3;-2.06824e-06,RETRY_5NS;RETRY_5NS;RETRY_5NS;RETRY_5NS;RETRY_5NS;RETRY_5NS;RETRY_5NS;RETRY_5NS,8,8,11001101,205,50,1100110,7,204,50,205,INFERRED_AT_DAC_BRIDGE_OUTPUT,11001101,205,11001101,205,11001101,205,11001101,205,True,True
MC200_CMP_XM5_XM6_W8P2524_XM7_XM11_W16P8587_S094_LOW_W4,3,-2.95311e-06;-8.34299e-06;-3.06926e-06;-3.055e-06;-8.29513e-06;-8.29756e-06;-3.04782e-06;-8.33635e-06,-2.93758e-06;-8.33689e-06;-3.05248e-06;-3.03787e-06;-8.28048e-06;-8.27904e-06;-3.03233e-06;-8.3202e-06,3.3;-2.05944e-06;-1.70834e-06;-1.70123e-06;-2.00549e-06;3.3;3.3;3.3,-1.8257e-06;3.3;3.3;3.3;3.3;-2.06266e-06;-1.736e-06;-2.06231e-06,RETRY_5NS;RETRY_5NS;RETRY_5NS;RETRY_5NS;RETRY_5NS;RETRY_5NS;RETRY_5NS;RETRY_5NS,8,8,10000111,135,120,1000010,6,132,122,135,INFERRED_AT_DAC_BRIDGE_OUTPUT,10000111,135,10000111,135,10000111,135,10000111,135,True,True
MC200_CMP_XM5_XM6_W8P2524_XM7_XM11_W16P8587_S094_LOW_W4,64,-3.07483e-06;-8.46785e-06;-2.9314e-06;-3.15184e-06;-8.09541e-06;-8.41457e-06;-2.98444e-06;-8.0967e-06,-3.05824e-06;-8.44547e-06;-2.91666e-06;-3.13401e-06;-8.07979e-06;-8.4036e-06;-2.96863e-06;-8.07646e-06,3.3;3.3;3.3;-1.71206e-06;-1.99393e-06;-2.0197e-06;-1.6805e-06;3.3,-1.85449e-06;-2.11273e-06;-1.73215e-06;3.3;3.3;3.3;3.3;-2.03772e-06,RETRY_5NS;RETRY_5NS;RETRY_5NS;RETRY_5NS;RETRY_5NS;RETRY_5NS;RETRY_5NS;RETRY_5NS,8,8,11100001,225,30,1110000,7,224,30,225,INFERRED_AT_DAC_BRIDGE_OUTPUT,11100001,225,11100001,225,11100001,225,11100001,225,True,True
MC200_CMP_XM5_XM6_W8P2524_XM7_XM11_W16P8587_S094_LOW_W4,65,-3.31767e-06;-8.50968e-06;-3.15718e-06;-3.17931e-06;-8.1352e-06;-8.45435e-06;-3.01642e-06;-9.06091e-06,-3.30001e-06;-8.48743e-06;-3.14205e-06;-3.16251e-06;-8.12064e-06;-8.44462e-06;-3.00027e-06;-9.03189e-06,3.3;3.3;3.3;3.3;-1.99801e-06;-2.02444e-06;-1.68763e-06;3.3,-1.88198e-06;-2.12307e-06;-1.74917e-06;-1.75155e-06;3.3;3.3;3.3;-2.07572e-06,RETRY_5NS;RETRY_5NS;RETRY_5NS;RETRY_5NS;RETRY_5NS;RETRY_5NS;RETRY_5NS;RETRY_5NS,8,8,11110001,241,14,1111000,7,240,14,241,INFERRED_AT_DAC_BRIDGE_OUTPUT,11110001,241,11110001,241,11110001,241,11110001,241,True,True
MC200_CMP_XM5_XM6_W8P2524_XM7_XM11_W16P8587_S094_LOW_W4,66,-3.20012e-06;-8.62136e-06;-3.11582e-06;-3.27591e-06;-8.25821e-06;-8.57593e-06;-3.11221e-06;-7.49164e-06,-3.18253e-06;-8.60345e-06;-3.09891e-06;-3.2567e-06;-8.23815e-06;-8.56386e-06;-3.09511e-06;-7.4804e-06,3.3;3.3;-1.70982e-06;-1.71993e-06;3.3;3.3;-1.69686e-06;3.3,-1.86113e-06;-2.12616e-06;3.3;3.3;-2.06113e-06;-2.08693e-06;3.3;-2.05437e-06,RETRY_5NS;RETRY_5NS;RETRY_5NS;RETRY_5NS;RETRY_5NS;RETRY_5NS;RETRY_5NS;RETRY_5NS,8,8,11001101,205,50,1100110,7,204,50,205,INFERRED_AT_DAC_BRIDGE_OUTPUT,11001101,205,11001101,205,11001101,205,11001101,205,True,True
MC200_CMP_XM5_XM6_W8P2524_XM7_XM11_W16P8587_S094_LOW_W4,67,-3.08265e-06;-8.50076e-06;-2.97451e-06;-3.18228e-06;-8.13554e-06;-8.45737e-06;-3.01586e-06;-8.1362e-06,-3.06582e-06;-8.49828e-06;-2.95867e-06;-3.16388e-06;-8.11805e-06;-8.44134e-06;-3.00068e-06;-8.11763e-06,3.3;-2.07499e-06;-1.69832e-06;-1.7124e-06;-1.98772e-06;3.3;3.3;3.3,-1.84096e-06;3.3;3.3;3.3;3.3;-2.07864e-06;-1.73239e-06;-2.03262e-06,RETRY_5NS;RETRY_5NS;RETRY_5NS;RETRY_5NS;RETRY_5NS;RETRY_5NS;RETRY_5NS;RETRY_5NS,8,8,10000111,135,120,1000011,7,134,120,135,INFERRED_AT_DAC_BRIDGE_OUTPUT,10000111,135,10000111,135,10000111,135,10000111,135,True,True
MC200_CMP_XM5_XM6_W8P2524_XM7_XM11_W16P8587_S095_LOW_W4,0,-2.91118e-06;-8.37832e-06;-3.1231e-06;-3.12041e-06;-8.31996e-06;-8.32039e-06;-3.10876e-06;-8.60727e-06,-2.8732e-06;-8.35985e-06;-3.08516e-06;-3.08111e-06;-8.3133e-06;-8.31128e-06;-3.07057e-06;-8.59251e-06,3.3;3.3;3.3;-1.71426e-06;-2.0279e-06;-2.02285e-06;-1.69541e-06;3.3,-1.7177e-06;-1.96086e-06;-1.62913e-06;3.3;3.3;3.3;3.3;-1.92485e-06,RETRY_5NS;RETRY_5NS;RETRY_5NS;RETRY_5NS;RETRY_5NS;RETRY_5NS;RETRY_5NS;RETRY_5NS,8,8,11100001,225,30,1110000,7,224,30,225,INFERRED_AT_DAC_BRIDGE_OUTPUT,11100001,225,11100001,225,11100001,225,11100001,225,True,True
MC200_CMP_XM5_XM6_W8P2524_XM7_XM11_W16P8587_S095_LOW_W4,1,-2.43076e-06;-7.58467e-06;-2.52409e-06;-2.50218e-06;-7.51868e-06;-7.51767e-06;-2.49406e-06;-7.55745e-06,-2.39696e-06;-7.54926e-06;-2.49058e-06;-2.46856e-06;-7.48956e-06;-7.48791e-06;-2.45964e-06;-7.52709e-06,3.3;3.3;3.3;3.3;-1.95136e-06;-1.94752e-06;-1.63836e-06;3.3,-1.67267e-06;-1.89078e-06;-1.57493e-06;-1.56281e-06;3.3;3.3;3.3;-1.84227e-06,RETRY_5NS;RETRY_5NS;RETRY_5NS;RETRY_5NS;RETRY_5NS;RETRY_5NS;RETRY_5NS;RETRY_5NS,8,8,11110001,241,14,1111000,7,240,14,241,INFERRED_AT_DAC_BRIDGE_OUTPUT,11110001,241,11110001,241,11110001,241,11110001,241,True,True
MC200_CMP_XM5_XM6_W8P2524_XM7_XM11_W16P8587_S095_LOW_W4,2,-3.12076e-06;-7.68518e-06;-3.10517e-06;-3.47115e-06;-8.4444e-06;-8.44243e-06;-3.201e-06;-9.34628e-06,-3.08243e-06;-7.67689e-06;-3.06498e-06;-3.43246e-06;-8.43248e-06;-8.43317e-06;-3.1622e-06;-9.33229e-06,3.3;3.3;-1.72399e-06;-1.72708e-06;3.3;3.3;-1.7083e-06;3.3,-1.72364e-06;-1.97733e-06;3.3;3.3;-1.93754e-06;-1.93277e-06;3.3;-1.92719e-06,RETRY_5NS;RETRY_5NS;RETRY_5NS;RETRY_5NS;RETRY_5NS;RETRY_5NS;RETRY_5NS;RETRY_5NS,8,8,11001101,205,50,1100110,7,204,50,205,INFERRED_AT_DAC_BRIDGE_OUTPUT,11001101,205,11001101,205,11001101,205,11001101,205,True,True
MC200_CMP_XM5_XM6_W8P2524_XM7_XM11_W16P8587_S095_LOW_W4,3,-2.99751e-06;-8.37361e-06;-3.13698e-06;-3.11836e-06;-8.32072e-06;-8.32299e-06;-2.9478e-06;-7.87148e-06,-2.95957e-06;-8.37289e-06;-3.09785e-06;-3.07889e-06;-8.31033e-06;-8.30925e-06;-2.90982e-06;-7.86785e-06,3.3;-2.07057e-06;-1.71847e-06;-1.71169e-06;-2.01712e-06;3.3;3.3;3.3,-1.70549e-06;3.3;3.3;3.3;3.3;-1.92398e-06;-1.61472e-06;-1.9219e-06,RETRY_5NS;RETRY_5NS;RETRY_5NS;RETRY_5NS;RETRY_5NS;RETRY_5NS;RETRY_5NS;RETRY_5NS,8,8,10000111,135,120,1000011,7,134,120,135,INFERRED_AT_DAC_BRIDGE_OUTPUT,10000111,135,10000111,135,10000111,135,10000111,135,True,True
MC200_CMP_XM5_XM6_W8P2524_XM7_XM11_W16P8587_S095_LOW_W4,64,-3.15446e-06;-8.53794e-06;-3.03167e-06;-3.24258e-06;-8.1597e-06;-8.48095e-06;-3.07803e-06;-7.78714e-06,-3.11576e-06;-8.52283e-06;-2.9943e-06;-3.20249e-06;-8.1485e-06;-8.47603e-06;-3.04002e-06;-7.77765e-06,3.3;3.3;3.3;-1.72644e-06;-2.01209e-06;-2.0388e-06;-1.69485e-06;3.3,-1.73492e-06;-1.9757e-06;-1.61936e-06;3.3;3.3;3.3;3.3;-1.91203e-06,RETRY_5NS;RETRY_5NS;RETRY_5NS;RETRY_5NS;RETRY_5NS;RETRY_5NS;RETRY_5NS;RETRY_5NS,8,8,11100001,225,30,1110000,7,224,30,225,INFERRED_AT_DAC_BRIDGE_OUTPUT,11100001,225,11100001,225,11100001,225,11100001,225,True,True
MC200_CMP_XM5_XM6_W8P2524_XM7_XM11_W16P8587_S095_LOW_W4,65,-2.55295e-06;-7.74402e-06;-2.43318e-06;-2.62465e-06;-7.35844e-06;-7.6782e-06;-2.46331e-06;-7.35652e-06,-2.51836e-06;-7.71192e-06;-2.40023e-06;-2.59023e-06;-7.32476e-06;-7.65265e-06;-2.42909e-06;-7.32099e-06,3.3;3.3;3.3;3.3;-1.9368e-06;-1.96288e-06;-1.6362e-06;3.3,-1.68531e-06;-1.90503e-06;-1.56625e-06;-1.57497e-06;3.3;3.3;3.3;-1.86473e-06,RETRY_5NS;RETRY_5NS;RETRY_5NS;RETRY_5NS;RETRY_5NS;RETRY_5NS;RETRY_5NS;RETRY_5NS,8,8,11110001,241,14,1111000,7,240,14,241,INFERRED_AT_DAC_BRIDGE_OUTPUT,11110001,241,11110001,241,11110001,241,11110001,241,True,True
MC200_CMP_XM5_XM6_W8P2524_XM7_XM11_W16P8587_S095_LOW_W4,66,-3.24384e-06;-8.21989e-06;-3.13203e-06;-3.59868e-06;-8.28382e-06;-8.60302e-06;-3.17027e-06;-8.28096e-06,-3.20471e-06;-8.21233e-06;-3.09283e-06;-3.55914e-06;-8.26808e-06;-8.59788e-06;-3.13165e-06;-8.26871e-06,3.3;3.3;-1.71857e-06;-1.73733e-06;3.3;3.3;-1.70642e-06;3.3,-1.73671e-06;-1.98774e-06;3.3;3.3;-1.92192e-06;-1.94669e-06;3.3;-1.91496e-06,RETRY_5NS;RETRY_5NS;RETRY_5NS;RETRY_5NS;RETRY_5NS;RETRY_5NS;RETRY_5NS;RETRY_5NS,8,8,11001101,205,50,1100110,7,204,50,205,INFERRED_AT_DAC_BRIDGE_OUTPUT,11001101,205,11001101,205,11001101,205,11001101,205,True,True
MC200_CMP_XM5_XM6_W8P2524_XM7_XM11_W16P8587_S095_LOW_W4,67,-3.12285e-06;-8.53203e-06;-3.04616e-06;-3.24079e-06;-8.16016e-06;-8.48379e-06;-3.30452e-06;-7.76164e-06,-3.0841e-06;-8.53627e-06;-3.00762e-06;-3.20053e-06;-8.14574e-06;-8.47378e-06;-3.26751e-06;-7.74991e-06,3.3;-2.08721e-06;-1.70812e-06;-1.72599e-06;-2.00446e-06;3.3;3.3;3.3,-1.71868e-06;3.3;3.3;3.3;3.3;-1.93939e-06;-1.62662e-06;-1.90473e-06,RETRY_5NS;RETRY_5NS;RETRY_5NS;RETRY_5NS;RETRY_5NS;RETRY_5NS;RETRY_5NS;RETRY_5NS,8,8,10000111,135,120,1000011,7,134,120,135,INFERRED_AT_DAC_BRIDGE_OUTPUT,10000111,135,10000111,135,10000111,135,10000111,135,True,True
MC200_CMP_XM5_XM6_W8P2524_XM7_XM11_W16P8587_S096_LOW_W4,0,-2.99329e-06;-8.3737e-06;-3.08598e-06;-3.08446e-06;-8.3147e-06;-8.31463e-06;-2.95652e-06;-8.35647e-06,-3.05723e-06;-8.36128e-06;-3.15063e-06;-3.14826e-06;-8.3181e-06;-8.31652e-06;-3.02084e-06;-8.35385e-06,3.3;3.3;3.3;-1.65461e-06;-1.95784e-06;-1.95586e-06;-1.64489e-06;-1.9533e-06,-1.81927e-06;-2.07589e-06;-1.71684e-06;3.3;3.3;3.3;3.3;3.3,RETRY_5NS;RETRY_5NS;RETRY_5NS;RETRY_5NS;RETRY_5NS;RETRY_5NS;RETRY_5NS;RETRY_5NS,8,8,11100000,224,31,1110000,7,224,30,224,INFERRED_AT_DAC_BRIDGE_OUTPUT,11100000,224,11100000,224,11100000,224,11100000,224,True,True
MC200_CMP_XM5_XM6_W8P2524_XM7_XM11_W16P8587_S096_LOW_W4,1,-3.03433e-06;-8.41792e-06;-3.16789e-06;-3.10841e-06;-8.36048e-06;-8.35887e-06;-3.07564e-06;-7.85814e-06,-3.09906e-06;-8.40252e-06;-3.23357e-06;-3.17293e-06;-8.35205e-06;-8.35217e-06;-3.14153e-06;-7.83613e-06,3.3;3.3;3.3;-1.64949e-06;3.3;3.3;3.3;3.3,-1.8379e-06;-2.08511e-06;-1.73461e-06;3.3;-2.04473e-06;-2.04071e-06;-1.71543e-06;-2.04597e-06,RETRY_5NS;RETRY_5NS;RETRY_5NS;RETRY_5NS;RETRY_5NS;RETRY_5NS;RETRY_5NS;RETRY_5NS,8,8,11101111,239,16,1110111,7,238,16,239,INFERRED_AT_DAC_BRIDGE_OUTPUT,11101111,239,11101111,239,11101111,239,11101111,239,True,True
MC200_CMP_XM5_XM6_W8P2524_XM7_XM11_W16P8587_S096_LOW_W4,2,-2.42868e-06;-7.62441e-06;-2.61067e-06;-2.53351e-06;-7.5707e-06;-7.61842e-06;-2.52329e-06;-7.90082e-06,-2.4849e-06;-7.6609e-06;-2.66735e-06;-2.5888e-06;-7.61145e-06;-7.66263e-06;-2.58035e-06;-7.94285e-06,3.3;3.3;-1.61021e-06;-1.59721e-06;3.3;-1.87897e-06;3.3;3.3,-1.74964e-06;-2.0023e-06;3.3;3.3;-1.96891e-06;3.3;-1.65673e-06;-1.97439e-06,RETRY_5NS;RETRY_5NS;RETRY_5NS;RETRY_5NS;RETRY_5NS;RETRY_5NS;RETRY_5NS;RETRY_5NS,8,8,11001011,203,52,1100101,7,202,52,203,INFERRED_AT_DAC_BRIDGE_OUTPUT,11001011,203,11001011,203,11001011,203,11001011,203,True,True
MC200_CMP_XM5_XM6_W8P2524_XM7_XM11_W16P8587_S096_LOW_W4,3,-3.02195e-06;-8.45187e-06;-3.04554e-06;-3.14239e-06;-8.39744e-06;-9.63281e-06;-3.13295e-06;-8.44008e-06,-3.08664e-06;-8.45256e-06;-3.1111e-06;-3.20683e-06;-8.39396e-06;-9.64943e-06;-3.19787e-06;-8.43109e-06,3.3;-2.00998e-06;-1.66466e-06;-1.6613e-06;-1.96249e-06;3.3;-1.64856e-06;3.3,-1.81036e-06;3.3;3.3;3.3;3.3;-2.0373e-06;3.3;-2.0423e-06,RETRY_5NS;RETRY_5NS;RETRY_5NS;RETRY_5NS;RETRY_5NS;RETRY_5NS;RETRY_5NS;RETRY_5NS,8,8,10000101,133,122,1000010,7,132,122,133,INFERRED_AT_DAC_BRIDGE_OUTPUT,10000101,133,10000101,133,10000101,133,10000101,133,True,True
MC200_CMP_XM5_XM6_W8P2524_XM7_XM11_W16P8587_S096_LOW_W4,64,-3.11546e-06;-8.5386e-06;-2.99543e-06;-3.20535e-06;-8.14918e-06;-8.48034e-06;-3.0496e-06;-8.14895e-06,-3.18122e-06;-8.51566e-06;-3.05873e-06;-3.27095e-06;-8.16184e-06;-8.47275e-06;-3.11344e-06;-8.15848e-06,3.3;3.3;3.3;-1.66785e-06;-1.94295e-06;-1.97129e-06;-1.64501e-06;-1.93544e-06,-1.83381e-06;-2.09174e-06;-1.70744e-06;3.3;3.3;3.3;3.3;3.3,RETRY_5NS;RETRY_5NS;RETRY_5NS;RETRY_5NS;RETRY_5NS;RETRY_5NS;RETRY_5NS;RETRY_5NS,8,8,11100000,224,31,1110000,7,224,30,224,INFERRED_AT_DAC_BRIDGE_OUTPUT,11100000,224,11100000,224,11100000,224,11100000,224,True,True
MC200_CMP_XM5_XM6_W8P2524_XM7_XM11_W16P8587_S096_LOW_W4,65,-3.15553e-06;-8.58267e-06;-3.13768e-06;-3.22974e-06;-8.1945e-06;-8.52499e-06;-3.3081e-06;-8.19088e-06,-3.22206e-06;-8.55668e-06;-3.2057e-06;-3.29608e-06;-8.19624e-06;-8.50817e-06;-3.37241e-06;-8.19676e-06,3.3;3.3;3.3;-1.66181e-06;3.3;3.3;3.3;3.3,-1.8514e-06;-2.10039e-06;-1.72751e-06;3.3;-2.02962e-06;-2.0569e-06;-1.72296e-06;-2.05257e-06,RETRY_5NS;RETRY_5NS;RETRY_5NS;RETRY_5NS;RETRY_5NS;RETRY_5NS;RETRY_5NS;RETRY_5NS,8,8,11101111,239,16,1110111,7,238,16,239,INFERRED_AT_DAC_BRIDGE_OUTPUT,11101111,239,11101111,239,11101111,239,11101111,239,True,True
MC200_CMP_XM5_XM6_W8P2524_XM7_XM11_W16P8587_S096_LOW_W4,66,-2.54245e-06;-7.78947e-06;-2.5112e-06;-2.65478e-06;-7.40478e-06;-7.85903e-06;-2.49285e-06;-7.643e-06,-2.60053e-06;-7.8156e-06;-2.56637e-06;-2.71188e-06;-7.45556e-06;-7.89497e-06;-2.54948e-06;-7.69049e-06,3.3;3.3;-1.60097e-06;-1.60919e-06;3.3;-1.89797e-06;3.3;3.3,-1.76302e-06;-2.01697e-06;3.3;3.3;-1.95255e-06;3.3;-1.65535e-06;-1.95718e-06,RETRY_5NS;RETRY_5NS;RETRY_5NS;RETRY_5NS;RETRY_5NS;RETRY_5NS;RETRY_5NS;RETRY_5NS,8,8,11001011,203,52,1100101,7,202,52,203,INFERRED_AT_DAC_BRIDGE_OUTPUT,11001011,203,11001011,203,11001011,203,11001011,203,True,True
MC200_CMP_XM5_XM6_W8P2524_XM7_XM11_W16P8587_S096_LOW_W4,67,-3.14623e-06;-8.61557e-06;-3.21207e-06;-3.4667e-06;-8.23178e-06;-7.63776e-06;-3.10249e-06;-8.23247e-06,-3.21275e-06;-8.60731e-06;-3.27455e-06;-3.53391e-06;-8.23774e-06;-7.60603e-06;-3.16695e-06;-8.23579e-06,3.3;-2.02623e-06;-1.66276e-06;-1.68176e-06;-1.94718e-06;3.3;-1.64517e-06;3.3,-1.82334e-06;3.3;3.3;3.3;3.3;-2.06548e-06;3.3;-2.02067e-06,RETRY_5NS;RETRY_5NS;RETRY_5NS;RETRY_5NS;RETRY_5NS;RETRY_5NS;RETRY_5NS;RETRY_5NS,8,8,10000101,133,122,1000010,7,132,122,133,INFERRED_AT_DAC_BRIDGE_OUTPUT,10000101,133,10000101,133,10000101,133,10000101,133,True,True
MC200_CMP_XM5_XM6_W8P2524_XM7_XM11_W16P8587_S097_LOW_W4,0,-3.12083e-06;-8.4797e-06;-3.21272e-06;-3.21084e-06;-8.42166e-06;-8.42177e-06;-3.19936e-06;-8.4629e-06,-3.17334e-06;-8.4524e-06;-3.26657e-06;-3.26351e-06;-8.41093e-06;-8.40924e-06;-3.25251e-06;-8.44527e-06,3.3;3.3;3.3;-1.74365e-06;-2.06309e-06;-2.06016e-06;-1.73502e-06;-2.05579e-06,-1.80316e-06;-2.05486e-06;-1.70312e-06;3.3;3.3;3.3;3.3;3.3,RETRY_5NS;RETRY_5NS;RETRY_5NS;RETRY_5NS;RETRY_5NS;RETRY_5NS;RETRY_5NS;RETRY_5NS,8,8,11100000,224,31,1110000,7,224,30,224,INFERRED_AT_DAC_BRIDGE_OUTPUT,11100000,224,11100000,224,11100000,224,11100000,224,True,True
MC200_CMP_XM5_XM6_W8P2524_XM7_XM11_W16P8587_S097_LOW_W4,1,-3.25221e-06;-8.97761e-06;-3.33971e-06;-3.32617e-06;-8.58829e-06;-8.58678e-06;-3.41794e-06;-7.86661e-06,-3.30741e-06;-8.94539e-06;-3.39628e-06;-3.38145e-06;-8.55685e-06;-8.55716e-06;-3.47367e-06;-7.82201e-06,3.3;3.3;3.3;-1.74558e-06;3.3;3.3;3.3;3.3,-1.83118e-06;-2.07389e-06;-1.72651e-06;3.3;-2.03659e-06;-2.0329e-06;-1.70803e-06;-2.03684e-06,RETRY_5NS;RETRY_5NS;RETRY_5NS;RETRY_5NS;RETRY_5NS;RETRY_5NS;RETRY_5NS;RETRY_5NS,8,8,11101111,239,16,1110111,7,238,16,239,INFERRED_AT_DAC_BRIDGE_OUTPUT,11101111,239,11101111,239,11101111,239,11101111,239,True,True
MC200_CMP_XM5_XM6_W8P2524_XM7_XM11_W16P8587_S097_LOW_W4,2,-3.08707e-06;-8.43299e-06;-3.26593e-06;-3.17596e-06;-8.3847e-06;-8.38253e-06;-3.169e-06;-8.42233e-06,-3.13928e-06;-8.41072e-06;-3.32064e-06;-3.22761e-06;-8.36827e-06;-8.36934e-06;-3.22148e-06;-8.40767e-06,3.3;3.3;-1.74741e-06;-1.73552e-06;3.3;3.3;-1.73224e-06;-2.05508e-06,-1.79143e-06;-2.04754e-06;3.3;3.3;-2.01325e-06;-1.99583e-06;3.3;3.3,RETRY_5NS;RETRY_5NS;RETRY_5NS;RETRY_5NS;RETRY_5NS;RETRY_5NS;RETRY_5NS;RETRY_5NS,8,8,11001100,204,51,1100110,7,204,50,204,INFERRED_AT_DAC_BRIDGE_OUTPUT,11001100,204,11001100,204,11001100,204,11001100,204,True,True
MC200_CMP_XM5_XM6_W8P2524_XM7_XM11_W16P8587_S097_LOW_W4,3,-3.02629e-06;-8.39513e-06;-3.16726e-06;-3.14834e-06;-8.85671e-06;-8.34303e-06;-3.13855e-06;-8.38292e-06,-3.07739e-06;-8.39139e-06;-3.21909e-06;-3.19958e-06;-8.85955e-06;-8.331e-06;-3.19026e-06;-8.36886e-06,3.3;-2.10079e-06;-1.74038e-06;-1.7344e-06;-2.04662e-06;3.3;-1.72161e-06;3.3,-1.77765e-06;3.3;3.3;3.3;3.3;-2.00544e-06;3.3;-2.00637e-06,RETRY_5NS;RETRY_5NS;RETRY_5NS;RETRY_5NS;RETRY_5NS;RETRY_5NS;RETRY_5NS;RETRY_5NS,8,8,10000101,133,122,1000010,7,132,122,133,INFERRED_AT_DAC_BRIDGE_OUTPUT,10000101,133,10000101,133,10000101,133,10000101,133,True,True
MC200_CMP_XM5_XM6_W8P2524_XM7_XM11_W16P8587_S097_LOW_W4,64,-3.24279e-06;-8.64027e-06;-3.12236e-06;-3.33174e-06;-8.2604e-06;-8.58319e-06;-3.16892e-06;-8.26065e-06,-3.29765e-06;-8.6018e-06;-3.17448e-06;-3.38676e-06;-8.25954e-06;-8.56063e-06;-3.22153e-06;-8.25619e-06,3.3;3.3;3.3;-1.75552e-06;-2.0464e-06;-2.07573e-06;-1.73127e-06;-2.03785e-06,-1.81737e-06;-2.07077e-06;-1.69427e-06;3.3;3.3;3.3;3.3;3.3,RETRY_5NS;RETRY_5NS;RETRY_5NS;RETRY_5NS;RETRY_5NS;RETRY_5NS;RETRY_5NS;RETRY_5NS,8,8,11100000,224,31,1110000,7,224,30,224,INFERRED_AT_DAC_BRIDGE_OUTPUT,11100000,224,11100000,224,11100000,224,11100000,224,True,True
MC200_CMP_XM5_XM6_W8P2524_XM7_XM11_W16P8587_S097_LOW_W4,65,-3.3732e-06;-9.89396e-06;-3.2495e-06;-3.44722e-06;-8.42666e-06;-8.74858e-06;-3.3979e-06;-8.42331e-06,-3.43073e-06;-9.86923e-06;-3.30428e-06;-3.50487e-06;-8.40601e-06;-8.70817e-06;-3.45456e-06;-8.40671e-06,3.3;3.3;3.3;-1.75897e-06;3.3;3.3;3.3;3.3,-1.84594e-06;-2.08596e-06;-1.71609e-06;3.3;-2.02094e-06;-2.0487e-06;-1.71238e-06;-2.04933e-06,RETRY_5NS;RETRY_5NS;RETRY_5NS;RETRY_5NS;RETRY_5NS;RETRY_5NS;RETRY_5NS;RETRY_5NS,8,8,11101111,239,16,1110111,7,238,16,239,INFERRED_AT_DAC_BRIDGE_OUTPUT,11101111,239,11101111,239,11101111,239,11101111,239,True,True
MC200_CMP_XM5_XM6_W8P2524_XM7_XM11_W16P8587_S097_LOW_W4,66,-3.20899e-06;-8.59374e-06;-3.15984e-06;-3.29692e-06;-8.22299e-06;-8.54416e-06;-3.13856e-06;-8.22015e-06,-3.26355e-06;-8.56042e-06;-3.21347e-06;-3.35094e-06;-8.21733e-06;-8.52055e-06;-3.19049e-06;-8.21854e-06,3.3;3.3;-1.73808e-06;-1.74846e-06;3.3;3.3;-1.72854e-06;-2.0355e-06,-1.80585e-06;-2.06342e-06;3.3;3.3;-1.99835e-06;-2.01232e-06;3.3;3.3,RETRY_5NS;RETRY_5NS;RETRY_5NS;RETRY_5NS;RETRY_5NS;RETRY_5NS;RETRY_5NS;RETRY_5NS,8,8,11001100,204,51,1100110,7,204,50,204,INFERRED_AT_DAC_BRIDGE_OUTPUT,11001100,204,11001100,204,11001100,204,11001100,204,True,True
MC200_CMP_XM5_XM6_W8P2524_XM7_XM11_W16P8587_S097_LOW_W4,67,-3.1503e-06;-8.55453e-06;-3.07736e-06;-3.26932e-06;-7.81157e-06;-8.50465e-06;-3.10816e-06;-8.18078e-06,-3.20377e-06;-8.54119e-06;-3.12745e-06;-3.32289e-06;-7.80566e-06;-8.48218e-06;-3.15928e-06;-8.17969e-06,3.3;-2.1164e-06;-1.731e-06;-1.74903e-06;-2.0394e-06;3.3;-1.71845e-06;3.3,-1.79131e-06;3.3;3.3;3.3;3.3;-2.02033e-06;3.3;-1.98755e-06,RETRY_5NS;RETRY_5NS;RETRY_5NS;RETRY_5NS;RETRY_5NS;RETRY_5NS;RETRY_5NS;RETRY_5NS,8,8,10000101,133,122,1000010,7,132,122,133,INFERRED_AT_DAC_BRIDGE_OUTPUT,10000101,133,10000101,133,10000101,133,10000101,133,True,True
MC200_CMP_XM5_XM6_W8P2524_XM7_XM11_W16P8587_S098_LOW_W4,0,-2.98518e-06;-8.26181e-06;-3.08341e-06;-3.08096e-06;-8.20753e-06;-8.20586e-06;-3.08485e-06;-8.08295e-06,-2.97886e-06;-8.25969e-06;-3.07778e-06;-3.07553e-06;-8.20864e-06;-8.20834e-06;-3.07908e-06;-8.08769e-06,3.3;3.3;-1.66628e-06;3.3;3.3;3.3;3.3;3.3,-1.7656e-06;-2.0154e-06;3.3;-1.67338e-06;-1.98227e-06;-1.97798e-06;-1.66615e-06;-1.97599e-06,RETRY_5NS;RETRY_5NS;RETRY_5NS;RETRY_5NS;RETRY_5NS;RETRY_5NS;RETRY_5NS;RETRY_5NS,8,8,11011111,223,32,1101111,7,222,32,223,INFERRED_AT_DAC_BRIDGE_OUTPUT,11011111,223,11011111,223,11011111,223,11011111,223,True,True
MC200_CMP_XM5_XM6_W8P2524_XM7_XM11_W16P8587_S098_LOW_W4,1,-3.14854e-06;-8.45955e-06;-3.24126e-06;-3.22584e-06;-8.40317e-06;-8.40148e-06;-3.40165e-06;-8.43892e-06,-3.14229e-06;-8.45773e-06;-3.23572e-06;-3.21906e-06;-8.40555e-06;-8.40554e-06;-3.39629e-06;-8.44559e-06,3.3;3.3;3.3;-1.68086e-06;3.3;3.3;3.3;3.3,-1.79831e-06;-2.03997e-06;-1.69532e-06;3.3;-2.00071e-06;-1.99726e-06;-1.68652e-06;-1.98918e-06,RETRY_5NS;RETRY_5NS;RETRY_5NS;RETRY_5NS;RETRY_5NS;RETRY_5NS;RETRY_5NS;RETRY_5NS,8,8,11101111,239,16,1110111,7,238,16,239,INFERRED_AT_DAC_BRIDGE_OUTPUT,11101111,239,11101111,239,11101111,239,11101111,239,True,True
MC200_CMP_XM5_XM6_W8P2524_XM7_XM11_W16P8587_S098_LOW_W4,2,-3.07304e-06;-8.25641e-06;-3.18499e-06;-3.16663e-06;-8.32328e-06;-8.32073e-06;-3.15828e-06;-8.36071e-06,-3.06694e-06;-8.2572e-06;-3.17812e-06;-3.15926e-06;-8.32662e-06;-8.32798e-06;-3.15223e-06;-8.36645e-06,3.3;3.3;-1.68826e-06;-1.67924e-06;3.3;-1.97989e-06;3.3;3.3,-1.769e-06;-2.0247e-06;3.3;3.3;-1.99006e-06;3.3;-1.67516e-06;-1.98635e-06,RETRY_5NS;RETRY_5NS;RETRY_5NS;RETRY_5NS;RETRY_5NS;RETRY_5NS;RETRY_5NS;RETRY_5NS,8,8,11001011,203,52,1100101,7,202,52,203,INFERRED_AT_DAC_BRIDGE_OUTPUT,11001011,203,11001011,203,11001011,203,11001011,203,True,True
MC200_CMP_XM5_XM6_W8P2524_XM7_XM11_W16P8587_S098_LOW_W4,3,-2.94686e-06;-8.25947e-06;-2.84468e-06;-3.04391e-06;-8.20284e-06;-8.20443e-06;-3.06719e-06;-8.24298e-06,-2.94063e-06;-8.27373e-06;-2.83732e-06;-3.03666e-06;-8.21074e-06;-8.20857e-06;-3.06052e-06;-8.24796e-06,3.3;-2.02389e-06;-1.67327e-06;-1.67113e-06;-1.97642e-06;3.3;-1.66121e-06;3.3,-1.75078e-06;3.3;3.3;3.3;3.3;-1.97389e-06;3.3;-1.96737e-06,RETRY_5NS;RETRY_5NS;RETRY_5NS;RETRY_5NS;RETRY_5NS;RETRY_5NS;RETRY_5NS;RETRY_5NS,8,8,10000101,133,122,1000010,7,132,122,133,INFERRED_AT_DAC_BRIDGE_OUTPUT,10000101,133,10000101,133,10000101,133,10000101,133,True,True
MC200_CMP_XM5_XM6_W8P2524_XM7_XM11_W16P8587_S098_LOW_W4,64,-3.10729e-06;-8.41748e-06;-2.993e-06;-3.20159e-06;-8.05079e-06;-8.36265e-06;-3.03663e-06;-7.73799e-06,-3.10086e-06;-8.41589e-06;-2.98746e-06;-3.19608e-06;-8.05106e-06;-8.3661e-06;-3.03083e-06;-7.74119e-06,3.3;3.3;-1.65464e-06;3.3;3.3;3.3;3.3;3.3,-1.77991e-06;-2.03091e-06;3.3;-1.68702e-06;-1.96712e-06;-1.99378e-06;-1.6631e-06;-1.96242e-06,RETRY_5NS;RETRY_5NS;RETRY_5NS;RETRY_5NS;RETRY_5NS;RETRY_5NS;RETRY_5NS;RETRY_5NS,8,8,11011111,223,32,1101111,7,222,32,223,INFERRED_AT_DAC_BRIDGE_OUTPUT,11011111,223,11011111,223,11011111,223,11011111,223,True,True
MC200_CMP_XM5_XM6_W8P2524_XM7_XM11_W16P8587_S098_LOW_W4,65,-3.26951e-06;-8.61491e-06;-3.15127e-06;-3.34698e-06;-8.24634e-06;-8.55831e-06;-3.27481e-06;-8.24291e-06,-3.26313e-06;-8.61358e-06;-3.14578e-06;-3.34011e-06;-8.24794e-06;-8.56334e-06;-3.26933e-06;-8.24794e-06,3.3;3.3;3.3;-1.6922e-06;3.3;3.3;3.3;3.3,-1.8119e-06;-2.05543e-06;-1.6846e-06;3.3;-1.98541e-06;-2.01255e-06;-1.67877e-06;-1.99908e-06,RETRY_5NS;RETRY_5NS;RETRY_5NS;RETRY_5NS;RETRY_5NS;RETRY_5NS;RETRY_5NS;RETRY_5NS,8,8,11101111,239,16,1110111,7,238,16,239,INFERRED_AT_DAC_BRIDGE_OUTPUT,11101111,239,11101111,239,11101111,239,11101111,239,True,True
MC200_CMP_XM5_XM6_W8P2524_XM7_XM11_W16P8587_S098_LOW_W4,66,-3.19502e-06;-8.52718e-06;-3.09499e-06;-3.2877e-06;-8.16659e-06;-8.47744e-06;-3.12785e-06;-8.16474e-06,-3.1888e-06;-8.52854e-06;-3.08822e-06;-3.28023e-06;-8.16893e-06;-8.48595e-06;-3.12188e-06;-8.16881e-06,3.3;3.3;-1.67884e-06;-1.69218e-06;3.3;-1.99632e-06;3.3;3.3,-1.7822e-06;-2.03954e-06;3.3;3.3;-1.97534e-06;3.3;-1.67192e-06;-1.96677e-06,RETRY_5NS;RETRY_5NS;RETRY_5NS;RETRY_5NS;RETRY_5NS;RETRY_5NS;RETRY_5NS;RETRY_5NS,8,8,11001011,203,52,1100101,7,202,52,203,INFERRED_AT_DAC_BRIDGE_OUTPUT,11001011,203,11001011,203,11001011,203,11001011,203,True,True
MC200_CMP_XM5_XM6_W8P2524_XM7_XM11_W16P8587_S098_LOW_W4,67,-3.07119e-06;-8.4138e-06;-3.16374e-06;-3.15874e-06;-8.04641e-06;-8.36115e-06;-3.03679e-06;-8.04706e-06,-3.06483e-06;-8.4302e-06;-3.15734e-06;-3.15151e-06;-8.05283e-06;-8.36653e-06;-3.03013e-06;-8.05028e-06,3.3;-2.03914e-06;-1.67547e-06;-1.68132e-06;-1.96046e-06;3.3;-1.65823e-06;3.3,-1.76375e-06;3.3;3.3;3.3;3.3;-1.98983e-06;3.3;-1.95021e-06,RETRY_5NS;RETRY_5NS;RETRY_5NS;RETRY_5NS;RETRY_5NS;RETRY_5NS;RETRY_5NS;RETRY_5NS,8,8,10000101,133,122,1000010,7,132,122,133,INFERRED_AT_DAC_BRIDGE_OUTPUT,10000101,133,10000101,133,10000101,133,10000101,133,True,True
MC200_CMP_XM5_XM6_W8P2524_XM7_XM11_W16P8587_S099_LOW_W4,0,-3.11234e-06;-8.4528e-06;-3.20118e-06;-3.19882e-06;-9.04507e-06;-8.40105e-06;-3.08977e-06;-8.43856e-06,-3.04126e-06;-8.45959e-06;-3.12905e-06;-3.12816e-06;-9.04308e-06;-8.41088e-06;-3.01783e-06;-8.45323e-06,3.3;3.3;-1.73183e-06;3.3;3.3;3.3;3.3;3.3,-1.69714e-06;-1.9348e-06;3.3;-1.60758e-06;-1.89851e-06;-1.89796e-06;-1.59765e-06;-1.89761e-06,RETRY_5NS;RETRY_5NS;RETRY_5NS;RETRY_5NS;RETRY_5NS;RETRY_5NS;RETRY_5NS;RETRY_5NS,8,8,11011111,223,32,1101111,7,222,32,223,INFERRED_AT_DAC_BRIDGE_OUTPUT,11011111,223,11011111,223,11011111,223,11011111,223,True,True
MC200_CMP_XM5_XM6_W8P2524_XM7_XM11_W16P8587_S099_LOW_W4,1,-3.15274e-06;-8.49435e-06;-3.44547e-06;-3.22502e-06;-8.44142e-06;-8.43994e-06;-3.21944e-06;-8.47723e-06,-3.08146e-06;-8.50308e-06;-3.37346e-06;-3.15249e-06;-8.45229e-06;-8.45257e-06;-3.14801e-06;-8.49532e-06,3.3;3.3;3.3;-1.73329e-06;3.3;3.3;3.3;3.3,-1.71377e-06;-1.94276e-06;-1.62338e-06;3.3;-1.90587e-06;-1.90202e-06;-1.60079e-06;-1.8954e-06,RETRY_5NS;RETRY_5NS;RETRY_5NS;RETRY_5NS;RETRY_5NS;RETRY_5NS;RETRY_5NS;RETRY_5NS,8,8,11101111,239,16,1110111,7,238,16,239,INFERRED_AT_DAC_BRIDGE_OUTPUT,11101111,239,11101111,239,11101111,239,11101111,239,True,True
MC200_CMP_XM5_XM6_W8P2524_XM7_XM11_W16P8587_S099_LOW_W4,2,-3.20263e-06;-8.56342e-06;-3.26545e-06;-3.28813e-06;-8.51832e-06;-8.51595e-06;-3.28181e-06;-8.55583e-06,-3.13071e-06;-8.57974e-06;-3.19185e-06;-3.21418e-06;-8.53561e-06;-8.53734e-06;-3.20966e-06;-8.57869e-06,3.3;3.3;-1.74899e-06;-1.74386e-06;3.3;-2.05869e-06;3.3;3.3,-1.69943e-06;-1.94118e-06;3.3;3.3;-1.9091e-06;3.3;-1.60887e-06;-1.9055e-06,RETRY_5NS;RETRY_5NS;RETRY_5NS;RETRY_5NS;RETRY_5NS;RETRY_5NS;RETRY_5NS;RETRY_5NS,8,8,11001011,203,52,1100101,7,202,52,203,INFERRED_AT_DAC_BRIDGE_OUTPUT,11001011,203,11001011,203,11001011,203,11001011,203,True,True
MC200_CMP_XM5_XM6_W8P2524_XM7_XM11_W16P8587_S099_LOW_W4,3,-3.0188e-06;-7.59406e-06;-3.36255e-06;-3.13592e-06;-8.31906e-06;-8.32099e-06;-3.12656e-06;-8.35952e-06,-2.94868e-06;-7.6252e-06;-3.29261e-06;-3.06393e-06;-8.33007e-06;-8.3281e-06;-3.05518e-06;-8.37016e-06,3.3;-2.10563e-06;-1.74372e-06;-1.73252e-06;-2.04821e-06;3.3;-1.72152e-06;3.3,-1.67411e-06;3.3;3.3;3.3;3.3;-1.88648e-06;3.3;-1.88503e-06,RETRY_5NS;RETRY_5NS;RETRY_5NS;RETRY_5NS;RETRY_5NS;RETRY_5NS;RETRY_5NS;RETRY_5NS,8,8,10000101,133,122,1000010,7,132,122,133,INFERRED_AT_DAC_BRIDGE_OUTPUT,10000101,133,10000101,133,10000101,133,10000101,133,True,True
MC200_CMP_XM5_XM6_W8P2524_XM7_XM11_W16P8587_S099_LOW_W4,64,-3.3158e-06;-8.60866e-06;-3.1086e-06;-3.32254e-06;-9.22556e-06;-8.55796e-06;-3.1829e-06;-8.24248e-06,-3.24396e-06;-8.62471e-06;-3.03757e-06;-3.25039e-06;-9.20699e-06;-8.57746e-06;-3.1125e-06;-8.24461e-06,3.3;3.3;-1.72218e-06;3.3;3.3;3.3;3.3;3.3,-1.71256e-06;-1.94986e-06;3.3;-1.61997e-06;-1.8866e-06;-1.91405e-06;-1.598e-06;-1.8785e-06,RETRY_5NS;RETRY_5NS;RETRY_5NS;RETRY_5NS;RETRY_5NS;RETRY_5NS;RETRY_5NS;RETRY_5NS,8,8,11011111,223,32,1101111,7,222,32,223,INFERRED_AT_DAC_BRIDGE_OUTPUT,11011111,223,11011111,223,11011111,223,11011111,223,True,True
MC200_CMP_XM5_XM6_W8P2524_XM7_XM11_W16P8587_S099_LOW_W4,65,-3.27669e-06;-8.65e-06;-3.34841e-06;-3.349e-06;-8.28456e-06;-8.5969e-06;-3.18832e-06;-8.28101e-06,-3.20389e-06;-8.66795e-06;-3.27675e-06;-3.27501e-06;-8.28586e-06;-8.61918e-06;-3.11727e-06;-8.28673e-06,3.3;3.3;3.3;-1.74595e-06;3.3;3.3;3.3;3.3,-1.72681e-06;-1.95838e-06;-1.61438e-06;3.3;-1.89116e-06;-1.91654e-06;-1.59807e-06;-1.91348e-06,RETRY_5NS;RETRY_5NS;RETRY_5NS;RETRY_5NS;RETRY_5NS;RETRY_5NS;RETRY_5NS;RETRY_5NS,8,8,11101111,239,16,1110111,7,238,16,239,INFERRED_AT_DAC_BRIDGE_OUTPUT,11101111,239,11101111,239,11101111,239,11101111,239,True,True
MC200_CMP_XM5_XM6_W8P2524_XM7_XM11_W16P8587_S099_LOW_W4,66,-3.3274e-06;-8.71931e-06;-3.13702e-06;-3.41223e-06;-8.36146e-06;-8.67275e-06;-3.25068e-06;-8.35961e-06,-3.25396e-06;-8.74509e-06;-3.06374e-06;-3.33676e-06;-8.36909e-06;-8.70415e-06;-3.17892e-06;-8.37012e-06,3.3;3.3;-1.7427e-06;-1.75788e-06;3.3;-2.07632e-06;3.3;3.3,-1.7127e-06;-1.95671e-06;3.3;3.3;-1.89434e-06;3.3;-1.6041e-06;-1.88736e-06,RETRY_5NS;RETRY_5NS;RETRY_5NS;RETRY_5NS;RETRY_5NS;RETRY_5NS;RETRY_5NS;RETRY_5NS,8,8,11001011,203,52,1100101,7,202,52,203,INFERRED_AT_DAC_BRIDGE_OUTPUT,11001011,203,11001011,203,11001011,203,11001011,203,True,True
MC200_CMP_XM5_XM6_W8P2524_XM7_XM11_W16P8587_S099_LOW_W4,67,-3.14566e-06;-8.52494e-06;-3.24497e-06;-3.25959e-06;-8.16247e-06;-8.47783e-06;-3.09542e-06;-8.16332e-06,-3.07401e-06;-8.5559e-06;-3.17583e-06;-3.18609e-06;-8.16327e-06;-8.49487e-06;-3.02441e-06;-8.16157e-06,3.3;-2.11268e-06;-1.73434e-06;-1.74458e-06;-2.03216e-06;3.3;-1.71869e-06;3.3,-1.68702e-06;3.3;3.3;3.3;3.3;-1.90167e-06;3.3;-1.86512e-06,RETRY_5NS;RETRY_5NS;RETRY_5NS;RETRY_5NS;RETRY_5NS;RETRY_5NS;RETRY_5NS;RETRY_5NS,8,8,10000101,133,122,1000010,7,132,122,133,INFERRED_AT_DAC_BRIDGE_OUTPUT,10000101,133,10000101,133,10000101,133,10000101,133,True,True
MC200_CMP_XM5_XM6_W8P2524_XM7_XM11_W16P8587_S100_LOW_W4,0,-3.02096e-06;-8.35251e-06;-3.11767e-06;-3.11602e-06;-8.29328e-06;-8.29312e-06;-3.10252e-06;-8.33361e-06,-2.94872e-06;-8.33182e-06;-3.04489e-06;-3.04184e-06;-8.28249e-06;-8.28084e-06;-3.02881e-06;-8.32231e-06,3.3;3.3;3.3;-1.6565e-06;-1.95927e-06;-1.95733e-06;-1.64687e-06;-1.95581e-06,-1.7421e-06;-1.98663e-06;-1.64514e-06;3.3;3.3;3.3;3.3;3.3,RETRY_5NS;RETRY_5NS;RETRY_5NS;RETRY_5NS;RETRY_5NS;RETRY_5NS;RETRY_5NS;RETRY_5NS,8,8,11100000,224,31,1110000,7,224,30,224,INFERRED_AT_DAC_BRIDGE_OUTPUT,11100000,224,11100000,224,11100000,224,11100000,224,True,True
MC200_CMP_XM5_XM6_W8P2524_XM7_XM11_W16P8587_S100_LOW_W4,1,-3.09288e-06;-8.43571e-06;-3.00398e-06;-3.16935e-06;-8.37815e-06;-8.37647e-06;-3.16265e-06;-9.29555e-06,-3.0192e-06;-8.42029e-06;-2.92991e-06;-3.09464e-06;-8.3642e-06;-8.36416e-06;-3.0886e-06;-9.26174e-06,3.3;3.3;3.3;-1.65277e-06;3.3;3.3;3.3;3.3,-1.76243e-06;-1.99795e-06;-1.65662e-06;3.3;-1.96183e-06;-1.95816e-06;-1.64756e-06;-1.95296e-06,RETRY_5NS;RETRY_5NS;RETRY_5NS;RETRY_5NS;RETRY_5NS;RETRY_5NS;RETRY_5NS;RETRY_5NS,8,8,11101111,239,16,1110111,7,238,16,239,INFERRED_AT_DAC_BRIDGE_OUTPUT,11101111,239,11101111,239,11101111,239,11101111,239,True,True
MC200_CMP_XM5_XM6_W8P2524_XM7_XM11_W16P8587_S100_LOW_W4,2,-3.10863e-06;-8.1313e-06;-3.21866e-06;-3.20092e-06;-7.63623e-06;-8.4149e-06;-3.19285e-06;-8.45542e-06,-3.03436e-06;-8.12475e-06;-3.14226e-06;-3.12447e-06;-7.64517e-06;-8.40806e-06;-3.11847e-06;-8.45096e-06,3.3;3.3;-1.67087e-06;-1.66139e-06;3.3;-1.95764e-06;3.3;3.3,-1.7435e-06;-1.99901e-06;3.3;3.3;-1.97019e-06;3.3;-1.65094e-06;-1.95847e-06,RETRY_5NS;RETRY_5NS;RETRY_5NS;RETRY_5NS;RETRY_5NS;RETRY_5NS;RETRY_5NS;RETRY_5NS,8,8,11001011,203,52,1100101,7,202,52,203,INFERRED_AT_DAC_BRIDGE_OUTPUT,11001011,203,11001011,203,11001011,203,11001011,203,True,True
MC200_CMP_XM5_XM6_W8P2524_XM7_XM11_W16P8587_S100_LOW_W4,3,-3.01531e-06;-8.38894e-06;-2.95833e-06;-3.14343e-06;-8.33361e-06;-7.83712e-06;-3.13245e-06;-8.37487e-06,-2.9426e-06;-8.38846e-06;-2.88312e-06;-3.06833e-06;-8.32304e-06;-7.83714e-06;-3.05857e-06;-8.36452e-06,3.3;-2.00706e-06;-1.65811e-06;-1.65869e-06;-1.96001e-06;3.3;-1.64435e-06;3.3,-1.7292e-06;3.3;3.3;3.3;3.3;-1.95669e-06;3.3;-1.95091e-06,RETRY_5NS;RETRY_5NS;RETRY_5NS;RETRY_5NS;RETRY_5NS;RETRY_5NS;RETRY_5NS;RETRY_5NS,8,8,10000101,133,122,1000010,7,132,122,133,INFERRED_AT_DAC_BRIDGE_OUTPUT,10000101,133,10000101,133,10000101,133,10000101,133,True,True
MC200_CMP_XM5_XM6_W8P2524_XM7_XM11_W16P8587_S100_LOW_W4,64,-3.14267e-06;-8.51234e-06;-3.02745e-06;-3.23602e-06;-7.93408e-06;-8.45743e-06;-3.07147e-06;-8.13369e-06,-3.06745e-06;-8.50292e-06;-2.95687e-06;-3.16055e-06;-7.90663e-06;-8.45048e-06;-3.00009e-06;-8.10505e-06,3.3;3.3;-1.63707e-06;3.3;3.3;3.3;3.3;3.3,-1.75525e-06;-2.00221e-06;3.3;-1.66291e-06;-1.94071e-06;-1.96651e-06;-1.63953e-06;-1.93124e-06,RETRY_5NS;RETRY_5NS;RETRY_5NS;RETRY_5NS;RETRY_5NS;RETRY_5NS;RETRY_5NS;RETRY_5NS,8,8,11011111,223,32,1101111,7,222,32,223,INFERRED_AT_DAC_BRIDGE_OUTPUT,11011111,223,11011111,223,11011111,223,11011111,223,True,True
MC200_CMP_XM5_XM6_W8P2524_XM7_XM11_W16P8587_S100_LOW_W4,65,-3.2137e-06;-8.59517e-06;-3.09542e-06;-3.29027e-06;-8.21719e-06;-8.53748e-06;-3.13251e-06;-8.10826e-06,-3.13702e-06;-8.59101e-06;-3.02351e-06;-3.21261e-06;-8.19172e-06;-8.53681e-06;-3.05884e-06;-8.0881e-06,3.3;3.3;3.3;-1.66572e-06;3.3;3.3;3.3;3.3,-1.77619e-06;-2.01344e-06;-1.65104e-06;3.3;-1.94465e-06;-1.97278e-06;-1.64413e-06;-1.97088e-06,RETRY_5NS;RETRY_5NS;RETRY_5NS;RETRY_5NS;RETRY_5NS;RETRY_5NS;RETRY_5NS;RETRY_5NS,8,8,11101111,239,16,1110111,7,238,16,239,INFERRED_AT_DAC_BRIDGE_OUTPUT,11101111,239,11101111,239,11101111,239,11101111,239,True,True
MC200_CMP_XM5_XM6_W8P2524_XM7_XM11_W16P8587_S100_LOW_W4,66,-3.23051e-06;-8.98279e-06;-3.12889e-06;-3.32183e-06;-7.69878e-06;-8.57571e-06;-3.16285e-06;-8.25429e-06,-3.15325e-06;-8.97572e-06;-3.05472e-06;-3.24243e-06;-7.69146e-06;-8.58095e-06;-3.08853e-06;-8.23477e-06,3.3;3.3;-1.66151e-06;-1.67358e-06;3.3;-1.97199e-06;3.3;3.3,-1.75614e-06;-2.00893e-06;3.3;3.3;-1.95573e-06;3.3;-1.64829e-06;-1.94095e-06,RETRY_5NS;RETRY_5NS;RETRY_5NS;RETRY_5NS;RETRY_5NS;RETRY_5NS;RETRY_5NS;RETRY_5NS,8,8,11001011,203,52,1100101,7,202,52,203,INFERRED_AT_DAC_BRIDGE_OUTPUT,11001011,203,11001011,203,11001011,203,11001011,203,True,True
MC200_CMP_XM5_XM6_W8P2524_XM7_XM11_W16P8587_S100_LOW_W4,67,-3.13934e-06;-8.54742e-06;-3.22058e-06;-3.26404e-06;-8.17291e-06;-7.95157e-06;-3.10213e-06;-8.17367e-06,-3.06362e-06;-8.55981e-06;-3.14846e-06;-3.18594e-06;-8.15039e-06;-7.95739e-06;-3.02895e-06;-8.14834e-06,3.3;-2.02295e-06;-1.65991e-06;-1.67164e-06;-1.94487e-06;3.3;-1.64313e-06;3.3,-1.74281e-06;3.3;3.3;3.3;3.3;-1.97015e-06;3.3;-1.93215e-06,RETRY_5NS;RETRY_5NS;RETRY_5NS;RETRY_5NS;RETRY_5NS;RETRY_5NS;RETRY_5NS;RETRY_5NS,8,8,10000101,133,122,1000010,7,132,122,133,INFERRED_AT_DAC_BRIDGE_OUTPUT,10000101,133,10000101,133,10000101,133,10000101,133,True,True
MC200_CMP_XM5_XM6_W8P2524_XM7_XM11_W16P8587_S101_LOW_W4,0,-3.1612e-06;-8.53615e-06;-3.25421e-06;-3.25226e-06;-8.47817e-06;-8.4787e-06;-3.42205e-06;-8.51937e-06,-3.19332e-06;-8.49622e-06;-3.28671e-06;-3.28353e-06;-8.4544e-06;-8.45227e-06;-3.45305e-06;-8.48896e-06,3.3;3.3;3.3;-1.67582e-06;-1.98283e-06;-1.97914e-06;-1.66376e-06;-1.97066e-06,-1.78403e-06;-2.03489e-06;-1.68585e-06;3.3;3.3;3.3;3.3;3.3,RETRY_5NS;RETRY_5NS;RETRY_5NS;RETRY_5NS;RETRY_5NS;RETRY_5NS;RETRY_5NS;RETRY_5NS,8,8,11100000,224,31,1110000,7,224,30,224,INFERRED_AT_DAC_BRIDGE_OUTPUT,11100000,224,11100000,224,11100000,224,11100000,224,True,True
MC200_CMP_XM5_XM6_W8P2524_XM7_XM11_W16P8587_S101_LOW_W4,1,-3.1413e-06;-8.68177e-06;-3.31235e-06;-3.21568e-06;-8.44364e-06;-8.44206e-06;-3.20952e-06;-8.18241e-06,-3.17338e-06;-8.64477e-06;-3.34755e-06;-3.24781e-06;-8.41116e-06;-8.41121e-06;-3.24229e-06;-8.15064e-06,3.3;3.3;3.3;-1.65789e-06;3.3;3.3;3.3;3.3,-1.79603e-06;-2.03382e-06;-1.69511e-06;3.3;-1.99708e-06;-1.99391e-06;-1.67877e-06;-1.99312e-06,RETRY_5NS;RETRY_5NS;RETRY_5NS;RETRY_5NS;RETRY_5NS;RETRY_5NS;RETRY_5NS;RETRY_5NS,8,8,11101111,239,16,1110111,7,238,16,239,INFERRED_AT_DAC_BRIDGE_OUTPUT,11101111,239,11101111,239,11101111,239,11101111,239,True,True
MC200_CMP_XM5_XM6_W8P2524_XM7_XM11_W16P8587_S101_LOW_W4,2,-3.12714e-06;-8.4899e-06;-3.23351e-06;-3.21689e-06;-8.44219e-06;-8.43971e-06;-3.21005e-06;-8.47927e-06,-3.15913e-06;-8.45408e-06;-3.26474e-06;-3.24798e-06;-8.4111e-06;-8.41223e-06;-3.24154e-06;-8.45082e-06,3.3;3.3;-1.67631e-06;-1.6661e-06;3.3;3.3;-1.66266e-06;-1.97205e-06,-1.77169e-06;-2.02846e-06;3.3;3.3;-1.99461e-06;-1.98435e-06;3.3;3.3,RETRY_5NS;RETRY_5NS;RETRY_5NS;RETRY_5NS;RETRY_5NS;RETRY_5NS;RETRY_5NS;RETRY_5NS,8,8,11001100,204,51,1100110,7,204,50,204,INFERRED_AT_DAC_BRIDGE_OUTPUT,11001100,204,11001100,204,11001100,204,11001100,204,True,True
MC200_CMP_XM5_XM6_W8P2524_XM7_XM11_W16P8587_S101_LOW_W4,3,-3.00355e-06;-8.37333e-06;-3.09867e-06;-3.12853e-06;-8.31906e-06;-8.32084e-06;-3.11788e-06;-8.35927e-06,-3.03447e-06;-8.35871e-06;-3.12969e-06;-3.15874e-06;-8.2985e-06;-8.2969e-06;-3.14931e-06;-8.33603e-06,3.3;-2.01096e-06;-1.6665e-06;-1.66076e-06;-1.9616e-06;3.3;3.3;-1.96289e-06,-1.75332e-06;3.3;3.3;3.3;3.3;-1.97917e-06;-1.65613e-06;3.3,RETRY_5NS;RETRY_5NS;RETRY_5NS;RETRY_5NS;RETRY_5NS;RETRY_5NS;RETRY_5NS;RETRY_5NS,8,8,10000110,134,121,1000011,7,134,120,134,INFERRED_AT_DAC_BRIDGE_OUTPUT,10000110,134,10000110,134,10000110,134,10000110,134,True,True
MC200_CMP_XM5_XM6_W8P2524_XM7_XM11_W16P8587_S101_LOW_W4,64,-3.28379e-06;-8.69494e-06;-3.16322e-06;-3.37385e-06;-8.31876e-06;-8.63839e-06;-3.02365e-06;-8.31951e-06,-3.31684e-06;-8.64756e-06;-3.19505e-06;-3.40602e-06;-8.30119e-06;-8.60544e-06;-3.05659e-06;-8.29735e-06,3.3;3.3;3.3;-1.68854e-06;-1.96752e-06;-1.99451e-06;-1.65794e-06;-1.95143e-06,-1.79773e-06;-2.05079e-06;-1.67604e-06;3.3;3.3;3.3;3.3;3.3,RETRY_5NS;RETRY_5NS;RETRY_5NS;RETRY_5NS;RETRY_5NS;RETRY_5NS;RETRY_5NS;RETRY_5NS,8,8,11100000,224,31,1110000,7,224,30,224,INFERRED_AT_DAC_BRIDGE_OUTPUT,11100000,224,11100000,224,11100000,224,11100000,224,True,True
MC200_CMP_XM5_XM6_W8P2524_XM7_XM11_W16P8587_S101_LOW_W4,65,-3.26307e-06;-7.53868e-06;-3.33076e-06;-3.33759e-06;-8.28374e-06;-8.60195e-06;-3.17893e-06;-8.99251e-06,-3.29608e-06;-7.48297e-06;-3.36246e-06;-3.37064e-06;-8.25842e-06;-8.56414e-06;-3.21149e-06;-8.97835e-06,3.3;3.3;3.3;-1.67006e-06;3.3;3.3;3.3;3.3,-1.80924e-06;-2.05932e-06;-1.69006e-06;3.3;-1.9819e-06;-2.00789e-06;-1.67525e-06;-2.00556e-06,RETRY_5NS;RETRY_5NS;RETRY_5NS;RETRY_5NS;RETRY_5NS;RETRY_5NS;RETRY_5NS;RETRY_5NS,8,8,11101111,239,16,1110111,7,238,16,239,INFERRED_AT_DAC_BRIDGE_OUTPUT,11101111,239,11101111,239,11101111,239,11101111,239,True,True
MC200_CMP_XM5_XM6_W8P2524_XM7_XM11_W16P8587_S101_LOW_W4,66,-3.24984e-06;-8.64879e-06;-3.14312e-06;-3.33883e-06;-8.28226e-06;-8.59951e-06;-3.17945e-06;-8.2794e-06,-3.28275e-06;-8.60567e-06;-3.17369e-06;-3.37085e-06;-8.25828e-06;-8.56536e-06;-3.2107e-06;-8.25924e-06,3.3;3.3;-1.66662e-06;-1.67951e-06;3.3;3.3;-1.6597e-06;-1.95159e-06,-1.78506e-06;-2.04259e-06;3.3;3.3;-1.97903e-06;-1.99949e-06;3.3;3.3,RETRY_5NS;RETRY_5NS;RETRY_5NS;RETRY_5NS;RETRY_5NS;RETRY_5NS;RETRY_5NS;RETRY_5NS,8,8,11001100,204,51,1100110,7,204,50,204,INFERRED_AT_DAC_BRIDGE_OUTPUT,11001100,204,11001100,204,11001100,204,11001100,204,True,True
MC200_CMP_XM5_XM6_W8P2524_XM7_XM11_W16P8587_S101_LOW_W4,67,-3.12838e-06;-8.53086e-06;-3.10247e-06;-3.25027e-06;-8.15936e-06;-8.48066e-06;-3.08727e-06;-8.15946e-06,-3.16022e-06;-8.51039e-06;-3.13208e-06;-3.28137e-06;-8.14555e-06;-8.44998e-06;-3.11847e-06;-8.14436e-06,3.3;-2.02598e-06;-1.66016e-06;-1.67387e-06;-1.94765e-06;3.3;3.3;-1.94338e-06,-1.76641e-06;3.3;3.3;3.3;3.3;-1.99516e-06;-1.64849e-06;3.3,RETRY_5NS;RETRY_5NS;RETRY_5NS;RETRY_5NS;RETRY_5NS;RETRY_5NS;RETRY_5NS;RETRY_5NS,8,8,10000110,134,121,1000011,7,134,120,134,INFERRED_AT_DAC_BRIDGE_OUTPUT,10000110,134,10000110,134,10000110,134,10000110,134,True,True
MC200_CMP_XM5_XM6_W8P2524_XM7_XM11_W16P8587_S102_LOW_W4,0,-2.94208e-06;-8.26422e-06;-3.03907e-06;-3.03669e-06;-8.48475e-06;-8.20294e-06;-3.02265e-06;-8.24474e-06,-3.05307e-06;-8.22939e-06;-3.15208e-06;-3.14818e-06;-8.47689e-06;-8.18331e-06;-3.1348e-06;-8.21756e-06,3.3;3.3;3.3;-1.67567e-06;-1.97722e-06;-1.9767e-06;-1.66081e-06;3.3,-1.82859e-06;-2.08475e-06;-1.73208e-06;3.3;3.3;3.3;3.3;-2.04453e-06,RETRY_5NS;RETRY_5NS;RETRY_5NS;RETRY_5NS;RETRY_5NS;RETRY_5NS;RETRY_5NS;RETRY_5NS,8,8,11100001,225,30,1110000,7,224,30,225,INFERRED_AT_DAC_BRIDGE_OUTPUT,11100001,225,11100001,225,11100001,225,11100001,225,True,True
MC200_CMP_XM5_XM6_W8P2524_XM7_XM11_W16P8587_S102_LOW_W4,1,-3.16283e-06;-8.55485e-06;-3.25396e-06;-3.23824e-06;-8.49171e-06;-8.49179e-06;-3.23263e-06;-8.53411e-06,-3.28042e-06;-8.48127e-06;-3.37352e-06;-3.35728e-06;-8.43821e-06;-8.43657e-06;-3.35048e-06;-8.47054e-06,3.3;3.3;3.3;3.3;-2.00812e-06;-2.00448e-06;-1.68782e-06;-1.99713e-06,-1.86956e-06;-2.11859e-06;-1.76124e-06;-1.74823e-06;3.3;3.3;3.3;3.3,RETRY_5NS;RETRY_5NS;RETRY_5NS;RETRY_5NS;RETRY_5NS;RETRY_5NS;RETRY_5NS;RETRY_5NS,8,8,11110000,240,15,1111000,7,240,14,240,INFERRED_AT_DAC_BRIDGE_OUTPUT,11110000,240,11110000,240,11110000,240,11110000,240,True,True
MC200_CMP_XM5_XM6_W8P2524_XM7_XM11_W16P8587_S102_LOW_W4,2,-3.08896e-06;-8.46294e-06;-3.19743e-06;-3.17987e-06;-8.41302e-06;-8.41087e-06;-3.17267e-06;-8.45147e-06,-3.20464e-06;-8.40274e-06;-3.31362e-06;-3.29559e-06;-8.3611e-06;-8.36177e-06;-3.28875e-06;-8.39819e-06,3.3;3.3;-1.69664e-06;-1.68409e-06;3.3;3.3;-1.68005e-06;3.3,-1.83975e-06;-2.10224e-06;3.3;3.3;-2.06909e-06;-2.06244e-06;3.3;-2.05992e-06,RETRY_5NS;RETRY_5NS;RETRY_5NS;RETRY_5NS;RETRY_5NS;RETRY_5NS;RETRY_5NS;RETRY_5NS,8,8,11001101,205,50,1100110,7,204,50,205,INFERRED_AT_DAC_BRIDGE_OUTPUT,11001101,205,11001101,205,11001101,205,11001101,205,True,True
MC200_CMP_XM5_XM6_W8P2524_XM7_XM11_W16P8587_S102_LOW_W4,3,-2.99552e-06;-8.38358e-06;-3.25686e-06;-3.12332e-06;-8.32704e-06;-9.14619e-06;-3.10911e-06;-8.36866e-06,-3.10868e-06;-8.35004e-06;-3.37244e-06;-3.23711e-06;-8.29084e-06;-9.1395e-06;-3.22479e-06;-8.32606e-06,3.3;-2.03616e-06;-1.69308e-06;-1.6838e-06;-1.98371e-06;3.3;3.3;-1.97555e-06,-1.82315e-06;3.3;3.3;3.3;3.3;-2.05197e-06;-1.73274e-06;3.3,RETRY_5NS;RETRY_5NS;RETRY_5NS;RETRY_5NS;RETRY_5NS;RETRY_5NS;RETRY_5NS;RETRY_5NS,8,8,10000110,134,121,1000011,7,134,120,134,INFERRED_AT_DAC_BRIDGE_OUTPUT,10000110,134,10000110,134,10000110,134,10000110,134,True,True
MC200_CMP_XM5_XM6_W8P2524_XM7_XM11_W16P8587_S102_LOW_W4,64,-3.06235e-06;-8.42849e-06;-2.9501e-06;-3.1554e-06;-8.88126e-06;-8.36824e-06;-2.99295e-06;-8.0378e-06,-3.17692e-06;-8.37172e-06;-3.06048e-06;-3.27039e-06;-8.91529e-06;-8.32764e-06;-3.10371e-06;-8.03709e-06,3.3;3.3;3.3;-1.68687e-06;-1.95994e-06;-1.99178e-06;-1.65962e-06;3.3,-1.84215e-06;-2.10046e-06;-1.72204e-06;3.3;3.3;3.3;3.3;-2.0248e-06,RETRY_5NS;RETRY_5NS;RETRY_5NS;RETRY_5NS;RETRY_5NS;RETRY_5NS;RETRY_5NS;RETRY_5NS,8,8,11100001,225,30,1110000,7,224,30,225,INFERRED_AT_DAC_BRIDGE_OUTPUT,11100001,225,11100001,225,11100001,225,11100001,225,True,True
MC200_CMP_XM5_XM6_W8P2524_XM7_XM11_W16P8587_S102_LOW_W4,65,-3.28202e-06;-8.71886e-06;-3.16548e-06;-3.35771e-06;-8.3267e-06;-8.65698e-06;-3.20269e-06;-8.32724e-06,-3.40317e-06;-8.62329e-06;-3.28237e-06;-3.47987e-06;-8.29388e-06;-8.58107e-06;-3.31965e-06;-8.29004e-06,3.3;3.3;3.3;3.3;-1.99239e-06;-2.02018e-06;-1.68479e-06;-2.01704e-06,-1.88377e-06;-2.13525e-06;-1.75077e-06;-1.75975e-06;3.3;3.3;3.3;3.3,RETRY_5NS;RETRY_5NS;RETRY_5NS;RETRY_5NS;RETRY_5NS;RETRY_5NS;RETRY_5NS;RETRY_5NS,8,8,11110000,240,15,1111000,7,240,14,240,INFERRED_AT_DAC_BRIDGE_OUTPUT,11110000,240,11110000,240,11110000,240,11110000,240,True,True
MC200_CMP_XM5_XM6_W8P2524_XM7_XM11_W16P8587_S102_LOW_W4,66,-3.20891e-06;-8.62734e-06;-3.10879e-06;-3.29919e-06;-8.24751e-06;-8.57629e-06;-3.14274e-06;-8.24458e-06,-3.32817e-06;-8.54538e-06;-3.22236e-06;-3.41846e-06;-8.21715e-06;-8.50603e-06;-3.25793e-06;-8.21774e-06,3.3;3.3;-1.68563e-06;-1.69701e-06;3.3;3.3;-1.67752e-06;3.3,-1.85301e-06;-2.11863e-06;3.3;3.3;-2.05221e-06;-2.07767e-06;3.3;-2.03751e-06,RETRY_5NS;RETRY_5NS;RETRY_5NS;RETRY_5NS;RETRY_5NS;RETRY_5NS;RETRY_5NS;RETRY_5NS,8,8,11001101,205,50,1100110,7,204,50,205,INFERRED_AT_DAC_BRIDGE_OUTPUT,11001101,205,11001101,205,11001101,205,11001101,205,True,True
MC200_CMP_XM5_XM6_W8P2524_XM7_XM11_W16P8587_S102_LOW_W4,67,-3.11787e-06;-8.54669e-06;-3.23563e-06;-3.24247e-06;-7.6499e-06;-8.08183e-06;-3.24117e-06;-8.16177e-06,-3.23465e-06;-8.49278e-06;-3.34713e-06;-3.35978e-06;-7.61694e-06;-7.98848e-06;-3.35478e-06;-8.14559e-06,3.3;-2.05235e-06;-1.68565e-06;-1.6953e-06;-1.9787e-06;3.3;3.3;-1.96215e-06,-1.83768e-06;3.3;3.3;3.3;3.3;-2.08371e-06;-1.73033e-06;3.3,RETRY_5NS;RETRY_5NS;RETRY_5NS;RETRY_5NS;RETRY_5NS;RETRY_5NS;RETRY_5NS;RETRY_5NS,8,8,10000110,134,121,1000011,7,134,120,134,INFERRED_AT_DAC_BRIDGE_OUTPUT,10000110,134,10000110,134,10000110,134,10000110,134,True,True
MC200_CMP_XM5_XM6_W8P2524_XM7_XM11_W16P8587_S103_LOW_W4,0,-3.1285e-06;-7.61651e-06;-3.21785e-06;-3.21575e-06;-8.41547e-06;-8.41608e-06;-3.2049e-06;-8.45621e-06,-3.14257e-06;-7.59235e-06;-3.23227e-06;-3.22892e-06;-8.4083e-06;-8.40642e-06;-3.219e-06;-8.44302e-06,3.3;3.3;3.3;-1.66275e-06;-1.96724e-06;-1.96194e-06;-1.64606e-06;3.3,-1.80905e-06;-2.07145e-06;-1.71148e-06;3.3;3.3;3.3;3.3;-2.02219e-06,RETRY_5NS;RETRY_5NS;RETRY_5NS;RETRY_5NS;RETRY_5NS;RETRY_5NS;RETRY_5NS;RETRY_5NS,8,8,11100001,225,30,1110000,7,224,30,225,INFERRED_AT_DAC_BRIDGE_OUTPUT,11100001,225,11100001,225,11100001,225,11100001,225,True,True
MC200_CMP_XM5_XM6_W8P2524_XM7_XM11_W16P8587_S103_LOW_W4,1,-3.16948e-06;-9.23686e-06;-3.25523e-06;-3.43466e-06;-8.4543e-06;-8.45458e-06;-3.23636e-06;-8.49469e-06,-3.18382e-06;-9.21755e-06;-3.27035e-06;-3.44894e-06;-8.44693e-06;-8.44552e-06;-3.25006e-06;-8.48178e-06,3.3;3.3;3.3;3.3;-1.97187e-06;-1.96834e-06;-1.65276e-06;3.3,-1.82913e-06;-2.07158e-06;-1.72069e-06;-1.71369e-06;3.3;3.3;3.3;-2.0179e-06,RETRY_5NS;RETRY_5NS;RETRY_5NS;RETRY_5NS;RETRY_5NS;RETRY_5NS;RETRY_5NS;RETRY_5NS,8,8,11110001,241,14,1111000,7,240,14,241,INFERRED_AT_DAC_BRIDGE_OUTPUT,11110001,241,11110001,241,11110001,241,11110001,241,True,True
MC200_CMP_XM5_XM6_W8P2524_XM7_XM11_W16P8587_S103_LOW_W4,2,-3.06311e-06;-8.38786e-06;-2.99939e-06;-3.14878e-06;-9.3382e-06;-8.33963e-06;-3.14276e-06;-7.95729e-06,-3.07729e-06;-8.37007e-06;-3.01294e-06;-3.1625e-06;-9.32785e-06;-8.32798e-06;-3.15627e-06;-7.9452e-06,3.3;3.3;-1.65581e-06;-1.65045e-06;3.3;3.3;-1.64289e-06;3.3,-1.7939e-06;-2.05315e-06;3.3;3.3;-2.01031e-06;-2.01337e-06;3.3;-2.01348e-06,RETRY_5NS;RETRY_5NS;RETRY_5NS;RETRY_5NS;RETRY_5NS;RETRY_5NS;RETRY_5NS;RETRY_5NS,8,8,11001101,205,50,1100110,7,204,50,205,INFERRED_AT_DAC_BRIDGE_OUTPUT,11001101,205,11001101,205,11001101,205,11001101,205,True,True
MC200_CMP_XM5_XM6_W8P2524_XM7_XM11_W16P8587_S103_LOW_W4,3,-3.00218e-06;-8.35072e-06;-2.94382e-06;-3.12071e-06;-8.09541e-06;-8.54677e-06;-2.93555e-06;-8.33874e-06,-3.01599e-06;-8.34945e-06;-2.95741e-06;-3.13346e-06;-8.08648e-06;-8.53483e-06;-2.95054e-06;-8.32849e-06,3.3;-1.99957e-06;-1.65257e-06;-1.65112e-06;-1.94837e-06;3.3;3.3;-1.94262e-06,-1.78193e-06;3.3;3.3;3.3;3.3;-2.01105e-06;-1.68804e-06;3.3,RETRY_5NS;RETRY_5NS;RETRY_5NS;RETRY_5NS;RETRY_5NS;RETRY_5NS;RETRY_5NS;RETRY_5NS,8,8,10000110,134,121,1000011,7,134,120,134,INFERRED_AT_DAC_BRIDGE_OUTPUT,10000110,134,10000110,134,10000110,134,10000110,134,True,True
MC200_CMP_XM5_XM6_W8P2524_XM7_XM11_W16P8587_S103_LOW_W4,64,-3.25344e-06;-1.01156e-05;-3.12509e-06;-3.33965e-06;-8.26003e-06;-8.57184e-06;-3.17372e-06;-8.26144e-06,-3.26774e-06;-1.00968e-05;-3.13935e-06;-3.35306e-06;-8.25509e-06;-8.55955e-06;-3.18775e-06;-8.2513e-06,3.3;3.3;3.3;-1.67526e-06;-1.95178e-06;-1.97818e-06;-1.64499e-06;3.3,-1.82241e-06;-2.07392e-06;-1.70237e-06;3.3;3.3;3.3;3.3;-2.00305e-06,RETRY_5NS;RETRY_5NS;RETRY_5NS;RETRY_5NS;RETRY_5NS;RETRY_5NS;RETRY_5NS;RETRY_5NS,8,8,11100001,225,30,1110000,7,224,30,225,INFERRED_AT_DAC_BRIDGE_OUTPUT,11100001,225,11100001,225,11100001,225,11100001,225,True,True
MC200_CMP_XM5_XM6_W8P2524_XM7_XM11_W16P8587_S103_LOW_W4,65,-3.29358e-06;-8.49911e-06;-3.16286e-06;-3.68033e-06;-8.29887e-06;-8.61023e-06;-3.20518e-06;-8.29979e-06,-3.30815e-06;-8.47366e-06;-3.17779e-06;-3.69479e-06;-8.29366e-06;-8.59871e-06;-3.21879e-06;-8.29015e-06,3.3;3.3;3.3;3.3;-1.95667e-06;-1.98278e-06;-1.65029e-06;3.3,-1.8428e-06;-2.08967e-06;-1.71145e-06;-1.72024e-06;3.3;3.3;3.3;-2.03414e-06,RETRY_5NS;RETRY_5NS;RETRY_5NS;RETRY_5NS;RETRY_5NS;RETRY_5NS;RETRY_5NS;RETRY_5NS,8,8,11110001,241,14,1111000,7,240,14,241,INFERRED_AT_DAC_BRIDGE_OUTPUT,11110001,241,11110001,241,11110001,241,11110001,241,True,True
MC200_CMP_XM5_XM6_W8P2524_XM7_XM11_W16P8587_S103_LOW_W4,66,-3.18796e-06;-8.54278e-06;-3.07242e-06;-3.27302e-06;-7.73094e-06;-8.49545e-06;-3.11134e-06;-8.18296e-06,-3.20238e-06;-8.52178e-06;-3.08542e-06;-3.28705e-06;-7.71757e-06;-8.48118e-06;-3.12524e-06;-8.17503e-06,3.3;3.3;-1.65123e-06;-1.66343e-06;3.3;3.3;-1.63907e-06;3.3,-1.80816e-06;-2.06926e-06;3.3;3.3;-2.0106e-06;-2.02827e-06;3.3;-1.99251e-06,RETRY_5NS;RETRY_5NS;RETRY_5NS;RETRY_5NS;RETRY_5NS;RETRY_5NS;RETRY_5NS;RETRY_5NS,8,8,11001101,205,50,1100110,7,204,50,205,INFERRED_AT_DAC_BRIDGE_OUTPUT,11001101,205,11001101,205,11001101,205,11001101,205,True,True
MC200_CMP_XM5_XM6_W8P2524_XM7_XM11_W16P8587_S103_LOW_W4,67,-3.12919e-06;-8.50432e-06;-2.81914e-06;-3.24489e-06;-8.14362e-06;-8.69476e-06;-3.09454e-06;-8.14392e-06,-3.14324e-06;-8.50128e-06;-2.83263e-06;-3.25787e-06;-8.13763e-06;-8.67986e-06;-3.10899e-06;-8.13681e-06,3.3;-2.01457e-06;-1.64152e-06;-1.66447e-06;-1.93285e-06;3.3;3.3;3.3,-1.79381e-06;3.3;3.3;3.3;3.3;-2.0262e-06;-1.69028e-06;-1.98316e-06,RETRY_5NS;RETRY_5NS;RETRY_5NS;RETRY_5NS;RETRY_5NS;RETRY_5NS;RETRY_5NS;RETRY_5NS,8,8,10000111,135,120,1000011,7,134,120,135,INFERRED_AT_DAC_BRIDGE_OUTPUT,10000111,135,10000111,135,10000111,135,10000111,135,True,True
MC200_CMP_XM5_XM6_W8P2524_XM7_XM11_W16P8587_S104_LOW_W4,0,-3.079e-06;-9.65547e-06;-3.1784e-06;-3.17655e-06;-8.23144e-06;-8.23122e-06;-3.16242e-06;-8.26745e-06,-3.11597e-06;-9.65889e-06;-3.21564e-06;-3.2129e-06;-8.23689e-06;-8.23524e-06;-3.19897e-06;-8.26826e-06,3.3;3.3;3.3;-1.68022e-06;-1.98638e-06;-1.98406e-06;-1.67161e-06;-1.98207e-06,-1.82211e-06;-2.07812e-06;-1.72394e-06;3.3;3.3;3.3;3.3;3.3,RETRY_5NS;RETRY_5NS;RETRY_5NS;RETRY_5NS;RETRY_5NS;RETRY_5NS;RETRY_5NS;RETRY_5NS,8,8,11100000,224,31,1110000,7,224,30,224,INFERRED_AT_DAC_BRIDGE_OUTPUT,11100000,224,11100000,224,11100000,224,11100000,224,True,True
MC200_CMP_XM5_XM6_W8P2524_XM7_XM11_W16P8587_S104_LOW_W4,1,-2.53556e-06;-7.64752e-06;-2.63476e-06;-2.61382e-06;-7.58597e-06;-7.58427e-06;-2.54371e-06;-7.61794e-06,-2.5692e-06;-7.66524e-06;-2.67688e-06;-2.64685e-06;-7.60764e-06;-7.60654e-06;-2.57809e-06;-7.64063e-06,3.3;3.3;3.3;-1.61406e-06;3.3;3.3;3.3;3.3,-1.7777e-06;-2.01408e-06;-1.67614e-06;3.3;-1.97697e-06;-1.97385e-06;-1.65575e-06;-1.96925e-06,RETRY_5NS;RETRY_5NS;RETRY_5NS;RETRY_5NS;RETRY_5NS;RETRY_5NS;RETRY_5NS;RETRY_5NS,8,8,11101111,239,16,1110111,7,238,16,239,INFERRED_AT_DAC_BRIDGE_OUTPUT,11101111,239,11101111,239,11101111,239,11101111,239,True,True
MC200_CMP_XM5_XM6_W8P2524_XM7_XM11_W16P8587_S104_LOW_W4,2,-2.49328e-06;-7.58568e-06;-2.64019e-06;-2.61523e-06;-7.58468e-06;-7.58262e-06;-2.60382e-06;-7.61817e-06,-2.52707e-06;-7.59822e-06;-2.67337e-06;-2.64784e-06;-7.60706e-06;-7.60681e-06;-2.63818e-06;-7.64065e-06,3.3;3.3;-1.62899e-06;-1.619e-06;3.3;-1.90511e-06;3.3;3.3,-1.75229e-06;-2.01577e-06;3.3;3.3;-1.97271e-06;3.3;-1.66411e-06;-1.97076e-06,RETRY_5NS;RETRY_5NS;RETRY_5NS;RETRY_5NS;RETRY_5NS;RETRY_5NS;RETRY_5NS;RETRY_5NS,8,8,11001011,203,52,1100101,7,202,52,203,INFERRED_AT_DAC_BRIDGE_OUTPUT,11001011,203,11001011,203,11001011,203,11001011,203,True,True
MC200_CMP_XM5_XM6_W8P2524_XM7_XM11_W16P8587_S104_LOW_W4,3,-3.10417e-06;-9.19282e-06;-3.25628e-06;-3.24984e-06;-7.61258e-06;-7.82372e-06;-3.22419e-06;-7.96149e-06,-3.14139e-06;-9.20613e-06;-3.29327e-06;-3.28622e-06;-7.60766e-06;-7.81714e-06;-3.26119e-06;-7.95546e-06,3.3;-2.0327e-06;-1.69062e-06;-1.68609e-06;-1.99954e-06;3.3;-1.67396e-06;3.3,-1.81436e-06;3.3;3.3;3.3;3.3;-2.05187e-06;3.3;-2.05135e-06,RETRY_5NS;RETRY_5NS;RETRY_5NS;RETRY_5NS;RETRY_5NS;RETRY_5NS;RETRY_5NS;RETRY_5NS,8,8,10000101,133,122,1000010,7,132,122,133,INFERRED_AT_DAC_BRIDGE_OUTPUT,10000101,133,10000101,133,10000101,133,10000101,133,True,True
MC200_CMP_XM5_XM6_W8P2524_XM7_XM11_W16P8587_S104_LOW_W4,64,-3.38387e-06;-8.16472e-06;-3.08629e-06;-3.2996e-06;-8.08757e-06;-8.37531e-06;-3.13147e-06;-8.08695e-06,-3.42101e-06;-8.15007e-06;-3.12296e-06;-3.33672e-06;-8.09777e-06;-8.37446e-06;-3.16781e-06;-8.09408e-06,3.3;3.3;3.3;-1.69333e-06;-1.97033e-06;-1.99933e-06;-1.66765e-06;-1.95955e-06,-1.84429e-06;-2.09888e-06;-1.71361e-06;3.3;3.3;3.3;3.3;3.3,RETRY_5NS;RETRY_5NS;RETRY_5NS;RETRY_5NS;RETRY_5NS;RETRY_5NS;RETRY_5NS;RETRY_5NS,8,8,11100000,224,31,1110000,7,224,30,224,INFERRED_AT_DAC_BRIDGE_OUTPUT,11100000,224,11100000,224,11100000,224,11100000,224,True,True
MC200_CMP_XM5_XM6_W8P2524_XM7_XM11_W16P8587_S104_LOW_W4,65,-2.65907e-06;-7.79041e-06;-2.5432e-06;-2.73723e-06;-7.44167e-06;-7.72867e-06;-2.52391e-06;-7.43747e-06,-2.69351e-06;-7.80215e-06;-2.57713e-06;-2.77108e-06;-7.46891e-06;-7.74562e-06;-2.55887e-06;-7.46654e-06,3.3;3.3;3.3;-1.62547e-06;3.3;3.3;3.3;3.3,-1.7916e-06;-2.02943e-06;-1.66631e-06;3.3;-1.96177e-06;-1.9894e-06;-1.65575e-06;-1.98915e-06,RETRY_5NS;RETRY_5NS;RETRY_5NS;RETRY_5NS;RETRY_5NS;RETRY_5NS;RETRY_5NS;RETRY_5NS,8,8,11101111,239,16,1110111,7,238,16,239,INFERRED_AT_DAC_BRIDGE_OUTPUT,11101111,239,11101111,239,11101111,239,11101111,239,True,True
MC200_CMP_XM5_XM6_W8P2524_XM7_XM11_W16P8587_S104_LOW_W4,66,-2.58823e-06;-7.67997e-06;-2.54853e-06;-2.73863e-06;-7.44038e-06;-7.72691e-06;-2.57374e-06;-7.43707e-06,-2.62284e-06;-7.69284e-06;-2.58114e-06;-2.77203e-06;-7.46822e-06;-7.74582e-06;-2.60644e-06;-7.46759e-06,3.3;3.3;-1.61948e-06;-1.63167e-06;3.3;3.3;-1.61299e-06;-1.89621e-06,-1.77108e-06;-2.0252e-06;3.3;3.3;-1.95728e-06;-1.97652e-06;3.3;3.3,RETRY_5NS;RETRY_5NS;RETRY_5NS;RETRY_5NS;RETRY_5NS;RETRY_5NS;RETRY_5NS;RETRY_5NS,8,8,11001100,204,51,1100110,7,204,50,204,INFERRED_AT_DAC_BRIDGE_OUTPUT,11001100,204,11001100,204,11001100,204,11001100,204,True,True
MC200_CMP_XM5_XM6_W8P2524_XM7_XM11_W16P8587_S104_LOW_W4,67,-3.23077e-06;-9.57809e-06;-3.1649e-06;-3.35845e-06;-8.50835e-06;-7.86692e-06;-3.19318e-06;-8.15977e-06,-3.2688e-06;-9.58922e-06;-3.20134e-06;-3.3957e-06;-8.51709e-06;-7.85458e-06;-3.22999e-06;-8.16288e-06,3.3;-2.0479e-06;-1.68131e-06;-1.69857e-06;-1.97137e-06;3.3;-1.66908e-06;3.3,-1.8287e-06;3.3;3.3;3.3;3.3;-2.06737e-06;3.3;-2.0295e-06,RETRY_5NS;RETRY_5NS;RETRY_5NS;RETRY_5NS;RETRY_5NS;RETRY_5NS;RETRY_5NS;RETRY_5NS,8,8,10000101,133,122,1000010,7,132,122,133,INFERRED_AT_DAC_BRIDGE_OUTPUT,10000101,133,10000101,133,10000101,133,10000101,133,True,True
MC200_CMP_XM5_XM6_W8P2524_XM7_XM11_W16P8587_S105_LOW_W4,0,-3.22028e-06;-8.34562e-06;-3.3251e-06;-3.32212e-06;-8.79008e-06;-8.41424e-06;-3.30721e-06;-8.44937e-06,-3.12593e-06;-8.36574e-06;-3.22937e-06;-3.22743e-06;-8.79652e-06;-8.43853e-06;-3.21235e-06;-8.48075e-06,3.3;3.3;-1.65578e-06;3.3;3.3;3.3;3.3;3.3,-1.72554e-06;-1.97066e-06;3.3;-1.63499e-06;-1.93748e-06;-1.9313e-06;-1.62755e-06;-1.93044e-06,RETRY_5NS;RETRY_5NS;RETRY_5NS;RETRY_5NS;RETRY_5NS;RETRY_5NS;RETRY_5NS;RETRY_5NS,8,8,11011111,223,32,1101111,7,222,32,223,INFERRED_AT_DAC_BRIDGE_OUTPUT,11011111,223,11011111,223,11011111,223,11011111,223,True,True
MC200_CMP_XM5_XM6_W8P2524_XM7_XM11_W16P8587_S105_LOW_W4,1,-3.40555e-06;-8.65869e-06;-3.4806e-06;-3.46424e-06;-8.60307e-06;-8.6006e-06;-3.4572e-06;-8.63641e-06,-3.30757e-06;-8.70141e-06;-3.38201e-06;-3.36467e-06;-8.6466e-06;-8.64714e-06;-3.358e-06;-8.68948e-06,3.3;3.3;3.3;-1.66713e-06;3.3;3.3;3.3;3.3,-1.75752e-06;-1.9928e-06;-1.65611e-06;3.3;-1.95398e-06;-1.95069e-06;-1.64078e-06;-1.94117e-06,RETRY_5NS;RETRY_5NS;RETRY_5NS;RETRY_5NS;RETRY_5NS;RETRY_5NS;RETRY_5NS;RETRY_5NS,8,8,11101111,239,16,1110111,7,238,16,239,INFERRED_AT_DAC_BRIDGE_OUTPUT,11101111,239,11101111,239,11101111,239,11101111,239,True,True
MC200_CMP_XM5_XM6_W8P2524_XM7_XM11_W16P8587_S105_LOW_W4,2,-3.62932e-06;-7.90667e-06;-3.4555e-06;-3.43598e-06;-8.56336e-06;-8.56132e-06;-3.42711e-06;-8.59924e-06,-3.53418e-06;-7.96669e-06;-3.35581e-06;-3.33617e-06;-8.6054e-06;-8.60646e-06;-3.32912e-06;-8.64758e-06,3.3;3.3;-1.6784e-06;-1.66846e-06;3.3;-1.97153e-06;3.3;3.3,-1.73963e-06;-1.98577e-06;3.3;3.3;-1.94793e-06;3.3;-1.63812e-06;-1.94576e-06,RETRY_5NS;RETRY_5NS;RETRY_5NS;RETRY_5NS;RETRY_5NS;RETRY_5NS;RETRY_5NS;RETRY_5NS,8,8,11001011,203,52,1100101,7,202,52,203,INFERRED_AT_DAC_BRIDGE_OUTPUT,11001011,203,11001011,203,11001011,203,11001011,203,True,True
MC200_CMP_XM5_XM6_W8P2524_XM7_XM11_W16P8587_S105_LOW_W4,3,-3.05727e-06;-8.31903e-06;-3.22527e-06;-3.20084e-06;-8.26139e-06;-8.26245e-06;-3.09721e-06;-8.29909e-06,-2.96654e-06;-8.34277e-06;-3.13192e-06;-3.10719e-06;-8.27436e-06;-8.2726e-06;-3.00404e-06;-8.31408e-06,3.3;-1.99381e-06;-1.65374e-06;-1.64847e-06;-1.94678e-06;3.3;-1.63314e-06;3.3,-1.69611e-06;3.3;3.3;3.3;3.3;-1.91339e-06;3.3;-1.91286e-06,RETRY_5NS;RETRY_5NS;RETRY_5NS;RETRY_5NS;RETRY_5NS;RETRY_5NS;RETRY_5NS;RETRY_5NS,8,8,10000101,133,122,1000010,7,132,122,133,INFERRED_AT_DAC_BRIDGE_OUTPUT,10000101,133,10000101,133,10000101,133,10000101,133,True,True
MC200_CMP_XM5_XM6_W8P2524_XM7_XM11_W16P8587_S105_LOW_W4,64,-3.34045e-06;-8.61825e-06;-3.23609e-06;-3.44216e-06;-8.26147e-06;-8.5602e-06;-3.32796e-06;-8.26093e-06,-3.243e-06;-8.65735e-06;-3.14273e-06;-3.34247e-06;-8.27713e-06;-8.60886e-06;-3.23024e-06;-8.27328e-06,3.3;3.3;3.3;-1.67469e-06;-1.94994e-06;-1.97849e-06;-1.65253e-06;-1.94439e-06,-1.73902e-06;-1.98399e-06;-1.61819e-06;3.3;3.3;3.3;3.3;3.3,RETRY_5NS;RETRY_5NS;RETRY_5NS;RETRY_5NS;RETRY_5NS;RETRY_5NS;RETRY_5NS;RETRY_5NS,8,8,11100000,224,31,1110000,7,224,30,224,INFERRED_AT_DAC_BRIDGE_OUTPUT,11100000,224,11100000,224,11100000,224,11100000,224,True,True
MC200_CMP_XM5_XM6_W8P2524_XM7_XM11_W16P8587_S105_LOW_W4,65,-3.52854e-06;-8.80698e-06;-3.39205e-06;-3.58354e-06;-8.45314e-06;-8.75055e-06;-3.42721e-06;-8.44895e-06,-3.42747e-06;-8.86583e-06;-3.29571e-06;-3.4809e-06;-8.48028e-06;-8.81371e-06;-3.32876e-06;-8.48095e-06,3.3;3.3;3.3;-1.68044e-06;3.3;3.3;3.3;3.3,-1.77187e-06;-2.00812e-06;-1.64673e-06;3.3;-1.93905e-06;-1.96555e-06;-1.63672e-06;-1.96108e-06,RETRY_5NS;RETRY_5NS;RETRY_5NS;RETRY_5NS;RETRY_5NS;RETRY_5NS;RETRY_5NS;RETRY_5NS,8,8,11101111,239,16,1110111,7,238,16,239,INFERRED_AT_DAC_BRIDGE_OUTPUT,11101111,239,11101111,239,11101111,239,11101111,239,True,True
MC200_CMP_XM5_XM6_W8P2524_XM7_XM11_W16P8587_S105_LOW_W4,66,-3.78823e-06;-7.89492e-06;-3.36691e-06;-3.55537e-06;-8.41361e-06;-8.71119e-06;-3.39713e-06;-8.41155e-06,-3.69036e-06;-7.97612e-06;-3.26958e-06;-3.45246e-06;-8.4389e-06;-8.77311e-06;-3.29992e-06;-8.4392e-06,3.3;3.3;-1.67005e-06;-1.68326e-06;3.3;-1.98489e-06;3.3;3.3,-1.75249e-06;-2.00136e-06;3.3;3.3;-1.93279e-06;3.3;-1.63516e-06;-1.9232e-06,RETRY_5NS;RETRY_5NS;RETRY_5NS;RETRY_5NS;RETRY_5NS;RETRY_5NS;RETRY_5NS;RETRY_5NS,8,8,11001011,203,52,1100101,7,202,52,203,INFERRED_AT_DAC_BRIDGE_OUTPUT,11001011,203,11001011,203,11001011,203,11001011,203,True,True
MC200_CMP_XM5_XM6_W8P2524_XM7_XM11_W16P8587_S105_LOW_W4,67,-3.17993e-06;-8.46636e-06;-3.13696e-06;-3.31994e-06;-8.11172e-06;-8.41231e-06;-3.10217e-06;-8.11167e-06,-3.08605e-06;-8.50789e-06;-3.04598e-06;-3.22315e-06;-8.10771e-06;-8.43924e-06;-3.00971e-06;-8.10556e-06,3.3;-2.00981e-06;-1.64452e-06;-1.66085e-06;-1.93246e-06;3.3;-1.6306e-06;3.3,-1.70842e-06;3.3;3.3;3.3;3.3;-1.92703e-06;3.3;-1.89477e-06,RETRY_5NS;RETRY_5NS;RETRY_5NS;RETRY_5NS;RETRY_5NS;RETRY_5NS;RETRY_5NS;RETRY_5NS,8,8,10000101,133,122,1000010,7,132,122,133,INFERRED_AT_DAC_BRIDGE_OUTPUT,10000101,133,10000101,133,10000101,133,10000101,133,True,True
MC200_CMP_XM5_XM6_W8P2524_XM7_XM11_W16P8587_S106_LOW_W4,0,-2.94475e-06;-7.88953e-06;-3.23388e-06;-3.03252e-06;-8.77307e-06;-8.21519e-06;-3.021e-06;-8.25622e-06,-2.98346e-06;-7.8749e-06;-3.27264e-06;-3.07047e-06;-8.77766e-06;-8.21298e-06;-3.05988e-06;-8.24976e-06,3.3;3.3;3.3;-1.64556e-06;-1.93999e-06;-1.93933e-06;-1.62646e-06;3.3,-1.81989e-06;-2.08152e-06;-1.73134e-06;3.3;3.3;3.3;3.3;-2.03679e-06,RETRY_5NS;RETRY_5NS;RETRY_5NS;RETRY_5NS;RETRY_5NS;RETRY_5NS;RETRY_5NS;RETRY_5NS,8,8,11100001,225,30,1110000,7,224,30,225,INFERRED_AT_DAC_BRIDGE_OUTPUT,11100001,225,11100001,225,11100001,225,11100001,225,True,True
MC200_CMP_XM5_XM6_W8P2524_XM7_XM11_W16P8587_S106_LOW_W4,1,-3.07881e-06;-8.4343e-06;-3.16441e-06;-3.15011e-06;-8.37451e-06;-8.37471e-06;-3.14521e-06;-8.41568e-06,-3.11849e-06;-8.41394e-06;-3.20504e-06;-3.19033e-06;-8.36969e-06;-8.36812e-06;-3.18427e-06;-8.40482e-06,3.3;3.3;3.3;3.3;-1.95962e-06;-1.95626e-06;-1.64492e-06;-1.93493e-06,-1.85112e-06;-2.09756e-06;-1.74305e-06;-1.73051e-06;3.3;3.3;3.3;3.3,RETRY_5NS;RETRY_5NS;RETRY_5NS;RETRY_5NS;RETRY_5NS;RETRY_5NS;RETRY_5NS;RETRY_5NS,8,8,11110000,240,15,1111000,7,240,14,240,INFERRED_AT_DAC_BRIDGE_OUTPUT,11110000,240,11110000,240,11110000,240,11110000,240,True,True
MC200_CMP_XM5_XM6_W8P2524_XM7_XM11_W16P8587_S106_LOW_W4,2,-3.09676e-06;-8.93765e-06;-3.43848e-06;-3.18214e-06;-7.90495e-06;-8.4166e-06;-3.17615e-06;-8.45631e-06,-3.13663e-06;-8.92211e-06;-3.47638e-06;-3.22093e-06;-7.886e-06;-8.40421e-06;-3.21543e-06;-8.44298e-06,3.3;3.3;-1.67228e-06;-1.6538e-06;3.3;3.3;-1.64692e-06;3.3,-1.83177e-06;-2.09069e-06;3.3;3.3;-2.06392e-06;-2.05502e-06;3.3;-2.05577e-06,RETRY_5NS;RETRY_5NS;RETRY_5NS;RETRY_5NS;RETRY_5NS;RETRY_5NS;RETRY_5NS;RETRY_5NS,8,8,11001101,205,50,1100110,7,204,50,205,INFERRED_AT_DAC_BRIDGE_OUTPUT,11001101,205,11001101,205,11001101,205,11001101,205,True,True
MC200_CMP_XM5_XM6_W8P2524_XM7_XM11_W16P8587_S106_LOW_W4,3,-2.97432e-06;-8.70117e-06;-3.11001e-06;-3.09215e-06;-8.29516e-06;-8.29774e-06;-3.0827e-06;-8.33573e-06,-3.01327e-06;-8.70472e-06;-3.14859e-06;-3.13019e-06;-8.28952e-06;-8.28792e-06;-3.12257e-06;-8.32746e-06,3.3;-1.99467e-06;-1.65541e-06;-1.64992e-06;-1.94431e-06;3.3;3.3;3.3,-1.81035e-06;3.3;3.3;3.3;3.3;-2.04518e-06;-1.72229e-06;-2.03842e-06,RETRY_5NS;RETRY_5NS;RETRY_5NS;RETRY_5NS;RETRY_5NS;RETRY_5NS;RETRY_5NS;RETRY_5NS,8,8,10000111,135,120,1000011,7,134,120,135,INFERRED_AT_DAC_BRIDGE_OUTPUT,10000111,135,10000111,135,10000111,135,10000111,135,True,True
MC200_CMP_XM5_XM6_W8P2524_XM7_XM11_W16P8587_S106_LOW_W4,64,-3.06895e-06;-9.12634e-06;-2.94292e-06;-3.15576e-06;-8.15922e-06;-8.37512e-06;-2.99003e-06;-8.05567e-06,-3.10837e-06;-9.11241e-06;-2.98162e-06;-3.19443e-06;-8.16498e-06;-8.36741e-06;-3.02873e-06;-8.05688e-06,3.3;3.3;3.3;-1.65762e-06;-1.92848e-06;-1.95377e-06;-1.62262e-06;3.3,-1.8361e-06;-2.08702e-06;-1.71479e-06;3.3;3.3;3.3;3.3;-2.01649e-06,RETRY_5NS;RETRY_5NS;RETRY_5NS;RETRY_5NS;RETRY_5NS;RETRY_5NS;RETRY_5NS;RETRY_5NS,8,8,11100001,225,30,1110000,7,224,30,225,INFERRED_AT_DAC_BRIDGE_OUTPUT,11100001,225,11100001,225,11100001,225,11100001,225,True,True
MC200_CMP_XM5_XM6_W8P2524_XM7_XM11_W16P8587_S106_LOW_W4,65,-3.20196e-06;-8.59312e-06;-3.07273e-06;-3.27354e-06;-8.21488e-06;-8.53451e-06;-3.11424e-06;-8.21555e-06,-3.24235e-06;-8.56637e-06;-3.11281e-06;-3.31447e-06;-8.21506e-06;-8.52275e-06;-3.15311e-06;-8.21164e-06,3.3;3.3;3.3;3.3;-1.94524e-06;-1.9715e-06;-1.64139e-06;-1.9633e-06,-1.86526e-06;-2.11452e-06;-1.73272e-06;-1.74356e-06;3.3;3.3;3.3;3.3,RETRY_5NS;RETRY_5NS;RETRY_5NS;RETRY_5NS;RETRY_5NS;RETRY_5NS;RETRY_5NS;RETRY_5NS,8,8,11110000,240,15,1111000,7,240,14,240,INFERRED_AT_DAC_BRIDGE_OUTPUT,11110000,240,11110000,240,11110000,240,11110000,240,True,True
MC200_CMP_XM5_XM6_W8P2524_XM7_XM11_W16P8587_S106_LOW_W4,66,-3.22079e-06;-9.68837e-06;-3.32004e-06;-3.30548e-06;-8.22461e-06;-8.5765e-06;-3.39909e-06;-8.25577e-06,-3.26139e-06;-9.67227e-06;-3.35755e-06;-3.34504e-06;-8.21516e-06;-8.55868e-06;-3.43699e-06;-8.25009e-06,3.3;3.3;-1.6623e-06;-1.66642e-06;3.3;3.3;-1.65389e-06;3.3,-1.84581e-06;-2.10376e-06;3.3;3.3;-2.04359e-06;-2.0701e-06;3.3;-2.03533e-06,RETRY_5NS;RETRY_5NS;RETRY_5NS;RETRY_5NS;RETRY_5NS;RETRY_5NS;RETRY_5NS;RETRY_5NS,8,8,11001101,205,50,1100110,7,204,50,205,INFERRED_AT_DAC_BRIDGE_OUTPUT,11001101,205,11001101,205,11001101,205,11001101,205,True,True
MC200_CMP_XM5_XM6_W8P2524_XM7_XM11_W16P8587_S106_LOW_W4,67,-3.10037e-06;-9.35646e-06;-3.01841e-06;-3.21546e-06;-8.13524e-06;-8.45777e-06;-3.05172e-06;-8.13567e-06,-3.14005e-06;-9.35956e-06;-3.05645e-06;-3.2542e-06;-8.13515e-06;-8.44219e-06;-3.09141e-06;-8.13424e-06,3.3;-2.00692e-06;-1.64576e-06;-1.66247e-06;-1.92819e-06;3.3;3.3;3.3,-1.82571e-06;3.3;3.3;3.3;3.3;-2.06215e-06;-1.71756e-06;-2.02215e-06,RETRY_5NS;RETRY_5NS;RETRY_5NS;RETRY_5NS;RETRY_5NS;RETRY_5NS;RETRY_5NS;RETRY_5NS,8,8,10000111,135,120,1000011,7,134,120,135,INFERRED_AT_DAC_BRIDGE_OUTPUT,10000111,135,10000111,135,10000111,135,10000111,135,True,True
MC200_CMP_XM5_XM6_W8P2524_XM7_XM11_W16P8587_S107_LOW_W4,0,-2.79125e-06;-8.22379e-06;-2.87663e-06;-2.99507e-06;-8.16268e-06;-8.1627e-06;-2.86401e-06;-8.20869e-06,-2.96741e-06;-8.19409e-06;-3.05576e-06;-3.17185e-06;-8.1536e-06;-8.15221e-06;-3.04217e-06;-8.18607e-06,3.3;3.3;3.3;-1.70373e-06;-2.01415e-06;-2.01193e-06;-1.69323e-06;-2.00686e-06,-1.75597e-06;-2.00159e-06;-1.6565e-06;3.3;3.3;3.3;3.3;3.3,RETRY_5NS;RETRY_5NS;RETRY_5NS;RETRY_5NS;RETRY_5NS;RETRY_5NS;RETRY_5NS;RETRY_5NS,8,8,11100000,224,31,1110000,7,224,30,224,INFERRED_AT_DAC_BRIDGE_OUTPUT,11100000,224,11100000,224,11100000,224,11100000,224,True,True
MC200_CMP_XM5_XM6_W8P2524_XM7_XM11_W16P8587_S107_LOW_W4,1,-2.95189e-06;-8.45022e-06;-3.10989e-06;-3.01964e-06;-8.39202e-06;-8.39056e-06;-3.03248e-06;-8.43401e-06,-3.13775e-06;-8.37428e-06;-3.29989e-06;-3.20807e-06;-8.32919e-06;-8.32944e-06;-3.22103e-06;-8.36605e-06,3.3;3.3;3.3;-1.70756e-06;3.3;3.3;3.3;3.3,-1.78721e-06;-2.0246e-06;-1.68727e-06;3.3;-1.98599e-06;-1.98141e-06;-1.67067e-06;-1.97925e-06,RETRY_5NS;RETRY_5NS;RETRY_5NS;RETRY_5NS;RETRY_5NS;RETRY_5NS;RETRY_5NS;RETRY_5NS,8,8,11101111,239,16,1110111,7,238,16,239,INFERRED_AT_DAC_BRIDGE_OUTPUT,11101111,239,11101111,239,11101111,239,11101111,239,True,True
MC200_CMP_XM5_XM6_W8P2524_XM7_XM11_W16P8587_S107_LOW_W4,2,-3.11783e-06;-8.53129e-06;-3.09452e-06;-3.08118e-06;-7.62178e-06;-8.47874e-06;-3.07587e-06;-8.52327e-06,-3.30477e-06;-8.43949e-06;-3.28577e-06;-3.27186e-06;-7.4915e-06;-8.40211e-06;-3.26694e-06;-8.43877e-06,3.3;3.3;-1.72839e-06;-1.71873e-06;3.3;3.3;-1.71725e-06;-2.03623e-06,-1.77501e-06;-2.02378e-06;3.3;3.3;-1.99714e-06;-1.97508e-06;3.3;3.3,RETRY_5NS;RETRY_5NS;RETRY_5NS;RETRY_5NS;RETRY_5NS;RETRY_5NS;RETRY_5NS;RETRY_5NS,8,8,11001100,204,51,1100110,7,204,50,204,INFERRED_AT_DAC_BRIDGE_OUTPUT,11001100,204,11001100,204,11001100,204,11001100,204,True,True
MC200_CMP_XM5_XM6_W8P2524_XM7_XM11_W16P8587_S107_LOW_W4,3,-2.85237e-06;-8.35354e-06;-2.97952e-06;-2.96314e-06;-8.2977e-06;-8.00593e-06;-2.95426e-06;-8.81695e-06,-3.0333e-06;-8.31381e-06;-3.16355e-06;-3.1464e-06;-8.25927e-06;-7.94658e-06;-3.13891e-06;-8.79939e-06,3.3;-2.06918e-06;-1.71476e-06;-1.70933e-06;-2.02115e-06;3.3;-1.69619e-06;3.3,-1.74889e-06;3.3;3.3;3.3;3.3;-1.97506e-06;3.3;-1.96906e-06,RETRY_5NS;RETRY_5NS;RETRY_5NS;RETRY_5NS;RETRY_5NS;RETRY_5NS;RETRY_5NS;RETRY_5NS,8,8,10000101,133,122,1000010,7,132,122,133,INFERRED_AT_DAC_BRIDGE_OUTPUT,10000101,133,10000101,133,10000101,133,10000101,133,True,True
MC200_CMP_XM5_XM6_W8P2524_XM7_XM11_W16P8587_S107_LOW_W4,64,-2.91254e-06;-8.40289e-06;-2.78658e-06;-3.10439e-06;-7.98316e-06;-8.34241e-06;-2.83376e-06;-7.98375e-06,-3.09609e-06;-8.33645e-06;-2.9603e-06;-3.29337e-06;-8.00965e-06;-8.29635e-06;-3.01007e-06;-8.00585e-06,3.3;3.3;3.3;-1.71889e-06;-1.99957e-06;-2.0275e-06;-1.69e-06;-1.98761e-06,-1.76976e-06;-2.01671e-06;-1.64963e-06;3.3;3.3;3.3;3.3;3.3,RETRY_5NS;RETRY_5NS;RETRY_5NS;RETRY_5NS;RETRY_5NS;RETRY_5NS;RETRY_5NS;RETRY_5NS,8,8,11100000,224,31,1110000,7,224,30,224,INFERRED_AT_DAC_BRIDGE_OUTPUT,11100000,224,11100000,224,11100000,224,11100000,224,True,True
MC200_CMP_XM5_XM6_W8P2524_XM7_XM11_W16P8587_S107_LOW_W4,65,-3.07229e-06;-8.62907e-06;-2.95873e-06;-3.14023e-06;-8.54823e-06;-8.57059e-06;-2.96422e-06;-8.20902e-06,-3.2655e-06;-8.51634e-06;-3.14209e-06;-3.33601e-06;-8.54467e-06;-8.47325e-06;-3.1523e-06;-8.1859e-06,3.3;3.3;3.3;-1.72009e-06;3.3;3.3;3.3;3.3,-1.80093e-06;-2.04082e-06;-1.67567e-06;3.3;-1.96829e-06;-1.99653e-06;-1.66499e-06;-1.99858e-06,RETRY_5NS;RETRY_5NS;RETRY_5NS;RETRY_5NS;RETRY_5NS;RETRY_5NS;RETRY_5NS;RETRY_5NS,8,8,11101111,239,16,1110111,7,238,16,239,INFERRED_AT_DAC_BRIDGE_OUTPUT,11101111,239,11101111,239,11101111,239,11101111,239,True,True
MC200_CMP_XM5_XM6_W8P2524_XM7_XM11_W16P8587_S107_LOW_W4,66,-3.40646e-06;-8.71041e-06;-3.00493e-06;-3.20179e-06;-8.30056e-06;-8.65862e-06;-3.04563e-06;-8.2983e-06,-3.59786e-06;-8.58207e-06;-3.19067e-06;-3.39985e-06;-8.25735e-06;-8.54614e-06;-3.23485e-06;-8.25863e-06,3.3;3.3;-1.71972e-06;-1.73285e-06;3.3;3.3;-1.71398e-06;-2.01673e-06,-1.79092e-06;-2.03917e-06;3.3;3.3;-1.97609e-06;-1.99208e-06;3.3;3.3,RETRY_5NS;RETRY_5NS;RETRY_5NS;RETRY_5NS;RETRY_5NS;RETRY_5NS;RETRY_5NS;RETRY_5NS,8,8,11001100,204,51,1100110,7,204,50,204,INFERRED_AT_DAC_BRIDGE_OUTPUT,11001100,204,11001100,204,11001100,204,11001100,204,True,True
MC200_CMP_XM5_XM6_W8P2524_XM7_XM11_W16P8587_S107_LOW_W4,67,-2.97546e-06;-8.53145e-06;-2.88996e-06;-3.08354e-06;-8.11792e-06;-7.88836e-06;-2.92401e-06;-8.01135e-06,-3.16383e-06;-8.45655e-06;-3.06847e-06;-3.27415e-06;-8.11524e-06;-7.81393e-06;-3.10682e-06;-8.00069e-06,3.3;-2.08593e-06;-1.70585e-06;-1.72202e-06;-2.00638e-06;3.3;-1.68907e-06;3.3,-1.76181e-06;3.3;3.3;3.3;3.3;-1.99247e-06;3.3;-1.95411e-06,RETRY_5NS;RETRY_5NS;RETRY_5NS;RETRY_5NS;RETRY_5NS;RETRY_5NS;RETRY_5NS;RETRY_5NS,8,8,10000101,133,122,1000010,7,132,122,133,INFERRED_AT_DAC_BRIDGE_OUTPUT,10000101,133,10000101,133,10000101,133,10000101,133,True,True
MC200_CMP_XM5_XM6_W8P2524_XM7_XM11_W16P8587_S108_LOW_W4,0,-3.06879e-06;-8.01734e-06;-3.32389e-06;-3.00081e-06;-8.18713e-06;-8.18696e-06;-3.15008e-06;-8.2213e-06,-2.97085e-06;-8.03478e-06;-3.22564e-06;-2.89906e-06;-8.20586e-06;-8.2042e-06;-3.05028e-06;-8.24164e-06,3.3;3.3;3.3;-1.66878e-06;-1.97763e-06;-1.97322e-06;-1.66025e-06;-1.9534e-06,-1.77866e-06;-2.03098e-06;-1.69052e-06;3.3;3.3;3.3;3.3;3.3,RETRY_5NS;RETRY_5NS;RETRY_5NS;RETRY_5NS;RETRY_5NS;RETRY_5NS;RETRY_5NS;RETRY_5NS,8,8,11100000,224,31,1110000,7,224,30,224,INFERRED_AT_DAC_BRIDGE_OUTPUT,11100000,224,11100000,224,11100000,224,11100000,224,True,True
MC200_CMP_XM5_XM6_W8P2524_XM7_XM11_W16P8587_S108_LOW_W4,1,-3.17519e-06;-9.10635e-06;-3.26709e-06;-3.28907e-06;-8.28919e-06;-8.28918e-06;-3.08499e-06;-8.32368e-06,-3.07448e-06;-9.10369e-06;-3.16546e-06;-3.18578e-06;-8.32357e-06;-8.32192e-06;-2.98032e-06;-8.35933e-06,3.3;3.3;3.3;3.3;-1.98971e-06;-1.98621e-06;-1.66834e-06;-1.98071e-06,-1.80497e-06;-2.03932e-06;-1.69903e-06;-1.68035e-06;3.3;3.3;3.3;3.3,RETRY_5NS;RETRY_5NS;RETRY_5NS;RETRY_5NS;RETRY_5NS;RETRY_5NS;RETRY_5NS;RETRY_5NS,8,8,11110000,240,15,1111000,7,240,14,240,INFERRED_AT_DAC_BRIDGE_OUTPUT,11110000,240,11110000,240,11110000,240,11110000,240,True,True
MC200_CMP_XM5_XM6_W8P2524_XM7_XM11_W16P8587_S108_LOW_W4,2,-3.38278e-06;-7.93506e-06;-3.48906e-06;-3.47354e-06;-9.49424e-06;-8.52927e-06;-3.46694e-06;-8.56284e-06,-3.27568e-06;-7.97282e-06;-3.37914e-06;-3.36335e-06;-9.51873e-06;-8.59342e-06;-3.35782e-06;-8.63328e-06,3.3;3.3;-1.707e-06;-1.69898e-06;3.3;3.3;-1.69397e-06;-2.00781e-06,-1.80614e-06;-2.07048e-06;3.3;3.3;-2.02709e-06;-2.02471e-06;3.3;3.3,RETRY_5NS;RETRY_5NS;RETRY_5NS;RETRY_5NS;RETRY_5NS;RETRY_5NS;RETRY_5NS;RETRY_5NS,8,8,11001100,204,51,1100110,7,204,50,204,INFERRED_AT_DAC_BRIDGE_OUTPUT,11001100,204,11001100,204,11001100,204,11001100,204,True,True
MC200_CMP_XM5_XM6_W8P2524_XM7_XM11_W16P8587_S108_LOW_W4,3,-3.35465e-06;-7.65783e-06;-3.49371e-06;-3.47618e-06;-8.52814e-06;-8.53024e-06;-3.46698e-06;-8.56277e-06,-3.24764e-06;-7.76135e-06;-3.38382e-06;-3.36604e-06;-8.59439e-06;-8.59287e-06;-3.35756e-06;-8.63341e-06,3.3;-2.06668e-06;-1.7073e-06;-1.70079e-06;-2.00936e-06;3.3;3.3;-2.00884e-06,-1.79706e-06;3.3;3.3;3.3;3.3;-2.03026e-06;-1.70304e-06;3.3,RETRY_5NS;RETRY_5NS;RETRY_5NS;RETRY_5NS;RETRY_5NS;RETRY_5NS;RETRY_5NS;RETRY_5NS,8,8,10000110,134,121,1000011,7,134,120,134,INFERRED_AT_DAC_BRIDGE_OUTPUT,10000110,134,10000110,134,10000110,134,10000110,134,True,True
MC200_CMP_XM5_XM6_W8P2524_XM7_XM11_W16P8587_S108_LOW_W4,64,-3.19572e-06;-8.04739e-06;-3.13266e-06;-3.49136e-06;-8.05103e-06;-8.32327e-06;-3.11838e-06;-8.05051e-06,-3.09399e-06;-8.08765e-06;-3.03676e-06;-3.38811e-06;-8.04928e-06;-8.36086e-06;-3.01952e-06;-8.04594e-06,3.3;3.3;3.3;-1.68594e-06;-1.96166e-06;-1.9894e-06;-1.65822e-06;3.3,-1.79172e-06;-2.04742e-06;-1.67653e-06;3.3;3.3;3.3;3.3;-1.96056e-06,RETRY_5NS;RETRY_5NS;RETRY_5NS;RETRY_5NS;RETRY_5NS;RETRY_5NS;RETRY_5NS;RETRY_5NS,8,8,11100001,225,30,1110000,7,224,30,225,INFERRED_AT_DAC_BRIDGE_OUTPUT,11100001,225,11100001,225,11100001,225,11100001,225,True,True
MC200_CMP_XM5_XM6_W8P2524_XM7_XM11_W16P8587_S108_LOW_W4,65,-3.30127e-06;-8.44289e-06;-3.1733e-06;-3.64162e-06;-8.1531e-06;-8.42547e-06;-2.98074e-06;-8.15289e-06,-3.19679e-06;-8.48259e-06;-3.07442e-06;-3.53651e-06;-8.167e-06;-8.47857e-06;-2.87657e-06;-8.16362e-06,3.3;3.3;3.3;3.3;-1.97404e-06;-2.00167e-06;-1.66325e-06;-2.00176e-06,-1.81848e-06;-2.06221e-06;-1.68996e-06;-1.69704e-06;3.3;3.3;3.3;3.3,RETRY_5NS;RETRY_5NS;RETRY_5NS;RETRY_5NS;RETRY_5NS;RETRY_5NS;RETRY_5NS;RETRY_5NS,8,8,11110000,240,15,1111000,7,240,14,240,INFERRED_AT_DAC_BRIDGE_OUTPUT,11110000,240,11110000,240,11110000,240,11110000,240,True,True
MC200_CMP_XM5_XM6_W8P2524_XM7_XM11_W16P8587_S108_LOW_W4,66,-3.50993e-06;-7.97371e-06;-3.39522e-06;-3.59975e-06;-8.50545e-06;-8.66566e-06;-3.43523e-06;-8.39209e-06,-3.39903e-06;-8.03099e-06;-3.28813e-06;-3.48579e-06;-8.5433e-06;-8.75e-06;-3.32706e-06;-8.43744e-06,3.3;3.3;-1.69903e-06;-1.71169e-06;3.3;3.3;-1.68915e-06;-1.98549e-06,-1.82018e-06;-2.08625e-06;3.3;3.3;-2.01675e-06;-2.03897e-06;3.3;3.3,RETRY_5NS;RETRY_5NS;RETRY_5NS;RETRY_5NS;RETRY_5NS;RETRY_5NS;RETRY_5NS;RETRY_5NS,8,8,11001100,204,51,1100110,7,204,50,204,INFERRED_AT_DAC_BRIDGE_OUTPUT,11001100,204,11001100,204,11001100,204,11001100,204,True,True
MC200_CMP_XM5_XM6_W8P2524_XM7_XM11_W16P8587_S108_LOW_W4,67,-3.48387e-06;-9.96092e-06;-3.40025e-06;-3.60229e-06;-8.39178e-06;-8.66669e-06;-3.43525e-06;-8.06852e-06,-3.37304e-06;-1.00047e-05;-3.29318e-06;-3.48837e-06;-8.43792e-06;-8.74933e-06;-3.32678e-06;-8.12341e-06,3.3;-2.07123e-06;-1.69723e-06;-1.71428e-06;-1.99398e-06;3.3;3.3;-1.98956e-06,-1.80968e-06;3.3;3.3;3.3;3.3;-2.0441e-06;-1.70102e-06;3.3,RETRY_5NS;RETRY_5NS;RETRY_5NS;RETRY_5NS;RETRY_5NS;RETRY_5NS;RETRY_5NS;RETRY_5NS,8,8,10000110,134,121,1000011,7,134,120,134,INFERRED_AT_DAC_BRIDGE_OUTPUT,10000110,134,10000110,134,10000110,134,10000110,134,True,True
MC200_CMP_XM5_XM6_W8P2524_XM7_XM11_W16P8587_S109_LOW_W4,0,-2.9442e-06;-8.24203e-06;-2.97758e-06;-2.97535e-06;-8.18277e-06;-8.18299e-06;-2.96307e-06;-8.22411e-06,-2.95187e-06;-8.22326e-06;-2.98638e-06;-2.98228e-06;-8.17573e-06;-8.17378e-06;-2.97135e-06;-8.21448e-06,3.3;3.3;3.3;-1.60748e-06;-1.9002e-06;-1.89315e-06;3.3;-1.89577e-06,-1.78053e-06;-2.02747e-06;-1.68318e-06;3.3;3.3;3.3;-1.66814e-06;3.3,RETRY_5NS;RETRY_5NS;RETRY_5NS;RETRY_5NS;RETRY_5NS;RETRY_5NS;RETRY_5NS;RETRY_5NS,8,8,11100010,226,29,1110001,7,226,28,226,INFERRED_AT_DAC_BRIDGE_OUTPUT,11100010,226,11100010,226,11100010,226,11100010,226,True,True
MC200_CMP_XM5_XM6_W8P2524_XM7_XM11_W16P8587_S109_LOW_W4,1,-3.20509e-06;-8.65432e-06;-3.28925e-06;-3.27629e-06;-9.72061e-06;-8.59443e-06;-3.27151e-06;-8.63714e-06,-3.21135e-06;-8.63343e-06;-3.29591e-06;-3.28234e-06;-9.70905e-06;-8.58705e-06;-3.27709e-06;-8.62616e-06,3.3;3.3;3.3;3.3;-1.93121e-06;-1.93336e-06;-1.62544e-06;3.3,-1.8287e-06;-2.07427e-06;-1.72176e-06;-1.70983e-06;3.3;3.3;3.3;-2.02573e-06,RETRY_5NS;RETRY_5NS;RETRY_5NS;RETRY_5NS;RETRY_5NS;RETRY_5NS;RETRY_5NS;RETRY_5NS,8,8,11110001,241,14,1111000,7,240,14,241,INFERRED_AT_DAC_BRIDGE_OUTPUT,11110001,241,11110001,241,11110001,241,11110001,241,True,True
MC200_CMP_XM5_XM6_W8P2524_XM7_XM11_W16P8587_S109_LOW_W4,2,-3.03864e-06;-7.74296e-06;-3.13921e-06;-3.33127e-06;-8.3922e-06;-7.61119e-06;-3.1171e-06;-8.43107e-06,-3.04588e-06;-7.72852e-06;-3.14533e-06;-3.33703e-06;-8.3777e-06;-7.60214e-06;-3.12442e-06;-8.41973e-06,3.3;3.3;-1.62618e-06;-1.62145e-06;3.3;3.3;-1.60234e-06;3.3,-1.7885e-06;-2.0555e-06;3.3;3.3;-2.01134e-06;-2.01601e-06;3.3;-2.00729e-06,RETRY_5NS;RETRY_5NS;RETRY_5NS;RETRY_5NS;RETRY_5NS;RETRY_5NS;RETRY_5NS;RETRY_5NS,8,8,11001101,205,50,1100110,7,204,50,205,INFERRED_AT_DAC_BRIDGE_OUTPUT,11001101,205,11001101,205,11001101,205,11001101,205,True,True
MC200_CMP_XM5_XM6_W8P2524_XM7_XM11_W16P8587_S109_LOW_W4,3,-2.85343e-06;-8.23828e-06;-3.05809e-06;-2.97328e-06;-8.18304e-06;-8.18531e-06;-3.14558e-06;-7.85796e-06,-2.86134e-06;-8.23582e-06;-3.06489e-06;-2.98e-06;-8.17322e-06;-8.17192e-06;-3.1531e-06;-7.84902e-06,3.3;-1.94307e-06;-1.61373e-06;-1.60599e-06;-1.89078e-06;3.3;3.3;3.3,-1.76104e-06;3.3;3.3;3.3;3.3;-1.99188e-06;-1.68056e-06;-1.99639e-06,RETRY_5NS;RETRY_5NS;RETRY_5NS;RETRY_5NS;RETRY_5NS;RETRY_5NS;RETRY_5NS;RETRY_5NS,8,8,10000111,135,120,1000011,7,134,120,135,INFERRED_AT_DAC_BRIDGE_OUTPUT,10000111,135,10000111,135,10000111,135,10000111,135,True,True
MC200_CMP_XM5_XM6_W8P2524_XM7_XM11_W16P8587_S109_LOW_W4,64,-3.01128e-06;-8.40599e-06;-2.88599e-06;-3.09773e-06;-8.01826e-06;-8.34778e-06;-2.9323e-06;-8.01886e-06,-3.01851e-06;-8.38652e-06;-2.89535e-06;-3.10392e-06;-8.01073e-06;-8.33877e-06;-2.94075e-06;-8.00702e-06,3.3;3.3;3.3;-1.61893e-06;-1.88513e-06;-1.9089e-06;-1.58314e-06;3.3,-1.79307e-06;-2.04466e-06;-1.67395e-06;3.3;3.3;3.3;3.3;-1.97182e-06,RETRY_5NS;RETRY_5NS;RETRY_5NS;RETRY_5NS;RETRY_5NS;RETRY_5NS;RETRY_5NS;RETRY_5NS,8,8,11100001,225,30,1110000,7,224,30,225,INFERRED_AT_DAC_BRIDGE_OUTPUT,11100001,225,11100001,225,11100001,225,11100001,225,True,True
MC200_CMP_XM5_XM6_W8P2524_XM7_XM11_W16P8587_S109_LOW_W4,65,-3.32749e-06;-8.81795e-06;-3.19805e-06;-3.39901e-06;-9.67573e-06;-8.75911e-06;-3.24071e-06;-8.43098e-06,-3.33299e-06;-8.79633e-06;-3.20526e-06;-3.4043e-06;-9.66313e-06;-8.7521e-06;-3.24647e-06;-8.41982e-06,3.3;3.3;3.3;3.3;-1.92058e-06;-1.94865e-06;-1.62201e-06;3.3,-1.84378e-06;-2.09115e-06;-1.71162e-06;-1.7221e-06;3.3;3.3;3.3;-2.04509e-06,RETRY_5NS;RETRY_5NS;RETRY_5NS;RETRY_5NS;RETRY_5NS;RETRY_5NS;RETRY_5NS;RETRY_5NS,8,8,11110001,241,14,1111000,7,240,14,241,INFERRED_AT_DAC_BRIDGE_OUTPUT,11110001,241,11110001,241,11110001,241,11110001,241,True,True
MC200_CMP_XM5_XM6_W8P2524_XM7_XM11_W16P8587_S109_LOW_W4,66,-3.16204e-06;-7.55941e-06;-3.04797e-06;-3.08961e-06;-8.22734e-06;-7.55085e-06;-3.08651e-06;-8.22495e-06,-3.16852e-06;-7.54538e-06;-3.05464e-06;-3.09601e-06;-8.21309e-06;-7.54292e-06;-3.0936e-06;-8.21339e-06,3.3;3.3;-1.61743e-06;-1.62282e-06;3.3;3.3;-1.60283e-06;3.3,-1.80252e-06;-2.07065e-06;3.3;3.3;-1.99681e-06;-2.03185e-06;3.3;-1.98766e-06,RETRY_5NS;RETRY_5NS;RETRY_5NS;RETRY_5NS;RETRY_5NS;RETRY_5NS;RETRY_5NS;RETRY_5NS,8,8,11001101,205,50,1100110,7,204,50,205,INFERRED_AT_DAC_BRIDGE_OUTPUT,11001101,205,11001101,205,11001101,205,11001101,205,True,True
MC200_CMP_XM5_XM6_W8P2524_XM7_XM11_W16P8587_S109_LOW_W4,67,-2.97884e-06;-8.40099e-06;-2.90131e-06;-3.09577e-06;-8.01825e-06;-8.35016e-06;-3.04626e-06;-7.97844e-06,-2.986e-06;-8.39941e-06;-2.90896e-06;-3.10173e-06;-8.00837e-06;-8.33667e-06;-3.05822e-06;-7.96699e-06,3.3;-1.95873e-06;-1.60214e-06;-1.61768e-06;-1.87439e-06;3.3;3.3;3.3,-1.77455e-06;3.3;3.3;3.3;3.3;-2.006e-06;-1.6771e-06;-1.9677e-06,RETRY_5NS;RETRY_5NS;RETRY_5NS;RETRY_5NS;RETRY_5NS;RETRY_5NS;RETRY_5NS;RETRY_5NS,8,8,10000111,135,120,1000011,7,134,120,135,INFERRED_AT_DAC_BRIDGE_OUTPUT,10000111,135,10000111,135,10000111,135,10000111,135,True,True
MC200_CMP_XM5_XM6_W8P2524_XM7_XM11_W16P8587_S110_LOW_W4,0,-3.01214e-06;-8.46386e-06;-3.09424e-06;-3.09285e-06;-8.40661e-06;-8.40694e-06;-3.12914e-06;-8.44999e-06,-3.03968e-06;-8.45758e-06;-3.12282e-06;-3.12014e-06;-8.41536e-06;-8.41394e-06;-3.15702e-06;-8.45336e-06,3.3;3.3;3.3;-1.66923e-06;-1.97673e-06;-1.97292e-06;-1.66045e-06;-1.9697e-06,-1.73354e-06;-1.97695e-06;-1.63681e-06;3.3;3.3;3.3;3.3;3.3,RETRY_5NS;RETRY_5NS;RETRY_5NS;RETRY_5NS;RETRY_5NS;RETRY_5NS;RETRY_5NS;RETRY_5NS,8,8,11100000,224,31,1110000,7,224,30,224,INFERRED_AT_DAC_BRIDGE_OUTPUT,11100000,224,11100000,224,11100000,224,11100000,224,True,True
MC200_CMP_XM5_XM6_W8P2524_XM7_XM11_W16P8587_S110_LOW_W4,1,-3.02102e-06;-8.46624e-06;-3.09966e-06;-3.088e-06;-8.41172e-06;-8.41033e-06;-3.05828e-06;-8.45085e-06,-3.04888e-06;-8.4596e-06;-3.12862e-06;-3.11608e-06;-8.41066e-06;-8.41096e-06;-3.08729e-06;-8.4526e-06,3.3;3.3;3.3;-1.65222e-06;3.3;3.3;3.3;3.3,-1.7486e-06;-1.9814e-06;-1.64713e-06;3.3;-1.94391e-06;-1.9402e-06;-1.63257e-06;-1.93754e-06,RETRY_5NS;RETRY_5NS;RETRY_5NS;RETRY_5NS;RETRY_5NS;RETRY_5NS;RETRY_5NS;RETRY_5NS,8,8,11101111,239,16,1110111,7,238,16,239,INFERRED_AT_DAC_BRIDGE_OUTPUT,11101111,239,11101111,239,11101111,239,11101111,239,True,True
MC200_CMP_XM5_XM6_W8P2524_XM7_XM11_W16P8587_S110_LOW_W4,2,-3.13408e-06;-8.6261e-06;-3.34533e-06;-3.21329e-06;-8.57906e-06;-8.57688e-06;-3.20796e-06;-8.61994e-06,-3.16348e-06;-8.61625e-06;-3.37429e-06;-3.24184e-06;-8.574e-06;-8.57558e-06;-3.23854e-06;-8.61614e-06,3.3;3.3;-1.68271e-06;-1.67767e-06;3.3;-1.9645e-06;3.3;3.3,-1.73919e-06;-1.98929e-06;3.3;3.3;-1.95635e-06;3.3;-1.6453e-06;-1.95305e-06,RETRY_5NS;RETRY_5NS;RETRY_5NS;RETRY_5NS;RETRY_5NS;RETRY_5NS;RETRY_5NS;RETRY_5NS,8,8,11001011,203,52,1100101,7,202,52,203,INFERRED_AT_DAC_BRIDGE_OUTPUT,11001011,203,11001011,203,11001011,203,11001011,203,True,True
MC200_CMP_XM5_XM6_W8P2524_XM7_XM11_W16P8587_S110_LOW_W4,3,-2.89027e-06;-9.09576e-06;-3.0139e-06;-2.78426e-06;-8.28068e-06;-8.28253e-06;-2.99e-06;-8.32436e-06,-2.9165e-06;-9.12188e-06;-3.0402e-06;-2.80967e-06;-8.29015e-06;-8.28881e-06;-3.01686e-06;-8.3298e-06,3.3;-2.0029e-06;-1.66247e-06;-1.65217e-06;-1.96024e-06;3.3;-1.64097e-06;3.3,-1.70498e-06;3.3;3.3;3.3;3.3;-1.92508e-06;3.3;-1.92631e-06,RETRY_5NS;RETRY_5NS;RETRY_5NS;RETRY_5NS;RETRY_5NS;RETRY_5NS;RETRY_5NS;RETRY_5NS,8,8,10000101,133,122,1000010,7,132,122,133,INFERRED_AT_DAC_BRIDGE_OUTPUT,10000101,133,10000101,133,10000101,133,10000101,133,True,True
MC200_CMP_XM5_XM6_W8P2524_XM7_XM11_W16P8587_S110_LOW_W4,64,-3.1369e-06;-8.63182e-06;-3.00146e-06;-3.21666e-06;-8.23821e-06;-8.57553e-06;-3.0525e-06;-8.23887e-06,-3.16601e-06;-8.61957e-06;-3.02886e-06;-3.24556e-06;-8.25178e-06;-8.57765e-06;-3.08008e-06;-8.24885e-06,3.3;3.3;3.3;-1.68179e-06;-1.9615e-06;-1.98716e-06;-1.65622e-06;-1.94907e-06,-1.74699e-06;-1.99291e-06;-1.62777e-06;3.3;3.3;3.3;3.3;3.3,RETRY_5NS;RETRY_5NS;RETRY_5NS;RETRY_5NS;RETRY_5NS;RETRY_5NS;RETRY_5NS;RETRY_5NS,8,8,11100000,224,31,1110000,7,224,30,224,INFERRED_AT_DAC_BRIDGE_OUTPUT,11100000,224,11100000,224,11100000,224,11100000,224,True,True
MC200_CMP_XM5_XM6_W8P2524_XM7_XM11_W16P8587_S110_LOW_W4,65,-3.14488e-06;-8.63399e-06;-3.00733e-06;-3.21218e-06;-8.24278e-06;-8.57923e-06;-2.86607e-06;-8.2398e-06,-3.1743e-06;-8.62133e-06;-3.03513e-06;-3.24186e-06;-8.24747e-06;-8.57431e-06;-2.89419e-06;-8.24801e-06,3.3;3.3;3.3;-1.66883e-06;3.3;3.3;3.3;3.3,-1.76142e-06;-1.99754e-06;-1.63776e-06;3.3;-1.92846e-06;-1.95489e-06;-1.6257e-06;-1.9562e-06,RETRY_5NS;RETRY_5NS;RETRY_5NS;RETRY_5NS;RETRY_5NS;RETRY_5NS;RETRY_5NS;RETRY_5NS,8,8,11101111,239,16,1110111,7,238,16,239,INFERRED_AT_DAC_BRIDGE_OUTPUT,11101111,239,11101111,239,11101111,239,11101111,239,True,True
MC200_CMP_XM5_XM6_W8P2524_XM7_XM11_W16P8587_S110_LOW_W4,66,-3.25893e-06;-8.79394e-06;-3.24274e-06;-3.33754e-06;-8.41021e-06;-8.74588e-06;-3.1848e-06;-8.40769e-06,-3.28991e-06;-8.7784e-06;-3.27069e-06;-3.36766e-06;-8.41072e-06;-8.7389e-06;-3.21396e-06;-8.41256e-06,3.3;3.3;-1.6794e-06;-1.68903e-06;3.3;3.3;-1.67002e-06;-1.96762e-06,-1.7529e-06;-2.00365e-06;3.3;3.3;-1.94117e-06;-1.959e-06;3.3;3.3,RETRY_5NS;RETRY_5NS;RETRY_5NS;RETRY_5NS;RETRY_5NS;RETRY_5NS;RETRY_5NS;RETRY_5NS,8,8,11001100,204,51,1100110,7,204,50,204,INFERRED_AT_DAC_BRIDGE_OUTPUT,11001100,204,11001100,204,11001100,204,11001100,204,True,True
MC200_CMP_XM5_XM6_W8P2524_XM7_XM11_W16P8587_S110_LOW_W4,67,-3.01689e-06;-9.2031e-06;-2.92181e-06;-3.12424e-06;-8.11203e-06;-8.45123e-06;-2.95888e-06;-8.11329e-06,-3.04472e-06;-9.22385e-06;-2.94691e-06;-3.15176e-06;-8.12654e-06;-8.45234e-06;-2.98534e-06;-8.12524e-06,3.3;-2.01997e-06;-1.65409e-06;-1.67015e-06;-1.94502e-06;3.3;-1.64108e-06;3.3,-1.71772e-06;3.3;3.3;3.3;3.3;-1.94066e-06;3.3;-1.90703e-06,RETRY_5NS;RETRY_5NS;RETRY_5NS;RETRY_5NS;RETRY_5NS;RETRY_5NS;RETRY_5NS;RETRY_5NS,8,8,10000101,133,122,1000010,7,132,122,133,INFERRED_AT_DAC_BRIDGE_OUTPUT,10000101,133,10000101,133,10000101,133,10000101,133,True,True
MC200_CMP_XM5_XM6_W8P2524_XM7_XM11_W16P8587_S111_LOW_W4,0,-2.79933e-06;-8.07857e-06;-2.89397e-06;-2.89093e-06;-8.01749e-06;-8.01728e-06;-2.87682e-06;-8.05938e-06,-2.82413e-06;-8.06479e-06;-2.9197e-06;-2.9154e-06;-8.01576e-06;-8.01382e-06;-2.90266e-06;-8.05163e-06,3.3;3.3;3.3;-1.67504e-06;-1.98071e-06;-1.97625e-06;-1.65866e-06;3.3,-1.75837e-06;-2.0039e-06;-1.66293e-06;3.3;3.3;3.3;3.3;-1.9638e-06,RETRY_5NS;RETRY_5NS;RETRY_5NS;RETRY_5NS;RETRY_5NS;RETRY_5NS;RETRY_5NS;RETRY_5NS,8,8,11100001,225,30,1110000,7,224,30,225,INFERRED_AT_DAC_BRIDGE_OUTPUT,11100001,225,11100001,225,11100001,225,11100001,225,True,True
MC200_CMP_XM5_XM6_W8P2524_XM7_XM11_W16P8587_S111_LOW_W4,1,-2.96152e-06;-8.28738e-06;-3.05137e-06;-3.03437e-06;-8.22373e-06;-8.22362e-06;-3.11113e-06;-8.26593e-06,-2.98797e-06;-8.26437e-06;-3.07894e-06;-3.06171e-06;-8.2149e-06;-8.21332e-06;-3.13719e-06;-8.25065e-06,3.3;3.3;3.3;3.3;-2.00074e-06;-1.99629e-06;-1.67885e-06;-1.98844e-06,-1.79164e-06;-2.03022e-06;-1.6858e-06;-1.6732e-06;3.3;3.3;3.3;3.3,RETRY_5NS;RETRY_5NS;RETRY_5NS;RETRY_5NS;RETRY_5NS;RETRY_5NS;RETRY_5NS;RETRY_5NS,8,8,11110000,240,15,1111000,7,240,14,240,INFERRED_AT_DAC_BRIDGE_OUTPUT,11110000,240,11110000,240,11110000,240,11110000,240,True,True
MC200_CMP_XM5_XM6_W8P2524_XM7_XM11_W16P8587_S111_LOW_W4,2,-3.00736e-06;-8.35976e-06;-3.1128e-06;-3.09527e-06;-8.30992e-06;-8.30795e-06;-3.08858e-06;-8.34875e-06,-3.03436e-06;-8.33543e-06;-3.13945e-06;-3.12238e-06;-8.28997e-06;-8.29038e-06;-3.11541e-06;-8.33014e-06,3.3;3.3;-1.70043e-06;-1.69203e-06;3.3;3.3;-1.68483e-06;3.3,-1.77606e-06;-2.02903e-06;3.3;3.3;-1.99483e-06;-1.98891e-06;3.3;-1.98593e-06,RETRY_5NS;RETRY_5NS;RETRY_5NS;RETRY_5NS;RETRY_5NS;RETRY_5NS;RETRY_5NS;RETRY_5NS,8,8,11001101,205,50,1100110,7,204,50,205,INFERRED_AT_DAC_BRIDGE_OUTPUT,11001101,205,11001101,205,11001101,205,11001101,205,True,True
MC200_CMP_XM5_XM6_W8P2524_XM7_XM11_W16P8587_S111_LOW_W4,3,-2.91399e-06;-8.28039e-06;-3.07866e-06;-3.03854e-06;-8.22395e-06;-8.2263e-06;-3.2051e-06;-8.26602e-06,-2.94001e-06;-8.27432e-06;-3.10469e-06;-3.06416e-06;-8.21217e-06;-8.21057e-06;-3.23208e-06;-8.25057e-06,3.3;-2.04265e-06;-1.69498e-06;-1.68756e-06;-1.99344e-06;3.3;3.3;3.3,-1.75892e-06;3.3;3.3;3.3;3.3;-1.98514e-06;-1.6781e-06;-1.97788e-06,RETRY_5NS;RETRY_5NS;RETRY_5NS;RETRY_5NS;RETRY_5NS;RETRY_5NS;RETRY_5NS;RETRY_5NS,8,8,10000111,135,120,1000011,7,134,120,135,INFERRED_AT_DAC_BRIDGE_OUTPUT,10000111,135,10000111,135,10000111,135,10000111,135,True,True
MC200_CMP_XM5_XM6_W8P2524_XM7_XM11_W16P8587_S111_LOW_W4,64,-2.92029e-06;-8.24295e-06;-2.80424e-06;-3.01081e-06;-7.8525e-06;-8.18258e-06;-2.84695e-06;-7.85259e-06,-2.94622e-06;-8.22202e-06;-2.82916e-06;-3.03642e-06;-7.85672e-06;-8.17281e-06;-2.87198e-06;-7.85274e-06,3.3;3.3;3.3;-1.68777e-06;-1.96535e-06;-1.99174e-06;-1.65845e-06;3.3,-1.77132e-06;-2.01973e-06;-1.65319e-06;3.3;3.3;3.3;3.3;-1.9454e-06,RETRY_5NS;RETRY_5NS;RETRY_5NS;RETRY_5NS;RETRY_5NS;RETRY_5NS;RETRY_5NS;RETRY_5NS,8,8,11100001,225,30,1110000,7,224,30,225,INFERRED_AT_DAC_BRIDGE_OUTPUT,11100001,225,11100001,225,11100001,225,11100001,225,True,True
MC200_CMP_XM5_XM6_W8P2524_XM7_XM11_W16P8587_S111_LOW_W4,65,-3.0815e-06;-8.45146e-06;-2.96215e-06;-3.15461e-06;-8.05874e-06;-8.38878e-06;-3.16746e-06;-8.05917e-06,-3.10909e-06;-8.42126e-06;-2.98885e-06;-3.18309e-06;-8.05579e-06;-8.37236e-06;-3.19311e-06;-8.05176e-06,3.3;3.3;3.3;3.3;-1.98404e-06;-2.01238e-06;-1.68419e-06;-2.00825e-06,-1.80481e-06;-2.04592e-06;-1.67624e-06;-1.68669e-06;3.3;3.3;3.3;3.3,RETRY_5NS;RETRY_5NS;RETRY_5NS;RETRY_5NS;RETRY_5NS;RETRY_5NS;RETRY_5NS;RETRY_5NS,8,8,11110000,240,15,1111000,7,240,14,240,INFERRED_AT_DAC_BRIDGE_OUTPUT,11110000,240,11110000,240,11110000,240,11110000,240,True,True
MC200_CMP_XM5_XM6_W8P2524_XM7_XM11_W16P8587_S111_LOW_W4,66,-3.12809e-06;-8.52411e-06;-3.0234e-06;-3.21544e-06;-8.14453e-06;-8.47331e-06;-3.05817e-06;-8.14203e-06,-3.15623e-06;-8.49283e-06;-3.04921e-06;-3.24376e-06;-8.13132e-06;-8.44934e-06;-3.08519e-06;-8.13121e-06,3.3;3.3;-1.69145e-06;-1.70505e-06;3.3;3.3;-1.68091e-06;3.3,-1.78905e-06;-2.04451e-06;3.3;3.3;-1.98054e-06;-2.00366e-06;3.3;-1.96993e-06,RETRY_5NS;RETRY_5NS;RETRY_5NS;RETRY_5NS;RETRY_5NS;RETRY_5NS;RETRY_5NS;RETRY_5NS,8,8,11001101,205,50,1100110,7,204,50,205,INFERRED_AT_DAC_BRIDGE_OUTPUT,11001101,205,11001101,205,11001101,205,11001101,205,True,True
MC200_CMP_XM5_XM6_W8P2524_XM7_XM11_W16P8587_S111_LOW_W4,67,-3.03712e-06;-8.44359e-06;-3.15801e-06;-3.15864e-06;-8.05871e-06;-7.66221e-06;-3.13303e-06;-8.05925e-06,-3.06429e-06;-8.43196e-06;-3.18356e-06;-3.18538e-06;-8.0531e-06;-7.63198e-06;-3.15978e-06;-8.0517e-06,3.3;-2.05941e-06;-1.69272e-06;-1.70264e-06;-1.97515e-06;3.3;3.3;3.3,-1.77305e-06;3.3;3.3;3.3;3.3;-2.0077e-06;-1.66839e-06;-1.95243e-06,RETRY_5NS;RETRY_5NS;RETRY_5NS;RETRY_5NS;RETRY_5NS;RETRY_5NS;RETRY_5NS;RETRY_5NS,8,8,10000111,135,120,1000011,7,134,120,135,INFERRED_AT_DAC_BRIDGE_OUTPUT,10000111,135,10000111,135,10000111,135,10000111,135,True,True
MC200_CMP_XM5_XM6_W8P2524_XM7_XM11_W16P8587_S112_LOW_W4,0,-3.09668e-06;-8.27226e-06;-3.20227e-06;-3.19971e-06;-8.21429e-06;-8.21386e-06;-3.1836e-06;-8.2498e-06,-3.00633e-06;-8.28486e-06;-3.1112e-06;-3.10751e-06;-8.23472e-06;-8.23265e-06;-3.09172e-06;-8.27065e-06,3.3;3.3;3.3;-1.59362e-06;-1.88467e-06;-1.88189e-06;-1.58466e-06;-1.87565e-06,-1.69277e-06;-1.92952e-06;-1.6006e-06;3.3;3.3;3.3;3.3;3.3,RETRY_5NS;RETRY_5NS;RETRY_5NS;RETRY_5NS;RETRY_5NS;RETRY_5NS;RETRY_5NS;RETRY_5NS,8,8,11100000,224,31,1110000,7,224,30,224,INFERRED_AT_DAC_BRIDGE_OUTPUT,11100000,224,11100000,224,11100000,224,11100000,224,True,True
MC200_CMP_XM5_XM6_W8P2524_XM7_XM11_W16P8587_S112_LOW_W4,1,-3.29185e-06;-8.48717e-06;-3.39215e-06;-3.37326e-06;-8.43228e-06;-8.43046e-06;-3.3659e-06;-8.46402e-06,-3.19661e-06;-8.52566e-06;-3.2961e-06;-3.27731e-06;-8.47064e-06;-8.47047e-06;-3.27054e-06;-8.51092e-06,3.3;3.3;3.3;-1.59802e-06;3.3;3.3;3.3;3.3,-1.72654e-06;-1.9591e-06;-1.62681e-06;3.3;-1.92215e-06;-1.9185e-06;-1.61504e-06;-1.91764e-06,RETRY_5NS;RETRY_5NS;RETRY_5NS;RETRY_5NS;RETRY_5NS;RETRY_5NS;RETRY_5NS;RETRY_5NS,8,8,11101111,239,16,1110111,7,238,16,239,INFERRED_AT_DAC_BRIDGE_OUTPUT,11101111,239,11101111,239,11101111,239,11101111,239,True,True
MC200_CMP_XM5_XM6_W8P2524_XM7_XM11_W16P8587_S112_LOW_W4,2,-3.24501e-06;-8.44191e-06;-3.3646e-06;-3.34448e-06;-8.39515e-06;-8.39287e-06;-3.33596e-06;-9.71252e-06,-3.15085e-06;-8.47868e-06;-3.26825e-06;-3.24795e-06;-8.43049e-06;-8.43099e-06;-3.23995e-06;-9.71145e-06,3.3;3.3;-1.61354e-06;-1.60377e-06;3.3;3.3;-1.60016e-06;-1.89396e-06,-1.70183e-06;-1.94606e-06;3.3;3.3;-1.91406e-06;-1.90693e-06;3.3;3.3,RETRY_5NS;RETRY_5NS;RETRY_5NS;RETRY_5NS;RETRY_5NS;RETRY_5NS;RETRY_5NS;RETRY_5NS,8,8,11001100,204,51,1100110,7,204,50,204,INFERRED_AT_DAC_BRIDGE_OUTPUT,11001100,204,11001100,204,11001100,204,11001100,204,True,True
MC200_CMP_XM5_XM6_W8P2524_XM7_XM11_W16P8587_S112_LOW_W4,3,-3.33361e-06;-8.58404e-06;-3.48994e-06;-3.46856e-06;-8.51459e-06;-8.53637e-06;-3.45724e-06;-8.31804e-06,-3.23625e-06;-8.65627e-06;-3.39029e-06;-3.3686e-06;-8.57372e-06;-8.59067e-06;-3.35889e-06;-8.38725e-06,3.3;-1.9623e-06;-1.62379e-06;-1.61782e-06;-1.91377e-06;3.3;3.3;-1.91367e-06,-1.70592e-06;3.3;3.3;3.3;3.3;-1.92831e-06;-1.6183e-06;3.3,RETRY_5NS;RETRY_5NS;RETRY_5NS;RETRY_5NS;RETRY_5NS;RETRY_5NS;RETRY_5NS;RETRY_5NS,8,8,10000110,134,121,1000011,7,134,120,134,INFERRED_AT_DAC_BRIDGE_OUTPUT,10000110,134,10000110,134,10000110,134,10000110,134,True,True
MC200_CMP_XM5_XM6_W8P2524_XM7_XM11_W16P8587_S112_LOW_W4,64,-3.21878e-06;-8.41311e-06;-3.1118e-06;-3.32032e-06;-8.07252e-06;-8.35585e-06;-3.15313e-06;-8.82603e-06,-3.12511e-06;-8.44323e-06;-3.02321e-06;-3.22478e-06;-8.07421e-06;-8.39317e-06;-3.06208e-06;-8.79633e-06,3.3;3.3;3.3;-1.60586e-06;-1.86984e-06;-1.89658e-06;-1.581e-06;3.3,-1.70624e-06;-1.94452e-06;-1.59163e-06;3.3;3.3;3.3;3.3;-1.85001e-06,RETRY_5NS;RETRY_5NS;RETRY_5NS;RETRY_5NS;RETRY_5NS;RETRY_5NS;RETRY_5NS;RETRY_5NS,8,8,11100001,225,30,1110000,7,224,30,225,INFERRED_AT_DAC_BRIDGE_OUTPUT,11100001,225,11100001,225,11100001,225,11100001,225,True,True
MC200_CMP_XM5_XM6_W8P2524_XM7_XM11_W16P8587_S112_LOW_W4,65,-3.4132e-06;-8.62777e-06;-3.30196e-06;-3.49964e-06;-8.21766e-06;-7.63225e-06;-3.33609e-06;-8.70798e-06,-3.31464e-06;-8.68374e-06;-3.20833e-06;-3.40049e-06;-8.24917e-06;-7.71872e-06;-3.24006e-06;-8.72112e-06,3.3;3.3;3.3;3.3;-1.89427e-06;-1.92414e-06;-1.59934e-06;-1.91866e-06,-1.74065e-06;-1.97485e-06;-1.61618e-06;-1.62203e-06;3.3;3.3;3.3;3.3,RETRY_5NS;RETRY_5NS;RETRY_5NS;RETRY_5NS;RETRY_5NS;RETRY_5NS;RETRY_5NS;RETRY_5NS,8,8,11110000,240,15,1111000,7,240,14,240,INFERRED_AT_DAC_BRIDGE_OUTPUT,11110000,240,11110000,240,11110000,240,11110000,240,True,True
MC200_CMP_XM5_XM6_W8P2524_XM7_XM11_W16P8587_S112_LOW_W4,66,-3.36758e-06;-8.58306e-06;-3.2744e-06;-3.46572e-06;-8.25289e-06;-8.5349e-06;-3.30548e-06;-8.24945e-06,-3.2701e-06;-8.63751e-06;-3.18054e-06;-3.36589e-06;-8.27042e-06;-8.59145e-06;-3.2103e-06;-8.2711e-06,3.3;3.3;-1.60442e-06;-1.61459e-06;3.3;3.3;-1.59665e-06;-1.87899e-06,-1.71468e-06;-1.96092e-06;3.3;3.3;-1.89948e-06;-1.91938e-06;3.3;3.3,RETRY_5NS;RETRY_5NS;RETRY_5NS;RETRY_5NS;RETRY_5NS;RETRY_5NS;RETRY_5NS;RETRY_5NS,8,8,11001100,204,51,1100110,7,204,50,204,INFERRED_AT_DAC_BRIDGE_OUTPUT,11001100,204,11001100,204,11001100,204,11001100,204,True,True
MC200_CMP_XM5_XM6_W8P2524_XM7_XM11_W16P8587_S112_LOW_W4,67,-3.45835e-06;-8.72363e-06;-3.40001e-06;-3.58965e-06;-8.27494e-06;-8.67861e-06;-3.42677e-06;-7.78413e-06,-3.35762e-06;-8.81499e-06;-3.30287e-06;-3.48636e-06;-8.31818e-06;-8.75089e-06;-3.32925e-06;-7.84208e-06,3.3;-1.97792e-06;-1.61557e-06;-1.63042e-06;-1.89945e-06;3.3;3.3;-1.89999e-06,-1.71947e-06;3.3;3.3;3.3;3.3;-1.94104e-06;-1.61386e-06;3.3,RETRY_5NS;RETRY_5NS;RETRY_5NS;RETRY_5NS;RETRY_5NS;RETRY_5NS;RETRY_5NS;RETRY_5NS,8,8,10000110,134,121,1000011,7,134,120,134,INFERRED_AT_DAC_BRIDGE_OUTPUT,10000110,134,10000110,134,10000110,134,10000110,134,True,True
MC200_CMP_XM5_XM6_W8P2524_XM7_XM11_W16P8587_S113_LOW_W4,0,-2.97925e-06;-8.41636e-06;-3.05063e-06;-3.04866e-06;-8.1274e-06;-8.3604e-06;-3.0401e-06;-8.40282e-06,-2.98372e-06;-8.40512e-06;-3.05584e-06;-3.05224e-06;-8.12904e-06;-8.35965e-06;-3.04505e-06;-8.40122e-06,3.3;3.3;3.3;-1.65879e-06;-1.96622e-06;-1.95833e-06;3.3;-1.95542e-06,-1.75209e-06;-1.99756e-06;-1.65835e-06;3.3;3.3;3.3;-1.64719e-06;3.3,RETRY_5NS;RETRY_5NS;RETRY_5NS;RETRY_5NS;RETRY_5NS;RETRY_5NS;RETRY_5NS;RETRY_5NS,8,8,11100010,226,29,1110001,7,226,28,226,INFERRED_AT_DAC_BRIDGE_OUTPUT,11100010,226,11100010,226,11100010,226,11100010,226,True,True
MC200_CMP_XM5_XM6_W8P2524_XM7_XM11_W16P8587_S113_LOW_W4,1,-2.97914e-06;-8.41042e-06;-3.05724e-06;-3.04469e-06;-8.35953e-06;-8.35997e-06;-3.04055e-06;-8.40366e-06,-2.98389e-06;-8.39885e-06;-3.06258e-06;-3.04943e-06;-8.36166e-06;-8.36035e-06;-3.04461e-06;-8.40043e-06,3.3;3.3;3.3;3.3;-1.9643e-06;-1.96003e-06;-1.64516e-06;3.3,-1.76745e-06;-2.00352e-06;-1.66295e-06;-1.65277e-06;3.3;3.3;3.3;-1.95959e-06,RETRY_5NS;RETRY_5NS;RETRY_5NS;RETRY_5NS;RETRY_5NS;RETRY_5NS;RETRY_5NS;RETRY_5NS,8,8,11110001,241,14,1111000,7,240,14,241,INFERRED_AT_DAC_BRIDGE_OUTPUT,11110001,241,11110001,241,11110001,241,11110001,241,True,True
MC200_CMP_XM5_XM6_W8P2524_XM7_XM11_W16P8587_S113_LOW_W4,2,-2.96776e-06;-8.41102e-06;-3.05758e-06;-3.04487e-06;-8.36374e-06;-8.36203e-06;-3.0403e-06;-8.40272e-06,-2.97252e-06;-8.40173e-06;-3.06128e-06;-3.0492e-06;-8.35744e-06;-8.35819e-06;-3.04479e-06;-8.40143e-06,3.3;3.3;-1.66494e-06;-1.65263e-06;3.3;3.3;3.3;-1.95931e-06,-1.74382e-06;-1.9954e-06;3.3;3.3;-1.96231e-06;-1.95766e-06;-1.64362e-06;3.3,RETRY_5NS;RETRY_5NS;RETRY_5NS;RETRY_5NS;RETRY_5NS;RETRY_5NS;RETRY_5NS;RETRY_5NS,8,8,11001110,206,49,1100111,7,206,48,206,INFERRED_AT_DAC_BRIDGE_OUTPUT,11001110,206,11001110,206,11001110,206,11001110,206,True,True
MC200_CMP_XM5_XM6_W8P2524_XM7_XM11_W16P8587_S113_LOW_W4,3,-2.91198e-06;-8.36861e-06;-3.03049e-06;-3.01592e-06;-8.3183e-06;-8.31782e-06;-3.00929e-06;-7.58832e-06,-2.91641e-06;-8.37561e-06;-3.03423e-06;-3.01921e-06;-8.31695e-06;-8.31913e-06;-3.0135e-06;-7.5871e-06,3.3;-2.00576e-06;-1.6621e-06;-1.65507e-06;3.3;-1.95928e-06;-1.64798e-06;-1.96439e-06,-1.73268e-06;3.3;3.3;3.3;-1.94323e-06;3.3;3.3;3.3,RETRY_5NS;RETRY_5NS;RETRY_5NS;RETRY_5NS;RETRY_5NS;RETRY_5NS;RETRY_5NS;RETRY_5NS,8,8,10001000,136,119,1000100,7,136,118,136,INFERRED_AT_DAC_BRIDGE_OUTPUT,10001000,136,10001000,136,10001000,136,10001000,136,True,True
MC200_CMP_XM5_XM6_W8P2524_XM7_XM11_W16P8587_S113_LOW_W4,64,-3.09596e-06;-8.584e-06;-2.9572e-06;-3.17352e-06;-8.19145e-06;-8.52881e-06;-3.00872e-06;-8.19207e-06,-3.10051e-06;-8.57128e-06;-2.96241e-06;-3.17721e-06;-8.1936e-06;-8.52737e-06;-3.01366e-06;-8.19162e-06,3.3;3.3;3.3;-1.67297e-06;-1.94891e-06;-1.9735e-06;3.3;-1.9388e-06,-1.76603e-06;-2.0113e-06;-1.64922e-06;3.3;3.3;3.3;-1.64374e-06;3.3,RETRY_5NS;RETRY_5NS;RETRY_5NS;RETRY_5NS;RETRY_5NS;RETRY_5NS;RETRY_5NS;RETRY_5NS,8,8,11100010,226,29,1110001,7,226,28,226,INFERRED_AT_DAC_BRIDGE_OUTPUT,11100010,226,11100010,226,11100010,226,11100010,226,True,True
MC200_CMP_XM5_XM6_W8P2524_XM7_XM11_W16P8587_S113_LOW_W4,65,-3.10396e-06;-8.58612e-06;-2.96413e-06;-3.16959e-06;-8.19142e-06;-8.52826e-06;-3.00916e-06;-8.19293e-06,-3.10876e-06;-8.57304e-06;-2.96942e-06;-3.17469e-06;-8.19387e-06;-8.52822e-06;-3.0132e-06;-8.19067e-06,3.3;3.3;3.3;3.3;-1.94894e-06;-1.97531e-06;-1.63984e-06;3.3,-1.78049e-06;-2.01911e-06;-1.65377e-06;-1.66311e-06;3.3;3.3;3.3;-1.97775e-06,RETRY_5NS;RETRY_5NS;RETRY_5NS;RETRY_5NS;RETRY_5NS;RETRY_5NS;RETRY_5NS;RETRY_5NS,8,8,11110001,241,14,1111000,7,240,14,241,INFERRED_AT_DAC_BRIDGE_OUTPUT,11110001,241,11110001,241,11110001,241,11110001,241,True,True
MC200_CMP_XM5_XM6_W8P2524_XM7_XM11_W16P8587_S113_LOW_W4,66,-3.09339e-06;-8.57864e-06;-2.96444e-06;-3.16995e-06;-8.1952e-06;-8.53039e-06;-3.00914e-06;-8.19205e-06,-3.09822e-06;-8.56807e-06;-2.96806e-06;-3.17444e-06;-8.19004e-06;-8.52589e-06;-3.0132e-06;-8.19168e-06,3.3;3.3;-1.65504e-06;-1.66646e-06;3.3;3.3;3.3;-1.94058e-06,-1.75763e-06;-2.0108e-06;3.3;3.3;-1.94626e-06;-1.97405e-06;-1.63975e-06;3.3,RETRY_5NS;RETRY_5NS;RETRY_5NS;RETRY_5NS;RETRY_5NS;RETRY_5NS;RETRY_5NS;RETRY_5NS,8,8,11001110,206,49,1100111,7,206,48,206,INFERRED_AT_DAC_BRIDGE_OUTPUT,11001110,206,11001110,206,11001110,206,11001110,206,True,True
MC200_CMP_XM5_XM6_W8P2524_XM7_XM11_W16P8587_S113_LOW_W4,67,-3.0394e-06;-8.5352e-06;-2.93739e-06;-3.14101e-06;-8.14988e-06;-8.48605e-06;-2.97792e-06;-8.14989e-06,-3.0439e-06;-8.54229e-06;-2.94104e-06;-3.14439e-06;-8.14934e-06;-8.48693e-06;-2.98209e-06;-8.14984e-06,3.3;-2.02174e-06;-1.65302e-06;-1.66862e-06;3.3;-1.97451e-06;-1.64638e-06;-1.9389e-06,-1.74596e-06;3.3;3.3;3.3;-1.92693e-06;3.3;3.3;3.3,RETRY_5NS;RETRY_5NS;RETRY_5NS;RETRY_5NS;RETRY_5NS;RETRY_5NS;RETRY_5NS;RETRY_5NS,8,8,10001000,136,119,1000100,7,136,118,136,INFERRED_AT_DAC_BRIDGE_OUTPUT,10001000,136,10001000,136,10001000,136,10001000,136,True,True
MC200_CMP_XM5_XM6_W8P2524_XM7_XM11_W16P8587_S114_LOW_W4,0,-3.06292e-06;-8.23748e-06;-3.03803e-06;-3.03541e-06;-7.97401e-06;-8.17572e-06;-3.02103e-06;-8.21742e-06,-3.00736e-06;-8.23061e-06;-2.98152e-06;-2.97772e-06;-7.97917e-06;-8.17634e-06;-2.96363e-06;-8.21765e-06,3.3;3.3;3.3;-1.65791e-06;-1.96321e-06;-1.9579e-06;-1.64675e-06;3.3,-1.73395e-06;-1.97168e-06;-1.63702e-06;3.3;3.3;3.3;3.3;-1.92771e-06,RETRY_5NS;RETRY_5NS;RETRY_5NS;RETRY_5NS;RETRY_5NS;RETRY_5NS;RETRY_5NS;RETRY_5NS,8,8,11100001,225,30,1110000,7,224,30,225,INFERRED_AT_DAC_BRIDGE_OUTPUT,11100001,225,11100001,225,11100001,225,11100001,225,True,True
MC200_CMP_XM5_XM6_W8P2524_XM7_XM11_W16P8587_S114_LOW_W4,1,-3.09906e-06;-8.44405e-06;-3.19394e-06;-3.17655e-06;-8.38011e-06;-8.38005e-06;-3.1702e-06;-8.42139e-06,-3.04033e-06;-8.44905e-06;-3.13492e-06;-3.11748e-06;-8.39614e-06;-8.39448e-06;-3.11058e-06;-8.43625e-06,3.3;3.3;3.3;3.3;-1.98046e-06;-1.97757e-06;-1.66319e-06;-1.9741e-06,-1.76362e-06;-1.99709e-06;-1.65965e-06;-1.64255e-06;3.3;3.3;3.3;3.3,RETRY_5NS;RETRY_5NS;RETRY_5NS;RETRY_5NS;RETRY_5NS;RETRY_5NS;RETRY_5NS;RETRY_5NS,8,8,11110000,240,15,1111000,7,240,14,240,INFERRED_AT_DAC_BRIDGE_OUTPUT,11110000,240,11110000,240,11110000,240,11110000,240,True,True
MC200_CMP_XM5_XM6_W8P2524_XM7_XM11_W16P8587_S114_LOW_W4,2,-2.57512e-06;-7.74278e-06;-2.75052e-06;-2.50816e-06;-8.2363e-06;-7.68615e-06;-2.66302e-06;-7.72533e-06,-2.52542e-06;-7.70809e-06;-2.69911e-06;-2.45513e-06;-8.19303e-06;-7.65184e-06;-2.61174e-06;-7.69577e-06,3.3;3.3;-1.63088e-06;-1.61422e-06;3.3;3.3;-1.61101e-06;-1.90533e-06,-1.68371e-06;-1.92363e-06;3.3;3.3;-1.8965e-06;-1.88803e-06;3.3;3.3,RETRY_5NS;RETRY_5NS;RETRY_5NS;RETRY_5NS;RETRY_5NS;RETRY_5NS;RETRY_5NS;RETRY_5NS,8,8,11001100,204,51,1100110,7,204,50,204,INFERRED_AT_DAC_BRIDGE_OUTPUT,11001100,204,11001100,204,11001100,204,11001100,204,True,True
MC200_CMP_XM5_XM6_W8P2524_XM7_XM11_W16P8587_S114_LOW_W4,3,-3.11102e-06;-8.51735e-06;-3.26043e-06;-3.24032e-06;-8.46227e-06;-8.65279e-06;-3.28505e-06;-8.5033e-06,-3.0514e-06;-8.54607e-06;-3.1992e-06;-3.17871e-06;-8.48021e-06;-8.66368e-06;-3.22558e-06;-8.52335e-06,3.3;-2.03013e-06;-1.68391e-06;-1.67757e-06;-1.98147e-06;3.3;3.3;-1.98132e-06,-1.73713e-06;3.3;3.3;3.3;3.3;-1.96072e-06;-1.65118e-06;3.3,RETRY_5NS;RETRY_5NS;RETRY_5NS;RETRY_5NS;RETRY_5NS;RETRY_5NS;RETRY_5NS;RETRY_5NS,8,8,10000110,134,121,1000011,7,134,120,134,INFERRED_AT_DAC_BRIDGE_OUTPUT,10000110,134,10000110,134,10000110,134,10000110,134,True,True
MC200_CMP_XM5_XM6_W8P2524_XM7_XM11_W16P8587_S114_LOW_W4,64,-3.05781e-06;-8.39999e-06;-2.94936e-06;-3.1538e-06;-9.04896e-06;-8.3392e-06;-2.99118e-06;-8.0128e-06,-2.99945e-06;-8.40289e-06;-2.8944e-06;-3.09402e-06;-9.02183e-06;-8.35071e-06;-2.9343e-06;-7.99974e-06,3.3;3.3;3.3;-1.66921e-06;-1.94246e-06;-1.97306e-06;-1.64169e-06;3.3,-1.74456e-06;-1.98763e-06;-1.62758e-06;3.3;3.3;3.3;3.3;-1.91285e-06,RETRY_5NS;RETRY_5NS;RETRY_5NS;RETRY_5NS;RETRY_5NS;RETRY_5NS;RETRY_5NS;RETRY_5NS,8,8,11100001,225,30,1110000,7,224,30,225,INFERRED_AT_DAC_BRIDGE_OUTPUT,11100001,225,11100001,225,11100001,225,11100001,225,True,True
MC200_CMP_XM5_XM6_W8P2524_XM7_XM11_W16P8587_S114_LOW_W4,65,-3.21793e-06;-8.60631e-06;-3.10578e-06;-3.2954e-06;-8.21684e-06;-8.54351e-06;-3.14039e-06;-8.21668e-06,-3.15712e-06;-8.62105e-06;-3.04826e-06;-3.23427e-06;-8.22188e-06;-8.56873e-06;-3.08125e-06;-8.2184e-06,3.3;3.3;3.3;3.3;-1.96611e-06;-1.99242e-06;-1.66171e-06;-1.99094e-06,-1.77707e-06;-2.01239e-06;-1.65055e-06;-1.65654e-06;3.3;3.3;3.3;3.3,RETRY_5NS;RETRY_5NS;RETRY_5NS;RETRY_5NS;RETRY_5NS;RETRY_5NS;RETRY_5NS;RETRY_5NS,8,8,11110000,240,15,1111000,7,240,14,240,INFERRED_AT_DAC_BRIDGE_OUTPUT,11110000,240,11110000,240,11110000,240,11110000,240,True,True
MC200_CMP_XM5_XM6_W8P2524_XM7_XM11_W16P8587_S114_LOW_W4,66,-2.69495e-06;-7.9051e-06;-2.62473e-06;-2.82952e-06;-7.5579e-06;-7.84972e-06;-2.63316e-06;-7.52116e-06,-2.64316e-06;-7.88039e-06;-2.57477e-06;-2.77604e-06;-7.49154e-06;-7.82599e-06;-2.58241e-06;-7.47749e-06,3.3;3.3;-1.62125e-06;-1.62991e-06;3.3;3.3;-1.60791e-06;-1.88013e-06,-1.69749e-06;-1.93957e-06;3.3;3.3;-1.88457e-06;-1.9018e-06;3.3;3.3,RETRY_5NS;RETRY_5NS;RETRY_5NS;RETRY_5NS;RETRY_5NS;RETRY_5NS;RETRY_5NS;RETRY_5NS,8,8,11001100,204,51,1100110,7,204,50,204,INFERRED_AT_DAC_BRIDGE_OUTPUT,11001100,204,11001100,204,11001100,204,11001100,204,True,True
MC200_CMP_XM5_XM6_W8P2524_XM7_XM11_W16P8587_S114_LOW_W4,67,-3.23307e-06;-8.67866e-06;-3.17235e-06;-3.35898e-06;-8.2987e-06;-7.57472e-06;-3.28084e-06;-8.29859e-06,-3.17134e-06;-8.71875e-06;-3.11269e-06;-3.29528e-06;-8.30621e-06;-7.61713e-06;-3.22201e-06;-8.30552e-06,3.3;-2.04691e-06;-1.67358e-06;-1.68974e-06;-1.96717e-06;3.3;3.3;-1.9614e-06,-1.75063e-06;3.3;3.3;3.3;3.3;-1.98493e-06;-1.64937e-06;3.3,RETRY_5NS;RETRY_5NS;RETRY_5NS;RETRY_5NS;RETRY_5NS;RETRY_5NS;RETRY_5NS;RETRY_5NS,8,8,10000110,134,121,1000011,7,134,120,134,INFERRED_AT_DAC_BRIDGE_OUTPUT,10000110,134,10000110,134,10000110,134,10000110,134,True,True
MC200_CMP_XM5_XM6_W8P2524_XM7_XM11_W16P8587_S115_LOW_W4,0,-3.08346e-06;-8.364e-06;-3.18186e-06;-3.17991e-06;-8.71606e-06;-8.30878e-06;-3.16574e-06;-8.34587e-06,-3.11915e-06;-8.35701e-06;-3.21923e-06;-3.21751e-06;-8.72278e-06;-8.30891e-06;-3.20351e-06;-8.34602e-06,3.3;3.3;-1.68787e-06;3.3;3.3;3.3;3.3;3.3,-1.69587e-06;-1.93512e-06;3.3;-1.60768e-06;-1.89993e-06;-1.8981e-06;-1.59932e-06;-1.89571e-06,RETRY_5NS;RETRY_5NS;RETRY_5NS;RETRY_5NS;RETRY_5NS;RETRY_5NS;RETRY_5NS;RETRY_5NS,8,8,11011111,223,32,1101111,7,222,32,223,INFERRED_AT_DAC_BRIDGE_OUTPUT,11011111,223,11011111,223,11011111,223,11011111,223,True,True
MC200_CMP_XM5_XM6_W8P2524_XM7_XM11_W16P8587_S115_LOW_W4,1,-3.1252e-06;-8.40606e-06;-3.25322e-06;-3.18687e-06;-8.34919e-06;-8.34747e-06;-3.19601e-06;-9.24326e-06,-3.16181e-06;-8.39646e-06;-3.29147e-06;-3.22391e-06;-8.34583e-06;-8.34573e-06;-3.23393e-06;-9.26062e-06,3.3;3.3;3.3;-1.68709e-06;3.3;3.3;3.3;3.3,-1.71463e-06;-1.94335e-06;-1.61696e-06;3.3;-1.9059e-06;-1.90242e-06;-1.60008e-06;-1.89054e-06,RETRY_5NS;RETRY_5NS;RETRY_5NS;RETRY_5NS;RETRY_5NS;RETRY_5NS;RETRY_5NS;RETRY_5NS,8,8,11101111,239,16,1110111,7,238,16,239,INFERRED_AT_DAC_BRIDGE_OUTPUT,11101111,239,11101111,239,11101111,239,11101111,239,True,True
MC200_CMP_XM5_XM6_W8P2524_XM7_XM11_W16P8587_S115_LOW_W4,2,-3.58145e-06;-8.2135e-06;-3.43203e-06;-3.23754e-06;-8.58159e-06;-8.57909e-06;-3.37747e-06;-8.30117e-06,-3.62165e-06;-8.18577e-06;-3.47249e-06;-3.27705e-06;-8.56661e-06;-8.56799e-06;-3.41845e-06;-8.28146e-06,3.3;3.3;-1.72294e-06;-1.70963e-06;3.3;-2.02206e-06;3.3;3.3,-1.71686e-06;-1.95947e-06;3.3;3.3;-1.9257e-06;3.3;-1.62063e-06;-1.92163e-06,RETRY_5NS;RETRY_5NS;RETRY_5NS;RETRY_5NS;RETRY_5NS;RETRY_5NS;RETRY_5NS;RETRY_5NS,8,8,11001011,203,52,1100101,7,202,52,203,INFERRED_AT_DAC_BRIDGE_OUTPUT,11001011,203,11001011,203,11001011,203,11001011,203,True,True
MC200_CMP_XM5_XM6_W8P2524_XM7_XM11_W16P8587_S115_LOW_W4,3,-3.32693e-06;-8.59085e-06;-3.37651e-06;-3.35721e-06;-8.53927e-06;-8.54111e-06;-3.34729e-06;-8.57963e-06,-3.36584e-06;-8.5903e-06;-3.41646e-06;-3.39652e-06;-8.53211e-06;-8.53055e-06;-3.3871e-06;-8.56764e-06,3.3;-2.07352e-06;-1.7182e-06;-1.71107e-06;-2.02657e-06;3.3;-1.70258e-06;3.3,-1.70121e-06;3.3;3.3;3.3;3.3;-1.91489e-06;3.3;-1.91534e-06,RETRY_5NS;RETRY_5NS;RETRY_5NS;RETRY_5NS;RETRY_5NS;RETRY_5NS;RETRY_5NS;RETRY_5NS,8,8,10000101,133,122,1000010,7,132,122,133,INFERRED_AT_DAC_BRIDGE_OUTPUT,10000101,133,10000101,133,10000101,133,10000101,133,True,True
MC200_CMP_XM5_XM6_W8P2524_XM7_XM11_W16P8587_S115_LOW_W4,64,-3.20482e-06;-8.51872e-06;-3.09216e-06;-3.2996e-06;-7.79388e-06;-8.46479e-06;-3.13593e-06;-8.15092e-06,-3.24288e-06;-8.50263e-06;-3.12777e-06;-3.33959e-06;-7.79415e-06;-8.45625e-06;-3.17239e-06;-8.16142e-06,3.3;3.3;-1.67785e-06;3.3;3.3;3.3;3.3;3.3,-1.70944e-06;-1.95014e-06;3.3;-1.62039e-06;-1.89301e-06;-1.91362e-06;-1.59642e-06;-1.87729e-06,RETRY_5NS;RETRY_5NS;RETRY_5NS;RETRY_5NS;RETRY_5NS;RETRY_5NS;RETRY_5NS;RETRY_5NS,8,8,11011111,223,32,1101111,7,222,32,223,INFERRED_AT_DAC_BRIDGE_OUTPUT,11011111,223,11011111,223,11011111,223,11011111,223,True,True
MC200_CMP_XM5_XM6_W8P2524_XM7_XM11_W16P8587_S115_LOW_W4,65,-3.24523e-06;-8.56058e-06;-3.1304e-06;-3.51717e-06;-8.19323e-06;-8.50345e-06;-3.16581e-06;-9.5536e-06,-3.28419e-06;-8.54184e-06;-3.16686e-06;-3.55772e-06;-8.19866e-06;-8.4931e-06;-3.20315e-06;-9.59032e-06,3.3;3.3;3.3;-1.70875e-06;3.3;3.3;3.3;3.3,-1.72735e-06;-1.95806e-06;-1.60675e-06;3.3;-1.89083e-06;-1.91669e-06;-1.59833e-06;-1.91245e-06,RETRY_5NS;RETRY_5NS;RETRY_5NS;RETRY_5NS;RETRY_5NS;RETRY_5NS;RETRY_5NS;RETRY_5NS,8,8,11101111,239,16,1110111,7,238,16,239,INFERRED_AT_DAC_BRIDGE_OUTPUT,11101111,239,11101111,239,11101111,239,11101111,239,True,True
MC200_CMP_XM5_XM6_W8P2524_XM7_XM11_W16P8587_S115_LOW_W4,66,-3.64223e-06;-8.78288e-06;-3.38676e-06;-3.50277e-06;-8.42571e-06;-8.73494e-06;-3.34733e-06;-8.98456e-06,-3.68516e-06;-8.75351e-06;-3.42544e-06;-3.54446e-06;-8.41934e-06;-8.71561e-06;-3.38778e-06;-8.99228e-06,3.3;3.3;-1.71474e-06;-1.7239e-06;3.3;-2.03802e-06;3.3;3.3,-1.73244e-06;-1.97203e-06;3.3;3.3;-1.91007e-06;3.3;-1.61781e-06;-1.89901e-06,RETRY_5NS;RETRY_5NS;RETRY_5NS;RETRY_5NS;RETRY_5NS;RETRY_5NS;RETRY_5NS;RETRY_5NS,8,8,11001011,203,52,1100101,7,202,52,203,INFERRED_AT_DAC_BRIDGE_OUTPUT,11001011,203,11001011,203,11001011,203,11001011,203,True,True
MC200_CMP_XM5_XM6_W8P2524_XM7_XM11_W16P8587_S115_LOW_W4,67,-3.46433e-06;-8.74434e-06;-3.2875e-06;-3.4771e-06;-7.90098e-06;-8.69706e-06;-3.3171e-06;-8.38479e-06,-3.50562e-06;-8.73629e-06;-3.32572e-06;-3.51873e-06;-7.89657e-06;-8.67805e-06;-3.35632e-06;-8.38296e-06,3.3;-2.08908e-06;-1.70807e-06;-1.72603e-06;-2.0157e-06;3.3;-1.69766e-06;3.3,-1.71562e-06;3.3;3.3;3.3;3.3;-1.93081e-06;3.3;-1.89956e-06,RETRY_5NS;RETRY_5NS;RETRY_5NS;RETRY_5NS;RETRY_5NS;RETRY_5NS;RETRY_5NS;RETRY_5NS,8,8,10000101,133,122,1000010,7,132,122,133,INFERRED_AT_DAC_BRIDGE_OUTPUT,10000101,133,10000101,133,10000101,133,10000101,133,True,True
MC200_CMP_XM5_XM6_W8P2524_XM7_XM11_W16P8587_S116_LOW_W4,0,-3.04006e-06;-7.78108e-06;-3.13445e-06;-3.13265e-06;-8.36417e-06;-8.3641e-06;-3.11996e-06;-8.40623e-06,-3.02081e-06;-7.78106e-06;-3.1148e-06;-3.11179e-06;-8.36623e-06;-8.36428e-06;-3.0994e-06;-8.40567e-06,3.3;3.3;3.3;-1.65454e-06;-1.95391e-06;-1.94942e-06;-1.6413e-06;3.3,-1.85539e-06;-2.12399e-06;-1.75709e-06;3.3;3.3;3.3;3.3;-2.06962e-06,RETRY_5NS;RETRY_5NS;RETRY_5NS;RETRY_5NS;RETRY_5NS;RETRY_5NS;RETRY_5NS;RETRY_5NS,8,8,11100001,225,30,1110000,7,224,30,225,INFERRED_AT_DAC_BRIDGE_OUTPUT,11100001,225,11100001,225,11100001,225,11100001,225,True,True
MC200_CMP_XM5_XM6_W8P2524_XM7_XM11_W16P8587_S116_LOW_W4,1,-3.14093e-06;-8.55162e-06;-3.21659e-06;-3.21611e-06;-8.48889e-06;-8.48896e-06;-3.26288e-06;-8.53121e-06,-3.12052e-06;-8.54481e-06;-3.19639e-06;-3.19428e-06;-8.49553e-06;-8.49398e-06;-3.24123e-06;-8.53517e-06,3.3;3.3;3.3;3.3;-1.96546e-06;-1.96372e-06;-1.65607e-06;-1.95863e-06,-1.88227e-06;-2.13251e-06;-1.76845e-06;-1.75683e-06;3.3;3.3;3.3;3.3,RETRY_5NS;RETRY_5NS;RETRY_5NS;RETRY_5NS;RETRY_5NS;RETRY_5NS;RETRY_5NS;RETRY_5NS,8,8,11110000,240,15,1111000,7,240,14,240,INFERRED_AT_DAC_BRIDGE_OUTPUT,11110000,240,11110000,240,11110000,240,11110000,240,True,True
MC200_CMP_XM5_XM6_W8P2524_XM7_XM11_W16P8587_S116_LOW_W4,2,-2.40351e-06;-7.54718e-06;-2.52214e-06;-2.49845e-06;-7.49176e-06;-7.48924e-06;-2.48832e-06;-7.53028e-06,-2.39391e-06;-7.51393e-06;-2.51078e-06;-2.48669e-06;-7.45903e-06;-7.459e-06;-2.47711e-06;-7.50154e-06,3.3;3.3;-1.59545e-06;-1.58533e-06;3.3;3.3;-1.58003e-06;-1.86888e-06,-1.77537e-06;-2.02858e-06;3.3;3.3;-1.99753e-06;-1.98984e-06;3.3;3.3,RETRY_5NS;RETRY_5NS;RETRY_5NS;RETRY_5NS;RETRY_5NS;RETRY_5NS;RETRY_5NS;RETRY_5NS,8,8,11001100,204,51,1100110,7,204,50,204,INFERRED_AT_DAC_BRIDGE_OUTPUT,11001100,204,11001100,204,11001100,204,11001100,204,True,True
MC200_CMP_XM5_XM6_W8P2524_XM7_XM11_W16P8587_S116_LOW_W4,3,-3.0052e-06;-8.42037e-06;-3.14966e-06;-3.13029e-06;-8.36411e-06;-8.36604e-06;-3.11987e-06;-8.40611e-06,-2.98613e-06;-8.42811e-06;-3.12889e-06;-3.10921e-06;-8.36383e-06;-8.36179e-06;-3.0994e-06;-8.40601e-06,3.3;-1.9993e-06;-1.65822e-06;-1.6521e-06;-1.94895e-06;3.3;3.3;-1.948e-06,-1.8396e-06;3.3;3.3;3.3;3.3;-2.07638e-06;-1.74638e-06;3.3,RETRY_5NS;RETRY_5NS;RETRY_5NS;RETRY_5NS;RETRY_5NS;RETRY_5NS;RETRY_5NS;RETRY_5NS,8,8,10000110,134,121,1000011,7,134,120,134,INFERRED_AT_DAC_BRIDGE_OUTPUT,10000110,134,10000110,134,10000110,134,10000110,134,True,True
MC200_CMP_XM5_XM6_W8P2524_XM7_XM11_W16P8587_S116_LOW_W4,64,-3.16079e-06;-8.52771e-06;-3.04501e-06;-3.25203e-06;-8.19782e-06;-8.53062e-06;-3.08974e-06;-8.19763e-06,-3.13976e-06;-8.52326e-06;-3.02668e-06;-3.22937e-06;-8.19389e-06;-8.53675e-06;-3.06997e-06;-8.19043e-06,3.3;3.3;3.3;-1.66705e-06;-1.94003e-06;-1.96638e-06;-1.64015e-06;-1.92059e-06,-1.87015e-06;-2.13169e-06;-1.74626e-06;3.3;3.3;3.3;3.3;3.3,RETRY_5NS;RETRY_5NS;RETRY_5NS;RETRY_5NS;RETRY_5NS;RETRY_5NS;RETRY_5NS;RETRY_5NS,8,8,11100000,224,31,1110000,7,224,30,224,INFERRED_AT_DAC_BRIDGE_OUTPUT,11100000,224,11100000,224,11100000,224,11100000,224,True,True
MC200_CMP_XM5_XM6_W8P2524_XM7_XM11_W16P8587_S116_LOW_W4,65,-3.26067e-06;-8.71697e-06;-3.15506e-06;-3.33595e-06;-8.32255e-06;-8.65547e-06;-3.23237e-06;-8.32268e-06,-3.23848e-06;-8.71484e-06;-3.13566e-06;-3.31235e-06;-8.32322e-06;-8.66611e-06;-3.21116e-06;-8.31985e-06,3.3;3.3;3.3;3.3;-1.95207e-06;-1.97873e-06;-1.65303e-06;-1.97808e-06,-1.89631e-06;-2.14864e-06;-1.7637e-06;-1.76822e-06;3.3;3.3;3.3;3.3,RETRY_5NS;RETRY_5NS;RETRY_5NS;RETRY_5NS;RETRY_5NS;RETRY_5NS;RETRY_5NS;RETRY_5NS,8,8,11110000,240,15,1111000,7,240,14,240,INFERRED_AT_DAC_BRIDGE_OUTPUT,11110000,240,11110000,240,11110000,240,11110000,240,True,True
MC200_CMP_XM5_XM6_W8P2524_XM7_XM11_W16P8587_S116_LOW_W4,66,-2.52391e-06;-7.71293e-06;-2.43305e-06;-2.6182e-06;-7.32493e-06;-7.65599e-06;-2.45823e-06;-7.32171e-06,-2.51253e-06;-7.68457e-06;-2.42303e-06;-2.60465e-06;-7.28711e-06;-7.63113e-06;-2.44746e-06;-7.28619e-06,3.3;3.3;-1.58476e-06;-1.59654e-06;3.3;3.3;-1.57699e-06;-1.84946e-06,-1.78885e-06;-2.04565e-06;3.3;3.3;-1.98169e-06;-2.0042e-06;3.3;3.3,RETRY_5NS;RETRY_5NS;RETRY_5NS;RETRY_5NS;RETRY_5NS;RETRY_5NS;RETRY_5NS;RETRY_5NS,8,8,11001100,204,51,1100110,7,204,50,204,INFERRED_AT_DAC_BRIDGE_OUTPUT,11001100,204,11001100,204,11001100,204,11001100,204,True,True
MC200_CMP_XM5_XM6_W8P2524_XM7_XM11_W16P8587_S116_LOW_W4,67,-3.12806e-06;-8.53993e-06;-3.06103e-06;-3.2499e-06;-8.87222e-06;-8.07575e-06;-3.08976e-06;-8.1976e-06,-3.10719e-06;-8.5545e-06;-3.04162e-06;-3.22702e-06;-8.85544e-06;-8.08293e-06;-3.06973e-06;-8.19066e-06,3.3;-2.01604e-06;-1.64926e-06;-1.66464e-06;-1.92844e-06;3.3;3.3;-1.93053e-06,-1.85358e-06;3.3;3.3;3.3;3.3;-2.0945e-06;-1.74104e-06;3.3,RETRY_5NS;RETRY_5NS;RETRY_5NS;RETRY_5NS;RETRY_5NS;RETRY_5NS;RETRY_5NS;RETRY_5NS,8,8,10000110,134,121,1000011,7,134,120,134,INFERRED_AT_DAC_BRIDGE_OUTPUT,10000110,134,10000110,134,10000110,134,10000110,134,True,True
MC200_CMP_XM5_XM6_W8P2524_XM7_XM11_W16P8587_S117_LOW_W4,0,-3.09826e-06;-8.10432e-06;-3.19272e-06;-3.19079e-06;-8.36241e-06;-8.36239e-06;-3.15898e-06;-8.93545e-06,-3.09076e-06;-8.09742e-06;-3.18572e-06;-3.1824e-06;-8.36695e-06;-8.36532e-06;-3.15091e-06;-8.93412e-06,3.3;3.3;3.3;-1.65493e-06;-1.95899e-06;-1.9548e-06;-1.64441e-06;-1.94655e-06,-1.76809e-06;-2.02616e-06;-1.67064e-06;3.3;3.3;3.3;3.3;3.3,RETRY_5NS;RETRY_5NS;RETRY_5NS;RETRY_5NS;RETRY_5NS;RETRY_5NS;RETRY_5NS;RETRY_5NS,8,8,11100000,224,31,1110000,7,224,30,224,INFERRED_AT_DAC_BRIDGE_OUTPUT,11100000,224,11100000,224,11100000,224,11100000,224,True,True
MC200_CMP_XM5_XM6_W8P2524_XM7_XM11_W16P8587_S117_LOW_W4,1,-3.07857e-06;-8.38453e-06;-3.16951e-06;-3.15369e-06;-8.32846e-06;-8.32686e-06;-3.14734e-06;-9.47579e-06,-3.0714e-06;-8.37539e-06;-3.16289e-06;-3.14628e-06;-8.32315e-06;-8.3231e-06;-3.14015e-06;-9.46987e-06,3.3;3.3;3.3;-1.63925e-06;3.3;3.3;3.3;3.3,-1.77927e-06;-2.01821e-06;-1.67476e-06;3.3;-1.97951e-06;-1.97647e-06;-1.66331e-06;-1.96474e-06,RETRY_5NS;RETRY_5NS;RETRY_5NS;RETRY_5NS;RETRY_5NS;RETRY_5NS;RETRY_5NS;RETRY_5NS,8,8,11101111,239,16,1110111,7,238,16,239,INFERRED_AT_DAC_BRIDGE_OUTPUT,11101111,239,11101111,239,11101111,239,11101111,239,True,True
MC200_CMP_XM5_XM6_W8P2524_XM7_XM11_W16P8587_S117_LOW_W4,2,-3.24928e-06;-8.60628e-06;-3.35513e-06;-3.33917e-06;-8.56037e-06;-8.5582e-06;-3.33253e-06;-8.95628e-06,-3.24164e-06;-8.60096e-06;-3.34642e-06;-3.33015e-06;-8.55796e-06;-8.55907e-06;-3.32404e-06;-8.95841e-06,3.3;3.3;-1.67545e-06;-1.66616e-06;3.3;3.3;-1.66206e-06;-1.96908e-06,-1.77711e-06;-2.03231e-06;3.3;3.3;-1.99974e-06;-1.9883e-06;3.3;3.3,RETRY_5NS;RETRY_5NS;RETRY_5NS;RETRY_5NS;RETRY_5NS;RETRY_5NS;RETRY_5NS;RETRY_5NS,8,8,11001100,204,51,1100110,7,204,50,204,INFERRED_AT_DAC_BRIDGE_OUTPUT,11001100,204,11001100,204,11001100,204,11001100,204,True,True
MC200_CMP_XM5_XM6_W8P2524_XM7_XM11_W16P8587_S117_LOW_W4,3,-2.93769e-06;-8.26244e-06;-3.08669e-06;-3.06604e-06;-8.20733e-06;-8.20912e-06;-3.05473e-06;-8.24724e-06,-2.93064e-06;-8.26975e-06;-3.07886e-06;-3.05777e-06;-8.20735e-06;-8.20578e-06;-3.04757e-06;-8.24484e-06,3.3;-1.98815e-06;-1.64554e-06;-1.64144e-06;-1.93846e-06;3.3;-1.62696e-06;3.3,-1.73744e-06;3.3;3.3;3.3;3.3;-1.96152e-06;3.3;-1.96158e-06,RETRY_5NS;RETRY_5NS;RETRY_5NS;RETRY_5NS;RETRY_5NS;RETRY_5NS;RETRY_5NS;RETRY_5NS,8,8,10000101,133,122,1000010,7,132,122,133,INFERRED_AT_DAC_BRIDGE_OUTPUT,10000101,133,10000101,133,10000101,133,10000101,133,True,True
MC200_CMP_XM5_XM6_W8P2524_XM7_XM11_W16P8587_S117_LOW_W4,64,-3.22197e-06;-7.89997e-06;-3.10106e-06;-3.3132e-06;-8.20725e-06;-8.51775e-06;-3.1476e-06;-8.35106e-06,-3.21411e-06;-7.89361e-06;-3.09432e-06;-3.30445e-06;-8.20995e-06;-8.52226e-06;-3.13962e-06;-8.34926e-06,3.3;3.3;3.3;-1.66767e-06;-1.94392e-06;-1.9704e-06;-1.64062e-06;-1.9303e-06,-1.78199e-06;-2.0375e-06;-1.6598e-06;3.3;3.3;3.3;3.3;3.3,RETRY_5NS;RETRY_5NS;RETRY_5NS;RETRY_5NS;RETRY_5NS;RETRY_5NS;RETRY_5NS;RETRY_5NS,8,8,11100000,224,31,1110000,7,224,30,224,INFERRED_AT_DAC_BRIDGE_OUTPUT,11100000,224,11100000,224,11100000,224,11100000,224,True,True
MC200_CMP_XM5_XM6_W8P2524_XM7_XM11_W16P8587_S117_LOW_W4,65,-3.20134e-06;-8.53876e-06;-2.82003e-06;-3.27648e-06;-8.17279e-06;-8.48249e-06;-3.1165e-06;-7.7217e-06,-3.19381e-06;-8.53019e-06;-2.81383e-06;-3.26875e-06;-8.16662e-06;-8.47979e-06;-3.10941e-06;-7.7197e-06,3.3;3.3;3.3;-1.64322e-06;3.3;3.3;3.3;3.3,-1.79242e-06;-2.0334e-06;-1.66194e-06;3.3;-1.96449e-06;-1.99166e-06;-1.66016e-06;-2.0006e-06,RETRY_5NS;RETRY_5NS;RETRY_5NS;RETRY_5NS;RETRY_5NS;RETRY_5NS;RETRY_5NS;RETRY_5NS,8,8,11101111,239,16,1110111,7,238,16,239,INFERRED_AT_DAC_BRIDGE_OUTPUT,11101111,239,11101111,239,11101111,239,11101111,239,True,True
MC200_CMP_XM5_XM6_W8P2524_XM7_XM11_W16P8587_S117_LOW_W4,66,-3.37294e-06;-8.761e-06;-3.26386e-06;-3.46189e-06;-8.40475e-06;-8.71367e-06;-3.30165e-06;-7.94534e-06,-3.36495e-06;-8.75638e-06;-3.25542e-06;-3.45254e-06;-8.40135e-06;-8.71604e-06;-3.29326e-06;-7.94817e-06,3.3;3.3;-1.66631e-06;-1.6788e-06;3.3;3.3;-1.65696e-06;-1.95963e-06,-1.79026e-06;-2.04993e-06;3.3;3.3;-1.98403e-06;-2.00063e-06;3.3;3.3,RETRY_5NS;RETRY_5NS;RETRY_5NS;RETRY_5NS;RETRY_5NS;RETRY_5NS;RETRY_5NS;RETRY_5NS,8,8,11001100,204,51,1100110,7,204,50,204,INFERRED_AT_DAC_BRIDGE_OUTPUT,11001100,204,11001100,204,11001100,204,11001100,204,True,True
MC200_CMP_XM5_XM6_W8P2524_XM7_XM11_W16P8587_S117_LOW_W4,67,-3.06348e-06;-8.41568e-06;-2.9957e-06;-3.18871e-06;-8.05191e-06;-8.36456e-06;-3.05502e-06;-8.05269e-06,-3.05607e-06;-8.42521e-06;-2.98816e-06;-3.18008e-06;-8.05058e-06;-8.36262e-06;-3.04799e-06;-8.04856e-06,3.3;-2.00367e-06;-1.63654e-06;-1.65231e-06;-1.92426e-06;3.3;-1.6235e-06;3.3,-1.7512e-06;3.3;3.3;3.3;3.3;-1.97763e-06;3.3;-1.9437e-06,RETRY_5NS;RETRY_5NS;RETRY_5NS;RETRY_5NS;RETRY_5NS;RETRY_5NS;RETRY_5NS;RETRY_5NS,8,8,10000101,133,122,1000010,7,132,122,133,INFERRED_AT_DAC_BRIDGE_OUTPUT,10000101,133,10000101,133,10000101,133,10000101,133,True,True
MC200_CMP_XM5_XM6_W8P2524_XM7_XM11_W16P8587_S118_LOW_W4,0,-3.04398e-06;-8.26854e-06;-3.13903e-06;-3.13615e-06;-9.35428e-06;-8.21616e-06;-3.12327e-06;-7.85107e-06,-3.04422e-06;-8.26621e-06;-3.13868e-06;-3.13716e-06;-9.35699e-06;-8.21906e-06;-3.12394e-06;-7.85539e-06,3.3;3.3;-1.72797e-06;3.3;3.3;3.3;3.3;3.3,-1.82448e-06;-2.08011e-06;3.3;-1.72802e-06;-2.0452e-06;-2.04192e-06;-1.72066e-06;-2.04364e-06,RETRY_5NS;RETRY_5NS;RETRY_5NS;RETRY_5NS;RETRY_5NS;RETRY_5NS;RETRY_5NS;RETRY_5NS,8,8,11011111,223,32,1101111,7,222,32,223,INFERRED_AT_DAC_BRIDGE_OUTPUT,11011111,223,11011111,223,11011111,223,11011111,223,True,True
MC200_CMP_XM5_XM6_W8P2524_XM7_XM11_W16P8587_S118_LOW_W4,1,-3.14794e-06;-8.38108e-06;-3.11074e-06;-3.22335e-06;-8.32765e-06;-8.32562e-06;-3.42635e-06;-8.3605e-06,-3.14856e-06;-8.37787e-06;-3.1118e-06;-3.22311e-06;-8.32908e-06;-8.32945e-06;-3.42743e-06;-8.367e-06,3.3;3.3;3.3;-1.73485e-06;3.3;3.3;3.3;3.3,-1.84996e-06;-2.09553e-06;-1.74057e-06;3.3;-2.05677e-06;-2.05254e-06;-1.73255e-06;-2.04212e-06,RETRY_5NS;RETRY_5NS;RETRY_5NS;RETRY_5NS;RETRY_5NS;RETRY_5NS;RETRY_5NS;RETRY_5NS,8,8,11101111,239,16,1110111,7,238,16,239,INFERRED_AT_DAC_BRIDGE_OUTPUT,11101111,239,11101111,239,11101111,239,11101111,239,True,True
MC200_CMP_XM5_XM6_W8P2524_XM7_XM11_W16P8587_S118_LOW_W4,2,-3.10281e-06;-8.3346e-06;-3.39204e-06;-3.19364e-06;-8.28928e-06;-8.28698e-06;-3.18549e-06;-7.79591e-06,-3.10343e-06;-8.33435e-06;-3.3917e-06;-3.19266e-06;-8.29238e-06;-8.29379e-06;-3.18622e-06;-7.80123e-06,3.3;3.3;-1.74816e-06;-1.73608e-06;3.3;-2.04785e-06;3.3;3.3,-1.82399e-06;-2.0852e-06;3.3;3.3;-2.04881e-06;3.3;-1.72582e-06;-2.05072e-06,RETRY_5NS;RETRY_5NS;RETRY_5NS;RETRY_5NS;RETRY_5NS;RETRY_5NS;RETRY_5NS;RETRY_5NS,8,8,11001011,203,52,1100101,7,202,52,203,INFERRED_AT_DAC_BRIDGE_OUTPUT,11001011,203,11001011,203,11001011,203,11001011,203,True,True
MC200_CMP_XM5_XM6_W8P2524_XM7_XM11_W16P8587_S118_LOW_W4,3,-3.07178e-06;-8.33776e-06;-3.21615e-06;-3.19634e-06;-8.28644e-06;-8.2881e-06;-3.18597e-06;-8.32381e-06,-3.07213e-06;-8.35297e-06;-3.21584e-06;-3.19563e-06;-8.29504e-06;-8.29289e-06;-3.18566e-06;-8.3302e-06,3.3;-2.10647e-06;-1.74654e-06;-1.73865e-06;-2.05404e-06;3.3;-1.72989e-06;3.3,-1.81303e-06;3.3;3.3;3.3;3.3;-2.04445e-06;3.3;-2.04126e-06,RETRY_5NS;RETRY_5NS;RETRY_5NS;RETRY_5NS;RETRY_5NS;RETRY_5NS;RETRY_5NS;RETRY_5NS,8,8,10000101,133,122,1000010,7,132,122,133,INFERRED_AT_DAC_BRIDGE_OUTPUT,10000101,133,10000101,133,10000101,133,10000101,133,True,True
MC200_CMP_XM5_XM6_W8P2524_XM7_XM11_W16P8587_S118_LOW_W4,64,-3.16886e-06;-7.56452e-06;-3.04635e-06;-3.25983e-06;-8.07081e-06;-8.36309e-06;-3.09208e-06;-7.88002e-06,-3.16932e-06;-7.56075e-06;-3.04582e-06;-3.26105e-06;-8.0726e-06;-8.36583e-06;-3.09269e-06;-7.88459e-06,3.3;3.3;-1.71973e-06;3.3;3.3;3.3;3.3;3.3,-1.83798e-06;-2.1041e-06;3.3;-1.74166e-06;-2.02901e-06;-2.05676e-06;-1.71729e-06;-2.02222e-06,RETRY_5NS;RETRY_5NS;RETRY_5NS;RETRY_5NS;RETRY_5NS;RETRY_5NS;RETRY_5NS;RETRY_5NS,8,8,11011111,223,32,1101111,7,222,32,223,INFERRED_AT_DAC_BRIDGE_OUTPUT,11011111,223,11011111,223,11011111,223,11011111,223,True,True
MC200_CMP_XM5_XM6_W8P2524_XM7_XM11_W16P8587_S118_LOW_W4,65,-3.27223e-06;-8.52662e-06;-3.1042e-06;-3.34746e-06;-8.18068e-06;-8.47253e-06;-3.1855e-06;-8.17671e-06,-3.27305e-06;-8.52271e-06;-3.10514e-06;-3.34745e-06;-8.18246e-06;-8.47634e-06;-3.18621e-06;-8.18316e-06,3.3;3.3;3.3;-1.74751e-06;3.3;3.3;3.3;3.3,-1.86475e-06;-2.11198e-06;-1.73288e-06;3.3;-2.04106e-06;-2.06808e-06;-1.72398e-06;-2.06433e-06,RETRY_5NS;RETRY_5NS;RETRY_5NS;RETRY_5NS;RETRY_5NS;RETRY_5NS;RETRY_5NS;RETRY_5NS,8,8,11101111,239,16,1110111,7,238,16,239,INFERRED_AT_DAC_BRIDGE_OUTPUT,11101111,239,11101111,239,11101111,239,11101111,239,True,True
MC200_CMP_XM5_XM6_W8P2524_XM7_XM11_W16P8587_S118_LOW_W4,66,-3.22779e-06;-8.48047e-06;-3.27332e-06;-3.31783e-06;-8.14258e-06;-8.43389e-06;-3.15436e-06;-9.04855e-06,-3.22862e-06;-8.47978e-06;-3.27291e-06;-3.31703e-06;-8.14567e-06;-8.44079e-06;-3.15506e-06;-9.05503e-06,3.3;3.3;-1.74121e-06;-1.75009e-06;3.3;-2.06421e-06;3.3;3.3,-1.83774e-06;-2.10062e-06;3.3;3.3;-2.03301e-06;3.3;-1.72376e-06;-2.01794e-06,RETRY_5NS;RETRY_5NS;RETRY_5NS;RETRY_5NS;RETRY_5NS;RETRY_5NS;RETRY_5NS;RETRY_5NS,8,8,11001011,203,52,1100101,7,202,52,203,INFERRED_AT_DAC_BRIDGE_OUTPUT,11001011,203,11001011,203,11001011,203,11001011,203,True,True
MC200_CMP_XM5_XM6_W8P2524_XM7_XM11_W16P8587_S118_LOW_W4,67,-3.19888e-06;-8.36768e-06;-3.12422e-06;-3.32022e-06;-8.13979e-06;-8.43495e-06;-3.15481e-06;-8.13999e-06,-3.19944e-06;-8.38373e-06;-3.12375e-06;-3.3197e-06;-8.14801e-06;-8.43989e-06;-3.15445e-06;-8.14639e-06,3.3;-2.12325e-06;-1.73685e-06;-1.75358e-06;-2.03978e-06;3.3;-1.72657e-06;3.3,-1.82836e-06;3.3;3.3;3.3;3.3;-2.05898e-06;3.3;-2.02363e-06,RETRY_5NS;RETRY_5NS;RETRY_5NS;RETRY_5NS;RETRY_5NS;RETRY_5NS;RETRY_5NS;RETRY_5NS,8,8,10000101,133,122,1000010,7,132,122,133,INFERRED_AT_DAC_BRIDGE_OUTPUT,10000101,133,10000101,133,10000101,133,10000101,133,True,True
MC200_CMP_XM5_XM6_W8P2524_XM7_XM11_W16P8587_S119_LOW_W4,0,-3.10916e-06;-8.22144e-06;-3.01107e-06;-3.00883e-06;-8.15922e-06;-8.15884e-06;-2.99417e-06;-8.20086e-06,-3.09036e-06;-8.23328e-06;-2.99193e-06;-2.98819e-06;-8.18155e-06;-8.1799e-06;-2.97385e-06;-8.22056e-06,3.3;3.3;3.3;-1.64083e-06;-1.94304e-06;-1.94006e-06;-1.633e-06;-1.93455e-06,-1.75819e-06;-1.99545e-06;-1.65284e-06;3.3;3.3;3.3;3.3;3.3,RETRY_5NS;RETRY_5NS;RETRY_5NS;RETRY_5NS;RETRY_5NS;RETRY_5NS;RETRY_5NS;RETRY_5NS,8,8,11100000,224,31,1110000,7,224,30,224,INFERRED_AT_DAC_BRIDGE_OUTPUT,11100000,224,11100000,224,11100000,224,11100000,224,True,True
MC200_CMP_XM5_XM6_W8P2524_XM7_XM11_W16P8587_S119_LOW_W4,1,-3.07203e-06;-8.43182e-06;-3.16588e-06;-3.14901e-06;-8.37203e-06;-8.37028e-06;-3.14202e-06;-8.41007e-06,-3.05185e-06;-8.44877e-06;-3.14627e-06;-3.12853e-06;-8.39175e-06;-8.39158e-06;-3.12221e-06;-8.43483e-06,3.3;3.3;3.3;-1.64606e-06;3.3;3.3;3.3;3.3,-1.78166e-06;-2.01846e-06;-1.67907e-06;3.3;-1.98154e-06;-1.97846e-06;-1.66539e-06;-1.97664e-06,RETRY_5NS;RETRY_5NS;RETRY_5NS;RETRY_5NS;RETRY_5NS;RETRY_5NS;RETRY_5NS;RETRY_5NS,8,8,11101111,239,16,1110111,7,238,16,239,INFERRED_AT_DAC_BRIDGE_OUTPUT,11101111,239,11101111,239,11101111,239,11101111,239,True,True
MC200_CMP_XM5_XM6_W8P2524_XM7_XM11_W16P8587_S119_LOW_W4,2,-2.46166e-06;-7.5932e-06;-2.58451e-06;-2.55982e-06;-7.53709e-06;-7.53481e-06;-2.54922e-06;-7.57563e-06,-2.44469e-06;-7.5901e-06;-2.56647e-06;-2.54124e-06;-7.5345e-06;-7.53387e-06;-2.53112e-06;-7.57622e-06,3.3;3.3;-1.60087e-06;-1.59271e-06;3.3;3.3;-1.58798e-06;-1.88067e-06,-1.69327e-06;-1.9348e-06;3.3;3.3;-1.90234e-06;-1.89225e-06;3.3;3.3,RETRY_5NS;RETRY_5NS;RETRY_5NS;RETRY_5NS;RETRY_5NS;RETRY_5NS;RETRY_5NS;RETRY_5NS,8,8,11001100,204,51,1100110,7,204,50,204,INFERRED_AT_DAC_BRIDGE_OUTPUT,11001100,204,11001100,204,11001100,204,11001100,204,True,True
MC200_CMP_XM5_XM6_W8P2524_XM7_XM11_W16P8587_S119_LOW_W4,3,-2.99286e-06;-8.38356e-06;-3.19552e-06;-3.12408e-06;-8.32565e-06;-8.33711e-06;-3.27129e-06;-8.36848e-06,-2.97274e-06;-8.4172e-06;-3.17486e-06;-3.10254e-06;-8.35074e-06;-8.35872e-06;-3.25199e-06;-8.39185e-06,3.3;-2.00183e-06;-1.65997e-06;-1.65422e-06;-1.95271e-06;3.3;-1.64009e-06;3.3,-1.7477e-06;3.3;3.3;3.3;3.3;-1.97094e-06;3.3;-1.97168e-06,RETRY_5NS;RETRY_5NS;RETRY_5NS;RETRY_5NS;RETRY_5NS;RETRY_5NS;RETRY_5NS;RETRY_5NS,8,8,10000101,133,122,1000010,7,132,122,133,INFERRED_AT_DAC_BRIDGE_OUTPUT,10000101,133,10000101,133,10000101,133,10000101,133,True,True
MC200_CMP_XM5_XM6_W8P2524_XM7_XM11_W16P8587_S119_LOW_W4,64,-3.12821e-06;-8.38694e-06;-2.92319e-06;-3.12649e-06;-7.99301e-06;-8.32526e-06;-2.9645e-06;-7.99242e-06,-3.10861e-06;-8.40314e-06;-2.90402e-06;-3.1052e-06;-8.00984e-06;-8.35166e-06;-2.94434e-06;-8.00582e-06,3.3;3.3;3.3;-1.65529e-06;-1.92858e-06;-1.95372e-06;-1.63007e-06;-1.91635e-06,-1.76726e-06;-2.011e-06;-1.64389e-06;3.3;3.3;3.3;3.3;3.3,RETRY_5NS;RETRY_5NS;RETRY_5NS;RETRY_5NS;RETRY_5NS;RETRY_5NS;RETRY_5NS;RETRY_5NS,8,8,11100000,224,31,1110000,7,224,30,224,INFERRED_AT_DAC_BRIDGE_OUTPUT,11100000,224,11100000,224,11100000,224,11100000,224,True,True
MC200_CMP_XM5_XM6_W8P2524_XM7_XM11_W16P8587_S119_LOW_W4,65,-3.19019e-06;-8.59703e-06;-3.07805e-06;-3.26713e-06;-8.20527e-06;-8.53695e-06;-3.11238e-06;-8.20159e-06,-3.1694e-06;-8.6183e-06;-3.05887e-06;-3.24607e-06;-8.22041e-06;-8.56309e-06;-3.09275e-06;-8.22006e-06,3.3;3.3;3.3;-1.65321e-06;3.3;3.3;3.3;3.3,-1.79499e-06;-2.03482e-06;-1.66944e-06;3.3;-1.96685e-06;-1.9933e-06;-1.66347e-06;-1.99436e-06,RETRY_5NS;RETRY_5NS;RETRY_5NS;RETRY_5NS;RETRY_5NS;RETRY_5NS;RETRY_5NS;RETRY_5NS,8,8,11101111,239,16,1110111,7,238,16,239,INFERRED_AT_DAC_BRIDGE_OUTPUT,11101111,239,11101111,239,11101111,239,11101111,239,True,True
MC200_CMP_XM5_XM6_W8P2524_XM7_XM11_W16P8587_S119_LOW_W4,66,-2.58055e-06;-7.75896e-06;-2.49682e-06;-2.67782e-06;-7.37048e-06;-7.70146e-06;-2.51954e-06;-7.36725e-06,-2.56295e-06;-7.76033e-06;-2.47927e-06;-2.65864e-06;-7.36311e-06;-7.70558e-06;-2.50159e-06;-7.36148e-06,3.3;3.3;-1.59148e-06;-1.60437e-06;3.3;3.3;-1.5851e-06;-1.86378e-06,-1.70656e-06;-1.94882e-06;3.3;3.3;-1.88911e-06;-1.90768e-06;3.3;3.3,RETRY_5NS;RETRY_5NS;RETRY_5NS;RETRY_5NS;RETRY_5NS;RETRY_5NS;RETRY_5NS;RETRY_5NS,8,8,11001100,204,51,1100110,7,204,50,204,INFERRED_AT_DAC_BRIDGE_OUTPUT,11001100,204,11001100,204,11001100,204,11001100,204,True,True
MC200_CMP_XM5_XM6_W8P2524_XM7_XM11_W16P8587_S119_LOW_W4,67,-3.11413e-06;-8.54781e-06;-3.11451e-06;-3.24204e-06;-8.15916e-06;-9.88967e-06;-3.22358e-06;-8.16008e-06,-3.09337e-06;-8.58741e-06;-3.09439e-06;-3.21984e-06;-8.17899e-06;-9.90415e-06;-3.20445e-06;-8.17708e-06,3.3;-2.01721e-06;-1.65231e-06;-1.66645e-06;-1.93802e-06;3.3;-1.63668e-06;3.3,-1.76109e-06;3.3;3.3;3.3;3.3;-1.98387e-06;3.3;-1.95452e-06,RETRY_5NS;RETRY_5NS;RETRY_5NS;RETRY_5NS;RETRY_5NS;RETRY_5NS;RETRY_5NS;RETRY_5NS,8,8,10000101,133,122,1000010,7,132,122,133,INFERRED_AT_DAC_BRIDGE_OUTPUT,10000101,133,10000101,133,10000101,133,10000101,133,True,True
MC200_CMP_XM5_XM6_W8P2524_XM7_XM11_W16P8587_S120_LOW_W4,0,-3.09112e-06;-7.62684e-06;-3.18444e-06;-3.18246e-06;-8.34289e-06;-8.3429e-06;-3.17044e-06;-8.38216e-06,-3.02894e-06;-7.63039e-06;-3.12192e-06;-3.11868e-06;-8.34615e-06;-8.3446e-06;-3.10699e-06;-8.38391e-06,3.3;3.3;3.3;-1.67533e-06;-1.98413e-06;-1.98118e-06;-1.66381e-06;-1.97263e-06,-1.70917e-06;-1.95701e-06;-1.61705e-06;3.3;3.3;3.3;3.3;3.3,RETRY_5NS;RETRY_5NS;RETRY_5NS;RETRY_5NS;RETRY_5NS;RETRY_5NS;RETRY_5NS;RETRY_5NS,8,8,11100000,224,31,1110000,7,224,30,224,INFERRED_AT_DAC_BRIDGE_OUTPUT,11100000,224,11100000,224,11100000,224,11100000,224,True,True
MC200_CMP_XM5_XM6_W8P2524_XM7_XM11_W16P8587_S120_LOW_W4,1,-3.13264e-06;-8.44118e-06;-3.46665e-06;-3.2072e-06;-8.38652e-06;-8.38493e-06;-3.20092e-06;-7.77801e-06,-3.07015e-06;-8.43535e-06;-3.40459e-06;-3.1433e-06;-8.38262e-06;-8.38268e-06;-3.13809e-06;-7.79434e-06,3.3;3.3;3.3;-1.664e-06;3.3;3.3;3.3;3.3,-1.7273e-06;-1.95904e-06;-1.63562e-06;3.3;-1.92229e-06;-1.9176e-06;-1.61488e-06;-1.92379e-06,RETRY_5NS;RETRY_5NS;RETRY_5NS;RETRY_5NS;RETRY_5NS;RETRY_5NS;RETRY_5NS;RETRY_5NS,8,8,11101111,239,16,1110111,7,238,16,239,INFERRED_AT_DAC_BRIDGE_OUTPUT,11101111,239,11101111,239,11101111,239,11101111,239,True,True
MC200_CMP_XM5_XM6_W8P2524_XM7_XM11_W16P8587_S120_LOW_W4,2,-3.1805e-06;-8.50842e-06;-3.28575e-06;-3.26973e-06;-8.46237e-06;-8.46038e-06;-3.43751e-06;-8.49814e-06,-3.11715e-06;-8.50978e-06;-3.22055e-06;-3.20417e-06;-8.46456e-06;-8.46546e-06;-3.37411e-06;-8.50739e-06,3.3;3.3;-1.68957e-06;-1.68051e-06;3.3;3.3;-1.6834e-06;-1.99032e-06,-1.71285e-06;-1.95862e-06;3.3;3.3;-1.92508e-06;-1.9169e-06;3.3;3.3,RETRY_5NS;RETRY_5NS;RETRY_5NS;RETRY_5NS;RETRY_5NS;RETRY_5NS;RETRY_5NS;RETRY_5NS,8,8,11001100,204,51,1100110,7,204,50,204,INFERRED_AT_DAC_BRIDGE_OUTPUT,11001100,204,11001100,204,11001100,204,11001100,204,True,True
MC200_CMP_XM5_XM6_W8P2524_XM7_XM11_W16P8587_S120_LOW_W4,3,-3.05702e-06;-8.39539e-06;-3.19913e-06;-3.18016e-06;-8.34324e-06;-8.04181e-06;-3.17012e-06;-8.13039e-06,-2.9951e-06;-8.40567e-06;-3.13545e-06;-3.11613e-06;-8.34347e-06;-8.04316e-06;-3.10721e-06;-8.1362e-06,3.3;-2.02866e-06;-1.68054e-06;-1.67451e-06;-1.97853e-06;3.3;3.3;-1.979e-06,-1.69458e-06;3.3;3.3;3.3;3.3;-1.91338e-06;-1.6051e-06;3.3,RETRY_5NS;RETRY_5NS;RETRY_5NS;RETRY_5NS;RETRY_5NS;RETRY_5NS;RETRY_5NS;RETRY_5NS,8,8,10000110,134,121,1000011,7,134,120,134,INFERRED_AT_DAC_BRIDGE_OUTPUT,10000110,134,10000110,134,10000110,134,10000110,134,True,True
MC200_CMP_XM5_XM6_W8P2524_XM7_XM11_W16P8587_S120_LOW_W4,64,-3.21488e-06;-8.55339e-06;-3.09261e-06;-3.30506e-06;-8.18861e-06;-8.49741e-06;-3.13944e-06;-8.18862e-06,-3.1507e-06;-8.55457e-06;-3.03158e-06;-3.2393e-06;-8.18187e-06;-8.50884e-06;-3.07685e-06;-8.1785e-06,3.3;3.3;3.3;-1.68797e-06;-1.96916e-06;-1.99526e-06;-1.66366e-06;-1.95404e-06,-1.72303e-06;-1.96572e-06;-1.60643e-06;3.3;3.3;3.3;3.3;3.3,RETRY_5NS;RETRY_5NS;RETRY_5NS;RETRY_5NS;RETRY_5NS;RETRY_5NS;RETRY_5NS;RETRY_5NS,8,8,11100000,224,31,1110000,7,224,30,224,INFERRED_AT_DAC_BRIDGE_OUTPUT,11100000,224,11100000,224,11100000,224,11100000,224,True,True
MC200_CMP_XM5_XM6_W8P2524_XM7_XM11_W16P8587_S120_LOW_W4,65,-3.25554e-06;-8.59456e-06;-3.14412e-06;-3.33019e-06;-8.23172e-06;-8.53968e-06;-3.17004e-06;-7.74119e-06,-3.19105e-06;-8.59756e-06;-3.08292e-06;-3.26434e-06;-8.21873e-06;-8.54674e-06;-3.10771e-06;-7.7453e-06,3.3;3.3;3.3;-1.67562e-06;3.3;3.3;3.3;3.3,-1.73997e-06;-1.97459e-06;-1.61962e-06;3.3;-1.90669e-06;-1.93328e-06;-1.61194e-06;-1.9428e-06,RETRY_5NS;RETRY_5NS;RETRY_5NS;RETRY_5NS;RETRY_5NS;RETRY_5NS;RETRY_5NS;RETRY_5NS,8,8,11101111,239,16,1110111,7,238,16,239,INFERRED_AT_DAC_BRIDGE_OUTPUT,11101111,239,11101111,239,11101111,239,11101111,239,True,True
MC200_CMP_XM5_XM6_W8P2524_XM7_XM11_W16P8587_S120_LOW_W4,66,-3.30423e-06;-8.66215e-06;-3.19432e-06;-3.39273e-06;-8.30766e-06;-8.61478e-06;-3.23203e-06;-8.30468e-06,-3.23888e-06;-8.67255e-06;-3.1306e-06;-3.32518e-06;-8.3006e-06;-8.62994e-06;-3.16798e-06;-8.30184e-06,3.3;3.3;-1.67942e-06;-1.69301e-06;3.3;3.3;-1.67322e-06;-1.96913e-06,-1.72558e-06;-1.97242e-06;3.3;3.3;-1.91088e-06;-1.93258e-06;3.3;3.3,RETRY_5NS;RETRY_5NS;RETRY_5NS;RETRY_5NS;RETRY_5NS;RETRY_5NS;RETRY_5NS;RETRY_5NS,8,8,11001100,204,51,1100110,7,204,50,204,INFERRED_AT_DAC_BRIDGE_OUTPUT,11001100,204,11001100,204,11001100,204,11001100,204,True,True
MC200_CMP_XM5_XM6_W8P2524_XM7_XM11_W16P8587_S120_LOW_W4,67,-3.18294e-06;-8.54781e-06;-3.10796e-06;-3.30305e-06;-8.18869e-06;-8.49984e-06;-3.13924e-06;-8.18855e-06,-3.11902e-06;-8.56856e-06;-3.04577e-06;-3.23704e-06;-8.17926e-06;-8.5062e-06;-3.07686e-06;-8.17862e-06,3.3;-2.04359e-06;-1.66964e-06;-1.68755e-06;-1.96354e-06;3.3;3.3;-1.95922e-06,-1.7078e-06;3.3;3.3;3.3;3.3;-1.92823e-06;-1.60345e-06;3.3,RETRY_5NS;RETRY_5NS;RETRY_5NS;RETRY_5NS;RETRY_5NS;RETRY_5NS;RETRY_5NS;RETRY_5NS,8,8,10000110,134,121,1000011,7,134,120,134,INFERRED_AT_DAC_BRIDGE_OUTPUT,10000110,134,10000110,134,10000110,134,10000110,134,True,True
MC200_CMP_XM5_XM6_W8P2524_XM7_XM11_W16P8587_S121_LOW_W4,0,-3.08214e-06;-7.72325e-06;-3.17145e-06;-3.16979e-06;-8.43842e-06;-8.43864e-06;-3.18165e-06;-7.84744e-06,-3.16667e-06;-7.63309e-06;-3.25651e-06;-3.2538e-06;-8.38577e-06;-8.38414e-06;-3.26567e-06;-7.77338e-06,3.3;3.3;3.3;-1.59808e-06;-1.89092e-06;-1.88699e-06;-1.58973e-06;-1.88849e-06,-1.76479e-06;-2.0221e-06;-1.66733e-06;3.3;3.3;3.3;3.3;3.3,RETRY_5NS;RETRY_5NS;RETRY_5NS;RETRY_5NS;RETRY_5NS;RETRY_5NS;RETRY_5NS;RETRY_5NS,8,8,11100000,224,31,1110000,7,224,30,224,INFERRED_AT_DAC_BRIDGE_OUTPUT,11100000,224,11100000,224,11100000,224,11100000,224,True,True
MC200_CMP_XM5_XM6_W8P2524_XM7_XM11_W16P8587_S121_LOW_W4,1,-3.2466e-06;-8.6999e-06;-3.63659e-06;-3.31893e-06;-8.6466e-06;-8.64513e-06;-3.31407e-06;-8.6838e-06,-3.33407e-06;-8.6077e-06;-3.72124e-06;-3.40654e-06;-8.56333e-06;-8.56379e-06;-3.40227e-06;-8.60174e-06,3.3;3.3;3.3;-1.59806e-06;3.3;3.3;3.3;3.3,-1.79733e-06;-2.03735e-06;-1.70138e-06;3.3;-2.00027e-06;-1.99607e-06;-1.67989e-06;-1.99357e-06,RETRY_5NS;RETRY_5NS;RETRY_5NS;RETRY_5NS;RETRY_5NS;RETRY_5NS;RETRY_5NS;RETRY_5NS,8,8,11101111,239,16,1110111,7,238,16,239,INFERRED_AT_DAC_BRIDGE_OUTPUT,11101111,239,11101111,239,11101111,239,11101111,239,True,True
MC200_CMP_XM5_XM6_W8P2524_XM7_XM11_W16P8587_S121_LOW_W4,2,-3.07881e-06;-8.48943e-06;-3.1804e-06;-3.16529e-06;-8.44209e-06;-8.43978e-06;-3.15912e-06;-9.64219e-06,-3.1635e-06;-8.42078e-06;-3.26461e-06;-3.24921e-06;-8.38067e-06;-8.38199e-06;-3.24345e-06;-9.61263e-06,3.3;3.3;-1.60294e-06;-1.59382e-06;3.3;3.3;-1.58906e-06;-1.88302e-06,-1.75717e-06;-2.01191e-06;3.3;3.3;-1.97864e-06;-1.96429e-06;3.3;3.3,RETRY_5NS;RETRY_5NS;RETRY_5NS;RETRY_5NS;RETRY_5NS;RETRY_5NS;RETRY_5NS;RETRY_5NS,8,8,11001100,204,51,1100110,7,204,50,204,INFERRED_AT_DAC_BRIDGE_OUTPUT,11001100,204,11001100,204,11001100,204,11001100,204,True,True
MC200_CMP_XM5_XM6_W8P2524_XM7_XM11_W16P8587_S121_LOW_W4,3,-3.05159e-06;-8.4905e-06;-3.18509e-06;-3.16796e-06;-8.43893e-06;-8.44076e-06;-3.40551e-06;-8.47988e-06,-3.13577e-06;-8.43873e-06;-3.26936e-06;-3.25172e-06;-8.383e-06;-8.38143e-06;-3.48795e-06;-8.41939e-06,3.3;-1.93313e-06;-1.6022e-06;-1.59546e-06;-1.88584e-06;3.3;3.3;-1.88627e-06,-1.7472e-06;3.3;3.3;3.3;3.3;-1.97254e-06;-1.65659e-06;3.3,RETRY_5NS;RETRY_5NS;RETRY_5NS;RETRY_5NS;RETRY_5NS;RETRY_5NS;RETRY_5NS;RETRY_5NS,8,8,10000110,134,121,1000011,7,134,120,134,INFERRED_AT_DAC_BRIDGE_OUTPUT,10000110,134,10000110,134,10000110,134,10000110,134,True,True
MC200_CMP_XM5_XM6_W8P2524_XM7_XM11_W16P8587_S121_LOW_W4,64,-3.20662e-06;-8.65715e-06;-3.07897e-06;-3.29334e-06;-8.27644e-06;-8.60083e-06;-3.34302e-06;-7.96677e-06,-3.29331e-06;-8.56953e-06;-3.16247e-06;-3.37947e-06;-8.23921e-06;-8.53074e-06;-3.42483e-06;-7.91949e-06,3.3;3.3;3.3;-1.61047e-06;-1.87657e-06;-1.90188e-06;-1.58666e-06;-1.8681e-06,-1.77847e-06;-2.02999e-06;-1.65785e-06;3.3;3.3;3.3;3.3;3.3,RETRY_5NS;RETRY_5NS;RETRY_5NS;RETRY_5NS;RETRY_5NS;RETRY_5NS;RETRY_5NS;RETRY_5NS,8,8,11100000,224,31,1110000,7,224,30,224,INFERRED_AT_DAC_BRIDGE_OUTPUT,11100000,224,11100000,224,11100000,224,11100000,224,True,True
MC200_CMP_XM5_XM6_W8P2524_XM7_XM11_W16P8587_S121_LOW_W4,65,-3.3971e-06;-8.86112e-06;-3.50059e-06;-3.44997e-06;-8.48419e-06;-8.80761e-06;-3.28294e-06;-8.48069e-06,-3.48605e-06;-8.75222e-06;-3.58399e-06;-3.53952e-06;-8.4172e-06;-8.71012e-06;-3.37061e-06;-8.41848e-06,3.3;3.3;3.3;-1.61171e-06;3.3;3.3;3.3;3.3,-1.81139e-06;-2.05335e-06;-1.69038e-06;3.3;-1.98467e-06;-2.01107e-06;-1.67689e-06;-2.01411e-06,RETRY_5NS;RETRY_5NS;RETRY_5NS;RETRY_5NS;RETRY_5NS;RETRY_5NS;RETRY_5NS;RETRY_5NS,8,8,11101111,239,16,1110111,7,238,16,239,INFERRED_AT_DAC_BRIDGE_OUTPUT,11101111,239,11101111,239,11101111,239,11101111,239,True,True
MC200_CMP_XM5_XM6_W8P2524_XM7_XM11_W16P8587_S121_LOW_W4,66,-3.20357e-06;-8.65086e-06;-3.08842e-06;-3.28913e-06;-8.2797e-06;-8.60223e-06;-3.12806e-06;-8.75498e-06,-3.29042e-06;-8.56578e-06;-3.17103e-06;-3.3752e-06;-8.23444e-06;-8.52847e-06;-3.21184e-06;-8.72896e-06,3.3;3.3;-1.59413e-06;-1.6055e-06;3.3;3.3;-1.58673e-06;-1.8676e-06,-1.77094e-06;-2.02744e-06;3.3;3.3;-1.96328e-06;-1.98268e-06;3.3;3.3,RETRY_5NS;RETRY_5NS;RETRY_5NS;RETRY_5NS;RETRY_5NS;RETRY_5NS;RETRY_5NS;RETRY_5NS,8,8,11001100,204,51,1100110,7,204,50,204,INFERRED_AT_DAC_BRIDGE_OUTPUT,11001100,204,11001100,204,11001100,204,11001100,204,True,True
MC200_CMP_XM5_XM6_W8P2524_XM7_XM11_W16P8587_S121_LOW_W4,67,-3.17825e-06;-8.6507e-06;-3.09306e-06;-3.29173e-06;-8.27669e-06;-8.60309e-06;-3.12762e-06;-8.27763e-06,-3.26461e-06;-8.58385e-06;-3.17574e-06;-3.37761e-06;-8.23653e-06;-8.52793e-06;-3.21196e-06;-8.23518e-06,3.3;-1.94809e-06;-1.59352e-06;-1.60933e-06;-1.87134e-06;3.3;-1.57964e-06;3.3,-1.76126e-06;3.3;3.3;3.3;3.3;-1.98796e-06;3.3;-1.95639e-06,RETRY_5NS;RETRY_5NS;RETRY_5NS;RETRY_5NS;RETRY_5NS;RETRY_5NS;RETRY_5NS;RETRY_5NS,8,8,10000101,133,122,1000010,7,132,122,133,INFERRED_AT_DAC_BRIDGE_OUTPUT,10000101,133,10000101,133,10000101,133,10000101,133,True,True
MC200_CMP_XM5_XM6_W8P2524_XM7_XM11_W16P8587_S122_LOW_W4,0,-2.9585e-06;-8.26527e-06;-3.0487e-06;-3.04587e-06;-8.20829e-06;-8.20858e-06;-3.03471e-06;-8.24781e-06,-2.98308e-06;-8.25488e-06;-3.0737e-06;-3.06974e-06;-8.21113e-06;-8.20913e-06;-3.05893e-06;-8.24695e-06,3.3;3.3;3.3;-1.65672e-06;-1.95988e-06;-1.95469e-06;3.3;-1.9558e-06,-1.76572e-06;-2.01137e-06;-1.66977e-06;3.3;3.3;3.3;-1.65817e-06;3.3,RETRY_5NS;RETRY_5NS;RETRY_5NS;RETRY_5NS;RETRY_5NS;RETRY_5NS;RETRY_5NS;RETRY_5NS,8,8,11100010,226,29,1110001,7,226,28,226,INFERRED_AT_DAC_BRIDGE_OUTPUT,11100010,226,11100010,226,11100010,226,11100010,226,True,True
MC200_CMP_XM5_XM6_W8P2524_XM7_XM11_W16P8587_S122_LOW_W4,1,-3.24574e-06;-8.3464e-06;-3.11802e-06;-3.10219e-06;-8.28668e-06;-8.28678e-06;-3.09695e-06;-8.32664e-06,-3.27054e-06;-8.33302e-06;-3.14418e-06;-3.12794e-06;-8.28781e-06;-8.28633e-06;-3.1216e-06;-8.3229e-06,3.3;3.3;3.3;3.3;-1.96881e-06;-1.96468e-06;-1.65144e-06;3.3,-1.7955e-06;-2.02494e-06;-1.68146e-06;-1.66982e-06;3.3;3.3;3.3;-1.97543e-06,RETRY_5NS;RETRY_5NS;RETRY_5NS;RETRY_5NS;RETRY_5NS;RETRY_5NS;RETRY_5NS;RETRY_5NS,8,8,11110001,241,14,1111000,7,240,14,241,INFERRED_AT_DAC_BRIDGE_OUTPUT,11110001,241,11110001,241,11110001,241,11110001,241,True,True
MC200_CMP_XM5_XM6_W8P2524_XM7_XM11_W16P8587_S122_LOW_W4,2,-2.39237e-06;-7.66952e-06;-2.50523e-06;-2.48415e-06;-7.53858e-06;-7.50275e-06;-2.47543e-06;-7.54057e-06,-2.41293e-06;-7.68604e-06;-2.52498e-06;-2.50352e-06;-7.556e-06;-7.52085e-06;-2.4952e-06;-7.5588e-06,3.3;3.3;-1.60687e-06;-1.59596e-06;3.3;3.3;-1.58835e-06;3.3,-1.69611e-06;-1.94749e-06;3.3;3.3;-1.91587e-06;-1.90511e-06;3.3;-1.905e-06,RETRY_5NS;RETRY_5NS;RETRY_5NS;RETRY_5NS;RETRY_5NS;RETRY_5NS;RETRY_5NS;RETRY_5NS,8,8,11001101,205,50,1100110,7,204,50,205,INFERRED_AT_DAC_BRIDGE_OUTPUT,11001101,205,11001101,205,11001101,205,11001101,205,True,True
MC200_CMP_XM5_XM6_W8P2524_XM7_XM11_W16P8587_S122_LOW_W4,3,-3.01964e-06;-8.37741e-06;-3.15415e-06;-3.13668e-06;-8.32646e-06;-8.32907e-06;-3.12756e-06;-8.36608e-06,-3.04485e-06;-8.38112e-06;-3.17902e-06;-3.16101e-06;-8.32298e-06;-8.32158e-06;-3.15355e-06;-8.36103e-06,3.3;-2.01576e-06;-1.67032e-06;-1.66481e-06;-1.9598e-06;3.3;3.3;3.3,-1.7577e-06;3.3;3.3;3.3;3.3;-1.98529e-06;-1.67311e-06;-1.98256e-06,RETRY_5NS;RETRY_5NS;RETRY_5NS;RETRY_5NS;RETRY_5NS;RETRY_5NS;RETRY_5NS;RETRY_5NS,8,8,10000111,135,120,1000011,7,134,120,135,INFERRED_AT_DAC_BRIDGE_OUTPUT,10000111,135,10000111,135,10000111,135,10000111,135,True,True
MC200_CMP_XM5_XM6_W8P2524_XM7_XM11_W16P8587_S122_LOW_W4,64,-3.08306e-06;-8.42154e-06;-2.95622e-06;-3.1694e-06;-7.71876e-06;-8.36571e-06;-3.00364e-06;-8.0512e-06,-3.10861e-06;-8.4058e-06;-2.98048e-06;-3.19424e-06;-7.72273e-06;-8.36182e-06;-3.02761e-06;-8.05607e-06,3.3;3.3;3.3;-1.67017e-06;-1.95506e-06;-1.96822e-06;3.3;-1.93825e-06,-1.77958e-06;-2.02758e-06;-1.65962e-06;3.3;3.3;3.3;-1.65443e-06;3.3,RETRY_5NS;RETRY_5NS;RETRY_5NS;RETRY_5NS;RETRY_5NS;RETRY_5NS;RETRY_5NS;RETRY_5NS,8,8,11100010,226,29,1110001,7,226,28,226,INFERRED_AT_DAC_BRIDGE_OUTPUT,11100010,226,11100010,226,11100010,226,11100010,226,True,True
MC200_CMP_XM5_XM6_W8P2524_XM7_XM11_W16P8587_S122_LOW_W4,65,-3.40778e-06;-8.50232e-06;-3.02603e-06;-3.22604e-06;-8.12986e-06;-8.4438e-06;-3.06588e-06;-8.12998e-06,-3.43341e-06;-8.48357e-06;-3.05147e-06;-3.25274e-06;-8.13513e-06;-8.43902e-06;-3.09028e-06;-8.13202e-06,3.3;3.3;3.3;3.3;-1.95398e-06;-1.97953e-06;-1.6481e-06;3.3,-1.80955e-06;-2.04061e-06;-1.67182e-06;-1.68363e-06;3.3;3.3;3.3;-1.99631e-06,RETRY_5NS;RETRY_5NS;RETRY_5NS;RETRY_5NS;RETRY_5NS;RETRY_5NS;RETRY_5NS;RETRY_5NS,8,8,11110001,241,14,1111000,7,240,14,241,INFERRED_AT_DAC_BRIDGE_OUTPUT,11110001,241,11110001,241,11110001,241,11110001,241,True,True
MC200_CMP_XM5_XM6_W8P2524_XM7_XM11_W16P8587_S122_LOW_W4,66,-2.51479e-06;-7.6555e-06;-2.41314e-06;-2.60796e-06;-7.51178e-06;-7.65997e-06;-2.44435e-06;-7.34397e-06,-2.53633e-06;-7.66499e-06;-2.43217e-06;-2.62821e-06;-7.53189e-06;-7.67349e-06;-2.46388e-06;-7.3679e-06,3.3;3.3;-1.59801e-06;-1.60697e-06;3.3;3.3;-1.58194e-06;3.3,-1.70981e-06;-1.9584e-06;3.3;3.3;-1.89134e-06;-1.91944e-06;3.3;-1.88839e-06,RETRY_5NS;RETRY_5NS;RETRY_5NS;RETRY_5NS;RETRY_5NS;RETRY_5NS;RETRY_5NS;RETRY_5NS,8,8,11001101,205,50,1100110,7,204,50,205,INFERRED_AT_DAC_BRIDGE_OUTPUT,11001101,205,11001101,205,11001101,205,11001101,205,True,True
MC200_CMP_XM5_XM6_W8P2524_XM7_XM11_W16P8587_S122_LOW_W4,67,-3.14616e-06;-8.53243e-06;-3.06224e-06;-3.26041e-06;-8.16931e-06;-8.48654e-06;-3.09649e-06;-8.16975e-06,-3.17235e-06;-8.53239e-06;-3.08639e-06;-3.28569e-06;-8.17047e-06;-8.474e-06;-3.12225e-06;-8.16974e-06,3.3;-2.03182e-06;-1.66113e-06;-1.67633e-06;-1.94624e-06;3.3;3.3;3.3,-1.77069e-06;3.3;3.3;3.3;3.3;-2.00135e-06;-1.67001e-06;-1.96504e-06,RETRY_5NS;RETRY_5NS;RETRY_5NS;RETRY_5NS;RETRY_5NS;RETRY_5NS;RETRY_5NS;RETRY_5NS,8,8,10000111,135,120,1000011,7,134,120,135,INFERRED_AT_DAC_BRIDGE_OUTPUT,10000111,135,10000111,135,10000111,135,10000111,135,True,True
MC200_CMP_XM5_XM6_W8P2524_XM7_XM11_W16P8587_S123_LOW_W4,0,-3.04225e-06;-8.10201e-06;-3.14523e-06;-3.14315e-06;-8.20463e-06;-8.2042e-06;-3.2539e-06;-8.24222e-06,-2.98056e-06;-8.09434e-06;-3.08269e-06;-3.07973e-06;-8.20415e-06;-8.20223e-06;-3.19176e-06;-8.24054e-06,3.3;3.3;3.3;-1.67809e-06;-1.98655e-06;-1.98362e-06;-1.67698e-06;-1.97957e-06,-1.77239e-06;-2.02231e-06;-1.66537e-06;3.3;3.3;3.3;3.3;3.3,RETRY_5NS;RETRY_5NS;RETRY_5NS;RETRY_5NS;RETRY_5NS;RETRY_5NS;RETRY_5NS;RETRY_5NS,8,8,11100000,224,31,1110000,7,224,30,224,INFERRED_AT_DAC_BRIDGE_OUTPUT,11100000,224,11100000,224,11100000,224,11100000,224,True,True
MC200_CMP_XM5_XM6_W8P2524_XM7_XM11_W16P8587_S123_LOW_W4,1,-3.29565e-06;-8.5662e-06;-3.39152e-06;-3.37544e-06;-8.51075e-06;-8.50892e-06;-3.36849e-06;-7.92466e-06,-3.22924e-06;-8.57654e-06;-3.32497e-06;-3.30814e-06;-8.52314e-06;-8.5232e-06;-3.30185e-06;-7.9569e-06,3.3;3.3;3.3;-1.69526e-06;3.3;3.3;3.3;3.3,-1.81382e-06;-2.0557e-06;-1.71062e-06;3.3;-2.01821e-06;-2.01465e-06;-1.69641e-06;-2.0117e-06,RETRY_5NS;RETRY_5NS;RETRY_5NS;RETRY_5NS;RETRY_5NS;RETRY_5NS;RETRY_5NS;RETRY_5NS,8,8,11101111,239,16,1110111,7,238,16,239,INFERRED_AT_DAC_BRIDGE_OUTPUT,11101111,239,11101111,239,11101111,239,11101111,239,True,True
MC200_CMP_XM5_XM6_W8P2524_XM7_XM11_W16P8587_S123_LOW_W4,2,-2.52312e-06;-7.98468e-06;-2.65228e-06;-2.62583e-06;-7.56563e-06;-7.56351e-06;-2.61361e-06;-7.60121e-06,-2.47183e-06;-7.92755e-06;-2.59918e-06;-2.5723e-06;-7.51149e-06;-7.51097e-06;-2.56194e-06;-7.5502e-06,3.3;3.3;-1.62993e-06;-1.62123e-06;3.3;-1.91054e-06;3.3;3.3,-1.70879e-06;-1.95648e-06;3.3;3.3;-1.92085e-06;3.3;-1.61873e-06;-1.91843e-06,RETRY_5NS;RETRY_5NS;RETRY_5NS;RETRY_5NS;RETRY_5NS;RETRY_5NS;RETRY_5NS;RETRY_5NS,8,8,11001011,203,52,1100101,7,202,52,203,INFERRED_AT_DAC_BRIDGE_OUTPUT,11001011,203,11001011,203,11001011,203,11001011,203,True,True
MC200_CMP_XM5_XM6_W8P2524_XM7_XM11_W16P8587_S123_LOW_W4,3,-3.09389e-06;-8.37272e-06;-3.08439e-06;-3.23002e-06;-8.31761e-06;-8.31902e-06;-3.21773e-06;-8.35614e-06,-3.03064e-06;-8.38796e-06;-3.01857e-06;-3.16458e-06;-8.32308e-06;-8.32112e-06;-3.15343e-06;-8.36155e-06,3.3;-2.04199e-06;-1.68729e-06;-1.68778e-06;-1.99316e-06;3.3;-1.67672e-06;3.3,-1.76662e-06;3.3;3.3;3.3;3.3;-1.99189e-06;3.3;-1.99132e-06,RETRY_5NS;RETRY_5NS;RETRY_5NS;RETRY_5NS;RETRY_5NS;RETRY_5NS;RETRY_5NS;RETRY_5NS,8,8,10000101,133,122,1000010,7,132,122,133,INFERRED_AT_DAC_BRIDGE_OUTPUT,10000101,133,10000101,133,10000101,133,10000101,133,True,True
MC200_CMP_XM5_XM6_W8P2524_XM7_XM11_W16P8587_S123_LOW_W4,64,-3.16358e-06;-8.5246e-06;-3.05552e-06;-3.2621e-06;-7.90034e-06;-8.35828e-06;-3.09684e-06;-8.05432e-06,-3.0995e-06;-8.51878e-06;-2.99473e-06;-3.19797e-06;-7.88269e-06;-8.36125e-06;-3.03562e-06;-8.03698e-06,3.3;3.3;-1.66203e-06;3.3;3.3;3.3;3.3;3.3,-1.78635e-06;-2.03857e-06;3.3;-1.69199e-06;-1.97538e-06;-1.9993e-06;-1.6692e-06;-1.96428e-06,RETRY_5NS;RETRY_5NS;RETRY_5NS;RETRY_5NS;RETRY_5NS;RETRY_5NS;RETRY_5NS;RETRY_5NS,8,8,11011111,223,32,1101111,7,222,32,223,INFERRED_AT_DAC_BRIDGE_OUTPUT,11011111,223,11011111,223,11011111,223,11011111,223,True,True
MC200_CMP_XM5_XM6_W8P2524_XM7_XM11_W16P8587_S123_LOW_W4,65,-3.41563e-06;-8.71566e-06;-3.30224e-06;-3.49568e-06;-8.35975e-06;-8.66008e-06;-3.33827e-06;-8.35569e-06,-3.34685e-06;-8.73647e-06;-3.23743e-06;-3.426e-06;-8.36138e-06;-8.68513e-06;-3.27222e-06;-8.36186e-06,3.3;3.3;3.3;-1.7082e-06;3.3;3.3;3.3;3.3,-1.8288e-06;-2.07236e-06;-1.70089e-06;3.3;-2.00306e-06;-2.03114e-06;-1.69217e-06;-2.0204e-06,RETRY_5NS;RETRY_5NS;RETRY_5NS;RETRY_5NS;RETRY_5NS;RETRY_5NS;RETRY_5NS;RETRY_5NS,8,8,11101111,239,16,1110111,7,238,16,239,INFERRED_AT_DAC_BRIDGE_OUTPUT,11101111,239,11101111,239,11101111,239,11101111,239,True,True
MC200_CMP_XM5_XM6_W8P2524_XM7_XM11_W16P8587_S123_LOW_W4,66,-2.64453e-06;-7.85027e-06;-2.56296e-06;-2.74596e-06;-7.41469e-06;-7.71442e-06;-2.58336e-06;-7.78182e-06,-2.59085e-06;-7.80638e-06;-2.51168e-06;-2.69006e-06;-7.34964e-06;-7.67314e-06;-2.53228e-06;-7.7246e-06,3.3;3.3;-1.62074e-06;-1.63327e-06;3.3;-1.92633e-06;3.3;3.3,-1.72186e-06;-1.96638e-06;3.3;3.3;-1.9054e-06;3.3;-1.61385e-06;-1.8971e-06,RETRY_5NS;RETRY_5NS;RETRY_5NS;RETRY_5NS;RETRY_5NS;RETRY_5NS;RETRY_5NS;RETRY_5NS,8,8,11001011,203,52,1100101,7,202,52,203,INFERRED_AT_DAC_BRIDGE_OUTPUT,11001011,203,11001011,203,11001011,203,11001011,203,True,True
MC200_CMP_XM5_XM6_W8P2524_XM7_XM11_W16P8587_S123_LOW_W4,67,-3.21741e-06;-8.52118e-06;-3.27896e-06;-3.34987e-06;-8.16687e-06;-9.74292e-06;-3.18753e-06;-8.16741e-06,-3.15174e-06;-8.54852e-06;-3.21383e-06;-3.282e-06;-8.16101e-06;-9.72292e-06;-3.12383e-06;-8.15869e-06,3.3;-2.05699e-06;-1.68763e-06;-1.7006e-06;-1.97873e-06;3.3;-1.67322e-06;3.3,-1.77976e-06;3.3;3.3;3.3;3.3;-2.00103e-06;3.3;-1.97307e-06,RETRY_5NS;RETRY_5NS;RETRY_5NS;RETRY_5NS;RETRY_5NS;RETRY_5NS;RETRY_5NS;RETRY_5NS,8,8,10000101,133,122,1000010,7,132,122,133,INFERRED_AT_DAC_BRIDGE_OUTPUT,10000101,133,10000101,133,10000101,133,10000101,133,True,True
MC200_CMP_XM5_XM6_W8P2524_XM7_XM11_W16P8587_S124_LOW_W4,0,-2.73932e-06;-8.01745e-06;-2.83135e-06;-2.82794e-06;-7.96328e-06;-7.96173e-06;-2.81553e-06;-8.57073e-06,-2.76659e-06;-8.01351e-06;-2.85847e-06;-2.85664e-06;-7.9645e-06;-7.96422e-06;-2.84377e-06;-8.58261e-06,3.3;3.3;-1.64176e-06;3.3;3.3;3.3;3.3;-1.9271e-06,-1.67587e-06;-1.91172e-06;3.3;-1.58808e-06;-1.87953e-06;-1.87595e-06;-1.57997e-06;3.3,RETRY_5NS;RETRY_5NS;RETRY_5NS;RETRY_5NS;RETRY_5NS;RETRY_5NS;RETRY_5NS;RETRY_5NS,8,8,11011110,222,33,1101111,7,222,32,222,INFERRED_AT_DAC_BRIDGE_OUTPUT,11011110,222,11011110,222,11011110,222,11011110,222,True,True
MC200_CMP_XM5_XM6_W8P2524_XM7_XM11_W16P8587_S124_LOW_W4,1,-2.9973e-06;-8.11949e-06;-3.08255e-06;-3.06945e-06;-8.28482e-06;-8.28298e-06;-3.06367e-06;-8.32139e-06,-3.02833e-06;-8.09601e-06;-3.1148e-06;-3.10038e-06;-8.27055e-06;-8.27102e-06;-3.0948e-06;-8.31033e-06,3.3;3.3;3.3;-1.66302e-06;3.3;3.3;3.3;-1.97096e-06,-1.71507e-06;-1.9469e-06;-1.61832e-06;3.3;-1.90804e-06;-1.90294e-06;-1.59716e-06;3.3,RETRY_5NS;RETRY_5NS;RETRY_5NS;RETRY_5NS;RETRY_5NS;RETRY_5NS;RETRY_5NS;RETRY_5NS,8,8,11101110,238,17,1110111,7,238,16,238,INFERRED_AT_DAC_BRIDGE_OUTPUT,11101110,238,11101110,238,11101110,238,11101110,238,True,True
MC200_CMP_XM5_XM6_W8P2524_XM7_XM11_W16P8587_S124_LOW_W4,2,-2.39421e-06;-7.57089e-06;-2.42729e-06;-2.48444e-06;-7.51919e-06;-7.9837e-06;-2.47454e-06;-7.93347e-06,-2.41685e-06;-7.59103e-06;-2.45019e-06;-2.50604e-06;-7.54298e-06;-8.01152e-06;-2.49797e-06;-7.95951e-06,3.3;3.3;-1.61166e-06;-1.60641e-06;3.3;-1.89648e-06;3.3;-1.88098e-06,-1.63431e-06;-1.869e-06;3.3;3.3;-1.83607e-06;3.3;-1.54636e-06;3.3,RETRY_5NS;RETRY_5NS;RETRY_5NS;RETRY_5NS;RETRY_5NS;RETRY_5NS;RETRY_5NS;RETRY_5NS,8,8,11001010,202,53,1100101,7,202,52,202,INFERRED_AT_DAC_BRIDGE_OUTPUT,11001010,202,11001010,202,11001010,202,11001010,202,True,True
MC200_CMP_XM5_XM6_W8P2524_XM7_XM11_W16P8587_S124_LOW_W4,3,-3.17692e-06;-8.61121e-06;-3.3052e-06;-3.28906e-06;-8.56162e-06;-8.56346e-06;-3.28096e-06;-8.60328e-06,-3.21062e-06;-8.59694e-06;-3.33884e-06;-3.32226e-06;-8.54203e-06;-8.53994e-06;-3.31459e-06;-8.5789e-06,3.3;-2.05034e-06;-1.69763e-06;-1.69261e-06;-2.00196e-06;3.3;-1.6836e-06;-1.99477e-06,-1.70809e-06;3.3;3.3;3.3;3.3;-1.92402e-06;3.3;3.3,RETRY_5NS;RETRY_5NS;RETRY_5NS;RETRY_5NS;RETRY_5NS;RETRY_5NS;RETRY_5NS;RETRY_5NS,8,8,10000100,132,123,1000010,7,132,122,132,INFERRED_AT_DAC_BRIDGE_OUTPUT,10000100,132,10000100,132,10000100,132,10000100,132,True,True
MC200_CMP_XM5_XM6_W8P2524_XM7_XM11_W16P8587_S124_LOW_W4,64,-2.86357e-06;-8.1774e-06;-2.73916e-06;-2.95104e-06;-7.80225e-06;-8.12274e-06;-2.81654e-06;-8.29525e-06,-2.89258e-06;-8.16525e-06;-2.76496e-06;-2.9815e-06;-7.81142e-06;-8.11746e-06;-2.84419e-06;-8.3161e-06,3.3;3.3;-1.63338e-06;3.3;3.3;3.3;3.3;3.3,-1.6882e-06;-1.92703e-06;3.3;-1.60006e-06;-1.8638e-06;-1.89034e-06;-1.5782e-06;-1.84411e-06,RETRY_5NS;RETRY_5NS;RETRY_5NS;RETRY_5NS;RETRY_5NS;RETRY_5NS;RETRY_5NS;RETRY_5NS,8,8,11011111,223,32,1101111,7,222,32,223,INFERRED_AT_DAC_BRIDGE_OUTPUT,11011111,223,11011111,223,11011111,223,11011111,223,True,True
MC200_CMP_XM5_XM6_W8P2524_XM7_XM11_W16P8587_S124_LOW_W4,65,-3.12058e-06;-7.56393e-06;-2.99057e-06;-3.1929e-06;-8.12386e-06;-8.44377e-06;-3.16238e-06;-8.1201e-06,-3.15334e-06;-7.52285e-06;-3.0215e-06;-3.22567e-06;-8.11747e-06;-8.4244e-06;-3.19293e-06;-8.11848e-06,3.3;3.3;3.3;-1.67492e-06;3.3;3.3;3.3;-1.98945e-06,-1.72835e-06;-1.96758e-06;-1.60934e-06;3.3;-1.89357e-06;-1.91838e-06;-1.60146e-06;3.3,RETRY_5NS;RETRY_5NS;RETRY_5NS;RETRY_5NS;RETRY_5NS;RETRY_5NS;RETRY_5NS;RETRY_5NS,8,8,11101110,238,17,1110111,7,238,16,238,INFERRED_AT_DAC_BRIDGE_OUTPUT,11101110,238,11101110,238,11101110,238,11101110,238,True,True
MC200_CMP_XM5_XM6_W8P2524_XM7_XM11_W16P8587_S124_LOW_W4,66,-2.51834e-06;-7.73086e-06;-2.40505e-06;-2.60794e-06;-7.3584e-06;-7.67784e-06;-2.44384e-06;-7.45409e-06,-2.54274e-06;-7.74299e-06;-2.42611e-06;-2.63129e-06;-7.38964e-06;-7.69692e-06;-2.46629e-06;-7.48726e-06,3.3;3.3;-1.60392e-06;-1.61913e-06;3.3;-1.91333e-06;3.3;-1.87199e-06,-1.64713e-06;-1.88344e-06;3.3;3.3;-1.82083e-06;3.3;-1.54292e-06;3.3,RETRY_5NS;RETRY_5NS;RETRY_5NS;RETRY_5NS;RETRY_5NS;RETRY_5NS;RETRY_5NS;RETRY_5NS,8,8,11001010,202,53,1100101,7,202,52,202,INFERRED_AT_DAC_BRIDGE_OUTPUT,11001010,202,11001010,202,11001010,202,11001010,202,True,True
MC200_CMP_XM5_XM6_W8P2524_XM7_XM11_W16P8587_S124_LOW_W4,67,-3.30316e-06;-8.76994e-06;-3.2136e-06;-3.41219e-06;-8.40101e-06;-8.72428e-06;-3.24996e-06;-8.40193e-06,-3.33863e-06;-8.74903e-06;-3.24593e-06;-3.44712e-06;-8.38856e-06;-8.6934e-06;-3.28315e-06;-8.38711e-06,3.3;-2.06584e-06;-1.68845e-06;-1.70565e-06;-1.98599e-06;3.3;-1.67935e-06;-1.97922e-06,-1.72136e-06;3.3;3.3;3.3;3.3;-1.93822e-06;3.3;3.3,RETRY_5NS;RETRY_5NS;RETRY_5NS;RETRY_5NS;RETRY_5NS;RETRY_5NS;RETRY_5NS;RETRY_5NS,8,8,10000100,132,123,1000010,7,132,122,132,INFERRED_AT_DAC_BRIDGE_OUTPUT,10000100,132,10000100,132,10000100,132,10000100,132,True,True
MC200_CMP_XM5_XM6_W8P2524_XM7_XM11_W16P8587_S125_LOW_W4,0,-3.18473e-06;-8.31819e-06;-3.15199e-06;-3.14857e-06;-8.25319e-06;-8.25288e-06;-3.15488e-06;-8.29412e-06,-3.19979e-06;-8.29196e-06;-3.16814e-06;-3.16339e-06;-8.23979e-06;-8.23748e-06;-3.17028e-06;-8.27491e-06,3.3;3.3;3.3;-1.62406e-06;-1.92011e-06;-1.91772e-06;-1.61276e-06;3.3,-1.73984e-06;-1.98074e-06;-1.64359e-06;3.3;3.3;3.3;3.3;-1.94052e-06,RETRY_5NS;RETRY_5NS;RETRY_5NS;RETRY_5NS;RETRY_5NS;RETRY_5NS;RETRY_5NS;RETRY_5NS,8,8,11100001,225,30,1110000,7,224,30,225,INFERRED_AT_DAC_BRIDGE_OUTPUT,11100001,225,11100001,225,11100001,225,11100001,225,True,True
MC200_CMP_XM5_XM6_W8P2524_XM7_XM11_W16P8587_S125_LOW_W4,1,-3.17222e-06;-8.48344e-06;-3.27636e-06;-3.25523e-06;-8.41534e-06;-8.41529e-06;-3.24735e-06;-8.45622e-06,-3.18793e-06;-8.45248e-06;-3.29271e-06;-3.27157e-06;-8.39901e-06;-8.39666e-06;-3.26259e-06;-8.43441e-06,3.3;3.3;3.3;3.3;-1.93596e-06;-1.93258e-06;-1.62731e-06;-1.92424e-06,-1.76692e-06;-2.00274e-06;-1.66299e-06;-1.64842e-06;3.3;3.3;3.3;3.3,RETRY_5NS;RETRY_5NS;RETRY_5NS;RETRY_5NS;RETRY_5NS;RETRY_5NS;RETRY_5NS;RETRY_5NS,8,8,11110000,240,15,1111000,7,240,14,240,INFERRED_AT_DAC_BRIDGE_OUTPUT,11110000,240,11110000,240,11110000,240,11110000,240,True,True
MC200_CMP_XM5_XM6_W8P2524_XM7_XM11_W16P8587_S125_LOW_W4,2,-3.40711e-06;-8.51289e-06;-3.40616e-06;-3.28519e-06;-8.45966e-06;-8.45735e-06;-3.27599e-06;-8.49695e-06,-3.42208e-06;-8.48325e-06;-3.42095e-06;-3.30044e-06;-8.43391e-06;-8.43418e-06;-3.29175e-06;-8.47403e-06,3.3;3.3;-1.64799e-06;-1.63433e-06;3.3;3.3;-1.62887e-06;3.3,-1.74861e-06;-1.99603e-06;3.3;3.3;-1.96623e-06;-1.95974e-06;3.3;-1.95469e-06,RETRY_5NS;RETRY_5NS;RETRY_5NS;RETRY_5NS;RETRY_5NS;RETRY_5NS;RETRY_5NS;RETRY_5NS,8,8,11001101,205,50,1100110,7,204,50,205,INFERRED_AT_DAC_BRIDGE_OUTPUT,11001101,205,11001101,205,11001101,205,11001101,205,True,True
MC200_CMP_XM5_XM6_W8P2524_XM7_XM11_W16P8587_S125_LOW_W4,3,-3.11466e-06;-8.4763e-06;-3.28479e-06;-3.25998e-06;-8.41587e-06;-8.41778e-06;-3.24678e-06;-8.45627e-06,-3.13009e-06;-8.46369e-06;-3.30013e-06;-3.27475e-06;-8.39553e-06;-8.39404e-06;-3.26312e-06;-8.43438e-06,3.3;-1.97989e-06;-1.64134e-06;-1.63531e-06;-1.92861e-06;3.3;3.3;-1.92442e-06,-1.73416e-06;3.3;3.3;3.3;3.3;-1.9597e-06;-1.64878e-06;3.3,RETRY_5NS;RETRY_5NS;RETRY_5NS;RETRY_5NS;RETRY_5NS;RETRY_5NS;RETRY_5NS;RETRY_5NS,8,8,10000110,134,121,1000011,7,134,120,134,INFERRED_AT_DAC_BRIDGE_OUTPUT,10000110,134,10000110,134,10000110,134,10000110,134,True,True
MC200_CMP_XM5_XM6_W8P2524_XM7_XM11_W16P8587_S125_LOW_W4,64,-3.15894e-06;-8.47934e-06;-3.06614e-06;-3.26334e-06;-8.09109e-06;-8.41533e-06;-3.23249e-06;-8.09082e-06,-3.17449e-06;-8.4487e-06;-3.08211e-06;-3.27832e-06;-8.08098e-06;-8.39633e-06;-3.24744e-06;-8.07613e-06,3.3;3.3;3.3;-1.63687e-06;-1.90565e-06;-1.93272e-06;-1.61063e-06;3.3,-1.75201e-06;-1.99516e-06;-1.63493e-06;3.3;3.3;3.3;3.3;-1.92317e-06,RETRY_5NS;RETRY_5NS;RETRY_5NS;RETRY_5NS;RETRY_5NS;RETRY_5NS;RETRY_5NS;RETRY_5NS,8,8,11100001,225,30,1110000,7,224,30,225,INFERRED_AT_DAC_BRIDGE_OUTPUT,11100001,225,11100001,225,11100001,225,11100001,225,True,True
MC200_CMP_XM5_XM6_W8P2524_XM7_XM11_W16P8587_S125_LOW_W4,65,-3.28713e-06;-8.64435e-06;-3.19122e-06;-3.37034e-06;-8.25324e-06;-8.57769e-06;-3.21819e-06;-8.25288e-06,-3.30311e-06;-8.60893e-06;-3.20733e-06;-3.3869e-06;-8.24018e-06;-8.55567e-06;-3.23382e-06;-8.23563e-06,3.3;3.3;3.3;3.3;-1.92024e-06;-1.94906e-06;-1.62382e-06;-1.94508e-06,-1.77982e-06;-2.01819e-06;-1.65389e-06;-1.66246e-06;3.3;3.3;3.3;3.3,RETRY_5NS;RETRY_5NS;RETRY_5NS;RETRY_5NS;RETRY_5NS;RETRY_5NS;RETRY_5NS;RETRY_5NS,8,8,11110000,240,15,1111000,7,240,14,240,INFERRED_AT_DAC_BRIDGE_OUTPUT,11110000,240,11110000,240,11110000,240,11110000,240,True,True
MC200_CMP_XM5_XM6_W8P2524_XM7_XM11_W16P8587_S125_LOW_W4,66,-3.34655e-06;-8.67439e-06;-3.22167e-06;-3.40027e-06;-8.29714e-06;-8.61978e-06;-3.44012e-06;-8.29362e-06,-3.36229e-06;-8.6405e-06;-3.23682e-06;-3.41577e-06;-8.27538e-06;-8.59309e-06;-3.45511e-06;-8.2753e-06,3.3;3.3;-1.63548e-06;-1.6462e-06;3.3;3.3;-1.63239e-06;3.3,-1.7614e-06;-2.01221e-06;3.3;3.3;-1.95052e-06;-1.97289e-06;3.3;-1.93054e-06,RETRY_5NS;RETRY_5NS;RETRY_5NS;RETRY_5NS;RETRY_5NS;RETRY_5NS;RETRY_5NS;RETRY_5NS,8,8,11001101,205,50,1100110,7,204,50,205,INFERRED_AT_DAC_BRIDGE_OUTPUT,11001101,205,11001101,205,11001101,205,11001101,205,True,True
MC200_CMP_XM5_XM6_W8P2524_XM7_XM11_W16P8587_S125_LOW_W4,67,-3.23331e-06;-8.6361e-06;-3.19971e-06;-3.37484e-06;-8.25347e-06;-8.58053e-06;-3.2527e-06;-8.25297e-06,-3.24898e-06;-8.62066e-06;-3.21496e-06;-3.38979e-06;-8.23669e-06;-8.55274e-06;-3.26936e-06;-8.23563e-06,3.3;-1.9941e-06;-1.63225e-06;-1.64797e-06;-1.91407e-06;3.3;3.3;-1.90588e-06,-1.74754e-06;3.3;3.3;3.3;3.3;-1.97319e-06;-1.64334e-06;3.3,RETRY_5NS;RETRY_5NS;RETRY_5NS;RETRY_5NS;RETRY_5NS;RETRY_5NS;RETRY_5NS;RETRY_5NS,8,8,10000110,134,121,1000011,7,134,120,134,INFERRED_AT_DAC_BRIDGE_OUTPUT,10000110,134,10000110,134,10000110,134,10000110,134,True,True
MC200_CMP_XM5_XM6_W8P2524_XM7_XM11_W16P8587_S126_LOW_W4,0,-3.15669e-06;-8.41114e-06;-3.27164e-06;-3.26869e-06;-8.34554e-06;-8.34514e-06;-3.1302e-06;-8.70246e-06,-3.15327e-06;-8.38612e-06;-3.2687e-06;-3.26463e-06;-8.33316e-06;-8.33063e-06;-3.1265e-06;-8.68399e-06,3.3;3.3;3.3;-1.63602e-06;-1.93473e-06;-1.9314e-06;-1.62148e-06;-1.91665e-06,-1.77776e-06;-2.02432e-06;-1.68068e-06;3.3;3.3;3.3;3.3;3.3,RETRY_5NS;RETRY_5NS;RETRY_5NS;RETRY_5NS;RETRY_5NS;RETRY_5NS;RETRY_5NS;RETRY_5NS,8,8,11100000,224,31,1110000,7,224,30,224,INFERRED_AT_DAC_BRIDGE_OUTPUT,11100000,224,11100000,224,11100000,224,11100000,224,True,True
MC200_CMP_XM5_XM6_W8P2524_XM7_XM11_W16P8587_S126_LOW_W4,1,-3.22829e-06;-8.49497e-06;-3.33857e-06;-3.31554e-06;-8.42532e-06;-8.42475e-06;-3.30697e-06;-8.46505e-06,-3.22471e-06;-8.46941e-06;-3.33518e-06;-3.31227e-06;-8.41363e-06;-8.4115e-06;-3.30265e-06;-8.44906e-06,3.3;3.3;3.3;3.3;-1.94096e-06;-1.93841e-06;-1.63321e-06;-1.93643e-06,-1.80046e-06;-2.03972e-06;-1.69405e-06;-1.67954e-06;3.3;3.3;3.3;3.3,RETRY_5NS;RETRY_5NS;RETRY_5NS;RETRY_5NS;RETRY_5NS;RETRY_5NS;RETRY_5NS;RETRY_5NS,8,8,11110000,240,15,1111000,7,240,14,240,INFERRED_AT_DAC_BRIDGE_OUTPUT,11110000,240,11110000,240,11110000,240,11110000,240,True,True
MC200_CMP_XM5_XM6_W8P2524_XM7_XM11_W16P8587_S126_LOW_W4,2,-3.26639e-06;-8.56227e-06;-3.39708e-06;-3.37314e-06;-8.50861e-06;-8.5062e-06;-3.36348e-06;-7.93464e-06,-3.26264e-06;-8.53918e-06;-3.39247e-06;-3.36886e-06;-8.48852e-06;-8.48884e-06;-3.35887e-06;-7.92114e-06,3.3;3.3;-1.65332e-06;-1.64177e-06;3.3;3.3;-1.63749e-06;-1.94592e-06,-1.78432e-06;-2.03959e-06;3.3;3.3;-2.00705e-06;-2.00059e-06;3.3;3.3,RETRY_5NS;RETRY_5NS;RETRY_5NS;RETRY_5NS;RETRY_5NS;RETRY_5NS;RETRY_5NS;RETRY_5NS,8,8,11001100,204,51,1100110,7,204,50,204,INFERRED_AT_DAC_BRIDGE_OUTPUT,11001100,204,11001100,204,11001100,204,11001100,204,True,True
MC200_CMP_XM5_XM6_W8P2524_XM7_XM11_W16P8587_S126_LOW_W4,3,-3.31188e-06;-8.68466e-06;-3.48777e-06;-3.4619e-06;-9.16855e-06;-8.62684e-06;-3.448e-06;-9.51429e-06,-3.30748e-06;-8.6789e-06;-3.48268e-06;-3.45625e-06;-9.1514e-06;-8.6088e-06;-3.44392e-06;-9.49465e-06,3.3;-2.00391e-06;-1.66225e-06;-1.65671e-06;-1.95176e-06;3.3;3.3;-1.94737e-06,-1.78629e-06;3.3;3.3;3.3;3.3;-2.0159e-06;-1.69468e-06;3.3,RETRY_5NS;RETRY_5NS;RETRY_5NS;RETRY_5NS;RETRY_5NS;RETRY_5NS;RETRY_5NS;RETRY_5NS,8,8,10000110,134,121,1000011,7,134,120,134,INFERRED_AT_DAC_BRIDGE_OUTPUT,10000110,134,10000110,134,10000110,134,10000110,134,True,True
MC200_CMP_XM5_XM6_W8P2524_XM7_XM11_W16P8587_S126_LOW_W4,64,-3.27075e-06;-8.56965e-06;-3.18753e-06;-3.38103e-06;-8.18603e-06;-8.50496e-06;-3.22165e-06;-7.78563e-06,-3.26674e-06;-8.54424e-06;-3.18508e-06;-3.37622e-06;-8.17282e-06;-8.4909e-06;-3.21783e-06;-7.77016e-06,3.3;3.3;3.3;-1.64839e-06;-1.91932e-06;-1.94607e-06;-1.62101e-06;3.3,-1.79147e-06;-2.04152e-06;-1.67187e-06;3.3;3.3;3.3;3.3;-1.96867e-06,RETRY_5NS;RETRY_5NS;RETRY_5NS;RETRY_5NS;RETRY_5NS;RETRY_5NS;RETRY_5NS;RETRY_5NS,8,8,11100001,225,30,1110000,7,224,30,225,INFERRED_AT_DAC_BRIDGE_OUTPUT,11100001,225,11100001,225,11100001,225,11100001,225,True,True
MC200_CMP_XM5_XM6_W8P2524_XM7_XM11_W16P8587_S126_LOW_W4,65,-3.34105e-06;-8.65309e-06;-3.25506e-06;-3.42864e-06;-8.2658e-06;-8.58446e-06;-3.27858e-06;-8.26499e-06,-3.33687e-06;-8.6271e-06;-3.25205e-06;-3.4243e-06;-8.25321e-06;-8.57197e-06;-3.27442e-06;-8.24858e-06,3.3;3.3;3.3;3.3;-1.92811e-06;-1.95466e-06;-1.63063e-06;-1.95628e-06,-1.81432e-06;-2.05519e-06;-1.68479e-06;-1.69252e-06;3.3;3.3;3.3;3.3,RETRY_5NS;RETRY_5NS;RETRY_5NS;RETRY_5NS;RETRY_5NS;RETRY_5NS;RETRY_5NS;RETRY_5NS,8,8,11110000,240,15,1111000,7,240,14,240,INFERRED_AT_DAC_BRIDGE_OUTPUT,11110000,240,11110000,240,11110000,240,11110000,240,True,True
MC200_CMP_XM5_XM6_W8P2524_XM7_XM11_W16P8587_S126_LOW_W4,66,-3.38013e-06;-8.72108e-06;-3.31333e-06;-3.48637e-06;-8.34879e-06;-8.66601e-06;-3.33517e-06;-8.13132e-06,-3.37574e-06;-8.69777e-06;-3.3093e-06;-3.48073e-06;-8.32858e-06;-8.6492e-06;-3.33071e-06;-8.1155e-06,3.3;3.3;-1.64386e-06;-1.65412e-06;3.3;3.3;-1.63593e-06;-1.92368e-06,-1.79708e-06;-2.05522e-06;3.3;3.3;-1.99235e-06;-2.01491e-06;3.3;3.3,RETRY_5NS;RETRY_5NS;RETRY_5NS;RETRY_5NS;RETRY_5NS;RETRY_5NS;RETRY_5NS;RETRY_5NS,8,8,11001100,204,51,1100110,7,204,50,204,INFERRED_AT_DAC_BRIDGE_OUTPUT,11001100,204,11001100,204,11001100,204,11001100,204,True,True
MC200_CMP_XM5_XM6_W8P2524_XM7_XM11_W16P8587_S126_LOW_W4,67,-3.4284e-06;-8.84178e-06;-3.405e-06;-3.88673e-06;-8.89194e-06;-8.78662e-06;-3.41988e-06;-8.87522e-06,-3.42334e-06;-8.83722e-06;-3.40051e-06;-3.87953e-06;-8.87505e-06;-8.76909e-06;-3.41553e-06;-8.85745e-06,3.3;-2.01901e-06;-1.65289e-06;-1.67596e-06;-1.93731e-06;3.3;3.3;-1.93403e-06,-1.79801e-06;3.3;3.3;3.3;3.3;-2.029e-06;-1.68691e-06;3.3,RETRY_5NS;RETRY_5NS;RETRY_5NS;RETRY_5NS;RETRY_5NS;RETRY_5NS;RETRY_5NS;RETRY_5NS,8,8,10000110,134,121,1000011,7,134,120,134,INFERRED_AT_DAC_BRIDGE_OUTPUT,10000110,134,10000110,134,10000110,134,10000110,134,True,True
MC200_CMP_XM5_XM6_W8P2524_XM7_XM11_W16P8587_S127_LOW_W4,0,-2.93063e-06;-9.73009e-06;-3.01985e-06;-3.01789e-06;-8.29798e-06;-8.29799e-06;-3.00679e-06;-9.05324e-06,-3.01695e-06;-9.77043e-06;-3.10737e-06;-3.10476e-06;-8.30436e-06;-8.30276e-06;-3.09324e-06;-9.0773e-06,3.3;3.3;3.3;-1.6415e-06;-1.94536e-06;-1.94175e-06;-1.63421e-06;-1.93518e-06,-1.73163e-06;-1.97332e-06;-1.63501e-06;3.3;3.3;3.3;3.3;3.3,RETRY_5NS;RETRY_5NS;RETRY_5NS;RETRY_5NS;RETRY_5NS;RETRY_5NS;RETRY_5NS;RETRY_5NS,8,8,11100000,224,31,1110000,7,224,30,224,INFERRED_AT_DAC_BRIDGE_OUTPUT,11100000,224,11100000,224,11100000,224,11100000,224,True,True
MC200_CMP_XM5_XM6_W8P2524_XM7_XM11_W16P8587_S127_LOW_W4,1,-3.18259e-06;-8.4475e-06;-3.08581e-06;-3.07209e-06;-9.53992e-06;-8.3877e-06;-3.14551e-06;-9.38432e-06,-3.27569e-06;-8.42895e-06;-3.17591e-06;-3.16132e-06;-9.57255e-06;-8.37897e-06;-3.23518e-06;-9.41036e-06,3.3;3.3;3.3;-1.63755e-06;3.3;3.3;3.3;3.3,-1.75962e-06;-1.98768e-06;-1.65133e-06;3.3;-1.94244e-06;-1.94375e-06;-1.63418e-06;-1.93366e-06,RETRY_5NS;RETRY_5NS;RETRY_5NS;RETRY_5NS;RETRY_5NS;RETRY_5NS;RETRY_5NS;RETRY_5NS,8,8,11101111,239,16,1110111,7,238,16,239,INFERRED_AT_DAC_BRIDGE_OUTPUT,11101111,239,11101111,239,11101111,239,11101111,239,True,True
MC200_CMP_XM5_XM6_W8P2524_XM7_XM11_W16P8587_S127_LOW_W4,2,-3.13924e-06;-8.65424e-06;-3.2378e-06;-3.22394e-06;-8.60477e-06;-7.56308e-06;-3.21753e-06;-8.64666e-06,-3.23205e-06;-8.61832e-06;-3.33113e-06;-3.31638e-06;-8.57622e-06;-7.50617e-06;-3.312e-06;-8.61693e-06,3.3;3.3;-1.66953e-06;-1.65981e-06;3.3;-1.96755e-06;3.3;3.3,-1.74758e-06;-1.99909e-06;3.3;3.3;-1.9659e-06;3.3;-1.65389e-06;-1.96064e-06,RETRY_5NS;RETRY_5NS;RETRY_5NS;RETRY_5NS;RETRY_5NS;RETRY_5NS;RETRY_5NS;RETRY_5NS,8,8,11001011,203,52,1100101,7,202,52,203,INFERRED_AT_DAC_BRIDGE_OUTPUT,11001011,203,11001011,203,11001011,203,11001011,203,True,True
MC200_CMP_XM5_XM6_W8P2524_XM7_XM11_W16P8587_S127_LOW_W4,3,-2.86766e-06;-8.31153e-06;-3.00406e-06;-2.98596e-06;-9.64103e-06;-8.25644e-06;-2.97625e-06;-7.8746e-06,-2.95272e-06;-8.32237e-06;-3.09042e-06;-3.07169e-06;-9.6971e-06;-8.26077e-06;-3.06228e-06;-7.86404e-06,3.3;-1.98621e-06;-1.64443e-06;-1.6385e-06;-1.93479e-06;3.3;-1.62735e-06;3.3,-1.71106e-06;3.3;3.3;3.3;3.3;-1.93007e-06;3.3;-1.93508e-06,RETRY_5NS;RETRY_5NS;RETRY_5NS;RETRY_5NS;RETRY_5NS;RETRY_5NS;RETRY_5NS;RETRY_5NS,8,8,10000101,133,122,1000010,7,132,122,133,INFERRED_AT_DAC_BRIDGE_OUTPUT,10000101,133,10000101,133,10000101,133,10000101,133,True,True
MC200_CMP_XM5_XM6_W8P2524_XM7_XM11_W16P8587_S127_LOW_W4,64,-3.05166e-06;-7.61113e-06;-2.92996e-06;-3.13791e-06;-8.12482e-06;-8.47133e-06;-2.97659e-06;-8.12474e-06,-3.14154e-06;-7.56024e-06;-3.01484e-06;-3.22834e-06;-8.14605e-06;-8.46112e-06;-3.06214e-06;-8.14286e-06,3.3;3.3;3.3;-1.65464e-06;-1.92853e-06;-1.95661e-06;-1.63033e-06;-1.92127e-06,-1.74558e-06;-1.9987e-06;-1.62234e-06;3.3;3.3;3.3;3.3;3.3,RETRY_5NS;RETRY_5NS;RETRY_5NS;RETRY_5NS;RETRY_5NS;RETRY_5NS;RETRY_5NS;RETRY_5NS,8,8,11100000,224,31,1110000,7,224,30,224,INFERRED_AT_DAC_BRIDGE_OUTPUT,11100000,224,11100000,224,11100000,224,11100000,224,True,True
MC200_CMP_XM5_XM6_W8P2524_XM7_XM11_W16P8587_S127_LOW_W4,65,-3.32011e-06;-8.6199e-06;-3.16696e-06;-3.19247e-06;-7.52564e-06;-8.56133e-06;-3.03651e-06;-9.21041e-06,-3.41608e-06;-8.58518e-06;-3.25402e-06;-3.28524e-06;-7.5153e-06;-8.53699e-06;-3.12492e-06;-9.2542e-06,3.3;3.3;3.3;-1.65167e-06;3.3;3.3;3.3;3.3,-1.77267e-06;-2.00436e-06;-1.64397e-06;3.3;-1.94135e-06;-1.96057e-06;-1.63305e-06;-1.95337e-06,RETRY_5NS;RETRY_5NS;RETRY_5NS;RETRY_5NS;RETRY_5NS;RETRY_5NS;RETRY_5NS;RETRY_5NS,8,8,11101111,239,16,1110111,7,238,16,239,INFERRED_AT_DAC_BRIDGE_OUTPUT,11101111,239,11101111,239,11101111,239,11101111,239,True,True
MC200_CMP_XM5_XM6_W8P2524_XM7_XM11_W16P8587_S127_LOW_W4,66,-3.26034e-06;-8.82688e-06;-3.14836e-06;-3.34433e-06;-8.43117e-06;-8.77617e-06;-3.18766e-06;-7.61843e-06,-3.35672e-06;-8.77505e-06;-3.23904e-06;-3.44029e-06;-8.4183e-06;-8.73587e-06;-3.2805e-06;-7.58533e-06,3.3;3.3;-1.66013e-06;-1.67351e-06;3.3;-1.97036e-06;3.3;3.3,-1.76076e-06;-2.01541e-06;3.3;3.3;-1.94926e-06;3.3;-1.65046e-06;-1.95065e-06,RETRY_5NS;RETRY_5NS;RETRY_5NS;RETRY_5NS;RETRY_5NS;RETRY_5NS;RETRY_5NS;RETRY_5NS,8,8,11001011,203,52,1100101,7,202,52,203,INFERRED_AT_DAC_BRIDGE_OUTPUT,11001011,203,11001011,203,11001011,203,11001011,203,True,True
MC200_CMP_XM5_XM6_W8P2524_XM7_XM11_W16P8587_S127_LOW_W4,67,-2.99069e-06;-8.48299e-06;-2.91482e-06;-3.10605e-06;-8.60965e-06;-8.42998e-06;-2.94578e-06;-8.08198e-06,-3.07935e-06;-8.47927e-06;-2.99852e-06;-3.19532e-06;-8.65015e-06;-8.41893e-06;-3.03138e-06;-8.10281e-06,3.3;-2.00141e-06;-1.63509e-06;-1.64919e-06;-1.91535e-06;3.3;-1.62292e-06;3.3,-1.72344e-06;3.3;3.3;3.3;3.3;-1.94658e-06;3.3;-1.91051e-06,RETRY_5NS;RETRY_5NS;RETRY_5NS;RETRY_5NS;RETRY_5NS;RETRY_5NS;RETRY_5NS;RETRY_5NS,8,8,10000101,133,122,1000010,7,132,122,133,INFERRED_AT_DAC_BRIDGE_OUTPUT,10000101,133,10000101,133,10000101,133,10000101,133,True,True
MC200_CMP_XM5_XM6_W8P2524_XM7_XM11_W16P8587_S128_LOW_W4,0,-3.00843e-06;-8.40369e-06;-3.0986e-06;-3.09599e-06;-8.35047e-06;-8.34899e-06;-3.08507e-06;-8.38863e-06,-3.05589e-06;-8.38855e-06;-3.14631e-06;-3.14511e-06;-8.34134e-06;-8.3414e-06;-3.13375e-06;-8.38095e-06,3.3;3.3;-1.66095e-06;3.3;3.3;3.3;3.3;3.3,-1.71891e-06;-1.96117e-06;3.3;-1.62744e-06;-1.92788e-06;-1.92343e-06;-1.62041e-06;-1.92262e-06,RETRY_5NS;RETRY_5NS;RETRY_5NS;RETRY_5NS;RETRY_5NS;RETRY_5NS;RETRY_5NS;RETRY_5NS,8,8,11011111,223,32,1101111,7,222,32,223,INFERRED_AT_DAC_BRIDGE_OUTPUT,11011111,223,11011111,223,11011111,223,11011111,223,True,True
MC200_CMP_XM5_XM6_W8P2524_XM7_XM11_W16P8587_S128_LOW_W4,1,-3.30486e-06;-8.65296e-06;-3.28661e-06;-3.27449e-06;-8.59838e-06;-8.59697e-06;-3.37727e-06;-8.63633e-06,-3.35541e-06;-8.62233e-06;-3.33915e-06;-3.32547e-06;-8.57497e-06;-8.57537e-06;-3.42872e-06;-8.61573e-06,3.3;3.3;3.3;-1.67526e-06;3.3;3.3;3.3;3.3,-1.75727e-06;-1.98854e-06;-1.65226e-06;3.3;-1.94906e-06;-1.94617e-06;-1.63921e-06;-1.93905e-06,RETRY_5NS;RETRY_5NS;RETRY_5NS;RETRY_5NS;RETRY_5NS;RETRY_5NS;RETRY_5NS;RETRY_5NS,8,8,11101111,239,16,1110111,7,238,16,239,INFERRED_AT_DAC_BRIDGE_OUTPUT,11101111,239,11101111,239,11101111,239,11101111,239,True,True
MC200_CMP_XM5_XM6_W8P2524_XM7_XM11_W16P8587_S128_LOW_W4,2,-2.74271e-06;-8.39734e-06;-3.10783e-06;-3.09217e-06;-8.34858e-06;-8.34622e-06;-3.085e-06;-8.38847e-06,-2.79045e-06;-8.38444e-06;-3.15529e-06;-3.13911e-06;-8.34126e-06;-8.34276e-06;-3.13366e-06;-8.38101e-06,3.3;3.3;-1.67134e-06;-1.66174e-06;3.3;-1.96091e-06;3.3;3.3,-1.70578e-06;-1.95742e-06;3.3;3.3;-1.92448e-06;3.3;-1.61883e-06;-1.92127e-06,RETRY_5NS;RETRY_5NS;RETRY_5NS;RETRY_5NS;RETRY_5NS;RETRY_5NS;RETRY_5NS;RETRY_5NS,8,8,11001011,203,52,1100101,7,202,52,203,INFERRED_AT_DAC_BRIDGE_OUTPUT,11001011,203,11001011,203,11001011,203,11001011,203,True,True
MC200_CMP_XM5_XM6_W8P2524_XM7_XM11_W16P8587_S128_LOW_W4,3,-2.94545e-06;-8.35849e-06;-2.9557e-06;-3.06426e-06;-8.30421e-06;-8.30612e-06;-3.05464e-06;-8.34664e-06,-2.9921e-06;-8.36356e-06;-3.00229e-06;-3.11075e-06;-8.30477e-06;-8.30286e-06;-3.10165e-06;-8.34228e-06,3.3;-2.01343e-06;-1.66466e-06;-1.66089e-06;-1.96645e-06;3.3;-1.6513e-06;3.3,-1.69898e-06;3.3;3.3;3.3;3.3;-1.91685e-06;3.3;-1.91229e-06,RETRY_5NS;RETRY_5NS;RETRY_5NS;RETRY_5NS;RETRY_5NS;RETRY_5NS;RETRY_5NS;RETRY_5NS,8,8,10000101,133,122,1000010,7,132,122,133,INFERRED_AT_DAC_BRIDGE_OUTPUT,10000101,133,10000101,133,10000101,133,10000101,133,True,True
MC200_CMP_XM5_XM6_W8P2524_XM7_XM11_W16P8587_S128_LOW_W4,64,-3.13175e-06;-8.56817e-06;-3.00708e-06;-3.218e-06;-8.18496e-06;-8.5145e-06;-3.27859e-06;-8.18175e-06,-3.18146e-06;-8.54299e-06;-3.05351e-06;-3.26936e-06;-8.18557e-06;-8.49734e-06;-3.32647e-06;-8.18561e-06,3.3;3.3;-1.65104e-06;3.3;3.3;3.3;3.3;3.3,-1.7324e-06;-1.97609e-06;3.3;-1.64025e-06;-1.91259e-06;-1.93932e-06;-1.62429e-06;-1.90467e-06,RETRY_5NS;RETRY_5NS;RETRY_5NS;RETRY_5NS;RETRY_5NS;RETRY_5NS;RETRY_5NS;RETRY_5NS,8,8,11011111,223,32,1101111,7,222,32,223,INFERRED_AT_DAC_BRIDGE_OUTPUT,11011111,223,11011111,223,11011111,223,11011111,223,True,True
MC200_CMP_XM5_XM6_W8P2524_XM7_XM11_W16P8587_S128_LOW_W4,65,-3.32406e-06;-8.8172e-06;-3.19549e-06;-3.39685e-06;-8.43283e-06;-8.76253e-06;-3.3462e-06;-8.42938e-06,-3.3774e-06;-8.77647e-06;-3.24635e-06;-3.45007e-06;-8.41918e-06;-8.73134e-06;-3.39711e-06;-8.42042e-06,3.3;3.3;3.3;-1.68798e-06;3.3;3.3;3.3;3.3,-1.76738e-06;-2.00455e-06;-1.64286e-06;3.3;-1.93296e-06;-1.96192e-06;-1.63602e-06;-1.95876e-06,RETRY_5NS;RETRY_5NS;RETRY_5NS;RETRY_5NS;RETRY_5NS;RETRY_5NS;RETRY_5NS;RETRY_5NS,8,8,11101111,239,16,1110111,7,238,16,239,INFERRED_AT_DAC_BRIDGE_OUTPUT,11101111,239,11101111,239,11101111,239,11101111,239,True,True
MC200_CMP_XM5_XM6_W8P2524_XM7_XM11_W16P8587_S128_LOW_W4,66,-3.07018e-06;-8.56191e-06;-3.01681e-06;-3.21459e-06;-8.18325e-06;-9.10855e-06;-3.05427e-06;-8.18165e-06,-3.11961e-06;-8.53913e-06;-3.0626e-06;-3.26375e-06;-8.18538e-06;-9.10767e-06;-3.10236e-06;-8.18563e-06,3.3;3.3;-1.66233e-06;-1.6757e-06;3.3;-1.97573e-06;3.3;3.3,-1.71808e-06;-1.97189e-06;3.3;3.3;-1.91004e-06;3.3;-1.61655e-06;-1.9032e-06,RETRY_5NS;RETRY_5NS;RETRY_5NS;RETRY_5NS;RETRY_5NS;RETRY_5NS;RETRY_5NS;RETRY_5NS,8,8,11001011,203,52,1100101,7,202,52,203,INFERRED_AT_DAC_BRIDGE_OUTPUT,11001011,203,11001011,203,11001011,203,11001011,203,True,True
MC200_CMP_XM5_XM6_W8P2524_XM7_XM11_W16P8587_S128_LOW_W4,67,-3.07068e-06;-8.52172e-06;-3.1029e-06;-3.18649e-06;-8.139e-06;-8.47166e-06;-3.02397e-06;-8.14028e-06,-3.1196e-06;-8.51831e-06;-3.15024e-06;-3.23522e-06;-8.14854e-06;-8.45895e-06;-3.07039e-06;-8.14657e-06,3.3;-2.02907e-06;-1.66294e-06;-1.67516e-06;-1.951e-06;3.3;-1.64784e-06;3.3,-1.71229e-06;3.3;3.3;3.3;3.3;-1.93267e-06;3.3;-1.89827e-06,RETRY_5NS;RETRY_5NS;RETRY_5NS;RETRY_5NS;RETRY_5NS;RETRY_5NS;RETRY_5NS;RETRY_5NS,8,8,10000101,133,122,1000010,7,132,122,133,INFERRED_AT_DAC_BRIDGE_OUTPUT,10000101,133,10000101,133,10000101,133,10000101,133,True,True
MC200_CMP_XM5_XM6_W8P2524_XM7_XM11_W16P8587_S129_LOW_W4,0,-2.89417e-06;-8.24839e-06;-2.97845e-06;-2.97713e-06;-8.19206e-06;-8.19217e-06;-2.96698e-06;-8.23334e-06,-2.89799e-06;-8.25534e-06;-2.98313e-06;-2.9803e-06;-8.21168e-06;-8.21028e-06;-2.97051e-06;-8.24943e-06,3.3;3.3;3.3;-1.71854e-06;-2.03093e-06;-2.02901e-06;-1.70861e-06;-2.02701e-06,-1.78241e-06;-2.03183e-06;-1.68356e-06;3.3;3.3;3.3;3.3;3.3,RETRY_5NS;RETRY_5NS;RETRY_5NS;RETRY_5NS;RETRY_5NS;RETRY_5NS;RETRY_5NS;RETRY_5NS,8,8,11100000,224,31,1110000,7,224,30,224,INFERRED_AT_DAC_BRIDGE_OUTPUT,11100000,224,11100000,224,11100000,224,11100000,224,True,True
MC200_CMP_XM5_XM6_W8P2524_XM7_XM11_W16P8587_S129_LOW_W4,1,-2.99727e-06;-8.37256e-06;-3.30563e-06;-3.06552e-06;-8.3188e-06;-8.3174e-06;-3.10079e-06;-8.35667e-06,-3.00185e-06;-8.37807e-06;-3.3119e-06;-3.0697e-06;-8.3288e-06;-8.32905e-06;-3.10618e-06;-8.37027e-06,3.3;3.3;3.3;-1.71817e-06;3.3;3.3;3.3;3.3,-1.80827e-06;-2.0487e-06;-1.71097e-06;3.3;-2.00799e-06;-2.00408e-06;-1.68979e-06;-2.00143e-06,RETRY_5NS;RETRY_5NS;RETRY_5NS;RETRY_5NS;RETRY_5NS;RETRY_5NS;RETRY_5NS;RETRY_5NS,8,8,11101111,239,16,1110111,7,238,16,239,INFERRED_AT_DAC_BRIDGE_OUTPUT,11101111,239,11101111,239,11101111,239,11101111,239,True,True
MC200_CMP_XM5_XM6_W8P2524_XM7_XM11_W16P8587_S129_LOW_W4,2,-2.42044e-06;-7.56506e-06;-2.42882e-06;-2.50441e-06;-8.14897e-06;-7.91267e-06;-2.49639e-06;-7.78563e-06,-2.42195e-06;-7.57884e-06;-2.42918e-06;-2.50485e-06;-8.16706e-06;-7.93219e-06;-2.49849e-06;-7.80282e-06,3.3;3.3;-1.6698e-06;-1.6647e-06;3.3;-1.9506e-06;3.3;3.3,-1.72476e-06;-1.97543e-06;3.3;3.3;-1.9379e-06;3.3;-1.63231e-06;-1.93139e-06,RETRY_5NS;RETRY_5NS;RETRY_5NS;RETRY_5NS;RETRY_5NS;RETRY_5NS;RETRY_5NS;RETRY_5NS,8,8,11001011,203,52,1100101,7,202,52,203,INFERRED_AT_DAC_BRIDGE_OUTPUT,11001011,203,11001011,203,11001011,203,11001011,203,True,True
MC200_CMP_XM5_XM6_W8P2524_XM7_XM11_W16P8587_S129_LOW_W4,3,-2.8187e-06;-8.44543e-06;-3.14632e-06;-3.13125e-06;-8.39591e-06;-7.99945e-06;-3.12349e-06;-8.43819e-06,-2.82246e-06;-8.46936e-06;-3.15055e-06;-3.1351e-06;-8.41221e-06;-8.00891e-06;-3.12799e-06;-8.45151e-06,3.3;-2.09751e-06;-1.73866e-06;-1.73389e-06;-2.04783e-06;3.3;-1.72198e-06;3.3,-1.77549e-06;3.3;3.3;3.3;3.3;-2.01789e-06;3.3;-2.00719e-06,RETRY_5NS;RETRY_5NS;RETRY_5NS;RETRY_5NS;RETRY_5NS;RETRY_5NS;RETRY_5NS;RETRY_5NS,8,8,10000101,133,122,1000010,7,132,122,133,INFERRED_AT_DAC_BRIDGE_OUTPUT,10000101,133,10000101,133,10000101,133,10000101,133,True,True
MC200_CMP_XM5_XM6_W8P2524_XM7_XM11_W16P8587_S129_LOW_W4,64,-3.01979e-06;-8.41061e-06;-2.88515e-06;-3.10166e-06;-8.02941e-06;-8.35499e-06;-2.93565e-06;-8.02943e-06,-3.02428e-06;-8.4161e-06;-2.8893e-06;-3.10554e-06;-8.04935e-06;-8.37281e-06;-2.939e-06;-8.04637e-06,3.3;3.3;3.3;-1.73167e-06;-2.01615e-06;-2.04505e-06;-1.70513e-06;-2.00713e-06,-1.7961e-06;-2.04731e-06;-1.67019e-06;3.3;3.3;3.3;3.3;3.3,RETRY_5NS;RETRY_5NS;RETRY_5NS;RETRY_5NS;RETRY_5NS;RETRY_5NS;RETRY_5NS;RETRY_5NS,8,8,11100000,224,31,1110000,7,224,30,224,INFERRED_AT_DAC_BRIDGE_OUTPUT,11100000,224,11100000,224,11100000,224,11100000,224,True,True
MC200_CMP_XM5_XM6_W8P2524_XM7_XM11_W16P8587_S129_LOW_W4,65,-3.12208e-06;-8.53457e-06;-3.17957e-06;-3.19045e-06;-8.15569e-06;-8.48058e-06;-3.12406e-06;-8.15272e-06,-3.12732e-06;-8.53858e-06;-3.18524e-06;-3.19532e-06;-8.16684e-06;-8.49117e-06;-3.12947e-06;-8.16724e-06,3.3;3.3;3.3;-1.73086e-06;3.3;3.3;3.3;3.3,-1.82205e-06;-2.06466e-06;-1.70091e-06;3.3;-1.99318e-06;-2.01862e-06;-1.6887e-06;-2.01769e-06,RETRY_5NS;RETRY_5NS;RETRY_5NS;RETRY_5NS;RETRY_5NS;RETRY_5NS;RETRY_5NS;RETRY_5NS,8,8,11101111,239,16,1110111,7,238,16,239,INFERRED_AT_DAC_BRIDGE_OUTPUT,11101111,239,11101111,239,11101111,239,11101111,239,True,True
MC200_CMP_XM5_XM6_W8P2524_XM7_XM11_W16P8587_S129_LOW_W4,66,-2.54597e-06;-7.58537e-06;-2.54257e-06;-2.6294e-06;-7.60869e-06;-7.74475e-06;-2.46557e-06;-7.41769e-06,-2.54816e-06;-7.5968e-06;-2.54314e-06;-2.6305e-06;-7.62621e-06;-7.76184e-06;-2.46632e-06;-7.43752e-06,3.3;3.3;-1.67274e-06;-1.67729e-06;3.3;3.3;-1.65818e-06;-1.95246e-06,-1.7382e-06;-1.9942e-06;3.3;3.3;-1.91424e-06;-1.93251e-06;3.3;3.3,RETRY_5NS;RETRY_5NS;RETRY_5NS;RETRY_5NS;RETRY_5NS;RETRY_5NS;RETRY_5NS;RETRY_5NS,8,8,11001100,204,51,1100110,7,204,50,204,INFERRED_AT_DAC_BRIDGE_OUTPUT,11001100,204,11001100,204,11001100,204,11001100,204,True,True
MC200_CMP_XM5_XM6_W8P2524_XM7_XM11_W16P8587_S129_LOW_W4,67,-3.35294e-06;-8.60647e-06;-3.05372e-06;-3.25601e-06;-8.23303e-06;-8.55882e-06;-3.09193e-06;-8.23441e-06,-3.35885e-06;-8.63052e-06;-3.05743e-06;-3.26055e-06;-8.24998e-06;-8.57068e-06;-3.09673e-06;-8.24842e-06,3.3;-2.11416e-06;-1.7295e-06;-1.74694e-06;-2.03219e-06;3.3;-1.71583e-06;3.3,-1.80223e-06;3.3;3.3;3.3;3.3;-2.02428e-06;3.3;-1.99079e-06,RETRY_5NS;RETRY_5NS;RETRY_5NS;RETRY_5NS;RETRY_5NS;RETRY_5NS;RETRY_5NS;RETRY_5NS,8,8,10000101,133,122,1000010,7,132,122,133,INFERRED_AT_DAC_BRIDGE_OUTPUT,10000101,133,10000101,133,10000101,133,10000101,133,True,True
MC200_CMP_XM5_XM6_W8P2524_XM7_XM11_W16P8587_S130_LOW_W4,0,-3.033e-06;-8.4075e-06;-3.12433e-06;-3.12276e-06;-7.78378e-06;-8.34883e-06;-3.11083e-06;-8.39066e-06,-3.05218e-06;-8.37761e-06;-3.14391e-06;-3.14086e-06;-7.76856e-06;-8.33134e-06;-3.12933e-06;-8.36971e-06,3.3;3.3;3.3;-1.67542e-06;-1.98554e-06;-1.97603e-06;-1.66264e-06;-1.96523e-06,-1.85326e-06;-2.11358e-06;-1.75263e-06;3.3;3.3;3.3;3.3;3.3,RETRY_5NS;RETRY_5NS;RETRY_5NS;RETRY_5NS;RETRY_5NS;RETRY_5NS;RETRY_5NS;RETRY_5NS,8,8,11100000,224,31,1110000,7,224,30,224,INFERRED_AT_DAC_BRIDGE_OUTPUT,11100000,224,11100000,224,11100000,224,11100000,224,True,True
MC200_CMP_XM5_XM6_W8P2524_XM7_XM11_W16P8587_S130_LOW_W4,1,-3.10433e-06;-8.492e-06;-3.19158e-06;-3.17733e-06;-8.43066e-06;-8.43075e-06;-3.17205e-06;-8.47235e-06,-3.12353e-06;-8.46006e-06;-3.21136e-06;-3.19623e-06;-8.41409e-06;-8.4125e-06;-3.19034e-06;-8.45117e-06,3.3;3.3;3.3;3.3;-1.9874e-06;-1.98499e-06;-1.67221e-06;-1.98333e-06,-1.87563e-06;-2.12666e-06;-1.76829e-06;-1.74849e-06;3.3;3.3;3.3;3.3,RETRY_5NS;RETRY_5NS;RETRY_5NS;RETRY_5NS;RETRY_5NS;RETRY_5NS;RETRY_5NS;RETRY_5NS,8,8,11110000,240,15,1111000,7,240,14,240,INFERRED_AT_DAC_BRIDGE_OUTPUT,11110000,240,11110000,240,11110000,240,11110000,240,True,True
MC200_CMP_XM5_XM6_W8P2524_XM7_XM11_W16P8587_S130_LOW_W4,2,-3.20989e-06;-8.60497e-06;-3.52547e-06;-3.26977e-06;-8.55723e-06;-8.55528e-06;-3.26361e-06;-8.59558e-06,-3.22866e-06;-8.57342e-06;-3.54185e-06;-3.28738e-06;-8.52974e-06;-8.53087e-06;-3.28169e-06;-8.57222e-06,3.3;3.3;-1.70086e-06;-1.6843e-06;3.3;3.3;-1.67988e-06;-1.9929e-06,-1.86458e-06;-2.13122e-06;3.3;3.3;-2.09615e-06;-2.08771e-06;3.3;3.3,RETRY_5NS;RETRY_5NS;RETRY_5NS;RETRY_5NS;RETRY_5NS;RETRY_5NS;RETRY_5NS;RETRY_5NS,8,8,11001100,204,51,1100110,7,204,50,204,INFERRED_AT_DAC_BRIDGE_OUTPUT,11001100,204,11001100,204,11001100,204,11001100,204,True,True
MC200_CMP_XM5_XM6_W8P2524_XM7_XM11_W16P8587_S130_LOW_W4,3,-3.03115e-06;-8.44375e-06;-3.16927e-06;-3.151e-06;-8.39014e-06;-8.39183e-06;-3.14105e-06;-8.43132e-06,-3.05021e-06;-8.43133e-06;-3.18745e-06;-3.16877e-06;-8.37067e-06;-8.36906e-06;-3.16002e-06;-8.41078e-06,3.3;-2.02778e-06;-1.68268e-06;-1.67544e-06;-1.97732e-06;3.3;3.3;-1.97946e-06,-1.84131e-06;3.3;3.3;3.3;3.3;-2.07732e-06;-1.74237e-06;3.3,RETRY_5NS;RETRY_5NS;RETRY_5NS;RETRY_5NS;RETRY_5NS;RETRY_5NS;RETRY_5NS;RETRY_5NS,8,8,10000110,134,121,1000011,7,134,120,134,INFERRED_AT_DAC_BRIDGE_OUTPUT,10000110,134,10000110,134,10000110,134,10000110,134,True,True
MC200_CMP_XM5_XM6_W8P2524_XM7_XM11_W16P8587_S130_LOW_W4,64,-3.15557e-06;-8.57069e-06;-3.03353e-06;-3.24407e-06;-8.53097e-06;-8.51271e-06;-3.08034e-06;-8.18542e-06,-3.17442e-06;-8.53744e-06;-3.05336e-06;-3.26184e-06;-8.51708e-06;-8.49311e-06;-3.0989e-06;-8.16769e-06,3.3;3.3;3.3;-1.68751e-06;-1.96166e-06;-1.99189e-06;-1.66151e-06;-1.94927e-06,-1.86851e-06;-2.12972e-06;-1.7422e-06;3.3;3.3;3.3;3.3;3.3,RETRY_5NS;RETRY_5NS;RETRY_5NS;RETRY_5NS;RETRY_5NS;RETRY_5NS;RETRY_5NS;RETRY_5NS,8,8,11100000,224,31,1110000,7,224,30,224,INFERRED_AT_DAC_BRIDGE_OUTPUT,11100000,224,11100000,224,11100000,224,11100000,224,True,True
MC200_CMP_XM5_XM6_W8P2524_XM7_XM11_W16P8587_S130_LOW_W4,65,-3.22587e-06;-8.65486e-06;-3.10108e-06;-3.29896e-06;-8.26696e-06;-8.59461e-06;-3.14157e-06;-8.26712e-06,-3.24474e-06;-8.61953e-06;-3.12109e-06;-3.31755e-06;-8.25242e-06;-8.57417e-06;-3.15993e-06;-8.24915e-06,3.3;3.3;3.3;3.3;-1.97139e-06;-1.99979e-06;-1.66879e-06;-2.00126e-06,-1.88944e-06;-2.14336e-06;-1.75803e-06;-1.76431e-06;3.3;3.3;3.3;3.3,RETRY_5NS;RETRY_5NS;RETRY_5NS;RETRY_5NS;RETRY_5NS;RETRY_5NS;RETRY_5NS;RETRY_5NS,8,8,11110000,240,15,1111000,7,240,14,240,INFERRED_AT_DAC_BRIDGE_OUTPUT,11110000,240,11110000,240,11110000,240,11110000,240,True,True
MC200_CMP_XM5_XM6_W8P2524_XM7_XM11_W16P8587_S130_LOW_W4,66,-3.33813e-06;-8.76822e-06;-3.3867e-06;-3.39147e-06;-8.39318e-06;-8.71909e-06;-3.23306e-06;-8.39035e-06,-3.35653e-06;-8.73346e-06;-3.40368e-06;-3.40875e-06;-8.36852e-06;-8.6926e-06;-3.25122e-06;-8.37017e-06,3.3;3.3;-1.69208e-06;-1.69722e-06;3.3;3.3;-1.67663e-06;-1.97214e-06,-1.87817e-06;-2.14734e-06;3.3;3.3;-2.08121e-06;-2.10194e-06;3.3;3.3,RETRY_5NS;RETRY_5NS;RETRY_5NS;RETRY_5NS;RETRY_5NS;RETRY_5NS;RETRY_5NS;RETRY_5NS,8,8,11001100,204,51,1100110,7,204,50,204,INFERRED_AT_DAC_BRIDGE_OUTPUT,11001100,204,11001100,204,11001100,204,11001100,204,True,True
MC200_CMP_XM5_XM6_W8P2524_XM7_XM11_W16P8587_S130_LOW_W4,67,-3.15571e-06;-8.60561e-06;-3.07901e-06;-3.27241e-06;-8.22618e-06;-8.55598e-06;-3.11051e-06;-8.2261e-06,-3.17445e-06;-8.59142e-06;-3.09745e-06;-3.28982e-06;-8.20939e-06;-8.5305e-06;-3.12957e-06;-8.20874e-06,3.3;-2.04404e-06;-1.67279e-06;-1.68793e-06;-1.96384e-06;3.3;3.3;-1.96028e-06,-1.85411e-06;3.3;3.3;3.3;3.3;-2.09336e-06;-1.73958e-06;3.3,RETRY_5NS;RETRY_5NS;RETRY_5NS;RETRY_5NS;RETRY_5NS;RETRY_5NS;RETRY_5NS;RETRY_5NS,8,8,10000110,134,121,1000011,7,134,120,134,INFERRED_AT_DAC_BRIDGE_OUTPUT,10000110,134,10000110,134,10000110,134,10000110,134,True,True
MC200_CMP_XM5_XM6_W8P2524_XM7_XM11_W16P8587_S131_LOW_W4,0,-2.92857e-06;-8.25925e-06;-3.02546e-06;-3.02278e-06;-8.19765e-06;-8.19738e-06;-3.20054e-06;-8.23963e-06,-2.91391e-06;-8.24361e-06;-3.01091e-06;-3.00684e-06;-8.19312e-06;-8.19141e-06;-3.18439e-06;-8.23172e-06,3.3;3.3;3.3;-1.61652e-06;-1.91117e-06;-1.90757e-06;-1.61117e-06;3.3,-1.71551e-06;-1.95815e-06;-1.62585e-06;3.3;3.3;3.3;3.3;-1.91963e-06,RETRY_5NS;RETRY_5NS;RETRY_5NS;RETRY_5NS;RETRY_5NS;RETRY_5NS;RETRY_5NS;RETRY_5NS,8,8,11100001,225,30,1110000,7,224,30,225,INFERRED_AT_DAC_BRIDGE_OUTPUT,11100001,225,11100001,225,11100001,225,11100001,225,True,True
MC200_CMP_XM5_XM6_W8P2524_XM7_XM11_W16P8587_S131_LOW_W4,1,-3.0895e-06;-8.46921e-06;-3.18125e-06;-3.16473e-06;-8.4052e-06;-8.40517e-06;-3.15878e-06;-8.44726e-06,-3.07403e-06;-8.4557e-06;-3.16598e-06;-3.14915e-06;-8.40491e-06;-8.40328e-06;-3.1421e-06;-8.44385e-06,3.3;3.3;3.3;3.3;-1.93005e-06;-1.92768e-06;-1.62179e-06;-1.92038e-06,-1.74901e-06;-1.98126e-06;-1.64674e-06;-1.63393e-06;3.3;3.3;3.3;3.3,RETRY_5NS;RETRY_5NS;RETRY_5NS;RETRY_5NS;RETRY_5NS;RETRY_5NS;RETRY_5NS;RETRY_5NS,8,8,11110000,240,15,1111000,7,240,14,240,INFERRED_AT_DAC_BRIDGE_OUTPUT,11110000,240,11110000,240,11110000,240,11110000,240,True,True
MC200_CMP_XM5_XM6_W8P2524_XM7_XM11_W16P8587_S131_LOW_W4,2,-2.54761e-06;-7.67347e-06;-2.62324e-06;-2.6002e-06;-7.91664e-06;-7.61655e-06;-2.59046e-06;-7.65669e-06,-2.53612e-06;-7.65226e-06;-2.61039e-06;-2.58696e-06;-7.89388e-06;-7.59734e-06;-2.57763e-06;-7.63944e-06,3.3;3.3;-1.57953e-06;-1.56888e-06;3.3;3.3;-1.56347e-06;3.3,-1.67053e-06;-1.9028e-06;3.3;3.3;-1.87831e-06;-1.86775e-06;3.3;-1.86551e-06,RETRY_5NS;RETRY_5NS;RETRY_5NS;RETRY_5NS;RETRY_5NS;RETRY_5NS;RETRY_5NS;RETRY_5NS,8,8,11001101,205,50,1100110,7,204,50,205,INFERRED_AT_DAC_BRIDGE_OUTPUT,11001101,205,11001101,205,11001101,205,11001101,205,True,True
MC200_CMP_XM5_XM6_W8P2524_XM7_XM11_W16P8587_S131_LOW_W4,3,-3.07326e-06;-8.50259e-06;-3.33651e-06;-3.19874e-06;-8.4472e-06;-7.85629e-06;-3.18833e-06;-8.08354e-06,-3.05749e-06;-8.50848e-06;-3.31954e-06;-3.18128e-06;-8.44426e-06;-7.8538e-06;-3.17208e-06;-8.08618e-06,3.3;-1.97678e-06;-1.64268e-06;-1.63265e-06;-1.92614e-06;3.3;3.3;-1.92596e-06,-1.72173e-06;3.3;3.3;3.3;3.3;-1.94933e-06;-1.63461e-06;3.3,RETRY_5NS;RETRY_5NS;RETRY_5NS;RETRY_5NS;RETRY_5NS;RETRY_5NS;RETRY_5NS;RETRY_5NS,8,8,10000110,134,121,1000011,7,134,120,134,INFERRED_AT_DAC_BRIDGE_OUTPUT,10000110,134,10000110,134,10000110,134,10000110,134,True,True
MC200_CMP_XM5_XM6_W8P2524_XM7_XM11_W16P8587_S131_LOW_W4,64,-3.0486e-06;-8.42462e-06;-2.93662e-06;-3.14147e-06;-8.03161e-06;-8.36364e-06;-2.97918e-06;-8.03146e-06,-3.03312e-06;-8.41096e-06;-2.92271e-06;-3.1247e-06;-8.02391e-06;-8.36058e-06;-2.96378e-06;-8.02017e-06,3.3;3.3;3.3;-1.62903e-06;-1.89582e-06;-1.92244e-06;-1.59737e-06;3.3,-1.72942e-06;-1.97361e-06;-1.61637e-06;3.3;3.3;3.3;3.3;-1.90036e-06,RETRY_5NS;RETRY_5NS;RETRY_5NS;RETRY_5NS;RETRY_5NS;RETRY_5NS;RETRY_5NS;RETRY_5NS,8,8,11100001,225,30,1110000,7,224,30,225,INFERRED_AT_DAC_BRIDGE_OUTPUT,11100001,225,11100001,225,11100001,225,11100001,225,True,True
MC200_CMP_XM5_XM6_W8P2524_XM7_XM11_W16P8587_S131_LOW_W4,65,-3.20834e-06;-8.63425e-06;-3.09284e-06;-3.28407e-06;-8.23916e-06;-8.57139e-06;-3.28126e-06;-8.2391e-06,-3.19205e-06;-8.62269e-06;-3.07815e-06;-3.26721e-06;-8.23569e-06;-8.57255e-06;-3.26478e-06;-8.23226e-06,3.3;3.3;3.3;3.3;-1.9145e-06;-1.94264e-06;-1.62374e-06;-1.93583e-06,-1.7616e-06;-1.99736e-06;-1.63706e-06;-1.64626e-06;3.3;3.3;3.3;3.3,RETRY_5NS;RETRY_5NS;RETRY_5NS;RETRY_5NS;RETRY_5NS;RETRY_5NS;RETRY_5NS;RETRY_5NS,8,8,11110000,240,15,1111000,7,240,14,240,INFERRED_AT_DAC_BRIDGE_OUTPUT,11110000,240,11110000,240,11110000,240,11110000,240,True,True
MC200_CMP_XM5_XM6_W8P2524_XM7_XM11_W16P8587_S131_LOW_W4,66,-2.73748e-06;-7.83893e-06;-2.53512e-06;-2.71925e-06;-7.72829e-06;-7.78299e-06;-2.56056e-06;-7.44848e-06,-2.72494e-06;-7.81985e-06;-2.5229e-06;-2.70511e-06;-7.70521e-06;-7.7665e-06;-2.54792e-06;-7.42782e-06,3.3;3.3;-1.57049e-06;-1.58005e-06;3.3;3.3;-1.56088e-06;3.3,-1.68437e-06;-1.91662e-06;3.3;3.3;-1.8674e-06;-1.88069e-06;3.3;-1.84839e-06,RETRY_5NS;RETRY_5NS;RETRY_5NS;RETRY_5NS;RETRY_5NS;RETRY_5NS;RETRY_5NS;RETRY_5NS,8,8,11001101,205,50,1100110,7,204,50,205,INFERRED_AT_DAC_BRIDGE_OUTPUT,11001101,205,11001101,205,11001101,205,11001101,205,True,True
MC200_CMP_XM5_XM6_W8P2524_XM7_XM11_W16P8587_S131_LOW_W4,67,-3.1954e-06;-8.66672e-06;-3.32547e-06;-3.3177e-06;-8.2809e-06;-7.89383e-06;-3.15842e-06;-8.00699e-06,-3.17881e-06;-8.67618e-06;-3.3088e-06;-3.29939e-06;-8.27511e-06;-7.89489e-06;-3.14239e-06;-8.0025e-06,3.3;-1.99245e-06;-1.63634e-06;-1.64501e-06;-1.91018e-06;3.3;3.3;3.3,-1.73403e-06;3.3;3.3;3.3;3.3;-1.96489e-06;-1.63218e-06;-1.92018e-06,RETRY_5NS;RETRY_5NS;RETRY_5NS;RETRY_5NS;RETRY_5NS;RETRY_5NS;RETRY_5NS;RETRY_5NS,8,8,10000111,135,120,1000011,7,134,120,135,INFERRED_AT_DAC_BRIDGE_OUTPUT,10000111,135,10000111,135,10000111,135,10000111,135,True,True
MC200_CMP_XM5_XM6_W8P2524_XM7_XM11_W16P8587_S132_LOW_W4,0,-3.14318e-06;-8.37983e-06;-3.23839e-06;-3.23603e-06;-8.32391e-06;-8.3239e-06;-3.22338e-06;-8.36142e-06,-3.08854e-06;-8.39152e-06;-3.18369e-06;-3.18013e-06;-8.3465e-06;-8.34483e-06;-3.16815e-06;-8.38231e-06,3.3;3.3;3.3;-1.73718e-06;-2.05555e-06;-2.05226e-06;-1.72738e-06;-2.03308e-06,-1.76392e-06;-2.01075e-06;-1.66754e-06;3.3;3.3;3.3;3.3;3.3,RETRY_5NS;RETRY_5NS;RETRY_5NS;RETRY_5NS;RETRY_5NS;RETRY_5NS;RETRY_5NS;RETRY_5NS,8,8,11100000,224,31,1110000,7,224,30,224,INFERRED_AT_DAC_BRIDGE_OUTPUT,11100000,224,11100000,224,11100000,224,11100000,224,True,True
MC200_CMP_XM5_XM6_W8P2524_XM7_XM11_W16P8587_S132_LOW_W4,1,-3.44796e-06;-8.45611e-06;-3.53347e-06;-3.29129e-06;-8.39747e-06;-8.39754e-06;-3.19348e-06;-8.89457e-06,-3.3945e-06;-8.47162e-06;-3.4799e-06;-3.23551e-06;-8.42518e-06;-8.42338e-06;-3.13602e-06;-8.91241e-06,3.3;3.3;3.3;3.3;-2.06454e-06;-2.06068e-06;-1.73233e-06;-2.05669e-06,-1.79195e-06;-2.02426e-06;-1.68687e-06;-1.66356e-06;3.3;3.3;3.3;3.3,RETRY_5NS;RETRY_5NS;RETRY_5NS;RETRY_5NS;RETRY_5NS;RETRY_5NS;RETRY_5NS;RETRY_5NS,8,8,11110000,240,15,1111000,7,240,14,240,INFERRED_AT_DAC_BRIDGE_OUTPUT,11110000,240,11110000,240,11110000,240,11110000,240,True,True
MC200_CMP_XM5_XM6_W8P2524_XM7_XM11_W16P8587_S132_LOW_W4,2,-3.1263e-06;-7.54917e-06;-3.30942e-06;-3.2925e-06;-8.40126e-06;-8.39908e-06;-3.49034e-06;-8.17761e-06,-3.07067e-06;-7.57723e-06;-3.25296e-06;-3.23557e-06;-8.42025e-06;-8.42102e-06;-3.43582e-06;-8.20619e-06,3.3;3.3;-1.74842e-06;-1.73899e-06;3.3;3.3;-1.73857e-06;-2.05608e-06,-1.75894e-06;-2.02238e-06;3.3;3.3;-1.98042e-06;-1.97151e-06;3.3;3.3,RETRY_5NS;RETRY_5NS;RETRY_5NS;RETRY_5NS;RETRY_5NS;RETRY_5NS;RETRY_5NS;RETRY_5NS,8,8,11001100,204,51,1100110,7,204,50,204,INFERRED_AT_DAC_BRIDGE_OUTPUT,11001100,204,11001100,204,11001100,204,11001100,204,True,True
MC200_CMP_XM5_XM6_W8P2524_XM7_XM11_W16P8587_S132_LOW_W4,3,-3.26542e-06;-8.55699e-06;-3.36433e-06;-3.38739e-06;-8.50855e-06;-8.51056e-06;-3.37788e-06;-8.54581e-06,-3.20933e-06;-8.59918e-06;-3.30641e-06;-3.32958e-06;-8.53946e-06;-8.53813e-06;-3.32071e-06;-8.57833e-06,3.3;-2.12198e-06;-1.75634e-06;-1.75135e-06;-2.06906e-06;3.3;3.3;-2.0674e-06,-1.76336e-06;3.3;3.3;3.3;3.3;-1.99049e-06;-1.66886e-06;3.3,RETRY_5NS;RETRY_5NS;RETRY_5NS;RETRY_5NS;RETRY_5NS;RETRY_5NS;RETRY_5NS;RETRY_5NS,8,8,10000110,134,121,1000011,7,134,120,134,INFERRED_AT_DAC_BRIDGE_OUTPUT,10000110,134,10000110,134,10000110,134,10000110,134,True,True
MC200_CMP_XM5_XM6_W8P2524_XM7_XM11_W16P8587_S132_LOW_W4,64,-3.26727e-06;-8.5262e-06;-3.14655e-06;-3.35867e-06;-8.1768e-06;-8.47126e-06;-3.02422e-06;-8.1768e-06,-3.2113e-06;-8.54627e-06;-3.09285e-06;-3.30145e-06;-8.18991e-06;-8.50145e-06;-2.96739e-06;-8.18648e-06,3.3;3.3;3.3;-1.75058e-06;-2.03817e-06;-2.0675e-06;-1.71834e-06;-2.021e-06,-1.77639e-06;-2.02661e-06;-1.65685e-06;3.3;3.3;3.3;3.3;3.3,RETRY_5NS;RETRY_5NS;RETRY_5NS;RETRY_5NS;RETRY_5NS;RETRY_5NS;RETRY_5NS;RETRY_5NS,8,8,11100000,224,31,1110000,7,224,30,224,INFERRED_AT_DAC_BRIDGE_OUTPUT,11100000,224,11100000,224,11100000,224,11100000,224,True,True
MC200_CMP_XM5_XM6_W8P2524_XM7_XM11_W16P8587_S132_LOW_W4,65,-3.6088e-06;-8.60225e-06;-3.06215e-06;-3.41435e-06;-8.25035e-06;-8.54483e-06;-3.47828e-06;-8.69536e-06,-3.55427e-06;-8.62609e-06;-3.00695e-06;-3.35726e-06;-8.26845e-06;-8.58028e-06;-3.42414e-06;-8.70374e-06,3.3;3.3;3.3;3.3;-2.04866e-06;-2.07688e-06;-1.73733e-06;-2.07534e-06,-1.80508e-06;-2.03979e-06;-1.66854e-06;-1.67769e-06;3.3;3.3;3.3;3.3,RETRY_5NS;RETRY_5NS;RETRY_5NS;RETRY_5NS;RETRY_5NS;RETRY_5NS;RETRY_5NS;RETRY_5NS,8,8,11110000,240,15,1111000,7,240,14,240,INFERRED_AT_DAC_BRIDGE_OUTPUT,11110000,240,11110000,240,11110000,240,11110000,240,True,True
MC200_CMP_XM5_XM6_W8P2524_XM7_XM11_W16P8587_S132_LOW_W4,66,-3.23608e-06;-8.60072e-06;-3.21796e-06;-3.41543e-06;-8.25365e-06;-8.54671e-06;-3.27425e-06;-7.70121e-06,-3.17903e-06;-8.62743e-06;-3.16248e-06;-3.35722e-06;-8.26395e-06;-8.57757e-06;-3.21792e-06;-7.72637e-06,3.3;3.3;-1.73874e-06;-1.75221e-06;3.3;3.3;-1.72804e-06;-2.04711e-06,-1.77383e-06;-2.03194e-06;3.3;3.3;-1.96594e-06;-1.98745e-06;3.3;3.3,RETRY_5NS;RETRY_5NS;RETRY_5NS;RETRY_5NS;RETRY_5NS;RETRY_5NS;RETRY_5NS;RETRY_5NS,8,8,11001100,204,51,1100110,7,204,50,204,INFERRED_AT_DAC_BRIDGE_OUTPUT,11001100,204,11001100,204,11001100,204,11001100,204,True,True
MC200_CMP_XM5_XM6_W8P2524_XM7_XM11_W16P8587_S132_LOW_W4,67,-3.39154e-06;-8.70216e-06;-3.05594e-06;-3.51035e-06;-8.36112e-06;-8.65807e-06;-3.34699e-06;-8.36123e-06,-3.33409e-06;-8.75433e-06;-2.99748e-06;-3.45122e-06;-8.38298e-06;-8.69465e-06;-3.29014e-06;-8.3825e-06,3.3;-2.13879e-06;-1.74056e-06;-1.76412e-06;-2.05365e-06;3.3;3.3;-2.04929e-06,-1.77704e-06;3.3;3.3;3.3;3.3;-2.00611e-06;-1.658e-06;3.3,RETRY_5NS;RETRY_5NS;RETRY_5NS;RETRY_5NS;RETRY_5NS;RETRY_5NS;RETRY_5NS;RETRY_5NS,8,8,10000110,134,121,1000011,7,134,120,134,INFERRED_AT_DAC_BRIDGE_OUTPUT,10000110,134,10000110,134,10000110,134,10000110,134,True,True
MC200_CMP_XM5_XM6_W8P2524_XM7_XM11_W16P8587_S133_LOW_W4,0,-2.95119e-06;-8.27838e-06;-2.98975e-06;-2.98707e-06;-8.21923e-06;-8.21742e-06;-2.97293e-06;-9.21648e-06,-3.07739e-06;-8.24172e-06;-3.11928e-06;-3.11733e-06;-8.19222e-06;-8.19189e-06;-3.10248e-06;-9.2344e-06,3.3;3.3;-1.62636e-06;3.3;3.3;3.3;3.3;3.3,-1.76125e-06;-2.00599e-06;3.3;-1.66575e-06;-1.9717e-06;-1.96872e-06;-1.65738e-06;-1.96051e-06,RETRY_5NS;RETRY_5NS;RETRY_5NS;RETRY_5NS;RETRY_5NS;RETRY_5NS;RETRY_5NS;RETRY_5NS,8,8,11011111,223,32,1101111,7,222,32,215,INFERRED_AT_DAC_BRIDGE_OUTPUT,11010111,215,11010111,215,11010111,215,11010111,215,True,True
MC200_CMP_XM5_XM6_W8P2524_XM7_XM11_W16P8587_S133_LOW_W4,1,-3.07943e-06;-8.79592e-06;-3.17154e-06;-3.15617e-06;-8.48186e-06;-8.48023e-06;-2.99918e-06;-8.52227e-06,-3.21412e-06;-8.73001e-06;-3.30867e-06;-3.29217e-06;-8.41676e-06;-8.41681e-06;-3.13776e-06;-8.45501e-06,3.3;3.3;3.3;-1.64234e-06;3.3;3.3;3.3;-1.94338e-06,-1.79326e-06;-2.03107e-06;-1.69064e-06;3.3;-1.99512e-06;-1.991e-06;-1.67065e-06;3.3,RETRY_5NS;RETRY_5NS;RETRY_5NS;RETRY_5NS;RETRY_5NS;RETRY_5NS;RETRY_5NS;RETRY_5NS,8,8,11101110,238,17,1110111,7,238,16,230,INFERRED_AT_DAC_BRIDGE_OUTPUT,11100110,230,11100110,230,11100110,230,11100110,230,True,True
MC200_CMP_XM5_XM6_W8P2524_XM7_XM11_W16P8587_S133_LOW_W4,2,-2.53347e-06;-7.74819e-06;-2.65334e-06;-2.62998e-06;-7.69126e-06;-7.68925e-06;-2.61919e-06;-7.73308e-06,-2.64753e-06;-7.79107e-06;-2.7689e-06;-2.74476e-06;-7.7423e-06;-7.74227e-06;-2.73563e-06;-7.77856e-06,3.3;3.3;-1.6002e-06;-1.59193e-06;3.3;-1.8766e-06;3.3;3.3,-1.71239e-06;-1.95654e-06;3.3;3.3;-1.92355e-06;3.3;-1.6198e-06;-1.91543e-06,RETRY_5NS;RETRY_5NS;RETRY_5NS;RETRY_5NS;RETRY_5NS;RETRY_5NS;RETRY_5NS;RETRY_5NS,8,8,11001011,203,52,1100101,7,202,52,195,INFERRED_AT_DAC_BRIDGE_OUTPUT,11000011,195,11000011,195,11000011,195,11000011,195,True,True
MC200_CMP_XM5_XM6_W8P2524_XM7_XM11_W16P8587_S133_LOW_W4,3,-2.94363e-06;-8.40604e-06;-3.094e-06;-3.07292e-06;-7.97932e-06;-8.34759e-06;-3.06141e-06;-8.39081e-06,-3.07377e-06;-8.36755e-06;-3.2262e-06;-3.20453e-06;-7.92497e-06;-8.3047e-06;-3.19392e-06;-8.34225e-06,3.3;-1.98403e-06;-1.64564e-06;-1.64051e-06;-1.94214e-06;3.3;-1.63156e-06;-1.92879e-06,-1.75242e-06;3.3;3.3;3.3;3.3;-1.97627e-06;3.3;3.3,RETRY_5NS;RETRY_5NS;RETRY_5NS;RETRY_5NS;RETRY_5NS;RETRY_5NS;RETRY_5NS;RETRY_5NS,8,8,10000100,132,123,1000010,7,132,122,132,INFERRED_AT_DAC_BRIDGE_OUTPUT,10000100,132,10000100,132,10000100,132,10000100,132,True,True
MC200_CMP_XM5_XM6_W8P2524_XM7_XM11_W16P8587_S133_LOW_W4,64,-3.18998e-06;-8.45272e-06;-2.90199e-06;-3.10377e-06;-8.04381e-06;-8.39283e-06;-2.96901e-06;-7.82748e-06,-3.32536e-06;-8.39004e-06;-3.02867e-06;-3.23852e-06;-8.04248e-06;-8.34183e-06;-3.09694e-06;-7.82077e-06,3.3;3.3;-1.61699e-06;3.3;3.3;3.3;3.3;3.3,-1.77964e-06;-2.02152e-06;3.3;-1.67971e-06;-1.95573e-06;-1.9843e-06;-1.65713e-06;-1.95058e-06,RETRY_5NS;RETRY_5NS;RETRY_5NS;RETRY_5NS;RETRY_5NS;RETRY_5NS;RETRY_5NS;RETRY_5NS,8,8,11011111,223,32,1101111,7,222,32,223,INFERRED_AT_DAC_BRIDGE_OUTPUT,11011111,223,11011111,223,11011111,223,11011111,223,True,True
MC200_CMP_XM5_XM6_W8P2524_XM7_XM11_W16P8587_S133_LOW_W4,65,-3.19657e-06;-7.87488e-06;-3.08436e-06;-3.27347e-06;-8.30649e-06;-8.65567e-06;-2.92711e-06;-8.30301e-06,-3.33577e-06;-7.77261e-06;-3.21812e-06;-3.41395e-06;-8.26699e-06;-8.56679e-06;-3.0656e-06;-8.26712e-06,3.3;3.3;3.3;-1.65538e-06;3.3;3.3;3.3;-1.96122e-06,-1.80665e-06;-2.0576e-06;-1.68058e-06;3.3;-1.98018e-06;-2.00671e-06;-1.66696e-06;3.3,RETRY_5NS;RETRY_5NS;RETRY_5NS;RETRY_5NS;RETRY_5NS;RETRY_5NS;RETRY_5NS;RETRY_5NS,8,8,11101110,238,17,1110111,7,238,16,238,INFERRED_AT_DAC_BRIDGE_OUTPUT,11101110,238,11101110,238,11101110,238,11101110,238,True,True
MC200_CMP_XM5_XM6_W8P2524_XM7_XM11_W16P8587_S133_LOW_W4,66,-2.6516e-06;-7.92253e-06;-2.56633e-06;-2.74724e-06;-7.51581e-06;-7.86456e-06;-2.58983e-06;-7.51383e-06,-2.77016e-06;-7.93961e-06;-2.67859e-06;-2.86652e-06;-7.59239e-06;-7.89241e-06;-2.70503e-06;-7.59068e-06,3.3;3.3;-1.5904e-06;-1.60369e-06;3.3;-1.89278e-06;3.3;3.3,-1.72538e-06;-1.97129e-06;3.3;3.3;-1.9097e-06;3.3;-1.61663e-06;-1.89717e-06,RETRY_5NS;RETRY_5NS;RETRY_5NS;RETRY_5NS;RETRY_5NS;RETRY_5NS;RETRY_5NS;RETRY_5NS,8,8,11001011,203,52,1100101,7,202,52,203,INFERRED_AT_DAC_BRIDGE_OUTPUT,11001011,203,11001011,203,11001011,203,11001011,203,True,True
MC200_CMP_XM5_XM6_W8P2524_XM7_XM11_W16P8587_S133_LOW_W4,67,-3.064e-06;-8.57901e-06;-3.00717e-06;-3.18994e-06;-8.17102e-06;-8.52286e-06;-3.03196e-06;-8.17154e-06,-3.19867e-06;-8.51607e-06;-3.13607e-06;-3.326e-06;-8.15661e-06;-8.45485e-06;-3.16335e-06;-8.15438e-06,3.3;-1.99893e-06;-1.63656e-06;-1.65314e-06;-1.92297e-06;3.3;-1.62859e-06;-1.91302e-06,-1.7651e-06;3.3;3.3;3.3;3.3;-1.99071e-06;3.3;3.3,RETRY_5NS;RETRY_5NS;RETRY_5NS;RETRY_5NS;RETRY_5NS;RETRY_5NS;RETRY_5NS;RETRY_5NS,8,8,10000100,132,123,1000010,7,132,122,132,INFERRED_AT_DAC_BRIDGE_OUTPUT,10000100,132,10000100,132,10000100,132,10000100,132,True,True
MC200_CMP_XM5_XM6_W8P2524_XM7_XM11_W16P8587_S134_LOW_W4,0,-3.07938e-06;-8.54712e-06;-3.16203e-06;-3.33453e-06;-8.49618e-06;-8.49483e-06;-3.15186e-06;-8.04086e-06,-3.10629e-06;-8.52214e-06;-3.18845e-06;-3.36095e-06;-8.4762e-06;-8.47664e-06;-3.17885e-06;-8.02343e-06,3.3;3.3;-1.66312e-06;3.3;3.3;3.3;3.3;3.3,-1.85719e-06;-2.1176e-06;3.3;-1.76692e-06;-2.08327e-06;-2.07938e-06;-1.75071e-06;-2.08126e-06,RETRY_5NS;RETRY_5NS;RETRY_5NS;RETRY_5NS;RETRY_5NS;RETRY_5NS;RETRY_5NS;RETRY_5NS,8,8,11011111,223,32,1101111,7,222,32,223,INFERRED_AT_DAC_BRIDGE_OUTPUT,11011111,223,11011111,223,11011111,223,11011111,223,True,True
MC200_CMP_XM5_XM6_W8P2524_XM7_XM11_W16P8587_S134_LOW_W4,1,-3.02523e-06;-8.4661e-06;-3.10454e-06;-3.09377e-06;-8.41198e-06;-8.41061e-06;-3.21737e-06;-8.43556e-06,-3.05237e-06;-8.44274e-06;-3.13225e-06;-3.12009e-06;-8.39421e-06;-8.39465e-06;-3.24383e-06;-8.42154e-06,3.3;3.3;3.3;-1.65374e-06;3.3;3.3;3.3;3.3,-1.8652e-06;-2.11351e-06;-1.75882e-06;3.3;-2.07539e-06;-2.06991e-06;-1.74675e-06;-2.06373e-06,RETRY_5NS;RETRY_5NS;RETRY_5NS;RETRY_5NS;RETRY_5NS;RETRY_5NS;RETRY_5NS;RETRY_5NS,8,8,11101111,239,16,1110111,7,238,16,239,INFERRED_AT_DAC_BRIDGE_OUTPUT,11101111,239,11101111,239,11101111,239,11101111,239,True,True
MC200_CMP_XM5_XM6_W8P2524_XM7_XM11_W16P8587_S134_LOW_W4,2,-3.17058e-06;-8.6662e-06;-3.26228e-06;-3.25073e-06;-9.94934e-06;-8.61794e-06;-3.2454e-06;-8.66081e-06,-3.19784e-06;-8.64103e-06;-3.2885e-06;-3.27641e-06;-9.93269e-06;-8.60151e-06;-3.27276e-06;-8.64206e-06,3.3;3.3;-1.68366e-06;-1.67639e-06;3.3;-1.97581e-06;3.3;3.3,-1.86007e-06;-2.12788e-06;3.3;3.3;-2.08561e-06;3.3;-1.7599e-06;-2.08816e-06,RETRY_5NS;RETRY_5NS;RETRY_5NS;RETRY_5NS;RETRY_5NS;RETRY_5NS;RETRY_5NS;RETRY_5NS,8,8,11001011,203,52,1100101,7,202,52,203,INFERRED_AT_DAC_BRIDGE_OUTPUT,11001011,203,11001011,203,11001011,203,11001011,203,True,True
MC200_CMP_XM5_XM6_W8P2524_XM7_XM11_W16P8587_S134_LOW_W4,3,-2.95866e-06;-8.41689e-06;-3.08098e-06;-3.06594e-06;-8.36569e-06;-8.36748e-06;-3.05813e-06;-9.61863e-06,-2.98554e-06;-8.41313e-06;-3.10713e-06;-3.09173e-06;-8.35615e-06;-8.35418e-06;-3.08441e-06;-9.60863e-06,3.3;-2.00998e-06;-1.66522e-06;-1.66065e-06;-1.96098e-06;3.3;-1.64999e-06;3.3,-1.82821e-06;3.3;3.3;3.3;3.3;-2.06269e-06;3.3;-2.05474e-06,RETRY_5NS;RETRY_5NS;RETRY_5NS;RETRY_5NS;RETRY_5NS;RETRY_5NS;RETRY_5NS;RETRY_5NS,8,8,10000101,133,122,1000010,7,132,122,133,INFERRED_AT_DAC_BRIDGE_OUTPUT,10000101,133,10000101,133,10000101,133,10000101,133,True,True
MC200_CMP_XM5_XM6_W8P2524_XM7_XM11_W16P8587_S134_LOW_W4,64,-3.20473e-06;-8.71389e-06;-3.06892e-06;-3.4244e-06;-8.32844e-06;-8.66252e-06;-3.12057e-06;-8.07802e-06,-3.23169e-06;-8.68489e-06;-3.09528e-06;-3.4512e-06;-8.31226e-06;-8.64075e-06;-3.14752e-06;-8.06513e-06,3.3;3.3;-1.65322e-06;3.3;3.3;3.3;3.3;3.3,-1.87167e-06;-2.1329e-06;3.3;-1.7785e-06;-2.06726e-06;-2.09477e-06;-1.74861e-06;-2.06007e-06,RETRY_5NS;RETRY_5NS;RETRY_5NS;RETRY_5NS;RETRY_5NS;RETRY_5NS;RETRY_5NS;RETRY_5NS,8,8,11011111,223,32,1101111,7,222,32,223,INFERRED_AT_DAC_BRIDGE_OUTPUT,11011111,223,11011111,223,11011111,223,11011111,223,True,True
MC200_CMP_XM5_XM6_W8P2524_XM7_XM11_W16P8587_S134_LOW_W4,65,-3.14974e-06;-8.63267e-06;-3.01166e-06;-3.21845e-06;-8.24432e-06;-8.57839e-06;-3.25763e-06;-8.2409e-06,-3.17693e-06;-8.60525e-06;-3.03934e-06;-3.24485e-06;-8.23024e-06;-8.55877e-06;-3.28395e-06;-8.23166e-06,3.3;3.3;3.3;-1.66688e-06;3.3;3.3;3.3;-1.97126e-06,-1.87986e-06;-2.13057e-06;-1.74876e-06;3.3;-2.05816e-06;-2.08631e-06;-1.74527e-06;3.3,RETRY_5NS;RETRY_5NS;RETRY_5NS;RETRY_5NS;RETRY_5NS;RETRY_5NS;RETRY_5NS;RETRY_5NS,8,8,11101110,238,17,1110111,7,238,16,238,INFERRED_AT_DAC_BRIDGE_OUTPUT,11101110,238,11101110,238,11101110,238,11101110,238,True,True
MC200_CMP_XM5_XM6_W8P2524_XM7_XM11_W16P8587_S134_LOW_W4,66,-3.32936e-06;-8.83303e-06;-3.44757e-06;-3.38851e-06;-8.37475e-06;-7.44827e-06;-3.2141e-06;-8.45114e-06,-3.35643e-06;-8.804e-06;-3.47242e-06;-3.41416e-06;-8.3576e-06;-7.42689e-06;-3.24144e-06;-8.43658e-06,3.3;3.3;-1.68227e-06;-1.68894e-06;3.3;-1.99967e-06;3.3;3.3,-1.87444e-06;-2.14282e-06;3.3;3.3;-2.07726e-06;3.3;-1.7569e-06;-2.0651e-06,RETRY_5NS;RETRY_5NS;RETRY_5NS;RETRY_5NS;RETRY_5NS;RETRY_5NS;RETRY_5NS;RETRY_5NS,8,8,11001011,203,52,1100101,7,202,52,203,INFERRED_AT_DAC_BRIDGE_OUTPUT,11001011,203,11001011,203,11001011,203,11001011,203,True,True
MC200_CMP_XM5_XM6_W8P2524_XM7_XM11_W16P8587_S134_LOW_W4,67,-3.0858e-06;-8.58252e-06;-2.98836e-06;-3.19044e-06;-8.19834e-06;-8.4916e-06;-3.02687e-06;-8.199e-06,-3.11274e-06;-8.57631e-06;-3.01444e-06;-3.21628e-06;-8.19185e-06;-8.47491e-06;-3.05312e-06;-8.1906e-06,3.3;-2.02459e-06;-1.65562e-06;-1.67333e-06;-1.94599e-06;3.3;-1.64775e-06;-1.93274e-06,-1.84414e-06;3.3;3.3;3.3;3.3;-2.07704e-06;3.3;3.3,RETRY_5NS;RETRY_5NS;RETRY_5NS;RETRY_5NS;RETRY_5NS;RETRY_5NS;RETRY_5NS;RETRY_5NS,8,8,10000100,132,123,1000010,7,132,122,132,INFERRED_AT_DAC_BRIDGE_OUTPUT,10000100,132,10000100,132,10000100,132,10000100,132,True,True
MC200_CMP_XM5_XM6_W8P2524_XM7_XM11_W16P8587_S135_LOW_W4,0,-2.65921e-06;-7.71911e-06;-2.75519e-06;-2.75246e-06;-7.65043e-06;-7.82712e-06;-2.73783e-06;-8.42962e-06,-2.66395e-06;-7.7008e-06;-2.76035e-06;-2.75624e-06;-7.64174e-06;-7.81713e-06;-2.7419e-06;-8.41619e-06,3.3;3.3;3.3;-1.64905e-06;-1.95431e-06;-1.9448e-06;-1.63487e-06;3.3,-1.76027e-06;-2.00913e-06;-1.66683e-06;3.3;3.3;3.3;3.3;-1.95878e-06,RETRY_5NS;RETRY_5NS;RETRY_5NS;RETRY_5NS;RETRY_5NS;RETRY_5NS;RETRY_5NS;RETRY_5NS,8,8,11100001,225,30,1110000,7,224,30,225,INFERRED_AT_DAC_BRIDGE_OUTPUT,11100001,225,11100001,225,11100001,225,11100001,225,True,True
MC200_CMP_XM5_XM6_W8P2524_XM7_XM11_W16P8587_S135_LOW_W4,1,-3.28086e-06;-8.6913e-06;-3.3678e-06;-3.35434e-06;-8.40482e-06;-8.63191e-06;-3.34975e-06;-8.67329e-06,-3.2843e-06;-8.66419e-06;-3.37173e-06;-3.35796e-06;-8.39422e-06;-8.61911e-06;-3.35242e-06;-8.65741e-06,3.3;3.3;3.3;3.3;-2.02496e-06;-2.02065e-06;-1.70195e-06;-2.01467e-06,-1.84538e-06;-2.09077e-06;-1.73747e-06;-1.72278e-06;3.3;3.3;3.3;3.3,RETRY_5NS;RETRY_5NS;RETRY_5NS;RETRY_5NS;RETRY_5NS;RETRY_5NS;RETRY_5NS;RETRY_5NS,8,8,11110000,240,15,1111000,7,240,14,240,INFERRED_AT_DAC_BRIDGE_OUTPUT,11110000,240,11110000,240,11110000,240,11110000,240,True,True
MC200_CMP_XM5_XM6_W8P2524_XM7_XM11_W16P8587_S135_LOW_W4,2,-3.11534e-06;-7.88303e-06;-3.21917e-06;-3.20337e-06;-8.43443e-06;-8.43239e-06;-3.19677e-06;-8.47177e-06,-3.11922e-06;-7.8613e-06;-3.22196e-06;-3.20589e-06;-8.41532e-06;-8.41611e-06;-3.19978e-06;-8.45691e-06,3.3;3.3;-1.70163e-06;-1.69046e-06;3.3;3.3;-1.68492e-06;3.3,-1.80428e-06;-2.0687e-06;3.3;3.3;-2.02866e-06;-2.02376e-06;3.3;-2.01879e-06,RETRY_5NS;RETRY_5NS;RETRY_5NS;RETRY_5NS;RETRY_5NS;RETRY_5NS;RETRY_5NS;RETRY_5NS,8,8,11001101,205,50,1100110,7,204,50,205,INFERRED_AT_DAC_BRIDGE_OUTPUT,11001101,205,11001101,205,11001101,205,11001101,205,True,True
MC200_CMP_XM5_XM6_W8P2524_XM7_XM11_W16P8587_S135_LOW_W4,3,-3.08587e-06;-8.48346e-06;-3.22412e-06;-3.20598e-06;-8.43118e-06;-8.43348e-06;-3.19617e-06;-8.47171e-06,-3.08949e-06;-8.47751e-06;-3.22698e-06;-3.2084e-06;-8.41716e-06;-8.41553e-06;-3.20017e-06;-8.45704e-06,3.3;-2.05074e-06;-1.70047e-06;-1.69285e-06;-1.99789e-06;3.3;3.3;-1.99545e-06,-1.79481e-06;3.3;3.3;3.3;3.3;-2.02622e-06;-1.70586e-06;3.3,RETRY_5NS;RETRY_5NS;RETRY_5NS;RETRY_5NS;RETRY_5NS;RETRY_5NS;RETRY_5NS;RETRY_5NS,8,8,10000110,134,121,1000011,7,134,120,134,INFERRED_AT_DAC_BRIDGE_OUTPUT,10000110,134,10000110,134,10000110,134,10000110,134,True,True
MC200_CMP_XM5_XM6_W8P2524_XM7_XM11_W16P8587_S135_LOW_W4,64,-2.92012e-06;-7.93292e-06;-2.66423e-06;-2.87407e-06;-7.57299e-06;-7.98809e-06;-2.70726e-06;-7.84324e-06,-2.92413e-06;-7.91302e-06;-2.66963e-06;-2.87756e-06;-7.56453e-06;-7.97744e-06;-2.71139e-06;-7.83134e-06,3.3;3.3;3.3;-1.66152e-06;-1.9388e-06;-1.95791e-06;-1.63156e-06;3.3,-1.78118e-06;-2.02355e-06;-1.65769e-06;3.3;3.3;3.3;3.3;-1.94313e-06,RETRY_5NS;RETRY_5NS;RETRY_5NS;RETRY_5NS;RETRY_5NS;RETRY_5NS;RETRY_5NS;RETRY_5NS,8,8,11100001,225,30,1110000,7,224,30,225,INFERRED_AT_DAC_BRIDGE_OUTPUT,11100001,225,11100001,225,11100001,225,11100001,225,True,True
MC200_CMP_XM5_XM6_W8P2524_XM7_XM11_W16P8587_S135_LOW_W4,65,-3.4325e-06;-8.85121e-06;-3.27725e-06;-3.48662e-06;-8.30228e-06;-8.79283e-06;-3.31915e-06;-8.47173e-06,-3.43552e-06;-8.82238e-06;-3.28138e-06;-3.48989e-06;-8.29203e-06;-8.77951e-06;-3.32189e-06;-8.45695e-06,3.3;3.3;3.3;3.3;-2.01143e-06;-2.03786e-06;-1.69855e-06;3.3,-1.85981e-06;-2.10726e-06;-1.72725e-06;-1.73709e-06;3.3;3.3;3.3;-2.0469e-06,RETRY_5NS;RETRY_5NS;RETRY_5NS;RETRY_5NS;RETRY_5NS;RETRY_5NS;RETRY_5NS;RETRY_5NS,8,8,11110001,241,14,1111000,7,240,14,241,INFERRED_AT_DAC_BRIDGE_OUTPUT,11110001,241,11110001,241,11110001,241,11110001,241,True,True
MC200_CMP_XM5_XM6_W8P2524_XM7_XM11_W16P8587_S135_LOW_W4,66,-3.23772e-06;-8.05433e-06;-3.12871e-06;-3.32519e-06;-8.27323e-06;-8.59353e-06;-3.16615e-06;-8.27047e-06,-3.2413e-06;-8.03085e-06;-3.13173e-06;-3.32743e-06;-8.2554e-06;-8.57633e-06;-3.16924e-06;-8.25619e-06,3.3;3.3;-1.68998e-06;-1.70377e-06;3.3;3.3;-1.67969e-06;3.3,-1.8182e-06;-2.08733e-06;3.3;3.3;-2.01254e-06;-2.03766e-06;3.3;-2.00142e-06,RETRY_5NS;RETRY_5NS;RETRY_5NS;RETRY_5NS;RETRY_5NS;RETRY_5NS;RETRY_5NS;RETRY_5NS,8,8,11001101,205,50,1100110,7,204,50,205,INFERRED_AT_DAC_BRIDGE_OUTPUT,11001101,205,11001101,205,11001101,205,11001101,205,True,True
MC200_CMP_XM5_XM6_W8P2524_XM7_XM11_W16P8587_S135_LOW_W4,67,-3.21064e-06;-8.64238e-06;-3.13365e-06;-3.32767e-06;-8.27013e-06;-8.5947e-06;-3.1656e-06;-8.2701e-06,-3.21397e-06;-8.63634e-06;-3.13673e-06;-3.32978e-06;-8.257e-06;-8.57561e-06;-3.16966e-06;-8.25671e-06,3.3;-2.06695e-06;-1.6908e-06;-1.706e-06;-1.98155e-06;3.3;3.3;-1.97905e-06,-1.80904e-06;3.3;3.3;3.3;3.3;-2.04241e-06;-1.70163e-06;3.3,RETRY_5NS;RETRY_5NS;RETRY_5NS;RETRY_5NS;RETRY_5NS;RETRY_5NS;RETRY_5NS;RETRY_5NS,8,8,10000110,134,121,1000011,7,134,120,134,INFERRED_AT_DAC_BRIDGE_OUTPUT,10000110,134,10000110,134,10000110,134,10000110,134,True,True
MC200_CMP_XM5_XM6_W8P2524_XM7_XM11_W16P8587_S136_LOW_W4,0,-2.84516e-06;-8.16791e-06;-2.92822e-06;-2.92577e-06;-8.11252e-06;-8.11291e-06;-3.06328e-06;-8.15301e-06,-2.77257e-06;-8.14294e-06;-2.85555e-06;-2.85135e-06;-8.09555e-06;-8.09384e-06;-2.99094e-06;-8.13596e-06,3.3;3.3;3.3;-1.6954e-06;-2.00466e-06;-1.99834e-06;3.3;-1.99537e-06,-1.75727e-06;-2.00176e-06;-1.66226e-06;3.3;3.3;3.3;-1.65823e-06;3.3,RETRY_5NS;RETRY_5NS;RETRY_5NS;RETRY_5NS;RETRY_5NS;RETRY_5NS;RETRY_5NS;RETRY_5NS,8,8,11100010,226,29,1110001,7,226,28,226,INFERRED_AT_DAC_BRIDGE_OUTPUT,11100010,226,11100010,226,11100010,226,11100010,226,True,True
MC200_CMP_XM5_XM6_W8P2524_XM7_XM11_W16P8587_S136_LOW_W4,1,-2.34983e-06;-7.5814e-06;-2.43387e-06;-2.4147e-06;-7.47905e-06;-7.47837e-06;-2.40833e-06;-7.51843e-06,-2.28981e-06;-7.50952e-06;-2.37334e-06;-2.35466e-06;-7.40951e-06;-7.40828e-06;-2.34726e-06;-7.44913e-06,3.3;3.3;3.3;3.3;-1.94238e-06;-1.93911e-06;-1.62959e-06;3.3,-1.71865e-06;-1.9548e-06;-1.61782e-06;-1.60754e-06;3.3;3.3;3.3;-1.90257e-06,RETRY_5NS;RETRY_5NS;RETRY_5NS;RETRY_5NS;RETRY_5NS;RETRY_5NS;RETRY_5NS;RETRY_5NS,8,8,11110001,241,14,1111000,7,240,14,241,INFERRED_AT_DAC_BRIDGE_OUTPUT,11110001,241,11110001,241,11110001,241,11110001,241,True,True
MC200_CMP_XM5_XM6_W8P2524_XM7_XM11_W16P8587_S136_LOW_W4,2,-2.36593e-06;-7.57019e-06;-2.52164e-06;-2.44725e-06;-7.52067e-06;-7.51937e-06;-2.43985e-06;-7.55711e-06,-2.30524e-06;-7.50132e-06;-2.45786e-06;-2.38479e-06;-7.45046e-06;-7.44995e-06;-2.37854e-06;-7.49324e-06,3.3;3.3;-1.66082e-06;-1.64074e-06;3.3;3.3;3.3;-1.94337e-06,-1.70021e-06;-1.9412e-06;3.3;3.3;-1.91178e-06;-1.90753e-06;-1.60156e-06;3.3,RETRY_5NS;RETRY_5NS;RETRY_5NS;RETRY_5NS;RETRY_5NS;RETRY_5NS;RETRY_5NS;RETRY_5NS,8,8,11001110,206,49,1100111,7,206,48,206,INFERRED_AT_DAC_BRIDGE_OUTPUT,11001110,206,11001110,206,11001110,206,11001110,206,True,True
MC200_CMP_XM5_XM6_W8P2524_XM7_XM11_W16P8587_S136_LOW_W4,3,-3.00816e-06;-8.98823e-06;-3.12838e-06;-3.11363e-06;-8.35115e-06;-8.35358e-06;-3.10629e-06;-8.39174e-06,-2.93114e-06;-8.98306e-06;-3.04946e-06;-3.03436e-06;-8.35002e-06;-8.34915e-06;-3.02927e-06;-8.39272e-06,3.3;-2.06975e-06;-1.71971e-06;-1.71282e-06;-2.01378e-06;3.3;3.3;3.3,-1.75979e-06;3.3;3.3;3.3;3.3;-1.98661e-06;-1.67399e-06;-1.98619e-06,RETRY_5NS;RETRY_5NS;RETRY_5NS;RETRY_5NS;RETRY_5NS;RETRY_5NS;RETRY_5NS;RETRY_5NS,8,8,10000111,135,120,1000011,7,134,120,135,INFERRED_AT_DAC_BRIDGE_OUTPUT,10000111,135,10000111,135,10000111,135,10000111,135,True,True
MC200_CMP_XM5_XM6_W8P2524_XM7_XM11_W16P8587_S136_LOW_W4,64,-2.97236e-06;-8.32575e-06;-2.83374e-06;-3.05222e-06;-8.3675e-06;-8.27157e-06;-2.8842e-06;-7.95456e-06,-2.89667e-06;-8.31283e-06;-2.76339e-06;-2.97475e-06;-8.32615e-06;-8.26528e-06;-2.8121e-06;-7.92154e-06,3.3;3.3;3.3;-1.70838e-06;-1.9841e-06;-2.01375e-06;3.3;-1.97854e-06,-1.77127e-06;-2.01753e-06;-1.65288e-06;3.3;3.3;3.3;-1.6472e-06;3.3,RETRY_5NS;RETRY_5NS;RETRY_5NS;RETRY_5NS;RETRY_5NS;RETRY_5NS;RETRY_5NS;RETRY_5NS,8,8,11100010,226,29,1110001,7,226,28,226,INFERRED_AT_DAC_BRIDGE_OUTPUT,11100010,226,11100010,226,11100010,226,11100010,226,True,True
MC200_CMP_XM5_XM6_W8P2524_XM7_XM11_W16P8587_S136_LOW_W4,65,-2.4763e-06;-8.28964e-06;-2.33975e-06;-2.54126e-06;-7.32073e-06;-7.63698e-06;-2.48125e-06;-7.31998e-06,-2.41317e-06;-8.21392e-06;-2.28153e-06;-2.47814e-06;-7.23804e-06;-7.5797e-06;-2.41272e-06;-7.23468e-06,3.3;3.3;3.3;3.3;-1.92774e-06;-1.95402e-06;-1.63197e-06;3.3,-1.73215e-06;-1.965e-06;-1.60916e-06;-1.61996e-06;3.3;3.3;3.3;-1.92099e-06,RETRY_5NS;RETRY_5NS;RETRY_5NS;RETRY_5NS;RETRY_5NS;RETRY_5NS;RETRY_5NS;RETRY_5NS,8,8,11110001,241,14,1111000,7,240,14,241,INFERRED_AT_DAC_BRIDGE_OUTPUT,11110001,241,11110001,241,11110001,241,11110001,241,True,True
MC200_CMP_XM5_XM6_W8P2524_XM7_XM11_W16P8587_S136_LOW_W4,66,-2.49292e-06;-7.72815e-06;-2.39336e-06;-2.57377e-06;-7.36193e-06;-7.67807e-06;-2.40835e-06;-7.3586e-06,-2.42912e-06;-7.67144e-06;-2.3318e-06;-2.5083e-06;-7.27935e-06;-7.62118e-06;-2.34728e-06;-7.27879e-06,3.3;3.3;-1.64988e-06;-1.65383e-06;3.3;3.3;3.3;-1.9222e-06,-1.71328e-06;-1.95779e-06;3.3;3.3;-1.89721e-06;-1.92197e-06;-1.59064e-06;3.3,RETRY_5NS;RETRY_5NS;RETRY_5NS;RETRY_5NS;RETRY_5NS;RETRY_5NS;RETRY_5NS;RETRY_5NS,8,8,11001110,206,49,1100111,7,206,48,206,INFERRED_AT_DAC_BRIDGE_OUTPUT,11001110,206,11001110,206,11001110,206,11001110,206,True,True
MC200_CMP_XM5_XM6_W8P2524_XM7_XM11_W16P8587_S136_LOW_W4,67,-3.13718e-06;-8.61833e-06;-3.0344e-06;-3.24011e-06;-8.19254e-06;-8.5124e-06;-3.02208e-06;-8.19323e-06,-3.05703e-06;-8.64198e-06;-2.95775e-06;-3.15778e-06;-8.17864e-06;-8.52039e-06;-2.94587e-06;-8.17829e-06,3.3;-2.09046e-06;-1.71006e-06;-1.72577e-06;-1.99971e-06;3.3;3.3;3.3,-1.77423e-06;3.3;3.3;3.3;3.3;-2.00203e-06;-1.66785e-06;-1.96649e-06,RETRY_5NS;RETRY_5NS;RETRY_5NS;RETRY_5NS;RETRY_5NS;RETRY_5NS;RETRY_5NS;RETRY_5NS,8,8,10000111,135,120,1000011,7,134,120,135,INFERRED_AT_DAC_BRIDGE_OUTPUT,10000111,135,10000111,135,10000111,135,10000111,135,True,True
MC200_CMP_XM5_XM6_W8P2524_XM7_XM11_W16P8587_S137_LOW_W4,0,-3.04768e-06;-8.29124e-06;-3.15475e-06;-3.15179e-06;-8.22869e-06;-8.22817e-06;-3.1354e-06;-8.26786e-06,-2.97616e-06;-8.29623e-06;-3.08269e-06;-3.07855e-06;-8.24213e-06;-8.24013e-06;-3.06245e-06;-8.28094e-06,3.3;3.3;3.3;-1.66121e-06;-1.96268e-06;-1.96122e-06;-1.65098e-06;-1.95041e-06,-1.74827e-06;-1.99394e-06;-1.65503e-06;3.3;3.3;3.3;3.3;3.3,RETRY_5NS;RETRY_5NS;RETRY_5NS;RETRY_5NS;RETRY_5NS;RETRY_5NS;RETRY_5NS;RETRY_5NS,8,8,11100000,224,31,1110000,7,224,30,224,INFERRED_AT_DAC_BRIDGE_OUTPUT,11100000,224,11100000,224,11100000,224,11100000,224,True,True
MC200_CMP_XM5_XM6_W8P2524_XM7_XM11_W16P8587_S137_LOW_W4,1,-3.34329e-06;-8.52946e-06;-3.33815e-06;-3.31882e-06;-7.62587e-06;-8.46428e-06;-3.37784e-06;-8.50408e-06,-3.26631e-06;-8.55445e-06;-3.26209e-06;-3.24233e-06;-7.68127e-06;-8.4984e-06;-3.29893e-06;-8.53943e-06,3.3;3.3;3.3;3.3;-1.9968e-06;-1.98483e-06;-1.67351e-06;-1.98026e-06,-1.78912e-06;-2.02362e-06;-1.68066e-06;-1.66401e-06;3.3;3.3;3.3;3.3,RETRY_5NS;RETRY_5NS;RETRY_5NS;RETRY_5NS;RETRY_5NS;RETRY_5NS;RETRY_5NS;RETRY_5NS,8,8,11110000,240,15,1111000,7,240,14,240,INFERRED_AT_DAC_BRIDGE_OUTPUT,11110000,240,11110000,240,11110000,240,11110000,240,True,True
MC200_CMP_XM5_XM6_W8P2524_XM7_XM11_W16P8587_S137_LOW_W4,2,-3.00099e-06;-7.89624e-06;-3.28304e-06;-3.26167e-06;-7.66359e-06;-8.38708e-06;-3.2527e-06;-8.42524e-06,-2.92616e-06;-7.93005e-06;-3.20712e-06;-3.18548e-06;-7.70094e-06;-8.40985e-06;-3.17705e-06;-8.45341e-06,3.3;3.3;-1.6773e-06;-1.6671e-06;3.3;3.3;-1.66424e-06;-1.97308e-06,-1.75175e-06;-2.01232e-06;3.3;3.3;-1.98435e-06;-1.96818e-06;3.3;3.3,RETRY_5NS;RETRY_5NS;RETRY_5NS;RETRY_5NS;RETRY_5NS;RETRY_5NS;RETRY_5NS;RETRY_5NS,8,8,11001100,204,51,1100110,7,204,50,204,INFERRED_AT_DAC_BRIDGE_OUTPUT,11001100,204,11001100,204,11001100,204,11001100,204,True,True
MC200_CMP_XM5_XM6_W8P2524_XM7_XM11_W16P8587_S137_LOW_W4,3,-3.09282e-06;-8.40568e-06;-3.27458e-06;-3.2358e-06;-8.34671e-06;-8.15966e-06;-3.27508e-06;-8.38581e-06,-3.01975e-06;-8.43827e-06;-3.19929e-06;-3.16027e-06;-8.36836e-06;-8.18178e-06;-3.20063e-06;-8.41042e-06,3.3;-2.01833e-06;-1.67234e-06;-1.6693e-06;-1.97069e-06;3.3;3.3;-1.96828e-06,-1.74425e-06;3.3;3.3;3.3;3.3;-1.97099e-06;-1.65044e-06;3.3,RETRY_5NS;RETRY_5NS;RETRY_5NS;RETRY_5NS;RETRY_5NS;RETRY_5NS;RETRY_5NS;RETRY_5NS,8,8,10000110,134,121,1000011,7,134,120,134,INFERRED_AT_DAC_BRIDGE_OUTPUT,10000110,134,10000110,134,10000110,134,10000110,134,True,True
MC200_CMP_XM5_XM6_W8P2524_XM7_XM11_W16P8587_S137_LOW_W4,64,-3.16552e-06;-7.67279e-06;-3.06768e-06;-3.2682e-06;-8.07151e-06;-8.38558e-06;-3.10604e-06;-8.07081e-06,-3.09131e-06;-7.70767e-06;-2.99764e-06;-3.19222e-06;-8.07024e-06;-8.41218e-06;-3.03378e-06;-8.06591e-06,3.3;3.3;3.3;-1.67383e-06;-1.94854e-06;-1.97663e-06;-1.64715e-06;3.3,-1.76407e-06;-2.01792e-06;-1.64453e-06;3.3;3.3;3.3;3.3;-1.93282e-06,RETRY_5NS;RETRY_5NS;RETRY_5NS;RETRY_5NS;RETRY_5NS;RETRY_5NS;RETRY_5NS;RETRY_5NS,8,8,11100001,225,30,1110000,7,224,30,225,INFERRED_AT_DAC_BRIDGE_OUTPUT,11100001,225,11100001,225,11100001,225,11100001,225,True,True
MC200_CMP_XM5_XM6_W8P2524_XM7_XM11_W16P8587_S137_LOW_W4,65,-3.46375e-06;-8.6855e-06;-3.2514e-06;-3.43555e-06;-9.12291e-06;-8.62165e-06;-3.39411e-06;-8.30689e-06,-3.38506e-06;-8.72404e-06;-3.1773e-06;-3.35635e-06;-9.11816e-06;-8.67045e-06;-3.31878e-06;-8.32454e-06,3.3;3.3;3.3;3.3;-1.96625e-06;-2.00023e-06;-1.67069e-06;-2.00184e-06,-1.80196e-06;-2.03881e-06;-1.67211e-06;-1.67539e-06;3.3;3.3;3.3;3.3,RETRY_5NS;RETRY_5NS;RETRY_5NS;RETRY_5NS;RETRY_5NS;RETRY_5NS;RETRY_5NS;RETRY_5NS,8,8,11110000,240,15,1111000,7,240,14,240,INFERRED_AT_DAC_BRIDGE_OUTPUT,11110000,240,11110000,240,11110000,240,11110000,240,True,True
MC200_CMP_XM5_XM6_W8P2524_XM7_XM11_W16P8587_S137_LOW_W4,66,-3.12815e-06;-8.59739e-06;-3.19616e-06;-3.37838e-06;-8.23169e-06;-8.54465e-06;-3.22339e-06;-8.22837e-06,-3.05062e-06;-8.63191e-06;-3.1223e-06;-3.29951e-06;-8.23794e-06;-8.58175e-06;-3.14841e-06;-8.23801e-06,3.3;3.3;-1.66858e-06;-1.6808e-06;3.3;3.3;-1.66143e-06;-1.95117e-06,-1.76448e-06;-2.0234e-06;3.3;3.3;-1.95941e-06;-1.98364e-06;3.3;3.3,RETRY_5NS;RETRY_5NS;RETRY_5NS;RETRY_5NS;RETRY_5NS;RETRY_5NS;RETRY_5NS;RETRY_5NS,8,8,11001100,204,51,1100110,7,204,50,204,INFERRED_AT_DAC_BRIDGE_OUTPUT,11001100,204,11001100,204,11001100,204,11001100,204,True,True
MC200_CMP_XM5_XM6_W8P2524_XM7_XM11_W16P8587_S137_LOW_W4,67,-3.21306e-06;-8.5607e-06;-3.03893e-06;-3.35241e-06;-8.18923e-06;-8.83786e-06;-3.08477e-06;-8.18863e-06,-3.13725e-06;-8.60846e-06;-2.9647e-06;-3.27414e-06;-8.1966e-06;-8.86132e-06;-3.0102e-06;-8.19548e-06,3.3;-2.03341e-06;-1.66133e-06;-1.68195e-06;-1.95584e-06;3.3;3.3;-1.9502e-06,-1.75734e-06;3.3;3.3;3.3;3.3;-1.98209e-06;-1.64676e-06;3.3,RETRY_5NS;RETRY_5NS;RETRY_5NS;RETRY_5NS;RETRY_5NS;RETRY_5NS;RETRY_5NS;RETRY_5NS,8,8,10000110,134,121,1000011,7,134,120,134,INFERRED_AT_DAC_BRIDGE_OUTPUT,10000110,134,10000110,134,10000110,134,10000110,134,True,True
MC200_CMP_XM5_XM6_W8P2524_XM7_XM11_W16P8587_S138_LOW_W4,0,-3.26303e-06;-8.5829e-06;-3.36822e-06;-3.36626e-06;-8.5218e-06;-8.52159e-06;-3.35976e-06;-8.56184e-06,-3.17384e-06;-8.59203e-06;-3.27825e-06;-3.27503e-06;-8.54143e-06;-8.5396e-06;-3.26926e-06;-8.58068e-06,3.3;3.3;3.3;-1.71964e-06;-2.03333e-06;-2.03103e-06;-1.70689e-06;-2.02655e-06,-1.82144e-06;-2.07759e-06;-1.72313e-06;3.3;3.3;3.3;3.3;3.3,RETRY_5NS;RETRY_5NS;RETRY_5NS;RETRY_5NS;RETRY_5NS;RETRY_5NS;RETRY_5NS;RETRY_5NS,8,8,11100000,224,31,1110000,7,224,30,224,INFERRED_AT_DAC_BRIDGE_OUTPUT,11100000,224,11100000,224,11100000,224,11100000,224,True,True
MC200_CMP_XM5_XM6_W8P2524_XM7_XM11_W16P8587_S138_LOW_W4,1,-3.21747e-06;-8.07348e-06;-3.31902e-06;-3.29998e-06;-8.44778e-06;-8.4458e-06;-3.29201e-06;-8.4834e-06,-3.13003e-06;-8.08738e-06;-3.23075e-06;-3.21134e-06;-8.44995e-06;-8.44965e-06;-3.20365e-06;-8.49328e-06,3.3;3.3;3.3;-1.7004e-06;3.3;3.3;3.3;3.3,-1.83259e-06;-2.07976e-06;-1.72599e-06;3.3;-2.03477e-06;-2.0331e-06;-1.71324e-06;-2.03016e-06,RETRY_5NS;RETRY_5NS;RETRY_5NS;RETRY_5NS;RETRY_5NS;RETRY_5NS;RETRY_5NS;RETRY_5NS,8,8,11101111,239,16,1110111,7,238,16,239,INFERRED_AT_DAC_BRIDGE_OUTPUT,11101111,239,11101111,239,11101111,239,11101111,239,True,True
MC200_CMP_XM5_XM6_W8P2524_XM7_XM11_W16P8587_S138_LOW_W4,2,-3.20027e-06;-7.99926e-06;-3.32279e-06;-3.30159e-06;-8.44613e-06;-8.44361e-06;-3.29245e-06;-8.48245e-06,-3.11311e-06;-8.03065e-06;-3.23332e-06;-3.21199e-06;-8.44977e-06;-8.45057e-06;-3.20336e-06;-8.4943e-06,3.3;3.3;-1.71992e-06;-1.70862e-06;3.3;3.3;-1.70501e-06;-2.02116e-06,-1.80931e-06;-2.07653e-06;3.3;3.3;-2.03394e-06;-2.0199e-06;3.3;3.3,RETRY_5NS;RETRY_5NS;RETRY_5NS;RETRY_5NS;RETRY_5NS;RETRY_5NS;RETRY_5NS;RETRY_5NS,8,8,11001100,204,51,1100110,7,204,50,204,INFERRED_AT_DAC_BRIDGE_OUTPUT,11001100,204,11001100,204,11001100,204,11001100,204,True,True
MC200_CMP_XM5_XM6_W8P2524_XM7_XM11_W16P8587_S138_LOW_W4,3,-3.2832e-06;-8.65689e-06;-3.44368e-06;-3.42133e-06;-8.6011e-06;-8.60275e-06;-3.40932e-06;-8.64068e-06,-3.19272e-06;-8.69306e-06;-3.35072e-06;-3.3281e-06;-8.62525e-06;-8.6234e-06;-3.31735e-06;-8.66787e-06,3.3;-2.08747e-06;-1.73229e-06;-1.72588e-06;-2.03747e-06;3.3;3.3;-2.0376e-06,-1.81253e-06;3.3;3.3;3.3;3.3;-2.04526e-06;-1.71737e-06;3.3,RETRY_5NS;RETRY_5NS;RETRY_5NS;RETRY_5NS;RETRY_5NS;RETRY_5NS;RETRY_5NS;RETRY_5NS,8,8,10000110,134,121,1000011,7,134,120,134,INFERRED_AT_DAC_BRIDGE_OUTPUT,10000110,134,10000110,134,10000110,134,10000110,134,True,True
MC200_CMP_XM5_XM6_W8P2524_XM7_XM11_W16P8587_S138_LOW_W4,64,-3.38074e-06;-8.73975e-06;-3.28116e-06;-3.4825e-06;-8.36409e-06;-8.67952e-06;-3.55814e-06;-8.36406e-06,-3.28808e-06;-8.76346e-06;-3.19378e-06;-3.38775e-06;-8.36798e-06;-8.71308e-06;-3.46901e-06;-8.36372e-06,3.3;3.3;3.3;-1.73406e-06;-2.0183e-06;-2.04684e-06;-1.71032e-06;-2.00664e-06,-1.83571e-06;-2.09389e-06;-1.71426e-06;3.3;3.3;3.3;3.3;3.3,RETRY_5NS;RETRY_5NS;RETRY_5NS;RETRY_5NS;RETRY_5NS;RETRY_5NS;RETRY_5NS;RETRY_5NS,8,8,11100000,224,31,1110000,7,224,30,224,INFERRED_AT_DAC_BRIDGE_OUTPUT,11100000,224,11100000,224,11100000,224,11100000,224,True,True
MC200_CMP_XM5_XM6_W8P2524_XM7_XM11_W16P8587_S138_LOW_W4,65,-3.33412e-06;-8.64039e-06;-3.23253e-06;-3.41669e-06;-8.28954e-06;-8.60411e-06;-3.26267e-06;-8.28565e-06,-3.24322e-06;-8.65234e-06;-3.14679e-06;-3.32463e-06;-8.27692e-06;-8.62287e-06;-3.1752e-06;-8.27634e-06,3.3;3.3;3.3;-1.70816e-06;3.3;3.3;3.3;3.3,-1.84654e-06;-2.0915e-06;-1.7156e-06;3.3;-2.01929e-06;-2.04884e-06;-1.71007e-06;-2.04983e-06,RETRY_5NS;RETRY_5NS;RETRY_5NS;RETRY_5NS;RETRY_5NS;RETRY_5NS;RETRY_5NS;RETRY_5NS,8,8,11101111,239,16,1110111,7,238,16,239,INFERRED_AT_DAC_BRIDGE_OUTPUT,11101111,239,11101111,239,11101111,239,11101111,239,True,True
MC200_CMP_XM5_XM6_W8P2524_XM7_XM11_W16P8587_S138_LOW_W4,66,-3.31802e-06;-7.57498e-06;-3.23619e-06;-3.41827e-06;-8.28798e-06;-8.60172e-06;-3.26313e-06;-8.28462e-06,-3.22737e-06;-7.62162e-06;-3.14937e-06;-3.32519e-06;-8.27666e-06;-8.62402e-06;-3.1749e-06;-8.27747e-06,3.3;3.3;-1.71027e-06;-1.72208e-06;3.3;3.3;-1.70185e-06;-2.00205e-06,-1.82326e-06;-2.09131e-06;3.3;3.3;-2.01863e-06;-2.03462e-06;3.3;3.3,RETRY_5NS;RETRY_5NS;RETRY_5NS;RETRY_5NS;RETRY_5NS;RETRY_5NS;RETRY_5NS;RETRY_5NS,8,8,11001100,204,51,1100110,7,204,50,204,INFERRED_AT_DAC_BRIDGE_OUTPUT,11001100,204,11001100,204,11001100,204,11001100,204,True,True
MC200_CMP_XM5_XM6_W8P2524_XM7_XM11_W16P8587_S138_LOW_W4,67,-3.40336e-06;-8.81235e-06;-3.35731e-06;-3.53785e-06;-8.44315e-06;-8.76093e-06;-3.37999e-06;-8.44286e-06,-3.30935e-06;-8.86471e-06;-3.267e-06;-3.44111e-06;-8.45187e-06;-8.79675e-06;-3.28889e-06;-8.45102e-06,3.3;-2.10287e-06;-1.72276e-06;-1.73969e-06;-2.02131e-06;3.3;3.3;-2.01834e-06,-1.82823e-06;3.3;3.3;3.3;3.3;-2.06244e-06;-1.71202e-06;3.3,RETRY_5NS;RETRY_5NS;RETRY_5NS;RETRY_5NS;RETRY_5NS;RETRY_5NS;RETRY_5NS;RETRY_5NS,8,8,10000110,134,121,1000011,7,134,120,134,INFERRED_AT_DAC_BRIDGE_OUTPUT,10000110,134,10000110,134,10000110,134,10000110,134,True,True
MC200_CMP_XM5_XM6_W8P2524_XM7_XM11_W16P8587_S139_LOW_W4,0,-2.98756e-06;-8.3899e-06;-3.07422e-06;-3.07212e-06;-8.33661e-06;-8.33507e-06;-3.06128e-06;-8.37534e-06,-3.00026e-06;-8.36058e-06;-3.08734e-06;-3.08596e-06;-8.31211e-06;-8.3122e-06;-3.0754e-06;-8.35357e-06,3.3;3.3;-1.71433e-06;3.3;3.3;3.3;3.3;3.3,-1.78587e-06;-2.03842e-06;3.3;-1.69216e-06;-2.00379e-06;-2.00007e-06;-1.68445e-06;-1.99563e-06,RETRY_5NS;RETRY_5NS;RETRY_5NS;RETRY_5NS;RETRY_5NS;RETRY_5NS;RETRY_5NS;RETRY_5NS,8,8,11011111,223,32,1101111,7,222,32,223,INFERRED_AT_DAC_BRIDGE_OUTPUT,11011111,223,11011111,223,11011111,223,11011111,223,True,True
MC200_CMP_XM5_XM6_W8P2524_XM7_XM11_W16P8587_S139_LOW_W4,1,-2.99689e-06;-8.39262e-06;-3.0801e-06;-3.26124e-06;-8.33624e-06;-8.33472e-06;-3.06319e-06;-8.37511e-06,-3.00984e-06;-8.36295e-06;-3.09396e-06;-3.27395e-06;-8.31206e-06;-8.3122e-06;-3.07645e-06;-8.35367e-06,3.3;3.3;3.3;-1.71404e-06;3.3;3.3;3.3;3.3,-1.80087e-06;-2.04322e-06;-1.69899e-06;3.3;-2.00214e-06;-1.99711e-06;-1.68308e-06;-1.98845e-06,RETRY_5NS;RETRY_5NS;RETRY_5NS;RETRY_5NS;RETRY_5NS;RETRY_5NS;RETRY_5NS;RETRY_5NS,8,8,11101111,239,16,1110111,7,238,16,239,INFERRED_AT_DAC_BRIDGE_OUTPUT,11101111,239,11101111,239,11101111,239,11101111,239,True,True
MC200_CMP_XM5_XM6_W8P2524_XM7_XM11_W16P8587_S139_LOW_W4,2,-2.36833e-06;-7.54932e-06;-2.52307e-06;-2.45605e-06;-7.49612e-06;-7.49448e-06;-2.44672e-06;-7.53645e-06,-2.37818e-06;-7.54613e-06;-2.53214e-06;-2.46484e-06;-7.4958e-06;-7.49565e-06;-2.45716e-06;-7.53543e-06,3.3;3.3;-1.67056e-06;-1.65389e-06;3.3;-1.94865e-06;3.3;3.3,-1.71327e-06;-1.95877e-06;3.3;3.3;-1.92495e-06;3.3;-1.61978e-06;-1.92019e-06,RETRY_5NS;RETRY_5NS;RETRY_5NS;RETRY_5NS;RETRY_5NS;RETRY_5NS;RETRY_5NS;RETRY_5NS,8,8,11001011,203,52,1100101,7,202,52,203,INFERRED_AT_DAC_BRIDGE_OUTPUT,11001011,203,11001011,203,11001011,203,11001011,203,True,True
MC200_CMP_XM5_XM6_W8P2524_XM7_XM11_W16P8587_S139_LOW_W4,3,-2.95931e-06;-8.34059e-06;-3.05758e-06;-3.04036e-06;-8.28998e-06;-8.29172e-06;-3.03118e-06;-8.33321e-06,-2.97168e-06;-8.3297e-06;-3.06989e-06;-3.05228e-06;-8.27377e-06;-8.27177e-06;-3.04362e-06;-8.31274e-06,3.3;-2.07854e-06;-1.72286e-06;-1.7173e-06;-2.02893e-06;3.3;-1.70774e-06;3.3,-1.766e-06;3.3;3.3;3.3;3.3;-1.99122e-06;3.3;-1.98659e-06,RETRY_5NS;RETRY_5NS;RETRY_5NS;RETRY_5NS;RETRY_5NS;RETRY_5NS;RETRY_5NS;RETRY_5NS,8,8,10000101,133,122,1000010,7,132,122,133,INFERRED_AT_DAC_BRIDGE_OUTPUT,10000101,133,10000101,133,10000101,133,10000101,133,True,True
MC200_CMP_XM5_XM6_W8P2524_XM7_XM11_W16P8587_S139_LOW_W4,64,-3.11072e-06;-8.55671e-06;-2.98279e-06;-3.19408e-06;-8.16879e-06;-8.50288e-06;-3.03054e-06;-8.16567e-06,-3.12403e-06;-8.52246e-06;-2.99542e-06;-3.20856e-06;-8.14898e-06;-8.4755e-06;-3.0445e-06;-8.14902e-06,3.3;3.3;-1.70666e-06;3.3;3.3;3.3;3.3;3.3,-1.79955e-06;-2.05403e-06;3.3;-1.70562e-06;-1.98806e-06;-2.01553e-06;-1.68117e-06;-1.97764e-06,RETRY_5NS;RETRY_5NS;RETRY_5NS;RETRY_5NS;RETRY_5NS;RETRY_5NS;RETRY_5NS;RETRY_5NS,8,8,11011111,223,32,1101111,7,222,32,223,INFERRED_AT_DAC_BRIDGE_OUTPUT,11011111,223,11011111,223,11011111,223,11011111,223,True,True
MC200_CMP_XM5_XM6_W8P2524_XM7_XM11_W16P8587_S139_LOW_W4,65,-3.1194e-06;-8.55925e-06;-2.9889e-06;-3.46275e-06;-8.16848e-06;-8.50266e-06;-3.1943e-06;-8.16537e-06,-3.13296e-06;-8.52459e-06;-3.00229e-06;-3.4759e-06;-8.14891e-06;-8.47553e-06;-3.20692e-06;-8.14911e-06,3.3;3.3;3.3;-1.72679e-06;3.3;3.3;3.3;-2.03948e-06,-1.81475e-06;-2.05906e-06;-1.68924e-06;3.3;-1.9875e-06;-2.01384e-06;-1.6868e-06;3.3,RETRY_5NS;RETRY_5NS;RETRY_5NS;RETRY_5NS;RETRY_5NS;RETRY_5NS;RETRY_5NS;RETRY_5NS,8,8,11101110,238,17,1110111,7,238,16,238,INFERRED_AT_DAC_BRIDGE_OUTPUT,11101110,238,11101110,238,11101110,238,11101110,238,True,True
MC200_CMP_XM5_XM6_W8P2524_XM7_XM11_W16P8587_S139_LOW_W4,66,-2.49154e-06;-7.71604e-06;-2.38549e-06;-2.57854e-06;-7.32834e-06;-7.6622e-06;-2.41596e-06;-7.32671e-06,-2.50201e-06;-7.70816e-06;-2.39422e-06;-2.58797e-06;-7.33253e-06;-7.65922e-06;-2.42626e-06;-7.33087e-06,3.3;3.3;-1.65279e-06;-1.66651e-06;3.3;-1.96528e-06;3.3;3.3,-1.72659e-06;-1.97371e-06;3.3;3.3;-1.90983e-06;3.3;-1.61774e-06;-1.90093e-06,RETRY_5NS;RETRY_5NS;RETRY_5NS;RETRY_5NS;RETRY_5NS;RETRY_5NS;RETRY_5NS;RETRY_5NS,8,8,11001011,203,52,1100101,7,202,52,203,INFERRED_AT_DAC_BRIDGE_OUTPUT,11001011,203,11001011,203,11001011,203,11001011,203,True,True
MC200_CMP_XM5_XM6_W8P2524_XM7_XM11_W16P8587_S139_LOW_W4,67,-3.09076e-06;-8.29646e-06;-2.96673e-06;-3.16276e-06;-8.12252e-06;-8.45942e-06;-3.0004e-06;-8.12354e-06,-3.10375e-06;-8.28116e-06;-2.97856e-06;-3.17531e-06;-8.11022e-06;-8.43526e-06;-3.0127e-06;-8.10816e-06,3.3;-2.09593e-06;-1.71338e-06;-1.73069e-06;-2.01346e-06;3.3;-1.703e-06;3.3,-1.77956e-06;3.3;3.3;3.3;3.3;-2.00682e-06;3.3;-1.9699e-06,RETRY_5NS;RETRY_5NS;RETRY_5NS;RETRY_5NS;RETRY_5NS;RETRY_5NS;RETRY_5NS;RETRY_5NS,8,8,10000101,133,122,1000010,7,132,122,133,INFERRED_AT_DAC_BRIDGE_OUTPUT,10000101,133,10000101,133,10000101,133,10000101,133,True,True
MC200_CMP_XM5_XM6_W8P2524_XM7_XM11_W16P8587_S140_LOW_W4,0,-3.17412e-06;-8.47545e-06;-3.45411e-06;-3.26132e-06;-8.42156e-06;-8.42182e-06;-3.25084e-06;-8.46026e-06,-3.07695e-06;-8.51115e-06;-3.35684e-06;-3.16223e-06;-8.46706e-06;-8.4655e-06;-3.15248e-06;-8.5059e-06,3.3;3.3;3.3;-1.66759e-06;-1.97433e-06;-1.97076e-06;-1.65728e-06;3.3,-1.7537e-06;-2.00135e-06;-1.66388e-06;3.3;3.3;3.3;3.3;-1.9537e-06,RETRY_5NS;RETRY_5NS;RETRY_5NS;RETRY_5NS;RETRY_5NS;RETRY_5NS;RETRY_5NS;RETRY_5NS,8,8,11100001,225,30,1110000,7,224,30,225,INFERRED_AT_DAC_BRIDGE_OUTPUT,11100001,225,11100001,225,11100001,225,11100001,225,True,True
MC200_CMP_XM5_XM6_W8P2524_XM7_XM11_W16P8587_S140_LOW_W4,1,-3.15239e-06;-7.97511e-06;-3.23784e-06;-3.22465e-06;-8.38407e-06;-8.38427e-06;-3.31473e-06;-8.42247e-06,-3.05629e-06;-8.01982e-06;-3.14103e-06;-3.12683e-06;-8.42517e-06;-8.42369e-06;-3.21734e-06;-8.46416e-06,3.3;3.3;3.3;3.3;-1.97051e-06;-1.96768e-06;-1.65421e-06;-1.96534e-06,-1.76645e-06;-2.00656e-06;-1.66334e-06;-1.64498e-06;3.3;3.3;3.3;3.3,RETRY_5NS;RETRY_5NS;RETRY_5NS;RETRY_5NS;RETRY_5NS;RETRY_5NS;RETRY_5NS;RETRY_5NS,8,8,11110000,240,15,1111000,7,240,14,240,INFERRED_AT_DAC_BRIDGE_OUTPUT,11110000,240,11110000,240,11110000,240,11110000,240,True,True
MC200_CMP_XM5_XM6_W8P2524_XM7_XM11_W16P8587_S140_LOW_W4,2,-3.13959e-06;-7.52633e-06;-3.43358e-06;-3.22579e-06;-9.66519e-06;-8.3855e-06;-3.21941e-06;-8.42257e-06,-3.04369e-06;-7.58651e-06;-3.33327e-06;-3.12722e-06;-9.64856e-06;-8.42127e-06;-3.12187e-06;-8.46396e-06,3.3;3.3;-1.67586e-06;-1.66013e-06;3.3;3.3;-1.65327e-06;-1.96238e-06,-1.74211e-06;-2.00366e-06;3.3;3.3;-1.95718e-06;-1.95346e-06;3.3;3.3,RETRY_5NS;RETRY_5NS;RETRY_5NS;RETRY_5NS;RETRY_5NS;RETRY_5NS;RETRY_5NS;RETRY_5NS,8,8,11001100,204,51,1100110,7,204,50,196,INFERRED_AT_DAC_BRIDGE_OUTPUT,11000100,196,11000100,196,11000100,196,11000100,196,True,True
MC200_CMP_XM5_XM6_W8P2524_XM7_XM11_W16P8587_S140_LOW_W4,3,-3.11228e-06;-7.52835e-06;-3.3943e-06;-3.22816e-06;-8.38422e-06;-8.38647e-06;-3.21918e-06;-8.42257e-06,-3.01644e-06;-7.60101e-06;-3.29735e-06;-3.12975e-06;-8.4226e-06;-8.42068e-06;-3.12184e-06;-8.464e-06,3.3;-2.02148e-06;-1.67374e-06;-1.66227e-06;-1.96355e-06;3.3;3.3;-1.96192e-06,-1.73349e-06;3.3;3.3;3.3;3.3;-1.96e-06;-1.64423e-06;3.3,RETRY_5NS;RETRY_5NS;RETRY_5NS;RETRY_5NS;RETRY_5NS;RETRY_5NS;RETRY_5NS;RETRY_5NS,8,8,10000110,134,121,1000011,7,134,120,134,INFERRED_AT_DAC_BRIDGE_OUTPUT,10000110,134,10000110,134,10000110,134,10000110,134,True,True
MC200_CMP_XM5_XM6_W8P2524_XM7_XM11_W16P8587_S140_LOW_W4,64,-3.30039e-06;-8.62472e-06;-3.12411e-06;-3.3865e-06;-8.27171e-06;-8.57188e-06;-3.21937e-06;-8.27223e-06,-3.19959e-06;-8.6779e-06;-3.02773e-06;-3.28383e-06;-8.2985e-06;-8.63399e-06;-3.12188e-06;-8.2954e-06,3.3;3.3;3.3;-1.6803e-06;-1.95899e-06;-1.98503e-06;-1.65476e-06;-1.94509e-06,-1.76645e-06;-2.01703e-06;-1.6486e-06;3.3;3.3;3.3;3.3;3.3,RETRY_5NS;RETRY_5NS;RETRY_5NS;RETRY_5NS;RETRY_5NS;RETRY_5NS;RETRY_5NS;RETRY_5NS,8,8,11100000,224,31,1110000,7,224,30,224,INFERRED_AT_DAC_BRIDGE_OUTPUT,11100000,224,11100000,224,11100000,224,11100000,224,True,True
MC200_CMP_XM5_XM6_W8P2524_XM7_XM11_W16P8587_S140_LOW_W4,65,-3.27776e-06;-1.00066e-05;-3.14451e-06;-3.35014e-06;-8.23421e-06;-8.53429e-06;-3.259e-06;-8.23454e-06,-3.17803e-06;-9.99934e-06;-3.05039e-06;-3.24873e-06;-8.25659e-06;-8.59224e-06;-3.16344e-06;-8.25359e-06,3.3;3.3;3.3;3.3;-1.95426e-06;-1.98148e-06;-1.65609e-06;-1.98537e-06,-1.7802e-06;-2.01112e-06;-1.65365e-06;-1.65655e-06;3.3;3.3;3.3;3.3,RETRY_5NS;RETRY_5NS;RETRY_5NS;RETRY_5NS;RETRY_5NS;RETRY_5NS;RETRY_5NS;RETRY_5NS,8,8,11110000,240,15,1111000,7,240,14,240,INFERRED_AT_DAC_BRIDGE_OUTPUT,11110000,240,11110000,240,11110000,240,11110000,240,True,True
MC200_CMP_XM5_XM6_W8P2524_XM7_XM11_W16P8587_S140_LOW_W4,66,-3.26591e-06;-9.65066e-06;-2.90428e-06;-3.6245e-06;-7.84689e-06;-8.53578e-06;-3.18829e-06;-8.23462e-06,-3.16637e-06;-9.66397e-06;-2.80702e-06;-3.52558e-06;-7.87331e-06;-8.58966e-06;-3.09089e-06;-8.25335e-06,3.3;3.3;-1.65417e-06;-1.67739e-06;3.3;3.3;-1.65264e-06;-1.94393e-06,-1.75637e-06;-2.0034e-06;3.3;3.3;-1.95085e-06;-1.96869e-06;3.3;3.3,RETRY_5NS;RETRY_5NS;RETRY_5NS;RETRY_5NS;RETRY_5NS;RETRY_5NS;RETRY_5NS;RETRY_5NS,8,8,11001100,204,51,1100110,7,204,50,204,INFERRED_AT_DAC_BRIDGE_OUTPUT,11001100,204,11001100,204,11001100,204,11001100,204,True,True
MC200_CMP_XM5_XM6_W8P2524_XM7_XM11_W16P8587_S140_LOW_W4,67,-3.24048e-06;-8.64042e-06;-3.24887e-06;-3.35356e-06;-8.23418e-06;-8.53658e-06;-3.18793e-06;-8.2346e-06,-3.14099e-06;-8.70812e-06;-3.15136e-06;-3.25155e-06;-8.25415e-06;-8.5891e-06;-3.09106e-06;-8.25347e-06,3.3;-2.03029e-06;-1.66294e-06;-1.67668e-06;-1.94913e-06;3.3;3.3;-1.94568e-06,-1.74841e-06;3.3;3.3;3.3;3.3;-1.97456e-06;-1.63984e-06;3.3,RETRY_5NS;RETRY_5NS;RETRY_5NS;RETRY_5NS;RETRY_5NS;RETRY_5NS;RETRY_5NS;RETRY_5NS,8,8,10000110,134,121,1000011,7,134,120,134,INFERRED_AT_DAC_BRIDGE_OUTPUT,10000110,134,10000110,134,10000110,134,10000110,134,True,True
MC200_CMP_XM5_XM6_W8P2524_XM7_XM11_W16P8587_S141_LOW_W4,0,-2.99465e-06;-8.28599e-06;-3.08324e-06;-3.08036e-06;-8.23022e-06;-8.23072e-06;-3.06931e-06;-8.26931e-06,-2.94481e-06;-8.28427e-06;-3.0326e-06;-3.02869e-06;-8.23821e-06;-8.23636e-06;-3.01922e-06;-8.27714e-06,3.3;3.3;3.3;-1.67509e-06;-1.98157e-06;-1.97506e-06;3.3;-1.97591e-06,-1.80892e-06;-2.0611e-06;-1.71134e-06;3.3;3.3;3.3;-1.70061e-06;3.3,RETRY_5NS;RETRY_5NS;RETRY_5NS;RETRY_5NS;RETRY_5NS;RETRY_5NS;RETRY_5NS;RETRY_5NS,8,8,11100010,226,29,1110001,7,226,28,226,INFERRED_AT_DAC_BRIDGE_OUTPUT,11100010,226,11100010,226,11100010,226,11100010,226,True,True
MC200_CMP_XM5_XM6_W8P2524_XM7_XM11_W16P8587_S141_LOW_W4,1,-3.32653e-06;-9.41068e-06;-3.18356e-06;-3.1686e-06;-8.34566e-06;-8.34629e-06;-3.16369e-06;-8.38596e-06,-3.27562e-06;-9.39118e-06;-3.13197e-06;-3.11679e-06;-8.36196e-06;-8.36011e-06;-3.11084e-06;-8.39963e-06,3.3;3.3;3.3;3.3;-1.99366e-06;-1.98871e-06;-1.67067e-06;3.3,-1.83777e-06;-2.07106e-06;-1.72564e-06;-1.71468e-06;3.3;3.3;3.3;-2.03225e-06,RETRY_5NS;RETRY_5NS;RETRY_5NS;RETRY_5NS;RETRY_5NS;RETRY_5NS;RETRY_5NS;RETRY_5NS,8,8,11110001,241,14,1111000,7,240,14,241,INFERRED_AT_DAC_BRIDGE_OUTPUT,11110001,241,11110001,241,11110001,241,11110001,241,True,True
MC200_CMP_XM5_XM6_W8P2524_XM7_XM11_W16P8587_S141_LOW_W4,2,-3.0543e-06;-7.8321e-06;-3.15315e-06;-3.13805e-06;-8.31124e-06;-8.30955e-06;-3.13217e-06;-8.34652e-06,-3.00355e-06;-7.84754e-06;-3.10037e-06;-3.08566e-06;-8.31654e-06;-8.3171e-06;-3.08041e-06;-8.35941e-06,3.3;3.3;-1.68722e-06;-1.67435e-06;3.3;3.3;3.3;-1.983e-06,-1.80798e-06;-2.07192e-06;3.3;3.3;-2.03289e-06;-2.02926e-06;-1.70291e-06;3.3,RETRY_5NS;RETRY_5NS;RETRY_5NS;RETRY_5NS;RETRY_5NS;RETRY_5NS;RETRY_5NS;RETRY_5NS,8,8,11001110,206,49,1100111,7,206,48,198,INFERRED_AT_DAC_BRIDGE_OUTPUT,11000110,198,11000110,198,11000110,198,11000110,198,True,True
MC200_CMP_XM5_XM6_W8P2524_XM7_XM11_W16P8587_S141_LOW_W4,3,-3.0897e-06;-8.43334e-06;-3.2193e-06;-3.20296e-06;-8.38525e-06;-8.38438e-06;-3.19522e-06;-8.42364e-06,-3.03767e-06;-8.45992e-06;-3.1654e-06;-3.14869e-06;-8.39981e-06;-8.40244e-06;-3.14204e-06;-8.44189e-06,3.3;-2.0415e-06;-1.69302e-06;-1.68582e-06;3.3;-1.99399e-06;-1.68032e-06;-1.99358e-06,-1.8063e-06;3.3;3.3;3.3;-2.02119e-06;3.3;3.3;3.3,RETRY_5NS;RETRY_5NS;RETRY_5NS;RETRY_5NS;RETRY_5NS;RETRY_5NS;RETRY_5NS;RETRY_5NS,8,8,10001000,136,119,1000100,7,136,118,128,INFERRED_AT_DAC_BRIDGE_OUTPUT,10000000,128,10000000,128,10000000,128,10000000,128,True,True
MC200_CMP_XM5_XM6_W8P2524_XM7_XM11_W16P8587_S141_LOW_W4,64,-3.11998e-06;-8.43931e-06;-2.99013e-06;-3.20475e-06;-8.07627e-06;-8.38495e-06;-3.03802e-06;-8.07635e-06,-3.06776e-06;-8.44711e-06;-2.94129e-06;-3.15075e-06;-8.07355e-06;-8.4009e-06;-2.98853e-06;-8.07133e-06,3.3;3.3;3.3;-1.68784e-06;-1.96629e-06;-1.98933e-06;3.3;-1.95402e-06,-1.82323e-06;-2.07542e-06;-1.70121e-06;3.3;3.3;3.3;-1.69756e-06;3.3,RETRY_5NS;RETRY_5NS;RETRY_5NS;RETRY_5NS;RETRY_5NS;RETRY_5NS;RETRY_5NS;RETRY_5NS,8,8,11100010,226,29,1110001,7,226,28,226,INFERRED_AT_DAC_BRIDGE_OUTPUT,11100010,226,11100010,226,11100010,226,11100010,226,True,True
MC200_CMP_XM5_XM6_W8P2524_XM7_XM11_W16P8587_S141_LOW_W4,65,-3.41258e-06;-7.48735e-06;-3.0908e-06;-3.29329e-06;-8.19174e-06;-8.50005e-06;-3.13219e-06;-8.19312e-06,-3.35984e-06;-7.52057e-06;-3.04096e-06;-3.23912e-06;-8.19735e-06;-8.52522e-06;-3.08037e-06;-8.19378e-06,3.3;3.3;3.3;3.3;-1.97822e-06;-2.0027e-06;-1.6661e-06;3.3,-1.85709e-06;-2.10161e-06;-1.71611e-06;-1.72748e-06;3.3;3.3;3.3;-2.05281e-06,RETRY_5NS;RETRY_5NS;RETRY_5NS;RETRY_5NS;RETRY_5NS;RETRY_5NS;RETRY_5NS;RETRY_5NS,8,8,11110001,241,14,1111000,7,240,14,241,INFERRED_AT_DAC_BRIDGE_OUTPUT,11110001,241,11110001,241,11110001,241,11110001,241,True,True
MC200_CMP_XM5_XM6_W8P2524_XM7_XM11_W16P8587_S141_LOW_W4,66,-3.17949e-06;-8.93212e-06;-3.06024e-06;-3.41456e-06;-8.15697e-06;-8.46374e-06;-3.10089e-06;-8.1535e-06,-3.12638e-06;-8.93568e-06;-3.00921e-06;-3.35556e-06;-8.15235e-06;-8.48159e-06;-3.04971e-06;-8.15377e-06,3.3;3.3;-1.67739e-06;-1.69386e-06;3.3;3.3;3.3;-1.96619e-06,-1.82133e-06;-2.08182e-06;3.3;3.3;-2.0182e-06;-2.04534e-06;-1.69785e-06;3.3,RETRY_5NS;RETRY_5NS;RETRY_5NS;RETRY_5NS;RETRY_5NS;RETRY_5NS;RETRY_5NS;RETRY_5NS,8,8,11001110,206,49,1100111,7,206,48,206,INFERRED_AT_DAC_BRIDGE_OUTPUT,11001110,206,11001110,206,11001110,206,11001110,206,True,True
MC200_CMP_XM5_XM6_W8P2524_XM7_XM11_W16P8587_S141_LOW_W4,67,-3.21704e-06;-8.58549e-06;-3.1268e-06;-3.32754e-06;-8.23102e-06;-8.5421e-06;-3.18754e-06;-8.2317e-06,-3.16263e-06;-8.62318e-06;-3.07465e-06;-3.2709e-06;-8.23539e-06;-8.56318e-06;-3.13585e-06;-8.23495e-06,3.3;-2.05773e-06;-1.68488e-06;-1.69927e-06;-1.96469e-06;3.3;3.3;3.3,-1.81895e-06;3.3;3.3;3.3;3.3;-2.05381e-06;-1.71493e-06;-2.0166e-06,RETRY_5NS;RETRY_5NS;RETRY_5NS;RETRY_5NS;RETRY_5NS;RETRY_5NS;RETRY_5NS;RETRY_5NS,8,8,10000111,135,120,1000011,7,134,120,135,INFERRED_AT_DAC_BRIDGE_OUTPUT,10000111,135,10000111,135,10000111,135,10000111,135,True,True
MC200_CMP_XM5_XM6_W8P2524_XM7_XM11_W16P8587_S142_LOW_W4,0,-3.09495e-06;-8.37057e-06;-3.19924e-06;-3.19604e-06;-8.3082e-06;-8.30814e-06;-3.21205e-06;-8.11114e-06,-3.13551e-06;-8.35022e-06;-3.24114e-06;-3.23647e-06;-8.30247e-06;-8.30019e-06;-3.25301e-06;-8.09786e-06,3.3;3.3;3.3;-1.66209e-06;-1.96527e-06;-1.96132e-06;-1.64942e-06;3.3,-1.76336e-06;-2.00869e-06;-1.66793e-06;3.3;3.3;3.3;3.3;-1.97291e-06,RETRY_5NS;RETRY_5NS;RETRY_5NS;RETRY_5NS;RETRY_5NS;RETRY_5NS;RETRY_5NS;RETRY_5NS,8,8,11100001,225,30,1110000,7,224,30,225,INFERRED_AT_DAC_BRIDGE_OUTPUT,11100001,225,11100001,225,11100001,225,11100001,225,True,True
MC200_CMP_XM5_XM6_W8P2524_XM7_XM11_W16P8587_S142_LOW_W4,1,-3.34283e-06;-8.68778e-06;-3.46434e-06;-3.42318e-06;-8.62386e-06;-8.62432e-06;-3.41654e-06;-8.66455e-06,-3.38656e-06;-8.64956e-06;-3.50913e-06;-3.46787e-06;-8.60338e-06;-8.60105e-06;-3.46011e-06;-8.63689e-06,3.3;3.3;3.3;3.3;-1.99603e-06;-1.99117e-06;-1.67665e-06;-1.9843e-06,-1.80676e-06;-2.04752e-06;-1.70014e-06;-1.68856e-06;3.3;3.3;3.3;3.3,RETRY_5NS;RETRY_5NS;RETRY_5NS;RETRY_5NS;RETRY_5NS;RETRY_5NS;RETRY_5NS;RETRY_5NS,8,8,11110000,240,15,1111000,7,240,14,240,INFERRED_AT_DAC_BRIDGE_OUTPUT,11110000,240,11110000,240,11110000,240,11110000,240,True,True
MC200_CMP_XM5_XM6_W8P2524_XM7_XM11_W16P8587_S142_LOW_W4,2,-3.17986e-06;-8.48176e-06;-3.298e-06;-3.27728e-06;-8.43063e-06;-8.42824e-06;-3.39956e-06;-9.41885e-06,-3.22172e-06;-8.45698e-06;-3.33974e-06;-3.31901e-06;-8.41066e-06;-8.41098e-06;-3.44125e-06;-9.41641e-06,3.3;3.3;-1.67626e-06;-1.66491e-06;3.3;3.3;-1.66439e-06;3.3,-1.76667e-06;-2.01716e-06;3.3;3.3;-1.98669e-06;-1.98092e-06;3.3;-1.97164e-06,RETRY_5NS;RETRY_5NS;RETRY_5NS;RETRY_5NS;RETRY_5NS;RETRY_5NS;RETRY_5NS;RETRY_5NS,8,8,11001101,205,50,1100110,7,204,50,205,INFERRED_AT_DAC_BRIDGE_OUTPUT,11001101,205,11001101,205,11001101,205,11001101,205,True,True
MC200_CMP_XM5_XM6_W8P2524_XM7_XM11_W16P8587_S142_LOW_W4,3,-3.05205e-06;-8.36754e-06;-3.21678e-06;-3.29707e-06;-8.3087e-06;-8.31067e-06;-3.18009e-06;-8.34809e-06,-3.09236e-06;-8.36465e-06;-3.25763e-06;-3.33674e-06;-8.29927e-06;-8.29796e-06;-3.22187e-06;-8.33596e-06,3.3;-2.00945e-06;-1.66651e-06;-1.66413e-06;-1.95775e-06;3.3;3.3;3.3,-1.74699e-06;3.3;3.3;3.3;3.3;-1.97214e-06;-1.66088e-06;-1.96734e-06,RETRY_5NS;RETRY_5NS;RETRY_5NS;RETRY_5NS;RETRY_5NS;RETRY_5NS;RETRY_5NS;RETRY_5NS,8,8,10000111,135,120,1000011,7,134,120,135,INFERRED_AT_DAC_BRIDGE_OUTPUT,10000111,135,10000111,135,10000111,135,10000111,135,True,True
MC200_CMP_XM5_XM6_W8P2524_XM7_XM11_W16P8587_S142_LOW_W4,64,-3.21331e-06;-8.5275e-06;-3.11167e-06;-3.3131e-06;-8.15039e-06;-8.46632e-06;-3.16818e-06;-8.78904e-06,-3.25535e-06;-8.49841e-06;-3.1525e-06;-3.35491e-06;-8.15222e-06;-8.45025e-06;-3.2089e-06;-8.7964e-06,3.3;3.3;3.3;-1.67472e-06;-1.95013e-06;-1.97527e-06;-1.64578e-06;3.3,-1.77699e-06;-2.02437e-06;-1.65798e-06;3.3;3.3;3.3;3.3;-1.94319e-06,RETRY_5NS;RETRY_5NS;RETRY_5NS;RETRY_5NS;RETRY_5NS;RETRY_5NS;RETRY_5NS;RETRY_5NS,8,8,11100001,225,30,1110000,7,224,30,225,INFERRED_AT_DAC_BRIDGE_OUTPUT,11100001,225,11100001,225,11100001,225,11100001,225,True,True
MC200_CMP_XM5_XM6_W8P2524_XM7_XM11_W16P8587_S142_LOW_W4,65,-3.46008e-06;-8.84441e-06;-3.35389e-06;-3.54053e-06;-8.46604e-06;-8.78241e-06;-3.38706e-06;-8.46661e-06,-3.50527e-06;-8.79741e-06;-3.39777e-06;-3.58664e-06;-8.45308e-06;-8.75134e-06;-3.43027e-06;-8.44893e-06,3.3;3.3;3.3;3.3;-1.9795e-06;-2.00632e-06;-1.67385e-06;-2.00625e-06,-1.82011e-06;-2.06334e-06;-1.69095e-06;-1.69933e-06;3.3;3.3;3.3;3.3,RETRY_5NS;RETRY_5NS;RETRY_5NS;RETRY_5NS;RETRY_5NS;RETRY_5NS;RETRY_5NS;RETRY_5NS,8,8,11110000,240,15,1111000,7,240,14,240,INFERRED_AT_DAC_BRIDGE_OUTPUT,11110000,240,11110000,240,11110000,240,11110000,240,True,True
MC200_CMP_XM5_XM6_W8P2524_XM7_XM11_W16P8587_S142_LOW_W4,66,-3.29812e-06;-8.63907e-06;-3.21077e-06;-3.39479e-06;-8.27228e-06;-8.58641e-06;-3.44524e-06;-8.16582e-06,-3.34144e-06;-8.60567e-06;-3.25148e-06;-3.43796e-06;-8.26074e-06;-8.56124e-06;-3.4866e-06;-8.15653e-06,3.3;3.3;-1.66692e-06;-1.67684e-06;3.3;3.3;-1.65807e-06;3.3,-1.78e-06;-2.03354e-06;3.3;3.3;-1.971e-06;-1.99461e-06;3.3;-1.96238e-06,RETRY_5NS;RETRY_5NS;RETRY_5NS;RETRY_5NS;RETRY_5NS;RETRY_5NS;RETRY_5NS;RETRY_5NS,8,8,11001101,205,50,1100110,7,204,50,205,INFERRED_AT_DAC_BRIDGE_OUTPUT,11001101,205,11001101,205,11001101,205,11001101,205,True,True
MC200_CMP_XM5_XM6_W8P2524_XM7_XM11_W16P8587_S142_LOW_W4,67,-3.17289e-06;-8.52323e-06;-3.12965e-06;-3.17579e-06;-8.1506e-06;-8.46899e-06;-3.15058e-06;-8.15005e-06,-3.21466e-06;-8.51319e-06;-3.16948e-06;-3.21784e-06;-8.14907e-06;-8.44804e-06;-3.19199e-06;-8.14805e-06,3.3;-2.02532e-06;-1.65719e-06;-1.66977e-06;-1.94281e-06;3.3;3.3;3.3,-1.75937e-06;3.3;3.3;3.3;3.3;-1.98712e-06;-1.65758e-06;-1.9355e-06,RETRY_5NS;RETRY_5NS;RETRY_5NS;RETRY_5NS;RETRY_5NS;RETRY_5NS;RETRY_5NS;RETRY_5NS,8,8,10000111,135,120,1000011,7,134,120,135,INFERRED_AT_DAC_BRIDGE_OUTPUT,10000111,135,10000111,135,10000111,135,10000111,135,True,True
MC200_CMP_XM5_XM6_W8P2524_XM7_XM11_W16P8587_S143_LOW_W4,0,-2.99413e-06;-8.03643e-06;-2.93211e-06;-2.92892e-06;-7.97874e-06;-7.97851e-06;-2.9152e-06;-8.26137e-06,-2.95942e-06;-8.05062e-06;-2.89661e-06;-2.89224e-06;-8.00137e-06;-7.99945e-06;-2.8794e-06;-8.2765e-06,3.3;3.3;3.3;-1.71709e-06;-2.0293e-06;-2.02515e-06;-1.70309e-06;3.3,-1.78236e-06;-2.02156e-06;-1.67898e-06;3.3;3.3;3.3;3.3;-1.98259e-06,RETRY_5NS;RETRY_5NS;RETRY_5NS;RETRY_5NS;RETRY_5NS;RETRY_5NS;RETRY_5NS;RETRY_5NS,8,8,11100001,225,30,1110000,7,224,30,225,INFERRED_AT_DAC_BRIDGE_OUTPUT,11100001,225,11100001,225,11100001,225,11100001,225,True,True
MC200_CMP_XM5_XM6_W8P2524_XM7_XM11_W16P8587_S143_LOW_W4,1,-3.06344e-06;-8.03506e-06;-3.15353e-06;-3.13698e-06;-8.24305e-06;-8.24308e-06;-3.13115e-06;-8.28157e-06,-3.02677e-06;-8.06973e-06;-3.11726e-06;-3.10049e-06;-8.28049e-06;-8.27893e-06;-3.09358e-06;-8.31682e-06,3.3;3.3;3.3;3.3;-2.05799e-06;-2.05466e-06;-1.72877e-06;-2.04917e-06,-1.81419e-06;-2.06353e-06;-1.70805e-06;-1.6941e-06;3.3;3.3;3.3;3.3,RETRY_5NS;RETRY_5NS;RETRY_5NS;RETRY_5NS;RETRY_5NS;RETRY_5NS;RETRY_5NS;RETRY_5NS,8,8,11110000,240,15,1111000,7,240,14,240,INFERRED_AT_DAC_BRIDGE_OUTPUT,11110000,240,11110000,240,11110000,240,11110000,240,True,True
MC200_CMP_XM5_XM6_W8P2524_XM7_XM11_W16P8587_S143_LOW_W4,2,-2.52392e-06;-7.6536e-06;-2.6331e-06;-2.6166e-06;-7.55976e-06;-7.60134e-06;-2.60731e-06;-7.63773e-06,-2.49058e-06;-7.65133e-06;-2.59829e-06;-2.58164e-06;-7.55806e-06;-7.59964e-06;-2.57288e-06;-7.63927e-06,3.3;3.3;-1.68889e-06;-1.68019e-06;3.3;3.3;-1.67454e-06;3.3,-1.73272e-06;-1.97922e-06;3.3;3.3;-1.95243e-06;-1.94156e-06;3.3;-1.93131e-06,RETRY_5NS;RETRY_5NS;RETRY_5NS;RETRY_5NS;RETRY_5NS;RETRY_5NS;RETRY_5NS;RETRY_5NS,8,8,11001101,205,50,1100110,7,204,50,205,INFERRED_AT_DAC_BRIDGE_OUTPUT,11001101,205,11001101,205,11001101,205,11001101,205,True,True
MC200_CMP_XM5_XM6_W8P2524_XM7_XM11_W16P8587_S143_LOW_W4,3,-3.11107e-06;-8.40726e-06;-3.2514e-06;-3.23285e-06;-8.35698e-06;-8.35963e-06;-3.22307e-06;-8.3954e-06,-3.07368e-06;-8.45775e-06;-3.21299e-06;-3.19403e-06;-8.39696e-06;-8.39547e-06;-3.18602e-06;-8.43625e-06,3.3;-2.11325e-06;-1.75296e-06;-1.74867e-06;-2.06164e-06;3.3;3.3;-2.05601e-06,-1.79057e-06;3.3;3.3;3.3;3.3;-2.02202e-06;-1.7021e-06;3.3,RETRY_5NS;RETRY_5NS;RETRY_5NS;RETRY_5NS;RETRY_5NS;RETRY_5NS;RETRY_5NS;RETRY_5NS,8,8,10000110,134,121,1000011,7,134,120,134,INFERRED_AT_DAC_BRIDGE_OUTPUT,10000110,134,10000110,134,10000110,134,10000110,134,True,True
MC200_CMP_XM5_XM6_W8P2524_XM7_XM11_W16P8587_S143_LOW_W4,64,-3.13435e-06;-8.18683e-06;-2.84048e-06;-3.05135e-06;-7.82768e-06;-8.12986e-06;-2.88437e-06;-7.82788e-06,-3.09958e-06;-8.20813e-06;-2.80553e-06;-3.01391e-06;-7.84199e-06;-8.1588e-06;-2.84878e-06;-7.83809e-06,3.3;3.3;3.3;-1.73011e-06;-2.01334e-06;-2.04094e-06;-1.69989e-06;3.3,-1.79542e-06;-2.03716e-06;-1.66843e-06;3.3;3.3;3.3;3.3;-1.96147e-06,RETRY_5NS;RETRY_5NS;RETRY_5NS;RETRY_5NS;RETRY_5NS;RETRY_5NS;RETRY_5NS;RETRY_5NS,8,8,11100001,225,30,1110000,7,224,30,225,INFERRED_AT_DAC_BRIDGE_OUTPUT,11100001,225,11100001,225,11100001,225,11100001,225,True,True
MC200_CMP_XM5_XM6_W8P2524_XM7_XM11_W16P8587_S143_LOW_W4,65,-3.18609e-06;-9.5996e-06;-3.2488e-06;-3.25973e-06;-8.092e-06;-8.39431e-06;-3.10039e-06;-8.09221e-06,-3.14865e-06;-9.62041e-06;-3.21451e-06;-3.22247e-06;-8.1211e-06;-8.43827e-06;-3.06298e-06;-8.11757e-06,3.3;3.3;3.3;3.3;-2.0422e-06;-2.07025e-06;-1.72765e-06;-2.06939e-06,-1.82849e-06;-2.0625e-06;-1.70673e-06;-1.70552e-06;3.3;3.3;3.3;3.3,RETRY_5NS;RETRY_5NS;RETRY_5NS;RETRY_5NS;RETRY_5NS;RETRY_5NS;RETRY_5NS;RETRY_5NS,8,8,11110000,240,15,1111000,7,240,14,240,INFERRED_AT_DAC_BRIDGE_OUTPUT,11110000,240,11110000,240,11110000,240,11110000,240,True,True
MC200_CMP_XM5_XM6_W8P2524_XM7_XM11_W16P8587_S143_LOW_W4,66,-2.64742e-06;-7.80458e-06;-2.5449e-06;-2.73932e-06;-7.45764e-06;-7.75269e-06;-2.57651e-06;-7.44832e-06,-2.61331e-06;-7.8095e-06;-2.51069e-06;-2.70363e-06;-7.44748e-06;-7.75891e-06;-2.54226e-06;-7.44004e-06,3.3;3.3;-1.67902e-06;-1.69272e-06;3.3;3.3;-1.67053e-06;3.3,-1.74704e-06;-1.99463e-06;3.3;3.3;-1.93417e-06;-1.95336e-06;3.3;-1.91713e-06,RETRY_5NS;RETRY_5NS;RETRY_5NS;RETRY_5NS;RETRY_5NS;RETRY_5NS;RETRY_5NS;RETRY_5NS,8,8,11001101,205,50,1100110,7,204,50,205,INFERRED_AT_DAC_BRIDGE_OUTPUT,11001101,205,11001101,205,11001101,205,11001101,205,True,True
MC200_CMP_XM5_XM6_W8P2524_XM7_XM11_W16P8587_S143_LOW_W4,67,-3.23678e-06;-8.55641e-06;-3.16023e-06;-3.35546e-06;-8.20562e-06;-8.51111e-06;-3.19225e-06;-8.20603e-06,-3.19861e-06;-8.61561e-06;-3.12239e-06;-3.31587e-06;-8.23778e-06;-8.55456e-06;-3.1554e-06;-8.23695e-06,3.3;-2.12987e-06;-1.74324e-06;-1.76133e-06;-2.04523e-06;3.3;3.3;3.3,-1.80445e-06;3.3;3.3;3.3;3.3;-2.0375e-06;-1.69887e-06;-1.99034e-06,RETRY_5NS;RETRY_5NS;RETRY_5NS;RETRY_5NS;RETRY_5NS;RETRY_5NS;RETRY_5NS;RETRY_5NS,8,8,10000111,135,120,1000011,7,134,120,135,INFERRED_AT_DAC_BRIDGE_OUTPUT,10000111,135,10000111,135,10000111,135,10000111,135,True,True
MC200_CMP_XM5_XM6_W8P2524_XM7_XM11_W16P8587_S144_LOW_W4,0,-2.90986e-06;-8.16346e-06;-2.70045e-06;-2.97894e-06;-9.1079e-06;-8.10165e-06;-2.8083e-06;-8.14792e-06,-2.94949e-06;-8.15935e-06;-2.74199e-06;-3.01811e-06;-9.12748e-06;-8.10904e-06;-2.8482e-06;-8.15153e-06,3.3;3.3;3.3;-1.6747e-06;-1.96708e-06;-1.96592e-06;-1.65727e-06;-1.95995e-06,-1.83608e-06;-2.08495e-06;-1.72627e-06;3.3;3.3;3.3;3.3;3.3,RETRY_5NS;RETRY_5NS;RETRY_5NS;RETRY_5NS;RETRY_5NS;RETRY_5NS;RETRY_5NS;RETRY_5NS,8,8,11100000,224,31,1110000,7,224,30,224,INFERRED_AT_DAC_BRIDGE_OUTPUT,11100000,224,11100000,224,11100000,224,11100000,224,True,True
MC200_CMP_XM5_XM6_W8P2524_XM7_XM11_W16P8587_S144_LOW_W4,1,-2.86555e-06;-7.88079e-06;-2.94586e-06;-2.93319e-06;-8.28427e-06;-8.2844e-06;-2.92866e-06;-8.33065e-06,-2.90717e-06;-7.86475e-06;-2.98844e-06;-2.97473e-06;-8.28797e-06;-8.28651e-06;-2.96957e-06;-8.32914e-06,3.3;3.3;3.3;3.3;-1.98698e-06;-1.98322e-06;-1.67211e-06;-1.97842e-06,-1.86002e-06;-2.10962e-06;-1.75274e-06;-1.73418e-06;3.3;3.3;3.3;3.3,RETRY_5NS;RETRY_5NS;RETRY_5NS;RETRY_5NS;RETRY_5NS;RETRY_5NS;RETRY_5NS;RETRY_5NS,8,8,11110000,240,15,1111000,7,240,14,240,INFERRED_AT_DAC_BRIDGE_OUTPUT,11110000,240,11110000,240,11110000,240,11110000,240,True,True
MC200_CMP_XM5_XM6_W8P2524_XM7_XM11_W16P8587_S144_LOW_W4,2,-2.3113e-06;-7.46123e-06;-2.39032e-06;-2.39513e-06;-7.46391e-06;-7.4621e-06;-2.43751e-06;-7.50687e-06,-2.34815e-06;-7.47869e-06;-2.42657e-06;-2.43093e-06;-7.48783e-06;-7.48763e-06;-2.47351e-06;-7.53214e-06,3.3;3.3;-1.62748e-06;-1.61928e-06;3.3;3.3;-1.61862e-06;-1.91088e-06,-1.77282e-06;-2.03598e-06;3.3;3.3;-1.99484e-06;-1.9843e-06;3.3;3.3,RETRY_5NS;RETRY_5NS;RETRY_5NS;RETRY_5NS;RETRY_5NS;RETRY_5NS;RETRY_5NS;RETRY_5NS,8,8,11001100,204,51,1100110,7,204,50,204,INFERRED_AT_DAC_BRIDGE_OUTPUT,11001100,204,11001100,204,11001100,204,11001100,204,True,True
MC200_CMP_XM5_XM6_W8P2524_XM7_XM11_W16P8587_S144_LOW_W4,3,-2.91859e-06;-8.47688e-06;-3.24315e-06;-3.0265e-06;-8.42179e-06;-8.42371e-06;-3.01839e-06;-8.46797e-06,-2.96054e-06;-8.47936e-06;-3.28427e-06;-3.06765e-06;-8.41785e-06;-8.41648e-06;-3.06068e-06;-8.46198e-06,3.3;-2.04206e-06;-1.70223e-06;-1.68845e-06;-1.98981e-06;3.3;3.3;-1.98966e-06,-1.83788e-06;3.3;3.3;3.3;3.3;-2.07323e-06;-1.74214e-06;3.3,RETRY_5NS;RETRY_5NS;RETRY_5NS;RETRY_5NS;RETRY_5NS;RETRY_5NS;RETRY_5NS;RETRY_5NS,8,8,10000110,134,121,1000011,7,134,120,134,INFERRED_AT_DAC_BRIDGE_OUTPUT,10000110,134,10000110,134,10000110,134,10000110,134,True,True
MC200_CMP_XM5_XM6_W8P2524_XM7_XM11_W16P8587_S144_LOW_W4,64,-2.73605e-06;-8.16344e-06;-2.6967e-06;-2.70211e-06;-7.74476e-06;-8.10165e-06;-2.70206e-06;-7.73607e-06,-2.77638e-06;-8.15933e-06;-2.73565e-06;-2.7421e-06;-7.76475e-06;-8.10904e-06;-2.74028e-06;-7.75295e-06,3.3;3.3;3.3;-1.6645e-06;-1.94796e-06;-1.96593e-06;-1.64306e-06;-1.92563e-06,-1.82938e-06;-2.08493e-06;-1.71525e-06;3.3;3.3;3.3;3.3;3.3,RETRY_5NS;RETRY_5NS;RETRY_5NS;RETRY_5NS;RETRY_5NS;RETRY_5NS;RETRY_5NS;RETRY_5NS,8,8,11100000,224,31,1110000,7,224,30,224,INFERRED_AT_DAC_BRIDGE_OUTPUT,11100000,224,11100000,224,11100000,224,11100000,224,True,True
MC200_CMP_XM5_XM6_W8P2524_XM7_XM11_W16P8587_S144_LOW_W4,65,-2.98507e-06;-9.6478e-06;-2.85678e-06;-3.05301e-06;-8.10166e-06;-8.46716e-06;-2.89861e-06;-8.10181e-06,-3.02772e-06;-9.64481e-06;-2.89858e-06;-3.09559e-06;-8.11074e-06;-8.46362e-06;-2.93925e-06;-8.10779e-06,3.3;3.3;3.3;3.3;-1.97126e-06;-1.9984e-06;-1.66908e-06;-1.99915e-06,-1.87366e-06;-2.1137e-06;-1.7432e-06;-1.74638e-06;3.3;3.3;3.3;3.3,RETRY_5NS;RETRY_5NS;RETRY_5NS;RETRY_5NS;RETRY_5NS;RETRY_5NS;RETRY_5NS;RETRY_5NS,8,8,11110000,240,15,1111000,7,240,14,240,INFERRED_AT_DAC_BRIDGE_OUTPUT,11110000,240,11110000,240,11110000,240,11110000,240,True,True
MC200_CMP_XM5_XM6_W8P2524_XM7_XM11_W16P8587_S144_LOW_W4,66,-2.43182e-06;-7.98286e-06;-2.19137e-06;-2.51495e-06;-7.28092e-06;-7.6451e-06;-2.35733e-06;-7.27802e-06,-2.46972e-06;-8.00155e-06;-2.2271e-06;-2.55179e-06;-7.31109e-06;-7.66465e-06;-2.39323e-06;-7.31075e-06,3.3;3.3;-1.62124e-06;-1.63094e-06;3.3;3.3;-1.61262e-06;-1.89319e-06,-1.7869e-06;-2.04864e-06;3.3;3.3;-1.97953e-06;-2.00069e-06;3.3;3.3,RETRY_5NS;RETRY_5NS;RETRY_5NS;RETRY_5NS;RETRY_5NS;RETRY_5NS;RETRY_5NS;RETRY_5NS,8,8,11001100,204,51,1100110,7,204,50,204,INFERRED_AT_DAC_BRIDGE_OUTPUT,11001100,204,11001100,204,11001100,204,11001100,204,True,True
MC200_CMP_XM5_XM6_W8P2524_XM7_XM11_W16P8587_S144_LOW_W4,67,-3.04094e-06;-8.65786e-06;-3.05615e-06;-3.14613e-06;-8.23892e-06;-8.60671e-06;-2.98832e-06;-8.23912e-06,-3.08395e-06;-8.6552e-06;-3.0964e-06;-3.18831e-06;-8.24094e-06;-8.59343e-06;-3.03035e-06;-8.24065e-06,3.3;-2.05796e-06;-1.68966e-06;-1.70159e-06;-1.97662e-06;3.3;3.3;-1.97244e-06,-1.85081e-06;3.3;3.3;3.3;3.3;-2.08852e-06;-1.73619e-06;3.3,RETRY_5NS;RETRY_5NS;RETRY_5NS;RETRY_5NS;RETRY_5NS;RETRY_5NS;RETRY_5NS;RETRY_5NS,8,8,10000110,134,121,1000011,7,134,120,134,INFERRED_AT_DAC_BRIDGE_OUTPUT,10000110,134,10000110,134,10000110,134,10000110,134,True,True
MC200_CMP_XM5_XM6_W8P2524_XM7_XM11_W16P8587_S145_LOW_W4,0,-3.24023e-06;-8.54634e-06;-3.33473e-06;-3.33252e-06;-8.48956e-06;-8.48976e-06;-3.32091e-06;-8.5294e-06,-3.18926e-06;-8.57965e-06;-3.28365e-06;-3.27998e-06;-8.53464e-06;-8.53298e-06;-3.26882e-06;-8.57217e-06,3.3;3.3;3.3;-1.72498e-06;-2.0389e-06;-2.03372e-06;-1.71127e-06;3.3,-1.82813e-06;-2.08452e-06;-1.73152e-06;3.3;3.3;3.3;3.3;-2.04158e-06,RETRY_5NS;RETRY_5NS;RETRY_5NS;RETRY_5NS;RETRY_5NS;RETRY_5NS;RETRY_5NS;RETRY_5NS,8,8,11100001,225,30,1110000,7,224,30,225,INFERRED_AT_DAC_BRIDGE_OUTPUT,11100001,225,11100001,225,11100001,225,11100001,225,True,True
MC200_CMP_XM5_XM6_W8P2524_XM7_XM11_W16P8587_S145_LOW_W4,1,-3.15989e-06;-8.43501e-06;-3.38138e-06;-3.23564e-06;-8.56726e-06;-8.3745e-06;-3.22962e-06;-8.41351e-06,-3.11051e-06;-8.46051e-06;-3.33276e-06;-3.18549e-06;-8.60137e-06;-8.40988e-06;-3.17885e-06;-8.44924e-06,3.3;3.3;3.3;3.3;-2.02695e-06;-2.02398e-06;-1.70238e-06;-2.01712e-06,-1.83422e-06;-2.07704e-06;-1.73173e-06;-1.71458e-06;3.3;3.3;3.3;3.3,RETRY_5NS;RETRY_5NS;RETRY_5NS;RETRY_5NS;RETRY_5NS;RETRY_5NS;RETRY_5NS;RETRY_5NS,8,8,11110000,240,15,1111000,7,240,14,240,INFERRED_AT_DAC_BRIDGE_OUTPUT,11110000,240,11110000,240,11110000,240,11110000,240,True,True
MC200_CMP_XM5_XM6_W8P2524_XM7_XM11_W16P8587_S145_LOW_W4,2,-3.3682e-06;-7.88076e-06;-3.25403e-06;-3.23671e-06;-8.33256e-06;-8.37627e-06;-3.22955e-06;-8.41387e-06,-3.31989e-06;-7.87928e-06;-3.20295e-06;-3.18542e-06;-8.35748e-06;-8.40727e-06;-3.17881e-06;-8.4488e-06,3.3;3.3;-1.71852e-06;-1.70843e-06;3.3;3.3;-1.70232e-06;3.3,-1.81175e-06;-2.07571e-06;3.3;3.3;-2.03914e-06;-2.03065e-06;3.3;-2.02749e-06,RETRY_5NS;RETRY_5NS;RETRY_5NS;RETRY_5NS;RETRY_5NS;RETRY_5NS;RETRY_5NS;RETRY_5NS,8,8,11001101,205,50,1100110,7,204,50,205,INFERRED_AT_DAC_BRIDGE_OUTPUT,11001101,205,11001101,205,11001101,205,11001101,205,True,True
MC200_CMP_XM5_XM6_W8P2524_XM7_XM11_W16P8587_S145_LOW_W4,3,-3.0824e-06;-8.38931e-06;-3.22942e-06;-3.20942e-06;-8.33653e-06;-8.33849e-06;-3.19881e-06;-8.37508e-06,-3.03356e-06;-8.43064e-06;-3.17887e-06;-3.15848e-06;-8.36736e-06;-8.36598e-06;-3.14917e-06;-8.40804e-06,3.3;-2.06738e-06;-1.71575e-06;-1.71024e-06;-2.01464e-06;3.3;3.3;-2.00918e-06,-1.79916e-06;3.3;3.3;3.3;3.3;-2.02936e-06;-1.70792e-06;3.3,RETRY_5NS;RETRY_5NS;RETRY_5NS;RETRY_5NS;RETRY_5NS;RETRY_5NS;RETRY_5NS;RETRY_5NS,8,8,10000110,134,121,1000011,7,134,120,134,INFERRED_AT_DAC_BRIDGE_OUTPUT,10000110,134,10000110,134,10000110,134,10000110,134,True,True
MC200_CMP_XM5_XM6_W8P2524_XM7_XM11_W16P8587_S145_LOW_W4,64,-3.36228e-06;-8.69906e-06;-3.24414e-06;-3.45364e-06;-8.33614e-06;-8.6434e-06;-3.29046e-06;-8.33713e-06,-3.30948e-06;-8.74232e-06;-3.19442e-06;-3.39926e-06;-8.37008e-06;-8.69756e-06;-3.23882e-06;-8.36633e-06,3.3;3.3;3.3;-1.73815e-06;-2.02192e-06;-2.04887e-06;-1.7084e-06;3.3,-1.84302e-06;-2.10049e-06;-1.72159e-06;3.3;3.3;3.3;3.3;-2.0236e-06,RETRY_5NS;RETRY_5NS;RETRY_5NS;RETRY_5NS;RETRY_5NS;RETRY_5NS;RETRY_5NS;RETRY_5NS,8,8,11100001,225,30,1110000,7,224,30,225,INFERRED_AT_DAC_BRIDGE_OUTPUT,11100001,225,11100001,225,11100001,225,11100001,225,True,True
MC200_CMP_XM5_XM6_W8P2524_XM7_XM11_W16P8587_S145_LOW_W4,65,-3.28112e-06;-8.58745e-06;-3.27851e-06;-3.35701e-06;-7.82282e-06;-8.5281e-06;-3.1992e-06;-8.22141e-06,-3.22991e-06;-8.62286e-06;-3.22885e-06;-3.30508e-06;-7.85593e-06;-8.5745e-06;-3.14887e-06;-8.24308e-06,3.3;3.3;3.3;3.3;-2.0156e-06;-2.03959e-06;-1.70192e-06;3.3,-1.8477e-06;-2.0933e-06;-1.72121e-06;-1.72669e-06;3.3;3.3;3.3;-2.04369e-06,RETRY_5NS;RETRY_5NS;RETRY_5NS;RETRY_5NS;RETRY_5NS;RETRY_5NS;RETRY_5NS;RETRY_5NS,8,8,11110001,241,14,1111000,7,240,14,241,INFERRED_AT_DAC_BRIDGE_OUTPUT,11110001,241,11110001,241,11110001,241,11110001,241,True,True
MC200_CMP_XM5_XM6_W8P2524_XM7_XM11_W16P8587_S145_LOW_W4,66,-3.57267e-06;-7.8873e-06;-3.16401e-06;-3.3581e-06;-8.2245e-06;-8.52972e-06;-3.19907e-06;-8.22152e-06,-3.52282e-06;-7.89523e-06;-3.11432e-06;-3.30499e-06;-8.2425e-06;-8.57198e-06;-3.14878e-06;-8.24302e-06,3.3;3.3;-1.71053e-06;-1.72045e-06;3.3;3.3;-1.69909e-06;3.3,-1.82587e-06;-2.09223e-06;3.3;3.3;-2.02111e-06;-2.04514e-06;3.3;-2.01065e-06,RETRY_5NS;RETRY_5NS;RETRY_5NS;RETRY_5NS;RETRY_5NS;RETRY_5NS;RETRY_5NS;RETRY_5NS,8,8,11001101,205,50,1100110,7,204,50,205,INFERRED_AT_DAC_BRIDGE_OUTPUT,11001101,205,11001101,205,11001101,205,11001101,205,True,True
MC200_CMP_XM5_XM6_W8P2524_XM7_XM11_W16P8587_S145_LOW_W4,67,-3.20689e-06;-8.54076e-06;-3.13935e-06;-3.33061e-06;-8.18281e-06;-8.49227e-06;-3.16835e-06;-8.18262e-06,-3.15618e-06;-8.59363e-06;-3.09019e-06;-3.27781e-06;-8.20302e-06;-8.53037e-06;-3.11917e-06;-8.20237e-06,3.3;-2.08274e-06;-1.70626e-06;-1.72179e-06;-2.00053e-06;3.3;3.3;-1.99245e-06,-1.81196e-06;3.3;3.3;3.3;3.3;-2.04554e-06;-1.70534e-06;3.3,RETRY_5NS;RETRY_5NS;RETRY_5NS;RETRY_5NS;RETRY_5NS;RETRY_5NS;RETRY_5NS;RETRY_5NS,8,8,10000110,134,121,1000011,7,134,120,134,INFERRED_AT_DAC_BRIDGE_OUTPUT,10000110,134,10000110,134,10000110,134,10000110,134,True,True
MC200_CMP_XM5_XM6_W8P2524_XM7_XM11_W16P8587_S146_LOW_W4,0,-2.94872e-06;-8.18964e-06;-3.04003e-06;-3.03816e-06;-8.13567e-06;-8.13582e-06;-3.02615e-06;-8.17261e-06,-2.93122e-06;-8.1861e-06;-3.02228e-06;-3.01918e-06;-8.14369e-06;-8.14186e-06;-3.00767e-06;-8.1773e-06,3.3;3.3;3.3;-1.65714e-06;-1.96005e-06;-1.95826e-06;-1.64739e-06;-1.95189e-06,-1.73238e-06;-1.97632e-06;-1.63748e-06;3.3;3.3;3.3;3.3;3.3,RETRY_5NS;RETRY_5NS;RETRY_5NS;RETRY_5NS;RETRY_5NS;RETRY_5NS;RETRY_5NS;RETRY_5NS,8,8,11100000,224,31,1110000,7,224,30,224,INFERRED_AT_DAC_BRIDGE_OUTPUT,11100000,224,11100000,224,11100000,224,11100000,224,True,True
MC200_CMP_XM5_XM6_W8P2524_XM7_XM11_W16P8587_S146_LOW_W4,1,-3.02298e-06;-8.26499e-06;-3.10961e-06;-3.09525e-06;-8.21297e-06;-8.21149e-06;-3.08927e-06;-8.24588e-06,-3.00537e-06;-8.26241e-06;-3.09267e-06;-3.07712e-06;-8.21361e-06;-8.21365e-06;-3.07194e-06;-8.2515e-06,3.3;3.3;3.3;-1.65262e-06;3.3;3.3;3.3;3.3,-1.75416e-06;-1.98925e-06;-1.6538e-06;3.3;-1.95198e-06;-1.94805e-06;-1.64018e-06;-1.94632e-06,RETRY_5NS;RETRY_5NS;RETRY_5NS;RETRY_5NS;RETRY_5NS;RETRY_5NS;RETRY_5NS;RETRY_5NS,8,8,11101111,239,16,1110111,7,238,16,239,INFERRED_AT_DAC_BRIDGE_OUTPUT,11101111,239,11101111,239,11101111,239,11101111,239,True,True
MC200_CMP_XM5_XM6_W8P2524_XM7_XM11_W16P8587_S146_LOW_W4,2,-3.13656e-06;-7.4913e-06;-3.47363e-06;-3.22331e-06;-8.3572e-06;-8.35476e-06;-3.2172e-06;-8.39101e-06,-3.1184e-06;-7.49751e-06;-3.45467e-06;-3.20361e-06;-8.36208e-06;-8.3634e-06;-3.19798e-06;-8.40089e-06,3.3;3.3;-1.68801e-06;-1.67227e-06;3.3;3.3;-1.66775e-06;-1.97744e-06,-1.74591e-06;-2.00502e-06;3.3;3.3;-1.96473e-06;-1.94595e-06;3.3;3.3,RETRY_5NS;RETRY_5NS;RETRY_5NS;RETRY_5NS;RETRY_5NS;RETRY_5NS;RETRY_5NS;RETRY_5NS,8,8,11001100,204,51,1100110,7,204,50,204,INFERRED_AT_DAC_BRIDGE_OUTPUT,11001100,204,11001100,204,11001100,204,11001100,204,True,True
MC200_CMP_XM5_XM6_W8P2524_XM7_XM11_W16P8587_S146_LOW_W4,3,-3.04399e-06;-8.16019e-06;-3.18255e-06;-3.16261e-06;-8.2812e-06;-7.71631e-06;-3.15313e-06;-8.31881e-06,-3.02586e-06;-8.17803e-06;-3.16321e-06;-3.14297e-06;-8.28998e-06;-7.72289e-06;-3.13482e-06;-8.32592e-06,3.3;-2.02273e-06;-1.67326e-06;-1.66824e-06;-1.97114e-06;3.3;-1.64793e-06;3.3,-1.73091e-06;3.3;3.3;3.3;3.3;-1.95982e-06;3.3;-1.95391e-06,RETRY_5NS;RETRY_5NS;RETRY_5NS;RETRY_5NS;RETRY_5NS;RETRY_5NS;RETRY_5NS;RETRY_5NS,8,8,10000101,133,122,1000010,7,132,122,133,INFERRED_AT_DAC_BRIDGE_OUTPUT,10000101,133,10000101,133,10000101,133,10000101,133,True,True
MC200_CMP_XM5_XM6_W8P2524_XM7_XM11_W16P8587_S146_LOW_W4,64,-3.07634e-06;-8.33421e-06;-2.94533e-06;-3.16462e-06;-7.99052e-06;-8.28124e-06;-2.84451e-06;-7.99053e-06,-3.05833e-06;-8.33322e-06;-2.92798e-06;-3.14514e-06;-7.99474e-06;-8.29077e-06;-2.8258e-06;-7.99114e-06,3.3;3.3;3.3;-1.67002e-06;-1.9466e-06;-1.97359e-06;-1.64073e-06;-1.93457e-06,-1.74736e-06;-1.99197e-06;-1.62832e-06;3.3;3.3;3.3;3.3;3.3,RETRY_5NS;RETRY_5NS;RETRY_5NS;RETRY_5NS;RETRY_5NS;RETRY_5NS;RETRY_5NS;RETRY_5NS,8,8,11100000,224,31,1110000,7,224,30,224,INFERRED_AT_DAC_BRIDGE_OUTPUT,11100000,224,11100000,224,11100000,224,11100000,224,True,True
MC200_CMP_XM5_XM6_W8P2524_XM7_XM11_W16P8587_S146_LOW_W4,65,-3.14966e-06;-8.40928e-06;-3.01516e-06;-3.22206e-06;-8.06736e-06;-8.35711e-06;-3.05743e-06;-8.06372e-06,-3.13154e-06;-8.40921e-06;-2.99859e-06;-3.20347e-06;-8.06516e-06;-8.36229e-06;-3.04024e-06;-8.06537e-06,3.3;3.3;3.3;-1.66408e-06;3.3;3.3;3.3;3.3,-1.76715e-06;-2.00506e-06;-1.64393e-06;3.3;-1.93696e-06;-1.96368e-06;-1.63669e-06;-1.96428e-06,RETRY_5NS;RETRY_5NS;RETRY_5NS;RETRY_5NS;RETRY_5NS;RETRY_5NS;RETRY_5NS;RETRY_5NS,8,8,11101111,239,16,1110111,7,238,16,239,INFERRED_AT_DAC_BRIDGE_OUTPUT,11101111,239,11101111,239,11101111,239,11101111,239,True,True
MC200_CMP_XM5_XM6_W8P2524_XM7_XM11_W16P8587_S146_LOW_W4,66,-3.26413e-06;-7.78697e-06;-3.35582e-06;-3.3501e-06;-8.21157e-06;-8.50048e-06;-3.18536e-06;-8.20894e-06,-3.24546e-06;-7.7948e-06;-3.3371e-06;-3.32995e-06;-8.21354e-06;-8.51214e-06;-3.16627e-06;-8.21473e-06,3.3;3.3;-1.67852e-06;-1.68294e-06;3.3;3.3;-1.66413e-06;-1.95842e-06,-1.75948e-06;-2.01716e-06;3.3;3.3;-1.9495e-06;-1.97e-06;3.3;3.3,RETRY_5NS;RETRY_5NS;RETRY_5NS;RETRY_5NS;RETRY_5NS;RETRY_5NS;RETRY_5NS;RETRY_5NS,8,8,11001100,204,51,1100110,7,204,50,204,INFERRED_AT_DAC_BRIDGE_OUTPUT,11001100,204,11001100,204,11001100,204,11001100,204,True,True
MC200_CMP_XM5_XM6_W8P2524_XM7_XM11_W16P8587_S146_LOW_W4,67,-3.17365e-06;-8.95461e-06;-2.97834e-06;-3.28924e-06;-8.13577e-06;-7.54218e-06;-3.1213e-06;-8.13612e-06,-3.15501e-06;-8.9734e-06;-2.95902e-06;-3.26909e-06;-8.14121e-06;-7.55406e-06;-3.10312e-06;-8.14028e-06,3.3;-2.03228e-06;-1.65993e-06;-1.68144e-06;-1.95527e-06;3.3;3.3;-1.95161e-06,-1.74231e-06;3.3;3.3;3.3;3.3;-1.97572e-06;-1.63476e-06;3.3,RETRY_5NS;RETRY_5NS;RETRY_5NS;RETRY_5NS;RETRY_5NS;RETRY_5NS;RETRY_5NS;RETRY_5NS,8,8,10000110,134,121,1000011,7,134,120,134,INFERRED_AT_DAC_BRIDGE_OUTPUT,10000110,134,10000110,134,10000110,134,10000110,134,True,True
MC200_CMP_XM5_XM6_W8P2524_XM7_XM11_W16P8587_S147_LOW_W4,0,-2.67759e-06;-7.95323e-06;-2.76934e-06;-2.76731e-06;-8.80496e-06;-7.89384e-06;-2.75411e-06;-7.65943e-06,-2.68642e-06;-7.93658e-06;-2.77873e-06;-2.77522e-06;-8.79945e-06;-7.88647e-06;-2.76236e-06;-7.67961e-06,3.3;3.3;3.3;-1.63065e-06;-1.93035e-06;-1.92478e-06;-1.6206e-06;-1.91945e-06,-1.73632e-06;-1.98172e-06;-1.64466e-06;3.3;3.3;3.3;3.3;3.3,RETRY_5NS;RETRY_5NS;RETRY_5NS;RETRY_5NS;RETRY_5NS;RETRY_5NS;RETRY_5NS;RETRY_5NS,8,8,11100000,224,31,1110000,7,224,30,224,INFERRED_AT_DAC_BRIDGE_OUTPUT,11100000,224,11100000,224,11100000,224,11100000,224,True,True
MC200_CMP_XM5_XM6_W8P2524_XM7_XM11_W16P8587_S147_LOW_W4,1,-3.08955e-06;-8.48304e-06;-3.17428e-06;-3.16071e-06;-8.42309e-06;-8.42331e-06;-3.15604e-06;-8.66261e-06,-3.09834e-06;-8.45749e-06;-3.18379e-06;-3.16983e-06;-8.41265e-06;-8.4112e-06;-3.16457e-06;-8.64782e-06,3.3;3.3;3.3;3.3;-1.9787e-06;-1.97522e-06;-1.66311e-06;-1.97179e-06,-1.79609e-06;-2.03649e-06;-1.69264e-06;-1.67669e-06;3.3;3.3;3.3;3.3,RETRY_5NS;RETRY_5NS;RETRY_5NS;RETRY_5NS;RETRY_5NS;RETRY_5NS;RETRY_5NS;RETRY_5NS,8,8,11110000,240,15,1111000,7,240,14,240,INFERRED_AT_DAC_BRIDGE_OUTPUT,11110000,240,11110000,240,11110000,240,11110000,240,True,True
MC200_CMP_XM5_XM6_W8P2524_XM7_XM11_W16P8587_S147_LOW_W4,2,-2.55016e-06;-7.78456e-06;-2.49462e-06;-2.63869e-06;-7.73318e-06;-7.73171e-06;-2.6305e-06;-7.77112e-06,-2.55923e-06;-7.77217e-06;-2.50341e-06;-2.64652e-06;-7.7235e-06;-7.72311e-06;-2.63876e-06;-7.76413e-06,3.3;3.3;-1.62054e-06;-1.61416e-06;3.3;3.3;-1.60948e-06;-1.90626e-06,-1.71744e-06;-1.96453e-06;3.3;3.3;-1.93196e-06;-1.92485e-06;3.3;3.3,RETRY_5NS;RETRY_5NS;RETRY_5NS;RETRY_5NS;RETRY_5NS;RETRY_5NS;RETRY_5NS;RETRY_5NS,8,8,11001100,204,51,1100110,7,204,50,204,INFERRED_AT_DAC_BRIDGE_OUTPUT,11001100,204,11001100,204,11001100,204,11001100,204,True,True
MC200_CMP_XM5_XM6_W8P2524_XM7_XM11_W16P8587_S147_LOW_W4,3,-3.1126e-06;-8.55553e-06;-3.24242e-06;-3.2263e-06;-8.50515e-06;-8.50694e-06;-3.21742e-06;-8.54641e-06,-3.12109e-06;-8.54855e-06;-3.25032e-06;-3.23379e-06;-8.49026e-06;-8.48883e-06;-3.2265e-06;-8.53047e-06,3.3;-2.03053e-06;-1.68079e-06;-1.67458e-06;-1.97792e-06;3.3;3.3;-1.97791e-06,-1.77104e-06;3.3;3.3;3.3;3.3;-2.00145e-06;-1.68027e-06;3.3,RETRY_5NS;RETRY_5NS;RETRY_5NS;RETRY_5NS;RETRY_5NS;RETRY_5NS;RETRY_5NS;RETRY_5NS,8,8,10000110,134,121,1000011,7,134,120,134,INFERRED_AT_DAC_BRIDGE_OUTPUT,10000110,134,10000110,134,10000110,134,10000110,134,True,True
MC200_CMP_XM5_XM6_W8P2524_XM7_XM11_W16P8587_S147_LOW_W4,64,-2.8018e-06;-8.11541e-06;-2.67734e-06;-2.89018e-06;-7.65676e-06;-8.05677e-06;-2.72318e-06;-7.7307e-06,-2.81056e-06;-8.09614e-06;-2.68677e-06;-2.89805e-06;-7.65197e-06;-8.0478e-06;-2.73144e-06;-7.72323e-06,3.3;3.3;3.3;-1.64233e-06;-1.91623e-06;-1.93988e-06;-1.6176e-06;-1.89896e-06,-1.75047e-06;-1.99735e-06;-1.63341e-06;3.3;3.3;3.3;3.3;3.3,RETRY_5NS;RETRY_5NS;RETRY_5NS;RETRY_5NS;RETRY_5NS;RETRY_5NS;RETRY_5NS;RETRY_5NS,8,8,11100000,224,31,1110000,7,224,30,224,INFERRED_AT_DAC_BRIDGE_OUTPUT,11100000,224,11100000,224,11100000,224,11100000,224,True,True
MC200_CMP_XM5_XM6_W8P2524_XM7_XM11_W16P8587_S147_LOW_W4,65,-3.21257e-06;-8.645e-06;-3.08267e-06;-3.28393e-06;-8.26036e-06;-8.5862e-06;-3.12527e-06;-8.26077e-06,-3.22129e-06;-8.61677e-06;-3.09222e-06;-3.29299e-06;-8.25136e-06;-8.57254e-06;-3.13339e-06;-8.24821e-06,3.3;3.3;3.3;3.3;-1.96281e-06;-1.9904e-06;-1.66002e-06;-1.99021e-06,-1.81037e-06;-2.05202e-06;-1.68369e-06;-1.68933e-06;3.3;3.3;3.3;3.3,RETRY_5NS;RETRY_5NS;RETRY_5NS;RETRY_5NS;RETRY_5NS;RETRY_5NS;RETRY_5NS;RETRY_5NS,8,8,11110000,240,15,1111000,7,240,14,240,INFERRED_AT_DAC_BRIDGE_OUTPUT,11110000,240,11110000,240,11110000,240,11110000,240,True,True
MC200_CMP_XM5_XM6_W8P2524_XM7_XM11_W16P8587_S147_LOW_W4,66,-2.67433e-06;-7.94682e-06;-2.47113e-06;-2.76179e-06;-7.57002e-06;-7.89488e-06;-2.59959e-06;-7.56707e-06,-2.68335e-06;-7.93197e-06;-2.47983e-06;-2.7696e-06;-7.56255e-06;-7.88437e-06;-2.60785e-06;-7.56247e-06,3.3;3.3;-1.60866e-06;-1.62624e-06;3.3;3.3;-1.6054e-06;-1.88764e-06,-1.73015e-06;-1.97889e-06;3.3;3.3;-1.91655e-06;-1.93968e-06;3.3;3.3,RETRY_5NS;RETRY_5NS;RETRY_5NS;RETRY_5NS;RETRY_5NS;RETRY_5NS;RETRY_5NS;RETRY_5NS,8,8,11001100,204,51,1100110,7,204,50,204,INFERRED_AT_DAC_BRIDGE_OUTPUT,11001100,204,11001100,204,11001100,204,11001100,204,True,True
MC200_CMP_XM5_XM6_W8P2524_XM7_XM11_W16P8587_S147_LOW_W4,67,-3.23861e-06;-8.71653e-06;-3.15101e-06;-3.34928e-06;-8.34215e-06;-8.67017e-06;-3.23394e-06;-8.34243e-06,-3.24705e-06;-8.7085e-06;-3.15894e-06;-3.3567e-06;-8.32909e-06;-8.64998e-06;-3.24288e-06;-8.32871e-06,3.3;-2.0463e-06;-1.67124e-06;-1.68879e-06;-1.96329e-06;3.3;3.3;-1.95932e-06,-1.78615e-06;3.3;3.3;3.3;3.3;-2.01737e-06;-1.67902e-06;3.3,RETRY_5NS;RETRY_5NS;RETRY_5NS;RETRY_5NS;RETRY_5NS;RETRY_5NS;RETRY_5NS;RETRY_5NS,8,8,10000110,134,121,1000011,7,134,120,134,INFERRED_AT_DAC_BRIDGE_OUTPUT,10000110,134,10000110,134,10000110,134,10000110,134,True,True
MC200_CMP_XM5_XM6_W8P2524_XM7_XM11_W16P8587_S148_LOW_W4,0,-2.908e-06;-8.31647e-06;-2.99499e-06;-2.99209e-06;-8.26342e-06;-8.26193e-06;-2.98212e-06;-8.30221e-06,-2.95038e-06;-8.27857e-06;-3.03712e-06;-3.03568e-06;-8.23147e-06;-8.23162e-06;-3.02528e-06;-8.27177e-06,3.3;3.3;-1.60407e-06;3.3;3.3;3.3;3.3;3.3,-1.75454e-06;-2.00295e-06;3.3;-1.66307e-06;-1.96843e-06;-1.96624e-06;-1.6531e-06;-1.96275e-06,RETRY_5NS;RETRY_5NS;RETRY_5NS;RETRY_5NS;RETRY_5NS;RETRY_5NS;RETRY_5NS;RETRY_5NS,8,8,11011111,223,32,1101111,7,222,32,223,INFERRED_AT_DAC_BRIDGE_OUTPUT,11011111,223,11011111,223,11011111,223,11011111,223,True,True
MC200_CMP_XM5_XM6_W8P2524_XM7_XM11_W16P8587_S148_LOW_W4,1,-3.04163e-06;-8.48519e-06;-3.12333e-06;-3.11208e-06;-8.4302e-06;-8.42829e-06;-3.10673e-06;-8.46878e-06,-3.08516e-06;-8.43787e-06;-3.16788e-06;-3.15508e-06;-8.38985e-06;-8.3906e-06;-3.15074e-06;-8.43112e-06,3.3;3.3;3.3;-1.61372e-06;3.3;3.3;3.3;-1.9094e-06,-1.78355e-06;-2.02202e-06;-1.681e-06;3.3;-1.98435e-06;-1.98047e-06;-1.66449e-06;3.3,RETRY_5NS;RETRY_5NS;RETRY_5NS;RETRY_5NS;RETRY_5NS;RETRY_5NS;RETRY_5NS;RETRY_5NS,8,8,11101110,238,17,1110111,7,238,16,238,INFERRED_AT_DAC_BRIDGE_OUTPUT,11101110,238,11101110,238,11101110,238,11101110,238,True,True
MC200_CMP_XM5_XM6_W8P2524_XM7_XM11_W16P8587_S148_LOW_W4,2,-2.40532e-06;-7.64536e-06;-2.51175e-06;-2.49246e-06;-7.83723e-06;-7.83616e-06;-2.53414e-06;-7.6331e-06,-2.44414e-06;-7.6452e-06;-2.54981e-06;-2.53014e-06;-7.84383e-06;-7.8457e-06;-2.57348e-06;-7.63656e-06,3.3;3.3;-1.56652e-06;-1.55748e-06;3.3;-1.83191e-06;3.3;-1.83464e-06,-1.69478e-06;-1.93921e-06;3.3;3.3;-1.89847e-06;3.3;-1.60884e-06;3.3,RETRY_5NS;RETRY_5NS;RETRY_5NS;RETRY_5NS;RETRY_5NS;RETRY_5NS;RETRY_5NS;RETRY_5NS,8,8,11001010,202,53,1100101,7,202,52,202,INFERRED_AT_DAC_BRIDGE_OUTPUT,11001010,202,11001010,202,11001010,202,11001010,202,True,True
MC200_CMP_XM5_XM6_W8P2524_XM7_XM11_W16P8587_S148_LOW_W4,3,-2.97304e-06;-8.43626e-06;-3.10095e-06;-3.08438e-06;-8.38404e-06;-8.38589e-06;-3.07616e-06;-8.42699e-06,-3.01595e-06;-8.40999e-06;-3.1435e-06;-3.12657e-06;-8.3534e-06;-8.35113e-06;-3.11889e-06;-8.39141e-06,3.3;-1.96037e-06;-1.62294e-06;-1.61829e-06;-1.91338e-06;3.3;-1.60975e-06;-1.90854e-06,-1.7472e-06;3.3;3.3;3.3;3.3;-1.97232e-06;3.3;3.3,RETRY_5NS;RETRY_5NS;RETRY_5NS;RETRY_5NS;RETRY_5NS;RETRY_5NS;RETRY_5NS;RETRY_5NS,8,8,10000100,132,123,1000010,7,132,122,132,INFERRED_AT_DAC_BRIDGE_OUTPUT,10000100,132,10000100,132,10000100,132,10000100,132,True,True
MC200_CMP_XM5_XM6_W8P2524_XM7_XM11_W16P8587_S148_LOW_W4,64,-3.0329e-06;-8.48265e-06;-2.90226e-06;-3.1159e-06;-8.09627e-06;-8.42912e-06;-2.95094e-06;-8.09289e-06,-3.07619e-06;-8.43573e-06;-2.94367e-06;-3.16042e-06;-8.07306e-06;-8.3902e-06;-2.99385e-06;-8.07345e-06,3.3;3.3;-1.59675e-06;3.3;3.3;3.3;3.3;3.3,-1.76837e-06;-2.01784e-06;3.3;-1.67626e-06;-1.95345e-06;-1.98185e-06;-1.65073e-06;-1.93935e-06,RETRY_5NS;RETRY_5NS;RETRY_5NS;RETRY_5NS;RETRY_5NS;RETRY_5NS;RETRY_5NS;RETRY_5NS,8,8,11011111,223,32,1101111,7,222,32,223,INFERRED_AT_DAC_BRIDGE_OUTPUT,11011111,223,11011111,223,11011111,223,11011111,223,True,True
MC200_CMP_XM5_XM6_W8P2524_XM7_XM11_W16P8587_S148_LOW_W4,65,-3.16558e-06;-8.65118e-06;-3.0307e-06;-3.23629e-06;-8.26316e-06;-8.59595e-06;-3.07555e-06;-8.25984e-06,-3.21003e-06;-8.59479e-06;-3.07456e-06;-3.28023e-06;-8.23142e-06;-8.54886e-06;-3.11932e-06;-8.23252e-06,3.3;3.3;3.3;-1.62549e-06;3.3;3.3;3.3;-1.92985e-06,-1.79709e-06;-2.03872e-06;-1.671e-06;3.3;-1.96955e-06;-1.9958e-06;-1.65945e-06;3.3,RETRY_5NS;RETRY_5NS;RETRY_5NS;RETRY_5NS;RETRY_5NS;RETRY_5NS;RETRY_5NS;RETRY_5NS,8,8,11101110,238,17,1110111,7,238,16,238,INFERRED_AT_DAC_BRIDGE_OUTPUT,11101110,238,11101110,238,11101110,238,11101110,238,True,True
MC200_CMP_XM5_XM6_W8P2524_XM7_XM11_W16P8587_S148_LOW_W4,66,-2.53009e-06;-7.81144e-06;-2.41938e-06;-2.61649e-06;-7.48833e-06;-7.61275e-06;-2.45217e-06;-7.42418e-06,-2.56984e-06;-7.80251e-06;-2.45673e-06;-2.65514e-06;-7.50144e-06;-7.60209e-06;-2.49141e-06;-7.43793e-06,3.3;3.3;-1.55757e-06;-1.56981e-06;3.3;-1.86237e-06;3.3;-1.81506e-06,-1.70761e-06;-1.95341e-06;3.3;3.3;-1.88761e-06;3.3;-1.60088e-06;3.3,RETRY_5NS;RETRY_5NS;RETRY_5NS;RETRY_5NS;RETRY_5NS;RETRY_5NS;RETRY_5NS;RETRY_5NS,8,8,11001010,202,53,1100101,7,202,52,202,INFERRED_AT_DAC_BRIDGE_OUTPUT,11001010,202,11001010,202,11001010,202,11001010,202,True,True
MC200_CMP_XM5_XM6_W8P2524_XM7_XM11_W16P8587_S148_LOW_W4,67,-3.09987e-06;-8.60129e-06;-3.00891e-06;-3.20839e-06;-8.21726e-06;-8.55283e-06;-3.045e-06;-8.21806e-06,-3.14373e-06;-8.56756e-06;-3.05076e-06;-3.25151e-06;-8.19456e-06;-8.50995e-06;-3.08749e-06;-8.19282e-06,3.3;-1.97577e-06;-1.61291e-06;-1.62972e-06;-1.89852e-06;3.3;-1.60666e-06;-1.89077e-06,-1.76043e-06;3.3;3.3;3.3;3.3;-1.98498e-06;3.3;3.3,RETRY_5NS;RETRY_5NS;RETRY_5NS;RETRY_5NS;RETRY_5NS;RETRY_5NS;RETRY_5NS;RETRY_5NS,8,8,10000100,132,123,1000010,7,132,122,132,INFERRED_AT_DAC_BRIDGE_OUTPUT,10000100,132,10000100,132,10000100,132,10000100,132,True,True
MC200_CMP_XM5_XM6_W8P2524_XM7_XM11_W16P8587_S149_LOW_W4,0,-2.78561e-06;-7.72119e-06;-2.8969e-06;-2.89349e-06;-7.8585e-06;-7.85748e-06;-2.87446e-06;-7.89441e-06,-2.75361e-06;-7.7028e-06;-2.86437e-06;-2.8604e-06;-7.84158e-06;-7.8396e-06;-2.84137e-06;-7.877e-06,3.3;3.3;3.3;-1.66218e-06;-1.96414e-06;-1.96254e-06;-1.65186e-06;-1.93249e-06,-1.72296e-06;-1.97205e-06;-1.63042e-06;3.3;3.3;3.3;3.3;3.3,RETRY_5NS;RETRY_5NS;RETRY_5NS;RETRY_5NS;RETRY_5NS;RETRY_5NS;RETRY_5NS;RETRY_5NS,8,8,11100000,224,31,1110000,7,224,30,224,INFERRED_AT_DAC_BRIDGE_OUTPUT,11100000,224,11100000,224,11100000,224,11100000,224,True,True
MC200_CMP_XM5_XM6_W8P2524_XM7_XM11_W16P8587_S149_LOW_W4,1,-3.2747e-06;-8.52488e-06;-3.37588e-06;-3.35762e-06;-8.46188e-06;-8.4617e-06;-3.58656e-06;-8.49988e-06,-3.23817e-06;-8.52005e-06;-3.33934e-06;-3.31988e-06;-8.47038e-06;-8.46854e-06;-3.54938e-06;-8.50592e-06,3.3;3.3;3.3;3.3;-2.02671e-06;-2.02272e-06;-1.70841e-06;-2.02271e-06,-1.79257e-06;-2.0294e-06;-1.68857e-06;-1.6687e-06;3.3;3.3;3.3;3.3,RETRY_5NS;RETRY_5NS;RETRY_5NS;RETRY_5NS;RETRY_5NS;RETRY_5NS;RETRY_5NS;RETRY_5NS,8,8,11110000,240,15,1111000,7,240,14,240,INFERRED_AT_DAC_BRIDGE_OUTPUT,11110000,240,11110000,240,11110000,240,11110000,240,True,True
MC200_CMP_XM5_XM6_W8P2524_XM7_XM11_W16P8587_S149_LOW_W4,2,-2.90044e-06;-8.06323e-06;-3.0283e-06;-3.00384e-06;-8.01156e-06;-8.00908e-06;-2.99341e-06;-8.04579e-06,-2.86761e-06;-8.04547e-06;-2.99414e-06;-2.96907e-06;-7.99485e-06;-7.99485e-06;-2.95936e-06;-8.03419e-06,3.3;3.3;-1.67755e-06;-1.66929e-06;3.3;3.3;-1.66637e-06;-1.97034e-06,-1.72941e-06;-1.97642e-06;3.3;3.3;-1.945e-06;-1.93612e-06;3.3;3.3,RETRY_5NS;RETRY_5NS;RETRY_5NS;RETRY_5NS;RETRY_5NS;RETRY_5NS;RETRY_5NS;RETRY_5NS,8,8,11001100,204,51,1100110,7,204,50,204,INFERRED_AT_DAC_BRIDGE_OUTPUT,11001100,204,11001100,204,11001100,204,11001100,204,True,True
MC200_CMP_XM5_XM6_W8P2524_XM7_XM11_W16P8587_S149_LOW_W4,3,-3.03896e-06;-8.29443e-06;-3.21e-06;-3.18483e-06;-8.23551e-06;-8.23714e-06;-3.17143e-06;-8.27287e-06,-3.00432e-06;-8.29886e-06;-3.17406e-06;-3.14841e-06;-8.23179e-06;-8.23e-06;-3.13594e-06;-8.27005e-06,3.3;-2.0466e-06;-1.69661e-06;-1.69225e-06;-1.99864e-06;3.3;3.3;-1.99708e-06,-1.74222e-06;3.3;3.3;3.3;3.3;-1.96516e-06;-1.64997e-06;3.3,RETRY_5NS;RETRY_5NS;RETRY_5NS;RETRY_5NS;RETRY_5NS;RETRY_5NS;RETRY_5NS;RETRY_5NS,8,8,10000110,134,121,1000011,7,134,120,134,INFERRED_AT_DAC_BRIDGE_OUTPUT,10000110,134,10000110,134,10000110,134,10000110,134,True,True
MC200_CMP_XM5_XM6_W8P2524_XM7_XM11_W16P8587_S149_LOW_W4,64,-2.90499e-06;-7.67873e-06;-2.80865e-06;-3.01141e-06;-7.70767e-06;-8.0085e-06;-2.84475e-06;-7.70514e-06,-2.87183e-06;-7.66182e-06;-2.777e-06;-2.97709e-06;-7.6845e-06;-7.99663e-06;-2.81195e-06;-7.68059e-06,3.3;3.3;3.3;-1.67465e-06;-1.94993e-06;-1.97756e-06;-1.64902e-06;-1.93125e-06,-1.73651e-06;-1.98465e-06;-1.62095e-06;3.3;3.3;3.3;3.3;3.3,RETRY_5NS;RETRY_5NS;RETRY_5NS;RETRY_5NS;RETRY_5NS;RETRY_5NS;RETRY_5NS;RETRY_5NS,8,8,11100000,224,31,1110000,7,224,30,224,INFERRED_AT_DAC_BRIDGE_OUTPUT,11100000,224,11100000,224,11100000,224,11100000,224,True,True
MC200_CMP_XM5_XM6_W8P2524_XM7_XM11_W16P8587_S149_LOW_W4,65,-3.39282e-06;-8.67453e-06;-3.50668e-06;-3.47594e-06;-8.31105e-06;-8.61273e-06;-3.48661e-06;-8.31067e-06,-3.35512e-06;-8.67472e-06;-3.4713e-06;-3.43705e-06;-8.31327e-06;-8.62574e-06;-3.45002e-06;-8.3094e-06,3.3;3.3;3.3;3.3;-2.01056e-06;-2.03947e-06;-1.70842e-06;-2.04008e-06,-1.80561e-06;-2.04447e-06;-1.68499e-06;-1.68349e-06;3.3;3.3;3.3;3.3,RETRY_5NS;RETRY_5NS;RETRY_5NS;RETRY_5NS;RETRY_5NS;RETRY_5NS;RETRY_5NS;RETRY_5NS,8,8,11110000,240,15,1111000,7,240,14,240,INFERRED_AT_DAC_BRIDGE_OUTPUT,11110000,240,11110000,240,11110000,240,11110000,240,True,True
MC200_CMP_XM5_XM6_W8P2524_XM7_XM11_W16P8587_S149_LOW_W4,66,-3.01975e-06;-7.92905e-06;-2.94043e-06;-3.12227e-06;-7.86027e-06;-8.16038e-06;-2.96363e-06;-7.85654e-06,-2.98575e-06;-7.9191e-06;-2.90721e-06;-3.0863e-06;-7.8381e-06;-8.1519e-06;-2.92989e-06;-7.83781e-06,3.3;3.3;-1.66873e-06;-1.68109e-06;3.3;3.3;-1.66289e-06;-1.95513e-06,-1.74292e-06;-1.99356e-06;3.3;3.3;-1.93046e-06;-1.95199e-06;3.3;3.3,RETRY_5NS;RETRY_5NS;RETRY_5NS;RETRY_5NS;RETRY_5NS;RETRY_5NS;RETRY_5NS;RETRY_5NS,8,8,11001100,204,51,1100110,7,204,50,204,INFERRED_AT_DAC_BRIDGE_OUTPUT,11001100,204,11001100,204,11001100,204,11001100,204,True,True
MC200_CMP_XM5_XM6_W8P2524_XM7_XM11_W16P8587_S149_LOW_W4,67,-3.16082e-06;-8.44309e-06;-3.12238e-06;-3.3029e-06;-8.0844e-06;-8.38832e-06;-3.1417e-06;-8.08363e-06,-3.12498e-06;-8.45419e-06;-3.08738e-06;-3.26524e-06;-8.07483e-06;-8.38699e-06;-3.10652e-06;-8.07364e-06,3.3;-2.06195e-06;-1.68825e-06;-1.70548e-06;-1.98345e-06;3.3;3.3;-1.97994e-06,-1.75565e-06;3.3;3.3;3.3;3.3;-1.98064e-06;-1.64679e-06;3.3,RETRY_5NS;RETRY_5NS;RETRY_5NS;RETRY_5NS;RETRY_5NS;RETRY_5NS;RETRY_5NS;RETRY_5NS,8,8,10000110,134,121,1000011,7,134,120,134,INFERRED_AT_DAC_BRIDGE_OUTPUT,10000110,134,10000110,134,10000110,134,10000110,134,True,True
MC200_CMP_XM5_XM6_W8P2524_XM7_XM11_W16P8587_S150_LOW_W4,0,-3.31387e-06;-8.63561e-06;-3.40236e-06;-3.4003e-06;-8.58146e-06;-8.58199e-06;-3.39072e-06;-8.62157e-06,-3.30332e-06;-8.64015e-06;-3.39232e-06;-3.38914e-06;-8.60088e-06;-8.59946e-06;-3.38001e-06;-8.6354e-06,3.3;3.3;3.3;-1.74087e-06;-2.06099e-06;-2.05794e-06;-1.72804e-06;3.3,-1.75815e-06;-2.00451e-06;-1.66372e-06;3.3;3.3;3.3;3.3;-1.96538e-06,RETRY_5NS;RETRY_5NS;RETRY_5NS;RETRY_5NS;RETRY_5NS;RETRY_5NS;RETRY_5NS;RETRY_5NS,8,8,11100001,225,30,1110000,7,224,30,225,INFERRED_AT_DAC_BRIDGE_OUTPUT,11100001,225,11100001,225,11100001,225,11100001,225,True,True
MC200_CMP_XM5_XM6_W8P2524_XM7_XM11_W16P8587_S150_LOW_W4,1,-3.19873e-06;-8.27228e-06;-3.52834e-06;-3.27071e-06;-8.431e-06;-8.43131e-06;-3.19244e-06;-8.47016e-06,-3.18812e-06;-8.27575e-06;-3.51887e-06;-3.26055e-06;-8.44924e-06;-8.44775e-06;-3.18089e-06;-8.48378e-06,3.3;3.3;3.3;3.3;-2.04792e-06;-2.04444e-06;-1.71683e-06;-2.03021e-06,-1.76172e-06;-1.99537e-06;-1.6572e-06;-1.64501e-06;3.3;3.3;3.3;3.3,RETRY_5NS;RETRY_5NS;RETRY_5NS;RETRY_5NS;RETRY_5NS;RETRY_5NS;RETRY_5NS;RETRY_5NS,8,8,11110000,240,15,1111000,7,240,14,240,INFERRED_AT_DAC_BRIDGE_OUTPUT,11110000,240,11110000,240,11110000,240,11110000,240,True,True
MC200_CMP_XM5_XM6_W8P2524_XM7_XM11_W16P8587_S150_LOW_W4,2,-3.15457e-06;-8.44216e-06;-3.51577e-06;-3.2407e-06;-8.39758e-06;-8.39554e-06;-3.23445e-06;-8.43288e-06,-3.14389e-06;-8.44843e-06;-3.50546e-06;-3.22893e-06;-8.40654e-06;-8.40731e-06;-3.22321e-06;-8.44546e-06,3.3;3.3;-1.73839e-06;-1.71945e-06;3.3;3.3;-1.71333e-06;3.3,-1.73361e-06;-1.98335e-06;3.3;3.3;-1.94889e-06;-1.94494e-06;3.3;-1.94443e-06,RETRY_5NS;RETRY_5NS;RETRY_5NS;RETRY_5NS;RETRY_5NS;RETRY_5NS;RETRY_5NS;RETRY_5NS,8,8,11001101,205,50,1100110,7,204,50,205,INFERRED_AT_DAC_BRIDGE_OUTPUT,11001101,205,11001101,205,11001101,205,11001101,205,True,True
MC200_CMP_XM5_XM6_W8P2524_XM7_XM11_W16P8587_S150_LOW_W4,3,-3.03038e-06;-8.07392e-06;-3.09062e-06;-3.14989e-06;-8.28108e-06;-8.17308e-06;-3.14028e-06;-8.98315e-06,-3.01911e-06;-8.09528e-06;-3.07844e-06;-3.1377e-06;-8.29445e-06;-8.18233e-06;-3.12977e-06;-8.99679e-06,3.3;-2.07885e-06;-1.71784e-06;-1.71501e-06;-2.02286e-06;3.3;3.3;-2.00892e-06,-1.71419e-06;3.3;3.3;3.3;3.3;-1.93815e-06;-1.62923e-06;3.3,RETRY_5NS;RETRY_5NS;RETRY_5NS;RETRY_5NS;RETRY_5NS;RETRY_5NS;RETRY_5NS;RETRY_5NS,8,8,10000110,134,121,1000011,7,134,120,134,INFERRED_AT_DAC_BRIDGE_OUTPUT,10000110,134,10000110,134,10000110,134,10000110,134,True,True
MC200_CMP_XM5_XM6_W8P2524_XM7_XM11_W16P8587_S150_LOW_W4,64,-3.65032e-06;-8.78538e-06;-3.30939e-06;-3.52955e-06;-8.43104e-06;-8.73316e-06;-3.35948e-06;-8.43287e-06,-3.64109e-06;-8.79027e-06;-3.29907e-06;-3.51882e-06;-8.44904e-06;-8.75078e-06;-3.34866e-06;-8.44546e-06,3.3;3.3;3.3;-1.75436e-06;-2.04706e-06;-2.073e-06;-1.72533e-06;3.3,-1.77954e-06;-2.01935e-06;-1.65454e-06;3.3;3.3;3.3;3.3;-1.94431e-06,RETRY_5NS;RETRY_5NS;RETRY_5NS;RETRY_5NS;RETRY_5NS;RETRY_5NS;RETRY_5NS;RETRY_5NS,8,8,11100001,225,30,1110000,7,224,30,225,INFERRED_AT_DAC_BRIDGE_OUTPUT,11100001,225,11100001,225,11100001,225,11100001,225,True,True
MC200_CMP_XM5_XM6_W8P2524_XM7_XM11_W16P8587_S150_LOW_W4,65,-3.32309e-06;-8.22284e-06;-3.37889e-06;-3.39527e-06;-8.28059e-06;-8.5819e-06;-3.34848e-06;-8.28151e-06,-3.31284e-06;-8.22624e-06;-3.36935e-06;-3.3855e-06;-8.29728e-06;-8.59978e-06;-3.33769e-06;-8.29381e-06,3.3;3.3;3.3;3.3;-2.03187e-06;-2.05997e-06;-1.72035e-06;-2.05455e-06,-1.77494e-06;-2.01366e-06;-1.64846e-06;-1.6578e-06;3.3;3.3;3.3;3.3,RETRY_5NS;RETRY_5NS;RETRY_5NS;RETRY_5NS;RETRY_5NS;RETRY_5NS;RETRY_5NS;RETRY_5NS,8,8,11110000,240,15,1111000,7,240,14,240,INFERRED_AT_DAC_BRIDGE_OUTPUT,11110000,240,11110000,240,11110000,240,11110000,240,True,True
MC200_CMP_XM5_XM6_W8P2524_XM7_XM11_W16P8587_S150_LOW_W4,66,-3.27971e-06;-8.59211e-06;-3.39591e-06;-3.36518e-06;-8.24667e-06;-8.54632e-06;-3.20322e-06;-8.24433e-06,-3.2694e-06;-8.59881e-06;-3.38515e-06;-3.35383e-06;-8.25499e-06;-8.55917e-06;-3.19186e-06;-8.25543e-06,3.3;3.3;-1.72802e-06;-1.73396e-06;3.3;3.3;-1.70954e-06;3.3,-1.74841e-06;-1.99904e-06;3.3;3.3;-1.93432e-06;-1.95865e-06;3.3;-1.92589e-06,RETRY_5NS;RETRY_5NS;RETRY_5NS;RETRY_5NS;RETRY_5NS;RETRY_5NS;RETRY_5NS;RETRY_5NS,8,8,11001101,205,50,1100110,7,204,50,205,INFERRED_AT_DAC_BRIDGE_OUTPUT,11001101,205,11001101,205,11001101,205,11001101,205,True,True
MC200_CMP_XM5_XM6_W8P2524_XM7_XM11_W16P8587_S150_LOW_W4,67,-3.15773e-06;-8.09481e-06;-3.0723e-06;-3.27441e-06;-8.09887e-06;-8.4345e-06;-3.10901e-06;-8.13073e-06,-3.14683e-06;-8.11791e-06;-3.06025e-06;-3.2626e-06;-8.11103e-06;-8.44467e-06;-3.0984e-06;-8.14173e-06,3.3;-2.09584e-06;-1.7093e-06;-1.72805e-06;-2.0086e-06;3.3;3.3;3.3,-1.72837e-06;3.3;3.3;3.3;3.3;-1.95196e-06;-1.62744e-06;-1.91099e-06,RETRY_5NS;RETRY_5NS;RETRY_5NS;RETRY_5NS;RETRY_5NS;RETRY_5NS;RETRY_5NS;RETRY_5NS,8,8,10000111,135,120,1000011,7,134,120,135,INFERRED_AT_DAC_BRIDGE_OUTPUT,10000111,135,10000111,135,10000111,135,10000111,135,True,True
MC200_CMP_XM5_XM6_W8P2524_XM7_XM11_W16P8587_S151_LOW_W4,0,-3.13522e-06;-8.35831e-06;-3.23838e-06;-3.23629e-06;-8.30073e-06;-8.30044e-06;-3.22121e-06;-8.33764e-06,-3.02632e-06;-8.36325e-06;-3.12836e-06;-3.12514e-06;-8.31352e-06;-8.31165e-06;-3.11045e-06;-8.35138e-06,3.3;3.3;3.3;-1.6539e-06;-1.95711e-06;-1.95506e-06;-1.64484e-06;-1.94427e-06,-1.77527e-06;-2.02556e-06;-1.67874e-06;3.3;3.3;3.3;3.3;3.3,RETRY_5NS;RETRY_5NS;RETRY_5NS;RETRY_5NS;RETRY_5NS;RETRY_5NS;RETRY_5NS;RETRY_5NS,8,8,11100000,224,31,1110000,7,224,30,224,INFERRED_AT_DAC_BRIDGE_OUTPUT,11100000,224,11100000,224,11100000,224,11100000,224,True,True
MC200_CMP_XM5_XM6_W8P2524_XM7_XM11_W16P8587_S151_LOW_W4,1,-3.49394e-06;-8.47093e-06;-3.38964e-06;-3.31934e-06;-8.41037e-06;-8.41024e-06;-3.31279e-06;-8.44727e-06,-3.38289e-06;-8.49057e-06;-3.27412e-06;-3.20609e-06;-8.43936e-06;-8.43767e-06;-3.199e-06;-8.47755e-06,3.3;3.3;3.3;3.3;-1.9691e-06;-1.96705e-06;-1.656e-06;-1.96524e-06,-1.81038e-06;-2.04233e-06;-1.69798e-06;-1.678e-06;3.3;3.3;3.3;3.3,RETRY_5NS;RETRY_5NS;RETRY_5NS;RETRY_5NS;RETRY_5NS;RETRY_5NS;RETRY_5NS;RETRY_5NS,8,8,11110000,240,15,1111000,7,240,14,240,INFERRED_AT_DAC_BRIDGE_OUTPUT,11110000,240,11110000,240,11110000,240,11110000,240,True,True
MC200_CMP_XM5_XM6_W8P2524_XM7_XM11_W16P8587_S151_LOW_W4,2,-3.37619e-06;-9.44694e-06;-3.49058e-06;-3.47283e-06;-8.59699e-06;-8.5948e-06;-3.46521e-06;-8.6308e-06,-3.25875e-06;-9.45277e-06;-3.37047e-06;-3.35257e-06;-8.64312e-06;-8.64417e-06;-3.34561e-06;-8.68675e-06,3.3;3.3;-1.6851e-06;-1.67467e-06;3.3;3.3;-1.66939e-06;-1.98141e-06,-1.79435e-06;-2.05133e-06;3.3;3.3;-2.02032e-06;-2.01267e-06;3.3;3.3,RETRY_5NS;RETRY_5NS;RETRY_5NS;RETRY_5NS;RETRY_5NS;RETRY_5NS;RETRY_5NS;RETRY_5NS,8,8,11001100,204,51,1100110,7,204,50,204,INFERRED_AT_DAC_BRIDGE_OUTPUT,11001100,204,11001100,204,11001100,204,11001100,204,True,True
MC200_CMP_XM5_XM6_W8P2524_XM7_XM11_W16P8587_S151_LOW_W4,3,-3.31307e-06;-8.60768e-06;-3.46582e-06;-3.44512e-06;-8.5571e-06;-8.55888e-06;-3.43411e-06;-8.59399e-06,-3.19697e-06;-8.66782e-06;-3.34686e-06;-3.32594e-06;-8.6037e-06;-8.60195e-06;-3.31652e-06;-8.64509e-06,3.3;-2.02862e-06;-1.68072e-06;-1.67414e-06;-1.97951e-06;3.3;3.3;-1.98095e-06,-1.78506e-06;3.3;3.3;3.3;3.3;-2.01542e-06;-1.68973e-06;3.3,RETRY_5NS;RETRY_5NS;RETRY_5NS;RETRY_5NS;RETRY_5NS;RETRY_5NS;RETRY_5NS;RETRY_5NS,8,8,10000110,134,121,1000011,7,134,120,134,INFERRED_AT_DAC_BRIDGE_OUTPUT,10000110,134,10000110,134,10000110,134,10000110,134,True,True
MC200_CMP_XM5_XM6_W8P2524_XM7_XM11_W16P8587_S151_LOW_W4,64,-3.25768e-06;-8.50373e-06;-3.14781e-06;-3.35721e-06;-8.15453e-06;-8.44685e-06;-3.19075e-06;-8.15424e-06,-3.14434e-06;-8.52879e-06;-3.04111e-06;-3.2416e-06;-8.146e-06;-8.47916e-06;-3.08109e-06;-8.14197e-06,3.3;3.3;3.3;-1.66711e-06;-1.94192e-06;-1.96981e-06;-1.64269e-06;-1.92741e-06,-1.78874e-06;-2.04153e-06;-1.67023e-06;3.3;3.3;3.3;3.3;3.3,RETRY_5NS;RETRY_5NS;RETRY_5NS;RETRY_5NS;RETRY_5NS;RETRY_5NS;RETRY_5NS;RETRY_5NS,8,8,11100000,224,31,1110000,7,224,30,224,INFERRED_AT_DAC_BRIDGE_OUTPUT,11100000,224,11100000,224,11100000,224,11100000,224,True,True
MC200_CMP_XM5_XM6_W8P2524_XM7_XM11_W16P8587_S151_LOW_W4,65,-3.36026e-06;-8.61606e-06;-3.43805e-06;-3.44075e-06;-8.26419e-06;-8.55661e-06;-3.28223e-06;-8.26385e-06,-3.24364e-06;-8.65578e-06;-3.32665e-06;-3.32307e-06;-8.27192e-06;-8.60514e-06;-3.16957e-06;-8.26823e-06,3.3;3.3;3.3;3.3;-1.95468e-06;-1.98243e-06;-1.65162e-06;-1.98398e-06,-1.81583e-06;-2.05885e-06;-1.69462e-06;-1.69279e-06;3.3;3.3;3.3;3.3,RETRY_5NS;RETRY_5NS;RETRY_5NS;RETRY_5NS;RETRY_5NS;RETRY_5NS;RETRY_5NS;RETRY_5NS,8,8,11110000,240,15,1111000,7,240,14,240,INFERRED_AT_DAC_BRIDGE_OUTPUT,11110000,240,11110000,240,11110000,240,11110000,240,True,True
MC200_CMP_XM5_XM6_W8P2524_XM7_XM11_W16P8587_S151_LOW_W4,66,-3.49845e-06;-1.01075e-05;-3.40049e-06;-3.59418e-06;-8.45042e-06;-8.74131e-06;-3.43472e-06;-8.73728e-06,-3.37654e-06;-1.01134e-05;-3.28373e-06;-3.46951e-06;-8.47601e-06;-8.81168e-06;-3.31622e-06;-8.75647e-06,3.3;3.3;-1.67573e-06;-1.6881e-06;3.3;3.3;-1.66749e-06;-1.96104e-06,-1.80867e-06;-2.0632e-06;3.3;3.3;-2.00633e-06;-2.02732e-06;3.3;3.3,RETRY_5NS;RETRY_5NS;RETRY_5NS;RETRY_5NS;RETRY_5NS;RETRY_5NS;RETRY_5NS;RETRY_5NS,8,8,11001100,204,51,1100110,7,204,50,204,INFERRED_AT_DAC_BRIDGE_OUTPUT,11001100,204,11001100,204,11001100,204,11001100,204,True,True
MC200_CMP_XM5_XM6_W8P2524_XM7_XM11_W16P8587_S151_LOW_W4,67,-3.43778e-06;-8.75174e-06;-3.37589e-06;-3.56642e-06;-8.41066e-06;-8.70611e-06;-3.40363e-06;-8.41061e-06,-3.31717e-06;-8.83361e-06;-3.26026e-06;-3.44279e-06;-8.4363e-06;-8.76884e-06;-3.28714e-06;-8.43568e-06,3.3;-2.044e-06;-1.67086e-06;-1.68743e-06;-1.96365e-06;3.3;3.3;-1.96165e-06,-1.79644e-06;3.3;3.3;3.3;3.3;-2.0312e-06;-1.68385e-06;3.3,RETRY_5NS;RETRY_5NS;RETRY_5NS;RETRY_5NS;RETRY_5NS;RETRY_5NS;RETRY_5NS;RETRY_5NS,8,8,10000110,134,121,1000011,7,134,120,134,INFERRED_AT_DAC_BRIDGE_OUTPUT,10000110,134,10000110,134,10000110,134,10000110,134,True,True
MC200_CMP_XM5_XM6_W8P2524_XM7_XM11_W16P8587_S152_LOW_W4,0,-3.07018e-06;-9.16395e-06;-3.24436e-06;-3.16003e-06;-8.32558e-06;-8.3256e-06;-3.37027e-06;-8.36495e-06,-3.08645e-06;-9.1546e-06;-3.26407e-06;-3.17547e-06;-8.32874e-06;-8.32713e-06;-3.3858e-06;-8.36377e-06,3.3;3.3;3.3;-1.6652e-06;-1.96943e-06;-1.96611e-06;-1.66175e-06;-1.95991e-06,-1.80491e-06;-2.05337e-06;-1.70898e-06;3.3;3.3;3.3;3.3;3.3,RETRY_5NS;RETRY_5NS;RETRY_5NS;RETRY_5NS;RETRY_5NS;RETRY_5NS;RETRY_5NS;RETRY_5NS,8,8,11100000,224,31,1110000,7,224,30,224,INFERRED_AT_DAC_BRIDGE_OUTPUT,11100000,224,11100000,224,11100000,224,11100000,224,True,True
MC200_CMP_XM5_XM6_W8P2524_XM7_XM11_W16P8587_S152_LOW_W4,1,-3.17341e-06;-7.53538e-06;-3.2604e-06;-3.16529e-06;-8.44679e-06;-8.44523e-06;-3.24064e-06;-8.48223e-06,-3.18997e-06;-7.52071e-06;-3.27765e-06;-3.18188e-06;-8.4388e-06;-8.439e-06;-3.25758e-06;-8.47818e-06,3.3;3.3;3.3;-1.65875e-06;3.3;3.3;3.3;3.3,-1.83051e-06;-2.08549e-06;-1.72538e-06;3.3;-2.03689e-06;-2.03141e-06;-1.70968e-06;-2.03082e-06,RETRY_5NS;RETRY_5NS;RETRY_5NS;RETRY_5NS;RETRY_5NS;RETRY_5NS;RETRY_5NS;RETRY_5NS,8,8,11101111,239,16,1110111,7,238,16,239,INFERRED_AT_DAC_BRIDGE_OUTPUT,11101111,239,11101111,239,11101111,239,11101111,239,True,True
MC200_CMP_XM5_XM6_W8P2524_XM7_XM11_W16P8587_S152_LOW_W4,2,-2.47652e-06;-7.64259e-06;-2.59038e-06;-2.56836e-06;-7.59142e-06;-7.58939e-06;-2.56703e-06;-7.62716e-06,-2.49277e-06;-7.64474e-06;-2.60568e-06;-2.58334e-06;-7.59592e-06;-7.59552e-06;-2.5823e-06;-7.63423e-06,3.3;3.3;-1.61168e-06;-1.60212e-06;3.3;3.3;-1.59764e-06;-1.89253e-06,-1.73296e-06;-1.98279e-06;3.3;3.3;-1.9494e-06;-1.94102e-06;3.3;3.3,RETRY_5NS;RETRY_5NS;RETRY_5NS;RETRY_5NS;RETRY_5NS;RETRY_5NS;RETRY_5NS;RETRY_5NS,8,8,11001100,204,51,1100110,7,204,50,204,INFERRED_AT_DAC_BRIDGE_OUTPUT,11001100,204,11001100,204,11001100,204,11001100,204,True,True
MC200_CMP_XM5_XM6_W8P2524_XM7_XM11_W16P8587_S152_LOW_W4,3,-3.06897e-06;-8.41589e-06;-3.20707e-06;-3.1889e-06;-8.36467e-06;-8.36636e-06;-3.17888e-06;-8.40368e-06,-3.08523e-06;-8.42294e-06;-3.22271e-06;-3.20412e-06;-8.36443e-06;-8.36277e-06;-3.19522e-06;-8.4024e-06,3.3;-2.01815e-06;-1.67208e-06;-1.66646e-06;-1.96816e-06;3.3;3.3;-1.96682e-06,-1.79211e-06;3.3;3.3;3.3;3.3;-2.0222e-06;-1.69591e-06;3.3,RETRY_5NS;RETRY_5NS;RETRY_5NS;RETRY_5NS;RETRY_5NS;RETRY_5NS;RETRY_5NS;RETRY_5NS,8,8,10000110,134,121,1000011,7,134,120,134,INFERRED_AT_DAC_BRIDGE_OUTPUT,10000110,134,10000110,134,10000110,134,10000110,134,True,True
MC200_CMP_XM5_XM6_W8P2524_XM7_XM11_W16P8587_S152_LOW_W4,64,-3.19461e-06;-8.63109e-06;-3.11082e-06;-3.28314e-06;-8.17078e-06;-8.48059e-06;-3.11723e-06;-8.17079e-06,-3.21092e-06;-8.61884e-06;-3.1275e-06;-3.29864e-06;-8.17519e-06;-8.4809e-06;-3.13298e-06;-8.17172e-06,3.3;3.3;3.3;-1.67788e-06;-1.95439e-06;-1.98161e-06;-1.65133e-06;-1.93879e-06,-1.81923e-06;-2.0755e-06;-1.69765e-06;3.3;3.3;3.3;3.3;3.3,RETRY_5NS;RETRY_5NS;RETRY_5NS;RETRY_5NS;RETRY_5NS;RETRY_5NS;RETRY_5NS;RETRY_5NS,8,8,11100000,224,31,1110000,7,224,30,224,INFERRED_AT_DAC_BRIDGE_OUTPUT,11100000,224,11100000,224,11100000,224,11100000,224,True,True
MC200_CMP_XM5_XM6_W8P2524_XM7_XM11_W16P8587_S152_LOW_W4,65,-3.29692e-06;-7.46114e-06;-3.16835e-06;-3.3203e-06;-8.29151e-06;-8.60049e-06;-3.20969e-06;-8.28823e-06,-3.31353e-06;-7.44375e-06;-3.18555e-06;-3.33688e-06;-8.28564e-06;-8.59237e-06;-3.22662e-06;-8.28604e-06,3.3;3.3;3.3;-1.67019e-06;3.3;3.3;3.3;3.3,-1.84392e-06;-2.10229e-06;-1.71452e-06;3.3;-2.02135e-06;-2.04875e-06;-1.7085e-06;-2.05166e-06,RETRY_5NS;RETRY_5NS;RETRY_5NS;RETRY_5NS;RETRY_5NS;RETRY_5NS;RETRY_5NS;RETRY_5NS,8,8,11101111,239,16,1110111,7,238,16,239,INFERRED_AT_DAC_BRIDGE_OUTPUT,11101111,239,11101111,239,11101111,239,11101111,239,True,True
MC200_CMP_XM5_XM6_W8P2524_XM7_XM11_W16P8587_S152_LOW_W4,66,-2.60081e-06;-7.79686e-06;-2.4986e-06;-2.69194e-06;-7.43617e-06;-7.74454e-06;-2.68055e-06;-7.433e-06,-2.61711e-06;-7.79677e-06;-2.51386e-06;-2.70697e-06;-7.44266e-06;-7.74911e-06;-2.69589e-06;-7.44215e-06,3.3;3.3;-1.60255e-06;-1.61432e-06;3.3;3.3;-1.60203e-06;-1.87295e-06,-1.74657e-06;-1.99801e-06;3.3;3.3;-1.93382e-06;-1.95302e-06;3.3;3.3,RETRY_5NS;RETRY_5NS;RETRY_5NS;RETRY_5NS;RETRY_5NS;RETRY_5NS;RETRY_5NS;RETRY_5NS,8,8,11001100,204,51,1100110,7,204,50,204,INFERRED_AT_DAC_BRIDGE_OUTPUT,11001100,204,11001100,204,11001100,204,11001100,204,True,True
MC200_CMP_XM5_XM6_W8P2524_XM7_XM11_W16P8587_S152_LOW_W4,67,-3.19534e-06;-8.56885e-06;-3.1154e-06;-3.20763e-06;-7.80362e-06;-8.52166e-06;-3.14788e-06;-8.20953e-06,-3.21166e-06;-8.57507e-06;-3.131e-06;-3.22328e-06;-7.80448e-06;-8.51623e-06;-3.1642e-06;-8.21045e-06,3.3;-2.03369e-06;-1.66224e-06;-1.67376e-06;-1.9559e-06;3.3;3.3;-1.9504e-06,-1.806e-06;3.3;3.3;3.3;3.3;-2.03876e-06;-1.69356e-06;3.3,RETRY_5NS;RETRY_5NS;RETRY_5NS;RETRY_5NS;RETRY_5NS;RETRY_5NS;RETRY_5NS;RETRY_5NS,8,8,10000110,134,121,1000011,7,134,120,134,INFERRED_AT_DAC_BRIDGE_OUTPUT,10000110,134,10000110,134,10000110,134,10000110,134,True,True
MC200_CMP_XM5_XM6_W8P2524_XM7_XM11_W16P8587_S153_LOW_W4,0,-2.77197e-06;-8.08839e-06;-2.89187e-06;-2.88951e-06;-8.03931e-06;-8.03791e-06;-2.91468e-06;-7.93393e-06,-2.74827e-06;-8.0858e-06;-2.86817e-06;-2.86663e-06;-8.03903e-06;-8.03903e-06;-2.89172e-06;-7.93837e-06,3.3;3.3;-1.6496e-06;3.3;3.3;3.3;3.3;3.3,-1.72935e-06;-1.97687e-06;3.3;-1.64176e-06;-1.94344e-06;-1.93794e-06;-1.63485e-06;-1.93831e-06,RETRY_5NS;RETRY_5NS;RETRY_5NS;RETRY_5NS;RETRY_5NS;RETRY_5NS;RETRY_5NS;RETRY_5NS,8,8,11011111,223,32,1101111,7,222,32,223,INFERRED_AT_DAC_BRIDGE_OUTPUT,11011111,223,11011111,223,11011111,223,11011111,223,True,True
MC200_CMP_XM5_XM6_W8P2524_XM7_XM11_W16P8587_S153_LOW_W4,1,-3.44771e-06;-8.50352e-06;-3.24923e-06;-3.23871e-06;-8.45434e-06;-8.45304e-06;-3.47921e-06;-8.48929e-06,-3.42309e-06;-8.5108e-06;-3.2244e-06;-3.21319e-06;-8.46546e-06;-8.46596e-06;-3.45453e-06;-8.50581e-06,3.3;3.3;3.3;-1.6808e-06;3.3;3.3;3.3;3.3,-1.79138e-06;-2.02431e-06;-1.67972e-06;3.3;-1.98395e-06;-1.98101e-06;-1.66339e-06;-1.97324e-06,RETRY_5NS;RETRY_5NS;RETRY_5NS;RETRY_5NS;RETRY_5NS;RETRY_5NS;RETRY_5NS;RETRY_5NS,8,8,11101111,239,16,1110111,7,238,16,239,INFERRED_AT_DAC_BRIDGE_OUTPUT,11101111,239,11101111,239,11101111,239,11101111,239,True,True
MC200_CMP_XM5_XM6_W8P2524_XM7_XM11_W16P8587_S153_LOW_W4,2,-3.09572e-06;-7.874e-06;-3.3958e-06;-3.17558e-06;-8.37739e-06;-8.37547e-06;-3.16964e-06;-8.41396e-06,-3.07082e-06;-7.84493e-06;-3.37047e-06;-3.14923e-06;-8.38802e-06;-8.38953e-06;-3.14545e-06;-8.42794e-06,3.3;3.3;-1.69596e-06;-1.67895e-06;3.3;-1.98298e-06;3.3;3.3,-1.75416e-06;-2.01178e-06;3.3;3.3;-1.97384e-06;3.3;-1.65925e-06;-1.97103e-06,RETRY_5NS;RETRY_5NS;RETRY_5NS;RETRY_5NS;RETRY_5NS;RETRY_5NS;RETRY_5NS;RETRY_5NS,8,8,11001011,203,52,1100101,7,202,52,203,INFERRED_AT_DAC_BRIDGE_OUTPUT,11001011,203,11001011,203,11001011,203,11001011,203,True,True
MC200_CMP_XM5_XM6_W8P2524_XM7_XM11_W16P8587_S153_LOW_W4,3,-3.07253e-06;-8.42037e-06;-3.19243e-06;-3.17776e-06;-8.37418e-06;-8.37629e-06;-3.17007e-06;-8.41384e-06,-3.04742e-06;-8.44505e-06;-3.16662e-06;-3.15159e-06;-8.39087e-06;-8.38884e-06;-3.14488e-06;-8.42798e-06,3.3;-2.0408e-06;-1.68808e-06;-1.68383e-06;-1.99072e-06;3.3;-1.67254e-06;3.3,-1.74514e-06;3.3;3.3;3.3;3.3;-1.96859e-06;3.3;-1.96918e-06,RETRY_5NS;RETRY_5NS;RETRY_5NS;RETRY_5NS;RETRY_5NS;RETRY_5NS;RETRY_5NS;RETRY_5NS,8,8,10000101,133,122,1000010,7,132,122,133,INFERRED_AT_DAC_BRIDGE_OUTPUT,10000101,133,10000101,133,10000101,133,10000101,133,True,True
MC200_CMP_XM5_XM6_W8P2524_XM7_XM11_W16P8587_S153_LOW_W4,64,-2.93719e-06;-8.23856e-06;-2.79569e-06;-3.01791e-06;-7.8883e-06;-8.18899e-06;-2.91146e-06;-8.8205e-06,-2.91289e-06;-8.23971e-06;-2.77249e-06;-2.99432e-06;-7.88397e-06;-8.19425e-06;-2.8888e-06;-8.8135e-06,3.3;3.3;-1.63618e-06;3.3;3.3;3.3;3.3;3.3,-1.7459e-06;-1.99243e-06;3.3;-1.65326e-06;-1.9284e-06;-1.95368e-06;-1.6327e-06;-1.91545e-06,RETRY_5NS;RETRY_5NS;RETRY_5NS;RETRY_5NS;RETRY_5NS;RETRY_5NS;RETRY_5NS;RETRY_5NS,8,8,11011111,223,32,1101111,7,222,32,223,INFERRED_AT_DAC_BRIDGE_OUTPUT,11011111,223,11011111,223,11011111,223,11011111,223,True,True
MC200_CMP_XM5_XM6_W8P2524_XM7_XM11_W16P8587_S153_LOW_W4,65,-3.61392e-06;-8.65345e-06;-3.15341e-06;-3.36745e-06;-8.30336e-06;-8.6041e-06;-3.45076e-06;-8.30048e-06,-3.5887e-06;-8.66443e-06;-3.1291e-06;-3.34125e-06;-8.31037e-06;-8.62123e-06;-3.42634e-06;-8.31134e-06,3.3;3.3;3.3;-1.69497e-06;3.3;3.3;3.3;3.3,-1.80484e-06;-2.04055e-06;-1.6718e-06;3.3;-1.96916e-06;-1.99614e-06;-1.66344e-06;-1.99304e-06,RETRY_5NS;RETRY_5NS;RETRY_5NS;RETRY_5NS;RETRY_5NS;RETRY_5NS;RETRY_5NS;RETRY_5NS,8,8,11101111,239,16,1110111,7,238,16,239,INFERRED_AT_DAC_BRIDGE_OUTPUT,11101111,239,11101111,239,11101111,239,11101111,239,True,True
MC200_CMP_XM5_XM6_W8P2524_XM7_XM11_W16P8587_S153_LOW_W4,66,-3.22506e-06;-8.19024e-06;-3.28791e-06;-3.30435e-06;-8.22637e-06;-8.5264e-06;-3.13734e-06;-8.22499e-06,-3.19944e-06;-8.20458e-06;-3.26316e-06;-3.27732e-06;-8.23284e-06;-8.54503e-06;-3.11332e-06;-8.23355e-06,3.3;3.3;-1.68268e-06;-1.69214e-06;3.3;-1.999e-06;3.3;3.3,-1.76819e-06;-2.02461e-06;3.3;3.3;-1.95821e-06;3.3;-1.65639e-06;-1.94894e-06,RETRY_5NS;RETRY_5NS;RETRY_5NS;RETRY_5NS;RETRY_5NS;RETRY_5NS;RETRY_5NS;RETRY_5NS,8,8,11001011,203,52,1100101,7,202,52,203,INFERRED_AT_DAC_BRIDGE_OUTPUT,11001011,203,11001011,203,11001011,203,11001011,203,True,True
MC200_CMP_XM5_XM6_W8P2524_XM7_XM11_W16P8587_S153_LOW_W4,67,-3.20371e-06;-8.56931e-06;-3.09663e-06;-3.60212e-06;-8.22346e-06;-8.52721e-06;-3.13778e-06;-8.22496e-06,-3.1779e-06;-8.59933e-06;-3.07131e-06;-3.57628e-06;-8.23541e-06;-8.54429e-06;-3.11276e-06;-8.23355e-06,3.3;-2.05703e-06;-1.67841e-06;-1.70027e-06;-1.97564e-06;3.3;-1.669e-06;3.3,-1.75805e-06;3.3;3.3;3.3;3.3;-1.98432e-06;3.3;-1.94753e-06,RETRY_5NS;RETRY_5NS;RETRY_5NS;RETRY_5NS;RETRY_5NS;RETRY_5NS;RETRY_5NS;RETRY_5NS,8,8,10000101,133,122,1000010,7,132,122,133,INFERRED_AT_DAC_BRIDGE_OUTPUT,10000101,133,10000101,133,10000101,133,10000101,133,True,True
MC200_CMP_XM5_XM6_W8P2524_XM7_XM11_W16P8587_S154_LOW_W4,0,-2.94714e-06;-7.91363e-06;-3.03735e-06;-3.0345e-06;-8.17532e-06;-8.17531e-06;-3.0232e-06;-8.21494e-06,-2.93554e-06;-7.91947e-06;-3.02593e-06;-3.02233e-06;-8.1939e-06;-8.19233e-06;-3.0114e-06;-8.22882e-06,3.3;3.3;3.3;-1.69603e-06;-2.00988e-06;-2.00475e-06;-1.6834e-06;3.3,-1.69793e-06;-1.93685e-06;-1.6058e-06;3.3;3.3;3.3;3.3;-1.89434e-06,RETRY_5NS;RETRY_5NS;RETRY_5NS;RETRY_5NS;RETRY_5NS;RETRY_5NS;RETRY_5NS;RETRY_5NS,8,8,11100001,225,30,1110000,7,224,30,225,INFERRED_AT_DAC_BRIDGE_OUTPUT,11100001,225,11100001,225,11100001,225,11100001,225,True,True
MC200_CMP_XM5_XM6_W8P2524_XM7_XM11_W16P8587_S154_LOW_W4,1,-2.52108e-06;-7.70143e-06;-2.61284e-06;-2.59117e-06;-7.63938e-06;-7.63869e-06;-2.5869e-06;-7.67637e-06,-2.50746e-06;-7.7085e-06;-2.59994e-06;-2.57804e-06;-7.65431e-06;-7.65257e-06;-2.57233e-06;-7.68983e-06,3.3;3.3;3.3;3.3;-1.95426e-06;-1.95283e-06;-1.64512e-06;-1.93951e-06,-1.66626e-06;-1.88875e-06;-1.56869e-06;-1.55699e-06;3.3;3.3;3.3;3.3,RETRY_5NS;RETRY_5NS;RETRY_5NS;RETRY_5NS;RETRY_5NS;RETRY_5NS;RETRY_5NS;RETRY_5NS,8,8,11110000,240,15,1111000,7,240,14,240,INFERRED_AT_DAC_BRIDGE_OUTPUT,11110000,240,11110000,240,11110000,240,11110000,240,True,True
MC200_CMP_XM5_XM6_W8P2524_XM7_XM11_W16P8587_S154_LOW_W4,2,-3.10108e-06;-8.14911e-06;-3.03102e-06;-3.18616e-06;-8.37063e-06;-8.36874e-06;-3.18013e-06;-8.4067e-06,-3.09058e-06;-8.15703e-06;-3.01866e-06;-3.17468e-06;-8.38228e-06;-8.38302e-06;-3.16918e-06;-8.42175e-06,3.3;3.3;-1.71215e-06;-1.70761e-06;3.3;3.3;-1.70013e-06;3.3,-1.70685e-06;-1.95251e-06;3.3;3.3;-1.91877e-06;-1.91231e-06;3.3;-1.90901e-06,RETRY_5NS;RETRY_5NS;RETRY_5NS;RETRY_5NS;RETRY_5NS;RETRY_5NS;RETRY_5NS;RETRY_5NS,8,8,11001101,205,50,1100110,7,204,50,205,INFERRED_AT_DAC_BRIDGE_OUTPUT,11001101,205,11001101,205,11001101,205,11001101,205,True,True
MC200_CMP_XM5_XM6_W8P2524_XM7_XM11_W16P8587_S154_LOW_W4,3,-2.97717e-06;-8.13342e-06;-3.11271e-06;-3.09493e-06;-8.25224e-06;-7.60329e-06;-3.08552e-06;-8.29094e-06,-2.96584e-06;-8.15709e-06;-3.10111e-06;-3.08287e-06;-8.26844e-06;-7.61372e-06;-3.07504e-06;-8.30664e-06,3.3;-2.06376e-06;-1.70612e-06;-1.70022e-06;-2.009e-06;3.3;3.3;-1.99909e-06,-1.68736e-06;3.3;3.3;3.3;3.3;-1.91121e-06;-1.60186e-06;3.3,RETRY_5NS;RETRY_5NS;RETRY_5NS;RETRY_5NS;RETRY_5NS;RETRY_5NS;RETRY_5NS;RETRY_5NS,8,8,10000110,134,121,1000011,7,134,120,134,INFERRED_AT_DAC_BRIDGE_OUTPUT,10000110,134,10000110,134,10000110,134,10000110,134,True,True
MC200_CMP_XM5_XM6_W8P2524_XM7_XM11_W16P8587_S154_LOW_W4,64,-3.07284e-06;-8.00101e-06;-2.94398e-06;-3.1591e-06;-8.02219e-06;-8.32865e-06;-2.99183e-06;-8.02299e-06,-3.06191e-06;-8.00646e-06;-2.93209e-06;-3.14762e-06;-8.03964e-06;-8.34656e-06;-2.97986e-06;-8.03597e-06,3.3;3.3;3.3;-1.70942e-06;-1.99304e-06;-2.02007e-06;-1.67775e-06;3.3,-1.71105e-06;-1.95261e-06;-1.59627e-06;3.3;3.3;3.3;3.3;-1.87536e-06,RETRY_5NS;RETRY_5NS;RETRY_5NS;RETRY_5NS;RETRY_5NS;RETRY_5NS;RETRY_5NS;RETRY_5NS,8,8,11100001,225,30,1110000,7,224,30,225,INFERRED_AT_DAC_BRIDGE_OUTPUT,11100001,225,11100001,225,11100001,225,11100001,225,True,True
MC200_CMP_XM5_XM6_W8P2524_XM7_XM11_W16P8587_S154_LOW_W4,65,-2.64584e-06;-7.85374e-06;-2.51849e-06;-2.71619e-06;-7.48626e-06;-7.79203e-06;-2.55912e-06;-7.4843e-06,-2.63287e-06;-7.86066e-06;-2.50504e-06;-2.70372e-06;-7.50007e-06;-7.80695e-06;-2.54442e-06;-7.49706e-06,3.3;3.3;3.3;3.3;-1.93992e-06;-1.96826e-06;-1.64241e-06;-1.96289e-06,-1.67957e-06;-1.90211e-06;-1.5602e-06;-1.56894e-06;3.3;3.3;3.3;3.3,RETRY_5NS;RETRY_5NS;RETRY_5NS;RETRY_5NS;RETRY_5NS;RETRY_5NS;RETRY_5NS;RETRY_5NS,8,8,11110000,240,15,1111000,7,240,14,240,INFERRED_AT_DAC_BRIDGE_OUTPUT,11110000,240,11110000,240,11110000,240,11110000,240,True,True
MC200_CMP_XM5_XM6_W8P2524_XM7_XM11_W16P8587_S154_LOW_W4,66,-3.22681e-06;-8.5285e-06;-3.08133e-06;-3.31119e-06;-8.21705e-06;-8.52228e-06;-3.14877e-06;-8.21482e-06,-3.21698e-06;-8.53714e-06;-3.06916e-06;-3.30039e-06;-8.22846e-06;-8.53712e-06;-3.13765e-06;-8.22885e-06,3.3;3.3;-1.70437e-06;-1.71927e-06;3.3;3.3;-1.69673e-06;3.3,-1.7197e-06;-1.96643e-06;3.3;3.3;-1.90254e-06;-1.92603e-06;3.3;-1.8907e-06,RETRY_5NS;RETRY_5NS;RETRY_5NS;RETRY_5NS;RETRY_5NS;RETRY_5NS;RETRY_5NS;RETRY_5NS,8,8,11001101,205,50,1100110,7,204,50,205,INFERRED_AT_DAC_BRIDGE_OUTPUT,11001101,205,11001101,205,11001101,205,11001101,205,True,True
MC200_CMP_XM5_XM6_W8P2524_XM7_XM11_W16P8587_S154_LOW_W4,67,-3.10495e-06;-8.19704e-06;-3.02002e-06;-3.21979e-06;-8.09885e-06;-7.78866e-06;-3.05414e-06;-7.71581e-06,-3.09429e-06;-8.22191e-06;-3.00791e-06;-3.20841e-06;-8.11429e-06;-7.79972e-06;-3.0435e-06;-7.72796e-06,3.3;-2.08028e-06;-1.69733e-06;-1.71358e-06;-1.99408e-06;3.3;3.3;3.3,-1.7004e-06;3.3;3.3;3.3;3.3;-1.92521e-06;-1.59889e-06;-1.88641e-06,RETRY_5NS;RETRY_5NS;RETRY_5NS;RETRY_5NS;RETRY_5NS;RETRY_5NS;RETRY_5NS;RETRY_5NS,8,8,10000111,135,120,1000011,7,134,120,135,INFERRED_AT_DAC_BRIDGE_OUTPUT,10000111,135,10000111,135,10000111,135,10000111,135,True,True
MC200_CMP_XM5_XM6_W8P2524_XM7_XM11_W16P8587_S155_LOW_W4,0,-2.94974e-06;-8.30061e-06;-2.9494e-06;-2.94758e-06;-8.24102e-06;-8.24106e-06;-3.02435e-06;-8.28498e-06,-3.02296e-06;-8.28565e-06;-3.02285e-06;-3.02022e-06;-8.24226e-06;-8.24071e-06;-3.09654e-06;-8.27913e-06,3.3;3.3;3.3;-1.5918e-06;-1.88625e-06;-1.88244e-06;-1.58723e-06;-1.87794e-06,-1.66168e-06;-1.89843e-06;-1.57152e-06;3.3;3.3;3.3;3.3;3.3,RETRY_5NS;RETRY_5NS;RETRY_5NS;RETRY_5NS;RETRY_5NS;RETRY_5NS;RETRY_5NS;RETRY_5NS,8,8,11100000,224,31,1110000,7,224,30,224,INFERRED_AT_DAC_BRIDGE_OUTPUT,11100000,224,11100000,224,11100000,224,11100000,224,True,True
MC200_CMP_XM5_XM6_W8P2524_XM7_XM11_W16P8587_S155_LOW_W4,1,-2.93418e-06;-8.38987e-06;-3.21556e-06;-3.00331e-06;-8.3325e-06;-8.33106e-06;-2.99782e-06;-8.37262e-06,-3.00854e-06;-8.36708e-06;-3.29091e-06;-3.07779e-06;-8.31746e-06;-8.31764e-06;-3.07331e-06;-8.35855e-06,3.3;3.3;3.3;-1.58679e-06;3.3;3.3;3.3;3.3,-1.6834e-06;-1.91111e-06;-1.58928e-06;3.3;-1.87298e-06;-1.86867e-06;-1.57345e-06;-1.86495e-06,RETRY_5NS;RETRY_5NS;RETRY_5NS;RETRY_5NS;RETRY_5NS;RETRY_5NS;RETRY_5NS;RETRY_5NS,8,8,11101111,239,16,1110111,7,238,16,239,INFERRED_AT_DAC_BRIDGE_OUTPUT,11101111,239,11101111,239,11101111,239,11101111,239,True,True
MC200_CMP_XM5_XM6_W8P2524_XM7_XM11_W16P8587_S155_LOW_W4,2,-3.10564e-06;-8.64095e-06;-3.20024e-06;-3.18756e-06;-8.59208e-06;-8.58974e-06;-3.18245e-06;-8.14841e-06,-3.18476e-06;-8.59842e-06;-3.27957e-06;-3.26613e-06;-8.5567e-06;-8.55849e-06;-3.26122e-06;-8.10201e-06,3.3;3.3;-1.62172e-06;-1.61291e-06;3.3;3.3;-1.6083e-06;-1.91356e-06,-1.68247e-06;-1.92553e-06;3.3;3.3;-1.89185e-06;-1.87761e-06;3.3;3.3,RETRY_5NS;RETRY_5NS;RETRY_5NS;RETRY_5NS;RETRY_5NS;RETRY_5NS;RETRY_5NS;RETRY_5NS,8,8,11001100,204,51,1100110,7,204,50,204,INFERRED_AT_DAC_BRIDGE_OUTPUT,11001100,204,11001100,204,11001100,204,11001100,204,True,True
MC200_CMP_XM5_XM6_W8P2524_XM7_XM11_W16P8587_S155_LOW_W4,3,-2.95739e-06;-8.46849e-06;-2.86582e-06;-3.06772e-06;-8.41472e-06;-8.41686e-06;-3.05957e-06;-8.46002e-06,-3.03273e-06;-8.45713e-06;-2.94202e-06;-3.14332e-06;-8.39986e-06;-8.39795e-06;-3.13564e-06;-8.43809e-06,3.3;-1.94361e-06;-1.60346e-06;-1.60198e-06;-1.89486e-06;3.3;-1.58495e-06;3.3,-1.65987e-06;3.3;3.3;3.3;3.3;-1.87286e-06;3.3;-1.87291e-06,RETRY_5NS;RETRY_5NS;RETRY_5NS;RETRY_5NS;RETRY_5NS;RETRY_5NS;RETRY_5NS;RETRY_5NS,8,8,10000101,133,122,1000010,7,132,122,133,INFERRED_AT_DAC_BRIDGE_OUTPUT,10000101,133,10000101,133,10000101,133,10000101,133,True,True
MC200_CMP_XM5_XM6_W8P2524_XM7_XM11_W16P8587_S155_LOW_W4,64,-2.98608e-06;-8.47377e-06;-2.85824e-06;-3.0694e-06;-8.06742e-06;-8.41484e-06;-3.01895e-06;-8.06736e-06,-3.06169e-06;-8.44381e-06;-2.92928e-06;-3.14528e-06;-8.08239e-06;-8.40069e-06;-3.09262e-06;-8.0793e-06,3.3;3.3;3.3;-1.6036e-06;-1.87182e-06;-1.89747e-06;-1.58428e-06;-1.85989e-06,-1.67635e-06;-1.91341e-06;-1.56239e-06;3.3;3.3;3.3;3.3;3.3,RETRY_5NS;RETRY_5NS;RETRY_5NS;RETRY_5NS;RETRY_5NS;RETRY_5NS;RETRY_5NS;RETRY_5NS,8,8,11100000,224,31,1110000,7,224,30,224,INFERRED_AT_DAC_BRIDGE_OUTPUT,11100000,224,11100000,224,11100000,224,11100000,224,True,True
MC200_CMP_XM5_XM6_W8P2524_XM7_XM11_W16P8587_S155_LOW_W4,65,-3.05607e-06;-8.56277e-06;-2.92511e-06;-3.1254e-06;-8.15842e-06;-8.50514e-06;-2.96717e-06;-8.15501e-06,-3.13365e-06;-8.52493e-06;-2.99872e-06;-3.20313e-06;-8.15806e-06;-8.47722e-06;-3.04186e-06;-8.15873e-06,3.3;3.3;3.3;-1.60121e-06;3.3;3.3;3.3;3.3,-1.69575e-06;-1.92526e-06;-1.57818e-06;3.3;-1.85818e-06;-1.88177e-06;-1.57052e-06;-1.88192e-06,RETRY_5NS;RETRY_5NS;RETRY_5NS;RETRY_5NS;RETRY_5NS;RETRY_5NS;RETRY_5NS;RETRY_5NS,8,8,11101111,239,16,1110111,7,238,16,239,INFERRED_AT_DAC_BRIDGE_OUTPUT,11101111,239,11101111,239,11101111,239,11101111,239,True,True
MC200_CMP_XM5_XM6_W8P2524_XM7_XM11_W16P8587_S155_LOW_W4,66,-3.22832e-06;-8.81411e-06;-3.10944e-06;-3.30958e-06;-8.41811e-06;-8.76381e-06;-3.1518e-06;-7.69397e-06,-3.31067e-06;-8.75677e-06;-3.18636e-06;-3.39139e-06;-8.3972e-06;-8.71818e-06;-3.22977e-06;-7.65522e-06,3.3;3.3;-1.61241e-06;-1.62506e-06;3.3;3.3;-1.60473e-06;-1.9004e-06,-1.69539e-06;-1.94063e-06;3.3;3.3;-1.87755e-06;-1.89446e-06;3.3;3.3,RETRY_5NS;RETRY_5NS;RETRY_5NS;RETRY_5NS;RETRY_5NS;RETRY_5NS;RETRY_5NS;RETRY_5NS,8,8,11001100,204,51,1100110,7,204,50,204,INFERRED_AT_DAC_BRIDGE_OUTPUT,11001100,204,11001100,204,11001100,204,11001100,204,True,True
MC200_CMP_XM5_XM6_W8P2524_XM7_XM11_W16P8587_S155_LOW_W4,67,-3.08201e-06;-8.64042e-06;-3.08942e-06;-3.1896e-06;-8.24095e-06;-8.59086e-06;-3.02893e-06;-8.24247e-06,-3.16062e-06;-8.61562e-06;-3.16312e-06;-3.26842e-06;-8.24003e-06;-8.55767e-06;-3.10419e-06;-8.23823e-06,3.3;-1.95814e-06;-1.59847e-06;-1.61599e-06;-1.88074e-06;3.3;-1.58241e-06;3.3,-1.67274e-06;3.3;3.3;3.3;3.3;-1.88702e-06;3.3;-1.85524e-06,RETRY_5NS;RETRY_5NS;RETRY_5NS;RETRY_5NS;RETRY_5NS;RETRY_5NS;RETRY_5NS;RETRY_5NS,8,8,10000101,133,122,1000010,7,132,122,133,INFERRED_AT_DAC_BRIDGE_OUTPUT,10000101,133,10000101,133,10000101,133,10000101,133,True,True
MC200_CMP_XM5_XM6_W8P2524_XM7_XM11_W16P8587_S156_LOW_W4,0,-2.93127e-06;-8.2303e-06;-3.01703e-06;-3.01502e-06;-8.18025e-06;-8.17885e-06;-2.9959e-06;-8.21621e-06,-2.9221e-06;-8.25691e-06;-3.00808e-06;-3.00689e-06;-8.20992e-06;-8.21e-06;-2.9877e-06;-8.24973e-06,3.3;3.3;-1.69748e-06;3.3;3.3;3.3;3.3;3.3,-1.72718e-06;-1.97102e-06;3.3;-1.6363e-06;-1.93749e-06;-1.93297e-06;-1.62964e-06;-1.93268e-06,RETRY_5NS;RETRY_5NS;RETRY_5NS;RETRY_5NS;RETRY_5NS;RETRY_5NS;RETRY_5NS;RETRY_5NS,8,8,11011111,223,32,1101111,7,222,32,223,INFERRED_AT_DAC_BRIDGE_OUTPUT,11011111,223,11011111,223,11011111,223,11011111,223,True,True
MC200_CMP_XM5_XM6_W8P2524_XM7_XM11_W16P8587_S156_LOW_W4,1,-3.03494e-06;-8.34909e-06;-3.15612e-06;-3.1041e-06;-8.29685e-06;-8.29551e-06;-3.09909e-06;-8.33268e-06,-3.02664e-06;-8.37616e-06;-3.14902e-06;-3.09572e-06;-8.32781e-06;-8.32805e-06;-3.09125e-06;-8.36839e-06,3.3;3.3;3.3;-1.71021e-06;3.3;3.3;3.3;3.3,-1.75353e-06;-1.9867e-06;-1.65377e-06;3.3;-1.94835e-06;-1.94343e-06;-1.63786e-06;-1.93901e-06,RETRY_5NS;RETRY_5NS;RETRY_5NS;RETRY_5NS;RETRY_5NS;RETRY_5NS;RETRY_5NS;RETRY_5NS,8,8,11101111,239,16,1110111,7,238,16,239,INFERRED_AT_DAC_BRIDGE_OUTPUT,11101111,239,11101111,239,11101111,239,11101111,239,True,True
MC200_CMP_XM5_XM6_W8P2524_XM7_XM11_W16P8587_S156_LOW_W4,2,-3.21222e-06;-8.17845e-06;-3.37772e-06;-3.29386e-06;-8.52927e-06;-8.52693e-06;-3.28856e-06;-8.56667e-06,-3.20521e-06;-8.20844e-06;-3.37092e-06;-3.28554e-06;-8.56384e-06;-8.56565e-06;-3.2815e-06;-8.60485e-06,3.3;3.3;-1.74552e-06;-1.73597e-06;3.3;-2.04406e-06;3.3;3.3,-1.75146e-06;-2.003e-06;3.3;3.3;-1.9684e-06;3.3;-1.65603e-06;-1.96471e-06,RETRY_5NS;RETRY_5NS;RETRY_5NS;RETRY_5NS;RETRY_5NS;RETRY_5NS;RETRY_5NS;RETRY_5NS,8,8,11001011,203,52,1100101,7,202,52,203,INFERRED_AT_DAC_BRIDGE_OUTPUT,11001011,203,11001011,203,11001011,203,11001011,203,True,True
MC200_CMP_XM5_XM6_W8P2524_XM7_XM11_W16P8587_S156_LOW_W4,3,-3.15729e-06;-8.53376e-06;-3.27899e-06;-3.37063e-06;-8.48677e-06;-8.4891e-06;-3.25706e-06;-8.5275e-06,-3.14976e-06;-8.58242e-06;-3.27128e-06;-3.36353e-06;-8.52737e-06;-8.52549e-06;-3.24934e-06;-8.56554e-06,3.3;-2.10126e-06;-1.73994e-06;-1.73929e-06;-2.04963e-06;3.3;-1.7235e-06;3.3,-1.73645e-06;3.3;3.3;3.3;3.3;-1.95894e-06;3.3;-1.9563e-06,RETRY_5NS;RETRY_5NS;RETRY_5NS;RETRY_5NS;RETRY_5NS;RETRY_5NS;RETRY_5NS;RETRY_5NS,8,8,10000101,133,122,1000010,7,132,122,133,INFERRED_AT_DAC_BRIDGE_OUTPUT,10000101,133,10000101,133,10000101,133,10000101,133,True,True
MC200_CMP_XM5_XM6_W8P2524_XM7_XM11_W16P8587_S156_LOW_W4,64,-3.05766e-06;-8.38521e-06;-2.92322e-06;-3.21479e-06;-8.02022e-06;-8.33132e-06;-3.16704e-06;-8.02015e-06,-3.04933e-06;-8.4129e-06;-2.91363e-06;-3.20673e-06;-8.05654e-06;-8.37046e-06;-3.15905e-06;-8.05352e-06,3.3;3.3;3.3;-1.72625e-06;-2.00915e-06;-2.0373e-06;-1.70581e-06;-2e-06,-1.74122e-06;-1.9859e-06;-1.62067e-06;3.3;3.3;3.3;3.3;3.3,RETRY_5NS;RETRY_5NS;RETRY_5NS;RETRY_5NS;RETRY_5NS;RETRY_5NS;RETRY_5NS;RETRY_5NS,8,8,11100000,224,31,1110000,7,224,30,224,INFERRED_AT_DAC_BRIDGE_OUTPUT,11100000,224,11100000,224,11100000,224,11100000,224,True,True
MC200_CMP_XM5_XM6_W8P2524_XM7_XM11_W16P8587_S156_LOW_W4,65,-3.16064e-06;-8.5038e-06;-3.04968e-06;-3.22973e-06;-8.14101e-06;-8.4514e-06;-3.06757e-06;-8.13769e-06,-3.1532e-06;-8.53189e-06;-3.04182e-06;-3.22224e-06;-8.17056e-06;-8.48548e-06;-3.05952e-06;-8.17129e-06,3.3;3.3;3.3;-1.72289e-06;3.3;3.3;3.3;3.3,-1.76739e-06;-2.00264e-06;-1.6432e-06;3.3;-1.93344e-06;-1.95883e-06;-1.63461e-06;-1.95595e-06,RETRY_5NS;RETRY_5NS;RETRY_5NS;RETRY_5NS;RETRY_5NS;RETRY_5NS;RETRY_5NS;RETRY_5NS,8,8,11101111,239,16,1110111,7,238,16,239,INFERRED_AT_DAC_BRIDGE_OUTPUT,11101111,239,11101111,239,11101111,239,11101111,239,True,True
MC200_CMP_XM5_XM6_W8P2524_XM7_XM11_W16P8587_S156_LOW_W4,66,-3.33844e-06;-9.14101e-06;-3.21651e-06;-3.41941e-06;-8.37338e-06;-8.68266e-06;-3.25703e-06;-8.372e-06,-3.33228e-06;-9.17574e-06;-3.20832e-06;-3.41195e-06;-8.40651e-06;-8.72333e-06;-3.24979e-06;-8.40748e-06,3.3;3.3;-1.73447e-06;-1.74893e-06;3.3;-2.06393e-06;3.3;3.3,-1.76485e-06;-2.0154e-06;3.3;3.3;-1.95263e-06;3.3;-1.6526e-06;-1.94495e-06,RETRY_5NS;RETRY_5NS;RETRY_5NS;RETRY_5NS;RETRY_5NS;RETRY_5NS;RETRY_5NS;RETRY_5NS,8,8,11001011,203,52,1100101,7,202,52,203,INFERRED_AT_DAC_BRIDGE_OUTPUT,11001011,203,11001011,203,11001011,203,11001011,203,True,True
MC200_CMP_XM5_XM6_W8P2524_XM7_XM11_W16P8587_S156_LOW_W4,67,-3.28539e-06;-8.6875e-06;-3.18575e-06;-3.50975e-06;-8.33118e-06;-8.64489e-06;-3.22554e-06;-8.33266e-06,-3.27872e-06;-8.73881e-06;-3.17737e-06;-3.50365e-06;-8.36966e-06;-8.68307e-06;-3.2176e-06;-8.3684e-06,3.3;-2.11799e-06;-1.73053e-06;-1.75245e-06;-2.03376e-06;3.3;-1.71945e-06;3.3,-1.7499e-06;3.3;3.3;3.3;3.3;-1.97465e-06;3.3;-1.94001e-06,RETRY_5NS;RETRY_5NS;RETRY_5NS;RETRY_5NS;RETRY_5NS;RETRY_5NS;RETRY_5NS;RETRY_5NS,8,8,10000101,133,122,1000010,7,132,122,133,INFERRED_AT_DAC_BRIDGE_OUTPUT,10000101,133,10000101,133,10000101,133,10000101,133,True,True
MC200_CMP_XM5_XM6_W8P2524_XM7_XM11_W16P8587_S157_LOW_W4,0,-2.87359e-06;-8.19179e-06;-2.9642e-06;-2.96193e-06;-8.13277e-06;-8.13288e-06;-2.90242e-06;-8.1746e-06,-2.92105e-06;-8.17789e-06;-3.01319e-06;-3.00931e-06;-8.13325e-06;-8.13137e-06;-2.95097e-06;-8.16753e-06,3.3;3.3;3.3;-1.68438e-06;-1.99335e-06;-1.99002e-06;-1.67221e-06;3.3,-1.731e-06;-1.97277e-06;-1.63729e-06;3.3;3.3;3.3;3.3;-1.92725e-06,RETRY_5NS;RETRY_5NS;RETRY_5NS;RETRY_5NS;RETRY_5NS;RETRY_5NS;RETRY_5NS;RETRY_5NS,8,8,11100001,225,30,1110000,7,224,30,225,INFERRED_AT_DAC_BRIDGE_OUTPUT,11100001,225,11100001,225,11100001,225,11100001,225,True,True
MC200_CMP_XM5_XM6_W8P2524_XM7_XM11_W16P8587_S157_LOW_W4,1,-3.09853e-06;-8.47857e-06;-3.1838e-06;-3.16954e-06;-8.41782e-06;-8.41806e-06;-3.16467e-06;-8.45987e-06,-3.1505e-06;-8.4435e-06;-3.23735e-06;-3.22264e-06;-8.39991e-06;-8.3984e-06;-3.21666e-06;-8.43451e-06,3.3;3.3;3.3;3.3;-2.02132e-06;-2.01728e-06;-1.69833e-06;-2.01478e-06,-1.77005e-06;-2.00524e-06;-1.66713e-06;-1.65051e-06;3.3;3.3;3.3;3.3,RETRY_5NS;RETRY_5NS;RETRY_5NS;RETRY_5NS;RETRY_5NS;RETRY_5NS;RETRY_5NS;RETRY_5NS,8,8,11110000,240,15,1111000,7,240,14,240,INFERRED_AT_DAC_BRIDGE_OUTPUT,11110000,240,11110000,240,11110000,240,11110000,240,True,True
MC200_CMP_XM5_XM6_W8P2524_XM7_XM11_W16P8587_S157_LOW_W4,2,-3.08541e-06;-8.46968e-06;-3.18592e-06;-3.17076e-06;-8.4219e-06;-8.41994e-06;-3.16462e-06;-8.46001e-06,-3.13731e-06;-8.43702e-06;-3.23774e-06;-3.22233e-06;-8.39508e-06;-8.39585e-06;-3.21662e-06;-8.43439e-06,3.3;3.3;-1.71081e-06;-1.70188e-06;3.3;3.3;-1.69572e-06;-2.01288e-06,-1.74746e-06;-1.99691e-06;3.3;3.3;-1.9627e-06;-1.95681e-06;3.3;3.3,RETRY_5NS;RETRY_5NS;RETRY_5NS;RETRY_5NS;RETRY_5NS;RETRY_5NS;RETRY_5NS;RETRY_5NS,8,8,11001100,204,51,1100110,7,204,50,204,INFERRED_AT_DAC_BRIDGE_OUTPUT,11001100,204,11001100,204,11001100,204,11001100,204,True,True
MC200_CMP_XM5_XM6_W8P2524_XM7_XM11_W16P8587_S157_LOW_W4,3,-2.99487e-06;-8.38975e-06;-3.15427e-06;-3.11235e-06;-8.33688e-06;-8.33944e-06;-3.10276e-06;-8.09917e-06,-3.04503e-06;-8.37911e-06;-3.20487e-06;-3.16247e-06;-8.32091e-06;-8.31931e-06;-3.15461e-06;-8.07424e-06,3.3;-2.05748e-06;-1.70468e-06;-1.69973e-06;-2.00636e-06;3.3;3.3;-2.00845e-06,-1.73141e-06;3.3;3.3;3.3;3.3;-1.95212e-06;-1.63966e-06;3.3,RETRY_5NS;RETRY_5NS;RETRY_5NS;RETRY_5NS;RETRY_5NS;RETRY_5NS;RETRY_5NS;RETRY_5NS,8,8,10000110,134,121,1000011,7,134,120,134,INFERRED_AT_DAC_BRIDGE_OUTPUT,10000110,134,10000110,134,10000110,134,10000110,134,True,True
MC200_CMP_XM5_XM6_W8P2524_XM7_XM11_W16P8587_S157_LOW_W4,64,-2.76592e-06;-8.3541e-06;-2.87307e-06;-3.08375e-06;-7.96986e-06;-8.29606e-06;-2.91895e-06;-7.9704e-06,-2.81639e-06;-8.32829e-06;-2.91991e-06;-3.13354e-06;-7.98104e-06;-8.28363e-06;-2.96655e-06;-7.97716e-06,3.3;3.3;3.3;-1.69768e-06;-1.97829e-06;-2.0037e-06;-1.6702e-06;3.3,-1.73802e-06;-1.98823e-06;-1.62833e-06;3.3;3.3;3.3;3.3;-1.90273e-06,RETRY_5NS;RETRY_5NS;RETRY_5NS;RETRY_5NS;RETRY_5NS;RETRY_5NS;RETRY_5NS;RETRY_5NS,8,8,11100001,225,30,1110000,7,224,30,225,INFERRED_AT_DAC_BRIDGE_OUTPUT,11100001,225,11100001,225,11100001,225,11100001,225,True,True
MC200_CMP_XM5_XM6_W8P2524_XM7_XM11_W16P8587_S157_LOW_W4,65,-3.22066e-06;-8.64061e-06;-3.09316e-06;-3.29181e-06;-8.25492e-06;-8.58112e-06;-3.13401e-06;-8.25574e-06,-3.27504e-06;-8.5936e-06;-3.14489e-06;-3.34731e-06;-8.24765e-06;-8.55074e-06;-3.18538e-06;-8.24408e-06,3.3;3.3;3.3;3.3;-2.00568e-06;-2.03351e-06;-1.6953e-06;-2.03325e-06,-1.78419e-06;-2.02015e-06;-1.657e-06;-1.66211e-06;3.3;3.3;3.3;3.3,RETRY_5NS;RETRY_5NS;RETRY_5NS;RETRY_5NS;RETRY_5NS;RETRY_5NS;RETRY_5NS;RETRY_5NS,8,8,11110000,240,15,1111000,7,240,14,240,INFERRED_AT_DAC_BRIDGE_OUTPUT,11110000,240,11110000,240,11110000,240,11110000,240,True,True
MC200_CMP_XM5_XM6_W8P2524_XM7_XM11_W16P8587_S157_LOW_W4,66,-3.20845e-06;-8.63202e-06;-3.30719e-06;-3.29258e-06;-8.25855e-06;-8.58309e-06;-3.13394e-06;-8.25589e-06,-3.26277e-06;-8.58765e-06;-3.35644e-06;-3.3474e-06;-8.24325e-06;-8.54805e-06;-3.18533e-06;-8.24396e-06,3.3;3.3;-1.70801e-06;-1.71562e-06;3.3;3.3;-1.69298e-06;-1.98565e-06,-1.76089e-06;-2.01212e-06;3.3;3.3;-1.94776e-06;-1.96895e-06;3.3;3.3,RETRY_5NS;RETRY_5NS;RETRY_5NS;RETRY_5NS;RETRY_5NS;RETRY_5NS;RETRY_5NS;RETRY_5NS,8,8,11001100,204,51,1100110,7,204,50,204,INFERRED_AT_DAC_BRIDGE_OUTPUT,11001100,204,11001100,204,11001100,204,11001100,204,True,True
MC200_CMP_XM5_XM6_W8P2524_XM7_XM11_W16P8587_S157_LOW_W4,67,-3.11988e-06;-8.55087e-06;-3.18966e-06;-3.23448e-06;-8.17371e-06;-8.50274e-06;-3.07208e-06;-8.03681e-06,-3.17249e-06;-8.5299e-06;-3.23793e-06;-3.287e-06;-8.16875e-06;-8.4713e-06;-3.12332e-06;-8.02851e-06,3.3;-2.07335e-06;-1.70106e-06;-1.71276e-06;-1.99061e-06;3.3;3.3;-1.98768e-06,-1.74461e-06;3.3;3.3;3.3;3.3;-1.96629e-06;-1.63721e-06;3.3,RETRY_5NS;RETRY_5NS;RETRY_5NS;RETRY_5NS;RETRY_5NS;RETRY_5NS;RETRY_5NS;RETRY_5NS,8,8,10000110,134,121,1000011,7,134,120,134,INFERRED_AT_DAC_BRIDGE_OUTPUT,10000110,134,10000110,134,10000110,134,10000110,134,True,True
MC200_CMP_XM5_XM6_W8P2524_XM7_XM11_W16P8587_S158_LOW_W4,0,-2.93882e-06;-8.3668e-06;-3.02416e-06;-3.02234e-06;-8.3082e-06;-8.30838e-06;-3.01229e-06;-8.35174e-06,-3.06863e-06;-8.31476e-06;-3.156e-06;-3.1525e-06;-8.27529e-06;-8.2739e-06;-3.14277e-06;-8.30826e-06,3.3;3.3;3.3;-1.67441e-06;-1.97959e-06;-1.9752e-06;-1.66022e-06;3.3,-1.80301e-06;-2.05606e-06;-1.70634e-06;3.3;3.3;3.3;3.3;-2.01447e-06,RETRY_5NS;RETRY_5NS;RETRY_5NS;RETRY_5NS;RETRY_5NS;RETRY_5NS;RETRY_5NS;RETRY_5NS,8,8,11100001,225,30,1110000,7,224,30,225,INFERRED_AT_DAC_BRIDGE_OUTPUT,11100001,225,11100001,225,11100001,225,11100001,225,True,True
MC200_CMP_XM5_XM6_W8P2524_XM7_XM11_W16P8587_S158_LOW_W4,1,-3.16398e-06;-8.66423e-06;-3.24455e-06;-3.23307e-06;-8.60416e-06;-8.60464e-06;-3.22908e-06;-8.64827e-06,-3.30205e-06;-8.56747e-06;-3.38472e-06;-3.3721e-06;-8.52944e-06;-8.52807e-06;-3.36741e-06;-8.56251e-06,3.3;3.3;3.3;3.3;-2.00732e-06;-2.00321e-06;-1.68461e-06;-1.99443e-06,-1.84404e-06;-2.0885e-06;-1.73662e-06;-1.72258e-06;3.3;3.3;3.3;3.3,RETRY_5NS;RETRY_5NS;RETRY_5NS;RETRY_5NS;RETRY_5NS;RETRY_5NS;RETRY_5NS;RETRY_5NS,8,8,11110000,240,15,1111000,7,240,14,240,INFERRED_AT_DAC_BRIDGE_OUTPUT,11110000,240,11110000,240,11110000,240,11110000,240,True,True
MC200_CMP_XM5_XM6_W8P2524_XM7_XM11_W16P8587_S158_LOW_W4,2,-2.99786e-06;-8.44532e-06;-2.85997e-06;-3.07978e-06;-8.39665e-06;-8.39488e-06;-3.07425e-06;-8.4365e-06,-3.13013e-06;-8.38262e-06;-2.9953e-06;-3.2121e-06;-8.34319e-06;-8.34406e-06;-3.20695e-06;-8.38088e-06,3.3;3.3;-1.67867e-06;-1.6736e-06;3.3;3.3;-1.6677e-06;3.3,-1.80317e-06;-2.06148e-06;3.3;3.3;-2.02793e-06;-2.02148e-06;3.3;-2.02036e-06,RETRY_5NS;RETRY_5NS;RETRY_5NS;RETRY_5NS;RETRY_5NS;RETRY_5NS;RETRY_5NS;RETRY_5NS,8,8,11001101,205,50,1100110,7,204,50,205,INFERRED_AT_DAC_BRIDGE_OUTPUT,11001101,205,11001101,205,11001101,205,11001101,205,True,True
MC200_CMP_XM5_XM6_W8P2524_XM7_XM11_W16P8587_S158_LOW_W4,3,-3.09747e-06;-8.6131e-06;-3.40185e-06;-3.20542e-06;-8.56277e-06;-8.565e-06;-3.49486e-06;-8.07621e-06,-3.2336e-06;-8.54338e-06;-3.53448e-06;-3.34202e-06;-8.49009e-06;-8.48878e-06;-3.6306e-06;-7.97649e-06,3.3;-2.0487e-06;-1.70509e-06;-1.69208e-06;-1.99452e-06;3.3;3.3;-1.99375e-06,-1.80705e-06;3.3;3.3;3.3;3.3;-2.04083e-06;-1.71644e-06;3.3,RETRY_5NS;RETRY_5NS;RETRY_5NS;RETRY_5NS;RETRY_5NS;RETRY_5NS;RETRY_5NS;RETRY_5NS,8,8,10000110,134,121,1000011,7,134,120,134,INFERRED_AT_DAC_BRIDGE_OUTPUT,10000110,134,10000110,134,10000110,134,10000110,134,True,True
MC200_CMP_XM5_XM6_W8P2524_XM7_XM11_W16P8587_S158_LOW_W4,64,-3.06261e-06;-8.53546e-06;-2.93201e-06;-3.14542e-06;-8.13906e-06;-8.47771e-06;-2.98132e-06;-8.1398e-06,-3.19692e-06;-8.45808e-06;-3.0605e-06;-3.28007e-06;-8.13019e-06;-8.419e-06;-3.11069e-06;-8.12684e-06,3.3;3.3;3.3;-1.68696e-06;-1.96404e-06;-1.98905e-06;-1.65446e-06;3.3,-1.8158e-06;-2.07201e-06;-1.69734e-06;3.3;3.3;3.3;3.3;-1.99616e-06,RETRY_5NS;RETRY_5NS;RETRY_5NS;RETRY_5NS;RETRY_5NS;RETRY_5NS;RETRY_5NS;RETRY_5NS,8,8,11100001,225,30,1110000,7,224,30,225,INFERRED_AT_DAC_BRIDGE_OUTPUT,11100001,225,11100001,225,11100001,225,11100001,225,True,True
MC200_CMP_XM5_XM6_W8P2524_XM7_XM11_W16P8587_S158_LOW_W4,65,-3.28713e-06;-8.83263e-06;-3.15276e-06;-3.35644e-06;-8.43503e-06;-8.77395e-06;-3.19809e-06;-8.43609e-06,-3.4297e-06;-8.71048e-06;-3.28958e-06;-3.49995e-06;-8.3844e-06;-8.67315e-06;-3.33531e-06;-8.38136e-06,3.3;3.3;3.3;3.3;-1.99145e-06;-2.018e-06;-1.68175e-06;-2.01447e-06,-1.85853e-06;-2.10527e-06;-1.72677e-06;-1.73541e-06;3.3;3.3;3.3;3.3,RETRY_5NS;RETRY_5NS;RETRY_5NS;RETRY_5NS;RETRY_5NS;RETRY_5NS;RETRY_5NS;RETRY_5NS,8,8,11110000,240,15,1111000,7,240,14,240,INFERRED_AT_DAC_BRIDGE_OUTPUT,11110000,240,11110000,240,11110000,240,11110000,240,True,True
MC200_CMP_XM5_XM6_W8P2524_XM7_XM11_W16P8587_S158_LOW_W4,66,-3.12172e-06;-8.61396e-06;-3.17243e-06;-3.20316e-06;-8.22714e-06;-8.56392e-06;-3.04329e-06;-8.22452e-06,-3.25852e-06;-8.52613e-06;-3.30011e-06;-3.33999e-06;-8.19851e-06;-8.48935e-06;-3.17487e-06;-8.19948e-06,3.3;3.3;-1.67644e-06;-1.6867e-06;3.3;3.3;-1.66575e-06;3.3,-1.81691e-06;-2.07697e-06;3.3;3.3;-2.01089e-06;-2.03672e-06;3.3;-2.00125e-06,RETRY_5NS;RETRY_5NS;RETRY_5NS;RETRY_5NS;RETRY_5NS;RETRY_5NS;RETRY_5NS;RETRY_5NS,8,8,11001101,205,50,1100110,7,204,50,205,INFERRED_AT_DAC_BRIDGE_OUTPUT,11001101,205,11001101,205,11001101,205,11001101,205,True,True
MC200_CMP_XM5_XM6_W8P2524_XM7_XM11_W16P8587_S158_LOW_W4,67,-3.22341e-06;-8.78052e-06;-3.26253e-06;-3.32864e-06;-7.87952e-06;-8.73449e-06;-3.00175e-06;-7.88737e-06,-3.3641e-06;-8.68705e-06;-3.39581e-06;-3.4697e-06;-7.79279e-06;-8.63369e-06;-3.13988e-06;-7.81786e-06,3.3;-2.06456e-06;-1.68616e-06;-1.70484e-06;-1.98646e-06;3.3;3.3;3.3,-1.82109e-06;3.3;3.3;3.3;3.3;-2.05673e-06;-1.70685e-06;-2.01902e-06,RETRY_5NS;RETRY_5NS;RETRY_5NS;RETRY_5NS;RETRY_5NS;RETRY_5NS;RETRY_5NS;RETRY_5NS,8,8,10000111,135,120,1000011,7,134,120,135,INFERRED_AT_DAC_BRIDGE_OUTPUT,10000111,135,10000111,135,10000111,135,10000111,135,True,True
MC200_CMP_XM5_XM6_W8P2524_XM7_XM11_W16P8587_S159_LOW_W4,0,-3.30538e-06;-8.53331e-06;-3.41024e-06;-3.40848e-06;-8.47533e-06;-8.47513e-06;-3.40624e-06;-8.51244e-06,-3.1929e-06;-8.5707e-06;-3.29679e-06;-3.29398e-06;-8.522e-06;-8.52012e-06;-3.29277e-06;-8.56015e-06,3.3;3.3;3.3;-1.7093e-06;-2.021e-06;-2.01798e-06;-1.69941e-06;-2.01494e-06,-1.8209e-06;-2.07725e-06;-1.71527e-06;3.3;3.3;3.3;3.3;3.3,RETRY_5NS;RETRY_5NS;RETRY_5NS;RETRY_5NS;RETRY_5NS;RETRY_5NS;RETRY_5NS;RETRY_5NS,8,8,11100000,224,31,1110000,7,224,30,224,INFERRED_AT_DAC_BRIDGE_OUTPUT,11100000,224,11100000,224,11100000,224,11100000,224,True,True
MC200_CMP_XM5_XM6_W8P2524_XM7_XM11_W16P8587_S159_LOW_W4,1,-3.31758e-06;-8.53701e-06;-3.41843e-06;-3.66597e-06;-8.48014e-06;-7.56969e-06;-3.39286e-06;-8.5132e-06,-3.20519e-06;-8.57397e-06;-3.30493e-06;-3.55367e-06;-8.51685e-06;-7.63876e-06;-3.27935e-06;-8.55923e-06,3.3;3.3;3.3;-1.70672e-06;3.3;3.3;3.3;3.3,-1.83753e-06;-2.08242e-06;-1.7306e-06;3.3;-2.04306e-06;-2.04778e-06;-1.71551e-06;-2.03602e-06,RETRY_5NS;RETRY_5NS;RETRY_5NS;RETRY_5NS;RETRY_5NS;RETRY_5NS;RETRY_5NS;RETRY_5NS,8,8,11101111,239,16,1110111,7,238,16,239,INFERRED_AT_DAC_BRIDGE_OUTPUT,11101111,239,11101111,239,11101111,239,11101111,239,True,True
MC200_CMP_XM5_XM6_W8P2524_XM7_XM11_W16P8587_S159_LOW_W4,2,-2.61159e-06;-7.68463e-06;-2.74666e-06;-2.7187e-06;-7.63077e-06;-7.62878e-06;-2.70548e-06;-7.66529e-06,-2.52372e-06;-7.60872e-06;-2.65639e-06;-2.62802e-06;-7.55189e-06;-7.55145e-06;-2.61687e-06;-7.592e-06,3.3;3.3;-1.63988e-06;-1.63241e-06;3.3;-1.92056e-06;3.3;3.3,-1.7347e-06;-1.98308e-06;3.3;3.3;-1.952e-06;3.3;-1.64456e-06;-1.95035e-06,RETRY_5NS;RETRY_5NS;RETRY_5NS;RETRY_5NS;RETRY_5NS;RETRY_5NS;RETRY_5NS;RETRY_5NS,8,8,11001011,203,52,1100101,7,202,52,203,INFERRED_AT_DAC_BRIDGE_OUTPUT,11001011,203,11001011,203,11001011,203,11001011,203,True,True
MC200_CMP_XM5_XM6_W8P2524_XM7_XM11_W16P8587_S159_LOW_W4,3,-3.29477e-06;-8.34859e-06;-3.3988e-06;-3.2572e-06;-8.29132e-06;-8.29275e-06;-3.41768e-06;-8.32889e-06,-3.18692e-06;-8.37794e-06;-3.28928e-06;-3.14777e-06;-8.30961e-06;-8.30714e-06;-3.31124e-06;-8.34892e-06,3.3;-2.04613e-06;-1.6974e-06;-1.69125e-06;-1.99801e-06;3.3;-1.68408e-06;3.3,-1.79567e-06;3.3;3.3;3.3;3.3;-2.01718e-06;3.3;-2.01689e-06,RETRY_5NS;RETRY_5NS;RETRY_5NS;RETRY_5NS;RETRY_5NS;RETRY_5NS;RETRY_5NS;RETRY_5NS,8,8,10000101,133,122,1000010,7,132,122,133,INFERRED_AT_DAC_BRIDGE_OUTPUT,10000101,133,10000101,133,10000101,133,10000101,133,True,True
MC200_CMP_XM5_XM6_W8P2524_XM7_XM11_W16P8587_S159_LOW_W4,64,-3.42524e-06;-8.67943e-06;-3.32159e-06;-3.52692e-06;-8.32838e-06;-8.62229e-06;-3.36823e-06;-8.32803e-06,-3.30857e-06;-8.73682e-06;-3.21128e-06;-3.4082e-06;-8.35392e-06;-8.68834e-06;-3.25563e-06;-8.34998e-06,3.3;3.3;3.3;-1.72245e-06;-2.0062e-06;-2.03392e-06;-1.69629e-06;-1.99722e-06,-1.83486e-06;-2.09362e-06;-1.7108e-06;3.3;3.3;3.3;3.3;3.3,RETRY_5NS;RETRY_5NS;RETRY_5NS;RETRY_5NS;RETRY_5NS;RETRY_5NS;RETRY_5NS;RETRY_5NS,8,8,11100000,224,31,1110000,7,224,30,224,INFERRED_AT_DAC_BRIDGE_OUTPUT,11100000,224,11100000,224,11100000,224,11100000,224,True,True
MC200_CMP_XM5_XM6_W8P2524_XM7_XM11_W16P8587_S159_LOW_W4,65,-3.43651e-06;-8.68279e-06;-3.33018e-06;-3.5196e-06;-8.33267e-06;-8.62582e-06;-3.36298e-06;-8.32876e-06,-3.31993e-06;-8.73972e-06;-3.21975e-06;-3.40129e-06;-8.34915e-06;-8.68461e-06;-3.25053e-06;-8.34901e-06,3.3;3.3;3.3;-1.71008e-06;3.3;3.3;3.3;3.3,-1.85167e-06;-2.09868e-06;-1.72039e-06;3.3;-2.02767e-06;-2.05426e-06;-1.71312e-06;-2.05131e-06,RETRY_5NS;RETRY_5NS;RETRY_5NS;RETRY_5NS;RETRY_5NS;RETRY_5NS;RETRY_5NS;RETRY_5NS,8,8,11101111,239,16,1110111,7,238,16,239,INFERRED_AT_DAC_BRIDGE_OUTPUT,11101111,239,11101111,239,11101111,239,11101111,239,True,True
MC200_CMP_XM5_XM6_W8P2524_XM7_XM11_W16P8587_S159_LOW_W4,66,-2.73156e-06;-7.83087e-06;-2.65883e-06;-2.83763e-06;-7.48336e-06;-7.77613e-06;-2.67585e-06;-7.48092e-06,-2.63947e-06;-7.77514e-06;-2.57174e-06;-2.74276e-06;-7.38409e-06;-7.71951e-06;-2.58779e-06;-7.38174e-06,3.3;3.3;-1.63052e-06;-1.6447e-06;3.3;-1.93419e-06;3.3;3.3,-1.74781e-06;-1.99807e-06;3.3;3.3;-1.93678e-06;3.3;-1.64126e-06;-1.93125e-06,RETRY_5NS;RETRY_5NS;RETRY_5NS;RETRY_5NS;RETRY_5NS;RETRY_5NS;RETRY_5NS;RETRY_5NS,8,8,11001011,203,52,1100101,7,202,52,203,INFERRED_AT_DAC_BRIDGE_OUTPUT,11001011,203,11001011,203,11001011,203,11001011,203,True,True
MC200_CMP_XM5_XM6_W8P2524_XM7_XM11_W16P8587_S159_LOW_W4,67,-3.42472e-06;-8.49343e-06;-3.30378e-06;-3.37571e-06;-7.79567e-06;-8.44016e-06;-3.32257e-06;-8.14452e-06,-3.31235e-06;-8.54438e-06;-3.19968e-06;-3.26206e-06;-7.77211e-06;-8.47518e-06;-3.21528e-06;-8.13865e-06,3.3;-2.06212e-06;-1.69424e-06;-1.70505e-06;-1.98655e-06;3.3;-1.67539e-06;3.3,-1.80921e-06;3.3;3.3;3.3;3.3;-2.0321e-06;3.3;-1.99793e-06,RETRY_5NS;RETRY_5NS;RETRY_5NS;RETRY_5NS;RETRY_5NS;RETRY_5NS;RETRY_5NS;RETRY_5NS,8,8,10000101,133,122,1000010,7,132,122,133,INFERRED_AT_DAC_BRIDGE_OUTPUT,10000101,133,10000101,133,10000101,133,10000101,133,True,True
MC200_CMP_XM5_XM6_W8P2524_XM7_XM11_W16P8587_S160_LOW_W4,0,-3.05979e-06;-9.02214e-06;-3.1562e-06;-3.15218e-06;-8.35798e-06;-8.35584e-06;-3.14089e-06;-8.39471e-06,-3.049e-06;-9.00482e-06;-3.14492e-06;-3.14209e-06;-8.3474e-06;-8.34778e-06;-3.12986e-06;-8.38984e-06,3.3;3.3;-1.66229e-06;3.3;3.3;3.3;3.3;-1.9643e-06,-1.76363e-06;-2.01516e-06;3.3;-1.67446e-06;-1.97928e-06;-1.9763e-06;-1.65649e-06;3.3,RETRY_5NS;RETRY_5NS;RETRY_5NS;RETRY_5NS;RETRY_5NS;RETRY_5NS;RETRY_5NS;RETRY_5NS,8,8,11011110,222,33,1101111,7,222,32,222,INFERRED_AT_DAC_BRIDGE_OUTPUT,11011110,222,11011110,222,11011110,222,11011110,222,True,True
MC200_CMP_XM5_XM6_W8P2524_XM7_XM11_W16P8587_S160_LOW_W4,1,-3.25148e-06;-8.65688e-06;-3.34219e-06;-3.32926e-06;-7.54205e-06;-8.59876e-06;-3.32299e-06;-8.63867e-06,-3.24013e-06;-8.64302e-06;-3.33134e-06;-3.31649e-06;-7.53828e-06;-8.59345e-06;-3.31074e-06;-8.63487e-06,3.3;3.3;3.3;-1.67667e-06;3.3;3.3;-1.67102e-06;3.3,-1.80057e-06;-2.04121e-06;-1.69837e-06;3.3;-2.01228e-06;-1.99556e-06;3.3;-1.99276e-06,RETRY_5NS;RETRY_5NS;RETRY_5NS;RETRY_5NS;RETRY_5NS;RETRY_5NS;RETRY_5NS;RETRY_5NS,8,8,11101101,237,18,1110110,7,236,18,237,INFERRED_AT_DAC_BRIDGE_OUTPUT,11101101,237,11101101,237,11101101,237,11101101,237,True,True
MC200_CMP_XM5_XM6_W8P2524_XM7_XM11_W16P8587_S160_LOW_W4,2,-3.17929e-06;-8.32444e-06;-2.90828e-06;-3.08935e-06;-8.27466e-06;-8.09289e-06;-3.21061e-06;-8.31458e-06,-3.16864e-06;-8.31213e-06;-2.89691e-06;-3.07738e-06;-8.26591e-06;-8.08821e-06;-3.1993e-06;-8.30685e-06,3.3;3.3;-1.65683e-06;-1.65518e-06;3.3;-1.95812e-06;-1.65138e-06;3.3,-1.7587e-06;-2.00377e-06;3.3;3.3;-1.96886e-06;3.3;3.3;-1.96814e-06,RETRY_5NS;RETRY_5NS;RETRY_5NS;RETRY_5NS;RETRY_5NS;RETRY_5NS;RETRY_5NS;RETRY_5NS,8,8,11001001,201,54,1100100,7,200,54,201,INFERRED_AT_DAC_BRIDGE_OUTPUT,11001001,201,11001001,201,11001001,201,11001001,201,True,True
MC200_CMP_XM5_XM6_W8P2524_XM7_XM11_W16P8587_S160_LOW_W4,3,-3.14932e-06;-8.56913e-06;-3.29187e-06;-3.27281e-06;-7.57706e-06;-8.51655e-06;-3.262e-06;-8.55767e-06,-3.13811e-06;-8.57475e-06;-3.27966e-06;-3.26031e-06;-7.57912e-06;-8.51253e-06;-3.251e-06;-8.55286e-06,3.3;-2.03055e-06;-1.68156e-06;-1.67563e-06;-1.98749e-06;-1.97412e-06;3.3;3.3,-1.76143e-06;3.3;3.3;3.3;3.3;3.3;-1.67831e-06;-1.99039e-06,RETRY_5NS;RETRY_5NS;RETRY_5NS;RETRY_5NS;RETRY_5NS;RETRY_5NS;RETRY_5NS;RETRY_5NS,8,8,10000011,131,124,1000001,7,130,124,131,INFERRED_AT_DAC_BRIDGE_OUTPUT,10000011,131,10000011,131,10000011,131,10000011,131,True,True
MC200_CMP_XM5_XM6_W8P2524_XM7_XM11_W16P8587_S160_LOW_W4,64,-3.15113e-06;-8.07538e-06;-3.03601e-06;-3.24245e-06;-8.15513e-06;-8.47757e-06;-3.08026e-06;-8.15131e-06,-3.13996e-06;-8.0631e-06;-3.02523e-06;-3.23199e-06;-8.14317e-06;-8.47052e-06;-3.06951e-06;-8.14404e-06,3.3;3.3;-1.64929e-06;3.3;3.3;3.3;3.3;-1.94166e-06,-1.77511e-06;-2.03046e-06;3.3;-1.68424e-06;-1.96052e-06;-1.98825e-06;-1.65303e-06;3.3,RETRY_5NS;RETRY_5NS;RETRY_5NS;RETRY_5NS;RETRY_5NS;RETRY_5NS;RETRY_5NS;RETRY_5NS,8,8,11011110,222,33,1101111,7,222,32,222,INFERRED_AT_DAC_BRIDGE_OUTPUT,11011110,222,11011110,222,11011110,222,11011110,222,True,True
MC200_CMP_XM5_XM6_W8P2524_XM7_XM11_W16P8587_S160_LOW_W4,65,-3.37236e-06;-8.81778e-06;-3.25212e-06;-3.44991e-06;-8.43863e-06;-8.76088e-06;-3.29267e-06;-8.43584e-06,-3.3605e-06;-8.80469e-06;-3.24164e-06;-3.43668e-06;-8.42906e-06;-8.75719e-06;-3.28055e-06;-8.43004e-06,3.3;3.3;3.3;-1.69067e-06;3.3;3.3;-1.66702e-06;3.3,-1.81464e-06;-2.05697e-06;-1.68872e-06;3.3;-1.98687e-06;-2.01203e-06;3.3;-2.0149e-06,RETRY_5NS;RETRY_5NS;RETRY_5NS;RETRY_5NS;RETRY_5NS;RETRY_5NS;RETRY_5NS;RETRY_5NS,8,8,11101101,237,18,1110110,7,236,18,237,INFERRED_AT_DAC_BRIDGE_OUTPUT,11101101,237,11101101,237,11101101,237,11101101,237,True,True
MC200_CMP_XM5_XM6_W8P2524_XM7_XM11_W16P8587_S160_LOW_W4,66,-3.14761e-06;-8.52586e-06;-2.86667e-06;-3.24006e-06;-8.1529e-06;-7.58629e-06;-3.08047e-06;-8.15186e-06,-3.13671e-06;-8.51491e-06;-2.85558e-06;-3.22743e-06;-8.14322e-06;-7.58677e-06;-3.06923e-06;-8.14331e-06,3.3;3.3;-1.65045e-06;-1.67085e-06;3.3;-1.98374e-06;-1.64407e-06;3.3,-1.7682e-06;-2.02309e-06;3.3;3.3;-1.95602e-06;3.3;3.3;-1.95118e-06,RETRY_5NS;RETRY_5NS;RETRY_5NS;RETRY_5NS;RETRY_5NS;RETRY_5NS;RETRY_5NS;RETRY_5NS,8,8,11001001,201,54,1100100,7,200,54,201,INFERRED_AT_DAC_BRIDGE_OUTPUT,11001001,201,11001001,201,11001001,201,11001001,201,True,True
MC200_CMP_XM5_XM6_W8P2524_XM7_XM11_W16P8587_S160_LOW_W4,67,-3.27315e-06;-8.72902e-06;-3.20234e-06;-3.72896e-06;-7.62877e-06;-8.67872e-06;-3.23168e-06;-8.35477e-06,-3.26143e-06;-8.73704e-06;-3.19053e-06;-3.7161e-06;-7.62864e-06;-8.67628e-06;-3.22081e-06;-8.34809e-06,3.3;-2.04655e-06;-1.67262e-06;-1.68634e-06;-1.97495e-06;-1.98997e-06;3.3;3.3,-1.77555e-06;3.3;3.3;3.3;3.3;3.3;-1.67318e-06;-1.97102e-06,RETRY_5NS;RETRY_5NS;RETRY_5NS;RETRY_5NS;RETRY_5NS;RETRY_5NS;RETRY_5NS;RETRY_5NS,8,8,10000011,131,124,1000001,7,130,124,131,INFERRED_AT_DAC_BRIDGE_OUTPUT,10000011,131,10000011,131,10000011,131,10000011,131,True,True
MC200_CMP_XM5_XM6_W8P2524_XM7_XM11_W16P8587_S161_LOW_W4,0,-2.57233e-06;-7.93227e-06;-2.67516e-06;-2.6722e-06;-7.66732e-06;-7.66634e-06;-2.6549e-06;-7.70634e-06,-2.61041e-06;-7.9645e-06;-2.71457e-06;-2.7104e-06;-7.7063e-06;-7.70433e-06;-2.69304e-06;-7.74171e-06,3.3;3.3;3.3;-1.66062e-06;-1.96379e-06;-1.96141e-06;-1.65246e-06;-1.95533e-06,-1.73909e-06;-1.97621e-06;-1.64453e-06;3.3;3.3;3.3;3.3;3.3,RETRY_5NS;RETRY_5NS;RETRY_5NS;RETRY_5NS;RETRY_5NS;RETRY_5NS;RETRY_5NS;RETRY_5NS,8,8,11100000,224,31,1110000,7,224,30,224,INFERRED_AT_DAC_BRIDGE_OUTPUT,11100000,224,11100000,224,11100000,224,11100000,224,True,True
MC200_CMP_XM5_XM6_W8P2524_XM7_XM11_W16P8587_S161_LOW_W4,1,-3.2691e-06;-8.66854e-06;-3.36109e-06;-3.3461e-06;-8.61194e-06;-8.61016e-06;-3.34009e-06;-8.6494e-06,-3.31837e-06;-8.64747e-06;-3.41165e-06;-3.39534e-06;-8.59739e-06;-8.59756e-06;-3.38979e-06;-8.63726e-06,3.3;3.3;3.3;-1.72297e-06;3.3;3.3;3.3;3.3,-1.83417e-06;-2.07536e-06;-1.72703e-06;3.3;-2.03796e-06;-2.03381e-06;-1.71353e-06;-2.03262e-06,RETRY_5NS;RETRY_5NS;RETRY_5NS;RETRY_5NS;RETRY_5NS;RETRY_5NS;RETRY_5NS;RETRY_5NS,8,8,11101111,239,16,1110111,7,238,16,239,INFERRED_AT_DAC_BRIDGE_OUTPUT,11101111,239,11101111,239,11101111,239,11101111,239,True,True
MC200_CMP_XM5_XM6_W8P2524_XM7_XM11_W16P8587_S161_LOW_W4,2,-2.5677e-06;-7.89792e-06;-2.68854e-06;-2.66489e-06;-7.66896e-06;-7.66707e-06;-2.6548e-06;-7.70635e-06,-2.60598e-06;-7.93013e-06;-2.72706e-06;-2.70265e-06;-7.7033e-06;-7.70233e-06;-2.69307e-06;-7.74172e-06,3.3;3.3;-1.66664e-06;-1.65647e-06;3.3;3.3;-1.65151e-06;-1.95631e-06,-1.73242e-06;-1.98749e-06;3.3;3.3;-1.94719e-06;-1.93422e-06;3.3;3.3,RETRY_5NS;RETRY_5NS;RETRY_5NS;RETRY_5NS;RETRY_5NS;RETRY_5NS;RETRY_5NS;RETRY_5NS,8,8,11001100,204,51,1100110,7,204,50,204,INFERRED_AT_DAC_BRIDGE_OUTPUT,11001100,204,11001100,204,11001100,204,11001100,204,True,True
MC200_CMP_XM5_XM6_W8P2524_XM7_XM11_W16P8587_S161_LOW_W4,3,-3.07311e-06;-8.45834e-06;-3.22248e-06;-3.20195e-06;-8.40253e-06;-8.40434e-06;-3.19092e-06;-8.44461e-06,-3.11948e-06;-8.4668e-06;-3.26942e-06;-3.24827e-06;-8.40487e-06;-8.40342e-06;-3.23816e-06;-8.44238e-06,3.3;-2.07935e-06;-1.72236e-06;-1.71692e-06;-2.02781e-06;3.3;-1.70124e-06;3.3,-1.78178e-06;3.3;3.3;3.3;3.3;-2.01198e-06;3.3;-2.0135e-06,RETRY_5NS;RETRY_5NS;RETRY_5NS;RETRY_5NS;RETRY_5NS;RETRY_5NS;RETRY_5NS;RETRY_5NS,8,8,10000101,133,122,1000010,7,132,122,133,INFERRED_AT_DAC_BRIDGE_OUTPUT,10000101,133,10000101,133,10000101,133,10000101,133,True,True
MC200_CMP_XM5_XM6_W8P2524_XM7_XM11_W16P8587_S161_LOW_W4,64,-2.69204e-06;-8.06947e-06;-2.58665e-06;-2.79048e-06;-7.50403e-06;-7.82984e-06;-2.62513e-06;-7.50155e-06,-2.73202e-06;-8.09266e-06;-2.62467e-06;-2.83055e-06;-7.55042e-06;-7.86024e-06;-2.66278e-06;-7.54682e-06,3.3;3.3;3.3;-1.6729e-06;-1.94914e-06;-1.97563e-06;-1.64823e-06;-1.93713e-06,-1.75242e-06;-1.99527e-06;-1.63496e-06;3.3;3.3;3.3;3.3;3.3,RETRY_5NS;RETRY_5NS;RETRY_5NS;RETRY_5NS;RETRY_5NS;RETRY_5NS;RETRY_5NS;RETRY_5NS,8,8,11100000,224,31,1110000,7,224,30,224,INFERRED_AT_DAC_BRIDGE_OUTPUT,11100000,224,11100000,224,11100000,224,11100000,224,True,True
MC200_CMP_XM5_XM6_W8P2524_XM7_XM11_W16P8587_S161_LOW_W4,65,-3.38754e-06;-8.8309e-06;-3.27288e-06;-3.46458e-06;-8.44297e-06;-8.7699e-06;-3.50395e-06;-8.44341e-06,-3.43869e-06;-8.80112e-06;-3.32196e-06;-3.51615e-06;-8.44698e-06;-8.75717e-06;-3.55254e-06;-8.44353e-06,3.3;3.3;3.3;3.3;-2.03756e-06;-2.06657e-06;-1.73029e-06;-2.06994e-06,-1.84794e-06;-2.09255e-06;-1.71736e-06;-1.71636e-06;3.3;3.3;3.3;3.3,RETRY_5NS;RETRY_5NS;RETRY_5NS;RETRY_5NS;RETRY_5NS;RETRY_5NS;RETRY_5NS;RETRY_5NS,8,8,11110000,240,15,1111000,7,240,14,240,INFERRED_AT_DAC_BRIDGE_OUTPUT,11110000,240,11110000,240,11110000,240,11110000,240,True,True
MC200_CMP_XM5_XM6_W8P2524_XM7_XM11_W16P8587_S161_LOW_W4,66,-2.6877e-06;-8.15378e-06;-2.60037e-06;-2.78354e-06;-7.50515e-06;-7.83078e-06;-2.62505e-06;-7.50151e-06,-2.72789e-06;-8.18023e-06;-2.63749e-06;-2.82319e-06;-7.54776e-06;-7.85819e-06;-2.6627e-06;-7.5468e-06,3.3;3.3;-1.6573e-06;-1.66943e-06;3.3;3.3;-1.64984e-06;-1.93913e-06,-1.74614e-06;-1.99048e-06;3.3;3.3;-1.93153e-06;-1.95265e-06;3.3;3.3,RETRY_5NS;RETRY_5NS;RETRY_5NS;RETRY_5NS;RETRY_5NS;RETRY_5NS;RETRY_5NS;RETRY_5NS,8,8,11001100,204,51,1100110,7,204,50,204,INFERRED_AT_DAC_BRIDGE_OUTPUT,11001100,204,11001100,204,11001100,204,11001100,204,True,True
MC200_CMP_XM5_XM6_W8P2524_XM7_XM11_W16P8587_S161_LOW_W4,67,-3.19489e-06;-8.61962e-06;-3.13443e-06;-3.32043e-06;-8.23894e-06;-8.56789e-06;-3.16108e-06;-8.23871e-06,-3.24318e-06;-8.62101e-06;-3.17998e-06;-3.3686e-06;-8.24922e-06;-8.55921e-06;-3.20787e-06;-8.24851e-06,3.3;-2.09505e-06;-1.71405e-06;-1.73055e-06;-2.01257e-06;3.3;3.3;-2.0101e-06,-1.79566e-06;3.3;3.3;3.3;3.3;-2.02662e-06;-1.67919e-06;3.3,RETRY_5NS;RETRY_5NS;RETRY_5NS;RETRY_5NS;RETRY_5NS;RETRY_5NS;RETRY_5NS;RETRY_5NS,8,8,10000110,134,121,1000011,7,134,120,134,INFERRED_AT_DAC_BRIDGE_OUTPUT,10000110,134,10000110,134,10000110,134,10000110,134,True,True
MC200_CMP_XM5_XM6_W8P2524_XM7_XM11_W16P8587_S162_LOW_W4,0,-3.06317e-06;-8.33893e-06;-3.16868e-06;-3.16584e-06;-8.27633e-06;-9.59232e-06;-3.14958e-06;-8.31671e-06,-3.07787e-06;-8.32262e-06;-3.18454e-06;-3.18063e-06;-8.27364e-06;-9.60189e-06;-3.16511e-06;-8.30791e-06,3.3;3.3;3.3;-1.69763e-06;-2.00979e-06;-2.00339e-06;-1.68828e-06;-2.00131e-06,-1.74092e-06;-1.9835e-06;-1.64407e-06;3.3;3.3;3.3;3.3;3.3,RETRY_5NS;RETRY_5NS;RETRY_5NS;RETRY_5NS;RETRY_5NS;RETRY_5NS;RETRY_5NS;RETRY_5NS,8,8,11100000,224,31,1110000,7,224,30,224,INFERRED_AT_DAC_BRIDGE_OUTPUT,11100000,224,11100000,224,11100000,224,11100000,224,True,True
MC200_CMP_XM5_XM6_W8P2524_XM7_XM11_W16P8587_S162_LOW_W4,1,-3.64554e-06;-8.69945e-06;-3.43871e-06;-3.42066e-06;-8.64113e-06;-8.63932e-06;-3.41364e-06;-8.67736e-06,-3.66255e-06;-8.67046e-06;-3.45728e-06;-3.43906e-06;-8.61796e-06;-8.61793e-06;-3.43255e-06;-8.65735e-06,3.3;3.3;3.3;-1.71384e-06;3.3;3.3;3.3;3.3,-1.79593e-06;-2.02242e-06;-1.6824e-06;3.3;-1.98456e-06;-1.97954e-06;-1.66794e-06;-1.97701e-06,RETRY_5NS;RETRY_5NS;RETRY_5NS;RETRY_5NS;RETRY_5NS;RETRY_5NS;RETRY_5NS;RETRY_5NS,8,8,11101111,239,16,1110111,7,238,16,239,INFERRED_AT_DAC_BRIDGE_OUTPUT,11101111,239,11101111,239,11101111,239,11101111,239,True,True
MC200_CMP_XM5_XM6_W8P2524_XM7_XM11_W16P8587_S162_LOW_W4,2,-3.29488e-06;-7.95019e-06;-3.41218e-06;-3.39298e-06;-8.59954e-06;-8.5972e-06;-3.38486e-06;-8.63673e-06,-3.31182e-06;-7.91906e-06;-3.42913e-06;-3.40967e-06;-8.57915e-06;-8.57992e-06;-3.40194e-06;-8.61895e-06,3.3;3.3;-1.72895e-06;-1.71947e-06;3.3;3.3;-1.71524e-06;-2.03596e-06,-1.75941e-06;-2.01752e-06;3.3;3.3;-1.97754e-06;-1.96441e-06;3.3;3.3,RETRY_5NS;RETRY_5NS;RETRY_5NS;RETRY_5NS;RETRY_5NS;RETRY_5NS;RETRY_5NS;RETRY_5NS,8,8,11001100,204,51,1100110,7,204,50,204,INFERRED_AT_DAC_BRIDGE_OUTPUT,11001100,204,11001100,204,11001100,204,11001100,204,True,True
MC200_CMP_XM5_XM6_W8P2524_XM7_XM11_W16P8587_S162_LOW_W4,3,-3.05466e-06;-8.33662e-06;-3.18693e-06;-3.05935e-06;-8.27637e-06;-8.27826e-06;-3.14925e-06;-8.31626e-06,-3.0691e-06;-8.33715e-06;-3.20212e-06;-3.07392e-06;-8.27087e-06;-8.26891e-06;-3.16533e-06;-8.30836e-06,3.3;-2.05216e-06;-1.70233e-06;-1.69342e-06;-2.005e-06;3.3;3.3;-2.00435e-06,-1.72536e-06;3.3;3.3;3.3;3.3;-1.94349e-06;-1.62694e-06;3.3,RETRY_5NS;RETRY_5NS;RETRY_5NS;RETRY_5NS;RETRY_5NS;RETRY_5NS;RETRY_5NS;RETRY_5NS,8,8,10000110,134,121,1000011,7,134,120,134,INFERRED_AT_DAC_BRIDGE_OUTPUT,10000110,134,10000110,134,10000110,134,10000110,134,True,True
MC200_CMP_XM5_XM6_W8P2524_XM7_XM11_W16P8587_S162_LOW_W4,64,-3.18116e-06;-8.49764e-06;-3.08143e-06;-3.28241e-06;-8.11675e-06;-8.05387e-06;-3.12021e-06;-8.11664e-06,-3.19691e-06;-8.47588e-06;-3.09653e-06;-3.29816e-06;-8.11827e-06;-8.04311e-06;-3.13548e-06;-8.11359e-06,3.3;3.3;3.3;-1.71023e-06;-1.9945e-06;-2.0258e-06;-1.68513e-06;-1.98213e-06,-1.7546e-06;-1.99854e-06;-1.63443e-06;3.3;3.3;3.3;3.3;3.3,RETRY_5NS;RETRY_5NS;RETRY_5NS;RETRY_5NS;RETRY_5NS;RETRY_5NS;RETRY_5NS;RETRY_5NS,8,8,11100000,224,31,1110000,7,224,30,224,INFERRED_AT_DAC_BRIDGE_OUTPUT,11100000,224,11100000,224,11100000,224,11100000,224,True,True
MC200_CMP_XM5_XM6_W8P2524_XM7_XM11_W16P8587_S162_LOW_W4,65,-3.80125e-06;-8.85789e-06;-3.35181e-06;-3.53762e-06;-8.48107e-06;-8.79941e-06;-3.3843e-06;-8.47736e-06,-3.81923e-06;-8.82339e-06;-3.36956e-06;-3.55705e-06;-8.46307e-06;-8.77302e-06;-3.40297e-06;-8.46305e-06,3.3;3.3;3.3;-1.72507e-06;3.3;3.3;3.3;3.3,-1.80994e-06;-2.03816e-06;-1.67209e-06;3.3;-1.9689e-06;-1.99571e-06;-1.66529e-06;-1.998e-06,RETRY_5NS;RETRY_5NS;RETRY_5NS;RETRY_5NS;RETRY_5NS;RETRY_5NS;RETRY_5NS;RETRY_5NS,8,8,11101111,239,16,1110111,7,238,16,239,INFERRED_AT_DAC_BRIDGE_OUTPUT,11101111,239,11101111,239,11101111,239,11101111,239,True,True
MC200_CMP_XM5_XM6_W8P2524_XM7_XM11_W16P8587_S162_LOW_W4,66,-3.41277e-06;-8.80781e-06;-3.32555e-06;-3.50988e-06;-8.43948e-06;-8.75714e-06;-3.35549e-06;-8.43671e-06,-3.43072e-06;-8.77775e-06;-3.34179e-06;-3.52763e-06;-8.42417e-06;-8.73525e-06;-3.3723e-06;-8.42454e-06,3.3;3.3;-1.7193e-06;-1.73286e-06;3.3;3.3;-1.71203e-06;-2.0154e-06,-1.77336e-06;-2.02616e-06;3.3;3.3;-1.96276e-06;-1.97842e-06;3.3;3.3,RETRY_5NS;RETRY_5NS;RETRY_5NS;RETRY_5NS;RETRY_5NS;RETRY_5NS;RETRY_5NS;RETRY_5NS,8,8,11001100,204,51,1100110,7,204,50,204,INFERRED_AT_DAC_BRIDGE_OUTPUT,11001100,204,11001100,204,11001100,204,11001100,204,True,True
MC200_CMP_XM5_XM6_W8P2524_XM7_XM11_W16P8587_S162_LOW_W4,67,-3.3008e-06;-8.49407e-06;-3.10058e-06;-3.40857e-06;-8.08564e-06;-8.4384e-06;-3.11987e-06;-8.11615e-06,-3.31594e-06;-8.49074e-06;-3.11507e-06;-3.42401e-06;-8.08472e-06;-8.42408e-06;-3.13569e-06;-8.11408e-06,3.3;-2.06895e-06;-1.69284e-06;-1.71426e-06;-1.98959e-06;3.3;3.3;-1.98582e-06,-1.74364e-06;3.3;3.3;3.3;3.3;-1.95895e-06;-1.62135e-06;3.3,RETRY_5NS;RETRY_5NS;RETRY_5NS;RETRY_5NS;RETRY_5NS;RETRY_5NS;RETRY_5NS;RETRY_5NS,8,8,10000110,134,121,1000011,7,134,120,134,INFERRED_AT_DAC_BRIDGE_OUTPUT,10000110,134,10000110,134,10000110,134,10000110,134,True,True
MC200_CMP_XM5_XM6_W8P2524_XM7_XM11_W16P8587_S163_LOW_W4,0,-3.14751e-06;-7.6696e-06;-3.25198e-06;-3.24914e-06;-8.33356e-06;-8.33361e-06;-3.23357e-06;-8.37166e-06,-3.13246e-06;-7.67285e-06;-3.23733e-06;-3.23317e-06;-8.34507e-06;-8.34264e-06;-3.21841e-06;-8.38107e-06,3.3;3.3;3.3;-1.67843e-06;-1.98581e-06;-1.9807e-06;3.3;-1.98166e-06,-1.78274e-06;-2.04061e-06;-1.68783e-06;3.3;3.3;3.3;-1.6736e-06;3.3,RETRY_5NS;RETRY_5NS;RETRY_5NS;RETRY_5NS;RETRY_5NS;RETRY_5NS;RETRY_5NS;RETRY_5NS,8,8,11100010,226,29,1110001,7,226,28,226,INFERRED_AT_DAC_BRIDGE_OUTPUT,11100010,226,11100010,226,11100010,226,11100010,226,True,True
MC200_CMP_XM5_XM6_W8P2524_XM7_XM11_W16P8587_S163_LOW_W4,1,-3.19005e-06;-8.43581e-06;-3.29066e-06;-3.27092e-06;-8.37171e-06;-8.3715e-06;-3.26369e-06;-8.41044e-06,-3.17498e-06;-8.43556e-06;-3.27588e-06;-3.25607e-06;-8.38441e-06;-8.38259e-06;-3.24782e-06;-8.41942e-06,3.3;3.3;3.3;3.3;-1.98916e-06;-1.98586e-06;-1.66932e-06;3.3,-1.80291e-06;-2.04376e-06;-1.69554e-06;-1.68439e-06;3.3;3.3;3.3;-1.99675e-06,RETRY_5NS;RETRY_5NS;RETRY_5NS;RETRY_5NS;RETRY_5NS;RETRY_5NS;RETRY_5NS;RETRY_5NS,8,8,11110001,241,14,1111000,7,240,14,241,INFERRED_AT_DAC_BRIDGE_OUTPUT,11110001,241,11110001,241,11110001,241,11110001,241,True,True
MC200_CMP_XM5_XM6_W8P2524_XM7_XM11_W16P8587_S163_LOW_W4,2,-3.32246e-06;-7.69875e-06;-3.43905e-06;-3.41967e-06;-8.56679e-06;-8.56445e-06;-3.52874e-06;-8.60194e-06,-3.3066e-06;-7.70906e-06;-3.42207e-06;-3.40326e-06;-8.575e-06;-8.57573e-06;-3.51229e-06;-8.61518e-06,3.3;3.3;-1.70061e-06;-1.69047e-06;3.3;3.3;-1.68751e-06;3.3,-1.79693e-06;-2.06042e-06;3.3;3.3;-2.02092e-06;-2.01757e-06;3.3;-2.01735e-06,RETRY_5NS;RETRY_5NS;RETRY_5NS;RETRY_5NS;RETRY_5NS;RETRY_5NS;RETRY_5NS;RETRY_5NS,8,8,11001101,205,50,1100110,7,204,50,205,INFERRED_AT_DAC_BRIDGE_OUTPUT,11001101,205,11001101,205,11001101,205,11001101,205,True,True
MC200_CMP_XM5_XM6_W8P2524_XM7_XM11_W16P8587_S163_LOW_W4,3,-3.16633e-06;-8.46587e-06;-3.32761e-06;-3.30516e-06;-8.4103e-06;-8.41263e-06;-3.29285e-06;-8.44874e-06,-3.15102e-06;-8.48514e-06;-3.31149e-06;-3.2885e-06;-8.4204e-06;-8.41869e-06;-3.27784e-06;-8.45862e-06,3.3;-2.03762e-06;-1.68829e-06;-1.68186e-06;-1.9833e-06;3.3;3.3;3.3,-1.77343e-06;3.3;3.3;3.3;3.3;-2.00327e-06;-1.68683e-06;-1.99907e-06,RETRY_5NS;RETRY_5NS;RETRY_5NS;RETRY_5NS;RETRY_5NS;RETRY_5NS;RETRY_5NS;RETRY_5NS,8,8,10000111,135,120,1000011,7,134,120,135,INFERRED_AT_DAC_BRIDGE_OUTPUT,10000111,135,10000111,135,10000111,135,10000111,135,True,True
MC200_CMP_XM5_XM6_W8P2524_XM7_XM11_W16P8587_S163_LOW_W4,64,-3.26671e-06;-9.76193e-06;-3.16375e-06;-3.36683e-06;-8.1809e-06;-8.48654e-06;-3.2039e-06;-8.18121e-06,-3.25094e-06;-9.75499e-06;-3.14964e-06;-3.35009e-06;-8.18837e-06;-8.49933e-06;-3.18888e-06;-8.18398e-06,3.3;3.3;3.3;-1.6914e-06;-1.97037e-06;-1.99652e-06;-1.65734e-06;3.3,-1.79637e-06;-2.04573e-06;-1.67798e-06;3.3;3.3;3.3;3.3;-1.976e-06,RETRY_5NS;RETRY_5NS;RETRY_5NS;RETRY_5NS;RETRY_5NS;RETRY_5NS;RETRY_5NS;RETRY_5NS,8,8,11100001,225,30,1110000,7,224,30,225,INFERRED_AT_DAC_BRIDGE_OUTPUT,11100001,225,11100001,225,11100001,225,11100001,225,True,True
MC200_CMP_XM5_XM6_W8P2524_XM7_XM11_W16P8587_S163_LOW_W4,65,-3.30831e-06;-8.58716e-06;-3.20288e-06;-3.38922e-06;-8.21908e-06;-8.52432e-06;-3.23399e-06;-8.21895e-06,-3.29253e-06;-8.58965e-06;-3.18859e-06;-3.37363e-06;-8.22784e-06;-8.53927e-06;-3.2183e-06;-8.22359e-06,3.3;3.3;3.3;3.3;-1.97378e-06;-2.00127e-06;-1.66798e-06;3.3,-1.81626e-06;-2.05813e-06;-1.68583e-06;-1.6973e-06;3.3;3.3;3.3;-2.01271e-06,RETRY_5NS;RETRY_5NS;RETRY_5NS;RETRY_5NS;RETRY_5NS;RETRY_5NS;RETRY_5NS;RETRY_5NS,8,8,11110001,241,14,1111000,7,240,14,241,INFERRED_AT_DAC_BRIDGE_OUTPUT,11110001,241,11110001,241,11110001,241,11110001,241,True,True
MC200_CMP_XM5_XM6_W8P2524_XM7_XM11_W16P8587_S163_LOW_W4,66,-3.44158e-06;-8.06304e-06;-3.35119e-06;-3.53788e-06;-8.41359e-06;-8.71752e-06;-3.38245e-06;-7.62185e-06,-3.425e-06;-8.07819e-06;-3.33478e-06;-3.52085e-06;-8.41877e-06;-8.73225e-06;-3.3659e-06;-7.63529e-06,3.3;3.3;-1.69136e-06;-1.70387e-06;3.3;3.3;-1.68137e-06;3.3,-1.81014e-06;-2.07985e-06;3.3;3.3;-2.00707e-06;-2.03166e-06;3.3;-2.0073e-06,RETRY_5NS;RETRY_5NS;RETRY_5NS;RETRY_5NS;RETRY_5NS;RETRY_5NS;RETRY_5NS;RETRY_5NS,8,8,11001101,205,50,1100110,7,204,50,205,INFERRED_AT_DAC_BRIDGE_OUTPUT,11001101,205,11001101,205,11001101,205,11001101,205,True,True
MC200_CMP_XM5_XM6_W8P2524_XM7_XM11_W16P8587_S163_LOW_W4,67,-3.28809e-06;-8.61642e-06;-3.24025e-06;-3.42333e-06;-8.25736e-06;-8.56578e-06;-3.49826e-06;-8.25731e-06,-3.27204e-06;-8.64005e-06;-3.22472e-06;-3.40591e-06;-8.2639e-06;-8.57507e-06;-3.48379e-06;-8.26274e-06,3.3;-2.05287e-06;-1.67825e-06;-1.69528e-06;-1.96739e-06;3.3;3.3;3.3,-1.78712e-06;3.3;3.3;3.3;3.3;-2.01938e-06;-1.69e-06;-1.98134e-06,RETRY_5NS;RETRY_5NS;RETRY_5NS;RETRY_5NS;RETRY_5NS;RETRY_5NS;RETRY_5NS;RETRY_5NS,8,8,10000111,135,120,1000011,7,134,120,135,INFERRED_AT_DAC_BRIDGE_OUTPUT,10000111,135,10000111,135,10000111,135,10000111,135,True,True
MC200_CMP_XM5_XM6_W8P2524_XM7_XM11_W16P8587_S164_LOW_W4,0,-2.92251e-06;-8.25455e-06;-3.00939e-06;-3.00762e-06;-8.19808e-06;-8.19838e-06;-2.99683e-06;-8.23878e-06,-2.94978e-06;-8.24182e-06;-3.0375e-06;-3.03406e-06;-8.19882e-06;-8.19705e-06;-3.02373e-06;-8.23409e-06,3.3;3.3;3.3;-1.62664e-06;-1.92326e-06;-1.91918e-06;-1.61523e-06;3.3,-1.76892e-06;-2.01696e-06;-1.67293e-06;3.3;3.3;3.3;3.3;-1.97549e-06,RETRY_5NS;RETRY_5NS;RETRY_5NS;RETRY_5NS;RETRY_5NS;RETRY_5NS;RETRY_5NS;RETRY_5NS,8,8,11100001,225,30,1110000,7,224,30,225,INFERRED_AT_DAC_BRIDGE_OUTPUT,11100001,225,11100001,225,11100001,225,11100001,225,True,True
MC200_CMP_XM5_XM6_W8P2524_XM7_XM11_W16P8587_S164_LOW_W4,1,-3.21336e-06;-8.61293e-06;-3.29459e-06;-3.28299e-06;-8.55527e-06;-8.55574e-06;-3.27895e-06;-8.59681e-06,-3.24223e-06;-8.58829e-06;-3.32451e-06;-3.31202e-06;-8.54763e-06;-8.54611e-06;-3.30732e-06;-8.58298e-06,3.3;3.3;3.3;3.3;-1.95696e-06;-1.95365e-06;-1.64413e-06;-1.95027e-06,-1.8152e-06;-2.05798e-06;-1.70927e-06;-1.69227e-06;3.3;3.3;3.3;3.3,RETRY_5NS;RETRY_5NS;RETRY_5NS;RETRY_5NS;RETRY_5NS;RETRY_5NS;RETRY_5NS;RETRY_5NS,8,8,11110000,240,15,1111000,7,240,14,240,INFERRED_AT_DAC_BRIDGE_OUTPUT,11110000,240,11110000,240,11110000,240,11110000,240,True,True
MC200_CMP_XM5_XM6_W8P2524_XM7_XM11_W16P8587_S164_LOW_W4,2,-3.17153e-06;-8.52551e-06;-3.23537e-06;-3.2216e-06;-7.91326e-06;-8.47798e-06;-3.21624e-06;-8.51727e-06,-3.19995e-06;-8.50614e-06;-3.26309e-06;-3.24921e-06;-7.89197e-06;-8.46608e-06;-3.24427e-06;-8.50542e-06,3.3;3.3;-1.65165e-06;-1.6435e-06;3.3;3.3;-1.6382e-06;-1.93875e-06,-1.78561e-06;-2.04082e-06;3.3;3.3;-2.01694e-06;-2.00078e-06;3.3;3.3,RETRY_5NS;RETRY_5NS;RETRY_5NS;RETRY_5NS;RETRY_5NS;RETRY_5NS;RETRY_5NS;RETRY_5NS,8,8,11001100,204,51,1100110,7,204,50,204,INFERRED_AT_DAC_BRIDGE_OUTPUT,11001100,204,11001100,204,11001100,204,11001100,204,True,True
MC200_CMP_XM5_XM6_W8P2524_XM7_XM11_W16P8587_S164_LOW_W4,3,-2.85897e-06;-8.21105e-06;-2.99215e-06;-2.97446e-06;-8.1586e-06;-8.16088e-06;-3.05441e-06;-8.19878e-06,-2.88587e-06;-8.21613e-06;-3.01863e-06;-3.00054e-06;-8.15771e-06;-8.15605e-06;-3.08191e-06;-8.19567e-06,3.3;-1.96388e-06;-1.62647e-06;-1.62234e-06;-1.9142e-06;3.3;3.3;-1.91274e-06,-1.74865e-06;3.3;3.3;3.3;3.3;-1.97526e-06;-1.66439e-06;3.3,RETRY_5NS;RETRY_5NS;RETRY_5NS;RETRY_5NS;RETRY_5NS;RETRY_5NS;RETRY_5NS;RETRY_5NS,8,8,10000110,134,121,1000011,7,134,120,134,INFERRED_AT_DAC_BRIDGE_OUTPUT,10000110,134,10000110,134,10000110,134,10000110,134,True,True
MC200_CMP_XM5_XM6_W8P2524_XM7_XM11_W16P8587_S164_LOW_W4,64,-3.04806e-06;-8.41279e-06;-2.9161e-06;-3.13209e-06;-8.0393e-06;-8.35744e-06;-2.96547e-06;-8.0397e-06,-3.07596e-06;-8.39494e-06;-2.94373e-06;-3.15917e-06;-8.04392e-06;-8.35182e-06;-2.99222e-06;-8.04053e-06,3.3;3.3;3.3;-1.63801e-06;-1.90854e-06;-1.93388e-06;-1.61176e-06;3.3,-1.78268e-06;-2.03228e-06;-1.66423e-06;3.3;3.3;3.3;3.3;-1.95376e-06,RETRY_5NS;RETRY_5NS;RETRY_5NS;RETRY_5NS;RETRY_5NS;RETRY_5NS;RETRY_5NS;RETRY_5NS,8,8,11100001,225,30,1110000,7,224,30,225,INFERRED_AT_DAC_BRIDGE_OUTPUT,11100001,225,11100001,225,11100001,225,11100001,225,True,True
MC200_CMP_XM5_XM6_W8P2524_XM7_XM11_W16P8587_S164_LOW_W4,65,-3.33794e-06;-8.77092e-06;-3.20173e-06;-3.40768e-06;-8.39651e-06;-8.71465e-06;-3.24765e-06;-8.39779e-06,-3.36743e-06;-8.74113e-06;-3.23116e-06;-3.43774e-06;-8.39268e-06;-8.70114e-06;-3.27584e-06;-8.38931e-06,3.3;3.3;3.3;3.3;-1.9422e-06;-1.96915e-06;-1.64168e-06;-1.96833e-06,-1.82825e-06;-2.07435e-06;-1.70002e-06;-1.70601e-06;3.3;3.3;3.3;3.3,RETRY_5NS;RETRY_5NS;RETRY_5NS;RETRY_5NS;RETRY_5NS;RETRY_5NS;RETRY_5NS;RETRY_5NS,8,8,11110000,240,15,1111000,7,240,14,240,INFERRED_AT_DAC_BRIDGE_OUTPUT,11110000,240,11110000,240,11110000,240,11110000,240,True,True
MC200_CMP_XM5_XM6_W8P2524_XM7_XM11_W16P8587_S164_LOW_W4,66,-3.33005e-06;-8.68374e-06;-3.14232e-06;-3.3465e-06;-8.48772e-06;-8.63718e-06;-3.18487e-06;-8.31825e-06,-3.35894e-06;-8.65947e-06;-3.16955e-06;-3.37478e-06;-8.47839e-06;-8.62084e-06;-3.21275e-06;-8.31174e-06,3.3;3.3;-1.64246e-06;-1.65566e-06;3.3;3.3;-1.63527e-06;-1.92029e-06,-1.80008e-06;-2.05609e-06;3.3;3.3;-1.99206e-06;-2.01519e-06;3.3;3.3,RETRY_5NS;RETRY_5NS;RETRY_5NS;RETRY_5NS;RETRY_5NS;RETRY_5NS;RETRY_5NS;RETRY_5NS,8,8,11001100,204,51,1100110,7,204,50,204,INFERRED_AT_DAC_BRIDGE_OUTPUT,11001100,204,11001100,204,11001100,204,11001100,204,True,True
MC200_CMP_XM5_XM6_W8P2524_XM7_XM11_W16P8587_S164_LOW_W4,67,-2.98655e-06;-8.36813e-06;-2.89948e-06;-3.09929e-06;-7.99956e-06;-9.55848e-06;-3.1067e-06;-7.99976e-06,-3.01409e-06;-8.36968e-06;-2.92548e-06;-3.126e-06;-8.00293e-06;-9.55868e-06;-3.13366e-06;-8.00201e-06,3.3;-1.97849e-06;-1.6181e-06;-1.63467e-06;-1.89884e-06;3.3;3.3;-1.8942e-06,-1.76194e-06;3.3;3.3;3.3;3.3;-1.98526e-06;-1.66441e-06;3.3,RETRY_5NS;RETRY_5NS;RETRY_5NS;RETRY_5NS;RETRY_5NS;RETRY_5NS;RETRY_5NS;RETRY_5NS,8,8,10000110,134,121,1000011,7,134,120,134,INFERRED_AT_DAC_BRIDGE_OUTPUT,10000110,134,10000110,134,10000110,134,10000110,134,True,True
MC200_CMP_XM5_XM6_W8P2524_XM7_XM11_W16P8587_S165_LOW_W4,0,-2.83452e-06;-8.49326e-06;-2.91856e-06;-2.91619e-06;-8.15556e-06;-8.15564e-06;-2.90609e-06;-8.19881e-06,-2.86944e-06;-8.4885e-06;-2.95383e-06;-2.95059e-06;-8.16131e-06;-8.15981e-06;-2.9413e-06;-8.19857e-06,3.3;3.3;3.3;-1.65572e-06;-1.95777e-06;-1.95261e-06;-1.63934e-06;3.3,-1.79756e-06;-2.04809e-06;-1.7011e-06;3.3;3.3;3.3;3.3;-2.0103e-06,RETRY_5NS;RETRY_5NS;RETRY_5NS;RETRY_5NS;RETRY_5NS;RETRY_5NS;RETRY_5NS;RETRY_5NS,8,8,11100001,225,30,1110000,7,224,30,225,INFERRED_AT_DAC_BRIDGE_OUTPUT,11100001,225,11100001,225,11100001,225,11100001,225,True,True
MC200_CMP_XM5_XM6_W8P2524_XM7_XM11_W16P8587_S165_LOW_W4,1,-3.0613e-06;-8.50794e-06;-3.14037e-06;-3.12839e-06;-8.44866e-06;-8.44907e-06;-3.1245e-06;-8.49224e-06,-3.09797e-06;-8.48995e-06;-3.17788e-06;-3.1656e-06;-8.4463e-06;-8.44499e-06;-3.16075e-06;-8.48396e-06,3.3;3.3;3.3;3.3;-1.98458e-06;-1.98083e-06;-1.6663e-06;3.3,-1.8384e-06;-2.08452e-06;-1.73156e-06;-1.71721e-06;3.3;3.3;3.3;-2.02535e-06,RETRY_5NS;RETRY_5NS;RETRY_5NS;RETRY_5NS;RETRY_5NS;RETRY_5NS;RETRY_5NS;RETRY_5NS,8,8,11110001,241,14,1111000,7,240,14,241,INFERRED_AT_DAC_BRIDGE_OUTPUT,11110001,241,11110001,241,11110001,241,11110001,241,True,True
MC200_CMP_XM5_XM6_W8P2524_XM7_XM11_W16P8587_S165_LOW_W4,2,-2.95639e-06;-8.37465e-06;-3.04964e-06;-3.25104e-06;-8.32676e-06;-8.32505e-06;-3.03099e-06;-8.36632e-06,-2.99242e-06;-8.3635e-06;-3.08507e-06;-3.28595e-06;-8.31981e-06;-8.32054e-06;-3.06659e-06;-8.36179e-06,3.3;3.3;-1.67134e-06;-1.66642e-06;3.3;3.3;-1.65547e-06;3.3,-1.8052e-06;-2.06167e-06;3.3;3.3;-2.0297e-06;-2.02495e-06;3.3;-2.02073e-06,RETRY_5NS;RETRY_5NS;RETRY_5NS;RETRY_5NS;RETRY_5NS;RETRY_5NS;RETRY_5NS;RETRY_5NS,8,8,11001101,205,50,1100110,7,204,50,205,INFERRED_AT_DAC_BRIDGE_OUTPUT,11001101,205,11001101,205,11001101,205,11001101,205,True,True
MC200_CMP_XM5_XM6_W8P2524_XM7_XM11_W16P8587_S165_LOW_W4,3,-2.96255e-06;-8.41641e-06;-3.08469e-06;-3.06953e-06;-8.36557e-06;-8.36804e-06;-3.23391e-06;-8.40831e-06,-2.9984e-06;-8.41994e-06;-3.12041e-06;-3.10476e-06;-8.36209e-06;-8.36072e-06;-3.27076e-06;-8.40253e-06,3.3;-2.02095e-06;-1.67514e-06;-1.67001e-06;-1.96791e-06;3.3;3.3;3.3,-1.79782e-06;3.3;3.3;3.3;3.3;-2.0319e-06;-1.70751e-06;-2.02344e-06,RETRY_5NS;RETRY_5NS;RETRY_5NS;RETRY_5NS;RETRY_5NS;RETRY_5NS;RETRY_5NS;RETRY_5NS,8,8,10000111,135,120,1000011,7,134,120,135,INFERRED_AT_DAC_BRIDGE_OUTPUT,10000111,135,10000111,135,10000111,135,10000111,135,True,True
MC200_CMP_XM5_XM6_W8P2524_XM7_XM11_W16P8587_S165_LOW_W4,64,-2.95934e-06;-7.8072e-06;-2.8258e-06;-3.0401e-06;-7.98803e-06;-8.32336e-06;-2.87494e-06;-7.98889e-06,-2.99511e-06;-7.79092e-06;-2.86046e-06;-3.07538e-06;-7.99843e-06;-8.32261e-06;-2.90992e-06;-7.99506e-06,3.3;3.3;3.3;-1.66823e-06;-1.94186e-06;-1.96733e-06;-1.63219e-06;3.3,-1.81306e-06;-2.07171e-06;-1.69176e-06;3.3;3.3;3.3;3.3;-1.99084e-06,RETRY_5NS;RETRY_5NS;RETRY_5NS;RETRY_5NS;RETRY_5NS;RETRY_5NS;RETRY_5NS;RETRY_5NS,8,8,11100001,225,30,1110000,7,224,30,225,INFERRED_AT_DAC_BRIDGE_OUTPUT,11100001,225,11100001,225,11100001,225,11100001,225,True,True
MC200_CMP_XM5_XM6_W8P2524_XM7_XM11_W16P8587_S165_LOW_W4,65,-3.18519e-06;-8.67473e-06;-3.04808e-06;-3.25287e-06;-8.28115e-06;-8.61676e-06;-3.09335e-06;-8.28232e-06,-3.22269e-06;-8.65076e-06;-3.08495e-06;-3.29044e-06;-8.28351e-06;-8.60775e-06;-3.12938e-06;-8.28044e-06,3.3;3.3;3.3;3.3;-1.96911e-06;-1.9943e-06;-1.66317e-06;3.3,-1.85329e-06;-2.10064e-06;-1.72169e-06;-1.7309e-06;3.3;3.3;3.3;-2.05083e-06,RETRY_5NS;RETRY_5NS;RETRY_5NS;RETRY_5NS;RETRY_5NS;RETRY_5NS;RETRY_5NS;RETRY_5NS,8,8,11110001,241,14,1111000,7,240,14,241,INFERRED_AT_DAC_BRIDGE_OUTPUT,11110001,241,11110001,241,11110001,241,11110001,241,True,True
MC200_CMP_XM5_XM6_W8P2524_XM7_XM11_W16P8587_S165_LOW_W4,66,-3.08104e-06;-8.5417e-06;-2.95737e-06;-3.25011e-06;-8.15887e-06;-8.49284e-06;-2.99983e-06;-7.70355e-06,-3.11792e-06;-8.52479e-06;-2.99215e-06;-3.28613e-06;-8.15743e-06;-8.48324e-06;-3.03522e-06;-7.70129e-06,3.3;3.3;-1.66248e-06;-1.67037e-06;3.3;3.3;-1.65208e-06;3.3,-1.81903e-06;-2.07973e-06;3.3;3.3;-2.01393e-06;-2.03973e-06;3.3;-2.00859e-06,RETRY_5NS;RETRY_5NS;RETRY_5NS;RETRY_5NS;RETRY_5NS;RETRY_5NS;RETRY_5NS;RETRY_5NS,8,8,11001101,205,50,1100110,7,204,50,205,INFERRED_AT_DAC_BRIDGE_OUTPUT,11001101,205,11001101,205,11001101,205,11001101,205,True,True
MC200_CMP_XM5_XM6_W8P2524_XM7_XM11_W16P8587_S165_LOW_W4,67,-3.08921e-06;-8.58231e-06;-2.99236e-06;-3.19353e-06;-8.19777e-06;-8.53603e-06;-2.88315e-06;-8.19837e-06,-3.12593e-06;-8.58147e-06;-3.02743e-06;-3.22961e-06;-8.1995e-06;-8.52323e-06;-2.92063e-06;-8.19903e-06,3.3;-2.03571e-06;-1.66554e-06;-1.68267e-06;-1.95262e-06;3.3;3.3;3.3,-1.81164e-06;3.3;3.3;3.3;3.3;-2.0477e-06;-1.70056e-06;-2.00483e-06,RETRY_5NS;RETRY_5NS;RETRY_5NS;RETRY_5NS;RETRY_5NS;RETRY_5NS;RETRY_5NS;RETRY_5NS,8,8,10000111,135,120,1000011,7,134,120,135,INFERRED_AT_DAC_BRIDGE_OUTPUT,10000111,135,10000111,135,10000111,135,10000111,135,True,True
MC200_CMP_XM5_XM6_W8P2524_XM7_XM11_W16P8587_S166_LOW_W4,0,-3.05847e-06;-7.89419e-06;-3.15464e-06;-3.15104e-06;-8.26674e-06;-8.26505e-06;-3.32732e-06;-8.3006e-06,-3.05809e-06;-7.87429e-06;-3.15393e-06;-3.1519e-06;-8.25232e-06;-8.25222e-06;-3.3279e-06;-8.28988e-06,3.3;3.3;-1.70577e-06;3.3;3.3;3.3;3.3;-2.00978e-06,-1.72551e-06;-1.97415e-06;3.3;-1.63706e-06;-1.93554e-06;-1.9307e-06;-1.62947e-06;3.3,RETRY_5NS;RETRY_5NS;RETRY_5NS;RETRY_5NS;RETRY_5NS;RETRY_5NS;RETRY_5NS;RETRY_5NS,8,8,11011110,222,33,1101111,7,222,32,222,INFERRED_AT_DAC_BRIDGE_OUTPUT,11011110,222,11011110,222,11011110,222,11011110,222,True,True
MC200_CMP_XM5_XM6_W8P2524_XM7_XM11_W16P8587_S166_LOW_W4,1,-2.38199e-06;-7.65087e-06;-2.6097e-06;-2.59068e-06;-7.58955e-06;-7.58774e-06;-2.58133e-06;-7.62434e-06,-2.37935e-06;-7.64568e-06;-2.60765e-06;-2.58703e-06;-7.58783e-06;-7.58672e-06;-2.57845e-06;-7.6229e-06,3.3;3.3;3.3;-1.64474e-06;3.3;3.3;-1.63235e-06;3.3,-1.68321e-06;-1.90463e-06;-1.58569e-06;3.3;-1.86921e-06;-1.86331e-06;3.3;-1.86234e-06,RETRY_5NS;RETRY_5NS;RETRY_5NS;RETRY_5NS;RETRY_5NS;RETRY_5NS;RETRY_5NS;RETRY_5NS,8,8,11101101,237,18,1110110,7,236,18,237,INFERRED_AT_DAC_BRIDGE_OUTPUT,11101101,237,11101101,237,11101101,237,11101101,237,True,True
MC200_CMP_XM5_XM6_W8P2524_XM7_XM11_W16P8587_S166_LOW_W4,2,-3.11687e-06;-8.38588e-06;-3.22688e-06;-3.20921e-06;-8.33958e-06;-8.33768e-06;-3.19763e-06;-8.37676e-06,-3.11695e-06;-8.36794e-06;-3.22622e-06;-3.2082e-06;-8.32639e-06;-8.32799e-06;-3.19787e-06;-8.36345e-06,3.3;3.3;-1.71867e-06;-1.71047e-06;3.3;-2.02388e-06;-1.69257e-06;3.3,-1.72547e-06;-1.97269e-06;3.3;3.3;-1.93776e-06;3.3;3.3;-1.93922e-06,RETRY_5NS;RETRY_5NS;RETRY_5NS;RETRY_5NS;RETRY_5NS;RETRY_5NS;RETRY_5NS;RETRY_5NS,8,8,11001001,201,54,1100100,7,200,54,201,INFERRED_AT_DAC_BRIDGE_OUTPUT,11001001,201,11001001,201,11001001,201,11001001,201,True,True
MC200_CMP_XM5_XM6_W8P2524_XM7_XM11_W16P8587_S166_LOW_W4,3,-3.20346e-06;-8.38922e-06;-3.23194e-06;-3.0314e-06;-8.33717e-06;-8.3384e-06;-3.20099e-06;-9.82203e-06,-3.20588e-06;-8.38698e-06;-3.23133e-06;-3.03022e-06;-8.32921e-06;-8.32701e-06;-3.20179e-06;-9.81649e-06,3.3;-2.0755e-06;-1.71863e-06;-1.70724e-06;-2.02598e-06;-2.01297e-06;3.3;3.3,-1.71861e-06;3.3;3.3;3.3;3.3;3.3;-1.63474e-06;-1.93273e-06,RETRY_5NS;RETRY_5NS;RETRY_5NS;RETRY_5NS;RETRY_5NS;RETRY_5NS;RETRY_5NS;RETRY_5NS,8,8,10000011,131,124,1000001,7,130,124,131,INFERRED_AT_DAC_BRIDGE_OUTPUT,10000011,131,10000011,131,10000011,131,10000011,131,True,True
MC200_CMP_XM5_XM6_W8P2524_XM7_XM11_W16P8587_S166_LOW_W4,64,-3.27851e-06;-8.46758e-06;-3.06253e-06;-3.27411e-06;-8.11627e-06;-8.41552e-06;-3.10775e-06;-8.11238e-06,-3.27868e-06;-8.44552e-06;-3.06134e-06;-3.2756e-06;-8.10469e-06;-8.40004e-06;-3.10802e-06;-8.10477e-06,3.3;3.3;-1.69576e-06;3.3;3.3;3.3;3.3;-1.99421e-06,-1.74179e-06;-1.98446e-06;3.3;-1.64914e-06;-1.9206e-06;-1.9446e-06;-1.62021e-06;3.3,RETRY_5NS;RETRY_5NS;RETRY_5NS;RETRY_5NS;RETRY_5NS;RETRY_5NS;RETRY_5NS;RETRY_5NS,8,8,11011110,222,33,1101111,7,222,32,222,INFERRED_AT_DAC_BRIDGE_OUTPUT,11011110,222,11011110,222,11011110,222,11011110,222,True,True
MC200_CMP_XM5_XM6_W8P2524_XM7_XM11_W16P8587_S166_LOW_W4,65,-2.57573e-06;-7.79991e-06;-2.51792e-06;-2.7141e-06;-7.43921e-06;-7.73808e-06;-2.55036e-06;-7.43633e-06,-2.57371e-06;-7.79158e-06;-2.51539e-06;-2.71108e-06;-7.44022e-06;-7.73468e-06;-2.54728e-06;-7.43776e-06,3.3;3.3;3.3;-1.65645e-06;3.3;3.3;-1.63311e-06;3.3,-1.69549e-06;-1.91955e-06;-1.57675e-06;3.3;-1.85482e-06;-1.87728e-06;3.3;-1.881e-06,RETRY_5NS;RETRY_5NS;RETRY_5NS;RETRY_5NS;RETRY_5NS;RETRY_5NS;RETRY_5NS;RETRY_5NS,8,8,11101101,237,18,1110110,7,236,18,237,INFERRED_AT_DAC_BRIDGE_OUTPUT,11101101,237,11101101,237,11101101,237,11101101,237,True,True
MC200_CMP_XM5_XM6_W8P2524_XM7_XM11_W16P8587_S166_LOW_W4,66,-3.24115e-06;-8.53518e-06;-3.13516e-06;-3.33256e-06;-8.18932e-06;-8.48801e-06;-2.95838e-06;-8.18752e-06,-3.24185e-06;-8.5144e-06;-3.13405e-06;-3.33218e-06;-8.17854e-06;-8.47597e-06;-2.95836e-06;-8.17902e-06,3.3;3.3;-1.70906e-06;-1.7239e-06;3.3;-2.0391e-06;3.3;-2.00523e-06,-1.73837e-06;-1.98664e-06;3.3;3.3;-1.92331e-06;3.3;-1.61743e-06;3.3,RETRY_5NS;RETRY_5NS;RETRY_5NS;RETRY_5NS;RETRY_5NS;RETRY_5NS;RETRY_5NS;RETRY_5NS,8,8,11001010,202,53,1100101,7,202,52,202,INFERRED_AT_DAC_BRIDGE_OUTPUT,11001010,202,11001010,202,11001010,202,11001010,202,True,True
MC200_CMP_XM5_XM6_W8P2524_XM7_XM11_W16P8587_S166_LOW_W4,67,-3.35097e-06;-8.53721e-06;-3.14039e-06;-3.1293e-06;-8.18711e-06;-8.48885e-06;-3.17042e-06;-8.18755e-06,-3.35139e-06;-8.53346e-06;-3.13934e-06;-3.12867e-06;-8.18112e-06;-8.47496e-06;-3.16979e-06;-8.17904e-06,3.3;-2.09152e-06;-1.70818e-06;-1.71974e-06;-2.00958e-06;3.3;-1.70231e-06;-2.00455e-06,-1.73337e-06;3.3;3.3;3.3;3.3;-1.93909e-06;3.3;3.3,RETRY_5NS;RETRY_5NS;RETRY_5NS;RETRY_5NS;RETRY_5NS;RETRY_5NS;RETRY_5NS;RETRY_5NS,8,8,10000100,132,123,1000010,7,132,122,132,INFERRED_AT_DAC_BRIDGE_OUTPUT,10000100,132,10000100,132,10000100,132,10000100,132,True,True
MC200_CMP_XM5_XM6_W8P2524_XM7_XM11_W16P8587_S167_LOW_W4,0,-2.95116e-06;-8.23498e-06;-3.04551e-06;-3.04245e-06;-8.18156e-06;-8.17991e-06;-3.02977e-06;-8.21722e-06,-2.97678e-06;-8.25053e-06;-3.0712e-06;-3.06968e-06;-8.20167e-06;-8.20147e-06;-3.05655e-06;-8.24028e-06,3.3;3.3;-1.70076e-06;3.3;3.3;3.3;3.3;3.3,-1.77874e-06;-2.0278e-06;3.3;-1.68405e-06;-1.99351e-06;-1.9891e-06;-1.67598e-06;-1.98642e-06,RETRY_5NS;RETRY_5NS;RETRY_5NS;RETRY_5NS;RETRY_5NS;RETRY_5NS;RETRY_5NS;RETRY_5NS,8,8,11011111,223,32,1101111,7,222,32,223,INFERRED_AT_DAC_BRIDGE_OUTPUT,11011111,223,11011111,223,11011111,223,11011111,223,True,True
MC200_CMP_XM5_XM6_W8P2524_XM7_XM11_W16P8587_S167_LOW_W4,1,-3.08435e-06;-8.39491e-06;-3.17301e-06;-3.15885e-06;-9.16156e-06;-8.33701e-06;-3.15241e-06;-8.37476e-06,-3.11189e-06;-8.40509e-06;-3.20194e-06;-3.18609e-06;-9.18995e-06;-8.35515e-06;-3.18029e-06;-8.39412e-06,3.3;3.3;3.3;-1.70892e-06;3.3;3.3;3.3;-2.01975e-06,-1.80771e-06;-2.04877e-06;-1.70345e-06;3.3;-2.00648e-06;-2.00346e-06;-1.68565e-06;3.3,RETRY_5NS;RETRY_5NS;RETRY_5NS;RETRY_5NS;RETRY_5NS;RETRY_5NS;RETRY_5NS;RETRY_5NS,8,8,11101110,238,17,1110111,7,238,16,238,INFERRED_AT_DAC_BRIDGE_OUTPUT,11101110,238,11101110,238,11101110,238,11101110,238,True,True
MC200_CMP_XM5_XM6_W8P2524_XM7_XM11_W16P8587_S167_LOW_W4,2,-2.42514e-06;-7.56149e-06;-2.54227e-06;-2.51914e-06;-7.50895e-06;-7.50647e-06;-2.50841e-06;-7.5459e-06,-2.44405e-06;-7.59976e-06;-2.56093e-06;-2.53719e-06;-7.54985e-06;-7.5503e-06;-2.52828e-06;-7.5873e-06,3.3;3.3;-1.65303e-06;-1.64491e-06;3.3;-1.94136e-06;3.3;3.3,-1.7152e-06;-1.95905e-06;3.3;3.3;-1.92571e-06;3.3;-1.62169e-06;-1.91922e-06,RETRY_5NS;RETRY_5NS;RETRY_5NS;RETRY_5NS;RETRY_5NS;RETRY_5NS;RETRY_5NS;RETRY_5NS,8,8,11001011,203,52,1100101,7,202,52,203,INFERRED_AT_DAC_BRIDGE_OUTPUT,11001011,203,11001011,203,11001011,203,11001011,203,True,True
MC200_CMP_XM5_XM6_W8P2524_XM7_XM11_W16P8587_S167_LOW_W4,3,-3.07175e-06;-8.42667e-06;-3.21222e-06;-3.38466e-06;-8.3738e-06;-8.37532e-06;-3.18337e-06;-7.57176e-06,-3.09924e-06;-8.45454e-06;-3.23984e-06;-3.41251e-06;-8.39596e-06;-8.39397e-06;-3.21101e-06;-7.57938e-06,3.3;-2.07912e-06;-1.72489e-06;-1.72534e-06;-2.02997e-06;3.3;-1.70799e-06;-2.0326e-06,-1.77839e-06;3.3;3.3;3.3;3.3;-2.00148e-06;3.3;3.3,RETRY_5NS;RETRY_5NS;RETRY_5NS;RETRY_5NS;RETRY_5NS;RETRY_5NS;RETRY_5NS;RETRY_5NS,8,8,10000100,132,123,1000010,7,132,122,132,INFERRED_AT_DAC_BRIDGE_OUTPUT,10000100,132,10000100,132,10000100,132,10000100,132,True,True
MC200_CMP_XM5_XM6_W8P2524_XM7_XM11_W16P8587_S167_LOW_W4,64,-3.1885e-06;-8.39182e-06;-2.95414e-06;-3.16412e-06;-8.02357e-06;-8.33777e-06;-2.99903e-06;-8.01976e-06,-3.21604e-06;-8.40235e-06;-2.97906e-06;-3.19301e-06;-8.04849e-06;-8.35481e-06;-3.02541e-06;-8.04824e-06,3.3;3.3;-1.6883e-06;3.3;3.3;3.3;3.3;3.3,-1.79613e-06;-2.0434e-06;3.3;-1.69743e-06;-1.97646e-06;-2.00341e-06;-1.67128e-06;-1.96667e-06,RETRY_5NS;RETRY_5NS;RETRY_5NS;RETRY_5NS;RETRY_5NS;RETRY_5NS;RETRY_5NS;RETRY_5NS,8,8,11011111,223,32,1101111,7,222,32,223,INFERRED_AT_DAC_BRIDGE_OUTPUT,11011111,223,11011111,223,11011111,223,11011111,223,True,True
MC200_CMP_XM5_XM6_W8P2524_XM7_XM11_W16P8587_S167_LOW_W4,65,-3.20624e-06;-8.55142e-06;-3.08226e-06;-3.28096e-06;-8.18122e-06;-8.4948e-06;-3.12175e-06;-8.17734e-06,-3.23541e-06;-8.55654e-06;-3.10994e-06;-3.30987e-06;-8.20159e-06;-8.50862e-06;-3.14921e-06;-8.20203e-06,3.3;3.3;3.3;-1.72102e-06;3.3;3.3;3.3;-2.0412e-06,-1.82128e-06;-2.06446e-06;-1.69401e-06;3.3;-1.99303e-06;-2.0184e-06;-1.68217e-06;3.3,RETRY_5NS;RETRY_5NS;RETRY_5NS;RETRY_5NS;RETRY_5NS;RETRY_5NS;RETRY_5NS;RETRY_5NS,8,8,11101110,238,17,1110111,7,238,16,238,INFERRED_AT_DAC_BRIDGE_OUTPUT,11101110,238,11101110,238,11101110,238,11101110,238,True,True
MC200_CMP_XM5_XM6_W8P2524_XM7_XM11_W16P8587_S167_LOW_W4,66,-2.54796e-06;-7.71841e-06;-2.45158e-06;-2.65024e-06;-7.35121e-06;-7.6643e-06;-2.47773e-06;-7.34852e-06,-2.5685e-06;-7.75183e-06;-2.46902e-06;-2.66987e-06;-7.39648e-06;-7.70381e-06;-2.49718e-06;-7.39523e-06,3.3;3.3;-1.64417e-06;-1.66032e-06;3.3;-1.95599e-06;3.3;3.3,-1.72803e-06;-1.97409e-06;3.3;3.3;-1.91102e-06;3.3;-1.61932e-06;-1.90091e-06,RETRY_5NS;RETRY_5NS;RETRY_5NS;RETRY_5NS;RETRY_5NS;RETRY_5NS;RETRY_5NS;RETRY_5NS,8,8,11001011,203,52,1100101,7,202,52,203,INFERRED_AT_DAC_BRIDGE_OUTPUT,11001011,203,11001011,203,11001011,203,11001011,203,True,True
MC200_CMP_XM5_XM6_W8P2524_XM7_XM11_W16P8587_S167_LOW_W4,67,-3.19673e-06;-8.5822e-06;-3.12162e-06;-3.50201e-06;-8.21626e-06;-8.53352e-06;-3.15273e-06;-8.21699e-06,-3.22588e-06;-8.60665e-06;-3.14802e-06;-3.53111e-06;-8.24229e-06;-8.54723e-06;-3.17995e-06;-8.2404e-06,3.3;-2.09572e-06;-1.71526e-06;-1.73916e-06;-2.01403e-06;3.3;-1.70542e-06;3.3,-1.79091e-06;3.3;3.3;3.3;3.3;-2.01867e-06;3.3;-1.97218e-06,RETRY_5NS;RETRY_5NS;RETRY_5NS;RETRY_5NS;RETRY_5NS;RETRY_5NS;RETRY_5NS;RETRY_5NS,8,8,10000101,133,122,1000010,7,132,122,133,INFERRED_AT_DAC_BRIDGE_OUTPUT,10000101,133,10000101,133,10000101,133,10000101,133,True,True
MC200_CMP_XM5_XM6_W8P2524_XM7_XM11_W16P8587_S168_LOW_W4,0,-2.76143e-06;-7.91315e-06;-2.85917e-06;-2.85649e-06;-7.88457e-06;-7.88401e-06;-2.85665e-06;-7.92072e-06,-2.71276e-06;-7.88852e-06;-2.8101e-06;-2.80611e-06;-7.867e-06;-7.86523e-06;-2.80678e-06;-7.90237e-06,3.3;3.3;3.3;-1.64553e-06;-1.94423e-06;-1.94245e-06;-1.63402e-06;3.3,-1.72759e-06;-1.96892e-06;-1.63463e-06;3.3;3.3;3.3;3.3;-1.93008e-06,RETRY_5NS;RETRY_5NS;RETRY_5NS;RETRY_5NS;RETRY_5NS;RETRY_5NS;RETRY_5NS;RETRY_5NS,8,8,11100001,225,30,1110000,7,224,30,225,INFERRED_AT_DAC_BRIDGE_OUTPUT,11100001,225,11100001,225,11100001,225,11100001,225,True,True
MC200_CMP_XM5_XM6_W8P2524_XM7_XM11_W16P8587_S168_LOW_W4,1,-3.14668e-06;-8.38068e-06;-3.44369e-06;-3.2219e-06;-8.32265e-06;-8.32273e-06;-3.25878e-06;-8.35984e-06,-3.09234e-06;-8.38219e-06;-3.39009e-06;-3.16614e-06;-8.3357e-06;-8.33411e-06;-3.20271e-06;-8.37142e-06,3.3;3.3;3.3;3.3;-1.99123e-06;-1.98904e-06;-1.67122e-06;-1.98485e-06,-1.78418e-06;-2.02137e-06;-1.68517e-06;-1.66261e-06;3.3;3.3;3.3;3.3,RETRY_5NS;RETRY_5NS;RETRY_5NS;RETRY_5NS;RETRY_5NS;RETRY_5NS;RETRY_5NS;RETRY_5NS,8,8,11110000,240,15,1111000,7,240,14,240,INFERRED_AT_DAC_BRIDGE_OUTPUT,11110000,240,11110000,240,11110000,240,11110000,240,True,True
MC200_CMP_XM5_XM6_W8P2524_XM7_XM11_W16P8587_S168_LOW_W4,2,-2.66398e-06;-7.63301e-06;-2.77833e-06;-2.75719e-06;-7.91465e-06;-7.77544e-06;-2.74827e-06;-7.81034e-06,-2.61701e-06;-7.60522e-06;-2.72946e-06;-2.70797e-06;-7.88101e-06;-7.74628e-06;-2.69962e-06;-7.78573e-06,3.3;3.3;-1.6408e-06;-1.63013e-06;3.3;3.3;-1.62523e-06;3.3,-1.70925e-06;-1.96278e-06;3.3;3.3;-1.93006e-06;-1.91646e-06;3.3;-1.90551e-06,RETRY_5NS;RETRY_5NS;RETRY_5NS;RETRY_5NS;RETRY_5NS;RETRY_5NS;RETRY_5NS;RETRY_5NS,8,8,11001101,205,50,1100110,7,204,50,205,INFERRED_AT_DAC_BRIDGE_OUTPUT,11001101,205,11001101,205,11001101,205,11001101,205,True,True
MC200_CMP_XM5_XM6_W8P2524_XM7_XM11_W16P8587_S168_LOW_W4,3,-3.16481e-06;-8.44507e-06;-3.11239e-06;-3.28766e-06;-8.39622e-06;-7.88015e-06;-3.2779e-06;-8.43312e-06,-3.10956e-06;-8.47033e-06;-3.05458e-06;-3.23031e-06;-8.41076e-06;-7.89951e-06;-3.22167e-06;-8.44952e-06,3.3;-2.04467e-06;-1.68842e-06;-1.68731e-06;-1.9933e-06;3.3;3.3;-1.99178e-06,-1.75767e-06;3.3;3.3;3.3;3.3;-1.98793e-06;-1.66921e-06;3.3,RETRY_5NS;RETRY_5NS;RETRY_5NS;RETRY_5NS;RETRY_5NS;RETRY_5NS;RETRY_5NS;RETRY_5NS,8,8,10000110,134,121,1000011,7,134,120,134,INFERRED_AT_DAC_BRIDGE_OUTPUT,10000110,134,10000110,134,10000110,134,10000110,134,True,True
MC200_CMP_XM5_XM6_W8P2524_XM7_XM11_W16P8587_S168_LOW_W4,64,-3.02069e-06;-7.98511e-06;-2.76654e-06;-2.98007e-06;-7.73855e-06;-8.03025e-06;-2.81062e-06;-7.73707e-06,-2.9707e-06;-7.97035e-06;-2.71894e-06;-2.92776e-06;-7.7109e-06;-8.02131e-06;-2.76101e-06;-7.70762e-06,3.3;3.3;3.3;-1.65802e-06;-1.93033e-06;-1.95683e-06;-1.63061e-06;3.3,-1.74677e-06;-1.98533e-06;-1.6266e-06;3.3;3.3;3.3;3.3;-1.90846e-06,RETRY_5NS;RETRY_5NS;RETRY_5NS;RETRY_5NS;RETRY_5NS;RETRY_5NS;RETRY_5NS;RETRY_5NS,8,8,11100001,225,30,1110000,7,224,30,225,INFERRED_AT_DAC_BRIDGE_OUTPUT,11100001,225,11100001,225,11100001,225,11100001,225,True,True
MC200_CMP_XM5_XM6_W8P2524_XM7_XM11_W16P8587_S168_LOW_W4,65,-3.27082e-06;-8.52575e-06;-3.35465e-06;-3.34606e-06;-8.17662e-06;-8.46894e-06;-2.95905e-06;-8.17664e-06,-3.21455e-06;-8.53615e-06;-3.30201e-06;-3.28839e-06;-8.17953e-06;-8.49027e-06;-2.90274e-06;-8.17623e-06,3.3;3.3;3.3;3.3;-1.97626e-06;-2.00443e-06;-1.6646e-06;-2.00433e-06,-1.79785e-06;-2.03748e-06;-1.67782e-06;-1.67689e-06;3.3;3.3;3.3;3.3,RETRY_5NS;RETRY_5NS;RETRY_5NS;RETRY_5NS;RETRY_5NS;RETRY_5NS;RETRY_5NS;RETRY_5NS,8,8,11110000,240,15,1111000,7,240,14,240,INFERRED_AT_DAC_BRIDGE_OUTPUT,11110000,240,11110000,240,11110000,240,11110000,240,True,True
MC200_CMP_XM5_XM6_W8P2524_XM7_XM11_W16P8587_S168_LOW_W4,66,-2.78882e-06;-7.62568e-06;-2.68637e-06;-2.88129e-06;-7.95309e-06;-7.92125e-06;-2.71711e-06;-7.62718e-06,-2.73992e-06;-7.61357e-06;-2.63895e-06;-2.83017e-06;-7.9078e-06;-7.90275e-06;-2.66893e-06;-7.59056e-06,3.3;3.3;-1.63169e-06;-1.64342e-06;3.3;3.3;-1.62232e-06;3.3,-1.72376e-06;-1.97915e-06;3.3;3.3;-1.91584e-06;-1.93129e-06;3.3;-1.89555e-06,RETRY_5NS;RETRY_5NS;RETRY_5NS;RETRY_5NS;RETRY_5NS;RETRY_5NS;RETRY_5NS;RETRY_5NS,8,8,11001101,205,50,1100110,7,204,50,205,INFERRED_AT_DAC_BRIDGE_OUTPUT,11001101,205,11001101,205,11001101,205,11001101,205,True,True
MC200_CMP_XM5_XM6_W8P2524_XM7_XM11_W16P8587_S168_LOW_W4,67,-3.29197e-06;-8.58913e-06;-3.20187e-06;-3.4117e-06;-8.24992e-06;-9.85127e-06;-3.24673e-06;-8.25001e-06,-3.23477e-06;-8.62491e-06;-3.14606e-06;-3.35242e-06;-8.25472e-06;-9.84323e-06;-3.19098e-06;-8.25424e-06,3.3;-2.05998e-06;-1.6836e-06;-1.69936e-06;-1.97775e-06;3.3;3.3;-1.96857e-06,-1.77099e-06;3.3;3.3;3.3;3.3;-1.99328e-06;-1.66706e-06;3.3,RETRY_5NS;RETRY_5NS;RETRY_5NS;RETRY_5NS;RETRY_5NS;RETRY_5NS;RETRY_5NS;RETRY_5NS,8,8,10000110,134,121,1000011,7,134,120,134,INFERRED_AT_DAC_BRIDGE_OUTPUT,10000110,134,10000110,134,10000110,134,10000110,134,True,True
MC200_CMP_XM5_XM6_W8P2524_XM7_XM11_W16P8587_S169_LOW_W4,0,-2.96034e-06;-8.32803e-06;-3.04486e-06;-3.0426e-06;-8.27148e-06;-8.27171e-06;-3.03297e-06;-8.31263e-06,-3.01242e-06;-8.32884e-06;-3.09781e-06;-3.09437e-06;-8.28717e-06;-8.28584e-06;-3.08511e-06;-8.32328e-06,3.3;3.3;3.3;-1.66056e-06;-1.96479e-06;-1.96037e-06;3.3;-1.95962e-06,-1.73958e-06;-1.9851e-06;-1.64791e-06;3.3;3.3;3.3;-1.62318e-06;3.3,RETRY_5NS;RETRY_5NS;RETRY_5NS;RETRY_5NS;RETRY_5NS;RETRY_5NS;RETRY_5NS;RETRY_5NS,8,8,11100010,226,29,1110001,7,226,28,226,INFERRED_AT_DAC_BRIDGE_OUTPUT,11100010,226,11100010,226,11100010,226,11100010,226,True,True
MC200_CMP_XM5_XM6_W8P2524_XM7_XM11_W16P8587_S169_LOW_W4,1,-3.06329e-06;-8.45138e-06;-3.14398e-06;-3.1312e-06;-9.03076e-06;-8.39307e-06;-3.12702e-06;-8.4345e-06,-3.11744e-06;-8.4447e-06;-3.19947e-06;-3.18614e-06;-9.05358e-06;-8.40106e-06;-3.18086e-06;-8.43784e-06,3.3;3.3;3.3;3.3;-1.97209e-06;-1.97166e-06;-1.65999e-06;3.3,-1.76709e-06;-2.00148e-06;-1.66249e-06;-1.64979e-06;3.3;3.3;3.3;-1.95045e-06,RETRY_5NS;RETRY_5NS;RETRY_5NS;RETRY_5NS;RETRY_5NS;RETRY_5NS;RETRY_5NS;RETRY_5NS,8,8,11110001,241,14,1111000,7,240,14,241,INFERRED_AT_DAC_BRIDGE_OUTPUT,11110001,241,11110001,241,11110001,241,11110001,241,True,True
MC200_CMP_XM5_XM6_W8P2524_XM7_XM11_W16P8587_S169_LOW_W4,2,-2.98897e-06;-8.36261e-06;-3.08362e-06;-3.06976e-06;-8.01804e-06;-8.31404e-06;-3.06427e-06;-8.35381e-06,-3.04189e-06;-8.36298e-06;-3.13617e-06;-3.12197e-06;-8.00897e-06;-8.32204e-06;-3.11697e-06;-8.36081e-06,3.3;3.3;-1.6678e-06;-1.65652e-06;3.3;3.3;-1.65121e-06;3.3,-1.73723e-06;-1.98659e-06;3.3;3.3;-1.96074e-06;-1.94853e-06;3.3;-1.94632e-06,RETRY_5NS;RETRY_5NS;RETRY_5NS;RETRY_5NS;RETRY_5NS;RETRY_5NS;RETRY_5NS;RETRY_5NS,8,8,11001101,205,50,1100110,7,204,50,205,INFERRED_AT_DAC_BRIDGE_OUTPUT,11001101,205,11001101,205,11001101,205,11001101,205,True,True
MC200_CMP_XM5_XM6_W8P2524_XM7_XM11_W16P8587_S169_LOW_W4,3,-2.99444e-06;-8.40288e-06;-3.1188e-06;-3.10322e-06;-8.35299e-06;-8.35573e-06;-2.9372e-06;-8.39424e-06,-3.04744e-06;-8.41749e-06;-3.17202e-06;-3.15589e-06;-8.36121e-06;-8.35982e-06;-2.99104e-06;-8.39922e-06,3.3;-2.01698e-06;-1.67207e-06;-1.66552e-06;-1.96447e-06;3.3;3.3;3.3,-1.73099e-06;3.3;3.3;3.3;3.3;-1.95323e-06;-1.64006e-06;-1.94884e-06,RETRY_5NS;RETRY_5NS;RETRY_5NS;RETRY_5NS;RETRY_5NS;RETRY_5NS;RETRY_5NS;RETRY_5NS,8,8,10000111,135,120,1000011,7,134,120,135,INFERRED_AT_DAC_BRIDGE_OUTPUT,10000111,135,10000111,135,10000111,135,10000111,135,True,True
MC200_CMP_XM5_XM6_W8P2524_XM7_XM11_W16P8587_S169_LOW_W4,64,-3.05453e-06;-8.44888e-06;-2.92056e-06;-3.13591e-06;-8.06937e-06;-8.3935e-06;-2.97032e-06;-8.06944e-06,-3.10836e-06;-8.44254e-06;-2.97119e-06;-3.18943e-06;-8.09552e-06;-8.40029e-06;-3.02129e-06;-8.0933e-06,3.3;3.3;3.3;-1.66941e-06;-1.94565e-06;-1.96984e-06;3.3;-1.93918e-06,-1.75066e-06;-1.99687e-06;-1.63561e-06;3.3;3.3;3.3;-1.62366e-06;3.3,RETRY_5NS;RETRY_5NS;RETRY_5NS;RETRY_5NS;RETRY_5NS;RETRY_5NS;RETRY_5NS;RETRY_5NS,8,8,11100010,226,29,1110001,7,226,28,226,INFERRED_AT_DAC_BRIDGE_OUTPUT,11100010,226,11100010,226,11100010,226,11100010,226,True,True
MC200_CMP_XM5_XM6_W8P2524_XM7_XM11_W16P8587_S169_LOW_W4,65,-3.188e-06;-8.61229e-06;-3.051e-06;-3.25604e-06;-9.28818e-06;-8.55492e-06;-3.09568e-06;-8.2318e-06,-3.24447e-06;-8.59602e-06;-3.10475e-06;-3.31329e-06;-9.32966e-06;-8.55447e-06;-3.14895e-06;-8.24622e-06,3.3;3.3;3.3;3.3;-1.95576e-06;-1.98836e-06;-1.6548e-06;3.3,-1.78093e-06;-2.01757e-06;-1.65352e-06;-1.66177e-06;3.3;3.3;3.3;-1.96785e-06,RETRY_5NS;RETRY_5NS;RETRY_5NS;RETRY_5NS;RETRY_5NS;RETRY_5NS;RETRY_5NS;RETRY_5NS,8,8,11110001,241,14,1111000,7,240,14,241,INFERRED_AT_DAC_BRIDGE_OUTPUT,11110001,241,11110001,241,11110001,241,11110001,241,True,True
MC200_CMP_XM5_XM6_W8P2524_XM7_XM11_W16P8587_S169_LOW_W4,66,-3.11423e-06;-8.52376e-06;-2.99066e-06;-3.1946e-06;-7.86253e-06;-8.47595e-06;-3.03294e-06;-8.15125e-06,-3.16949e-06;-8.51479e-06;-3.04145e-06;-3.24916e-06;-7.86244e-06;-8.47532e-06;-3.08506e-06;-8.16906e-06,3.3;3.3;-1.65804e-06;-1.6696e-06;3.3;3.3;-1.64706e-06;3.3,-1.75045e-06;-2.00199e-06;3.3;3.3;-1.94535e-06;-1.96126e-06;3.3;-1.92914e-06,RETRY_5NS;RETRY_5NS;RETRY_5NS;RETRY_5NS;RETRY_5NS;RETRY_5NS;RETRY_5NS;RETRY_5NS,8,8,11001101,205,50,1100110,7,204,50,205,INFERRED_AT_DAC_BRIDGE_OUTPUT,11001101,205,11001101,205,11001101,205,11001101,205,True,True
MC200_CMP_XM5_XM6_W8P2524_XM7_XM11_W16P8587_S169_LOW_W4,67,-3.12168e-06;-8.56289e-06;-3.02606e-06;-3.22791e-06;-8.19102e-06;-8.51787e-06;-3.05785e-06;-8.19161e-06,-3.17705e-06;-8.56953e-06;-3.07753e-06;-3.2829e-06;-8.20804e-06;-8.51289e-06;-3.1117e-06;-8.20748e-06,3.3;-2.03303e-06;-1.66166e-06;-1.67805e-06;-1.94906e-06;3.3;3.3;3.3,-1.74343e-06;3.3;3.3;3.3;3.3;-1.96875e-06;-1.6417e-06;-1.93042e-06,RETRY_5NS;RETRY_5NS;RETRY_5NS;RETRY_5NS;RETRY_5NS;RETRY_5NS;RETRY_5NS;RETRY_5NS,8,8,10000111,135,120,1000011,7,134,120,135,INFERRED_AT_DAC_BRIDGE_OUTPUT,10000111,135,10000111,135,10000111,135,10000111,135,True,True
MC200_CMP_XM5_XM6_W8P2524_XM7_XM11_W16P8587_S170_LOW_W4,0,-2.98727e-06;-8.2973e-06;-3.07491e-06;-3.07246e-06;-8.24224e-06;-8.24272e-06;-3.06239e-06;-8.28239e-06,-3.04819e-06;-8.27516e-06;-3.13695e-06;-3.13335e-06;-8.23573e-06;-8.2339e-06;-3.12362e-06;-8.26788e-06,3.3;3.3;3.3;-1.66426e-06;-1.97023e-06;-1.96434e-06;-1.64801e-06;3.3,-1.74446e-06;-1.98705e-06;-1.65032e-06;3.3;3.3;3.3;3.3;-1.94872e-06,RETRY_5NS;RETRY_5NS;RETRY_5NS;RETRY_5NS;RETRY_5NS;RETRY_5NS;RETRY_5NS;RETRY_5NS,8,8,11100001,225,30,1110000,7,224,30,225,INFERRED_AT_DAC_BRIDGE_OUTPUT,11100001,225,11100001,225,11100001,225,11100001,225,True,True
MC200_CMP_XM5_XM6_W8P2524_XM7_XM11_W16P8587_S170_LOW_W4,1,-3.0914e-06;-8.4151e-06;-3.37143e-06;-3.16157e-06;-8.35775e-06;-8.35809e-06;-3.15703e-06;-8.39784e-06,-3.15457e-06;-8.38278e-06;-3.43824e-06;-3.22571e-06;-8.34259e-06;-8.34118e-06;-3.22016e-06;-8.37488e-06,3.3;3.3;3.3;3.3;-1.98199e-06;-1.97743e-06;-1.66271e-06;3.3,-1.77079e-06;-2.00482e-06;-1.6733e-06;-1.65332e-06;3.3;3.3;3.3;-1.95265e-06,RETRY_5NS;RETRY_5NS;RETRY_5NS;RETRY_5NS;RETRY_5NS;RETRY_5NS;RETRY_5NS;RETRY_5NS,8,8,11110001,241,14,1111000,7,240,14,241,INFERRED_AT_DAC_BRIDGE_OUTPUT,11110001,241,11110001,241,11110001,241,11110001,241,True,True
MC200_CMP_XM5_XM6_W8P2524_XM7_XM11_W16P8587_S170_LOW_W4,2,-3.11051e-06;-8.84419e-06;-3.20761e-06;-3.19396e-06;-8.40036e-06;-8.39853e-06;-3.18855e-06;-8.43683e-06,-3.17425e-06;-8.81997e-06;-3.27128e-06;-3.25727e-06;-8.37342e-06;-8.37433e-06;-3.25234e-06;-8.41013e-06,3.3;3.3;-1.68098e-06;-1.67145e-06;3.3;3.3;-1.66449e-06;3.3,-1.75067e-06;-1.99856e-06;3.3;3.3;-1.96923e-06;-1.96135e-06;3.3;-1.96266e-06,RETRY_5NS;RETRY_5NS;RETRY_5NS;RETRY_5NS;RETRY_5NS;RETRY_5NS;RETRY_5NS;RETRY_5NS,8,8,11001101,205,50,1100110,7,204,50,205,INFERRED_AT_DAC_BRIDGE_OUTPUT,11001101,205,11001101,205,11001101,205,11001101,205,True,True
MC200_CMP_XM5_XM6_W8P2524_XM7_XM11_W16P8587_S170_LOW_W4,3,-3.08412e-06;-8.44479e-06;-3.06737e-06;-3.19615e-06;-9.79662e-06;-8.39981e-06;-3.18816e-06;-8.43647e-06,-3.14735e-06;-8.42867e-06;-3.13169e-06;-3.25932e-06;-9.81266e-06;-8.37375e-06;-3.2529e-06;-8.41039e-06,3.3;-2.02943e-06;-1.67708e-06;-1.67574e-06;-1.97284e-06;3.3;3.3;3.3,-1.74181e-06;3.3;3.3;3.3;3.3;-1.96613e-06;-1.6549e-06;-1.95642e-06,RETRY_5NS;RETRY_5NS;RETRY_5NS;RETRY_5NS;RETRY_5NS;RETRY_5NS;RETRY_5NS;RETRY_5NS,8,8,10000111,135,120,1000011,7,134,120,135,INFERRED_AT_DAC_BRIDGE_OUTPUT,10000111,135,10000111,135,10000111,135,10000111,135,True,True
MC200_CMP_XM5_XM6_W8P2524_XM7_XM11_W16P8587_S170_LOW_W4,64,-3.11351e-06;-8.45082e-06;-2.98126e-06;-3.19793e-06;-8.08818e-06;-8.39708e-06;-3.03086e-06;-8.0894e-06,-3.17699e-06;-8.41555e-06;-3.04107e-06;-3.26141e-06;-8.09351e-06;-8.37595e-06;-3.09145e-06;-8.09008e-06,3.3;3.3;3.3;-1.6768e-06;-1.95492e-06;-1.98064e-06;-1.64299e-06;3.3,-1.75839e-06;-2.00387e-06;-1.63922e-06;3.3;3.3;3.3;3.3;-1.92938e-06,RETRY_5NS;RETRY_5NS;RETRY_5NS;RETRY_5NS;RETRY_5NS;RETRY_5NS;RETRY_5NS;RETRY_5NS,8,8,11100001,225,30,1110000,7,224,30,225,INFERRED_AT_DAC_BRIDGE_OUTPUT,11100001,225,11100001,225,11100001,225,11100001,225,True,True
MC200_CMP_XM5_XM6_W8P2524_XM7_XM11_W16P8587_S170_LOW_W4,65,-3.21695e-06;-8.56829e-06;-3.16296e-06;-3.58126e-06;-8.20369e-06;-8.51235e-06;-3.12551e-06;-8.20467e-06,-3.28267e-06;-8.5228e-06;-3.2285e-06;-3.64692e-06;-8.20041e-06;-8.48333e-06;-3.18799e-06;-8.19715e-06,3.3;3.3;3.3;3.3;-1.96643e-06;-1.99179e-06;-1.65846e-06;3.3,-1.78488e-06;-2.02031e-06;-1.65954e-06;-1.67424e-06;3.3;3.3;3.3;-1.96865e-06,RETRY_5NS;RETRY_5NS;RETRY_5NS;RETRY_5NS;RETRY_5NS;RETRY_5NS;RETRY_5NS;RETRY_5NS,8,8,11110001,241,14,1111000,7,240,14,241,INFERRED_AT_DAC_BRIDGE_OUTPUT,11110001,241,11110001,241,11110001,241,11110001,241,True,True
MC200_CMP_XM5_XM6_W8P2524_XM7_XM11_W16P8587_S170_LOW_W4,66,-3.23677e-06;-9.42562e-06;-3.30911e-06;-3.31957e-06;-8.24605e-06;-8.55296e-06;-3.15702e-06;-8.24332e-06,-3.30308e-06;-9.39985e-06;-3.36983e-06;-3.38549e-06;-8.23167e-06;-8.51638e-06;-3.22017e-06;-8.23264e-06,3.3;3.3;-1.67493e-06;-1.68426e-06;3.3;3.3;-1.65994e-06;3.3,-1.76375e-06;-2.01171e-06;3.3;3.3;-1.95383e-06;-1.97842e-06;3.3;-1.94049e-06,RETRY_5NS;RETRY_5NS;RETRY_5NS;RETRY_5NS;RETRY_5NS;RETRY_5NS;RETRY_5NS;RETRY_5NS,8,8,11001101,205,50,1100110,7,204,50,205,INFERRED_AT_DAC_BRIDGE_OUTPUT,11001101,205,11001101,205,11001101,205,11001101,205,True,True
MC200_CMP_XM5_XM6_W8P2524_XM7_XM11_W16P8587_S170_LOW_W4,67,-3.21235e-06;-8.5971e-06;-3.12385e-06;-3.32171e-06;-8.2427e-06;-8.53736e-06;-3.15662e-06;-8.24333e-06,-3.27817e-06;-8.56943e-06;-3.18573e-06;-3.38744e-06;-8.23311e-06;-8.50291e-06;-3.22073e-06;-8.23264e-06,3.3;-2.04516e-06;-1.67167e-06;-1.68734e-06;-1.96204e-06;3.3;3.3;3.3,-1.75436e-06;3.3;3.3;3.3;3.3;-1.9826e-06;-1.65096e-06;-1.94083e-06,RETRY_5NS;RETRY_5NS;RETRY_5NS;RETRY_5NS;RETRY_5NS;RETRY_5NS;RETRY_5NS;RETRY_5NS,8,8,10000111,135,120,1000011,7,134,120,135,INFERRED_AT_DAC_BRIDGE_OUTPUT,10000111,135,10000111,135,10000111,135,10000111,135,True,True
MC200_CMP_XM5_XM6_W8P2524_XM7_XM11_W16P8587_S171_LOW_W4,0,-2.99871e-06;-8.3041e-06;-3.21667e-06;-3.08587e-06;-7.84368e-06;-8.2494e-06;-3.07515e-06;-8.28821e-06,-2.94709e-06;-8.29071e-06;-3.16367e-06;-3.0324e-06;-7.84566e-06;-8.24457e-06;-3.02155e-06;-8.28418e-06,3.3;3.3;3.3;-1.65802e-06;-1.96503e-06;-1.95766e-06;-1.64919e-06;-1.95204e-06,-1.82786e-06;-2.0842e-06;-1.72935e-06;3.3;3.3;3.3;3.3;3.3,RETRY_5NS;RETRY_5NS;RETRY_5NS;RETRY_5NS;RETRY_5NS;RETRY_5NS;RETRY_5NS;RETRY_5NS,8,8,11100000,224,31,1110000,7,224,30,224,INFERRED_AT_DAC_BRIDGE_OUTPUT,11100000,224,11100000,224,11100000,224,11100000,224,True,True
MC200_CMP_XM5_XM6_W8P2524_XM7_XM11_W16P8587_S171_LOW_W4,1,-3.04037e-06;-7.91587e-06;-3.12497e-06;-3.32425e-06;-8.28762e-06;-8.28775e-06;-3.10683e-06;-8.32661e-06,-2.98815e-06;-7.91393e-06;-3.07212e-06;-3.27034e-06;-8.28741e-06;-8.28593e-06;-3.05245e-06;-8.32547e-06,3.3;3.3;3.3;3.3;-1.96552e-06;-1.96165e-06;-1.65202e-06;-1.95691e-06,-1.84752e-06;-2.09643e-06;-1.74024e-06;-1.72922e-06;3.3;3.3;3.3;3.3,RETRY_5NS;RETRY_5NS;RETRY_5NS;RETRY_5NS;RETRY_5NS;RETRY_5NS;RETRY_5NS;RETRY_5NS,8,8,11110000,240,15,1111000,7,240,14,240,INFERRED_AT_DAC_BRIDGE_OUTPUT,11110000,240,11110000,240,11110000,240,11110000,240,True,True
MC200_CMP_XM5_XM6_W8P2524_XM7_XM11_W16P8587_S171_LOW_W4,2,-3.12221e-06;-8.45054e-06;-3.22147e-06;-3.20713e-06;-8.40595e-06;-8.40366e-06;-3.20136e-06;-8.44197e-06,-3.0679e-06;-8.44988e-06;-3.16507e-06;-3.1503e-06;-8.40579e-06;-8.40741e-06;-3.14481e-06;-8.44895e-06,3.3;3.3;-1.67526e-06;-1.6655e-06;3.3;3.3;-1.66211e-06;-1.96874e-06,-1.83241e-06;-2.09803e-06;3.3;3.3;-2.06412e-06;-2.05246e-06;3.3;3.3,RETRY_5NS;RETRY_5NS;RETRY_5NS;RETRY_5NS;RETRY_5NS;RETRY_5NS;RETRY_5NS;RETRY_5NS,8,8,11001100,204,51,1100110,7,204,50,204,INFERRED_AT_DAC_BRIDGE_OUTPUT,11001100,204,11001100,204,11001100,204,11001100,204,True,True
MC200_CMP_XM5_XM6_W8P2524_XM7_XM11_W16P8587_S171_LOW_W4,3,-3.09578e-06;-9.82098e-06;-3.22581e-06;-3.20954e-06;-8.40277e-06;-8.40481e-06;-3.20098e-06;-8.44267e-06,-3.04144e-06;-9.79604e-06;-3.16942e-06;-3.15291e-06;-8.40845e-06;-8.40651e-06;-3.14491e-06;-8.44815e-06,3.3;-2.01554e-06;-1.67483e-06;-1.66892e-06;-1.96976e-06;3.3;-1.64979e-06;3.3,-1.82484e-06;3.3;3.3;3.3;3.3;-2.06122e-06;3.3;-2.06261e-06,RETRY_5NS;RETRY_5NS;RETRY_5NS;RETRY_5NS;RETRY_5NS;RETRY_5NS;RETRY_5NS;RETRY_5NS,8,8,10000101,133,122,1000010,7,132,122,133,INFERRED_AT_DAC_BRIDGE_OUTPUT,10000101,133,10000101,133,10000101,133,10000101,133,True,True
MC200_CMP_XM5_XM6_W8P2524_XM7_XM11_W16P8587_S171_LOW_W4,64,-3.12525e-06;-8.45688e-06;-3.09195e-06;-3.21126e-06;-8.5999e-06;-8.40288e-06;-3.04358e-06;-7.87431e-06,-3.07064e-06;-8.45365e-06;-3.03735e-06;-3.15484e-06;-8.57211e-06;-8.40924e-06;-2.99073e-06;-7.86115e-06,3.3;3.3;3.3;-1.67099e-06;-1.9394e-06;-1.97291e-06;-1.64494e-06;-1.93066e-06,-1.84222e-06;-2.10038e-06;-1.7221e-06;3.3;3.3;3.3;3.3;3.3,RETRY_5NS;RETRY_5NS;RETRY_5NS;RETRY_5NS;RETRY_5NS;RETRY_5NS;RETRY_5NS;RETRY_5NS,8,8,11100000,224,31,1110000,7,224,30,224,INFERRED_AT_DAC_BRIDGE_OUTPUT,11100000,224,11100000,224,11100000,224,11100000,224,True,True
MC200_CMP_XM5_XM6_W8P2524_XM7_XM11_W16P8587_S171_LOW_W4,65,-3.16593e-06;-7.98073e-06;-3.03131e-06;-3.06486e-06;-8.13834e-06;-8.44441e-06;-3.07459e-06;-8.13503e-06,-3.11072e-06;-7.99096e-06;-2.98069e-06;-3.00762e-06;-8.11839e-06;-8.44713e-06;-3.02208e-06;-8.1189e-06,3.3;3.3;3.3;-1.65575e-06;3.3;3.3;3.3;3.3,-1.86183e-06;-2.11271e-06;-1.72974e-06;3.3;-2.03869e-06;-2.06632e-06;-1.7233e-06;-2.07042e-06,RETRY_5NS;RETRY_5NS;RETRY_5NS;RETRY_5NS;RETRY_5NS;RETRY_5NS;RETRY_5NS;RETRY_5NS,8,8,11101111,239,16,1110111,7,238,16,239,INFERRED_AT_DAC_BRIDGE_OUTPUT,11101111,239,11101111,239,11101111,239,11101111,239,True,True
MC200_CMP_XM5_XM6_W8P2524_XM7_XM11_W16P8587_S171_LOW_W4,66,-3.2485e-06;-8.60346e-06;-3.12811e-06;-3.33285e-06;-8.25223e-06;-8.55764e-06;-3.16983e-06;-8.24975e-06,-3.1912e-06;-8.61307e-06;-3.07392e-06;-3.27304e-06;-8.2415e-06;-8.5717e-06;-3.11401e-06;-8.24307e-06,3.3;3.3;-1.66603e-06;-1.67723e-06;3.3;3.3;-1.65874e-06;-1.95044e-06,-1.84686e-06;-2.11402e-06;3.3;3.3;-2.04802e-06;-2.06971e-06;3.3;3.3,RETRY_5NS;RETRY_5NS;RETRY_5NS;RETRY_5NS;RETRY_5NS;RETRY_5NS;RETRY_5NS;RETRY_5NS,8,8,11001100,204,51,1100110,7,204,50,204,INFERRED_AT_DAC_BRIDGE_OUTPUT,11001100,204,11001100,204,11001100,204,11001100,204,True,True
MC200_CMP_XM5_XM6_W8P2524_XM7_XM11_W16P8587_S171_LOW_W4,67,-3.22417e-06;-7.79043e-06;-3.13253e-06;-3.33507e-06;-8.24931e-06;-8.55854e-06;-3.16943e-06;-8.25039e-06,-3.16683e-06;-7.84318e-06;-3.07835e-06;-3.27548e-06;-8.24387e-06;-8.57103e-06;-3.1141e-06;-8.24236e-06,3.3;-2.04659e-06;-1.66605e-06;-1.68137e-06;-1.95487e-06;3.3;-1.63545e-06;3.3,-1.83792e-06;3.3;3.3;3.3;3.3;-2.07716e-06;3.3;-2.04238e-06,RETRY_5NS;RETRY_5NS;RETRY_5NS;RETRY_5NS;RETRY_5NS;RETRY_5NS;RETRY_5NS;RETRY_5NS,8,8,10000101,133,122,1000010,7,132,122,133,INFERRED_AT_DAC_BRIDGE_OUTPUT,10000101,133,10000101,133,10000101,133,10000101,133,True,True
MC200_CMP_XM5_XM6_W8P2524_XM7_XM11_W16P8587_S172_LOW_W4,0,-2.85764e-06;-8.23818e-06;-2.94258e-06;-2.9402e-06;-8.18455e-06;-8.1831e-06;-2.92986e-06;-9.31114e-06,-2.93778e-06;-8.22099e-06;-3.0239e-06;-3.02232e-06;-8.17469e-06;-8.17478e-06;-3.01204e-06;-9.33537e-06,3.3;3.3;-1.68024e-06;3.3;3.3;3.3;3.3;3.3,-1.78515e-06;-2.03512e-06;3.3;-1.69076e-06;-2.00122e-06;-1.9969e-06;-1.68083e-06;-1.98889e-06,RETRY_5NS;RETRY_5NS;RETRY_5NS;RETRY_5NS;RETRY_5NS;RETRY_5NS;RETRY_5NS;RETRY_5NS,8,8,11011111,223,32,1101111,7,222,32,223,INFERRED_AT_DAC_BRIDGE_OUTPUT,11011111,223,11011111,223,11011111,223,11011111,223,True,True
MC200_CMP_XM5_XM6_W8P2524_XM7_XM11_W16P8587_S172_LOW_W4,1,-2.43832e-06;-7.64951e-06;-2.52024e-06;-2.50634e-06;-7.58884e-06;-7.58729e-06;-2.49863e-06;-7.62856e-06,-2.50801e-06;-7.68816e-06;-2.59177e-06;-2.5762e-06;-7.63401e-06;-7.63347e-06;-2.56959e-06;-7.67151e-06,3.3;3.3;3.3;-1.63307e-06;3.3;3.3;3.3;3.3,-1.75282e-06;-1.98627e-06;-1.65126e-06;3.3;-1.94767e-06;-1.94163e-06;-1.63524e-06;-1.9344e-06,RETRY_5NS;RETRY_5NS;RETRY_5NS;RETRY_5NS;RETRY_5NS;RETRY_5NS;RETRY_5NS;RETRY_5NS,8,8,11101111,239,16,1110111,7,238,16,239,INFERRED_AT_DAC_BRIDGE_OUTPUT,11101111,239,11101111,239,11101111,239,11101111,239,True,True
MC200_CMP_XM5_XM6_W8P2524_XM7_XM11_W16P8587_S172_LOW_W4,2,-2.94673e-06;-8.35896e-06;-3.04274e-06;-3.02873e-06;-8.31037e-06;-8.30852e-06;-3.02252e-06;-7.95099e-06,-3.02942e-06;-8.33215e-06;-3.12575e-06;-3.11116e-06;-8.29053e-06;-8.29184e-06;-3.10627e-06;-7.91949e-06,3.3;3.3;-1.70044e-06;-1.69146e-06;3.3;-1.99405e-06;3.3;3.3,-1.78574e-06;-2.04345e-06;3.3;3.3;-2.0076e-06;3.3;-1.69193e-06;-2.00637e-06,RETRY_5NS;RETRY_5NS;RETRY_5NS;RETRY_5NS;RETRY_5NS;RETRY_5NS;RETRY_5NS;RETRY_5NS,8,8,11001011,203,52,1100101,7,202,52,203,INFERRED_AT_DAC_BRIDGE_OUTPUT,11001011,203,11001011,203,11001011,203,11001011,203,True,True
MC200_CMP_XM5_XM6_W8P2524_XM7_XM11_W16P8587_S172_LOW_W4,3,-2.88998e-06;-8.31838e-06;-3.01673e-06;-3.00058e-06;-8.26498e-06;-8.26682e-06;-2.99199e-06;-8.30891e-06,-2.97136e-06;-8.31052e-06;-3.09904e-06;-3.08238e-06;-8.25449e-06;-8.2525e-06;-3.07425e-06;-8.29142e-06,3.3;-2.04591e-06;-1.69642e-06;-1.69103e-06;-1.99797e-06;3.3;-1.68018e-06;-1.98348e-06,-1.77374e-06;3.3;3.3;3.3;3.3;-2.0006e-06;3.3;3.3,RETRY_5NS;RETRY_5NS;RETRY_5NS;RETRY_5NS;RETRY_5NS;RETRY_5NS;RETRY_5NS;RETRY_5NS,8,8,10000100,132,123,1000010,7,132,122,132,INFERRED_AT_DAC_BRIDGE_OUTPUT,10000100,132,10000100,132,10000100,132,10000100,132,True,True
MC200_CMP_XM5_XM6_W8P2524_XM7_XM11_W16P8587_S172_LOW_W4,64,-2.98097e-06;-8.40735e-06;-2.851e-06;-3.06258e-06;-8.01451e-06;-8.35315e-06;-2.89909e-06;-8.04894e-06,-3.06421e-06;-8.37418e-06;-2.92999e-06;-3.14777e-06;-8.02026e-06;-8.3294e-06;-2.9805e-06;-8.05844e-06,3.3;3.3;-1.66913e-06;3.3;3.3;3.3;3.3;3.3,-1.79919e-06;-2.05073e-06;3.3;-1.70439e-06;-1.98602e-06;-2.0118e-06;-1.67952e-06;-1.97589e-06,RETRY_5NS;RETRY_5NS;RETRY_5NS;RETRY_5NS;RETRY_5NS;RETRY_5NS;RETRY_5NS;RETRY_5NS,8,8,11011111,223,32,1101111,7,222,32,223,INFERRED_AT_DAC_BRIDGE_OUTPUT,11011111,223,11011111,223,11011111,223,11011111,223,True,True
MC200_CMP_XM5_XM6_W8P2524_XM7_XM11_W16P8587_S172_LOW_W4,65,-2.5606e-06;-7.8185e-06;-2.44744e-06;-2.62903e-06;-7.41867e-06;-7.75744e-06;-2.4475e-06;-7.41543e-06,-2.63337e-06;-7.8411e-06;-2.51641e-06;-2.70198e-06;-7.47953e-06;-7.78813e-06;-2.51838e-06;-7.4784e-06,3.3;3.3;3.3;-1.64639e-06;3.3;3.3;3.3;-1.94763e-06,-1.76559e-06;-2.00131e-06;-1.64433e-06;3.3;-1.93273e-06;-1.95834e-06;-1.63052e-06;3.3,RETRY_5NS;RETRY_5NS;RETRY_5NS;RETRY_5NS;RETRY_5NS;RETRY_5NS;RETRY_5NS;RETRY_5NS,8,8,11101110,238,17,1110111,7,238,16,238,INFERRED_AT_DAC_BRIDGE_OUTPUT,11101110,238,11101110,238,11101110,238,11101110,238,True,True
MC200_CMP_XM5_XM6_W8P2524_XM7_XM11_W16P8587_S172_LOW_W4,66,-3.07008e-06;-8.52827e-06;-2.95171e-06;-3.15141e-06;-8.14033e-06;-8.4782e-06;-2.99175e-06;-7.69412e-06,-3.15588e-06;-8.48561e-06;-3.0324e-06;-3.23693e-06;-8.13597e-06;-8.44702e-06;-3.07474e-06;-7.6783e-06,3.3;3.3;-1.69088e-06;-1.70439e-06;3.3;-2.01142e-06;3.3;3.3,-1.80011e-06;-2.05867e-06;3.3;3.3;-1.99372e-06;3.3;-1.68851e-06;-1.99265e-06,RETRY_5NS;RETRY_5NS;RETRY_5NS;RETRY_5NS;RETRY_5NS;RETRY_5NS;RETRY_5NS;RETRY_5NS,8,8,11001011,203,52,1100101,7,202,52,203,INFERRED_AT_DAC_BRIDGE_OUTPUT,11001011,203,11001011,203,11001011,203,11001011,203,True,True
MC200_CMP_XM5_XM6_W8P2524_XM7_XM11_W16P8587_S172_LOW_W4,67,-3.01523e-06;-8.48643e-06;-2.92579e-06;-3.12303e-06;-8.0952e-06;-8.43687e-06;-2.96121e-06;-8.70835e-06,-3.09974e-06;-8.46415e-06;-3.00578e-06;-3.20793e-06;-8.09961e-06;-8.40728e-06;-3.0427e-06;-8.72883e-06,3.3;-2.0618e-06;-1.68648e-06;-1.70418e-06;-1.98203e-06;3.3;-1.67687e-06;3.3,-1.7883e-06;3.3;3.3;3.3;3.3;-2.01606e-06;3.3;-1.96824e-06,RETRY_5NS;RETRY_5NS;RETRY_5NS;RETRY_5NS;RETRY_5NS;RETRY_5NS;RETRY_5NS;RETRY_5NS,8,8,10000101,133,122,1000010,7,132,122,133,INFERRED_AT_DAC_BRIDGE_OUTPUT,10000101,133,10000101,133,10000101,133,10000101,133,True,True
MC200_CMP_XM5_XM6_W8P2524_XM7_XM11_W16P8587_S173_LOW_W4,0,-3.09856e-06;-8.4244e-06;-2.92459e-06;-3.17931e-06;-8.37709e-06;-8.37586e-06;-3.17091e-06;-7.51398e-06,-3.00381e-06;-8.45243e-06;-2.82565e-06;-3.08422e-06;-8.40495e-06;-8.4053e-06;-3.07546e-06;-7.57341e-06,3.3;3.3;-1.69273e-06;3.3;3.3;3.3;3.3;3.3,-1.76364e-06;-2.01248e-06;3.3;-1.67207e-06;-1.97877e-06;-1.97422e-06;-1.66169e-06;-1.97913e-06,RETRY_5NS;RETRY_5NS;RETRY_5NS;RETRY_5NS;RETRY_5NS;RETRY_5NS;RETRY_5NS;RETRY_5NS,8,8,11011111,223,32,1101111,7,222,32,223,INFERRED_AT_DAC_BRIDGE_OUTPUT,11011111,223,11011111,223,11011111,223,11011111,223,True,True
MC200_CMP_XM5_XM6_W8P2524_XM7_XM11_W16P8587_S173_LOW_W4,1,-3.10693e-06;-8.42672e-06;-3.26173e-06;-3.17555e-06;-8.37669e-06;-8.37498e-06;-3.17107e-06;-8.41138e-06,-3.01234e-06;-8.45435e-06;-3.16742e-06;-3.07932e-06;-8.40493e-06;-8.40572e-06;-3.07516e-06;-8.449e-06,3.3;3.3;3.3;-1.69667e-06;3.3;3.3;3.3;3.3,-1.77676e-06;-2.01612e-06;-1.67899e-06;3.3;-1.97841e-06;-1.97341e-06;-1.66114e-06;-1.96242e-06,RETRY_5NS;RETRY_5NS;RETRY_5NS;RETRY_5NS;RETRY_5NS;RETRY_5NS;RETRY_5NS;RETRY_5NS,8,8,11101111,239,16,1110111,7,238,16,239,INFERRED_AT_DAC_BRIDGE_OUTPUT,11101111,239,11101111,239,11101111,239,11101111,239,True,True
MC200_CMP_XM5_XM6_W8P2524_XM7_XM11_W16P8587_S173_LOW_W4,2,-3.0635e-06;-8.38057e-06;-3.1577e-06;-3.14486e-06;-8.33738e-06;-7.83037e-06;-3.13876e-06;-7.51565e-06,-2.9699e-06;-8.40714e-06;-3.06173e-06;-3.04837e-06;-8.36291e-06;-7.83716e-06;-3.04413e-06;-7.57478e-06,3.3;3.3;-1.70853e-06;-1.69919e-06;3.3;-2.01031e-06;3.3;3.3,-1.75275e-06;-2.00479e-06;3.3;3.3;-1.97178e-06;3.3;-1.65843e-06;-1.97434e-06,RETRY_5NS;RETRY_5NS;RETRY_5NS;RETRY_5NS;RETRY_5NS;RETRY_5NS;RETRY_5NS;RETRY_5NS,8,8,11001011,203,52,1100101,7,202,52,203,INFERRED_AT_DAC_BRIDGE_OUTPUT,11001011,203,11001011,203,11001011,203,11001011,203,True,True
MC200_CMP_XM5_XM6_W8P2524_XM7_XM11_W16P8587_S173_LOW_W4,3,-3.20299e-06;-8.5685e-06;-3.32039e-06;-3.3068e-06;-8.52375e-06;-7.58092e-06;-3.37004e-06;-8.56335e-06,-3.10522e-06;-8.63333e-06;-3.22037e-06;-3.20655e-06;-8.57695e-06;-7.65765e-06;-3.27175e-06;-8.61795e-06,3.3;-2.08194e-06;-1.72295e-06;-1.71822e-06;-2.02999e-06;3.3;-1.70925e-06;3.3,-1.76042e-06;3.3;3.3;3.3;3.3;-1.99406e-06;3.3;-1.98404e-06,RETRY_5NS;RETRY_5NS;RETRY_5NS;RETRY_5NS;RETRY_5NS;RETRY_5NS;RETRY_5NS;RETRY_5NS,8,8,10000101,133,122,1000010,7,132,122,133,INFERRED_AT_DAC_BRIDGE_OUTPUT,10000101,133,10000101,133,10000101,133,10000101,133,True,True
MC200_CMP_XM5_XM6_W8P2524_XM7_XM11_W16P8587_S173_LOW_W4,64,-3.22729e-06;-8.57529e-06;-3.0859e-06;-3.30703e-06;-8.22531e-06;-8.52766e-06;-3.13877e-06;-7.61152e-06,-3.12921e-06;-8.61983e-06;-2.99216e-06;-3.20862e-06;-8.23638e-06;-8.57403e-06;-3.04414e-06;-7.64193e-06,3.3;3.3;-1.69266e-06;3.3;3.3;3.3;3.3;3.3,-1.7773e-06;-2.02698e-06;3.3;-1.68489e-06;-1.96386e-06;-1.98976e-06;-1.6586e-06;-1.95983e-06,RETRY_5NS;RETRY_5NS;RETRY_5NS;RETRY_5NS;RETRY_5NS;RETRY_5NS;RETRY_5NS;RETRY_5NS,8,8,11011111,223,32,1101111,7,222,32,223,INFERRED_AT_DAC_BRIDGE_OUTPUT,11011111,223,11011111,223,11011111,223,11011111,223,True,True
MC200_CMP_XM5_XM6_W8P2524_XM7_XM11_W16P8587_S173_LOW_W4,65,-3.23483e-06;-8.57739e-06;-3.16013e-06;-3.30365e-06;-8.22508e-06;-8.52673e-06;-3.13878e-06;-8.22153e-06,-3.1369e-06;-8.62149e-06;-3.06826e-06;-3.20416e-06;-8.23634e-06;-8.57456e-06;-3.04412e-06;-8.23776e-06,3.3;3.3;3.3;-1.71129e-06;3.3;3.3;3.3;3.3,-1.79073e-06;-2.03215e-06;-1.66953e-06;3.3;-1.96345e-06;-1.98805e-06;-1.65731e-06;-1.9778e-06,RETRY_5NS;RETRY_5NS;RETRY_5NS;RETRY_5NS;RETRY_5NS;RETRY_5NS;RETRY_5NS;RETRY_5NS,8,8,11101111,239,16,1110111,7,238,16,239,INFERRED_AT_DAC_BRIDGE_OUTPUT,11101111,239,11101111,239,11101111,239,11101111,239,True,True
MC200_CMP_XM5_XM6_W8P2524_XM7_XM11_W16P8587_S173_LOW_W4,66,-3.19235e-06;-8.53149e-06;-3.0624e-06;-3.27284e-06;-8.18561e-06;-8.17649e-06;-3.1066e-06;-7.85225e-06,-3.09543e-06;-8.57475e-06;-2.96887e-06;-3.17305e-06;-8.19423e-06;-8.23132e-06;-3.01279e-06;-7.88735e-06,3.3;3.3;-1.69879e-06;-1.71119e-06;3.3;-2.02325e-06;3.3;3.3,-1.76637e-06;-2.02048e-06;3.3;3.3;-1.95659e-06;3.3;-1.65511e-06;-1.95747e-06,RETRY_5NS;RETRY_5NS;RETRY_5NS;RETRY_5NS;RETRY_5NS;RETRY_5NS;RETRY_5NS;RETRY_5NS,8,8,11001011,203,52,1100101,7,202,52,203,INFERRED_AT_DAC_BRIDGE_OUTPUT,11001011,203,11001011,203,11001011,203,11001011,203,True,True
MC200_CMP_XM5_XM6_W8P2524_XM7_XM11_W16P8587_S173_LOW_W4,67,-3.33351e-06;-8.7182e-06;-3.22519e-06;-3.43472e-06;-8.37227e-06;-7.62013e-06;-3.26757e-06;-8.37342e-06,-3.23241e-06;-8.80113e-06;-3.12761e-06;-3.33119e-06;-8.40799e-06;-7.71634e-06;-3.16902e-06;-8.4068e-06,3.3;-2.09745e-06;-1.71391e-06;-1.73128e-06;-2.01374e-06;3.3;-1.70321e-06;-2.00108e-06,-1.77338e-06;3.3;3.3;3.3;3.3;-2.00742e-06;3.3;3.3,RETRY_5NS;RETRY_5NS;RETRY_5NS;RETRY_5NS;RETRY_5NS;RETRY_5NS;RETRY_5NS;RETRY_5NS,8,8,10000100,132,123,1000010,7,132,122,132,INFERRED_AT_DAC_BRIDGE_OUTPUT,10000100,132,10000100,132,10000100,132,10000100,132,True,True
MC200_CMP_XM5_XM6_W8P2524_XM7_XM11_W16P8587_S174_LOW_W4,0,-3.23815e-06;-8.42438e-06;-3.34289e-06;-3.33952e-06;-8.36628e-06;-8.36652e-06;-3.32454e-06;-7.61532e-06,-3.14052e-06;-8.4362e-06;-3.24502e-06;-3.24027e-06;-8.38696e-06;-8.38467e-06;-3.2266e-06;-7.65487e-06,3.3;3.3;3.3;-1.7583e-06;-2.08207e-06;-2.07527e-06;3.3;-2.08359e-06,-1.78578e-06;-2.0325e-06;-1.68785e-06;3.3;3.3;3.3;-1.6724e-06;3.3,RETRY_5NS;RETRY_5NS;RETRY_5NS;RETRY_5NS;RETRY_5NS;RETRY_5NS;RETRY_5NS;RETRY_5NS,8,8,11100010,226,29,1110001,7,226,28,226,INFERRED_AT_DAC_BRIDGE_OUTPUT,11100010,226,11100010,226,11100010,226,11100010,226,True,True
MC200_CMP_XM5_XM6_W8P2524_XM7_XM11_W16P8587_S174_LOW_W4,1,-3.31094e-06;-8.49972e-06;-3.41174e-06;-3.39249e-06;-8.43837e-06;-8.43837e-06;-3.38505e-06;-8.47568e-06,-3.21193e-06;-8.51894e-06;-3.31206e-06;-3.29264e-06;-8.46766e-06;-8.46582e-06;-3.28474e-06;-8.50383e-06,3.3;3.3;3.3;3.3;-2.09062e-06;-2.08543e-06;-1.75424e-06;3.3,-1.80928e-06;-2.04485e-06;-1.69973e-06;-1.68892e-06;3.3;3.3;3.3;-1.99599e-06,RETRY_5NS;RETRY_5NS;RETRY_5NS;RETRY_5NS;RETRY_5NS;RETRY_5NS;RETRY_5NS;RETRY_5NS,8,8,11110001,241,14,1111000,7,240,14,241,INFERRED_AT_DAC_BRIDGE_OUTPUT,11110001,241,11110001,241,11110001,241,11110001,241,True,True
MC200_CMP_XM5_XM6_W8P2524_XM7_XM11_W16P8587_S174_LOW_W4,2,-3.29464e-06;-8.48979e-06;-3.4126e-06;-3.39291e-06;-8.44263e-06;-8.44037e-06;-3.38459e-06;-8.47587e-06,-3.19587e-06;-8.51146e-06;-3.31189e-06;-3.29276e-06;-8.46319e-06;-8.46355e-06;-3.28512e-06;-8.50375e-06,3.3;3.3;-1.76993e-06;-1.76089e-06;3.3;3.3;-1.75051e-06;3.3,-1.7842e-06;-2.03749e-06;3.3;3.3;-2.00473e-06;-2.00135e-06;3.3;-2.00128e-06,RETRY_5NS;RETRY_5NS;RETRY_5NS;RETRY_5NS;RETRY_5NS;RETRY_5NS;RETRY_5NS;RETRY_5NS,8,8,11001101,205,50,1100110,7,204,50,205,INFERRED_AT_DAC_BRIDGE_OUTPUT,11001101,205,11001101,205,11001101,205,11001101,205,True,True
MC200_CMP_XM5_XM6_W8P2524_XM7_XM11_W16P8587_S174_LOW_W4,3,-3.19667e-06;-7.62911e-06;-3.35962e-06;-3.33672e-06;-9.75118e-06;-7.72568e-06;-3.48169e-06;-8.40338e-06,-3.09954e-06;-7.67796e-06;-3.2605e-06;-3.2372e-06;-9.72619e-06;-7.76114e-06;-3.3841e-06;-8.42332e-06,3.3;-2.13387e-06;-1.76334e-06;-1.75781e-06;-2.06975e-06;3.3;3.3;3.3,-1.76945e-06;3.3;3.3;3.3;3.3;-2.00521e-06;-1.67976e-06;-1.98871e-06,RETRY_5NS;RETRY_5NS;RETRY_5NS;RETRY_5NS;RETRY_5NS;RETRY_5NS;RETRY_5NS;RETRY_5NS,8,8,10000111,135,120,1000011,7,134,120,135,INFERRED_AT_DAC_BRIDGE_OUTPUT,10000111,135,10000111,135,10000111,135,10000111,135,True,True
MC200_CMP_XM5_XM6_W8P2524_XM7_XM11_W16P8587_S174_LOW_W4,64,-3.3587e-06;-8.56768e-06;-3.25375e-06;-3.45858e-06;-8.22204e-06;-8.51108e-06;-3.29452e-06;-7.71095e-06,-3.25809e-06;-8.59502e-06;-3.1581e-06;-3.35633e-06;-8.22599e-06;-8.54549e-06;-3.19732e-06;-7.72618e-06,3.3;3.3;3.3;-1.77348e-06;-2.06422e-06;-2.09113e-06;3.3;-2.06493e-06,-1.79771e-06;-2.04838e-06;-1.67778e-06;3.3;3.3;3.3;-1.66925e-06;3.3,RETRY_5NS;RETRY_5NS;RETRY_5NS;RETRY_5NS;RETRY_5NS;RETRY_5NS;RETRY_5NS;RETRY_5NS,8,8,11100010,226,29,1110001,7,226,28,226,INFERRED_AT_DAC_BRIDGE_OUTPUT,11100010,226,11100010,226,11100010,226,11100010,226,True,True
MC200_CMP_XM5_XM6_W8P2524_XM7_XM11_W16P8587_S174_LOW_W4,65,-3.43031e-06;-8.64272e-06;-3.32317e-06;-3.51204e-06;-8.29414e-06;-8.5828e-06;-3.35502e-06;-8.29481e-06,-3.32832e-06;-8.67743e-06;-3.22565e-06;-3.40919e-06;-8.30672e-06;-8.62682e-06;-3.25545e-06;-8.30259e-06,3.3;3.3;3.3;3.3;-2.07378e-06;-2.10085e-06;-1.74973e-06;3.3,-1.82289e-06;-2.06211e-06;-1.69018e-06;-1.7003e-06;3.3;3.3;3.3;-2.01571e-06,RETRY_5NS;RETRY_5NS;RETRY_5NS;RETRY_5NS;RETRY_5NS;RETRY_5NS;RETRY_5NS;RETRY_5NS,8,8,11110001,241,14,1111000,7,240,14,241,INFERRED_AT_DAC_BRIDGE_OUTPUT,11110001,241,11110001,241,11110001,241,11110001,241,True,True
MC200_CMP_XM5_XM6_W8P2524_XM7_XM11_W16P8587_S174_LOW_W4,66,-3.41502e-06;-8.63337e-06;-3.32414e-06;-3.51234e-06;-8.29802e-06;-8.5856e-06;-3.35456e-06;-8.29505e-06,-3.31326e-06;-8.67072e-06;-3.22569e-06;-3.40932e-06;-8.30271e-06;-8.62389e-06;-3.25585e-06;-8.30251e-06,3.3;3.3;-1.76032e-06;-1.77323e-06;3.3;3.3;-1.74632e-06;3.3,-1.79737e-06;-2.05354e-06;3.3;3.3;-1.99005e-06;-2.01696e-06;3.3;-1.98245e-06,RETRY_5NS;RETRY_5NS;RETRY_5NS;RETRY_5NS;RETRY_5NS;RETRY_5NS;RETRY_5NS;RETRY_5NS,8,8,11001101,205,50,1100110,7,204,50,205,INFERRED_AT_DAC_BRIDGE_OUTPUT,11001101,205,11001101,205,11001101,205,11001101,205,True,True
MC200_CMP_XM5_XM6_W8P2524_XM7_XM11_W16P8587_S174_LOW_W4,67,-3.31946e-06;-7.53211e-06;-3.27094e-06;-3.45607e-06;-8.21079e-06;-8.29287e-06;-3.3293e-06;-8.22261e-06,-3.2193e-06;-7.60594e-06;-3.17408e-06;-3.35353e-06;-8.21222e-06;-8.32741e-06;-3.22915e-06;-8.22206e-06,3.3;-2.15118e-06;-1.75349e-06;-1.77077e-06;-2.056e-06;3.3;3.3;3.3,-1.78285e-06;3.3;3.3;3.3;3.3;-2.01301e-06;-1.67774e-06;-1.97348e-06,RETRY_5NS;RETRY_5NS;RETRY_5NS;RETRY_5NS;RETRY_5NS;RETRY_5NS;RETRY_5NS;RETRY_5NS,8,8,10000111,135,120,1000011,7,134,120,135,INFERRED_AT_DAC_BRIDGE_OUTPUT,10000111,135,10000111,135,10000111,135,10000111,135,True,True
MC200_CMP_XM5_XM6_W8P2524_XM7_XM11_W16P8587_S175_LOW_W4,0,-3.05979e-06;-8.37821e-06;-3.14934e-06;-3.14739e-06;-8.32238e-06;-8.32255e-06;-3.13664e-06;-8.36261e-06,-2.99804e-06;-8.38061e-06;-3.08718e-06;-3.08373e-06;-8.33513e-06;-8.33363e-06;-3.07348e-06;-8.37348e-06,3.3;3.3;3.3;-1.68148e-06;-1.98939e-06;-1.98389e-06;-1.66836e-06;3.3,-1.77202e-06;-2.01983e-06;-1.67699e-06;3.3;3.3;3.3;3.3;-1.97979e-06,RETRY_5NS;RETRY_5NS;RETRY_5NS;RETRY_5NS;RETRY_5NS;RETRY_5NS;RETRY_5NS;RETRY_5NS,8,8,11100001,225,30,1110000,7,224,30,225,INFERRED_AT_DAC_BRIDGE_OUTPUT,11100001,225,11100001,225,11100001,225,11100001,225,True,True
MC200_CMP_XM5_XM6_W8P2524_XM7_XM11_W16P8587_S175_LOW_W4,1,-3.10097e-06;-8.41965e-06;-3.03241e-06;-3.17291e-06;-8.36116e-06;-8.36135e-06;-3.16793e-06;-8.40092e-06,-3.03875e-06;-8.42439e-06;-2.96959e-06;-3.1097e-06;-8.37719e-06;-8.37568e-06;-3.10409e-06;-8.41587e-06,3.3;3.3;3.3;3.3;-1.99201e-06;-1.9899e-06;-1.67436e-06;-1.98439e-06,-1.78952e-06;-2.02747e-06;-1.68145e-06;-1.67236e-06;3.3;3.3;3.3;3.3,RETRY_5NS;RETRY_5NS;RETRY_5NS;RETRY_5NS;RETRY_5NS;RETRY_5NS;RETRY_5NS;RETRY_5NS,8,8,11110000,240,15,1111000,7,240,14,240,INFERRED_AT_DAC_BRIDGE_OUTPUT,11110000,240,11110000,240,11110000,240,11110000,240,True,True
MC200_CMP_XM5_XM6_W8P2524_XM7_XM11_W16P8587_S175_LOW_W4,2,-3.05693e-06;-8.3721e-06;-3.15816e-06;-3.22918e-06;-8.32606e-06;-8.32418e-06;-3.13676e-06;-8.36237e-06,-2.9955e-06;-8.37663e-06;-3.09453e-06;-3.16675e-06;-8.33072e-06;-8.33146e-06;-3.07357e-06;-8.37365e-06,3.3;3.3;-1.68633e-06;-1.67822e-06;3.3;3.3;-1.67064e-06;3.3,-1.76434e-06;-2.01757e-06;3.3;3.3;-1.98524e-06;-1.97848e-06;3.3;-1.97422e-06,RETRY_5NS;RETRY_5NS;RETRY_5NS;RETRY_5NS;RETRY_5NS;RETRY_5NS;RETRY_5NS;RETRY_5NS,8,8,11001101,205,50,1100110,7,204,50,205,INFERRED_AT_DAC_BRIDGE_OUTPUT,11001101,205,11001101,205,11001101,205,11001101,205,True,True
MC200_CMP_XM5_XM6_W8P2524_XM7_XM11_W16P8587_S175_LOW_W4,3,-2.96465e-06;-8.29659e-06;-3.10144e-06;-3.08348e-06;-8.24516e-06;-8.24723e-06;-3.07401e-06;-8.28425e-06,-2.90445e-06;-8.31077e-06;-3.0391e-06;-3.02085e-06;-8.24902e-06;-8.24778e-06;-3.01272e-06;-8.29049e-06,3.3;-2.02603e-06;-1.6787e-06;-1.67343e-06;-1.97361e-06;3.3;3.3;-1.96813e-06,-1.74947e-06;3.3;3.3;3.3;3.3;-1.975e-06;-1.66129e-06;3.3,RETRY_5NS;RETRY_5NS;RETRY_5NS;RETRY_5NS;RETRY_5NS;RETRY_5NS;RETRY_5NS;RETRY_5NS,8,8,10000110,134,121,1000011,7,134,120,134,INFERRED_AT_DAC_BRIDGE_OUTPUT,10000110,134,10000110,134,10000110,134,10000110,134,True,True
MC200_CMP_XM5_XM6_W8P2524_XM7_XM11_W16P8587_S175_LOW_W4,64,-3.18474e-06;-8.53272e-06;-3.05662e-06;-3.27124e-06;-8.16723e-06;-8.47791e-06;-3.1427e-06;-8.16811e-06,-3.12046e-06;-8.54589e-06;-2.99636e-06;-3.20507e-06;-8.16802e-06;-8.50068e-06;-3.08038e-06;-8.1646e-06,3.3;3.3;3.3;-1.69356e-06;-1.97401e-06;-1.99915e-06;-1.66704e-06;3.3,-1.78592e-06;-2.03536e-06;-1.66743e-06;3.3;3.3;3.3;3.3;-1.96171e-06,RETRY_5NS;RETRY_5NS;RETRY_5NS;RETRY_5NS;RETRY_5NS;RETRY_5NS;RETRY_5NS;RETRY_5NS,8,8,11100001,225,30,1110000,7,224,30,225,INFERRED_AT_DAC_BRIDGE_OUTPUT,11100001,225,11100001,225,11100001,225,11100001,225,True,True
MC200_CMP_XM5_XM6_W8P2524_XM7_XM11_W16P8587_S175_LOW_W4,65,-3.22503e-06;-8.57388e-06;-2.85269e-06;-3.2971e-06;-8.20603e-06;-8.51667e-06;-3.13676e-06;-8.20639e-06,-3.16028e-06;-8.58935e-06;-2.79173e-06;-3.23138e-06;-8.21002e-06;-8.54278e-06;-3.07355e-06;-8.20697e-06,3.3;3.3;3.3;3.3;-1.97827e-06;-2.00493e-06;-1.67132e-06;-2.0003e-06,-1.80387e-06;-2.04478e-06;-1.67097e-06;-1.68575e-06;3.3;3.3;3.3;3.3,RETRY_5NS;RETRY_5NS;RETRY_5NS;RETRY_5NS;RETRY_5NS;RETRY_5NS;RETRY_5NS;RETRY_5NS,8,8,11110000,240,15,1111000,7,240,14,240,INFERRED_AT_DAC_BRIDGE_OUTPUT,11110000,240,11110000,240,11110000,240,11110000,240,True,True
MC200_CMP_XM5_XM6_W8P2524_XM7_XM11_W16P8587_S175_LOW_W4,66,-3.18163e-06;-8.52668e-06;-3.06591e-06;-3.26706e-06;-8.17051e-06;-8.47972e-06;-3.10562e-06;-8.16791e-06,-3.11768e-06;-8.54215e-06;-3.00416e-06;-3.20083e-06;-8.16404e-06;-8.49842e-06;-3.04305e-06;-8.16473e-06,3.3;3.3;-1.67552e-06;-1.68812e-06;3.3;3.3;-1.66831e-06;3.3,-1.77796e-06;-2.03288e-06;3.3;3.3;-1.96959e-06;-1.99244e-06;3.3;-1.95691e-06,RETRY_5NS;RETRY_5NS;RETRY_5NS;RETRY_5NS;RETRY_5NS;RETRY_5NS;RETRY_5NS;RETRY_5NS,8,8,11001101,205,50,1100110,7,204,50,205,INFERRED_AT_DAC_BRIDGE_OUTPUT,11001101,205,11001101,205,11001101,205,11001101,205,True,True
MC200_CMP_XM5_XM6_W8P2524_XM7_XM11_W16P8587_S175_LOW_W4,67,-3.09164e-06;-8.44995e-06;-3.00928e-06;-3.20746e-06;-8.08972e-06;-8.40265e-06;-3.04261e-06;-8.08967e-06,-3.0289e-06;-8.47649e-06;-2.94881e-06;-3.1423e-06;-8.08219e-06;-8.4147e-06;-2.98243e-06;-8.08169e-06,3.3;-2.04124e-06;-1.66907e-06;-1.68682e-06;-1.95871e-06;3.3;3.3;-1.95158e-06,-1.76334e-06;3.3;3.3;3.3;3.3;-1.99057e-06;-1.65885e-06;3.3,RETRY_5NS;RETRY_5NS;RETRY_5NS;RETRY_5NS;RETRY_5NS;RETRY_5NS;RETRY_5NS;RETRY_5NS,8,8,10000110,134,121,1000011,7,134,120,134,INFERRED_AT_DAC_BRIDGE_OUTPUT,10000110,134,10000110,134,10000110,134,10000110,134,True,True
MC200_CMP_XM5_XM6_W8P2524_XM7_XM11_W16P8587_S176_LOW_W4,0,-2.97227e-06;-7.92496e-06;-3.05288e-06;-3.0599e-06;-8.20888e-06;-8.20918e-06;-3.04813e-06;-8.2485e-06,-2.96101e-06;-7.92113e-06;-3.04253e-06;-3.04799e-06;-8.216e-06;-8.21417e-06;-3.03747e-06;-8.25278e-06,3.3;3.3;3.3;-1.68283e-06;-1.9914e-06;-1.98575e-06;3.3;-1.98767e-06,-1.74479e-06;-1.9936e-06;-1.65067e-06;3.3;3.3;3.3;-1.63868e-06;3.3,RETRY_5NS;RETRY_5NS;RETRY_5NS;RETRY_5NS;RETRY_5NS;RETRY_5NS;RETRY_5NS;RETRY_5NS,8,8,11100010,226,29,1110001,7,226,28,226,INFERRED_AT_DAC_BRIDGE_OUTPUT,11100010,226,11100010,226,11100010,226,11100010,226,True,True
MC200_CMP_XM5_XM6_W8P2524_XM7_XM11_W16P8587_S176_LOW_W4,1,-2.5512e-06;-7.72706e-06;-2.64297e-06;-2.6218e-06;-7.6637e-06;-7.66301e-06;-2.61406e-06;-7.70233e-06,-2.54073e-06;-7.71984e-06;-2.63287e-06;-2.61158e-06;-7.66414e-06;-7.66248e-06;-2.60336e-06;-7.69982e-06,3.3;3.3;3.3;3.3;-1.93735e-06;-1.93493e-06;-1.62526e-06;3.3,-1.71594e-06;-1.94369e-06;-1.61396e-06;-1.603e-06;3.3;3.3;3.3;-1.89577e-06,RETRY_5NS;RETRY_5NS;RETRY_5NS;RETRY_5NS;RETRY_5NS;RETRY_5NS;RETRY_5NS;RETRY_5NS,8,8,11110001,241,14,1111000,7,240,14,241,INFERRED_AT_DAC_BRIDGE_OUTPUT,11110001,241,11110001,241,11110001,241,11110001,241,True,True
MC200_CMP_XM5_XM6_W8P2524_XM7_XM11_W16P8587_S176_LOW_W4,2,-3.12438e-06;-8.45475e-06;-3.22471e-06;-3.20971e-06;-8.1139e-06;-8.40632e-06;-3.20345e-06;-8.44447e-06,-3.11323e-06;-8.45356e-06;-3.21279e-06;-3.19754e-06;-8.11541e-06;-8.40939e-06;-3.19216e-06;-8.4493e-06,3.3;3.3;-1.70289e-06;-1.69182e-06;3.3;3.3;-1.68263e-06;3.3,-1.75553e-06;-2.00744e-06;3.3;3.3;-1.97554e-06;-1.96871e-06;3.3;-1.9686e-06,RETRY_5NS;RETRY_5NS;RETRY_5NS;RETRY_5NS;RETRY_5NS;RETRY_5NS;RETRY_5NS;RETRY_5NS,8,8,11001101,205,50,1100110,7,204,50,205,INFERRED_AT_DAC_BRIDGE_OUTPUT,11001101,205,11001101,205,11001101,205,11001101,205,True,True
MC200_CMP_XM5_XM6_W8P2524_XM7_XM11_W16P8587_S176_LOW_W4,3,-3.00115e-06;-8.33873e-06;-3.13751e-06;-3.11944e-06;-8.28758e-06;-8.28981e-06;-3.1101e-06;-8.32726e-06,-2.98984e-06;-8.3524e-06;-3.12576e-06;-3.10719e-06;-8.29213e-06;-8.29118e-06;-3.09984e-06;-8.331e-06,3.3;-2.04275e-06;-1.69408e-06;-1.68678e-06;-1.98884e-06;3.3;3.3;3.3,-1.73488e-06;3.3;3.3;3.3;3.3;-1.95996e-06;-1.64924e-06;-1.95808e-06,RETRY_5NS;RETRY_5NS;RETRY_5NS;RETRY_5NS;RETRY_5NS;RETRY_5NS;RETRY_5NS;RETRY_5NS,8,8,10000111,135,120,1000011,7,134,120,135,INFERRED_AT_DAC_BRIDGE_OUTPUT,10000111,135,10000111,135,10000111,135,10000111,135,True,True
MC200_CMP_XM5_XM6_W8P2524_XM7_XM11_W16P8587_S176_LOW_W4,64,-3.09672e-06;-8.11381e-06;-2.70802e-06;-3.18307e-06;-8.05311e-06;-8.3653e-06;-3.0171e-06;-8.05327e-06,-3.08531e-06;-8.11073e-06;-2.69675e-06;-3.17104e-06;-8.05829e-06;-8.37169e-06;-3.00647e-06;-8.0555e-06,3.3;3.3;3.3;-1.69451e-06;-1.9757e-06;-2.00105e-06;3.3;-1.96668e-06,-1.75856e-06;-2.00813e-06;-1.63773e-06;3.3;3.3;3.3;-1.63399e-06;3.3,RETRY_5NS;RETRY_5NS;RETRY_5NS;RETRY_5NS;RETRY_5NS;RETRY_5NS;RETRY_5NS;RETRY_5NS,8,8,11100010,226,29,1110001,7,226,28,226,INFERRED_AT_DAC_BRIDGE_OUTPUT,11100010,226,11100010,226,11100010,226,11100010,226,True,True
MC200_CMP_XM5_XM6_W8P2524_XM7_XM11_W16P8587_S176_LOW_W4,65,-2.67472e-06;-7.88198e-06;-2.55094e-06;-2.74544e-06;-7.50796e-06;-7.81897e-06;-2.58305e-06;-7.50708e-06,-2.66409e-06;-7.87553e-06;-2.54094e-06;-2.73506e-06;-7.50646e-06;-7.82024e-06;-2.57239e-06;-7.50257e-06,3.3;3.3;3.3;3.3;-1.92341e-06;-1.94982e-06;-1.62438e-06;3.3,-1.729e-06;-1.95847e-06;-1.60556e-06;-1.61445e-06;3.3;3.3;3.3;-1.91491e-06,RETRY_5NS;RETRY_5NS;RETRY_5NS;RETRY_5NS;RETRY_5NS;RETRY_5NS;RETRY_5NS;RETRY_5NS,8,8,11110001,241,14,1111000,7,240,14,241,INFERRED_AT_DAC_BRIDGE_OUTPUT,11110001,241,11110001,241,11110001,241,11110001,241,True,True
MC200_CMP_XM5_XM6_W8P2524_XM7_XM11_W16P8587_S176_LOW_W4,66,-3.24869e-06;-8.61018e-06;-3.13278e-06;-3.33291e-06;-8.06682e-06;-8.56251e-06;-3.1724e-06;-8.24922e-06,-3.23739e-06;-8.60989e-06;-3.12095e-06;-3.32144e-06;-8.0672e-06;-8.56694e-06;-3.16114e-06;-8.25207e-06,3.3;3.3;-1.69252e-06;-1.7055e-06;3.3;3.3;-1.67384e-06;3.3,-1.76934e-06;-2.02323e-06;3.3;3.3;-1.96021e-06;-1.98421e-06;3.3;-1.95092e-06,RETRY_5NS;RETRY_5NS;RETRY_5NS;RETRY_5NS;RETRY_5NS;RETRY_5NS;RETRY_5NS;RETRY_5NS,8,8,11001101,205,50,1100110,7,204,50,205,INFERRED_AT_DAC_BRIDGE_OUTPUT,11001101,205,11001101,205,11001101,205,11001101,205,True,True
MC200_CMP_XM5_XM6_W8P2524_XM7_XM11_W16P8587_S176_LOW_W4,67,-3.1275e-06;-8.49266e-06;-3.04584e-06;-3.24302e-06;-8.13156e-06;-8.44616e-06;-3.18279e-06;-8.13197e-06,-3.11604e-06;-8.50872e-06;-3.03419e-06;-3.23063e-06;-8.13449e-06;-8.44864e-06;-3.1722e-06;-8.13377e-06,3.3;-2.05889e-06;-1.68399e-06;-1.69921e-06;-1.97502e-06;3.3;3.3;3.3,-1.74859e-06;3.3;3.3;3.3;3.3;-1.97519e-06;-1.64541e-06;-1.9384e-06,RETRY_5NS;RETRY_5NS;RETRY_5NS;RETRY_5NS;RETRY_5NS;RETRY_5NS;RETRY_5NS;RETRY_5NS,8,8,10000111,135,120,1000011,7,134,120,135,INFERRED_AT_DAC_BRIDGE_OUTPUT,10000111,135,10000111,135,10000111,135,10000111,135,True,True
MC200_CMP_XM5_XM6_W8P2524_XM7_XM11_W16P8587_S177_LOW_W4,0,-3.03112e-06;-8.50673e-06;-3.11114e-06;-3.10953e-06;-8.4503e-06;-8.45076e-06;-3.10144e-06;-8.4945e-06,-3.07767e-06;-8.45886e-06;-3.15834e-06;-3.1557e-06;-8.41875e-06;-8.41739e-06;-3.14802e-06;-8.45524e-06,3.3;3.3;3.3;-1.65668e-06;-1.96284e-06;-1.95716e-06;-1.64607e-06;3.3,-1.78419e-06;-2.03516e-06;-1.68761e-06;3.3;3.3;3.3;3.3;-1.9906e-06,RETRY_5NS;RETRY_5NS;RETRY_5NS;RETRY_5NS;RETRY_5NS;RETRY_5NS;RETRY_5NS;RETRY_5NS,8,8,11100001,225,30,1110000,7,224,30,225,INFERRED_AT_DAC_BRIDGE_OUTPUT,11100001,225,11100001,225,11100001,225,11100001,225,True,True
MC200_CMP_XM5_XM6_W8P2524_XM7_XM11_W16P8587_S177_LOW_W4,1,-3.21412e-06;-8.46705e-06;-3.08499e-06;-3.07357e-06;-8.40819e-06;-8.40858e-06;-3.07005e-06;-8.45162e-06,-3.25985e-06;-8.42136e-06;-3.13261e-06;-3.12077e-06;-8.37918e-06;-8.378e-06;-3.11622e-06;-8.41615e-06,3.3;3.3;3.3;3.3;-1.9596e-06;-1.95568e-06;-1.64597e-06;-1.95063e-06,-1.8044e-06;-2.03693e-06;-1.69168e-06;-1.67572e-06;3.3;3.3;3.3;3.3,RETRY_5NS;RETRY_5NS;RETRY_5NS;RETRY_5NS;RETRY_5NS;RETRY_5NS;RETRY_5NS;RETRY_5NS,8,8,11110000,240,15,1111000,7,240,14,240,INFERRED_AT_DAC_BRIDGE_OUTPUT,11110000,240,11110000,240,11110000,240,11110000,240,True,True
MC200_CMP_XM5_XM6_W8P2524_XM7_XM11_W16P8587_S177_LOW_W4,2,-2.99701e-06;-8.45918e-06;-3.08706e-06;-3.07472e-06;-8.19301e-06;-8.41026e-06;-3.06999e-06;-8.45217e-06,-3.0435e-06;-8.41606e-06;-3.13303e-06;-3.12043e-06;-8.1529e-06;-8.37537e-06;-3.11618e-06;-8.41555e-06,3.3;3.3;-1.65912e-06;-1.6505e-06;3.3;3.3;-1.64485e-06;-1.9474e-06,-1.77303e-06;-2.02757e-06;3.3;3.3;-1.99598e-06;-1.9864e-06;3.3;3.3,RETRY_5NS;RETRY_5NS;RETRY_5NS;RETRY_5NS;RETRY_5NS;RETRY_5NS;RETRY_5NS;RETRY_5NS,8,8,11001100,204,51,1100110,7,204,50,204,INFERRED_AT_DAC_BRIDGE_OUTPUT,11001100,204,11001100,204,11001100,204,11001100,204,True,True
MC200_CMP_XM5_XM6_W8P2524_XM7_XM11_W16P8587_S177_LOW_W4,3,-3.10048e-06;-8.37535e-06;-3.02871e-06;-3.01413e-06;-8.32465e-06;-8.32704e-06;-3.00647e-06;-8.36724e-06,-3.14428e-06;-8.35299e-06;-3.07402e-06;-3.059e-06;-8.29668e-06;-8.2952e-06;-3.05296e-06;-8.33652e-06,3.3;-1.9965e-06;-1.65328e-06;-1.64809e-06;-1.94479e-06;3.3;3.3;-1.94384e-06,-1.76184e-06;3.3;3.3;3.3;3.3;-1.98294e-06;-1.66749e-06;3.3,RETRY_5NS;RETRY_5NS;RETRY_5NS;RETRY_5NS;RETRY_5NS;RETRY_5NS;RETRY_5NS;RETRY_5NS,8,8,10000110,134,121,1000011,7,134,120,134,INFERRED_AT_DAC_BRIDGE_OUTPUT,10000110,134,10000110,134,10000110,134,10000110,134,True,True
MC200_CMP_XM5_XM6_W8P2524_XM7_XM11_W16P8587_S177_LOW_W4,64,-3.15712e-06;-8.67459e-06;-3.01745e-06;-3.23474e-06;-8.28203e-06;-8.61919e-06;-3.06994e-06;-8.28362e-06,-3.20507e-06;-8.61657e-06;-3.06342e-06;-3.28235e-06;-8.25942e-06;-8.57685e-06;-3.11618e-06;-8.25603e-06,3.3;3.3;3.3;-1.67e-06;-1.94749e-06;-1.97316e-06;-1.64212e-06;3.3,-1.79821e-06;-2.05049e-06;-1.67811e-06;3.3;3.3;3.3;3.3;-1.96977e-06,RETRY_5NS;RETRY_5NS;RETRY_5NS;RETRY_5NS;RETRY_5NS;RETRY_5NS;RETRY_5NS;RETRY_5NS,8,8,11100001,225,30,1110000,7,224,30,225,INFERRED_AT_DAC_BRIDGE_OUTPUT,11100001,225,11100001,225,11100001,225,11100001,225,True,True
MC200_CMP_XM5_XM6_W8P2524_XM7_XM11_W16P8587_S177_LOW_W4,65,-3.34963e-06;-8.63469e-06;-2.99155e-06;-3.1991e-06;-8.23993e-06;-8.57699e-06;-3.03856e-06;-8.2407e-06,-3.39655e-06;-8.57881e-06;-3.03813e-06;-3.24771e-06;-8.21985e-06;-8.53732e-06;-3.08438e-06;-8.21699e-06,3.3;3.3;3.3;3.3;-1.94318e-06;-1.97142e-06;-1.64282e-06;-1.97032e-06,-1.81788e-06;-2.05287e-06;-1.68109e-06;-1.68966e-06;3.3;3.3;3.3;3.3,RETRY_5NS;RETRY_5NS;RETRY_5NS;RETRY_5NS;RETRY_5NS;RETRY_5NS;RETRY_5NS;RETRY_5NS,8,8,11110000,240,15,1111000,7,240,14,240,INFERRED_AT_DAC_BRIDGE_OUTPUT,11110000,240,11110000,240,11110000,240,11110000,240,True,True
MC200_CMP_XM5_XM6_W8P2524_XM7_XM11_W16P8587_S177_LOW_W4,66,-3.12308e-06;-8.62705e-06;-2.99357e-06;-3.20029e-06;-8.01117e-06;-8.57882e-06;-3.03852e-06;-8.24139e-06,-3.17098e-06;-8.57396e-06;-3.03847e-06;-3.24742e-06;-7.98065e-06;-8.53464e-06;-3.08435e-06;-8.21628e-06,3.3;3.3;-1.64952e-06;-1.66337e-06;3.3;3.3;-1.64268e-06;-1.92166e-06,-1.78694e-06;-2.04285e-06;3.3;3.3;-1.98112e-06;-2.00023e-06;3.3;3.3,RETRY_5NS;RETRY_5NS;RETRY_5NS;RETRY_5NS;RETRY_5NS;RETRY_5NS;RETRY_5NS;RETRY_5NS,8,8,11001100,204,51,1100110,7,204,50,204,INFERRED_AT_DAC_BRIDGE_OUTPUT,11001100,204,11001100,204,11001100,204,11001100,204,True,True
MC200_CMP_XM5_XM6_W8P2524_XM7_XM11_W16P8587_S177_LOW_W4,67,-3.26903e-06;-8.54205e-06;-2.9354e-06;-3.13951e-06;-8.15611e-06;-8.49578e-06;-2.97499e-06;-8.15635e-06,-3.31394e-06;-8.51111e-06;-2.97964e-06;-3.18579e-06;-8.13752e-06;-8.45428e-06;-3.02113e-06;-8.13732e-06,3.3;-2.01175e-06;-1.64319e-06;-1.66055e-06;-1.92901e-06;3.3;3.3;-1.92515e-06,-1.77491e-06;3.3;3.3;3.3;3.3;-1.99767e-06;-1.66457e-06;3.3,RETRY_5NS;RETRY_5NS;RETRY_5NS;RETRY_5NS;RETRY_5NS;RETRY_5NS;RETRY_5NS;RETRY_5NS,8,8,10000110,134,121,1000011,7,134,120,134,INFERRED_AT_DAC_BRIDGE_OUTPUT,10000110,134,10000110,134,10000110,134,10000110,134,True,True
MC200_CMP_XM5_XM6_W8P2524_XM7_XM11_W16P8587_S178_LOW_W4,0,-2.85064e-06;-8.19518e-06;-2.93139e-06;-3.05159e-06;-8.14139e-06;-8.14157e-06;-2.92083e-06;-8.1815e-06,-2.83797e-06;-8.18655e-06;-2.9182e-06;-3.03741e-06;-8.14403e-06;-8.14271e-06;-2.90734e-06;-8.18193e-06,3.3;3.3;3.3;-1.65781e-06;-1.955e-06;-1.95148e-06;-1.64311e-06;-1.949e-06,-1.80226e-06;-2.05603e-06;-1.70391e-06;3.3;3.3;3.3;3.3;3.3,RETRY_5NS;RETRY_5NS;RETRY_5NS;RETRY_5NS;RETRY_5NS;RETRY_5NS;RETRY_5NS;RETRY_5NS,8,8,11100000,224,31,1110000,7,224,30,224,INFERRED_AT_DAC_BRIDGE_OUTPUT,11100000,224,11100000,224,11100000,224,11100000,224,True,True
MC200_CMP_XM5_XM6_W8P2524_XM7_XM11_W16P8587_S178_LOW_W4,1,-3.08377e-06;-8.47273e-06;-3.15942e-06;-3.14969e-06;-8.42256e-06;-8.4213e-06;-3.34704e-06;-8.45931e-06,-3.06916e-06;-8.46955e-06;-3.14496e-06;-3.13393e-06;-8.42298e-06;-8.42349e-06;-3.33175e-06;-8.46505e-06,3.3;3.3;3.3;-1.66073e-06;3.3;3.3;3.3;3.3,-1.84272e-06;-2.08988e-06;-1.73557e-06;3.3;-2.04904e-06;-2.0464e-06;-1.72906e-06;-2.0438e-06,RETRY_5NS;RETRY_5NS;RETRY_5NS;RETRY_5NS;RETRY_5NS;RETRY_5NS;RETRY_5NS;RETRY_5NS,8,8,11101111,239,16,1110111,7,238,16,239,INFERRED_AT_DAC_BRIDGE_OUTPUT,11101111,239,11101111,239,11101111,239,11101111,239,True,True
MC200_CMP_XM5_XM6_W8P2524_XM7_XM11_W16P8587_S178_LOW_W4,2,-3.07309e-06;-8.46489e-06;-3.40929e-06;-3.15081e-06;-8.4211e-06;-8.41884e-06;-3.14585e-06;-8.45941e-06,-3.05854e-06;-8.46466e-06;-3.39318e-06;-3.13427e-06;-8.42312e-06;-8.42502e-06;-3.13064e-06;-8.46498e-06,3.3;3.3;-1.68185e-06;-1.6702e-06;3.3;-1.96587e-06;3.3;3.3,-1.81808e-06;-2.08029e-06;3.3;3.3;-2.04729e-06;3.3;-1.72285e-06;-2.04333e-06,RETRY_5NS;RETRY_5NS;RETRY_5NS;RETRY_5NS;RETRY_5NS;RETRY_5NS;RETRY_5NS;RETRY_5NS,8,8,11001011,203,52,1100101,7,202,52,203,INFERRED_AT_DAC_BRIDGE_OUTPUT,11001011,203,11001011,203,11001011,203,11001011,203,True,True
MC200_CMP_XM5_XM6_W8P2524_XM7_XM11_W16P8587_S178_LOW_W4,3,-2.81202e-06;-8.3471e-06;-3.07059e-06;-3.05655e-06;-8.29933e-06;-8.30146e-06;-3.04948e-06;-8.3408e-06,-2.79861e-06;-8.35977e-06;-3.05547e-06;-3.04113e-06;-8.30426e-06;-8.3024e-06;-3.03461e-06;-8.3432e-06,3.3;-2.01368e-06;-1.66827e-06;-1.66415e-06;-1.96472e-06;3.3;-1.64879e-06;3.3,-1.79385e-06;3.3;3.3;3.3;3.3;-2.03003e-06;3.3;-2.03343e-06,RETRY_5NS;RETRY_5NS;RETRY_5NS;RETRY_5NS;RETRY_5NS;RETRY_5NS;RETRY_5NS;RETRY_5NS,8,8,10000101,133,122,1000010,7,132,122,133,INFERRED_AT_DAC_BRIDGE_OUTPUT,10000101,133,10000101,133,10000101,133,10000101,133,True,True
MC200_CMP_XM5_XM6_W8P2524_XM7_XM11_W16P8587_S178_LOW_W4,64,-2.97948e-06;-8.35258e-06;-2.83557e-06;-2.88439e-06;-7.98359e-06;-8.29952e-06;-2.88868e-06;-7.98369e-06,-2.96557e-06;-8.34728e-06;-2.82329e-06;-2.86939e-06;-7.98163e-06;-8.3051e-06;-2.87546e-06;-7.97891e-06,3.3;3.3;3.3;-1.66056e-06;-1.93781e-06;-1.96654e-06;-1.64025e-06;-1.92793e-06,-1.8162e-06;-2.07142e-06;-1.69401e-06;3.3;3.3;3.3;3.3;3.3,RETRY_5NS;RETRY_5NS;RETRY_5NS;RETRY_5NS;RETRY_5NS;RETRY_5NS;RETRY_5NS;RETRY_5NS,8,8,11100000,224,31,1110000,7,224,30,224,INFERRED_AT_DAC_BRIDGE_OUTPUT,11100000,224,11100000,224,11100000,224,11100000,224,True,True
MC200_CMP_XM5_XM6_W8P2524_XM7_XM11_W16P8587_S178_LOW_W4,65,-3.21176e-06;-8.6299e-06;-3.06391e-06;-3.27798e-06;-8.26413e-06;-8.57952e-06;-3.35763e-06;-8.26154e-06,-3.19591e-06;-8.63002e-06;-3.05037e-06;-3.26101e-06;-8.2611e-06;-8.58555e-06;-3.34292e-06;-8.26209e-06,3.3;3.3;3.3;-1.67483e-06;3.3;3.3;3.3;3.3,-1.85652e-06;-2.10601e-06;-1.72527e-06;3.3;-2.0326e-06;-2.06222e-06;-1.71954e-06;-2.06271e-06,RETRY_5NS;RETRY_5NS;RETRY_5NS;RETRY_5NS;RETRY_5NS;RETRY_5NS;RETRY_5NS;RETRY_5NS,8,8,11101111,239,16,1110111,7,238,16,239,INFERRED_AT_DAC_BRIDGE_OUTPUT,11101111,239,11101111,239,11101111,239,11101111,239,True,True
MC200_CMP_XM5_XM6_W8P2524_XM7_XM11_W16P8587_S178_LOW_W4,66,-3.20185e-06;-8.6223e-06;-3.17053e-06;-3.27907e-06;-8.26285e-06;-8.57703e-06;-3.11367e-06;-7.66152e-06,-3.18608e-06;-8.62559e-06;-3.15541e-06;-3.26131e-06;-8.26115e-06;-8.58723e-06;-3.09878e-06;-7.66826e-06,3.3;3.3;-1.67317e-06;-1.6833e-06;3.3;-1.98155e-06;3.3;3.3,-1.83149e-06;-2.09692e-06;3.3;3.3;-2.03159e-06;3.3;-1.71969e-06;-2.03444e-06,RETRY_5NS;RETRY_5NS;RETRY_5NS;RETRY_5NS;RETRY_5NS;RETRY_5NS;RETRY_5NS;RETRY_5NS,8,8,11001011,203,52,1100101,7,202,52,203,INFERRED_AT_DAC_BRIDGE_OUTPUT,11001011,203,11001011,203,11001011,203,11001011,203,True,True
MC200_CMP_XM5_XM6_W8P2524_XM7_XM11_W16P8587_S178_LOW_W4,67,-2.9163e-06;-8.50335e-06;-2.97523e-06;-3.1847e-06;-8.14139e-06;-8.45961e-06;-3.01732e-06;-7.8103e-06,-2.90152e-06;-8.52094e-06;-2.96098e-06;-3.16808e-06;-8.14205e-06;-8.46461e-06;-3.00275e-06;-7.81043e-06,3.3;-2.02929e-06;-1.65942e-06;-1.67689e-06;-1.95021e-06;3.3;-1.64625e-06;3.3,-1.80865e-06;3.3;3.3;3.3;3.3;-2.0461e-06;3.3;-2.01587e-06,RETRY_5NS;RETRY_5NS;RETRY_5NS;RETRY_5NS;RETRY_5NS;RETRY_5NS;RETRY_5NS;RETRY_5NS,8,8,10000101,133,122,1000010,7,132,122,133,INFERRED_AT_DAC_BRIDGE_OUTPUT,10000101,133,10000101,133,10000101,133,10000101,133,True,True
MC200_CMP_XM5_XM6_W8P2524_XM7_XM11_W16P8587_S179_LOW_W4,0,-3.16305e-06;-8.33031e-06;-3.05426e-06;-3.05208e-06;-8.27783e-06;-9.02801e-06;-3.04136e-06;-8.31579e-06,-3.16935e-06;-8.34584e-06;-3.06025e-06;-3.05877e-06;-8.29777e-06;-9.06063e-06;-3.04817e-06;-8.33871e-06,3.3;3.3;-1.72227e-06;3.3;3.3;3.3;3.3;3.3,-1.68997e-06;-1.92349e-06;3.3;-1.59787e-06;-1.89008e-06;-1.87851e-06;-1.58781e-06;-1.87916e-06,RETRY_5NS;RETRY_5NS;RETRY_5NS;RETRY_5NS;RETRY_5NS;RETRY_5NS;RETRY_5NS;RETRY_5NS,8,8,11011111,223,32,1101111,7,222,32,223,INFERRED_AT_DAC_BRIDGE_OUTPUT,11011111,223,11011111,223,11011111,223,11011111,223,True,True
MC200_CMP_XM5_XM6_W8P2524_XM7_XM11_W16P8587_S179_LOW_W4,1,-3.00732e-06;-8.37394e-06;-2.97429e-06;-3.07771e-06;-8.30007e-06;-8.31697e-06;-3.07227e-06;-8.35635e-06,-3.01328e-06;-8.38824e-06;-2.98051e-06;-3.08409e-06;-8.32143e-06;-8.33827e-06;-3.07911e-06;-8.37953e-06,3.3;3.3;3.3;-1.71987e-06;3.3;3.3;3.3;-2.04047e-06,-1.70466e-06;-1.93086e-06;-1.603e-06;3.3;-1.89486e-06;-1.88737e-06;-1.58522e-06;3.3,RETRY_5NS;RETRY_5NS;RETRY_5NS;RETRY_5NS;RETRY_5NS;RETRY_5NS;RETRY_5NS;RETRY_5NS,8,8,11101110,238,17,1110111,7,238,16,238,INFERRED_AT_DAC_BRIDGE_OUTPUT,11101110,238,11101110,238,11101110,238,11101110,238,True,True
MC200_CMP_XM5_XM6_W8P2524_XM7_XM11_W16P8587_S179_LOW_W4,2,-3.18025e-06;-8.61012e-06;-3.27654e-06;-3.26343e-06;-8.56357e-06;-7.51168e-06;-3.25769e-06;-8.60306e-06,-3.18894e-06;-8.62225e-06;-3.28531e-06;-3.27157e-06;-8.58013e-06;-7.51773e-06;-3.26704e-06;-8.62208e-06,3.3;3.3;-1.75297e-06;-1.74366e-06;3.3;-2.07347e-06;3.3;-2.0642e-06,-1.70247e-06;-1.94473e-06;3.3;3.3;-1.9114e-06;3.3;-1.60817e-06;3.3,RETRY_5NS;RETRY_5NS;RETRY_5NS;RETRY_5NS;RETRY_5NS;RETRY_5NS;RETRY_5NS;RETRY_5NS,8,8,11001010,202,53,1100101,7,202,52,202,INFERRED_AT_DAC_BRIDGE_OUTPUT,11001010,202,11001010,202,11001010,202,11001010,202,True,True
MC200_CMP_XM5_XM6_W8P2524_XM7_XM11_W16P8587_S179_LOW_W4,3,-2.96789e-06;-8.36664e-06;-3.09845e-06;-3.08163e-06;-8.3142e-06;-8.31592e-06;-3.07254e-06;-7.49773e-06,-2.97337e-06;-8.39914e-06;-3.10445e-06;-3.0872e-06;-8.34056e-06;-8.3387e-06;-3.07887e-06;-7.51129e-06,3.3;-2.09168e-06;-1.73227e-06;-1.72675e-06;-2.04388e-06;3.3;-1.71855e-06;-2.0484e-06,-1.67264e-06;3.3;3.3;3.3;3.3;-1.88048e-06;3.3;3.3,RETRY_5NS;RETRY_5NS;RETRY_5NS;RETRY_5NS;RETRY_5NS;RETRY_5NS;RETRY_5NS;RETRY_5NS,8,8,10000100,132,123,1000010,7,132,122,132,INFERRED_AT_DAC_BRIDGE_OUTPUT,10000100,132,10000100,132,10000100,132,10000100,132,True,True
MC200_CMP_XM5_XM6_W8P2524_XM7_XM11_W16P8587_S179_LOW_W4,64,-3.09058e-06;-8.49382e-06;-2.96251e-06;-3.17457e-06;-8.11339e-06;-8.44079e-06;-3.0105e-06;-8.11025e-06,-3.09763e-06;-8.50586e-06;-2.96711e-06;-3.18313e-06;-8.13653e-06;-8.45929e-06;-3.01684e-06;-8.13656e-06,3.3;3.3;-1.71244e-06;3.3;3.3;3.3;3.3;3.3,-1.70002e-06;-1.93827e-06;3.3;-1.61093e-06;-1.87556e-06;-1.90027e-06;-1.58398e-06;-1.86134e-06,RETRY_5NS;RETRY_5NS;RETRY_5NS;RETRY_5NS;RETRY_5NS;RETRY_5NS;RETRY_5NS;RETRY_5NS,8,8,11011111,223,32,1101111,7,222,32,223,INFERRED_AT_DAC_BRIDGE_OUTPUT,11011111,223,11011111,223,11011111,223,11011111,223,True,True
MC200_CMP_XM5_XM6_W8P2524_XM7_XM11_W16P8587_S179_LOW_W4,65,-3.13016e-06;-8.53712e-06;-3.15498e-06;-3.20064e-06;-9.10293e-06;-8.48149e-06;-3.04162e-06;-8.15077e-06,-3.13795e-06;-8.54791e-06;-3.16165e-06;-3.20893e-06;-9.1401e-06;-8.49971e-06;-3.0477e-06;-8.17739e-06,3.3;3.3;3.3;-1.73502e-06;3.3;3.3;3.3;-2.06087e-06,-1.71742e-06;-1.9465e-06;-1.60044e-06;3.3;-1.87279e-06;-1.90275e-06;-1.58594e-06;3.3,RETRY_5NS;RETRY_5NS;RETRY_5NS;RETRY_5NS;RETRY_5NS;RETRY_5NS;RETRY_5NS;RETRY_5NS,8,8,11101110,238,17,1110111,7,238,16,238,INFERRED_AT_DAC_BRIDGE_OUTPUT,11101110,238,11101110,238,11101110,238,11101110,238,True,True
MC200_CMP_XM5_XM6_W8P2524_XM7_XM11_W16P8587_S179_LOW_W4,66,-3.3039e-06;-8.7737e-06;-3.18528e-06;-3.38635e-06;-8.39928e-06;-8.72578e-06;-3.22684e-06;-8.39793e-06,-3.31445e-06;-8.78248e-06;-3.19264e-06;-3.39635e-06;-8.41876e-06;-8.74351e-06;-3.23576e-06;-8.4196e-06,3.3;3.3;-1.74287e-06;-1.7566e-06;3.3;-2.07925e-06;3.3;3.3,-1.71533e-06;-1.96021e-06;3.3;3.3;-1.89674e-06;3.3;-1.60545e-06;-1.88191e-06,RETRY_5NS;RETRY_5NS;RETRY_5NS;RETRY_5NS;RETRY_5NS;RETRY_5NS;RETRY_5NS;RETRY_5NS,8,8,11001011,203,52,1100101,7,202,52,203,INFERRED_AT_DAC_BRIDGE_OUTPUT,11001011,203,11001011,203,11001011,203,11001011,203,True,True
MC200_CMP_XM5_XM6_W8P2524_XM7_XM11_W16P8587_S179_LOW_W4,67,-3.0935e-06;-8.52889e-06;-3.00734e-06;-3.20438e-06;-8.1501e-06;-8.48028e-06;-3.04183e-06;-7.84723e-06,-3.10086e-06;-8.55948e-06;-3.01192e-06;-3.21184e-06;-8.17893e-06;-8.50029e-06;-3.04734e-06;-7.86512e-06,3.3;-2.10739e-06;-1.72264e-06;-1.73973e-06;-2.0271e-06;3.3;-1.71565e-06;-2.02982e-06,-1.68535e-06;3.3;3.3;3.3;3.3;-1.89577e-06;3.3;3.3,RETRY_5NS;RETRY_5NS;RETRY_5NS;RETRY_5NS;RETRY_5NS;RETRY_5NS;RETRY_5NS;RETRY_5NS,8,8,10000100,132,123,1000010,7,132,122,132,INFERRED_AT_DAC_BRIDGE_OUTPUT,10000100,132,10000100,132,10000100,132,10000100,132,True,True
MC200_CMP_XM5_XM6_W8P2524_XM7_XM11_W16P8587_S180_LOW_W4,0,-3.05715e-06;-8.3178e-06;-3.15721e-06;-3.15505e-06;-8.25979e-06;-8.25954e-06;-3.14065e-06;-8.29784e-06,-2.9747e-06;-8.29465e-06;-3.07301e-06;-3.06992e-06;-8.24547e-06;-8.24383e-06;-3.05601e-06;-8.28349e-06,3.3;3.3;3.3;-1.64563e-06;-1.94493e-06;-1.94116e-06;-1.6332e-06;3.3,-1.81175e-06;-2.06597e-06;-1.71637e-06;3.3;3.3;3.3;3.3;-2.02349e-06,RETRY_5NS;RETRY_5NS;RETRY_5NS;RETRY_5NS;RETRY_5NS;RETRY_5NS;RETRY_5NS;RETRY_5NS,8,8,11100001,225,30,1110000,7,224,30,225,INFERRED_AT_DAC_BRIDGE_OUTPUT,11100001,225,11100001,225,11100001,225,11100001,225,True,True
MC200_CMP_XM5_XM6_W8P2524_XM7_XM11_W16P8587_S180_LOW_W4,1,-3.2217e-06;-8.50882e-06;-3.31615e-06;-3.30014e-06;-8.44845e-06;-8.44843e-06;-3.29404e-06;-8.48679e-06,-3.13409e-06;-8.50432e-06;-3.2275e-06;-3.21082e-06;-8.45496e-06;-8.45335e-06;-3.2042e-06;-8.49323e-06,3.3;3.3;3.3;3.3;-1.9641e-06;-1.96097e-06;-1.64929e-06;-1.95597e-06,-1.84446e-06;-2.09104e-06;-1.73776e-06;-1.72381e-06;3.3;3.3;3.3;3.3,RETRY_5NS;RETRY_5NS;RETRY_5NS;RETRY_5NS;RETRY_5NS;RETRY_5NS;RETRY_5NS;RETRY_5NS,8,8,11110000,240,15,1111000,7,240,14,240,INFERRED_AT_DAC_BRIDGE_OUTPUT,11110000,240,11110000,240,11110000,240,11110000,240,True,True
MC200_CMP_XM5_XM6_W8P2524_XM7_XM11_W16P8587_S180_LOW_W4,2,-3.26855e-06;-8.57351e-06;-3.37998e-06;-3.61343e-06;-8.52776e-06;-8.52521e-06;-3.35529e-06;-8.56257e-06,-3.17913e-06;-8.57972e-06;-3.28755e-06;-3.52209e-06;-8.53313e-06;-8.5344e-06;-3.26339e-06;-8.57677e-06,3.3;3.3;-1.67214e-06;-1.66533e-06;3.3;3.3;-1.65678e-06;-1.95807e-06,-1.82803e-06;-2.09269e-06;3.3;3.3;-2.05924e-06;-2.05181e-06;3.3;3.3,RETRY_5NS;RETRY_5NS;RETRY_5NS;RETRY_5NS;RETRY_5NS;RETRY_5NS;RETRY_5NS;RETRY_5NS,8,8,11001100,204,51,1100110,7,204,50,204,INFERRED_AT_DAC_BRIDGE_OUTPUT,11001100,204,11001100,204,11001100,204,11001100,204,True,True
MC200_CMP_XM5_XM6_W8P2524_XM7_XM11_W16P8587_S180_LOW_W4,3,-3.07221e-06;-8.35215e-06;-3.20441e-06;-3.18251e-06;-8.29767e-06;-8.29914e-06;-3.34756e-06;-8.3354e-06,-2.98945e-06;-8.3501e-06;-3.11822e-06;-3.09616e-06;-8.28477e-06;-8.28301e-06;-3.2622e-06;-8.32584e-06,3.3;-1.99157e-06;-1.65159e-06;-1.64551e-06;-1.9408e-06;3.3;3.3;-1.93745e-06,-1.80226e-06;3.3;3.3;3.3;3.3;-2.03317e-06;-1.71658e-06;3.3,RETRY_5NS;RETRY_5NS;RETRY_5NS;RETRY_5NS;RETRY_5NS;RETRY_5NS;RETRY_5NS;RETRY_5NS,8,8,10000110,134,121,1000011,7,134,120,134,INFERRED_AT_DAC_BRIDGE_OUTPUT,10000110,134,10000110,134,10000110,134,10000110,134,True,True
MC200_CMP_XM5_XM6_W8P2524_XM7_XM11_W16P8587_S180_LOW_W4,64,-3.1802e-06;-8.46797e-06;-3.06616e-06;-3.27669e-06;-8.1089e-06;-8.41067e-06;-3.10995e-06;-8.10856e-06,-3.0936e-06;-8.46006e-06;-2.98508e-06;-3.18742e-06;-8.07827e-06;-8.41116e-06;-3.02635e-06;-8.07429e-06,3.3;3.3;3.3;-1.65718e-06;-1.93049e-06;-1.9551e-06;-1.62797e-06;3.3,-1.82702e-06;-2.08202e-06;-1.70515e-06;3.3;3.3;3.3;3.3;-2.00272e-06,RETRY_5NS;RETRY_5NS;RETRY_5NS;RETRY_5NS;RETRY_5NS;RETRY_5NS;RETRY_5NS;RETRY_5NS,8,8,11100001,225,30,1110000,7,224,30,225,INFERRED_AT_DAC_BRIDGE_OUTPUT,11100001,225,11100001,225,11100001,225,11100001,225,True,True
MC200_CMP_XM5_XM6_W8P2524_XM7_XM11_W16P8587_S180_LOW_W4,65,-3.34392e-06;-8.65869e-06;-3.22551e-06;-3.42219e-06;-8.29755e-06;-8.59952e-06;-3.26338e-06;-8.29749e-06,-3.25216e-06;-8.66939e-06;-3.13991e-06;-3.32873e-06;-8.2877e-06;-8.62064e-06;-3.17458e-06;-8.2841e-06,3.3;3.3;3.3;3.3;-1.9493e-06;-1.97536e-06;-1.64664e-06;-1.97499e-06,-1.85915e-06;-2.10656e-06;-1.72782e-06;-1.73801e-06;3.3;3.3;3.3;3.3,RETRY_5NS;RETRY_5NS;RETRY_5NS;RETRY_5NS;RETRY_5NS;RETRY_5NS;RETRY_5NS;RETRY_5NS,8,8,11110000,240,15,1111000,7,240,14,240,INFERRED_AT_DAC_BRIDGE_OUTPUT,11110000,240,11110000,240,11110000,240,11110000,240,True,True
MC200_CMP_XM5_XM6_W8P2524_XM7_XM11_W16P8587_S180_LOW_W4,66,-3.39156e-06;-8.72393e-06;-3.28927e-06;-3.7044e-06;-8.37629e-06;-8.67658e-06;-3.32461e-06;-8.37354e-06,-3.29799e-06;-8.74545e-06;-3.19995e-06;-3.60513e-06;-8.36618e-06;-8.70161e-06;-3.23375e-06;-8.36722e-06,3.3;3.3;-1.66116e-06;-1.68098e-06;3.3;3.3;-1.65237e-06;3.3,-1.84222e-06;-2.10888e-06;3.3;3.3;-2.04276e-06;-2.06774e-06;3.3;-2.03014e-06,RETRY_5NS;RETRY_5NS;RETRY_5NS;RETRY_5NS;RETRY_5NS;RETRY_5NS;RETRY_5NS;RETRY_5NS,8,8,11001101,205,50,1100110,7,204,50,205,INFERRED_AT_DAC_BRIDGE_OUTPUT,11001101,205,11001101,205,11001101,205,11001101,205,True,True
MC200_CMP_XM5_XM6_W8P2524_XM7_XM11_W16P8587_S180_LOW_W4,67,-3.19612e-06;-8.50106e-06;-3.13881e-06;-3.30439e-06;-8.14647e-06;-8.45053e-06;-3.2648e-06;-7.83136e-06,-3.10913e-06;-8.51585e-06;-3.05604e-06;-3.21387e-06;-8.11751e-06;-8.4502e-06;-3.18064e-06;-7.8118e-06,3.3;-2.00765e-06;-1.64504e-06;-1.65912e-06;-1.9253e-06;3.3;3.3;-1.9268e-06,-1.81568e-06;3.3;3.3;3.3;3.3;-2.04914e-06;-1.71142e-06;3.3,RETRY_5NS;RETRY_5NS;RETRY_5NS;RETRY_5NS;RETRY_5NS;RETRY_5NS;RETRY_5NS;RETRY_5NS,8,8,10000110,134,121,1000011,7,134,120,134,INFERRED_AT_DAC_BRIDGE_OUTPUT,10000110,134,10000110,134,10000110,134,10000110,134,True,True
MC200_CMP_XM5_XM6_W8P2524_XM7_XM11_W16P8587_S181_LOW_W4,0,-2.79851e-06;-8.06229e-06;-2.8902e-06;-3.02038e-06;-8.00426e-06;-8.00401e-06;-2.87536e-06;-8.04457e-06,-2.75776e-06;-8.06146e-06;-2.84986e-06;-2.97942e-06;-8.01258e-06;-8.01109e-06;-2.83393e-06;-8.05024e-06,3.3;3.3;3.3;-1.69247e-06;-1.99826e-06;-1.99517e-06;-1.6801e-06;-1.99061e-06,-1.70426e-06;-1.94309e-06;-1.61075e-06;3.3;3.3;3.3;3.3;3.3,RETRY_5NS;RETRY_5NS;RETRY_5NS;RETRY_5NS;RETRY_5NS;RETRY_5NS;RETRY_5NS;RETRY_5NS,8,8,11100000,224,31,1110000,7,224,30,224,INFERRED_AT_DAC_BRIDGE_OUTPUT,11100000,224,11100000,224,11100000,224,11100000,224,True,True
MC200_CMP_XM5_XM6_W8P2524_XM7_XM11_W16P8587_S181_LOW_W4,1,-2.98474e-06;-8.34209e-06;-3.2949e-06;-3.09648e-06;-8.28687e-06;-8.28536e-06;-3.09072e-06;-8.32351e-06,-2.9421e-06;-8.35194e-06;-3.25409e-06;-3.05451e-06;-8.29913e-06;-8.29916e-06;-3.04933e-06;-8.34109e-06,3.3;3.3;3.3;-1.70034e-06;3.3;3.3;3.3;3.3,-1.74179e-06;-1.97352e-06;-1.64299e-06;3.3;-1.93655e-06;-1.93235e-06;-1.62722e-06;-1.93007e-06,RETRY_5NS;RETRY_5NS;RETRY_5NS;RETRY_5NS;RETRY_5NS;RETRY_5NS;RETRY_5NS;RETRY_5NS,8,8,11101111,239,16,1110111,7,238,16,239,INFERRED_AT_DAC_BRIDGE_OUTPUT,11101111,239,11101111,239,11101111,239,11101111,239,True,True
MC200_CMP_XM5_XM6_W8P2524_XM7_XM11_W16P8587_S181_LOW_W4,2,-3.19686e-06;-8.57013e-06;-3.37713e-06;-3.28228e-06;-7.52286e-06;-8.5223e-06;-3.27652e-06;-8.56162e-06,-3.15325e-06;-8.59224e-06;-3.33329e-06;-3.23749e-06;-7.55488e-06;-8.54898e-06;-3.2322e-06;-8.59113e-06,3.3;3.3;-1.73718e-06;-1.72616e-06;3.3;3.3;-1.72264e-06;-2.04298e-06,-1.74043e-06;-1.98739e-06;3.3;3.3;-1.96411e-06;-1.94169e-06;3.3;3.3,RETRY_5NS;RETRY_5NS;RETRY_5NS;RETRY_5NS;RETRY_5NS;RETRY_5NS;RETRY_5NS;RETRY_5NS,8,8,11001100,204,51,1100110,7,204,50,204,INFERRED_AT_DAC_BRIDGE_OUTPUT,11001100,204,11001100,204,11001100,204,11001100,204,True,True
MC200_CMP_XM5_XM6_W8P2524_XM7_XM11_W16P8587_S181_LOW_W4,3,-3.17077e-06;-8.57023e-06;-3.30106e-06;-3.28487e-06;-8.52102e-06;-9.32324e-06;-3.27594e-06;-8.5625e-06,-3.12698e-06;-8.60972e-06;-3.2564e-06;-3.23983e-06;-8.5501e-06;-9.33815e-06;-3.23261e-06;-8.59044e-06,3.3;-2.09379e-06;-1.73575e-06;-1.73006e-06;-2.0444e-06;3.3;-1.7172e-06;3.3,-1.73083e-06;3.3;3.3;3.3;3.3;-1.9502e-06;3.3;-1.95292e-06,RETRY_5NS;RETRY_5NS;RETRY_5NS;RETRY_5NS;RETRY_5NS;RETRY_5NS;RETRY_5NS;RETRY_5NS,8,8,10000101,133,122,1000010,7,132,122,133,INFERRED_AT_DAC_BRIDGE_OUTPUT,10000101,133,10000101,133,10000101,133,10000101,133,True,True
MC200_CMP_XM5_XM6_W8P2524_XM7_XM11_W16P8587_S181_LOW_W4,64,-2.92218e-06;-8.22045e-06;-2.7984e-06;-3.12932e-06;-7.84546e-06;-8.16296e-06;-2.84448e-06;-7.84553e-06,-2.88047e-06;-8.22592e-06;-2.75873e-06;-3.08341e-06;-7.84619e-06;-8.17732e-06;-2.80328e-06;-7.84232e-06,3.3;3.3;3.3;-1.70651e-06;-1.98207e-06;-2.01071e-06;-1.67662e-06;-1.97149e-06,-1.71807e-06;-1.95818e-06;-1.60028e-06;3.3;3.3;3.3;3.3;3.3,RETRY_5NS;RETRY_5NS;RETRY_5NS;RETRY_5NS;RETRY_5NS;RETRY_5NS;RETRY_5NS;RETRY_5NS,8,8,11100000,224,31,1110000,7,224,30,224,INFERRED_AT_DAC_BRIDGE_OUTPUT,11100000,224,11100000,224,11100000,224,11100000,224,True,True
MC200_CMP_XM5_XM6_W8P2524_XM7_XM11_W16P8587_S181_LOW_W4,65,-3.1187e-06;-8.50004e-06;-2.88371e-06;-3.21944e-06;-8.12771e-06;-8.44467e-06;-3.0602e-06;-8.12449e-06,-3.07518e-06;-8.51615e-06;-2.8417e-06;-3.17656e-06;-8.13334e-06;-8.46513e-06;-3.01835e-06;-8.13324e-06,3.3;3.3;3.3;-1.71275e-06;3.3;3.3;3.3;3.3,-1.7553e-06;-1.99023e-06;-1.62722e-06;3.3;-1.9218e-06;-1.9468e-06;-1.62332e-06;-1.94877e-06,RETRY_5NS;RETRY_5NS;RETRY_5NS;RETRY_5NS;RETRY_5NS;RETRY_5NS;RETRY_5NS;RETRY_5NS,8,8,11101111,239,16,1110111,7,238,16,239,INFERRED_AT_DAC_BRIDGE_OUTPUT,11101111,239,11101111,239,11101111,239,11101111,239,True,True
MC200_CMP_XM5_XM6_W8P2524_XM7_XM11_W16P8587_S181_LOW_W4,66,-3.32049e-06;-8.72841e-06;-3.28903e-06;-3.40524e-06;-8.36502e-06;-8.68135e-06;-3.24569e-06;-8.36255e-06,-3.27593e-06;-8.75697e-06;-3.24589e-06;-3.35957e-06;-8.38201e-06;-8.71521e-06;-3.20159e-06;-8.3833e-06,3.3;3.3;-1.72834e-06;-1.73974e-06;3.3;3.3;-1.71979e-06;-2.02484e-06,-1.75351e-06;-2.00426e-06;3.3;3.3;-1.94023e-06;-1.953e-06;3.3;3.3,RETRY_5NS;RETRY_5NS;RETRY_5NS;RETRY_5NS;RETRY_5NS;RETRY_5NS;RETRY_5NS;RETRY_5NS,8,8,11001100,204,51,1100110,7,204,50,204,INFERRED_AT_DAC_BRIDGE_OUTPUT,11001100,204,11001100,204,11001100,204,11001100,204,True,True
MC200_CMP_XM5_XM6_W8P2524_XM7_XM11_W16P8587_S181_LOW_W4,67,-3.29654e-06;-8.7272e-06;-3.20988e-06;-3.4077e-06;-8.362e-06;-7.85116e-06;-3.24507e-06;-8.36331e-06,-3.25181e-06;-8.77458e-06;-3.1659e-06;-3.36174e-06;-8.38394e-06;-7.88805e-06;-3.20197e-06;-8.38266e-06,3.3;-2.11035e-06;-1.72597e-06;-1.74334e-06;-2.02817e-06;3.3;-1.71197e-06;3.3,-1.74395e-06;3.3;3.3;3.3;3.3;-1.96915e-06;3.3;-1.93337e-06,RETRY_5NS;RETRY_5NS;RETRY_5NS;RETRY_5NS;RETRY_5NS;RETRY_5NS;RETRY_5NS;RETRY_5NS,8,8,10000101,133,122,1000010,7,132,122,133,INFERRED_AT_DAC_BRIDGE_OUTPUT,10000101,133,10000101,133,10000101,133,10000101,133,True,True
MC200_CMP_XM5_XM6_W8P2524_XM7_XM11_W16P8587_S182_LOW_W4,0,-2.85796e-06;-8.1735e-06;-2.89103e-06;-2.88856e-06;-8.11494e-06;-8.11492e-06;-2.87804e-06;-8.15702e-06,-2.8712e-06;-8.16529e-06;-2.90438e-06;-2.90081e-06;-8.1183e-06;-8.11684e-06;-2.89065e-06;-8.15797e-06,3.3;3.3;3.3;-1.59849e-06;-1.88984e-06;-1.88217e-06;3.3;-1.88551e-06,-1.77869e-06;-2.02498e-06;-1.68048e-06;3.3;3.3;3.3;-1.66563e-06;3.3,RETRY_5NS;RETRY_5NS;RETRY_5NS;RETRY_5NS;RETRY_5NS;RETRY_5NS;RETRY_5NS;RETRY_5NS,8,8,11100010,226,29,1110001,7,226,28,226,INFERRED_AT_DAC_BRIDGE_OUTPUT,11100010,226,11100010,226,11100010,226,11100010,226,True,True
MC200_CMP_XM5_XM6_W8P2524_XM7_XM11_W16P8587_S182_LOW_W4,1,-2.93913e-06;-8.3432e-06;-3.02114e-06;-3.00684e-06;-8.28248e-06;-8.28263e-06;-3.00207e-06;-8.32523e-06,-2.95257e-06;-8.33339e-06;-3.03496e-06;-3.02022e-06;-8.28607e-06;-8.28462e-06;-3.01481e-06;-8.32492e-06,3.3;3.3;3.3;3.3;-1.90333e-06;-1.89992e-06;-1.59696e-06;3.3,-1.80657e-06;-2.04633e-06;-1.69961e-06;-1.68696e-06;3.3;3.3;3.3;-2.00114e-06,RETRY_5NS;RETRY_5NS;RETRY_5NS;RETRY_5NS;RETRY_5NS;RETRY_5NS;RETRY_5NS;RETRY_5NS,8,8,11110001,241,14,1111000,7,240,14,241,INFERRED_AT_DAC_BRIDGE_OUTPUT,11110001,241,11110001,241,11110001,241,11110001,241,True,True
MC200_CMP_XM5_XM6_W8P2524_XM7_XM11_W16P8587_S182_LOW_W4,2,-2.36739e-06;-7.58276e-06;-2.47023e-06;-2.45128e-06;-7.53033e-06;-7.57084e-06;-2.4436e-06;-7.56918e-06,-2.38197e-06;-7.58039e-06;-2.48344e-06;-2.46427e-06;-7.52991e-06;-7.57115e-06;-2.45704e-06;-7.57192e-06,3.3;3.3;-1.56167e-06;-1.54914e-06;3.3;3.3;3.3;-1.83472e-06,-1.72124e-06;-1.96839e-06;3.3;3.3;-1.93841e-06;-1.933e-06;-1.62374e-06;3.3,RETRY_5NS;RETRY_5NS;RETRY_5NS;RETRY_5NS;RETRY_5NS;RETRY_5NS;RETRY_5NS;RETRY_5NS,8,8,11001110,206,49,1100111,7,206,48,206,INFERRED_AT_DAC_BRIDGE_OUTPUT,11001110,206,11001110,206,11001110,206,11001110,206,True,True
MC200_CMP_XM5_XM6_W8P2524_XM7_XM11_W16P8587_S182_LOW_W4,3,-3.12058e-06;-8.48892e-06;-3.24092e-06;-3.22658e-06;-8.57664e-06;-8.57936e-06;-3.21907e-06;-8.1956e-06,-3.13333e-06;-8.49739e-06;-3.2527e-06;-3.23789e-06;-8.57594e-06;-8.57438e-06;-3.23198e-06;-8.19552e-06,3.3;-1.97626e-06;-1.63762e-06;-1.63055e-06;-1.91877e-06;3.3;3.3;3.3,-1.79628e-06;3.3;3.3;3.3;3.3;-2.03004e-06;-1.70897e-06;-2.03086e-06,RETRY_5NS;RETRY_5NS;RETRY_5NS;RETRY_5NS;RETRY_5NS;RETRY_5NS;RETRY_5NS;RETRY_5NS,8,8,10000111,135,120,1000011,7,134,120,135,INFERRED_AT_DAC_BRIDGE_OUTPUT,10000111,135,10000111,135,10000111,135,10000111,135,True,True
MC200_CMP_XM5_XM6_W8P2524_XM7_XM11_W16P8587_S182_LOW_W4,64,-2.92972e-06;-8.34054e-06;-2.79866e-06;-3.01202e-06;-7.9474e-06;-8.28266e-06;-2.847e-06;-7.94707e-06,-2.94292e-06;-8.33104e-06;-2.81219e-06;-3.02403e-06;-7.9509e-06;-8.28438e-06;-2.85968e-06;-7.94862e-06,3.3;3.3;3.3;-1.61062e-06;-1.87521e-06;-1.89845e-06;3.3;-1.86647e-06,-1.79022e-06;-2.04219e-06;-1.6714e-06;3.3;3.3;3.3;-1.66454e-06;3.3,RETRY_5NS;RETRY_5NS;RETRY_5NS;RETRY_5NS;RETRY_5NS;RETRY_5NS;RETRY_5NS;RETRY_5NS,8,8,11100010,226,29,1110001,7,226,28,226,INFERRED_AT_DAC_BRIDGE_OUTPUT,11100010,226,11100010,226,11100010,226,11100010,226,True,True
MC200_CMP_XM5_XM6_W8P2524_XM7_XM11_W16P8587_S182_LOW_W4,65,-3.06258e-06;-8.51001e-06;-2.92891e-06;-3.13056e-06;-8.11494e-06;-8.45034e-06;-2.97106e-06;-8.11514e-06,-3.07575e-06;-8.49887e-06;-2.94293e-06;-3.14367e-06;-8.11857e-06;-8.45211e-06;-2.98382e-06;-8.11569e-06,3.3;3.3;3.3;3.3;-1.89043e-06;-1.91448e-06;-1.59352e-06;3.3,-1.82049e-06;-2.06316e-06;-1.69004e-06;-1.70008e-06;3.3;3.3;3.3;-2.01943e-06,RETRY_5NS;RETRY_5NS;RETRY_5NS;RETRY_5NS;RETRY_5NS;RETRY_5NS;RETRY_5NS;RETRY_5NS,8,8,11110001,241,14,1111000,7,240,14,241,INFERRED_AT_DAC_BRIDGE_OUTPUT,11110001,241,11110001,241,11110001,241,11110001,241,True,True
MC200_CMP_XM5_XM6_W8P2524_XM7_XM11_W16P8587_S182_LOW_W4,66,-2.49165e-06;-7.7499e-06;-2.37832e-06;-2.58685e-06;-7.36235e-06;-7.6308e-06;-2.41257e-06;-7.35922e-06,-2.50598e-06;-7.74638e-06;-2.39171e-06;-2.59948e-06;-7.36286e-06;-7.63047e-06;-2.42607e-06;-7.36256e-06,3.3;3.3;-1.55326e-06;-1.56222e-06;3.3;3.3;3.3;-1.81593e-06,-1.73383e-06;-1.98467e-06;3.3;3.3;-1.9235e-06;-1.9508e-06;-1.61877e-06;3.3,RETRY_5NS;RETRY_5NS;RETRY_5NS;RETRY_5NS;RETRY_5NS;RETRY_5NS;RETRY_5NS;RETRY_5NS,8,8,11001110,206,49,1100111,7,206,48,206,INFERRED_AT_DAC_BRIDGE_OUTPUT,11001110,206,11001110,206,11001110,206,11001110,206,True,True
MC200_CMP_XM5_XM6_W8P2524_XM7_XM11_W16P8587_S182_LOW_W4,67,-3.24682e-06;-8.43067e-06;-3.14916e-06;-3.35021e-06;-8.40878e-06;-8.74735e-06;-3.18803e-06;-9.69626e-06,-3.25932e-06;-8.43996e-06;-3.16111e-06;-3.36127e-06;-8.40873e-06;-8.74156e-06;-3.20101e-06;-9.69447e-06,3.3;-1.9935e-06;-1.62805e-06;-1.64225e-06;-1.90557e-06;3.3;3.3;3.3,-1.81149e-06;3.3;3.3;3.3;3.3;-2.04641e-06;-1.70572e-06;-2.00666e-06,RETRY_5NS;RETRY_5NS;RETRY_5NS;RETRY_5NS;RETRY_5NS;RETRY_5NS;RETRY_5NS;RETRY_5NS,8,8,10000111,135,120,1000011,7,134,120,135,INFERRED_AT_DAC_BRIDGE_OUTPUT,10000111,135,10000111,135,10000111,135,10000111,135,True,True
MC200_CMP_XM5_XM6_W8P2524_XM7_XM11_W16P8587_S183_LOW_W4,0,-3.20232e-06;-8.4253e-06;-3.313e-06;-3.30961e-06;-8.36308e-06;-8.36266e-06;-3.1658e-06;-8.40168e-06,-3.10622e-06;-8.44549e-06;-3.21635e-06;-3.21199e-06;-8.39174e-06;-8.38969e-06;-3.06704e-06;-8.42971e-06,3.3;3.3;3.3;-1.69286e-06;-2.00508e-06;-2.00261e-06;-1.6807e-06;-1.98533e-06,-1.7437e-06;-1.98627e-06;-1.64595e-06;3.3;3.3;3.3;3.3;3.3,RETRY_5NS;RETRY_5NS;RETRY_5NS;RETRY_5NS;RETRY_5NS;RETRY_5NS;RETRY_5NS;RETRY_5NS,8,8,11100000,224,31,1110000,7,224,30,224,INFERRED_AT_DAC_BRIDGE_OUTPUT,11100000,224,11100000,224,11100000,224,11100000,224,True,True
MC200_CMP_XM5_XM6_W8P2524_XM7_XM11_W16P8587_S183_LOW_W4,1,-3.33176e-06;-7.74404e-06;-3.43819e-06;-3.4171e-06;-8.51519e-06;-8.51497e-06;-3.61267e-06;-8.55361e-06,-3.23283e-06;-7.80319e-06;-3.33842e-06;-3.3176e-06;-8.56184e-06;-8.55987e-06;-3.51407e-06;-8.60023e-06,3.3;3.3;3.3;3.3;-2.02081e-06;-2.01828e-06;-1.70666e-06;-2.01437e-06,-1.77196e-06;-2.01447e-06;-1.66833e-06;-1.65153e-06;3.3;3.3;3.3;3.3,RETRY_5NS;RETRY_5NS;RETRY_5NS;RETRY_5NS;RETRY_5NS;RETRY_5NS;RETRY_5NS;RETRY_5NS,8,8,11110000,240,15,1111000,7,240,14,240,INFERRED_AT_DAC_BRIDGE_OUTPUT,11110000,240,11110000,240,11110000,240,11110000,240,True,True
MC200_CMP_XM5_XM6_W8P2524_XM7_XM11_W16P8587_S183_LOW_W4,2,-3.25621e-06;-7.64849e-06;-3.38281e-06;-3.36056e-06;-8.44295e-06;-8.4405e-06;-3.35104e-06;-8.47774e-06,-3.15905e-06;-7.70192e-06;-3.28376e-06;-3.26107e-06;-8.47216e-06;-8.4724e-06;-3.25213e-06;-8.51496e-06,3.3;3.3;-1.70616e-06;-1.69631e-06;3.3;3.3;-1.69192e-06;-2.00178e-06,-1.74237e-06;-2.00042e-06;3.3;3.3;-1.95898e-06;-1.95124e-06;3.3;3.3,RETRY_5NS;RETRY_5NS;RETRY_5NS;RETRY_5NS;RETRY_5NS;RETRY_5NS;RETRY_5NS;RETRY_5NS,8,8,11001100,204,51,1100110,7,204,50,204,INFERRED_AT_DAC_BRIDGE_OUTPUT,11001100,204,11001100,204,11001100,204,11001100,204,True,True
MC200_CMP_XM5_XM6_W8P2524_XM7_XM11_W16P8587_S183_LOW_W4,3,-3.15625e-06;-8.42268e-06;-3.33188e-06;-3.30582e-06;-8.36323e-06;-9.04073e-06;-3.29243e-06;-7.90909e-06,-3.06077e-06;-8.46027e-06;-3.23443e-06;-3.20788e-06;-8.3889e-06;-9.04197e-06;-3.19598e-06;-7.91602e-06,3.3;-2.0493e-06;-1.69941e-06;-1.69351e-06;-2.00001e-06;3.3;3.3;-2.00251e-06,-1.72741e-06;3.3;3.3;3.3;3.3;-1.94251e-06;-1.63882e-06;3.3,RETRY_5NS;RETRY_5NS;RETRY_5NS;RETRY_5NS;RETRY_5NS;RETRY_5NS;RETRY_5NS;RETRY_5NS,8,8,10000110,134,121,1000011,7,134,120,134,INFERRED_AT_DAC_BRIDGE_OUTPUT,10000110,134,10000110,134,10000110,134,10000110,134,True,True
MC200_CMP_XM5_XM6_W8P2524_XM7_XM11_W16P8587_S183_LOW_W4,64,-3.31896e-06;-8.57638e-06;-3.22673e-06;-3.42494e-06;-8.21095e-06;-8.515e-06;-3.39336e-06;-8.21099e-06,-3.21991e-06;-8.61309e-06;-3.13229e-06;-3.32432e-06;-8.22186e-06;-8.55954e-06;-3.29684e-06;-8.21734e-06,3.3;3.3;3.3;-1.70636e-06;-1.99039e-06;-2.01719e-06;-1.68113e-06;3.3,-1.75666e-06;-2.00131e-06;-1.63806e-06;3.3;3.3;3.3;3.3;-1.92295e-06,RETRY_5NS;RETRY_5NS;RETRY_5NS;RETRY_5NS;RETRY_5NS;RETRY_5NS;RETRY_5NS;RETRY_5NS,8,8,11100001,225,30,1110000,7,224,30,225,INFERRED_AT_DAC_BRIDGE_OUTPUT,11100001,225,11100001,225,11100001,225,11100001,225,True,True
MC200_CMP_XM5_XM6_W8P2524_XM7_XM11_W16P8587_S183_LOW_W4,65,-3.44772e-06;-7.97872e-06;-3.3523e-06;-3.53288e-06;-8.36308e-06;-8.66729e-06;-3.57938e-06;-8.00444e-06,-3.34585e-06;-8.05929e-06;-3.25467e-06;-3.43043e-06;-8.39198e-06;-8.72966e-06;-3.48153e-06;-8.05555e-06,3.3;3.3;3.3;3.3;-2.00627e-06;-2.03307e-06;-1.70333e-06;-2.04491e-06,-1.78625e-06;-2.02989e-06;-1.65889e-06;-1.6653e-06;3.3;3.3;3.3;3.3,RETRY_5NS;RETRY_5NS;RETRY_5NS;RETRY_5NS;RETRY_5NS;RETRY_5NS;RETRY_5NS;RETRY_5NS,8,8,11110000,240,15,1111000,7,240,14,240,INFERRED_AT_DAC_BRIDGE_OUTPUT,11110000,240,11110000,240,11110000,240,11110000,240,True,True
MC200_CMP_XM5_XM6_W8P2524_XM7_XM11_W16P8587_S183_LOW_W4,66,-3.37305e-06;-8.64541e-06;-3.29696e-06;-3.4763e-06;-8.29039e-06;-8.59293e-06;-3.32192e-06;-8.28693e-06,-3.27291e-06;-8.69261e-06;-3.20018e-06;-3.37386e-06;-8.30278e-06;-8.64215e-06;-3.22376e-06;-8.30267e-06,3.3;3.3;-1.69647e-06;-1.70762e-06;3.3;3.3;-1.68788e-06;-1.98311e-06,-1.75609e-06;-2.00677e-06;3.3;3.3;-1.94401e-06;-1.96474e-06;3.3;3.3,RETRY_5NS;RETRY_5NS;RETRY_5NS;RETRY_5NS;RETRY_5NS;RETRY_5NS;RETRY_5NS;RETRY_5NS,8,8,11001100,204,51,1100110,7,204,50,204,INFERRED_AT_DAC_BRIDGE_OUTPUT,11001100,204,11001100,204,11001100,204,11001100,204,True,True
MC200_CMP_XM5_XM6_W8P2524_XM7_XM11_W16P8587_S183_LOW_W4,67,-3.27556e-06;-8.57255e-06;-3.24622e-06;-3.42156e-06;-8.21083e-06;-8.9899e-06;-3.4597e-06;-8.52715e-06,-3.17708e-06;-8.62826e-06;-3.15104e-06;-3.32064e-06;-8.21925e-06;-9.01025e-06;-3.36621e-06;-8.5255e-06,3.3;-2.0646e-06;-1.68963e-06;-1.7058e-06;-1.98377e-06;3.3;3.3;-1.97374e-06,-1.74021e-06;3.3;3.3;3.3;3.3;-1.96259e-06;-1.64e-06;3.3,RETRY_5NS;RETRY_5NS;RETRY_5NS;RETRY_5NS;RETRY_5NS;RETRY_5NS;RETRY_5NS;RETRY_5NS,8,8,10000110,134,121,1000011,7,134,120,134,INFERRED_AT_DAC_BRIDGE_OUTPUT,10000110,134,10000110,134,10000110,134,10000110,134,True,True
MC200_CMP_XM5_XM6_W8P2524_XM7_XM11_W16P8587_S184_LOW_W4,0,-3.2342e-06;-8.39469e-06;-3.15279e-06;-3.15047e-06;-8.33201e-06;-8.33174e-06;-3.23653e-06;-7.8656e-06,-3.25769e-06;-8.38045e-06;-3.17695e-06;-3.17334e-06;-8.33195e-06;-8.33013e-06;-3.25943e-06;-7.85341e-06,3.3;3.3;3.3;-1.7142e-06;-2.02761e-06;-2.02448e-06;-1.70307e-06;-2.02667e-06,-1.77134e-06;-2.01012e-06;-1.6662e-06;3.3;3.3;3.3;3.3;3.3,RETRY_5NS;RETRY_5NS;RETRY_5NS;RETRY_5NS;RETRY_5NS;RETRY_5NS;RETRY_5NS;RETRY_5NS,8,8,11100000,224,31,1110000,7,224,30,224,INFERRED_AT_DAC_BRIDGE_OUTPUT,11100000,224,11100000,224,11100000,224,11100000,224,True,True
MC200_CMP_XM5_XM6_W8P2524_XM7_XM11_W16P8587_S184_LOW_W4,1,-3.12289e-06;-8.48143e-06;-3.21893e-06;-3.20131e-06;-8.42079e-06;-8.41893e-06;-3.19404e-06;-8.45885e-06,-3.14682e-06;-8.46368e-06;-3.24401e-06;-3.22562e-06;-8.40846e-06;-8.40826e-06;-3.21889e-06;-8.44906e-06,3.3;3.3;3.3;-1.70801e-06;3.3;3.3;3.3;3.3,-1.78656e-06;-2.02344e-06;-1.68242e-06;3.3;-1.98464e-06;-1.98106e-06;-1.66869e-06;-1.97805e-06,RETRY_5NS;RETRY_5NS;RETRY_5NS;RETRY_5NS;RETRY_5NS;RETRY_5NS;RETRY_5NS;RETRY_5NS,8,8,11101111,239,16,1110111,7,238,16,239,INFERRED_AT_DAC_BRIDGE_OUTPUT,11101111,239,11101111,239,11101111,239,11101111,239,True,True
MC200_CMP_XM5_XM6_W8P2524_XM7_XM11_W16P8587_S184_LOW_W4,2,-3.13633e-06;-8.10699e-06;-3.25054e-06;-3.23168e-06;-8.46101e-06;-8.45841e-06;-3.22352e-06;-8.50098e-06,-3.1606e-06;-8.08564e-06;-3.27464e-06;-3.25528e-06;-8.44874e-06;-8.44963e-06;-3.24838e-06;-8.48952e-06,3.3;3.3;-1.72988e-06;-1.7196e-06;3.3;-2.02232e-06;3.3;3.3,-1.76667e-06;-2.02197e-06;3.3;3.3;-1.98579e-06;3.3;-1.67298e-06;-1.98421e-06,RETRY_5NS;RETRY_5NS;RETRY_5NS;RETRY_5NS;RETRY_5NS;RETRY_5NS;RETRY_5NS;RETRY_5NS,8,8,11001011,203,52,1100101,7,202,52,203,INFERRED_AT_DAC_BRIDGE_OUTPUT,11001011,203,11001011,203,11001011,203,11001011,203,True,True
MC200_CMP_XM5_XM6_W8P2524_XM7_XM11_W16P8587_S184_LOW_W4,3,-3.04275e-06;-8.43289e-06;-3.19873e-06;-3.23715e-06;-8.37404e-06;-8.37586e-06;-3.14614e-06;-8.41702e-06,-3.06592e-06;-8.43485e-06;-3.22228e-06;-3.25996e-06;-8.36979e-06;-8.36813e-06;-3.17021e-06;-8.40849e-06,3.3;-2.07586e-06;-1.7217e-06;-1.71881e-06;-2.02756e-06;3.3;-1.69683e-06;3.3,-1.75128e-06;3.3;3.3;3.3;3.3;-1.97339e-06;3.3;-1.9759e-06,RETRY_5NS;RETRY_5NS;RETRY_5NS;RETRY_5NS;RETRY_5NS;RETRY_5NS;RETRY_5NS;RETRY_5NS,8,8,10000101,133,122,1000010,7,132,122,133,INFERRED_AT_DAC_BRIDGE_OUTPUT,10000101,133,10000101,133,10000101,133,10000101,133,True,True
MC200_CMP_XM5_XM6_W8P2524_XM7_XM11_W16P8587_S184_LOW_W4,64,-3.18061e-06;-8.56114e-06;-3.06599e-06;-3.26648e-06;-8.16483e-06;-8.49913e-06;-3.31796e-06;-7.64963e-06,-3.20484e-06;-8.54054e-06;-3.08912e-06;-3.29069e-06;-8.16994e-06;-8.49233e-06;-3.34046e-06;-7.64487e-06,3.3;3.3;3.3;-1.72754e-06;-2.01155e-06;-2.0408e-06;-1.70939e-06;-2.00763e-06,-1.77414e-06;-2.02605e-06;-1.6571e-06;3.3;3.3;3.3;3.3;3.3,RETRY_5NS;RETRY_5NS;RETRY_5NS;RETRY_5NS;RETRY_5NS;RETRY_5NS;RETRY_5NS;RETRY_5NS,8,8,11100000,224,31,1110000,7,224,30,224,INFERRED_AT_DAC_BRIDGE_OUTPUT,11100000,224,11100000,224,11100000,224,11100000,224,True,True
MC200_CMP_XM5_XM6_W8P2524_XM7_XM11_W16P8587_S184_LOW_W4,65,-3.23911e-06;-8.64761e-06;-3.13268e-06;-3.31766e-06;-8.2531e-06;-8.58655e-06;-3.16504e-06;-8.2493e-06,-3.26441e-06;-8.62345e-06;-3.15668e-06;-3.34336e-06;-8.24686e-06;-8.57004e-06;-3.18919e-06;-8.24641e-06,3.3;3.3;3.3;-1.7207e-06;3.3;3.3;3.3;3.3,-1.80041e-06;-2.03916e-06;-1.67294e-06;3.3;-1.9691e-06;-1.99557e-06;-1.66646e-06;-1.99729e-06,RETRY_5NS;RETRY_5NS;RETRY_5NS;RETRY_5NS;RETRY_5NS;RETRY_5NS;RETRY_5NS;RETRY_5NS,8,8,11101111,239,16,1110111,7,238,16,239,INFERRED_AT_DAC_BRIDGE_OUTPUT,11101111,239,11101111,239,11101111,239,11101111,239,True,True
MC200_CMP_XM5_XM6_W8P2524_XM7_XM11_W16P8587_S184_LOW_W4,66,-3.25363e-06;-1.00327e-05;-3.16425e-06;-3.65955e-06;-8.29336e-06;-8.62603e-06;-3.19428e-06;-8.29129e-06,-3.27929e-06;-1.00305e-05;-3.18737e-06;-3.68502e-06;-8.28705e-06;-8.61161e-06;-3.21879e-06;-8.28692e-06,3.3;3.3;-1.72011e-06;-1.73528e-06;3.3;-2.03577e-06;3.3;3.3,-1.77954e-06;-2.02817e-06;3.3;3.3;-1.96979e-06;3.3;-1.67e-06;-1.96292e-06,RETRY_5NS;RETRY_5NS;RETRY_5NS;RETRY_5NS;RETRY_5NS;RETRY_5NS;RETRY_5NS;RETRY_5NS,8,8,11001011,203,52,1100101,7,202,52,203,INFERRED_AT_DAC_BRIDGE_OUTPUT,11001011,203,11001011,203,11001011,203,11001011,203,True,True
MC200_CMP_XM5_XM6_W8P2524_XM7_XM11_W16P8587_S184_LOW_W4,67,-3.1624e-06;-8.59804e-06;-3.11249e-06;-3.369e-06;-8.62755e-06;-8.54338e-06;-3.29108e-06;-8.20747e-06,-3.18696e-06;-8.59522e-06;-3.13506e-06;-3.39311e-06;-8.63719e-06;-8.53006e-06;-3.31431e-06;-8.20586e-06,3.3;-2.09276e-06;-1.71327e-06;-1.73169e-06;-2.01365e-06;3.3;-1.70459e-06;3.3,-1.76473e-06;3.3;3.3;3.3;3.3;-1.98785e-06;3.3;-1.95753e-06,RETRY_5NS;RETRY_5NS;RETRY_5NS;RETRY_5NS;RETRY_5NS;RETRY_5NS;RETRY_5NS;RETRY_5NS,8,8,10000101,133,122,1000010,7,132,122,133,INFERRED_AT_DAC_BRIDGE_OUTPUT,10000101,133,10000101,133,10000101,133,10000101,133,True,True
MC200_CMP_XM5_XM6_W8P2524_XM7_XM11_W16P8587_S185_LOW_W4,0,-3.06055e-06;-8.44435e-06;-3.15062e-06;-3.13992e-06;-8.38649e-06;-8.38662e-06;-3.13807e-06;-8.42823e-06,-3.04077e-06;-8.43678e-06;-3.13103e-06;-3.11886e-06;-8.39165e-06;-8.3901e-06;-3.11745e-06;-8.4303e-06,3.3;3.3;3.3;-1.69496e-06;-2.00427e-06;-2.00191e-06;-1.68547e-06;-1.99786e-06,-1.79301e-06;-2.044e-06;-1.69374e-06;3.3;3.3;3.3;3.3;3.3,RETRY_5NS;RETRY_5NS;RETRY_5NS;RETRY_5NS;RETRY_5NS;RETRY_5NS;RETRY_5NS;RETRY_5NS,8,8,11100000,224,31,1110000,7,224,30,224,INFERRED_AT_DAC_BRIDGE_OUTPUT,11100000,224,11100000,224,11100000,224,11100000,224,True,True
MC200_CMP_XM5_XM6_W8P2524_XM7_XM11_W16P8587_S185_LOW_W4,1,-3.22316e-06;-8.65048e-06;-3.30851e-06;-3.29606e-06;-8.59625e-06;-8.5947e-06;-3.50244e-06;-9.86528e-06,-3.20238e-06;-8.64618e-06;-3.28812e-06;-3.27437e-06;-8.59574e-06;-8.5961e-06;-3.48177e-06;-9.85872e-06,3.3;3.3;3.3;-1.69904e-06;3.3;3.3;3.3;3.3,-1.82617e-06;-2.06801e-06;-1.72035e-06;3.3;-2.03016e-06;-2.02643e-06;-1.71167e-06;-2.01364e-06,RETRY_5NS;RETRY_5NS;RETRY_5NS;RETRY_5NS;RETRY_5NS;RETRY_5NS;RETRY_5NS;RETRY_5NS,8,8,11101111,239,16,1110111,7,238,16,239,INFERRED_AT_DAC_BRIDGE_OUTPUT,11101111,239,11101111,239,11101111,239,11101111,239,True,True
MC200_CMP_XM5_XM6_W8P2524_XM7_XM11_W16P8587_S185_LOW_W4,2,-3.02648e-06;-8.39713e-06;-3.13006e-06;-3.11389e-06;-7.62004e-06;-8.34674e-06;-3.10736e-06;-8.38718e-06,-3.00719e-06;-8.3912e-06;-3.10938e-06;-3.09303e-06;-7.62238e-06;-8.34608e-06;-3.08698e-06;-8.38856e-06,3.3;3.3;-1.69617e-06;-1.68733e-06;3.3;3.3;-1.68231e-06;-1.99453e-06,-1.7818e-06;-2.03514e-06;3.3;3.3;-2.01448e-06;-1.9899e-06;3.3;3.3,RETRY_5NS;RETRY_5NS;RETRY_5NS;RETRY_5NS;RETRY_5NS;RETRY_5NS;RETRY_5NS;RETRY_5NS,8,8,11001100,204,51,1100110,7,204,50,204,INFERRED_AT_DAC_BRIDGE_OUTPUT,11001100,204,11001100,204,11001100,204,11001100,204,True,True
MC200_CMP_XM5_XM6_W8P2524_XM7_XM11_W16P8587_S185_LOW_W4,3,-2.90404e-06;-8.27802e-06;-3.04434e-06;-3.02535e-06;-8.22325e-06;-8.22482e-06;-3.01507e-06;-8.26526e-06,-2.88528e-06;-8.28416e-06;-3.0244e-06;-3.0051e-06;-8.22164e-06;-8.21998e-06;-2.99592e-06;-8.26184e-06,3.3;-2.03256e-06;-1.68613e-06;-1.68037e-06;-1.98495e-06;3.3;-1.66759e-06;3.3,-1.76321e-06;3.3;3.3;3.3;3.3;-1.98905e-06;3.3;-1.98932e-06,RETRY_5NS;RETRY_5NS;RETRY_5NS;RETRY_5NS;RETRY_5NS;RETRY_5NS;RETRY_5NS;RETRY_5NS,8,8,10000101,133,122,1000010,7,132,122,133,INFERRED_AT_DAC_BRIDGE_OUTPUT,10000101,133,10000101,133,10000101,133,10000101,133,True,True
MC200_CMP_XM5_XM6_W8P2524_XM7_XM11_W16P8587_S185_LOW_W4,64,-3.18343e-06;-8.60722e-06;-3.05948e-06;-3.27089e-06;-8.22307e-06;-8.55022e-06;-3.1074e-06;-7.67331e-06,-3.16269e-06;-8.60259e-06;-3.04062e-06;-3.24894e-06;-8.22413e-06;-8.55776e-06;-3.08701e-06;-7.67497e-06,3.3;3.3;3.3;-1.70814e-06;-1.98957e-06;-2.0175e-06;-1.68251e-06;-1.98668e-06,-1.80716e-06;-2.05974e-06;-1.68447e-06;3.3;3.3;3.3;3.3;3.3,RETRY_5NS;RETRY_5NS;RETRY_5NS;RETRY_5NS;RETRY_5NS;RETRY_5NS;RETRY_5NS;RETRY_5NS,8,8,11100000,224,31,1110000,7,224,30,224,INFERRED_AT_DAC_BRIDGE_OUTPUT,11100000,224,11100000,224,11100000,224,11100000,224,True,True
MC200_CMP_XM5_XM6_W8P2524_XM7_XM11_W16P8587_S185_LOW_W4,65,-3.34506e-06;-8.81308e-06;-3.21768e-06;-3.41796e-06;-8.43236e-06;-8.75865e-06;-3.10455e-06;-9.50423e-06,-3.32333e-06;-8.81168e-06;-3.19799e-06;-3.39573e-06;-8.42863e-06;-8.76338e-06;-3.08492e-06;-9.49307e-06,3.3;3.3;3.3;-1.71292e-06;3.3;3.3;3.3;3.3,-1.83992e-06;-2.08442e-06;-1.71062e-06;3.3;-2.01442e-06;-2.0421e-06;-1.69711e-06;-2.0341e-06,RETRY_5NS;RETRY_5NS;RETRY_5NS;RETRY_5NS;RETRY_5NS;RETRY_5NS;RETRY_5NS;RETRY_5NS,8,8,11101111,239,16,1110111,7,238,16,239,INFERRED_AT_DAC_BRIDGE_OUTPUT,11101111,239,11101111,239,11101111,239,11101111,239,True,True
MC200_CMP_XM5_XM6_W8P2524_XM7_XM11_W16P8587_S185_LOW_W4,66,-3.14945e-06;-8.5601e-06;-3.0393e-06;-3.23601e-06;-7.68945e-06;-8.51056e-06;-3.0768e-06;-8.18229e-06,-3.12921e-06;-8.55725e-06;-3.01933e-06;-3.2142e-06;-7.68601e-06;-8.51356e-06;-3.05661e-06;-8.1791e-06,3.3;3.3;-1.68692e-06;-1.70022e-06;3.3;3.3;-1.68066e-06;-1.97656e-06,-1.79577e-06;-2.05306e-06;3.3;3.3;-1.99706e-06;-2.00552e-06;3.3;3.3,RETRY_5NS;RETRY_5NS;RETRY_5NS;RETRY_5NS;RETRY_5NS;RETRY_5NS;RETRY_5NS;RETRY_5NS,8,8,11001100,204,51,1100110,7,204,50,204,INFERRED_AT_DAC_BRIDGE_OUTPUT,11001100,204,11001100,204,11001100,204,11001100,204,True,True
MC200_CMP_XM5_XM6_W8P2524_XM7_XM11_W16P8587_S185_LOW_W4,67,-3.029e-06;-8.43968e-06;-2.95366e-06;-3.14724e-06;-8.0596e-06;-8.38868e-06;-2.98445e-06;-8.06039e-06,-3.00928e-06;-8.45034e-06;-2.93443e-06;-3.12603e-06;-8.0542e-06;-8.38741e-06;-2.96551e-06;-8.05234e-06,3.3;-2.04853e-06;-1.67733e-06;-1.69345e-06;-1.9698e-06;3.3;-1.66554e-06;3.3,-1.77702e-06;3.3;3.3;3.3;3.3;-2.00447e-06;3.3;-1.97009e-06,RETRY_5NS;RETRY_5NS;RETRY_5NS;RETRY_5NS;RETRY_5NS;RETRY_5NS;RETRY_5NS;RETRY_5NS,8,8,10000101,133,122,1000010,7,132,122,133,INFERRED_AT_DAC_BRIDGE_OUTPUT,10000101,133,10000101,133,10000101,133,10000101,133,True,True
MC200_CMP_XM5_XM6_W8P2524_XM7_XM11_W16P8587_S186_LOW_W4,0,-3.14698e-06;-8.49066e-06;-3.23431e-06;-3.21848e-06;-8.43646e-06;-8.43677e-06;-3.22302e-06;-8.4761e-06,-3.14077e-06;-8.47575e-06;-3.22716e-06;-3.21102e-06;-8.43559e-06;-8.43409e-06;-3.21536e-06;-8.47166e-06,3.3;3.3;3.3;-1.67447e-06;-1.97959e-06;-1.97509e-06;-1.66275e-06;-1.97335e-06,-1.84073e-06;-2.10068e-06;-1.74138e-06;3.3;3.3;3.3;3.3;3.3,RETRY_5NS;RETRY_5NS;RETRY_5NS;RETRY_5NS;RETRY_5NS;RETRY_5NS;RETRY_5NS;RETRY_5NS,8,8,11100000,224,31,1110000,7,224,30,224,INFERRED_AT_DAC_BRIDGE_OUTPUT,11100000,224,11100000,224,11100000,224,11100000,224,True,True
MC200_CMP_XM5_XM6_W8P2524_XM7_XM11_W16P8587_S186_LOW_W4,1,-3.15625e-06;-8.49314e-06;-3.23952e-06;-3.22752e-06;-8.44135e-06;-8.44012e-06;-3.40709e-06;-8.47643e-06,-3.15028e-06;-8.47785e-06;-3.23365e-06;-3.22033e-06;-8.43035e-06;-8.43069e-06;-3.40047e-06;-8.4712e-06,3.3;3.3;3.3;-1.66016e-06;3.3;3.3;3.3;3.3,-1.8569e-06;-2.10551e-06;-1.75054e-06;3.3;-2.06686e-06;-2.06295e-06;-1.74391e-06;-2.06033e-06,RETRY_5NS;RETRY_5NS;RETRY_5NS;RETRY_5NS;RETRY_5NS;RETRY_5NS;RETRY_5NS;RETRY_5NS,8,8,11101111,239,16,1110111,7,238,16,239,INFERRED_AT_DAC_BRIDGE_OUTPUT,11101111,239,11101111,239,11101111,239,11101111,239,True,True
MC200_CMP_XM5_XM6_W8P2524_XM7_XM11_W16P8587_S186_LOW_W4,2,-3.01749e-06;-8.33091e-06;-2.93266e-06;-3.10294e-06;-8.28574e-06;-8.28338e-06;-3.09695e-06;-8.32175e-06,-3.01262e-06;-8.31704e-06;-2.92693e-06;-3.09605e-06;-8.27431e-06;-8.27579e-06;-3.09028e-06;-8.3153e-06,3.3;3.3;-1.66176e-06;-1.65712e-06;3.3;3.3;-1.65345e-06;-1.95914e-06,-1.81812e-06;-2.08149e-06;3.3;3.3;-2.04858e-06;-2.03679e-06;3.3;3.3,RETRY_5NS;RETRY_5NS;RETRY_5NS;RETRY_5NS;RETRY_5NS;RETRY_5NS;RETRY_5NS;RETRY_5NS,8,8,11001100,204,51,1100110,7,204,50,204,INFERRED_AT_DAC_BRIDGE_OUTPUT,11001100,204,11001100,204,11001100,204,11001100,204,True,True
MC200_CMP_XM5_XM6_W8P2524_XM7_XM11_W16P8587_S186_LOW_W4,3,-2.99008e-06;-8.33292e-06;-3.12246e-06;-3.10551e-06;-8.28265e-06;-8.28449e-06;-3.09652e-06;-8.3221e-06,-2.98502e-06;-8.33426e-06;-3.11611e-06;-3.09885e-06;-8.2769e-06;-8.27494e-06;-3.09034e-06;-8.31472e-06,3.3;-2.00954e-06;-1.66561e-06;-1.66117e-06;-1.96038e-06;3.3;-1.64582e-06;3.3,-1.80959e-06;3.3;3.3;3.3;3.3;-2.04474e-06;3.3;-2.04584e-06,RETRY_5NS;RETRY_5NS;RETRY_5NS;RETRY_5NS;RETRY_5NS;RETRY_5NS;RETRY_5NS;RETRY_5NS,8,8,10000101,133,122,1000010,7,132,122,133,INFERRED_AT_DAC_BRIDGE_OUTPUT,10000101,133,10000101,133,10000101,133,10000101,133,True,True
MC200_CMP_XM5_XM6_W8P2524_XM7_XM11_W16P8587_S186_LOW_W4,64,-3.27351e-06;-8.64391e-06;-3.14035e-06;-3.3019e-06;-8.28265e-06;-8.59077e-06;-3.19149e-06;-8.28322e-06,-3.26626e-06;-8.63044e-06;-3.13398e-06;-3.29357e-06;-8.27913e-06;-8.59065e-06;-3.18407e-06;-8.27605e-06,3.3;3.3;3.3;-1.68569e-06;-1.96564e-06;-1.99184e-06;-1.65995e-06;-1.95411e-06,-1.85427e-06;-2.11642e-06;-1.73162e-06;3.3;3.3;3.3;3.3;3.3,RETRY_5NS;RETRY_5NS;RETRY_5NS;RETRY_5NS;RETRY_5NS;RETRY_5NS;RETRY_5NS;RETRY_5NS,8,8,11100000,224,31,1110000,7,224,30,224,INFERRED_AT_DAC_BRIDGE_OUTPUT,11100000,224,11100000,224,11100000,224,11100000,224,True,True
MC200_CMP_XM5_XM6_W8P2524_XM7_XM11_W16P8587_S186_LOW_W4,65,-3.28184e-06;-8.6462e-06;-3.1459e-06;-3.35333e-06;-8.28715e-06;-8.59434e-06;-3.19068e-06;-8.28384e-06,-3.27483e-06;-8.63229e-06;-3.1408e-06;-3.34512e-06;-8.27433e-06;-8.58691e-06;-3.18475e-06;-8.27537e-06,3.3;3.3;3.3;-1.67457e-06;3.3;3.3;3.3;3.3,-1.87036e-06;-2.12203e-06;-1.74059e-06;3.3;-2.0511e-06;-2.07895e-06;-1.73401e-06;-2.08057e-06,RETRY_5NS;RETRY_5NS;RETRY_5NS;RETRY_5NS;RETRY_5NS;RETRY_5NS;RETRY_5NS;RETRY_5NS,8,8,11101111,239,16,1110111,7,238,16,239,INFERRED_AT_DAC_BRIDGE_OUTPUT,11101111,239,11101111,239,11101111,239,11101111,239,True,True
MC200_CMP_XM5_XM6_W8P2524_XM7_XM11_W16P8587_S186_LOW_W4,66,-3.14393e-06;-8.48431e-06;-2.99123e-06;-3.22875e-06;-8.13141e-06;-8.43762e-06;-3.0654e-06;-8.1289e-06,-3.13803e-06;-8.47202e-06;-2.98569e-06;-3.22082e-06;-8.1182e-06;-8.43215e-06;-3.05898e-06;-8.11961e-06,3.3;3.3;-1.65459e-06;-1.67018e-06;3.3;3.3;-1.65053e-06;-1.93902e-06,-1.83173e-06;-2.09768e-06;3.3;3.3;-2.03206e-06;-2.05342e-06;3.3;3.3,RETRY_5NS;RETRY_5NS;RETRY_5NS;RETRY_5NS;RETRY_5NS;RETRY_5NS;RETRY_5NS;RETRY_5NS,8,8,11001100,204,51,1100110,7,204,50,204,INFERRED_AT_DAC_BRIDGE_OUTPUT,11001100,204,11001100,204,11001100,204,11001100,204,True,True
MC200_CMP_XM5_XM6_W8P2524_XM7_XM11_W16P8587_S186_LOW_W4,67,-3.11863e-06;-8.9829e-06;-3.02923e-06;-3.23105e-06;-8.12868e-06;-8.43874e-06;-3.06493e-06;-8.12986e-06,-3.11254e-06;-8.98212e-06;-3.02364e-06;-3.22335e-06;-8.12062e-06;-8.43129e-06;-3.05902e-06;-8.11851e-06,3.3;-2.02493e-06;-1.65737e-06;-1.67368e-06;-1.94475e-06;3.3;-1.63667e-06;3.3,-1.82377e-06;3.3;3.3;3.3;3.3;-2.06059e-06;3.3;-2.02636e-06,RETRY_5NS;RETRY_5NS;RETRY_5NS;RETRY_5NS;RETRY_5NS;RETRY_5NS;RETRY_5NS;RETRY_5NS,8,8,10000101,133,122,1000010,7,132,122,133,INFERRED_AT_DAC_BRIDGE_OUTPUT,10000101,133,10000101,133,10000101,133,10000101,133,True,True
MC200_CMP_XM5_XM6_W8P2524_XM7_XM11_W16P8587_S187_LOW_W4,0,-3.26205e-06;-8.47395e-06;-3.36794e-06;-3.36454e-06;-8.41464e-06;-8.41482e-06;-3.22956e-06;-8.45155e-06,-3.26891e-06;-8.46337e-06;-3.37549e-06;-3.37112e-06;-8.41788e-06;-8.41563e-06;-3.23729e-06;-8.45132e-06,3.3;3.3;3.3;-1.7297e-06;-2.04595e-06;-2.042e-06;3.3;-2.04298e-06,-1.84443e-06;-2.10061e-06;-1.7444e-06;3.3;3.3;3.3;-1.7218e-06;3.3,RETRY_5NS;RETRY_5NS;RETRY_5NS;RETRY_5NS;RETRY_5NS;RETRY_5NS;RETRY_5NS;RETRY_5NS,8,8,11100010,226,29,1110001,7,226,28,226,INFERRED_AT_DAC_BRIDGE_OUTPUT,11100010,226,11100010,226,11100010,226,11100010,226,True,True
MC200_CMP_XM5_XM6_W8P2524_XM7_XM11_W16P8587_S187_LOW_W4,1,-3.27487e-06;-8.54851e-06;-3.37736e-06;-3.35716e-06;-8.41465e-06;-8.41445e-06;-3.34962e-06;-8.45234e-06,-3.28195e-06;-8.53871e-06;-3.38516e-06;-3.36498e-06;-8.41822e-06;-8.41635e-06;-3.35646e-06;-8.45025e-06,3.3;3.3;3.3;3.3;-2.04544e-06;-2.04321e-06;-1.71854e-06;3.3,-1.8607e-06;-2.10871e-06;-1.75116e-06;-1.73611e-06;3.3;3.3;3.3;-2.05725e-06,RETRY_5NS;RETRY_5NS;RETRY_5NS;RETRY_5NS;RETRY_5NS;RETRY_5NS;RETRY_5NS;RETRY_5NS,8,8,11110001,241,14,1111000,7,240,14,241,INFERRED_AT_DAC_BRIDGE_OUTPUT,11110001,241,11110001,241,11110001,241,11110001,241,True,True
MC200_CMP_XM5_XM6_W8P2524_XM7_XM11_W16P8587_S187_LOW_W4,2,-3.31785e-06;-8.54061e-06;-3.43761e-06;-3.41721e-06;-8.49229e-06;-8.49008e-06;-3.40891e-06;-8.52626e-06,-3.32513e-06;-8.53115e-06;-3.44452e-06;-3.42455e-06;-8.48631e-06;-8.48673e-06;-3.41633e-06;-8.52323e-06,3.3;3.3;-1.74011e-06;-1.72919e-06;3.3;3.3;-1.72156e-06;3.3,-1.84262e-06;-2.1046e-06;3.3;3.3;-2.07223e-06;-2.06631e-06;3.3;-2.06849e-06,RETRY_5NS;RETRY_5NS;RETRY_5NS;RETRY_5NS;RETRY_5NS;RETRY_5NS;RETRY_5NS;RETRY_5NS,8,8,11001101,205,50,1100110,7,204,50,205,INFERRED_AT_DAC_BRIDGE_OUTPUT,11001101,205,11001101,205,11001101,205,11001101,205,True,True
MC200_CMP_XM5_XM6_W8P2524_XM7_XM11_W16P8587_S187_LOW_W4,3,-3.12866e-06;-8.36142e-06;-3.29722e-06;-3.27291e-06;-8.00457e-06;-8.6291e-06;-3.26005e-06;-9.37662e-06,-3.1353e-06;-8.36991e-06;-3.30401e-06;-3.27901e-06;-8.00482e-06;-8.62718e-06;-3.26733e-06;-9.37813e-06,3.3;-2.07927e-06;-1.72354e-06;-1.71902e-06;-2.02607e-06;3.3;3.3;3.3,-1.81573e-06;3.3;3.3;3.3;3.3;-2.04803e-06;-1.72485e-06;-2.04347e-06,RETRY_5NS;RETRY_5NS;RETRY_5NS;RETRY_5NS;RETRY_5NS;RETRY_5NS;RETRY_5NS;RETRY_5NS,8,8,10000111,135,120,1000011,7,134,120,135,INFERRED_AT_DAC_BRIDGE_OUTPUT,10000111,135,10000111,135,10000111,135,10000111,135,True,True
MC200_CMP_XM5_XM6_W8P2524_XM7_XM11_W16P8587_S187_LOW_W4,64,-3.38143e-06;-8.62e-06;-3.27957e-06;-3.48261e-06;-8.26763e-06;-8.56216e-06;-3.09076e-06;-8.26719e-06,-3.38857e-06;-8.60727e-06;-3.28695e-06;-3.48941e-06;-8.27176e-06;-8.56153e-06;-3.09804e-06;-8.26862e-06,3.3;3.3;3.3;-1.74253e-06;-2.0303e-06;-2.05535e-06;3.3;-2.0231e-06,-1.85887e-06;-2.11702e-06;-1.73435e-06;3.3;3.3;3.3;-1.71754e-06;3.3,RETRY_5NS;RETRY_5NS;RETRY_5NS;RETRY_5NS;RETRY_5NS;RETRY_5NS;RETRY_5NS;RETRY_5NS,8,8,11100010,226,29,1110001,7,226,28,226,INFERRED_AT_DAC_BRIDGE_OUTPUT,11100010,226,11100010,226,11100010,226,11100010,226,True,True
MC200_CMP_XM5_XM6_W8P2524_XM7_XM11_W16P8587_S187_LOW_W4,65,-3.39355e-06;-7.85588e-06;-3.28959e-06;-3.47567e-06;-8.26765e-06;-8.56164e-06;-3.31984e-06;-8.26797e-06,-3.40091e-06;-7.84126e-06;-3.29712e-06;-3.48377e-06;-8.27207e-06;-8.56245e-06;-3.32661e-06;-8.26756e-06,3.3;3.3;3.3;3.3;-2.0312e-06;-2.05886e-06;-1.71458e-06;3.3,-1.87515e-06;-2.12679e-06;-1.74069e-06;-1.75158e-06;3.3;3.3;3.3;-2.07554e-06,RETRY_5NS;RETRY_5NS;RETRY_5NS;RETRY_5NS;RETRY_5NS;RETRY_5NS;RETRY_5NS;RETRY_5NS,8,8,11110001,241,14,1111000,7,240,14,241,INFERRED_AT_DAC_BRIDGE_OUTPUT,11110001,241,11110001,241,11110001,241,11110001,241,True,True
MC200_CMP_XM5_XM6_W8P2524_XM7_XM11_W16P8587_S187_LOW_W4,66,-3.43731e-06;-8.68683e-06;-3.3495e-06;-3.53564e-06;-8.34479e-06;-8.63735e-06;-3.37914e-06;-8.34182e-06,-3.44487e-06;-8.67546e-06;-3.35625e-06;-3.54334e-06;-8.34064e-06;-8.63275e-06;-3.3865e-06;-8.34057e-06,3.3;3.3;-1.73074e-06;-1.74221e-06;3.3;3.3;-1.72017e-06;3.3,-1.85727e-06;-2.12209e-06;3.3;3.3;-2.05566e-06;-2.08251e-06;3.3;-2.04737e-06,RETRY_5NS;RETRY_5NS;RETRY_5NS;RETRY_5NS;RETRY_5NS;RETRY_5NS;RETRY_5NS;RETRY_5NS,8,8,11001101,205,50,1100110,7,204,50,205,INFERRED_AT_DAC_BRIDGE_OUTPUT,11001101,205,11001101,205,11001101,205,11001101,205,True,True
MC200_CMP_XM5_XM6_W8P2524_XM7_XM11_W16P8587_S187_LOW_W4,67,-3.25059e-06;-8.5062e-06;-3.20955e-06;-3.39146e-06;-8.00804e-06;-8.86809e-06;-3.23028e-06;-8.9084e-06,-3.25751e-06;-8.51414e-06;-3.21619e-06;-3.39778e-06;-8.01007e-06;-8.8648e-06;-3.23751e-06;-8.9117e-06,3.3;-2.09548e-06;-1.71432e-06;-1.73147e-06;-2.00928e-06;3.3;3.3;3.3,-1.82937e-06;3.3;3.3;3.3;3.3;-2.06361e-06;-1.72352e-06;-2.01863e-06,RETRY_5NS;RETRY_5NS;RETRY_5NS;RETRY_5NS;RETRY_5NS;RETRY_5NS;RETRY_5NS;RETRY_5NS,8,8,10000111,135,120,1000011,7,134,120,135,INFERRED_AT_DAC_BRIDGE_OUTPUT,10000111,135,10000111,135,10000111,135,10000111,135,True,True
MC200_CMP_XM5_XM6_W8P2524_XM7_XM11_W16P8587_S188_LOW_W4,0,-3.21503e-06;-8.50797e-06;-3.309e-06;-3.30667e-06;-8.45123e-06;-8.45136e-06;-3.18879e-06;-8.49106e-06,-3.19041e-06;-8.50542e-06;-3.28458e-06;-3.28124e-06;-8.46175e-06;-8.4602e-06;-3.16356e-06;-8.49712e-06,3.3;3.3;3.3;-1.76574e-06;-2.08667e-06;-2.08289e-06;-1.74794e-06;3.3,-1.85044e-06;-2.10759e-06;-1.74978e-06;3.3;3.3;3.3;3.3;-2.06283e-06,RETRY_5NS;RETRY_5NS;RETRY_5NS;RETRY_5NS;RETRY_5NS;RETRY_5NS;RETRY_5NS;RETRY_5NS,8,8,11100001,225,30,1110000,7,224,30,225,INFERRED_AT_DAC_BRIDGE_OUTPUT,11100001,225,11100001,225,11100001,225,11100001,225,True,True
MC200_CMP_XM5_XM6_W8P2524_XM7_XM11_W16P8587_S188_LOW_W4,1,-3.22567e-06;-8.51098e-06;-3.26026e-06;-3.3004e-06;-8.45121e-06;-8.45134e-06;-3.29485e-06;-8.49032e-06,-3.2013e-06;-8.50806e-06;-3.23615e-06;-3.27627e-06;-8.46203e-06;-8.46034e-06;-3.26979e-06;-8.4979e-06,3.3;3.3;3.3;3.3;-2.08644e-06;-2.08336e-06;-1.75433e-06;-2.07973e-06,-1.86679e-06;-2.11173e-06;-1.75606e-06;-1.74266e-06;3.3;3.3;3.3;3.3,RETRY_5NS;RETRY_5NS;RETRY_5NS;RETRY_5NS;RETRY_5NS;RETRY_5NS;RETRY_5NS;RETRY_5NS,8,8,11110000,240,15,1111000,7,240,14,240,INFERRED_AT_DAC_BRIDGE_OUTPUT,11110000,240,11110000,240,11110000,240,11110000,240,True,True
MC200_CMP_XM5_XM6_W8P2524_XM7_XM11_W16P8587_S188_LOW_W4,2,-3.08942e-06;-8.34929e-06;-3.19763e-06;-3.17976e-06;-9.00658e-06;-8.30009e-06;-3.17246e-06;-8.33781e-06,-3.06588e-06;-8.34577e-06;-3.17308e-06;-3.15496e-06;-9.00023e-06;-8.3009e-06;-3.14813e-06;-8.34015e-06,3.3;3.3;-1.75628e-06;-1.74553e-06;3.3;3.3;-1.74048e-06;3.3,-1.82719e-06;-2.08875e-06;3.3;3.3;-2.04901e-06;-2.04859e-06;3.3;-2.04438e-06,RETRY_5NS;RETRY_5NS;RETRY_5NS;RETRY_5NS;RETRY_5NS;RETRY_5NS;RETRY_5NS;RETRY_5NS,8,8,11001101,205,50,1100110,7,204,50,205,INFERRED_AT_DAC_BRIDGE_OUTPUT,11001101,205,11001101,205,11001101,205,11001101,205,True,True
MC200_CMP_XM5_XM6_W8P2524_XM7_XM11_W16P8587_S188_LOW_W4,3,-3.08782e-06;-8.38955e-06;-3.46747e-06;-3.21326e-06;-8.3371e-06;-7.9048e-06;-3.22524e-06;-8.37574e-06,-3.06389e-06;-8.40266e-06;-3.44328e-06;-3.18814e-06;-8.34131e-06;-7.90836e-06;-3.20181e-06;-8.37985e-06,3.3;-2.1197e-06;-1.76724e-06;-1.7533e-06;-2.06685e-06;3.3;3.3;-2.06565e-06,-1.82262e-06;3.3;3.3;3.3;3.3;-2.0587e-06;-1.73143e-06;3.3,RETRY_5NS;RETRY_5NS;RETRY_5NS;RETRY_5NS;RETRY_5NS;RETRY_5NS;RETRY_5NS;RETRY_5NS,8,8,10000110,134,121,1000011,7,134,120,134,INFERRED_AT_DAC_BRIDGE_OUTPUT,10000110,134,10000110,134,10000110,134,10000110,134,True,True
MC200_CMP_XM5_XM6_W8P2524_XM7_XM11_W16P8587_S188_LOW_W4,64,-3.33781e-06;-8.65998e-06;-3.21808e-06;-3.42806e-06;-8.29853e-06;-8.60428e-06;-3.26418e-06;-8.29954e-06,-3.31245e-06;-8.66051e-06;-3.19423e-06;-3.40189e-06;-8.30475e-06;-8.61717e-06;-3.23934e-06;-8.30084e-06,3.3;3.3;3.3;-1.7791e-06;-2.07004e-06;-2.0982e-06;-1.74821e-06;3.3,-1.86523e-06;-2.12383e-06;-1.74035e-06;3.3;3.3;3.3;3.3;-2.04353e-06,RETRY_5NS;RETRY_5NS;RETRY_5NS;RETRY_5NS;RETRY_5NS;RETRY_5NS;RETRY_5NS;RETRY_5NS,8,8,11100001,225,30,1110000,7,224,30,225,INFERRED_AT_DAC_BRIDGE_OUTPUT,11100001,225,11100001,225,11100001,225,11100001,225,True,True
MC200_CMP_XM5_XM6_W8P2524_XM7_XM11_W16P8587_S188_LOW_W4,65,-3.34752e-06;-8.66271e-06;-3.22574e-06;-3.4222e-06;-8.29851e-06;-8.60422e-06;-3.26426e-06;-8.29883e-06,-3.32239e-06;-8.66283e-06;-3.2023e-06;-3.39733e-06;-8.30504e-06;-8.61738e-06;-3.23938e-06;-8.30161e-06,3.3;3.3;3.3;3.3;-2.07058e-06;-2.09923e-06;-1.75163e-06;-2.09863e-06,-1.88141e-06;-2.1282e-06;-1.74637e-06;-1.7533e-06;3.3;3.3;3.3;3.3,RETRY_5NS;RETRY_5NS;RETRY_5NS;RETRY_5NS;RETRY_5NS;RETRY_5NS;RETRY_5NS;RETRY_5NS,8,8,11110000,240,15,1111000,7,240,14,240,INFERRED_AT_DAC_BRIDGE_OUTPUT,11110000,240,11110000,240,11110000,240,11110000,240,True,True
MC200_CMP_XM5_XM6_W8P2524_XM7_XM11_W16P8587_S188_LOW_W4,66,-3.2119e-06;-8.5014e-06;-3.10723e-06;-3.30165e-06;-8.33263e-06;-8.45311e-06;-3.14185e-06;-8.14633e-06,-3.18761e-06;-8.50111e-06;-3.08325e-06;-3.27611e-06;-8.32654e-06;-8.45781e-06;-3.11771e-06;-8.14388e-06,3.3;3.3;-1.7471e-06;-1.75922e-06;3.3;3.3;-1.73506e-06;3.3,-1.84102e-06;-2.10451e-06;3.3;3.3;-2.03707e-06;-2.06342e-06;3.3;-2.01884e-06,RETRY_5NS;RETRY_5NS;RETRY_5NS;RETRY_5NS;RETRY_5NS;RETRY_5NS;RETRY_5NS;RETRY_5NS,8,8,11001101,205,50,1100110,7,204,50,205,INFERRED_AT_DAC_BRIDGE_OUTPUT,11001101,205,11001101,205,11001101,205,11001101,205,True,True
MC200_CMP_XM5_XM6_W8P2524_XM7_XM11_W16P8587_S188_LOW_W4,67,-3.21262e-06;-8.54035e-06;-3.34914e-06;-3.33491e-06;-8.34596e-06;-7.89478e-06;-3.31024e-06;-8.18427e-06,-3.18793e-06;-8.55813e-06;-3.32539e-06;-3.30903e-06;-8.34542e-06;-7.86133e-06;-3.28716e-06;-8.18357e-06,3.3;-2.13572e-06;-1.7577e-06;-1.76638e-06;-2.05164e-06;3.3;3.3;-2.04627e-06,-1.83636e-06;3.3;3.3;3.3;3.3;-2.07623e-06;-1.7321e-06;3.3,RETRY_5NS;RETRY_5NS;RETRY_5NS;RETRY_5NS;RETRY_5NS;RETRY_5NS;RETRY_5NS;RETRY_5NS,8,8,10000110,134,121,1000011,7,134,120,134,INFERRED_AT_DAC_BRIDGE_OUTPUT,10000110,134,10000110,134,10000110,134,10000110,134,True,True
MC200_CMP_XM5_XM6_W8P2524_XM7_XM11_W16P8587_S189_LOW_W4,0,-2.84317e-06;-8.16497e-06;-2.91986e-06;-2.91709e-06;-8.11158e-06;-8.11262e-06;-2.90939e-06;-8.15252e-06,-2.82071e-06;-8.15934e-06;-2.89795e-06;-2.89355e-06;-8.11627e-06;-8.11449e-06;-2.88719e-06;-8.15413e-06,3.3;3.3;3.3;-1.72303e-06;-2.03628e-06;-2.02391e-06;3.3;3.3,-1.80174e-06;-2.05101e-06;-1.70483e-06;3.3;3.3;3.3;-1.69476e-06;-2.01014e-06,RETRY_5NS;RETRY_5NS;RETRY_5NS;RETRY_5NS;RETRY_5NS;RETRY_5NS;RETRY_5NS;RETRY_5NS,8,8,11100011,227,28,1110001,7,226,28,227,INFERRED_AT_DAC_BRIDGE_OUTPUT,11100011,227,11100011,227,11100011,227,11100011,227,True,True
MC200_CMP_XM5_XM6_W8P2524_XM7_XM11_W16P8587_S189_LOW_W4,1,-3.17235e-06;-8.55824e-06;-3.24535e-06;-3.23485e-06;-8.50406e-06;-7.43422e-06;-3.23178e-06;-8.54547e-06,-3.14852e-06;-8.55928e-06;-3.22213e-06;-3.21192e-06;-8.519e-06;-7.45147e-06;-3.20833e-06;-8.55715e-06,3.3;3.3;3.3;3.3;-2.07467e-06;-2.07857e-06;3.3;-2.06705e-06,-1.85299e-06;-2.09818e-06;-1.7423e-06;-1.73214e-06;3.3;3.3;-1.72659e-06;3.3,RETRY_5NS;RETRY_5NS;RETRY_5NS;RETRY_5NS;RETRY_5NS;RETRY_5NS;RETRY_5NS;RETRY_5NS,8,8,11110010,242,13,1111001,7,242,12,242,INFERRED_AT_DAC_BRIDGE_OUTPUT,11110010,242,11110010,242,11110010,242,11110010,242,True,True
MC200_CMP_XM5_XM6_W8P2524_XM7_XM11_W16P8587_S189_LOW_W4,2,-3.13077e-06;-8.51355e-06;-3.21317e-06;-3.20325e-06;-8.46972e-06;-8.46854e-06;-3.19981e-06;-8.50639e-06,-3.10715e-06;-8.51617e-06;-3.18849e-06;-3.179e-06;-8.47438e-06;-8.47505e-06;-3.17608e-06;-8.51655e-06,3.3;3.3;-1.75852e-06;-1.74364e-06;3.3;3.3;3.3;3.3,-1.82464e-06;-2.08408e-06;3.3;3.3;-2.0508e-06;-2.04724e-06;-1.72262e-06;-2.03731e-06,RETRY_5NS;RETRY_5NS;RETRY_5NS;RETRY_5NS;RETRY_5NS;RETRY_5NS;RETRY_5NS;RETRY_5NS,8,8,11001111,207,48,1100111,7,206,48,207,INFERRED_AT_DAC_BRIDGE_OUTPUT,11001111,207,11001111,207,11001111,207,11001111,207,True,True
MC200_CMP_XM5_XM6_W8P2524_XM7_XM11_W16P8587_S189_LOW_W4,3,-2.94745e-06;-8.31499e-06;-3.05711e-06;-3.04435e-06;-8.27015e-06;-8.269e-06;-3.09331e-06;-8.30912e-06,-2.92433e-06;-8.33011e-06;-3.03319e-06;-3.02004e-06;-8.2744e-06;-8.27703e-06;-3.06992e-06;-8.31597e-06,3.3;-2.09895e-06;-1.74122e-06;-1.73443e-06;3.3;-2.04888e-06;-1.72761e-06;-2.04474e-06,-1.79728e-06;3.3;3.3;3.3;-2.02352e-06;3.3;3.3;3.3,RETRY_5NS;RETRY_5NS;RETRY_5NS;RETRY_5NS;RETRY_5NS;RETRY_5NS;RETRY_5NS;RETRY_5NS,8,8,10001000,136,119,1000100,7,136,118,136,INFERRED_AT_DAC_BRIDGE_OUTPUT,10001000,136,10001000,136,10001000,136,10001000,136,True,True
MC200_CMP_XM5_XM6_W8P2524_XM7_XM11_W16P8587_S189_LOW_W4,64,-2.97206e-06;-8.32156e-06;-2.82372e-06;-3.04548e-06;-7.95455e-06;-8.26964e-06;-2.87715e-06;-7.9557e-06,-2.94896e-06;-8.31874e-06;-2.80225e-06;-3.02137e-06;-7.95537e-06;-8.27559e-06;-2.85514e-06;-7.95292e-06,3.3;3.3;3.3;-1.73643e-06;-2.02063e-06;-2.04023e-06;3.3;3.3,-1.8149e-06;-2.06626e-06;-1.69496e-06;3.3;3.3;3.3;-1.69237e-06;-1.99037e-06,RETRY_5NS;RETRY_5NS;RETRY_5NS;RETRY_5NS;RETRY_5NS;RETRY_5NS;RETRY_5NS;RETRY_5NS,8,8,11100011,227,28,1110001,7,226,28,227,INFERRED_AT_DAC_BRIDGE_OUTPUT,11100011,227,11100011,227,11100011,227,11100011,227,True,True
MC200_CMP_XM5_XM6_W8P2524_XM7_XM11_W16P8587_S189_LOW_W4,65,-3.30068e-06;-8.7146e-06;-3.14959e-06;-3.46203e-06;-7.85661e-06;-7.36931e-06;-3.19953e-06;-8.34875e-06,-3.27621e-06;-8.71841e-06;-3.12684e-06;-3.43896e-06;-7.86993e-06;-7.39078e-06;-3.17621e-06;-8.35591e-06,3.3;3.3;3.3;3.3;-2.06331e-06;-2.09378e-06;3.3;-2.08302e-06,-1.86804e-06;-2.1141e-06;-1.73213e-06;-1.74843e-06;3.3;3.3;-1.7222e-06;3.3,RETRY_5NS;RETRY_5NS;RETRY_5NS;RETRY_5NS;RETRY_5NS;RETRY_5NS;RETRY_5NS;RETRY_5NS,8,8,11110010,242,13,1111001,7,242,12,242,INFERRED_AT_DAC_BRIDGE_OUTPUT,11110010,242,11110010,242,11110010,242,11110010,242,True,True
MC200_CMP_XM5_XM6_W8P2524_XM7_XM11_W16P8587_S189_LOW_W4,66,-3.25963e-06;-8.67032e-06;-3.11735e-06;-3.33187e-06;-8.31235e-06;-8.62582e-06;-3.16731e-06;-8.3097e-06,-3.23539e-06;-8.67587e-06;-3.09308e-06;-3.30705e-06;-8.31385e-06;-8.63579e-06;-3.14416e-06;-8.31525e-06,3.3;3.3;-1.74862e-06;-1.75526e-06;3.3;3.3;3.3;3.3,-1.83872e-06;-2.09976e-06;3.3;3.3;-2.03461e-06;-2.06281e-06;-1.72025e-06;-2.02125e-06,RETRY_5NS;RETRY_5NS;RETRY_5NS;RETRY_5NS;RETRY_5NS;RETRY_5NS;RETRY_5NS;RETRY_5NS,8,8,11001111,207,48,1100111,7,206,48,207,INFERRED_AT_DAC_BRIDGE_OUTPUT,11001111,207,11001111,207,11001111,207,11001111,207,True,True
MC200_CMP_XM5_XM6_W8P2524_XM7_XM11_W16P8587_S189_LOW_W4,67,-3.07812e-06;-8.47048e-06;-2.96132e-06;-3.17295e-06;-8.11289e-06;-8.4261e-06;-3.00657e-06;-8.11298e-06,-3.05438e-06;-8.48999e-06;-2.9378e-06;-3.14805e-06;-8.11357e-06;-8.43807e-06;-2.98316e-06;-8.11405e-06,3.3;-2.11469e-06;-1.73185e-06;-1.74722e-06;3.3;-2.0648e-06;-1.72052e-06;3.3,-1.81097e-06;3.3;3.3;3.3;-2.00654e-06;3.3;3.3;-1.99131e-06,RETRY_5NS;RETRY_5NS;RETRY_5NS;RETRY_5NS;RETRY_5NS;RETRY_5NS;RETRY_5NS;RETRY_5NS,8,8,10001001,137,118,1000100,7,136,118,137,INFERRED_AT_DAC_BRIDGE_OUTPUT,10001001,137,10001001,137,10001001,137,10001001,137,True,True
MC200_CMP_XM5_XM6_W8P2524_XM7_XM11_W16P8587_S190_LOW_W4,0,-3.18753e-06;-8.43003e-06;-3.14927e-06;-3.14734e-06;-8.36994e-06;-8.36991e-06;-2.89796e-06;-8.41171e-06,-3.25764e-06;-8.38482e-06;-3.21913e-06;-3.21593e-06;-8.34136e-06;-8.33971e-06;-2.96796e-06;-8.37587e-06,3.3;3.3;3.3;-1.63631e-06;-1.93591e-06;-1.93388e-06;-1.61974e-06;-1.92795e-06,-1.76217e-06;-2.00378e-06;-1.66166e-06;3.3;3.3;3.3;3.3;3.3,RETRY_5NS;RETRY_5NS;RETRY_5NS;RETRY_5NS;RETRY_5NS;RETRY_5NS;RETRY_5NS;RETRY_5NS,8,8,11100000,224,31,1110000,7,224,30,224,INFERRED_AT_DAC_BRIDGE_OUTPUT,11100000,224,11100000,224,11100000,224,11100000,224,True,True
MC200_CMP_XM5_XM6_W8P2524_XM7_XM11_W16P8587_S190_LOW_W4,1,-3.09471e-06;-8.47423e-06;-3.40795e-06;-3.17089e-06;-8.41605e-06;-7.51907e-06;-3.16425e-06;-8.19013e-06,-3.16416e-06;-8.42511e-06;-3.47667e-06;-3.24028e-06;-8.37456e-06;-7.46585e-06;-3.23462e-06;-8.14808e-06,3.3;3.3;3.3;-1.62664e-06;3.3;3.3;3.3;3.3,-1.77575e-06;-2.01439e-06;-1.67763e-06;3.3;-1.9765e-06;-1.98033e-06;-1.66081e-06;-1.97391e-06,RETRY_5NS;RETRY_5NS;RETRY_5NS;RETRY_5NS;RETRY_5NS;RETRY_5NS;RETRY_5NS;RETRY_5NS,8,8,11101111,239,16,1110111,7,238,16,239,INFERRED_AT_DAC_BRIDGE_OUTPUT,11101111,239,11101111,239,11101111,239,11101111,239,True,True
MC200_CMP_XM5_XM6_W8P2524_XM7_XM11_W16P8587_S190_LOW_W4,2,-3.3607e-06;-8.32767e-06;-3.21884e-06;-3.20192e-06;-8.4559e-06;-8.45352e-06;-3.19461e-06;-8.49426e-06,-3.42841e-06;-8.27433e-06;-3.28876e-06;-3.27122e-06;-8.41234e-06;-8.41346e-06;-3.2648e-06;-8.45192e-06,3.3;3.3;-1.6458e-06;-1.6379e-06;3.3;3.3;-1.63278e-06;-1.93928e-06,-1.76448e-06;-2.01039e-06;3.3;3.3;-1.97673e-06;-1.96573e-06;3.3;3.3,RETRY_5NS;RETRY_5NS;RETRY_5NS;RETRY_5NS;RETRY_5NS;RETRY_5NS;RETRY_5NS;RETRY_5NS,8,8,11001100,204,51,1100110,7,204,50,204,INFERRED_AT_DAC_BRIDGE_OUTPUT,11001100,204,11001100,204,11001100,204,11001100,204,True,True
MC200_CMP_XM5_XM6_W8P2524_XM7_XM11_W16P8587_S190_LOW_W4,3,-2.98728e-06;-8.3853e-06;-3.3571e-06;-3.11502e-06;-8.32896e-06;-8.33062e-06;-3.1044e-06;-8.37147e-06,-3.05502e-06;-8.36128e-06;-3.42375e-06;-3.18276e-06;-8.30074e-06;-8.29919e-06;-3.17262e-06;-8.33704e-06,3.3;-1.97529e-06;-1.64409e-06;-1.63186e-06;-1.92771e-06;3.3;-1.61673e-06;3.3,-1.73858e-06;3.3;3.3;3.3;3.3;-1.96228e-06;3.3;-1.96336e-06,RETRY_5NS;RETRY_5NS;RETRY_5NS;RETRY_5NS;RETRY_5NS;RETRY_5NS;RETRY_5NS;RETRY_5NS,8,8,10000101,133,122,1000010,7,132,122,133,INFERRED_AT_DAC_BRIDGE_OUTPUT,10000101,133,10000101,133,10000101,133,10000101,133,True,True
MC200_CMP_XM5_XM6_W8P2524_XM7_XM11_W16P8587_S190_LOW_W4,64,-3.17434e-06;-8.59415e-06;-3.05979e-06;-3.2667e-06;-8.20516e-06;-8.5349e-06;-2.89438e-06;-8.20507e-06,-3.24515e-06;-8.53465e-06;-3.12798e-06;-3.3375e-06;-8.18967e-06;-8.49149e-06;-2.96371e-06;-8.18612e-06,3.3;3.3;3.3;-1.64733e-06;-1.92138e-06;-1.94891e-06;-1.61773e-06;-1.90816e-06,-1.77099e-06;-2.0188e-06;-1.65075e-06;3.3;3.3;3.3;3.3;3.3,RETRY_5NS;RETRY_5NS;RETRY_5NS;RETRY_5NS;RETRY_5NS;RETRY_5NS;RETRY_5NS;RETRY_5NS,8,8,11100000,224,31,1110000,7,224,30,224,INFERRED_AT_DAC_BRIDGE_OUTPUT,11100000,224,11100000,224,11100000,224,11100000,224,True,True
MC200_CMP_XM5_XM6_W8P2524_XM7_XM11_W16P8587_S190_LOW_W4,65,-3.21457e-06;-8.63809e-06;-3.03425e-06;-3.29072e-06;-8.25079e-06;-8.57986e-06;-3.13417e-06;-8.86423e-06,-3.28626e-06;-8.57464e-06;-3.10407e-06;-3.36237e-06;-8.22326e-06;-8.52605e-06;-3.20398e-06;-8.85458e-06,3.3;3.3;3.3;-1.63626e-06;3.3;3.3;3.3;3.3,-1.79107e-06;-2.03012e-06;-1.66155e-06;3.3;-1.96129e-06;-1.98852e-06;-1.65742e-06;-1.98473e-06,RETRY_5NS;RETRY_5NS;RETRY_5NS;RETRY_5NS;RETRY_5NS;RETRY_5NS;RETRY_5NS;RETRY_5NS,8,8,11101111,239,16,1110111,7,238,16,239,INFERRED_AT_DAC_BRIDGE_OUTPUT,11101111,239,11101111,239,11101111,239,11101111,239,True,True
MC200_CMP_XM5_XM6_W8P2524_XM7_XM11_W16P8587_S190_LOW_W4,66,-3.51294e-06;-8.61329e-06;-3.13004e-06;-3.32182e-06;-8.29068e-06;-8.61897e-06;-3.16455e-06;-8.28765e-06,-3.5824e-06;-8.54794e-06;-3.19831e-06;-3.39334e-06;-8.26095e-06;-8.56495e-06;-3.23414e-06;-8.26215e-06,3.3;3.3;-1.63681e-06;-1.65015e-06;3.3;3.3;-1.63104e-06;-1.92023e-06,-1.77769e-06;-2.02628e-06;3.3;3.3;-1.96174e-06;-1.98169e-06;3.3;3.3,RETRY_5NS;RETRY_5NS;RETRY_5NS;RETRY_5NS;RETRY_5NS;RETRY_5NS;RETRY_5NS;RETRY_5NS,8,8,11001100,204,51,1100110,7,204,50,204,INFERRED_AT_DAC_BRIDGE_OUTPUT,11001100,204,11001100,204,11001100,204,11001100,204,True,True
MC200_CMP_XM5_XM6_W8P2524_XM7_XM11_W16P8587_S190_LOW_W4,67,-3.11011e-06;-8.54821e-06;-3.24596e-06;-3.23478e-06;-8.16392e-06;-8.49588e-06;-3.07432e-06;-8.16491e-06,-3.18012e-06;-8.51149e-06;-3.3113e-06;-3.30474e-06;-8.14906e-06;-8.45082e-06;-3.14197e-06;-8.14728e-06,3.3;-1.99026e-06;-1.63541e-06;-1.64449e-06;-1.91174e-06;3.3;-1.60891e-06;3.3,-1.75084e-06;3.3;3.3;3.3;3.3;-1.97739e-06;3.3;-1.94597e-06,RETRY_5NS;RETRY_5NS;RETRY_5NS;RETRY_5NS;RETRY_5NS;RETRY_5NS;RETRY_5NS;RETRY_5NS,8,8,10000101,133,122,1000010,7,132,122,133,INFERRED_AT_DAC_BRIDGE_OUTPUT,10000101,133,10000101,133,10000101,133,10000101,133,True,True
MC200_CMP_XM5_XM6_W8P2524_XM7_XM11_W16P8587_S191_LOW_W4,0,-3.14204e-06;-8.48318e-06;-3.2366e-06;-3.23357e-06;-8.08191e-06;-8.42517e-06;-3.2216e-06;-8.46512e-06,-3.21928e-06;-8.43615e-06;-3.31455e-06;-3.31079e-06;-8.03326e-06;-8.39243e-06;-3.29955e-06;-8.42845e-06,3.3;3.3;3.3;-1.68052e-06;-1.99616e-06;-1.98041e-06;3.3;-1.98397e-06,-1.83999e-06;-2.09627e-06;-1.74025e-06;3.3;3.3;3.3;-1.72547e-06;3.3,RETRY_5NS;RETRY_5NS;RETRY_5NS;RETRY_5NS;RETRY_5NS;RETRY_5NS;RETRY_5NS;RETRY_5NS,8,8,11100010,226,29,1110001,7,226,28,226,INFERRED_AT_DAC_BRIDGE_OUTPUT,11100010,226,11100010,226,11100010,226,11100010,226,True,True
MC200_CMP_XM5_XM6_W8P2524_XM7_XM11_W16P8587_S191_LOW_W4,1,-3.15302e-06;-8.48632e-06;-3.24402e-06;-3.22771e-06;-8.42463e-06;-8.42477e-06;-3.22187e-06;-8.46567e-06,-3.23063e-06;-8.43895e-06;-3.32287e-06;-3.30622e-06;-8.39478e-06;-8.39312e-06;-3.29933e-06;-8.42765e-06,3.3;3.3;3.3;3.3;-1.98751e-06;-1.98321e-06;-1.66692e-06;3.3,-1.8562e-06;-2.10353e-06;-1.74647e-06;-1.7354e-06;3.3;3.3;3.3;-2.05421e-06,RETRY_5NS;RETRY_5NS;RETRY_5NS;RETRY_5NS;RETRY_5NS;RETRY_5NS;RETRY_5NS;RETRY_5NS,8,8,11110001,241,14,1111000,7,240,14,241,INFERRED_AT_DAC_BRIDGE_OUTPUT,11110001,241,11110001,241,11110001,241,11110001,241,True,True
MC200_CMP_XM5_XM6_W8P2524_XM7_XM11_W16P8587_S191_LOW_W4,2,-3.13888e-06;-7.59006e-06;-3.2454e-06;-3.22868e-06;-7.50313e-06;-8.42679e-06;-3.22186e-06;-8.46613e-06,-3.21643e-06;-7.52908e-06;-3.32288e-06;-3.30572e-06;-7.44893e-06;-8.39073e-06;-3.29934e-06;-8.42732e-06,3.3;3.3;-1.68399e-06;-1.67364e-06;3.3;3.3;-1.66426e-06;3.3,-1.83184e-06;-2.10108e-06;3.3;3.3;-2.06854e-06;-2.05684e-06;3.3;-2.05787e-06,RETRY_5NS;RETRY_5NS;RETRY_5NS;RETRY_5NS;RETRY_5NS;RETRY_5NS;RETRY_5NS;RETRY_5NS,8,8,11001101,205,50,1100110,7,204,50,205,INFERRED_AT_DAC_BRIDGE_OUTPUT,11001101,205,11001101,205,11001101,205,11001101,205,True,True
MC200_CMP_XM5_XM6_W8P2524_XM7_XM11_W16P8587_S191_LOW_W4,3,-3.16943e-06;-8.55673e-06;-3.3011e-06;-3.29166e-06;-8.50505e-06;-8.50769e-06;-3.28209e-06;-8.3695e-06,-3.24757e-06;-8.52208e-06;-3.38012e-06;-3.36967e-06;-8.46456e-06;-8.46308e-06;-3.36166e-06;-8.32097e-06,3.3;-2.03873e-06;-1.68951e-06;-1.6852e-06;-1.98336e-06;3.3;3.3;3.3,-1.82971e-06;3.3;3.3;3.3;3.3;-2.06514e-06;-1.73849e-06;-2.06439e-06,RETRY_5NS;RETRY_5NS;RETRY_5NS;RETRY_5NS;RETRY_5NS;RETRY_5NS;RETRY_5NS;RETRY_5NS,8,8,10000111,135,120,1000011,7,134,120,135,INFERRED_AT_DAC_BRIDGE_OUTPUT,10000111,135,10000111,135,10000111,135,10000111,135,True,True
MC200_CMP_XM5_XM6_W8P2524_XM7_XM11_W16P8587_S191_LOW_W4,64,-3.26355e-06;-8.64166e-06;-3.14657e-06;-3.35373e-06;-7.98041e-06;-8.58463e-06;-3.19132e-06;-8.26559e-06,-3.34306e-06;-8.58015e-06;-3.22284e-06;-3.43316e-06;-7.95815e-06;-8.53835e-06;-3.26871e-06;-8.24588e-06,3.3;3.3;3.3;-1.69328e-06;-1.97488e-06;-1.99665e-06;3.3;-1.96394e-06,-1.85467e-06;-2.11336e-06;-1.73166e-06;3.3;3.3;3.3;-1.72194e-06;3.3,RETRY_5NS;RETRY_5NS;RETRY_5NS;RETRY_5NS;RETRY_5NS;RETRY_5NS;RETRY_5NS;RETRY_5NS,8,8,11100010,226,29,1110001,7,226,28,226,INFERRED_AT_DAC_BRIDGE_OUTPUT,11100010,226,11100010,226,11100010,226,11100010,226,True,True
MC200_CMP_XM5_XM6_W8P2524_XM7_XM11_W16P8587_S191_LOW_W4,65,-3.27346e-06;-8.64445e-06;-3.15461e-06;-3.34831e-06;-8.26547e-06;-8.58413e-06;-3.19159e-06;-8.26609e-06,-3.35331e-06;-8.58257e-06;-3.23177e-06;-3.42903e-06;-8.24893e-06;-8.53914e-06;-3.26848e-06;-8.24516e-06,3.3;3.3;3.3;3.3;-1.97165e-06;-1.99724e-06;-1.66466e-06;3.3,-1.87086e-06;-2.11966e-06;-1.7368e-06;-1.74818e-06;3.3;3.3;3.3;-2.07378e-06,RETRY_5NS;RETRY_5NS;RETRY_5NS;RETRY_5NS;RETRY_5NS;RETRY_5NS;RETRY_5NS;RETRY_5NS,8,8,11110001,241,14,1111000,7,240,14,241,INFERRED_AT_DAC_BRIDGE_OUTPUT,11110001,241,11110001,241,11110001,241,11110001,241,True,True
MC200_CMP_XM5_XM6_W8P2524_XM7_XM11_W16P8587_S191_LOW_W4,66,-3.26026e-06;-8.63639e-06;-3.15587e-06;-3.34933e-06;-7.66639e-06;-8.58623e-06;-3.19159e-06;-8.2666e-06,-3.34006e-06;-8.5771e-06;-3.2317e-06;-3.42861e-06;-7.62601e-06;-8.5366e-06;-3.2685e-06;-8.24481e-06,3.3;3.3;-1.67484e-06;-1.68657e-06;3.3;3.3;-1.66278e-06;3.3,-1.84631e-06;-2.11096e-06;3.3;3.3;-2.05316e-06;-2.0724e-06;3.3;-2.03613e-06,RETRY_5NS;RETRY_5NS;RETRY_5NS;RETRY_5NS;RETRY_5NS;RETRY_5NS;RETRY_5NS;RETRY_5NS,8,8,11001101,205,50,1100110,7,204,50,205,INFERRED_AT_DAC_BRIDGE_OUTPUT,11001101,205,11001101,205,11001101,205,11001101,205,True,True
MC200_CMP_XM5_XM6_W8P2524_XM7_XM11_W16P8587_S191_LOW_W4,67,-3.29309e-06;-8.71398e-06;-3.2287e-06;-3.41207e-06;-8.34559e-06;-9.51088e-06;-3.25182e-06;-7.78952e-06,-3.37351e-06;-8.66645e-06;-3.30577e-06;-3.49228e-06;-8.31874e-06;-9.47252e-06;-3.33083e-06;-7.74926e-06,3.3;-2.05504e-06;-1.68083e-06;-1.69755e-06;-1.96879e-06;3.3;3.3;3.3,-1.84402e-06;3.3;3.3;3.3;3.3;-2.07824e-06;-1.73682e-06;-2.05021e-06,RETRY_5NS;RETRY_5NS;RETRY_5NS;RETRY_5NS;RETRY_5NS;RETRY_5NS;RETRY_5NS;RETRY_5NS,8,8,10000111,135,120,1000011,7,134,120,135,INFERRED_AT_DAC_BRIDGE_OUTPUT,10000111,135,10000111,135,10000111,135,10000111,135,True,True
MC200_CMP_XM5_XM6_W8P2524_XM7_XM11_W16P8587_S192_LOW_W4,0,-3.08489e-06;-8.26681e-06;-3.17594e-06;-3.17381e-06;-8.2197e-06;-8.21817e-06;-2.9443e-06;-8.2518e-06,-3.04411e-06;-8.27867e-06;-3.13482e-06;-3.13325e-06;-8.23329e-06;-8.2333e-06;-2.90306e-06;-8.27005e-06,3.3;3.3;-1.72594e-06;3.3;3.3;3.3;3.3;3.3,-1.84183e-06;-2.10087e-06;3.3;-1.74449e-06;-2.06464e-06;-2.06019e-06;-1.73129e-06;-2.05921e-06,RETRY_5NS;RETRY_5NS;RETRY_5NS;RETRY_5NS;RETRY_5NS;RETRY_5NS;RETRY_5NS;RETRY_5NS,8,8,11011111,223,32,1101111,7,222,32,223,INFERRED_AT_DAC_BRIDGE_OUTPUT,11011111,223,11011111,223,11011111,223,11011111,223,True,True
MC200_CMP_XM5_XM6_W8P2524_XM7_XM11_W16P8587_S192_LOW_W4,1,-3.22199e-06;-7.44673e-06;-3.30851e-06;-3.29474e-06;-8.3585e-06;-8.35701e-06;-3.33156e-06;-8.58426e-06,-3.1801e-06;-7.4743e-06;-3.26664e-06;-3.25289e-06;-8.38002e-06;-8.38026e-06;-3.28979e-06;-8.6104e-06,3.3;3.3;3.3;-1.73541e-06;3.3;3.3;3.3;-2.04301e-06,-1.87027e-06;-2.12955e-06;-1.76351e-06;3.3;-2.08125e-06;-2.0763e-06;-1.74808e-06;3.3,RETRY_5NS;RETRY_5NS;RETRY_5NS;RETRY_5NS;RETRY_5NS;RETRY_5NS;RETRY_5NS;RETRY_5NS,8,8,11101110,238,17,1110111,7,238,16,238,INFERRED_AT_DAC_BRIDGE_OUTPUT,11101110,238,11101110,238,11101110,238,11101110,238,True,True
MC200_CMP_XM5_XM6_W8P2524_XM7_XM11_W16P8587_S192_LOW_W4,2,-2.50653e-06;-7.6346e-06;-2.65793e-06;-2.59803e-06;-7.59211e-06;-7.9429e-06;-2.58834e-06;-7.62518e-06,-2.4719e-06;-7.6147e-06;-2.62169e-06;-2.56155e-06;-7.57219e-06;-7.92279e-06;-2.55397e-06;-7.60768e-06,3.3;3.3;-1.68493e-06;-1.66882e-06;3.3;-1.97753e-06;3.3;3.3,-1.77165e-06;-2.02627e-06;3.3;3.3;-1.99164e-06;3.3;-1.67747e-06;-1.98568e-06,RETRY_5NS;RETRY_5NS;RETRY_5NS;RETRY_5NS;RETRY_5NS;RETRY_5NS;RETRY_5NS;RETRY_5NS,8,8,11001011,203,52,1100101,7,202,52,203,INFERRED_AT_DAC_BRIDGE_OUTPUT,11001011,203,11001011,203,11001011,203,11001011,203,True,True
MC200_CMP_XM5_XM6_W8P2524_XM7_XM11_W16P8587_S192_LOW_W4,3,-3.08456e-06;-8.29713e-06;-3.40713e-06;-3.20378e-06;-8.2497e-06;-8.25195e-06;-3.19407e-06;-8.28569e-06,-3.04365e-06;-8.32841e-06;-3.36598e-06;-3.16156e-06;-8.27238e-06;-8.2701e-06;-3.15269e-06;-8.30759e-06,3.3;-2.09725e-06;-1.74606e-06;-1.73148e-06;-2.04822e-06;3.3;-1.72011e-06;3.3,-1.82686e-06;3.3;3.3;3.3;3.3;-2.06065e-06;3.3;-2.05705e-06,RETRY_5NS;RETRY_5NS;RETRY_5NS;RETRY_5NS;RETRY_5NS;RETRY_5NS;RETRY_5NS;RETRY_5NS,8,8,10000101,133,122,1000010,7,132,122,133,INFERRED_AT_DAC_BRIDGE_OUTPUT,10000101,133,10000101,133,10000101,133,10000101,133,True,True
MC200_CMP_XM5_XM6_W8P2524_XM7_XM11_W16P8587_S192_LOW_W4,64,-3.21276e-06;-8.40482e-06;-3.08113e-06;-3.30044e-06;-8.08063e-06;-8.35728e-06;-3.29292e-06;-8.07741e-06,-3.17068e-06;-8.4241e-06;-3.04094e-06;-3.25859e-06;-8.08652e-06;-8.38025e-06;-3.25371e-06;-8.08631e-06,3.3;3.3;-1.71383e-06;3.3;3.3;3.3;3.3;3.3,-1.85673e-06;-2.11714e-06;3.3;-1.75823e-06;-2.04966e-06;-2.07749e-06;-1.73581e-06;-2.03923e-06,RETRY_5NS;RETRY_5NS;RETRY_5NS;RETRY_5NS;RETRY_5NS;RETRY_5NS;RETRY_5NS;RETRY_5NS,8,8,11011111,223,32,1101111,7,222,32,223,INFERRED_AT_DAC_BRIDGE_OUTPUT,11011111,223,11011111,223,11011111,223,11011111,223,True,True
MC200_CMP_XM5_XM6_W8P2524_XM7_XM11_W16P8587_S192_LOW_W4,65,-3.34887e-06;-1.00767e-05;-3.28139e-06;-3.42192e-06;-8.21934e-06;-8.49612e-06;-3.26084e-06;-8.21591e-06,-3.30568e-06;-1.00805e-05;-3.24089e-06;-3.37832e-06;-8.23323e-06;-8.52725e-06;-3.21972e-06;-8.23402e-06,3.3;3.3;3.3;-1.74826e-06;3.3;3.3;3.3;-2.07336e-06,-1.8848e-06;-2.13299e-06;-1.75575e-06;3.3;-2.06397e-06;-2.09095e-06;-1.74236e-06;3.3,RETRY_5NS;RETRY_5NS;RETRY_5NS;RETRY_5NS;RETRY_5NS;RETRY_5NS;RETRY_5NS;RETRY_5NS,8,8,11101110,238,17,1110111,7,238,16,238,INFERRED_AT_DAC_BRIDGE_OUTPUT,11101110,238,11101110,238,11101110,238,11101110,238,True,True
MC200_CMP_XM5_XM6_W8P2524_XM7_XM11_W16P8587_S192_LOW_W4,66,-2.63447e-06;-7.75694e-06;-2.52515e-06;-2.72512e-06;-7.45299e-06;-7.9261e-06;-2.55644e-06;-7.45066e-06,-2.59855e-06;-7.74475e-06;-2.49012e-06;-2.68737e-06;-7.42528e-06;-7.91296e-06;-2.52231e-06;-7.42422e-06,3.3;3.3;-1.66717e-06;-1.68125e-06;3.3;-1.98965e-06;3.3;3.3,-1.78534e-06;-2.04195e-06;3.3;3.3;-1.97548e-06;3.3;-1.67193e-06;-1.96622e-06,RETRY_5NS;RETRY_5NS;RETRY_5NS;RETRY_5NS;RETRY_5NS;RETRY_5NS;RETRY_5NS;RETRY_5NS,8,8,11001011,203,52,1100101,7,202,52,203,INFERRED_AT_DAC_BRIDGE_OUTPUT,11001011,203,11001011,203,11001011,203,11001011,203,True,True
MC200_CMP_XM5_XM6_W8P2524_XM7_XM11_W16P8587_S192_LOW_W4,67,-3.21435e-06;-8.43391e-06;-3.22159e-06;-3.33053e-06;-8.11089e-06;-8.39106e-06;-3.16204e-06;-8.11165e-06,-3.17215e-06;-8.47419e-06;-3.17884e-06;-3.28705e-06;-8.12502e-06;-8.41716e-06;-3.12139e-06;-8.12355e-06,3.3;-2.11338e-06;-1.73325e-06;-1.74585e-06;-2.03224e-06;3.3;-1.71932e-06;3.3,-1.84011e-06;3.3;3.3;3.3;3.3;-2.07617e-06;3.3;-2.03331e-06,RETRY_5NS;RETRY_5NS;RETRY_5NS;RETRY_5NS;RETRY_5NS;RETRY_5NS;RETRY_5NS;RETRY_5NS,8,8,10000101,133,122,1000010,7,132,122,133,INFERRED_AT_DAC_BRIDGE_OUTPUT,10000101,133,10000101,133,10000101,133,10000101,133,True,True
MC200_CMP_XM5_XM6_W8P2524_XM7_XM11_W16P8587_S193_LOW_W4,0,-3.00579e-06;-8.40978e-06;-3.09662e-06;-3.09515e-06;-9.40909e-06;-8.35044e-06;-3.0835e-06;-8.39335e-06,-3.04698e-06;-8.38168e-06;-3.13873e-06;-3.13579e-06;-9.4104e-06;-8.336e-06;-3.1245e-06;-8.37421e-06,3.3;3.3;3.3;-1.66453e-06;-1.9619e-06;-1.96595e-06;-1.65449e-06;-1.95721e-06,-1.78617e-06;-2.03763e-06;-1.68894e-06;3.3;3.3;3.3;3.3;3.3,RETRY_5NS;RETRY_5NS;RETRY_5NS;RETRY_5NS;RETRY_5NS;RETRY_5NS;RETRY_5NS;RETRY_5NS,8,8,11100000,224,31,1110000,7,224,30,224,INFERRED_AT_DAC_BRIDGE_OUTPUT,11100000,224,11100000,224,11100000,224,11100000,224,True,True
MC200_CMP_XM5_XM6_W8P2524_XM7_XM11_W16P8587_S193_LOW_W4,1,-2.95582e-06;-8.32926e-06;-3.04332e-06;-3.02851e-06;-8.27086e-06;-8.26934e-06;-2.91232e-06;-8.0052e-06,-2.99668e-06;-8.30492e-06;-3.0853e-06;-3.06953e-06;-8.25255e-06;-8.25257e-06;-2.9553e-06;-7.97911e-06,3.3;3.3;3.3;-1.63962e-06;3.3;3.3;3.3;3.3,-1.79564e-06;-2.03471e-06;-1.69013e-06;3.3;-1.9958e-06;-1.99402e-06;-1.67439e-06;-1.99984e-06,RETRY_5NS;RETRY_5NS;RETRY_5NS;RETRY_5NS;RETRY_5NS;RETRY_5NS;RETRY_5NS;RETRY_5NS,8,8,11101111,239,16,1110111,7,238,16,239,INFERRED_AT_DAC_BRIDGE_OUTPUT,11101111,239,11101111,239,11101111,239,11101111,239,True,True
MC200_CMP_XM5_XM6_W8P2524_XM7_XM11_W16P8587_S193_LOW_W4,2,-3.00249e-06;-8.40332e-06;-3.1346e-06;-3.09034e-06;-8.35363e-06;-8.35146e-06;-3.08356e-06;-8.393e-06,-3.04386e-06;-8.37751e-06;-3.17523e-06;-3.13083e-06;-8.33279e-06;-8.33383e-06;-3.12452e-06;-8.37477e-06,3.3;3.3;-1.67037e-06;-1.66054e-06;3.3;3.3;-1.65569e-06;-1.96351e-06,-1.77964e-06;-2.03416e-06;3.3;3.3;-2.00248e-06;-1.99228e-06;3.3;3.3,RETRY_5NS;RETRY_5NS;RETRY_5NS;RETRY_5NS;RETRY_5NS;RETRY_5NS;RETRY_5NS;RETRY_5NS,8,8,11001100,204,51,1100110,7,204,50,204,INFERRED_AT_DAC_BRIDGE_OUTPUT,11001100,204,11001100,204,11001100,204,11001100,204,True,True
MC200_CMP_XM5_XM6_W8P2524_XM7_XM11_W16P8587_S193_LOW_W4,3,-2.91136e-06;-8.32241e-06;-3.05163e-06;-3.03283e-06;-8.26667e-06;-8.26832e-06;-3.02243e-06;-8.30881e-06,-2.9518e-06;-8.31552e-06;-3.09197e-06;-3.0727e-06;-8.25444e-06;-8.25286e-06;-3.06345e-06;-8.29427e-06,3.3;-2.0059e-06;-1.66164e-06;-1.65726e-06;-1.95567e-06;3.3;3.3;-1.95615e-06,-1.76446e-06;3.3;3.3;3.3;3.3;-1.99034e-06;-1.67108e-06;3.3,RETRY_5NS;RETRY_5NS;RETRY_5NS;RETRY_5NS;RETRY_5NS;RETRY_5NS;RETRY_5NS;RETRY_5NS,8,8,10000110,134,121,1000011,7,134,120,134,INFERRED_AT_DAC_BRIDGE_OUTPUT,10000110,134,10000110,134,10000110,134,10000110,134,True,True
MC200_CMP_XM5_XM6_W8P2524_XM7_XM11_W16P8587_S193_LOW_W4,64,-3.12745e-06;-8.57712e-06;-3.00636e-06;-3.2156e-06;-7.95194e-06;-8.51852e-06;-3.05319e-06;-8.18289e-06,-3.16973e-06;-8.54087e-06;-3.04766e-06;-3.25732e-06;-7.94589e-06;-8.49708e-06;-3.09389e-06;-8.17291e-06,3.3;3.3;3.3;-1.67717e-06;-1.95953e-06;-1.98061e-06;-1.65139e-06;-1.93676e-06,-1.80072e-06;-2.05356e-06;-1.67937e-06;3.3;3.3;3.3;3.3;3.3,RETRY_5NS;RETRY_5NS;RETRY_5NS;RETRY_5NS;RETRY_5NS;RETRY_5NS;RETRY_5NS;RETRY_5NS,8,8,11100000,224,31,1110000,7,224,30,224,INFERRED_AT_DAC_BRIDGE_OUTPUT,11100000,224,11100000,224,11100000,224,11100000,224,True,True
MC200_CMP_XM5_XM6_W8P2524_XM7_XM11_W16P8587_S193_LOW_W4,65,-3.07658e-06;-8.49631e-06;-2.95346e-06;-3.14943e-06;-8.10253e-06;-8.43779e-06;-3.17302e-06;-7.71482e-06,-3.11853e-06;-8.46377e-06;-2.9946e-06;-3.19155e-06;-8.09203e-06;-8.41327e-06;-3.21304e-06;-7.70208e-06,3.3;3.3;3.3;-1.65233e-06;3.3;3.3;3.3;3.3,-1.80882e-06;-2.04913e-06;-1.68133e-06;3.3;-1.98148e-06;-2.00779e-06;-1.68069e-06;-2.02065e-06,RETRY_5NS;RETRY_5NS;RETRY_5NS;RETRY_5NS;RETRY_5NS;RETRY_5NS;RETRY_5NS;RETRY_5NS,8,8,11101111,239,16,1110111,7,238,16,239,INFERRED_AT_DAC_BRIDGE_OUTPUT,11101111,239,11101111,239,11101111,239,11101111,239,True,True
MC200_CMP_XM5_XM6_W8P2524_XM7_XM11_W16P8587_S193_LOW_W4,66,-3.12419e-06;-8.57073e-06;-2.83564e-06;-3.2112e-06;-8.18528e-06;-8.52008e-06;-3.0532e-06;-8.18253e-06,-3.16667e-06;-8.53693e-06;-2.8764e-06;-3.25281e-06;-8.17216e-06;-8.49449e-06;-3.09388e-06;-8.17351e-06,3.3;3.3;-1.65637e-06;-1.67317e-06;3.3;3.3;-1.65205e-06;-1.9428e-06,-1.79355e-06;-2.04953e-06;3.3;3.3;-1.98699e-06;-2.00824e-06;3.3;3.3,RETRY_5NS;RETRY_5NS;RETRY_5NS;RETRY_5NS;RETRY_5NS;RETRY_5NS;RETRY_5NS;RETRY_5NS,8,8,11001100,204,51,1100110,7,204,50,204,INFERRED_AT_DAC_BRIDGE_OUTPUT,11001100,204,11001100,204,11001100,204,11001100,204,True,True
MC200_CMP_XM5_XM6_W8P2524_XM7_XM11_W16P8587_S193_LOW_W4,67,-3.03513e-06;-8.48853e-06;-2.962e-06;-3.15359e-06;-8.09853e-06;-8.43655e-06;-2.9921e-06;-8.09833e-06,-3.07667e-06;-8.47506e-06;-3.00153e-06;-3.19454e-06;-8.09374e-06;-8.41374e-06;-3.03282e-06;-8.09304e-06,3.3;-2.0204e-06;-1.65309e-06;-1.67042e-06;-1.94133e-06;3.3;3.3;-1.93762e-06,-1.77834e-06;3.3;3.3;3.3;3.3;-2.00667e-06;-1.66254e-06;3.3,RETRY_5NS;RETRY_5NS;RETRY_5NS;RETRY_5NS;RETRY_5NS;RETRY_5NS;RETRY_5NS;RETRY_5NS,8,8,10000110,134,121,1000011,7,134,120,134,INFERRED_AT_DAC_BRIDGE_OUTPUT,10000110,134,10000110,134,10000110,134,10000110,134,True,True
MC200_CMP_XM5_XM6_W8P2524_XM7_XM11_W16P8587_S194_LOW_W4,0,-3.06537e-06;-8.42515e-06;-3.16526e-06;-3.16274e-06;-8.36327e-06;-8.36308e-06;-3.14899e-06;-8.40549e-06,-3.08695e-06;-8.41327e-06;-3.18641e-06;-3.18384e-06;-8.36524e-06;-8.36339e-06;-3.16957e-06;-8.40291e-06,3.3;3.3;3.3;-1.70186e-06;-2.0128e-06;-2.00904e-06;-1.69091e-06;-2.0036e-06,-1.80405e-06;-2.05755e-06;-1.70688e-06;3.3;3.3;3.3;3.3;3.3,RETRY_5NS;RETRY_5NS;RETRY_5NS;RETRY_5NS;RETRY_5NS;RETRY_5NS;RETRY_5NS;RETRY_5NS,8,8,11100000,224,31,1110000,7,224,30,224,INFERRED_AT_DAC_BRIDGE_OUTPUT,11100000,224,11100000,224,11100000,224,11100000,224,True,True
MC200_CMP_XM5_XM6_W8P2524_XM7_XM11_W16P8587_S194_LOW_W4,1,-3.16464e-06;-8.55388e-06;-3.25954e-06;-3.24297e-06;-8.48929e-06;-8.48924e-06;-3.20514e-06;-8.53138e-06,-3.18702e-06;-8.53854e-06;-3.28231e-06;-3.265e-06;-8.48936e-06;-8.48757e-06;-3.22621e-06;-8.52755e-06,3.3;3.3;3.3;3.3;-2.0239e-06;-2.02084e-06;-1.70231e-06;-2.02003e-06,-1.8312e-06;-2.07263e-06;-1.72516e-06;-1.70459e-06;3.3;3.3;3.3;3.3,RETRY_5NS;RETRY_5NS;RETRY_5NS;RETRY_5NS;RETRY_5NS;RETRY_5NS;RETRY_5NS;RETRY_5NS,8,8,11110000,240,15,1111000,7,240,14,240,INFERRED_AT_DAC_BRIDGE_OUTPUT,11110000,240,11110000,240,11110000,240,11110000,240,True,True
MC200_CMP_XM5_XM6_W8P2524_XM7_XM11_W16P8587_S194_LOW_W4,2,-2.53363e-06;-7.57318e-06;-2.65746e-06;-2.63284e-06;-8.21129e-06;-7.60567e-06;-2.62241e-06;-7.64701e-06,-2.55243e-06;-7.57694e-06;-2.67591e-06;-2.65037e-06;-8.22347e-06;-7.6191e-06;-2.63993e-06;-7.65983e-06,3.3;3.3;-1.64944e-06;-1.63998e-06;3.3;3.3;-1.63499e-06;-1.93865e-06,-1.73734e-06;-1.99254e-06;3.3;3.3;-1.95441e-06;-1.94536e-06;3.3;3.3,RETRY_5NS;RETRY_5NS;RETRY_5NS;RETRY_5NS;RETRY_5NS;RETRY_5NS;RETRY_5NS;RETRY_5NS,8,8,11001100,204,51,1100110,7,204,50,204,INFERRED_AT_DAC_BRIDGE_OUTPUT,11001100,204,11001100,204,11001100,204,11001100,204,True,True
MC200_CMP_XM5_XM6_W8P2524_XM7_XM11_W16P8587_S194_LOW_W4,3,-3.02758e-06;-8.42192e-06;-3.40696e-06;-3.15964e-06;-8.36314e-06;-8.36496e-06;-3.14867e-06;-8.40507e-06,-3.04913e-06;-8.42764e-06;-3.42797e-06;-3.18045e-06;-8.3628e-06;-8.36091e-06;-3.16975e-06;-8.4036e-06,3.3;-2.05612e-06;-1.712e-06;-1.70011e-06;-2.00616e-06;3.3;3.3;-2.00851e-06,-1.78904e-06;3.3;3.3;3.3;3.3;-2.01799e-06;-1.69688e-06;3.3,RETRY_5NS;RETRY_5NS;RETRY_5NS;RETRY_5NS;RETRY_5NS;RETRY_5NS;RETRY_5NS;RETRY_5NS,8,8,10000110,134,121,1000011,7,134,120,134,INFERRED_AT_DAC_BRIDGE_OUTPUT,10000110,134,10000110,134,10000110,134,10000110,134,True,True
MC200_CMP_XM5_XM6_W8P2524_XM7_XM11_W16P8587_S194_LOW_W4,64,-3.1831e-06;-8.59248e-06;-3.07838e-06;-3.27885e-06;-8.19523e-06;-8.53133e-06;-3.11979e-06;-8.19479e-06,-3.20538e-06;-8.57647e-06;-3.09902e-06;-3.30061e-06;-8.2001e-06;-8.52851e-06;-3.14017e-06;-8.19645e-06,3.3;3.3;3.3;-1.71446e-06;-1.99713e-06;-2.02435e-06;-1.68869e-06;-1.984e-06,-1.81802e-06;-2.07341e-06;-1.69724e-06;3.3;3.3;3.3;3.3;3.3,RETRY_5NS;RETRY_5NS;RETRY_5NS;RETRY_5NS;RETRY_5NS;RETRY_5NS;RETRY_5NS;RETRY_5NS,8,8,11100000,224,31,1110000,7,224,30,224,INFERRED_AT_DAC_BRIDGE_OUTPUT,11100000,224,11100000,224,11100000,224,11100000,224,True,True
MC200_CMP_XM5_XM6_W8P2524_XM7_XM11_W16P8587_S194_LOW_W4,65,-3.2813e-06;-8.72096e-06;-3.17304e-06;-3.35944e-06;-8.32125e-06;-8.65745e-06;-3.36928e-06;-8.32083e-06,-3.30438e-06;-8.70143e-06;-3.19528e-06;-3.38219e-06;-8.32419e-06;-8.65273e-06;-3.39009e-06;-8.32094e-06,3.3;3.3;3.3;3.3;-2.00867e-06;-2.03669e-06;-1.70566e-06;-2.03784e-06,-1.845e-06;-2.08897e-06;-1.71503e-06;-1.70443e-06;3.3;3.3;3.3;3.3,RETRY_5NS;RETRY_5NS;RETRY_5NS;RETRY_5NS;RETRY_5NS;RETRY_5NS;RETRY_5NS;RETRY_5NS,8,8,11110000,240,15,1111000,7,240,14,240,INFERRED_AT_DAC_BRIDGE_OUTPUT,11110000,240,11110000,240,11110000,240,11110000,240,True,True
MC200_CMP_XM5_XM6_W8P2524_XM7_XM11_W16P8587_S194_LOW_W4,66,-2.65104e-06;-7.59422e-06;-2.57118e-06;-2.74934e-06;-7.80223e-06;-7.77408e-06;-2.59313e-06;-7.43633e-06,-2.67053e-06;-7.59705e-06;-2.58916e-06;-2.76749e-06;-7.81613e-06;-7.7841e-06;-2.6105e-06;-7.45335e-06,3.3;3.3;-1.6402e-06;-1.65262e-06;3.3;3.3;-1.63167e-06;-1.92007e-06,-1.75073e-06;-2.00789e-06;3.3;3.3;-1.9352e-06;-1.95672e-06;3.3;3.3,RETRY_5NS;RETRY_5NS;RETRY_5NS;RETRY_5NS;RETRY_5NS;RETRY_5NS;RETRY_5NS;RETRY_5NS,8,8,11001100,204,51,1100110,7,204,50,204,INFERRED_AT_DAC_BRIDGE_OUTPUT,11001100,204,11001100,204,11001100,204,11001100,204,True,True
MC200_CMP_XM5_XM6_W8P2524_XM7_XM11_W16P8587_S194_LOW_W4,67,-3.1473e-06;-8.58799e-06;-3.27706e-06;-3.27606e-06;-8.19491e-06;-8.43101e-06;-3.11941e-06;-8.1517e-06,-3.16954e-06;-8.59113e-06;-3.29756e-06;-3.29754e-06;-8.19771e-06;-8.42317e-06;-3.14032e-06;-8.15397e-06,3.3;-2.07278e-06;-1.70143e-06;-1.71342e-06;-1.99122e-06;3.3;3.3;-1.98832e-06,-1.80315e-06;3.3;3.3;3.3;3.3;-2.03488e-06;-1.69204e-06;3.3,RETRY_5NS;RETRY_5NS;RETRY_5NS;RETRY_5NS;RETRY_5NS;RETRY_5NS;RETRY_5NS;RETRY_5NS,8,8,10000110,134,121,1000011,7,134,120,134,INFERRED_AT_DAC_BRIDGE_OUTPUT,10000110,134,10000110,134,10000110,134,10000110,134,True,True
MC200_CMP_XM5_XM6_W8P2524_XM7_XM11_W16P8587_S195_LOW_W4,0,-2.97e-06;-8.33745e-06;-3.05627e-06;-3.05397e-06;-8.28033e-06;-8.28052e-06;-3.04385e-06;-8.32249e-06,-3.01059e-06;-8.32816e-06;-3.09753e-06;-3.09409e-06;-8.28546e-06;-8.28406e-06;-3.08432e-06;-8.32088e-06,3.3;3.3;3.3;-1.65658e-06;-1.95897e-06;-1.95526e-06;-1.63953e-06;3.3,-1.75297e-06;-2.00028e-06;-1.66007e-06;3.3;3.3;3.3;3.3;-1.95961e-06,RETRY_5NS;RETRY_5NS;RETRY_5NS;RETRY_5NS;RETRY_5NS;RETRY_5NS;RETRY_5NS;RETRY_5NS,8,8,11100001,225,30,1110000,7,224,30,225,INFERRED_AT_DAC_BRIDGE_OUTPUT,11100001,225,11100001,225,11100001,225,11100001,225,True,True
MC200_CMP_XM5_XM6_W8P2524_XM7_XM11_W16P8587_S195_LOW_W4,1,-3.04186e-06;-8.42072e-06;-3.12448e-06;-3.11081e-06;-8.36126e-06;-8.36152e-06;-3.10624e-06;-8.40294e-06,-3.08356e-06;-8.4072e-06;-3.16724e-06;-3.1531e-06;-8.36344e-06;-8.36194e-06;-3.14749e-06;-8.3992e-06,3.3;3.3;3.3;3.3;-1.96666e-06;-1.96392e-06;-1.65122e-06;3.3,-1.77521e-06;-2.01229e-06;-1.67027e-06;-1.65775e-06;3.3;3.3;3.3;-1.96427e-06,RETRY_5NS;RETRY_5NS;RETRY_5NS;RETRY_5NS;RETRY_5NS;RETRY_5NS;RETRY_5NS;RETRY_5NS,8,8,11110001,241,14,1111000,7,240,14,241,INFERRED_AT_DAC_BRIDGE_OUTPUT,11110001,241,11110001,241,11110001,241,11110001,241,True,True
MC200_CMP_XM5_XM6_W8P2524_XM7_XM11_W16P8587_S195_LOW_W4,2,-3.0919e-06;-7.64148e-06;-3.18758e-06;-3.17396e-06;-9.69105e-06;-8.44447e-06;-3.16848e-06;-8.4844e-06,-3.13437e-06;-7.61434e-06;-3.22951e-06;-3.21553e-06;-9.702e-06;-8.43721e-06;-3.21057e-06;-8.47652e-06,3.3;3.3;-1.67333e-06;-1.66341e-06;3.3;3.3;-1.65277e-06;3.3,-1.75956e-06;-2.02145e-06;3.3;3.3;-1.97414e-06;-1.97332e-06;3.3;-1.97347e-06,RETRY_5NS;RETRY_5NS;RETRY_5NS;RETRY_5NS;RETRY_5NS;RETRY_5NS;RETRY_5NS;RETRY_5NS,8,8,11001101,205,50,1100110,7,204,50,205,INFERRED_AT_DAC_BRIDGE_OUTPUT,11001101,205,11001101,205,11001101,205,11001101,205,True,True
MC200_CMP_XM5_XM6_W8P2524_XM7_XM11_W16P8587_S195_LOW_W4,3,-3.16118e-06;-8.61278e-06;-3.284e-06;-3.5363e-06;-8.56472e-06;-8.56749e-06;-3.26161e-06;-8.60594e-06,-3.20444e-06;-8.6103e-06;-3.32721e-06;-3.57822e-06;-8.55428e-06;-8.55286e-06;-3.30588e-06;-8.59328e-06,3.3;-2.0325e-06;-1.68395e-06;-1.68258e-06;-1.97595e-06;3.3;3.3;3.3,-1.75837e-06;3.3;3.3;3.3;3.3;-1.98726e-06;-1.67347e-06;-1.98195e-06,RETRY_5NS;RETRY_5NS;RETRY_5NS;RETRY_5NS;RETRY_5NS;RETRY_5NS;RETRY_5NS;RETRY_5NS,8,8,10000111,135,120,1000011,7,134,120,135,INFERRED_AT_DAC_BRIDGE_OUTPUT,10000111,135,10000111,135,10000111,135,10000111,135,True,True
MC200_CMP_XM5_XM6_W8P2524_XM7_XM11_W16P8587_S195_LOW_W4,64,-3.0949e-06;-8.49873e-06;-2.96353e-06;-3.17789e-06;-8.11843e-06;-8.44303e-06;-3.22027e-06;-8.11961e-06,-3.1371e-06;-8.48165e-06;-3.00357e-06;-3.21964e-06;-8.13023e-06;-8.43875e-06;-3.25985e-06;-8.1267e-06,3.3;3.3;3.3;-1.6692e-06;-1.94423e-06;-1.96735e-06;-1.64343e-06;3.3,-1.76683e-06;-2.01537e-06;-1.65036e-06;3.3;3.3;3.3;3.3;-1.94187e-06,RETRY_5NS;RETRY_5NS;RETRY_5NS;RETRY_5NS;RETRY_5NS;RETRY_5NS;RETRY_5NS;RETRY_5NS,8,8,11100001,225,30,1110000,7,224,30,225,INFERRED_AT_DAC_BRIDGE_OUTPUT,11100001,225,11100001,225,11100001,225,11100001,225,True,True
MC200_CMP_XM5_XM6_W8P2524_XM7_XM11_W16P8587_S195_LOW_W4,65,-3.16595e-06;-8.58182e-06;-3.03197e-06;-3.23503e-06;-8.19937e-06;-8.52359e-06;-3.07509e-06;-8.19992e-06,-3.20925e-06;-8.56045e-06;-3.07353e-06;-3.27892e-06;-8.20813e-06;-8.51731e-06;-3.11592e-06;-8.20512e-06,3.3;3.3;3.3;3.3;-1.9506e-06;-1.97869e-06;-1.64868e-06;3.3,-1.78841e-06;-2.0278e-06;-1.66081e-06;-1.67112e-06;3.3;3.3;3.3;-1.98157e-06,RETRY_5NS;RETRY_5NS;RETRY_5NS;RETRY_5NS;RETRY_5NS;RETRY_5NS;RETRY_5NS;RETRY_5NS,8,8,11110001,241,14,1111000,7,240,14,241,INFERRED_AT_DAC_BRIDGE_OUTPUT,11110001,241,11110001,241,11110001,241,11110001,241,True,True
MC200_CMP_XM5_XM6_W8P2524_XM7_XM11_W16P8587_S195_LOW_W4,66,-3.21662e-06;-8.6544e-06;-3.0952e-06;-3.29812e-06;-9.65019e-06;-8.60669e-06;-3.13733e-06;-8.28142e-06,-3.2607e-06;-8.63174e-06;-3.13592e-06;-3.34133e-06;-9.66896e-06;-8.59241e-06;-3.17901e-06;-8.28238e-06,3.3;3.3;-1.66421e-06;-1.67612e-06;3.3;3.3;-1.65222e-06;3.3,-1.77325e-06;-2.029e-06;3.3;3.3;-1.962e-06;-1.98904e-06;3.3;-1.95439e-06,RETRY_5NS;RETRY_5NS;RETRY_5NS;RETRY_5NS;RETRY_5NS;RETRY_5NS;RETRY_5NS;RETRY_5NS,8,8,11001101,205,50,1100110,7,204,50,205,INFERRED_AT_DAC_BRIDGE_OUTPUT,11001101,205,11001101,205,11001101,205,11001101,205,True,True
MC200_CMP_XM5_XM6_W8P2524_XM7_XM11_W16P8587_S195_LOW_W4,67,-3.288e-06;-8.77294e-06;-3.19177e-06;-3.72864e-06;-8.40247e-06;-8.72978e-06;-3.23044e-06;-8.40294e-06,-3.33289e-06;-8.76422e-06;-3.23377e-06;-3.77221e-06;-8.39924e-06;-8.70791e-06;-3.27431e-06;-8.3992e-06,3.3;-2.04813e-06;-1.67439e-06;-1.69365e-06;-1.96058e-06;3.3;3.3;3.3,-1.77278e-06;3.3;3.3;3.3;3.3;-2.00346e-06;-1.66842e-06;-1.9636e-06,RETRY_5NS;RETRY_5NS;RETRY_5NS;RETRY_5NS;RETRY_5NS;RETRY_5NS;RETRY_5NS;RETRY_5NS,8,8,10000111,135,120,1000011,7,134,120,135,INFERRED_AT_DAC_BRIDGE_OUTPUT,10000111,135,10000111,135,10000111,135,10000111,135,True,True
MC200_CMP_XM5_XM6_W8P2524_XM7_XM11_W16P8587_S196_LOW_W4,0,-2.94788e-06;-9.70943e-06;-3.04444e-06;-3.0423e-06;-8.24739e-06;-8.24716e-06;-3.02869e-06;-8.28996e-06,-2.98033e-06;-9.69758e-06;-3.07758e-06;-3.07403e-06;-8.23815e-06;-8.23637e-06;-3.0607e-06;-8.27514e-06,3.3;3.3;3.3;-1.63975e-06;-1.93914e-06;-1.93534e-06;-1.62872e-06;-1.92073e-06,-1.7885e-06;-2.03843e-06;-1.69263e-06;3.3;3.3;3.3;3.3;3.3,RETRY_5NS;RETRY_5NS;RETRY_5NS;RETRY_5NS;RETRY_5NS;RETRY_5NS;RETRY_5NS;RETRY_5NS,8,8,11100000,224,31,1110000,7,224,30,224,INFERRED_AT_DAC_BRIDGE_OUTPUT,11100000,224,11100000,224,11100000,224,11100000,224,True,True
MC200_CMP_XM5_XM6_W8P2524_XM7_XM11_W16P8587_S196_LOW_W4,1,-2.88535e-06;-8.43829e-06;-3.1406e-06;-3.12447e-06;-8.37379e-06;-8.37372e-06;-3.25661e-06;-8.41635e-06,-2.91961e-06;-8.41036e-06;-3.1745e-06;-3.1575e-06;-8.36108e-06;-8.35936e-06;-3.28821e-06;-8.3984e-06,3.3;3.3;3.3;3.3;-1.94991e-06;-1.9473e-06;-1.64528e-06;-1.94251e-06,-1.81055e-06;-2.05687e-06;-1.71041e-06;-1.69324e-06;3.3;3.3;3.3;3.3,RETRY_5NS;RETRY_5NS;RETRY_5NS;RETRY_5NS;RETRY_5NS;RETRY_5NS;RETRY_5NS;RETRY_5NS,8,8,11110000,240,15,1111000,7,240,14,240,INFERRED_AT_DAC_BRIDGE_OUTPUT,11110000,240,11110000,240,11110000,240,11110000,240,True,True
MC200_CMP_XM5_XM6_W8P2524_XM7_XM11_W16P8587_S196_LOW_W4,2,-3.09402e-06;-9.45112e-06;-3.20252e-06;-3.18512e-06;-8.46175e-06;-8.45965e-06;-3.17794e-06;-8.50116e-06,-3.12746e-06;-9.43102e-06;-3.2351e-06;-3.21736e-06;-8.43771e-06;-8.43847e-06;-3.21063e-06;-8.4798e-06,3.3;3.3;-1.65972e-06;-1.64849e-06;3.3;3.3;-1.64434e-06;-1.94915e-06,-1.79871e-06;-2.05022e-06;3.3;3.3;-2.02436e-06;-2.01645e-06;3.3;3.3,RETRY_5NS;RETRY_5NS;RETRY_5NS;RETRY_5NS;RETRY_5NS;RETRY_5NS;RETRY_5NS;RETRY_5NS,8,8,11001100,204,51,1100110,7,204,50,204,INFERRED_AT_DAC_BRIDGE_OUTPUT,11001100,204,11001100,204,11001100,204,11001100,204,True,True
MC200_CMP_XM5_XM6_W8P2524_XM7_XM11_W16P8587_S196_LOW_W4,3,-2.97129e-06;-8.38946e-06;-3.1193e-06;-3.09909e-06;-8.33191e-06;-8.33372e-06;-3.08799e-06;-8.37411e-06,-3.00394e-06;-8.38089e-06;-3.15155e-06;-3.13084e-06;-8.31709e-06;-8.31563e-06;-3.12087e-06;-8.3575e-06,3.3;-1.99017e-06;-1.6493e-06;-1.64473e-06;-1.94039e-06;3.3;3.3;-1.93897e-06,-1.78049e-06;3.3;3.3;3.3;3.3;-2.01019e-06;-1.68772e-06;3.3,RETRY_5NS;RETRY_5NS;RETRY_5NS;RETRY_5NS;RETRY_5NS;RETRY_5NS;RETRY_5NS;RETRY_5NS,8,8,10000110,134,121,1000011,7,134,120,134,INFERRED_AT_DAC_BRIDGE_OUTPUT,10000110,134,10000110,134,10000110,134,10000110,134,True,True
MC200_CMP_XM5_XM6_W8P2524_XM7_XM11_W16P8587_S196_LOW_W4,64,-3.06762e-06;-9.5356e-06;-2.95577e-06;-3.16061e-06;-8.07881e-06;-8.41591e-06;-2.99886e-06;-8.07865e-06,-3.10065e-06;-9.51592e-06;-2.98849e-06;-3.19287e-06;-8.07445e-06;-8.39996e-06;-3.03072e-06;-8.07067e-06,3.3;3.3;3.3;-1.65214e-06;-1.9232e-06;-1.94993e-06;-1.62602e-06;-1.90648e-06,-1.80352e-06;-2.04794e-06;-1.68174e-06;3.3;3.3;3.3;3.3;3.3,RETRY_5NS;RETRY_5NS;RETRY_5NS;RETRY_5NS;RETRY_5NS;RETRY_5NS;RETRY_5NS;RETRY_5NS,8,8,11100000,224,31,1110000,7,224,30,224,INFERRED_AT_DAC_BRIDGE_OUTPUT,11100000,224,11100000,224,11100000,224,11100000,224,True,True
MC200_CMP_XM5_XM6_W8P2524_XM7_XM11_W16P8587_S196_LOW_W4,65,-3.1675e-06;-8.60588e-06;-3.05255e-06;-3.24328e-06;-8.20523e-06;-8.54244e-06;-3.21967e-06;-8.20501e-06,-3.20122e-06;-8.5717e-06;-3.08599e-06;-3.27686e-06;-8.19742e-06;-8.52293e-06;-3.2515e-06;-8.19398e-06,3.3;3.3;3.3;3.3;-1.93382e-06;-1.96237e-06;-1.63602e-06;-1.96387e-06,-1.82837e-06;-2.07209e-06;-1.69953e-06;-1.70391e-06;3.3;3.3;3.3;3.3,RETRY_5NS;RETRY_5NS;RETRY_5NS;RETRY_5NS;RETRY_5NS;RETRY_5NS;RETRY_5NS;RETRY_5NS,8,8,11110000,240,15,1111000,7,240,14,240,INFERRED_AT_DAC_BRIDGE_OUTPUT,11110000,240,11110000,240,11110000,240,11110000,240,True,True
MC200_CMP_XM5_XM6_W8P2524_XM7_XM11_W16P8587_S196_LOW_W4,66,-3.21361e-06;-7.53461e-06;-3.11422e-06;-3.30392e-06;-8.2926e-06;-8.62826e-06;-3.14808e-06;-8.28961e-06,-3.24763e-06;-7.49488e-06;-3.1464e-06;-3.33674e-06;-8.27451e-06;-8.6022e-06;-3.18064e-06;-8.27561e-06,3.3;3.3;-1.64955e-06;-1.66164e-06;3.3;3.3;-1.64239e-06;-1.9292e-06,-1.81287e-06;-2.0808e-06;3.3;3.3;-2.00864e-06;-2.03006e-06;3.3;3.3,RETRY_5NS;RETRY_5NS;RETRY_5NS;RETRY_5NS;RETRY_5NS;RETRY_5NS;RETRY_5NS;RETRY_5NS,8,8,11001100,204,51,1100110,7,204,50,204,INFERRED_AT_DAC_BRIDGE_OUTPUT,11001100,204,11001100,204,11001100,204,11001100,204,True,True
MC200_CMP_XM5_XM6_W8P2524_XM7_XM11_W16P8587_S196_LOW_W4,67,-3.09309e-06;-8.55606e-06;-3.03128e-06;-3.21767e-06;-8.16307e-06;-8.50257e-06;-3.0582e-06;-8.16277e-06,-3.12632e-06;-8.54285e-06;-3.06313e-06;-3.24995e-06;-8.15376e-06;-8.47907e-06;-3.09091e-06;-8.15311e-06,3.3;-2.0055e-06;-1.63957e-06;-1.65674e-06;-1.92425e-06;3.3;3.3;-1.9221e-06,-1.79348e-06;3.3;3.3;3.3;3.3;-2.02501e-06;-1.68354e-06;3.3,RETRY_5NS;RETRY_5NS;RETRY_5NS;RETRY_5NS;RETRY_5NS;RETRY_5NS;RETRY_5NS;RETRY_5NS,8,8,10000110,134,121,1000011,7,134,120,134,INFERRED_AT_DAC_BRIDGE_OUTPUT,10000110,134,10000110,134,10000110,134,10000110,134,True,True
MC200_CMP_XM5_XM6_W8P2524_XM7_XM11_W16P8587_S197_LOW_W4,0,-3.20506e-06;-8.7423e-06;-3.49666e-06;-3.30458e-06;-8.40821e-06;-8.40638e-06;-3.29026e-06;-8.44218e-06,-3.26667e-06;-8.71122e-06;-3.55842e-06;-3.36783e-06;-8.37883e-06;-8.37863e-06;-3.35289e-06;-8.4139e-06,3.3;3.3;-1.70978e-06;3.3;3.3;3.3;3.3;3.3,-1.84069e-06;-2.09733e-06;3.3;-1.74285e-06;-2.06312e-06;-2.06128e-06;-1.73568e-06;-2.05971e-06,RETRY_5NS;RETRY_5NS;RETRY_5NS;RETRY_5NS;RETRY_5NS;RETRY_5NS;RETRY_5NS;RETRY_5NS,8,8,11011111,223,32,1101111,7,222,32,223,INFERRED_AT_DAC_BRIDGE_OUTPUT,11011111,223,11011111,223,11011111,223,11011111,223,True,True
MC200_CMP_XM5_XM6_W8P2524_XM7_XM11_W16P8587_S197_LOW_W4,1,-3.2467e-06;-8.50212e-06;-3.34445e-06;-3.32738e-06;-8.44569e-06;-8.44387e-06;-3.32001e-06;-8.56505e-06,-3.30904e-06;-8.46277e-06;-3.40823e-06;-3.39025e-06;-8.4136e-06;-8.41352e-06;-3.38341e-06;-8.53955e-06,3.3;3.3;3.3;-1.70542e-06;3.3;3.3;3.3;3.3,-1.85956e-06;-2.10767e-06;-1.75239e-06;3.3;-2.06799e-06;-2.06268e-06;-1.73602e-06;-2.06062e-06,RETRY_5NS;RETRY_5NS;RETRY_5NS;RETRY_5NS;RETRY_5NS;RETRY_5NS;RETRY_5NS;RETRY_5NS,8,8,11101111,239,16,1110111,7,238,16,239,INFERRED_AT_DAC_BRIDGE_OUTPUT,11101111,239,11101111,239,11101111,239,11101111,239,True,True
MC200_CMP_XM5_XM6_W8P2524_XM7_XM11_W16P8587_S197_LOW_W4,2,-3.23126e-06;-8.49125e-06;-3.34823e-06;-3.32887e-06;-8.44398e-06;-8.44156e-06;-3.32007e-06;-8.47986e-06,-3.29357e-06;-8.45469e-06;-3.41063e-06;-3.39078e-06;-8.41351e-06;-8.41454e-06;-3.38351e-06;-8.44891e-06,3.3;3.3;-1.72012e-06;-1.70936e-06;3.3;-2.01587e-06;3.3;3.3,-1.8359e-06;-2.09842e-06;3.3;3.3;-2.06508e-06;3.3;-1.7381e-06;-2.0627e-06,RETRY_5NS;RETRY_5NS;RETRY_5NS;RETRY_5NS;RETRY_5NS;RETRY_5NS;RETRY_5NS;RETRY_5NS,8,8,11001011,203,52,1100101,7,202,52,203,INFERRED_AT_DAC_BRIDGE_OUTPUT,11001011,203,11001011,203,11001011,203,11001011,203,True,True
MC200_CMP_XM5_XM6_W8P2524_XM7_XM11_W16P8587_S197_LOW_W4,3,-3.19717e-06;-7.79587e-06;-3.35363e-06;-3.33177e-06;-9.12967e-06;-8.44257e-06;-3.32014e-06;-8.47971e-06,-3.25898e-06;-7.80039e-06;-3.41613e-06;-3.39363e-06;-9.12083e-06;-8.41399e-06;-3.38297e-06;-8.44897e-06,3.3;-2.08262e-06;-1.72009e-06;-1.71433e-06;-2.02365e-06;3.3;-1.70157e-06;3.3,-1.82771e-06;3.3;3.3;3.3;3.3;-2.06051e-06;3.3;-2.06077e-06,RETRY_5NS;RETRY_5NS;RETRY_5NS;RETRY_5NS;RETRY_5NS;RETRY_5NS;RETRY_5NS;RETRY_5NS,8,8,10000101,133,122,1000010,7,132,122,133,INFERRED_AT_DAC_BRIDGE_OUTPUT,10000101,133,10000101,133,10000101,133,10000101,133,True,True
MC200_CMP_XM5_XM6_W8P2524_XM7_XM11_W16P8587_S197_LOW_W4,64,-3.32584e-06;-8.51951e-06;-3.37006e-06;-3.42447e-06;-7.77982e-06;-8.55355e-06;-3.43961e-06;-8.25245e-06,-3.38932e-06;-8.47005e-06;-3.43135e-06;-3.48797e-06;-7.76306e-06;-8.52178e-06;-3.5002e-06;-8.23967e-06,3.3;3.3;3.3;-1.7246e-06;-2.01649e-06;-2.0376e-06;-1.70626e-06;-1.99972e-06,-1.85529e-06;-2.11602e-06;-1.72175e-06;3.3;3.3;3.3;3.3;3.3,RETRY_5NS;RETRY_5NS;RETRY_5NS;RETRY_5NS;RETRY_5NS;RETRY_5NS;RETRY_5NS;RETRY_5NS,8,8,11100000,224,31,1110000,7,224,30,224,INFERRED_AT_DAC_BRIDGE_OUTPUT,11100000,224,11100000,224,11100000,224,11100000,224,True,True
MC200_CMP_XM5_XM6_W8P2524_XM7_XM11_W16P8587_S197_LOW_W4,65,-3.36706e-06;-8.65157e-06;-3.41483e-06;-3.44732e-06;-8.10405e-06;-7.92949e-06;-3.53365e-06;-8.02994e-06,-3.43129e-06;-8.60023e-06;-3.4756e-06;-3.51201e-06;-8.0809e-06;-7.92161e-06;-3.59513e-06;-8.00908e-06,3.3;3.3;3.3;-1.71785e-06;3.3;3.3;3.3;3.3,-1.87456e-06;-2.12347e-06;-1.74971e-06;3.3;-2.05417e-06;-2.0843e-06;-1.7406e-06;-2.07842e-06,RETRY_5NS;RETRY_5NS;RETRY_5NS;RETRY_5NS;RETRY_5NS;RETRY_5NS;RETRY_5NS;RETRY_5NS,8,8,11101111,239,16,1110111,7,238,16,239,INFERRED_AT_DAC_BRIDGE_OUTPUT,11101111,239,11101111,239,11101111,239,11101111,239,True,True
MC200_CMP_XM5_XM6_W8P2524_XM7_XM11_W16P8587_S197_LOW_W4,66,-3.35221e-06;-8.64105e-06;-3.25921e-06;-3.44871e-06;-8.29307e-06;-8.59243e-06;-3.2902e-06;-8.29102e-06,-3.41639e-06;-8.59277e-06;-3.32027e-06;-3.51247e-06;-8.27401e-06;-8.55445e-06;-3.35279e-06;-8.27404e-06,3.3;3.3;-1.71069e-06;-1.72331e-06;3.3;-2.03193e-06;3.3;3.3,-1.85033e-06;-2.11523e-06;3.3;3.3;-2.04801e-06;3.3;-1.73449e-06;-2.04089e-06,RETRY_5NS;RETRY_5NS;RETRY_5NS;RETRY_5NS;RETRY_5NS;RETRY_5NS;RETRY_5NS;RETRY_5NS,8,8,11001011,203,52,1100101,7,202,52,203,INFERRED_AT_DAC_BRIDGE_OUTPUT,11001011,203,11001011,203,11001011,203,11001011,203,True,True
MC200_CMP_XM5_XM6_W8P2524_XM7_XM11_W16P8587_S197_LOW_W4,67,-3.32043e-06;-8.96058e-06;-3.26498e-06;-3.4515e-06;-8.03237e-06;-8.59342e-06;-3.29005e-06;-8.29087e-06,-3.38413e-06;-8.9389e-06;-3.32615e-06;-3.51517e-06;-8.01449e-06;-8.55378e-06;-3.35239e-06;-8.27407e-06,3.3;-2.08885e-06;-1.70983e-06;-1.72619e-06;-2.01116e-06;3.3;-1.6996e-06;3.3,-1.84174e-06;3.3;3.3;3.3;3.3;-2.07668e-06;3.3;-2.03932e-06,RETRY_5NS;RETRY_5NS;RETRY_5NS;RETRY_5NS;RETRY_5NS;RETRY_5NS;RETRY_5NS;RETRY_5NS,8,8,10000101,133,122,1000010,7,132,122,133,INFERRED_AT_DAC_BRIDGE_OUTPUT,10000101,133,10000101,133,10000101,133,10000101,133,True,True
MC200_CMP_XM5_XM6_W8P2524_XM7_XM11_W16P8587_S198_LOW_W4,0,-2.92561e-06;-8.2786e-06;-3.01446e-06;-3.01269e-06;-9.4098e-06;-8.22108e-06;-3.00133e-06;-9.47769e-06,-2.87149e-06;-8.26345e-06;-2.95985e-06;-2.9568e-06;-9.37185e-06;-8.21399e-06;-2.94616e-06;-9.43842e-06,3.3;3.3;3.3;-1.66823e-06;-1.97117e-06;-1.96863e-06;-1.6581e-06;3.3,-1.81307e-06;-2.06844e-06;-1.71349e-06;3.3;3.3;3.3;3.3;-2.01481e-06,RETRY_5NS;RETRY_5NS;RETRY_5NS;RETRY_5NS;RETRY_5NS;RETRY_5NS;RETRY_5NS;RETRY_5NS,8,8,11100001,225,30,1110000,7,224,30,225,INFERRED_AT_DAC_BRIDGE_OUTPUT,11100001,225,11100001,225,11100001,225,11100001,225,True,True
MC200_CMP_XM5_XM6_W8P2524_XM7_XM11_W16P8587_S198_LOW_W4,1,-3.0597e-06;-8.44326e-06;-3.14389e-06;-3.13042e-06;-8.38348e-06;-8.38368e-06;-3.12586e-06;-8.42498e-06,-3.00286e-06;-8.43788e-06;-3.08662e-06;-3.07259e-06;-8.38951e-06;-8.38802e-06;-3.06714e-06;-8.42981e-06,3.3;3.3;3.3;3.3;-1.98792e-06;-1.9857e-06;-1.6706e-06;-1.98195e-06,-1.84411e-06;-2.08864e-06;-1.73663e-06;-1.71633e-06;3.3;3.3;3.3;3.3,RETRY_5NS;RETRY_5NS;RETRY_5NS;RETRY_5NS;RETRY_5NS;RETRY_5NS;RETRY_5NS;RETRY_5NS,8,8,11110000,240,15,1111000,7,240,14,240,INFERRED_AT_DAC_BRIDGE_OUTPUT,11110000,240,11110000,240,11110000,240,11110000,240,True,True
MC200_CMP_XM5_XM6_W8P2524_XM7_XM11_W16P8587_S198_LOW_W4,2,-2.42562e-06;-7.62451e-06;-2.53396e-06;-2.51362e-06;-7.57252e-06;-7.57115e-06;-2.50512e-06;-7.61041e-06,-2.3832e-06;-7.57038e-06;-2.48937e-06;-2.46887e-06;-7.51771e-06;-7.51699e-06;-2.46101e-06;-7.56102e-06,3.3;3.3;-1.62347e-06;-1.61275e-06;3.3;3.3;-1.60972e-06;-1.90575e-06,-1.75017e-06;-2.00297e-06;3.3;3.3;-1.96942e-06;-1.96294e-06;3.3;3.3,RETRY_5NS;RETRY_5NS;RETRY_5NS;RETRY_5NS;RETRY_5NS;RETRY_5NS;RETRY_5NS;RETRY_5NS,8,8,11001100,204,51,1100110,7,204,50,204,INFERRED_AT_DAC_BRIDGE_OUTPUT,11001100,204,11001100,204,11001100,204,11001100,204,True,True
MC200_CMP_XM5_XM6_W8P2524_XM7_XM11_W16P8587_S198_LOW_W4,3,-3.01962e-06;-8.43556e-06;-3.15097e-06;-3.13433e-06;-8.38395e-06;-7.47709e-06;-3.12523e-06;-8.42499e-06,-2.96288e-06;-8.44863e-06;-3.0923e-06;-3.07544e-06;-8.38664e-06;-7.49237e-06;-3.06744e-06;-8.42982e-06,3.3;-2.0337e-06;-1.6856e-06;-1.67859e-06;-1.98287e-06;3.3;3.3;-1.9822e-06,-1.80996e-06;3.3;3.3;3.3;3.3;-2.05242e-06;-1.71321e-06;3.3,RETRY_5NS;RETRY_5NS;RETRY_5NS;RETRY_5NS;RETRY_5NS;RETRY_5NS;RETRY_5NS;RETRY_5NS,8,8,10000110,134,121,1000011,7,134,120,134,INFERRED_AT_DAC_BRIDGE_OUTPUT,10000110,134,10000110,134,10000110,134,10000110,134,True,True
MC200_CMP_XM5_XM6_W8P2524_XM7_XM11_W16P8587_S198_LOW_W4,64,-3.05009e-06;-8.44049e-06;-2.92215e-06;-3.13603e-06;-8.71149e-06;-8.3837e-06;-2.97042e-06;-8.05888e-06,-2.9931e-06;-8.43548e-06;-2.86966e-06;-3.07732e-06;-8.67535e-06;-8.38779e-06;-2.91564e-06;-8.03836e-06,3.3;3.3;3.3;-1.68079e-06;-1.95098e-06;-1.98506e-06;-1.65257e-06;-1.94287e-06,-1.82804e-06;-2.08441e-06;-1.70413e-06;3.3;3.3;3.3;3.3;3.3,RETRY_5NS;RETRY_5NS;RETRY_5NS;RETRY_5NS;RETRY_5NS;RETRY_5NS;RETRY_5NS;RETRY_5NS,8,8,11100000,224,31,1110000,7,224,30,224,INFERRED_AT_DAC_BRIDGE_OUTPUT,11100000,224,11100000,224,11100000,224,11100000,224,True,True
MC200_CMP_XM5_XM6_W8P2524_XM7_XM11_W16P8587_S198_LOW_W4,65,-3.18316e-06;-8.60492e-06;-3.05198e-06;-3.25406e-06;-8.22105e-06;-8.54626e-06;-3.09488e-06;-8.22133e-06,-3.12346e-06;-8.60964e-06;-2.99682e-06;-3.19339e-06;-8.2157e-06;-8.56186e-06;-3.03684e-06;-8.21264e-06,3.3;3.3;3.3;3.3;-1.97222e-06;-2.00118e-06;-1.66861e-06;-2.00186e-06,-1.85812e-06;-2.105e-06;-1.72685e-06;-1.72666e-06;3.3;3.3;3.3;3.3,RETRY_5NS;RETRY_5NS;RETRY_5NS;RETRY_5NS;RETRY_5NS;RETRY_5NS;RETRY_5NS;RETRY_5NS,8,8,11110000,240,15,1111000,7,240,14,240,INFERRED_AT_DAC_BRIDGE_OUTPUT,11110000,240,11110000,240,11110000,240,11110000,240,True,True
MC200_CMP_XM5_XM6_W8P2524_XM7_XM11_W16P8587_S198_LOW_W4,66,-2.54973e-06;-7.78644e-06;-2.44209e-06;-2.63715e-06;-7.40969e-06;-7.7335e-06;-2.47411e-06;-7.40679e-06,-2.50445e-06;-7.74262e-06;-2.39961e-06;-2.58959e-06;-7.34435e-06;-7.69116e-06;-2.43069e-06;-7.3439e-06,3.3;3.3;-1.61439e-06;-1.62579e-06;3.3;3.3;-1.60674e-06;-1.88959e-06,-1.76339e-06;-2.01879e-06;3.3;3.3;-1.9545e-06;-1.97595e-06;3.3;3.3,RETRY_5NS;RETRY_5NS;RETRY_5NS;RETRY_5NS;RETRY_5NS;RETRY_5NS;RETRY_5NS;RETRY_5NS,8,8,11001100,204,51,1100110,7,204,50,204,INFERRED_AT_DAC_BRIDGE_OUTPUT,11001100,204,11001100,204,11001100,204,11001100,204,True,True
MC200_CMP_XM5_XM6_W8P2524_XM7_XM11_W16P8587_S198_LOW_W4,67,-3.14596e-06;-8.59626e-06;-3.05942e-06;-3.2577e-06;-8.22101e-06;-7.72497e-06;-3.09418e-06;-8.22229e-06,-3.08634e-06;-8.62104e-06;-3.00286e-06;-3.19595e-06;-8.21336e-06;-7.74986e-06;-3.03709e-06;-8.21158e-06,3.3;-2.04967e-06;-1.67583e-06;-1.69205e-06;-1.96717e-06;3.3;-1.65746e-06;3.3,-1.8245e-06;3.3;3.3;3.3;3.3;-2.06567e-06;3.3;-2.0265e-06,RETRY_5NS;RETRY_5NS;RETRY_5NS;RETRY_5NS;RETRY_5NS;RETRY_5NS;RETRY_5NS;RETRY_5NS,8,8,10000101,133,122,1000010,7,132,122,133,INFERRED_AT_DAC_BRIDGE_OUTPUT,10000101,133,10000101,133,10000101,133,10000101,133,True,True
MC200_CMP_XM5_XM6_W8P2524_XM7_XM11_W16P8587_S199_LOW_W4,0,-2.91759e-06;-8.25912e-06;-3.00735e-06;-3.00561e-06;-7.65387e-06;-8.2007e-06;-2.99395e-06;-8.47694e-06,-2.90978e-06;-8.25471e-06;-3.00022e-06;-2.99698e-06;-7.66117e-06;-8.20696e-06;-2.98571e-06;-8.481e-06,3.3;3.3;3.3;-1.68888e-06;-2.00627e-06;-1.99523e-06;-1.67813e-06;-1.98596e-06,-1.71818e-06;-1.95997e-06;-1.62469e-06;3.3;3.3;3.3;3.3;3.3,RETRY_5NS;RETRY_5NS;RETRY_5NS;RETRY_5NS;RETRY_5NS;RETRY_5NS;RETRY_5NS;RETRY_5NS,8,8,11100000,224,31,1110000,7,224,30,224,INFERRED_AT_DAC_BRIDGE_OUTPUT,11100000,224,11100000,224,11100000,224,11100000,224,True,True
MC200_CMP_XM5_XM6_W8P2524_XM7_XM11_W16P8587_S199_LOW_W4,1,-2.98917e-06;-8.34393e-06;-3.07476e-06;-3.06048e-06;-8.28759e-06;-8.28616e-06;-2.8643e-06;-8.32568e-06,-2.98171e-06;-8.33904e-06;-3.06812e-06;-3.05291e-06;-8.2867e-06;-8.28677e-06;-2.85741e-06;-8.32847e-06,3.3;3.3;3.3;-1.68088e-06;3.3;3.3;3.3;3.3,-1.74001e-06;-1.97232e-06;-1.64037e-06;3.3;-1.93354e-06;-1.93228e-06;-1.62275e-06;-1.93049e-06,RETRY_5NS;RETRY_5NS;RETRY_5NS;RETRY_5NS;RETRY_5NS;RETRY_5NS;RETRY_5NS;RETRY_5NS,8,8,11101111,239,16,1110111,7,238,16,239,INFERRED_AT_DAC_BRIDGE_OUTPUT,11101111,239,11101111,239,11101111,239,11101111,239,True,True
MC200_CMP_XM5_XM6_W8P2524_XM7_XM11_W16P8587_S199_LOW_W4,2,-2.97563e-06;-8.33482e-06;-2.89809e-06;-3.06179e-06;-8.28617e-06;-8.28404e-06;-3.05524e-06;-8.32458e-06,-2.96816e-06;-8.33238e-06;-2.88912e-06;-3.05317e-06;-8.28664e-06;-8.28758e-06;-3.0471e-06;-8.32948e-06,3.3;3.3;-1.69504e-06;-1.69049e-06;3.3;3.3;-1.6861e-06;-2.0017e-06,-1.71817e-06;-1.96492e-06;3.3;3.3;-1.93294e-06;-1.92284e-06;3.3;3.3,RETRY_5NS;RETRY_5NS;RETRY_5NS;RETRY_5NS;RETRY_5NS;RETRY_5NS;RETRY_5NS;RETRY_5NS,8,8,11001100,204,51,1100110,7,204,50,204,INFERRED_AT_DAC_BRIDGE_OUTPUT,11001100,204,11001100,204,11001100,204,11001100,204,True,True
MC200_CMP_XM5_XM6_W8P2524_XM7_XM11_W16P8587_S199_LOW_W4,3,-2.85326e-06;-8.21479e-06;-2.99172e-06;-2.97308e-06;-8.15978e-06;-8.16158e-06;-2.96302e-06;-8.20096e-06,-2.84533e-06;-8.22674e-06;-2.98322e-06;-2.9642e-06;-8.16476e-06;-8.16332e-06;-2.95533e-06;-8.20564e-06,3.3;-2.03696e-06;-1.68934e-06;-1.68471e-06;-1.98998e-06;3.3;3.3;-1.98905e-06,-1.69879e-06;3.3;3.3;3.3;3.3;-1.91792e-06;-1.61156e-06;3.3,RETRY_5NS;RETRY_5NS;RETRY_5NS;RETRY_5NS;RETRY_5NS;RETRY_5NS;RETRY_5NS;RETRY_5NS,8,8,10000110,134,121,1000011,7,134,120,134,INFERRED_AT_DAC_BRIDGE_OUTPUT,10000110,134,10000110,134,10000110,134,10000110,134,True,True
MC200_CMP_XM5_XM6_W8P2524_XM7_XM11_W16P8587_S199_LOW_W4,64,-3.23097e-06;-8.42286e-06;-2.91628e-06;-3.15011e-06;-8.02001e-06;-8.3652e-06;-2.96332e-06;-7.94885e-06,-3.22373e-06;-8.41815e-06;-2.909e-06;-3.14178e-06;-8.02691e-06;-8.37224e-06;-2.95503e-06;-7.95195e-06,3.3;3.3;3.3;-1.70193e-06;-1.9842e-06;-2.01105e-06;-1.67512e-06;-1.96947e-06,-1.7401e-06;-1.97479e-06;-1.61528e-06;3.3;3.3;3.3;3.3;3.3,RETRY_5NS;RETRY_5NS;RETRY_5NS;RETRY_5NS;RETRY_5NS;RETRY_5NS;RETRY_5NS;RETRY_5NS,8,8,11100000,224,31,1110000,7,224,30,224,INFERRED_AT_DAC_BRIDGE_OUTPUT,11100000,224,11100000,224,11100000,224,11100000,224,True,True
MC200_CMP_XM5_XM6_W8P2524_XM7_XM11_W16P8587_S199_LOW_W4,65,-3.11109e-06;-8.5074e-06;-2.98395e-06;-3.18249e-06;-8.12282e-06;-8.45094e-06;-2.90272e-06;-8.11972e-06,-3.10382e-06;-8.50217e-06;-2.97714e-06;-3.17512e-06;-8.12194e-06;-8.4517e-06;-2.89607e-06;-8.12193e-06,3.3;3.3;3.3;-1.69557e-06;3.3;3.3;3.3;3.3,-1.75421e-06;-1.98773e-06;-1.631e-06;3.3;-1.91885e-06;-1.94714e-06;-1.61983e-06;-1.94909e-06,RETRY_5NS;RETRY_5NS;RETRY_5NS;RETRY_5NS;RETRY_5NS;RETRY_5NS;RETRY_5NS;RETRY_5NS,8,8,11101111,239,16,1110111,7,238,16,239,INFERRED_AT_DAC_BRIDGE_OUTPUT,11101111,239,11101111,239,11101111,239,11101111,239,True,True
MC200_CMP_XM5_XM6_W8P2524_XM7_XM11_W16P8587_S199_LOW_W4,66,-3.0984e-06;-8.13025e-06;-2.76809e-06;-3.18374e-06;-7.66095e-06;-8.44867e-06;-3.02464e-06;-7.68591e-06,-3.09114e-06;-8.12723e-06;-2.75885e-06;-3.17535e-06;-7.66074e-06;-8.45274e-06;-3.01643e-06;-7.69015e-06,3.3;3.3;-1.68415e-06;-1.70381e-06;3.3;3.3;-1.68375e-06;-1.9876e-06,-1.73076e-06;-1.98234e-06;3.3;3.3;-1.9245e-06;-1.93531e-06;3.3;3.3,RETRY_5NS;RETRY_5NS;RETRY_5NS;RETRY_5NS;RETRY_5NS;RETRY_5NS;RETRY_5NS;RETRY_5NS,8,8,11001100,204,51,1100110,7,204,50,204,INFERRED_AT_DAC_BRIDGE_OUTPUT,11001100,204,11001100,204,11001100,204,11001100,204,True,True
MC200_CMP_XM5_XM6_W8P2524_XM7_XM11_W16P8587_S199_LOW_W4,67,-2.97799e-06;-8.37737e-06;-2.90115e-06;-3.09483e-06;-7.9952e-06;-8.32627e-06;-2.9324e-06;-7.99498e-06,-2.97027e-06;-8.39059e-06;-2.89249e-06;-3.08614e-06;-7.99974e-06;-8.32838e-06;-2.92466e-06;-7.99907e-06,3.3;-2.05325e-06;-1.67852e-06;-1.69756e-06;-1.97387e-06;3.3;3.3;-1.97129e-06,-1.71239e-06;3.3;3.3;3.3;3.3;-1.93369e-06;-1.60889e-06;3.3,RETRY_5NS;RETRY_5NS;RETRY_5NS;RETRY_5NS;RETRY_5NS;RETRY_5NS;RETRY_5NS;RETRY_5NS,8,8,10000110,134,121,1000011,7,134,120,134,INFERRED_AT_DAC_BRIDGE_OUTPUT,10000110,134,10000110,134,10000110,134,10000110,134,True,True
MC200_CMP_XM5_XM6_W8P2524_XM7_XM11_W16P8587_S200_LOW_W4,0,-3.15598e-06;-7.66881e-06;-3.2583e-06;-3.25594e-06;-8.38477e-06;-8.38459e-06;-3.2416e-06;-8.42374e-06,-3.07813e-06;-7.68823e-06;-3.17981e-06;-3.17626e-06;-8.39938e-06;-8.39751e-06;-3.16225e-06;-8.43778e-06,3.3;3.3;3.3;-1.68703e-06;-1.99576e-06;-1.99124e-06;-1.67583e-06;-1.97697e-06,-1.74041e-06;-1.99031e-06;-1.64667e-06;3.3;3.3;3.3;3.3;3.3,RETRY_5NS;RETRY_5NS;RETRY_5NS;RETRY_5NS;RETRY_5NS;RETRY_5NS;RETRY_5NS;RETRY_5NS,8,8,11100000,224,31,1110000,7,224,30,224,INFERRED_AT_DAC_BRIDGE_OUTPUT,11100000,224,11100000,224,11100000,224,11100000,224,True,True
MC200_CMP_XM5_XM6_W8P2524_XM7_XM11_W16P8587_S200_LOW_W4,1,-3.34741e-06;-8.06561e-06;-3.65925e-06;-3.42792e-06;-8.61679e-06;-8.61691e-06;-3.62253e-06;-8.65642e-06,-3.26592e-06;-8.10179e-06;-3.57843e-06;-3.34485e-06;-8.65196e-06;-8.65029e-06;-3.54163e-06;-8.69053e-06,3.3;3.3;3.3;3.3;-2.01985e-06;-2.01716e-06;-1.70439e-06;-2.01254e-06,-1.77447e-06;-2.01559e-06;-1.67929e-06;-1.65736e-06;3.3;3.3;3.3;3.3,RETRY_5NS;RETRY_5NS;RETRY_5NS;RETRY_5NS;RETRY_5NS;RETRY_5NS;RETRY_5NS;RETRY_5NS,8,8,11110000,240,15,1111000,7,240,14,240,INFERRED_AT_DAC_BRIDGE_OUTPUT,11110000,240,11110000,240,11110000,240,11110000,240,True,True
MC200_CMP_XM5_XM6_W8P2524_XM7_XM11_W16P8587_S200_LOW_W4,2,-3.15253e-06;-8.437e-06;-3.26976e-06;-3.25002e-06;-8.38818e-06;-8.3856e-06;-3.24154e-06;-8.42369e-06,-3.075e-06;-8.44379e-06;-3.19012e-06;-3.17006e-06;-8.3947e-06;-8.39552e-06;-3.16247e-06;-8.4379e-06,3.3;3.3;-1.69069e-06;-1.68018e-06;3.3;3.3;-1.6771e-06;-1.98726e-06,-1.73217e-06;-1.98133e-06;3.3;3.3;-1.9505e-06;-1.94087e-06;3.3;3.3,RETRY_5NS;RETRY_5NS;RETRY_5NS;RETRY_5NS;RETRY_5NS;RETRY_5NS;RETRY_5NS;RETRY_5NS,8,8,11001100,204,51,1100110,7,204,50,204,INFERRED_AT_DAC_BRIDGE_OUTPUT,11001100,204,11001100,204,11001100,204,11001100,204,True,True
MC200_CMP_XM5_XM6_W8P2524_XM7_XM11_W16P8587_S200_LOW_W4,3,-3.23955e-06;-8.59344e-06;-3.30366e-06;-3.37206e-06;-8.53996e-06;-7.87127e-06;-3.36125e-06;-8.57935e-06,-3.15954e-06;-8.62987e-06;-3.22142e-06;-3.28961e-06;-8.5647e-06;-7.91528e-06;-3.27987e-06;-8.60562e-06,3.3;-2.05614e-06;-1.69717e-06;-1.69802e-06;-2.00593e-06;3.3;3.3;3.3,-1.73721e-06;3.3;3.3;3.3;3.3;-1.97107e-06;-1.65062e-06;-1.96091e-06,RETRY_5NS;RETRY_5NS;RETRY_5NS;RETRY_5NS;RETRY_5NS;RETRY_5NS;RETRY_5NS;RETRY_5NS,8,8,10000111,135,120,1000010,6,132,122,135,INFERRED_AT_DAC_BRIDGE_OUTPUT,10000111,135,10000111,135,10000111,135,10000111,135,True,True
MC200_CMP_XM5_XM6_W8P2524_XM7_XM11_W16P8587_S200_LOW_W4,64,-3.27649e-06;-7.59602e-06;-3.16925e-06;-3.37477e-06;-8.23005e-06;-8.53952e-06;-3.21163e-06;-8.22972e-06,-3.19612e-06;-7.6323e-06;-3.09265e-06;-3.29256e-06;-8.23106e-06;-8.56576e-06;-3.1329e-06;-8.22742e-06,3.3;3.3;3.3;-1.69996e-06;-1.98028e-06;-2.00645e-06;-1.67279e-06;3.3,-1.75429e-06;-2.00632e-06;-1.63753e-06;3.3;3.3;3.3;3.3;-1.92159e-06,RETRY_5NS;RETRY_5NS;RETRY_5NS;RETRY_5NS;RETRY_5NS;RETRY_5NS;RETRY_5NS;RETRY_5NS,8,8,11100001,225,30,1110000,7,224,30,225,INFERRED_AT_DAC_BRIDGE_OUTPUT,11100001,225,11100001,225,11100001,225,11100001,225,True,True
MC200_CMP_XM5_XM6_W8P2524_XM7_XM11_W16P8587_S200_LOW_W4,65,-3.46694e-06;-8.41059e-06;-3.37844e-06;-3.54729e-06;-8.4621e-06;-8.7718e-06;-3.58167e-06;-8.46243e-06,-3.38295e-06;-8.45439e-06;-3.29846e-06;-3.46172e-06;-8.48378e-06;-8.81854e-06;-3.50144e-06;-8.4801e-06,3.3;3.3;3.3;3.3;-2.00308e-06;-2.03236e-06;-1.70093e-06;-2.03346e-06,-1.79024e-06;-2.0307e-06;-1.66351e-06;-1.66826e-06;3.3;3.3;3.3;3.3,RETRY_5NS;RETRY_5NS;RETRY_5NS;RETRY_5NS;RETRY_5NS;RETRY_5NS;RETRY_5NS;RETRY_5NS,8,8,11110000,240,15,1111000,7,240,14,240,INFERRED_AT_DAC_BRIDGE_OUTPUT,11110000,240,11110000,240,11110000,240,11110000,240,True,True
MC200_CMP_XM5_XM6_W8P2524_XM7_XM11_W16P8587_S200_LOW_W4,66,-3.27283e-06;-8.59103e-06;-3.18112e-06;-3.36933e-06;-8.23302e-06;-8.54083e-06;-3.21152e-06;-8.22967e-06,-3.19278e-06;-8.61036e-06;-3.10338e-06;-3.28687e-06;-8.22682e-06;-8.56364e-06;-3.13309e-06;-8.22748e-06,3.3;3.3;-1.68056e-06;-1.69284e-06;3.3;3.3;-1.67322e-06;-1.96462e-06,-1.74595e-06;-1.99697e-06;3.3;3.3;-1.93509e-06;-1.95798e-06;3.3;3.3,RETRY_5NS;RETRY_5NS;RETRY_5NS;RETRY_5NS;RETRY_5NS;RETRY_5NS;RETRY_5NS;RETRY_5NS,8,8,11001100,204,51,1100110,7,204,50,204,INFERRED_AT_DAC_BRIDGE_OUTPUT,11001100,204,11001100,204,11001100,204,11001100,204,True,True
MC200_CMP_XM5_XM6_W8P2524_XM7_XM11_W16P8587_S200_LOW_W4,67,-3.36222e-06;-8.53664e-06;-3.12926e-06;-3.49125e-06;-8.38497e-06;-7.91061e-06;-3.33148e-06;-8.38484e-06,-3.27965e-06;-8.59122e-06;-3.04824e-06;-3.40626e-06;-8.39667e-06;-7.95766e-06;-3.25033e-06;-8.39595e-06,3.3;-2.07263e-06;-1.68824e-06;-1.70988e-06;-1.99029e-06;3.3;3.3;-1.9869e-06,-1.75121e-06;3.3;3.3;3.3;3.3;-1.98121e-06;-1.64538e-06;3.3,RETRY_5NS;RETRY_5NS;RETRY_5NS;RETRY_5NS;RETRY_5NS;RETRY_5NS;RETRY_5NS;RETRY_5NS,8,8,10000110,134,121,1000011,7,134,120,134,INFERRED_AT_DAC_BRIDGE_OUTPUT,10000110,134,10000110,134,10000110,134,10000110,134,True,True
