point_id,target,role,vid_v,variant,label,frames_per_point,conditioning_codes,formal_code,all_frames_valid,formal_valid,formal_bits,formal_complete_v,formal_invalid_v,formal_timeout_v,formal_complete_time_s,formal_stable_margin_ns,sampled_diff_v,input_diff_v,job
t020_low,20,low,-1.4491791492372048,CURRENT,full_transition_expand0,2,19,19,True,True,00010011,3.3,0.0,0.0,8.75484e-07,104.51599999999993,-1.44917,-1.44917,current_full_transition_expand0_f2_sh001
t020_high,20,high,-1.4292572742372047,CURRENT,full_transition_expand0,2,20,20,True,True,00010100,3.3,0.0,0.0,1.87548e-06,104.52000000000014,-1.42925,-1.42925,current_full_transition_expand0_f2_sh001
t021_low,21,low,-1.435919345645454,CURRENT,full_transition_expand0,2,20,20,True,True,00010100,3.3,0.0,0.0,2.87548e-06,104.51999999999973,-1.43591,-1.43591,current_full_transition_expand0_f2_sh001
t021_high,21,high,-1.415997470645454,CURRENT,full_transition_expand0,2,21,21,True,True,00010101,3.3,0.0,0.0,3.87548e-06,104.52000000000014,-1.41599,-1.41599,current_full_transition_expand0_f2_sh001
t022_low,22,low,-1.4226595420537034,CURRENT,full_transition_expand0,2,21,21,True,True,00010101,3.3,0.0,0.0,4.87548e-06,104.52000000000099,-1.42265,-1.42265,current_full_transition_expand0_f2_sh001
t022_high,22,high,-1.4027376670537033,CURRENT,full_transition_expand0,2,22,22,True,True,00010110,3.3,0.0,0.0,5.87548e-06,104.52000000000014,-1.40273,-1.40273,current_full_transition_expand0_f2_sh001
t023_low,23,low,-1.4093997384619525,CURRENT,full_transition_expand0,2,22,22,True,True,00010110,3.3,0.0,0.0,6.87548e-06,104.52000000000014,-1.40939,-1.40939,current_full_transition_expand0_f2_sh001
t023_high,23,high,-1.3894778634619525,CURRENT,full_transition_expand0,2,23,23,True,True,00010111,3.3,0.0,0.0,7.87548e-06,104.52000000000014,-1.38947,-1.38947,current_full_transition_expand0_f2_sh001
t024_low,24,low,-1.3961399348702017,CURRENT,full_transition_expand0,2,23,23,True,True,00010111,3.3,0.0,0.0,8.87548e-06,104.52000000000014,-1.39613,-1.39613,current_full_transition_expand0_f2_sh001
t024_high,24,high,-1.3762180598702016,CURRENT,full_transition_expand0,2,24,24,True,True,00011000,3.3,0.0,0.0,9.87548e-06,104.52000000000014,-1.37621,-1.37621,current_full_transition_expand0_f2_sh001
t025_low,25,low,-1.382880131278451,CURRENT,full_transition_expand0,2,24,24,True,True,00011000,3.3,0.0,0.0,1.08755e-05,104.50000000000044,-1.38287,-1.38287,current_full_transition_expand0_f2_sh001
t025_high,25,high,-1.362958256278451,CURRENT,full_transition_expand0,2,25,25,True,True,00011001,3.3,0.0,0.0,1.18755e-05,104.50000000000044,-1.36295,-1.36295,current_full_transition_expand0_f2_sh001
t026_low,26,low,-1.3696203276867003,CURRENT,full_transition_expand0,2,25,25,True,True,00011001,3.3,0.0,0.0,1.28755e-05,104.49999999999875,-1.36961,-1.36961,current_full_transition_expand0_f2_sh001
t026_high,26,high,-1.3496984526867002,CURRENT,full_transition_expand0,2,26,26,True,True,00011010,3.3,0.0,0.0,1.38755e-05,104.50000000000044,-1.34969,-1.34969,current_full_transition_expand0_f2_sh001
t027_low,27,low,-1.3563605240949494,CURRENT,full_transition_expand0,2,26,26,True,True,00011010,3.3,0.0,0.0,1.48755e-05,104.50000000000044,-1.35635,-1.35635,current_full_transition_expand0_f2_sh001
t027_high,27,high,-1.3364386490949494,CURRENT,full_transition_expand0,2,27,27,True,True,00011011,3.3,0.0,0.0,1.58755e-05,104.49999999999875,-1.33643,-1.33643,current_full_transition_expand0_f2_sh001
t028_low,28,low,-1.3431007205031988,CURRENT,full_transition_expand0,2,27,27,True,True,00011011,3.3,0.0,0.0,1.68755e-05,104.49999999999535,-1.34309,-1.34309,current_full_transition_expand0_f2_sh001
t028_high,28,high,-1.3231788455031988,CURRENT,full_transition_expand0,2,28,28,True,True,00011100,3.3,0.0,0.0,1.78755e-05,104.49999999999875,-1.32317,-1.32317,current_full_transition_expand0_f2_sh001
t029_low,29,low,-1.3298409169114482,CURRENT,full_transition_expand0,2,28,28,True,True,00011100,3.3,0.0,0.0,1.88755e-05,104.49999999999875,-1.32983,-1.32983,current_full_transition_expand0_f2_sh001
t029_high,29,high,-1.3099190419114481,CURRENT,full_transition_expand0,2,29,29,True,True,00011101,3.3,0.0,0.0,1.98755e-05,104.49999999999875,-1.30991,-1.30991,current_full_transition_expand0_f2_sh001
t030_low,30,low,-1.3165811133196974,CURRENT,full_transition_expand0,2,29,29,True,True,00011101,3.3,0.0,0.0,2.08755e-05,104.49999999999875,-1.31657,-1.31657,current_full_transition_expand0_f2_sh001
t030_high,30,high,-1.2966592383196973,CURRENT,full_transition_expand0,2,30,30,True,True,00011110,3.3,0.0,0.0,2.18755e-05,104.49999999999535,-1.29665,-1.29665,current_full_transition_expand0_f2_sh001
t034_low,34,low,-1.2635418989526943,CURRENT,full_transition_expand0,2,33,33,True,True,00100001,3.3,0.0,0.0,2.28755e-05,104.49999999999535,-1.26353,-1.26353,current_full_transition_expand0_f2_sh001
t034_high,34,high,-1.2436200239526942,CURRENT,full_transition_expand0,2,34,34,True,True,00100010,3.3,0.0,0.0,2.38755e-05,104.49999999999875,-1.24361,-1.24361,current_full_transition_expand0_f2_sh001
t035_low,35,low,-1.2502820953609437,CURRENT,full_transition_expand0,2,34,34,True,True,00100010,3.3,0.0,0.0,2.48755e-05,104.49999999999875,-1.25027,-1.25027,current_full_transition_expand0_f2_sh001
t035_high,35,high,-1.2303602203609436,CURRENT,full_transition_expand0,2,35,35,True,True,00100011,3.3,0.0,0.0,2.58755e-05,104.49999999999875,-1.23035,-1.23035,current_full_transition_expand0_f2_sh001
t036_low,36,low,-1.2370222917691929,CURRENT,full_transition_expand0,2,35,35,True,True,00100011,3.3,0.0,0.0,2.68755e-05,104.49999999999875,-1.23701,-1.23701,current_full_transition_expand0_f2_sh001
t036_high,36,high,-1.2171004167691928,CURRENT,full_transition_expand0,2,36,36,True,True,00100100,3.3,0.0,0.0,2.78755e-05,104.49999999999535,-1.21709,-1.21709,current_full_transition_expand0_f2_sh001
t037_low,37,low,-1.223762488177442,CURRENT,full_transition_expand0,2,36,36,True,True,00100100,3.3,0.0,0.0,2.88755e-05,104.49999999999535,-1.22375,-1.22375,current_full_transition_expand0_f2_sh001
t037_high,37,high,-1.203840613177442,CURRENT,full_transition_expand0,2,37,37,True,True,00100101,3.3,0.0,0.0,2.98755e-05,104.49999999999875,-1.20383,-1.20383,current_full_transition_expand0_f2_sh001
t038_low,38,low,-1.2105026845856914,CURRENT,full_transition_expand0,2,37,37,True,True,00100101,3.3,0.0,0.0,3.08755e-05,104.49999999999875,-1.21049,-1.21049,current_full_transition_expand0_f2_sh001
t038_high,38,high,-1.1905808095856913,CURRENT,full_transition_expand0,2,38,38,True,True,00100110,3.3,0.0,0.0,3.18755e-05,104.49999999999197,-1.19057,-1.19057,current_full_transition_expand0_f2_sh001
t003_low,3,low,-1.6745958102969674,CURRENT,full_transition_expand0,2,2,2,True,True,00000010,3.3,0.0,0.0,8.75483e-07,104.51699999999995,-1.67459,-1.67459,current_full_transition_expand0_f2_sh000
t003_high,3,high,-1.6546739352969673,CURRENT,full_transition_expand0,2,3,3,True,True,00000011,3.3,0.0,0.0,1.87548e-06,104.52000000000014,-1.65466,-1.65466,current_full_transition_expand0_f2_sh000
t004_low,4,low,-1.6613360067052165,CURRENT,full_transition_expand0,2,3,3,True,True,00000011,3.3,0.0,0.0,2.87548e-06,104.51999999999973,-1.66133,-1.66133,current_full_transition_expand0_f2_sh000
t004_high,4,high,-1.6414141317052164,CURRENT,full_transition_expand0,2,4,4,True,True,00000100,3.3,0.0,0.0,3.87548e-06,104.52000000000014,-1.6414,-1.6414,current_full_transition_expand0_f2_sh000
t005_low,5,low,-1.648076203113466,CURRENT,full_transition_expand0,2,4,4,True,True,00000100,3.3,0.0,0.0,4.87548e-06,104.52000000000099,-1.64807,-1.64807,current_full_transition_expand0_f2_sh000
t005_high,5,high,-1.6281543281134658,CURRENT,full_transition_expand0,2,5,5,True,True,00000101,3.3,0.0,0.0,5.87548e-06,104.52000000000014,-1.62814,-1.62814,current_full_transition_expand0_f2_sh000
t006_low,6,low,-1.634816399521715,CURRENT,full_transition_expand0,2,5,5,True,True,00000101,3.3,0.0,0.0,6.87548e-06,104.52000000000014,-1.63481,-1.63481,current_full_transition_expand0_f2_sh000
t006_high,6,high,-1.614894524521715,CURRENT,full_transition_expand0,2,6,6,True,True,00000110,3.3,0.0,0.0,7.87548e-06,104.52000000000014,-1.61488,-1.61488,current_full_transition_expand0_f2_sh000
t007_low,7,low,-1.6215565959299643,CURRENT,full_transition_expand0,2,6,6,True,True,00000110,3.3,0.0,0.0,8.87548e-06,104.52000000000014,-1.62155,-1.62155,current_full_transition_expand0_f2_sh000
t007_high,7,high,-1.6016347209299642,CURRENT,full_transition_expand0,2,7,7,True,True,00000111,3.3,0.0,0.0,9.87548e-06,104.52000000000014,-1.60162,-1.60162,current_full_transition_expand0_f2_sh000
t008_low,8,low,-1.6082967923382137,CURRENT,full_transition_expand0,2,7,7,True,True,00000111,3.3,0.0,0.0,1.08755e-05,104.50000000000044,-1.60829,-1.60829,current_full_transition_expand0_f2_sh000
t008_high,8,high,-1.5883749173382136,CURRENT,full_transition_expand0,2,8,8,True,True,00001000,3.3,0.0,0.0,1.18755e-05,104.50000000000044,-1.58836,-1.58836,current_full_transition_expand0_f2_sh000
t009_low,9,low,-1.5950369887464628,CURRENT,full_transition_expand0,2,8,8,True,True,00001000,3.3,0.0,0.0,1.28755e-05,104.49999999999875,-1.59503,-1.59503,current_full_transition_expand0_f2_sh000
t009_high,9,high,-1.5751151137464627,CURRENT,full_transition_expand0,2,9,9,True,True,00001001,3.3,0.0,0.0,1.38755e-05,104.50000000000044,-1.57511,-1.57511,current_full_transition_expand0_f2_sh000
t010_low,10,low,-1.5817771851547122,CURRENT,full_transition_expand0,2,9,9,True,True,00001001,3.3,0.0,0.0,1.48755e-05,104.50000000000044,-1.58177,-1.58177,current_full_transition_expand0_f2_sh000
t010_high,10,high,-1.5618553101547121,CURRENT,full_transition_expand0,2,10,10,True,True,00001010,3.3,0.0,0.0,1.58755e-05,104.49999999999875,-1.56185,-1.56185,current_full_transition_expand0_f2_sh000
t011_low,11,low,-1.5685173815629614,CURRENT,full_transition_expand0,2,10,10,True,True,00001010,3.3,0.0,0.0,1.68755e-05,104.49999999999535,-1.56851,-1.56851,current_full_transition_expand0_f2_sh000
t011_high,11,high,-1.5485955065629613,CURRENT,full_transition_expand0,2,11,11,True,True,00001011,3.3,0.0,0.0,1.78755e-05,104.49999999999875,-1.54859,-1.54859,current_full_transition_expand0_f2_sh000
t012_low,12,low,-1.5552575779712108,CURRENT,full_transition_expand0,2,11,11,True,True,00001011,3.3,0.0,0.0,1.88755e-05,104.49999999999875,-1.55525,-1.55525,current_full_transition_expand0_f2_sh000
t012_high,12,high,-1.5353357029712107,CURRENT,full_transition_expand0,2,12,12,True,True,00001100,3.3,0.0,0.0,1.98755e-05,104.49999999999875,-1.53533,-1.53533,current_full_transition_expand0_f2_sh000
t013_low,13,low,-1.54199777437946,CURRENT,full_transition_expand0,2,12,12,True,True,00001100,3.3,0.0,0.0,2.08755e-05,104.49999999999875,-1.54199,-1.54199,current_full_transition_expand0_f2_sh000
t013_high,13,high,-1.5220758993794599,CURRENT,full_transition_expand0,2,13,13,True,True,00001101,3.3,0.0,0.0,2.18755e-05,104.49999999999535,-1.52207,-1.52207,current_full_transition_expand0_f2_sh000
t014_low,14,low,-1.5287379707877091,CURRENT,full_transition_expand0,2,13,13,True,True,00001101,3.3,0.0,0.0,2.28755e-05,104.49999999999535,-1.52873,-1.52873,current_full_transition_expand0_f2_sh000
t014_high,14,high,-1.508816095787709,CURRENT,full_transition_expand0,2,14,14,True,True,00001110,3.3,0.0,0.0,2.38755e-05,104.49999999999875,-1.50881,-1.50881,current_full_transition_expand0_f2_sh000
t015_low,15,low,-1.5154781671959585,CURRENT,full_transition_expand0,2,14,14,True,True,00001110,3.3,0.0,0.0,2.48755e-05,104.49999999999875,-1.51547,-1.51547,current_full_transition_expand0_f2_sh000
t015_high,15,high,-1.4955562921959584,CURRENT,full_transition_expand0,2,15,15,True,True,00001111,3.3,0.0,0.0,2.58755e-05,104.49999999999875,-1.49555,-1.49555,current_full_transition_expand0_f2_sh000
t017_low,17,low,-1.4889585600124569,CURRENT,full_transition_expand0,2,16,16,True,True,00010000,3.3,0.0,0.0,2.68755e-05,104.49999999999875,-1.48895,-1.48895,current_full_transition_expand0_f2_sh000
t017_high,17,high,-1.4690366850124568,CURRENT,full_transition_expand0,2,17,17,True,True,00010001,3.3,0.0,0.0,2.78755e-05,104.49999999999535,-1.46903,-1.46903,current_full_transition_expand0_f2_sh000
t018_low,18,low,-1.4756987564207062,CURRENT,full_transition_expand0,2,17,17,True,True,00010001,3.3,0.0,0.0,2.88755e-05,104.49999999999535,-1.47569,-1.47569,current_full_transition_expand0_f2_sh000
t018_high,18,high,-1.4557768814207062,CURRENT,full_transition_expand0,2,18,18,True,True,00010010,3.3,0.0,0.0,2.98755e-05,104.49999999999875,-1.45577,-1.45577,current_full_transition_expand0_f2_sh000
t019_low,19,low,-1.4624389528289554,CURRENT,full_transition_expand0,2,18,18,True,True,00010010,3.3,0.0,0.0,3.08755e-05,104.49999999999875,-1.46243,-1.46243,current_full_transition_expand0_f2_sh000
t019_high,19,high,-1.4425170778289553,CURRENT,full_transition_expand0,2,19,19,True,True,00010011,3.3,0.0,0.0,3.18755e-05,104.49999999999197,-1.44251,-1.44251,current_full_transition_expand0_f2_sh000
t039_low,39,low,-1.1972428809939408,CURRENT,full_transition_expand0,2,38,38,True,True,00100110,3.3,0.0,0.0,8.75483e-07,104.51699999999995,-1.19723,-1.19723,current_full_transition_expand0_f2_sh002
t039_high,39,high,-1.1773210059939407,CURRENT,full_transition_expand0,2,39,39,True,True,00100111,3.3,0.0,0.0,1.87548e-06,104.52000000000014,-1.17731,-1.17731,current_full_transition_expand0_f2_sh002
t040_low,40,low,-1.18398307740219,CURRENT,full_transition_expand0,2,39,39,True,True,00100111,3.3,0.0,0.0,2.87548e-06,104.51999999999973,-1.18397,-1.18397,current_full_transition_expand0_f2_sh002
t040_high,40,high,-1.16406120240219,CURRENT,full_transition_expand0,2,40,40,True,True,00101000,3.3,0.0,0.0,3.87548e-06,104.52000000000014,-1.16405,-1.16405,current_full_transition_expand0_f2_sh002
t041_low,41,low,-1.1707232738104392,CURRENT,full_transition_expand0,2,40,40,True,True,00101000,3.3,0.0,0.0,4.87548e-06,104.52000000000099,-1.17071,-1.17071,current_full_transition_expand0_f2_sh002
t041_high,41,high,-1.150801398810439,CURRENT,full_transition_expand0,2,41,41,True,True,00101001,3.3,0.0,0.0,5.87548e-06,104.52000000000014,-1.15079,-1.15079,current_full_transition_expand0_f2_sh002
t042_low,42,low,-1.1574634702186886,CURRENT,full_transition_expand0,2,41,41,True,True,00101001,3.3,0.0,0.0,6.87548e-06,104.52000000000014,-1.15745,-1.15745,current_full_transition_expand0_f2_sh002
t042_high,42,high,-1.1375415952186885,CURRENT,full_transition_expand0,2,42,42,True,True,00101010,3.3,0.0,0.0,7.87548e-06,104.52000000000014,-1.13753,-1.13753,current_full_transition_expand0_f2_sh002
t043_low,43,low,-1.1442036666269377,CURRENT,full_transition_expand0,2,42,42,True,True,00101010,3.3,0.0,0.0,8.87548e-06,104.52000000000014,-1.14419,-1.14419,current_full_transition_expand0_f2_sh002
t043_high,43,high,-1.1242817916269376,CURRENT,full_transition_expand0,2,43,43,True,True,00101011,3.3,0.0,0.0,9.87548e-06,104.52000000000014,-1.12427,-1.12427,current_full_transition_expand0_f2_sh002
t044_low,44,low,-1.130943863035187,CURRENT,full_transition_expand0,2,43,43,True,True,00101011,3.3,0.0,0.0,1.08755e-05,104.50000000000044,-1.13093,-1.13093,current_full_transition_expand0_f2_sh002
t044_high,44,high,-1.1110219880351868,CURRENT,full_transition_expand0,2,44,44,True,True,00101100,3.3,0.0,0.0,1.18755e-05,104.50000000000044,-1.11101,-1.11101,current_full_transition_expand0_f2_sh002
t045_low,45,low,-1.1176840594434363,CURRENT,full_transition_expand0,2,44,44,True,True,00101100,3.3,0.0,0.0,1.28755e-05,104.49999999999875,-1.11767,-1.11767,current_full_transition_expand0_f2_sh002
t045_high,45,high,-1.0977621844434362,CURRENT,full_transition_expand0,2,45,45,True,True,00101101,3.3,0.0,0.0,1.38755e-05,104.50000000000044,-1.09775,-1.09775,current_full_transition_expand0_f2_sh002
t046_low,46,low,-1.1044242558516857,CURRENT,full_transition_expand0,2,45,45,True,True,00101101,3.3,0.0,0.0,1.48755e-05,104.50000000000044,-1.10441,-1.10441,current_full_transition_expand0_f2_sh002
t046_high,46,high,-1.0845023808516856,CURRENT,full_transition_expand0,2,46,46,True,True,00101110,3.3,0.0,0.0,1.58755e-05,104.49999999999875,-1.08449,-1.08449,current_full_transition_expand0_f2_sh002
t047_low,47,low,-1.0911644522599346,CURRENT,full_transition_expand0,2,46,46,True,True,00101110,3.3,0.0,0.0,1.68755e-05,104.49999999999535,-1.09115,-1.09115,current_full_transition_expand0_f2_sh002
t047_high,47,high,-1.0712425772599345,CURRENT,full_transition_expand0,2,47,47,True,True,00101111,3.3,0.0,0.0,1.78755e-05,104.49999999999875,-1.07123,-1.07123,current_full_transition_expand0_f2_sh002
t049_low,49,low,-1.0646448450764334,CURRENT,full_transition_expand0,2,48,48,True,True,00110000,3.3,0.0,0.0,1.88755e-05,104.49999999999875,-1.06463,-1.06463,current_full_transition_expand0_f2_sh002
t049_high,49,high,-1.0447229700764333,CURRENT,full_transition_expand0,2,49,49,True,True,00110001,3.3,0.0,0.0,1.98755e-05,104.49999999999875,-1.04471,-1.04471,current_full_transition_expand0_f2_sh002
t050_low,50,low,-1.0513850414846826,CURRENT,full_transition_expand0,2,49,49,True,True,00110001,3.3,0.0,0.0,2.08755e-05,104.49999999999875,-1.05138,-1.05138,current_full_transition_expand0_f2_sh002
t050_high,50,high,-1.0314631664846825,CURRENT,full_transition_expand0,2,50,50,True,True,00110010,3.3,0.0,0.0,2.18755e-05,104.49999999999535,-1.03145,-1.03145,current_full_transition_expand0_f2_sh002
t051_low,51,low,-1.0381252378929318,CURRENT,full_transition_expand0,2,50,50,True,True,00110010,3.3,0.0,0.0,2.28755e-05,104.49999999999535,-1.03812,-1.03812,current_full_transition_expand0_f2_sh002
t051_high,51,high,-1.0182033628929317,CURRENT,full_transition_expand0,2,51,51,True,True,00110011,3.3,0.0,0.0,2.38755e-05,104.49999999999875,-1.01819,-1.01819,current_full_transition_expand0_f2_sh002
t052_low,52,low,-1.0248654343011812,CURRENT,full_transition_expand0,2,51,51,True,True,00110011,3.3,0.0,0.0,2.48755e-05,104.49999999999875,-1.02486,-1.02486,current_full_transition_expand0_f2_sh002
t052_high,52,high,-1.004943559301181,CURRENT,full_transition_expand0,2,52,52,True,True,00110100,3.3,0.0,0.0,2.58755e-05,104.49999999999875,-1.00493,-1.00493,current_full_transition_expand0_f2_sh002
t053_low,53,low,-1.0116056307094303,CURRENT,full_transition_expand0,2,52,52,True,True,00110100,3.3,0.0,0.0,2.68755e-05,104.49999999999875,-1.0116,-1.0116,current_full_transition_expand0_f2_sh002
t053_high,53,high,-0.9916837557094302,CURRENT,full_transition_expand0,2,53,53,True,True,00110101,3.3,0.0,0.0,2.78755e-05,104.49999999999535,-0.991674,-0.991674,current_full_transition_expand0_f2_sh002
t054_low,54,low,-0.9983458271176796,CURRENT,full_transition_expand0,2,53,53,True,True,00110101,3.3,0.0,0.0,2.88755e-05,104.49999999999535,-0.998336,-0.998336,current_full_transition_expand0_f2_sh002
t054_high,54,high,-0.9784239521176795,CURRENT,full_transition_expand0,2,54,54,True,True,00110110,3.3,0.0,0.0,2.98755e-05,104.49999999999875,-0.978414,-0.978414,current_full_transition_expand0_f2_sh002
t055_low,55,low,-0.9850860235259289,CURRENT,full_transition_expand0,2,54,54,True,True,00110110,3.3,0.0,0.0,3.08755e-05,104.49999999999875,-0.985076,-0.985076,current_full_transition_expand0_f2_sh002
t055_high,55,high,-0.9651641485259288,CURRENT,full_transition_expand0,2,55,55,True,True,00110111,3.3,0.0,0.0,3.18755e-05,104.49999999999197,-0.965154,-0.965154,current_full_transition_expand0_f2_sh002
t056_low,56,low,-0.9718262199341782,CURRENT,full_transition_expand0,2,55,55,True,True,00110111,3.3,0.0,0.0,8.75481e-07,104.5189999999999,-0.971816,-0.971816,current_full_transition_expand0_f2_sh003
t056_high,56,high,-0.9519043449341781,CURRENT,full_transition_expand0,2,56,56,True,True,00111000,3.3,0.0,0.0,1.87548e-06,104.52000000000014,-0.951894,-0.951894,current_full_transition_expand0_f2_sh003
t057_low,57,low,-0.9585664163424275,CURRENT,full_transition_expand0,2,56,56,True,True,00111000,3.3,0.0,0.0,2.87548e-06,104.51999999999973,-0.958556,-0.958556,current_full_transition_expand0_f2_sh003
t057_high,57,high,-0.9386445413424274,CURRENT,full_transition_expand0,2,57,57,True,True,00111001,3.3,0.0,0.0,3.87548e-06,104.52000000000014,-0.938635,-0.938635,current_full_transition_expand0_f2_sh003
t058_low,58,low,-0.9453066127506766,CURRENT,full_transition_expand0,2,57,57,True,True,00111001,3.3,0.0,0.0,4.87548e-06,104.52000000000099,-0.945297,-0.945297,current_full_transition_expand0_f2_sh003
t058_high,58,high,-0.9253847377506765,CURRENT,full_transition_expand0,2,58,58,True,True,00111010,3.3,0.0,0.0,5.87548e-06,104.52000000000014,-0.925375,-0.925375,current_full_transition_expand0_f2_sh003
t059_low,59,low,-0.9320468091589259,CURRENT,full_transition_expand0,2,58,58,True,True,00111010,3.3,0.0,0.0,6.87548e-06,104.52000000000014,-0.932037,-0.932037,current_full_transition_expand0_f2_sh003
t059_high,59,high,-0.9121249341589258,CURRENT,full_transition_expand0,2,59,59,True,True,00111011,3.3,0.0,0.0,7.87548e-06,104.52000000000014,-0.912115,-0.912115,current_full_transition_expand0_f2_sh003
t060_low,60,low,-0.9187870055671752,CURRENT,full_transition_expand0,2,59,59,True,True,00111011,3.3,0.0,0.0,8.87548e-06,104.52000000000014,-0.918777,-0.918777,current_full_transition_expand0_f2_sh003
t060_high,60,high,-0.8988651305671751,CURRENT,full_transition_expand0,2,60,60,True,True,00111100,3.3,0.0,0.0,9.87548e-06,104.52000000000014,-0.898855,-0.898855,current_full_transition_expand0_f2_sh003
t061_low,61,low,-0.9055272019754245,CURRENT,full_transition_expand0,2,60,60,True,True,00111100,3.3,0.0,0.0,1.08755e-05,104.50000000000044,-0.905517,-0.905517,current_full_transition_expand0_f2_sh003
t061_high,61,high,-0.8856053269754244,CURRENT,full_transition_expand0,2,61,61,True,True,00111101,3.3,0.0,0.0,1.18755e-05,104.50000000000044,-0.885595,-0.885595,current_full_transition_expand0_f2_sh003
t062_low,62,low,-0.8922673983836737,CURRENT,full_transition_expand0,2,61,61,True,True,00111101,3.3,0.0,0.0,1.28755e-05,104.49999999999875,-0.892257,-0.892257,current_full_transition_expand0_f2_sh003
t062_high,62,high,-0.8723455233836737,CURRENT,full_transition_expand0,2,62,62,True,True,00111110,3.3,0.0,0.0,1.38755e-05,104.50000000000044,-0.872336,-0.872336,current_full_transition_expand0_f2_sh003
t066_low,66,low,-0.8392281840166708,CURRENT,full_transition_expand0,2,65,65,True,True,01000001,3.3,0.0,0.0,1.48755e-05,104.50000000000044,-0.839218,-0.839218,current_full_transition_expand0_f2_sh003
t066_high,66,high,-0.8193063090166707,CURRENT,full_transition_expand0,2,66,66,True,True,01000010,3.3,0.0,0.0,1.58755e-05,104.49999999999875,-0.819296,-0.819296,current_full_transition_expand0_f2_sh003
t067_low,67,low,-0.82596838042492,CURRENT,full_transition_expand0,2,66,66,True,True,01000010,3.3,0.0,0.0,1.68755e-05,104.49999999999535,-0.825959,-0.825958,current_full_transition_expand0_f2_sh003
t067_high,67,high,-0.80604650542492,CURRENT,full_transition_expand0,2,67,67,True,True,01000011,3.3,0.0,0.0,1.78755e-05,104.49999999999875,-0.806037,-0.806037,current_full_transition_expand0_f2_sh003
t068_low,68,low,-0.8127085768331692,CURRENT,full_transition_expand0,2,67,67,True,True,01000011,3.3,0.0,0.0,1.88755e-05,104.49999999999875,-0.812699,-0.812699,current_full_transition_expand0_f2_sh003
t068_high,68,high,-0.7927867018331691,CURRENT,full_transition_expand0,2,68,68,True,True,01000100,3.3,0.0,0.0,1.98755e-05,104.49999999999875,-0.792777,-0.792777,current_full_transition_expand0_f2_sh003
t069_low,69,low,-0.7994487732414185,CURRENT,full_transition_expand0,2,68,68,True,True,01000100,3.3,0.0,0.0,2.08755e-05,104.49999999999875,-0.799439,-0.799439,current_full_transition_expand0_f2_sh003
t069_high,69,high,-0.7795268982414184,CURRENT,full_transition_expand0,2,69,69,True,True,01000101,3.3,0.0,0.0,2.18755e-05,104.49999999999535,-0.779517,-0.779517,current_full_transition_expand0_f2_sh003
t070_low,70,low,-0.7861889696496678,CURRENT,full_transition_expand0,2,69,69,True,True,01000101,3.3,0.0,0.0,2.28755e-05,104.49999999999535,-0.786179,-0.786179,current_full_transition_expand0_f2_sh003
t070_high,70,high,-0.7662670946496677,CURRENT,full_transition_expand0,2,70,70,True,True,01000110,3.3,0.0,0.0,2.38755e-05,104.49999999999875,-0.766257,-0.766257,current_full_transition_expand0_f2_sh003
t071_low,71,low,-0.7729291660579171,CURRENT,full_transition_expand0,2,70,70,True,True,01000110,3.3,0.0,0.0,2.48755e-05,104.49999999999875,-0.772919,-0.772919,current_full_transition_expand0_f2_sh003
t071_high,71,high,-0.753007291057917,CURRENT,full_transition_expand0,2,71,71,True,True,01000111,3.3,0.0,0.0,2.58755e-05,104.49999999999875,-0.752997,-0.752997,current_full_transition_expand0_f2_sh003
t072_low,72,low,-0.7596693624661663,CURRENT,full_transition_expand0,2,71,71,True,True,01000111,3.3,0.0,0.0,2.68755e-05,104.49999999999875,-0.759659,-0.759659,current_full_transition_expand0_f2_sh003
t072_high,72,high,-0.7397474874661663,CURRENT,full_transition_expand0,2,72,72,True,True,01001000,3.3,0.0,0.0,2.78755e-05,104.49999999999535,-0.739738,-0.739738,current_full_transition_expand0_f2_sh003
t073_low,73,low,-0.7464095588744155,CURRENT,full_transition_expand0,2,72,72,True,True,01001000,3.3,0.0,0.0,2.88755e-05,104.49999999999535,-0.7464,-0.7464,current_full_transition_expand0_f2_sh003
t073_high,73,high,-0.7264876838744154,CURRENT,full_transition_expand0,2,73,73,True,True,01001001,3.3,0.0,0.0,2.98755e-05,104.49999999999875,-0.726478,-0.726478,current_full_transition_expand0_f2_sh003
t074_low,74,low,-0.7331497552826648,CURRENT,full_transition_expand0,2,73,73,True,True,01001001,3.3,0.0,0.0,3.08755e-05,104.49999999999875,-0.73314,-0.73314,current_full_transition_expand0_f2_sh003
t074_high,74,high,-0.7132278802826647,CURRENT,full_transition_expand0,2,74,74,True,True,01001010,3.3,0.0,0.0,3.18755e-05,104.49999999999197,-0.713218,-0.713218,current_full_transition_expand0_f2_sh003
t075_low,75,low,-0.7198899516909141,CURRENT,full_transition_expand0,2,74,74,True,True,01001010,3.3,0.0,0.0,8.75483e-07,104.51699999999995,-0.71988,-0.71988,current_full_transition_expand0_f2_sh004
t075_high,75,high,-0.699968076690914,CURRENT,full_transition_expand0,2,75,75,True,True,01001011,3.3,0.0,0.0,1.87548e-06,104.52000000000014,-0.699958,-0.699958,current_full_transition_expand0_f2_sh004
t076_low,76,low,-0.7066301480991634,CURRENT,full_transition_expand0,2,75,75,True,True,01001011,3.3,0.0,0.0,2.87548e-06,104.51999999999973,-0.70662,-0.70662,current_full_transition_expand0_f2_sh004
t076_high,76,high,-0.6867082730991633,CURRENT,full_transition_expand0,2,76,76,True,True,01001100,3.3,0.0,0.0,3.87548e-06,104.52000000000014,-0.686698,-0.686698,current_full_transition_expand0_f2_sh004
t077_low,77,low,-0.6933703445074126,CURRENT,full_transition_expand0,2,76,76,True,True,01001100,3.3,0.0,0.0,4.87548e-06,104.52000000000099,-0.69336,-0.69336,current_full_transition_expand0_f2_sh004
t077_high,77,high,-0.6734484695074126,CURRENT,full_transition_expand0,2,77,77,True,True,01001101,3.3,0.0,0.0,5.87548e-06,104.52000000000014,-0.673439,-0.673439,current_full_transition_expand0_f2_sh004
t078_low,78,low,-0.6801105409156618,CURRENT,full_transition_expand0,2,77,77,True,True,01001101,3.3,0.0,0.0,6.87548e-06,104.52000000000014,-0.680101,-0.680101,current_full_transition_expand0_f2_sh004
t078_high,78,high,-0.6601886659156617,CURRENT,full_transition_expand0,2,78,78,True,True,01001110,3.3,0.0,0.0,7.87548e-06,104.52000000000014,-0.660179,-0.660179,current_full_transition_expand0_f2_sh004
t079_low,79,low,-0.6668507373239112,CURRENT,full_transition_expand0,2,78,78,True,True,01001110,3.3,0.0,0.0,8.87548e-06,104.52000000000014,-0.666841,-0.666841,current_full_transition_expand0_f2_sh004
t079_high,79,high,-0.6469288623239111,CURRENT,full_transition_expand0,2,79,79,True,True,01001111,3.3,0.0,0.0,9.87548e-06,104.52000000000014,-0.646919,-0.646919,current_full_transition_expand0_f2_sh004
t081_low,81,low,-0.6403311301404095,CURRENT,full_transition_expand0,2,80,80,True,True,01010000,3.3,0.0,0.0,1.08755e-05,104.50000000000044,-0.640321,-0.640321,current_full_transition_expand0_f2_sh004
t081_high,81,high,-0.6204092551404095,CURRENT,full_transition_expand0,2,81,81,True,True,01010001,3.3,0.0,0.0,1.18755e-05,104.50000000000044,-0.620399,-0.620399,current_full_transition_expand0_f2_sh004
t082_low,82,low,-0.6270713265486589,CURRENT,full_transition_expand0,2,81,81,True,True,01010001,3.3,0.0,0.0,1.28755e-05,104.49999999999875,-0.627061,-0.627061,current_full_transition_expand0_f2_sh004
t082_high,82,high,-0.6071494515486588,CURRENT,full_transition_expand0,2,82,82,True,True,01010010,3.3,0.0,0.0,1.38755e-05,104.50000000000044,-0.60714,-0.607139,current_full_transition_expand0_f2_sh004
t083_low,83,low,-0.6138115229569081,CURRENT,full_transition_expand0,2,82,82,True,True,01010010,3.3,0.0,0.0,1.48755e-05,104.50000000000044,-0.613802,-0.613802,current_full_transition_expand0_f2_sh004
t083_high,83,high,-0.593889647956908,CURRENT,full_transition_expand0,2,83,83,True,True,01010011,3.3,0.0,0.0,1.58755e-05,104.49999999999875,-0.59388,-0.59388,current_full_transition_expand0_f2_sh004
t084_low,84,low,-0.6005517193651575,CURRENT,full_transition_expand0,2,83,83,True,True,01010011,3.3,0.0,0.0,1.68755e-05,104.49999999999535,-0.600542,-0.600542,current_full_transition_expand0_f2_sh004
t084_high,84,high,-0.5806298443651574,CURRENT,full_transition_expand0,2,84,84,True,True,01010100,3.3,0.0,0.0,1.78755e-05,104.49999999999875,-0.58062,-0.58062,current_full_transition_expand0_f2_sh004
t085_low,85,low,-0.5872919157734067,CURRENT,full_transition_expand0,2,84,84,True,True,01010100,3.3,0.0,0.0,1.88755e-05,104.49999999999875,-0.587282,-0.587282,current_full_transition_expand0_f2_sh004
t085_high,85,high,-0.5673700407734066,CURRENT,full_transition_expand0,2,85,85,True,True,01010101,3.3,0.0,0.0,1.98755e-05,104.49999999999875,-0.56736,-0.56736,current_full_transition_expand0_f2_sh004
t086_low,86,low,-0.5740321121816561,CURRENT,full_transition_expand0,2,85,85,True,True,01010101,3.3,0.0,0.0,2.08755e-05,104.49999999999875,-0.574022,-0.574022,current_full_transition_expand0_f2_sh004
t086_high,86,high,-0.554110237181656,CURRENT,full_transition_expand0,2,86,86,True,True,01010110,3.3,0.0,0.0,2.18755e-05,104.49999999999535,-0.5541,-0.5541,current_full_transition_expand0_f2_sh004
t087_low,87,low,-0.5607723085899052,CURRENT,full_transition_expand0,2,86,86,True,True,01010110,3.3,0.0,0.0,2.28755e-05,104.49999999999535,-0.560762,-0.560762,current_full_transition_expand0_f2_sh004
t087_high,87,high,-0.5408504335899051,CURRENT,full_transition_expand0,2,87,87,True,True,01010111,3.3,0.0,0.0,2.38755e-05,104.49999999999875,-0.540841,-0.54084,current_full_transition_expand0_f2_sh004
t088_low,88,low,-0.5475125049981544,CURRENT,full_transition_expand0,2,87,87,True,True,01010111,3.3,0.0,0.0,2.48755e-05,104.49999999999875,-0.547503,-0.547503,current_full_transition_expand0_f2_sh004
t088_high,88,high,-0.5275906299981543,CURRENT,full_transition_expand0,2,88,88,True,True,01011000,3.3,0.0,0.0,2.58755e-05,104.49999999999875,-0.527581,-0.527581,current_full_transition_expand0_f2_sh004
t089_low,89,low,-0.5342527014064038,CURRENT,full_transition_expand0,2,88,88,True,True,01011000,3.3,0.0,0.0,2.68755e-05,104.49999999999875,-0.534243,-0.534243,current_full_transition_expand0_f2_sh004
t089_high,89,high,-0.5143308264064037,CURRENT,full_transition_expand0,2,89,89,True,True,01011001,3.3,0.0,0.0,2.78755e-05,104.49999999999535,-0.514321,-0.514321,current_full_transition_expand0_f2_sh004
t090_low,90,low,-0.520992897814653,CURRENT,full_transition_expand0,2,89,89,True,True,01011001,3.3,0.0,0.0,2.88755e-05,104.49999999999535,-0.520983,-0.520983,current_full_transition_expand0_f2_sh004
t090_high,90,high,-0.5010710228146529,CURRENT,full_transition_expand0,2,90,90,True,True,01011010,3.3,0.0,0.0,2.98755e-05,104.49999999999875,-0.501061,-0.501061,current_full_transition_expand0_f2_sh004
t091_low,91,low,-0.5077330942229024,CURRENT,full_transition_expand0,2,90,90,True,True,01011010,3.3,0.0,0.0,3.08755e-05,104.49999999999875,-0.507723,-0.507723,current_full_transition_expand0_f2_sh004
t091_high,91,high,-0.4878112192229023,CURRENT,full_transition_expand0,2,91,91,True,True,01011011,3.3,0.0,0.0,3.18755e-05,104.49999999999197,-0.487801,-0.487801,current_full_transition_expand0_f2_sh004
t092_low,92,low,-0.4944732906311515,CURRENT,full_transition_expand0,2,91,91,True,True,01011011,3.3,0.0,0.0,8.75483e-07,104.51699999999995,-0.494463,-0.494463,current_full_transition_expand0_f2_sh005
t092_high,92,high,-0.4745514156311515,CURRENT,full_transition_expand0,2,92,92,True,True,01011100,3.3,0.0,0.0,1.87548e-06,104.52000000000014,-0.474542,-0.474541,current_full_transition_expand0_f2_sh005
t093_low,93,low,-0.48121348703940064,CURRENT,full_transition_expand0,2,92,92,True,True,01011100,3.3,0.0,0.0,2.87548e-06,104.51999999999973,-0.481204,-0.481204,current_full_transition_expand0_f2_sh005
t093_high,93,high,-0.46129161203940067,CURRENT,full_transition_expand0,2,93,93,True,True,01011101,3.3,0.0,0.0,3.87548e-06,104.52000000000014,-0.461282,-0.461282,current_full_transition_expand0_f2_sh005
t094_low,94,low,-0.46795368344765004,CURRENT,full_transition_expand0,2,93,93,True,True,01011101,3.3,0.0,0.0,4.87548e-06,104.52000000000099,-0.467944,-0.467944,current_full_transition_expand0_f2_sh005
t094_high,94,high,-0.44803180844765006,CURRENT,full_transition_expand0,2,94,94,True,True,01011110,3.3,0.0,0.0,5.87548e-06,104.52000000000014,-0.448022,-0.448022,current_full_transition_expand0_f2_sh005
t098_low,98,low,-0.41491446908064694,CURRENT,full_transition_expand0,2,97,97,True,True,01100001,3.3,0.0,0.0,6.87548e-06,104.52000000000014,-0.414905,-0.414904,current_full_transition_expand0_f2_sh005
t098_high,98,high,-0.39499259408064696,CURRENT,full_transition_expand0,2,98,98,True,True,01100010,3.3,0.0,0.0,7.87548e-06,104.52000000000014,-0.394983,-0.394983,current_full_transition_expand0_f2_sh005
t099_low,99,low,-0.40165466548889633,CURRENT,full_transition_expand0,2,98,98,True,True,01100010,3.3,0.0,0.0,8.87548e-06,104.52000000000014,-0.401645,-0.401645,current_full_transition_expand0_f2_sh005
t099_high,99,high,-0.38173279048889636,CURRENT,full_transition_expand0,2,99,99,True,True,01100011,3.3,0.0,0.0,9.87548e-06,104.52000000000014,-0.381723,-0.381723,current_full_transition_expand0_f2_sh005
t100_low,100,low,-0.3883948618971455,CURRENT,full_transition_expand0,2,99,99,True,True,01100011,3.3,0.0,0.0,1.08755e-05,104.50000000000044,-0.388385,-0.388385,current_full_transition_expand0_f2_sh005
t100_high,100,high,-0.3684729868971455,CURRENT,full_transition_expand0,2,100,100,True,True,01100100,3.3,0.0,0.0,1.18755e-05,104.50000000000044,-0.368463,-0.368463,current_full_transition_expand0_f2_sh005
t101_low,101,low,-0.3751350583053949,CURRENT,full_transition_expand0,2,100,100,True,True,01100100,3.3,0.0,0.0,1.28755e-05,104.49999999999875,-0.375125,-0.375125,current_full_transition_expand0_f2_sh005
t101_high,101,high,-0.3552131833053949,CURRENT,full_transition_expand0,2,101,101,True,True,01100101,3.3,0.0,0.0,1.38755e-05,104.50000000000044,-0.355203,-0.355203,current_full_transition_expand0_f2_sh005
t102_low,102,low,-0.36187525471364407,CURRENT,full_transition_expand0,2,101,101,True,True,01100101,3.3,0.0,0.0,1.48755e-05,104.50000000000044,-0.361865,-0.361865,current_full_transition_expand0_f2_sh005
t102_high,102,high,-0.3419533797136441,CURRENT,full_transition_expand0,2,102,102,True,True,01100110,3.3,0.0,0.0,1.58755e-05,104.49999999999875,-0.341943,-0.341943,current_full_transition_expand0_f2_sh005
t103_low,103,low,-0.34861545112189324,CURRENT,full_transition_expand0,2,102,102,True,True,01100110,3.3,0.0,0.0,1.68755e-05,104.49999999999535,-0.348606,-0.348605,current_full_transition_expand0_f2_sh005
t103_high,103,high,-0.32869357612189326,CURRENT,full_transition_expand0,2,103,103,True,True,01100111,3.3,0.0,0.0,1.78755e-05,104.49999999999875,-0.328684,-0.328684,current_full_transition_expand0_f2_sh005
t104_low,104,low,-0.33535564753014263,CURRENT,full_transition_expand0,2,103,103,True,True,01100111,3.3,0.0,0.0,1.88755e-05,104.49999999999875,-0.335346,-0.335346,current_full_transition_expand0_f2_sh005
t104_high,104,high,-0.31543377253014265,CURRENT,full_transition_expand0,2,104,104,True,True,01101000,3.3,0.0,0.0,1.98755e-05,104.49999999999875,-0.315424,-0.315424,current_full_transition_expand0_f2_sh005
t105_low,105,low,-0.3220958439383918,CURRENT,full_transition_expand0,2,104,104,True,True,01101000,3.3,0.0,0.0,2.08755e-05,104.49999999999875,-0.322086,-0.322086,current_full_transition_expand0_f2_sh005
t105_high,105,high,-0.3021739689383918,CURRENT,full_transition_expand0,2,105,105,True,True,01101001,3.3,0.0,0.0,2.18755e-05,104.49999999999535,-0.302164,-0.302164,current_full_transition_expand0_f2_sh005
t106_low,106,low,-0.3088360403466412,CURRENT,full_transition_expand0,2,105,105,True,True,01101001,3.3,0.0,0.0,2.28755e-05,104.49999999999535,-0.308826,-0.308826,current_full_transition_expand0_f2_sh005
t106_high,106,high,-0.2889141653466412,CURRENT,full_transition_expand0,2,106,106,True,True,01101010,3.3,0.0,0.0,2.38755e-05,104.49999999999875,-0.288904,-0.288904,current_full_transition_expand0_f2_sh005
t107_low,107,low,-0.29557623675489036,CURRENT,full_transition_expand0,2,106,106,True,True,01101010,3.3,0.0,0.0,2.48755e-05,104.49999999999875,-0.295566,-0.295566,current_full_transition_expand0_f2_sh005
t107_high,107,high,-0.2756543617548904,CURRENT,full_transition_expand0,2,107,107,True,True,01101011,3.3,0.0,0.0,2.58755e-05,104.49999999999875,-0.275644,-0.275644,current_full_transition_expand0_f2_sh005
t108_low,108,low,-0.28231643316313954,CURRENT,full_transition_expand0,2,107,107,True,True,01101011,3.3,0.0,0.0,2.68755e-05,104.49999999999875,-0.282307,-0.282306,current_full_transition_expand0_f2_sh005
t108_high,108,high,-0.26239455816313956,CURRENT,full_transition_expand0,2,108,108,True,True,01101100,3.3,0.0,0.0,2.78755e-05,104.49999999999535,-0.262385,-0.262385,current_full_transition_expand0_f2_sh005
t109_low,109,low,-0.26905662957138893,CURRENT,full_transition_expand0,2,108,108,True,True,01101100,3.3,0.0,0.0,2.88755e-05,104.49999999999535,-0.269047,-0.269047,current_full_transition_expand0_f2_sh005
t109_high,109,high,-0.24913475457138895,CURRENT,full_transition_expand0,2,109,109,True,True,01101101,3.3,0.0,0.0,2.98755e-05,104.49999999999875,-0.249125,-0.249125,current_full_transition_expand0_f2_sh005
t110_low,110,low,-0.2557968259796381,CURRENT,full_transition_expand0,2,109,109,True,True,01101101,3.3,0.0,0.0,3.08755e-05,104.49999999999875,-0.255787,-0.255787,current_full_transition_expand0_f2_sh005
t110_high,110,high,-0.23587495097963812,CURRENT,full_transition_expand0,2,110,110,True,True,01101110,3.3,0.0,0.0,3.18755e-05,104.49999999999197,-0.235865,-0.235865,current_full_transition_expand0_f2_sh005
t111_low,111,low,-0.2425370223878875,CURRENT,full_transition_expand0,2,110,110,True,True,01101110,3.3,0.0,0.0,8.75482e-07,104.51799999999999,-0.242527,-0.242527,current_full_transition_expand0_f2_sh006
t111_high,111,high,-0.2226151473878875,CURRENT,full_transition_expand0,2,111,111,True,True,01101111,3.3,0.0,0.0,1.87548e-06,104.52000000000014,-0.222605,-0.222605,current_full_transition_expand0_f2_sh006
t113_low,113,low,-0.21601741520438605,CURRENT,full_transition_expand0,2,112,112,True,True,01110000,3.3,0.0,0.0,2.87548e-06,104.51999999999973,-0.216007,-0.216007,current_full_transition_expand0_f2_sh006
t113_high,113,high,-0.19609554020438608,CURRENT,full_transition_expand0,2,113,113,True,True,01110001,3.3,0.0,0.0,3.87548e-06,104.52000000000014,-0.196086,-0.196086,current_full_transition_expand0_f2_sh006
t114_low,114,low,-0.20275761161263522,CURRENT,full_transition_expand0,2,113,113,True,True,01110001,3.3,0.0,0.0,4.87548e-06,104.52000000000099,-0.202748,-0.202748,current_full_transition_expand0_f2_sh006
t114_high,114,high,-0.18283573661263525,CURRENT,full_transition_expand0,2,114,114,True,True,01110010,3.3,0.0,0.0,5.87548e-06,104.52000000000014,-0.182826,-0.182826,current_full_transition_expand0_f2_sh006
t115_low,115,low,-0.1894978080208844,CURRENT,full_transition_expand0,2,114,114,True,True,01110010,3.3,0.0,0.0,6.87548e-06,104.52000000000014,-0.189488,-0.189488,current_full_transition_expand0_f2_sh006
t115_high,115,high,-0.16957593302088442,CURRENT,full_transition_expand0,2,115,115,True,True,01110011,3.3,0.0,0.0,7.87548e-06,104.52000000000014,-0.169566,-0.169566,current_full_transition_expand0_f2_sh006
t116_low,116,low,-0.1762380044291338,CURRENT,full_transition_expand0,2,115,115,True,True,01110011,3.3,0.0,0.0,8.87548e-06,104.52000000000014,-0.176228,-0.176228,current_full_transition_expand0_f2_sh006
t116_high,116,high,-0.1563161294291338,CURRENT,full_transition_expand0,2,116,116,True,True,01110100,3.3,0.0,0.0,9.87548e-06,104.52000000000014,-0.156306,-0.156306,current_full_transition_expand0_f2_sh006
t117_low,117,low,-0.16297820083738296,CURRENT,full_transition_expand0,2,116,116,True,True,01110100,3.3,0.0,0.0,1.08755e-05,104.50000000000044,-0.162968,-0.162968,current_full_transition_expand0_f2_sh006
t117_high,117,high,-0.14305632583738298,CURRENT,full_transition_expand0,2,117,117,True,True,01110101,3.3,0.0,0.0,1.18755e-05,104.50000000000044,-0.143046,-0.143046,current_full_transition_expand0_f2_sh006
t118_low,118,low,-0.14971839724563235,CURRENT,full_transition_expand0,2,117,117,True,True,01110101,3.3,0.0,0.0,1.28755e-05,104.49999999999875,-0.149708,-0.149708,current_full_transition_expand0_f2_sh006
t118_high,118,high,-0.12979652224563237,CURRENT,full_transition_expand0,2,118,118,True,True,01110110,3.3,0.0,0.0,1.38755e-05,104.50000000000044,-0.129787,-0.129787,current_full_transition_expand0_f2_sh006
t119_low,119,low,-0.13645859365388152,CURRENT,full_transition_expand0,2,118,118,True,True,01110110,3.3,0.0,0.0,1.48755e-05,104.50000000000044,-0.136449,-0.136449,current_full_transition_expand0_f2_sh006
t119_high,119,high,-0.11653671865388153,CURRENT,full_transition_expand0,2,119,119,True,True,01110111,3.3,0.0,0.0,1.58755e-05,104.49999999999875,-0.116527,-0.116527,current_full_transition_expand0_f2_sh006
t120_low,120,low,-0.1231987900621307,CURRENT,full_transition_expand0,2,119,119,True,True,01110111,3.3,0.0,0.0,1.68755e-05,104.49999999999535,-0.123189,-0.123189,current_full_transition_expand0_f2_sh006
t120_high,120,high,-0.1032769150621307,CURRENT,full_transition_expand0,2,120,120,True,True,01111000,3.3,0.0,0.0,1.78755e-05,104.49999999999875,-0.103267,-0.103267,current_full_transition_expand0_f2_sh006
t121_low,121,low,-0.1099389864703801,CURRENT,full_transition_expand0,2,120,120,True,True,01111000,3.3,0.0,0.0,1.88755e-05,104.49999999999875,-0.109929,-0.109929,current_full_transition_expand0_f2_sh006
t121_high,121,high,-0.09001711147038009,CURRENT,full_transition_expand0,2,121,121,True,True,01111001,3.3,0.0,0.0,1.98755e-05,104.49999999999875,-0.0900071,-0.0900071,current_full_transition_expand0_f2_sh006
t122_low,122,low,-0.09667918287862927,CURRENT,full_transition_expand0,2,121,121,True,True,01111001,3.3,0.0,0.0,2.08755e-05,104.49999999999875,-0.0966692,-0.0966692,current_full_transition_expand0_f2_sh006
t122_high,122,high,-0.07675730787862926,CURRENT,full_transition_expand0,2,122,122,True,True,01111010,3.3,0.0,0.0,2.18755e-05,104.49999999999535,-0.0767473,-0.0767473,current_full_transition_expand0_f2_sh006
t123_low,123,low,-0.08341937928687866,CURRENT,full_transition_expand0,2,122,122,True,True,01111010,3.3,0.0,0.0,2.28755e-05,104.49999999999535,-0.0834094,-0.0834094,current_full_transition_expand0_f2_sh006
t123_high,123,high,-0.06349750428687866,CURRENT,full_transition_expand0,2,123,123,True,True,01111011,3.3,0.0,0.0,2.38755e-05,104.49999999999875,-0.0634875,-0.0634875,current_full_transition_expand0_f2_sh006
t124_low,124,low,-0.07015957569512783,CURRENT,full_transition_expand0,2,123,123,True,True,01111011,3.3,0.0,0.0,2.48755e-05,104.49999999999875,-0.0701496,-0.0701496,current_full_transition_expand0_f2_sh006
t124_high,124,high,-0.05023770069512783,CURRENT,full_transition_expand0,2,124,124,True,True,01111100,3.3,0.0,0.0,2.58755e-05,104.49999999999875,-0.0502277,-0.0502277,current_full_transition_expand0_f2_sh006
t125_low,125,low,-0.056899772103377,CURRENT,full_transition_expand0,2,124,124,True,True,01111100,3.3,0.0,0.0,2.68755e-05,104.49999999999875,-0.0568898,-0.0568898,current_full_transition_expand0_f2_sh006
t125_high,125,high,-0.036977897103377,CURRENT,full_transition_expand0,2,125,125,True,True,01111101,3.3,0.0,0.0,2.78755e-05,104.49999999999535,-0.0369679,-0.0369679,current_full_transition_expand0_f2_sh006
t126_low,126,low,-0.043639968511626395,CURRENT,full_transition_expand0,2,125,125,True,True,01111101,3.3,0.0,0.0,2.88755e-05,104.49999999999535,-0.04363,-0.04363,current_full_transition_expand0_f2_sh006
t126_high,126,high,-0.023718093511626393,CURRENT,full_transition_expand0,2,126,126,True,True,01111110,3.3,0.0,0.0,2.98755e-05,104.49999999999875,-0.0237081,-0.0237081,current_full_transition_expand0_f2_sh006
t130_low,130,low,0.009399245855376704,CURRENT,full_transition_expand0,2,129,129,True,True,10000001,3.3,0.0,0.0,3.08755e-05,104.49999999999875,0.00940925,0.00940925,current_full_transition_expand0_f2_sh006
t130_high,130,high,0.029321120855376703,CURRENT,full_transition_expand0,2,130,130,True,True,10000010,3.3,0.0,0.0,3.18755e-05,104.49999999999197,0.0293311,0.0293311,current_full_transition_expand0_f2_sh006
t131_low,131,low,0.02265904944712731,CURRENT,full_transition_expand0,2,130,130,True,True,10000010,3.3,0.0,0.0,8.75483e-07,104.51699999999995,0.022669,0.022669,current_full_transition_expand0_f2_sh007
t131_high,131,high,0.042580924447127314,CURRENT,full_transition_expand0,2,131,131,True,True,10000011,3.3,0.0,0.0,1.87548e-06,104.52000000000014,0.0425909,0.0425909,current_full_transition_expand0_f2_sh007
t132_low,132,low,0.03591885303887814,CURRENT,full_transition_expand0,2,131,131,True,True,10000011,3.3,0.0,0.0,2.87548e-06,104.51999999999973,0.0359289,0.0359289,current_full_transition_expand0_f2_sh007
t132_high,132,high,0.05584072803887814,CURRENT,full_transition_expand0,2,132,132,True,True,10000100,3.3,0.0,0.0,3.87548e-06,104.52000000000014,0.0558507,0.0558507,current_full_transition_expand0_f2_sh007
t133_low,133,low,0.049178656630628745,CURRENT,full_transition_expand0,2,132,132,True,True,10000100,3.3,0.0,0.0,4.87548e-06,104.52000000000099,0.0491887,0.0491887,current_full_transition_expand0_f2_sh007
t133_high,133,high,0.06910053163062875,CURRENT,full_transition_expand0,2,133,133,True,True,10000101,3.3,0.0,0.0,5.87548e-06,104.52000000000014,0.0691105,0.0691105,current_full_transition_expand0_f2_sh007
t134_low,134,low,0.062438460222379574,CURRENT,full_transition_expand0,2,133,133,True,True,10000101,3.3,0.0,0.0,6.87548e-06,104.52000000000014,0.0624485,0.0624485,current_full_transition_expand0_f2_sh007
t134_high,134,high,0.08236033522237958,CURRENT,full_transition_expand0,2,134,134,True,True,10000110,3.3,0.0,0.0,7.87548e-06,104.52000000000014,0.0823703,0.0823703,current_full_transition_expand0_f2_sh007
t135_low,135,low,0.0756982638141304,CURRENT,full_transition_expand0,2,134,134,True,True,10000110,3.3,0.0,0.0,8.87548e-06,104.52000000000014,0.0757083,0.0757083,current_full_transition_expand0_f2_sh007
t135_high,135,high,0.09562013881413041,CURRENT,full_transition_expand0,2,135,135,True,True,10000111,3.3,0.0,0.0,9.87548e-06,104.52000000000014,0.0956301,0.0956301,current_full_transition_expand0_f2_sh007
t136_low,136,low,0.08895806740588101,CURRENT,full_transition_expand0,2,135,135,True,True,10000111,3.3,0.0,0.0,1.08755e-05,104.50000000000044,0.0889681,0.0889681,current_full_transition_expand0_f2_sh007
t136_high,136,high,0.10887994240588102,CURRENT,full_transition_expand0,2,136,136,True,True,10001000,3.3,0.0,0.0,1.18755e-05,104.50000000000044,0.10889,0.10889,current_full_transition_expand0_f2_sh007
t137_low,137,low,0.10221787099763184,CURRENT,full_transition_expand0,2,136,136,True,True,10001000,3.3,0.0,0.0,1.28755e-05,104.49999999999875,0.102228,0.102228,current_full_transition_expand0_f2_sh007
t137_high,137,high,0.12213974599763185,CURRENT,full_transition_expand0,2,137,137,True,True,10001001,3.3,0.0,0.0,1.38755e-05,104.50000000000044,0.12215,0.12215,current_full_transition_expand0_f2_sh007
t138_low,138,low,0.11547767458938245,CURRENT,full_transition_expand0,2,137,137,True,True,10001001,3.3,0.0,0.0,1.48755e-05,104.50000000000044,0.115488,0.115488,current_full_transition_expand0_f2_sh007
t138_high,138,high,0.13539954958938244,CURRENT,full_transition_expand0,2,138,138,True,True,10001010,3.3,0.0,0.0,1.58755e-05,104.49999999999875,0.13541,0.13541,current_full_transition_expand0_f2_sh007
t139_low,139,low,0.1287374781811333,CURRENT,full_transition_expand0,2,138,138,True,True,10001010,3.3,0.0,0.0,1.68755e-05,104.49999999999535,0.128747,0.128747,current_full_transition_expand0_f2_sh007
t139_high,139,high,0.14865935318113327,CURRENT,full_transition_expand0,2,139,139,True,True,10001011,3.3,0.0,0.0,1.78755e-05,104.49999999999875,0.148669,0.148669,current_full_transition_expand0_f2_sh007
t140_low,140,low,0.14199728177288412,CURRENT,full_transition_expand0,2,139,139,True,True,10001011,3.3,0.0,0.0,1.88755e-05,104.49999999999875,0.142007,0.142007,current_full_transition_expand0_f2_sh007
t140_high,140,high,0.1619191567728841,CURRENT,full_transition_expand0,2,140,140,True,True,10001100,3.3,0.0,0.0,1.98755e-05,104.49999999999875,0.161929,0.161929,current_full_transition_expand0_f2_sh007
t141_low,141,low,0.15525708536463473,CURRENT,full_transition_expand0,2,140,140,True,True,10001100,3.3,0.0,0.0,2.08755e-05,104.49999999999875,0.155267,0.155267,current_full_transition_expand0_f2_sh007
t141_high,141,high,0.1751789603646347,CURRENT,full_transition_expand0,2,141,141,True,True,10001101,3.3,0.0,0.0,2.18755e-05,104.49999999999535,0.175189,0.175189,current_full_transition_expand0_f2_sh007
t142_low,142,low,0.16851688895638556,CURRENT,full_transition_expand0,2,141,141,True,True,10001101,3.3,0.0,0.0,2.28755e-05,104.49999999999535,0.168527,0.168527,current_full_transition_expand0_f2_sh007
t142_high,142,high,0.18843876395638554,CURRENT,full_transition_expand0,2,142,142,True,True,10001110,3.3,0.0,0.0,2.38755e-05,104.49999999999875,0.188449,0.188449,current_full_transition_expand0_f2_sh007
t143_low,143,low,0.18177669254813617,CURRENT,full_transition_expand0,2,142,142,True,True,10001110,3.3,0.0,0.0,2.48755e-05,104.49999999999875,0.181787,0.181787,current_full_transition_expand0_f2_sh007
t143_high,143,high,0.20169856754813614,CURRENT,full_transition_expand0,2,143,143,True,True,10001111,3.3,0.0,0.0,2.58755e-05,104.49999999999875,0.201709,0.201709,current_full_transition_expand0_f2_sh007
t145_low,145,low,0.20829629973163782,CURRENT,full_transition_expand0,2,144,144,True,True,10010000,3.3,0.0,0.0,2.68755e-05,104.49999999999875,0.208306,0.208306,current_full_transition_expand0_f2_sh007
t145_high,145,high,0.2282181747316378,CURRENT,full_transition_expand0,2,145,145,True,True,10010001,3.3,0.0,0.0,2.78755e-05,104.49999999999535,0.228228,0.228228,current_full_transition_expand0_f2_sh007
t146_low,146,low,0.22155610332338843,CURRENT,full_transition_expand0,2,145,145,True,True,10010001,3.3,0.0,0.0,2.88755e-05,104.49999999999535,0.221566,0.221566,current_full_transition_expand0_f2_sh007
t146_high,146,high,0.2414779783233884,CURRENT,full_transition_expand0,2,146,146,True,True,10010010,3.3,0.0,0.0,2.98755e-05,104.49999999999875,0.241488,0.241488,current_full_transition_expand0_f2_sh007
t147_low,147,low,0.23481590691513926,CURRENT,full_transition_expand0,2,146,146,True,True,10010010,3.3,0.0,0.0,3.08755e-05,104.49999999999875,0.234826,0.234826,current_full_transition_expand0_f2_sh007
t147_high,147,high,0.25473778191513924,CURRENT,full_transition_expand0,2,147,147,True,True,10010011,3.3,0.0,0.0,3.18755e-05,104.49999999999197,0.254748,0.254748,current_full_transition_expand0_f2_sh007
t148_low,148,low,0.24807571050688987,CURRENT,full_transition_expand0,2,147,147,True,True,10010011,3.3,0.0,0.0,8.75483e-07,104.51699999999995,0.248086,0.248086,current_full_transition_expand0_f2_sh008
t148_high,148,high,0.26799758550688985,CURRENT,full_transition_expand0,2,148,148,True,True,10010100,3.3,0.0,0.0,1.87548e-06,104.52000000000014,0.268008,0.268008,current_full_transition_expand0_f2_sh008
t149_low,149,low,0.2613355140986407,CURRENT,full_transition_expand0,2,148,148,True,True,10010100,3.3,0.0,0.0,2.87548e-06,104.51999999999973,0.261346,0.261346,current_full_transition_expand0_f2_sh008
t149_high,149,high,0.2812573890986407,CURRENT,full_transition_expand0,2,149,149,True,True,10010101,3.3,0.0,0.0,3.87548e-06,104.52000000000014,0.281267,0.281267,current_full_transition_expand0_f2_sh008
t150_low,150,low,0.2745953176903913,CURRENT,full_transition_expand0,2,149,149,True,True,10010101,3.3,0.0,0.0,4.87548e-06,104.52000000000099,0.274605,0.274605,current_full_transition_expand0_f2_sh008
t150_high,150,high,0.2945171926903913,CURRENT,full_transition_expand0,2,150,150,True,True,10010110,3.3,0.0,0.0,5.87548e-06,104.52000000000014,0.294527,0.294527,current_full_transition_expand0_f2_sh008
t151_low,151,low,0.28785512128214213,CURRENT,full_transition_expand0,2,150,150,True,True,10010110,3.3,0.0,0.0,6.87548e-06,104.52000000000014,0.287865,0.287865,current_full_transition_expand0_f2_sh008
t151_high,151,high,0.3077769962821421,CURRENT,full_transition_expand0,2,151,151,True,True,10010111,3.3,0.0,0.0,7.87548e-06,104.52000000000014,0.307787,0.307787,current_full_transition_expand0_f2_sh008
t152_low,152,low,0.30111492487389296,CURRENT,full_transition_expand0,2,151,151,True,True,10010111,3.3,0.0,0.0,8.87548e-06,104.52000000000014,0.301125,0.301125,current_full_transition_expand0_f2_sh008
t152_high,152,high,0.32103679987389294,CURRENT,full_transition_expand0,2,152,152,True,True,10011000,3.3,0.0,0.0,9.87548e-06,104.52000000000014,0.321047,0.321047,current_full_transition_expand0_f2_sh008
t153_low,153,low,0.31437472846564357,CURRENT,full_transition_expand0,2,152,152,True,True,10011000,3.3,0.0,0.0,1.08755e-05,104.50000000000044,0.314385,0.314385,current_full_transition_expand0_f2_sh008
t153_high,153,high,0.33429660346564355,CURRENT,full_transition_expand0,2,153,153,True,True,10011001,3.3,0.0,0.0,1.18755e-05,104.50000000000044,0.334307,0.334307,current_full_transition_expand0_f2_sh008
t154_low,154,low,0.3276345320573942,CURRENT,full_transition_expand0,2,153,153,True,True,10011001,3.3,0.0,0.0,1.28755e-05,104.49999999999875,0.327645,0.327645,current_full_transition_expand0_f2_sh008
t154_high,154,high,0.34755640705739416,CURRENT,full_transition_expand0,2,154,154,True,True,10011010,3.3,0.0,0.0,1.38755e-05,104.50000000000044,0.347567,0.347566,current_full_transition_expand0_f2_sh008
t155_low,155,low,0.34089433564914523,CURRENT,full_transition_expand0,2,154,154,True,True,10011010,3.3,0.0,0.0,1.48755e-05,104.50000000000044,0.340904,0.340904,current_full_transition_expand0_f2_sh008
t155_high,155,high,0.3608162106491452,CURRENT,full_transition_expand0,2,155,155,True,True,10011011,3.3,0.0,0.0,1.58755e-05,104.49999999999875,0.360826,0.360826,current_full_transition_expand0_f2_sh008
t156_low,156,low,0.35415413924089584,CURRENT,full_transition_expand0,2,155,155,True,True,10011011,3.3,0.0,0.0,1.68755e-05,104.49999999999535,0.354164,0.354164,current_full_transition_expand0_f2_sh008
t156_high,156,high,0.3740760142408958,CURRENT,full_transition_expand0,2,156,156,True,True,10011100,3.3,0.0,0.0,1.78755e-05,104.49999999999875,0.374086,0.374086,current_full_transition_expand0_f2_sh008
t157_low,157,low,0.36741394283264645,CURRENT,full_transition_expand0,2,156,156,True,True,10011100,3.3,0.0,0.0,1.88755e-05,104.49999999999875,0.367424,0.367424,current_full_transition_expand0_f2_sh008
t157_high,157,high,0.3873358178326464,CURRENT,full_transition_expand0,2,157,157,True,True,10011101,3.3,0.0,0.0,1.98755e-05,104.49999999999875,0.387346,0.387346,current_full_transition_expand0_f2_sh008
t158_low,158,low,0.3806737464243975,CURRENT,full_transition_expand0,2,157,157,True,True,10011101,3.3,0.0,0.0,2.08755e-05,104.49999999999875,0.380684,0.380684,current_full_transition_expand0_f2_sh008
t158_high,158,high,0.4005956214243975,CURRENT,full_transition_expand0,2,158,158,True,True,10011110,3.3,0.0,0.0,2.18755e-05,104.49999999999535,0.400606,0.400606,current_full_transition_expand0_f2_sh008
t162_low,162,low,0.43371296079140037,CURRENT,full_transition_expand0,2,161,161,True,True,10100001,3.3,0.0,0.0,2.28755e-05,104.49999999999535,0.433723,0.433723,current_full_transition_expand0_f2_sh008
t162_high,162,high,0.45363483579140035,CURRENT,full_transition_expand0,2,162,162,True,True,10100010,3.3,0.0,0.0,2.38755e-05,104.49999999999875,0.453645,0.453645,current_full_transition_expand0_f2_sh008
t163_low,163,low,0.446972764383151,CURRENT,full_transition_expand0,2,162,162,True,True,10100010,3.3,0.0,0.0,2.48755e-05,104.49999999999875,0.446983,0.446983,current_full_transition_expand0_f2_sh008
t163_high,163,high,0.46689463938315096,CURRENT,full_transition_expand0,2,163,163,True,True,10100011,3.3,0.0,0.0,2.58755e-05,104.49999999999875,0.466905,0.466905,current_full_transition_expand0_f2_sh008
t164_low,164,low,0.4602325679749016,CURRENT,full_transition_expand0,2,163,163,True,True,10100011,3.3,0.0,0.0,2.68755e-05,104.49999999999875,0.460243,0.460243,current_full_transition_expand0_f2_sh008
t164_high,164,high,0.48015444297490156,CURRENT,full_transition_expand0,2,164,164,True,True,10100100,3.3,0.0,0.0,2.78755e-05,104.49999999999535,0.480165,0.480164,current_full_transition_expand0_f2_sh008
t165_low,165,low,0.47349237156665264,CURRENT,full_transition_expand0,2,164,164,True,True,10100100,3.3,0.0,0.0,2.88755e-05,104.49999999999535,0.473502,0.473502,current_full_transition_expand0_f2_sh008
t165_high,165,high,0.4934142465666526,CURRENT,full_transition_expand0,2,165,165,True,True,10100101,3.3,0.0,0.0,2.98755e-05,104.49999999999875,0.493424,0.493424,current_full_transition_expand0_f2_sh008
t166_low,166,low,0.48675217515840324,CURRENT,full_transition_expand0,2,165,165,True,True,10100101,3.3,0.0,0.0,3.08755e-05,104.49999999999875,0.486762,0.486762,current_full_transition_expand0_f2_sh008
t166_high,166,high,0.5066740501584033,CURRENT,full_transition_expand0,2,166,166,True,True,10100110,3.3,0.0,0.0,3.18755e-05,104.49999999999197,0.506684,0.506684,current_full_transition_expand0_f2_sh008
t167_low,167,low,0.5000119787501538,CURRENT,full_transition_expand0,2,166,166,True,True,10100110,3.3,0.0,0.0,8.75483e-07,104.51699999999995,0.500022,0.500022,current_full_transition_expand0_f2_sh009
t167_high,167,high,0.5199338537501539,CURRENT,full_transition_expand0,2,167,167,True,True,10100111,3.3,0.0,0.0,1.87548e-06,104.52000000000014,0.519944,0.519944,current_full_transition_expand0_f2_sh009
t168_low,168,low,0.5132717823419048,CURRENT,full_transition_expand0,2,167,167,True,True,10100111,3.3,0.0,0.0,2.87548e-06,104.51999999999973,0.513282,0.513282,current_full_transition_expand0_f2_sh009
t168_high,168,high,0.5331936573419049,CURRENT,full_transition_expand0,2,168,168,True,True,10101000,3.3,0.0,0.0,3.87548e-06,104.52000000000014,0.533204,0.533204,current_full_transition_expand0_f2_sh009
t169_low,169,low,0.5265315859336555,CURRENT,full_transition_expand0,2,168,168,True,True,10101000,3.3,0.0,0.0,4.87548e-06,104.52000000000099,0.526542,0.526542,current_full_transition_expand0_f2_sh009
t169_high,169,high,0.5464534609336555,CURRENT,full_transition_expand0,2,169,169,True,True,10101001,3.3,0.0,0.0,5.87548e-06,104.52000000000014,0.546464,0.546463,current_full_transition_expand0_f2_sh009
t170_low,170,low,0.5397913895254061,CURRENT,full_transition_expand0,2,169,169,True,True,10101001,3.3,0.0,0.0,6.87548e-06,104.52000000000014,0.539802,0.539801,current_full_transition_expand0_f2_sh009
t170_high,170,high,0.5597132645254062,CURRENT,full_transition_expand0,2,170,170,True,True,10101010,3.3,0.0,0.0,7.87548e-06,104.52000000000014,0.559723,0.559723,current_full_transition_expand0_f2_sh009
t171_low,171,low,0.5530511931171567,CURRENT,full_transition_expand0,2,170,170,True,True,10101010,3.3,0.0,0.0,8.87548e-06,104.52000000000014,0.553061,0.553061,current_full_transition_expand0_f2_sh009
t171_high,171,high,0.5729730681171568,CURRENT,full_transition_expand0,2,171,171,True,True,10101011,3.3,0.0,0.0,9.87548e-06,104.52000000000014,0.572983,0.572983,current_full_transition_expand0_f2_sh009
t172_low,172,low,0.5663109967089077,CURRENT,full_transition_expand0,2,171,171,True,True,10101011,3.3,0.0,0.0,1.08755e-05,104.50000000000044,0.566321,0.566321,current_full_transition_expand0_f2_sh009
t172_high,172,high,0.5862328717089078,CURRENT,full_transition_expand0,2,172,172,True,True,10101100,3.3,0.0,0.0,1.18755e-05,104.50000000000044,0.586243,0.586243,current_full_transition_expand0_f2_sh009
t173_low,173,low,0.5795708003006583,CURRENT,full_transition_expand0,2,172,172,True,True,10101100,3.3,0.0,0.0,1.28755e-05,104.49999999999875,0.579581,0.579581,current_full_transition_expand0_f2_sh009
t173_high,173,high,0.5994926753006584,CURRENT,full_transition_expand0,2,173,173,True,True,10101101,3.3,0.0,0.0,1.38755e-05,104.50000000000044,0.599503,0.599503,current_full_transition_expand0_f2_sh009
t174_low,174,low,0.5928306038924089,CURRENT,full_transition_expand0,2,173,173,True,True,10101101,3.3,0.0,0.0,1.48755e-05,104.50000000000044,0.592841,0.592841,current_full_transition_expand0_f2_sh009
t174_high,174,high,0.612752478892409,CURRENT,full_transition_expand0,2,174,174,True,True,10101110,3.3,0.0,0.0,1.58755e-05,104.49999999999875,0.612763,0.612763,current_full_transition_expand0_f2_sh009
t175_low,175,low,0.60609040748416,CURRENT,full_transition_expand0,2,174,174,True,True,10101110,3.3,0.0,0.0,1.68755e-05,104.49999999999535,0.606101,0.6061,current_full_transition_expand0_f2_sh009
t175_high,175,high,0.6260122824841601,CURRENT,full_transition_expand0,2,175,175,True,True,10101111,3.3,0.0,0.0,1.78755e-05,104.49999999999875,0.626022,0.626022,current_full_transition_expand0_f2_sh009
t177_low,177,low,0.6326100146676612,CURRENT,full_transition_expand0,2,176,176,True,True,10110000,3.3,0.0,0.0,1.88755e-05,104.49999999999875,0.63262,0.63262,current_full_transition_expand0_f2_sh009
t177_high,177,high,0.6525318896676613,CURRENT,full_transition_expand0,2,177,177,True,True,10110001,3.3,0.0,0.0,1.98755e-05,104.49999999999875,0.652542,0.652542,current_full_transition_expand0_f2_sh009
t178_low,178,low,0.6458698182594123,CURRENT,full_transition_expand0,2,177,177,True,True,10110001,3.3,0.0,0.0,2.08755e-05,104.49999999999875,0.64588,0.64588,current_full_transition_expand0_f2_sh009
t178_high,178,high,0.6657916932594123,CURRENT,full_transition_expand0,2,178,178,True,True,10110010,3.3,0.0,0.0,2.18755e-05,104.49999999999535,0.665802,0.665802,current_full_transition_expand0_f2_sh009
t179_low,179,low,0.6591296218511629,CURRENT,full_transition_expand0,2,178,178,True,True,10110010,3.3,0.0,0.0,2.28755e-05,104.49999999999535,0.65914,0.65914,current_full_transition_expand0_f2_sh009
t179_high,179,high,0.679051496851163,CURRENT,full_transition_expand0,2,179,179,True,True,10110011,3.3,0.0,0.0,2.38755e-05,104.49999999999875,0.679062,0.679062,current_full_transition_expand0_f2_sh009
t180_low,180,low,0.6723894254429135,CURRENT,full_transition_expand0,2,179,179,True,True,10110011,3.3,0.0,0.0,2.48755e-05,104.49999999999875,0.6724,0.672399,current_full_transition_expand0_f2_sh009
t180_high,180,high,0.6923113004429136,CURRENT,full_transition_expand0,2,180,180,True,True,10110100,3.3,0.0,0.0,2.58755e-05,104.49999999999875,0.692321,0.692321,current_full_transition_expand0_f2_sh009
t181_low,181,low,0.6856492290346641,CURRENT,full_transition_expand0,2,180,180,True,True,10110100,3.3,0.0,0.0,2.68755e-05,104.49999999999875,0.685659,0.685659,current_full_transition_expand0_f2_sh009
t181_high,181,high,0.7055711040346642,CURRENT,full_transition_expand0,2,181,181,True,True,10110101,3.3,0.0,0.0,2.78755e-05,104.49999999999535,0.705581,0.705581,current_full_transition_expand0_f2_sh009
t182_low,182,low,0.6989090326264151,CURRENT,full_transition_expand0,2,181,181,True,True,10110101,3.3,0.0,0.0,2.88755e-05,104.49999999999535,0.698919,0.698919,current_full_transition_expand0_f2_sh009
t182_high,182,high,0.7188309076264152,CURRENT,full_transition_expand0,2,182,182,True,True,10110110,3.3,0.0,0.0,2.98755e-05,104.49999999999875,0.718841,0.718841,current_full_transition_expand0_f2_sh009
t183_low,183,low,0.7121688362181657,CURRENT,full_transition_expand0,2,182,182,True,True,10110110,3.3,0.0,0.0,3.08755e-05,104.49999999999875,0.712179,0.712179,current_full_transition_expand0_f2_sh009
t183_high,183,high,0.7320907112181658,CURRENT,full_transition_expand0,2,183,183,True,True,10110111,3.3,0.0,0.0,3.18755e-05,104.49999999999197,0.732101,0.732101,current_full_transition_expand0_f2_sh009
t204_low,204,low,0.9906247116449312,CURRENT,full_transition_expand0,2,203,203,True,True,11001011,3.3,0.0,0.0,8.75482e-07,104.51799999999999,0.990635,0.990635,current_full_transition_expand0_f2_sh011
t204_high,204,high,1.0105465866449312,CURRENT,full_transition_expand0,2,204,204,True,True,11001100,3.3,0.0,0.0,1.87548e-06,104.52000000000014,1.01056,1.01056,current_full_transition_expand0_f2_sh011
t205_low,205,low,1.0038845152366822,CURRENT,full_transition_expand0,2,204,204,True,True,11001100,3.3,0.0,0.0,2.87548e-06,104.51999999999973,1.00389,1.00389,current_full_transition_expand0_f2_sh011
t205_high,205,high,1.0238063902366823,CURRENT,full_transition_expand0,2,205,205,True,True,11001101,3.3,0.0,0.0,3.87548e-06,104.52000000000014,1.02382,1.02382,current_full_transition_expand0_f2_sh011
t206_low,206,low,1.0171443188284328,CURRENT,full_transition_expand0,2,205,205,True,True,11001101,3.3,0.0,0.0,4.87548e-06,104.52000000000099,1.01715,1.01715,current_full_transition_expand0_f2_sh011
t206_high,206,high,1.037066193828433,CURRENT,full_transition_expand0,2,206,206,True,True,11001110,3.3,0.0,0.0,5.87548e-06,104.52000000000014,1.03708,1.03708,current_full_transition_expand0_f2_sh011
t207_low,207,low,1.0304041224201834,CURRENT,full_transition_expand0,2,206,206,True,True,11001110,3.3,0.0,0.0,6.87548e-06,104.52000000000014,1.03041,1.03041,current_full_transition_expand0_f2_sh011
t207_high,207,high,1.0503259974201835,CURRENT,full_transition_expand0,2,207,207,True,True,11001111,3.3,0.0,0.0,7.87548e-06,104.52000000000014,1.05034,1.05034,current_full_transition_expand0_f2_sh011
t209_low,209,low,1.056923729603685,CURRENT,full_transition_expand0,2,208,208,True,True,11010000,3.3,0.0,0.0,8.87548e-06,104.52000000000014,1.05693,1.05693,current_full_transition_expand0_f2_sh011
t209_high,209,high,1.0768456046036852,CURRENT,full_transition_expand0,2,209,209,True,True,11010001,3.3,0.0,0.0,9.87548e-06,104.52000000000014,1.07686,1.07686,current_full_transition_expand0_f2_sh011
t210_low,210,low,1.0701835331954357,CURRENT,full_transition_expand0,2,209,209,True,True,11010001,3.3,0.0,0.0,1.08755e-05,104.50000000000044,1.07019,1.07019,current_full_transition_expand0_f2_sh011
t210_high,210,high,1.0901054081954358,CURRENT,full_transition_expand0,2,210,210,True,True,11010010,3.3,0.0,0.0,1.18755e-05,104.50000000000044,1.09012,1.09012,current_full_transition_expand0_f2_sh011
t211_low,211,low,1.0834433367871863,CURRENT,full_transition_expand0,2,210,210,True,True,11010010,3.3,0.0,0.0,1.28755e-05,104.49999999999875,1.08345,1.08345,current_full_transition_expand0_f2_sh011
t211_high,211,high,1.1033652117871864,CURRENT,full_transition_expand0,2,211,211,True,True,11010011,3.3,0.0,0.0,1.38755e-05,104.50000000000044,1.10338,1.10338,current_full_transition_expand0_f2_sh011
t212_low,212,low,1.0967031403789373,CURRENT,full_transition_expand0,2,211,211,True,True,11010011,3.3,0.0,0.0,1.48755e-05,104.50000000000044,1.09671,1.09671,current_full_transition_expand0_f2_sh011
t212_high,212,high,1.1166250153789374,CURRENT,full_transition_expand0,2,212,212,True,True,11010100,3.3,0.0,0.0,1.58755e-05,104.49999999999875,1.11664,1.11664,current_full_transition_expand0_f2_sh011
t213_low,213,low,1.109962943970688,CURRENT,full_transition_expand0,2,212,212,True,True,11010100,3.3,0.0,0.0,1.68755e-05,104.49999999999535,1.10997,1.10997,current_full_transition_expand0_f2_sh011
t213_high,213,high,1.129884818970688,CURRENT,full_transition_expand0,2,213,213,True,True,11010101,3.3,0.0,0.0,1.78755e-05,104.49999999999875,1.12989,1.12989,current_full_transition_expand0_f2_sh011
t214_low,214,low,1.1232227475624386,CURRENT,full_transition_expand0,2,213,213,True,True,11010101,3.3,0.0,0.0,1.88755e-05,104.49999999999875,1.12323,1.12323,current_full_transition_expand0_f2_sh011
t214_high,214,high,1.1431446225624387,CURRENT,full_transition_expand0,2,214,214,True,True,11010110,3.3,0.0,0.0,1.98755e-05,104.49999999999875,1.14315,1.14315,current_full_transition_expand0_f2_sh011
t215_low,215,low,1.1364825511541896,CURRENT,full_transition_expand0,2,214,214,True,True,11010110,3.3,0.0,0.0,2.08755e-05,104.49999999999875,1.13649,1.13649,current_full_transition_expand0_f2_sh011
t215_high,215,high,1.1564044261541897,CURRENT,full_transition_expand0,2,215,215,True,True,11010111,3.3,0.0,0.0,2.18755e-05,104.49999999999535,1.15641,1.15641,current_full_transition_expand0_f2_sh011
t216_low,216,low,1.1497423547459402,CURRENT,full_transition_expand0,2,215,215,True,True,11010111,3.3,0.0,0.0,2.28755e-05,104.49999999999535,1.14975,1.14975,current_full_transition_expand0_f2_sh011
t216_high,216,high,1.1696642297459403,CURRENT,full_transition_expand0,2,216,216,True,True,11011000,3.3,0.0,0.0,2.38755e-05,104.49999999999875,1.16967,1.16967,current_full_transition_expand0_f2_sh011
t217_low,217,low,1.1630021583376908,CURRENT,full_transition_expand0,2,216,216,True,True,11011000,3.3,0.0,0.0,2.48755e-05,104.49999999999875,1.16301,1.16301,current_full_transition_expand0_f2_sh011
t217_high,217,high,1.182924033337691,CURRENT,full_transition_expand0,2,217,217,True,True,11011001,3.3,0.0,0.0,2.58755e-05,104.49999999999875,1.18293,1.18293,current_full_transition_expand0_f2_sh011
t218_low,218,low,1.1762619619294414,CURRENT,full_transition_expand0,2,217,217,True,True,11011001,3.3,0.0,0.0,2.68755e-05,104.49999999999875,1.17627,1.17627,current_full_transition_expand0_f2_sh011
t218_high,218,high,1.1961838369294415,CURRENT,full_transition_expand0,2,218,218,True,True,11011010,3.3,0.0,0.0,2.78755e-05,104.49999999999535,1.19619,1.19619,current_full_transition_expand0_f2_sh011
t219_low,219,low,1.1895217655211925,CURRENT,full_transition_expand0,2,218,218,True,True,11011010,3.3,0.0,0.0,2.88755e-05,104.49999999999535,1.18953,1.18953,current_full_transition_expand0_f2_sh011
t219_high,219,high,1.2094436405211926,CURRENT,full_transition_expand0,2,219,219,True,True,11011011,3.3,0.0,0.0,2.98755e-05,104.49999999999875,1.20945,1.20945,current_full_transition_expand0_f2_sh011
t220_low,220,low,1.202781569112943,CURRENT,full_transition_expand0,2,219,219,True,True,11011011,3.3,0.0,0.0,3.08755e-05,104.49999999999875,1.20279,1.20279,current_full_transition_expand0_f2_sh011
t220_high,220,high,1.2227034441129432,CURRENT,full_transition_expand0,2,220,220,True,True,11011100,3.3,0.0,0.0,3.18755e-05,104.49999999999197,1.22271,1.22271,current_full_transition_expand0_f2_sh011
t184_low,184,low,0.7254286398099163,CURRENT,full_transition_expand0,2,183,183,True,True,10110111,3.3,0.0,0.0,8.75483e-07,104.51699999999995,0.725439,0.725439,current_full_transition_expand0_f2_sh010
t184_high,184,high,0.7453505148099164,CURRENT,full_transition_expand0,2,184,184,True,True,10111000,3.3,0.0,0.0,1.87548e-06,104.52000000000014,0.745361,0.745361,current_full_transition_expand0_f2_sh010
t185_low,185,low,0.7386884434016674,CURRENT,full_transition_expand0,2,184,184,True,True,10111000,3.3,0.0,0.0,2.87548e-06,104.51999999999973,0.738699,0.738698,current_full_transition_expand0_f2_sh010
t185_high,185,high,0.7586103184016675,CURRENT,full_transition_expand0,2,185,185,True,True,10111001,3.3,0.0,0.0,3.87548e-06,104.52000000000014,0.75862,0.75862,current_full_transition_expand0_f2_sh010
t186_low,186,low,0.751948246993418,CURRENT,full_transition_expand0,2,185,185,True,True,10111001,3.3,0.0,0.0,4.87548e-06,104.52000000000099,0.751958,0.751958,current_full_transition_expand0_f2_sh010
t186_high,186,high,0.7718701219934181,CURRENT,full_transition_expand0,2,186,186,True,True,10111010,3.3,0.0,0.0,5.87548e-06,104.52000000000014,0.77188,0.77188,current_full_transition_expand0_f2_sh010
t187_low,187,low,0.7652080505851686,CURRENT,full_transition_expand0,2,186,186,True,True,10111010,3.3,0.0,0.0,6.87548e-06,104.52000000000014,0.765218,0.765218,current_full_transition_expand0_f2_sh010
t187_high,187,high,0.7851299255851687,CURRENT,full_transition_expand0,2,187,187,True,True,10111011,3.3,0.0,0.0,7.87548e-06,104.52000000000014,0.78514,0.78514,current_full_transition_expand0_f2_sh010
t188_low,188,low,0.7784678541769197,CURRENT,full_transition_expand0,2,187,187,True,True,10111011,3.3,0.0,0.0,8.87548e-06,104.52000000000014,0.778478,0.778478,current_full_transition_expand0_f2_sh010
t188_high,188,high,0.7983897291769197,CURRENT,full_transition_expand0,2,188,188,True,True,10111100,3.3,0.0,0.0,9.87548e-06,104.52000000000014,0.7984,0.7984,current_full_transition_expand0_f2_sh010
t189_low,189,low,0.7917276577686703,CURRENT,full_transition_expand0,2,188,188,True,True,10111100,3.3,0.0,0.0,1.08755e-05,104.50000000000044,0.791738,0.791738,current_full_transition_expand0_f2_sh010
t189_high,189,high,0.8116495327686704,CURRENT,full_transition_expand0,2,189,189,True,True,10111101,3.3,0.0,0.0,1.18755e-05,104.50000000000044,0.81166,0.81166,current_full_transition_expand0_f2_sh010
t194_low,194,low,0.8580266757274237,CURRENT,full_transition_expand0,2,193,193,True,True,11000001,3.3,0.0,0.0,1.28755e-05,104.49999999999875,0.858037,0.858037,current_full_transition_expand0_f2_sh010
t194_high,194,high,0.8779485507274238,CURRENT,full_transition_expand0,2,194,194,True,True,11000010,3.3,0.0,0.0,1.38755e-05,104.50000000000044,0.877959,0.877959,current_full_transition_expand0_f2_sh010
t195_low,195,low,0.8712864793191748,CURRENT,full_transition_expand0,2,194,194,True,True,11000010,3.3,0.0,0.0,1.48755e-05,104.50000000000044,0.871297,0.871296,current_full_transition_expand0_f2_sh010
t195_high,195,high,0.8912083543191749,CURRENT,full_transition_expand0,2,195,195,True,True,11000011,3.3,0.0,0.0,1.58755e-05,104.49999999999875,0.891218,0.891218,current_full_transition_expand0_f2_sh010
t196_low,196,low,0.8845462829109254,CURRENT,full_transition_expand0,2,195,195,True,True,11000011,3.3,0.0,0.0,1.68755e-05,104.49999999999535,0.884556,0.884556,current_full_transition_expand0_f2_sh010
t196_high,196,high,0.9044681579109255,CURRENT,full_transition_expand0,2,196,196,True,True,11000100,3.3,0.0,0.0,1.78755e-05,104.49999999999875,0.904478,0.904478,current_full_transition_expand0_f2_sh010
t197_low,197,low,0.897806086502676,CURRENT,full_transition_expand0,2,196,196,True,True,11000100,3.3,0.0,0.0,1.88755e-05,104.49999999999875,0.897816,0.897816,current_full_transition_expand0_f2_sh010
t197_high,197,high,0.9177279615026761,CURRENT,full_transition_expand0,2,197,197,True,True,11000101,3.3,0.0,0.0,1.98755e-05,104.49999999999875,0.917738,0.917738,current_full_transition_expand0_f2_sh010
t198_low,198,low,0.9110658900944266,CURRENT,full_transition_expand0,2,197,197,True,True,11000101,3.3,0.0,0.0,2.08755e-05,104.49999999999875,0.911076,0.911076,current_full_transition_expand0_f2_sh010
t198_high,198,high,0.9309877650944267,CURRENT,full_transition_expand0,2,198,198,True,True,11000110,3.3,0.0,0.0,2.18755e-05,104.49999999999535,0.930998,0.930998,current_full_transition_expand0_f2_sh010
t199_low,199,low,0.9243256936861777,CURRENT,full_transition_expand0,2,198,198,True,True,11000110,3.3,0.0,0.0,2.28755e-05,104.49999999999535,0.924336,0.924336,current_full_transition_expand0_f2_sh010
t199_high,199,high,0.9442475686861778,CURRENT,full_transition_expand0,2,199,199,True,True,11000111,3.3,0.0,0.0,2.38755e-05,104.49999999999875,0.944258,0.944258,current_full_transition_expand0_f2_sh010
t200_low,200,low,0.9375854972779283,CURRENT,full_transition_expand0,2,199,199,True,True,11000111,3.3,0.0,0.0,2.48755e-05,104.49999999999875,0.937596,0.937596,current_full_transition_expand0_f2_sh010
t200_high,200,high,0.9575073722779284,CURRENT,full_transition_expand0,2,200,200,True,True,11001000,3.3,0.0,0.0,2.58755e-05,104.49999999999875,0.957517,0.957517,current_full_transition_expand0_f2_sh010
t201_low,201,low,0.9508453008696789,CURRENT,full_transition_expand0,2,200,200,True,True,11001000,3.3,0.0,0.0,2.68755e-05,104.49999999999875,0.950855,0.950855,current_full_transition_expand0_f2_sh010
t201_high,201,high,0.970767175869679,CURRENT,full_transition_expand0,2,201,201,True,True,11001001,3.3,0.0,0.0,2.78755e-05,104.49999999999535,0.970777,0.970777,current_full_transition_expand0_f2_sh010
t202_low,202,low,0.9641051044614299,CURRENT,full_transition_expand0,2,201,201,True,True,11001001,3.3,0.0,0.0,2.88755e-05,104.49999999999535,0.964115,0.964115,current_full_transition_expand0_f2_sh010
t202_high,202,high,0.98402697946143,CURRENT,full_transition_expand0,2,202,202,True,True,11001010,3.3,0.0,0.0,2.98755e-05,104.49999999999875,0.984037,0.984037,current_full_transition_expand0_f2_sh010
t203_low,203,low,0.9773649080531805,CURRENT,full_transition_expand0,2,202,202,True,True,11001010,3.3,0.0,0.0,3.08755e-05,104.49999999999875,0.977375,0.977375,current_full_transition_expand0_f2_sh010
t203_high,203,high,0.9972867830531806,CURRENT,full_transition_expand0,2,203,203,True,True,11001011,3.3,0.0,0.0,3.18755e-05,104.49999999999197,0.997297,0.997297,current_full_transition_expand0_f2_sh010
t240_low,240,low,1.467977640947958,CURRENT,full_transition_expand0,2,239,239,True,True,11101111,3.3,0.0,0.0,8.75484e-07,104.51599999999993,1.46799,1.46799,current_full_transition_expand0_f2_sh013
t240_high,240,high,1.487899515947958,CURRENT,full_transition_expand0,2,240,240,True,True,11110000,3.3,0.0,0.0,1.87548e-06,104.52000000000014,1.48791,1.48791,current_full_transition_expand0_f2_sh013
t241_low,241,low,1.4812374445397085,CURRENT,full_transition_expand0,2,240,240,True,True,11110000,3.3,0.0,0.0,2.87548e-06,104.51999999999973,1.48125,1.48125,current_full_transition_expand0_f2_sh013
t241_high,241,high,1.5011593195397086,CURRENT,full_transition_expand0,2,241,241,True,True,11110001,3.3,0.0,0.0,3.87548e-06,104.52000000000014,1.50117,1.50117,current_full_transition_expand0_f2_sh013
t242_low,242,low,1.4944972481314596,CURRENT,full_transition_expand0,2,241,241,True,True,11110001,3.3,0.0,0.0,4.87548e-06,104.52000000000099,1.49451,1.49451,current_full_transition_expand0_f2_sh013
t242_high,242,high,1.5144191231314597,CURRENT,full_transition_expand0,2,242,242,True,True,11110010,3.3,0.0,0.0,5.87548e-06,104.52000000000014,1.51443,1.51443,current_full_transition_expand0_f2_sh013
t243_low,243,low,1.5077570517232102,CURRENT,full_transition_expand0,2,242,242,True,True,11110010,3.3,0.0,0.0,6.87548e-06,104.52000000000014,1.50777,1.50777,current_full_transition_expand0_f2_sh013
t243_high,243,high,1.5276789267232103,CURRENT,full_transition_expand0,2,243,243,True,True,11110011,3.3,0.0,0.0,7.87548e-06,104.52000000000014,1.52769,1.52769,current_full_transition_expand0_f2_sh013
t244_low,244,low,1.5210168553149608,CURRENT,full_transition_expand0,2,243,243,True,True,11110011,3.3,0.0,0.0,8.87548e-06,104.52000000000014,1.52103,1.52103,current_full_transition_expand0_f2_sh013
t244_high,244,high,1.5409387303149609,CURRENT,full_transition_expand0,2,244,244,True,True,11110100,3.3,0.0,0.0,9.87548e-06,104.52000000000014,1.54095,1.54095,current_full_transition_expand0_f2_sh013
t245_low,245,low,1.5342766589067114,CURRENT,full_transition_expand0,2,244,244,True,True,11110100,3.3,0.0,0.0,1.08755e-05,104.50000000000044,1.53429,1.53429,current_full_transition_expand0_f2_sh013
t245_high,245,high,1.5541985339067115,CURRENT,full_transition_expand0,2,245,245,True,True,11110101,3.3,0.0,0.0,1.18755e-05,104.50000000000044,1.55421,1.55421,current_full_transition_expand0_f2_sh013
t246_low,246,low,1.5475364624984624,CURRENT,full_transition_expand0,2,245,245,True,True,11110101,3.3,0.0,0.0,1.28755e-05,104.49999999999875,1.54755,1.54755,current_full_transition_expand0_f2_sh013
t246_high,246,high,1.5674583374984625,CURRENT,full_transition_expand0,2,246,246,True,True,11110110,3.3,0.0,0.0,1.38755e-05,104.50000000000044,1.56747,1.56747,current_full_transition_expand0_f2_sh013
t247_low,247,low,1.560796266090213,CURRENT,full_transition_expand0,2,246,246,True,True,11110110,3.3,0.0,0.0,1.48755e-05,104.50000000000044,1.56081,1.56081,current_full_transition_expand0_f2_sh013
t247_high,247,high,1.5807181410902131,CURRENT,full_transition_expand0,2,247,247,True,True,11110111,3.3,0.0,0.0,1.58755e-05,104.49999999999875,1.58073,1.58073,current_full_transition_expand0_f2_sh013
t248_low,248,low,1.5740560696819637,CURRENT,full_transition_expand0,2,247,247,True,True,11110111,3.3,0.0,0.0,1.68755e-05,104.49999999999535,1.57407,1.57407,current_full_transition_expand0_f2_sh013
t248_high,248,high,1.5939779446819637,CURRENT,full_transition_expand0,2,248,248,True,True,11111000,3.3,0.0,0.0,1.78755e-05,104.49999999999875,1.59399,1.59399,current_full_transition_expand0_f2_sh013
t249_low,249,low,1.5873158732737147,CURRENT,full_transition_expand0,2,248,248,True,True,11111000,3.3,0.0,0.0,1.88755e-05,104.49999999999875,1.58733,1.58733,current_full_transition_expand0_f2_sh013
t249_high,249,high,1.6072377482737148,CURRENT,full_transition_expand0,2,249,249,True,True,11111001,3.3,0.0,0.0,1.98755e-05,104.49999999999875,1.60725,1.60725,current_full_transition_expand0_f2_sh013
t250_low,250,low,1.6005756768654653,CURRENT,full_transition_expand0,2,249,249,True,True,11111001,3.3,0.0,0.0,2.08755e-05,104.49999999999875,1.60059,1.60059,current_full_transition_expand0_f2_sh013
t250_high,250,high,1.6204975518654654,CURRENT,full_transition_expand0,2,250,250,True,True,11111010,3.3,0.0,0.0,2.18755e-05,104.49999999999535,1.62051,1.62051,current_full_transition_expand0_f2_sh013
t251_low,251,low,1.613835480457216,CURRENT,full_transition_expand0,2,250,250,True,True,11111010,3.3,0.0,0.0,2.28755e-05,104.49999999999535,1.61385,1.61385,current_full_transition_expand0_f2_sh013
t251_high,251,high,1.633757355457216,CURRENT,full_transition_expand0,2,251,251,True,True,11111011,3.3,0.0,0.0,2.38755e-05,104.49999999999875,1.63377,1.63377,current_full_transition_expand0_f2_sh013
t252_low,252,low,1.627095284048967,CURRENT,full_transition_expand0,2,251,251,True,True,11111011,3.3,0.0,0.0,2.48755e-05,104.49999999999875,1.62711,1.62711,current_full_transition_expand0_f2_sh013
t252_high,252,high,1.647017159048967,CURRENT,full_transition_expand0,2,252,252,True,True,11111100,3.3,0.0,0.0,2.58755e-05,104.49999999999875,1.64703,1.64703,current_full_transition_expand0_f2_sh013
t253_low,253,low,1.6403550876407176,CURRENT,full_transition_expand0,2,252,252,True,True,11111100,3.3,0.0,0.0,2.68755e-05,104.49999999999875,1.64037,1.64037,current_full_transition_expand0_f2_sh013
t253_high,253,high,1.6602769626407177,CURRENT,full_transition_expand0,2,253,253,True,True,11111101,3.3,0.0,0.0,2.78755e-05,104.49999999999535,1.66029,1.66029,current_full_transition_expand0_f2_sh013
t254_low,254,low,1.6536148912324682,CURRENT,full_transition_expand0,2,253,253,True,True,11111101,3.3,0.0,0.0,2.88755e-05,104.49999999999535,1.65362,1.65362,current_full_transition_expand0_f2_sh013
t254_high,254,high,1.6735367662324683,CURRENT,full_transition_expand0,2,254,254,True,True,11111110,3.3,0.0,0.0,2.98755e-05,104.49999999999875,1.67355,1.67355,current_full_transition_expand0_f2_sh013
t221_low,221,low,1.2160413727046937,CURRENT,full_transition_expand0,2,220,220,True,True,11011100,3.3,0.0,0.0,8.75482e-07,104.51799999999999,1.21605,1.21605,current_full_transition_expand0_f2_sh012
t221_high,221,high,1.2359632477046938,CURRENT,full_transition_expand0,2,221,221,True,True,11011101,3.3,0.0,0.0,1.87548e-06,104.52000000000014,1.23597,1.23597,current_full_transition_expand0_f2_sh012
t222_low,222,low,1.2293011762964448,CURRENT,full_transition_expand0,2,221,221,True,True,11011101,3.3,0.0,0.0,2.87548e-06,104.51999999999973,1.22931,1.22931,current_full_transition_expand0_f2_sh012
t222_high,222,high,1.2492230512964448,CURRENT,full_transition_expand0,2,222,222,True,True,11011110,3.3,0.0,0.0,3.87548e-06,104.52000000000014,1.24923,1.24923,current_full_transition_expand0_f2_sh012
t226_low,226,low,1.2823403906634476,CURRENT,full_transition_expand0,2,225,225,True,True,11100001,3.3,0.0,0.0,4.87548e-06,104.52000000000099,1.28235,1.28235,current_full_transition_expand0_f2_sh012
t226_high,226,high,1.3022622656634477,CURRENT,full_transition_expand0,2,226,226,True,True,11100010,3.3,0.0,0.0,5.87548e-06,104.52000000000014,1.30227,1.30227,current_full_transition_expand0_f2_sh012
t227_low,227,low,1.2956001942551982,CURRENT,full_transition_expand0,2,226,226,True,True,11100010,3.3,0.0,0.0,6.87548e-06,104.52000000000014,1.29561,1.29561,current_full_transition_expand0_f2_sh012
t227_high,227,high,1.3155220692551983,CURRENT,full_transition_expand0,2,227,227,True,True,11100011,3.3,0.0,0.0,7.87548e-06,104.52000000000014,1.31553,1.31553,current_full_transition_expand0_f2_sh012
t228_low,228,low,1.3088599978469488,CURRENT,full_transition_expand0,2,227,227,True,True,11100011,3.3,0.0,0.0,8.87548e-06,104.52000000000014,1.30887,1.30887,current_full_transition_expand0_f2_sh012
t228_high,228,high,1.328781872846949,CURRENT,full_transition_expand0,2,228,228,True,True,11100100,3.3,0.0,0.0,9.87548e-06,104.52000000000014,1.32879,1.32879,current_full_transition_expand0_f2_sh012
t229_low,229,low,1.3221198014387,CURRENT,full_transition_expand0,2,228,228,True,True,11100100,3.3,0.0,0.0,1.08755e-05,104.50000000000044,1.32213,1.32213,current_full_transition_expand0_f2_sh012
t229_high,229,high,1.3420416764387,CURRENT,full_transition_expand0,2,229,229,True,True,11100101,3.3,0.0,0.0,1.18755e-05,104.50000000000044,1.34205,1.34205,current_full_transition_expand0_f2_sh012
t230_low,230,low,1.3353796050304505,CURRENT,full_transition_expand0,2,229,229,True,True,11100101,3.3,0.0,0.0,1.28755e-05,104.49999999999875,1.33539,1.33539,current_full_transition_expand0_f2_sh012
t230_high,230,high,1.3553014800304506,CURRENT,full_transition_expand0,2,230,230,True,True,11100110,3.3,0.0,0.0,1.38755e-05,104.50000000000044,1.35531,1.35531,current_full_transition_expand0_f2_sh012
t231_low,231,low,1.348639408622201,CURRENT,full_transition_expand0,2,230,230,True,True,11100110,3.3,0.0,0.0,1.48755e-05,104.50000000000044,1.34865,1.34865,current_full_transition_expand0_f2_sh012
t231_high,231,high,1.3685612836222012,CURRENT,full_transition_expand0,2,231,231,True,True,11100111,3.3,0.0,0.0,1.58755e-05,104.49999999999875,1.36857,1.36857,current_full_transition_expand0_f2_sh012
t232_low,232,low,1.3618992122139522,CURRENT,full_transition_expand0,2,231,231,True,True,11100111,3.3,0.0,0.0,1.68755e-05,104.49999999999535,1.36191,1.36191,current_full_transition_expand0_f2_sh012
t232_high,232,high,1.3818210872139522,CURRENT,full_transition_expand0,2,232,232,True,True,11101000,3.3,0.0,0.0,1.78755e-05,104.49999999999875,1.38183,1.38183,current_full_transition_expand0_f2_sh012
t233_low,233,low,1.3751590158057028,CURRENT,full_transition_expand0,2,232,232,True,True,11101000,3.3,0.0,0.0,1.88755e-05,104.49999999999875,1.37517,1.37517,current_full_transition_expand0_f2_sh012
t233_high,233,high,1.3950808908057029,CURRENT,full_transition_expand0,2,233,233,True,True,11101001,3.3,0.0,0.0,1.98755e-05,104.49999999999875,1.39509,1.39509,current_full_transition_expand0_f2_sh012
t234_low,234,low,1.3884188193974534,CURRENT,full_transition_expand0,2,233,233,True,True,11101001,3.3,0.0,0.0,2.08755e-05,104.49999999999875,1.38843,1.38843,current_full_transition_expand0_f2_sh012
t234_high,234,high,1.4083406943974535,CURRENT,full_transition_expand0,2,234,234,True,True,11101010,3.3,0.0,0.0,2.18755e-05,104.49999999999535,1.40835,1.40835,current_full_transition_expand0_f2_sh012
t235_low,235,low,1.401678622989204,CURRENT,full_transition_expand0,2,234,234,True,True,11101010,3.3,0.0,0.0,2.28755e-05,104.49999999999535,1.40169,1.40169,current_full_transition_expand0_f2_sh012
t235_high,235,high,1.421600497989204,CURRENT,full_transition_expand0,2,235,235,True,True,11101011,3.3,0.0,0.0,2.38755e-05,104.49999999999875,1.42161,1.42161,current_full_transition_expand0_f2_sh012
t236_low,236,low,1.414938426580955,CURRENT,full_transition_expand0,2,235,235,True,True,11101011,3.3,0.0,0.0,2.48755e-05,104.49999999999875,1.41495,1.41495,current_full_transition_expand0_f2_sh012
t236_high,236,high,1.4348603015809551,CURRENT,full_transition_expand0,2,236,236,True,True,11101100,3.3,0.0,0.0,2.58755e-05,104.49999999999875,1.43487,1.43487,current_full_transition_expand0_f2_sh012
t237_low,237,low,1.4281982301727056,CURRENT,full_transition_expand0,2,236,236,True,True,11101100,3.3,0.0,0.0,2.68755e-05,104.49999999999875,1.42821,1.42821,current_full_transition_expand0_f2_sh012
t237_high,237,high,1.4481201051727057,CURRENT,full_transition_expand0,2,237,237,True,True,11101101,3.3,0.0,0.0,2.78755e-05,104.49999999999535,1.44813,1.44813,current_full_transition_expand0_f2_sh012
t238_low,238,low,1.4414580337644562,CURRENT,full_transition_expand0,2,237,237,True,True,11101101,3.3,0.0,0.0,2.88755e-05,104.49999999999535,1.44147,1.44147,current_full_transition_expand0_f2_sh012
t238_high,238,high,1.4613799087644563,CURRENT,full_transition_expand0,2,238,238,True,True,11101110,3.3,0.0,0.0,2.98755e-05,104.49999999999875,1.46139,1.46139,current_full_transition_expand0_f2_sh012
t239_low,239,low,1.4547178373562073,CURRENT,full_transition_expand0,2,238,238,True,True,11101110,3.3,0.0,0.0,3.08755e-05,104.49999999999875,1.45473,1.45473,current_full_transition_expand0_f2_sh012
t239_high,239,high,1.4746397123562074,CURRENT,full_transition_expand0,2,239,239,True,True,11101111,3.3,0.0,0.0,3.18755e-05,104.49999999999197,1.47465,1.47465,current_full_transition_expand0_f2_sh012
t039_mid,39,mid,-1.1872819434939408,CURRENT,full_transition_bis00,2,39,39,True,True,00100111,3.3,0.0,0.0,8.75484e-07,104.51599999999993,-1.18727,-1.18727,current_full_transition_bis00_f2_sh001
t040_mid,40,mid,-1.17402213990219,CURRENT,full_transition_bis00,2,40,40,True,True,00101000,3.3,0.0,0.0,1.87548e-06,104.52000000000014,-1.17401,-1.17401,current_full_transition_bis00_f2_sh001
t041_mid,41,mid,-1.1607623363104391,CURRENT,full_transition_bis00,2,40,40,True,True,00101000,3.3,0.0,0.0,2.87548e-06,104.51999999999973,-1.16075,-1.16075,current_full_transition_bis00_f2_sh001
t042_mid,42,mid,-1.1475025327186885,CURRENT,full_transition_bis00,2,42,42,True,True,00101010,3.3,0.0,0.0,3.87548e-06,104.52000000000014,-1.14749,-1.14749,current_full_transition_bis00_f2_sh001
t043_mid,43,mid,-1.1342427291269377,CURRENT,full_transition_bis00,2,43,43,True,True,00101011,3.3,0.0,0.0,4.87548e-06,104.52000000000099,-1.13423,-1.13423,current_full_transition_bis00_f2_sh001
t044_mid,44,mid,-1.1209829255351869,CURRENT,full_transition_bis00,2,43,43,True,True,00101011,3.3,0.0,0.0,5.87548e-06,104.52000000000014,-1.12097,-1.12097,current_full_transition_bis00_f2_sh001
t045_mid,45,mid,-1.1077231219434363,CURRENT,full_transition_bis00,2,44,44,True,True,00101100,3.3,0.0,0.0,6.87548e-06,104.52000000000014,-1.10771,-1.10771,current_full_transition_bis00_f2_sh001
t046_mid,46,mid,-1.0944633183516856,CURRENT,full_transition_bis00,2,45,45,True,True,00101101,3.3,0.0,0.0,7.87548e-06,104.52000000000014,-1.09445,-1.09445,current_full_transition_bis00_f2_sh001
t047_mid,47,mid,-1.0812035147599346,CURRENT,full_transition_bis00,2,46,46,True,True,00101110,3.3,0.0,0.0,8.87548e-06,104.52000000000014,-1.08119,-1.08119,current_full_transition_bis00_f2_sh001
t049_mid,49,mid,-1.0546839075764334,CURRENT,full_transition_bis00,2,49,49,True,True,00110001,3.3,0.0,0.0,9.87548e-06,104.52000000000014,-1.05467,-1.05467,current_full_transition_bis00_f2_sh001
t050_mid,50,mid,-1.0414241039846825,CURRENT,full_transition_bis00,2,50,50,True,True,00110010,3.3,0.0,0.0,1.08755e-05,104.50000000000044,-1.04141,-1.04141,current_full_transition_bis00_f2_sh001
t051_mid,51,mid,-1.0281643003929317,CURRENT,full_transition_bis00,2,51,51,True,True,00110011,3.3,0.0,0.0,1.18755e-05,104.50000000000044,-1.02815,-1.02815,current_full_transition_bis00_f2_sh001
t052_mid,52,mid,-1.014904496801181,CURRENT,full_transition_bis00,2,52,52,True,True,00110100,3.3,0.0,0.0,1.28755e-05,104.49999999999875,-1.01489,-1.01489,current_full_transition_bis00_f2_sh001
t053_mid,53,mid,-1.0016446932094303,CURRENT,full_transition_bis00,2,53,53,True,True,00110101,3.3,0.0,0.0,1.38755e-05,104.50000000000044,-1.00163,-1.00163,current_full_transition_bis00_f2_sh001
t054_mid,54,mid,-0.9883848896176796,CURRENT,full_transition_bis00,2,54,54,True,True,00110110,3.3,0.0,0.0,1.48755e-05,104.50000000000044,-0.988375,-0.988375,current_full_transition_bis00_f2_sh001
t055_mid,55,mid,-0.9751250860259288,CURRENT,full_transition_bis00,2,55,55,True,True,00110111,3.3,0.0,0.0,1.58755e-05,104.49999999999875,-0.975115,-0.975115,current_full_transition_bis00_f2_sh001
t056_mid,56,mid,-0.9618652824341781,CURRENT,full_transition_bis00,2,56,56,True,True,00111000,3.3,0.0,0.0,1.68755e-05,104.49999999999535,-0.961855,-0.961855,current_full_transition_bis00_f2_sh001
t057_mid,57,mid,-0.9486054788424274,CURRENT,full_transition_bis00,2,57,57,True,True,00111001,3.3,0.0,0.0,1.78755e-05,104.49999999999875,-0.948596,-0.948595,current_full_transition_bis00_f2_sh001
t058_mid,58,mid,-0.9353456752506766,CURRENT,full_transition_bis00,2,58,58,True,True,00111010,3.3,0.0,0.0,1.88755e-05,104.49999999999875,-0.935336,-0.935336,current_full_transition_bis00_f2_sh001
t059_mid,59,mid,-0.9220858716589259,CURRENT,full_transition_bis00,2,59,59,True,True,00111011,3.3,0.0,0.0,1.98755e-05,104.49999999999875,-0.922076,-0.922076,current_full_transition_bis00_f2_sh001
t060_mid,60,mid,-0.9088260680671751,CURRENT,full_transition_bis00,2,60,60,True,True,00111100,3.3,0.0,0.0,2.08755e-05,104.49999999999875,-0.908816,-0.908816,current_full_transition_bis00_f2_sh001
t061_mid,61,mid,-0.8955662644754244,CURRENT,full_transition_bis00,2,60,60,True,True,00111100,3.3,0.0,0.0,2.18755e-05,104.49999999999535,-0.895556,-0.895556,current_full_transition_bis00_f2_sh001
t062_mid,62,mid,-0.8823064608836737,CURRENT,full_transition_bis00,2,62,62,True,True,00111110,3.3,0.0,0.0,2.28755e-05,104.49999999999535,-0.882297,-0.882296,current_full_transition_bis00_f2_sh001
t066_mid,66,mid,-0.8292672465166707,CURRENT,full_transition_bis00,2,66,66,True,True,01000010,3.3,0.0,0.0,2.38755e-05,104.49999999999875,-0.829257,-0.829257,current_full_transition_bis00_f2_sh001
t067_mid,67,mid,-0.81600744292492,CURRENT,full_transition_bis00,2,67,67,True,True,01000011,3.3,0.0,0.0,2.48755e-05,104.49999999999875,-0.815998,-0.815997,current_full_transition_bis00_f2_sh001
t068_mid,68,mid,-0.8027476393331692,CURRENT,full_transition_bis00,2,68,68,True,True,01000100,3.3,0.0,0.0,2.58755e-05,104.49999999999875,-0.802738,-0.802738,current_full_transition_bis00_f2_sh001
t069_mid,69,mid,-0.7894878357414185,CURRENT,full_transition_bis00,2,69,69,True,True,01000101,3.3,0.0,0.0,2.68755e-05,104.49999999999875,-0.789478,-0.789478,current_full_transition_bis00_f2_sh001
t070_mid,70,mid,-0.7762280321496677,CURRENT,full_transition_bis00,2,70,70,True,True,01000110,3.3,0.0,0.0,2.78755e-05,104.49999999999535,-0.776218,-0.776218,current_full_transition_bis00_f2_sh001
t071_mid,71,mid,-0.762968228557917,CURRENT,full_transition_bis00,2,71,71,True,True,01000111,3.3,0.0,0.0,2.88755e-05,104.49999999999535,-0.762958,-0.762958,current_full_transition_bis00_f2_sh001
t072_mid,72,mid,-0.7497084249661663,CURRENT,full_transition_bis00,2,72,72,True,True,01001000,3.3,0.0,0.0,2.98755e-05,104.49999999999875,-0.749699,-0.749698,current_full_transition_bis00_f2_sh001
t073_mid,73,mid,-0.7364486213744155,CURRENT,full_transition_bis00,2,73,73,True,True,01001001,3.3,0.0,0.0,3.08755e-05,104.49999999999875,-0.736439,-0.736439,current_full_transition_bis00_f2_sh001
t074_mid,74,mid,-0.7231888177826648,CURRENT,full_transition_bis00,2,74,74,True,True,01001010,3.3,0.0,0.0,3.18755e-05,104.49999999999197,-0.723179,-0.723179,current_full_transition_bis00_f2_sh001
t003_mid,3,mid,-1.6646348727969673,CURRENT,full_transition_bis00,2,3,3,True,True,00000011,3.3,0.0,0.0,8.75484e-07,104.51599999999993,-1.66462,-1.66462,current_full_transition_bis00_f2_sh000
t004_mid,4,mid,-1.6513750692052165,CURRENT,full_transition_bis00,2,4,4,True,True,00000100,3.3,0.0,0.0,1.87548e-06,104.52000000000014,-1.65137,-1.65137,current_full_transition_bis00_f2_sh000
t005_mid,5,mid,-1.6381152656134659,CURRENT,full_transition_bis00,2,4,4,True,True,00000100,3.3,0.0,0.0,2.87548e-06,104.51999999999973,-1.63811,-1.63811,current_full_transition_bis00_f2_sh000
t006_mid,6,mid,-1.624855462021715,CURRENT,full_transition_bis00,2,5,5,True,True,00000101,3.3,0.0,0.0,3.87548e-06,104.52000000000014,-1.62485,-1.62485,current_full_transition_bis00_f2_sh000
t007_mid,7,mid,-1.6115956584299642,CURRENT,full_transition_bis00,2,6,6,True,True,00000110,3.3,0.0,0.0,4.87548e-06,104.52000000000099,-1.61159,-1.61159,current_full_transition_bis00_f2_sh000
t008_mid,8,mid,-1.5983358548382136,CURRENT,full_transition_bis00,2,8,8,True,True,00001000,3.3,0.0,0.0,5.87548e-06,104.52000000000014,-1.59833,-1.59833,current_full_transition_bis00_f2_sh000
t009_mid,9,mid,-1.5850760512464628,CURRENT,full_transition_bis00,2,8,8,True,True,00001000,3.3,0.0,0.0,6.87548e-06,104.52000000000014,-1.58507,-1.58507,current_full_transition_bis00_f2_sh000
t010_mid,10,mid,-1.5718162476547122,CURRENT,full_transition_bis00,2,9,9,True,True,00001001,3.3,0.0,0.0,7.87548e-06,104.52000000000014,-1.57181,-1.57181,current_full_transition_bis00_f2_sh000
t011_mid,11,mid,-1.5585564440629613,CURRENT,full_transition_bis00,2,10,10,True,True,00001010,3.3,0.0,0.0,8.87548e-06,104.52000000000014,-1.55855,-1.55855,current_full_transition_bis00_f2_sh000
t012_mid,12,mid,-1.5452966404712107,CURRENT,full_transition_bis00,2,11,11,True,True,00001011,3.3,0.0,0.0,9.87548e-06,104.52000000000014,-1.54529,-1.54529,current_full_transition_bis00_f2_sh000
t013_mid,13,mid,-1.53203683687946,CURRENT,full_transition_bis00,2,12,12,True,True,00001100,3.3,0.0,0.0,1.08755e-05,104.50000000000044,-1.53203,-1.53203,current_full_transition_bis00_f2_sh000
t014_mid,14,mid,-1.518777033287709,CURRENT,full_transition_bis00,2,13,13,True,True,00001101,3.3,0.0,0.0,1.18755e-05,104.50000000000044,-1.51877,-1.51877,current_full_transition_bis00_f2_sh000
t015_mid,15,mid,-1.5055172296959585,CURRENT,full_transition_bis00,2,14,14,True,True,00001110,3.3,0.0,0.0,1.28755e-05,104.49999999999875,-1.50551,-1.50551,current_full_transition_bis00_f2_sh000
t017_mid,17,mid,-1.4789976225124568,CURRENT,full_transition_bis00,2,17,17,True,True,00010001,3.3,0.0,0.0,1.38755e-05,104.50000000000044,-1.47899,-1.47899,current_full_transition_bis00_f2_sh000
t018_mid,18,mid,-1.4657378189207062,CURRENT,full_transition_bis00,2,18,18,True,True,00010010,3.3,0.0,0.0,1.48755e-05,104.50000000000044,-1.46573,-1.46573,current_full_transition_bis00_f2_sh000
t019_mid,19,mid,-1.4524780153289554,CURRENT,full_transition_bis00,2,19,19,True,True,00010011,3.3,0.0,0.0,1.58755e-05,104.49999999999875,-1.45247,-1.45247,current_full_transition_bis00_f2_sh000
t020_mid,20,mid,-1.4392182117372048,CURRENT,full_transition_bis00,2,20,20,True,True,00010100,3.3,0.0,0.0,1.68755e-05,104.49999999999535,-1.43921,-1.43921,current_full_transition_bis00_f2_sh000
t021_mid,21,mid,-1.425958408145454,CURRENT,full_transition_bis00,2,20,20,True,True,00010100,3.3,0.0,0.0,1.78755e-05,104.49999999999875,-1.42595,-1.42595,current_full_transition_bis00_f2_sh000
t022_mid,22,mid,-1.4126986045537033,CURRENT,full_transition_bis00,2,22,22,True,True,00010110,3.3,0.0,0.0,1.88755e-05,104.49999999999875,-1.41269,-1.41269,current_full_transition_bis00_f2_sh000
t023_mid,23,mid,-1.3994388009619525,CURRENT,full_transition_bis00,2,23,23,True,True,00010111,3.3,0.0,0.0,1.98755e-05,104.49999999999875,-1.39943,-1.39943,current_full_transition_bis00_f2_sh000
t024_mid,24,mid,-1.3861789973702017,CURRENT,full_transition_bis00,2,24,24,True,True,00011000,3.3,0.0,0.0,2.08755e-05,104.49999999999875,-1.38617,-1.38617,current_full_transition_bis00_f2_sh000
t025_mid,25,mid,-1.372919193778451,CURRENT,full_transition_bis00,2,24,24,True,True,00011000,3.3,0.0,0.0,2.18755e-05,104.49999999999535,-1.37291,-1.37291,current_full_transition_bis00_f2_sh000
t026_mid,26,mid,-1.3596593901867002,CURRENT,full_transition_bis00,2,25,25,True,True,00011001,3.3,0.0,0.0,2.28755e-05,104.49999999999535,-1.35965,-1.35965,current_full_transition_bis00_f2_sh000
t027_mid,27,mid,-1.3463995865949494,CURRENT,full_transition_bis00,2,27,27,True,True,00011011,3.3,0.0,0.0,2.38755e-05,104.49999999999875,-1.34639,-1.34639,current_full_transition_bis00_f2_sh000
t028_mid,28,mid,-1.3331397830031988,CURRENT,full_transition_bis00,2,27,27,True,True,00011011,3.3,0.0,0.0,2.48755e-05,104.49999999999875,-1.33313,-1.33313,current_full_transition_bis00_f2_sh000
t029_mid,29,mid,-1.3198799794114482,CURRENT,full_transition_bis00,2,28,28,True,True,00011100,3.3,0.0,0.0,2.58755e-05,104.49999999999875,-1.31987,-1.31987,current_full_transition_bis00_f2_sh000
t030_mid,30,mid,-1.3066201758196974,CURRENT,full_transition_bis00,2,29,29,True,True,00011101,3.3,0.0,0.0,2.68755e-05,104.49999999999875,-1.30661,-1.30661,current_full_transition_bis00_f2_sh000
t034_mid,34,mid,-1.2535809614526943,CURRENT,full_transition_bis00,2,34,34,True,True,00100010,3.3,0.0,0.0,2.78755e-05,104.49999999999535,-1.25357,-1.25357,current_full_transition_bis00_f2_sh000
t035_mid,35,mid,-1.2403211578609437,CURRENT,full_transition_bis00,2,35,35,True,True,00100011,3.3,0.0,0.0,2.88755e-05,104.49999999999535,-1.24031,-1.24031,current_full_transition_bis00_f2_sh000
t036_mid,36,mid,-1.2270613542691928,CURRENT,full_transition_bis00,2,36,36,True,True,00100100,3.3,0.0,0.0,2.98755e-05,104.49999999999875,-1.22705,-1.22705,current_full_transition_bis00_f2_sh000
t037_mid,37,mid,-1.213801550677442,CURRENT,full_transition_bis00,2,36,36,True,True,00100100,3.3,0.0,0.0,3.08755e-05,104.49999999999875,-1.21379,-1.21379,current_full_transition_bis00_f2_sh000
t038_mid,38,mid,-1.2005417470856914,CURRENT,full_transition_bis00,2,38,38,True,True,00100110,3.3,0.0,0.0,3.18755e-05,104.49999999999197,-1.20053,-1.20053,current_full_transition_bis00_f2_sh000
t075_mid,75,mid,-0.709929014190914,CURRENT,full_transition_bis00,2,75,75,True,True,01001011,3.3,0.0,0.0,8.75483e-07,104.51699999999995,-0.709919,-0.709919,current_full_transition_bis00_f2_sh002
t076_mid,76,mid,-0.6966692105991633,CURRENT,full_transition_bis00,2,76,76,True,True,01001100,3.3,0.0,0.0,1.87548e-06,104.52000000000014,-0.696659,-0.696659,current_full_transition_bis00_f2_sh002
t077_mid,77,mid,-0.6834094070074126,CURRENT,full_transition_bis00,2,77,77,True,True,01001101,3.3,0.0,0.0,2.87548e-06,104.51999999999973,-0.6834,-0.683399,current_full_transition_bis00_f2_sh002
t078_mid,78,mid,-0.6701496034156618,CURRENT,full_transition_bis00,2,78,78,True,True,01001110,3.3,0.0,0.0,3.87548e-06,104.52000000000014,-0.67014,-0.67014,current_full_transition_bis00_f2_sh002
t079_mid,79,mid,-0.6568897998239112,CURRENT,full_transition_bis00,2,79,79,True,True,01001111,3.3,0.0,0.0,4.87548e-06,104.52000000000099,-0.65688,-0.65688,current_full_transition_bis00_f2_sh002
t081_mid,81,mid,-0.6303701926404095,CURRENT,full_transition_bis00,2,81,81,True,True,01010001,3.3,0.0,0.0,5.87548e-06,104.52000000000014,-0.63036,-0.63036,current_full_transition_bis00_f2_sh002
t082_mid,82,mid,-0.6171103890486589,CURRENT,full_transition_bis00,2,82,82,True,True,01010010,3.3,0.0,0.0,6.87548e-06,104.52000000000014,-0.617101,-0.6171,current_full_transition_bis00_f2_sh002
t083_mid,83,mid,-0.6038505854569081,CURRENT,full_transition_bis00,2,83,83,True,True,01010011,3.3,0.0,0.0,7.87548e-06,104.52000000000014,-0.603841,-0.603841,current_full_transition_bis00_f2_sh002
t084_mid,84,mid,-0.5905907818651575,CURRENT,full_transition_bis00,2,84,84,True,True,01010100,3.3,0.0,0.0,8.87548e-06,104.52000000000014,-0.590581,-0.590581,current_full_transition_bis00_f2_sh002
t085_mid,85,mid,-0.5773309782734066,CURRENT,full_transition_bis00,2,85,85,True,True,01010101,3.3,0.0,0.0,9.87548e-06,104.52000000000014,-0.577321,-0.577321,current_full_transition_bis00_f2_sh002
t086_mid,86,mid,-0.564071174681656,CURRENT,full_transition_bis00,2,86,86,True,True,01010110,3.3,0.0,0.0,1.08755e-05,104.50000000000044,-0.564061,-0.564061,current_full_transition_bis00_f2_sh002
t087_mid,87,mid,-0.5508113710899052,CURRENT,full_transition_bis00,2,87,87,True,True,01010111,3.3,0.0,0.0,1.18755e-05,104.50000000000044,-0.550801,-0.550801,current_full_transition_bis00_f2_sh002
t088_mid,88,mid,-0.5375515674981544,CURRENT,full_transition_bis00,2,88,88,True,True,01011000,3.3,0.0,0.0,1.28755e-05,104.49999999999875,-0.537542,-0.537542,current_full_transition_bis00_f2_sh002
t089_mid,89,mid,-0.5242917639064038,CURRENT,full_transition_bis00,2,89,89,True,True,01011001,3.3,0.0,0.0,1.38755e-05,104.50000000000044,-0.524282,-0.524282,current_full_transition_bis00_f2_sh002
t090_mid,90,mid,-0.5110319603146529,CURRENT,full_transition_bis00,2,90,90,True,True,01011010,3.3,0.0,0.0,1.48755e-05,104.50000000000044,-0.511022,-0.511022,current_full_transition_bis00_f2_sh002
t091_mid,91,mid,-0.4977721567229023,CURRENT,full_transition_bis00,2,91,91,True,True,01011011,3.3,0.0,0.0,1.58755e-05,104.49999999999875,-0.497762,-0.497762,current_full_transition_bis00_f2_sh002
t092_mid,92,mid,-0.4845123531311515,CURRENT,full_transition_bis00,2,92,92,True,True,01011100,3.3,0.0,0.0,1.68755e-05,104.49999999999535,-0.484502,-0.484502,current_full_transition_bis00_f2_sh002
t093_mid,93,mid,-0.47125254953940066,CURRENT,full_transition_bis00,2,93,93,True,True,01011101,3.3,0.0,0.0,1.78755e-05,104.49999999999875,-0.471243,-0.471243,current_full_transition_bis00_f2_sh002
t094_mid,94,mid,-0.45799274594765005,CURRENT,full_transition_bis00,2,94,94,True,True,01011110,3.3,0.0,0.0,1.88755e-05,104.49999999999875,-0.457983,-0.457983,current_full_transition_bis00_f2_sh002
t098_mid,98,mid,-0.40495353158064695,CURRENT,full_transition_bis00,2,98,98,True,True,01100010,3.3,0.0,0.0,1.98755e-05,104.49999999999875,-0.404944,-0.404944,current_full_transition_bis00_f2_sh002
t099_mid,99,mid,-0.39169372798889635,CURRENT,full_transition_bis00,2,99,99,True,True,01100011,3.3,0.0,0.0,2.08755e-05,104.49999999999875,-0.391684,-0.391684,current_full_transition_bis00_f2_sh002
t100_mid,100,mid,-0.3784339243971455,CURRENT,full_transition_bis00,2,100,100,True,True,01100100,3.3,0.0,0.0,2.18755e-05,104.49999999999535,-0.378424,-0.378424,current_full_transition_bis00_f2_sh002
t101_mid,101,mid,-0.3651741208053949,CURRENT,full_transition_bis00,2,101,101,True,True,01100101,3.3,0.0,0.0,2.28755e-05,104.49999999999535,-0.365164,-0.365164,current_full_transition_bis00_f2_sh002
t102_mid,102,mid,-0.3519143172136441,CURRENT,full_transition_bis00,2,102,102,True,True,01100110,3.3,0.0,0.0,2.38755e-05,104.49999999999875,-0.351904,-0.351904,current_full_transition_bis00_f2_sh002
t103_mid,103,mid,-0.33865451362189325,CURRENT,full_transition_bis00,2,103,103,True,True,01100111,3.3,0.0,0.0,2.48755e-05,104.49999999999875,-0.338645,-0.338645,current_full_transition_bis00_f2_sh002
t104_mid,104,mid,-0.32539471003014264,CURRENT,full_transition_bis00,2,104,104,True,True,01101000,3.3,0.0,0.0,2.58755e-05,104.49999999999875,-0.325385,-0.325385,current_full_transition_bis00_f2_sh002
t105_mid,105,mid,-0.3121349064383918,CURRENT,full_transition_bis00,2,105,105,True,True,01101001,3.3,0.0,0.0,2.68755e-05,104.49999999999875,-0.312125,-0.312125,current_full_transition_bis00_f2_sh002
t106_mid,106,mid,-0.2988751028466412,CURRENT,full_transition_bis00,2,106,106,True,True,01101010,3.3,0.0,0.0,2.78755e-05,104.49999999999535,-0.298865,-0.298865,current_full_transition_bis00_f2_sh002
t107_mid,107,mid,-0.2856152992548904,CURRENT,full_transition_bis00,2,107,107,True,True,01101011,3.3,0.0,0.0,2.88755e-05,104.49999999999535,-0.285605,-0.285605,current_full_transition_bis00_f2_sh002
t108_mid,108,mid,-0.27235549566313955,CURRENT,full_transition_bis00,2,108,108,True,True,01101100,3.3,0.0,0.0,2.98755e-05,104.49999999999875,-0.272346,-0.272346,current_full_transition_bis00_f2_sh002
t109_mid,109,mid,-0.25909569207138894,CURRENT,full_transition_bis00,2,109,109,True,True,01101101,3.3,0.0,0.0,3.08755e-05,104.49999999999875,-0.259086,-0.259086,current_full_transition_bis00_f2_sh002
t110_mid,110,mid,-0.2458358884796381,CURRENT,full_transition_bis00,2,110,110,True,True,01101110,3.3,0.0,0.0,3.18755e-05,104.49999999999197,-0.245826,-0.245826,current_full_transition_bis00_f2_sh002
t111_mid,111,mid,-0.2325760848878875,CURRENT,full_transition_bis00,2,111,111,True,True,01101111,3.3,0.0,0.0,8.75484e-07,104.51599999999993,-0.232566,-0.232566,current_full_transition_bis00_f2_sh003
t113_mid,113,mid,-0.20605647770438607,CURRENT,full_transition_bis00,2,113,113,True,True,01110001,3.3,0.0,0.0,1.87548e-06,104.52000000000014,-0.206046,-0.206046,current_full_transition_bis00_f2_sh003
t114_mid,114,mid,-0.19279667411263524,CURRENT,full_transition_bis00,2,114,114,True,True,01110010,3.3,0.0,0.0,2.87548e-06,104.51999999999973,-0.192787,-0.192787,current_full_transition_bis00_f2_sh003
t115_mid,115,mid,-0.1795368705208844,CURRENT,full_transition_bis00,2,115,115,True,True,01110011,3.3,0.0,0.0,3.87548e-06,104.52000000000014,-0.179527,-0.179527,current_full_transition_bis00_f2_sh003
t116_mid,116,mid,-0.1662770669291338,CURRENT,full_transition_bis00,2,116,116,True,True,01110100,3.3,0.0,0.0,4.87548e-06,104.52000000000099,-0.166267,-0.166267,current_full_transition_bis00_f2_sh003
t117_mid,117,mid,-0.15301726333738297,CURRENT,full_transition_bis00,2,117,117,True,True,01110101,3.3,0.0,0.0,5.87548e-06,104.52000000000014,-0.153007,-0.153007,current_full_transition_bis00_f2_sh003
t118_mid,118,mid,-0.13975745974563236,CURRENT,full_transition_bis00,2,118,118,True,True,01110110,3.3,0.0,0.0,6.87548e-06,104.52000000000014,-0.139747,-0.139747,current_full_transition_bis00_f2_sh003
t119_mid,119,mid,-0.12649765615388153,CURRENT,full_transition_bis00,2,119,119,True,True,01110111,3.3,0.0,0.0,7.87548e-06,104.52000000000014,-0.126488,-0.126488,current_full_transition_bis00_f2_sh003
t120_mid,120,mid,-0.1132378525621307,CURRENT,full_transition_bis00,2,120,120,True,True,01111000,3.3,0.0,0.0,8.87548e-06,104.52000000000014,-0.113228,-0.113228,current_full_transition_bis00_f2_sh003
t121_mid,121,mid,-0.0999780489703801,CURRENT,full_transition_bis00,2,121,121,True,True,01111001,3.3,0.0,0.0,9.87548e-06,104.52000000000014,-0.099968,-0.099968,current_full_transition_bis00_f2_sh003
t122_mid,122,mid,-0.08671824537862927,CURRENT,full_transition_bis00,2,122,122,True,True,01111010,3.3,0.0,0.0,1.08755e-05,104.50000000000044,-0.0867082,-0.0867082,current_full_transition_bis00_f2_sh003
t123_mid,123,mid,-0.07345844178687866,CURRENT,full_transition_bis00,2,123,123,True,True,01111011,3.3,0.0,0.0,1.18755e-05,104.50000000000044,-0.0734484,-0.0734484,current_full_transition_bis00_f2_sh003
t124_mid,124,mid,-0.06019863819512783,CURRENT,full_transition_bis00,2,124,124,True,True,01111100,3.3,0.0,0.0,1.28755e-05,104.49999999999875,-0.0601886,-0.0601886,current_full_transition_bis00_f2_sh003
t125_mid,125,mid,-0.046938834603377,CURRENT,full_transition_bis00,2,125,125,True,True,01111101,3.3,0.0,0.0,1.38755e-05,104.50000000000044,-0.0469288,-0.0469288,current_full_transition_bis00_f2_sh003
t126_mid,126,mid,-0.03367903101162639,CURRENT,full_transition_bis00,2,126,126,True,True,01111110,3.3,0.0,0.0,1.48755e-05,104.50000000000044,-0.033669,-0.033669,current_full_transition_bis00_f2_sh003
t130_mid,130,mid,0.019360183355376703,CURRENT,full_transition_bis00,2,129,129,True,True,10000001,3.3,0.0,0.0,1.58755e-05,104.49999999999875,0.0193702,0.0193702,current_full_transition_bis00_f2_sh003
t131_mid,131,mid,0.03261998694712731,CURRENT,full_transition_bis00,2,130,130,True,True,10000010,3.3,0.0,0.0,1.68755e-05,104.49999999999535,0.03263,0.03263,current_full_transition_bis00_f2_sh003
t132_mid,132,mid,0.04587979053887814,CURRENT,full_transition_bis00,2,131,131,True,True,10000011,3.3,0.0,0.0,1.78755e-05,104.49999999999875,0.0458898,0.0458898,current_full_transition_bis00_f2_sh003
t133_mid,133,mid,0.05913959413062875,CURRENT,full_transition_bis00,2,132,132,True,True,10000100,3.3,0.0,0.0,1.88755e-05,104.49999999999875,0.0591496,0.0591496,current_full_transition_bis00_f2_sh003
t134_mid,134,mid,0.07239939772237958,CURRENT,full_transition_bis00,2,133,133,True,True,10000101,3.3,0.0,0.0,1.98755e-05,104.49999999999875,0.0724094,0.0724094,current_full_transition_bis00_f2_sh003
t135_mid,135,mid,0.0856592013141304,CURRENT,full_transition_bis00,2,134,134,True,True,10000110,3.3,0.0,0.0,2.08755e-05,104.49999999999875,0.0856692,0.0856692,current_full_transition_bis00_f2_sh003
t136_mid,136,mid,0.09891900490588101,CURRENT,full_transition_bis00,2,135,135,True,True,10000111,3.3,0.0,0.0,2.18755e-05,104.49999999999535,0.098929,0.098929,current_full_transition_bis00_f2_sh003
t137_mid,137,mid,0.11217880849763184,CURRENT,full_transition_bis00,2,136,136,True,True,10001000,3.3,0.0,0.0,2.28755e-05,104.49999999999535,0.112189,0.112189,current_full_transition_bis00_f2_sh003
t138_mid,138,mid,0.12543861208938245,CURRENT,full_transition_bis00,2,137,137,True,True,10001001,3.3,0.0,0.0,2.38755e-05,104.49999999999875,0.125449,0.125449,current_full_transition_bis00_f2_sh003
t139_mid,139,mid,0.13869841568113328,CURRENT,full_transition_bis00,2,138,138,True,True,10001010,3.3,0.0,0.0,2.48755e-05,104.49999999999875,0.138708,0.138708,current_full_transition_bis00_f2_sh003
t140_mid,140,mid,0.1519582192728841,CURRENT,full_transition_bis00,2,139,139,True,True,10001011,3.3,0.0,0.0,2.58755e-05,104.49999999999875,0.151968,0.151968,current_full_transition_bis00_f2_sh003
t141_mid,141,mid,0.16521802286463472,CURRENT,full_transition_bis00,2,140,140,True,True,10001100,3.3,0.0,0.0,2.68755e-05,104.49999999999875,0.165228,0.165228,current_full_transition_bis00_f2_sh003
t142_mid,142,mid,0.17847782645638555,CURRENT,full_transition_bis00,2,141,141,True,True,10001101,3.3,0.0,0.0,2.78755e-05,104.49999999999535,0.178488,0.178488,current_full_transition_bis00_f2_sh003
t143_mid,143,mid,0.19173763004813615,CURRENT,full_transition_bis00,2,142,142,True,True,10001110,3.3,0.0,0.0,2.88755e-05,104.49999999999535,0.191748,0.191748,current_full_transition_bis00_f2_sh003
t145_mid,145,mid,0.2182572372316378,CURRENT,full_transition_bis00,2,144,144,True,True,10010000,3.3,0.0,0.0,2.98755e-05,104.49999999999875,0.218267,0.218267,current_full_transition_bis00_f2_sh003
t146_mid,146,mid,0.23151704082338842,CURRENT,full_transition_bis00,2,145,145,True,True,10010001,3.3,0.0,0.0,3.08755e-05,104.49999999999875,0.231527,0.231527,current_full_transition_bis00_f2_sh003
t147_mid,147,mid,0.24477684441513925,CURRENT,full_transition_bis00,2,146,146,True,True,10010010,3.3,0.0,0.0,3.18755e-05,104.49999999999197,0.244787,0.244787,current_full_transition_bis00_f2_sh003
t148_mid,148,mid,0.25803664800688986,CURRENT,full_transition_bis00,2,147,147,True,True,10010011,3.3,0.0,0.0,8.75484e-07,104.51599999999993,0.258047,0.258047,current_full_transition_bis00_f2_sh004
t149_mid,149,mid,0.2712964515986407,CURRENT,full_transition_bis00,2,148,148,True,True,10010100,3.3,0.0,0.0,1.87548e-06,104.52000000000014,0.271307,0.271306,current_full_transition_bis00_f2_sh004
t150_mid,150,mid,0.2845562551903913,CURRENT,full_transition_bis00,2,149,149,True,True,10010101,3.3,0.0,0.0,2.87548e-06,104.51999999999973,0.284566,0.284566,current_full_transition_bis00_f2_sh004
t151_mid,151,mid,0.2978160587821421,CURRENT,full_transition_bis00,2,150,150,True,True,10010110,3.3,0.0,0.0,3.87548e-06,104.52000000000014,0.297826,0.297826,current_full_transition_bis00_f2_sh004
t152_mid,152,mid,0.31107586237389295,CURRENT,full_transition_bis00,2,151,151,True,True,10010111,3.3,0.0,0.0,4.87548e-06,104.52000000000099,0.311086,0.311086,current_full_transition_bis00_f2_sh004
t153_mid,153,mid,0.32433566596564356,CURRENT,full_transition_bis00,2,152,152,True,True,10011000,3.3,0.0,0.0,5.87548e-06,104.52000000000014,0.324346,0.324346,current_full_transition_bis00_f2_sh004
t154_mid,154,mid,0.33759546955739417,CURRENT,full_transition_bis00,2,153,153,True,True,10011001,3.3,0.0,0.0,6.87548e-06,104.52000000000014,0.337606,0.337605,current_full_transition_bis00_f2_sh004
t155_mid,155,mid,0.3508552731491452,CURRENT,full_transition_bis00,2,154,154,True,True,10011010,3.3,0.0,0.0,7.87548e-06,104.52000000000014,0.350865,0.350865,current_full_transition_bis00_f2_sh004
t156_mid,156,mid,0.3641150767408958,CURRENT,full_transition_bis00,2,155,155,True,True,10011011,3.3,0.0,0.0,8.87548e-06,104.52000000000014,0.364125,0.364125,current_full_transition_bis00_f2_sh004
t157_mid,157,mid,0.37737488033264643,CURRENT,full_transition_bis00,2,156,156,True,True,10011100,3.3,0.0,0.0,9.87548e-06,104.52000000000014,0.377385,0.377385,current_full_transition_bis00_f2_sh004
t158_mid,158,mid,0.3906346839243975,CURRENT,full_transition_bis00,2,157,157,True,True,10011101,3.3,0.0,0.0,1.08755e-05,104.50000000000044,0.390645,0.390645,current_full_transition_bis00_f2_sh004
t162_mid,162,mid,0.44367389829140036,CURRENT,full_transition_bis00,2,161,161,True,True,10100001,3.3,0.0,0.0,1.18755e-05,104.50000000000044,0.443684,0.443684,current_full_transition_bis00_f2_sh004
t163_mid,163,mid,0.45693370188315097,CURRENT,full_transition_bis00,2,162,162,True,True,10100010,3.3,0.0,0.0,1.28755e-05,104.49999999999875,0.456944,0.456944,current_full_transition_bis00_f2_sh004
t164_mid,164,mid,0.4701935054749016,CURRENT,full_transition_bis00,2,163,163,True,True,10100011,3.3,0.0,0.0,1.38755e-05,104.50000000000044,0.470204,0.470204,current_full_transition_bis00_f2_sh004
t165_mid,165,mid,0.4834533090666526,CURRENT,full_transition_bis00,2,164,164,True,True,10100100,3.3,0.0,0.0,1.48755e-05,104.50000000000044,0.483463,0.483463,current_full_transition_bis00_f2_sh004
t166_mid,166,mid,0.49671311265840323,CURRENT,full_transition_bis00,2,165,165,True,True,10100101,3.3,0.0,0.0,1.58755e-05,104.49999999999875,0.496723,0.496723,current_full_transition_bis00_f2_sh004
t167_mid,167,mid,0.5099729162501538,CURRENT,full_transition_bis00,2,166,166,True,True,10100110,3.3,0.0,0.0,1.68755e-05,104.49999999999535,0.509983,0.509983,current_full_transition_bis00_f2_sh004
t168_mid,168,mid,0.5232327198419049,CURRENT,full_transition_bis00,2,167,167,True,True,10100111,3.3,0.0,0.0,1.78755e-05,104.49999999999875,0.523243,0.523243,current_full_transition_bis00_f2_sh004
t169_mid,169,mid,0.5364925234336555,CURRENT,full_transition_bis00,2,168,168,True,True,10101000,3.3,0.0,0.0,1.88755e-05,104.49999999999875,0.536503,0.536503,current_full_transition_bis00_f2_sh004
t170_mid,170,mid,0.5497523270254061,CURRENT,full_transition_bis00,2,169,169,True,True,10101001,3.3,0.0,0.0,1.98755e-05,104.49999999999875,0.549762,0.549762,current_full_transition_bis00_f2_sh004
t171_mid,171,mid,0.5630121306171567,CURRENT,full_transition_bis00,2,170,170,True,True,10101010,3.3,0.0,0.0,2.08755e-05,104.49999999999875,0.563022,0.563022,current_full_transition_bis00_f2_sh004
t172_mid,172,mid,0.5762719342089078,CURRENT,full_transition_bis00,2,171,171,True,True,10101011,3.3,0.0,0.0,2.18755e-05,104.49999999999535,0.576282,0.576282,current_full_transition_bis00_f2_sh004
t173_mid,173,mid,0.5895317378006584,CURRENT,full_transition_bis00,2,172,172,True,True,10101100,3.3,0.0,0.0,2.28755e-05,104.49999999999535,0.589542,0.589542,current_full_transition_bis00_f2_sh004
t174_mid,174,mid,0.602791541392409,CURRENT,full_transition_bis00,2,173,173,True,True,10101101,3.3,0.0,0.0,2.38755e-05,104.49999999999875,0.602802,0.602802,current_full_transition_bis00_f2_sh004
t175_mid,175,mid,0.61605134498416,CURRENT,full_transition_bis00,2,174,174,True,True,10101110,3.3,0.0,0.0,2.48755e-05,104.49999999999875,0.616061,0.616061,current_full_transition_bis00_f2_sh004
t177_mid,177,mid,0.6425709521676612,CURRENT,full_transition_bis00,2,176,176,True,True,10110000,3.3,0.0,0.0,2.58755e-05,104.49999999999875,0.642581,0.642581,current_full_transition_bis00_f2_sh004
t178_mid,178,mid,0.6558307557594123,CURRENT,full_transition_bis00,2,177,177,True,True,10110001,3.3,0.0,0.0,2.68755e-05,104.49999999999875,0.655841,0.655841,current_full_transition_bis00_f2_sh004
t179_mid,179,mid,0.6690905593511629,CURRENT,full_transition_bis00,2,178,178,True,True,10110010,3.3,0.0,0.0,2.78755e-05,104.49999999999535,0.669101,0.669101,current_full_transition_bis00_f2_sh004
t180_mid,180,mid,0.6823503629429135,CURRENT,full_transition_bis00,2,179,179,True,True,10110011,3.3,0.0,0.0,2.88755e-05,104.49999999999535,0.68236,0.68236,current_full_transition_bis00_f2_sh004
t181_mid,181,mid,0.6956101665346641,CURRENT,full_transition_bis00,2,180,180,True,True,10110100,3.3,0.0,0.0,2.98755e-05,104.49999999999875,0.69562,0.69562,current_full_transition_bis00_f2_sh004
t182_mid,182,mid,0.7088699701264152,CURRENT,full_transition_bis00,2,181,181,True,True,10110101,3.3,0.0,0.0,3.08755e-05,104.49999999999875,0.70888,0.70888,current_full_transition_bis00_f2_sh004
t183_mid,183,mid,0.7221297737181658,CURRENT,full_transition_bis00,2,182,182,True,True,10110110,3.3,0.0,0.0,3.18755e-05,104.49999999999197,0.72214,0.72214,current_full_transition_bis00_f2_sh004
t184_mid,184,mid,0.7353895773099164,CURRENT,full_transition_bis00,2,183,183,True,True,10110111,3.3,0.0,0.0,8.75483e-07,104.51699999999995,0.7354,0.7354,current_full_transition_bis00_f2_sh005
t185_mid,185,mid,0.7486493809016674,CURRENT,full_transition_bis00,2,184,184,True,True,10111000,3.3,0.0,0.0,1.87548e-06,104.52000000000014,0.74866,0.748659,current_full_transition_bis00_f2_sh005
t186_mid,186,mid,0.761909184493418,CURRENT,full_transition_bis00,2,185,185,True,True,10111001,3.3,0.0,0.0,2.87548e-06,104.51999999999973,0.761919,0.761919,current_full_transition_bis00_f2_sh005
t187_mid,187,mid,0.7751689880851687,CURRENT,full_transition_bis00,2,186,186,True,True,10111010,3.3,0.0,0.0,3.87548e-06,104.52000000000014,0.775179,0.775179,current_full_transition_bis00_f2_sh005
t188_mid,188,mid,0.7884287916769197,CURRENT,full_transition_bis00,2,187,187,True,True,10111011,3.3,0.0,0.0,4.87548e-06,104.52000000000099,0.788439,0.788439,current_full_transition_bis00_f2_sh005
t189_mid,189,mid,0.8016885952686703,CURRENT,full_transition_bis00,2,188,188,True,True,10111100,3.3,0.0,0.0,5.87548e-06,104.52000000000014,0.801699,0.801699,current_full_transition_bis00_f2_sh005
t194_mid,194,mid,0.8679876132274238,CURRENT,full_transition_bis00,2,194,194,True,True,11000010,3.3,0.0,0.0,6.87548e-06,104.52000000000014,0.867998,0.867998,current_full_transition_bis00_f2_sh005
t195_mid,195,mid,0.8812474168191748,CURRENT,full_transition_bis00,2,195,195,True,True,11000011,3.3,0.0,0.0,7.87548e-06,104.52000000000014,0.881257,0.881257,current_full_transition_bis00_f2_sh005
t196_mid,196,mid,0.8945072204109255,CURRENT,full_transition_bis00,2,196,196,True,True,11000100,3.3,0.0,0.0,8.87548e-06,104.52000000000014,0.894517,0.894517,current_full_transition_bis00_f2_sh005
t197_mid,197,mid,0.9077670240026761,CURRENT,full_transition_bis00,2,196,196,True,True,11000100,3.3,0.0,0.0,9.87548e-06,104.52000000000014,0.907777,0.907777,current_full_transition_bis00_f2_sh005
t198_mid,198,mid,0.9210268275944267,CURRENT,full_transition_bis00,2,197,197,True,True,11000101,3.3,0.0,0.0,1.08755e-05,104.50000000000044,0.921037,0.921037,current_full_transition_bis00_f2_sh005
t199_mid,199,mid,0.9342866311861777,CURRENT,full_transition_bis00,2,198,198,True,True,11000110,3.3,0.0,0.0,1.18755e-05,104.50000000000044,0.934297,0.934297,current_full_transition_bis00_f2_sh005
t200_mid,200,mid,0.9475464347779283,CURRENT,full_transition_bis00,2,200,200,True,True,11001000,3.3,0.0,0.0,1.28755e-05,104.49999999999875,0.947556,0.947556,current_full_transition_bis00_f2_sh005
t201_mid,201,mid,0.9608062383696789,CURRENT,full_transition_bis00,2,200,200,True,True,11001000,3.3,0.0,0.0,1.38755e-05,104.50000000000044,0.960816,0.960816,current_full_transition_bis00_f2_sh005
t202_mid,202,mid,0.97406604196143,CURRENT,full_transition_bis00,2,201,201,True,True,11001001,3.3,0.0,0.0,1.48755e-05,104.50000000000044,0.974076,0.974076,current_full_transition_bis00_f2_sh005
t203_mid,203,mid,0.9873258455531806,CURRENT,full_transition_bis00,2,202,202,True,True,11001010,3.3,0.0,0.0,1.58755e-05,104.49999999999875,0.987336,0.987336,current_full_transition_bis00_f2_sh005
t204_mid,204,mid,1.0005856491449312,CURRENT,full_transition_bis00,2,203,203,True,True,11001011,3.3,0.0,0.0,1.68755e-05,104.49999999999535,1.0006,1.0006,current_full_transition_bis00_f2_sh005
t205_mid,205,mid,1.0138454527366823,CURRENT,full_transition_bis00,2,204,204,True,True,11001100,3.3,0.0,0.0,1.78755e-05,104.49999999999875,1.01386,1.01386,current_full_transition_bis00_f2_sh005
t206_mid,206,mid,1.0271052563284329,CURRENT,full_transition_bis00,2,205,205,True,True,11001101,3.3,0.0,0.0,1.88755e-05,104.49999999999875,1.02712,1.02712,current_full_transition_bis00_f2_sh005
t207_mid,207,mid,1.0403650599201835,CURRENT,full_transition_bis00,2,206,206,True,True,11001110,3.3,0.0,0.0,1.98755e-05,104.49999999999875,1.04038,1.04038,current_full_transition_bis00_f2_sh005
t209_mid,209,mid,1.0668846671036851,CURRENT,full_transition_bis00,2,209,209,True,True,11010001,3.3,0.0,0.0,2.08755e-05,104.49999999999875,1.06689,1.06689,current_full_transition_bis00_f2_sh005
t210_mid,210,mid,1.0801444706954357,CURRENT,full_transition_bis00,2,210,210,True,True,11010010,3.3,0.0,0.0,2.18755e-05,104.49999999999535,1.08015,1.08015,current_full_transition_bis00_f2_sh005
t211_mid,211,mid,1.0934042742871863,CURRENT,full_transition_bis00,2,211,211,True,True,11010011,3.3,0.0,0.0,2.28755e-05,104.49999999999535,1.09341,1.09341,current_full_transition_bis00_f2_sh005
t212_mid,212,mid,1.1066640778789374,CURRENT,full_transition_bis00,2,212,212,True,True,11010100,3.3,0.0,0.0,2.38755e-05,104.49999999999875,1.10667,1.10667,current_full_transition_bis00_f2_sh005
t213_mid,213,mid,1.119923881470688,CURRENT,full_transition_bis00,2,212,212,True,True,11010100,3.3,0.0,0.0,2.48755e-05,104.49999999999875,1.11993,1.11993,current_full_transition_bis00_f2_sh005
t214_mid,214,mid,1.1331836850624386,CURRENT,full_transition_bis00,2,214,214,True,True,11010110,3.3,0.0,0.0,2.58755e-05,104.49999999999875,1.13319,1.13319,current_full_transition_bis00_f2_sh005
t215_mid,215,mid,1.1464434886541897,CURRENT,full_transition_bis00,2,215,215,True,True,11010111,3.3,0.0,0.0,2.68755e-05,104.49999999999875,1.14645,1.14645,current_full_transition_bis00_f2_sh005
t216_mid,216,mid,1.1597032922459403,CURRENT,full_transition_bis00,2,216,216,True,True,11011000,3.3,0.0,0.0,2.78755e-05,104.49999999999535,1.15971,1.15971,current_full_transition_bis00_f2_sh005
t217_mid,217,mid,1.1729630958376909,CURRENT,full_transition_bis00,2,216,216,True,True,11011000,3.3,0.0,0.0,2.88755e-05,104.49999999999535,1.17297,1.17297,current_full_transition_bis00_f2_sh005
t218_mid,218,mid,1.1862228994294415,CURRENT,full_transition_bis00,2,217,217,True,True,11011001,3.3,0.0,0.0,2.98755e-05,104.49999999999875,1.18623,1.18623,current_full_transition_bis00_f2_sh005
t219_mid,219,mid,1.1994827030211925,CURRENT,full_transition_bis00,2,219,219,True,True,11011011,3.3,0.0,0.0,3.08755e-05,104.49999999999875,1.19949,1.19949,current_full_transition_bis00_f2_sh005
t220_mid,220,mid,1.2127425066129431,CURRENT,full_transition_bis00,2,219,219,True,True,11011011,3.3,0.0,0.0,3.18755e-05,104.49999999999197,1.21275,1.21275,current_full_transition_bis00_f2_sh005
t221_mid,221,mid,1.2260023102046937,CURRENT,full_transition_bis00,2,220,220,True,True,11011100,3.3,0.0,0.0,8.75482e-07,104.51799999999999,1.22601,1.22601,current_full_transition_bis00_f2_sh006
t222_mid,222,mid,1.2392621137964448,CURRENT,full_transition_bis00,2,221,221,True,True,11011101,3.3,0.0,0.0,1.87548e-06,104.52000000000014,1.23927,1.23927,current_full_transition_bis00_f2_sh006
t226_mid,226,mid,1.2923013281634477,CURRENT,full_transition_bis00,2,226,226,True,True,11100010,3.3,0.0,0.0,2.87548e-06,104.51999999999973,1.29231,1.29231,current_full_transition_bis00_f2_sh006
t227_mid,227,mid,1.3055611317551983,CURRENT,full_transition_bis00,2,227,227,True,True,11100011,3.3,0.0,0.0,3.87548e-06,104.52000000000014,1.30557,1.30557,current_full_transition_bis00_f2_sh006
t228_mid,228,mid,1.3188209353469489,CURRENT,full_transition_bis00,2,228,228,True,True,11100100,3.3,0.0,0.0,4.87548e-06,104.52000000000099,1.31883,1.31883,current_full_transition_bis00_f2_sh006
t229_mid,229,mid,1.3320807389387,CURRENT,full_transition_bis00,2,229,229,True,True,11100101,3.3,0.0,0.0,5.87548e-06,104.52000000000014,1.33209,1.33209,current_full_transition_bis00_f2_sh006
t230_mid,230,mid,1.3453405425304505,CURRENT,full_transition_bis00,2,230,230,True,True,11100110,3.3,0.0,0.0,6.87548e-06,104.52000000000014,1.34535,1.34535,current_full_transition_bis00_f2_sh006
t231_mid,231,mid,1.3586003461222012,CURRENT,full_transition_bis00,2,231,231,True,True,11100111,3.3,0.0,0.0,7.87548e-06,104.52000000000014,1.35861,1.35861,current_full_transition_bis00_f2_sh006
t232_mid,232,mid,1.3718601497139522,CURRENT,full_transition_bis00,2,232,232,True,True,11101000,3.3,0.0,0.0,8.87548e-06,104.52000000000014,1.37187,1.37187,current_full_transition_bis00_f2_sh006
t233_mid,233,mid,1.3851199533057028,CURRENT,full_transition_bis00,2,232,232,True,True,11101000,3.3,0.0,0.0,9.87548e-06,104.52000000000014,1.38513,1.38513,current_full_transition_bis00_f2_sh006
t234_mid,234,mid,1.3983797568974534,CURRENT,full_transition_bis00,2,234,234,True,True,11101010,3.3,0.0,0.0,1.08755e-05,104.50000000000044,1.39839,1.39839,current_full_transition_bis00_f2_sh006
t235_mid,235,mid,1.411639560489204,CURRENT,full_transition_bis00,2,235,235,True,True,11101011,3.3,0.0,0.0,1.18755e-05,104.50000000000044,1.41165,1.41165,current_full_transition_bis00_f2_sh006
t236_mid,236,mid,1.424899364080955,CURRENT,full_transition_bis00,2,235,235,True,True,11101011,3.3,0.0,0.0,1.28755e-05,104.49999999999875,1.42491,1.42491,current_full_transition_bis00_f2_sh006
t237_mid,237,mid,1.4381591676727057,CURRENT,full_transition_bis00,2,236,236,True,True,11101100,3.3,0.0,0.0,1.38755e-05,104.50000000000044,1.43817,1.43817,current_full_transition_bis00_f2_sh006
t238_mid,238,mid,1.4514189712644563,CURRENT,full_transition_bis00,2,237,237,True,True,11101101,3.3,0.0,0.0,1.48755e-05,104.50000000000044,1.45143,1.45143,current_full_transition_bis00_f2_sh006
t239_mid,239,mid,1.4646787748562073,CURRENT,full_transition_bis00,2,238,238,True,True,11101110,3.3,0.0,0.0,1.58755e-05,104.49999999999875,1.46469,1.46469,current_full_transition_bis00_f2_sh006
t240_mid,240,mid,1.477938578447958,CURRENT,full_transition_bis00,2,240,240,True,True,11110000,3.3,0.0,0.0,1.68755e-05,104.49999999999535,1.47795,1.47795,current_full_transition_bis00_f2_sh006
t241_mid,241,mid,1.4911983820397086,CURRENT,full_transition_bis00,2,241,241,True,True,11110001,3.3,0.0,0.0,1.78755e-05,104.49999999999875,1.49121,1.49121,current_full_transition_bis00_f2_sh006
t242_mid,242,mid,1.5044581856314596,CURRENT,full_transition_bis00,2,242,242,True,True,11110010,3.3,0.0,0.0,1.88755e-05,104.49999999999875,1.50447,1.50447,current_full_transition_bis00_f2_sh006
t243_mid,243,mid,1.5177179892232102,CURRENT,full_transition_bis00,2,243,243,True,True,11110011,3.3,0.0,0.0,1.98755e-05,104.49999999999875,1.51773,1.51773,current_full_transition_bis00_f2_sh006
t244_mid,244,mid,1.5309777928149608,CURRENT,full_transition_bis00,2,244,244,True,True,11110100,3.3,0.0,0.0,2.08755e-05,104.49999999999875,1.53099,1.53099,current_full_transition_bis00_f2_sh006
t245_mid,245,mid,1.5442375964067114,CURRENT,full_transition_bis00,2,245,245,True,True,11110101,3.3,0.0,0.0,2.18755e-05,104.49999999999535,1.54425,1.54425,current_full_transition_bis00_f2_sh006
t246_mid,246,mid,1.5574973999984625,CURRENT,full_transition_bis00,2,246,246,True,True,11110110,3.3,0.0,0.0,2.28755e-05,104.49999999999535,1.55751,1.55751,current_full_transition_bis00_f2_sh006
t247_mid,247,mid,1.570757203590213,CURRENT,full_transition_bis00,2,247,247,True,True,11110111,3.3,0.0,0.0,2.38755e-05,104.49999999999875,1.57077,1.57077,current_full_transition_bis00_f2_sh006
t248_mid,248,mid,1.5840170071819637,CURRENT,full_transition_bis00,2,248,248,True,True,11111000,3.3,0.0,0.0,2.48755e-05,104.49999999999875,1.58403,1.58403,current_full_transition_bis00_f2_sh006
t249_mid,249,mid,1.5972768107737148,CURRENT,full_transition_bis00,2,249,249,True,True,11111001,3.3,0.0,0.0,2.58755e-05,104.49999999999875,1.59729,1.59729,current_full_transition_bis00_f2_sh006
t250_mid,250,mid,1.6105366143654654,CURRENT,full_transition_bis00,2,250,250,True,True,11111010,3.3,0.0,0.0,2.68755e-05,104.49999999999875,1.61055,1.61055,current_full_transition_bis00_f2_sh006
t251_mid,251,mid,1.623796417957216,CURRENT,full_transition_bis00,2,251,251,True,True,11111011,3.3,0.0,0.0,2.78755e-05,104.49999999999535,1.62381,1.62381,current_full_transition_bis00_f2_sh006
t252_mid,252,mid,1.637056221548967,CURRENT,full_transition_bis00,2,252,252,True,True,11111100,3.3,0.0,0.0,2.88755e-05,104.49999999999535,1.63707,1.63707,current_full_transition_bis00_f2_sh006
t253_mid,253,mid,1.6503160251407176,CURRENT,full_transition_bis00,2,252,252,True,True,11111100,3.3,0.0,0.0,2.98755e-05,104.49999999999875,1.65033,1.65033,current_full_transition_bis00_f2_sh006
t254_mid,254,mid,1.6635758287324682,CURRENT,full_transition_bis00,2,254,254,True,True,11111110,3.3,0.0,0.0,3.08755e-05,104.49999999999875,1.66359,1.66359,current_full_transition_bis00_f2_sh006
t003_mid,3,mid,-1.6696153415469674,CURRENT,full_transition_bis01,2,2,2,True,True,00000010,3.3,0.0,0.0,8.75483e-07,104.51699999999995,-1.66961,-1.66961,current_full_transition_bis01_f2_sh000
t004_mid,4,mid,-1.6563555379552164,CURRENT,full_transition_bis01,2,3,3,True,True,00000011,3.3,0.0,0.0,1.87548e-06,104.52000000000014,-1.65635,-1.65635,current_full_transition_bis01_f2_sh000
t005_mid,5,mid,-1.633134796863466,CURRENT,full_transition_bis01,2,5,5,True,True,00000101,3.3,0.0,0.0,2.87548e-06,104.51999999999973,-1.63312,-1.63312,current_full_transition_bis01_f2_sh000
t006_mid,6,mid,-1.619874993271715,CURRENT,full_transition_bis01,2,6,6,True,True,00000110,3.3,0.0,0.0,3.87548e-06,104.52000000000014,-1.61987,-1.61986,current_full_transition_bis01_f2_sh000
t007_mid,7,mid,-1.6066151896799643,CURRENT,full_transition_bis01,2,7,7,True,True,00000111,3.3,0.0,0.0,4.87548e-06,104.52000000000099,-1.60661,-1.60661,current_full_transition_bis01_f2_sh000
t008_mid,8,mid,-1.6033163235882135,CURRENT,full_transition_bis01,2,7,7,True,True,00000111,3.3,0.0,0.0,5.87548e-06,104.52000000000014,-1.60331,-1.60331,current_full_transition_bis01_f2_sh000
t009_mid,9,mid,-1.5800955824964626,CURRENT,full_transition_bis01,2,9,9,True,True,00001001,3.3,0.0,0.0,6.87548e-06,104.52000000000014,-1.58009,-1.58009,current_full_transition_bis01_f2_sh000
t010_mid,10,mid,-1.566835778904712,CURRENT,full_transition_bis01,2,10,10,True,True,00001010,3.3,0.0,0.0,7.87548e-06,104.52000000000014,-1.56683,-1.56683,current_full_transition_bis01_f2_sh000
t011_mid,11,mid,-1.5535759753129614,CURRENT,full_transition_bis01,2,11,11,True,True,00001011,3.3,0.0,0.0,8.87548e-06,104.52000000000014,-1.55357,-1.55357,current_full_transition_bis01_f2_sh000
t012_mid,12,mid,-1.5403161717212108,CURRENT,full_transition_bis01,2,12,12,True,True,00001100,3.3,0.0,0.0,9.87548e-06,104.52000000000014,-1.54031,-1.54031,current_full_transition_bis01_f2_sh000
t013_mid,13,mid,-1.5270563681294598,CURRENT,full_transition_bis01,2,13,13,True,True,00001101,3.3,0.0,0.0,1.08755e-05,104.50000000000044,-1.52705,-1.52705,current_full_transition_bis01_f2_sh000
t014_mid,14,mid,-1.5137965645377092,CURRENT,full_transition_bis01,2,14,14,True,True,00001110,3.3,0.0,0.0,1.18755e-05,104.50000000000044,-1.51379,-1.51379,current_full_transition_bis01_f2_sh000
t015_mid,15,mid,-1.5005367609459586,CURRENT,full_transition_bis01,2,15,15,True,True,00001111,3.3,0.0,0.0,1.28755e-05,104.49999999999875,-1.50053,-1.50053,current_full_transition_bis01_f2_sh000
t017_mid,17,mid,-1.4839780912624567,CURRENT,full_transition_bis01,2,16,16,True,True,00010000,3.3,0.0,0.0,1.38755e-05,104.50000000000044,-1.48397,-1.48397,current_full_transition_bis01_f2_sh000
t018_mid,18,mid,-1.4707182876707061,CURRENT,full_transition_bis01,2,17,17,True,True,00010001,3.3,0.0,0.0,1.48755e-05,104.50000000000044,-1.47071,-1.47071,current_full_transition_bis01_f2_sh000
t019_mid,19,mid,-1.4574584840789555,CURRENT,full_transition_bis01,2,18,18,True,True,00010010,3.3,0.0,0.0,1.58755e-05,104.49999999999875,-1.45745,-1.45745,current_full_transition_bis01_f2_sh000
t020_mid,20,mid,-1.444198680487205,CURRENT,full_transition_bis01,2,19,19,True,True,00010011,3.3,0.0,0.0,1.68755e-05,104.49999999999535,-1.44419,-1.44419,current_full_transition_bis01_f2_sh000
t021_mid,21,mid,-1.420977939395454,CURRENT,full_transition_bis01,2,21,21,True,True,00010101,3.3,0.0,0.0,1.78755e-05,104.49999999999875,-1.42097,-1.42097,current_full_transition_bis01_f2_sh000
t022_mid,22,mid,-1.4176790733037032,CURRENT,full_transition_bis01,2,21,21,True,True,00010101,3.3,0.0,0.0,1.88755e-05,104.49999999999875,-1.41767,-1.41767,current_full_transition_bis01_f2_sh000
t023_mid,23,mid,-1.4044192697119526,CURRENT,full_transition_bis01,2,22,22,True,True,00010110,3.3,0.0,0.0,1.98755e-05,104.49999999999875,-1.40441,-1.40441,current_full_transition_bis01_f2_sh000
t024_mid,24,mid,-1.3911594661202016,CURRENT,full_transition_bis01,2,23,23,True,True,00010111,3.3,0.0,0.0,2.08755e-05,104.49999999999875,-1.39115,-1.39115,current_full_transition_bis01_f2_sh000
t025_mid,25,mid,-1.3679387250284512,CURRENT,full_transition_bis01,2,25,25,True,True,00011001,3.3,0.0,0.0,2.18755e-05,104.49999999999535,-1.36793,-1.36793,current_full_transition_bis01_f2_sh000
t026_mid,26,mid,-1.3546789214367,CURRENT,full_transition_bis01,2,26,26,True,True,00011010,3.3,0.0,0.0,2.28755e-05,104.49999999999535,-1.35467,-1.35467,current_full_transition_bis01_f2_sh000
t027_mid,27,mid,-1.3513800553449493,CURRENT,full_transition_bis01,2,26,26,True,True,00011010,3.3,0.0,0.0,2.38755e-05,104.49999999999875,-1.35137,-1.35137,current_full_transition_bis01_f2_sh000
t028_mid,28,mid,-1.3281593142531989,CURRENT,full_transition_bis01,2,28,28,True,True,00011100,3.3,0.0,0.0,2.48755e-05,104.49999999999875,-1.32815,-1.32815,current_full_transition_bis01_f2_sh000
t029_mid,29,mid,-1.3148995106614483,CURRENT,full_transition_bis01,2,29,29,True,True,00011101,3.3,0.0,0.0,2.58755e-05,104.49999999999875,-1.31489,-1.31489,current_full_transition_bis01_f2_sh000
t030_mid,30,mid,-1.3016397070696972,CURRENT,full_transition_bis01,2,30,30,True,True,00011110,3.3,0.0,0.0,2.68755e-05,104.49999999999875,-1.30163,-1.30163,current_full_transition_bis01_f2_sh000
t034_mid,34,mid,-1.2585614302026942,CURRENT,full_transition_bis01,2,33,33,True,True,00100001,3.3,0.0,0.0,2.78755e-05,104.49999999999535,-1.25855,-1.25855,current_full_transition_bis01_f2_sh000
t035_mid,35,mid,-1.2453016266109436,CURRENT,full_transition_bis01,2,34,34,True,True,00100010,3.3,0.0,0.0,2.88755e-05,104.49999999999535,-1.24529,-1.24529,current_full_transition_bis01_f2_sh000
t036_mid,36,mid,-1.232041823019193,CURRENT,full_transition_bis01,2,35,35,True,True,00100011,3.3,0.0,0.0,2.98755e-05,104.49999999999875,-1.23203,-1.23203,current_full_transition_bis01_f2_sh000
t037_mid,37,mid,-1.208821081927442,CURRENT,full_transition_bis01,2,37,37,True,True,00100101,3.3,0.0,0.0,3.08755e-05,104.49999999999875,-1.20881,-1.20881,current_full_transition_bis01_f2_sh000
t038_mid,38,mid,-1.2055222158356913,CURRENT,full_transition_bis01,2,37,37,True,True,00100101,3.3,0.0,0.0,3.18755e-05,104.49999999999197,-1.20551,-1.20551,current_full_transition_bis01_f2_sh000
t039_mid,39,mid,-1.1922624122439407,CURRENT,full_transition_bis01,2,38,38,True,True,00100110,3.3,0.0,0.0,8.75483e-07,104.51699999999995,-1.19225,-1.19225,current_full_transition_bis01_f2_sh001
t040_mid,40,mid,-1.17900260865219,CURRENT,full_transition_bis01,2,39,39,True,True,00100111,3.3,0.0,0.0,1.87548e-06,104.52000000000014,-1.17899,-1.17899,current_full_transition_bis01_f2_sh001
t041_mid,41,mid,-1.1557818675604392,CURRENT,full_transition_bis01,2,41,41,True,True,00101001,3.3,0.0,0.0,2.87548e-06,104.51999999999973,-1.15577,-1.15577,current_full_transition_bis01_f2_sh001
t042_mid,42,mid,-1.1524830014686884,CURRENT,full_transition_bis01,2,41,41,True,True,00101001,3.3,0.0,0.0,3.87548e-06,104.52000000000014,-1.15247,-1.15247,current_full_transition_bis01_f2_sh001
t043_mid,43,mid,-1.1392231978769378,CURRENT,full_transition_bis01,2,42,42,True,True,00101010,3.3,0.0,0.0,4.87548e-06,104.52000000000099,-1.13921,-1.13921,current_full_transition_bis01_f2_sh001
t044_mid,44,mid,-1.116002456785187,CURRENT,full_transition_bis01,2,44,44,True,True,00101100,3.3,0.0,0.0,5.87548e-06,104.52000000000014,-1.11599,-1.11599,current_full_transition_bis01_f2_sh001
t045_mid,45,mid,-1.1027426531934363,CURRENT,full_transition_bis01,2,45,45,True,True,00101101,3.3,0.0,0.0,6.87548e-06,104.52000000000014,-1.10273,-1.10273,current_full_transition_bis01_f2_sh001
t046_mid,46,mid,-1.0894828496016857,CURRENT,full_transition_bis01,2,46,46,True,True,00101110,3.3,0.0,0.0,7.87548e-06,104.52000000000014,-1.08947,-1.08947,current_full_transition_bis01_f2_sh001
t047_mid,47,mid,-1.0762230460099347,CURRENT,full_transition_bis01,2,47,47,True,True,00101111,3.3,0.0,0.0,8.87548e-06,104.52000000000014,-1.07621,-1.07621,current_full_transition_bis01_f2_sh001
t049_mid,49,mid,-1.0596643763264333,CURRENT,full_transition_bis01,2,48,48,True,True,00110000,3.3,0.0,0.0,9.87548e-06,104.52000000000014,-1.05965,-1.05965,current_full_transition_bis01_f2_sh001
t050_mid,50,mid,-1.0464045727346827,CURRENT,full_transition_bis01,2,49,49,True,True,00110001,3.3,0.0,0.0,1.08755e-05,104.50000000000044,-1.04639,-1.04639,current_full_transition_bis01_f2_sh001
t051_mid,51,mid,-1.0331447691429316,CURRENT,full_transition_bis01,2,50,50,True,True,00110010,3.3,0.0,0.0,1.18755e-05,104.50000000000044,-1.03313,-1.03313,current_full_transition_bis01_f2_sh001
t052_mid,52,mid,-1.019884965551181,CURRENT,full_transition_bis01,2,51,51,True,True,00110011,3.3,0.0,0.0,1.28755e-05,104.49999999999875,-1.01988,-1.01987,current_full_transition_bis01_f2_sh001
t053_mid,53,mid,-1.0066251619594304,CURRENT,full_transition_bis01,2,52,52,True,True,00110100,3.3,0.0,0.0,1.38755e-05,104.50000000000044,-1.00662,-1.00662,current_full_transition_bis01_f2_sh001
t054_mid,54,mid,-0.9933653583676796,CURRENT,full_transition_bis01,2,53,53,True,True,00110101,3.3,0.0,0.0,1.48755e-05,104.50000000000044,-0.993355,-0.993355,current_full_transition_bis01_f2_sh001
t055_mid,55,mid,-0.9801055547759289,CURRENT,full_transition_bis01,2,54,54,True,True,00110110,3.3,0.0,0.0,1.58755e-05,104.49999999999875,-0.980096,-0.980096,current_full_transition_bis01_f2_sh001
t056_mid,56,mid,-0.9668457511841781,CURRENT,full_transition_bis01,2,55,55,True,True,00110111,3.3,0.0,0.0,1.68755e-05,104.49999999999535,-0.966836,-0.966836,current_full_transition_bis01_f2_sh001
t057_mid,57,mid,-0.9535859475924274,CURRENT,full_transition_bis01,2,56,56,True,True,00111000,3.3,0.0,0.0,1.78755e-05,104.49999999999875,-0.953576,-0.953576,current_full_transition_bis01_f2_sh001
t058_mid,58,mid,-0.9403261440006766,CURRENT,full_transition_bis01,2,57,57,True,True,00111001,3.3,0.0,0.0,1.88755e-05,104.49999999999875,-0.940316,-0.940316,current_full_transition_bis01_f2_sh001
t059_mid,59,mid,-0.9270663404089259,CURRENT,full_transition_bis01,2,58,58,True,True,00111010,3.3,0.0,0.0,1.98755e-05,104.49999999999875,-0.927056,-0.927056,current_full_transition_bis01_f2_sh001
t060_mid,60,mid,-0.9138065368171752,CURRENT,full_transition_bis01,2,59,59,True,True,00111011,3.3,0.0,0.0,2.08755e-05,104.49999999999875,-0.913797,-0.913797,current_full_transition_bis01_f2_sh001
t061_mid,61,mid,-0.8905857957254244,CURRENT,full_transition_bis01,2,61,61,True,True,00111101,3.3,0.0,0.0,2.18755e-05,104.49999999999535,-0.890576,-0.890576,current_full_transition_bis01_f2_sh001
t062_mid,62,mid,-0.8872869296336737,CURRENT,full_transition_bis01,2,61,61,True,True,00111101,3.3,0.0,0.0,2.28755e-05,104.49999999999535,-0.887277,-0.887277,current_full_transition_bis01_f2_sh001
t066_mid,66,mid,-0.8342477152666707,CURRENT,full_transition_bis01,2,65,65,True,True,01000001,3.3,0.0,0.0,2.38755e-05,104.49999999999875,-0.834238,-0.834238,current_full_transition_bis01_f2_sh001
t067_mid,67,mid,-0.82098791167492,CURRENT,full_transition_bis01,2,66,66,True,True,01000010,3.3,0.0,0.0,2.48755e-05,104.49999999999875,-0.820978,-0.820978,current_full_transition_bis01_f2_sh001
t068_mid,68,mid,-0.8077281080831692,CURRENT,full_transition_bis01,2,67,67,True,True,01000011,3.3,0.0,0.0,2.58755e-05,104.49999999999875,-0.807718,-0.807718,current_full_transition_bis01_f2_sh001
t069_mid,69,mid,-0.7944683044914185,CURRENT,full_transition_bis01,2,68,68,True,True,01000100,3.3,0.0,0.0,2.68755e-05,104.49999999999875,-0.794458,-0.794458,current_full_transition_bis01_f2_sh001
t070_mid,70,mid,-0.7812085008996678,CURRENT,full_transition_bis01,2,69,69,True,True,01000101,3.3,0.0,0.0,2.78755e-05,104.49999999999535,-0.781199,-0.781199,current_full_transition_bis01_f2_sh001
t071_mid,71,mid,-0.767948697307917,CURRENT,full_transition_bis01,2,70,70,True,True,01000110,3.3,0.0,0.0,2.88755e-05,104.49999999999535,-0.767939,-0.767939,current_full_transition_bis01_f2_sh001
t072_mid,72,mid,-0.7546888937161663,CURRENT,full_transition_bis01,2,71,71,True,True,01000111,3.3,0.0,0.0,2.98755e-05,104.49999999999875,-0.754679,-0.754679,current_full_transition_bis01_f2_sh001
t073_mid,73,mid,-0.7414290901244155,CURRENT,full_transition_bis01,2,72,72,True,True,01001000,3.3,0.0,0.0,3.08755e-05,104.49999999999875,-0.741419,-0.741419,current_full_transition_bis01_f2_sh001
t074_mid,74,mid,-0.7281692865326648,CURRENT,full_transition_bis01,2,73,73,True,True,01001001,3.3,0.0,0.0,3.18755e-05,104.49999999999197,-0.728159,-0.728159,current_full_transition_bis01_f2_sh001
t075_mid,75,mid,-0.714909482940914,CURRENT,full_transition_bis01,2,74,74,True,True,01001010,3.3,0.0,0.0,8.75483e-07,104.51699999999995,-0.7149,-0.7149,current_full_transition_bis01_f2_sh002
t076_mid,76,mid,-0.7016496793491633,CURRENT,full_transition_bis01,2,75,75,True,True,01001011,3.3,0.0,0.0,1.87548e-06,104.52000000000014,-0.70164,-0.70164,current_full_transition_bis01_f2_sh002
t077_mid,77,mid,-0.6883898757574126,CURRENT,full_transition_bis01,2,76,76,True,True,01001100,3.3,0.0,0.0,2.87548e-06,104.51999999999973,-0.68838,-0.68838,current_full_transition_bis01_f2_sh002
t078_mid,78,mid,-0.6751300721656618,CURRENT,full_transition_bis01,2,77,77,True,True,01001101,3.3,0.0,0.0,3.87548e-06,104.52000000000014,-0.67512,-0.67512,current_full_transition_bis01_f2_sh002
t079_mid,79,mid,-0.6618702685739112,CURRENT,full_transition_bis01,2,78,78,True,True,01001110,3.3,0.0,0.0,4.87548e-06,104.52000000000099,-0.66186,-0.66186,current_full_transition_bis01_f2_sh002
t081_mid,81,mid,-0.6353506613904095,CURRENT,full_transition_bis01,2,80,80,True,True,01010000,3.3,0.0,0.0,5.87548e-06,104.52000000000014,-0.635341,-0.635341,current_full_transition_bis01_f2_sh002
t082_mid,82,mid,-0.6220908577986589,CURRENT,full_transition_bis01,2,81,81,True,True,01010001,3.3,0.0,0.0,6.87548e-06,104.52000000000014,-0.622081,-0.622081,current_full_transition_bis01_f2_sh002
t083_mid,83,mid,-0.6088310542069081,CURRENT,full_transition_bis01,2,82,82,True,True,01010010,3.3,0.0,0.0,7.87548e-06,104.52000000000014,-0.608821,-0.608821,current_full_transition_bis01_f2_sh002
t084_mid,84,mid,-0.5955712506151575,CURRENT,full_transition_bis01,2,83,83,True,True,01010011,3.3,0.0,0.0,8.87548e-06,104.52000000000014,-0.595561,-0.595561,current_full_transition_bis01_f2_sh002
t085_mid,85,mid,-0.5823114470234066,CURRENT,full_transition_bis01,2,84,84,True,True,01010100,3.3,0.0,0.0,9.87548e-06,104.52000000000014,-0.582302,-0.582301,current_full_transition_bis01_f2_sh002
t086_mid,86,mid,-0.569051643431656,CURRENT,full_transition_bis01,2,85,85,True,True,01010101,3.3,0.0,0.0,1.08755e-05,104.50000000000044,-0.569042,-0.569042,current_full_transition_bis01_f2_sh002
t087_mid,87,mid,-0.5557918398399052,CURRENT,full_transition_bis01,2,86,86,True,True,01010110,3.3,0.0,0.0,1.18755e-05,104.50000000000044,-0.555782,-0.555782,current_full_transition_bis01_f2_sh002
t088_mid,88,mid,-0.5425320362481544,CURRENT,full_transition_bis01,2,87,87,True,True,01010111,3.3,0.0,0.0,1.28755e-05,104.49999999999875,-0.542522,-0.542522,current_full_transition_bis01_f2_sh002
t089_mid,89,mid,-0.5292722326564038,CURRENT,full_transition_bis01,2,88,88,True,True,01011000,3.3,0.0,0.0,1.38755e-05,104.50000000000044,-0.529262,-0.529262,current_full_transition_bis01_f2_sh002
t090_mid,90,mid,-0.5160124290646529,CURRENT,full_transition_bis01,2,89,89,True,True,01011001,3.3,0.0,0.0,1.48755e-05,104.50000000000044,-0.516003,-0.516002,current_full_transition_bis01_f2_sh002
t091_mid,91,mid,-0.5027526254729023,CURRENT,full_transition_bis01,2,90,90,True,True,01011010,3.3,0.0,0.0,1.58755e-05,104.49999999999875,-0.502743,-0.502743,current_full_transition_bis01_f2_sh002
t092_mid,92,mid,-0.4894928218811515,CURRENT,full_transition_bis01,2,91,91,True,True,01011011,3.3,0.0,0.0,1.68755e-05,104.49999999999535,-0.489483,-0.489483,current_full_transition_bis01_f2_sh002
t093_mid,93,mid,-0.4762330182894007,CURRENT,full_transition_bis01,2,92,92,True,True,01011100,3.3,0.0,0.0,1.78755e-05,104.49999999999875,-0.476223,-0.476223,current_full_transition_bis01_f2_sh002
t094_mid,94,mid,-0.46297321469765007,CURRENT,full_transition_bis01,2,93,93,True,True,01011101,3.3,0.0,0.0,1.88755e-05,104.49999999999875,-0.462963,-0.462963,current_full_transition_bis01_f2_sh002
t098_mid,98,mid,-0.409934000330647,CURRENT,full_transition_bis01,2,97,97,True,True,01100001,3.3,0.0,0.0,1.98755e-05,104.49999999999875,-0.409924,-0.409924,current_full_transition_bis01_f2_sh002
t099_mid,99,mid,-0.39667419673889637,CURRENT,full_transition_bis01,2,98,98,True,True,01100010,3.3,0.0,0.0,2.08755e-05,104.49999999999875,-0.396664,-0.396664,current_full_transition_bis01_f2_sh002
t100_mid,100,mid,-0.38341439314714554,CURRENT,full_transition_bis01,2,99,99,True,True,01100011,3.3,0.0,0.0,2.18755e-05,104.49999999999535,-0.383404,-0.383404,current_full_transition_bis01_f2_sh002
t101_mid,101,mid,-0.37015458955539493,CURRENT,full_transition_bis01,2,100,100,True,True,01100100,3.3,0.0,0.0,2.28755e-05,104.49999999999535,-0.370145,-0.370145,current_full_transition_bis01_f2_sh002
t102_mid,102,mid,-0.3568947859636441,CURRENT,full_transition_bis01,2,101,101,True,True,01100101,3.3,0.0,0.0,2.38755e-05,104.49999999999875,-0.356885,-0.356885,current_full_transition_bis01_f2_sh002
t103_mid,103,mid,-0.34363498237189327,CURRENT,full_transition_bis01,2,102,102,True,True,01100110,3.3,0.0,0.0,2.48755e-05,104.49999999999875,-0.343625,-0.343625,current_full_transition_bis01_f2_sh002
t104_mid,104,mid,-0.33037517878014266,CURRENT,full_transition_bis01,2,103,103,True,True,01100111,3.3,0.0,0.0,2.58755e-05,104.49999999999875,-0.330365,-0.330365,current_full_transition_bis01_f2_sh002
t105_mid,105,mid,-0.31711537518839183,CURRENT,full_transition_bis01,2,104,104,True,True,01101000,3.3,0.0,0.0,2.68755e-05,104.49999999999875,-0.317105,-0.317105,current_full_transition_bis01_f2_sh002
t106_mid,106,mid,-0.3038555715966412,CURRENT,full_transition_bis01,2,105,105,True,True,01101001,3.3,0.0,0.0,2.78755e-05,104.49999999999535,-0.303846,-0.303846,current_full_transition_bis01_f2_sh002
t107_mid,107,mid,-0.2905957680048904,CURRENT,full_transition_bis01,2,106,106,True,True,01101010,3.3,0.0,0.0,2.88755e-05,104.49999999999535,-0.290586,-0.290586,current_full_transition_bis01_f2_sh002
t108_mid,108,mid,-0.27733596441313957,CURRENT,full_transition_bis01,2,107,107,True,True,01101011,3.3,0.0,0.0,2.98755e-05,104.49999999999875,-0.277326,-0.277326,current_full_transition_bis01_f2_sh002
t109_mid,109,mid,-0.26407616082138896,CURRENT,full_transition_bis01,2,108,108,True,True,01101100,3.3,0.0,0.0,3.08755e-05,104.49999999999875,-0.264066,-0.264066,current_full_transition_bis01_f2_sh002
t110_mid,110,mid,-0.25081635722963813,CURRENT,full_transition_bis01,2,109,109,True,True,01101101,3.3,0.0,0.0,3.18755e-05,104.49999999999197,-0.250806,-0.250806,current_full_transition_bis01_f2_sh002
t111_mid,111,mid,-0.2375565536378875,CURRENT,full_transition_bis01,2,110,110,True,True,01101110,3.3,0.0,0.0,8.75482e-07,104.51799999999999,-0.237547,-0.237547,current_full_transition_bis01_f2_sh003
t113_mid,113,mid,-0.21103694645438606,CURRENT,full_transition_bis01,2,112,112,True,True,01110000,3.3,0.0,0.0,1.87548e-06,104.52000000000014,-0.211027,-0.211027,current_full_transition_bis01_f2_sh003
t114_mid,114,mid,-0.19777714286263523,CURRENT,full_transition_bis01,2,113,113,True,True,01110001,3.3,0.0,0.0,2.87548e-06,104.51999999999973,-0.197767,-0.197767,current_full_transition_bis01_f2_sh003
t115_mid,115,mid,-0.1845173392708844,CURRENT,full_transition_bis01,2,114,114,True,True,01110010,3.3,0.0,0.0,3.87548e-06,104.52000000000014,-0.184507,-0.184507,current_full_transition_bis01_f2_sh003
t116_mid,116,mid,-0.1712575356791338,CURRENT,full_transition_bis01,2,115,115,True,True,01110011,3.3,0.0,0.0,4.87548e-06,104.52000000000099,-0.171248,-0.171248,current_full_transition_bis01_f2_sh003
t117_mid,117,mid,-0.15799773208738296,CURRENT,full_transition_bis01,2,116,116,True,True,01110100,3.3,0.0,0.0,5.87548e-06,104.52000000000014,-0.157988,-0.157988,current_full_transition_bis01_f2_sh003
t118_mid,118,mid,-0.14473792849563236,CURRENT,full_transition_bis01,2,117,117,True,True,01110101,3.3,0.0,0.0,6.87548e-06,104.52000000000014,-0.144728,-0.144728,current_full_transition_bis01_f2_sh003
t119_mid,119,mid,-0.13147812490388153,CURRENT,full_transition_bis01,2,118,118,True,True,01110110,3.3,0.0,0.0,7.87548e-06,104.52000000000014,-0.131468,-0.131468,current_full_transition_bis01_f2_sh003
t120_mid,120,mid,-0.1182183213121307,CURRENT,full_transition_bis01,2,119,119,True,True,01110111,3.3,0.0,0.0,8.87548e-06,104.52000000000014,-0.118208,-0.118208,current_full_transition_bis01_f2_sh003
t121_mid,121,mid,-0.10495851772038009,CURRENT,full_transition_bis01,2,120,120,True,True,01111000,3.3,0.0,0.0,9.87548e-06,104.52000000000014,-0.104949,-0.104949,current_full_transition_bis01_f2_sh003
t122_mid,122,mid,-0.09169871412862926,CURRENT,full_transition_bis01,2,121,121,True,True,01111001,3.3,0.0,0.0,1.08755e-05,104.50000000000044,-0.0916887,-0.0916887,current_full_transition_bis01_f2_sh003
t123_mid,123,mid,-0.07843891053687865,CURRENT,full_transition_bis01,2,122,122,True,True,01111010,3.3,0.0,0.0,1.18755e-05,104.50000000000044,-0.0784289,-0.0784289,current_full_transition_bis01_f2_sh003
t124_mid,124,mid,-0.06517910694512782,CURRENT,full_transition_bis01,2,123,123,True,True,01111011,3.3,0.0,0.0,1.28755e-05,104.49999999999875,-0.0651691,-0.0651691,current_full_transition_bis01_f2_sh003
t125_mid,125,mid,-0.051919303353377,CURRENT,full_transition_bis01,2,124,124,True,True,01111100,3.3,0.0,0.0,1.38755e-05,104.50000000000044,-0.0519093,-0.0519093,current_full_transition_bis01_f2_sh003
t126_mid,126,mid,-0.038659499761626394,CURRENT,full_transition_bis01,2,125,125,True,True,01111101,3.3,0.0,0.0,1.48755e-05,104.50000000000044,-0.0386495,-0.0386495,current_full_transition_bis01_f2_sh003
t130_mid,130,mid,0.024340652105376705,CURRENT,full_transition_bis01,2,130,130,True,True,10000010,3.3,0.0,0.0,1.58755e-05,104.49999999999875,0.0243507,0.0243507,current_full_transition_bis01_f2_sh003
t131_mid,131,mid,0.03760045569712731,CURRENT,full_transition_bis01,2,131,131,True,True,10000011,3.3,0.0,0.0,1.68755e-05,104.49999999999535,0.0376105,0.0376105,current_full_transition_bis01_f2_sh003
t132_mid,132,mid,0.05086025928887814,CURRENT,full_transition_bis01,2,132,132,True,True,10000100,3.3,0.0,0.0,1.78755e-05,104.49999999999875,0.0508703,0.0508703,current_full_transition_bis01_f2_sh003
t133_mid,133,mid,0.06412006288062874,CURRENT,full_transition_bis01,2,133,133,True,True,10000101,3.3,0.0,0.0,1.88755e-05,104.49999999999875,0.0641301,0.0641301,current_full_transition_bis01_f2_sh003
t134_mid,134,mid,0.07737986647237957,CURRENT,full_transition_bis01,2,134,134,True,True,10000110,3.3,0.0,0.0,1.98755e-05,104.49999999999875,0.0773899,0.0773899,current_full_transition_bis01_f2_sh003
t135_mid,135,mid,0.0906396700641304,CURRENT,full_transition_bis01,2,135,135,True,True,10000111,3.3,0.0,0.0,2.08755e-05,104.49999999999875,0.0906497,0.0906497,current_full_transition_bis01_f2_sh003
t136_mid,136,mid,0.10389947365588101,CURRENT,full_transition_bis01,2,136,136,True,True,10001000,3.3,0.0,0.0,2.18755e-05,104.49999999999535,0.103909,0.103909,current_full_transition_bis01_f2_sh003
t137_mid,137,mid,0.11715927724763184,CURRENT,full_transition_bis01,2,137,137,True,True,10001001,3.3,0.0,0.0,2.28755e-05,104.49999999999535,0.117169,0.117169,current_full_transition_bis01_f2_sh003
t138_mid,138,mid,0.13041908083938245,CURRENT,full_transition_bis01,2,138,138,True,True,10001010,3.3,0.0,0.0,2.38755e-05,104.49999999999875,0.130429,0.130429,current_full_transition_bis01_f2_sh003
t139_mid,139,mid,0.14367888443113327,CURRENT,full_transition_bis01,2,139,139,True,True,10001011,3.3,0.0,0.0,2.48755e-05,104.49999999999875,0.143689,0.143689,current_full_transition_bis01_f2_sh003
t140_mid,140,mid,0.1569386880228841,CURRENT,full_transition_bis01,2,140,140,True,True,10001100,3.3,0.0,0.0,2.58755e-05,104.49999999999875,0.156949,0.156949,current_full_transition_bis01_f2_sh003
t141_mid,141,mid,0.1701984916146347,CURRENT,full_transition_bis01,2,141,141,True,True,10001101,3.3,0.0,0.0,2.68755e-05,104.49999999999875,0.170208,0.170208,current_full_transition_bis01_f2_sh003
t142_mid,142,mid,0.18345829520638554,CURRENT,full_transition_bis01,2,142,142,True,True,10001110,3.3,0.0,0.0,2.78755e-05,104.49999999999535,0.183468,0.183468,current_full_transition_bis01_f2_sh003
t143_mid,143,mid,0.19671809879813615,CURRENT,full_transition_bis01,2,143,143,True,True,10001111,3.3,0.0,0.0,2.88755e-05,104.49999999999535,0.196728,0.196728,current_full_transition_bis01_f2_sh003
t145_mid,145,mid,0.2232377059816378,CURRENT,full_transition_bis01,2,145,145,True,True,10010001,3.3,0.0,0.0,2.98755e-05,104.49999999999875,0.223248,0.223248,current_full_transition_bis01_f2_sh003
t146_mid,146,mid,0.23649750957338841,CURRENT,full_transition_bis01,2,146,146,True,True,10010010,3.3,0.0,0.0,3.08755e-05,104.49999999999875,0.236508,0.236508,current_full_transition_bis01_f2_sh003
t147_mid,147,mid,0.24975731316513924,CURRENT,full_transition_bis01,2,147,147,True,True,10010011,3.3,0.0,0.0,3.18755e-05,104.49999999999197,0.249767,0.249767,current_full_transition_bis01_f2_sh003
t148_mid,148,mid,0.2630171167568899,CURRENT,full_transition_bis01,2,148,148,True,True,10010100,3.3,0.0,0.0,8.75483e-07,104.51699999999995,0.263027,0.263027,current_full_transition_bis01_f2_sh004
t149_mid,149,mid,0.2762769203486407,CURRENT,full_transition_bis01,2,149,149,True,True,10010101,3.3,0.0,0.0,1.87548e-06,104.52000000000014,0.276287,0.276287,current_full_transition_bis01_f2_sh004
t150_mid,150,mid,0.2895367239403913,CURRENT,full_transition_bis01,2,150,150,True,True,10010110,3.3,0.0,0.0,2.87548e-06,104.51999999999973,0.289547,0.289547,current_full_transition_bis01_f2_sh004
t151_mid,151,mid,0.30279652753214215,CURRENT,full_transition_bis01,2,151,151,True,True,10010111,3.3,0.0,0.0,3.87548e-06,104.52000000000014,0.302807,0.302807,current_full_transition_bis01_f2_sh004
t152_mid,152,mid,0.316056331123893,CURRENT,full_transition_bis01,2,152,152,True,True,10011000,3.3,0.0,0.0,4.87548e-06,104.52000000000099,0.316066,0.316066,current_full_transition_bis01_f2_sh004
t153_mid,153,mid,0.3293161347156436,CURRENT,full_transition_bis01,2,153,153,True,True,10011001,3.3,0.0,0.0,5.87548e-06,104.52000000000014,0.329326,0.329326,current_full_transition_bis01_f2_sh004
t154_mid,154,mid,0.3425759383073942,CURRENT,full_transition_bis01,2,154,154,True,True,10011010,3.3,0.0,0.0,6.87548e-06,104.52000000000014,0.342586,0.342586,current_full_transition_bis01_f2_sh004
t155_mid,155,mid,0.35583574189914524,CURRENT,full_transition_bis01,2,155,155,True,True,10011011,3.3,0.0,0.0,7.87548e-06,104.52000000000014,0.355846,0.355846,current_full_transition_bis01_f2_sh004
t156_mid,156,mid,0.36909554549089585,CURRENT,full_transition_bis01,2,156,156,True,True,10011100,3.3,0.0,0.0,8.87548e-06,104.52000000000014,0.369106,0.369106,current_full_transition_bis01_f2_sh004
t157_mid,157,mid,0.38235534908264646,CURRENT,full_transition_bis01,2,157,157,True,True,10011101,3.3,0.0,0.0,9.87548e-06,104.52000000000014,0.382365,0.382365,current_full_transition_bis01_f2_sh004
t158_mid,158,mid,0.3956151526743975,CURRENT,full_transition_bis01,2,158,158,True,True,10011110,3.3,0.0,0.0,1.08755e-05,104.50000000000044,0.395625,0.395625,current_full_transition_bis01_f2_sh004
t162_mid,162,mid,0.4486543670414004,CURRENT,full_transition_bis01,2,162,162,True,True,10100010,3.3,0.0,0.0,1.18755e-05,104.50000000000044,0.448664,0.448664,current_full_transition_bis01_f2_sh004
t163_mid,163,mid,0.461914170633151,CURRENT,full_transition_bis01,2,163,163,True,True,10100011,3.3,0.0,0.0,1.28755e-05,104.49999999999875,0.461924,0.461924,current_full_transition_bis01_f2_sh004
t164_mid,164,mid,0.4751739742249016,CURRENT,full_transition_bis01,2,164,164,True,True,10100100,3.3,0.0,0.0,1.38755e-05,104.50000000000044,0.475184,0.475184,current_full_transition_bis01_f2_sh004
t165_mid,165,mid,0.48843377781665265,CURRENT,full_transition_bis01,2,165,165,True,True,10100101,3.3,0.0,0.0,1.48755e-05,104.50000000000044,0.488444,0.488444,current_full_transition_bis01_f2_sh004
t166_mid,166,mid,0.5016935814084033,CURRENT,full_transition_bis01,2,166,166,True,True,10100110,3.3,0.0,0.0,1.58755e-05,104.49999999999875,0.501704,0.501704,current_full_transition_bis01_f2_sh004
t167_mid,167,mid,0.5149533850001539,CURRENT,full_transition_bis01,2,167,167,True,True,10100111,3.3,0.0,0.0,1.68755e-05,104.49999999999535,0.514963,0.514963,current_full_transition_bis01_f2_sh004
t168_mid,168,mid,0.5282131885919049,CURRENT,full_transition_bis01,2,168,168,True,True,10101000,3.3,0.0,0.0,1.78755e-05,104.49999999999875,0.528223,0.528223,current_full_transition_bis01_f2_sh004
t169_mid,169,mid,0.5414729921836555,CURRENT,full_transition_bis01,2,169,169,True,True,10101001,3.3,0.0,0.0,1.88755e-05,104.49999999999875,0.541483,0.541483,current_full_transition_bis01_f2_sh004
t170_mid,170,mid,0.5547327957754061,CURRENT,full_transition_bis01,2,170,170,True,True,10101010,3.3,0.0,0.0,1.98755e-05,104.49999999999875,0.554743,0.554743,current_full_transition_bis01_f2_sh004
t171_mid,171,mid,0.5679925993671567,CURRENT,full_transition_bis01,2,171,171,True,True,10101011,3.3,0.0,0.0,2.08755e-05,104.49999999999875,0.568003,0.568003,current_full_transition_bis01_f2_sh004
t172_mid,172,mid,0.5812524029589078,CURRENT,full_transition_bis01,2,172,172,True,True,10101100,3.3,0.0,0.0,2.18755e-05,104.49999999999535,0.581263,0.581262,current_full_transition_bis01_f2_sh004
t173_mid,173,mid,0.5945122065506584,CURRENT,full_transition_bis01,2,173,173,True,True,10101101,3.3,0.0,0.0,2.28755e-05,104.49999999999535,0.594522,0.594522,current_full_transition_bis01_f2_sh004
t174_mid,174,mid,0.607772010142409,CURRENT,full_transition_bis01,2,174,174,True,True,10101110,3.3,0.0,0.0,2.38755e-05,104.49999999999875,0.607782,0.607782,current_full_transition_bis01_f2_sh004
t175_mid,175,mid,0.62103181373416,CURRENT,full_transition_bis01,2,175,175,True,True,10101111,3.3,0.0,0.0,2.48755e-05,104.49999999999875,0.621042,0.621042,current_full_transition_bis01_f2_sh004
t177_mid,177,mid,0.6475514209176613,CURRENT,full_transition_bis01,2,177,177,True,True,10110001,3.3,0.0,0.0,2.58755e-05,104.49999999999875,0.647562,0.647561,current_full_transition_bis01_f2_sh004
t178_mid,178,mid,0.6608112245094123,CURRENT,full_transition_bis01,2,178,178,True,True,10110010,3.3,0.0,0.0,2.68755e-05,104.49999999999875,0.660821,0.660821,current_full_transition_bis01_f2_sh004
t179_mid,179,mid,0.6740710281011629,CURRENT,full_transition_bis01,2,179,179,True,True,10110011,3.3,0.0,0.0,2.78755e-05,104.49999999999535,0.674081,0.674081,current_full_transition_bis01_f2_sh004
t180_mid,180,mid,0.6873308316929135,CURRENT,full_transition_bis01,2,180,180,True,True,10110100,3.3,0.0,0.0,2.88755e-05,104.49999999999535,0.687341,0.687341,current_full_transition_bis01_f2_sh004
t181_mid,181,mid,0.7005906352846641,CURRENT,full_transition_bis01,2,181,181,True,True,10110101,3.3,0.0,0.0,2.98755e-05,104.49999999999875,0.700601,0.700601,current_full_transition_bis01_f2_sh004
t182_mid,182,mid,0.7138504388764152,CURRENT,full_transition_bis01,2,182,182,True,True,10110110,3.3,0.0,0.0,3.08755e-05,104.49999999999875,0.713861,0.71386,current_full_transition_bis01_f2_sh004
t183_mid,183,mid,0.7271102424681658,CURRENT,full_transition_bis01,2,183,183,True,True,10110111,3.3,0.0,0.0,3.18755e-05,104.49999999999197,0.72712,0.72712,current_full_transition_bis01_f2_sh004
t184_mid,184,mid,0.7403700460599164,CURRENT,full_transition_bis01,2,184,184,True,True,10111000,3.3,0.0,0.0,8.75483e-07,104.51699999999995,0.74038,0.74038,current_full_transition_bis01_f2_sh005
t185_mid,185,mid,0.7536298496516675,CURRENT,full_transition_bis01,2,185,185,True,True,10111001,3.3,0.0,0.0,1.87548e-06,104.52000000000014,0.75364,0.75364,current_full_transition_bis01_f2_sh005
t186_mid,186,mid,0.7668896532434181,CURRENT,full_transition_bis01,2,186,186,True,True,10111010,3.3,0.0,0.0,2.87548e-06,104.51999999999973,0.7669,0.7669,current_full_transition_bis01_f2_sh005
t187_mid,187,mid,0.7801494568351687,CURRENT,full_transition_bis01,2,187,187,True,True,10111011,3.3,0.0,0.0,3.87548e-06,104.52000000000014,0.78016,0.780159,current_full_transition_bis01_f2_sh005
t188_mid,188,mid,0.7934092604269197,CURRENT,full_transition_bis01,2,188,188,True,True,10111100,3.3,0.0,0.0,4.87548e-06,104.52000000000099,0.793419,0.793419,current_full_transition_bis01_f2_sh005
t189_mid,189,mid,0.8066690640186703,CURRENT,full_transition_bis01,2,189,189,True,True,10111101,3.3,0.0,0.0,5.87548e-06,104.52000000000014,0.806679,0.806679,current_full_transition_bis01_f2_sh005
t194_mid,194,mid,0.8630071444774238,CURRENT,full_transition_bis01,2,193,193,True,True,11000001,3.3,0.0,0.0,6.87548e-06,104.52000000000014,0.863017,0.863017,current_full_transition_bis01_f2_sh005
t195_mid,195,mid,0.8762669480691748,CURRENT,full_transition_bis01,2,194,194,True,True,11000010,3.3,0.0,0.0,7.87548e-06,104.52000000000014,0.876277,0.876277,current_full_transition_bis01_f2_sh005
t196_mid,196,mid,0.8895267516609254,CURRENT,full_transition_bis01,2,195,195,True,True,11000011,3.3,0.0,0.0,8.87548e-06,104.52000000000014,0.889537,0.889537,current_full_transition_bis01_f2_sh005
t197_mid,197,mid,0.9127474927526761,CURRENT,full_transition_bis01,2,197,197,True,True,11000101,3.3,0.0,0.0,9.87548e-06,104.52000000000014,0.912758,0.912758,current_full_transition_bis01_f2_sh005
t198_mid,198,mid,0.9260072963444267,CURRENT,full_transition_bis01,2,198,198,True,True,11000110,3.3,0.0,0.0,1.08755e-05,104.50000000000044,0.926017,0.926017,current_full_transition_bis01_f2_sh005
t199_mid,199,mid,0.9392670999361777,CURRENT,full_transition_bis01,2,199,199,True,True,11000111,3.3,0.0,0.0,1.18755e-05,104.50000000000044,0.939277,0.939277,current_full_transition_bis01_f2_sh005
t200_mid,200,mid,0.9425659660279283,CURRENT,full_transition_bis01,2,199,199,True,True,11000111,3.3,0.0,0.0,1.28755e-05,104.49999999999875,0.942576,0.942576,current_full_transition_bis01_f2_sh005
t201_mid,201,mid,0.965786707119679,CURRENT,full_transition_bis01,2,201,201,True,True,11001001,3.3,0.0,0.0,1.38755e-05,104.50000000000044,0.965797,0.965797,current_full_transition_bis01_f2_sh005
t202_mid,202,mid,0.97904651071143,CURRENT,full_transition_bis01,2,202,202,True,True,11001010,3.3,0.0,0.0,1.48755e-05,104.50000000000044,0.979057,0.979057,current_full_transition_bis01_f2_sh005
t203_mid,203,mid,0.9923063143031806,CURRENT,full_transition_bis01,2,203,203,True,True,11001011,3.3,0.0,0.0,1.58755e-05,104.49999999999875,0.992316,0.992316,current_full_transition_bis01_f2_sh005
t204_mid,204,mid,1.005566117894931,CURRENT,full_transition_bis01,2,204,204,True,True,11001100,3.3,0.0,0.0,1.68755e-05,104.49999999999535,1.00558,1.00558,current_full_transition_bis01_f2_sh005
t205_mid,205,mid,1.0188259214866822,CURRENT,full_transition_bis01,2,205,205,True,True,11001101,3.3,0.0,0.0,1.78755e-05,104.49999999999875,1.01884,1.01884,current_full_transition_bis01_f2_sh005
t206_mid,206,mid,1.0320857250784328,CURRENT,full_transition_bis01,2,206,206,True,True,11001110,3.3,0.0,0.0,1.88755e-05,104.49999999999875,1.0321,1.0321,current_full_transition_bis01_f2_sh005
t207_mid,207,mid,1.0453455286701834,CURRENT,full_transition_bis01,2,207,207,True,True,11001111,3.3,0.0,0.0,1.98755e-05,104.49999999999875,1.04536,1.04536,current_full_transition_bis01_f2_sh005
t209_mid,209,mid,1.0619041983536852,CURRENT,full_transition_bis01,2,208,208,True,True,11010000,3.3,0.0,0.0,2.08755e-05,104.49999999999875,1.06191,1.06191,current_full_transition_bis01_f2_sh005
t210_mid,210,mid,1.0751640019454358,CURRENT,full_transition_bis01,2,209,209,True,True,11010001,3.3,0.0,0.0,2.18755e-05,104.49999999999535,1.07517,1.07517,current_full_transition_bis01_f2_sh005
t211_mid,211,mid,1.0884238055371864,CURRENT,full_transition_bis01,2,210,210,True,True,11010010,3.3,0.0,0.0,2.28755e-05,104.49999999999535,1.08843,1.08843,current_full_transition_bis01_f2_sh005
t212_mid,212,mid,1.1016836091289375,CURRENT,full_transition_bis01,2,211,211,True,True,11010011,3.3,0.0,0.0,2.38755e-05,104.49999999999875,1.10169,1.10169,current_full_transition_bis01_f2_sh005
t213_mid,213,mid,1.124904350220688,CURRENT,full_transition_bis01,2,213,213,True,True,11010101,3.3,0.0,0.0,2.48755e-05,104.49999999999875,1.12491,1.12491,current_full_transition_bis01_f2_sh005
t214_mid,214,mid,1.1282032163124387,CURRENT,full_transition_bis01,2,213,213,True,True,11010101,3.3,0.0,0.0,2.58755e-05,104.49999999999875,1.12821,1.12821,current_full_transition_bis01_f2_sh005
t215_mid,215,mid,1.1414630199041897,CURRENT,full_transition_bis01,2,214,214,True,True,11010110,3.3,0.0,0.0,2.68755e-05,104.49999999999875,1.14147,1.14147,current_full_transition_bis01_f2_sh005
t216_mid,216,mid,1.1547228234959404,CURRENT,full_transition_bis01,2,215,215,True,True,11010111,3.3,0.0,0.0,2.78755e-05,104.49999999999535,1.15473,1.15473,current_full_transition_bis01_f2_sh005
t217_mid,217,mid,1.1779435645876908,CURRENT,full_transition_bis01,2,217,217,True,True,11011001,3.3,0.0,0.0,2.88755e-05,104.49999999999535,1.17795,1.17795,current_full_transition_bis01_f2_sh005
t218_mid,218,mid,1.1912033681794414,CURRENT,full_transition_bis01,2,218,218,True,True,11011010,3.3,0.0,0.0,2.98755e-05,104.49999999999875,1.19121,1.19121,current_full_transition_bis01_f2_sh005
t219_mid,219,mid,1.1945022342711926,CURRENT,full_transition_bis01,2,218,218,True,True,11011010,3.3,0.0,0.0,3.08755e-05,104.49999999999875,1.19451,1.19451,current_full_transition_bis01_f2_sh005
t220_mid,220,mid,1.217722975362943,CURRENT,full_transition_bis01,2,220,220,True,True,11011100,3.3,0.0,0.0,3.18755e-05,104.49999999999197,1.21773,1.21773,current_full_transition_bis01_f2_sh005
t221_mid,221,mid,1.2309827789546937,CURRENT,full_transition_bis01,2,221,221,True,True,11011101,3.3,0.0,0.0,8.75481e-07,104.5189999999999,1.23099,1.23099,current_full_transition_bis01_f2_sh006
t222_mid,222,mid,1.2442425825464447,CURRENT,full_transition_bis01,2,222,222,True,True,11011110,3.3,0.0,0.0,1.87548e-06,104.52000000000014,1.24425,1.24425,current_full_transition_bis01_f2_sh006
t226_mid,226,mid,1.2873208594134478,CURRENT,full_transition_bis01,2,225,225,True,True,11100001,3.3,0.0,0.0,2.87548e-06,104.51999999999973,1.28733,1.28733,current_full_transition_bis01_f2_sh006
t227_mid,227,mid,1.3005806630051984,CURRENT,full_transition_bis01,2,226,226,True,True,11100010,3.3,0.0,0.0,3.87548e-06,104.52000000000014,1.30059,1.30059,current_full_transition_bis01_f2_sh006
t228_mid,228,mid,1.313840466596949,CURRENT,full_transition_bis01,2,227,227,True,True,11100011,3.3,0.0,0.0,4.87548e-06,104.52000000000099,1.31385,1.31385,current_full_transition_bis01_f2_sh006
t229_mid,229,mid,1.3271002701887,CURRENT,full_transition_bis01,2,228,228,True,True,11100100,3.3,0.0,0.0,5.87548e-06,104.52000000000014,1.32711,1.32711,current_full_transition_bis01_f2_sh006
t230_mid,230,mid,1.3403600737804506,CURRENT,full_transition_bis01,2,229,229,True,True,11100101,3.3,0.0,0.0,6.87548e-06,104.52000000000014,1.34037,1.34037,current_full_transition_bis01_f2_sh006
t231_mid,231,mid,1.3536198773722012,CURRENT,full_transition_bis01,2,230,230,True,True,11100110,3.3,0.0,0.0,7.87548e-06,104.52000000000014,1.35363,1.35363,current_full_transition_bis01_f2_sh006
t232_mid,232,mid,1.3668796809639523,CURRENT,full_transition_bis01,2,231,231,True,True,11100111,3.3,0.0,0.0,8.87548e-06,104.52000000000014,1.36689,1.36689,current_full_transition_bis01_f2_sh006
t233_mid,233,mid,1.3901004220557027,CURRENT,full_transition_bis01,2,233,233,True,True,11101001,3.3,0.0,0.0,9.87548e-06,104.52000000000014,1.39011,1.39011,current_full_transition_bis01_f2_sh006
t234_mid,234,mid,1.3933992881474535,CURRENT,full_transition_bis01,2,233,233,True,True,11101001,3.3,0.0,0.0,1.08755e-05,104.50000000000044,1.39341,1.39341,current_full_transition_bis01_f2_sh006
t235_mid,235,mid,1.4066590917392041,CURRENT,full_transition_bis01,2,234,234,True,True,11101010,3.3,0.0,0.0,1.18755e-05,104.50000000000044,1.40667,1.40667,current_full_transition_bis01_f2_sh006
t236_mid,236,mid,1.429879832830955,CURRENT,full_transition_bis01,2,236,236,True,True,11101100,3.3,0.0,0.0,1.28755e-05,104.49999999999875,1.42989,1.42989,current_full_transition_bis01_f2_sh006
t237_mid,237,mid,1.4431396364227056,CURRENT,full_transition_bis01,2,237,237,True,True,11101101,3.3,0.0,0.0,1.38755e-05,104.50000000000044,1.44315,1.44315,current_full_transition_bis01_f2_sh006
t238_mid,238,mid,1.4563994400144562,CURRENT,full_transition_bis01,2,238,238,True,True,11101110,3.3,0.0,0.0,1.48755e-05,104.50000000000044,1.45641,1.45641,current_full_transition_bis01_f2_sh006
t239_mid,239,mid,1.4696592436062073,CURRENT,full_transition_bis01,2,239,239,True,True,11101111,3.3,0.0,0.0,1.58755e-05,104.49999999999875,1.46967,1.46967,current_full_transition_bis01_f2_sh006
t240_mid,240,mid,1.472958109697958,CURRENT,full_transition_bis01,2,239,239,True,True,11101111,3.3,0.0,0.0,1.68755e-05,104.49999999999535,1.47297,1.47297,current_full_transition_bis01_f2_sh006
t241_mid,241,mid,1.4862179132897086,CURRENT,full_transition_bis01,2,240,240,True,True,11110000,3.3,0.0,0.0,1.78755e-05,104.49999999999875,1.48623,1.48623,current_full_transition_bis01_f2_sh006
t242_mid,242,mid,1.4994777168814597,CURRENT,full_transition_bis01,2,241,241,True,True,11110001,3.3,0.0,0.0,1.88755e-05,104.49999999999875,1.49949,1.49949,current_full_transition_bis01_f2_sh006
t243_mid,243,mid,1.5127375204732103,CURRENT,full_transition_bis01,2,242,242,True,True,11110010,3.3,0.0,0.0,1.98755e-05,104.49999999999875,1.51275,1.51275,current_full_transition_bis01_f2_sh006
t244_mid,244,mid,1.525997324064961,CURRENT,full_transition_bis01,2,243,243,True,True,11110011,3.3,0.0,0.0,2.08755e-05,104.49999999999875,1.52601,1.52601,current_full_transition_bis01_f2_sh006
t245_mid,245,mid,1.5392571276567115,CURRENT,full_transition_bis01,2,244,244,True,True,11110100,3.3,0.0,0.0,2.18755e-05,104.49999999999535,1.53927,1.53927,current_full_transition_bis01_f2_sh006
t246_mid,246,mid,1.5525169312484626,CURRENT,full_transition_bis01,2,245,245,True,True,11110101,3.3,0.0,0.0,2.28755e-05,104.49999999999535,1.55253,1.55253,current_full_transition_bis01_f2_sh006
t247_mid,247,mid,1.5657767348402132,CURRENT,full_transition_bis01,2,246,246,True,True,11110110,3.3,0.0,0.0,2.38755e-05,104.49999999999875,1.56579,1.56579,current_full_transition_bis01_f2_sh006
t248_mid,248,mid,1.5790365384319638,CURRENT,full_transition_bis01,2,247,247,True,True,11110111,3.3,0.0,0.0,2.48755e-05,104.49999999999875,1.57905,1.57905,current_full_transition_bis01_f2_sh006
t249_mid,249,mid,1.5922963420237148,CURRENT,full_transition_bis01,2,248,248,True,True,11111000,3.3,0.0,0.0,2.58755e-05,104.49999999999875,1.59231,1.59231,current_full_transition_bis01_f2_sh006
t250_mid,250,mid,1.6055561456154654,CURRENT,full_transition_bis01,2,249,249,True,True,11111001,3.3,0.0,0.0,2.68755e-05,104.49999999999875,1.60557,1.60557,current_full_transition_bis01_f2_sh006
t251_mid,251,mid,1.618815949207216,CURRENT,full_transition_bis01,2,250,250,True,True,11111010,3.3,0.0,0.0,2.78755e-05,104.49999999999535,1.61883,1.61883,current_full_transition_bis01_f2_sh006
t252_mid,252,mid,1.632075752798967,CURRENT,full_transition_bis01,2,251,251,True,True,11111011,3.3,0.0,0.0,2.88755e-05,104.49999999999535,1.63209,1.63209,current_full_transition_bis01_f2_sh006
t253_mid,253,mid,1.6552964938907175,CURRENT,full_transition_bis01,2,253,253,True,True,11111101,3.3,0.0,0.0,2.98755e-05,104.49999999999875,1.65531,1.65531,current_full_transition_bis01_f2_sh006
t254_mid,254,mid,1.6585953599824683,CURRENT,full_transition_bis01,2,253,253,True,True,11111101,3.3,0.0,0.0,3.08755e-05,104.49999999999875,1.65861,1.65861,current_full_transition_bis01_f2_sh006
t003_mid,3,mid,-1.6671251071719673,CURRENT,full_transition_bis02,2,2,2,True,True,00000010,3.3,0.0,0.0,8.75484e-07,104.51599999999993,-1.66712,-1.66712,current_full_transition_bis02_f2_sh000
t004_mid,4,mid,-1.6538653035802164,CURRENT,full_transition_bis02,2,3,3,True,True,00000011,3.3,0.0,0.0,1.87548e-06,104.52000000000014,-1.65386,-1.65386,current_full_transition_bis02_f2_sh000
t005_mid,5,mid,-1.635625031238466,CURRENT,full_transition_bis02,2,5,5,True,True,00000101,3.3,0.0,0.0,2.87548e-06,104.51999999999973,-1.63562,-1.63562,current_full_transition_bis02_f2_sh000
t006_mid,6,mid,-1.622365227646715,CURRENT,full_transition_bis02,2,6,6,True,True,00000110,3.3,0.0,0.0,3.87548e-06,104.52000000000014,-1.62236,-1.62236,current_full_transition_bis02_f2_sh000
t007_mid,7,mid,-1.6091054240549643,CURRENT,full_transition_bis02,2,7,7,True,True,00000111,3.3,0.0,0.0,4.87548e-06,104.52000000000099,-1.6091,-1.6091,current_full_transition_bis02_f2_sh000
t008_mid,8,mid,-1.6008260892132136,CURRENT,full_transition_bis02,2,7,7,True,True,00000111,3.3,0.0,0.0,5.87548e-06,104.52000000000014,-1.60082,-1.60082,current_full_transition_bis02_f2_sh000
t009_mid,9,mid,-1.5825858168714628,CURRENT,full_transition_bis02,2,9,9,True,True,00001001,3.3,0.0,0.0,6.87548e-06,104.52000000000014,-1.58258,-1.58258,current_full_transition_bis02_f2_sh000
t010_mid,10,mid,-1.5693260132797122,CURRENT,full_transition_bis02,2,10,10,True,True,00001010,3.3,0.0,0.0,7.87548e-06,104.52000000000014,-1.56932,-1.56932,current_full_transition_bis02_f2_sh000
t011_mid,11,mid,-1.5560662096879614,CURRENT,full_transition_bis02,2,11,11,True,True,00001011,3.3,0.0,0.0,8.87548e-06,104.52000000000014,-1.55606,-1.55606,current_full_transition_bis02_f2_sh000
t012_mid,12,mid,-1.5428064060962108,CURRENT,full_transition_bis02,2,12,12,True,True,00001100,3.3,0.0,0.0,9.87548e-06,104.52000000000014,-1.5428,-1.5428,current_full_transition_bis02_f2_sh000
t013_mid,13,mid,-1.52954660250446,CURRENT,full_transition_bis02,2,13,13,True,True,00001101,3.3,0.0,0.0,1.08755e-05,104.50000000000044,-1.52954,-1.52954,current_full_transition_bis02_f2_sh000
t014_mid,14,mid,-1.5162867989127091,CURRENT,full_transition_bis02,2,14,14,True,True,00001110,3.3,0.0,0.0,1.18755e-05,104.50000000000044,-1.51628,-1.51628,current_full_transition_bis02_f2_sh000
t015_mid,15,mid,-1.5030269953209585,CURRENT,full_transition_bis02,2,15,15,True,True,00001111,3.3,0.0,0.0,1.28755e-05,104.49999999999875,-1.50302,-1.50302,current_full_transition_bis02_f2_sh000
t017_mid,17,mid,-1.4814878568874568,CURRENT,full_transition_bis02,2,16,16,True,True,00010000,3.3,0.0,0.0,1.38755e-05,104.50000000000044,-1.48148,-1.48148,current_full_transition_bis02_f2_sh000
t018_mid,18,mid,-1.4682280532957062,CURRENT,full_transition_bis02,2,17,17,True,True,00010001,3.3,0.0,0.0,1.48755e-05,104.50000000000044,-1.46822,-1.46822,current_full_transition_bis02_f2_sh000
t019_mid,19,mid,-1.4549682497039553,CURRENT,full_transition_bis02,2,18,18,True,True,00010010,3.3,0.0,0.0,1.58755e-05,104.49999999999875,-1.45496,-1.45496,current_full_transition_bis02_f2_sh000
t020_mid,20,mid,-1.4417084461122047,CURRENT,full_transition_bis02,2,19,19,True,True,00010011,3.3,0.0,0.0,1.68755e-05,104.49999999999535,-1.4417,-1.4417,current_full_transition_bis02_f2_sh000
t021_mid,21,mid,-1.423468173770454,CURRENT,full_transition_bis02,2,21,21,True,True,00010101,3.3,0.0,0.0,1.78755e-05,104.49999999999875,-1.42346,-1.42346,current_full_transition_bis02_f2_sh000
t022_mid,22,mid,-1.4151888389287033,CURRENT,full_transition_bis02,2,21,21,True,True,00010101,3.3,0.0,0.0,1.88755e-05,104.49999999999875,-1.41518,-1.41518,current_full_transition_bis02_f2_sh000
t023_mid,23,mid,-1.4019290353369525,CURRENT,full_transition_bis02,2,22,22,True,True,00010110,3.3,0.0,0.0,1.98755e-05,104.49999999999875,-1.40192,-1.40192,current_full_transition_bis02_f2_sh000
t024_mid,24,mid,-1.3886692317452016,CURRENT,full_transition_bis02,2,23,23,True,True,00010111,3.3,0.0,0.0,2.08755e-05,104.49999999999875,-1.38866,-1.38866,current_full_transition_bis02_f2_sh000
t025_mid,25,mid,-1.370428959403451,CURRENT,full_transition_bis02,2,25,25,True,True,00011001,3.3,0.0,0.0,2.18755e-05,104.49999999999535,-1.37042,-1.37042,current_full_transition_bis02_f2_sh000
t026_mid,26,mid,-1.3571691558117003,CURRENT,full_transition_bis02,2,26,26,True,True,00011010,3.3,0.0,0.0,2.28755e-05,104.49999999999535,-1.35716,-1.35716,current_full_transition_bis02_f2_sh000
t027_mid,27,mid,-1.3488898209699494,CURRENT,full_transition_bis02,2,26,26,True,True,00011010,3.3,0.0,0.0,2.38755e-05,104.49999999999875,-1.34888,-1.34888,current_full_transition_bis02_f2_sh000
t028_mid,28,mid,-1.3306495486281988,CURRENT,full_transition_bis02,2,28,28,True,True,00011100,3.3,0.0,0.0,2.48755e-05,104.49999999999875,-1.33064,-1.33064,current_full_transition_bis02_f2_sh000
t029_mid,29,mid,-1.3173897450364482,CURRENT,full_transition_bis02,2,29,29,True,True,00011101,3.3,0.0,0.0,2.58755e-05,104.49999999999875,-1.31738,-1.31738,current_full_transition_bis02_f2_sh000
t030_mid,30,mid,-1.3041299414446974,CURRENT,full_transition_bis02,2,30,30,True,True,00011110,3.3,0.0,0.0,2.68755e-05,104.49999999999875,-1.30412,-1.30412,current_full_transition_bis02_f2_sh000
t034_mid,34,mid,-1.2560711958276942,CURRENT,full_transition_bis02,2,33,33,True,True,00100001,3.3,0.0,0.0,2.78755e-05,104.49999999999535,-1.25606,-1.25606,current_full_transition_bis02_f2_sh000
t035_mid,35,mid,-1.2428113922359436,CURRENT,full_transition_bis02,2,34,34,True,True,00100010,3.3,0.0,0.0,2.88755e-05,104.49999999999535,-1.2428,-1.2428,current_full_transition_bis02_f2_sh000
t036_mid,36,mid,-1.2295515886441928,CURRENT,full_transition_bis02,2,35,35,True,True,00100011,3.3,0.0,0.0,2.98755e-05,104.49999999999875,-1.22954,-1.22954,current_full_transition_bis02_f2_sh000
t037_mid,37,mid,-1.211311316302442,CURRENT,full_transition_bis02,2,37,37,True,True,00100101,3.3,0.0,0.0,3.08755e-05,104.49999999999875,-1.2113,-1.2113,current_full_transition_bis02_f2_sh000
t038_mid,38,mid,-1.2030319814606913,CURRENT,full_transition_bis02,2,37,37,True,True,00100101,3.3,0.0,0.0,3.18755e-05,104.49999999999197,-1.20302,-1.20302,current_full_transition_bis02_f2_sh000
t039_mid,39,mid,-1.1897721778689407,CURRENT,full_transition_bis02,2,38,38,True,True,00100110,3.3,0.0,0.0,8.75483e-07,104.51699999999995,-1.18976,-1.18976,current_full_transition_bis02_f2_sh001
t040_mid,40,mid,-1.17651237427719,CURRENT,full_transition_bis02,2,39,39,True,True,00100111,3.3,0.0,0.0,1.87548e-06,104.52000000000014,-1.1765,-1.1765,current_full_transition_bis02_f2_sh001
t041_mid,41,mid,-1.1582721019354392,CURRENT,full_transition_bis02,2,41,41,True,True,00101001,3.3,0.0,0.0,2.87548e-06,104.51999999999973,-1.15826,-1.15826,current_full_transition_bis02_f2_sh001
t042_mid,42,mid,-1.1499927670936885,CURRENT,full_transition_bis02,2,41,41,True,True,00101001,3.3,0.0,0.0,3.87548e-06,104.52000000000014,-1.14998,-1.14998,current_full_transition_bis02_f2_sh001
t043_mid,43,mid,-1.1367329635019376,CURRENT,full_transition_bis02,2,42,42,True,True,00101010,3.3,0.0,0.0,4.87548e-06,104.52000000000099,-1.13672,-1.13672,current_full_transition_bis02_f2_sh001
t044_mid,44,mid,-1.118492691160187,CURRENT,full_transition_bis02,2,44,44,True,True,00101100,3.3,0.0,0.0,5.87548e-06,104.52000000000014,-1.11848,-1.11848,current_full_transition_bis02_f2_sh001
t045_mid,45,mid,-1.1052328875684363,CURRENT,full_transition_bis02,2,45,45,True,True,00101101,3.3,0.0,0.0,6.87548e-06,104.52000000000014,-1.10522,-1.10522,current_full_transition_bis02_f2_sh001
t046_mid,46,mid,-1.0919730839766857,CURRENT,full_transition_bis02,2,46,46,True,True,00101110,3.3,0.0,0.0,7.87548e-06,104.52000000000014,-1.09196,-1.09196,current_full_transition_bis02_f2_sh001
t047_mid,47,mid,-1.0787132803849346,CURRENT,full_transition_bis02,2,47,47,True,True,00101111,3.3,0.0,0.0,8.87548e-06,104.52000000000014,-1.0787,-1.0787,current_full_transition_bis02_f2_sh001
t049_mid,49,mid,-1.0571741419514333,CURRENT,full_transition_bis02,2,48,48,True,True,00110000,3.3,0.0,0.0,9.87548e-06,104.52000000000014,-1.05716,-1.05716,current_full_transition_bis02_f2_sh001
t050_mid,50,mid,-1.0439143383596825,CURRENT,full_transition_bis02,2,49,49,True,True,00110001,3.3,0.0,0.0,1.08755e-05,104.50000000000044,-1.0439,-1.0439,current_full_transition_bis02_f2_sh001
t051_mid,51,mid,-1.0306545347679317,CURRENT,full_transition_bis02,2,50,50,True,True,00110010,3.3,0.0,0.0,1.18755e-05,104.50000000000044,-1.03064,-1.03064,current_full_transition_bis02_f2_sh001
t052_mid,52,mid,-1.017394731176181,CURRENT,full_transition_bis02,2,51,51,True,True,00110011,3.3,0.0,0.0,1.28755e-05,104.49999999999875,-1.01738,-1.01738,current_full_transition_bis02_f2_sh001
t053_mid,53,mid,-1.0041349275844302,CURRENT,full_transition_bis02,2,52,52,True,True,00110100,3.3,0.0,0.0,1.38755e-05,104.50000000000044,-1.00412,-1.00412,current_full_transition_bis02_f2_sh001
t054_mid,54,mid,-0.9908751239926796,CURRENT,full_transition_bis02,2,53,53,True,True,00110101,3.3,0.0,0.0,1.48755e-05,104.50000000000044,-0.990865,-0.990865,current_full_transition_bis02_f2_sh001
t055_mid,55,mid,-0.9776153204009288,CURRENT,full_transition_bis02,2,54,54,True,True,00110110,3.3,0.0,0.0,1.58755e-05,104.49999999999875,-0.977605,-0.977605,current_full_transition_bis02_f2_sh001
t056_mid,56,mid,-0.9643555168091782,CURRENT,full_transition_bis02,2,55,55,True,True,00110111,3.3,0.0,0.0,1.68755e-05,104.49999999999535,-0.964346,-0.964346,current_full_transition_bis02_f2_sh001
t057_mid,57,mid,-0.9510957132174274,CURRENT,full_transition_bis02,2,56,56,True,True,00111000,3.3,0.0,0.0,1.78755e-05,104.49999999999875,-0.951086,-0.951086,current_full_transition_bis02_f2_sh001
t058_mid,58,mid,-0.9378359096256765,CURRENT,full_transition_bis02,2,57,57,True,True,00111001,3.3,0.0,0.0,1.88755e-05,104.49999999999875,-0.937826,-0.937826,current_full_transition_bis02_f2_sh001
t059_mid,59,mid,-0.9245761060339259,CURRENT,full_transition_bis02,2,58,58,True,True,00111010,3.3,0.0,0.0,1.98755e-05,104.49999999999875,-0.924566,-0.924566,current_full_transition_bis02_f2_sh001
t060_mid,60,mid,-0.9113163024421751,CURRENT,full_transition_bis02,2,59,59,True,True,00111011,3.3,0.0,0.0,2.08755e-05,104.49999999999875,-0.911306,-0.911306,current_full_transition_bis02_f2_sh001
t061_mid,61,mid,-0.8930760301004244,CURRENT,full_transition_bis02,2,61,61,True,True,00111101,3.3,0.0,0.0,2.18755e-05,104.49999999999535,-0.893066,-0.893066,current_full_transition_bis02_f2_sh001
t062_mid,62,mid,-0.8847966952586737,CURRENT,full_transition_bis02,2,61,61,True,True,00111101,3.3,0.0,0.0,2.28755e-05,104.49999999999535,-0.884787,-0.884787,current_full_transition_bis02_f2_sh001
t066_mid,66,mid,-0.8317574808916708,CURRENT,full_transition_bis02,2,65,65,True,True,01000001,3.3,0.0,0.0,2.38755e-05,104.49999999999875,-0.831748,-0.831748,current_full_transition_bis02_f2_sh001
t067_mid,67,mid,-0.81849767729992,CURRENT,full_transition_bis02,2,66,66,True,True,01000010,3.3,0.0,0.0,2.48755e-05,104.49999999999875,-0.818488,-0.818488,current_full_transition_bis02_f2_sh001
t068_mid,68,mid,-0.8052378737081691,CURRENT,full_transition_bis02,2,67,67,True,True,01000011,3.3,0.0,0.0,2.58755e-05,104.49999999999875,-0.805228,-0.805228,current_full_transition_bis02_f2_sh001
t069_mid,69,mid,-0.7919780701164185,CURRENT,full_transition_bis02,2,68,68,True,True,01000100,3.3,0.0,0.0,2.68755e-05,104.49999999999875,-0.791968,-0.791968,current_full_transition_bis02_f2_sh001
t070_mid,70,mid,-0.7787182665246677,CURRENT,full_transition_bis02,2,69,69,True,True,01000101,3.3,0.0,0.0,2.78755e-05,104.49999999999535,-0.778708,-0.778708,current_full_transition_bis02_f2_sh001
t071_mid,71,mid,-0.7654584629329171,CURRENT,full_transition_bis02,2,70,70,True,True,01000110,3.3,0.0,0.0,2.88755e-05,104.49999999999535,-0.765449,-0.765448,current_full_transition_bis02_f2_sh001
t072_mid,72,mid,-0.7521986593411663,CURRENT,full_transition_bis02,2,71,71,True,True,01000111,3.3,0.0,0.0,2.98755e-05,104.49999999999875,-0.752189,-0.752189,current_full_transition_bis02_f2_sh001
t073_mid,73,mid,-0.7389388557494154,CURRENT,full_transition_bis02,2,72,72,True,True,01001000,3.3,0.0,0.0,3.08755e-05,104.49999999999875,-0.738929,-0.738929,current_full_transition_bis02_f2_sh001
t074_mid,74,mid,-0.7256790521576648,CURRENT,full_transition_bis02,2,73,73,True,True,01001001,3.3,0.0,0.0,3.18755e-05,104.49999999999197,-0.725669,-0.725669,current_full_transition_bis02_f2_sh001
t075_mid,75,mid,-0.712419248565914,CURRENT,full_transition_bis02,2,74,74,True,True,01001010,3.3,0.0,0.0,8.75483e-07,104.51699999999995,-0.712409,-0.712409,current_full_transition_bis02_f2_sh002
t076_mid,76,mid,-0.6991594449741634,CURRENT,full_transition_bis02,2,75,75,True,True,01001011,3.3,0.0,0.0,1.87548e-06,104.52000000000014,-0.69915,-0.699149,current_full_transition_bis02_f2_sh002
t077_mid,77,mid,-0.6858996413824126,CURRENT,full_transition_bis02,2,76,76,True,True,01001100,3.3,0.0,0.0,2.87548e-06,104.51999999999973,-0.68589,-0.68589,current_full_transition_bis02_f2_sh002
t078_mid,78,mid,-0.6726398377906617,CURRENT,full_transition_bis02,2,77,77,True,True,01001101,3.3,0.0,0.0,3.87548e-06,104.52000000000014,-0.67263,-0.67263,current_full_transition_bis02_f2_sh002
t079_mid,79,mid,-0.6593800341989111,CURRENT,full_transition_bis02,2,78,78,True,True,01001110,3.3,0.0,0.0,4.87548e-06,104.52000000000099,-0.65937,-0.65937,current_full_transition_bis02_f2_sh002
t081_mid,81,mid,-0.6328604270154095,CURRENT,full_transition_bis02,2,80,80,True,True,01010000,3.3,0.0,0.0,5.87548e-06,104.52000000000014,-0.632851,-0.63285,current_full_transition_bis02_f2_sh002
t082_mid,82,mid,-0.6196006234236588,CURRENT,full_transition_bis02,2,81,81,True,True,01010001,3.3,0.0,0.0,6.87548e-06,104.52000000000014,-0.619591,-0.619591,current_full_transition_bis02_f2_sh002
t083_mid,83,mid,-0.606340819831908,CURRENT,full_transition_bis02,2,82,82,True,True,01010010,3.3,0.0,0.0,7.87548e-06,104.52000000000014,-0.606331,-0.606331,current_full_transition_bis02_f2_sh002
t084_mid,84,mid,-0.5930810162401574,CURRENT,full_transition_bis02,2,83,83,True,True,01010011,3.3,0.0,0.0,8.87548e-06,104.52000000000014,-0.593071,-0.593071,current_full_transition_bis02_f2_sh002
t085_mid,85,mid,-0.5798212126484066,CURRENT,full_transition_bis02,2,84,84,True,True,01010100,3.3,0.0,0.0,9.87548e-06,104.52000000000014,-0.579811,-0.579811,current_full_transition_bis02_f2_sh002
t086_mid,86,mid,-0.566561409056656,CURRENT,full_transition_bis02,2,85,85,True,True,01010101,3.3,0.0,0.0,1.08755e-05,104.50000000000044,-0.566552,-0.566551,current_full_transition_bis02_f2_sh002
t087_mid,87,mid,-0.5533016054649051,CURRENT,full_transition_bis02,2,86,86,True,True,01010110,3.3,0.0,0.0,1.18755e-05,104.50000000000044,-0.553292,-0.553292,current_full_transition_bis02_f2_sh002
t088_mid,88,mid,-0.5400418018731543,CURRENT,full_transition_bis02,2,87,87,True,True,01010111,3.3,0.0,0.0,1.28755e-05,104.49999999999875,-0.540032,-0.540032,current_full_transition_bis02_f2_sh002
t089_mid,89,mid,-0.5267819982814037,CURRENT,full_transition_bis02,2,88,88,True,True,01011000,3.3,0.0,0.0,1.38755e-05,104.50000000000044,-0.526772,-0.526772,current_full_transition_bis02_f2_sh002
t090_mid,90,mid,-0.5135221946896529,CURRENT,full_transition_bis02,2,89,89,True,True,01011001,3.3,0.0,0.0,1.48755e-05,104.50000000000044,-0.513512,-0.513512,current_full_transition_bis02_f2_sh002
t091_mid,91,mid,-0.5002623910979023,CURRENT,full_transition_bis02,2,90,90,True,True,01011010,3.3,0.0,0.0,1.58755e-05,104.49999999999875,-0.500253,-0.500252,current_full_transition_bis02_f2_sh002
t092_mid,92,mid,-0.4870025875061515,CURRENT,full_transition_bis02,2,91,91,True,True,01011011,3.3,0.0,0.0,1.68755e-05,104.49999999999535,-0.486993,-0.486993,current_full_transition_bis02_f2_sh002
t093_mid,93,mid,-0.47374278391440067,CURRENT,full_transition_bis02,2,92,92,True,True,01011100,3.3,0.0,0.0,1.78755e-05,104.49999999999875,-0.473733,-0.473733,current_full_transition_bis02_f2_sh002
t094_mid,94,mid,-0.46048298032265006,CURRENT,full_transition_bis02,2,93,93,True,True,01011101,3.3,0.0,0.0,1.88755e-05,104.49999999999875,-0.460473,-0.460473,current_full_transition_bis02_f2_sh002
t098_mid,98,mid,-0.40744376595564696,CURRENT,full_transition_bis02,2,97,97,True,True,01100001,3.3,0.0,0.0,1.98755e-05,104.49999999999875,-0.407434,-0.407434,current_full_transition_bis02_f2_sh002
t099_mid,99,mid,-0.39418396236389636,CURRENT,full_transition_bis02,2,98,98,True,True,01100010,3.3,0.0,0.0,2.08755e-05,104.49999999999875,-0.394174,-0.394174,current_full_transition_bis02_f2_sh002
t100_mid,100,mid,-0.3809241587721455,CURRENT,full_transition_bis02,2,99,99,True,True,01100011,3.3,0.0,0.0,2.18755e-05,104.49999999999535,-0.380914,-0.380914,current_full_transition_bis02_f2_sh002
t101_mid,101,mid,-0.3676643551803949,CURRENT,full_transition_bis02,2,100,100,True,True,01100100,3.3,0.0,0.0,2.28755e-05,104.49999999999535,-0.367654,-0.367654,current_full_transition_bis02_f2_sh002
t102_mid,102,mid,-0.3544045515886441,CURRENT,full_transition_bis02,2,101,101,True,True,01100101,3.3,0.0,0.0,2.38755e-05,104.49999999999875,-0.354395,-0.354395,current_full_transition_bis02_f2_sh002
t103_mid,103,mid,-0.34114474799689326,CURRENT,full_transition_bis02,2,102,102,True,True,01100110,3.3,0.0,0.0,2.48755e-05,104.49999999999875,-0.341135,-0.341135,current_full_transition_bis02_f2_sh002
t104_mid,104,mid,-0.32788494440514265,CURRENT,full_transition_bis02,2,103,103,True,True,01100111,3.3,0.0,0.0,2.58755e-05,104.49999999999875,-0.327875,-0.327875,current_full_transition_bis02_f2_sh002
t105_mid,105,mid,-0.3146251408133918,CURRENT,full_transition_bis02,2,104,104,True,True,01101000,3.3,0.0,0.0,2.68755e-05,104.49999999999875,-0.314615,-0.314615,current_full_transition_bis02_f2_sh002
t106_mid,106,mid,-0.3013653372216412,CURRENT,full_transition_bis02,2,105,105,True,True,01101001,3.3,0.0,0.0,2.78755e-05,104.49999999999535,-0.301355,-0.301355,current_full_transition_bis02_f2_sh002
t107_mid,107,mid,-0.2881055336298904,CURRENT,full_transition_bis02,2,106,106,True,True,01101010,3.3,0.0,0.0,2.88755e-05,104.49999999999535,-0.288096,-0.288096,current_full_transition_bis02_f2_sh002
t108_mid,108,mid,-0.27484573003813956,CURRENT,full_transition_bis02,2,107,107,True,True,01101011,3.3,0.0,0.0,2.98755e-05,104.49999999999875,-0.274836,-0.274836,current_full_transition_bis02_f2_sh002
t109_mid,109,mid,-0.26158592644638895,CURRENT,full_transition_bis02,2,108,108,True,True,01101100,3.3,0.0,0.0,3.08755e-05,104.49999999999875,-0.261576,-0.261576,current_full_transition_bis02_f2_sh002
t110_mid,110,mid,-0.24832612285463812,CURRENT,full_transition_bis02,2,109,109,True,True,01101101,3.3,0.0,0.0,3.18755e-05,104.49999999999197,-0.248316,-0.248316,current_full_transition_bis02_f2_sh002
t111_mid,111,mid,-0.2350663192628875,CURRENT,full_transition_bis02,2,110,110,True,True,01101110,3.3,0.0,0.0,8.75484e-07,104.51599999999993,-0.235056,-0.235056,current_full_transition_bis02_f2_sh003
t113_mid,113,mid,-0.20854671207938608,CURRENT,full_transition_bis02,2,112,112,True,True,01110000,3.3,0.0,0.0,1.87548e-06,104.52000000000014,-0.208537,-0.208537,current_full_transition_bis02_f2_sh003
t114_mid,114,mid,-0.19528690848763525,CURRENT,full_transition_bis02,2,113,113,True,True,01110001,3.3,0.0,0.0,2.87548e-06,104.51999999999973,-0.195277,-0.195277,current_full_transition_bis02_f2_sh003
t115_mid,115,mid,-0.18202710489588442,CURRENT,full_transition_bis02,2,114,114,True,True,01110010,3.3,0.0,0.0,3.87548e-06,104.52000000000014,-0.182017,-0.182017,current_full_transition_bis02_f2_sh003
t116_mid,116,mid,-0.1687673013041338,CURRENT,full_transition_bis02,2,115,115,True,True,01110011,3.3,0.0,0.0,4.87548e-06,104.52000000000099,-0.168757,-0.168757,current_full_transition_bis02_f2_sh003
t117_mid,117,mid,-0.15550749771238298,CURRENT,full_transition_bis02,2,116,116,True,True,01110100,3.3,0.0,0.0,5.87548e-06,104.52000000000014,-0.155497,-0.155497,current_full_transition_bis02_f2_sh003
t118_mid,118,mid,-0.14224769412063237,CURRENT,full_transition_bis02,2,117,117,True,True,01110101,3.3,0.0,0.0,6.87548e-06,104.52000000000014,-0.142238,-0.142238,current_full_transition_bis02_f2_sh003
t119_mid,119,mid,-0.12898789052888154,CURRENT,full_transition_bis02,2,118,118,True,True,01110110,3.3,0.0,0.0,7.87548e-06,104.52000000000014,-0.128978,-0.128978,current_full_transition_bis02_f2_sh003
t120_mid,120,mid,-0.1157280869371307,CURRENT,full_transition_bis02,2,119,119,True,True,01110111,3.3,0.0,0.0,8.87548e-06,104.52000000000014,-0.115718,-0.115718,current_full_transition_bis02_f2_sh003
t121_mid,121,mid,-0.10246828334538009,CURRENT,full_transition_bis02,2,120,120,True,True,01111000,3.3,0.0,0.0,9.87548e-06,104.52000000000014,-0.102458,-0.102458,current_full_transition_bis02_f2_sh003
t122_mid,122,mid,-0.08920847975362926,CURRENT,full_transition_bis02,2,121,121,True,True,01111001,3.3,0.0,0.0,1.08755e-05,104.50000000000044,-0.0891985,-0.0891985,current_full_transition_bis02_f2_sh003
t123_mid,123,mid,-0.07594867616187866,CURRENT,full_transition_bis02,2,122,122,True,True,01111010,3.3,0.0,0.0,1.18755e-05,104.50000000000044,-0.0759387,-0.0759387,current_full_transition_bis02_f2_sh003
t124_mid,124,mid,-0.06268887257012783,CURRENT,full_transition_bis02,2,123,123,True,True,01111011,3.3,0.0,0.0,1.28755e-05,104.49999999999875,-0.0626789,-0.0626789,current_full_transition_bis02_f2_sh003
t125_mid,125,mid,-0.049429068978377,CURRENT,full_transition_bis02,2,124,124,True,True,01111100,3.3,0.0,0.0,1.38755e-05,104.50000000000044,-0.0494191,-0.0494191,current_full_transition_bis02_f2_sh003
t126_mid,126,mid,-0.03616926538662639,CURRENT,full_transition_bis02,2,125,125,True,True,01111101,3.3,0.0,0.0,1.48755e-05,104.50000000000044,-0.0361593,-0.0361593,current_full_transition_bis02_f2_sh003
t130_mid,130,mid,0.021850417730376704,CURRENT,full_transition_bis02,2,130,130,True,True,10000010,3.3,0.0,0.0,1.58755e-05,104.49999999999875,0.0218604,0.0218604,current_full_transition_bis02_f2_sh003
t131_mid,131,mid,0.03511022132212731,CURRENT,full_transition_bis02,2,131,131,True,True,10000011,3.3,0.0,0.0,1.68755e-05,104.49999999999535,0.0351202,0.0351202,current_full_transition_bis02_f2_sh003
t132_mid,132,mid,0.04837002491387814,CURRENT,full_transition_bis02,2,132,132,True,True,10000100,3.3,0.0,0.0,1.78755e-05,104.49999999999875,0.04838,0.04838,current_full_transition_bis02_f2_sh003
t133_mid,133,mid,0.061629828505628745,CURRENT,full_transition_bis02,2,133,133,True,True,10000101,3.3,0.0,0.0,1.88755e-05,104.49999999999875,0.0616398,0.0616398,current_full_transition_bis02_f2_sh003
t134_mid,134,mid,0.07488963209737957,CURRENT,full_transition_bis02,2,134,134,True,True,10000110,3.3,0.0,0.0,1.98755e-05,104.49999999999875,0.0748996,0.0748996,current_full_transition_bis02_f2_sh003
t135_mid,135,mid,0.0881494356891304,CURRENT,full_transition_bis02,2,135,135,True,True,10000111,3.3,0.0,0.0,2.08755e-05,104.49999999999875,0.0881594,0.0881594,current_full_transition_bis02_f2_sh003
t136_mid,136,mid,0.10140923928088101,CURRENT,full_transition_bis02,2,136,136,True,True,10001000,3.3,0.0,0.0,2.18755e-05,104.49999999999535,0.101419,0.101419,current_full_transition_bis02_f2_sh003
t137_mid,137,mid,0.11466904287263184,CURRENT,full_transition_bis02,2,137,137,True,True,10001001,3.3,0.0,0.0,2.28755e-05,104.49999999999535,0.114679,0.114679,current_full_transition_bis02_f2_sh003
t138_mid,138,mid,0.12792884646438246,CURRENT,full_transition_bis02,2,138,138,True,True,10001010,3.3,0.0,0.0,2.38755e-05,104.49999999999875,0.127939,0.127939,current_full_transition_bis02_f2_sh003
t139_mid,139,mid,0.1411886500561333,CURRENT,full_transition_bis02,2,139,139,True,True,10001011,3.3,0.0,0.0,2.48755e-05,104.49999999999875,0.141199,0.141199,current_full_transition_bis02_f2_sh003
t140_mid,140,mid,0.15444845364788412,CURRENT,full_transition_bis02,2,140,140,True,True,10001100,3.3,0.0,0.0,2.58755e-05,104.49999999999875,0.154458,0.154458,current_full_transition_bis02_f2_sh003
t141_mid,141,mid,0.16770825723963473,CURRENT,full_transition_bis02,2,141,141,True,True,10001101,3.3,0.0,0.0,2.68755e-05,104.49999999999875,0.167718,0.167718,current_full_transition_bis02_f2_sh003
t142_mid,142,mid,0.18096806083138556,CURRENT,full_transition_bis02,2,142,142,True,True,10001110,3.3,0.0,0.0,2.78755e-05,104.49999999999535,0.180978,0.180978,current_full_transition_bis02_f2_sh003
t143_mid,143,mid,0.19422786442313617,CURRENT,full_transition_bis02,2,143,143,True,True,10001111,3.3,0.0,0.0,2.88755e-05,104.49999999999535,0.194238,0.194238,current_full_transition_bis02_f2_sh003
t145_mid,145,mid,0.22074747160663782,CURRENT,full_transition_bis02,2,145,145,True,True,10010001,3.3,0.0,0.0,2.98755e-05,104.49999999999875,0.220757,0.220757,current_full_transition_bis02_f2_sh003
t146_mid,146,mid,0.23400727519838843,CURRENT,full_transition_bis02,2,146,146,True,True,10010010,3.3,0.0,0.0,3.08755e-05,104.49999999999875,0.234017,0.234017,current_full_transition_bis02_f2_sh003
t147_mid,147,mid,0.24726707879013926,CURRENT,full_transition_bis02,2,147,147,True,True,10010011,3.3,0.0,0.0,3.18755e-05,104.49999999999197,0.247277,0.247277,current_full_transition_bis02_f2_sh003
t148_mid,148,mid,0.26052688238188987,CURRENT,full_transition_bis02,2,148,148,True,True,10010100,3.3,0.0,0.0,8.75484e-07,104.51599999999993,0.260537,0.260537,current_full_transition_bis02_f2_sh004
t149_mid,149,mid,0.2737866859736407,CURRENT,full_transition_bis02,2,149,149,True,True,10010101,3.3,0.0,0.0,1.87548e-06,104.52000000000014,0.273797,0.273797,current_full_transition_bis02_f2_sh004
t150_mid,150,mid,0.2870464895653913,CURRENT,full_transition_bis02,2,150,150,True,True,10010110,3.3,0.0,0.0,2.87548e-06,104.51999999999973,0.287057,0.287057,current_full_transition_bis02_f2_sh004
t151_mid,151,mid,0.30030629315714213,CURRENT,full_transition_bis02,2,151,151,True,True,10010111,3.3,0.0,0.0,3.87548e-06,104.52000000000014,0.300316,0.300316,current_full_transition_bis02_f2_sh004
t152_mid,152,mid,0.31356609674889296,CURRENT,full_transition_bis02,2,152,152,True,True,10011000,3.3,0.0,0.0,4.87548e-06,104.52000000000099,0.313576,0.313576,current_full_transition_bis02_f2_sh004
t153_mid,153,mid,0.32682590034064357,CURRENT,full_transition_bis02,2,153,153,True,True,10011001,3.3,0.0,0.0,5.87548e-06,104.52000000000014,0.326836,0.326836,current_full_transition_bis02_f2_sh004
t154_mid,154,mid,0.3400857039323942,CURRENT,full_transition_bis02,2,154,154,True,True,10011010,3.3,0.0,0.0,6.87548e-06,104.52000000000014,0.340096,0.340096,current_full_transition_bis02_f2_sh004
t155_mid,155,mid,0.35334550752414523,CURRENT,full_transition_bis02,2,155,155,True,True,10011011,3.3,0.0,0.0,7.87548e-06,104.52000000000014,0.353356,0.353356,current_full_transition_bis02_f2_sh004
t156_mid,156,mid,0.36660531111589584,CURRENT,full_transition_bis02,2,156,156,True,True,10011100,3.3,0.0,0.0,8.87548e-06,104.52000000000014,0.366615,0.366615,current_full_transition_bis02_f2_sh004
t157_mid,157,mid,0.37986511470764645,CURRENT,full_transition_bis02,2,157,157,True,True,10011101,3.3,0.0,0.0,9.87548e-06,104.52000000000014,0.379875,0.379875,current_full_transition_bis02_f2_sh004
t158_mid,158,mid,0.3931249182993975,CURRENT,full_transition_bis02,2,158,158,True,True,10011110,3.3,0.0,0.0,1.08755e-05,104.50000000000044,0.393135,0.393135,current_full_transition_bis02_f2_sh004
t162_mid,162,mid,0.44616413266640037,CURRENT,full_transition_bis02,2,162,162,True,True,10100010,3.3,0.0,0.0,1.18755e-05,104.50000000000044,0.446174,0.446174,current_full_transition_bis02_f2_sh004
t163_mid,163,mid,0.459423936258151,CURRENT,full_transition_bis02,2,163,163,True,True,10100011,3.3,0.0,0.0,1.28755e-05,104.49999999999875,0.459434,0.459434,current_full_transition_bis02_f2_sh004
t164_mid,164,mid,0.4726837398499016,CURRENT,full_transition_bis02,2,164,164,True,True,10100100,3.3,0.0,0.0,1.38755e-05,104.50000000000044,0.472694,0.472694,current_full_transition_bis02_f2_sh004
t165_mid,165,mid,0.48594354344165264,CURRENT,full_transition_bis02,2,165,165,True,True,10100101,3.3,0.0,0.0,1.48755e-05,104.50000000000044,0.485954,0.485954,current_full_transition_bis02_f2_sh004
t166_mid,166,mid,0.49920334703340324,CURRENT,full_transition_bis02,2,166,166,True,True,10100110,3.3,0.0,0.0,1.58755e-05,104.49999999999875,0.499213,0.499213,current_full_transition_bis02_f2_sh004
t167_mid,167,mid,0.5124631506251538,CURRENT,full_transition_bis02,2,167,167,True,True,10100111,3.3,0.0,0.0,1.68755e-05,104.49999999999535,0.512473,0.512473,current_full_transition_bis02_f2_sh004
t168_mid,168,mid,0.5257229542169048,CURRENT,full_transition_bis02,2,168,168,True,True,10101000,3.3,0.0,0.0,1.78755e-05,104.49999999999875,0.525733,0.525733,current_full_transition_bis02_f2_sh004
t169_mid,169,mid,0.5389827578086555,CURRENT,full_transition_bis02,2,169,169,True,True,10101001,3.3,0.0,0.0,1.88755e-05,104.49999999999875,0.538993,0.538993,current_full_transition_bis02_f2_sh004
t170_mid,170,mid,0.5522425614004061,CURRENT,full_transition_bis02,2,170,170,True,True,10101010,3.3,0.0,0.0,1.98755e-05,104.49999999999875,0.552253,0.552253,current_full_transition_bis02_f2_sh004
t171_mid,171,mid,0.5655023649921567,CURRENT,full_transition_bis02,2,171,171,True,True,10101011,3.3,0.0,0.0,2.08755e-05,104.49999999999875,0.565512,0.565512,current_full_transition_bis02_f2_sh004
t172_mid,172,mid,0.5787621685839077,CURRENT,full_transition_bis02,2,172,172,True,True,10101100,3.3,0.0,0.0,2.18755e-05,104.49999999999535,0.578772,0.578772,current_full_transition_bis02_f2_sh004
t173_mid,173,mid,0.5920219721756583,CURRENT,full_transition_bis02,2,173,173,True,True,10101101,3.3,0.0,0.0,2.28755e-05,104.49999999999535,0.592032,0.592032,current_full_transition_bis02_f2_sh004
t174_mid,174,mid,0.6052817757674089,CURRENT,full_transition_bis02,2,174,174,True,True,10101110,3.3,0.0,0.0,2.38755e-05,104.49999999999875,0.605292,0.605292,current_full_transition_bis02_f2_sh004
t175_mid,175,mid,0.61854157935916,CURRENT,full_transition_bis02,2,175,175,True,True,10101111,3.3,0.0,0.0,2.48755e-05,104.49999999999875,0.618552,0.618552,current_full_transition_bis02_f2_sh004
t177_mid,177,mid,0.6450611865426612,CURRENT,full_transition_bis02,2,177,177,True,True,10110001,3.3,0.0,0.0,2.58755e-05,104.49999999999875,0.645071,0.645071,current_full_transition_bis02_f2_sh004
t178_mid,178,mid,0.6583209901344123,CURRENT,full_transition_bis02,2,178,178,True,True,10110010,3.3,0.0,0.0,2.68755e-05,104.49999999999875,0.658331,0.658331,current_full_transition_bis02_f2_sh004
t179_mid,179,mid,0.6715807937261629,CURRENT,full_transition_bis02,2,179,179,True,True,10110011,3.3,0.0,0.0,2.78755e-05,104.49999999999535,0.671591,0.671591,current_full_transition_bis02_f2_sh004
t180_mid,180,mid,0.6848405973179135,CURRENT,full_transition_bis02,2,180,180,True,True,10110100,3.3,0.0,0.0,2.88755e-05,104.49999999999535,0.684851,0.684851,current_full_transition_bis02_f2_sh004
t181_mid,181,mid,0.6981004009096641,CURRENT,full_transition_bis02,2,181,181,True,True,10110101,3.3,0.0,0.0,2.98755e-05,104.49999999999875,0.698111,0.69811,current_full_transition_bis02_f2_sh004
t182_mid,182,mid,0.7113602045014151,CURRENT,full_transition_bis02,2,182,182,True,True,10110110,3.3,0.0,0.0,3.08755e-05,104.49999999999875,0.71137,0.71137,current_full_transition_bis02_f2_sh004
t183_mid,183,mid,0.7246200080931657,CURRENT,full_transition_bis02,2,183,183,True,True,10110111,3.3,0.0,0.0,3.18755e-05,104.49999999999197,0.72463,0.72463,current_full_transition_bis02_f2_sh004
t184_mid,184,mid,0.7378798116849163,CURRENT,full_transition_bis02,2,184,184,True,True,10111000,3.3,0.0,0.0,8.75483e-07,104.51699999999995,0.73789,0.73789,current_full_transition_bis02_f2_sh005
t185_mid,185,mid,0.7511396152766674,CURRENT,full_transition_bis02,2,185,185,True,True,10111001,3.3,0.0,0.0,1.87548e-06,104.52000000000014,0.75115,0.75115,current_full_transition_bis02_f2_sh005
t186_mid,186,mid,0.764399418868418,CURRENT,full_transition_bis02,2,186,186,True,True,10111010,3.3,0.0,0.0,2.87548e-06,104.51999999999973,0.76441,0.764409,current_full_transition_bis02_f2_sh005
t187_mid,187,mid,0.7776592224601686,CURRENT,full_transition_bis02,2,187,187,True,True,10111011,3.3,0.0,0.0,3.87548e-06,104.52000000000014,0.777669,0.777669,current_full_transition_bis02_f2_sh005
t188_mid,188,mid,0.7909190260519197,CURRENT,full_transition_bis02,2,188,188,True,True,10111100,3.3,0.0,0.0,4.87548e-06,104.52000000000099,0.790929,0.790929,current_full_transition_bis02_f2_sh005
t189_mid,189,mid,0.8041788296436703,CURRENT,full_transition_bis02,2,189,189,True,True,10111101,3.3,0.0,0.0,5.87548e-06,104.52000000000014,0.804189,0.804189,current_full_transition_bis02_f2_sh005
t194_mid,194,mid,0.8654973788524238,CURRENT,full_transition_bis02,2,193,193,True,True,11000001,3.3,0.0,0.0,6.87548e-06,104.52000000000014,0.865507,0.865507,current_full_transition_bis02_f2_sh005
t195_mid,195,mid,0.8787571824441749,CURRENT,full_transition_bis02,2,194,194,True,True,11000010,3.3,0.0,0.0,7.87548e-06,104.52000000000014,0.878767,0.878767,current_full_transition_bis02_f2_sh005
t196_mid,196,mid,0.8920169860359255,CURRENT,full_transition_bis02,2,195,195,True,True,11000011,3.3,0.0,0.0,8.87548e-06,104.52000000000014,0.892027,0.892027,current_full_transition_bis02_f2_sh005
t197_mid,197,mid,0.910257258377676,CURRENT,full_transition_bis02,2,197,197,True,True,11000101,3.3,0.0,0.0,9.87548e-06,104.52000000000014,0.910267,0.910267,current_full_transition_bis02_f2_sh005
t198_mid,198,mid,0.9235170619694266,CURRENT,full_transition_bis02,2,198,198,True,True,11000110,3.3,0.0,0.0,1.08755e-05,104.50000000000044,0.923527,0.923527,current_full_transition_bis02_f2_sh005
t199_mid,199,mid,0.9367768655611777,CURRENT,full_transition_bis02,2,199,199,True,True,11000111,3.3,0.0,0.0,1.18755e-05,104.50000000000044,0.936787,0.936787,current_full_transition_bis02_f2_sh005
t200_mid,200,mid,0.9450562004029284,CURRENT,full_transition_bis02,2,199,199,True,True,11000111,3.3,0.0,0.0,1.28755e-05,104.49999999999875,0.945066,0.945066,current_full_transition_bis02_f2_sh005
t201_mid,201,mid,0.9632964727446789,CURRENT,full_transition_bis02,2,201,201,True,True,11001001,3.3,0.0,0.0,1.38755e-05,104.50000000000044,0.963307,0.963306,current_full_transition_bis02_f2_sh005
t202_mid,202,mid,0.9765562763364299,CURRENT,full_transition_bis02,2,202,202,True,True,11001010,3.3,0.0,0.0,1.48755e-05,104.50000000000044,0.976566,0.976566,current_full_transition_bis02_f2_sh005
t203_mid,203,mid,0.9898160799281805,CURRENT,full_transition_bis02,2,203,203,True,True,11001011,3.3,0.0,0.0,1.58755e-05,104.49999999999875,0.989826,0.989826,current_full_transition_bis02_f2_sh005
t204_mid,204,mid,1.0030758835199312,CURRENT,full_transition_bis02,2,204,204,True,True,11001100,3.3,0.0,0.0,1.68755e-05,104.49999999999535,1.00309,1.00309,current_full_transition_bis02_f2_sh005
t205_mid,205,mid,1.0163356871116822,CURRENT,full_transition_bis02,2,205,205,True,True,11001101,3.3,0.0,0.0,1.78755e-05,104.49999999999875,1.01635,1.01635,current_full_transition_bis02_f2_sh005
t206_mid,206,mid,1.0295954907034328,CURRENT,full_transition_bis02,2,206,206,True,True,11001110,3.3,0.0,0.0,1.88755e-05,104.49999999999875,1.02961,1.02961,current_full_transition_bis02_f2_sh005
t207_mid,207,mid,1.0428552942951834,CURRENT,full_transition_bis02,2,207,207,True,True,11001111,3.3,0.0,0.0,1.98755e-05,104.49999999999875,1.04287,1.04287,current_full_transition_bis02_f2_sh005
t209_mid,209,mid,1.0643944327286852,CURRENT,full_transition_bis02,2,208,208,True,True,11010000,3.3,0.0,0.0,2.08755e-05,104.49999999999875,1.0644,1.0644,current_full_transition_bis02_f2_sh005
t210_mid,210,mid,1.0776542363204358,CURRENT,full_transition_bis02,2,209,209,True,True,11010001,3.3,0.0,0.0,2.18755e-05,104.49999999999535,1.07766,1.07766,current_full_transition_bis02_f2_sh005
t211_mid,211,mid,1.0909140399121864,CURRENT,full_transition_bis02,2,210,210,True,True,11010010,3.3,0.0,0.0,2.28755e-05,104.49999999999535,1.09092,1.09092,current_full_transition_bis02_f2_sh005
t212_mid,212,mid,1.1041738435039374,CURRENT,full_transition_bis02,2,211,211,True,True,11010011,3.3,0.0,0.0,2.38755e-05,104.49999999999875,1.10418,1.10418,current_full_transition_bis02_f2_sh005
t213_mid,213,mid,1.122414115845688,CURRENT,full_transition_bis02,2,213,213,True,True,11010101,3.3,0.0,0.0,2.48755e-05,104.49999999999875,1.12242,1.12242,current_full_transition_bis02_f2_sh005
t214_mid,214,mid,1.1306934506874387,CURRENT,full_transition_bis02,2,213,213,True,True,11010101,3.3,0.0,0.0,2.58755e-05,104.49999999999875,1.1307,1.1307,current_full_transition_bis02_f2_sh005
t215_mid,215,mid,1.1439532542791897,CURRENT,full_transition_bis02,2,214,214,True,True,11010110,3.3,0.0,0.0,2.68755e-05,104.49999999999875,1.14396,1.14396,current_full_transition_bis02_f2_sh005
t216_mid,216,mid,1.1572130578709403,CURRENT,full_transition_bis02,2,215,215,True,True,11010111,3.3,0.0,0.0,2.78755e-05,104.49999999999535,1.15722,1.15722,current_full_transition_bis02_f2_sh005
t217_mid,217,mid,1.1754533302126908,CURRENT,full_transition_bis02,2,217,217,True,True,11011001,3.3,0.0,0.0,2.88755e-05,104.49999999999535,1.17546,1.17546,current_full_transition_bis02_f2_sh005
t218_mid,218,mid,1.1887131338044414,CURRENT,full_transition_bis02,2,218,218,True,True,11011010,3.3,0.0,0.0,2.98755e-05,104.49999999999875,1.18872,1.18872,current_full_transition_bis02_f2_sh005
t219_mid,219,mid,1.1969924686461926,CURRENT,full_transition_bis02,2,218,218,True,True,11011010,3.3,0.0,0.0,3.08755e-05,104.49999999999875,1.197,1.197,current_full_transition_bis02_f2_sh005
t220_mid,220,mid,1.215232740987943,CURRENT,full_transition_bis02,2,220,220,True,True,11011100,3.3,0.0,0.0,3.18755e-05,104.49999999999197,1.21524,1.21524,current_full_transition_bis02_f2_sh005
t221_mid,221,mid,1.2284925445796937,CURRENT,full_transition_bis02,2,221,221,True,True,11011101,3.3,0.0,0.0,8.75482e-07,104.51799999999999,1.2285,1.2285,current_full_transition_bis02_f2_sh006
t222_mid,222,mid,1.2417523481714448,CURRENT,full_transition_bis02,2,222,222,True,True,11011110,3.3,0.0,0.0,1.87548e-06,104.52000000000014,1.24176,1.24176,current_full_transition_bis02_f2_sh006
t226_mid,226,mid,1.2898110937884477,CURRENT,full_transition_bis02,2,225,225,True,True,11100001,3.3,0.0,0.0,2.87548e-06,104.51999999999973,1.28982,1.28982,current_full_transition_bis02_f2_sh006
t227_mid,227,mid,1.3030708973801983,CURRENT,full_transition_bis02,2,226,226,True,True,11100010,3.3,0.0,0.0,3.87548e-06,104.52000000000014,1.30308,1.30308,current_full_transition_bis02_f2_sh006
t228_mid,228,mid,1.316330700971949,CURRENT,full_transition_bis02,2,227,227,True,True,11100011,3.3,0.0,0.0,4.87548e-06,104.52000000000099,1.31634,1.31634,current_full_transition_bis02_f2_sh006
t229_mid,229,mid,1.3295905045637,CURRENT,full_transition_bis02,2,228,228,True,True,11100100,3.3,0.0,0.0,5.87548e-06,104.52000000000014,1.3296,1.3296,current_full_transition_bis02_f2_sh006
t230_mid,230,mid,1.3428503081554506,CURRENT,full_transition_bis02,2,229,229,True,True,11100101,3.3,0.0,0.0,6.87548e-06,104.52000000000014,1.34286,1.34286,current_full_transition_bis02_f2_sh006
t231_mid,231,mid,1.3561101117472012,CURRENT,full_transition_bis02,2,230,230,True,True,11100110,3.3,0.0,0.0,7.87548e-06,104.52000000000014,1.35612,1.35612,current_full_transition_bis02_f2_sh006
t232_mid,232,mid,1.3693699153389522,CURRENT,full_transition_bis02,2,231,231,True,True,11100111,3.3,0.0,0.0,8.87548e-06,104.52000000000014,1.36938,1.36938,current_full_transition_bis02_f2_sh006
t233_mid,233,mid,1.3876101876807028,CURRENT,full_transition_bis02,2,233,233,True,True,11101001,3.3,0.0,0.0,9.87548e-06,104.52000000000014,1.38762,1.38762,current_full_transition_bis02_f2_sh006
t234_mid,234,mid,1.3958895225224535,CURRENT,full_transition_bis02,2,233,233,True,True,11101001,3.3,0.0,0.0,1.08755e-05,104.50000000000044,1.3959,1.3959,current_full_transition_bis02_f2_sh006
t235_mid,235,mid,1.409149326114204,CURRENT,full_transition_bis02,2,234,234,True,True,11101010,3.3,0.0,0.0,1.18755e-05,104.50000000000044,1.40916,1.40916,current_full_transition_bis02_f2_sh006
t236_mid,236,mid,1.427389598455955,CURRENT,full_transition_bis02,2,236,236,True,True,11101100,3.3,0.0,0.0,1.28755e-05,104.49999999999875,1.4274,1.4274,current_full_transition_bis02_f2_sh006
t237_mid,237,mid,1.4406494020477056,CURRENT,full_transition_bis02,2,237,237,True,True,11101101,3.3,0.0,0.0,1.38755e-05,104.50000000000044,1.44066,1.44066,current_full_transition_bis02_f2_sh006
t238_mid,238,mid,1.4539092056394562,CURRENT,full_transition_bis02,2,238,238,True,True,11101110,3.3,0.0,0.0,1.48755e-05,104.50000000000044,1.45392,1.45392,current_full_transition_bis02_f2_sh006
t239_mid,239,mid,1.4671690092312073,CURRENT,full_transition_bis02,2,239,239,True,True,11101111,3.3,0.0,0.0,1.58755e-05,104.49999999999875,1.46718,1.46718,current_full_transition_bis02_f2_sh006
t240_mid,240,mid,1.475448344072958,CURRENT,full_transition_bis02,2,239,239,True,True,11101111,3.3,0.0,0.0,1.68755e-05,104.49999999999535,1.47546,1.47546,current_full_transition_bis02_f2_sh006
t241_mid,241,mid,1.4887081476647086,CURRENT,full_transition_bis02,2,240,240,True,True,11110000,3.3,0.0,0.0,1.78755e-05,104.49999999999875,1.48872,1.48872,current_full_transition_bis02_f2_sh006
t242_mid,242,mid,1.5019679512564597,CURRENT,full_transition_bis02,2,241,241,True,True,11110001,3.3,0.0,0.0,1.88755e-05,104.49999999999875,1.50198,1.50198,current_full_transition_bis02_f2_sh006
t243_mid,243,mid,1.5152277548482103,CURRENT,full_transition_bis02,2,242,242,True,True,11110010,3.3,0.0,0.0,1.98755e-05,104.49999999999875,1.51524,1.51524,current_full_transition_bis02_f2_sh006
t244_mid,244,mid,1.5284875584399609,CURRENT,full_transition_bis02,2,243,243,True,True,11110011,3.3,0.0,0.0,2.08755e-05,104.49999999999875,1.5285,1.5285,current_full_transition_bis02_f2_sh006
t245_mid,245,mid,1.5417473620317115,CURRENT,full_transition_bis02,2,244,244,True,True,11110100,3.3,0.0,0.0,2.18755e-05,104.49999999999535,1.54176,1.54176,current_full_transition_bis02_f2_sh006
t246_mid,246,mid,1.5550071656234625,CURRENT,full_transition_bis02,2,245,245,True,True,11110101,3.3,0.0,0.0,2.28755e-05,104.49999999999535,1.55502,1.55502,current_full_transition_bis02_f2_sh006
t247_mid,247,mid,1.5682669692152131,CURRENT,full_transition_bis02,2,246,246,True,True,11110110,3.3,0.0,0.0,2.38755e-05,104.49999999999875,1.56828,1.56828,current_full_transition_bis02_f2_sh006
t248_mid,248,mid,1.5815267728069637,CURRENT,full_transition_bis02,2,247,247,True,True,11110111,3.3,0.0,0.0,2.48755e-05,104.49999999999875,1.58154,1.58154,current_full_transition_bis02_f2_sh006
t249_mid,249,mid,1.5947865763987148,CURRENT,full_transition_bis02,2,248,248,True,True,11111000,3.3,0.0,0.0,2.58755e-05,104.49999999999875,1.5948,1.5948,current_full_transition_bis02_f2_sh006
t250_mid,250,mid,1.6080463799904654,CURRENT,full_transition_bis02,2,249,249,True,True,11111001,3.3,0.0,0.0,2.68755e-05,104.49999999999875,1.60806,1.60806,current_full_transition_bis02_f2_sh006
t251_mid,251,mid,1.621306183582216,CURRENT,full_transition_bis02,2,250,250,True,True,11111010,3.3,0.0,0.0,2.78755e-05,104.49999999999535,1.62132,1.62132,current_full_transition_bis02_f2_sh006
t252_mid,252,mid,1.634565987173967,CURRENT,full_transition_bis02,2,251,251,True,True,11111011,3.3,0.0,0.0,2.88755e-05,104.49999999999535,1.63458,1.63458,current_full_transition_bis02_f2_sh006
t253_mid,253,mid,1.6528062595157176,CURRENT,full_transition_bis02,2,253,253,True,True,11111101,3.3,0.0,0.0,2.98755e-05,104.49999999999875,1.65282,1.65282,current_full_transition_bis02_f2_sh006
t254_mid,254,mid,1.6610855943574683,CURRENT,full_transition_bis02,2,253,253,True,True,11111101,3.3,0.0,0.0,3.08755e-05,104.49999999999875,1.6611,1.6611,current_full_transition_bis02_f2_sh006
t039_mid,39,mid,-1.1885270606814409,CURRENT,full_transition_bis03,2,38,38,True,True,00100110,3.3,0.0,0.0,8.75484e-07,104.51599999999993,-1.18852,-1.18852,current_full_transition_bis03_f2_sh001
t040_mid,40,mid,-1.1752672570896898,CURRENT,full_transition_bis03,2,39,39,True,True,00100111,3.3,0.0,0.0,1.87548e-06,104.52000000000014,-1.17526,-1.17526,current_full_transition_bis03_f2_sh001
t041_mid,41,mid,-1.159517219122939,CURRENT,full_transition_bis03,2,41,41,True,True,00101001,3.3,0.0,0.0,2.87548e-06,104.51999999999973,-1.15951,-1.15951,current_full_transition_bis03_f2_sh001
t042_mid,42,mid,-1.1487476499061886,CURRENT,full_transition_bis03,2,41,41,True,True,00101001,3.3,0.0,0.0,3.87548e-06,104.52000000000014,-1.14874,-1.14874,current_full_transition_bis03_f2_sh001
t043_mid,43,mid,-1.1354878463144376,CURRENT,full_transition_bis03,2,42,42,True,True,00101010,3.3,0.0,0.0,4.87548e-06,104.52000000000099,-1.13548,-1.13548,current_full_transition_bis03_f2_sh001
t044_mid,44,mid,-1.1197378083476868,CURRENT,full_transition_bis03,2,44,44,True,True,00101100,3.3,0.0,0.0,5.87548e-06,104.52000000000014,-1.11973,-1.11973,current_full_transition_bis03_f2_sh001
t045_mid,45,mid,-1.1064780047559362,CURRENT,full_transition_bis03,2,45,45,True,True,00101101,3.3,0.0,0.0,6.87548e-06,104.52000000000014,-1.10647,-1.10647,current_full_transition_bis03_f2_sh001
t046_mid,46,mid,-1.0932182011641856,CURRENT,full_transition_bis03,2,46,46,True,True,00101110,3.3,0.0,0.0,7.87548e-06,104.52000000000014,-1.09321,-1.09321,current_full_transition_bis03_f2_sh001
t047_mid,47,mid,-1.0799583975724345,CURRENT,full_transition_bis03,2,47,47,True,True,00101111,3.3,0.0,0.0,8.87548e-06,104.52000000000014,-1.07995,-1.07995,current_full_transition_bis03_f2_sh001
t049_mid,49,mid,-1.0559290247639335,CURRENT,full_transition_bis03,2,48,48,True,True,00110000,3.3,0.0,0.0,9.87548e-06,104.52000000000014,-1.05592,-1.05592,current_full_transition_bis03_f2_sh001
t050_mid,50,mid,-1.0426692211721824,CURRENT,full_transition_bis03,2,49,49,True,True,00110001,3.3,0.0,0.0,1.08755e-05,104.50000000000044,-1.04266,-1.04266,current_full_transition_bis03_f2_sh001
t051_mid,51,mid,-1.0294094175804318,CURRENT,full_transition_bis03,2,50,50,True,True,00110010,3.3,0.0,0.0,1.18755e-05,104.50000000000044,-1.0294,-1.0294,current_full_transition_bis03_f2_sh001
t052_mid,52,mid,-1.0161496139886812,CURRENT,full_transition_bis03,2,51,51,True,True,00110011,3.3,0.0,0.0,1.28755e-05,104.49999999999875,-1.01614,-1.01614,current_full_transition_bis03_f2_sh001
t053_mid,53,mid,-1.0028898103969301,CURRENT,full_transition_bis03,2,52,52,True,True,00110100,3.3,0.0,0.0,1.38755e-05,104.50000000000044,-1.00288,-1.00288,current_full_transition_bis03_f2_sh001
t054_mid,54,mid,-0.9896300068051795,CURRENT,full_transition_bis03,2,53,53,True,True,00110101,3.3,0.0,0.0,1.48755e-05,104.50000000000044,-0.98962,-0.98962,current_full_transition_bis03_f2_sh001
t055_mid,55,mid,-0.9763702032134288,CURRENT,full_transition_bis03,2,54,54,True,True,00110110,3.3,0.0,0.0,1.58755e-05,104.49999999999875,-0.97636,-0.97636,current_full_transition_bis03_f2_sh001
t056_mid,56,mid,-0.9631103996216781,CURRENT,full_transition_bis03,2,55,55,True,True,00110111,3.3,0.0,0.0,1.68755e-05,104.49999999999535,-0.9631,-0.9631,current_full_transition_bis03_f2_sh001
t057_mid,57,mid,-0.9498505960299274,CURRENT,full_transition_bis03,2,56,56,True,True,00111000,3.3,0.0,0.0,1.78755e-05,104.49999999999875,-0.949841,-0.949841,current_full_transition_bis03_f2_sh001
t058_mid,58,mid,-0.9365907924381766,CURRENT,full_transition_bis03,2,57,57,True,True,00111001,3.3,0.0,0.0,1.88755e-05,104.49999999999875,-0.936581,-0.936581,current_full_transition_bis03_f2_sh001
t059_mid,59,mid,-0.9233309888464258,CURRENT,full_transition_bis03,2,58,58,True,True,00111010,3.3,0.0,0.0,1.98755e-05,104.49999999999875,-0.923321,-0.923321,current_full_transition_bis03_f2_sh001
t060_mid,60,mid,-0.9100711852546751,CURRENT,full_transition_bis03,2,59,59,True,True,00111011,3.3,0.0,0.0,2.08755e-05,104.49999999999875,-0.910061,-0.910061,current_full_transition_bis03_f2_sh001
t061_mid,61,mid,-0.8943211472879244,CURRENT,full_transition_bis03,2,61,61,True,True,00111101,3.3,0.0,0.0,2.18755e-05,104.49999999999535,-0.894311,-0.894311,current_full_transition_bis03_f2_sh001
t062_mid,62,mid,-0.8835515780711737,CURRENT,full_transition_bis03,2,61,61,True,True,00111101,3.3,0.0,0.0,2.28755e-05,104.49999999999535,-0.883542,-0.883542,current_full_transition_bis03_f2_sh001
t066_mid,66,mid,-0.8305123637041707,CURRENT,full_transition_bis03,2,65,65,True,True,01000001,3.3,0.0,0.0,2.38755e-05,104.49999999999875,-0.830503,-0.830502,current_full_transition_bis03_f2_sh001
t067_mid,67,mid,-0.81725256011242,CURRENT,full_transition_bis03,2,66,66,True,True,01000010,3.3,0.0,0.0,2.48755e-05,104.49999999999875,-0.817243,-0.817243,current_full_transition_bis03_f2_sh001
t068_mid,68,mid,-0.8039927565206691,CURRENT,full_transition_bis03,2,67,67,True,True,01000011,3.3,0.0,0.0,2.58755e-05,104.49999999999875,-0.803983,-0.803983,current_full_transition_bis03_f2_sh001
t069_mid,69,mid,-0.7907329529289184,CURRENT,full_transition_bis03,2,68,68,True,True,01000100,3.3,0.0,0.0,2.68755e-05,104.49999999999875,-0.790723,-0.790723,current_full_transition_bis03_f2_sh001
t070_mid,70,mid,-0.7774731493371677,CURRENT,full_transition_bis03,2,69,69,True,True,01000101,3.3,0.0,0.0,2.78755e-05,104.49999999999535,-0.777463,-0.777463,current_full_transition_bis03_f2_sh001
t071_mid,71,mid,-0.764213345745417,CURRENT,full_transition_bis03,2,70,70,True,True,01000110,3.3,0.0,0.0,2.88755e-05,104.49999999999535,-0.764203,-0.764203,current_full_transition_bis03_f2_sh001
t072_mid,72,mid,-0.7509535421536663,CURRENT,full_transition_bis03,2,71,71,True,True,01000111,3.3,0.0,0.0,2.98755e-05,104.49999999999875,-0.750944,-0.750944,current_full_transition_bis03_f2_sh001
t073_mid,73,mid,-0.7376937385619154,CURRENT,full_transition_bis03,2,72,72,True,True,01001000,3.3,0.0,0.0,3.08755e-05,104.49999999999875,-0.737684,-0.737684,current_full_transition_bis03_f2_sh001
t074_mid,74,mid,-0.7244339349701647,CURRENT,full_transition_bis03,2,73,73,True,True,01001001,3.3,0.0,0.0,3.18755e-05,104.49999999999197,-0.724424,-0.724424,current_full_transition_bis03_f2_sh001
t003_mid,3,mid,-1.6658799899844672,CURRENT,full_transition_bis03,2,2,2,True,True,00000010,3.3,0.0,0.0,8.75483e-07,104.51699999999995,-1.66587,-1.66587,current_full_transition_bis03_f2_sh000
t004_mid,4,mid,-1.6526201863927166,CURRENT,full_transition_bis03,2,3,3,True,True,00000011,3.3,0.0,0.0,1.87548e-06,104.52000000000014,-1.65261,-1.65261,current_full_transition_bis03_f2_sh000
t005_mid,5,mid,-1.6368701484259658,CURRENT,full_transition_bis03,2,5,5,True,True,00000101,3.3,0.0,0.0,2.87548e-06,104.51999999999973,-1.63686,-1.63686,current_full_transition_bis03_f2_sh000
t006_mid,6,mid,-1.6236103448342152,CURRENT,full_transition_bis03,2,6,6,True,True,00000110,3.3,0.0,0.0,3.87548e-06,104.52000000000014,-1.6236,-1.6236,current_full_transition_bis03_f2_sh000
t007_mid,7,mid,-1.6103505412424641,CURRENT,full_transition_bis03,2,7,7,True,True,00000111,3.3,0.0,0.0,4.87548e-06,104.52000000000099,-1.61034,-1.61034,current_full_transition_bis03_f2_sh000
t008_mid,8,mid,-1.5995809720257137,CURRENT,full_transition_bis03,2,7,7,True,True,00000111,3.3,0.0,0.0,5.87548e-06,104.52000000000014,-1.59957,-1.59957,current_full_transition_bis03_f2_sh000
t009_mid,9,mid,-1.583830934058963,CURRENT,full_transition_bis03,2,9,9,True,True,00001001,3.3,0.0,0.0,6.87548e-06,104.52000000000014,-1.58382,-1.58382,current_full_transition_bis03_f2_sh000
t010_mid,10,mid,-1.5705711304672123,CURRENT,full_transition_bis03,2,10,10,True,True,00001010,3.3,0.0,0.0,7.87548e-06,104.52000000000014,-1.57056,-1.57056,current_full_transition_bis03_f2_sh000
t011_mid,11,mid,-1.5573113268754613,CURRENT,full_transition_bis03,2,11,11,True,True,00001011,3.3,0.0,0.0,8.87548e-06,104.52000000000014,-1.5573,-1.5573,current_full_transition_bis03_f2_sh000
t012_mid,12,mid,-1.5440515232837106,CURRENT,full_transition_bis03,2,12,12,True,True,00001100,3.3,0.0,0.0,9.87548e-06,104.52000000000014,-1.54404,-1.54404,current_full_transition_bis03_f2_sh000
t013_mid,13,mid,-1.53079171969196,CURRENT,full_transition_bis03,2,13,13,True,True,00001101,3.3,0.0,0.0,1.08755e-05,104.50000000000044,-1.53078,-1.53078,current_full_transition_bis03_f2_sh000
t014_mid,14,mid,-1.517531916100209,CURRENT,full_transition_bis03,2,14,14,True,True,00001110,3.3,0.0,0.0,1.18755e-05,104.50000000000044,-1.51752,-1.51752,current_full_transition_bis03_f2_sh000
t015_mid,15,mid,-1.5042721125084584,CURRENT,full_transition_bis03,2,15,15,True,True,00001111,3.3,0.0,0.0,1.28755e-05,104.49999999999875,-1.50426,-1.50426,current_full_transition_bis03_f2_sh000
t017_mid,17,mid,-1.480242739699957,CURRENT,full_transition_bis03,2,16,16,True,True,00010000,3.3,0.0,0.0,1.38755e-05,104.50000000000044,-1.48023,-1.48023,current_full_transition_bis03_f2_sh000
t018_mid,18,mid,-1.4669829361082063,CURRENT,full_transition_bis03,2,17,17,True,True,00010001,3.3,0.0,0.0,1.48755e-05,104.50000000000044,-1.46697,-1.46697,current_full_transition_bis03_f2_sh000
t019_mid,19,mid,-1.4537231325164552,CURRENT,full_transition_bis03,2,18,18,True,True,00010010,3.3,0.0,0.0,1.58755e-05,104.49999999999875,-1.45371,-1.45371,current_full_transition_bis03_f2_sh000
t020_mid,20,mid,-1.4404633289247046,CURRENT,full_transition_bis03,2,19,19,True,True,00010011,3.3,0.0,0.0,1.68755e-05,104.49999999999535,-1.44045,-1.44045,current_full_transition_bis03_f2_sh000
t021_mid,21,mid,-1.4247132909579538,CURRENT,full_transition_bis03,2,21,21,True,True,00010101,3.3,0.0,0.0,1.78755e-05,104.49999999999875,-1.4247,-1.4247,current_full_transition_bis03_f2_sh000
t022_mid,22,mid,-1.4139437217412034,CURRENT,full_transition_bis03,2,21,21,True,True,00010101,3.3,0.0,0.0,1.88755e-05,104.49999999999875,-1.41393,-1.41393,current_full_transition_bis03_f2_sh000
t023_mid,23,mid,-1.4006839181494524,CURRENT,full_transition_bis03,2,22,22,True,True,00010110,3.3,0.0,0.0,1.98755e-05,104.49999999999875,-1.40067,-1.40067,current_full_transition_bis03_f2_sh000
t024_mid,24,mid,-1.3874241145577018,CURRENT,full_transition_bis03,2,23,23,True,True,00010111,3.3,0.0,0.0,2.08755e-05,104.49999999999875,-1.38741,-1.38741,current_full_transition_bis03_f2_sh000
t025_mid,25,mid,-1.371674076590951,CURRENT,full_transition_bis03,2,25,25,True,True,00011001,3.3,0.0,0.0,2.18755e-05,104.49999999999535,-1.37166,-1.37166,current_full_transition_bis03_f2_sh000
t026_mid,26,mid,-1.3584142729992004,CURRENT,full_transition_bis03,2,26,26,True,True,00011010,3.3,0.0,0.0,2.28755e-05,104.49999999999535,-1.3584,-1.3584,current_full_transition_bis03_f2_sh000
t027_mid,27,mid,-1.3476447037824495,CURRENT,full_transition_bis03,2,26,26,True,True,00011010,3.3,0.0,0.0,2.38755e-05,104.49999999999875,-1.34763,-1.34763,current_full_transition_bis03_f2_sh000
t028_mid,28,mid,-1.3318946658156987,CURRENT,full_transition_bis03,2,28,28,True,True,00011100,3.3,0.0,0.0,2.48755e-05,104.49999999999875,-1.33188,-1.33188,current_full_transition_bis03_f2_sh000
t029_mid,29,mid,-1.318634862223948,CURRENT,full_transition_bis03,2,29,29,True,True,00011101,3.3,0.0,0.0,2.58755e-05,104.49999999999875,-1.31862,-1.31862,current_full_transition_bis03_f2_sh000
t030_mid,30,mid,-1.3053750586321975,CURRENT,full_transition_bis03,2,30,30,True,True,00011110,3.3,0.0,0.0,2.68755e-05,104.49999999999875,-1.30537,-1.30537,current_full_transition_bis03_f2_sh000
t034_mid,34,mid,-1.2548260786401944,CURRENT,full_transition_bis03,2,33,33,True,True,00100001,3.3,0.0,0.0,2.78755e-05,104.49999999999535,-1.25482,-1.25482,current_full_transition_bis03_f2_sh000
t035_mid,35,mid,-1.2415662750484437,CURRENT,full_transition_bis03,2,34,34,True,True,00100010,3.3,0.0,0.0,2.88755e-05,104.49999999999535,-1.24156,-1.24156,current_full_transition_bis03_f2_sh000
t036_mid,36,mid,-1.2283064714566927,CURRENT,full_transition_bis03,2,35,35,True,True,00100011,3.3,0.0,0.0,2.98755e-05,104.49999999999875,-1.2283,-1.2283,current_full_transition_bis03_f2_sh000
t037_mid,37,mid,-1.212556433489942,CURRENT,full_transition_bis03,2,37,37,True,True,00100101,3.3,0.0,0.0,3.08755e-05,104.49999999999875,-1.21255,-1.21255,current_full_transition_bis03_f2_sh000
t038_mid,38,mid,-1.2017868642731915,CURRENT,full_transition_bis03,2,37,37,True,True,00100101,3.3,0.0,0.0,3.18755e-05,104.49999999999197,-1.20178,-1.20178,current_full_transition_bis03_f2_sh000
t075_mid,75,mid,-0.711174131378414,CURRENT,full_transition_bis03,2,74,74,True,True,01001010,3.3,0.0,0.0,8.75483e-07,104.51699999999995,-0.711164,-0.711164,current_full_transition_bis03_f2_sh002
t076_mid,76,mid,-0.6979143277866633,CURRENT,full_transition_bis03,2,75,75,True,True,01001011,3.3,0.0,0.0,1.87548e-06,104.52000000000014,-0.697904,-0.697904,current_full_transition_bis03_f2_sh002
t077_mid,77,mid,-0.6846545241949126,CURRENT,full_transition_bis03,2,76,76,True,True,01001100,3.3,0.0,0.0,2.87548e-06,104.51999999999973,-0.684645,-0.684645,current_full_transition_bis03_f2_sh002
t078_mid,78,mid,-0.6713947206031617,CURRENT,full_transition_bis03,2,77,77,True,True,01001101,3.3,0.0,0.0,3.87548e-06,104.52000000000014,-0.671385,-0.671385,current_full_transition_bis03_f2_sh002
t079_mid,79,mid,-0.6581349170114111,CURRENT,full_transition_bis03,2,78,78,True,True,01001110,3.3,0.0,0.0,4.87548e-06,104.52000000000099,-0.658125,-0.658125,current_full_transition_bis03_f2_sh002
t081_mid,81,mid,-0.6316153098279095,CURRENT,full_transition_bis03,2,80,80,True,True,01010000,3.3,0.0,0.0,5.87548e-06,104.52000000000014,-0.631605,-0.631605,current_full_transition_bis03_f2_sh002
t082_mid,82,mid,-0.6183555062361589,CURRENT,full_transition_bis03,2,81,81,True,True,01010001,3.3,0.0,0.0,6.87548e-06,104.52000000000014,-0.618346,-0.618346,current_full_transition_bis03_f2_sh002
t083_mid,83,mid,-0.605095702644408,CURRENT,full_transition_bis03,2,82,82,True,True,01010010,3.3,0.0,0.0,7.87548e-06,104.52000000000014,-0.605086,-0.605086,current_full_transition_bis03_f2_sh002
t084_mid,84,mid,-0.5918358990526574,CURRENT,full_transition_bis03,2,83,83,True,True,01010011,3.3,0.0,0.0,8.87548e-06,104.52000000000014,-0.591826,-0.591826,current_full_transition_bis03_f2_sh002
t085_mid,85,mid,-0.5785760954609066,CURRENT,full_transition_bis03,2,84,84,True,True,01010100,3.3,0.0,0.0,9.87548e-06,104.52000000000014,-0.578566,-0.578566,current_full_transition_bis03_f2_sh002
t086_mid,86,mid,-0.565316291869156,CURRENT,full_transition_bis03,2,85,85,True,True,01010101,3.3,0.0,0.0,1.08755e-05,104.50000000000044,-0.565306,-0.565306,current_full_transition_bis03_f2_sh002
t087_mid,87,mid,-0.5520564882774052,CURRENT,full_transition_bis03,2,86,86,True,True,01010110,3.3,0.0,0.0,1.18755e-05,104.50000000000044,-0.552047,-0.552047,current_full_transition_bis03_f2_sh002
t088_mid,88,mid,-0.5387966846856543,CURRENT,full_transition_bis03,2,87,87,True,True,01010111,3.3,0.0,0.0,1.28755e-05,104.49999999999875,-0.538787,-0.538787,current_full_transition_bis03_f2_sh002
t089_mid,89,mid,-0.5255368810939037,CURRENT,full_transition_bis03,2,88,88,True,True,01011000,3.3,0.0,0.0,1.38755e-05,104.50000000000044,-0.525527,-0.525527,current_full_transition_bis03_f2_sh002
t090_mid,90,mid,-0.5122770775021529,CURRENT,full_transition_bis03,2,89,89,True,True,01011001,3.3,0.0,0.0,1.48755e-05,104.50000000000044,-0.512267,-0.512267,current_full_transition_bis03_f2_sh002
t091_mid,91,mid,-0.4990172739104023,CURRENT,full_transition_bis03,2,90,90,True,True,01011010,3.3,0.0,0.0,1.58755e-05,104.49999999999875,-0.499007,-0.499007,current_full_transition_bis03_f2_sh002
t092_mid,92,mid,-0.48575747031865146,CURRENT,full_transition_bis03,2,91,91,True,True,01011011,3.3,0.0,0.0,1.68755e-05,104.49999999999535,-0.485748,-0.485747,current_full_transition_bis03_f2_sh002
t093_mid,93,mid,-0.47249766672690063,CURRENT,full_transition_bis03,2,92,92,True,True,01011100,3.3,0.0,0.0,1.78755e-05,104.49999999999875,-0.472488,-0.472488,current_full_transition_bis03_f2_sh002
t094_mid,94,mid,-0.45923786313515,CURRENT,full_transition_bis03,2,93,93,True,True,01011101,3.3,0.0,0.0,1.88755e-05,104.49999999999875,-0.459228,-0.459228,current_full_transition_bis03_f2_sh002
t098_mid,98,mid,-0.40619864876814693,CURRENT,full_transition_bis03,2,97,97,True,True,01100001,3.3,0.0,0.0,1.98755e-05,104.49999999999875,-0.406189,-0.406189,current_full_transition_bis03_f2_sh002
t099_mid,99,mid,-0.3929388451763963,CURRENT,full_transition_bis03,2,98,98,True,True,01100010,3.3,0.0,0.0,2.08755e-05,104.49999999999875,-0.392929,-0.392929,current_full_transition_bis03_f2_sh002
t100_mid,100,mid,-0.3796790415846455,CURRENT,full_transition_bis03,2,99,99,True,True,01100011,3.3,0.0,0.0,2.18755e-05,104.49999999999535,-0.379669,-0.379669,current_full_transition_bis03_f2_sh002
t101_mid,101,mid,-0.3664192379928949,CURRENT,full_transition_bis03,2,100,100,True,True,01100100,3.3,0.0,0.0,2.28755e-05,104.49999999999535,-0.366409,-0.366409,current_full_transition_bis03_f2_sh002
t102_mid,102,mid,-0.35315943440114406,CURRENT,full_transition_bis03,2,101,101,True,True,01100101,3.3,0.0,0.0,2.38755e-05,104.49999999999875,-0.35315,-0.353149,current_full_transition_bis03_f2_sh002
t103_mid,103,mid,-0.3398996308093932,CURRENT,full_transition_bis03,2,102,102,True,True,01100110,3.3,0.0,0.0,2.48755e-05,104.49999999999875,-0.33989,-0.33989,current_full_transition_bis03_f2_sh002
t104_mid,104,mid,-0.3266398272176426,CURRENT,full_transition_bis03,2,103,103,True,True,01100111,3.3,0.0,0.0,2.58755e-05,104.49999999999875,-0.32663,-0.32663,current_full_transition_bis03_f2_sh002
t105_mid,105,mid,-0.3133800236258918,CURRENT,full_transition_bis03,2,104,104,True,True,01101000,3.3,0.0,0.0,2.68755e-05,104.49999999999875,-0.31337,-0.31337,current_full_transition_bis03_f2_sh002
t106_mid,106,mid,-0.3001202200341412,CURRENT,full_transition_bis03,2,105,105,True,True,01101001,3.3,0.0,0.0,2.78755e-05,104.49999999999535,-0.30011,-0.30011,current_full_transition_bis03_f2_sh002
t107_mid,107,mid,-0.28686041644239035,CURRENT,full_transition_bis03,2,106,106,True,True,01101010,3.3,0.0,0.0,2.88755e-05,104.49999999999535,-0.28685,-0.28685,current_full_transition_bis03_f2_sh002
t108_mid,108,mid,-0.2736006128506395,CURRENT,full_transition_bis03,2,107,107,True,True,01101011,3.3,0.0,0.0,2.98755e-05,104.49999999999875,-0.273591,-0.273591,current_full_transition_bis03_f2_sh002
t109_mid,109,mid,-0.2603408092588889,CURRENT,full_transition_bis03,2,108,108,True,True,01101100,3.3,0.0,0.0,3.08755e-05,104.49999999999875,-0.260331,-0.260331,current_full_transition_bis03_f2_sh002
t110_mid,110,mid,-0.24708100566713811,CURRENT,full_transition_bis03,2,109,109,True,True,01101101,3.3,0.0,0.0,3.18755e-05,104.49999999999197,-0.247071,-0.247071,current_full_transition_bis03_f2_sh002
t111_mid,111,mid,-0.2338212020753875,CURRENT,full_transition_bis03,2,110,110,True,True,01101110,3.3,0.0,0.0,8.75483e-07,104.51699999999995,-0.233811,-0.233811,current_full_transition_bis03_f2_sh003
t113_mid,113,mid,-0.20730159489188607,CURRENT,full_transition_bis03,2,113,113,True,True,01110001,3.3,0.0,0.0,1.87548e-06,104.52000000000014,-0.207292,-0.207292,current_full_transition_bis03_f2_sh003
t114_mid,114,mid,-0.19404179130013524,CURRENT,full_transition_bis03,2,114,114,True,True,01110010,3.3,0.0,0.0,2.87548e-06,104.51999999999973,-0.194032,-0.194032,current_full_transition_bis03_f2_sh003
t115_mid,115,mid,-0.1807819877083844,CURRENT,full_transition_bis03,2,115,115,True,True,01110011,3.3,0.0,0.0,3.87548e-06,104.52000000000014,-0.180772,-0.180772,current_full_transition_bis03_f2_sh003
t116_mid,116,mid,-0.1675221841166338,CURRENT,full_transition_bis03,2,116,116,True,True,01110100,3.3,0.0,0.0,4.87548e-06,104.52000000000099,-0.167512,-0.167512,current_full_transition_bis03_f2_sh003
t117_mid,117,mid,-0.15426238052488297,CURRENT,full_transition_bis03,2,116,116,True,True,01110100,3.3,0.0,0.0,5.87548e-06,104.52000000000014,-0.154252,-0.154252,current_full_transition_bis03_f2_sh003
t118_mid,118,mid,-0.14100257693313237,CURRENT,full_transition_bis03,2,117,117,True,True,01110101,3.3,0.0,0.0,6.87548e-06,104.52000000000014,-0.140993,-0.140993,current_full_transition_bis03_f2_sh003
t119_mid,119,mid,-0.12774277334138154,CURRENT,full_transition_bis03,2,119,119,True,True,01110111,3.3,0.0,0.0,7.87548e-06,104.52000000000014,-0.127733,-0.127733,current_full_transition_bis03_f2_sh003
t120_mid,120,mid,-0.11448296974963071,CURRENT,full_transition_bis03,2,120,120,True,True,01111000,3.3,0.0,0.0,8.87548e-06,104.52000000000014,-0.114473,-0.114473,current_full_transition_bis03_f2_sh003
t121_mid,121,mid,-0.1012231661578801,CURRENT,full_transition_bis03,2,120,120,True,True,01111000,3.3,0.0,0.0,9.87548e-06,104.52000000000014,-0.101213,-0.101213,current_full_transition_bis03_f2_sh003
t122_mid,122,mid,-0.08796336256612927,CURRENT,full_transition_bis03,2,121,121,True,True,01111001,3.3,0.0,0.0,1.08755e-05,104.50000000000044,-0.0879534,-0.0879534,current_full_transition_bis03_f2_sh003
t123_mid,123,mid,-0.07470355897437866,CURRENT,full_transition_bis03,2,122,122,True,True,01111010,3.3,0.0,0.0,1.18755e-05,104.50000000000044,-0.0746936,-0.0746936,current_full_transition_bis03_f2_sh003
t124_mid,124,mid,-0.06144375538262783,CURRENT,full_transition_bis03,2,123,123,True,True,01111011,3.3,0.0,0.0,1.28755e-05,104.49999999999875,-0.0614338,-0.0614338,current_full_transition_bis03_f2_sh003
t125_mid,125,mid,-0.048183951790877,CURRENT,full_transition_bis03,2,124,124,True,True,01111100,3.3,0.0,0.0,1.38755e-05,104.50000000000044,-0.048174,-0.048174,current_full_transition_bis03_f2_sh003
t126_mid,126,mid,-0.03492414819912639,CURRENT,full_transition_bis03,2,125,125,True,True,01111101,3.3,0.0,0.0,1.48755e-05,104.50000000000044,-0.0349141,-0.0349141,current_full_transition_bis03_f2_sh003
t130_mid,130,mid,0.020605300542876702,CURRENT,full_transition_bis03,2,130,130,True,True,10000010,3.3,0.0,0.0,1.58755e-05,104.49999999999875,0.0206153,0.0206153,current_full_transition_bis03_f2_sh003
t131_mid,131,mid,0.03386510413462731,CURRENT,full_transition_bis03,2,131,131,True,True,10000011,3.3,0.0,0.0,1.68755e-05,104.49999999999535,0.0338751,0.0338751,current_full_transition_bis03_f2_sh003
t132_mid,132,mid,0.04712490772637814,CURRENT,full_transition_bis03,2,132,132,True,True,10000100,3.3,0.0,0.0,1.78755e-05,104.49999999999875,0.0471349,0.0471349,current_full_transition_bis03_f2_sh003
t133_mid,133,mid,0.060384711318128746,CURRENT,full_transition_bis03,2,133,133,True,True,10000101,3.3,0.0,0.0,1.88755e-05,104.49999999999875,0.0603947,0.0603947,current_full_transition_bis03_f2_sh003
t134_mid,134,mid,0.07364451490987958,CURRENT,full_transition_bis03,2,134,134,True,True,10000110,3.3,0.0,0.0,1.98755e-05,104.49999999999875,0.0736545,0.0736545,current_full_transition_bis03_f2_sh003
t135_mid,135,mid,0.08690431850163041,CURRENT,full_transition_bis03,2,135,135,True,True,10000111,3.3,0.0,0.0,2.08755e-05,104.49999999999875,0.0869143,0.0869143,current_full_transition_bis03_f2_sh003
t136_mid,136,mid,0.10016412209338102,CURRENT,full_transition_bis03,2,136,136,True,True,10001000,3.3,0.0,0.0,2.18755e-05,104.49999999999535,0.100174,0.100174,current_full_transition_bis03_f2_sh003
t137_mid,137,mid,0.11342392568513185,CURRENT,full_transition_bis03,2,137,137,True,True,10001001,3.3,0.0,0.0,2.28755e-05,104.49999999999535,0.113434,0.113434,current_full_transition_bis03_f2_sh003
t138_mid,138,mid,0.12668372927688246,CURRENT,full_transition_bis03,2,138,138,True,True,10001010,3.3,0.0,0.0,2.38755e-05,104.49999999999875,0.126694,0.126694,current_full_transition_bis03_f2_sh003
t139_mid,139,mid,0.13994353286863329,CURRENT,full_transition_bis03,2,139,139,True,True,10001011,3.3,0.0,0.0,2.48755e-05,104.49999999999875,0.139954,0.139954,current_full_transition_bis03_f2_sh003
t140_mid,140,mid,0.15320333646038412,CURRENT,full_transition_bis03,2,140,140,True,True,10001100,3.3,0.0,0.0,2.58755e-05,104.49999999999875,0.153213,0.153213,current_full_transition_bis03_f2_sh003
t141_mid,141,mid,0.16646314005213472,CURRENT,full_transition_bis03,2,140,140,True,True,10001100,3.3,0.0,0.0,2.68755e-05,104.49999999999875,0.166473,0.166473,current_full_transition_bis03_f2_sh003
t142_mid,142,mid,0.17972294364388555,CURRENT,full_transition_bis03,2,141,141,True,True,10001101,3.3,0.0,0.0,2.78755e-05,104.49999999999535,0.179733,0.179733,current_full_transition_bis03_f2_sh003
t143_mid,143,mid,0.19298274723563616,CURRENT,full_transition_bis03,2,142,142,True,True,10001110,3.3,0.0,0.0,2.88755e-05,104.49999999999535,0.192993,0.192993,current_full_transition_bis03_f2_sh003
t145_mid,145,mid,0.21950235441913782,CURRENT,full_transition_bis03,2,145,145,True,True,10010001,3.3,0.0,0.0,2.98755e-05,104.49999999999875,0.219512,0.219512,current_full_transition_bis03_f2_sh003
t146_mid,146,mid,0.23276215801088843,CURRENT,full_transition_bis03,2,146,146,True,True,10010010,3.3,0.0,0.0,3.08755e-05,104.49999999999875,0.232772,0.232772,current_full_transition_bis03_f2_sh003
t147_mid,147,mid,0.24602196160263926,CURRENT,full_transition_bis03,2,147,147,True,True,10010011,3.3,0.0,0.0,3.18755e-05,104.49999999999197,0.246032,0.246032,current_full_transition_bis03_f2_sh003
t148_mid,148,mid,0.25928176519438983,CURRENT,full_transition_bis03,2,148,148,True,True,10010100,3.3,0.0,0.0,8.75483e-07,104.51699999999995,0.259292,0.259292,current_full_transition_bis03_f2_sh004
t149_mid,149,mid,0.27254156878614066,CURRENT,full_transition_bis03,2,149,149,True,True,10010101,3.3,0.0,0.0,1.87548e-06,104.52000000000014,0.272552,0.272552,current_full_transition_bis03_f2_sh004
t150_mid,150,mid,0.28580137237789127,CURRENT,full_transition_bis03,2,150,150,True,True,10010110,3.3,0.0,0.0,2.87548e-06,104.51999999999973,0.285811,0.285811,current_full_transition_bis03_f2_sh004
t151_mid,151,mid,0.2990611759696421,CURRENT,full_transition_bis03,2,151,151,True,True,10010111,3.3,0.0,0.0,3.87548e-06,104.52000000000014,0.299071,0.299071,current_full_transition_bis03_f2_sh004
t152_mid,152,mid,0.31232097956139293,CURRENT,full_transition_bis03,2,152,152,True,True,10011000,3.3,0.0,0.0,4.87548e-06,104.52000000000099,0.312331,0.312331,current_full_transition_bis03_f2_sh004
t153_mid,153,mid,0.32558078315314354,CURRENT,full_transition_bis03,2,153,153,True,True,10011001,3.3,0.0,0.0,5.87548e-06,104.52000000000014,0.325591,0.325591,current_full_transition_bis03_f2_sh004
t154_mid,154,mid,0.33884058674489415,CURRENT,full_transition_bis03,2,154,154,True,True,10011010,3.3,0.0,0.0,6.87548e-06,104.52000000000014,0.338851,0.338851,current_full_transition_bis03_f2_sh004
t155_mid,155,mid,0.3521003903366452,CURRENT,full_transition_bis03,2,155,155,True,True,10011011,3.3,0.0,0.0,7.87548e-06,104.52000000000014,0.35211,0.35211,current_full_transition_bis03_f2_sh004
t156_mid,156,mid,0.3653601939283958,CURRENT,full_transition_bis03,2,156,156,True,True,10011100,3.3,0.0,0.0,8.87548e-06,104.52000000000014,0.36537,0.36537,current_full_transition_bis03_f2_sh004
t157_mid,157,mid,0.3786199975201464,CURRENT,full_transition_bis03,2,157,157,True,True,10011101,3.3,0.0,0.0,9.87548e-06,104.52000000000014,0.37863,0.37863,current_full_transition_bis03_f2_sh004
t158_mid,158,mid,0.39187980111189746,CURRENT,full_transition_bis03,2,158,158,True,True,10011110,3.3,0.0,0.0,1.08755e-05,104.50000000000044,0.39189,0.39189,current_full_transition_bis03_f2_sh004
t162_mid,162,mid,0.44491901547890034,CURRENT,full_transition_bis03,2,162,162,True,True,10100010,3.3,0.0,0.0,1.18755e-05,104.50000000000044,0.444929,0.444929,current_full_transition_bis03_f2_sh004
t163_mid,163,mid,0.45817881907065094,CURRENT,full_transition_bis03,2,163,163,True,True,10100011,3.3,0.0,0.0,1.28755e-05,104.49999999999875,0.458189,0.458189,current_full_transition_bis03_f2_sh004
t164_mid,164,mid,0.47143862266240155,CURRENT,full_transition_bis03,2,164,164,True,True,10100100,3.3,0.0,0.0,1.38755e-05,104.50000000000044,0.471449,0.471449,current_full_transition_bis03_f2_sh004
t165_mid,165,mid,0.4846984262541526,CURRENT,full_transition_bis03,2,165,165,True,True,10100101,3.3,0.0,0.0,1.48755e-05,104.50000000000044,0.484709,0.484708,current_full_transition_bis03_f2_sh004
t166_mid,166,mid,0.4979582298459032,CURRENT,full_transition_bis03,2,166,166,True,True,10100110,3.3,0.0,0.0,1.58755e-05,104.49999999999875,0.497968,0.497968,current_full_transition_bis03_f2_sh004
t167_mid,167,mid,0.5112180334376538,CURRENT,full_transition_bis03,2,167,167,True,True,10100111,3.3,0.0,0.0,1.68755e-05,104.49999999999535,0.511228,0.511228,current_full_transition_bis03_f2_sh004
t168_mid,168,mid,0.5244778370294049,CURRENT,full_transition_bis03,2,168,168,True,True,10101000,3.3,0.0,0.0,1.78755e-05,104.49999999999875,0.524488,0.524488,current_full_transition_bis03_f2_sh004
t169_mid,169,mid,0.5377376406211555,CURRENT,full_transition_bis03,2,169,169,True,True,10101001,3.3,0.0,0.0,1.88755e-05,104.49999999999875,0.537748,0.537748,current_full_transition_bis03_f2_sh004
t170_mid,170,mid,0.5509974442129061,CURRENT,full_transition_bis03,2,170,170,True,True,10101010,3.3,0.0,0.0,1.98755e-05,104.49999999999875,0.551008,0.551007,current_full_transition_bis03_f2_sh004
t171_mid,171,mid,0.5642572478046567,CURRENT,full_transition_bis03,2,171,171,True,True,10101011,3.3,0.0,0.0,2.08755e-05,104.49999999999875,0.564267,0.564267,current_full_transition_bis03_f2_sh004
t172_mid,172,mid,0.5775170513964077,CURRENT,full_transition_bis03,2,172,172,True,True,10101100,3.3,0.0,0.0,2.18755e-05,104.49999999999535,0.577527,0.577527,current_full_transition_bis03_f2_sh004
t173_mid,173,mid,0.5907768549881584,CURRENT,full_transition_bis03,2,173,173,True,True,10101101,3.3,0.0,0.0,2.28755e-05,104.49999999999535,0.590787,0.590787,current_full_transition_bis03_f2_sh004
t174_mid,174,mid,0.604036658579909,CURRENT,full_transition_bis03,2,174,174,True,True,10101110,3.3,0.0,0.0,2.38755e-05,104.49999999999875,0.604047,0.604047,current_full_transition_bis03_f2_sh004
t175_mid,175,mid,0.61729646217166,CURRENT,full_transition_bis03,2,175,175,True,True,10101111,3.3,0.0,0.0,2.48755e-05,104.49999999999875,0.617307,0.617306,current_full_transition_bis03_f2_sh004
t177_mid,177,mid,0.6438160693551612,CURRENT,full_transition_bis03,2,177,177,True,True,10110001,3.3,0.0,0.0,2.58755e-05,104.49999999999875,0.643826,0.643826,current_full_transition_bis03_f2_sh004
t178_mid,178,mid,0.6570758729469123,CURRENT,full_transition_bis03,2,178,178,True,True,10110010,3.3,0.0,0.0,2.68755e-05,104.49999999999875,0.657086,0.657086,current_full_transition_bis03_f2_sh004
t179_mid,179,mid,0.6703356765386629,CURRENT,full_transition_bis03,2,179,179,True,True,10110011,3.3,0.0,0.0,2.78755e-05,104.49999999999535,0.670346,0.670346,current_full_transition_bis03_f2_sh004
t180_mid,180,mid,0.6835954801304135,CURRENT,full_transition_bis03,2,180,180,True,True,10110100,3.3,0.0,0.0,2.88755e-05,104.49999999999535,0.683606,0.683606,current_full_transition_bis03_f2_sh004
t181_mid,181,mid,0.6968552837221641,CURRENT,full_transition_bis03,2,181,181,True,True,10110101,3.3,0.0,0.0,2.98755e-05,104.49999999999875,0.696865,0.696865,current_full_transition_bis03_f2_sh004
t182_mid,182,mid,0.7101150873139151,CURRENT,full_transition_bis03,2,182,182,True,True,10110110,3.3,0.0,0.0,3.08755e-05,104.49999999999875,0.710125,0.710125,current_full_transition_bis03_f2_sh004
t183_mid,183,mid,0.7233748909056658,CURRENT,full_transition_bis03,2,183,183,True,True,10110111,3.3,0.0,0.0,3.18755e-05,104.49999999999197,0.723385,0.723385,current_full_transition_bis03_f2_sh004
t184_mid,184,mid,0.7366346944974164,CURRENT,full_transition_bis03,2,184,184,True,True,10111000,3.3,0.0,0.0,8.75483e-07,104.51699999999995,0.736645,0.736645,current_full_transition_bis03_f2_sh005
t185_mid,185,mid,0.7498944980891674,CURRENT,full_transition_bis03,2,185,185,True,True,10111001,3.3,0.0,0.0,1.87548e-06,104.52000000000014,0.749905,0.749905,current_full_transition_bis03_f2_sh005
t186_mid,186,mid,0.763154301680918,CURRENT,full_transition_bis03,2,186,186,True,True,10111010,3.3,0.0,0.0,2.87548e-06,104.51999999999973,0.763164,0.763164,current_full_transition_bis03_f2_sh005
t187_mid,187,mid,0.7764141052726686,CURRENT,full_transition_bis03,2,187,187,True,True,10111011,3.3,0.0,0.0,3.87548e-06,104.52000000000014,0.776424,0.776424,current_full_transition_bis03_f2_sh005
t188_mid,188,mid,0.7896739088644197,CURRENT,full_transition_bis03,2,188,188,True,True,10111100,3.3,0.0,0.0,4.87548e-06,104.52000000000099,0.789684,0.789684,current_full_transition_bis03_f2_sh005
t189_mid,189,mid,0.8029337124561703,CURRENT,full_transition_bis03,2,189,189,True,True,10111101,3.3,0.0,0.0,5.87548e-06,104.52000000000014,0.802944,0.802944,current_full_transition_bis03_f2_sh005
t194_mid,194,mid,0.8667424960399238,CURRENT,full_transition_bis03,2,193,193,True,True,11000001,3.3,0.0,0.0,6.87548e-06,104.52000000000014,0.866753,0.866753,current_full_transition_bis03_f2_sh005
t195_mid,195,mid,0.8800022996316749,CURRENT,full_transition_bis03,2,194,194,True,True,11000010,3.3,0.0,0.0,7.87548e-06,104.52000000000014,0.880012,0.880012,current_full_transition_bis03_f2_sh005
t196_mid,196,mid,0.8932621032234255,CURRENT,full_transition_bis03,2,195,195,True,True,11000011,3.3,0.0,0.0,8.87548e-06,104.52000000000014,0.893272,0.893272,current_full_transition_bis03_f2_sh005
t197_mid,197,mid,0.909012141190176,CURRENT,full_transition_bis03,2,197,197,True,True,11000101,3.3,0.0,0.0,9.87548e-06,104.52000000000014,0.909022,0.909022,current_full_transition_bis03_f2_sh005
t198_mid,198,mid,0.9222719447819266,CURRENT,full_transition_bis03,2,198,198,True,True,11000110,3.3,0.0,0.0,1.08755e-05,104.50000000000044,0.922282,0.922282,current_full_transition_bis03_f2_sh005
t199_mid,199,mid,0.9355317483736777,CURRENT,full_transition_bis03,2,199,199,True,True,11000111,3.3,0.0,0.0,1.18755e-05,104.50000000000044,0.935542,0.935542,current_full_transition_bis03_f2_sh005
t200_mid,200,mid,0.9463013175904283,CURRENT,full_transition_bis03,2,199,199,True,True,11000111,3.3,0.0,0.0,1.28755e-05,104.49999999999875,0.946311,0.946311,current_full_transition_bis03_f2_sh005
t201_mid,201,mid,0.9620513555571789,CURRENT,full_transition_bis03,2,201,201,True,True,11001001,3.3,0.0,0.0,1.38755e-05,104.50000000000044,0.962061,0.962061,current_full_transition_bis03_f2_sh005
t202_mid,202,mid,0.97531115914893,CURRENT,full_transition_bis03,2,202,202,True,True,11001010,3.3,0.0,0.0,1.48755e-05,104.50000000000044,0.975321,0.975321,current_full_transition_bis03_f2_sh005
t203_mid,203,mid,0.9885709627406806,CURRENT,full_transition_bis03,2,203,203,True,True,11001011,3.3,0.0,0.0,1.58755e-05,104.49999999999875,0.988581,0.988581,current_full_transition_bis03_f2_sh005
t204_mid,204,mid,1.0018307663324313,CURRENT,full_transition_bis03,2,204,204,True,True,11001100,3.3,0.0,0.0,1.68755e-05,104.49999999999535,1.00184,1.00184,current_full_transition_bis03_f2_sh005
t205_mid,205,mid,1.0150905699241823,CURRENT,full_transition_bis03,2,205,205,True,True,11001101,3.3,0.0,0.0,1.78755e-05,104.49999999999875,1.0151,1.0151,current_full_transition_bis03_f2_sh005
t206_mid,206,mid,1.028350373515933,CURRENT,full_transition_bis03,2,206,206,True,True,11001110,3.3,0.0,0.0,1.88755e-05,104.49999999999875,1.02836,1.02836,current_full_transition_bis03_f2_sh005
t207_mid,207,mid,1.0416101771076836,CURRENT,full_transition_bis03,2,207,207,True,True,11001111,3.3,0.0,0.0,1.98755e-05,104.49999999999875,1.04162,1.04162,current_full_transition_bis03_f2_sh005
t209_mid,209,mid,1.065639549916185,CURRENT,full_transition_bis03,2,208,208,True,True,11010000,3.3,0.0,0.0,2.08755e-05,104.49999999999875,1.06565,1.06565,current_full_transition_bis03_f2_sh005
t210_mid,210,mid,1.0788993535079356,CURRENT,full_transition_bis03,2,209,209,True,True,11010001,3.3,0.0,0.0,2.18755e-05,104.49999999999535,1.07891,1.07891,current_full_transition_bis03_f2_sh005
t211_mid,211,mid,1.0921591570996863,CURRENT,full_transition_bis03,2,210,210,True,True,11010010,3.3,0.0,0.0,2.28755e-05,104.49999999999535,1.09217,1.09217,current_full_transition_bis03_f2_sh005
t212_mid,212,mid,1.1054189606914373,CURRENT,full_transition_bis03,2,211,211,True,True,11010011,3.3,0.0,0.0,2.38755e-05,104.49999999999875,1.10543,1.10543,current_full_transition_bis03_f2_sh005
t213_mid,213,mid,1.121168998658188,CURRENT,full_transition_bis03,2,213,213,True,True,11010101,3.3,0.0,0.0,2.48755e-05,104.49999999999875,1.12118,1.12118,current_full_transition_bis03_f2_sh005
t214_mid,214,mid,1.1319385678749385,CURRENT,full_transition_bis03,2,213,213,True,True,11010101,3.3,0.0,0.0,2.58755e-05,104.49999999999875,1.13195,1.13195,current_full_transition_bis03_f2_sh005
t215_mid,215,mid,1.1451983714666896,CURRENT,full_transition_bis03,2,214,214,True,True,11010110,3.3,0.0,0.0,2.68755e-05,104.49999999999875,1.14521,1.14521,current_full_transition_bis03_f2_sh005
t216_mid,216,mid,1.1584581750584402,CURRENT,full_transition_bis03,2,215,215,True,True,11010111,3.3,0.0,0.0,2.78755e-05,104.49999999999535,1.15847,1.15847,current_full_transition_bis03_f2_sh005
t217_mid,217,mid,1.174208213025191,CURRENT,full_transition_bis03,2,217,217,True,True,11011001,3.3,0.0,0.0,2.88755e-05,104.49999999999535,1.17422,1.17422,current_full_transition_bis03_f2_sh005
t218_mid,218,mid,1.1874680166169416,CURRENT,full_transition_bis03,2,218,218,True,True,11011010,3.3,0.0,0.0,2.98755e-05,104.49999999999875,1.18748,1.18748,current_full_transition_bis03_f2_sh005
t219_mid,219,mid,1.1982375858336924,CURRENT,full_transition_bis03,2,218,218,True,True,11011010,3.3,0.0,0.0,3.08755e-05,104.49999999999875,1.19825,1.19825,current_full_transition_bis03_f2_sh005
t220_mid,220,mid,1.2139876238004432,CURRENT,full_transition_bis03,2,220,220,True,True,11011100,3.3,0.0,0.0,3.18755e-05,104.49999999999197,1.214,1.214,current_full_transition_bis03_f2_sh005
t221_mid,221,mid,1.2272474273921938,CURRENT,full_transition_bis03,2,221,221,True,True,11011101,3.3,0.0,0.0,8.75482e-07,104.51799999999999,1.22726,1.22726,current_full_transition_bis03_f2_sh006
t222_mid,222,mid,1.2405072309839449,CURRENT,full_transition_bis03,2,222,222,True,True,11011110,3.3,0.0,0.0,1.87548e-06,104.52000000000014,1.24052,1.24052,current_full_transition_bis03_f2_sh006
t226_mid,226,mid,1.2910562109759476,CURRENT,full_transition_bis03,2,225,225,True,True,11100001,3.3,0.0,0.0,2.87548e-06,104.51999999999973,1.29107,1.29107,current_full_transition_bis03_f2_sh006
t227_mid,227,mid,1.3043160145676982,CURRENT,full_transition_bis03,2,226,226,True,True,11100010,3.3,0.0,0.0,3.87548e-06,104.52000000000014,1.30433,1.30433,current_full_transition_bis03_f2_sh006
t228_mid,228,mid,1.3175758181594488,CURRENT,full_transition_bis03,2,227,227,True,True,11100011,3.3,0.0,0.0,4.87548e-06,104.52000000000099,1.31759,1.31759,current_full_transition_bis03_f2_sh006
t229_mid,229,mid,1.3308356217511998,CURRENT,full_transition_bis03,2,228,228,True,True,11100100,3.3,0.0,0.0,5.87548e-06,104.52000000000014,1.33085,1.33085,current_full_transition_bis03_f2_sh006
t230_mid,230,mid,1.3440954253429505,CURRENT,full_transition_bis03,2,229,229,True,True,11100101,3.3,0.0,0.0,6.87548e-06,104.52000000000014,1.34411,1.34411,current_full_transition_bis03_f2_sh006
t231_mid,231,mid,1.357355228934701,CURRENT,full_transition_bis03,2,230,230,True,True,11100110,3.3,0.0,0.0,7.87548e-06,104.52000000000014,1.35737,1.35737,current_full_transition_bis03_f2_sh006
t232_mid,232,mid,1.3706150325264521,CURRENT,full_transition_bis03,2,231,231,True,True,11100111,3.3,0.0,0.0,8.87548e-06,104.52000000000014,1.37063,1.37063,current_full_transition_bis03_f2_sh006
t233_mid,233,mid,1.386365070493203,CURRENT,full_transition_bis03,2,233,233,True,True,11101001,3.3,0.0,0.0,9.87548e-06,104.52000000000014,1.38638,1.38638,current_full_transition_bis03_f2_sh006
t234_mid,234,mid,1.3971346397099533,CURRENT,full_transition_bis03,2,233,233,True,True,11101001,3.3,0.0,0.0,1.08755e-05,104.50000000000044,1.39714,1.39714,current_full_transition_bis03_f2_sh006
t235_mid,235,mid,1.410394443301704,CURRENT,full_transition_bis03,2,234,234,True,True,11101010,3.3,0.0,0.0,1.18755e-05,104.50000000000044,1.4104,1.4104,current_full_transition_bis03_f2_sh006
t236_mid,236,mid,1.4261444812684552,CURRENT,full_transition_bis03,2,236,236,True,True,11101100,3.3,0.0,0.0,1.28755e-05,104.49999999999875,1.42615,1.42615,current_full_transition_bis03_f2_sh006
t237_mid,237,mid,1.4394042848602058,CURRENT,full_transition_bis03,2,237,237,True,True,11101101,3.3,0.0,0.0,1.38755e-05,104.50000000000044,1.43941,1.43941,current_full_transition_bis03_f2_sh006
t238_mid,238,mid,1.4526640884519564,CURRENT,full_transition_bis03,2,238,238,True,True,11101110,3.3,0.0,0.0,1.48755e-05,104.50000000000044,1.45267,1.45267,current_full_transition_bis03_f2_sh006
t239_mid,239,mid,1.4659238920437074,CURRENT,full_transition_bis03,2,239,239,True,True,11101111,3.3,0.0,0.0,1.58755e-05,104.49999999999875,1.46593,1.46593,current_full_transition_bis03_f2_sh006
t240_mid,240,mid,1.4766934612604579,CURRENT,full_transition_bis03,2,239,239,True,True,11101111,3.3,0.0,0.0,1.68755e-05,104.49999999999535,1.4767,1.4767,current_full_transition_bis03_f2_sh006
t241_mid,241,mid,1.4899532648522085,CURRENT,full_transition_bis03,2,240,240,True,True,11110000,3.3,0.0,0.0,1.78755e-05,104.49999999999875,1.48996,1.48996,current_full_transition_bis03_f2_sh006
t242_mid,242,mid,1.5032130684439595,CURRENT,full_transition_bis03,2,241,241,True,True,11110001,3.3,0.0,0.0,1.88755e-05,104.49999999999875,1.50322,1.50322,current_full_transition_bis03_f2_sh006
t243_mid,243,mid,1.5164728720357101,CURRENT,full_transition_bis03,2,242,242,True,True,11110010,3.3,0.0,0.0,1.98755e-05,104.49999999999875,1.51648,1.51648,current_full_transition_bis03_f2_sh006
t244_mid,244,mid,1.5297326756274607,CURRENT,full_transition_bis03,2,243,243,True,True,11110011,3.3,0.0,0.0,2.08755e-05,104.49999999999875,1.52974,1.52974,current_full_transition_bis03_f2_sh006
t245_mid,245,mid,1.5429924792192113,CURRENT,full_transition_bis03,2,244,244,True,True,11110100,3.3,0.0,0.0,2.18755e-05,104.49999999999535,1.543,1.543,current_full_transition_bis03_f2_sh006
t246_mid,246,mid,1.5562522828109624,CURRENT,full_transition_bis03,2,245,245,True,True,11110101,3.3,0.0,0.0,2.28755e-05,104.49999999999535,1.55626,1.55626,current_full_transition_bis03_f2_sh006
t247_mid,247,mid,1.569512086402713,CURRENT,full_transition_bis03,2,246,246,True,True,11110110,3.3,0.0,0.0,2.38755e-05,104.49999999999875,1.56952,1.56952,current_full_transition_bis03_f2_sh006
t248_mid,248,mid,1.5827718899944636,CURRENT,full_transition_bis03,2,247,247,True,True,11110111,3.3,0.0,0.0,2.48755e-05,104.49999999999875,1.58278,1.58278,current_full_transition_bis03_f2_sh006
t249_mid,249,mid,1.5960316935862147,CURRENT,full_transition_bis03,2,248,248,True,True,11111000,3.3,0.0,0.0,2.58755e-05,104.49999999999875,1.59604,1.59604,current_full_transition_bis03_f2_sh006
t250_mid,250,mid,1.6092914971779653,CURRENT,full_transition_bis03,2,249,249,True,True,11111001,3.3,0.0,0.0,2.68755e-05,104.49999999999875,1.6093,1.6093,current_full_transition_bis03_f2_sh006
t251_mid,251,mid,1.6225513007697159,CURRENT,full_transition_bis03,2,250,250,True,True,11111010,3.3,0.0,0.0,2.78755e-05,104.49999999999535,1.62256,1.62256,current_full_transition_bis03_f2_sh006
t252_mid,252,mid,1.635811104361467,CURRENT,full_transition_bis03,2,251,251,True,True,11111011,3.3,0.0,0.0,2.88755e-05,104.49999999999535,1.63582,1.63582,current_full_transition_bis03_f2_sh006
t253_mid,253,mid,1.6515611423282177,CURRENT,full_transition_bis03,2,253,253,True,True,11111101,3.3,0.0,0.0,2.98755e-05,104.49999999999875,1.65157,1.65157,current_full_transition_bis03_f2_sh006
t254_mid,254,mid,1.6623307115449681,CURRENT,full_transition_bis03,2,253,253,True,True,11111101,3.3,0.0,0.0,3.08755e-05,104.49999999999875,1.66234,1.66234,current_full_transition_bis03_f2_sh006
t003_mid,3,mid,-1.6652574313907174,CURRENT,full_transition_bis04,2,2,2,True,True,00000010,3.3,0.0,0.0,8.75484e-07,104.51599999999993,-1.66525,-1.66525,current_full_transition_bis04_f2_sh000
t004_mid,4,mid,-1.6519976277989665,CURRENT,full_transition_bis04,2,3,3,True,True,00000011,3.3,0.0,0.0,1.87548e-06,104.52000000000014,-1.65199,-1.65199,current_full_transition_bis04_f2_sh000
t005_mid,5,mid,-1.6374927070197158,CURRENT,full_transition_bis04,2,5,5,True,True,00000101,3.3,0.0,0.0,2.87548e-06,104.51999999999973,-1.63748,-1.63748,current_full_transition_bis04_f2_sh000
t006_mid,6,mid,-1.624232903427965,CURRENT,full_transition_bis04,2,6,6,True,True,00000110,3.3,0.0,0.0,3.87548e-06,104.52000000000014,-1.62422,-1.62422,current_full_transition_bis04_f2_sh000
t007_mid,7,mid,-1.6109730998362142,CURRENT,full_transition_bis04,2,7,7,True,True,00000111,3.3,0.0,0.0,4.87548e-06,104.52000000000099,-1.61096,-1.61096,current_full_transition_bis04_f2_sh000
t008_mid,8,mid,-1.5989584134319637,CURRENT,full_transition_bis04,2,7,7,True,True,00000111,3.3,0.0,0.0,5.87548e-06,104.52000000000014,-1.59895,-1.59895,current_full_transition_bis04_f2_sh000
t009_mid,9,mid,-1.5844534926527127,CURRENT,full_transition_bis04,2,9,9,True,True,00001001,3.3,0.0,0.0,6.87548e-06,104.52000000000014,-1.58444,-1.58444,current_full_transition_bis04_f2_sh000
t010_mid,10,mid,-1.5711936890609621,CURRENT,full_transition_bis04,2,10,10,True,True,00001010,3.3,0.0,0.0,7.87548e-06,104.52000000000014,-1.57118,-1.57118,current_full_transition_bis04_f2_sh000
t011_mid,11,mid,-1.5579338854692113,CURRENT,full_transition_bis04,2,11,11,True,True,00001011,3.3,0.0,0.0,8.87548e-06,104.52000000000014,-1.55792,-1.55792,current_full_transition_bis04_f2_sh000
t012_mid,12,mid,-1.5446740818774607,CURRENT,full_transition_bis04,2,12,12,True,True,00001100,3.3,0.0,0.0,9.87548e-06,104.52000000000014,-1.54466,-1.54466,current_full_transition_bis04_f2_sh000
t013_mid,13,mid,-1.5314142782857099,CURRENT,full_transition_bis04,2,13,13,True,True,00001101,3.3,0.0,0.0,1.08755e-05,104.50000000000044,-1.5314,-1.5314,current_full_transition_bis04_f2_sh000
t014_mid,14,mid,-1.518154474693959,CURRENT,full_transition_bis04,2,14,14,True,True,00001110,3.3,0.0,0.0,1.18755e-05,104.50000000000044,-1.51814,-1.51814,current_full_transition_bis04_f2_sh000
t015_mid,15,mid,-1.5048946711022084,CURRENT,full_transition_bis04,2,15,15,True,True,00001111,3.3,0.0,0.0,1.28755e-05,104.49999999999875,-1.50488,-1.50488,current_full_transition_bis04_f2_sh000
t017_mid,17,mid,-1.4796201811062069,CURRENT,full_transition_bis04,2,16,16,True,True,00010000,3.3,0.0,0.0,1.38755e-05,104.50000000000044,-1.47961,-1.47961,current_full_transition_bis04_f2_sh000
t018_mid,18,mid,-1.4663603775144562,CURRENT,full_transition_bis04,2,17,17,True,True,00010001,3.3,0.0,0.0,1.48755e-05,104.50000000000044,-1.46635,-1.46635,current_full_transition_bis04_f2_sh000
t019_mid,19,mid,-1.4531005739227054,CURRENT,full_transition_bis04,2,18,18,True,True,00010010,3.3,0.0,0.0,1.58755e-05,104.49999999999875,-1.45309,-1.45309,current_full_transition_bis04_f2_sh000
t020_mid,20,mid,-1.4398407703309548,CURRENT,full_transition_bis04,2,19,19,True,True,00010011,3.3,0.0,0.0,1.68755e-05,104.49999999999535,-1.43983,-1.43983,current_full_transition_bis04_f2_sh000
t021_mid,21,mid,-1.425335849551704,CURRENT,full_transition_bis04,2,21,21,True,True,00010101,3.3,0.0,0.0,1.78755e-05,104.49999999999875,-1.42533,-1.42533,current_full_transition_bis04_f2_sh000
t022_mid,22,mid,-1.4133211631474534,CURRENT,full_transition_bis04,2,21,21,True,True,00010101,3.3,0.0,0.0,1.88755e-05,104.49999999999875,-1.41331,-1.41331,current_full_transition_bis04_f2_sh000
t023_mid,23,mid,-1.4000613595557025,CURRENT,full_transition_bis04,2,22,22,True,True,00010110,3.3,0.0,0.0,1.98755e-05,104.49999999999875,-1.40005,-1.40005,current_full_transition_bis04_f2_sh000
t024_mid,24,mid,-1.3868015559639517,CURRENT,full_transition_bis04,2,23,23,True,True,00010111,3.3,0.0,0.0,2.08755e-05,104.49999999999875,-1.38679,-1.38679,current_full_transition_bis04_f2_sh000
t025_mid,25,mid,-1.372296635184701,CURRENT,full_transition_bis04,2,25,25,True,True,00011001,3.3,0.0,0.0,2.18755e-05,104.49999999999535,-1.37229,-1.37229,current_full_transition_bis04_f2_sh000
t026_mid,26,mid,-1.3590368315929502,CURRENT,full_transition_bis04,2,26,26,True,True,00011010,3.3,0.0,0.0,2.28755e-05,104.49999999999535,-1.35903,-1.35903,current_full_transition_bis04_f2_sh000
t027_mid,27,mid,-1.3470221451886994,CURRENT,full_transition_bis04,2,26,26,True,True,00011010,3.3,0.0,0.0,2.38755e-05,104.49999999999875,-1.34701,-1.34701,current_full_transition_bis04_f2_sh000
t028_mid,28,mid,-1.3325172244094488,CURRENT,full_transition_bis04,2,28,28,True,True,00011100,3.3,0.0,0.0,2.48755e-05,104.49999999999875,-1.33251,-1.33251,current_full_transition_bis04_f2_sh000
t029_mid,29,mid,-1.3192574208176981,CURRENT,full_transition_bis04,2,29,29,True,True,00011101,3.3,0.0,0.0,2.58755e-05,104.49999999999875,-1.31925,-1.31925,current_full_transition_bis04_f2_sh000
t030_mid,30,mid,-1.3059976172259473,CURRENT,full_transition_bis04,2,30,30,True,True,00011110,3.3,0.0,0.0,2.68755e-05,104.49999999999875,-1.30599,-1.30599,current_full_transition_bis04_f2_sh000
t034_mid,34,mid,-1.2542035200464443,CURRENT,full_transition_bis04,2,33,33,True,True,00100001,3.3,0.0,0.0,2.78755e-05,104.49999999999535,-1.25419,-1.25419,current_full_transition_bis04_f2_sh000
t035_mid,35,mid,-1.2409437164546937,CURRENT,full_transition_bis04,2,34,34,True,True,00100010,3.3,0.0,0.0,2.88755e-05,104.49999999999535,-1.24093,-1.24093,current_full_transition_bis04_f2_sh000
t036_mid,36,mid,-1.2276839128629429,CURRENT,full_transition_bis04,2,35,35,True,True,00100011,3.3,0.0,0.0,2.98755e-05,104.49999999999875,-1.22767,-1.22767,current_full_transition_bis04_f2_sh000
t037_mid,37,mid,-1.213178992083692,CURRENT,full_transition_bis04,2,37,37,True,True,00100101,3.3,0.0,0.0,3.08755e-05,104.49999999999875,-1.21317,-1.21317,current_full_transition_bis04_f2_sh000
t038_mid,38,mid,-1.2011643056794414,CURRENT,full_transition_bis04,2,37,37,True,True,00100101,3.3,0.0,0.0,3.18755e-05,104.49999999999197,-1.20115,-1.20115,current_full_transition_bis04_f2_sh000
t039_mid,39,mid,-1.1879045020876908,CURRENT,full_transition_bis04,2,38,38,True,True,00100110,3.3,0.0,0.0,8.75484e-07,104.51599999999993,-1.18789,-1.18789,current_full_transition_bis04_f2_sh001
t040_mid,40,mid,-1.17464469849594,CURRENT,full_transition_bis04,2,39,39,True,True,00100111,3.3,0.0,0.0,1.87548e-06,104.52000000000014,-1.17463,-1.17463,current_full_transition_bis04_f2_sh001
t041_mid,41,mid,-1.160139777716689,CURRENT,full_transition_bis04,2,41,41,True,True,00101001,3.3,0.0,0.0,2.87548e-06,104.51999999999973,-1.16013,-1.16013,current_full_transition_bis04_f2_sh001
t042_mid,42,mid,-1.1481250913124386,CURRENT,full_transition_bis04,2,41,41,True,True,00101001,3.3,0.0,0.0,3.87548e-06,104.52000000000014,-1.14812,-1.14812,current_full_transition_bis04_f2_sh001
t043_mid,43,mid,-1.1348652877206877,CURRENT,full_transition_bis04,2,42,42,True,True,00101010,3.3,0.0,0.0,4.87548e-06,104.52000000000099,-1.13486,-1.13486,current_full_transition_bis04_f2_sh001
t044_mid,44,mid,-1.1203603669414368,CURRENT,full_transition_bis04,2,44,44,True,True,00101100,3.3,0.0,0.0,5.87548e-06,104.52000000000014,-1.12035,-1.12035,current_full_transition_bis04_f2_sh001
t045_mid,45,mid,-1.1071005633496862,CURRENT,full_transition_bis04,2,45,45,True,True,00101101,3.3,0.0,0.0,6.87548e-06,104.52000000000014,-1.10709,-1.10709,current_full_transition_bis04_f2_sh001
t046_mid,46,mid,-1.0938407597579356,CURRENT,full_transition_bis04,2,46,46,True,True,00101110,3.3,0.0,0.0,7.87548e-06,104.52000000000014,-1.09383,-1.09383,current_full_transition_bis04_f2_sh001
t047_mid,47,mid,-1.0805809561661845,CURRENT,full_transition_bis04,2,47,47,True,True,00101111,3.3,0.0,0.0,8.87548e-06,104.52000000000014,-1.08057,-1.08057,current_full_transition_bis04_f2_sh001
t049_mid,49,mid,-1.0553064661701834,CURRENT,full_transition_bis04,2,48,48,True,True,00110000,3.3,0.0,0.0,9.87548e-06,104.52000000000014,-1.0553,-1.0553,current_full_transition_bis04_f2_sh001
t050_mid,50,mid,-1.0420466625784326,CURRENT,full_transition_bis04,2,49,49,True,True,00110001,3.3,0.0,0.0,1.08755e-05,104.50000000000044,-1.04204,-1.04204,current_full_transition_bis04_f2_sh001
t051_mid,51,mid,-1.0287868589866818,CURRENT,full_transition_bis04,2,51,51,True,True,00110011,3.3,0.0,0.0,1.18755e-05,104.50000000000044,-1.02878,-1.02878,current_full_transition_bis04_f2_sh001
t052_mid,52,mid,-1.0155270553949312,CURRENT,full_transition_bis04,2,51,51,True,True,00110011,3.3,0.0,0.0,1.28755e-05,104.49999999999875,-1.01552,-1.01552,current_full_transition_bis04_f2_sh001
t053_mid,53,mid,-1.0022672518031803,CURRENT,full_transition_bis04,2,52,52,True,True,00110100,3.3,0.0,0.0,1.38755e-05,104.50000000000044,-1.00226,-1.00226,current_full_transition_bis04_f2_sh001
t054_mid,54,mid,-0.9890074482114295,CURRENT,full_transition_bis04,2,53,53,True,True,00110101,3.3,0.0,0.0,1.48755e-05,104.50000000000044,-0.988998,-0.988997,current_full_transition_bis04_f2_sh001
t055_mid,55,mid,-0.9757476446196789,CURRENT,full_transition_bis04,2,54,54,True,True,00110110,3.3,0.0,0.0,1.58755e-05,104.49999999999875,-0.975738,-0.975738,current_full_transition_bis04_f2_sh001
t056_mid,56,mid,-0.9624878410279281,CURRENT,full_transition_bis04,2,55,55,True,True,00110111,3.3,0.0,0.0,1.68755e-05,104.49999999999535,-0.962478,-0.962478,current_full_transition_bis04_f2_sh001
t057_mid,57,mid,-0.9492280374361775,CURRENT,full_transition_bis04,2,56,56,True,True,00111000,3.3,0.0,0.0,1.78755e-05,104.49999999999875,-0.949218,-0.949218,current_full_transition_bis04_f2_sh001
t058_mid,58,mid,-0.9359682338444266,CURRENT,full_transition_bis04,2,57,57,True,True,00111001,3.3,0.0,0.0,1.88755e-05,104.49999999999875,-0.935958,-0.935958,current_full_transition_bis04_f2_sh001
t059_mid,59,mid,-0.9227084302526758,CURRENT,full_transition_bis04,2,58,58,True,True,00111010,3.3,0.0,0.0,1.98755e-05,104.49999999999875,-0.922698,-0.922698,current_full_transition_bis04_f2_sh001
t060_mid,60,mid,-0.9094486266609252,CURRENT,full_transition_bis04,2,59,59,True,True,00111011,3.3,0.0,0.0,2.08755e-05,104.49999999999875,-0.909439,-0.909439,current_full_transition_bis04_f2_sh001
t061_mid,61,mid,-0.8949437058816745,CURRENT,full_transition_bis04,2,61,61,True,True,00111101,3.3,0.0,0.0,2.18755e-05,104.49999999999535,-0.894934,-0.894934,current_full_transition_bis04_f2_sh001
t062_mid,62,mid,-0.8829290194774237,CURRENT,full_transition_bis04,2,61,61,True,True,00111101,3.3,0.0,0.0,2.28755e-05,104.49999999999535,-0.882919,-0.882919,current_full_transition_bis04_f2_sh001
t066_mid,66,mid,-0.8298898051104207,CURRENT,full_transition_bis04,2,66,66,True,True,01000010,3.3,0.0,0.0,2.38755e-05,104.49999999999875,-0.82988,-0.82988,current_full_transition_bis04_f2_sh001
t067_mid,67,mid,-0.81663000151867,CURRENT,full_transition_bis04,2,67,67,True,True,01000011,3.3,0.0,0.0,2.48755e-05,104.49999999999875,-0.81662,-0.81662,current_full_transition_bis04_f2_sh001
t068_mid,68,mid,-0.8033701979269192,CURRENT,full_transition_bis04,2,68,68,True,True,01000100,3.3,0.0,0.0,2.58755e-05,104.49999999999875,-0.80336,-0.80336,current_full_transition_bis04_f2_sh001
t069_mid,69,mid,-0.7901103943351684,CURRENT,full_transition_bis04,2,68,68,True,True,01000100,3.3,0.0,0.0,2.68755e-05,104.49999999999875,-0.790101,-0.7901,current_full_transition_bis04_f2_sh001
t070_mid,70,mid,-0.7768505907434178,CURRENT,full_transition_bis04,2,69,69,True,True,01000101,3.3,0.0,0.0,2.78755e-05,104.49999999999535,-0.776841,-0.776841,current_full_transition_bis04_f2_sh001
t071_mid,71,mid,-0.763590787151667,CURRENT,full_transition_bis04,2,70,70,True,True,01000110,3.3,0.0,0.0,2.88755e-05,104.49999999999535,-0.763581,-0.763581,current_full_transition_bis04_f2_sh001
t072_mid,72,mid,-0.7503309835599163,CURRENT,full_transition_bis04,2,72,72,True,True,01001000,3.3,0.0,0.0,2.98755e-05,104.49999999999875,-0.750321,-0.750321,current_full_transition_bis04_f2_sh001
t073_mid,73,mid,-0.7370711799681655,CURRENT,full_transition_bis04,2,72,72,True,True,01001000,3.3,0.0,0.0,3.08755e-05,104.49999999999875,-0.737061,-0.737061,current_full_transition_bis04_f2_sh001
t074_mid,74,mid,-0.7238113763764147,CURRENT,full_transition_bis04,2,73,73,True,True,01001001,3.3,0.0,0.0,3.18755e-05,104.49999999999197,-0.723802,-0.723801,current_full_transition_bis04_f2_sh001
t075_mid,75,mid,-0.7105515727846641,CURRENT,full_transition_bis04,2,74,74,True,True,01001010,3.3,0.0,0.0,8.75483e-07,104.51699999999995,-0.710542,-0.710542,current_full_transition_bis04_f2_sh002
t076_mid,76,mid,-0.6972917691929132,CURRENT,full_transition_bis04,2,75,75,True,True,01001011,3.3,0.0,0.0,1.87548e-06,104.52000000000014,-0.697282,-0.697282,current_full_transition_bis04_f2_sh002
t077_mid,77,mid,-0.6840319656011626,CURRENT,full_transition_bis04,2,76,76,True,True,01001100,3.3,0.0,0.0,2.87548e-06,104.51999999999973,-0.684022,-0.684022,current_full_transition_bis04_f2_sh002
t078_mid,78,mid,-0.6707721620094118,CURRENT,full_transition_bis04,2,77,77,True,True,01001101,3.3,0.0,0.0,3.87548e-06,104.52000000000014,-0.670762,-0.670762,current_full_transition_bis04_f2_sh002
t079_mid,79,mid,-0.6575123584176612,CURRENT,full_transition_bis04,2,78,78,True,True,01001110,3.3,0.0,0.0,4.87548e-06,104.52000000000099,-0.657502,-0.657502,current_full_transition_bis04_f2_sh002
t081_mid,81,mid,-0.6309927512341595,CURRENT,full_transition_bis04,2,81,81,True,True,01010001,3.3,0.0,0.0,5.87548e-06,104.52000000000014,-0.630983,-0.630983,current_full_transition_bis04_f2_sh002
t082_mid,82,mid,-0.6177329476424089,CURRENT,full_transition_bis04,2,82,82,True,True,01010010,3.3,0.0,0.0,6.87548e-06,104.52000000000014,-0.617723,-0.617723,current_full_transition_bis04_f2_sh002
t083_mid,83,mid,-0.6044731440506581,CURRENT,full_transition_bis04,2,83,83,True,True,01010011,3.3,0.0,0.0,7.87548e-06,104.52000000000014,-0.604463,-0.604463,current_full_transition_bis04_f2_sh002
t084_mid,84,mid,-0.5912133404589075,CURRENT,full_transition_bis04,2,84,84,True,True,01010100,3.3,0.0,0.0,8.87548e-06,104.52000000000014,-0.591203,-0.591203,current_full_transition_bis04_f2_sh002
t085_mid,85,mid,-0.5779535368671567,CURRENT,full_transition_bis04,2,85,85,True,True,01010101,3.3,0.0,0.0,9.87548e-06,104.52000000000014,-0.577944,-0.577944,current_full_transition_bis04_f2_sh002
t086_mid,86,mid,-0.5646937332754061,CURRENT,full_transition_bis04,2,86,86,True,True,01010110,3.3,0.0,0.0,1.08755e-05,104.50000000000044,-0.564684,-0.564684,current_full_transition_bis04_f2_sh002
t087_mid,87,mid,-0.5514339296836552,CURRENT,full_transition_bis04,2,87,87,True,True,01010111,3.3,0.0,0.0,1.18755e-05,104.50000000000044,-0.551424,-0.551424,current_full_transition_bis04_f2_sh002
t088_mid,88,mid,-0.5381741260919044,CURRENT,full_transition_bis04,2,88,88,True,True,01011000,3.3,0.0,0.0,1.28755e-05,104.49999999999875,-0.538164,-0.538164,current_full_transition_bis04_f2_sh002
t089_mid,89,mid,-0.5249143225001538,CURRENT,full_transition_bis04,2,88,88,True,True,01011000,3.3,0.0,0.0,1.38755e-05,104.50000000000044,-0.524904,-0.524904,current_full_transition_bis04_f2_sh002
t090_mid,90,mid,-0.511654518908403,CURRENT,full_transition_bis04,2,90,90,True,True,01011010,3.3,0.0,0.0,1.48755e-05,104.50000000000044,-0.511645,-0.511645,current_full_transition_bis04_f2_sh002
t091_mid,91,mid,-0.4983947153166523,CURRENT,full_transition_bis04,2,91,91,True,True,01011011,3.3,0.0,0.0,1.58755e-05,104.49999999999875,-0.498385,-0.498385,current_full_transition_bis04_f2_sh002
t092_mid,92,mid,-0.4851349117249015,CURRENT,full_transition_bis04,2,92,92,True,True,01011100,3.3,0.0,0.0,1.68755e-05,104.49999999999535,-0.485125,-0.485125,current_full_transition_bis04_f2_sh002
t093_mid,93,mid,-0.47187510813315064,CURRENT,full_transition_bis04,2,92,92,True,True,01011100,3.3,0.0,0.0,1.78755e-05,104.49999999999875,-0.471865,-0.471865,current_full_transition_bis04_f2_sh002
t094_mid,94,mid,-0.45861530454140004,CURRENT,full_transition_bis04,2,93,93,True,True,01011101,3.3,0.0,0.0,1.88755e-05,104.49999999999875,-0.458605,-0.458605,current_full_transition_bis04_f2_sh002
t098_mid,98,mid,-0.40557609017439694,CURRENT,full_transition_bis04,2,98,98,True,True,01100010,3.3,0.0,0.0,1.98755e-05,104.49999999999875,-0.405566,-0.405566,current_full_transition_bis04_f2_sh002
t099_mid,99,mid,-0.39231628658264633,CURRENT,full_transition_bis04,2,99,99,True,True,01100011,3.3,0.0,0.0,2.08755e-05,104.49999999999875,-0.392306,-0.392306,current_full_transition_bis04_f2_sh002
t100_mid,100,mid,-0.3790564829908955,CURRENT,full_transition_bis04,2,100,100,True,True,01100100,3.3,0.0,0.0,2.18755e-05,104.49999999999535,-0.379047,-0.379047,current_full_transition_bis04_f2_sh002
t101_mid,101,mid,-0.3657966793991449,CURRENT,full_transition_bis04,2,101,101,True,True,01100101,3.3,0.0,0.0,2.28755e-05,104.49999999999535,-0.365787,-0.365787,current_full_transition_bis04_f2_sh002
t102_mid,102,mid,-0.35253687580739407,CURRENT,full_transition_bis04,2,102,102,True,True,01100110,3.3,0.0,0.0,2.38755e-05,104.49999999999875,-0.352527,-0.352527,current_full_transition_bis04_f2_sh002
t103_mid,103,mid,-0.33927707221564324,CURRENT,full_transition_bis04,2,103,103,True,True,01100111,3.3,0.0,0.0,2.48755e-05,104.49999999999875,-0.339267,-0.339267,current_full_transition_bis04_f2_sh002
t104_mid,104,mid,-0.32601726862389263,CURRENT,full_transition_bis04,2,104,104,True,True,01101000,3.3,0.0,0.0,2.58755e-05,104.49999999999875,-0.326007,-0.326007,current_full_transition_bis04_f2_sh002
t105_mid,105,mid,-0.3127574650321418,CURRENT,full_transition_bis04,2,105,105,True,True,01101001,3.3,0.0,0.0,2.68755e-05,104.49999999999875,-0.312748,-0.312747,current_full_transition_bis04_f2_sh002
t106_mid,106,mid,-0.2994976614403912,CURRENT,full_transition_bis04,2,106,106,True,True,01101010,3.3,0.0,0.0,2.78755e-05,104.49999999999535,-0.299488,-0.299488,current_full_transition_bis04_f2_sh002
t107_mid,107,mid,-0.28623785784864036,CURRENT,full_transition_bis04,2,107,107,True,True,01101011,3.3,0.0,0.0,2.88755e-05,104.49999999999535,-0.286228,-0.286228,current_full_transition_bis04_f2_sh002
t108_mid,108,mid,-0.27297805425688954,CURRENT,full_transition_bis04,2,108,108,True,True,01101100,3.3,0.0,0.0,2.98755e-05,104.49999999999875,-0.272968,-0.272968,current_full_transition_bis04_f2_sh002
t109_mid,109,mid,-0.25971825066513893,CURRENT,full_transition_bis04,2,108,108,True,True,01101100,3.3,0.0,0.0,3.08755e-05,104.49999999999875,-0.259708,-0.259708,current_full_transition_bis04_f2_sh002
t110_mid,110,mid,-0.2464584470733881,CURRENT,full_transition_bis04,2,109,109,True,True,01101101,3.3,0.0,0.0,3.18755e-05,104.49999999999197,-0.246448,-0.246448,current_full_transition_bis04_f2_sh002
t111_mid,111,mid,-0.2331986434816375,CURRENT,full_transition_bis04,2,110,110,True,True,01101110,3.3,0.0,0.0,8.75484e-07,104.51599999999993,-0.233189,-0.233189,current_full_transition_bis04_f2_sh003
t113_mid,113,mid,-0.2079241534856361,CURRENT,full_transition_bis04,2,112,112,True,True,01110000,3.3,0.0,0.0,1.87548e-06,104.52000000000014,-0.207914,-0.207914,current_full_transition_bis04_f2_sh003
t114_mid,114,mid,-0.19466434989388526,CURRENT,full_transition_bis04,2,113,113,True,True,01110001,3.3,0.0,0.0,2.87548e-06,104.51999999999973,-0.194654,-0.194654,current_full_transition_bis04_f2_sh003
t115_mid,115,mid,-0.18140454630213443,CURRENT,full_transition_bis04,2,114,114,True,True,01110010,3.3,0.0,0.0,3.87548e-06,104.52000000000014,-0.181395,-0.181395,current_full_transition_bis04_f2_sh003
t116_mid,116,mid,-0.16814474271038382,CURRENT,full_transition_bis04,2,115,115,True,True,01110011,3.3,0.0,0.0,4.87548e-06,104.52000000000099,-0.168135,-0.168135,current_full_transition_bis04_f2_sh003
t117_mid,117,mid,-0.15363982193113296,CURRENT,full_transition_bis04,2,117,117,True,True,01110101,3.3,0.0,0.0,5.87548e-06,104.52000000000014,-0.15363,-0.15363,current_full_transition_bis04_f2_sh003
t118_mid,118,mid,-0.14038001833938235,CURRENT,full_transition_bis04,2,118,118,True,True,01110110,3.3,0.0,0.0,6.87548e-06,104.52000000000014,-0.14037,-0.14037,current_full_transition_bis04_f2_sh003
t119_mid,119,mid,-0.12836533193513155,CURRENT,full_transition_bis04,2,118,118,True,True,01110110,3.3,0.0,0.0,7.87548e-06,104.52000000000014,-0.128355,-0.128355,current_full_transition_bis04_f2_sh003
t120_mid,120,mid,-0.1151055283433807,CURRENT,full_transition_bis04,2,119,119,True,True,01110111,3.3,0.0,0.0,8.87548e-06,104.52000000000014,-0.115096,-0.115096,current_full_transition_bis04_f2_sh003
t121_mid,121,mid,-0.1006006075641301,CURRENT,full_transition_bis04,2,121,121,True,True,01111001,3.3,0.0,0.0,9.87548e-06,104.52000000000014,-0.100591,-0.100591,current_full_transition_bis04_f2_sh003
t122_mid,122,mid,-0.08734080397237927,CURRENT,full_transition_bis04,2,122,122,True,True,01111010,3.3,0.0,0.0,1.08755e-05,104.50000000000044,-0.0873308,-0.0873308,current_full_transition_bis04_f2_sh003
t123_mid,123,mid,-0.07408100038062866,CURRENT,full_transition_bis04,2,123,123,True,True,01111011,3.3,0.0,0.0,1.18755e-05,104.50000000000044,-0.074071,-0.074071,current_full_transition_bis04_f2_sh003
t124_mid,124,mid,-0.06082119678887783,CURRENT,full_transition_bis04,2,124,124,True,True,01111100,3.3,0.0,0.0,1.28755e-05,104.49999999999875,-0.0608112,-0.0608112,current_full_transition_bis04_f2_sh003
t125_mid,125,mid,-0.047561393197127,CURRENT,full_transition_bis04,2,125,125,True,True,01111101,3.3,0.0,0.0,1.38755e-05,104.50000000000044,-0.0475514,-0.0475514,current_full_transition_bis04_f2_sh003
t126_mid,126,mid,-0.034301589605376395,CURRENT,full_transition_bis04,2,126,126,True,True,01111110,3.3,0.0,0.0,1.48755e-05,104.50000000000044,-0.0342916,-0.0342916,current_full_transition_bis04_f2_sh003
t130_mid,130,mid,0.019982741949126703,CURRENT,full_transition_bis04,2,129,129,True,True,10000001,3.3,0.0,0.0,1.58755e-05,104.49999999999875,0.0199927,0.0199927,current_full_transition_bis04_f2_sh003
t131_mid,131,mid,0.033242545540877314,CURRENT,full_transition_bis04,2,130,130,True,True,10000010,3.3,0.0,0.0,1.68755e-05,104.49999999999535,0.0332525,0.0332525,current_full_transition_bis04_f2_sh003
t132_mid,132,mid,0.04650234913262814,CURRENT,full_transition_bis04,2,131,131,True,True,10000011,3.3,0.0,0.0,1.78755e-05,104.49999999999875,0.0465123,0.0465123,current_full_transition_bis04_f2_sh003
t133_mid,133,mid,0.05976215272437875,CURRENT,full_transition_bis04,2,132,132,True,True,10000100,3.3,0.0,0.0,1.88755e-05,104.49999999999875,0.0597722,0.0597722,current_full_transition_bis04_f2_sh003
t134_mid,134,mid,0.07302195631612958,CURRENT,full_transition_bis04,2,133,133,True,True,10000101,3.3,0.0,0.0,1.98755e-05,104.49999999999875,0.073032,0.073032,current_full_transition_bis04_f2_sh003
t135_mid,135,mid,0.08628175990788041,CURRENT,full_transition_bis04,2,134,134,True,True,10000110,3.3,0.0,0.0,2.08755e-05,104.49999999999875,0.0862918,0.0862918,current_full_transition_bis04_f2_sh003
t136_mid,136,mid,0.09954156349963102,CURRENT,full_transition_bis04,2,135,135,True,True,10000111,3.3,0.0,0.0,2.18755e-05,104.49999999999535,0.0995516,0.0995516,current_full_transition_bis04_f2_sh003
t137_mid,137,mid,0.11280136709138185,CURRENT,full_transition_bis04,2,136,136,True,True,10001000,3.3,0.0,0.0,2.28755e-05,104.49999999999535,0.112811,0.112811,current_full_transition_bis04_f2_sh003
t138_mid,138,mid,0.12606117068313244,CURRENT,full_transition_bis04,2,137,137,True,True,10001001,3.3,0.0,0.0,2.38755e-05,104.49999999999875,0.126071,0.126071,current_full_transition_bis04_f2_sh003
t139_mid,139,mid,0.13932097427488327,CURRENT,full_transition_bis04,2,138,138,True,True,10001010,3.3,0.0,0.0,2.48755e-05,104.49999999999875,0.139331,0.139331,current_full_transition_bis04_f2_sh003
t140_mid,140,mid,0.1525807778666341,CURRENT,full_transition_bis04,2,139,139,True,True,10001011,3.3,0.0,0.0,2.58755e-05,104.49999999999875,0.152591,0.152591,current_full_transition_bis04_f2_sh003
t141_mid,141,mid,0.16708569864588474,CURRENT,full_transition_bis04,2,141,141,True,True,10001101,3.3,0.0,0.0,2.68755e-05,104.49999999999875,0.167096,0.167096,current_full_transition_bis04_f2_sh003
t142_mid,142,mid,0.18034550223763557,CURRENT,full_transition_bis04,2,142,142,True,True,10001110,3.3,0.0,0.0,2.78755e-05,104.49999999999535,0.180356,0.180356,current_full_transition_bis04_f2_sh003
t143_mid,143,mid,0.19360530582938618,CURRENT,full_transition_bis04,2,143,143,True,True,10001111,3.3,0.0,0.0,2.88755e-05,104.49999999999535,0.193615,0.193615,current_full_transition_bis04_f2_sh003
t145_mid,145,mid,0.2188797958253878,CURRENT,full_transition_bis04,2,145,145,True,True,10010001,3.3,0.0,0.0,2.98755e-05,104.49999999999875,0.21889,0.21889,current_full_transition_bis04_f2_sh003
t146_mid,146,mid,0.2321395994171384,CURRENT,full_transition_bis04,2,146,146,True,True,10010010,3.3,0.0,0.0,3.08755e-05,104.49999999999875,0.23215,0.23215,current_full_transition_bis04_f2_sh003
t147_mid,147,mid,0.24539940300888924,CURRENT,full_transition_bis04,2,147,147,True,True,10010011,3.3,0.0,0.0,3.18755e-05,104.49999999999197,0.245409,0.245409,current_full_transition_bis04_f2_sh003
t148_mid,148,mid,0.25865920660063985,CURRENT,full_transition_bis04,2,148,148,True,True,10010100,3.3,0.0,0.0,8.75483e-07,104.51699999999995,0.258669,0.258669,current_full_transition_bis04_f2_sh004
t149_mid,149,mid,0.2719190101923907,CURRENT,full_transition_bis04,2,148,148,True,True,10010100,3.3,0.0,0.0,1.87548e-06,104.52000000000014,0.271929,0.271929,current_full_transition_bis04_f2_sh004
t150_mid,150,mid,0.2851788137841413,CURRENT,full_transition_bis04,2,149,149,True,True,10010101,3.3,0.0,0.0,2.87548e-06,104.51999999999973,0.285189,0.285189,current_full_transition_bis04_f2_sh004
t151_mid,151,mid,0.2984386173758921,CURRENT,full_transition_bis04,2,150,150,True,True,10010110,3.3,0.0,0.0,3.87548e-06,104.52000000000014,0.298449,0.298449,current_full_transition_bis04_f2_sh004
t152_mid,152,mid,0.31169842096764294,CURRENT,full_transition_bis04,2,152,152,True,True,10011000,3.3,0.0,0.0,4.87548e-06,104.52000000000099,0.311709,0.311708,current_full_transition_bis04_f2_sh004
t153_mid,153,mid,0.32495822455939355,CURRENT,full_transition_bis04,2,152,152,True,True,10011000,3.3,0.0,0.0,5.87548e-06,104.52000000000014,0.324968,0.324968,current_full_transition_bis04_f2_sh004
t154_mid,154,mid,0.33821802815114416,CURRENT,full_transition_bis04,2,153,153,True,True,10011001,3.3,0.0,0.0,6.87548e-06,104.52000000000014,0.338228,0.338228,current_full_transition_bis04_f2_sh004
t155_mid,155,mid,0.3514778317428952,CURRENT,full_transition_bis04,2,154,154,True,True,10011010,3.3,0.0,0.0,7.87548e-06,104.52000000000014,0.351488,0.351488,current_full_transition_bis04_f2_sh004
t156_mid,156,mid,0.3647376353346458,CURRENT,full_transition_bis04,2,155,155,True,True,10011011,3.3,0.0,0.0,8.87548e-06,104.52000000000014,0.364748,0.364748,current_full_transition_bis04_f2_sh004
t157_mid,157,mid,0.3779974389263964,CURRENT,full_transition_bis04,2,156,156,True,True,10011100,3.3,0.0,0.0,9.87548e-06,104.52000000000014,0.378008,0.378007,current_full_transition_bis04_f2_sh004
t158_mid,158,mid,0.3912572425181475,CURRENT,full_transition_bis04,2,157,157,True,True,10011101,3.3,0.0,0.0,1.08755e-05,104.50000000000044,0.391267,0.391267,current_full_transition_bis04_f2_sh004
t162_mid,162,mid,0.44429645688515035,CURRENT,full_transition_bis04,2,162,162,True,True,10100010,3.3,0.0,0.0,1.18755e-05,104.50000000000044,0.444307,0.444306,current_full_transition_bis04_f2_sh004
t163_mid,163,mid,0.45755626047690096,CURRENT,full_transition_bis04,2,163,163,True,True,10100011,3.3,0.0,0.0,1.28755e-05,104.49999999999875,0.457566,0.457566,current_full_transition_bis04_f2_sh004
t164_mid,164,mid,0.47081606406865156,CURRENT,full_transition_bis04,2,164,164,True,True,10100100,3.3,0.0,0.0,1.38755e-05,104.50000000000044,0.470826,0.470826,current_full_transition_bis04_f2_sh004
t165_mid,165,mid,0.4840758676604026,CURRENT,full_transition_bis04,2,164,164,True,True,10100100,3.3,0.0,0.0,1.48755e-05,104.50000000000044,0.484086,0.484086,current_full_transition_bis04_f2_sh004
t166_mid,166,mid,0.4973356712521532,CURRENT,full_transition_bis04,2,165,165,True,True,10100101,3.3,0.0,0.0,1.58755e-05,104.49999999999875,0.497346,0.497346,current_full_transition_bis04_f2_sh004
t167_mid,167,mid,0.5105954748439039,CURRENT,full_transition_bis04,2,167,167,True,True,10100111,3.3,0.0,0.0,1.68755e-05,104.49999999999535,0.510606,0.510606,current_full_transition_bis04_f2_sh004
t168_mid,168,mid,0.5238552784356549,CURRENT,full_transition_bis04,2,168,168,True,True,10101000,3.3,0.0,0.0,1.78755e-05,104.49999999999875,0.523865,0.523865,current_full_transition_bis04_f2_sh004
t169_mid,169,mid,0.5371150820274055,CURRENT,full_transition_bis04,2,168,168,True,True,10101000,3.3,0.0,0.0,1.88755e-05,104.49999999999875,0.537125,0.537125,current_full_transition_bis04_f2_sh004
t170_mid,170,mid,0.5503748856191562,CURRENT,full_transition_bis04,2,169,169,True,True,10101001,3.3,0.0,0.0,1.98755e-05,104.49999999999875,0.550385,0.550385,current_full_transition_bis04_f2_sh004
t171_mid,171,mid,0.5636346892109068,CURRENT,full_transition_bis04,2,170,170,True,True,10101010,3.3,0.0,0.0,2.08755e-05,104.49999999999875,0.563645,0.563645,current_full_transition_bis04_f2_sh004
t172_mid,172,mid,0.5768944928026578,CURRENT,full_transition_bis04,2,171,171,True,True,10101011,3.3,0.0,0.0,2.18755e-05,104.49999999999535,0.576905,0.576905,current_full_transition_bis04_f2_sh004
t173_mid,173,mid,0.5901542963944084,CURRENT,full_transition_bis04,2,172,172,True,True,10101100,3.3,0.0,0.0,2.28755e-05,104.49999999999535,0.590164,0.590164,current_full_transition_bis04_f2_sh004
t174_mid,174,mid,0.603414099986159,CURRENT,full_transition_bis04,2,173,173,True,True,10101101,3.3,0.0,0.0,2.38755e-05,104.49999999999875,0.603424,0.603424,current_full_transition_bis04_f2_sh004
t175_mid,175,mid,0.6166739035779101,CURRENT,full_transition_bis04,2,174,174,True,True,10101110,3.3,0.0,0.0,2.48755e-05,104.49999999999875,0.616684,0.616684,current_full_transition_bis04_f2_sh004
t177_mid,177,mid,0.6431935107614113,CURRENT,full_transition_bis04,2,177,177,True,True,10110001,3.3,0.0,0.0,2.58755e-05,104.49999999999875,0.643204,0.643204,current_full_transition_bis04_f2_sh004
t178_mid,178,mid,0.6564533143531623,CURRENT,full_transition_bis04,2,178,178,True,True,10110010,3.3,0.0,0.0,2.68755e-05,104.49999999999875,0.656463,0.656463,current_full_transition_bis04_f2_sh004
t179_mid,179,mid,0.669713117944913,CURRENT,full_transition_bis04,2,179,179,True,True,10110011,3.3,0.0,0.0,2.78755e-05,104.49999999999535,0.669723,0.669723,current_full_transition_bis04_f2_sh004
t180_mid,180,mid,0.6829729215366636,CURRENT,full_transition_bis04,2,180,180,True,True,10110100,3.3,0.0,0.0,2.88755e-05,104.49999999999535,0.682983,0.682983,current_full_transition_bis04_f2_sh004
t181_mid,181,mid,0.6962327251284142,CURRENT,full_transition_bis04,2,181,181,True,True,10110101,3.3,0.0,0.0,2.98755e-05,104.49999999999875,0.696243,0.696243,current_full_transition_bis04_f2_sh004
t182_mid,182,mid,0.7094925287201652,CURRENT,full_transition_bis04,2,182,182,True,True,10110110,3.3,0.0,0.0,3.08755e-05,104.49999999999875,0.709503,0.709503,current_full_transition_bis04_f2_sh004
t183_mid,183,mid,0.7227523323119158,CURRENT,full_transition_bis04,2,183,183,True,True,10110111,3.3,0.0,0.0,3.18755e-05,104.49999999999197,0.722762,0.722762,current_full_transition_bis04_f2_sh004
t184_mid,184,mid,0.7360121359036664,CURRENT,full_transition_bis04,2,184,184,True,True,10111000,3.3,0.0,0.0,8.75483e-07,104.51699999999995,0.736022,0.736022,current_full_transition_bis04_f2_sh005
t185_mid,185,mid,0.7492719394954175,CURRENT,full_transition_bis04,2,185,185,True,True,10111001,3.3,0.0,0.0,1.87548e-06,104.52000000000014,0.749282,0.749282,current_full_transition_bis04_f2_sh005
t186_mid,186,mid,0.7625317430871681,CURRENT,full_transition_bis04,2,186,186,True,True,10111010,3.3,0.0,0.0,2.87548e-06,104.51999999999973,0.762542,0.762542,current_full_transition_bis04_f2_sh005
t187_mid,187,mid,0.7757915466789187,CURRENT,full_transition_bis04,2,187,187,True,True,10111011,3.3,0.0,0.0,3.87548e-06,104.52000000000014,0.775802,0.775802,current_full_transition_bis04_f2_sh005
t188_mid,188,mid,0.7890513502706697,CURRENT,full_transition_bis04,2,188,188,True,True,10111100,3.3,0.0,0.0,4.87548e-06,104.52000000000099,0.789061,0.789061,current_full_transition_bis04_f2_sh005
t189_mid,189,mid,0.8023111538624204,CURRENT,full_transition_bis04,2,188,188,True,True,10111100,3.3,0.0,0.0,5.87548e-06,104.52000000000014,0.802321,0.802321,current_full_transition_bis04_f2_sh005
t194_mid,194,mid,0.8673650546336737,CURRENT,full_transition_bis04,2,193,193,True,True,11000001,3.3,0.0,0.0,6.87548e-06,104.52000000000014,0.867375,0.867375,current_full_transition_bis04_f2_sh005
t195_mid,195,mid,0.8806248582254248,CURRENT,full_transition_bis04,2,194,194,True,True,11000010,3.3,0.0,0.0,7.87548e-06,104.52000000000014,0.880635,0.880635,current_full_transition_bis04_f2_sh005
t196_mid,196,mid,0.8938846618171754,CURRENT,full_transition_bis04,2,195,195,True,True,11000011,3.3,0.0,0.0,8.87548e-06,104.52000000000014,0.893895,0.893895,current_full_transition_bis04_f2_sh005
t197_mid,197,mid,0.9083895825964261,CURRENT,full_transition_bis04,2,197,197,True,True,11000101,3.3,0.0,0.0,9.87548e-06,104.52000000000014,0.9084,0.9084,current_full_transition_bis04_f2_sh005
t198_mid,198,mid,0.9216493861881767,CURRENT,full_transition_bis04,2,198,198,True,True,11000110,3.3,0.0,0.0,1.08755e-05,104.50000000000044,0.921659,0.921659,current_full_transition_bis04_f2_sh005
t199_mid,199,mid,0.9349091897799278,CURRENT,full_transition_bis04,2,199,199,True,True,11000111,3.3,0.0,0.0,1.18755e-05,104.50000000000044,0.934919,0.934919,current_full_transition_bis04_f2_sh005
t200_mid,200,mid,0.9469238761841783,CURRENT,full_transition_bis04,2,199,199,True,True,11000111,3.3,0.0,0.0,1.28755e-05,104.49999999999875,0.946934,0.946934,current_full_transition_bis04_f2_sh005
t201_mid,201,mid,0.961428796963429,CURRENT,full_transition_bis04,2,201,201,True,True,11001001,3.3,0.0,0.0,1.38755e-05,104.50000000000044,0.961439,0.961439,current_full_transition_bis04_f2_sh005
t202_mid,202,mid,0.97468860055518,CURRENT,full_transition_bis04,2,202,202,True,True,11001010,3.3,0.0,0.0,1.48755e-05,104.50000000000044,0.974699,0.974699,current_full_transition_bis04_f2_sh005
t203_mid,203,mid,0.9879484041469306,CURRENT,full_transition_bis04,2,203,203,True,True,11001011,3.3,0.0,0.0,1.58755e-05,104.49999999999875,0.987958,0.987958,current_full_transition_bis04_f2_sh005
t204_mid,204,mid,1.0012082077386812,CURRENT,full_transition_bis04,2,204,204,True,True,11001100,3.3,0.0,0.0,1.68755e-05,104.49999999999535,1.00122,1.00122,current_full_transition_bis04_f2_sh005
t205_mid,205,mid,1.0144680113304323,CURRENT,full_transition_bis04,2,204,204,True,True,11001100,3.3,0.0,0.0,1.78755e-05,104.49999999999875,1.01448,1.01448,current_full_transition_bis04_f2_sh005
t206_mid,206,mid,1.027727814922183,CURRENT,full_transition_bis04,2,206,206,True,True,11001110,3.3,0.0,0.0,1.88755e-05,104.49999999999875,1.02774,1.02774,current_full_transition_bis04_f2_sh005
t207_mid,207,mid,1.0409876185139335,CURRENT,full_transition_bis04,2,207,207,True,True,11001111,3.3,0.0,0.0,1.98755e-05,104.49999999999875,1.041,1.041,current_full_transition_bis04_f2_sh005
t209_mid,209,mid,1.066262108509935,CURRENT,full_transition_bis04,2,208,208,True,True,11010000,3.3,0.0,0.0,2.08755e-05,104.49999999999875,1.06627,1.06627,current_full_transition_bis04_f2_sh005
t210_mid,210,mid,1.0795219121016857,CURRENT,full_transition_bis04,2,209,209,True,True,11010001,3.3,0.0,0.0,2.18755e-05,104.49999999999535,1.07953,1.07953,current_full_transition_bis04_f2_sh005
t211_mid,211,mid,1.0927817156934363,CURRENT,full_transition_bis04,2,210,210,True,True,11010010,3.3,0.0,0.0,2.28755e-05,104.49999999999535,1.09279,1.09279,current_full_transition_bis04_f2_sh005
t212_mid,212,mid,1.1060415192851873,CURRENT,full_transition_bis04,2,211,211,True,True,11010011,3.3,0.0,0.0,2.38755e-05,104.49999999999875,1.10605,1.10605,current_full_transition_bis04_f2_sh005
t213_mid,213,mid,1.120546440064438,CURRENT,full_transition_bis04,2,213,213,True,True,11010101,3.3,0.0,0.0,2.48755e-05,104.49999999999875,1.12056,1.12056,current_full_transition_bis04_f2_sh005
t214_mid,214,mid,1.1325611264686886,CURRENT,full_transition_bis04,2,213,213,True,True,11010101,3.3,0.0,0.0,2.58755e-05,104.49999999999875,1.13257,1.13257,current_full_transition_bis04_f2_sh005
t215_mid,215,mid,1.1458209300604396,CURRENT,full_transition_bis04,2,214,214,True,True,11010110,3.3,0.0,0.0,2.68755e-05,104.49999999999875,1.14583,1.14583,current_full_transition_bis04_f2_sh005
t216_mid,216,mid,1.1590807336521902,CURRENT,full_transition_bis04,2,215,215,True,True,11010111,3.3,0.0,0.0,2.78755e-05,104.49999999999535,1.15909,1.15909,current_full_transition_bis04_f2_sh005
t217_mid,217,mid,1.173585654431441,CURRENT,full_transition_bis04,2,217,217,True,True,11011001,3.3,0.0,0.0,2.88755e-05,104.49999999999535,1.1736,1.1736,current_full_transition_bis04_f2_sh005
t218_mid,218,mid,1.1868454580231915,CURRENT,full_transition_bis04,2,218,218,True,True,11011010,3.3,0.0,0.0,2.98755e-05,104.49999999999875,1.18686,1.18686,current_full_transition_bis04_f2_sh005
t219_mid,219,mid,1.1988601444274425,CURRENT,full_transition_bis04,2,218,218,True,True,11011010,3.3,0.0,0.0,3.08755e-05,104.49999999999875,1.19887,1.19887,current_full_transition_bis04_f2_sh005
t220_mid,220,mid,1.2133650652066932,CURRENT,full_transition_bis04,2,220,220,True,True,11011100,3.3,0.0,0.0,3.18755e-05,104.49999999999197,1.21338,1.21338,current_full_transition_bis04_f2_sh005
t221_mid,221,mid,1.2266248687984438,CURRENT,full_transition_bis04,2,221,221,True,True,11011101,3.3,0.0,0.0,8.75482e-07,104.51799999999999,1.22663,1.22663,current_full_transition_bis04_f2_sh006
t222_mid,222,mid,1.2398846723901948,CURRENT,full_transition_bis04,2,222,222,True,True,11011110,3.3,0.0,0.0,1.87548e-06,104.52000000000014,1.23989,1.23989,current_full_transition_bis04_f2_sh006
t226_mid,226,mid,1.2916787695696976,CURRENT,full_transition_bis04,2,225,225,True,True,11100001,3.3,0.0,0.0,2.87548e-06,104.51999999999973,1.29169,1.29169,current_full_transition_bis04_f2_sh006
t227_mid,227,mid,1.3049385731614482,CURRENT,full_transition_bis04,2,226,226,True,True,11100010,3.3,0.0,0.0,3.87548e-06,104.52000000000014,1.30495,1.30495,current_full_transition_bis04_f2_sh006
t228_mid,228,mid,1.3181983767531988,CURRENT,full_transition_bis04,2,227,227,True,True,11100011,3.3,0.0,0.0,4.87548e-06,104.52000000000099,1.31821,1.31821,current_full_transition_bis04_f2_sh006
t229_mid,229,mid,1.33145818034495,CURRENT,full_transition_bis04,2,228,228,True,True,11100100,3.3,0.0,0.0,5.87548e-06,104.52000000000014,1.33147,1.33147,current_full_transition_bis04_f2_sh006
t230_mid,230,mid,1.3447179839367005,CURRENT,full_transition_bis04,2,229,229,True,True,11100101,3.3,0.0,0.0,6.87548e-06,104.52000000000014,1.34473,1.34473,current_full_transition_bis04_f2_sh006
t231_mid,231,mid,1.357977787528451,CURRENT,full_transition_bis04,2,230,230,True,True,11100110,3.3,0.0,0.0,7.87548e-06,104.52000000000014,1.35799,1.35799,current_full_transition_bis04_f2_sh006
t232_mid,232,mid,1.3712375911202022,CURRENT,full_transition_bis04,2,231,231,True,True,11100111,3.3,0.0,0.0,8.87548e-06,104.52000000000014,1.37125,1.37125,current_full_transition_bis04_f2_sh006
t233_mid,233,mid,1.3857425118994529,CURRENT,full_transition_bis04,2,233,233,True,True,11101001,3.3,0.0,0.0,9.87548e-06,104.52000000000014,1.38575,1.38575,current_full_transition_bis04_f2_sh006
t234_mid,234,mid,1.3977571983037034,CURRENT,full_transition_bis04,2,233,233,True,True,11101001,3.3,0.0,0.0,1.08755e-05,104.50000000000044,1.39777,1.39777,current_full_transition_bis04_f2_sh006
t235_mid,235,mid,1.411017001895454,CURRENT,full_transition_bis04,2,234,234,True,True,11101010,3.3,0.0,0.0,1.18755e-05,104.50000000000044,1.41103,1.41103,current_full_transition_bis04_f2_sh006
t236_mid,236,mid,1.4255219226747051,CURRENT,full_transition_bis04,2,236,236,True,True,11101100,3.3,0.0,0.0,1.28755e-05,104.49999999999875,1.42553,1.42553,current_full_transition_bis04_f2_sh006
t237_mid,237,mid,1.4387817262664557,CURRENT,full_transition_bis04,2,237,237,True,True,11101101,3.3,0.0,0.0,1.38755e-05,104.50000000000044,1.43879,1.43879,current_full_transition_bis04_f2_sh006
t238_mid,238,mid,1.4520415298582063,CURRENT,full_transition_bis04,2,238,238,True,True,11101110,3.3,0.0,0.0,1.48755e-05,104.50000000000044,1.45205,1.45205,current_full_transition_bis04_f2_sh006
t239_mid,239,mid,1.4653013334499574,CURRENT,full_transition_bis04,2,239,239,True,True,11101111,3.3,0.0,0.0,1.58755e-05,104.49999999999875,1.46531,1.46531,current_full_transition_bis04_f2_sh006
t240_mid,240,mid,1.477316019854208,CURRENT,full_transition_bis04,2,240,240,True,True,11110000,3.3,0.0,0.0,1.68755e-05,104.49999999999535,1.47733,1.47733,current_full_transition_bis04_f2_sh006
t241_mid,241,mid,1.4905758234459585,CURRENT,full_transition_bis04,2,240,240,True,True,11110000,3.3,0.0,0.0,1.78755e-05,104.49999999999875,1.49059,1.49059,current_full_transition_bis04_f2_sh006
t242_mid,242,mid,1.5038356270377096,CURRENT,full_transition_bis04,2,241,241,True,True,11110001,3.3,0.0,0.0,1.88755e-05,104.49999999999875,1.50385,1.50385,current_full_transition_bis04_f2_sh006
t243_mid,243,mid,1.5170954306294602,CURRENT,full_transition_bis04,2,243,243,True,True,11110011,3.3,0.0,0.0,1.98755e-05,104.49999999999875,1.51711,1.51711,current_full_transition_bis04_f2_sh006
t244_mid,244,mid,1.5303552342212108,CURRENT,full_transition_bis04,2,243,243,True,True,11110011,3.3,0.0,0.0,2.08755e-05,104.49999999999875,1.53037,1.53037,current_full_transition_bis04_f2_sh006
t245_mid,245,mid,1.5436150378129614,CURRENT,full_transition_bis04,2,244,244,True,True,11110100,3.3,0.0,0.0,2.18755e-05,104.49999999999535,1.54363,1.54363,current_full_transition_bis04_f2_sh006
t246_mid,246,mid,1.5568748414047124,CURRENT,full_transition_bis04,2,245,245,True,True,11110101,3.3,0.0,0.0,2.28755e-05,104.49999999999535,1.55688,1.55688,current_full_transition_bis04_f2_sh006
t247_mid,247,mid,1.570134644996463,CURRENT,full_transition_bis04,2,246,246,True,True,11110110,3.3,0.0,0.0,2.38755e-05,104.49999999999875,1.57014,1.57014,current_full_transition_bis04_f2_sh006
t248_mid,248,mid,1.5833944485882137,CURRENT,full_transition_bis04,2,247,247,True,True,11110111,3.3,0.0,0.0,2.48755e-05,104.49999999999875,1.5834,1.5834,current_full_transition_bis04_f2_sh006
t249_mid,249,mid,1.5966542521799647,CURRENT,full_transition_bis04,2,248,248,True,True,11111000,3.3,0.0,0.0,2.58755e-05,104.49999999999875,1.59666,1.59666,current_full_transition_bis04_f2_sh006
t250_mid,250,mid,1.6099140557717153,CURRENT,full_transition_bis04,2,249,249,True,True,11111001,3.3,0.0,0.0,2.68755e-05,104.49999999999875,1.60992,1.60992,current_full_transition_bis04_f2_sh006
t251_mid,251,mid,1.623173859363466,CURRENT,full_transition_bis04,2,250,250,True,True,11111010,3.3,0.0,0.0,2.78755e-05,104.49999999999535,1.62318,1.62318,current_full_transition_bis04_f2_sh006
t252_mid,252,mid,1.636433662955217,CURRENT,full_transition_bis04,2,251,251,True,True,11111011,3.3,0.0,0.0,2.88755e-05,104.49999999999535,1.63644,1.63644,current_full_transition_bis04_f2_sh006
t253_mid,253,mid,1.6509385837344677,CURRENT,full_transition_bis04,2,253,253,True,True,11111101,3.3,0.0,0.0,2.98755e-05,104.49999999999875,1.65095,1.65095,current_full_transition_bis04_f2_sh006
t254_mid,254,mid,1.6629532701387182,CURRENT,full_transition_bis04,2,253,253,True,True,11111101,3.3,0.0,0.0,3.08755e-05,104.49999999999875,1.66296,1.66296,current_full_transition_bis04_f2_sh006
t039_mid,39,mid,-1.1875932227908157,CURRENT,full_transition_bis05,2,38,38,True,True,00100110,3.3,0.0,0.0,8.75484e-07,104.51599999999993,-1.18758,-1.18758,current_full_transition_bis05_f2_sh001
t040_mid,40,mid,-1.174333419199065,CURRENT,full_transition_bis05,2,39,39,True,True,00100111,3.3,0.0,0.0,1.87548e-06,104.52000000000014,-1.17432,-1.17432,current_full_transition_bis05_f2_sh001
t041_mid,41,mid,-1.1604510570135642,CURRENT,full_transition_bis05,2,41,41,True,True,00101001,3.3,0.0,0.0,2.87548e-06,104.51999999999973,-1.16044,-1.16044,current_full_transition_bis05_f2_sh001
t042_mid,42,mid,-1.1478138120155634,CURRENT,full_transition_bis05,2,41,41,True,True,00101001,3.3,0.0,0.0,3.87548e-06,104.52000000000014,-1.1478,-1.1478,current_full_transition_bis05_f2_sh001
t043_mid,43,mid,-1.1345540084238128,CURRENT,full_transition_bis05,2,42,42,True,True,00101010,3.3,0.0,0.0,4.87548e-06,104.52000000000099,-1.13454,-1.13454,current_full_transition_bis05_f2_sh001
t044_mid,44,mid,-1.120671646238312,CURRENT,full_transition_bis05,2,44,44,True,True,00101100,3.3,0.0,0.0,5.87548e-06,104.52000000000014,-1.12066,-1.12066,current_full_transition_bis05_f2_sh001
t045_mid,45,mid,-1.1074118426465613,CURRENT,full_transition_bis05,2,44,44,True,True,00101100,3.3,0.0,0.0,6.87548e-06,104.52000000000014,-1.1074,-1.1074,current_full_transition_bis05_f2_sh001
t046_mid,46,mid,-1.0941520390548107,CURRENT,full_transition_bis05,2,46,46,True,True,00101110,3.3,0.0,0.0,7.87548e-06,104.52000000000014,-1.09414,-1.09414,current_full_transition_bis05_f2_sh001
t047_mid,47,mid,-1.0808922354630597,CURRENT,full_transition_bis05,2,47,47,True,True,00101111,3.3,0.0,0.0,8.87548e-06,104.52000000000014,-1.08088,-1.08088,current_full_transition_bis05_f2_sh001
t049_mid,49,mid,-1.0549951868733083,CURRENT,full_transition_bis05,2,49,49,True,True,00110001,3.3,0.0,0.0,9.87548e-06,104.52000000000014,-1.05499,-1.05499,current_full_transition_bis05_f2_sh001
t050_mid,50,mid,-1.0417353832815577,CURRENT,full_transition_bis05,2,50,50,True,True,00110010,3.3,0.0,0.0,1.08755e-05,104.50000000000044,-1.04173,-1.04173,current_full_transition_bis05_f2_sh001
t051_mid,51,mid,-1.029098138283557,CURRENT,full_transition_bis05,2,50,50,True,True,00110010,3.3,0.0,0.0,1.18755e-05,104.50000000000044,-1.02909,-1.02909,current_full_transition_bis05_f2_sh001
t052_mid,52,mid,-1.015215776098056,CURRENT,full_transition_bis05,2,52,52,True,True,00110100,3.3,0.0,0.0,1.28755e-05,104.49999999999875,-1.01521,-1.01521,current_full_transition_bis05_f2_sh001
t053_mid,53,mid,-1.0019559725063054,CURRENT,full_transition_bis05,2,52,52,True,True,00110100,3.3,0.0,0.0,1.38755e-05,104.50000000000044,-1.00195,-1.00195,current_full_transition_bis05_f2_sh001
t054_mid,54,mid,-0.9886961689145546,CURRENT,full_transition_bis05,2,54,54,True,True,00110110,3.3,0.0,0.0,1.48755e-05,104.50000000000044,-0.988686,-0.988686,current_full_transition_bis05_f2_sh001
t055_mid,55,mid,-0.9754363653228039,CURRENT,full_transition_bis05,2,55,55,True,True,00110111,3.3,0.0,0.0,1.58755e-05,104.49999999999875,-0.975426,-0.975426,current_full_transition_bis05_f2_sh001
t056_mid,56,mid,-0.9621765617310531,CURRENT,full_transition_bis05,2,56,56,True,True,00111000,3.3,0.0,0.0,1.68755e-05,104.49999999999535,-0.962167,-0.962167,current_full_transition_bis05_f2_sh001
t057_mid,57,mid,-0.9489167581393024,CURRENT,full_transition_bis05,2,56,56,True,True,00111000,3.3,0.0,0.0,1.78755e-05,104.49999999999875,-0.948907,-0.948907,current_full_transition_bis05_f2_sh001
t058_mid,58,mid,-0.9356569545475516,CURRENT,full_transition_bis05,2,57,57,True,True,00111001,3.3,0.0,0.0,1.88755e-05,104.49999999999875,-0.935647,-0.935647,current_full_transition_bis05_f2_sh001
t059_mid,59,mid,-0.9223971509558009,CURRENT,full_transition_bis05,2,58,58,True,True,00111010,3.3,0.0,0.0,1.98755e-05,104.49999999999875,-0.922387,-0.922387,current_full_transition_bis05_f2_sh001
t060_mid,60,mid,-0.9091373473640502,CURRENT,full_transition_bis05,2,59,59,True,True,00111011,3.3,0.0,0.0,2.08755e-05,104.49999999999875,-0.909127,-0.909127,current_full_transition_bis05_f2_sh001
t061_mid,61,mid,-0.8952549851785494,CURRENT,full_transition_bis05,2,61,61,True,True,00111101,3.3,0.0,0.0,2.18755e-05,104.49999999999535,-0.895245,-0.895245,current_full_transition_bis05_f2_sh001
t062_mid,62,mid,-0.8826177401805487,CURRENT,full_transition_bis05,2,61,61,True,True,00111101,3.3,0.0,0.0,2.28755e-05,104.49999999999535,-0.882608,-0.882608,current_full_transition_bis05_f2_sh001
t066_mid,66,mid,-0.8302010844072957,CURRENT,full_transition_bis05,2,65,65,True,True,01000001,3.3,0.0,0.0,2.38755e-05,104.49999999999875,-0.830191,-0.830191,current_full_transition_bis05_f2_sh001
t067_mid,67,mid,-0.816941280815545,CURRENT,full_transition_bis05,2,66,66,True,True,01000010,3.3,0.0,0.0,2.48755e-05,104.49999999999875,-0.816931,-0.816931,current_full_transition_bis05_f2_sh001
t068_mid,68,mid,-0.8036814772237941,CURRENT,full_transition_bis05,2,67,67,True,True,01000011,3.3,0.0,0.0,2.58755e-05,104.49999999999875,-0.803672,-0.803672,current_full_transition_bis05_f2_sh001
t069_mid,69,mid,-0.7897991150382935,CURRENT,full_transition_bis05,2,69,69,True,True,01000101,3.3,0.0,0.0,2.68755e-05,104.49999999999875,-0.789789,-0.789789,current_full_transition_bis05_f2_sh001
t070_mid,70,mid,-0.7765393114465428,CURRENT,full_transition_bis05,2,70,70,True,True,01000110,3.3,0.0,0.0,2.78755e-05,104.49999999999535,-0.776529,-0.776529,current_full_transition_bis05_f2_sh001
t071_mid,71,mid,-0.763279507854792,CURRENT,full_transition_bis05,2,71,71,True,True,01000111,3.3,0.0,0.0,2.88755e-05,104.49999999999535,-0.76327,-0.76327,current_full_transition_bis05_f2_sh001
t072_mid,72,mid,-0.7506422628567913,CURRENT,full_transition_bis05,2,71,71,True,True,01000111,3.3,0.0,0.0,2.98755e-05,104.49999999999875,-0.750632,-0.750632,current_full_transition_bis05_f2_sh001
t073_mid,73,mid,-0.7367599006712905,CURRENT,full_transition_bis05,2,73,73,True,True,01001001,3.3,0.0,0.0,3.08755e-05,104.49999999999875,-0.73675,-0.73675,current_full_transition_bis05_f2_sh001
t074_mid,74,mid,-0.7235000970795398,CURRENT,full_transition_bis05,2,74,74,True,True,01001010,3.3,0.0,0.0,3.18755e-05,104.49999999999197,-0.72349,-0.72349,current_full_transition_bis05_f2_sh001
t003_mid,3,mid,-1.6649461520938424,CURRENT,full_transition_bis05,2,2,2,True,True,00000010,3.3,0.0,0.0,8.75483e-07,104.51699999999995,-1.66494,-1.66494,current_full_transition_bis05_f2_sh000
t004_mid,4,mid,-1.6516863485020914,CURRENT,full_transition_bis05,2,3,3,True,True,00000011,3.3,0.0,0.0,1.87548e-06,104.52000000000014,-1.65168,-1.65168,current_full_transition_bis05_f2_sh000
t005_mid,5,mid,-1.637803986316591,CURRENT,full_transition_bis05,2,5,5,True,True,00000101,3.3,0.0,0.0,2.87548e-06,104.51999999999973,-1.63779,-1.63779,current_full_transition_bis05_f2_sh000
t006_mid,6,mid,-1.62454418272484,CURRENT,full_transition_bis05,2,6,6,True,True,00000110,3.3,0.0,0.0,3.87548e-06,104.52000000000014,-1.62453,-1.62453,current_full_transition_bis05_f2_sh000
t007_mid,7,mid,-1.6112843791330893,CURRENT,full_transition_bis05,2,7,7,True,True,00000111,3.3,0.0,0.0,4.87548e-06,104.52000000000099,-1.61127,-1.61127,current_full_transition_bis05_f2_sh000
t008_mid,8,mid,-1.5986471341350885,CURRENT,full_transition_bis05,2,7,7,True,True,00000111,3.3,0.0,0.0,5.87548e-06,104.52000000000014,-1.59864,-1.59864,current_full_transition_bis05_f2_sh000
t009_mid,9,mid,-1.5847647719495876,CURRENT,full_transition_bis05,2,8,8,True,True,00001000,3.3,0.0,0.0,6.87548e-06,104.52000000000014,-1.58475,-1.58475,current_full_transition_bis05_f2_sh000
t010_mid,10,mid,-1.571504968357837,CURRENT,full_transition_bis05,2,10,10,True,True,00001010,3.3,0.0,0.0,7.87548e-06,104.52000000000014,-1.5715,-1.57149,current_full_transition_bis05_f2_sh000
t011_mid,11,mid,-1.5582451647660864,CURRENT,full_transition_bis05,2,11,11,True,True,00001011,3.3,0.0,0.0,8.87548e-06,104.52000000000014,-1.55824,-1.55824,current_full_transition_bis05_f2_sh000
t012_mid,12,mid,-1.5449853611743358,CURRENT,full_transition_bis05,2,11,11,True,True,00001011,3.3,0.0,0.0,9.87548e-06,104.52000000000014,-1.54498,-1.54498,current_full_transition_bis05_f2_sh000
t013_mid,13,mid,-1.5317255575825848,CURRENT,full_transition_bis05,2,12,12,True,True,00001100,3.3,0.0,0.0,1.08755e-05,104.50000000000044,-1.53172,-1.53172,current_full_transition_bis05_f2_sh000
t014_mid,14,mid,-1.5184657539908342,CURRENT,full_transition_bis05,2,13,13,True,True,00001101,3.3,0.0,0.0,1.18755e-05,104.50000000000044,-1.51846,-1.51846,current_full_transition_bis05_f2_sh000
t015_mid,15,mid,-1.5052059503990836,CURRENT,full_transition_bis05,2,14,14,True,True,00001110,3.3,0.0,0.0,1.28755e-05,104.49999999999875,-1.5052,-1.5052,current_full_transition_bis05_f2_sh000
t017_mid,17,mid,-1.4793089018093317,CURRENT,full_transition_bis05,2,16,16,True,True,00010000,3.3,0.0,0.0,1.38755e-05,104.50000000000044,-1.4793,-1.4793,current_full_transition_bis05_f2_sh000
t018_mid,18,mid,-1.4660490982175811,CURRENT,full_transition_bis05,2,18,18,True,True,00010010,3.3,0.0,0.0,1.48755e-05,104.50000000000044,-1.46604,-1.46604,current_full_transition_bis05_f2_sh000
t019_mid,19,mid,-1.4527892946258305,CURRENT,full_transition_bis05,2,19,19,True,True,00010011,3.3,0.0,0.0,1.58755e-05,104.49999999999875,-1.45278,-1.45278,current_full_transition_bis05_f2_sh000
t020_mid,20,mid,-1.43952949103408,CURRENT,full_transition_bis05,2,19,19,True,True,00010011,3.3,0.0,0.0,1.68755e-05,104.49999999999535,-1.43952,-1.43952,current_full_transition_bis05_f2_sh000
t021_mid,21,mid,-1.425647128848579,CURRENT,full_transition_bis05,2,21,21,True,True,00010101,3.3,0.0,0.0,1.78755e-05,104.49999999999875,-1.42564,-1.42564,current_full_transition_bis05_f2_sh000
t022_mid,22,mid,-1.4130098838505782,CURRENT,full_transition_bis05,2,21,21,True,True,00010101,3.3,0.0,0.0,1.88755e-05,104.49999999999875,-1.413,-1.413,current_full_transition_bis05_f2_sh000
t023_mid,23,mid,-1.3997500802588276,CURRENT,full_transition_bis05,2,22,22,True,True,00010110,3.3,0.0,0.0,1.98755e-05,104.49999999999875,-1.39974,-1.39974,current_full_transition_bis05_f2_sh000
t024_mid,24,mid,-1.3864902766670766,CURRENT,full_transition_bis05,2,23,23,True,True,00010111,3.3,0.0,0.0,2.08755e-05,104.49999999999875,-1.38648,-1.38648,current_full_transition_bis05_f2_sh000
t025_mid,25,mid,-1.3726079144815762,CURRENT,full_transition_bis05,2,25,25,True,True,00011001,3.3,0.0,0.0,2.18755e-05,104.49999999999535,-1.3726,-1.3726,current_full_transition_bis05_f2_sh000
t026_mid,26,mid,-1.359348110889825,CURRENT,full_transition_bis05,2,26,26,True,True,00011010,3.3,0.0,0.0,2.28755e-05,104.49999999999535,-1.35934,-1.35934,current_full_transition_bis05_f2_sh000
t027_mid,27,mid,-1.3467108658918243,CURRENT,full_transition_bis05,2,26,26,True,True,00011010,3.3,0.0,0.0,2.38755e-05,104.49999999999875,-1.3467,-1.3467,current_full_transition_bis05_f2_sh000
t028_mid,28,mid,-1.3328285037063239,CURRENT,full_transition_bis05,2,28,28,True,True,00011100,3.3,0.0,0.0,2.48755e-05,104.49999999999875,-1.33282,-1.33282,current_full_transition_bis05_f2_sh000
t029_mid,29,mid,-1.3195687001145733,CURRENT,full_transition_bis05,2,28,28,True,True,00011100,3.3,0.0,0.0,2.58755e-05,104.49999999999875,-1.31956,-1.31956,current_full_transition_bis05_f2_sh000
t030_mid,30,mid,-1.3063088965228222,CURRENT,full_transition_bis05,2,30,30,True,True,00011110,3.3,0.0,0.0,2.68755e-05,104.49999999999875,-1.3063,-1.3063,current_full_transition_bis05_f2_sh000
t034_mid,34,mid,-1.2538922407495692,CURRENT,full_transition_bis05,2,34,34,True,True,00100010,3.3,0.0,0.0,2.78755e-05,104.49999999999535,-1.25388,-1.25388,current_full_transition_bis05_f2_sh000
t035_mid,35,mid,-1.2406324371578186,CURRENT,full_transition_bis05,2,35,35,True,True,00100011,3.3,0.0,0.0,2.88755e-05,104.49999999999535,-1.24062,-1.24062,current_full_transition_bis05_f2_sh000
t036_mid,36,mid,-1.227372633566068,CURRENT,full_transition_bis05,2,35,35,True,True,00100011,3.3,0.0,0.0,2.98755e-05,104.49999999999875,-1.22736,-1.22736,current_full_transition_bis05_f2_sh000
t037_mid,37,mid,-1.213490271380567,CURRENT,full_transition_bis05,2,37,37,True,True,00100101,3.3,0.0,0.0,3.08755e-05,104.49999999999875,-1.21348,-1.21348,current_full_transition_bis05_f2_sh000
t038_mid,38,mid,-1.2008530263825663,CURRENT,full_transition_bis05,2,37,37,True,True,00100101,3.3,0.0,0.0,3.18755e-05,104.49999999999197,-1.20084,-1.20084,current_full_transition_bis05_f2_sh000
t075_mid,75,mid,-0.710240293487789,CURRENT,full_transition_bis05,2,75,75,True,True,01001011,3.3,0.0,0.0,8.75483e-07,104.51699999999995,-0.71023,-0.71023,current_full_transition_bis05_f2_sh002
t076_mid,76,mid,-0.6969804898960383,CURRENT,full_transition_bis05,2,76,76,True,True,01001100,3.3,0.0,0.0,1.87548e-06,104.52000000000014,-0.696971,-0.696971,current_full_transition_bis05_f2_sh002
t077_mid,77,mid,-0.6837206863042876,CURRENT,full_transition_bis05,2,76,76,True,True,01001100,3.3,0.0,0.0,2.87548e-06,104.51999999999973,-0.683711,-0.683711,current_full_transition_bis05_f2_sh002
t078_mid,78,mid,-0.6704608827125368,CURRENT,full_transition_bis05,2,77,77,True,True,01001101,3.3,0.0,0.0,3.87548e-06,104.52000000000014,-0.670451,-0.670451,current_full_transition_bis05_f2_sh002
t079_mid,79,mid,-0.6572010791207862,CURRENT,full_transition_bis05,2,78,78,True,True,01001110,3.3,0.0,0.0,4.87548e-06,104.52000000000099,-0.657191,-0.657191,current_full_transition_bis05_f2_sh002
t081_mid,81,mid,-0.6313040305310345,CURRENT,full_transition_bis05,2,81,81,True,True,01010001,3.3,0.0,0.0,5.87548e-06,104.52000000000014,-0.631294,-0.631294,current_full_transition_bis05_f2_sh002
t082_mid,82,mid,-0.6180442269392838,CURRENT,full_transition_bis05,2,82,82,True,True,01010010,3.3,0.0,0.0,6.87548e-06,104.52000000000014,-0.618034,-0.618034,current_full_transition_bis05_f2_sh002
t083_mid,83,mid,-0.604784423347533,CURRENT,full_transition_bis05,2,83,83,True,True,01010011,3.3,0.0,0.0,7.87548e-06,104.52000000000014,-0.604775,-0.604774,current_full_transition_bis05_f2_sh002
t084_mid,84,mid,-0.5915246197557824,CURRENT,full_transition_bis05,2,84,84,True,True,01010100,3.3,0.0,0.0,8.87548e-06,104.52000000000014,-0.591515,-0.591515,current_full_transition_bis05_f2_sh002
t085_mid,85,mid,-0.5782648161640316,CURRENT,full_transition_bis05,2,84,84,True,True,01010100,3.3,0.0,0.0,9.87548e-06,104.52000000000014,-0.578255,-0.578255,current_full_transition_bis05_f2_sh002
t086_mid,86,mid,-0.565005012572281,CURRENT,full_transition_bis05,2,85,85,True,True,01010101,3.3,0.0,0.0,1.08755e-05,104.50000000000044,-0.564995,-0.564995,current_full_transition_bis05_f2_sh002
t087_mid,87,mid,-0.5517452089805301,CURRENT,full_transition_bis05,2,86,86,True,True,01010110,3.3,0.0,0.0,1.18755e-05,104.50000000000044,-0.551735,-0.551735,current_full_transition_bis05_f2_sh002
t088_mid,88,mid,-0.5384854053887793,CURRENT,full_transition_bis05,2,88,88,True,True,01011000,3.3,0.0,0.0,1.28755e-05,104.49999999999875,-0.538476,-0.538475,current_full_transition_bis05_f2_sh002
t089_mid,89,mid,-0.5246030432032788,CURRENT,full_transition_bis05,2,89,89,True,True,01011001,3.3,0.0,0.0,1.38755e-05,104.50000000000044,-0.524593,-0.524593,current_full_transition_bis05_f2_sh002
t090_mid,90,mid,-0.5119657982052779,CURRENT,full_transition_bis05,2,89,89,True,True,01011001,3.3,0.0,0.0,1.48755e-05,104.50000000000044,-0.511956,-0.511956,current_full_transition_bis05_f2_sh002
t091_mid,91,mid,-0.49870599461352727,CURRENT,full_transition_bis05,2,90,90,True,True,01011010,3.3,0.0,0.0,1.58755e-05,104.49999999999875,-0.498696,-0.498696,current_full_transition_bis05_f2_sh002
t092_mid,92,mid,-0.48544619102177644,CURRENT,full_transition_bis05,2,91,91,True,True,01011011,3.3,0.0,0.0,1.68755e-05,104.49999999999535,-0.485436,-0.485436,current_full_transition_bis05_f2_sh002
t093_mid,93,mid,-0.4715638288362757,CURRENT,full_transition_bis05,2,93,93,True,True,01011101,3.3,0.0,0.0,1.78755e-05,104.49999999999875,-0.471554,-0.471554,current_full_transition_bis05_f2_sh002
t094_mid,94,mid,-0.45830402524452507,CURRENT,full_transition_bis05,2,94,94,True,True,01011110,3.3,0.0,0.0,1.88755e-05,104.49999999999875,-0.458294,-0.458294,current_full_transition_bis05_f2_sh002
t098_mid,98,mid,-0.4058873694712719,CURRENT,full_transition_bis05,2,98,98,True,True,01100010,3.3,0.0,0.0,1.98755e-05,104.49999999999875,-0.405877,-0.405877,current_full_transition_bis05_f2_sh002
t099_mid,99,mid,-0.3926275658795213,CURRENT,full_transition_bis05,2,99,99,True,True,01100011,3.3,0.0,0.0,2.08755e-05,104.49999999999875,-0.392618,-0.392618,current_full_transition_bis05_f2_sh002
t100_mid,100,mid,-0.37936776228777047,CURRENT,full_transition_bis05,2,100,100,True,True,01100100,3.3,0.0,0.0,2.18755e-05,104.49999999999535,-0.379358,-0.379358,current_full_transition_bis05_f2_sh002
t101_mid,101,mid,-0.36610795869601986,CURRENT,full_transition_bis05,2,100,100,True,True,01100100,3.3,0.0,0.0,2.28755e-05,104.49999999999535,-0.366098,-0.366098,current_full_transition_bis05_f2_sh002
t102_mid,102,mid,-0.35284815510426903,CURRENT,full_transition_bis05,2,101,101,True,True,01100101,3.3,0.0,0.0,2.38755e-05,104.49999999999875,-0.352838,-0.352838,current_full_transition_bis05_f2_sh002
t103_mid,103,mid,-0.3395883515125182,CURRENT,full_transition_bis05,2,102,102,True,True,01100110,3.3,0.0,0.0,2.48755e-05,104.49999999999875,-0.339578,-0.339578,current_full_transition_bis05_f2_sh002
t104_mid,104,mid,-0.3263285479207676,CURRENT,full_transition_bis05,2,104,104,True,True,01101000,3.3,0.0,0.0,2.58755e-05,104.49999999999875,-0.326319,-0.326319,current_full_transition_bis05_f2_sh002
t105_mid,105,mid,-0.31306874432901677,CURRENT,full_transition_bis05,2,104,104,True,True,01101000,3.3,0.0,0.0,2.68755e-05,104.49999999999875,-0.313059,-0.313059,current_full_transition_bis05_f2_sh002
t106_mid,106,mid,-0.29980894073726616,CURRENT,full_transition_bis05,2,105,105,True,True,01101001,3.3,0.0,0.0,2.78755e-05,104.49999999999535,-0.299799,-0.299799,current_full_transition_bis05_f2_sh002
t107_mid,107,mid,-0.28654913714551533,CURRENT,full_transition_bis05,2,106,106,True,True,01101010,3.3,0.0,0.0,2.88755e-05,104.49999999999535,-0.286539,-0.286539,current_full_transition_bis05_f2_sh002
t108_mid,108,mid,-0.2732893335537645,CURRENT,full_transition_bis05,2,107,107,True,True,01101011,3.3,0.0,0.0,2.98755e-05,104.49999999999875,-0.273279,-0.273279,current_full_transition_bis05_f2_sh002
t109_mid,109,mid,-0.25940697136826396,CURRENT,full_transition_bis05,2,109,109,True,True,01101101,3.3,0.0,0.0,3.08755e-05,104.49999999999875,-0.259397,-0.259397,current_full_transition_bis05_f2_sh002
t110_mid,110,mid,-0.2461471677765131,CURRENT,full_transition_bis05,2,110,110,True,True,01101110,3.3,0.0,0.0,3.18755e-05,104.49999999999197,-0.246137,-0.246137,current_full_transition_bis05_f2_sh002
t111_mid,111,mid,-0.2328873641847625,CURRENT,full_transition_bis05,2,111,111,True,True,01101111,3.3,0.0,0.0,8.75484e-07,104.51599999999993,-0.232877,-0.232877,current_full_transition_bis05_f2_sh003
t113_mid,113,mid,-0.20761287418876107,CURRENT,full_transition_bis05,2,112,112,True,True,01110000,3.3,0.0,0.0,1.87548e-06,104.52000000000014,-0.207603,-0.207603,current_full_transition_bis05_f2_sh003
t114_mid,114,mid,-0.19435307059701024,CURRENT,full_transition_bis05,2,113,113,True,True,01110001,3.3,0.0,0.0,2.87548e-06,104.51999999999973,-0.194343,-0.194343,current_full_transition_bis05_f2_sh003
t115_mid,115,mid,-0.1810932670052594,CURRENT,full_transition_bis05,2,114,114,True,True,01110010,3.3,0.0,0.0,3.87548e-06,104.52000000000014,-0.181083,-0.181083,current_full_transition_bis05_f2_sh003
t116_mid,116,mid,-0.1678334634135088,CURRENT,full_transition_bis05,2,115,115,True,True,01110011,3.3,0.0,0.0,4.87548e-06,104.52000000000099,-0.167823,-0.167823,current_full_transition_bis05_f2_sh003
t117_mid,117,mid,-0.15395110122800798,CURRENT,full_transition_bis05,2,117,117,True,True,01110101,3.3,0.0,0.0,5.87548e-06,104.52000000000014,-0.153941,-0.153941,current_full_transition_bis05_f2_sh003
t118_mid,118,mid,-0.14069129763625737,CURRENT,full_transition_bis05,2,118,118,True,True,01110110,3.3,0.0,0.0,6.87548e-06,104.52000000000014,-0.140681,-0.140681,current_full_transition_bis05_f2_sh003
t119_mid,119,mid,-0.12805405263825653,CURRENT,full_transition_bis05,2,118,118,True,True,01110110,3.3,0.0,0.0,7.87548e-06,104.52000000000014,-0.128044,-0.128044,current_full_transition_bis05_f2_sh003
t120_mid,120,mid,-0.1147942490465057,CURRENT,full_transition_bis05,2,119,119,True,True,01110111,3.3,0.0,0.0,8.87548e-06,104.52000000000014,-0.114784,-0.114784,current_full_transition_bis05_f2_sh003
t121_mid,121,mid,-0.1009118868610051,CURRENT,full_transition_bis05,2,121,121,True,True,01111001,3.3,0.0,0.0,9.87548e-06,104.52000000000014,-0.100902,-0.100902,current_full_transition_bis05_f2_sh003
t122_mid,122,mid,-0.08765208326925428,CURRENT,full_transition_bis05,2,122,122,True,True,01111010,3.3,0.0,0.0,1.08755e-05,104.50000000000044,-0.0876421,-0.0876421,current_full_transition_bis05_f2_sh003
t123_mid,123,mid,-0.07439227967750367,CURRENT,full_transition_bis05,2,123,123,True,True,01111011,3.3,0.0,0.0,1.18755e-05,104.50000000000044,-0.0743823,-0.0743823,current_full_transition_bis05_f2_sh003
t124_mid,124,mid,-0.06113247608575283,CURRENT,full_transition_bis05,2,124,124,True,True,01111100,3.3,0.0,0.0,1.28755e-05,104.49999999999875,-0.0611225,-0.0611225,current_full_transition_bis05_f2_sh003
t125_mid,125,mid,-0.047872672494002,CURRENT,full_transition_bis05,2,124,124,True,True,01111100,3.3,0.0,0.0,1.38755e-05,104.50000000000044,-0.0478627,-0.0478627,current_full_transition_bis05_f2_sh003
t126_mid,126,mid,-0.03461286890225139,CURRENT,full_transition_bis05,2,125,125,True,True,01111101,3.3,0.0,0.0,1.48755e-05,104.50000000000044,-0.0346029,-0.0346029,current_full_transition_bis05_f2_sh003
t130_mid,130,mid,0.0202940212460017,CURRENT,full_transition_bis05,2,130,130,True,True,10000010,3.3,0.0,0.0,1.58755e-05,104.49999999999875,0.020304,0.020304,current_full_transition_bis05_f2_sh003
t131_mid,131,mid,0.03355382483775231,CURRENT,full_transition_bis05,2,131,131,True,True,10000011,3.3,0.0,0.0,1.68755e-05,104.49999999999535,0.0335638,0.0335638,current_full_transition_bis05_f2_sh003
t132_mid,132,mid,0.04681362842950314,CURRENT,full_transition_bis05,2,132,132,True,True,10000100,3.3,0.0,0.0,1.78755e-05,104.49999999999875,0.0468236,0.0468236,current_full_transition_bis05_f2_sh003
t133_mid,133,mid,0.060073432021253745,CURRENT,full_transition_bis05,2,132,132,True,True,10000100,3.3,0.0,0.0,1.88755e-05,104.49999999999875,0.0600834,0.0600834,current_full_transition_bis05_f2_sh003
t134_mid,134,mid,0.07333323561300459,CURRENT,full_transition_bis05,2,133,133,True,True,10000101,3.3,0.0,0.0,1.98755e-05,104.49999999999875,0.0733432,0.0733432,current_full_transition_bis05_f2_sh003
t135_mid,135,mid,0.08659303920475542,CURRENT,full_transition_bis05,2,134,134,True,True,10000110,3.3,0.0,0.0,2.08755e-05,104.49999999999875,0.086603,0.086603,current_full_transition_bis05_f2_sh003
t136_mid,136,mid,0.09985284279650603,CURRENT,full_transition_bis05,2,136,136,True,True,10001000,3.3,0.0,0.0,2.18755e-05,104.49999999999535,0.0998628,0.0998628,current_full_transition_bis05_f2_sh003
t137_mid,137,mid,0.11311264638825685,CURRENT,full_transition_bis05,2,136,136,True,True,10001000,3.3,0.0,0.0,2.28755e-05,104.49999999999535,0.113123,0.113123,current_full_transition_bis05_f2_sh003
t138_mid,138,mid,0.12637244998000746,CURRENT,full_transition_bis05,2,137,137,True,True,10001001,3.3,0.0,0.0,2.38755e-05,104.49999999999875,0.126382,0.126382,current_full_transition_bis05_f2_sh003
t139_mid,139,mid,0.1396322535717583,CURRENT,full_transition_bis05,2,138,138,True,True,10001010,3.3,0.0,0.0,2.48755e-05,104.49999999999875,0.139642,0.139642,current_full_transition_bis05_f2_sh003
t140_mid,140,mid,0.15289205716350912,CURRENT,full_transition_bis05,2,139,139,True,True,10001011,3.3,0.0,0.0,2.58755e-05,104.49999999999875,0.152902,0.152902,current_full_transition_bis05_f2_sh003
t141_mid,141,mid,0.16677441934900972,CURRENT,full_transition_bis05,2,141,141,True,True,10001101,3.3,0.0,0.0,2.68755e-05,104.49999999999875,0.166784,0.166784,current_full_transition_bis05_f2_sh003
t142_mid,142,mid,0.18003422294076055,CURRENT,full_transition_bis05,2,142,142,True,True,10001110,3.3,0.0,0.0,2.78755e-05,104.49999999999535,0.180044,0.180044,current_full_transition_bis05_f2_sh003
t143_mid,143,mid,0.19329402653251115,CURRENT,full_transition_bis05,2,143,143,True,True,10001111,3.3,0.0,0.0,2.88755e-05,104.49999999999535,0.193304,0.193304,current_full_transition_bis05_f2_sh003
t145_mid,145,mid,0.2185685165285128,CURRENT,full_transition_bis05,2,144,144,True,True,10010000,3.3,0.0,0.0,2.98755e-05,104.49999999999875,0.218579,0.218579,current_full_transition_bis05_f2_sh003
t146_mid,146,mid,0.23182832012026341,CURRENT,full_transition_bis05,2,145,145,True,True,10010001,3.3,0.0,0.0,3.08755e-05,104.49999999999875,0.231838,0.231838,current_full_transition_bis05_f2_sh003
t147_mid,147,mid,0.24508812371201424,CURRENT,full_transition_bis05,2,146,146,True,True,10010010,3.3,0.0,0.0,3.18755e-05,104.49999999999197,0.245098,0.245098,current_full_transition_bis05_f2_sh003
t148_mid,148,mid,0.2583479273037649,CURRENT,full_transition_bis05,2,147,147,True,True,10010011,3.3,0.0,0.0,8.75483e-07,104.51699999999995,0.258358,0.258358,current_full_transition_bis05_f2_sh004
t149_mid,149,mid,0.27223028948926564,CURRENT,full_transition_bis05,2,149,149,True,True,10010101,3.3,0.0,0.0,1.87548e-06,104.52000000000014,0.27224,0.27224,current_full_transition_bis05_f2_sh004
t150_mid,150,mid,0.28549009308101625,CURRENT,full_transition_bis05,2,150,150,True,True,10010110,3.3,0.0,0.0,2.87548e-06,104.51999999999973,0.2855,0.2855,current_full_transition_bis05_f2_sh004
t151_mid,151,mid,0.2987498966727671,CURRENT,full_transition_bis05,2,151,151,True,True,10010111,3.3,0.0,0.0,3.87548e-06,104.52000000000014,0.29876,0.29876,current_full_transition_bis05_f2_sh004
t152_mid,152,mid,0.311387141670768,CURRENT,full_transition_bis05,2,151,151,True,True,10010111,3.3,0.0,0.0,4.87548e-06,104.52000000000099,0.311397,0.311397,current_full_transition_bis05_f2_sh004
t153_mid,153,mid,0.3252695038562685,CURRENT,full_transition_bis05,2,153,153,True,True,10011001,3.3,0.0,0.0,5.87548e-06,104.52000000000014,0.32528,0.32528,current_full_transition_bis05_f2_sh004
t154_mid,154,mid,0.3385293074480191,CURRENT,full_transition_bis05,2,154,154,True,True,10011010,3.3,0.0,0.0,6.87548e-06,104.52000000000014,0.338539,0.338539,current_full_transition_bis05_f2_sh004
t155_mid,155,mid,0.3517891110397702,CURRENT,full_transition_bis05,2,155,155,True,True,10011011,3.3,0.0,0.0,7.87548e-06,104.52000000000014,0.351799,0.351799,current_full_transition_bis05_f2_sh004
t156_mid,156,mid,0.3650489146315208,CURRENT,full_transition_bis05,2,156,156,True,True,10011100,3.3,0.0,0.0,8.87548e-06,104.52000000000014,0.365059,0.365059,current_full_transition_bis05_f2_sh004
t157_mid,157,mid,0.3783087182232714,CURRENT,full_transition_bis05,2,156,156,True,True,10011100,3.3,0.0,0.0,9.87548e-06,104.52000000000014,0.378319,0.378319,current_full_transition_bis05_f2_sh004
t158_mid,158,mid,0.39156852181502244,CURRENT,full_transition_bis05,2,157,157,True,True,10011101,3.3,0.0,0.0,1.08755e-05,104.50000000000044,0.391579,0.391579,current_full_transition_bis05_f2_sh004
t162_mid,162,mid,0.4439851775882754,CURRENT,full_transition_bis05,2,161,161,True,True,10100001,3.3,0.0,0.0,1.18755e-05,104.50000000000044,0.443995,0.443995,current_full_transition_bis05_f2_sh004
t163_mid,163,mid,0.457244981180026,CURRENT,full_transition_bis05,2,162,162,True,True,10100010,3.3,0.0,0.0,1.28755e-05,104.49999999999875,0.457255,0.457255,current_full_transition_bis05_f2_sh004
t164_mid,164,mid,0.4705047847717766,CURRENT,full_transition_bis05,2,163,163,True,True,10100011,3.3,0.0,0.0,1.38755e-05,104.50000000000044,0.470515,0.470515,current_full_transition_bis05_f2_sh004
t165_mid,165,mid,0.4843871469572776,CURRENT,full_transition_bis05,2,165,165,True,True,10100101,3.3,0.0,0.0,1.48755e-05,104.50000000000044,0.484397,0.484397,current_full_transition_bis05_f2_sh004
t166_mid,166,mid,0.4976469505490282,CURRENT,full_transition_bis05,2,166,166,True,True,10100110,3.3,0.0,0.0,1.58755e-05,104.49999999999875,0.497657,0.497657,current_full_transition_bis05_f2_sh004
t167_mid,167,mid,0.5102841955470289,CURRENT,full_transition_bis05,2,166,166,True,True,10100110,3.3,0.0,0.0,1.68755e-05,104.49999999999535,0.510294,0.510294,current_full_transition_bis05_f2_sh004
t168_mid,168,mid,0.5235439991387799,CURRENT,full_transition_bis05,2,167,167,True,True,10100111,3.3,0.0,0.0,1.78755e-05,104.49999999999875,0.523554,0.523554,current_full_transition_bis05_f2_sh004
t169_mid,169,mid,0.5374263613242805,CURRENT,full_transition_bis05,2,169,169,True,True,10101001,3.3,0.0,0.0,1.88755e-05,104.49999999999875,0.537436,0.537436,current_full_transition_bis05_f2_sh004
t170_mid,170,mid,0.5506861649160311,CURRENT,full_transition_bis05,2,170,170,True,True,10101010,3.3,0.0,0.0,1.98755e-05,104.49999999999875,0.550696,0.550696,current_full_transition_bis05_f2_sh004
t171_mid,171,mid,0.5639459685077817,CURRENT,full_transition_bis05,2,171,171,True,True,10101011,3.3,0.0,0.0,2.08755e-05,104.49999999999875,0.563956,0.563956,current_full_transition_bis05_f2_sh004
t172_mid,172,mid,0.5772057720995327,CURRENT,full_transition_bis05,2,172,172,True,True,10101100,3.3,0.0,0.0,2.18755e-05,104.49999999999535,0.577216,0.577216,current_full_transition_bis05_f2_sh004
t173_mid,173,mid,0.5904655756912833,CURRENT,full_transition_bis05,2,172,172,True,True,10101100,3.3,0.0,0.0,2.28755e-05,104.49999999999535,0.590476,0.590476,current_full_transition_bis05_f2_sh004
t174_mid,174,mid,0.6037253792830339,CURRENT,full_transition_bis05,2,173,173,True,True,10101101,3.3,0.0,0.0,2.38755e-05,104.49999999999875,0.603736,0.603735,current_full_transition_bis05_f2_sh004
t175_mid,175,mid,0.616985182874785,CURRENT,full_transition_bis05,2,175,175,True,True,10101111,3.3,0.0,0.0,2.48755e-05,104.49999999999875,0.616995,0.616995,current_full_transition_bis05_f2_sh004
t177_mid,177,mid,0.6428822314645363,CURRENT,full_transition_bis05,2,177,177,True,True,10110001,3.3,0.0,0.0,2.58755e-05,104.49999999999875,0.642892,0.642892,current_full_transition_bis05_f2_sh004
t178_mid,178,mid,0.6561420350562873,CURRENT,full_transition_bis05,2,178,178,True,True,10110010,3.3,0.0,0.0,2.68755e-05,104.49999999999875,0.656152,0.656152,current_full_transition_bis05_f2_sh004
t179_mid,179,mid,0.6694018386480379,CURRENT,full_transition_bis05,2,179,179,True,True,10110011,3.3,0.0,0.0,2.78755e-05,104.49999999999535,0.669412,0.669412,current_full_transition_bis05_f2_sh004
t180_mid,180,mid,0.6826616422397885,CURRENT,full_transition_bis05,2,180,180,True,True,10110100,3.3,0.0,0.0,2.88755e-05,104.49999999999535,0.682672,0.682672,current_full_transition_bis05_f2_sh004
t181_mid,181,mid,0.6959214458315391,CURRENT,full_transition_bis05,2,180,180,True,True,10110100,3.3,0.0,0.0,2.98755e-05,104.49999999999875,0.695932,0.695931,current_full_transition_bis05_f2_sh004
t182_mid,182,mid,0.7091812494232902,CURRENT,full_transition_bis05,2,181,181,True,True,10110101,3.3,0.0,0.0,3.08755e-05,104.49999999999875,0.709191,0.709191,current_full_transition_bis05_f2_sh004
t183_mid,183,mid,0.7224410530150408,CURRENT,full_transition_bis05,2,183,183,True,True,10110111,3.3,0.0,0.0,3.18755e-05,104.49999999999197,0.722451,0.722451,current_full_transition_bis05_f2_sh004
t184_mid,184,mid,0.7357008566067914,CURRENT,full_transition_bis05,2,184,184,True,True,10111000,3.3,0.0,0.0,8.75483e-07,104.51699999999995,0.735711,0.735711,current_full_transition_bis05_f2_sh005
t185_mid,185,mid,0.7489606601985425,CURRENT,full_transition_bis05,2,184,184,True,True,10111000,3.3,0.0,0.0,1.87548e-06,104.52000000000014,0.748971,0.748971,current_full_transition_bis05_f2_sh005
t186_mid,186,mid,0.7622204637902931,CURRENT,full_transition_bis05,2,185,185,True,True,10111001,3.3,0.0,0.0,2.87548e-06,104.51999999999973,0.762231,0.76223,current_full_transition_bis05_f2_sh005
t187_mid,187,mid,0.7754802673820437,CURRENT,full_transition_bis05,2,186,186,True,True,10111010,3.3,0.0,0.0,3.87548e-06,104.52000000000014,0.77549,0.77549,current_full_transition_bis05_f2_sh005
t188_mid,188,mid,0.7887400709737947,CURRENT,full_transition_bis05,2,187,187,True,True,10111011,3.3,0.0,0.0,4.87548e-06,104.52000000000099,0.78875,0.78875,current_full_transition_bis05_f2_sh005
t189_mid,189,mid,0.8026224331592953,CURRENT,full_transition_bis05,2,189,189,True,True,10111101,3.3,0.0,0.0,5.87548e-06,104.52000000000014,0.802633,0.802632,current_full_transition_bis05_f2_sh005
t194_mid,194,mid,0.8676763339305488,CURRENT,full_transition_bis05,2,193,193,True,True,11000001,3.3,0.0,0.0,6.87548e-06,104.52000000000014,0.867686,0.867686,current_full_transition_bis05_f2_sh005
t195_mid,195,mid,0.8809361375222998,CURRENT,full_transition_bis05,2,194,194,True,True,11000010,3.3,0.0,0.0,7.87548e-06,104.52000000000014,0.880946,0.880946,current_full_transition_bis05_f2_sh005
t196_mid,196,mid,0.8941959411140504,CURRENT,full_transition_bis05,2,195,195,True,True,11000011,3.3,0.0,0.0,8.87548e-06,104.52000000000014,0.894206,0.894206,current_full_transition_bis05_f2_sh005
t197_mid,197,mid,0.9080783032995511,CURRENT,full_transition_bis05,2,197,197,True,True,11000101,3.3,0.0,0.0,9.87548e-06,104.52000000000014,0.908088,0.908088,current_full_transition_bis05_f2_sh005
t198_mid,198,mid,0.9213381068913017,CURRENT,full_transition_bis05,2,198,198,True,True,11000110,3.3,0.0,0.0,1.08755e-05,104.50000000000044,0.921348,0.921348,current_full_transition_bis05_f2_sh005
t199_mid,199,mid,0.9345979104830527,CURRENT,full_transition_bis05,2,199,199,True,True,11000111,3.3,0.0,0.0,1.18755e-05,104.50000000000044,0.934608,0.934608,current_full_transition_bis05_f2_sh005
t200_mid,200,mid,0.9472351554810533,CURRENT,full_transition_bis05,2,199,199,True,True,11000111,3.3,0.0,0.0,1.28755e-05,104.49999999999875,0.947245,0.947245,current_full_transition_bis05_f2_sh005
t201_mid,201,mid,0.961117517666554,CURRENT,full_transition_bis05,2,200,200,True,True,11001000,3.3,0.0,0.0,1.38755e-05,104.50000000000044,0.961128,0.961128,current_full_transition_bis05_f2_sh005
t202_mid,202,mid,0.974377321258305,CURRENT,full_transition_bis05,2,202,202,True,True,11001010,3.3,0.0,0.0,1.48755e-05,104.50000000000044,0.974387,0.974387,current_full_transition_bis05_f2_sh005
t203_mid,203,mid,0.9876371248500556,CURRENT,full_transition_bis05,2,203,203,True,True,11001011,3.3,0.0,0.0,1.58755e-05,104.49999999999875,0.987647,0.987647,current_full_transition_bis05_f2_sh005
t204_mid,204,mid,1.000896928441806,CURRENT,full_transition_bis05,2,203,203,True,True,11001011,3.3,0.0,0.0,1.68755e-05,104.49999999999535,1.00091,1.00091,current_full_transition_bis05_f2_sh005
t205_mid,205,mid,1.0147792906273074,CURRENT,full_transition_bis05,2,205,205,True,True,11001101,3.3,0.0,0.0,1.78755e-05,104.49999999999875,1.01479,1.01479,current_full_transition_bis05_f2_sh005
t206_mid,206,mid,1.0274165356253078,CURRENT,full_transition_bis05,2,205,205,True,True,11001101,3.3,0.0,0.0,1.88755e-05,104.49999999999875,1.02743,1.02743,current_full_transition_bis05_f2_sh005
t207_mid,207,mid,1.0406763392170584,CURRENT,full_transition_bis05,2,206,206,True,True,11001110,3.3,0.0,0.0,1.98755e-05,104.49999999999875,1.04069,1.04069,current_full_transition_bis05_f2_sh005
t209_mid,209,mid,1.0665733878068102,CURRENT,full_transition_bis05,2,208,208,True,True,11010000,3.3,0.0,0.0,2.08755e-05,104.49999999999875,1.06658,1.06658,current_full_transition_bis05_f2_sh005
t210_mid,210,mid,1.0798331913985608,CURRENT,full_transition_bis05,2,210,210,True,True,11010010,3.3,0.0,0.0,2.18755e-05,104.49999999999535,1.07984,1.07984,current_full_transition_bis05_f2_sh005
t211_mid,211,mid,1.0930929949903114,CURRENT,full_transition_bis05,2,211,211,True,True,11010011,3.3,0.0,0.0,2.28755e-05,104.49999999999535,1.0931,1.0931,current_full_transition_bis05_f2_sh005
t212_mid,212,mid,1.1063527985820625,CURRENT,full_transition_bis05,2,211,211,True,True,11010011,3.3,0.0,0.0,2.38755e-05,104.49999999999875,1.10636,1.10636,current_full_transition_bis05_f2_sh005
t213_mid,213,mid,1.120235160767563,CURRENT,full_transition_bis05,2,213,213,True,True,11010101,3.3,0.0,0.0,2.48755e-05,104.49999999999875,1.12025,1.12025,current_full_transition_bis05_f2_sh005
t214_mid,214,mid,1.1328724057655637,CURRENT,full_transition_bis05,2,213,213,True,True,11010101,3.3,0.0,0.0,2.58755e-05,104.49999999999875,1.13288,1.13288,current_full_transition_bis05_f2_sh005
t215_mid,215,mid,1.1461322093573147,CURRENT,full_transition_bis05,2,214,214,True,True,11010110,3.3,0.0,0.0,2.68755e-05,104.49999999999875,1.14614,1.14614,current_full_transition_bis05_f2_sh005
t216_mid,216,mid,1.1593920129490654,CURRENT,full_transition_bis05,2,215,215,True,True,11010111,3.3,0.0,0.0,2.78755e-05,104.49999999999535,1.1594,1.1594,current_full_transition_bis05_f2_sh005
t217_mid,217,mid,1.1732743751345658,CURRENT,full_transition_bis05,2,217,217,True,True,11011001,3.3,0.0,0.0,2.88755e-05,104.49999999999535,1.17328,1.17328,current_full_transition_bis05_f2_sh005
t218_mid,218,mid,1.1865341787263164,CURRENT,full_transition_bis05,2,218,218,True,True,11011010,3.3,0.0,0.0,2.98755e-05,104.49999999999875,1.18654,1.18654,current_full_transition_bis05_f2_sh005
t219_mid,219,mid,1.1991714237243176,CURRENT,full_transition_bis05,2,218,218,True,True,11011010,3.3,0.0,0.0,3.08755e-05,104.49999999999875,1.19918,1.19918,current_full_transition_bis05_f2_sh005
t220_mid,220,mid,1.213053785909818,CURRENT,full_transition_bis05,2,220,220,True,True,11011100,3.3,0.0,0.0,3.18755e-05,104.49999999999197,1.21306,1.21306,current_full_transition_bis05_f2_sh005
t221_mid,221,mid,1.2263135895015687,CURRENT,full_transition_bis05,2,220,220,True,True,11011100,3.3,0.0,0.0,8.75482e-07,104.51799999999999,1.22632,1.22632,current_full_transition_bis05_f2_sh006
t222_mid,222,mid,1.2395733930933197,CURRENT,full_transition_bis05,2,222,222,True,True,11011110,3.3,0.0,0.0,1.87548e-06,104.52000000000014,1.23958,1.23958,current_full_transition_bis05_f2_sh006
t226_mid,226,mid,1.2919900488665728,CURRENT,full_transition_bis05,2,226,226,True,True,11100010,3.3,0.0,0.0,2.87548e-06,104.51999999999973,1.292,1.292,current_full_transition_bis05_f2_sh006
t227_mid,227,mid,1.3052498524583234,CURRENT,full_transition_bis05,2,227,227,True,True,11100011,3.3,0.0,0.0,3.87548e-06,104.52000000000014,1.30526,1.30526,current_full_transition_bis05_f2_sh006
t228_mid,228,mid,1.318509656050074,CURRENT,full_transition_bis05,2,227,227,True,True,11100011,3.3,0.0,0.0,4.87548e-06,104.52000000000099,1.31852,1.31852,current_full_transition_bis05_f2_sh006
t229_mid,229,mid,1.331769459641825,CURRENT,full_transition_bis05,2,228,228,True,True,11100100,3.3,0.0,0.0,5.87548e-06,104.52000000000014,1.33178,1.33178,current_full_transition_bis05_f2_sh006
t230_mid,230,mid,1.3450292632335756,CURRENT,full_transition_bis05,2,229,229,True,True,11100101,3.3,0.0,0.0,6.87548e-06,104.52000000000014,1.34504,1.34504,current_full_transition_bis05_f2_sh006
t231_mid,231,mid,1.3582890668253262,CURRENT,full_transition_bis05,2,230,230,True,True,11100110,3.3,0.0,0.0,7.87548e-06,104.52000000000014,1.3583,1.3583,current_full_transition_bis05_f2_sh006
t232_mid,232,mid,1.3715488704170773,CURRENT,full_transition_bis05,2,232,232,True,True,11101000,3.3,0.0,0.0,8.87548e-06,104.52000000000014,1.37156,1.37156,current_full_transition_bis05_f2_sh006
t233_mid,233,mid,1.3854312326025777,CURRENT,full_transition_bis05,2,233,233,True,True,11101001,3.3,0.0,0.0,9.87548e-06,104.52000000000014,1.38544,1.38544,current_full_transition_bis05_f2_sh006
t234_mid,234,mid,1.3980684776005785,CURRENT,full_transition_bis05,2,233,233,True,True,11101001,3.3,0.0,0.0,1.08755e-05,104.50000000000044,1.39808,1.39808,current_full_transition_bis05_f2_sh006
t235_mid,235,mid,1.4113282811923291,CURRENT,full_transition_bis05,2,234,234,True,True,11101010,3.3,0.0,0.0,1.18755e-05,104.50000000000044,1.41134,1.41134,current_full_transition_bis05_f2_sh006
t236_mid,236,mid,1.42521064337783,CURRENT,full_transition_bis05,2,236,236,True,True,11101100,3.3,0.0,0.0,1.28755e-05,104.49999999999875,1.42522,1.42522,current_full_transition_bis05_f2_sh006
t237_mid,237,mid,1.4384704469695806,CURRENT,full_transition_bis05,2,236,236,True,True,11101100,3.3,0.0,0.0,1.38755e-05,104.50000000000044,1.43848,1.43848,current_full_transition_bis05_f2_sh006
t238_mid,238,mid,1.4517302505613312,CURRENT,full_transition_bis05,2,238,238,True,True,11101110,3.3,0.0,0.0,1.48755e-05,104.50000000000044,1.45174,1.45174,current_full_transition_bis05_f2_sh006
t239_mid,239,mid,1.4649900541530823,CURRENT,full_transition_bis05,2,239,239,True,True,11101111,3.3,0.0,0.0,1.58755e-05,104.49999999999875,1.465,1.465,current_full_transition_bis05_f2_sh006
t240_mid,240,mid,1.4770047405573328,CURRENT,full_transition_bis05,2,239,239,True,True,11101111,3.3,0.0,0.0,1.68755e-05,104.49999999999535,1.47701,1.47701,current_full_transition_bis05_f2_sh006
t241_mid,241,mid,1.4908871027428336,CURRENT,full_transition_bis05,2,241,241,True,True,11110001,3.3,0.0,0.0,1.78755e-05,104.49999999999875,1.4909,1.4909,current_full_transition_bis05_f2_sh006
t242_mid,242,mid,1.5041469063345847,CURRENT,full_transition_bis05,2,242,242,True,True,11110010,3.3,0.0,0.0,1.88755e-05,104.49999999999875,1.50416,1.50416,current_full_transition_bis05_f2_sh006
t243_mid,243,mid,1.516784151332585,CURRENT,full_transition_bis05,2,242,242,True,True,11110010,3.3,0.0,0.0,1.98755e-05,104.49999999999875,1.51679,1.51679,current_full_transition_bis05_f2_sh006
t244_mid,244,mid,1.530666513518086,CURRENT,full_transition_bis05,2,244,244,True,True,11110100,3.3,0.0,0.0,2.08755e-05,104.49999999999875,1.53068,1.53068,current_full_transition_bis05_f2_sh006
t245_mid,245,mid,1.5439263171098365,CURRENT,full_transition_bis05,2,244,244,True,True,11110100,3.3,0.0,0.0,2.18755e-05,104.49999999999535,1.54394,1.54394,current_full_transition_bis05_f2_sh006
t246_mid,246,mid,1.5571861207015876,CURRENT,full_transition_bis05,2,246,246,True,True,11110110,3.3,0.0,0.0,2.28755e-05,104.49999999999535,1.5572,1.5572,current_full_transition_bis05_f2_sh006
t247_mid,247,mid,1.5704459242933382,CURRENT,full_transition_bis05,2,247,247,True,True,11110111,3.3,0.0,0.0,2.38755e-05,104.49999999999875,1.57046,1.57046,current_full_transition_bis05_f2_sh006
t248_mid,248,mid,1.5837057278850888,CURRENT,full_transition_bis05,2,248,248,True,True,11111000,3.3,0.0,0.0,2.48755e-05,104.49999999999875,1.58372,1.58372,current_full_transition_bis05_f2_sh006
t249_mid,249,mid,1.5969655314768398,CURRENT,full_transition_bis05,2,248,248,True,True,11111000,3.3,0.0,0.0,2.58755e-05,104.49999999999875,1.59698,1.59698,current_full_transition_bis05_f2_sh006
t250_mid,250,mid,1.6102253350685904,CURRENT,full_transition_bis05,2,249,249,True,True,11111001,3.3,0.0,0.0,2.68755e-05,104.49999999999875,1.61024,1.61024,current_full_transition_bis05_f2_sh006
t251_mid,251,mid,1.623485138660341,CURRENT,full_transition_bis05,2,250,250,True,True,11111010,3.3,0.0,0.0,2.78755e-05,104.49999999999535,1.6235,1.6235,current_full_transition_bis05_f2_sh006
t252_mid,252,mid,1.636744942252092,CURRENT,full_transition_bis05,2,251,251,True,True,11111011,3.3,0.0,0.0,2.88755e-05,104.49999999999535,1.63675,1.63675,current_full_transition_bis05_f2_sh006
t253_mid,253,mid,1.6506273044375925,CURRENT,full_transition_bis05,2,253,253,True,True,11111101,3.3,0.0,0.0,2.98755e-05,104.49999999999875,1.65064,1.65064,current_full_transition_bis05_f2_sh006
t254_mid,254,mid,1.6632645494355933,CURRENT,full_transition_bis05,2,253,253,True,True,11111101,3.3,0.0,0.0,3.08755e-05,104.49999999999875,1.66327,1.66327,current_full_transition_bis05_f2_sh006
t039_mid,39,mid,-1.1874375831423782,CURRENT,full_transition_bis06,2,38,38,True,True,00100110,3.3,0.0,0.0,8.75484e-07,104.51599999999993,-1.18743,-1.18743,current_full_transition_bis06_f2_sh001
t040_mid,40,mid,-1.1741777795506274,CURRENT,full_transition_bis06,2,40,40,True,True,00101000,3.3,0.0,0.0,1.87548e-06,104.52000000000014,-1.17417,-1.17417,current_full_transition_bis06_f2_sh001
t041_mid,41,mid,-1.1606066966620017,CURRENT,full_transition_bis06,2,41,41,True,True,00101001,3.3,0.0,0.0,2.87548e-06,104.51999999999973,-1.1606,-1.1606,current_full_transition_bis06_f2_sh001
t042_mid,42,mid,-1.147658172367126,CURRENT,full_transition_bis06,2,41,41,True,True,00101001,3.3,0.0,0.0,3.87548e-06,104.52000000000014,-1.14765,-1.14765,current_full_transition_bis06_f2_sh001
t043_mid,43,mid,-1.1343983687753751,CURRENT,full_transition_bis06,2,42,42,True,True,00101010,3.3,0.0,0.0,4.87548e-06,104.52000000000099,-1.13439,-1.13439,current_full_transition_bis06_f2_sh001
t044_mid,44,mid,-1.1208272858867494,CURRENT,full_transition_bis06,2,44,44,True,True,00101100,3.3,0.0,0.0,5.87548e-06,104.52000000000014,-1.12082,-1.12082,current_full_transition_bis06_f2_sh001
t045_mid,45,mid,-1.1072562029981237,CURRENT,full_transition_bis06,2,45,45,True,True,00101101,3.3,0.0,0.0,6.87548e-06,104.52000000000014,-1.10725,-1.10725,current_full_transition_bis06_f2_sh001
t046_mid,46,mid,-1.0943076787032482,CURRENT,full_transition_bis06,2,45,45,True,True,00101101,3.3,0.0,0.0,7.87548e-06,104.52000000000014,-1.0943,-1.0943,current_full_transition_bis06_f2_sh001
t047_mid,47,mid,-1.0810478751114971,CURRENT,full_transition_bis06,2,46,46,True,True,00101110,3.3,0.0,0.0,8.87548e-06,104.52000000000014,-1.08104,-1.08104,current_full_transition_bis06_f2_sh001
t049_mid,49,mid,-1.055150826521746,CURRENT,full_transition_bis06,2,49,49,True,True,00110001,3.3,0.0,0.0,9.87548e-06,104.52000000000014,-1.05514,-1.05514,current_full_transition_bis06_f2_sh001
t050_mid,50,mid,-1.0418910229299951,CURRENT,full_transition_bis06,2,50,50,True,True,00110010,3.3,0.0,0.0,1.08755e-05,104.50000000000044,-1.04188,-1.04188,current_full_transition_bis06_f2_sh001
t051_mid,51,mid,-1.0289424986351192,CURRENT,full_transition_bis06,2,50,50,True,True,00110010,3.3,0.0,0.0,1.18755e-05,104.50000000000044,-1.02893,-1.02893,current_full_transition_bis06_f2_sh001
t052_mid,52,mid,-1.0153714157464937,CURRENT,full_transition_bis06,2,52,52,True,True,00110100,3.3,0.0,0.0,1.28755e-05,104.49999999999875,-1.01536,-1.01536,current_full_transition_bis06_f2_sh001
t053_mid,53,mid,-1.0018003328578677,CURRENT,full_transition_bis06,2,53,53,True,True,00110101,3.3,0.0,0.0,1.38755e-05,104.50000000000044,-1.00179,-1.00179,current_full_transition_bis06_f2_sh001
t054_mid,54,mid,-0.988851808562992,CURRENT,full_transition_bis06,2,53,53,True,True,00110101,3.3,0.0,0.0,1.48755e-05,104.50000000000044,-0.988842,-0.988842,current_full_transition_bis06_f2_sh001
t055_mid,55,mid,-0.9755920049712414,CURRENT,full_transition_bis06,2,54,54,True,True,00110110,3.3,0.0,0.0,1.58755e-05,104.49999999999875,-0.975582,-0.975582,current_full_transition_bis06_f2_sh001
t056_mid,56,mid,-0.9623322013794906,CURRENT,full_transition_bis06,2,56,56,True,True,00111000,3.3,0.0,0.0,1.68755e-05,104.49999999999535,-0.962322,-0.962322,current_full_transition_bis06_f2_sh001
t057_mid,57,mid,-0.9487611184908649,CURRENT,full_transition_bis06,2,57,57,True,True,00111001,3.3,0.0,0.0,1.78755e-05,104.49999999999875,-0.948751,-0.948751,current_full_transition_bis06_f2_sh001
t058_mid,58,mid,-0.935501314899114,CURRENT,full_transition_bis06,2,58,58,True,True,00111010,3.3,0.0,0.0,1.88755e-05,104.49999999999875,-0.935491,-0.935491,current_full_transition_bis06_f2_sh001
t059_mid,59,mid,-0.9222415113073634,CURRENT,full_transition_bis06,2,59,59,True,True,00111011,3.3,0.0,0.0,1.98755e-05,104.49999999999875,-0.922232,-0.922232,current_full_transition_bis06_f2_sh001
t060_mid,60,mid,-0.9089817077156126,CURRENT,full_transition_bis06,2,60,60,True,True,00111100,3.3,0.0,0.0,2.08755e-05,104.49999999999875,-0.908972,-0.908972,current_full_transition_bis06_f2_sh001
t061_mid,61,mid,-0.8954106248269869,CURRENT,full_transition_bis06,2,61,61,True,True,00111101,3.3,0.0,0.0,2.18755e-05,104.49999999999535,-0.895401,-0.895401,current_full_transition_bis06_f2_sh001
t062_mid,62,mid,-0.8824621005321112,CURRENT,full_transition_bis06,2,61,61,True,True,00111101,3.3,0.0,0.0,2.28755e-05,104.49999999999535,-0.882452,-0.882452,current_full_transition_bis06_f2_sh001
t066_mid,66,mid,-0.8300454447588581,CURRENT,full_transition_bis06,2,65,65,True,True,01000001,3.3,0.0,0.0,2.38755e-05,104.49999999999875,-0.830036,-0.830035,current_full_transition_bis06_f2_sh001
t067_mid,67,mid,-0.8167856411671075,CURRENT,full_transition_bis06,2,67,67,True,True,01000011,3.3,0.0,0.0,2.48755e-05,104.49999999999875,-0.816776,-0.816776,current_full_transition_bis06_f2_sh001
t068_mid,68,mid,-0.8035258375753567,CURRENT,full_transition_bis06,2,67,67,True,True,01000011,3.3,0.0,0.0,2.58755e-05,104.49999999999875,-0.803516,-0.803516,current_full_transition_bis06_f2_sh001
t069_mid,69,mid,-0.7899547546867309,CURRENT,full_transition_bis06,2,68,68,True,True,01000100,3.3,0.0,0.0,2.68755e-05,104.49999999999875,-0.789945,-0.789945,current_full_transition_bis06_f2_sh001
t070_mid,70,mid,-0.7766949510949803,CURRENT,full_transition_bis06,2,70,70,True,True,01000110,3.3,0.0,0.0,2.78755e-05,104.49999999999535,-0.776685,-0.776685,current_full_transition_bis06_f2_sh001
t071_mid,71,mid,-0.7634351475032295,CURRENT,full_transition_bis06,2,71,71,True,True,01000111,3.3,0.0,0.0,2.88755e-05,104.49999999999535,-0.763425,-0.763425,current_full_transition_bis06_f2_sh001
t072_mid,72,mid,-0.7504866232083538,CURRENT,full_transition_bis06,2,71,71,True,True,01000111,3.3,0.0,0.0,2.98755e-05,104.49999999999875,-0.750477,-0.750477,current_full_transition_bis06_f2_sh001
t073_mid,73,mid,-0.7369155403197281,CURRENT,full_transition_bis06,2,72,72,True,True,01001000,3.3,0.0,0.0,3.08755e-05,104.49999999999875,-0.736906,-0.736906,current_full_transition_bis06_f2_sh001
t074_mid,74,mid,-0.7236557367279772,CURRENT,full_transition_bis06,2,73,73,True,True,01001001,3.3,0.0,0.0,3.18755e-05,104.49999999999197,-0.723646,-0.723646,current_full_transition_bis06_f2_sh001
t003_mid,3,mid,-1.6647905124454048,CURRENT,full_transition_bis06,2,2,2,True,True,00000010,3.3,0.0,0.0,8.75483e-07,104.51699999999995,-1.66478,-1.66478,current_full_transition_bis06_f2_sh000
t004_mid,4,mid,-1.651530708853654,CURRENT,full_transition_bis06,2,3,3,True,True,00000011,3.3,0.0,0.0,1.87548e-06,104.52000000000014,-1.65152,-1.65152,current_full_transition_bis06_f2_sh000
t005_mid,5,mid,-1.6379596259650284,CURRENT,full_transition_bis06,2,4,4,True,True,00000100,3.3,0.0,0.0,2.87548e-06,104.51999999999973,-1.63795,-1.63795,current_full_transition_bis06_f2_sh000
t006_mid,6,mid,-1.6246998223732776,CURRENT,full_transition_bis06,2,6,6,True,True,00000110,3.3,0.0,0.0,3.87548e-06,104.52000000000014,-1.62469,-1.62469,current_full_transition_bis06_f2_sh000
t007_mid,7,mid,-1.6114400187815268,CURRENT,full_transition_bis06,2,7,7,True,True,00000111,3.3,0.0,0.0,4.87548e-06,104.52000000000099,-1.61143,-1.61143,current_full_transition_bis06_f2_sh000
t008_mid,8,mid,-1.598491494486651,CURRENT,full_transition_bis06,2,7,7,True,True,00000111,3.3,0.0,0.0,5.87548e-06,104.52000000000014,-1.59848,-1.59848,current_full_transition_bis06_f2_sh000
t009_mid,9,mid,-1.5846091323011502,CURRENT,full_transition_bis06,2,9,9,True,True,00001001,3.3,0.0,0.0,6.87548e-06,104.52000000000014,-1.5846,-1.5846,current_full_transition_bis06_f2_sh000
t010_mid,10,mid,-1.5716606080062747,CURRENT,full_transition_bis06,2,9,9,True,True,00001001,3.3,0.0,0.0,7.87548e-06,104.52000000000014,-1.57165,-1.57165,current_full_transition_bis06_f2_sh000
t011_mid,11,mid,-1.5584008044145239,CURRENT,full_transition_bis06,2,10,10,True,True,00001010,3.3,0.0,0.0,8.87548e-06,104.52000000000014,-1.55839,-1.55839,current_full_transition_bis06_f2_sh000
t012_mid,12,mid,-1.5448297215258981,CURRENT,full_transition_bis06,2,12,12,True,True,00001100,3.3,0.0,0.0,9.87548e-06,104.52000000000014,-1.54482,-1.54482,current_full_transition_bis06_f2_sh000
t013_mid,13,mid,-1.5315699179341473,CURRENT,full_transition_bis06,2,12,12,True,True,00001100,3.3,0.0,0.0,1.08755e-05,104.50000000000044,-1.53156,-1.53156,current_full_transition_bis06_f2_sh000
t014_mid,14,mid,-1.5183101143423965,CURRENT,full_transition_bis06,2,13,13,True,True,00001101,3.3,0.0,0.0,1.18755e-05,104.50000000000044,-1.5183,-1.5183,current_full_transition_bis06_f2_sh000
t015_mid,15,mid,-1.5050503107506459,CURRENT,full_transition_bis06,2,14,14,True,True,00001110,3.3,0.0,0.0,1.28755e-05,104.49999999999875,-1.50504,-1.50504,current_full_transition_bis06_f2_sh000
t017_mid,17,mid,-1.4791532621608943,CURRENT,full_transition_bis06,2,17,17,True,True,00010001,3.3,0.0,0.0,1.38755e-05,104.50000000000044,-1.47914,-1.47914,current_full_transition_bis06_f2_sh000
t018_mid,18,mid,-1.4662047378660188,CURRENT,full_transition_bis06,2,17,17,True,True,00010001,3.3,0.0,0.0,1.48755e-05,104.50000000000044,-1.46619,-1.46619,current_full_transition_bis06_f2_sh000
t019_mid,19,mid,-1.452944934274268,CURRENT,full_transition_bis06,2,18,18,True,True,00010010,3.3,0.0,0.0,1.58755e-05,104.49999999999875,-1.45293,-1.45293,current_full_transition_bis06_f2_sh000
t020_mid,20,mid,-1.4393738513856422,CURRENT,full_transition_bis06,2,20,20,True,True,00010100,3.3,0.0,0.0,1.68755e-05,104.49999999999535,-1.43936,-1.43936,current_full_transition_bis06_f2_sh000
t021_mid,21,mid,-1.4258027684970165,CURRENT,full_transition_bis06,2,21,21,True,True,00010101,3.3,0.0,0.0,1.78755e-05,104.49999999999875,-1.42579,-1.42579,current_full_transition_bis06_f2_sh000
t022_mid,22,mid,-1.4128542442021408,CURRENT,full_transition_bis06,2,21,21,True,True,00010101,3.3,0.0,0.0,1.88755e-05,104.49999999999875,-1.41284,-1.41284,current_full_transition_bis06_f2_sh000
t023_mid,23,mid,-1.39959444061039,CURRENT,full_transition_bis06,2,22,22,True,True,00010110,3.3,0.0,0.0,1.98755e-05,104.49999999999875,-1.39958,-1.39958,current_full_transition_bis06_f2_sh000
t024_mid,24,mid,-1.3863346370186391,CURRENT,full_transition_bis06,2,24,24,True,True,00011000,3.3,0.0,0.0,2.08755e-05,104.49999999999875,-1.38632,-1.38632,current_full_transition_bis06_f2_sh000
t025_mid,25,mid,-1.3727635541300136,CURRENT,full_transition_bis06,2,25,25,True,True,00011001,3.3,0.0,0.0,2.18755e-05,104.49999999999535,-1.37275,-1.37275,current_full_transition_bis06_f2_sh000
t026_mid,26,mid,-1.3595037505382628,CURRENT,full_transition_bis06,2,26,26,True,True,00011010,3.3,0.0,0.0,2.28755e-05,104.49999999999535,-1.35949,-1.35949,current_full_transition_bis06_f2_sh000
t027_mid,27,mid,-1.3465552262433869,CURRENT,full_transition_bis06,2,26,26,True,True,00011010,3.3,0.0,0.0,2.38755e-05,104.49999999999875,-1.34655,-1.34655,current_full_transition_bis06_f2_sh000
t028_mid,28,mid,-1.3329841433547613,CURRENT,full_transition_bis06,2,28,28,True,True,00011100,3.3,0.0,0.0,2.48755e-05,104.49999999999875,-1.33297,-1.33297,current_full_transition_bis06_f2_sh000
t029_mid,29,mid,-1.3194130604661356,CURRENT,full_transition_bis06,2,29,29,True,True,00011101,3.3,0.0,0.0,2.58755e-05,104.49999999999875,-1.3194,-1.3194,current_full_transition_bis06_f2_sh000
t030_mid,30,mid,-1.30646453617126,CURRENT,full_transition_bis06,2,29,29,True,True,00011101,3.3,0.0,0.0,2.68755e-05,104.49999999999875,-1.30645,-1.30645,current_full_transition_bis06_f2_sh000
t034_mid,34,mid,-1.2540478803980069,CURRENT,full_transition_bis06,2,33,33,True,True,00100001,3.3,0.0,0.0,2.78755e-05,104.49999999999535,-1.25404,-1.25404,current_full_transition_bis06_f2_sh000
t035_mid,35,mid,-1.2407880768062562,CURRENT,full_transition_bis06,2,34,34,True,True,00100010,3.3,0.0,0.0,2.88755e-05,104.49999999999535,-1.24078,-1.24078,current_full_transition_bis06_f2_sh000
t036_mid,36,mid,-1.2272169939176303,CURRENT,full_transition_bis06,2,36,36,True,True,00100100,3.3,0.0,0.0,2.98755e-05,104.49999999999875,-1.22721,-1.22721,current_full_transition_bis06_f2_sh000
t037_mid,37,mid,-1.2136459110290045,CURRENT,full_transition_bis06,2,37,37,True,True,00100101,3.3,0.0,0.0,3.08755e-05,104.49999999999875,-1.21364,-1.21364,current_full_transition_bis06_f2_sh000
t038_mid,38,mid,-1.2006973867341288,CURRENT,full_transition_bis06,2,37,37,True,True,00100101,3.3,0.0,0.0,3.18755e-05,104.49999999999197,-1.20069,-1.20069,current_full_transition_bis06_f2_sh000
t075_mid,75,mid,-0.7103959331362266,CURRENT,full_transition_bis06,2,74,74,True,True,01001010,3.3,0.0,0.0,8.75483e-07,104.51699999999995,-0.710386,-0.710386,current_full_transition_bis06_f2_sh002
t076_mid,76,mid,-0.6971361295444758,CURRENT,full_transition_bis06,2,75,75,True,True,01001011,3.3,0.0,0.0,1.87548e-06,104.52000000000014,-0.697126,-0.697126,current_full_transition_bis06_f2_sh002
t077_mid,77,mid,-0.68356504665585,CURRENT,full_transition_bis06,2,76,76,True,True,01001100,3.3,0.0,0.0,2.87548e-06,104.51999999999973,-0.683555,-0.683555,current_full_transition_bis06_f2_sh002
t078_mid,78,mid,-0.6703052430640992,CURRENT,full_transition_bis06,2,78,78,True,True,01001110,3.3,0.0,0.0,3.87548e-06,104.52000000000014,-0.670295,-0.670295,current_full_transition_bis06_f2_sh002
t079_mid,79,mid,-0.6570454394723486,CURRENT,full_transition_bis06,2,79,79,True,True,01001111,3.3,0.0,0.0,4.87548e-06,104.52000000000099,-0.657036,-0.657035,current_full_transition_bis06_f2_sh002
t081_mid,81,mid,-0.6314596701794719,CURRENT,full_transition_bis06,2,80,80,True,True,01010000,3.3,0.0,0.0,5.87548e-06,104.52000000000014,-0.63145,-0.63145,current_full_transition_bis06_f2_sh002
t082_mid,82,mid,-0.6181998665877213,CURRENT,full_transition_bis06,2,81,81,True,True,01010001,3.3,0.0,0.0,6.87548e-06,104.52000000000014,-0.61819,-0.61819,current_full_transition_bis06_f2_sh002
t083_mid,83,mid,-0.6049400629959705,CURRENT,full_transition_bis06,2,82,82,True,True,01010010,3.3,0.0,0.0,7.87548e-06,104.52000000000014,-0.60493,-0.60493,current_full_transition_bis06_f2_sh002
t084_mid,84,mid,-0.5916802594042199,CURRENT,full_transition_bis06,2,83,83,True,True,01010011,3.3,0.0,0.0,8.87548e-06,104.52000000000014,-0.59167,-0.59167,current_full_transition_bis06_f2_sh002
t085_mid,85,mid,-0.5781091765155941,CURRENT,full_transition_bis06,2,84,84,True,True,01010100,3.3,0.0,0.0,9.87548e-06,104.52000000000014,-0.578099,-0.578099,current_full_transition_bis06_f2_sh002
t086_mid,86,mid,-0.5648493729238435,CURRENT,full_transition_bis06,2,86,86,True,True,01010110,3.3,0.0,0.0,1.08755e-05,104.50000000000044,-0.564839,-0.564839,current_full_transition_bis06_f2_sh002
t087_mid,87,mid,-0.5515895693320927,CURRENT,full_transition_bis06,2,87,87,True,True,01010111,3.3,0.0,0.0,1.18755e-05,104.50000000000044,-0.55158,-0.55158,current_full_transition_bis06_f2_sh002
t088_mid,88,mid,-0.5386410450372168,CURRENT,full_transition_bis06,2,87,87,True,True,01010111,3.3,0.0,0.0,1.28755e-05,104.49999999999875,-0.538631,-0.538631,current_full_transition_bis06_f2_sh002
t089_mid,89,mid,-0.5247586828517163,CURRENT,full_transition_bis06,2,89,89,True,True,01011001,3.3,0.0,0.0,1.38755e-05,104.50000000000044,-0.524749,-0.524749,current_full_transition_bis06_f2_sh002
t090_mid,90,mid,-0.5118101585568404,CURRENT,full_transition_bis06,2,89,89,True,True,01011001,3.3,0.0,0.0,1.48755e-05,104.50000000000044,-0.5118,-0.5118,current_full_transition_bis06_f2_sh002
t091_mid,91,mid,-0.4985503549650898,CURRENT,full_transition_bis06,2,90,90,True,True,01011010,3.3,0.0,0.0,1.58755e-05,104.49999999999875,-0.49854,-0.49854,current_full_transition_bis06_f2_sh002
t092_mid,92,mid,-0.485290551373339,CURRENT,full_transition_bis06,2,91,91,True,True,01011011,3.3,0.0,0.0,1.68755e-05,104.49999999999535,-0.485281,-0.485281,current_full_transition_bis06_f2_sh002
t093_mid,93,mid,-0.47171946848471313,CURRENT,full_transition_bis06,2,92,92,True,True,01011100,3.3,0.0,0.0,1.78755e-05,104.49999999999875,-0.47171,-0.471709,current_full_transition_bis06_f2_sh002
t094_mid,94,mid,-0.4584596648929625,CURRENT,full_transition_bis06,2,94,94,True,True,01011110,3.3,0.0,0.0,1.88755e-05,104.49999999999875,-0.45845,-0.45845,current_full_transition_bis06_f2_sh002
t098_mid,98,mid,-0.4060430091197094,CURRENT,full_transition_bis06,2,98,98,True,True,01100010,3.3,0.0,0.0,1.98755e-05,104.49999999999875,-0.406033,-0.406033,current_full_transition_bis06_f2_sh002
t099_mid,99,mid,-0.3927832055279588,CURRENT,full_transition_bis06,2,99,99,True,True,01100011,3.3,0.0,0.0,2.08755e-05,104.49999999999875,-0.392773,-0.392773,current_full_transition_bis06_f2_sh002
t100_mid,100,mid,-0.379523401936208,CURRENT,full_transition_bis06,2,99,99,True,True,01100011,3.3,0.0,0.0,2.18755e-05,104.49999999999535,-0.379514,-0.379513,current_full_transition_bis06_f2_sh002
t101_mid,101,mid,-0.3659523190475824,CURRENT,full_transition_bis06,2,101,101,True,True,01100101,3.3,0.0,0.0,2.28755e-05,104.49999999999535,-0.365942,-0.365942,current_full_transition_bis06_f2_sh002
t102_mid,102,mid,-0.3526925154558316,CURRENT,full_transition_bis06,2,102,102,True,True,01100110,3.3,0.0,0.0,2.38755e-05,104.49999999999875,-0.352683,-0.352683,current_full_transition_bis06_f2_sh002
t103_mid,103,mid,-0.33943271186408075,CURRENT,full_transition_bis06,2,103,103,True,True,01100111,3.3,0.0,0.0,2.48755e-05,104.49999999999875,-0.339423,-0.339423,current_full_transition_bis06_f2_sh002
t104_mid,104,mid,-0.3264841875692051,CURRENT,full_transition_bis06,2,104,104,True,True,01101000,3.3,0.0,0.0,2.58755e-05,104.49999999999875,-0.326474,-0.326474,current_full_transition_bis06_f2_sh002
t105_mid,105,mid,-0.3129131046805793,CURRENT,full_transition_bis06,2,104,104,True,True,01101000,3.3,0.0,0.0,2.68755e-05,104.49999999999875,-0.312903,-0.312903,current_full_transition_bis06_f2_sh002
t106_mid,106,mid,-0.2996533010888287,CURRENT,full_transition_bis06,2,106,106,True,True,01101010,3.3,0.0,0.0,2.78755e-05,104.49999999999535,-0.299643,-0.299643,current_full_transition_bis06_f2_sh002
t107_mid,107,mid,-0.2863934974970779,CURRENT,full_transition_bis06,2,107,107,True,True,01101011,3.3,0.0,0.0,2.88755e-05,104.49999999999535,-0.286384,-0.286384,current_full_transition_bis06_f2_sh002
t108_mid,108,mid,-0.27313369390532705,CURRENT,full_transition_bis06,2,107,107,True,True,01101011,3.3,0.0,0.0,2.98755e-05,104.49999999999875,-0.273124,-0.273124,current_full_transition_bis06_f2_sh002
t109_mid,109,mid,-0.2595626110167014,CURRENT,full_transition_bis06,2,108,108,True,True,01101100,3.3,0.0,0.0,3.08755e-05,104.49999999999875,-0.259553,-0.259553,current_full_transition_bis06_f2_sh002
t110_mid,110,mid,-0.2463028074249506,CURRENT,full_transition_bis06,2,110,110,True,True,01101110,3.3,0.0,0.0,3.18755e-05,104.49999999999197,-0.246293,-0.246293,current_full_transition_bis06_f2_sh002
t111_mid,111,mid,-0.23304300383319998,CURRENT,full_transition_bis06,2,111,111,True,True,01101111,3.3,0.0,0.0,8.75483e-07,104.51699999999995,-0.233033,-0.233033,current_full_transition_bis06_f2_sh003
t113_mid,113,mid,-0.20745723454032355,CURRENT,full_transition_bis06,2,112,112,True,True,01110000,3.3,0.0,0.0,1.87548e-06,104.52000000000014,-0.207447,-0.207447,current_full_transition_bis06_f2_sh003
t114_mid,114,mid,-0.19419743094857272,CURRENT,full_transition_bis06,2,114,114,True,True,01110010,3.3,0.0,0.0,2.87548e-06,104.51999999999973,-0.194187,-0.194187,current_full_transition_bis06_f2_sh003
t115_mid,115,mid,-0.1809376273568219,CURRENT,full_transition_bis06,2,115,115,True,True,01110011,3.3,0.0,0.0,3.87548e-06,104.52000000000014,-0.180928,-0.180928,current_full_transition_bis06_f2_sh003
t116_mid,116,mid,-0.1676778237650713,CURRENT,full_transition_bis06,2,116,116,True,True,01110100,3.3,0.0,0.0,4.87548e-06,104.52000000000099,-0.167668,-0.167668,current_full_transition_bis06_f2_sh003
t117_mid,117,mid,-0.1541067408764455,CURRENT,full_transition_bis06,2,117,117,True,True,01110101,3.3,0.0,0.0,5.87548e-06,104.52000000000014,-0.154097,-0.154097,current_full_transition_bis06_f2_sh003
t118_mid,118,mid,-0.14084693728469488,CURRENT,full_transition_bis06,2,118,118,True,True,01110110,3.3,0.0,0.0,6.87548e-06,104.52000000000014,-0.140837,-0.140837,current_full_transition_bis06_f2_sh003
t119_mid,119,mid,-0.12789841298981902,CURRENT,full_transition_bis06,2,118,118,True,True,01110110,3.3,0.0,0.0,7.87548e-06,104.52000000000014,-0.127888,-0.127888,current_full_transition_bis06_f2_sh003
t120_mid,120,mid,-0.1146386093980682,CURRENT,full_transition_bis06,2,120,120,True,True,01111000,3.3,0.0,0.0,8.87548e-06,104.52000000000014,-0.114629,-0.114629,current_full_transition_bis06_f2_sh003
t121_mid,121,mid,-0.1010675265094426,CURRENT,full_transition_bis06,2,120,120,True,True,01111000,3.3,0.0,0.0,9.87548e-06,104.52000000000014,-0.101058,-0.101058,current_full_transition_bis06_f2_sh003
t122_mid,122,mid,-0.08780772291769177,CURRENT,full_transition_bis06,2,122,122,True,True,01111010,3.3,0.0,0.0,1.08755e-05,104.50000000000044,-0.0877977,-0.0877977,current_full_transition_bis06_f2_sh003
t123_mid,123,mid,-0.07454791932594117,CURRENT,full_transition_bis06,2,123,123,True,True,01111011,3.3,0.0,0.0,1.18755e-05,104.50000000000044,-0.0745379,-0.0745379,current_full_transition_bis06_f2_sh003
t124_mid,124,mid,-0.061288115734190324,CURRENT,full_transition_bis06,2,124,124,True,True,01111100,3.3,0.0,0.0,1.28755e-05,104.49999999999875,-0.0612781,-0.0612781,current_full_transition_bis06_f2_sh003
t125_mid,125,mid,-0.0477170328455645,CURRENT,full_transition_bis06,2,125,125,True,True,01111101,3.3,0.0,0.0,1.38755e-05,104.50000000000044,-0.047707,-0.047707,current_full_transition_bis06_f2_sh003
t126_mid,126,mid,-0.03445722925381389,CURRENT,full_transition_bis06,2,126,126,True,True,01111110,3.3,0.0,0.0,1.48755e-05,104.50000000000044,-0.0344472,-0.0344472,current_full_transition_bis06_f2_sh003
t130_mid,130,mid,0.020138381597564203,CURRENT,full_transition_bis06,2,129,129,True,True,10000001,3.3,0.0,0.0,1.58755e-05,104.49999999999875,0.0201484,0.0201484,current_full_transition_bis06_f2_sh003
t131_mid,131,mid,0.03339818518931481,CURRENT,full_transition_bis06,2,130,130,True,True,10000010,3.3,0.0,0.0,1.68755e-05,104.49999999999535,0.0334082,0.0334082,current_full_transition_bis06_f2_sh003
t132_mid,132,mid,0.04665798878106564,CURRENT,full_transition_bis06,2,131,131,True,True,10000011,3.3,0.0,0.0,1.78755e-05,104.49999999999875,0.046668,0.046668,current_full_transition_bis06_f2_sh003
t133_mid,133,mid,0.06022907166969124,CURRENT,full_transition_bis06,2,132,132,True,True,10000100,3.3,0.0,0.0,1.88755e-05,104.49999999999875,0.0602391,0.0602391,current_full_transition_bis06_f2_sh003
t134_mid,134,mid,0.07348887526144209,CURRENT,full_transition_bis06,2,134,134,True,True,10000110,3.3,0.0,0.0,1.98755e-05,104.49999999999875,0.0734989,0.0734989,current_full_transition_bis06_f2_sh003
t135_mid,135,mid,0.08674867885319291,CURRENT,full_transition_bis06,2,135,135,True,True,10000111,3.3,0.0,0.0,2.08755e-05,104.49999999999875,0.0867587,0.0867587,current_full_transition_bis06_f2_sh003
t136_mid,136,mid,0.09969720314806851,CURRENT,full_transition_bis06,2,135,135,True,True,10000111,3.3,0.0,0.0,2.18755e-05,104.49999999999535,0.0997072,0.0997072,current_full_transition_bis06_f2_sh003
t137_mid,137,mid,0.11326828603669435,CURRENT,full_transition_bis06,2,136,136,True,True,10001000,3.3,0.0,0.0,2.28755e-05,104.49999999999535,0.113278,0.113278,current_full_transition_bis06_f2_sh003
t138_mid,138,mid,0.12652808962844497,CURRENT,full_transition_bis06,2,137,137,True,True,10001001,3.3,0.0,0.0,2.38755e-05,104.49999999999875,0.126538,0.126538,current_full_transition_bis06_f2_sh003
t139_mid,139,mid,0.1397878932201958,CURRENT,full_transition_bis06,2,138,138,True,True,10001010,3.3,0.0,0.0,2.48755e-05,104.49999999999875,0.139798,0.139798,current_full_transition_bis06_f2_sh003
t140_mid,140,mid,0.15304769681194663,CURRENT,full_transition_bis06,2,139,139,True,True,10001011,3.3,0.0,0.0,2.58755e-05,104.49999999999875,0.153058,0.153058,current_full_transition_bis06_f2_sh003
t141_mid,141,mid,0.1666187797005722,CURRENT,full_transition_bis06,2,140,140,True,True,10001100,3.3,0.0,0.0,2.68755e-05,104.49999999999875,0.166629,0.166629,current_full_transition_bis06_f2_sh003
t142_mid,142,mid,0.17987858329232304,CURRENT,full_transition_bis06,2,142,142,True,True,10001110,3.3,0.0,0.0,2.78755e-05,104.49999999999535,0.179889,0.179889,current_full_transition_bis06_f2_sh003
t143_mid,143,mid,0.19313838688407364,CURRENT,full_transition_bis06,2,143,143,True,True,10001111,3.3,0.0,0.0,2.88755e-05,104.49999999999535,0.193148,0.193148,current_full_transition_bis06_f2_sh003
t145_mid,145,mid,0.2187241561769503,CURRENT,full_transition_bis06,2,144,144,True,True,10010000,3.3,0.0,0.0,2.98755e-05,104.49999999999875,0.218734,0.218734,current_full_transition_bis06_f2_sh003
t146_mid,146,mid,0.2319839597687009,CURRENT,full_transition_bis06,2,145,145,True,True,10010001,3.3,0.0,0.0,3.08755e-05,104.49999999999875,0.231994,0.231994,current_full_transition_bis06_f2_sh003
t147_mid,147,mid,0.24524376336045173,CURRENT,full_transition_bis06,2,147,147,True,True,10010011,3.3,0.0,0.0,3.18755e-05,104.49999999999197,0.245254,0.245254,current_full_transition_bis06_f2_sh003
t148_mid,148,mid,0.25850356695220233,CURRENT,full_transition_bis06,2,147,147,True,True,10010011,3.3,0.0,0.0,8.75483e-07,104.51699999999995,0.258514,0.258514,current_full_transition_bis06_f2_sh004
t149_mid,149,mid,0.2720746498408282,CURRENT,full_transition_bis06,2,148,148,True,True,10010100,3.3,0.0,0.0,1.87548e-06,104.52000000000014,0.272085,0.272085,current_full_transition_bis06_f2_sh004
t150_mid,150,mid,0.2853344534325788,CURRENT,full_transition_bis06,2,150,150,True,True,10010110,3.3,0.0,0.0,2.87548e-06,104.51999999999973,0.285345,0.285344,current_full_transition_bis06_f2_sh004
t151_mid,151,mid,0.2985942570243296,CURRENT,full_transition_bis06,2,151,151,True,True,10010111,3.3,0.0,0.0,3.87548e-06,104.52000000000014,0.298604,0.298604,current_full_transition_bis06_f2_sh004
t152_mid,152,mid,0.31154278131920543,CURRENT,full_transition_bis06,2,151,151,True,True,10010111,3.3,0.0,0.0,4.87548e-06,104.52000000000099,0.311553,0.311553,current_full_transition_bis06_f2_sh004
t153_mid,153,mid,0.32511386420783106,CURRENT,full_transition_bis06,2,152,152,True,True,10011000,3.3,0.0,0.0,5.87548e-06,104.52000000000014,0.325124,0.325124,current_full_transition_bis06_f2_sh004
t154_mid,154,mid,0.33837366779958167,CURRENT,full_transition_bis06,2,153,153,True,True,10011001,3.3,0.0,0.0,6.87548e-06,104.52000000000014,0.338384,0.338384,current_full_transition_bis06_f2_sh004
t155_mid,155,mid,0.3516334713913327,CURRENT,full_transition_bis06,2,155,155,True,True,10011011,3.3,0.0,0.0,7.87548e-06,104.52000000000014,0.351644,0.351643,current_full_transition_bis06_f2_sh004
t156_mid,156,mid,0.3648932749830833,CURRENT,full_transition_bis06,2,155,155,True,True,10011011,3.3,0.0,0.0,8.87548e-06,104.52000000000014,0.364903,0.364903,current_full_transition_bis06_f2_sh004
t157_mid,157,mid,0.3784643578717089,CURRENT,full_transition_bis06,2,156,156,True,True,10011100,3.3,0.0,0.0,9.87548e-06,104.52000000000014,0.378474,0.378474,current_full_transition_bis06_f2_sh004
t158_mid,158,mid,0.39172416146345995,CURRENT,full_transition_bis06,2,158,158,True,True,10011110,3.3,0.0,0.0,1.08755e-05,104.50000000000044,0.391734,0.391734,current_full_transition_bis06_f2_sh004
t162_mid,162,mid,0.44414081723671284,CURRENT,full_transition_bis06,2,162,162,True,True,10100010,3.3,0.0,0.0,1.18755e-05,104.50000000000044,0.444151,0.444151,current_full_transition_bis06_f2_sh004
t163_mid,163,mid,0.45740062082846344,CURRENT,full_transition_bis06,2,163,163,True,True,10100011,3.3,0.0,0.0,1.28755e-05,104.49999999999875,0.457411,0.457411,current_full_transition_bis06_f2_sh004
t164_mid,164,mid,0.47066042442021405,CURRENT,full_transition_bis06,2,164,164,True,True,10100100,3.3,0.0,0.0,1.38755e-05,104.50000000000044,0.470671,0.47067,current_full_transition_bis06_f2_sh004
t165_mid,165,mid,0.4842315073088401,CURRENT,full_transition_bis06,2,165,165,True,True,10100101,3.3,0.0,0.0,1.48755e-05,104.50000000000044,0.484242,0.484242,current_full_transition_bis06_f2_sh004
t166_mid,166,mid,0.49749131090059073,CURRENT,full_transition_bis06,2,166,166,True,True,10100110,3.3,0.0,0.0,1.58755e-05,104.49999999999875,0.497501,0.497501,current_full_transition_bis06_f2_sh004
t167_mid,167,mid,0.5104398351954664,CURRENT,full_transition_bis06,2,166,166,True,True,10100110,3.3,0.0,0.0,1.68755e-05,104.49999999999535,0.51045,0.51045,current_full_transition_bis06_f2_sh004
t168_mid,168,mid,0.5236996387872175,CURRENT,full_transition_bis06,2,168,168,True,True,10101000,3.3,0.0,0.0,1.78755e-05,104.49999999999875,0.52371,0.52371,current_full_transition_bis06_f2_sh004
t169_mid,169,mid,0.537270721675843,CURRENT,full_transition_bis06,2,168,168,True,True,10101000,3.3,0.0,0.0,1.88755e-05,104.49999999999875,0.537281,0.537281,current_full_transition_bis06_f2_sh004
t170_mid,170,mid,0.5505305252675936,CURRENT,full_transition_bis06,2,170,170,True,True,10101010,3.3,0.0,0.0,1.98755e-05,104.49999999999875,0.550541,0.550541,current_full_transition_bis06_f2_sh004
t171_mid,171,mid,0.5637903288593442,CURRENT,full_transition_bis06,2,171,171,True,True,10101011,3.3,0.0,0.0,2.08755e-05,104.49999999999875,0.5638,0.5638,current_full_transition_bis06_f2_sh004
t172_mid,172,mid,0.5770501324510953,CURRENT,full_transition_bis06,2,172,172,True,True,10101100,3.3,0.0,0.0,2.18755e-05,104.49999999999535,0.57706,0.57706,current_full_transition_bis06_f2_sh004
t173_mid,173,mid,0.5906212153397208,CURRENT,full_transition_bis06,2,173,173,True,True,10101101,3.3,0.0,0.0,2.28755e-05,104.49999999999535,0.590631,0.590631,current_full_transition_bis06_f2_sh004
t174_mid,174,mid,0.6038810189314714,CURRENT,full_transition_bis06,2,174,174,True,True,10101110,3.3,0.0,0.0,2.38755e-05,104.49999999999875,0.603891,0.603891,current_full_transition_bis06_f2_sh004
t175_mid,175,mid,0.6168295432263475,CURRENT,full_transition_bis06,2,174,174,True,True,10101110,3.3,0.0,0.0,2.48755e-05,104.49999999999875,0.61684,0.61684,current_full_transition_bis06_f2_sh004
t177_mid,177,mid,0.6427265918160987,CURRENT,full_transition_bis06,2,176,176,True,True,10110000,3.3,0.0,0.0,2.58755e-05,104.49999999999875,0.642737,0.642737,current_full_transition_bis06_f2_sh004
t178_mid,178,mid,0.6559863954078498,CURRENT,full_transition_bis06,2,178,178,True,True,10110010,3.3,0.0,0.0,2.68755e-05,104.49999999999875,0.655997,0.655996,current_full_transition_bis06_f2_sh004
t179_mid,179,mid,0.6692461989996004,CURRENT,full_transition_bis06,2,179,179,True,True,10110011,3.3,0.0,0.0,2.78755e-05,104.49999999999535,0.669256,0.669256,current_full_transition_bis06_f2_sh004
t180_mid,180,mid,0.682506002591351,CURRENT,full_transition_bis06,2,180,180,True,True,10110100,3.3,0.0,0.0,2.88755e-05,104.49999999999535,0.682516,0.682516,current_full_transition_bis06_f2_sh004
t181_mid,181,mid,0.6960770854799767,CURRENT,full_transition_bis06,2,181,181,True,True,10110101,3.3,0.0,0.0,2.98755e-05,104.49999999999875,0.696087,0.696087,current_full_transition_bis06_f2_sh004
t182_mid,182,mid,0.7093368890717278,CURRENT,full_transition_bis06,2,182,182,True,True,10110110,3.3,0.0,0.0,3.08755e-05,104.49999999999875,0.709347,0.709347,current_full_transition_bis06_f2_sh004
t183_mid,183,mid,0.7222854133666032,CURRENT,full_transition_bis06,2,182,182,True,True,10110110,3.3,0.0,0.0,3.18755e-05,104.49999999999197,0.722296,0.722295,current_full_transition_bis06_f2_sh004
t184_mid,184,mid,0.7355452169583538,CURRENT,full_transition_bis06,2,184,184,True,True,10111000,3.3,0.0,0.0,8.75483e-07,104.51699999999995,0.735555,0.735555,current_full_transition_bis06_f2_sh005
t185_mid,185,mid,0.74911629984698,CURRENT,full_transition_bis06,2,184,184,True,True,10111000,3.3,0.0,0.0,1.87548e-06,104.52000000000014,0.749126,0.749126,current_full_transition_bis06_f2_sh005
t186_mid,186,mid,0.7623761034387306,CURRENT,full_transition_bis06,2,186,186,True,True,10111010,3.3,0.0,0.0,2.87548e-06,104.51999999999973,0.762386,0.762386,current_full_transition_bis06_f2_sh005
t187_mid,187,mid,0.7756359070304812,CURRENT,full_transition_bis06,2,187,187,True,True,10111011,3.3,0.0,0.0,3.87548e-06,104.52000000000014,0.775646,0.775646,current_full_transition_bis06_f2_sh005
t188_mid,188,mid,0.7888957106222323,CURRENT,full_transition_bis06,2,187,187,True,True,10111011,3.3,0.0,0.0,4.87548e-06,104.52000000000099,0.788906,0.788906,current_full_transition_bis06_f2_sh005
t189_mid,189,mid,0.8024667935108578,CURRENT,full_transition_bis06,2,188,188,True,True,10111100,3.3,0.0,0.0,5.87548e-06,104.52000000000014,0.802477,0.802477,current_full_transition_bis06_f2_sh005
t194_mid,194,mid,0.8678319735789863,CURRENT,full_transition_bis06,2,193,193,True,True,11000001,3.3,0.0,0.0,6.87548e-06,104.52000000000014,0.867842,0.867842,current_full_transition_bis06_f2_sh005
t195_mid,195,mid,0.8810917771707374,CURRENT,full_transition_bis06,2,194,194,True,True,11000010,3.3,0.0,0.0,7.87548e-06,104.52000000000014,0.881102,0.881102,current_full_transition_bis06_f2_sh005
t196_mid,196,mid,0.894351580762488,CURRENT,full_transition_bis06,2,195,195,True,True,11000011,3.3,0.0,0.0,8.87548e-06,104.52000000000014,0.894362,0.894362,current_full_transition_bis06_f2_sh005
t197_mid,197,mid,0.9079226636511135,CURRENT,full_transition_bis06,2,196,196,True,True,11000100,3.3,0.0,0.0,9.87548e-06,104.52000000000014,0.907933,0.907933,current_full_transition_bis06_f2_sh005
t198_mid,198,mid,0.9211824672428641,CURRENT,full_transition_bis06,2,197,197,True,True,11000101,3.3,0.0,0.0,1.08755e-05,104.50000000000044,0.921193,0.921192,current_full_transition_bis06_f2_sh005
t199_mid,199,mid,0.9344422708346152,CURRENT,full_transition_bis06,2,199,199,True,True,11000111,3.3,0.0,0.0,1.18755e-05,104.50000000000044,0.934452,0.934452,current_full_transition_bis06_f2_sh005
t200_mid,200,mid,0.9473907951294909,CURRENT,full_transition_bis06,2,199,199,True,True,11000111,3.3,0.0,0.0,1.28755e-05,104.49999999999875,0.947401,0.947401,current_full_transition_bis06_f2_sh005
t201_mid,201,mid,0.9612731573149915,CURRENT,full_transition_bis06,2,201,201,True,True,11001001,3.3,0.0,0.0,1.38755e-05,104.50000000000044,0.961283,0.961283,current_full_transition_bis06_f2_sh005
t202_mid,202,mid,0.9742216816098674,CURRENT,full_transition_bis06,2,201,201,True,True,11001001,3.3,0.0,0.0,1.48755e-05,104.50000000000044,0.974232,0.974232,current_full_transition_bis06_f2_sh005
t203_mid,203,mid,0.987481485201618,CURRENT,full_transition_bis06,2,202,202,True,True,11001010,3.3,0.0,0.0,1.58755e-05,104.49999999999875,0.987492,0.987491,current_full_transition_bis06_f2_sh005
t204_mid,204,mid,1.0010525680902438,CURRENT,full_transition_bis06,2,204,204,True,True,11001100,3.3,0.0,0.0,1.68755e-05,104.49999999999535,1.00106,1.00106,current_full_transition_bis06_f2_sh005
t205_mid,205,mid,1.0146236509788698,CURRENT,full_transition_bis06,2,205,205,True,True,11001101,3.3,0.0,0.0,1.78755e-05,104.49999999999875,1.01463,1.01463,current_full_transition_bis06_f2_sh005
t206_mid,206,mid,1.0275721752737454,CURRENT,full_transition_bis06,2,205,205,True,True,11001101,3.3,0.0,0.0,1.88755e-05,104.49999999999875,1.02758,1.02758,current_full_transition_bis06_f2_sh005
t207_mid,207,mid,1.040831978865496,CURRENT,full_transition_bis06,2,206,206,True,True,11001110,3.3,0.0,0.0,1.98755e-05,104.49999999999875,1.04084,1.04084,current_full_transition_bis06_f2_sh005
t209_mid,209,mid,1.0667290274552477,CURRENT,full_transition_bis06,2,209,209,True,True,11010001,3.3,0.0,0.0,2.08755e-05,104.49999999999875,1.06674,1.06674,current_full_transition_bis06_f2_sh005
t210_mid,210,mid,1.0796775517501231,CURRENT,full_transition_bis06,2,209,209,True,True,11010001,3.3,0.0,0.0,2.18755e-05,104.49999999999535,1.07969,1.07969,current_full_transition_bis06_f2_sh005
t211_mid,211,mid,1.0929373553418738,CURRENT,full_transition_bis06,2,210,210,True,True,11010010,3.3,0.0,0.0,2.28755e-05,104.49999999999535,1.09295,1.09295,current_full_transition_bis06_f2_sh005
t212_mid,212,mid,1.1065084382305,CURRENT,full_transition_bis06,2,212,212,True,True,11010100,3.3,0.0,0.0,2.38755e-05,104.49999999999875,1.10652,1.10652,current_full_transition_bis06_f2_sh005
t213_mid,213,mid,1.1200795211191255,CURRENT,full_transition_bis06,2,213,213,True,True,11010101,3.3,0.0,0.0,2.48755e-05,104.49999999999875,1.12009,1.12009,current_full_transition_bis06_f2_sh005
t214_mid,214,mid,1.1330280454140012,CURRENT,full_transition_bis06,2,213,213,True,True,11010101,3.3,0.0,0.0,2.58755e-05,104.49999999999875,1.13304,1.13304,current_full_transition_bis06_f2_sh005
t215_mid,215,mid,1.1462878490057522,CURRENT,full_transition_bis06,2,214,214,True,True,11010110,3.3,0.0,0.0,2.68755e-05,104.49999999999875,1.1463,1.1463,current_full_transition_bis06_f2_sh005
t216_mid,216,mid,1.1595476525975028,CURRENT,full_transition_bis06,2,216,216,True,True,11011000,3.3,0.0,0.0,2.78755e-05,104.49999999999535,1.15956,1.15956,current_full_transition_bis06_f2_sh005
t217_mid,217,mid,1.1731187354861283,CURRENT,full_transition_bis06,2,217,217,True,True,11011001,3.3,0.0,0.0,2.88755e-05,104.49999999999535,1.17313,1.17313,current_full_transition_bis06_f2_sh005
t218_mid,218,mid,1.186378539077879,CURRENT,full_transition_bis06,2,218,218,True,True,11011010,3.3,0.0,0.0,2.98755e-05,104.49999999999875,1.18639,1.18639,current_full_transition_bis06_f2_sh005
t219_mid,219,mid,1.199327063372755,CURRENT,full_transition_bis06,2,218,218,True,True,11011010,3.3,0.0,0.0,3.08755e-05,104.49999999999875,1.19934,1.19934,current_full_transition_bis06_f2_sh005
t220_mid,220,mid,1.2128981462613806,CURRENT,full_transition_bis06,2,220,220,True,True,11011100,3.3,0.0,0.0,3.18755e-05,104.49999999999197,1.21291,1.21291,current_full_transition_bis06_f2_sh005
t221_mid,221,mid,1.2264692291500063,CURRENT,full_transition_bis06,2,221,221,True,True,11011101,3.3,0.0,0.0,8.75482e-07,104.51799999999999,1.22648,1.22648,current_full_transition_bis06_f2_sh006
t222_mid,222,mid,1.2394177534448823,CURRENT,full_transition_bis06,2,221,221,True,True,11011101,3.3,0.0,0.0,1.87548e-06,104.52000000000014,1.23943,1.23943,current_full_transition_bis06_f2_sh006
t226_mid,226,mid,1.291834409218135,CURRENT,full_transition_bis06,2,225,225,True,True,11100001,3.3,0.0,0.0,2.87548e-06,104.51999999999973,1.29184,1.29184,current_full_transition_bis06_f2_sh006
t227_mid,227,mid,1.3050942128098857,CURRENT,full_transition_bis06,2,226,226,True,True,11100010,3.3,0.0,0.0,3.87548e-06,104.52000000000014,1.3051,1.3051,current_full_transition_bis06_f2_sh006
t228_mid,228,mid,1.3186652956985114,CURRENT,full_transition_bis06,2,228,228,True,True,11100100,3.3,0.0,0.0,4.87548e-06,104.52000000000099,1.31868,1.31868,current_full_transition_bis06_f2_sh006
t229_mid,229,mid,1.3319250992902625,CURRENT,full_transition_bis06,2,228,228,True,True,11100100,3.3,0.0,0.0,5.87548e-06,104.52000000000014,1.33194,1.33194,current_full_transition_bis06_f2_sh006
t230_mid,230,mid,1.345184902882013,CURRENT,full_transition_bis06,2,229,229,True,True,11100101,3.3,0.0,0.0,6.87548e-06,104.52000000000014,1.34519,1.34519,current_full_transition_bis06_f2_sh006
t231_mid,231,mid,1.3584447064737637,CURRENT,full_transition_bis06,2,230,230,True,True,11100110,3.3,0.0,0.0,7.87548e-06,104.52000000000014,1.35845,1.35845,current_full_transition_bis06_f2_sh006
t232_mid,232,mid,1.3713932307686396,CURRENT,full_transition_bis06,2,231,231,True,True,11100111,3.3,0.0,0.0,8.87548e-06,104.52000000000014,1.3714,1.3714,current_full_transition_bis06_f2_sh006
t233_mid,233,mid,1.3852755929541403,CURRENT,full_transition_bis06,2,233,233,True,True,11101001,3.3,0.0,0.0,9.87548e-06,104.52000000000014,1.38529,1.38529,current_full_transition_bis06_f2_sh006
t234_mid,234,mid,1.398224117249016,CURRENT,full_transition_bis06,2,233,233,True,True,11101001,3.3,0.0,0.0,1.08755e-05,104.50000000000044,1.39823,1.39823,current_full_transition_bis06_f2_sh006
t235_mid,235,mid,1.4114839208407666,CURRENT,full_transition_bis06,2,234,234,True,True,11101010,3.3,0.0,0.0,1.18755e-05,104.50000000000044,1.41149,1.41149,current_full_transition_bis06_f2_sh006
t236_mid,236,mid,1.4250550037293925,CURRENT,full_transition_bis06,2,236,236,True,True,11101100,3.3,0.0,0.0,1.28755e-05,104.49999999999875,1.42507,1.42507,current_full_transition_bis06_f2_sh006
t237_mid,237,mid,1.4386260866180183,CURRENT,full_transition_bis06,2,237,237,True,True,11101101,3.3,0.0,0.0,1.38755e-05,104.50000000000044,1.43864,1.43864,current_full_transition_bis06_f2_sh006
t238_mid,238,mid,1.4515746109128937,CURRENT,full_transition_bis06,2,237,237,True,True,11101101,3.3,0.0,0.0,1.48755e-05,104.50000000000044,1.45158,1.45158,current_full_transition_bis06_f2_sh006
t239_mid,239,mid,1.4648344145046448,CURRENT,full_transition_bis06,2,238,238,True,True,11101110,3.3,0.0,0.0,1.58755e-05,104.49999999999875,1.46484,1.46484,current_full_transition_bis06_f2_sh006
t240_mid,240,mid,1.4771603802057705,CURRENT,full_transition_bis06,2,239,239,True,True,11101111,3.3,0.0,0.0,1.68755e-05,104.49999999999535,1.47717,1.47717,current_full_transition_bis06_f2_sh006
t241_mid,241,mid,1.490731463094396,CURRENT,full_transition_bis06,2,241,241,True,True,11110001,3.3,0.0,0.0,1.78755e-05,104.49999999999875,1.49074,1.49074,current_full_transition_bis06_f2_sh006
t242_mid,242,mid,1.503991266686147,CURRENT,full_transition_bis06,2,242,242,True,True,11110010,3.3,0.0,0.0,1.88755e-05,104.49999999999875,1.504,1.504,current_full_transition_bis06_f2_sh006
t243_mid,243,mid,1.5169397909810227,CURRENT,full_transition_bis06,2,242,242,True,True,11110010,3.3,0.0,0.0,1.98755e-05,104.49999999999875,1.51695,1.51695,current_full_transition_bis06_f2_sh006
t244_mid,244,mid,1.5305108738696482,CURRENT,full_transition_bis06,2,244,244,True,True,11110100,3.3,0.0,0.0,2.08755e-05,104.49999999999875,1.53052,1.53052,current_full_transition_bis06_f2_sh006
t245_mid,245,mid,1.544081956758274,CURRENT,full_transition_bis06,2,245,245,True,True,11110101,3.3,0.0,0.0,2.18755e-05,104.49999999999535,1.54409,1.54409,current_full_transition_bis06_f2_sh006
t246_mid,246,mid,1.55703048105315,CURRENT,full_transition_bis06,2,245,245,True,True,11110101,3.3,0.0,0.0,2.28755e-05,104.49999999999535,1.55704,1.55704,current_full_transition_bis06_f2_sh006
t247_mid,247,mid,1.5702902846449005,CURRENT,full_transition_bis06,2,246,246,True,True,11110110,3.3,0.0,0.0,2.38755e-05,104.49999999999875,1.5703,1.5703,current_full_transition_bis06_f2_sh006
t248_mid,248,mid,1.583550088236651,CURRENT,full_transition_bis06,2,248,248,True,True,11111000,3.3,0.0,0.0,2.48755e-05,104.49999999999875,1.58356,1.58356,current_full_transition_bis06_f2_sh006
t249_mid,249,mid,1.5971211711252773,CURRENT,full_transition_bis06,2,248,248,True,True,11111000,3.3,0.0,0.0,2.58755e-05,104.49999999999875,1.59713,1.59713,current_full_transition_bis06_f2_sh006
t250_mid,250,mid,1.610380974717028,CURRENT,full_transition_bis06,2,250,250,True,True,11111010,3.3,0.0,0.0,2.68755e-05,104.49999999999875,1.61039,1.61039,current_full_transition_bis06_f2_sh006
t251_mid,251,mid,1.6236407783087785,CURRENT,full_transition_bis06,2,251,251,True,True,11111011,3.3,0.0,0.0,2.78755e-05,104.49999999999535,1.62365,1.62365,current_full_transition_bis06_f2_sh006
t252_mid,252,mid,1.6369005819005296,CURRENT,full_transition_bis06,2,252,252,True,True,11111100,3.3,0.0,0.0,2.88755e-05,104.49999999999535,1.63691,1.63691,current_full_transition_bis06_f2_sh006
t253_mid,253,mid,1.650471664789155,CURRENT,full_transition_bis06,2,253,253,True,True,11111101,3.3,0.0,0.0,2.98755e-05,104.49999999999875,1.65048,1.65048,current_full_transition_bis06_f2_sh006
t254_mid,254,mid,1.6634201890840308,CURRENT,full_transition_bis06,2,253,253,True,True,11111101,3.3,0.0,0.0,3.08755e-05,104.49999999999875,1.66343,1.66343,current_full_transition_bis06_f2_sh006
