conversion,clks_falling_time_s,eoc_time_s,eoc_count,vdiff_v,dout_code,status
0,1.25e-07,5e-07,1,-1.0916216335035172,45,PASS
1,6.249999999999999e-07,1e-06,1,0.47570476343152523,163,PASS
2,1.125e-06,1.5e-06,1,-0.11128743611215075,119,PASS
3,1.6250000000000001e-06,2.0000000000000003e-06,1,-0.44029820783263673,94,PASS
4,2.125e-06,2.4999999999999998e-06,1,-0.493281063347186,90,PASS
5,2.625e-06,3e-06,1,0.9877620359011006,202,PASS
6,3.125e-06,3.5000000000000004e-06,1,1.3774890447023906,231,PASS
7,3.625e-06,4e-06,1,-1.0969991478016348,45,PASS
8,4.1249999999999995e-06,4.499999999999999e-06,1,0.5194683291294482,167,PASS
9,4.625e-06,4.9999999999999996e-06,1,-0.6857705909910645,76,PASS
10,5.124999999999999e-06,5.499999999999999e-06,1,1.5876714805521275,247,PASS
11,5.6249999999999995e-06,5.999999999999999e-06,1,1.4274905458267455,235,PASS
12,6.125e-06,6.5e-06,1,0.46196073409181415,162,PASS
13,6.624999999999999e-06,6.999999999999999e-06,1,0.8592891300688941,192,PASS
14,7.1249999999999995e-06,7.499999999999999e-06,1,0.05152256749599582,131,PASS
15,7.624999999999999e-06,8e-06,1,1.1080438784769375,211,PASS
16,8.125e-06,8.5e-06,1,-0.1755061456396494,114,PASS
17,8.625e-06,9e-06,1,-0.5480376587332099,86,PASS
18,9.125e-06,9.5e-06,1,-0.7551426672994593,71,PASS
19,9.624999999999998e-06,9.999999999999999e-06,1,-0.9304676067324283,57,PASS
20,1.0124999999999999e-05,1.05e-05,1,0.08777726737384417,134,PASS
21,1.0624999999999999e-05,1.1e-05,1,-0.23489899367293332,110,PASS
22,1.1125e-05,1.15e-05,1,0.5548141096068242,169,PASS
23,1.1625e-05,1.2e-05,1,-1.6563423599528577,3,PASS
24,1.2125e-05,1.25e-05,1,-0.17781353476834938,114,PASS
25,1.2624999999999999e-05,1.3e-05,1,-0.45838527614986946,93,PASS
26,1.3124999999999999e-05,1.35e-05,1,-1.0356481604367165,50,PASS
27,1.3624999999999999e-05,1.4e-05,1,0.3225439614205794,152,PASS
28,1.4125e-05,1.45e-05,1,-0.21993526976780875,111,PASS
29,1.4625e-05,1.5e-05,1,-0.6800288872664908,76,PASS
30,1.5124999999999998e-05,1.5499999999999997e-05,1,-0.9879851877968536,53,PASS
31,1.5625e-05,1.6e-05,1,1.27372179445341,223,PASS
32,1.6125e-05,1.6499999999999998e-05,1,1.0113718727728707,204,PASS
33,1.6624999999999998e-05,1.6999999999999996e-05,1,0.36281290072892847,155,PASS
34,1.7125e-05,1.75e-05,1,-0.5266580325312069,88,PASS
35,1.7624999999999998e-05,1.7999999999999997e-05,1,1.519187289330804,242,PASS
36,1.8125e-05,1.85e-05,1,0.21548307330865457,144,PASS
37,1.8625e-05,1.8999999999999998e-05,1,-0.22860668529216333,110,PASS
38,1.9124999999999997e-05,1.9499999999999996e-05,1,1.3615286366143546,230,PASS
39,1.9625e-05,1.9999999999999998e-05,1,-0.6142378667336679,81,PASS
40,2.0124999999999998e-05,2.0499999999999997e-05,1,0.666382558454863,178,PASS
41,2.0625e-05,2.1e-05,1,-0.6330108873079419,80,PASS
42,2.1125e-05,2.1499999999999997e-05,1,-0.8107196425398802,66,PASS
43,2.1624999999999997e-05,2.1999999999999996e-05,1,0.682859024302908,179,PASS
44,2.2125e-05,2.2499999999999998e-05,1,-0.9251672717149839,58,PASS
45,2.2624999999999998e-05,2.2999999999999997e-05,1,-0.023424901851405666,126,PASS
46,2.3125e-05,2.35e-05,1,0.2720967402698906,148,PASS
47,2.3624999999999998e-05,2.3999999999999997e-05,1,-1.0577183598348414,48,PASS
48,2.4125e-05,2.45e-05,1,0.7862182384187115,187,PASS
49,2.4625e-05,2.4999999999999998e-05,1,0.16484241972374258,140,PASS
50,2.5124999999999997e-05,2.5499999999999996e-05,1,0.41311108272818786,159,PASS
51,2.5625e-05,2.6e-05,1,-0.43470932289077835,95,PASS
52,2.6124999999999998e-05,2.6499999999999997e-05,1,-0.2713429162698451,107,PASS
53,2.6625e-05,2.7e-05,1,-0.017579095082008944,126,PASS
54,2.7125e-05,2.7499999999999998e-05,1,-0.1020988978190227,120,PASS
55,2.7624999999999997e-05,2.7999999999999996e-05,1,0.5971733576887182,172,PASS
56,2.8125e-05,2.8499999999999998e-05,1,0.26240351528707695,147,PASS
57,2.8624999999999998e-05,2.8999999999999997e-05,1,-0.2846798138256148,106,PASS
58,2.9125e-05,2.95e-05,1,-1.6938719977368153,0,PASS
59,2.9625e-05,2.9999999999999997e-05,1,0.999705606636714,203,PASS
60,3.0124999999999997e-05,3.0499999999999996e-05,1,0.06590635189074079,132,PASS
61,3.0625e-05,3.1e-05,1,-0.589748143041682,83,PASS
62,3.1125000000000004e-05,3.150000000000001e-05,1,-0.00015292380194087407,127,PASS
63,3.1625e-05,3.2000000000000005e-05,1,-1.3822838261182986,23,PASS
64,3.2125e-05,3.2500000000000004e-05,1,1.3759938466813992,231,PASS
65,3.2625e-05,3.3e-05,1,1.6651029697873112,253,PASS
66,3.3125e-05,3.35e-05,1,-1.500300260447018,15,PASS
67,3.3625000000000004e-05,3.4000000000000007e-05,1,-0.4820138567893033,91,PASS
68,3.4125e-05,3.4500000000000005e-05,1,0.7822195645848835,186,PASS
69,3.4625e-05,3.5000000000000004e-05,1,-0.6315903538591989,80,PASS
70,3.5125e-05,3.55e-05,1,0.227969178439126,145,PASS
71,3.5625e-05,3.6e-05,1,-0.2836587281288985,106,PASS
72,3.6125000000000004e-05,3.6500000000000006e-05,1,0.9323213359449742,198,PASS
73,3.6625e-05,3.7000000000000005e-05,1,1.5587789632777145,245,PASS
74,3.7125e-05,3.7500000000000003e-05,1,1.3205444494767005,227,PASS
75,3.7625e-05,3.8e-05,1,0.41118058168016813,158,PASS
76,3.8125e-05,3.85e-05,1,-1.1550673369285627,41,PASS
77,3.8625000000000004e-05,3.9000000000000006e-05,1,1.520011083259653,242,PASS
78,3.9125e-05,3.9500000000000005e-05,1,-1.6196497425159613,6,PASS
79,3.9625e-05,4e-05,1,-0.6877878481690711,76,PASS
80,4.0125e-05,4.05e-05,1,-0.7425141234579744,72,PASS
81,4.0625e-05,4.1e-05,1,0.5842083378571956,171,PASS
82,4.1125000000000004e-05,4.1500000000000006e-05,1,-0.04296557535346124,124,PASS
83,4.1625e-05,4.2000000000000004e-05,1,-1.3841789342246793,23,PASS
84,4.2125e-05,4.25e-05,1,-1.6562831816672368,3,PASS
85,4.2625e-05,4.3e-05,1,0.3546735390303686,154,PASS
86,4.3125e-05,4.35e-05,1,-0.02895667004085145,125,PASS
87,4.3625e-05,4.4000000000000006e-05,1,0.3446992125573638,153,PASS
88,4.4125e-05,4.4500000000000004e-05,1,0.21768113714281712,144,PASS
89,4.4625e-05,4.5e-05,1,1.3275609682189116,227,PASS
90,4.5125e-05,4.55e-05,1,1.4225493167600287,235,PASS
91,4.5625e-05,4.6e-05,1,-1.059925652251959,48,PASS
92,4.6125e-05,4.6500000000000005e-05,1,1.5032109561998157,241,PASS
93,4.6625e-05,4.7000000000000004e-05,1,0.9782705294974636,201,PASS
94,4.7125e-05,4.75e-05,1,0.4726892575580852,163,PASS
95,4.7625e-05,4.8e-05,1,0.5426647094692274,168,PASS
96,4.8125000000000004e-05,4.8500000000000007e-05,1,0.15660478166218428,139,PASS
97,4.8625e-05,4.9000000000000005e-05,1,1.4186952187856579,234,PASS
98,4.9125e-05,4.9500000000000004e-05,1,-0.9069050989195284,59,PASS
99,4.9625e-05,5e-05,1,0.3376743737165746,153,PASS
100,5.0125e-05,5.05e-05,1,1.0684264103636114,208,PASS
101,5.0625000000000004e-05,5.1000000000000006e-05,1,-1.2418110644881581,34,PASS
102,5.1125e-05,5.1500000000000005e-05,1,0.3927281328201475,157,PASS
103,5.1625e-05,5.2000000000000004e-05,1,-0.3303661831994489,103,PASS
104,5.2125e-05,5.25e-05,1,0.9045235609853612,196,PASS
105,5.2625e-05,5.3e-05,1,-1.469771173890162,17,PASS
106,5.3125000000000004e-05,5.3500000000000006e-05,1,0.36316889551629106,155,PASS
107,5.3625e-05,5.4000000000000005e-05,1,1.2140675459545986,219,PASS
108,5.4125e-05,5.45e-05,1,0.4363827320345075,160,PASS
109,5.4625e-05,5.5e-05,1,-0.6074518354580296,82,PASS
110,5.5125e-05,5.55e-05,1,0.5297065901344229,167,PASS
111,5.5625000000000004e-05,5.6000000000000006e-05,1,-0.5502803346975635,86,PASS
112,5.6125e-05,5.6500000000000005e-05,1,0.5732154805943057,171,PASS
113,5.6625e-05,5.7e-05,1,-1.263629035097018,32,PASS
114,5.7125e-05,5.75e-05,1,-0.748028069733965,71,PASS
115,5.7625e-05,5.8e-05,1,-1.5887575141304877,8,PASS
116,5.8125e-05,5.8500000000000006e-05,1,-1.4147080775268512,21,PASS
117,5.8625e-05,5.9000000000000004e-05,1,0.18621670737612184,142,PASS
118,5.9125e-05,5.95e-05,1,-0.9122260472661555,59,PASS
119,5.9625e-05,6e-05,1,0.05468079796828795,132,PASS
120,6.0125e-05,6.05e-05,1,0.5425364124476595,168,PASS
121,6.0625e-05,6.1000000000000005e-05,1,1.2960330097883792,225,PASS
122,6.1125e-05,6.149999999999999e-05,1,-0.49279255039896874,90,PASS
123,6.1625e-05,6.199999999999999e-05,1,-0.6164915141082665,81,PASS
124,6.2125e-05,6.25e-05,1,-0.6335330786830529,80,PASS
125,6.2625e-05,6.3e-05,1,-1.299311208617056,30,PASS
126,6.3125e-05,6.35e-05,1,0.554823439834699,169,PASS
127,6.3625e-05,6.4e-05,1,1.086825576886515,209,PASS
128,6.4125e-05,6.45e-05,1,-0.09178347306583845,121,PASS
129,6.4625e-05,6.5e-05,1,0.19821114962506092,142,PASS
130,6.5125e-05,6.549999999999999e-05,1,1.5588323865651021,245,PASS
131,6.5625e-05,6.599999999999999e-05,1,0.676311583618461,178,PASS
132,6.6125e-05,6.649999999999999e-05,1,0.833118614602016,190,PASS
133,6.6625e-05,6.7e-05,1,1.3242944148353961,227,PASS
134,6.7125e-05,6.75e-05,1,-0.9663120413139958,55,PASS
135,6.7625e-05,6.8e-05,1,0.5105645982903477,166,PASS
136,6.8125e-05,6.85e-05,1,0.7391413181097379,183,PASS
137,6.8625e-05,6.9e-05,1,1.163574961059987,215,PASS
138,6.9125e-05,6.95e-05,1,-0.5311291435935592,88,PASS
139,6.9625e-05,7e-05,1,0.641901999424362,176,PASS
140,7.0125e-05,7.049999999999999e-05,1,0.3549620597288594,154,PASS
141,7.0625e-05,7.099999999999999e-05,1,-0.30817248500293815,104,PASS
142,7.1125e-05,7.149999999999999e-05,1,-1.3542684259206448,26,PASS
143,7.1625e-05,7.2e-05,1,-0.4996353251373227,90,PASS
144,7.2125e-05,7.25e-05,1,1.5758481436096272,246,PASS
145,7.2625e-05,7.3e-05,1,-0.963820094516485,55,PASS
146,7.3125e-05,7.35e-05,1,-1.3136308218002029,29,PASS
147,7.3625e-05,7.4e-05,1,-0.4498899558941738,94,PASS
148,7.4125e-05,7.45e-05,1,-1.3566653068396608,25,PASS
149,7.4625e-05,7.5e-05,1,-0.7915236317566773,68,PASS
150,7.5125e-05,7.549999999999999e-05,1,1.4091508151499432,234,PASS
151,7.5625e-05,7.599999999999999e-05,1,-0.6161409230850299,81,PASS
152,7.6125e-05,7.649999999999999e-05,1,0.2920243494592074,149,PASS
153,7.6625e-05,7.7e-05,1,-0.8882677495131648,61,PASS
154,7.7125e-05,7.75e-05,1,0.5711317429549163,171,PASS
155,7.7625e-05,7.8e-05,1,-1.2659682819393994,32,PASS
156,7.8125e-05,7.85e-05,1,0.9853519031367164,202,PASS
157,7.8625e-05,7.9e-05,1,-0.26198344777658455,108,PASS
158,7.9125e-05,7.95e-05,1,-1.0755546838891337,47,PASS
159,7.9625e-05,7.999999999999999e-05,1,0.8780485232048691,194,PASS
160,8.0125e-05,8.049999999999999e-05,1,0.18456063269259126,141,PASS
161,8.0625e-05,8.099999999999999e-05,1,-0.21030696487470535,112,PASS
162,8.1125e-05,8.149999999999999e-05,1,-0.8818714578331711,61,PASS
163,8.1625e-05,8.2e-05,1,0.9566440368620397,200,PASS
164,8.2125e-05,8.25e-05,1,-0.4580308072082342,93,PASS
165,8.2625e-05,8.3e-05,1,-1.5534916518423747,11,PASS
166,8.3125e-05,8.35e-05,1,1.5822555174719113,247,PASS
167,8.3625e-05,8.4e-05,1,-1.5964196523753569,7,PASS
168,8.4125e-05,8.45e-05,1,-1.290405136078828,30,PASS
169,8.4625e-05,8.499999999999999e-05,1,-0.11623739461571048,119,PASS
170,8.5125e-05,8.549999999999999e-05,1,-0.9932931986554253,53,PASS
171,8.5625e-05,8.599999999999999e-05,1,-0.5605408722072758,85,PASS
172,8.612499999999999e-05,8.649999999999999e-05,1,0.22972182257335816,145,PASS
173,8.6625e-05,8.7e-05,1,1.5566626376804404,245,PASS
174,8.7125e-05,8.75e-05,1,1.4834615624766718,239,PASS
175,8.7625e-05,8.8e-05,1,-1.4487536821262004,18,PASS
176,8.8125e-05,8.85e-05,1,1.2012664312839971,218,PASS
177,8.8625e-05,8.9e-05,1,-1.1293995725503665,42,PASS
178,8.9125e-05,8.95e-05,1,1.0588717665109935,207,PASS
179,8.9625e-05,8.999999999999999e-05,1,-0.6924194593161226,75,PASS
180,9.0125e-05,9.049999999999999e-05,1,0.7406368147618532,183,PASS
181,9.0625e-05,9.099999999999999e-05,1,0.7438968970935906,184,PASS
182,9.112499999999999e-05,9.149999999999999e-05,1,1.1918742831716067,217,PASS
183,9.1625e-05,9.2e-05,1,1.6307278860950774,250,PASS
184,9.2125e-05,9.25e-05,1,-0.7633651002657943,70,PASS
185,9.2625e-05,9.3e-05,1,0.4362487594929296,160,PASS
186,9.3125e-05,9.35e-05,1,0.8134867051659158,189,PASS
187,9.3625e-05,9.4e-05,1,-1.429260252242937,20,PASS
188,9.4125e-05,9.449999999999999e-05,1,0.5540685484140859,169,PASS
189,9.4625e-05,9.499999999999999e-05,1,-0.6068472479519571,82,PASS
190,9.5125e-05,9.549999999999999e-05,1,-1.1510052549527672,41,PASS
191,9.5625e-05,9.599999999999999e-05,1,0.16820329663818057,140,PASS
192,9.6125e-05,9.65e-05,1,-0.1295957699362702,118,PASS
193,9.6625e-05,9.7e-05,1,0.26207143206368033,147,PASS
194,9.7125e-05,9.75e-05,1,0.482519807371413,164,PASS
195,9.7625e-05,9.8e-05,1,-0.004525871415094196,127,PASS
196,9.8125e-05,9.85e-05,1,1.3775124052930627,231,PASS
197,9.8625e-05,9.9e-05,1,-1.095091725470585,45,PASS
198,9.9125e-05,9.949999999999999e-05,1,-0.7181083933679536,73,PASS
199,9.9625e-05,9.999999999999999e-05,1,-0.48884641998771095,91,PASS
200,0.000100125,0.00010049999999999999,1,0.9328988682674468,198,PASS
201,0.00010062499999999999,0.00010099999999999999,1,0.5171335973442448,166,PASS
202,0.000101125,0.0001015,1,-0.9981628877864409,52,PASS
203,0.000101625,0.000102,1,0.8311024280193144,190,PASS
204,0.000102125,0.0001025,1,0.9232259288829299,197,PASS
205,0.000102625,0.000103,1,0.9188209829463372,197,PASS
206,0.000103125,0.0001035,1,-1.433532123264567,20,PASS
207,0.000103625,0.000104,1,-0.9787268939923733,54,PASS
208,0.000104125,0.00010449999999999999,1,1.3443090922509107,229,PASS
209,0.000104625,0.00010499999999999999,1,1.290069003563816,225,PASS
210,0.000105125,0.00010549999999999999,1,-1.0010529641713126,52,PASS
211,0.00010562499999999999,0.00010599999999999999,1,0.17467723827003345,141,PASS
212,0.000106125,0.0001065,1,-0.8068769212778842,67,PASS
213,0.000106625,0.000107,1,-0.28463177667515516,106,PASS
214,0.000107125,0.0001075,1,-1.6287875298478194,5,PASS
215,0.000107625,0.000108,1,-0.7420151950950441,72,PASS
216,0.000108125,0.0001085,1,-0.7796849350839055,69,PASS
217,0.000108625,0.00010899999999999999,1,1.4250436692370514,235,PASS
218,0.000109125,0.00010949999999999999,1,0.29909873655160624,150,PASS
219,0.000109625,0.00010999999999999999,1,-1.0964439223325062,45,PASS
220,0.000110125,0.00011049999999999999,1,-0.24628055535944493,109,PASS
221,0.00011062499999999999,0.00011099999999999999,1,-0.024017048554156428,126,PASS
222,0.000111125,0.0001115,1,0.4670243992485912,163,PASS
223,0.000111625,0.000112,1,0.11032268948441937,136,PASS
224,0.000112125,0.0001125,1,-0.26862479502923287,107,PASS
225,0.000112625,0.000113,1,-0.6433037599639653,79,PASS
226,0.000113125,0.0001135,1,0.25499832992641824,147,PASS
227,0.000113625,0.00011399999999999999,1,1.6178288464804786,249,PASS
228,0.000114125,0.00011449999999999999,1,0.1801556789131351,141,PASS
229,0.000114625,0.00011499999999999999,1,1.3158412988427106,227,PASS
230,0.00011512499999999999,0.00011549999999999999,1,-1.648073720375593,3,PASS
231,0.00011562499999999999,0.00011599999999999999,1,-1.0094688304018118,51,PASS
232,0.000116125,0.0001165,1,1.240211129698362,221,PASS
233,0.000116625,0.000117,1,0.23620784978221554,145,PASS
234,0.000117125,0.0001175,1,-0.04230253263406891,124,PASS
235,0.000117625,0.000118,1,-0.4460654184834827,94,PASS
236,0.000118125,0.0001185,1,-0.6960965761756979,75,PASS
237,0.000118625,0.00011899999999999999,1,0.608021308282068,173,PASS
238,0.000119125,0.00011949999999999999,1,-0.4565008110279991,93,PASS
239,0.000119625,0.00011999999999999999,1,-0.22020199481750935,111,PASS
240,0.00012012499999999999,0.00012049999999999999,1,0.9412841789537933,198,PASS
241,0.00012062499999999999,0.00012099999999999999,1,1.517022106570703,242,PASS
242,0.000121125,0.0001215,1,1.6784333016097943,254,PASS
243,0.000121625,0.000122,1,-0.05128819417574837,124,PASS
244,0.000122125,0.0001225,1,-1.2302252129982765,35,PASS
245,0.00012262499999999999,0.00012299999999999998,1,-1.615259751720642,6,PASS
246,0.00012312499999999997,0.00012349999999999997,1,-0.01816720110250003,126,PASS
247,0.00012362499999999998,0.00012399999999999998,1,-1.4403930289498845,19,PASS
248,0.000124125,0.0001245,1,-1.2997755280600287,30,PASS
249,0.00012462499999999998,0.00012499999999999998,1,-0.9015471297345102,60,PASS
250,0.000125125,0.0001255,1,1.6727765330010922,253,PASS
251,0.00012562499999999998,0.00012599999999999997,1,-1.1484229044300762,41,PASS
252,0.000126125,0.00012649999999999998,1,-1.3255507954087855,28,PASS
253,0.00012662499999999997,0.00012699999999999997,1,1.4141408332216356,234,PASS
254,0.000127125,0.00012749999999999998,1,0.4150371192396516,159,PASS
255,0.00012762499999999997,0.00012799999999999997,1,0.8156623879928524,189,PASS
256,0.00012812499999999998,0.00012849999999999998,1,-0.49390625140076083,90,PASS
257,0.000128625,0.000129,1,1.4750305305632605,239,PASS
258,0.00012912499999999998,0.00012949999999999998,1,1.6187421602140322,249,PASS
259,0.000129625,0.00013,1,0.19874938604475956,142,PASS
260,0.00013012499999999998,0.00013049999999999997,1,1.6552569401948156,252,PASS
261,0.000130625,0.00013099999999999999,1,0.019700799583773465,129,PASS
262,0.00013112499999999998,0.00013149999999999997,1,-0.20488303462295376,112,PASS
263,0.000131625,0.00013199999999999998,1,0.9704756049636647,201,PASS
264,0.00013212499999999997,0.00013249999999999997,1,0.4904420757231518,164,PASS
265,0.00013262499999999998,0.00013299999999999998,1,-1.0181967872769988,51,PASS
266,0.000133125,0.0001335,1,0.050793572385314345,131,PASS
267,0.00013362499999999998,0.00013399999999999998,1,-1.6440378377459521,4,PASS
268,0.000134125,0.0001345,1,1.277243495314807,224,PASS
269,0.00013462499999999998,0.00013499999999999997,1,0.1443160130676615,138,PASS
270,0.000135125,0.0001355,1,-1.542964102952334,11,PASS
271,0.00013562499999999998,0.00013599999999999997,1,1.4883803486815592,240,PASS
272,0.000136125,0.00013649999999999998,1,1.6980839904220273,255,PASS
273,0.00013662499999999997,0.00013699999999999997,1,0.8068384459766855,188,PASS
274,0.00013712499999999999,0.00013749999999999998,1,-0.23350025704990363,110,PASS
275,0.00013762499999999997,0.00013799999999999997,1,0.31082555891832064,151,PASS
276,0.00013812499999999998,0.00013849999999999998,1,-1.6652115326673216,2,PASS
277,0.000138625,0.000139,1,-1.3312723017567722,27,PASS
278,0.00013912499999999998,0.00013949999999999998,1,-0.5746019102203408,84,PASS
279,0.000139625,0.00014,1,-0.30168645913867786,105,PASS
280,0.00014012499999999998,0.00014049999999999997,1,0.8702260300137279,193,PASS
281,0.000140625,0.00014099999999999998,1,-1.1195187595999356,43,PASS
282,0.00014112499999999997,0.00014149999999999997,1,-1.3052438972739027,29,PASS
283,0.000141625,0.00014199999999999998,1,0.6713773732493726,178,PASS
284,0.00014212499999999997,0.00014249999999999997,1,1.3193092079556779,227,PASS
285,0.00014262499999999998,0.00014299999999999998,1,1.2908686578117503,225,PASS
286,0.000143125,0.0001435,1,0.8225150835067889,189,PASS
287,0.00014362499999999998,0.00014399999999999998,1,1.6441288202878803,251,PASS
288,0.000144125,0.0001445,1,0.07511316240864407,133,PASS
289,0.00014462499999999998,0.00014499999999999997,1,0.9331938281166294,198,PASS
290,0.000145125,0.00014549999999999999,1,-0.28159672308049233,106,PASS
291,0.00014562499999999998,0.00014599999999999997,1,-0.49893075390360075,90,PASS
292,0.000146125,0.00014649999999999998,1,1.3967951133642853,233,PASS
293,0.00014662499999999997,0.00014699999999999997,1,-0.23559618726767084,110,PASS
294,0.00014712499999999998,0.00014749999999999998,1,0.8380015256597024,191,PASS
295,0.00014762499999999997,0.00014799999999999997,1,-0.010123106618580735,127,PASS
296,0.00014812499999999998,0.00014849999999999998,1,-1.318476058167719,28,PASS
297,0.000148625,0.000149,1,-1.268621335117695,32,PASS
298,0.00014912499999999998,0.00014949999999999997,1,0.034416793511800714,130,PASS
299,0.000149625,0.00015,1,0.7061048528612586,181,PASS
300,0.00015012499999999998,0.00015049999999999997,1,0.8244463196890173,190,PASS
301,0.000150625,0.00015099999999999998,1,-0.5586299157210644,85,PASS
302,0.00015112499999999997,0.00015149999999999997,1,-1.668683762811658,2,PASS
303,0.00015162499999999999,0.00015199999999999998,1,0.11341184915178815,136,PASS
304,0.00015212499999999997,0.00015249999999999997,1,-1.0554722276345028,48,PASS
305,0.00015262499999999998,0.00015299999999999998,1,-0.6115921104403694,81,PASS
306,0.000153125,0.0001535,1,0.22592706641664262,145,PASS
307,0.00015362499999999998,0.00015399999999999998,1,-0.3677678941432878,100,PASS
308,0.000154125,0.0001545,1,-0.13939443643578486,117,PASS
309,0.00015462499999999998,0.00015499999999999997,1,-1.528439574724439,12,PASS
310,0.000155125,0.00015549999999999999,1,-1.0777475895708772,46,PASS
311,0.00015562499999999997,0.00015599999999999997,1,1.1624449847565452,215,PASS
312,0.000156125,0.00015649999999999998,1,0.0403968530420018,131,PASS
313,0.00015662499999999997,0.00015699999999999997,1,1.3094002004855072,226,PASS
314,0.00015712499999999998,0.00015749999999999998,1,1.2148234030144291,219,PASS
315,0.00015762499999999997,0.00015799999999999996,1,-1.043222082624558,49,PASS
316,0.00015812499999999998,0.00015849999999999998,1,-0.3413707466348974,102,PASS
317,0.000158625,0.000159,1,0.08764622027053637,134,PASS
318,0.00015912499999999998,0.00015949999999999997,1,-1.3684484912397956,24,PASS
319,0.000159625,0.00015999999999999999,1,-1.4097890501299526,21,PASS
320,0.00016012499999999998,0.00016049999999999997,1,1.1610542985725185,215,PASS
321,0.000160625,0.00016099999999999998,1,1.1108263085399714,211,PASS
322,0.00016112499999999997,0.00016149999999999997,1,-0.3968161655562088,98,PASS
323,0.00016162499999999998,0.00016199999999999998,1,0.7023879195237834,180,PASS
324,0.00016212499999999997,0.00016249999999999997,1,0.06097257378126231,132,PASS
325,0.00016262499999999998,0.00016299999999999998,1,0.8420219671820919,191,PASS
326,0.000163125,0.0001635,1,-0.6283706483763847,80,PASS
327,0.00016362499999999998,0.00016399999999999997,1,-0.0882768443177333,121,PASS
328,0.000164125,0.0001645,1,1.336051524424627,228,PASS
329,0.00016462499999999998,0.00016499999999999997,1,1.0765898397988474,209,PASS
330,0.000165125,0.00016549999999999998,1,-0.6461232324179145,79,PASS
331,0.00016562499999999997,0.00016599999999999997,1,1.2980216748842583,225,PASS
332,0.00016612499999999999,0.00016649999999999998,1,-0.3443556160974215,102,PASS
333,0.00016662499999999997,0.00016699999999999997,1,0.6200918124709511,174,PASS
334,0.00016712499999999998,0.00016749999999999998,1,0.7191358727652186,182,PASS
335,0.000167625,0.000168,1,-0.33427110565496565,102,PASS
336,0.00016812499999999998,0.00016849999999999998,1,1.1121189438454209,211,PASS
337,0.000168625,0.000169,1,-0.11780416194254406,119,PASS
338,0.00016912499999999998,0.00016949999999999997,1,1.5663415868943085,245,PASS
339,0.000169625,0.00016999999999999999,1,1.4847763781433259,239,PASS
340,0.00017012499999999997,0.00017049999999999997,1,1.3609024183197296,230,PASS
341,0.000170625,0.00017099999999999998,1,1.388401767584697,232,PASS
342,0.00017112499999999997,0.00017149999999999997,1,-1.200041743798078,37,PASS
343,0.00017162499999999998,0.00017199999999999998,1,0.5043359437572612,165,PASS
344,0.00017212499999999997,0.00017249999999999996,1,0.8197894362812528,189,PASS
345,0.00017262499999999998,0.00017299999999999998,1,0.09778116863568465,135,PASS
346,0.000173125,0.0001735,1,0.09935135125340344,135,PASS
347,0.00017362499999999998,0.00017399999999999997,1,-1.0151349109743697,51,PASS
348,0.000174125,0.00017449999999999999,1,-1.1533258846044165,41,PASS
349,0.00017462499999999998,0.00017499999999999997,1,0.9626567195423126,200,PASS
350,0.000175125,0.00017549999999999998,1,-1.1913410395828032,38,PASS
351,0.00017562499999999997,0.00017599999999999997,1,0.7758697024274397,186,PASS
352,0.00017612499999999998,0.00017649999999999998,1,-1.4379671410875672,19,PASS
353,0.00017662499999999997,0.00017699999999999997,1,-0.29834282323404326,105,PASS
354,0.00017712499999999998,0.00017749999999999998,1,-1.6183614729219093,6,PASS
355,0.000177625,0.000178,1,0.5452670830794879,169,PASS
356,0.00017812499999999998,0.00017849999999999997,1,-0.7040860218108188,74,PASS
357,0.000178625,0.000179,1,-0.1098197134295904,119,PASS
358,0.00017912499999999998,0.00017949999999999997,1,-0.7260743520323868,73,PASS
359,0.000179625,0.00017999999999999998,1,0.05363307098500947,132,PASS
360,0.00018012499999999997,0.00018049999999999997,1,0.5359989840271229,168,PASS
361,0.00018062499999999999,0.00018099999999999998,1,-1.132494580129383,42,PASS
362,0.00018112499999999997,0.00018149999999999997,1,0.9419666703944485,198,PASS
363,0.00018162499999999998,0.00018199999999999998,1,0.9605522453885593,200,PASS
364,0.00018212499999999997,0.00018249999999999996,1,1.5033631476417877,241,PASS
365,0.00018262499999999998,0.00018299999999999998,1,-0.4056361839776075,97,PASS
366,0.000183125,0.0001835,1,1.268646290941405,223,PASS
367,0.00018362499999999998,0.00018399999999999997,1,-1.3814693238873277,23,PASS
368,0.000184125,0.00018449999999999999,1,1.679281452075229,254,PASS
369,0.00018462499999999997,0.00018499999999999997,1,-0.9784945854965067,54,PASS
370,0.000185125,0.00018549999999999998,1,-0.42891290900383483,95,PASS
371,0.00018562499999999997,0.00018599999999999997,1,-1.382088253766387,23,PASS
372,0.00018612499999999998,0.00018649999999999998,1,1.1394818963056947,213,PASS
373,0.00018662499999999997,0.00018699999999999996,1,-0.047827873350450245,124,PASS
374,0.00018712499999999998,0.00018749999999999998,1,1.5721649085320546,246,PASS
375,0.000187625,0.000188,1,-1.2083066034306114,37,PASS
376,0.00018812499999999998,0.00018849999999999997,1,1.3321939983929487,228,PASS
377,0.000188625,0.00018899999999999999,1,-0.4775431956300389,92,PASS
378,0.00018912499999999998,0.00018949999999999997,1,-0.8966116754456283,60,PASS
379,0.000189625,0.00018999999999999998,1,0.5342187275357946,168,PASS
380,0.00019012499999999997,0.00019049999999999997,1,-1.5973592045177354,7,PASS
381,0.00019062499999999998,0.00019099999999999998,1,0.08659706441332915,134,PASS
382,0.00019112499999999997,0.00019149999999999997,1,-0.08974236057513307,121,PASS
383,0.00019162499999999998,0.00019199999999999998,1,-1.5350825492207962,12,PASS
384,0.000192125,0.0001925,1,-0.22378040704931923,111,PASS
385,0.00019262499999999998,0.00019299999999999997,1,-0.663274778960681,78,PASS
386,0.000193125,0.0001935,1,-0.8545961228401812,63,PASS
387,0.00019362499999999998,0.00019399999999999997,1,1.4629987463044645,238,PASS
388,0.000194125,0.00019449999999999998,1,0.334209272967706,153,PASS
389,0.00019462499999999997,0.00019499999999999997,1,-1.175864489994629,39,PASS
390,0.00019512499999999999,0.00019549999999999998,1,0.8742475261397418,193,PASS
391,0.00019562499999999997,0.00019599999999999997,1,-0.4434732533656318,94,PASS
392,0.00019612499999999998,0.00019649999999999998,1,0.336092256975417,153,PASS
393,0.00019662499999999997,0.00019699999999999996,1,-0.4082212237919518,97,PASS
394,0.00019712499999999998,0.00019749999999999998,1,0.47105590054327595,163,PASS
395,0.000197625,0.000198,1,0.6185859277502603,174,PASS
396,0.00019812499999999998,0.00019849999999999997,1,-0.7359834945116388,72,PASS
397,0.000198625,0.00019899999999999999,1,1.1255961378850696,212,PASS
398,0.00019912499999999997,0.00019949999999999997,1,0.40164454892987655,158,PASS
399,0.000199625,0.00019999999999999998,1,0.35791322132534487,154,PASS
400,0.00020012499999999997,0.00020049999999999997,1,-0.9587798378426885,55,PASS
401,0.00020062499999999998,0.00020099999999999998,1,-0.8365273442657881,65,PASS
402,0.00020112499999999997,0.00020149999999999996,1,-0.35571802191104074,101,PASS
403,0.00020162499999999998,0.00020199999999999998,1,-1.5848328261821791,8,PASS
404,0.000202125,0.0002025,1,-1.513914112777543,14,PASS
405,0.00020262499999999998,0.00020299999999999997,1,0.553119033304817,169,PASS
406,0.000203125,0.00020349999999999999,1,-0.6239728950869754,81,PASS
407,0.00020362499999999998,0.00020399999999999997,1,0.7488312185036896,184,PASS
408,0.000204125,0.00020449999999999998,1,-1.4455900953156455,19,PASS
409,0.00020462499999999997,0.00020499999999999997,1,0.8164462498739613,189,PASS
410,0.00020512499999999999,0.00020549999999999998,1,-0.971791977590168,54,PASS
411,0.00020562499999999997,0.00020599999999999997,1,1.256475288966388,222,PASS
412,0.00020612499999999998,0.00020649999999999998,1,1.382209624355495,232,PASS
413,0.00020662499999999997,0.00020699999999999996,1,0.6436652399319176,176,PASS
414,0.00020712499999999998,0.00020749999999999998,1,-0.35942531761341634,100,PASS
415,0.000207625,0.000208,1,-1.612797149764925,6,PASS
416,0.00020812499999999998,0.00020849999999999997,1,0.8877847876622276,194,PASS
417,0.000208625,0.00020899999999999998,1,0.21357974129239343,144,PASS
418,0.00020912499999999997,0.00020949999999999997,1,-1.420209752007608,21,PASS
419,0.00020962499999999999,0.00020999999999999998,1,0.2405064354690738,146,PASS
420,0.00021012499999999997,0.00021049999999999997,1,-1.6790707242600196,1,PASS
421,0.00021062499999999998,0.00021099999999999998,1,-0.16531953314612435,115,PASS
422,0.00021112499999999997,0.00021149999999999996,1,0.38507271767865237,156,PASS
423,0.00021162499999999998,0.00021199999999999998,1,1.0290393258384076,205,PASS
424,0.000212125,0.0002125,1,-0.7119399135879749,74,PASS
425,0.00021262499999999998,0.00021299999999999997,1,-0.9110452451920529,59,PASS
426,0.000213125,0.00021349999999999999,1,-0.5742814855742413,84,PASS
427,0.00021362499999999997,0.00021399999999999997,1,-1.4987382011846586,15,PASS
428,0.000214125,0.00021449999999999998,1,1.467098187045724,238,PASS
429,0.00021462499999999997,0.00021499999999999997,1,1.2941592750607753,225,PASS
430,0.00021512499999999998,0.00021549999999999998,1,0.34726297861645405,154,PASS
431,0.00021562499999999997,0.00021599999999999996,1,-1.4464027576453224,19,PASS
432,0.00021612499999999998,0.00021649999999999998,1,-1.4156659850450135,21,PASS
433,0.00021662499999999997,0.00021699999999999996,1,1.4690801891660084,238,PASS
434,0.00021712499999999998,0.00021749999999999997,1,-1.2750015005652715,31,PASS
435,0.000217625,0.00021799999999999999,1,-1.2047262776937864,37,PASS
436,0.00021812499999999998,0.00021849999999999997,1,0.9705986854794084,201,PASS
437,0.000218625,0.00021899999999999998,1,-0.6747932326456396,77,PASS
438,0.00021912499999999997,0.00021949999999999997,1,-0.30071577848119113,105,PASS
439,0.00021962499999999999,0.00021999999999999998,1,-0.3059203350078059,104,PASS
440,0.00022012499999999997,0.00022049999999999997,1,0.6802245902943278,179,PASS
441,0.00022062499999999998,0.00022099999999999998,1,-0.0940703207431064,120,PASS
442,0.00022112499999999997,0.00022149999999999996,1,1.061497051429235,207,PASS
443,0.00022162499999999998,0.00022199999999999998,1,-0.013806909761902908,126,PASS
444,0.000222125,0.0002225,1,-0.7124373046280212,74,PASS
445,0.00022262499999999998,0.00022299999999999997,1,-1.0384385821062998,49,PASS
446,0.000223125,0.00022349999999999998,1,0.8670450565213812,193,PASS
447,0.00022362499999999997,0.00022399999999999997,1,-0.9536728288518975,56,PASS
448,0.00022412499999999999,0.00022449999999999998,1,0.37028655698041857,155,PASS
449,0.00022462499999999997,0.00022499999999999997,1,0.3447742090381525,153,PASS
450,0.00022512499999999998,0.00022549999999999998,1,1.5750418054840278,246,PASS
451,0.00022562499999999997,0.00022599999999999996,1,-1.3952895165109531,22,PASS
452,0.00022612499999999998,0.00022649999999999998,1,-0.994430562718912,53,PASS
453,0.000226625,0.000227,1,0.5492803945473697,169,PASS
454,0.00022712499999999998,0.00022749999999999997,1,-0.5749417510078989,84,PASS
455,0.000227625,0.00022799999999999999,1,-1.2628182356515594,32,PASS
456,0.00022812499999999997,0.00022849999999999997,1,1.3442532500353475,229,PASS
457,0.000228625,0.00022899999999999998,1,0.7870197395740772,187,PASS
458,0.00022912499999999997,0.00022949999999999997,1,-0.9433226823296955,56,PASS
459,0.00022962499999999998,0.00022999999999999998,1,-1.3762849656476266,24,PASS
460,0.00023012499999999997,0.00023049999999999996,1,1.164201774451722,215,PASS
461,0.00023062499999999998,0.00023099999999999998,1,0.23787063178110834,145,PASS
462,0.00023112499999999997,0.00023149999999999996,1,1.4605673252974503,237,PASS
463,0.00023162499999999998,0.00023199999999999997,1,0.05841722621393686,132,PASS
464,0.000232125,0.00023249999999999999,1,-0.9150135689895716,59,PASS
465,0.00023262499999999998,0.00023299999999999997,1,-1.2458888391172365,34,PASS
466,0.000233125,0.00023349999999999998,1,-0.2790960851725035,106,PASS
467,0.00023362499999999997,0.00023399999999999997,1,0.6256594618715823,175,PASS
468,0.00023412499999999999,0.00023449999999999998,1,-1.6853793514483502,1,PASS
469,0.00023462499999999997,0.00023499999999999997,1,-0.35580386041444734,101,PASS
470,0.00023512499999999998,0.00023549999999999998,1,-0.32698326609270567,103,PASS
471,0.00023562499999999997,0.00023599999999999996,1,0.5814384553690106,171,PASS
472,0.00023612499999999998,0.00023649999999999998,1,-1.037129454249517,49,PASS
473,0.000236625,0.000237,1,1.278642926010842,224,PASS
474,0.00023712499999999998,0.00023749999999999997,1,-0.5947003823647956,83,PASS
475,0.000237625,0.00023799999999999998,1,1.11114713484746,211,PASS
476,0.00023812499999999997,0.00023849999999999997,1,1.1139169189425961,211,PASS
477,0.00023862499999999999,0.00023899999999999998,1,1.308592330140746,226,PASS
478,0.00023912499999999997,0.00023949999999999997,1,-0.8199811359022681,66,PASS
479,0.00023962499999999998,0.00023999999999999998,1,1.1555436325013562,215,PASS
480,0.00024012499999999997,0.00024049999999999996,1,-0.916274949558732,59,PASS
481,0.00024062499999999998,0.00024099999999999998,1,-0.34189379319881974,102,PASS
482,0.00024112499999999997,0.00024149999999999996,1,-1.0958773883082125,45,PASS
483,0.00024162499999999998,0.00024199999999999997,1,-0.05395490397917979,123,PASS
484,0.000242125,0.00024249999999999999,1,-1.444338950567729,19,PASS
485,0.00024262499999999998,0.00024299999999999997,1,1.5532633649117107,244,PASS
486,0.000243125,0.00024349999999999998,1,-1.6558115204170545,3,PASS
487,0.00024362499999999997,0.00024399999999999997,1,-0.011573109256547198,127,PASS
488,0.00024412499999999998,0.0002445,1,1.1495240043344566,214,PASS
489,0.000244625,0.000245,1,-1.2494492629931253,33,PASS
490,0.000245125,0.0002455,1,0.3301462162926929,152,PASS
491,0.000245625,0.000246,1,0.10568060177317462,135,PASS
492,0.000246125,0.0002465,1,0.8756243194184512,193,PASS
493,0.000246625,0.000247,1,0.6752221219024916,178,PASS
494,0.000247125,0.0002475,1,1.105045790538964,211,PASS
495,0.000247625,0.000248,1,0.9971644621541296,203,PASS
496,0.00024812500000000003,0.0002485,1,0.28172381434179505,149,PASS
497,0.000248625,0.000249,1,-0.5101217616158347,89,PASS
498,0.000249125,0.0002495,1,-1.3347435993581394,27,PASS
499,0.000249625,0.00025,1,-1.14301950388246,41,PASS
500,0.000250125,0.0002505,1,1.262105753260596,223,PASS
501,0.000250625,0.000251,1,-0.7938978718299001,68,PASS
502,0.000251125,0.0002515,1,1.339704277455272,228,PASS
503,0.000251625,0.000252,1,-0.6593064337903105,78,PASS
504,0.000252125,0.0002525,1,-1.505325999053681,14,PASS
505,0.00025262500000000003,0.000253,1,-0.7140085575156451,74,PASS
506,0.000253125,0.0002535,1,-0.39218804393614004,98,PASS
507,0.000253625,0.000254,1,-1.3474876343888182,26,PASS
508,0.000254125,0.0002545,1,-0.23881160375217703,110,PASS
509,0.000254625,0.000255,1,1.0130058867201426,204,PASS
510,0.000255125,0.0002555,1,-0.2930123864826435,105,PASS
511,0.000255625,0.000256,1,-0.021303899382884017,126,PASS
512,0.000256125,0.0002565,1,1.6958280305957227,255,PASS
513,0.000256625,0.000257,1,-0.967913607694891,55,PASS
514,0.00025712500000000003,0.0002575,1,0.14930983622967764,139,PASS
515,0.000257625,0.000258,1,1.6583713715737665,252,PASS
516,0.000258125,0.0002585,1,-0.014536926110892523,126,PASS
517,0.000258625,0.000259,1,0.31082564263989254,151,PASS
518,0.000259125,0.0002595,1,0.15880181414490613,139,PASS
519,0.000259625,0.00026,1,-1.3080847157914026,29,PASS
520,0.000260125,0.0002605,1,0.7348607826729616,183,PASS
521,0.000260625,0.000261,1,1.4010503589622914,233,PASS
522,0.000261125,0.0002615,1,1.450359701739812,237,PASS
523,0.00026162500000000003,0.000262,1,0.29467375176315813,150,PASS
524,0.000262125,0.0002625,1,-0.5014616241032539,90,PASS
525,0.000262625,0.000263,1,0.5967350321393214,172,PASS
526,0.000263125,0.0002635,1,1.5116981548043522,241,PASS
527,0.000263625,0.000264,1,1.6256619221415247,250,PASS
528,0.000264125,0.0002645,1,-0.7379525708975676,72,PASS
529,0.000264625,0.000265,1,1.48133428985881,239,PASS
530,0.000265125,0.0002655,1,0.7829829106730599,186,PASS
531,0.000265625,0.000266,1,1.2642461997474312,223,PASS
532,0.00026612500000000003,0.0002665,1,-1.1305645722312225,42,PASS
533,0.000266625,0.000267,1,1.6192387889795465,249,PASS
534,0.000267125,0.0002675,1,0.8619602035042642,192,PASS
535,0.000267625,0.000268,1,-1.1338409144966963,42,PASS
536,0.000268125,0.0002685,1,0.13641076145811093,138,PASS
537,0.000268625,0.000269,1,-1.3207863803330921,28,PASS
538,0.000269125,0.0002695,1,0.7635985144261095,185,PASS
539,0.000269625,0.00027,1,0.3236141738715188,152,PASS
540,0.000270125,0.0002705,1,0.26617626446358256,148,PASS
541,0.000270625,0.000271,1,1.180579395667695,216,PASS
542,0.000271125,0.0002715,1,0.9170792573116573,197,PASS
543,0.000271625,0.000272,1,-1.3881677936634351,23,PASS
544,0.000272125,0.0002725,1,0.8912728928179174,195,PASS
545,0.000272625,0.000273,1,0.14098327055660076,138,PASS
546,0.000273125,0.0002735,1,-1.058145800854333,48,PASS
547,0.000273625,0.000274,1,-0.51959045128701,88,PASS
548,0.000274125,0.0002745,1,0.03125988313633843,130,PASS
549,0.000274625,0.000275,1,1.2200756512173323,219,PASS
550,0.000275125,0.0002755,1,1.2984697525687026,225,PASS
551,0.000275625,0.000276,1,-1.3528526449285567,26,PASS
552,0.000276125,0.0002765,1,-0.1966748498119819,113,PASS
553,0.000276625,0.000277,1,1.1679992584346162,215,PASS
554,0.00027712500000000003,0.0002775,1,0.3480366815446845,154,PASS
555,0.000277625,0.000278,1,1.207550384520639,218,PASS
556,0.000278125,0.0002785,1,0.3306843950780036,152,PASS
557,0.000278625,0.000279,1,-0.9416779890661829,57,PASS
558,0.000279125,0.0002795,1,0.009698740392908967,128,PASS
559,0.000279625,0.00028,1,0.05152645861163352,131,PASS
560,0.000280125,0.0002805,1,1.339864915124773,228,PASS
561,0.000280625,0.000281,1,-0.490442268962344,91,PASS
562,0.000281125,0.0002815,1,-0.9010352921590502,60,PASS
563,0.00028162500000000003,0.000282,1,0.8461170987822049,191,PASS
564,0.000282125,0.0002825,1,-0.27342483684923957,107,PASS
565,0.000282625,0.000283,1,-0.05320776215893086,123,PASS
566,0.000283125,0.0002835,1,1.6203940484355825,250,PASS
567,0.000283625,0.000284,1,0.5937943469163594,172,PASS
568,0.000284125,0.0002845,1,0.5842864473757958,171,PASS
569,0.000284625,0.000285,1,1.4752203170696492,239,PASS
570,0.000285125,0.0002855,1,0.735402368918123,183,PASS
571,0.000285625,0.000286,1,1.5462260770913911,244,PASS
572,0.00028612500000000003,0.0002865,1,0.45323021688061194,162,PASS
573,0.000286625,0.000287,1,0.297210676495391,150,PASS
574,0.000287125,0.0002875,1,-0.7336301497925676,72,PASS
575,0.000287625,0.000288,1,-0.9152933154207428,59,PASS
576,0.000288125,0.0002885,1,0.10710804009226682,136,PASS
577,0.000288625,0.000289,1,-1.499208515473814,15,PASS
578,0.000289125,0.0002895,1,-1.1278208168832111,43,PASS
579,0.000289625,0.00029,1,0.7084553560420532,181,PASS
580,0.000290125,0.0002905,1,0.6086382332992246,173,PASS
581,0.00029062500000000003,0.000291,1,-1.6036333262631697,7,PASS
582,0.000291125,0.0002915,1,-1.1452383271055167,41,PASS
583,0.000291625,0.000292,1,0.40060277590760474,158,PASS
584,0.000292125,0.0002925,1,-0.3139758837765485,104,PASS
585,0.000292625,0.000293,1,0.3024840196870813,150,PASS
586,0.000293125,0.0002935,1,-1.262414271902022,32,PASS
587,0.000293625,0.000294,1,1.2324512690187157,220,PASS
588,0.000294125,0.0002945,1,-0.8196204304864178,66,PASS
589,0.000294625,0.000295,1,-0.4270255118231736,95,PASS
590,0.000295125,0.00029549999999999997,1,-0.17214192457335264,115,PASS
591,0.000295625,0.000296,1,0.31561947062455853,151,PASS
592,0.000296125,0.0002965,1,1.6337633755248435,251,PASS
593,0.000296625,0.000297,1,-0.9879407902482544,53,PASS
594,0.000297125,0.0002975,1,-1.1478903329568215,41,PASS
595,0.000297625,0.000298,1,-1.2058554769570986,37,PASS
596,0.000298125,0.0002985,1,0.9340923655219016,198,PASS
597,0.000298625,0.000299,1,-0.39965062159569453,97,PASS
598,0.000299125,0.0002995,1,1.45168680476769,237,PASS
599,0.000299625,0.0003,1,-1.4736982709787796,17,PASS
600,0.000300125,0.0003005,1,0.10729185009426057,136,PASS
601,0.000300625,0.000301,1,0.8746036403282413,193,PASS
602,0.000301125,0.0003015,1,0.02409047972230316,129,PASS
603,0.000301625,0.000302,1,-0.31756363332200443,104,PASS
604,0.000302125,0.0003025,1,1.0591539850794371,207,PASS
605,0.000302625,0.000303,1,0.0309532540155828,130,PASS
606,0.000303125,0.0003035,1,1.3822242791449664,232,PASS
607,0.000303625,0.000304,1,-0.8887505763507898,61,PASS
608,0.000304125,0.0003045,1,0.33474947719121206,153,PASS
609,0.000304625,0.000305,1,0.45722936092374744,162,PASS
610,0.000305125,0.0003055,1,1.3842448870186874,232,PASS
611,0.000305625,0.000306,1,-1.3829309031875665,23,PASS
612,0.00030612500000000003,0.0003065,1,1.0394493488298047,206,PASS
613,0.000306625,0.000307,1,0.6238651095884722,174,PASS
614,0.000307125,0.0003075,1,1.2260720068405646,220,PASS
615,0.000307625,0.000308,1,0.3701192571739249,155,PASS
616,0.000308125,0.0003085,1,-0.15717296579757511,116,PASS
617,0.000308625,0.000309,1,1.0075097495371022,203,PASS
618,0.000309125,0.0003095,1,-0.733772785640084,72,PASS
619,0.000309625,0.00031,1,-1.5115781072471237,14,PASS
620,0.000310125,0.0003105,1,0.8498812557490412,191,PASS
621,0.00031062500000000003,0.000311,1,1.0620711729616923,207,PASS
622,0.000311125,0.0003115,1,1.11750926804596,212,PASS
623,0.000311625,0.000312,1,-0.17785749931458472,114,PASS
624,0.000312125,0.0003125,1,0.7910912611673455,187,PASS
625,0.000312625,0.000313,1,0.7263849645576752,182,PASS
626,0.000313125,0.0003135,1,-0.7189325973831586,73,PASS
627,0.000313625,0.000314,1,0.9028327122977216,195,PASS
628,0.000314125,0.0003145,1,1.578249126081008,246,PASS
629,0.000314625,0.000315,1,-0.5028455022988689,90,PASS
630,0.000315125,0.00031549999999999997,1,-0.7702852723614736,70,PASS
631,0.000315625,0.000316,1,0.285118543865416,149,PASS
632,0.000316125,0.0003165,1,1.2845546363025895,224,PASS
633,0.000316625,0.000317,1,0.36819146188667706,155,PASS
634,0.000317125,0.0003175,1,1.5981635574368227,248,PASS
635,0.000317625,0.000318,1,1.4368872481865178,236,PASS
636,0.000318125,0.0003185,1,0.7164472803323536,181,PASS
637,0.000318625,0.000319,1,0.7034391228704304,180,PASS
638,0.000319125,0.0003195,1,-1.0946173375395765,45,PASS
639,0.000319625,0.00031999999999999997,1,-0.5404319005725853,87,PASS
640,0.000320125,0.0003205,1,1.0544954809603395,207,PASS
641,0.000320625,0.000321,1,-0.33844842428840094,102,PASS
642,0.000321125,0.0003215,1,-0.9246072364876762,58,PASS
643,0.000321625,0.000322,1,-1.4853808277782523,16,PASS
644,0.000322125,0.0003225,1,-0.94164195816301,57,PASS
645,0.000322625,0.000323,1,0.26218428073047084,147,PASS
646,0.000323125,0.0003235,1,1.442065352142864,236,PASS
647,0.000323625,0.000324,1,-0.3688276167927229,100,PASS
648,0.000324125,0.0003245,1,0.9844199095269517,202,PASS
649,0.000324625,0.000325,1,-1.2620956505896477,32,PASS
650,0.000325125,0.0003255,1,1.097303492311102,210,PASS
651,0.000325625,0.000326,1,1.4536122558168307,237,PASS
652,0.000326125,0.0003265,1,0.008706063134107378,128,PASS
653,0.000326625,0.000327,1,-0.15376486005105106,116,PASS
654,0.000327125,0.0003275,1,1.3875724138615626,232,PASS
655,0.000327625,0.000328,1,-0.9254144731414852,58,PASS
656,0.000328125,0.0003285,1,1.430133082522212,235,PASS
657,0.000328625,0.000329,1,1.419500732175355,234,PASS
658,0.000329125,0.0003295,1,1.5556554956511774,245,PASS
659,0.000329625,0.00033,1,1.329832716363352,228,PASS
660,0.000330125,0.0003305,1,0.08749775186794295,134,PASS
661,0.000330625,0.000331,1,0.6180092747658252,174,PASS
662,0.000331125,0.0003315,1,0.11218806775722134,136,PASS
663,0.000331625,0.000332,1,-0.6740603128734102,77,PASS
664,0.000332125,0.0003325,1,1.6681746447933026,253,PASS
665,0.000332625,0.000333,1,-1.6150984143694953,6,PASS
666,0.000333125,0.0003335,1,-0.8448053869135388,64,PASS
667,0.000333625,0.000334,1,1.4573943148183595,237,PASS
668,0.000334125,0.0003345,1,1.5378490689215918,243,PASS
669,0.000334625,0.000335,1,-0.7520279117623686,71,PASS
670,0.00033512500000000003,0.0003355,1,1.6992632407828518,255,PASS
671,0.000335625,0.000336,1,1.0629894562127304,208,PASS
672,0.000336125,0.0003365,1,0.9413190965452858,198,PASS
673,0.000336625,0.000337,1,0.2442745838786493,146,PASS
674,0.000337125,0.0003375,1,-0.3594741400027852,100,PASS
675,0.000337625,0.000338,1,-1.6685808679700258,2,PASS
676,0.000338125,0.0003385,1,-0.4570261520414385,93,PASS
677,0.000338625,0.000339,1,-0.42573559092276625,95,PASS
678,0.000339125,0.0003395,1,-1.4229413203370265,20,PASS
679,0.000339625,0.00033999999999999997,1,-1.4126856419334224,21,PASS
680,0.000340125,0.0003405,1,-0.8045465561073756,67,PASS
681,0.000340625,0.000341,1,-0.01919967008018264,126,PASS
682,0.000341125,0.0003415,1,0.9320063324994503,198,PASS
683,0.000341625,0.000342,1,0.3021888361783651,150,PASS
684,0.000342125,0.0003425,1,0.13927256621795725,138,PASS
685,0.000342625,0.000343,1,1.0084302929318498,203,PASS
686,0.000343125,0.0003435,1,1.1832042450435052,217,PASS
687,0.000343625,0.000344,1,-0.20453068207317582,112,PASS
688,0.000344125,0.00034449999999999997,1,0.36436678709839065,155,PASS
689,0.000344625,0.000345,1,1.4323296824895524,235,PASS
690,0.000345125,0.0003455,1,-1.4286446786429279,20,PASS
691,0.000345625,0.000346,1,0.37028231345738294,155,PASS
692,0.000346125,0.0003465,1,0.9401427778401799,198,PASS
693,0.000346625,0.000347,1,-0.2470662942178241,109,PASS
694,0.000347125,0.0003475,1,0.8498011964785468,191,PASS
695,0.000347625,0.000348,1,1.1561251889142452,215,PASS
696,0.000348125,0.0003485,1,0.8987694838771778,195,PASS
697,0.000348625,0.00034899999999999997,1,0.1251435406962591,137,PASS
698,0.000349125,0.0003495,1,0.7628583884877471,185,PASS
699,0.000349625,0.00035,1,0.7117419931458617,181,PASS
700,0.000350125,0.0003505,1,-0.3965554290944553,98,PASS
701,0.000350625,0.000351,1,-1.6276925780787488,5,PASS
702,0.000351125,0.0003515,1,1.529036382564467,243,PASS
703,0.000351625,0.000352,1,-0.10983645667887454,119,PASS
704,0.000352125,0.0003525,1,-0.6850762854479489,76,PASS
705,0.000352625,0.000353,1,-0.8481920750779829,64,PASS
706,0.000353125,0.0003535,1,-0.34172230706497175,102,PASS
707,0.000353625,0.000354,1,0.26479299879514295,147,PASS
708,0.000354125,0.0003545,1,0.06037218010999679,132,PASS
709,0.000354625,0.000355,1,-0.4005382897551255,97,PASS
710,0.000355125,0.0003555,1,-1.4355842837852824,19,PASS
711,0.000355625,0.000356,1,1.6345755721626791,251,PASS
712,0.000356125,0.0003565,1,-1.6465794802775806,4,PASS
713,0.000356625,0.000357,1,1.427205544614931,235,PASS
714,0.000357125,0.0003575,1,-1.5919261315449582,8,PASS
715,0.000357625,0.000358,1,0.018451543187011588,129,PASS
716,0.000358125,0.0003585,1,0.9705904700364971,201,PASS
717,0.000358625,0.000359,1,0.5561569652756113,169,PASS
718,0.000359125,0.0003595,1,0.6995240962024527,180,PASS
719,0.00035962500000000003,0.00036,1,-1.3685264544369338,24,PASS
720,0.000360125,0.0003605,1,1.2377770823636836,221,PASS
721,0.000360625,0.000361,1,0.5094086647634726,166,PASS
722,0.000361125,0.0003615,1,1.5019649039819545,241,PASS
723,0.000361625,0.000362,1,1.6838458004442856,254,PASS
724,0.000362125,0.0003625,1,0.8657812032671084,193,PASS
725,0.000362625,0.000363,1,1.0375233906217651,206,PASS
726,0.000363125,0.0003635,1,1.5675037327030366,246,PASS
727,0.000363625,0.000364,1,0.7456968986881114,184,PASS
728,0.000364125,0.00036449999999999997,1,0.37977908497653234,156,PASS
729,0.000364625,0.000365,1,0.09164898047872505,134,PASS
730,0.000365125,0.0003655,1,0.07763015006341312,133,PASS
731,0.000365625,0.000366,1,0.47583992063053393,163,PASS
732,0.000366125,0.0003665,1,0.42390746945136004,159,PASS
733,0.000366625,0.000367,1,-1.6951910194629798,0,PASS
734,0.000367125,0.0003675,1,-1.1925288126926223,38,PASS
735,0.000367625,0.000368,1,-0.28300891147197826,106,PASS
736,0.000368125,0.0003685,1,-0.7221863668088889,73,PASS
737,0.000368625,0.00036899999999999997,1,0.5933593091203451,172,PASS
738,0.000369125,0.0003695,1,1.6682622397650555,253,PASS
739,0.000369625,0.00037,1,-0.7961462864444071,68,PASS
740,0.000370125,0.0003705,1,1.0563630966801127,207,PASS
741,0.000370625,0.000371,1,-0.43736330530302303,95,PASS
742,0.000371125,0.0003715,1,0.7609006007802221,185,PASS
743,0.000371625,0.000372,1,-1.398281221954374,22,PASS
744,0.000372125,0.0003725,1,0.4213723477882756,159,PASS
745,0.000372625,0.000373,1,0.0699473169090612,133,PASS
746,0.000373125,0.00037349999999999997,1,1.1188708042360835,212,PASS
747,0.000373625,0.000374,1,-1.2968818201376069,30,PASS
748,0.000374125,0.0003745,1,0.07391029657948356,133,PASS
749,0.000374625,0.000375,1,1.2354410830463147,221,PASS
750,0.000375125,0.0003755,1,0.6621507544725385,177,PASS
751,0.000375625,0.000376,1,-1.1534433847401964,41,PASS
752,0.000376125,0.0003765,1,1.20143032114478,218,PASS
753,0.000376625,0.000377,1,-0.9146353518884027,59,PASS
754,0.000377125,0.0003775,1,-1.4494196565085216,18,PASS
755,0.000377625,0.00037799999999999997,1,-1.4114007820751922,21,PASS
756,0.000378125,0.0003785,1,0.96645592047974,200,PASS
757,0.000378625,0.000379,1,1.1572315193160099,215,PASS
758,0.000379125,0.0003795,1,1.2941677421816775,225,PASS
759,0.000379625,0.00038,1,0.8649276853124201,193,PASS
760,0.000380125,0.0003805,1,1.339696899154845,228,PASS
761,0.000380625,0.000381,1,1.4538463016326586,237,PASS
762,0.000381125,0.0003815,1,0.1263540255852469,137,PASS
763,0.000381625,0.000382,1,0.44968068239735826,161,PASS
764,0.000382125,0.0003825,1,1.5416881533094589,244,PASS
765,0.000382625,0.000383,1,0.048274064401405026,131,PASS
766,0.000383125,0.0003835,1,-0.8814646366864944,61,PASS
767,0.000383625,0.000384,1,1.4913016939905177,240,PASS
768,0.000384125,0.0003845,1,-1.5276997208185725,12,PASS
769,0.000384625,0.000385,1,0.2833778723857703,149,PASS
770,0.000385125,0.0003855,1,1.4601513587130885,237,PASS
771,0.000385625,0.000386,1,0.8308323221502081,190,PASS
772,0.000386125,0.0003865,1,0.35863757886974335,155,PASS
773,0.000386625,0.000387,1,-0.04611377092767732,124,PASS
774,0.000387125,0.0003875,1,-0.7732601322986884,69,PASS
775,0.000387625,0.000388,1,0.21534091316519266,144,PASS
776,0.000388125,0.0003885,1,0.811187606382543,189,PASS
777,0.000388625,0.00038899999999999997,1,0.2081266579089196,143,PASS
778,0.000389125,0.0003895,1,0.9057327679648133,196,PASS
779,0.000389625,0.00039,1,1.588192762166212,247,PASS
780,0.000390125,0.0003905,1,0.47402164890562903,163,PASS
781,0.000390625,0.000391,1,0.7067855161571324,181,PASS
782,0.000391125,0.0003915,1,1.1875675967570036,217,PASS
783,0.000391625,0.000392,1,0.18077198428903363,141,PASS
784,0.000392125,0.0003925,1,-0.7196107884249643,73,PASS
785,0.000392625,0.000393,1,0.9978805110908036,203,PASS
786,0.000393125,0.00039349999999999997,1,1.1044265980939885,211,PASS
787,0.000393625,0.000394,1,1.6315678268955838,250,PASS
788,0.000394125,0.0003945,1,-1.6279455477114164,5,PASS
789,0.000394625,0.000395,1,0.023905371742608095,129,PASS
790,0.000395125,0.0003955,1,-1.4917823254678244,15,PASS
791,0.000395625,0.000396,1,-0.01262921317137855,127,PASS
792,0.000396125,0.0003965,1,-0.07666213215018836,122,PASS
793,0.000396625,0.000397,1,-0.9527832793272253,56,PASS
794,0.000397125,0.0003975,1,1.6972147088882117,255,PASS
795,0.000397625,0.00039799999999999997,1,0.8256405983146615,190,PASS
796,0.000398125,0.0003985,1,-0.3873212265294075,98,PASS
797,0.000398625,0.000399,1,1.0025464296090514,203,PASS
798,0.000399125,0.0003995,1,-0.860828995132889,63,PASS
799,0.000399625,0.0004,1,-0.7325323972048479,72,PASS
800,0.000400125,0.0004005,1,0.9397203234742768,198,PASS
801,0.000400625,0.000401,1,0.6636217308468348,177,PASS
802,0.000401125,0.0004015,1,0.9683720331149266,200,PASS
803,0.000401625,0.000402,1,-0.3762546569801113,99,PASS
804,0.000402125,0.00040249999999999997,1,-1.0716769214152946,47,PASS
805,0.000402625,0.000403,1,-0.2226289813289719,111,PASS
806,0.000403125,0.0004035,1,0.8183205535009368,189,PASS
807,0.000403625,0.000404,1,1.1775193119400222,216,PASS
808,0.000404125,0.0004045,1,1.3676001792111119,230,PASS
809,0.000404625,0.000405,1,1.6750822416727316,254,PASS
810,0.000405125,0.0004055,1,-0.6349846882545991,80,PASS
811,0.000405625,0.000406,1,1.1493700310186072,214,PASS
812,0.000406125,0.0004065,1,1.6949068729799766,255,PASS
813,0.000406625,0.00040699999999999997,1,-0.7493194741139119,71,PASS
814,0.000407125,0.0004075,1,-1.6827935167706165,1,PASS
815,0.000407625,0.000408,1,-1.2155624625396744,36,PASS
816,0.000408125,0.0004085,1,0.9441199859429206,199,PASS
817,0.00040862499999999997,0.00040899999999999997,1,1.0331695136964643,205,PASS
818,0.000409125,0.0004095,1,-0.816843909220578,66,PASS
819,0.000409625,0.00041,1,1.4967340126629967,240,PASS
820,0.000410125,0.0004105,1,-0.8960346958323626,60,PASS
821,0.000410625,0.000411,1,0.7771056576151396,186,PASS
822,0.000411125,0.0004115,1,-1.0727441191564728,47,PASS
823,0.000411625,0.000412,1,0.8746171481656762,193,PASS
824,0.000412125,0.0004125,1,-1.5272152161200618,13,PASS
825,0.000412625,0.000413,1,0.3065654560340898,151,PASS
826,0.00041312499999999997,0.00041349999999999997,1,-0.5134955837021999,89,PASS
827,0.000413625,0.000414,1,0.540944709183601,168,PASS
828,0.000414125,0.0004145,1,1.3150974568052918,227,PASS
829,0.000414625,0.000415,1,-0.6047628616632574,82,PASS
830,0.000415125,0.0004155,1,1.5336386128692336,243,PASS
831,0.000415625,0.000416,1,-0.16364119944092237,115,PASS
832,0.000416125,0.0004165,1,-0.340375650542323,102,PASS
833,0.000416625,0.000417,1,-1.0046117095558724,52,PASS
834,0.000417125,0.0004175,1,-1.510787491836442,14,PASS
835,0.000417625,0.00041799999999999997,1,-1.4923067659451743,15,PASS
836,0.000418125,0.0004185,1,1.1904930720112732,217,PASS
837,0.000418625,0.000419,1,-1.6751456000489058,1,PASS
838,0.000419125,0.0004195,1,0.5042214723932907,165,PASS
839,0.000419625,0.00042,1,0.3727475484327061,156,PASS
840,0.000420125,0.0004205,1,0.29659993466177736,150,PASS
841,0.000420625,0.000421,1,-0.13643919895813061,117,PASS
842,0.000421125,0.0004215,1,-1.4826269981733307,16,PASS
843,0.000421625,0.000422,1,-1.0457706640087856,49,PASS
844,0.000422125,0.00042249999999999997,1,0.6615749738517691,177,PASS
845,0.000422625,0.000423,1,1.3293600138142188,228,PASS
846,0.000423125,0.0004235,1,-0.06051707005583307,123,PASS
847,0.000423625,0.000424,1,-0.3726010203655785,99,PASS
848,0.000424125,0.0004245,1,1.1336197376474202,213,PASS
849,0.000424625,0.000425,1,-1.5633949185654301,10,PASS
850,0.000425125,0.0004255,1,0.3351578375964739,153,PASS
851,0.000425625,0.000426,1,1.6021823685445529,248,PASS
852,0.000426125,0.0004265,1,-0.23786614501260783,110,PASS
853,0.000426625,0.00042699999999999997,1,-0.6737064894929692,77,PASS
854,0.000427125,0.0004275,1,-0.43373773801805315,95,PASS
855,0.000427625,0.000428,1,0.2535511334180689,147,PASS
856,0.000428125,0.0004285,1,1.297954921946771,225,PASS
857,0.000428625,0.000429,1,0.7794590225742148,186,PASS
858,0.000429125,0.0004295,1,-0.535620962916181,87,PASS
859,0.000429625,0.00043,1,-0.3991924951314616,97,PASS
860,0.000430125,0.0004305,1,0.4590927769340356,162,PASS
861,0.000430625,0.000431,1,0.43540684194794976,160,PASS
862,0.000431125,0.00043149999999999997,1,-1.3127768348272315,29,PASS
863,0.000431625,0.000432,1,0.2614914276389033,147,PASS
864,0.000432125,0.0004325,1,0.8398478561812446,191,PASS
865,0.000432625,0.000433,1,-1.2674836388628465,32,PASS
866,0.00043312499999999997,0.00043349999999999997,1,0.9379798850049605,198,PASS
867,0.000433625,0.000434,1,-1.194825594214604,38,PASS
868,0.000434125,0.0004345,1,-1.4059778628062698,22,PASS
869,0.000434625,0.000435,1,0.19450670591726782,142,PASS
870,0.000435125,0.0004355,1,0.9553517497029944,199,PASS
871,0.000435625,0.00043599999999999997,1,0.39567143510873426,157,PASS
872,0.000436125,0.0004365,1,0.36285917426606074,155,PASS
873,0.000436625,0.000437,1,-1.3862423607166212,23,PASS
874,0.000437125,0.0004375,1,0.26881372794475644,148,PASS
875,0.00043762499999999997,0.00043799999999999997,1,0.05059972979184857,131,PASS
876,0.000438125,0.0004385,1,-1.6513571856389988,3,PASS
877,0.000438625,0.000439,1,0.9042425933432512,196,PASS
878,0.000439125,0.0004395,1,-0.9532667978621268,56,PASS
879,0.000439625,0.00044,1,-0.12387214319558582,118,PASS
880,0.000440125,0.0004405,1,-0.1461388772192047,116,PASS
881,0.000440625,0.000441,1,0.6129839634372714,174,PASS
882,0.000441125,0.0004415,1,1.2312723317376582,220,PASS
883,0.000441625,0.000442,1,0.9520853215109113,199,PASS
884,0.00044212499999999997,0.00044249999999999997,1,-0.9789325972086468,54,PASS
885,0.000442625,0.000443,1,-0.9222423537594476,58,PASS
886,0.000443125,0.0004435,1,-0.24307937664658974,109,PASS
887,0.000443625,0.000444,1,-0.457580418518744,93,PASS
888,0.000444125,0.0004445,1,0.7440742459476486,184,PASS
889,0.000444625,0.000445,1,0.16263387263345663,140,PASS
890,0.000445125,0.0004455,1,-0.16853137382271322,115,PASS
891,0.000445625,0.000446,1,0.35497231340029534,154,PASS
892,0.000446125,0.0004465,1,-0.4046763384743186,97,PASS
893,0.000446625,0.00044699999999999997,1,1.2175844779981884,219,PASS
894,0.000447125,0.0004475,1,0.8418717048665572,191,PASS
895,0.000447625,0.000448,1,1.0064474978968414,203,PASS
896,0.000448125,0.0004485,1,1.6706044850595803,253,PASS
897,0.000448625,0.000449,1,0.6361664762862789,175,PASS
898,0.000449125,0.0004495,1,0.5170221030886675,166,PASS
899,0.000449625,0.00045,1,0.9052912799876467,196,PASS
900,0.000450125,0.0004505,1,0.4512663708540188,161,PASS
901,0.000450625,0.000451,1,1.5471522838817056,244,PASS
902,0.000451125,0.00045149999999999997,1,-0.317499844923125,104,PASS
903,0.000451625,0.000452,1,-0.44446029435256107,94,PASS
904,0.000452125,0.0004525,1,-1.4084824467626018,21,PASS
905,0.000452625,0.000453,1,1.5057706435949758,241,PASS
906,0.000453125,0.0004535,1,-1.4215040469061673,20,PASS
907,0.000453625,0.000454,1,1.3946668419827517,233,PASS
908,0.000454125,0.0004545,1,-0.4943122835971645,90,PASS
909,0.000454625,0.000455,1,1.6707183068117126,253,PASS
910,0.000455125,0.0004555,1,-1.2534040287085608,33,PASS
911,0.000455625,0.00045599999999999997,1,-0.8777106822739884,61,PASS
912,0.000456125,0.0004565,1,0.9878802101969637,202,PASS
913,0.000456625,0.000457,1,-0.376819781090447,99,PASS
914,0.000457125,0.0004575,1,-0.2007480494965972,112,PASS
915,0.00045762499999999997,0.00045799999999999997,1,-1.0166006696274132,51,PASS
916,0.000458125,0.0004585,1,-1.1686267514276814,40,PASS
917,0.000458625,0.000459,1,1.2194299889662414,219,PASS
918,0.000459125,0.0004595,1,0.3121076829271272,151,PASS
919,0.000459625,0.00046,1,0.9731446745674159,201,PASS
920,0.000460125,0.00046049999999999997,1,-0.45361708927067057,93,PASS
921,0.000460625,0.000461,1,-0.045261159888640545,124,PASS
922,0.000461125,0.0004615,1,1.4137828888272532,234,PASS
923,0.000461625,0.000462,1,1.3778283777844,231,PASS
924,0.00046212499999999997,0.00046249999999999997,1,0.324963405257489,152,PASS
925,0.000462625,0.000463,1,0.6168080893007024,174,PASS
926,0.000463125,0.0004635,1,-1.4456136543661169,19,PASS
927,0.000463625,0.000464,1,-0.5302581228756151,88,PASS
928,0.000464125,0.0004645,1,0.2288600996509007,145,PASS
929,0.000464625,0.00046499999999999997,1,-0.1973189524040071,113,PASS
930,0.000465125,0.0004655,1,-0.6546814067660223,78,PASS
931,0.000465625,0.000466,1,0.689577639772091,179,PASS
932,0.000466125,0.0004665,1,-0.8986964585266203,60,PASS
933,0.00046662499999999997,0.00046699999999999997,1,1.3943362410935711,232,PASS
934,0.000467125,0.0004675,1,-0.99589905208761,53,PASS
935,0.000467625,0.000468,1,0.7408820568045915,183,PASS
936,0.000468125,0.0004685,1,-0.019284892542492882,126,PASS
937,0.000468625,0.000469,1,0.792226176026942,187,PASS
938,0.000469125,0.0004695,1,-0.3210831147362869,103,PASS
939,0.000469625,0.00047,1,-0.49730305488851845,90,PASS
940,0.000470125,0.0004705,1,0.4908787497724363,164,PASS
941,0.000470625,0.000471,1,1.574871420189598,246,PASS
942,0.00047112499999999997,0.00047149999999999997,1,0.6409388204810138,176,PASS
943,0.000471625,0.000472,1,-1.6452467175512149,4,PASS
944,0.000472125,0.0004725,1,-1.594893056259462,7,PASS
945,0.000472625,0.000473,1,-0.9747545842967195,54,PASS
946,0.000473125,0.0004735,1,-0.4989226020716466,90,PASS
947,0.000473625,0.000474,1,-1.157788125943549,40,PASS
948,0.000474125,0.0004745,1,1.5418858317174273,244,PASS
949,0.000474625,0.000475,1,-0.7963518374269865,68,PASS
950,0.000475125,0.0004755,1,-0.14057473131847442,117,PASS
951,0.000475625,0.00047599999999999997,1,-1.2216518810685395,36,PASS
952,0.000476125,0.0004765,1,-0.6626928706439958,78,PASS
953,0.000476625,0.000477,1,0.15576519971955283,139,PASS
954,0.000477125,0.0004775,1,-0.276901994752075,107,PASS
955,0.00047762499999999997,0.00047799999999999996,1,-1.3978637085020604,22,PASS
956,0.000478125,0.0004785,1,0.8426067245659403,191,PASS
957,0.000478625,0.000479,1,1.596615586767151,248,PASS
958,0.000479125,0.0004795,1,-0.899164444878322,60,PASS
959,0.000479625,0.00048,1,-0.9466397319290812,56,PASS
960,0.000480125,0.00048049999999999997,1,0.8677343807539943,193,PASS
961,0.000480625,0.000481,1,-0.15570281140156683,116,PASS
962,0.000481125,0.0004815,1,-1.562739595710125,10,PASS
963,0.000481625,0.000482,1,-1.536324573824781,12,PASS
964,0.00048212499999999997,0.00048249999999999996,1,1.6366826427541572,251,PASS
965,0.000482625,0.000483,1,0.7593704752485888,185,PASS
966,0.000483125,0.0004835,1,0.05207080339373782,131,PASS
967,0.000483625,0.000484,1,-1.1622363654368217,40,PASS
968,0.000484125,0.0004845,1,1.3951672129315218,233,PASS
969,0.000484625,0.00048499999999999997,1,-0.4244185501524529,96,PASS
970,0.000485125,0.0004855,1,-0.5843564346880459,84,PASS
971,0.000485625,0.000486,1,0.9861993592996872,202,PASS
972,0.000486125,0.0004865,1,1.0817828751121181,209,PASS
973,0.00048662499999999997,0.00048699999999999997,1,-1.6345300494400488,4,PASS
974,0.000487125,0.0004875,1,0.17069913904478407,140,PASS
975,0.000487625,0.000488,1,-0.5065122075072099,89,PASS
976,0.000488125,0.0004885,1,1.5989585337659487,248,PASS
977,0.000488625,0.0004890000000000001,1,-0.6305373971062815,80,PASS
978,0.000489125,0.0004895,1,-0.6777549029939192,76,PASS
979,0.000489625,0.0004900000000000001,1,0.5385141589874356,168,PASS
980,0.000490125,0.0004905,1,1.3727169504602157,231,PASS
981,0.000490625,0.000491,1,0.4829649594861285,164,PASS
982,0.000491125,0.0004915000000000001,1,0.2034036197879625,143,PASS
983,0.000491625,0.000492,1,-1.289329814133921,30,PASS
984,0.0004921249999999999,0.0004925,1,-0.8259182657484367,65,PASS
985,0.000492625,0.0004930000000000001,1,1.0160262105284767,204,PASS
986,0.000493125,0.0004935,1,-1.2372437663620772,34,PASS
987,0.000493625,0.0004940000000000001,1,1.4967902560234172,240,PASS
988,0.000494125,0.0004945,1,1.520970786893234,242,PASS
989,0.000494625,0.000495,1,0.4727811442794472,163,PASS
990,0.000495125,0.0004955000000000001,1,-0.6724550862969538,77,PASS
991,0.000495625,0.000496,1,1.4419551674954028,236,PASS
992,0.000496125,0.0004965000000000001,1,1.0118311437490022,204,PASS
993,0.000496625,0.000497,1,0.8057645053139157,188,PASS
994,0.000497125,0.0004975,1,-1.2183875930866654,36,PASS
995,0.000497625,0.0004980000000000001,1,0.3755797004891164,156,PASS
996,0.000498125,0.0004985,1,1.07899260055939,209,PASS
997,0.000498625,0.0004990000000000001,1,-0.9118372654437567,59,PASS
998,0.000499125,0.0004995,1,-0.8210510921425183,66,PASS
999,0.000499625,0.0005,1,-0.17843124949279465,114,PASS
1000,0.000500125,0.0005005000000000001,1,1.0319226350460442,205,PASS
1001,0.000500625,0.000501,1,-1.3719460739630986,24,PASS
1002,0.0005011249999999999,0.0005015,1,0.6876440209123873,179,PASS
1003,0.000501625,0.0005020000000000001,1,0.2605065314742012,147,PASS
1004,0.000502125,0.0005025,1,0.7116590099976727,181,PASS
1005,0.000502625,0.0005030000000000001,1,-1.175745197369391,39,PASS
1006,0.000503125,0.0005035,1,1.581738090968065,247,PASS
1007,0.000503625,0.000504,1,-1.1714168705215213,39,PASS
1008,0.000504125,0.0005045000000000001,1,1.1028114209923705,211,PASS
1009,0.000504625,0.000505,1,-1.6688112280708525,2,PASS
1010,0.000505125,0.0005055000000000001,1,0.7463016831414133,184,PASS
1011,0.000505625,0.000506,1,-0.6641669980278662,77,PASS
1012,0.000506125,0.0005065,1,-0.4133426639895701,96,PASS
1013,0.000506625,0.0005070000000000001,1,1.290896946333069,225,PASS
1014,0.000507125,0.0005075,1,-0.3621246501990174,100,PASS
1015,0.000507625,0.0005080000000000001,1,0.11539089040674133,136,PASS
1016,0.000508125,0.0005085000000000001,1,0.3954254288564514,157,PASS
1017,0.000508625,0.000509,1,-1.6605840226133886,2,PASS
1018,0.000509125,0.0005095000000000001,1,0.6509078964242987,177,PASS
1019,0.000509625,0.00051,1,1.525902179241868,242,PASS
1020,0.0005101249999999999,0.0005105,1,-0.3342203026163466,102,PASS
1021,0.000510625,0.0005110000000000001,1,1.1640878616920711,215,PASS
1022,0.000511125,0.0005115,1,-0.9205536236515591,58,PASS
1023,0.000511625,0.0005120000000000001,1,0.1564942506648319,139,PASS
1024,0.000512125,0.0005125,1,-0.8664581870356771,62,PASS
1025,0.000512625,0.000513,1,-0.9934633227457148,53,PASS
1026,0.000513125,0.0005135000000000001,1,0.46508292365963144,163,PASS
1027,0.000513625,0.000514,1,-1.602893873506184,7,PASS
1028,0.000514125,0.0005145000000000001,1,1.6652972139432747,253,PASS
1029,0.000514625,0.000515,1,0.6838309208242614,179,PASS
1030,0.000515125,0.0005155,1,-0.7851615249744265,68,PASS
1031,0.000515625,0.0005160000000000001,1,0.35521715274710375,154,PASS
1032,0.000516125,0.0005165,1,-1.513020661015582,14,PASS
1033,0.0005166249999999999,0.000517,1,0.5603573708812768,170,PASS
1034,0.000517125,0.0005175000000000001,1,1.167424862203058,215,PASS
1035,0.000517625,0.000518,1,1.0465952826982379,206,PASS
1036,0.000518125,0.0005185000000000001,1,-1.261386572666828,33,PASS
1037,0.000518625,0.000519,1,-1.197039452878567,37,PASS
1038,0.000519125,0.0005195,1,0.5379201687683322,168,PASS
1039,0.000519625,0.0005200000000000001,1,-0.7307496939862533,72,PASS
1040,0.000520125,0.0005205,1,1.4611524617766352,238,PASS
1041,0.000520625,0.0005210000000000001,1,0.24124313334463943,146,PASS
1042,0.000521125,0.0005215,1,0.2156278228396291,144,PASS
1043,0.000521625,0.000522,1,0.8822227995628398,194,PASS
1044,0.000522125,0.0005225000000000001,1,1.3013621084059512,225,PASS
1045,0.000522625,0.000523,1,-0.12952635690570746,118,PASS
1046,0.000523125,0.0005235000000000001,1,0.2104225864835294,143,PASS
1047,0.000523625,0.000524,1,-1.4361033175904403,19,PASS
1048,0.000524125,0.0005245,1,1.4431401257092464,236,PASS
1049,0.000524625,0.0005250000000000001,1,1.3410228823466317,228,PASS
1050,0.000525125,0.0005255,1,-1.5137155845087882,14,PASS
1051,0.0005256249999999999,0.000526,1,-0.5049302106097067,89,PASS
1052,0.000526125,0.0005265000000000001,1,1.33587181233089,228,PASS
1053,0.000526625,0.000527,1,0.29457545359085135,150,PASS
1054,0.000527125,0.0005275000000000001,1,-0.6132089141663735,81,PASS
1055,0.000527625,0.000528,1,-0.4991212281172466,90,PASS
1056,0.000528125,0.0005285,1,0.5600027448379852,170,PASS
1057,0.000528625,0.0005290000000000001,1,0.6435055124518902,176,PASS
1058,0.000529125,0.0005295,1,-1.1970325649292541,37,PASS
1059,0.000529625,0.0005300000000000001,1,-0.1801940811815459,114,PASS
1060,0.000530125,0.0005305,1,1.138182553467167,213,PASS
1061,0.000530625,0.000531,1,1.1344215538667763,213,PASS
1062,0.000531125,0.0005315000000000001,1,0.6761495676453484,178,PASS
1063,0.000531625,0.000532,1,1.0485943308375407,206,PASS
1064,0.000532125,0.0005325000000000001,1,0.634686437814451,175,PASS
1065,0.000532625,0.000533,1,1.1435930426230174,214,PASS
1066,0.000533125,0.0005335,1,-0.4910011776162668,91,PASS
1067,0.000533625,0.0005340000000000001,1,-1.458413305292328,18,PASS
1068,0.000534125,0.0005345,1,-1.3766972892558487,24,PASS
1069,0.0005346249999999999,0.000535,1,0.31817633895408526,151,PASS
1070,0.000535125,0.0005355000000000001,1,-1.657375072426363,3,PASS
1071,0.000535625,0.000536,1,1.1594888898214994,215,PASS
1072,0.000536125,0.0005365000000000001,1,-1.0546661731962055,48,PASS
1073,0.000536625,0.000537,1,1.0772950656695814,209,PASS
1074,0.000537125,0.0005375,1,-0.4904672809437609,91,PASS
1075,0.000537625,0.0005380000000000001,1,-1.3375624904067551,27,PASS
1076,0.000538125,0.0005385,1,-0.44270175150642954,94,PASS
1077,0.000538625,0.0005390000000000001,1,-1.669083926224548,2,PASS
1078,0.000539125,0.0005395,1,-1.0170753368768137,51,PASS
1079,0.000539625,0.00054,1,-1.2025679486280658,37,PASS
1080,0.000540125,0.0005405000000000001,1,1.6172446035523624,249,PASS
1081,0.000540625,0.000541,1,-0.22722531217144204,110,PASS
1082,0.0005411249999999999,0.0005415,1,0.1660648003325189,140,PASS
1083,0.000541625,0.0005420000000000001,1,-1.50950747608211,14,PASS
1084,0.000542125,0.0005425,1,-1.4990365030400217,15,PASS
1085,0.000542625,0.0005430000000000001,1,0.3449276778116175,153,PASS
1086,0.000543125,0.0005435,1,-0.5513007397507736,86,PASS
1087,0.000543625,0.000544,1,-0.6909534341820225,75,PASS
1088,0.000544125,0.0005445000000000001,1,-1.1449192560456662,41,PASS
1089,0.000544625,0.000545,1,0.878017567059221,194,PASS
1090,0.000545125,0.0005455000000000001,1,1.5030881293382883,241,PASS
1091,0.000545625,0.000546,1,-0.4458507198917194,94,PASS
1092,0.000546125,0.0005465,1,-0.4208406895378993,96,PASS
1093,0.000546625,0.0005470000000000001,1,-0.7064858285015173,74,PASS
1094,0.000547125,0.0005475,1,-1.105114839356308,44,PASS
1095,0.000547625,0.0005480000000000001,1,-0.6307484435471338,80,PASS
1096,0.000548125,0.0005485,1,1.0936845160921094,210,PASS
1097,0.000548625,0.000549,1,-1.4165329943501705,21,PASS
1098,0.000549125,0.0005495000000000001,1,1.0869724583267513,209,PASS
1099,0.000549625,0.00055,1,-1.5128569437166535,14,PASS
1100,0.0005501249999999999,0.0005505,1,0.1282819346377606,137,PASS
1101,0.000550625,0.0005510000000000001,1,0.9061685060854636,196,PASS
1102,0.000551125,0.0005515,1,-0.5463262339822343,86,PASS
1103,0.000551625,0.0005520000000000001,1,1.279277182949108,224,PASS
1104,0.000552125,0.0005525,1,0.8921180799158057,195,PASS
1105,0.000552625,0.000553,1,0.4797348298149313,164,PASS
1106,0.000553125,0.0005535000000000001,1,-0.47725886367015824,92,PASS
1107,0.000553625,0.000554,1,-1.23679438702031,34,PASS
1108,0.000554125,0.0005545000000000001,1,0.3236658424956447,152,PASS
1109,0.000554625,0.000555,1,-1.005926397104247,52,PASS
1110,0.000555125,0.0005555,1,1.2893860301419935,225,PASS
1111,0.000555625,0.0005560000000000001,1,1.289219796289587,225,PASS
1112,0.000556125,0.0005565,1,-0.016963924675122755,126,PASS
1113,0.000556625,0.0005570000000000001,1,0.6456890521984409,176,PASS
1114,0.000557125,0.0005575,1,0.771722052936892,186,PASS
1115,0.000557625,0.000558,1,-0.533374295849637,87,PASS
1116,0.000558125,0.0005585000000000001,1,-1.1778790109225434,39,PASS
1117,0.000558625,0.000559,1,-0.24226330754298786,109,PASS
1118,0.0005591249999999999,0.0005595,1,0.01154104632071884,128,PASS
1119,0.000559625,0.0005600000000000001,1,0.6569374666259955,177,PASS
1120,0.000560125,0.0005605,1,0.6263323944503452,175,PASS
1121,0.000560625,0.0005610000000000001,1,-1.5115352895997058,14,PASS
1122,0.000561125,0.0005615,1,1.4347579947432731,236,PASS
1123,0.000561625,0.000562,1,-1.0025866543354685,52,PASS
1124,0.000562125,0.0005625000000000001,1,-0.905513275675997,59,PASS
1125,0.000562625,0.000563,1,-1.397061841547435,22,PASS
1126,0.000563125,0.0005635000000000001,1,-0.013376125808446604,126,PASS
1127,0.000563625,0.000564,1,1.4428301246670887,236,PASS
1128,0.000564125,0.0005645,1,0.5530227229319784,169,PASS
1129,0.000564625,0.0005650000000000001,1,-0.0294113157305691,125,PASS
1130,0.000565125,0.0005655,1,1.221556143846352,219,PASS
1131,0.0005656249999999999,0.000566,1,1.5285186168932052,243,PASS
1132,0.000566125,0.0005665000000000001,1,0.20779627108511534,143,PASS
1133,0.000566625,0.000567,1,0.9961777647924432,203,PASS
1134,0.000567125,0.0005675000000000001,1,1.6414658142028957,251,PASS
1135,0.000567625,0.000568,1,-1.6000017866001748,7,PASS
1136,0.0005681249999999999,0.0005685,1,0.28929032668812926,149,PASS
1137,0.000568625,0.0005690000000000001,1,0.6408213824876852,176,PASS
1138,0.000569125,0.0005695,1,0.15117044362787402,139,PASS
1139,0.000569625,0.0005700000000000001,1,-0.6677024330606403,77,PASS
1140,0.000570125,0.0005705,1,-0.791572050038389,68,PASS
1141,0.000570625,0.000571,1,1.309430288530306,226,PASS
1142,0.000571125,0.0005715000000000001,1,1.2945124907182348,225,PASS
1143,0.000571625,0.000572,1,-1.2320172147083266,35,PASS
1144,0.000572125,0.0005725000000000001,1,0.8306727914338718,190,PASS
1145,0.000572625,0.000573,1,0.6769287421201484,178,PASS
1146,0.000573125,0.0005735,1,-0.12946654828107307,118,PASS
1147,0.000573625,0.0005740000000000001,1,-0.3484700051916356,101,PASS
1148,0.000574125,0.0005745,1,-0.5981749895999116,82,PASS
1149,0.0005746249999999999,0.000575,1,0.7391129802367911,183,PASS
1150,0.000575125,0.0005755000000000001,1,-0.16159053778155563,115,PASS
1151,0.000575625,0.000576,1,0.6043582082861796,173,PASS
1152,0.000576125,0.0005765000000000001,1,0.6764203893945904,178,PASS
1153,0.000576625,0.000577,1,1.6360644647921194,251,PASS
1154,0.000577125,0.0005775,1,0.6240413531988767,174,PASS
1155,0.000577625,0.0005780000000000001,1,-1.4318196151952072,20,PASS
1156,0.000578125,0.0005785,1,-0.946317112262851,56,PASS
1157,0.000578625,0.0005790000000000001,1,0.3016346146272071,150,PASS
1158,0.000579125,0.0005795,1,-1.6153927757516688,6,PASS
1159,0.000579625,0.00058,1,-0.15816277506690546,116,PASS
1160,0.000580125,0.0005805000000000001,1,-0.6594589286202239,78,PASS
1161,0.000580625,0.000581,1,-1.091618624675391,45,PASS
1162,0.000581125,0.0005815000000000001,1,-1.544910198570561,11,PASS
1163,0.000581625,0.000582,1,-1.6428488634246434,4,PASS
1164,0.000582125,0.0005825,1,-1.1223586563997712,43,PASS
1165,0.000582625,0.0005830000000000001,1,1.4907198305979057,240,PASS
1166,0.000583125,0.0005835,1,-0.5869441878182473,83,PASS
1167,0.0005836249999999999,0.000584,1,1.4870200785344638,239,PASS
1168,0.000584125,0.0005845000000000001,1,-1.366109806948743,25,PASS
1169,0.000584625,0.000585,1,0.3536527944260113,154,PASS
1170,0.000585125,0.0005855000000000001,1,0.09857123714799454,135,PASS
1171,0.000585625,0.000586,1,0.45827818410136056,162,PASS
1172,0.000586125,0.0005865,1,1.1814344345232126,216,PASS
1173,0.000586625,0.0005870000000000001,1,-0.3743748172021033,99,PASS
1174,0.000587125,0.0005875,1,0.562116002399059,170,PASS
1175,0.000587625,0.0005880000000000001,1,-0.9815681377879159,54,PASS
1176,0.000588125,0.0005885,1,0.9716704444032855,201,PASS
1177,0.000588625,0.000589,1,0.1171697314643847,136,PASS
1178,0.000589125,0.0005895000000000001,1,-1.4267257690286077,20,PASS
1179,0.000589625,0.00059,1,-0.7038383867915434,75,PASS
1180,0.0005901249999999999,0.0005905,1,-1.2416071996002234,34,PASS
1181,0.000590625,0.000591,1,0.8336945022530167,190,PASS
1182,0.000591125,0.0005915,1,-0.3270544297428568,103,PASS
1183,0.000591625,0.0005920000000000001,1,0.07938612086921726,133,PASS
1184,0.000592125,0.0005925,1,0.3722662475910703,156,PASS
1185,0.0005926249999999999,0.000593,1,-0.4325445986321761,95,PASS
1186,0.000593125,0.0005935000000000001,1,1.6522571157390764,252,PASS
1187,0.000593625,0.000594,1,0.8601050522791354,192,PASS
1188,0.000594125,0.0005945000000000001,1,0.504889805410287,166,PASS
1189,0.000594625,0.000595,1,-1.1830365664958222,38,PASS
1190,0.000595125,0.0005955,1,-0.4386431917665947,94,PASS
1191,0.000595625,0.0005960000000000001,1,-0.4108731747561398,97,PASS
1192,0.000596125,0.0005965,1,0.6927252928151433,180,PASS
1193,0.000596625,0.0005970000000000001,1,-1.4233416205745193,20,PASS
1194,0.000597125,0.0005975,1,-1.2241349298244453,35,PASS
1195,0.000597625,0.000598,1,0.9999840573757155,203,PASS
1196,0.000598125,0.0005985000000000001,1,-0.3999779478489165,97,PASS
1197,0.000598625,0.000599,1,-0.6820002950545867,76,PASS
1198,0.0005991249999999999,0.0005995,1,-1.3428279148444626,26,PASS
1199,0.000599625,0.0006000000000000001,1,-1.4123495825584076,21,PASS
1200,0.000600125,0.0006005,1,-0.2754878458100758,107,PASS
1201,0.000600625,0.0006010000000000001,1,-0.13608576603913924,117,PASS
1202,0.000601125,0.0006015,1,1.5976999447503053,248,PASS
1203,0.000601625,0.000602,1,0.5590262949546909,170,PASS
1204,0.000602125,0.0006025000000000001,1,-0.9450615819264866,56,PASS
1205,0.000602625,0.000603,1,0.6230508526015217,174,PASS
1206,0.000603125,0.0006035000000000001,1,-1.6565144209621552,3,PASS
1207,0.000603625,0.000604,1,0.831501271252092,190,PASS
1208,0.000604125,0.0006045,1,-0.6368143174936602,80,PASS
1209,0.000604625,0.0006050000000000001,1,0.6101270753890888,173,PASS
1210,0.000605125,0.0006055,1,1.5482659955949252,244,PASS
1211,0.0006056249999999999,0.000606,1,1.6628909707930661,253,PASS
1212,0.000606125,0.0006065,1,0.1870851883050484,142,PASS
1213,0.000606625,0.000607,1,-1.4626062961013029,17,PASS
1214,0.000607125,0.0006075000000000001,1,-1.4899812658598401,15,PASS
1215,0.000607625,0.000608,1,-0.7777311611922022,69,PASS
1216,0.0006081249999999999,0.0006085,1,-1.3795666981144554,24,PASS
1217,0.000608625,0.0006090000000000001,1,-0.7212738800999904,73,PASS
1218,0.000609125,0.0006095,1,1.3110440733833444,226,PASS
1219,0.000609625,0.0006100000000000001,1,-0.6547114065486861,78,PASS
1220,0.000610125,0.0006105,1,-0.5800672899925017,84,PASS
1221,0.000610625,0.000611,1,1.1254832967594457,212,PASS
1222,0.000611125,0.0006115000000000001,1,0.8871905572980199,194,PASS
1223,0.000611625,0.000612,1,-0.6030187173109072,82,PASS
1224,0.000612125,0.0006125000000000001,1,0.008061395869973342,128,PASS
1225,0.000612625,0.000613,1,0.20437401015469359,143,PASS
1226,0.000613125,0.0006135,1,0.7578102639308668,185,PASS
1227,0.000613625,0.0006140000000000001,1,-1.2445832946537874,34,PASS
1228,0.000614125,0.0006145,1,0.8618221270040076,192,PASS
1229,0.0006146249999999999,0.000615,1,-1.3699353971345143,24,PASS
1230,0.000615125,0.0006155,1,0.2961759663834922,150,PASS
1231,0.000615625,0.000616,1,1.5136984096640151,241,PASS
1232,0.000616125,0.0006165000000000001,1,-1.1170843161164348,43,PASS
1233,0.000616625,0.000617,1,0.9335189802713273,198,PASS
1234,0.0006171249999999999,0.0006175,1,-0.3692704411143377,100,PASS
1235,0.000617625,0.0006180000000000001,1,-0.9077596338224,59,PASS
1236,0.000618125,0.0006185,1,0.04654173416046814,131,PASS
1237,0.000618625,0.0006190000000000001,1,-1.052119740621747,48,PASS
1238,0.000619125,0.0006195,1,-0.1862947482761761,113,PASS
1239,0.000619625,0.00062,1,0.29220618085409944,150,PASS
1240,0.000620125,0.0006205000000000001,1,0.9206810123045328,197,PASS
1241,0.000620625,0.000621,1,1.0675072487239576,208,PASS
1242,0.000621125,0.0006215000000000001,1,1.320505325796723,227,PASS
1243,0.000621625,0.000622,1,-0.04717236200274377,124,PASS
1244,0.000622125,0.0006225,1,1.4092332369157978,234,PASS
1245,0.000622625,0.0006230000000000001,1,1.3468975054673022,229,PASS
1246,0.000623125,0.0006235,1,-0.03840018065172868,125,PASS
1247,0.0006236249999999999,0.000624,1,-1.3276178158661196,28,PASS
1248,0.000624125,0.0006245000000000001,1,-0.46014867742648,93,PASS
1249,0.000624625,0.000625,1,0.8357482436967409,190,PASS
1250,0.000625125,0.0006255000000000001,1,0.20541314771189123,143,PASS
1251,0.000625625,0.000626,1,-1.0633265621410797,47,PASS
1252,0.0006261249999999999,0.0006265,1,1.2279299539129218,220,PASS
1253,0.000626625,0.0006270000000000001,1,0.4961097108283503,165,PASS
1254,0.000627125,0.0006275,1,-1.2631970398147236,32,PASS
1255,0.000627625,0.0006280000000000001,1,1.0883689416427604,209,PASS
1256,0.000628125,0.0006285,1,0.049757473353992276,131,PASS
1257,0.000628625,0.000629,1,-0.4843549559825293,91,PASS
1258,0.000629125,0.0006295000000000001,1,0.08046223322226531,134,PASS
1259,0.000629625,0.00063,1,0.1367338845493029,138,PASS
1260,0.0006301249999999999,0.0006305,1,1.6253865423293659,250,PASS
1261,0.000630625,0.000631,1,0.6275680252769822,175,PASS
1262,0.000631125,0.0006315,1,-0.7695305799987916,70,PASS
1263,0.000631625,0.0006320000000000001,1,-0.28203821678150387,106,PASS
1264,0.000632125,0.0006325,1,-1.3195925067257612,28,PASS
1265,0.0006326249999999999,0.000633,1,-0.4931989202196567,90,PASS
1266,0.000633125,0.0006335000000000001,1,1.0450640117330756,206,PASS
1267,0.000633625,0.000634,1,-0.3254866702997481,103,PASS
1268,0.000634125,0.0006345000000000001,1,1.0527020699007397,207,PASS
1269,0.000634625,0.000635,1,-0.6293150560589891,80,PASS
1270,0.000635125,0.0006355,1,0.4182253773931601,159,PASS
1271,0.000635625,0.0006360000000000001,1,-1.4500206509514766,18,PASS
1272,0.000636125,0.0006365,1,-1.245728505800371,34,PASS
1273,0.000636625,0.0006370000000000001,1,-0.31006591951845275,104,PASS
1274,0.000637125,0.0006375,1,1.4170087375222653,234,PASS
1275,0.000637625,0.000638,1,0.7207604067673274,182,PASS
1276,0.000638125,0.0006385000000000001,1,-0.9507838736300676,56,PASS
1277,0.000638625,0.000639,1,-0.6884069883601622,76,PASS
1278,0.0006391249999999999,0.0006395,1,-1.5474986896693563,11,PASS
1279,0.000639625,0.00064,1,0.4807638159605798,164,PASS
1280,0.000640125,0.0006405,1,1.520590584646652,242,PASS
1281,0.000640625,0.0006410000000000001,1,0.4836719447497655,164,PASS
1282,0.000641125,0.0006415,1,0.8685457411585948,193,PASS
1283,0.0006416249999999999,0.000642,1,-0.40878106991706886,97,PASS
1284,0.000642125,0.0006425000000000001,1,0.9522099741480374,199,PASS
1285,0.000642625,0.000643,1,-0.03514525345725095,125,PASS
1286,0.000643125,0.0006435000000000001,1,0.7148826405606867,181,PASS
1287,0.000643625,0.000644,1,-0.8204904153739215,66,PASS
1288,0.000644125,0.0006445,1,0.6960519679688353,180,PASS
1289,0.000644625,0.0006450000000000001,1,-0.9053253381350441,59,PASS
1290,0.000645125,0.0006455,1,-0.5583015139163574,85,PASS
1291,0.000645625,0.0006460000000000001,1,-0.7328835540651505,72,PASS
1292,0.000646125,0.0006465,1,-0.21106139821232217,112,PASS
1293,0.000646625,0.000647,1,-0.967408939330564,55,PASS
1294,0.000647125,0.0006475000000000001,1,0.35405101966399344,154,PASS
1295,0.000647625,0.000648,1,0.4951181121708743,165,PASS
1296,0.0006481249999999999,0.0006485,1,-0.925686998365348,58,PASS
1297,0.000648625,0.0006490000000000001,1,0.9238443999487027,197,PASS
1298,0.000649125,0.0006495,1,0.5579552725096601,170,PASS
1299,0.000649625,0.0006500000000000001,1,1.558003490826424,245,PASS
1300,0.000650125,0.0006505,1,1.243067268203142,221,PASS
1301,0.0006506249999999999,0.000651,1,1.5186368842070335,242,PASS
1302,0.000651125,0.0006515000000000001,1,1.4344778311460538,236,PASS
1303,0.000651625,0.000652,1,1.3807955055359484,231,PASS
1304,0.000652125,0.0006525000000000001,1,1.6446731223897844,251,PASS
1305,0.000652625,0.000653,1,1.5483495595201913,244,PASS
1306,0.000653125,0.0006535,1,-0.48773028330063917,91,PASS
1307,0.000653625,0.0006540000000000001,1,-1.2495845245246842,33,PASS
1308,0.000654125,0.0006545,1,1.4627703947216057,238,PASS
1309,0.0006546249999999999,0.000655,1,-0.6366874344567177,80,PASS
1310,0.000655125,0.0006555,1,1.2426249092995352,221,PASS
1311,0.000655625,0.000656,1,1.6848901599039807,254,PASS
1312,0.000656125,0.0006565000000000001,1,0.4120603225196302,159,PASS
1313,0.000656625,0.000657,1,-0.7259303393638623,73,PASS
1314,0.0006571249999999999,0.0006575,1,0.5576846551215213,169,PASS
1315,0.000657625,0.0006580000000000001,1,1.1728122732731452,216,PASS
1316,0.000658125,0.0006585,1,-1.1211395930871526,43,PASS
1317,0.000658625,0.0006590000000000001,1,1.2820178886999136,224,PASS
1318,0.000659125,0.0006595,1,0.7437386049899766,183,PASS
1319,0.000659625,0.00066,1,1.438862965148999,236,PASS
1320,0.000660125,0.0006605000000000001,1,-0.5241444578473804,88,PASS
1321,0.000660625,0.000661,1,1.3952409534343764,233,PASS
1322,0.000661125,0.0006615000000000001,1,-1.0738163906045646,47,PASS
1323,0.000661625,0.000662,1,0.7689502191743929,185,PASS
1324,0.000662125,0.0006625,1,1.4651585461130077,238,PASS
1325,0.000662625,0.0006630000000000001,1,0.1776487491055203,141,PASS
1326,0.000663125,0.0006635,1,-1.1879594060809184,38,PASS
1327,0.0006636249999999999,0.000664,1,1.568990279485259,246,PASS
1328,0.000664125,0.0006645,1,0.2966102122363883,150,PASS
1329,0.000664625,0.000665,1,-0.763797572187719,70,PASS
1330,0.000665125,0.0006655000000000001,1,1.4267775839770585,235,PASS
1331,0.000665625,0.000666,1,1.1101506483226597,211,PASS
1332,0.0006661249999999999,0.0006665,1,1.4903913780974112,240,PASS
1333,0.000666625,0.0006670000000000001,1,0.5001358323345964,165,PASS
1334,0.000667125,0.0006675,1,-0.9560836744343926,56,PASS
1335,0.000667625,0.0006680000000000001,1,0.33418551786448725,153,PASS
1336,0.000668125,0.0006685,1,0.027483824522737788,130,PASS
1337,0.000668625,0.000669,1,0.026059965554432685,129,PASS
1338,0.000669125,0.0006695000000000001,1,-1.6512058395231926,3,PASS
1339,0.000669625,0.00067,1,-0.8252315374721446,65,PASS
1340,0.000670125,0.0006705000000000001,1,-0.7842431973828174,68,PASS
1341,0.000670625,0.000671,1,-1.4006456921424344,22,PASS
1342,0.000671125,0.0006715,1,-0.41237314577162065,96,PASS
1343,0.000671625,0.0006720000000000001,1,-0.17417597955999065,114,PASS
1344,0.000672125,0.0006725,1,0.632383011078572,175,PASS
1345,0.0006726249999999999,0.000673,1,0.0668040204060043,133,PASS
1346,0.000673125,0.0006735,1,-0.15717322816616663,116,PASS
1347,0.000673625,0.000674,1,-1.202897555180018,37,PASS
1348,0.000674125,0.0006745000000000001,1,-0.8974507877580027,60,PASS
1349,0.000674625,0.000675,1,-0.6110150547339983,81,PASS
1350,0.0006751249999999999,0.0006755,1,-1.1951167786941808,38,PASS
1351,0.000675625,0.0006760000000000001,1,-0.8255391624643353,65,PASS
1352,0.000676125,0.0006765,1,-0.32573151243357423,103,PASS
1353,0.000676625,0.0006770000000000001,1,-0.9158799679318541,59,PASS
1354,0.000677125,0.0006775,1,-0.8324234265426569,65,PASS
1355,0.000677625,0.000678,1,0.9645098708270161,200,PASS
1356,0.000678125,0.0006785000000000001,1,-0.4667838173747392,92,PASS
1357,0.000678625,0.000679,1,-0.39982301092062156,97,PASS
1358,0.0006791249999999999,0.0006795,1,0.95918275736531,200,PASS
1359,0.000679625,0.00068,1,0.9120109176721523,196,PASS
1360,0.000680125,0.0006805,1,0.7357123867033988,183,PASS
1361,0.000680625,0.0006810000000000001,1,0.2763460355156411,148,PASS
1362,0.000681125,0.0006815,1,-1.4848488284039516,16,PASS
1363,0.0006816249999999999,0.000682,1,1.2240707863843354,220,PASS
1364,0.000682125,0.0006825000000000001,1,0.4315828887439801,160,PASS
1365,0.000682625,0.000683,1,1.497142680918204,240,PASS
1366,0.000683125,0.0006835000000000001,1,-1.0842833206465512,46,PASS
1367,0.000683625,0.000684,1,-1.3023406081368867,29,PASS
1368,0.000684125,0.0006845,1,1.3672337658616136,230,PASS
1369,0.000684625,0.0006850000000000001,1,-0.6279018527195119,80,PASS
1370,0.000685125,0.0006855,1,1.5632458336585582,245,PASS
1371,0.000685625,0.0006860000000000001,1,0.8713285794092933,193,PASS
1372,0.000686125,0.0006865,1,-0.9351316626659472,57,PASS
1373,0.000686625,0.000687,1,0.4303946683100033,160,PASS
1374,0.000687125,0.0006875000000000001,1,-0.5394244037123788,87,PASS
1375,0.000687625,0.000688,1,1.08930894715034,210,PASS
1376,0.0006881249999999999,0.0006885,1,0.48713510741658106,164,PASS
1377,0.000688625,0.000689,1,0.7798766560829902,186,PASS
1378,0.000689125,0.0006895,1,-0.7266454602878352,73,PASS
1379,0.000689625,0.0006900000000000001,1,-1.625233952018004,5,PASS
1380,0.000690125,0.0006905,1,-0.2952982525764354,105,PASS
1381,0.0006906249999999999,0.000691,1,0.737538861846984,183,PASS
1382,0.000691125,0.0006915000000000001,1,1.4021711939643111,233,PASS
1383,0.000691625,0.000692,1,-0.6527887080081096,78,PASS
1384,0.000692125,0.0006925000000000001,1,-0.13962067808676304,117,PASS
1385,0.000692625,0.000693,1,1.2974584826894062,225,PASS
1386,0.000693125,0.0006935,1,-0.8463708091916912,64,PASS
1387,0.000693625,0.0006940000000000001,1,0.6158771038464643,174,PASS
1388,0.000694125,0.0006945,1,1.3034287046360575,226,PASS
1389,0.000694625,0.0006950000000000001,1,0.44326242341995425,161,PASS
1390,0.000695125,0.0006955,1,-1.306770618562631,29,PASS
1391,0.000695625,0.000696,1,0.5177674737500266,166,PASS
1392,0.000696125,0.0006965000000000001,1,-1.558574844911339,10,PASS
1393,0.000696625,0.000697,1,-0.7420368286347842,72,PASS
1394,0.0006971249999999999,0.0006975,1,1.3067968708779676,226,PASS
1395,0.000697625,0.000698,1,0.7285470788662327,182,PASS
1396,0.000698125,0.0006985,1,-0.9686293823287051,55,PASS
1397,0.000698625,0.0006990000000000001,1,0.6517200138166725,177,PASS
1398,0.000699125,0.0006995,1,0.2502323021499011,146,PASS
1399,0.0006996249999999999,0.0007,1,1.0506751215801169,207,PASS
1400,0.000700125,0.0007005000000000001,1,0.5851755584156677,172,PASS
1401,0.000700625,0.000701,1,1.1066324668485825,211,PASS
1402,0.000701125,0.0007015000000000001,1,0.7807563437962883,186,PASS
1403,0.000701625,0.000702,1,-1.41892229850294,21,PASS
1404,0.000702125,0.0007025,1,-0.08866282899465117,121,PASS
1405,0.000702625,0.0007030000000000001,1,-1.4919077835917194,15,PASS
1406,0.000703125,0.0007035,1,-0.7282244068685023,73,PASS
1407,0.0007036249999999999,0.000704,1,-0.7448824991378026,71,PASS
1408,0.000704125,0.0007045,1,-0.108245853072785,119,PASS
1409,0.000704625,0.000705,1,-0.5805203010687539,84,PASS
1410,0.000705125,0.0007055000000000001,1,-0.9102448836436531,59,PASS
1411,0.000705625,0.000706,1,1.2239649465612457,220,PASS
1412,0.0007061249999999999,0.0007065,1,-1.5154839399855935,13,PASS
1413,0.000706625,0.0007070000000000001,1,-0.126080366079101,118,PASS
1414,0.000707125,0.0007075,1,0.48987777070674565,164,PASS
1415,0.000707625,0.0007080000000000001,1,-1.052446131581788,48,PASS
1416,0.000708125,0.0007085,1,-0.1445964134166482,117,PASS
1417,0.0007086249999999999,0.000709,1,-0.5372947145939182,87,PASS
1418,0.000709125,0.0007095000000000001,1,1.2320763829796924,220,PASS
1419,0.000709625,0.00071,1,-1.528184117830051,12,PASS
1420,0.000710125,0.0007105000000000001,1,-1.4933930458268088,15,PASS
1421,0.000710625,0.000711,1,-0.10042942065554983,120,PASS
1422,0.000711125,0.0007115,1,0.7068176555923829,181,PASS
1423,0.000711625,0.0007120000000000001,1,1.2691504617461085,223,PASS
1424,0.000712125,0.0007125,1,0.02436251948171808,129,PASS
1425,0.0007126249999999999,0.000713,1,1.5802341573949386,246,PASS
1426,0.000713125,0.0007135,1,0.5808519865995467,171,PASS
1427,0.000713625,0.000714,1,1.5392449891483604,243,PASS
1428,0.000714125,0.0007145000000000001,1,1.207486510617813,218,PASS
1429,0.000714625,0.000715,1,1.3443991348714228,229,PASS
1430,0.0007151249999999999,0.0007155,1,-1.5956019451590113,7,PASS
1431,0.000715625,0.0007160000000000001,1,1.2932154720665558,225,PASS
1432,0.000716125,0.0007165,1,0.5358328164364143,168,PASS
1433,0.000716625,0.0007170000000000001,1,-1.2147639669408066,36,PASS
1434,0.000717125,0.0007175,1,-1.4156499990901255,21,PASS
1435,0.000717625,0.000718,1,-1.2994392910613626,30,PASS
1436,0.000718125,0.0007185000000000001,1,-0.03627190964925742,125,PASS
1437,0.000718625,0.000719,1,-1.4696539902052013,17,PASS
1438,0.000719125,0.0007195000000000001,1,-0.28269076301880847,106,PASS
1439,0.000719625,0.00072,1,-1.148041710575237,41,PASS
1440,0.000720125,0.0007205,1,-1.5497967084758595,11,PASS
1441,0.000720625,0.0007210000000000001,1,-1.3295090840749395,27,PASS
1442,0.000721125,0.0007215,1,-1.4009873533882886,22,PASS
1443,0.0007216249999999999,0.000722,1,1.3619558200038153,230,PASS
1444,0.000722125,0.0007225,1,0.5401485889389253,168,PASS
1445,0.000722625,0.000723,1,0.4712629185674164,163,PASS
1446,0.000723125,0.0007235000000000001,1,1.6321770990368443,250,PASS
1447,0.000723625,0.000724,1,0.19921849645872558,142,PASS
1448,0.0007241249999999999,0.0007245,1,1.4730762274346694,238,PASS
1449,0.000724625,0.0007250000000000001,1,0.5208333467975363,167,PASS
1450,0.000725125,0.0007255,1,-0.17886994163477854,114,PASS
1451,0.000725625,0.0007260000000000001,1,0.6772211757220774,178,PASS
1452,0.000726125,0.0007265,1,-0.23210781802398572,110,PASS
1453,0.000726625,0.000727,1,-1.0456720260023844,49,PASS
1454,0.000727125,0.0007275000000000001,1,-1.5119372668754498,14,PASS
1455,0.000727625,0.000728,1,1.4411546730248601,236,PASS
1456,0.0007281249999999999,0.0007285,1,-0.452265195861949,93,PASS
1457,0.000728625,0.000729,1,1.1482048074338211,214,PASS
1458,0.000729125,0.0007295,1,-0.2243525001798492,111,PASS
1459,0.000729625,0.0007300000000000001,1,-1.4718748859329076,17,PASS
1460,0.000730125,0.0007305,1,0.1916995437292175,142,PASS
1461,0.0007306249999999999,0.000731,1,-1.3991921647485661,22,PASS
1462,0.000731125,0.0007315,1,0.7684085756514893,185,PASS
1463,0.000731625,0.000732,1,-0.3678983315201394,100,PASS
1464,0.000732125,0.0007325000000000001,1,1.0183410467546057,204,PASS
1465,0.000732625,0.000733,1,-1.3478712370455381,26,PASS
1466,0.0007331249999999999,0.0007335,1,-1.6100982076647141,6,PASS
1467,0.000733625,0.0007340000000000001,1,-1.2817707061413384,31,PASS
1468,0.000734125,0.0007345,1,1.5027655191679845,241,PASS
1469,0.000734625,0.0007350000000000001,1,-0.7667664286719805,70,PASS
1470,0.000735125,0.0007355,1,0.30207516458852157,150,PASS
1471,0.000735625,0.000736,1,-0.3731961967365989,99,PASS
1472,0.000736125,0.0007365000000000001,1,-0.9649557651278611,55,PASS
1473,0.000736625,0.000737,1,-1.159191762915686,40,PASS
1474,0.0007371249999999999,0.0007375,1,0.31930351998641915,152,PASS
1475,0.000737625,0.000738,1,-0.12237892071633749,118,PASS
1476,0.000738125,0.0007385,1,1.561860287257949,245,PASS
1477,0.000738625,0.0007390000000000001,1,1.1202292468547113,212,PASS
1478,0.000739125,0.0007395,1,1.0874828387246278,209,PASS
1479,0.0007396249999999999,0.00074,1,-1.47512364430772,16,PASS
1480,0.000740125,0.0007405000000000001,1,-0.16468605246160872,115,PASS
1481,0.000740625,0.000741,1,-1.6887924867311563,0,PASS
1482,0.000741125,0.0007415000000000001,1,1.185959933535324,217,PASS
1483,0.000741625,0.000742,1,-0.8293315312349401,65,PASS
1484,0.000742125,0.0007425,1,-0.24272298559578487,109,PASS
1485,0.000742625,0.0007430000000000001,1,-0.8971879906538736,60,PASS
1486,0.000743125,0.0007435,1,-1.4006220720000515,22,PASS
1487,0.000743625,0.0007440000000000001,1,1.559263274277453,245,PASS
1488,0.000744125,0.0007445,1,0.22621486681826375,145,PASS
1489,0.000744625,0.000745,1,-0.13767780236446936,117,PASS
1490,0.000745125,0.0007455000000000001,1,0.9390283831562616,198,PASS
1491,0.000745625,0.000746,1,-0.036702771032236514,125,PASS
1492,0.0007461249999999999,0.0007465,1,1.1793065907623863,216,PASS
1493,0.000746625,0.000747,1,1.054974362863674,207,PASS
1494,0.000747125,0.0007475,1,-1.6218740576310449,5,PASS
1495,0.000747625,0.0007480000000000001,1,-0.03629480645261296,125,PASS
1496,0.000748125,0.0007485,1,-1.5767505173612972,9,PASS
1497,0.0007486249999999999,0.000749,1,-0.3843237497918268,99,PASS
1498,0.000749125,0.0007495000000000001,1,-0.4422556202039014,94,PASS
1499,0.000749625,0.00075,1,1.0160650422018056,204,PASS
1500,0.000750125,0.0007505000000000001,1,-0.9206288319918128,58,PASS
1501,0.000750625,0.000751,1,0.29856181209772004,150,PASS
1502,0.000751125,0.0007515,1,-0.11433283637120062,119,PASS
1503,0.000751625,0.0007520000000000001,1,1.1094365724218342,211,PASS
1504,0.000752125,0.0007525,1,1.0617418382374757,207,PASS
1505,0.0007526249999999999,0.000753,1,-1.4747195279261338,16,PASS
1506,0.000753125,0.0007535,1,1.0124049285852206,204,PASS
1507,0.000753625,0.000754,1,-1.192094881999324,38,PASS
1508,0.000754125,0.0007545000000000001,1,0.5418059568211728,168,PASS
1509,0.000754625,0.000755,1,-1.473766666045364,17,PASS
1510,0.0007551249999999999,0.0007555,1,-1.426137204606581,20,PASS
1511,0.000755625,0.000756,1,1.4866647612359902,239,PASS
1512,0.000756125,0.0007565,1,1.2246507694890403,220,PASS
1513,0.000756625,0.0007570000000000001,1,-0.14868291902758823,116,PASS
1514,0.000757125,0.0007575,1,-0.9911928275210713,53,PASS
1515,0.0007576249999999999,0.000758,1,-0.937135073672594,57,PASS
1516,0.000758125,0.0007585000000000001,1,-0.7124915305169599,74,PASS
1517,0.000758625,0.000759,1,-0.5060793904664058,89,PASS
1518,0.000759125,0.0007595000000000001,1,-1.4669674958377683,17,PASS
1519,0.000759625,0.00076,1,-0.5936327520487741,83,PASS
1520,0.000760125,0.0007605,1,-1.5332994194531404,12,PASS
1521,0.000760625,0.0007610000000000001,1,-1.5131204082636889,14,PASS
1522,0.000761125,0.0007615,1,1.2499308303946093,222,PASS
1523,0.0007616249999999999,0.000762,1,0.6109818215523866,174,PASS
1524,0.000762125,0.0007625,1,0.8901974403686477,195,PASS
1525,0.000762625,0.000763,1,0.6166232228556263,174,PASS
1526,0.000763125,0.0007635000000000001,1,-0.6289585262282842,80,PASS
1527,0.000763625,0.000764,1,0.5631875243891884,170,PASS
1528,0.0007641249999999999,0.0007645,1,1.2947325785605284,225,PASS
1529,0.000764625,0.0007650000000000001,1,1.4507226745474207,237,PASS
1530,0.000765125,0.0007655,1,-0.3031053413562863,105,PASS
1531,0.000765625,0.0007660000000000001,1,1.2986276412014115,225,PASS
1532,0.000766125,0.0007665,1,0.832000488587884,190,PASS
1533,0.0007666249999999999,0.000767,1,-0.9715154695253767,54,PASS
1534,0.000767125,0.0007675000000000001,1,0.21531247610061977,144,PASS
1535,0.000767625,0.000768,1,-0.7421605809999737,72,PASS
1536,0.000768125,0.0007685000000000001,1,-0.9910225051616136,53,PASS
1537,0.000768625,0.000769,1,-0.008633001903886495,127,PASS
1538,0.000769125,0.0007695,1,0.4334297245498322,160,PASS
1539,0.000769625,0.0007700000000000001,1,-1.6127363358259776,6,PASS
1540,0.000770125,0.0007705,1,-0.6454069289959314,79,PASS
1541,0.0007706249999999999,0.000771,1,-0.385322240339784,98,PASS
1542,0.000771125,0.0007715,1,-0.9248686288370699,58,PASS
1543,0.000771625,0.000772,1,0.7380517450240254,183,PASS
1544,0.000772125,0.0007725000000000001,1,-0.9339771337604142,57,PASS
1545,0.000772625,0.000773,1,0.30710101229994335,151,PASS
1546,0.0007731249999999999,0.0007735,1,1.115066485706292,211,PASS
1547,0.000773625,0.0007740000000000001,1,1.454002882316608,237,PASS
1548,0.000774125,0.0007745,1,-1.1025578579572457,44,PASS
1549,0.000774625,0.0007750000000000001,1,-0.9274541101499172,58,PASS
1550,0.000775125,0.0007755,1,-0.7744853684164515,69,PASS
1551,0.000775625,0.000776,1,-0.5396125620281174,87,PASS
1552,0.000776125,0.0007765000000000001,1,-0.7432745944443818,72,PASS
1553,0.000776625,0.000777,1,0.692207734795111,180,PASS
1554,0.0007771249999999999,0.0007775,1,-0.09638023356977743,120,PASS
1555,0.000777625,0.000778,1,-1.527490448357582,12,PASS
1556,0.000778125,0.0007785,1,-1.0134788548664142,51,PASS
1557,0.000778625,0.0007790000000000001,1,-0.8516376945663334,63,PASS
1558,0.000779125,0.0007795,1,0.9253074798056777,197,PASS
1559,0.0007796249999999999,0.00078,1,-1.2542890263706805,33,PASS
1560,0.000780125,0.0007805,1,-1.3784343314588137,24,PASS
1561,0.000780625,0.000781,1,0.45874088338117214,162,PASS
1562,0.000781125,0.0007815000000000001,1,-1.4107568077918498,21,PASS
1563,0.000781625,0.000782,1,0.6895160089260755,179,PASS
1564,0.0007821249999999999,0.0007825,1,-1.092057650619377,45,PASS
1565,0.000782625,0.0007830000000000001,1,0.44999913616330445,161,PASS
1566,0.000783125,0.0007835,1,-0.5164310081054773,89,PASS
1567,0.000783625,0.0007840000000000001,1,-1.4372261540467364,19,PASS
1568,0.000784125,0.0007845,1,0.6753677920971104,178,PASS
1569,0.000784625,0.000785,1,-1.6892249541291455,0,PASS
1570,0.000785125,0.0007855000000000001,1,0.8610406115531213,192,PASS
1571,0.000785625,0.000786,1,1.3718940359629477,231,PASS
1572,0.0007861249999999999,0.0007865,1,-0.9863686856480853,53,PASS
1573,0.000786625,0.000787,1,-0.057294686915690285,123,PASS
1574,0.000787125,0.0007875,1,0.7459030298920155,184,PASS
1575,0.000787625,0.0007880000000000001,1,-0.6767821965703478,77,PASS
1576,0.000788125,0.0007885,1,0.33284872650559305,153,PASS
1577,0.0007886249999999999,0.000789,1,-1.5985861008534261,7,PASS
1578,0.000789125,0.0007895,1,-0.6071289743099368,82,PASS
1579,0.000789625,0.00079,1,-0.7014743458513097,75,PASS
1580,0.000790125,0.0007905000000000001,1,0.5783685815481563,171,PASS
1581,0.000790625,0.000791,1,0.42443560975867123,159,PASS
1582,0.0007911249999999999,0.0007915,1,0.6228279184921244,174,PASS
1583,0.000791625,0.0007920000000000001,1,1.2850697572648777,224,PASS
1584,0.000792125,0.0007925,1,1.4818892881468362,239,PASS
1585,0.0007926249999999999,0.000793,1,-1.3463019080697847,26,PASS
1586,0.000793125,0.0007935,1,0.4681960169755872,163,PASS
1587,0.000793625,0.000794,1,-0.544089496710451,87,PASS
1588,0.000794125,0.0007945000000000001,1,-0.6195357359038436,81,PASS
1589,0.000794625,0.000795,1,1.1102973968375809,211,PASS
1590,0.0007951249999999999,0.0007955,1,0.09811934847898574,135,PASS
1591,0.000795625,0.000796,1,-0.1929492515065232,113,PASS
1592,0.000796125,0.0007965,1,-1.0467548872685026,49,PASS
1593,0.000796625,0.0007970000000000001,1,0.8166559068474568,189,PASS
1594,0.000797125,0.0007975,1,1.249798314855887,222,PASS
1595,0.0007976249999999999,0.000798,1,0.5673298905042119,170,PASS
1596,0.000798125,0.0007985000000000001,1,0.7517598725577084,184,PASS
1597,0.000798625,0.000799,1,-1.3277141402131618,28,PASS
1598,0.000799125,0.0007995000000000001,1,-0.6245626605878856,80,PASS
1599,0.000799625,0.0008,1,-0.10571912473888467,120,PASS
1600,0.000800125,0.0008005,1,0.9563418619511401,200,PASS
1601,0.000800625,0.0008010000000000001,1,-1.3664044110075542,25,PASS
1602,0.000801125,0.0008015,1,-0.9955052823801638,53,PASS
1603,0.0008016249999999999,0.000802,1,1.5357789371611175,243,PASS
1604,0.000802125,0.0008025,1,-1.2141311409580597,36,PASS
1605,0.000802625,0.000803,1,0.7904606368829576,187,PASS
1606,0.000803125,0.0008035000000000001,1,-0.3050677411929814,105,PASS
1607,0.000803625,0.000804,1,1.2806470991976162,224,PASS
1608,0.0008041249999999999,0.0008045,1,-1.4671737640005285,17,PASS
1609,0.000804625,0.000805,1,0.8036529816072704,188,PASS
1610,0.000805125,0.0008055,1,1.529962222326455,243,PASS
1611,0.000805625,0.0008060000000000001,1,0.6831359901030944,179,PASS
1612,0.000806125,0.0008065,1,-0.46294793618866104,93,PASS
1613,0.0008066249999999999,0.000807,1,1.588108136939782,247,PASS
1614,0.000807125,0.0008075000000000001,1,1.0286119244105836,205,PASS
1615,0.000807625,0.000808,1,0.6066257451750452,173,PASS
1616,0.000808125,0.0008085000000000001,1,-0.7900709634277397,68,PASS
1617,0.000808625,0.000809,1,0.861151229878981,192,PASS
1618,0.000809125,0.0008095,1,1.3821252082029412,232,PASS
1619,0.000809625,0.0008100000000000001,1,0.4716400356818269,163,PASS
1620,0.000810125,0.0008105,1,-0.3959947501720067,98,PASS
1621,0.0008106249999999999,0.000811,1,1.6327397813822813,250,PASS
1622,0.000811125,0.0008115,1,-1.50061520412878,15,PASS
1623,0.000811625,0.000812,1,-0.605937606969551,82,PASS
1624,0.000812125,0.0008125000000000001,1,1.571261892051613,246,PASS
1625,0.000812625,0.000813,1,0.4053787990229514,158,PASS
1626,0.0008131249999999999,0.0008135,1,-1.36791571234148,25,PASS
1627,0.000813625,0.000814,1,0.2083549266151281,143,PASS
1628,0.000814125,0.0008145,1,1.6940583160260518,255,PASS
1629,0.000814625,0.0008150000000000001,1,1.4596501156310244,237,PASS
1630,0.000815125,0.0008155,1,-0.6493098389938392,79,PASS
1631,0.0008156249999999999,0.000816,1,-0.8525590839444653,63,PASS
1632,0.000816125,0.0008165000000000001,1,-0.787062966764886,68,PASS
1633,0.000816625,0.000817,1,-0.957674438947052,55,PASS
1634,0.0008171249999999999,0.0008175,1,-1.0413693432669167,49,PASS
1635,0.000817625,0.000818,1,-0.668176242148236,77,PASS
1636,0.000818125,0.0008185,1,0.9713512715647628,201,PASS
1637,0.000818625,0.0008190000000000001,1,0.09268851874257988,134,PASS
1638,0.000819125,0.0008195,1,-0.9387485645578875,57,PASS
1639,0.0008196249999999999,0.00082,1,1.1432502006247465,214,PASS
1640,0.000820125,0.0008205,1,-0.21836334617909836,111,PASS
1641,0.000820625,0.000821,1,-1.1775291780072694,39,PASS
1642,0.000821125,0.0008215000000000001,1,0.4322046466506515,160,PASS
1643,0.000821625,0.000822,1,-1.5181585112086784,13,PASS
1644,0.0008221249999999999,0.0008225,1,-1.6240114446811469,5,PASS
1645,0.000822625,0.0008230000000000001,1,0.9535563763897976,199,PASS
1646,0.000823125,0.0008235,1,-0.6527149459844925,78,PASS
1647,0.000823625,0.0008240000000000001,1,0.4075756190897859,158,PASS
1648,0.000824125,0.0008245,1,-0.18483905057824823,114,PASS
1649,0.0008246249999999999,0.000825,1,1.6793405882739105,254,PASS
1650,0.000825125,0.0008255000000000001,1,-1.4012688043779853,22,PASS
1651,0.000825625,0.000826,1,1.6486809923431884,252,PASS
1652,0.0008261249999999999,0.0008265,1,0.6614618498134146,177,PASS
1653,0.000826625,0.000827,1,1.6900492352989562,255,PASS
1654,0.000827125,0.0008275,1,-1.0692686428853304,47,PASS
1655,0.000827625,0.0008280000000000001,1,-0.6988605162091139,75,PASS
1656,0.000828125,0.0008285,1,-1.298758242478371,30,PASS
1657,0.0008286249999999999,0.000829,1,1.6649218704472404,253,PASS
1658,0.000829125,0.0008295,1,-0.7068133276638231,74,PASS
1659,0.000829625,0.00083,1,-0.8565412617131801,63,PASS
1660,0.000830125,0.0008305000000000001,1,0.14818616968378007,139,PASS
1661,0.000830625,0.000831,1,1.3052496761671486,226,PASS
1662,0.0008311249999999999,0.0008315,1,0.1540100044360564,139,PASS
1663,0.000831625,0.0008320000000000001,1,-1.6482858648909307,3,PASS
1664,0.000832125,0.0008325,1,-0.5948276388505487,83,PASS
1665,0.000832625,0.0008330000000000001,1,0.4456485220771007,161,PASS
1666,0.000833125,0.0008335,1,-0.07720731164572836,122,PASS
1667,0.000833625,0.000834,1,-0.9738984414797011,54,PASS
1668,0.000834125,0.0008345000000000001,1,-0.5104605497814223,89,PASS
1669,0.000834625,0.000835,1,-0.24556683865705153,109,PASS
1670,0.0008351249999999999,0.0008355,1,-1.6624745467844617,2,PASS
1671,0.000835625,0.000836,1,0.4188575088407729,159,PASS
1672,0.000836125,0.0008365,1,1.1932496983654246,217,PASS
1673,0.000836625,0.0008370000000000001,1,-1.1318915008948993,42,PASS
1674,0.000837125,0.0008375,1,0.9968436032687895,203,PASS
1675,0.0008376249999999999,0.000838,1,-0.3486813760032901,101,PASS
1676,0.000838125,0.0008385,1,-0.8024235136836166,67,PASS
1677,0.000838625,0.000839,1,0.25409844282526683,147,PASS
1678,0.000839125,0.0008395000000000001,1,-1.091820137694897,45,PASS
1679,0.000839625,0.00084,1,-0.6610459175896728,78,PASS
1680,0.0008401249999999999,0.0008405,1,1.0654454427092166,208,PASS
1681,0.000840625,0.0008410000000000001,1,-0.2142599105688141,111,PASS
1682,0.000841125,0.0008415,1,1.5735988838426926,246,PASS
1683,0.0008416249999999999,0.000842,1,-0.7714151063340429,69,PASS
1684,0.000842125,0.0008425,1,-0.891890282022742,60,PASS
1685,0.000842625,0.000843,1,0.12185531620998225,137,PASS
1686,0.000843125,0.0008435000000000001,1,1.0528981378983933,207,PASS
1687,0.000843625,0.000844,1,1.00531207251938,203,PASS
1688,0.0008441249999999999,0.0008445,1,-0.894473186207586,60,PASS
1689,0.000844625,0.000845,1,-1.0332690388715409,50,PASS
1690,0.000845125,0.0008455,1,-0.5694869277489722,85,PASS
1691,0.000845625,0.0008460000000000001,1,-0.3329105897774445,102,PASS
1692,0.000846125,0.0008465,1,-1.0589408188597547,48,PASS
1693,0.0008466249999999999,0.000847,1,-1.1010486219660773,45,PASS
1694,0.000847125,0.0008475000000000001,1,0.8219280198062264,189,PASS
1695,0.000847625,0.000848,1,-0.6557455990029049,78,PASS
1696,0.000848125,0.0008485000000000001,1,1.4547958971755472,237,PASS
1697,0.000848625,0.000849,1,0.1148278254796744,136,PASS
1698,0.0008491249999999999,0.0008495,1,-1.5867791015727946,8,PASS
1699,0.000849625,0.0008500000000000001,1,0.7459889266379138,184,PASS
1700,0.000850125,0.0008505,1,-1.085113941848378,46,PASS
1701,0.0008506249999999999,0.000851,1,-0.2909924570703455,106,PASS
1702,0.000851125,0.0008515,1,-0.216459893795375,111,PASS
1703,0.000851625,0.000852,1,-1.5533139114492769,11,PASS
1704,0.000852125,0.0008525000000000001,1,1.3821274594814825,232,PASS
1705,0.000852625,0.000853,1,-0.7445593622961034,71,PASS
1706,0.0008531249999999999,0.0008535,1,0.35466231715339336,154,PASS
1707,0.000853625,0.000854,1,-0.8304124764349418,65,PASS
1708,0.000854125,0.0008545,1,0.29657723389385215,150,PASS
1709,0.000854625,0.0008550000000000001,1,1.197686494134601,218,PASS
1710,0.000855125,0.0008555,1,-1.0876389532341346,46,PASS
1711,0.0008556249999999999,0.000856,1,-0.26866513127054925,107,PASS
1712,0.000856125,0.0008565000000000001,1,0.08670317796757931,134,PASS
1713,0.000856625,0.000857,1,-1.3459868049101145,26,PASS
1714,0.000857125,0.0008575000000000001,1,0.32644372222831364,152,PASS
1715,0.000857625,0.000858,1,1.6979303047790728,255,PASS
1716,0.000858125,0.0008585,1,1.0441694703616522,206,PASS
1717,0.000858625,0.0008590000000000001,1,0.06291351070752249,132,PASS
1718,0.000859125,0.0008595,1,-1.0102499993187335,51,PASS
1719,0.0008596249999999999,0.00086,1,-1.3361583814036515,27,PASS
1720,0.000860125,0.0008605,1,1.2806093527544624,224,PASS
1721,0.000860625,0.000861,1,0.8102233441167945,189,PASS
1722,0.000861125,0.0008615000000000001,1,0.9134157886902499,196,PASS
1723,0.000861625,0.000862,1,-0.10855038666036121,119,PASS
1724,0.0008621249999999999,0.0008625,1,-1.5381177336148428,12,PASS
1725,0.000862625,0.000863,1,0.24509875999068487,146,PASS
1726,0.000863125,0.0008635,1,0.021038462089751464,129,PASS
1727,0.000863625,0.0008640000000000001,1,-1.5490344616976042,11,PASS
1728,0.000864125,0.0008645,1,-0.38736073192183906,98,PASS
1729,0.0008646249999999999,0.000865,1,0.5056671352470044,166,PASS
1730,0.000865125,0.0008655000000000001,1,-1.2454576922744038,34,PASS
1731,0.000865625,0.000866,1,-0.7801223785784801,69,PASS
1732,0.0008661249999999999,0.0008665,1,-0.9365191071122928,57,PASS
1733,0.000866625,0.000867,1,0.814956950136587,189,PASS
1734,0.000867125,0.0008675,1,-0.38773032895710946,98,PASS
1735,0.000867625,0.0008680000000000001,1,0.4815658574016959,164,PASS
1736,0.000868125,0.0008685,1,-0.3420939688116671,102,PASS
1737,0.0008686249999999999,0.000869,1,-0.24367981062485078,109,PASS
1738,0.000869125,0.0008695,1,-1.2801398444325518,31,PASS
1739,0.000869625,0.00087,1,-0.24276302739849553,109,PASS
1740,0.000870125,0.0008705000000000001,1,1.694725951945246,255,PASS
1741,0.000870625,0.000871,1,0.8564672453363962,192,PASS
1742,0.0008711249999999999,0.0008715,1,0.6543785752233904,177,PASS
1743,0.000871625,0.000872,1,1.0446568085058783,206,PASS
1744,0.000872125,0.0008725,1,-1.4843489716168223,16,PASS
1745,0.000872625,0.0008730000000000001,1,1.019501109841926,204,PASS
1746,0.000873125,0.0008735,1,1.0025682369252753,203,PASS
1747,0.0008736249999999999,0.000874,1,0.5434792139927314,168,PASS
1748,0.000874125,0.0008745000000000001,1,1.408897450398827,234,PASS
1749,0.000874625,0.000875,1,-1.485200702695439,16,PASS
1750,0.0008751249999999999,0.0008755,1,-1.394776709753348,22,PASS
1751,0.000875625,0.000876,1,1.4331495134574912,235,PASS
1752,0.000876125,0.0008765,1,-0.30416725958007307,105,PASS
1753,0.000876625,0.0008770000000000001,1,1.5140979071001521,242,PASS
1754,0.000877125,0.0008775,1,-0.0817987623430485,121,PASS
1755,0.0008776249999999999,0.000878,1,-0.22440583869359654,111,PASS
1756,0.000878125,0.0008785,1,1.0423220969884792,206,PASS
1757,0.000878625,0.000879,1,-0.11981228021373824,118,PASS
1758,0.000879125,0.0008795000000000001,1,-1.0942482745928253,45,PASS
1759,0.000879625,0.00088,1,-0.24021470216418184,109,PASS
1760,0.0008801249999999999,0.0008805,1,-0.9951038320805579,53,PASS
1761,0.000880625,0.0008810000000000001,1,1.374935426330884,231,PASS
1762,0.000881125,0.0008815,1,1.1972173979199316,218,PASS
1763,0.000881625,0.0008820000000000001,1,-1.2733849682018001,32,PASS
1764,0.000882125,0.0008825,1,-0.5241643052759886,88,PASS
1765,0.000882625,0.000883,1,1.0613787800746926,207,PASS
1766,0.000883125,0.0008835000000000001,1,-1.6197485639157267,6,PASS
1767,0.000883625,0.000884,1,-1.689156531310737,0,PASS
1768,0.0008841249999999999,0.0008845,1,-1.069460362329362,47,PASS
1769,0.000884625,0.000885,1,1.4650362049427683,238,PASS
1770,0.000885125,0.0008855,1,-0.06300176867791807,123,PASS
1771,0.000885625,0.0008860000000000001,1,-1.1055940288278594,44,PASS
1772,0.000886125,0.0008865,1,-0.9744349377333305,54,PASS
1773,0.0008866249999999999,0.000887,1,-1.2375252797859082,34,PASS
1774,0.000887125,0.0008875,1,0.2495759711077823,146,PASS
1775,0.000887625,0.000888,1,-1.0149245358894374,51,PASS
1776,0.000888125,0.0008885000000000001,1,0.4074711160131079,158,PASS
1777,0.000888625,0.000889,1,1.6232797803990173,250,PASS
1778,0.0008891249999999999,0.0008895,1,0.4051839754193163,158,PASS
1779,0.000889625,0.0008900000000000001,1,-0.8992508983560676,60,PASS
1780,0.000890125,0.0008905,1,-1.1422851642411844,41,PASS
1781,0.0008906249999999999,0.000891,1,-0.7417626537376086,72,PASS
1782,0.000891125,0.0008915,1,-0.06647930344773378,122,PASS
1783,0.000891625,0.000892,1,-0.9758864406232262,54,PASS
1784,0.000892125,0.0008925000000000001,1,-1.6755442540036112,1,PASS
1785,0.000892625,0.000893,1,0.9892171300017851,202,PASS
1786,0.0008931249999999999,0.0008935,1,0.20660541715798253,143,PASS
1787,0.000893625,0.000894,1,0.77080942994898,186,PASS
1788,0.000894125,0.0008945,1,-0.3533492516433143,101,PASS
1789,0.000894625,0.0008950000000000001,1,-0.9282962989475981,58,PASS
1790,0.000895125,0.0008955,1,0.3664726149469202,155,PASS
1791,0.0008956249999999999,0.000896,1,-0.28241640141487157,106,PASS
1792,0.000896125,0.0008965,1,-0.7454880366305189,71,PASS
1793,0.000896625,0.000897,1,1.195161446853082,217,PASS
1794,0.000897125,0.0008975000000000001,1,1.6015243247019508,248,PASS
1795,0.000897625,0.000898,1,0.9649397999205498,200,PASS
1796,0.0008981249999999999,0.0008985,1,1.3508270689998765,229,PASS
1797,0.000898625,0.0008990000000000001,1,0.317746149274462,151,PASS
1798,0.000899125,0.0008995,1,-0.848825215541734,64,PASS
1799,0.0008996249999999999,0.0009,1,1.1754734355196004,216,PASS
1800,0.000900125,0.0009005,1,0.775520008677997,186,PASS
1801,0.000900625,0.000901,1,-1.2090960025278228,36,PASS
1802,0.000901125,0.0009015000000000001,1,1.6423871734125017,251,PASS
1803,0.000901625,0.000902,1,1.4985008107064848,240,PASS
1804,0.0009021249999999999,0.0009025,1,-0.4307456977854085,95,PASS
1805,0.000902625,0.000903,1,-0.17697539933930195,114,PASS
1806,0.000903125,0.0009035,1,-0.30716636602873737,104,PASS
1807,0.000903625,0.0009040000000000001,1,0.013925858315434914,129,PASS
1808,0.000904125,0.0009045,1,-0.7869588091641688,68,PASS
1809,0.0009046249999999999,0.000905,1,-1.1551659096243887,41,PASS
1810,0.000905125,0.0009055000000000001,1,1.4939563803022973,240,PASS
1811,0.000905625,0.000906,1,0.5813425308418865,171,PASS
1812,0.000906125,0.0009065000000000001,1,1.6519429782212869,252,PASS
1813,0.000906625,0.000907,1,0.6740229747165951,178,PASS
1814,0.0009071249999999999,0.0009075,1,-0.5958620932164327,83,PASS
1815,0.000907625,0.0009080000000000001,1,1.0234806954277744,205,PASS
1816,0.000908125,0.0009085,1,-0.8727243887482942,62,PASS
1817,0.0009086249999999999,0.000909,1,1.6959031741960764,255,PASS
1818,0.000909125,0.0009095,1,-0.3936066663743405,98,PASS
1819,0.000909625,0.00091,1,-0.28423094362436485,106,PASS
1820,0.000910125,0.0009105000000000001,1,0.6508794771945452,177,PASS
1821,0.000910625,0.000911,1,-0.6637251706441818,78,PASS
1822,0.0009111249999999999,0.0009115,1,-0.18786966505572789,113,PASS
1823,0.000911625,0.000912,1,-0.5143800174011328,89,PASS
1824,0.000912125,0.0009125,1,-1.6191395601952907,6,PASS
1825,0.000912625,0.0009130000000000001,1,0.298347356471091,150,PASS
1826,0.000913125,0.0009135,1,0.2573148583979774,147,PASS
1827,0.0009136249999999999,0.000914,1,-0.5124972858564165,89,PASS
1828,0.000914125,0.0009145000000000001,1,-0.439015280345042,94,PASS
1829,0.000914625,0.000915,1,-1.5705849572492172,9,PASS
1830,0.0009151249999999999,0.0009155,1,-0.650143101495045,79,PASS
1831,0.000915625,0.000916,1,0.8050994518547847,188,PASS
1832,0.000916125,0.0009165,1,-0.030846013219419266,125,PASS
1833,0.000916625,0.0009170000000000001,1,-1.070810673783246,47,PASS
1834,0.000917125,0.0009175,1,-1.2496018279470196,33,PASS
1835,0.0009176249999999999,0.000918,1,-0.06040163233675777,123,PASS
1836,0.000918125,0.0009185,1,-0.09483465615062392,120,PASS
1837,0.000918625,0.000919,1,-0.13548506293213336,117,PASS
1838,0.000919125,0.0009195000000000001,1,0.3059490483298395,151,PASS
1839,0.000919625,0.00092,1,-0.5132710502218747,89,PASS
1840,0.0009201249999999999,0.0009205,1,-0.3586367755172073,100,PASS
1841,0.000920625,0.000921,1,-0.5820265901378099,84,PASS
1842,0.000921125,0.0009215,1,0.4175803523030581,159,PASS
1843,0.000921625,0.0009220000000000001,1,-1.583865385321224,8,PASS
1844,0.000922125,0.0009225,1,0.6927268822986952,180,PASS
1845,0.0009226249999999999,0.000923,1,1.0281615214970221,205,PASS
1846,0.000923125,0.0009235000000000001,1,-0.45645055319423933,93,PASS
1847,0.000923625,0.000924,1,-1.599009380009048,7,PASS
1848,0.0009241249999999999,0.0009245,1,0.6912150040430098,180,PASS
1849,0.000924625,0.000925,1,0.45743383145035943,162,PASS
1850,0.000925125,0.0009255,1,0.8618979511014089,192,PASS
1851,0.000925625,0.0009260000000000001,1,-1.2241613364567585,35,PASS
1852,0.000926125,0.0009265,1,0.24395878782185698,146,PASS
1853,0.0009266249999999999,0.000927,1,-0.38921686674534417,98,PASS
1854,0.000927125,0.0009275,1,-1.488318182283709,15,PASS
1855,0.000927625,0.000928,1,0.4588601302352322,162,PASS
1856,0.000928125,0.0009285000000000001,1,0.018378020408374773,129,PASS
1857,0.000928625,0.000929,1,1.036221148404637,206,PASS
1858,0.0009291249999999999,0.0009295,1,-0.5037781235978189,90,PASS
1859,0.000929625,0.00093,1,-0.31086963598554007,104,PASS
1860,0.000930125,0.0009305,1,-0.8166603425638941,66,PASS
1861,0.000930625,0.0009310000000000001,1,-0.04124793010011629,124,PASS
1862,0.000931125,0.0009315,1,-0.08430537597321908,121,PASS
1863,0.0009316249999999999,0.000932,1,-1.457721471304131,18,PASS
1864,0.000932125,0.0009325000000000001,1,1.560193157787597,245,PASS
1865,0.000932625,0.000933,1,1.0985684972957677,210,PASS
1866,0.0009331249999999999,0.0009335,1,1.1876865189626178,217,PASS
1867,0.000933625,0.000934,1,-0.03651648479646097,125,PASS
1868,0.000934125,0.0009345,1,-0.4151825434634837,96,PASS
1869,0.000934625,0.0009350000000000001,1,0.7630799318920707,185,PASS
1870,0.000935125,0.0009355,1,1.6587404242182135,252,PASS
1871,0.0009356249999999999,0.000936,1,0.8686599098892389,193,PASS
1872,0.000936125,0.0009365,1,-1.3896970392185282,23,PASS
1873,0.000936625,0.000937,1,1.022348859696588,204,PASS
1874,0.000937125,0.0009375000000000001,1,-0.15396983847162926,116,PASS
1875,0.000937625,0.000938,1,-1.6576263445806663,3,PASS
1876,0.0009381249999999999,0.0009385,1,-0.8352315841400761,65,PASS
1877,0.000938625,0.0009390000000000001,1,1.3790056733604616,231,PASS
1878,0.000939125,0.0009395,1,-0.04304583981916488,124,PASS
1879,0.0009396249999999999,0.00094,1,0.8381771581043711,191,PASS
1880,0.000940125,0.0009405,1,-0.20017059844824514,112,PASS
1881,0.000940625,0.000941,1,-1.673286213177598,2,PASS
1882,0.000941125,0.0009415000000000001,1,0.35838258445505233,154,PASS
1883,0.000941625,0.000942,1,-0.7387343687549902,72,PASS
1884,0.0009421249999999999,0.0009425,1,-1.2275874869665824,35,PASS
1885,0.000942625,0.000943,1,0.6327574069169362,175,PASS
1886,0.000943125,0.0009435,1,0.37935205011897266,156,PASS
1887,0.000943625,0.0009440000000000001,1,-0.8592105039977362,63,PASS
1888,0.000944125,0.0009445,1,-1.5396238023653184,12,PASS
1889,0.0009446249999999999,0.000945,1,1.071874705224842,208,PASS
1890,0.000945125,0.0009455,1,0.6718831650399928,178,PASS
1891,0.000945625,0.000946,1,-1.265181632458595,32,PASS
1892,0.000946125,0.0009465000000000001,1,0.960416282625723,200,PASS
1893,0.000946625,0.000947,1,-0.38902309138830526,98,PASS
1894,0.0009471249999999999,0.0009475,1,0.9689108148893804,200,PASS
1895,0.000947625,0.0009480000000000001,1,1.2155893818483052,219,PASS
1896,0.000948125,0.0009485,1,-1.1666593814212267,40,PASS
1897,0.0009486249999999999,0.000949,1,-0.06349002417560157,123,PASS
1898,0.000949125,0.0009495,1,0.9119032494801831,196,PASS
1899,0.000949625,0.00095,1,1.5535609169661668,244,PASS
1900,0.000950125,0.0009505000000000001,1,0.5556305564836472,169,PASS
1901,0.000950625,0.000951,1,0.52568876158187,167,PASS
1902,0.0009511249999999999,0.0009515,1,1.5497160209682959,244,PASS
1903,0.000951625,0.000952,1,-1.2693153833763724,32,PASS
1904,0.000952125,0.0009525,1,0.39275679578156075,157,PASS
1905,0.000952625,0.0009530000000000001,1,0.7114942547220513,181,PASS
1906,0.000953125,0.0009535,1,-0.39081581766625995,98,PASS
1907,0.0009536249999999999,0.000954,1,0.2945954501762895,150,PASS
1908,0.000954125,0.0009545,1,-0.17201571866814191,115,PASS
1909,0.000954625,0.000955,1,-1.4621184912360468,17,PASS
1910,0.0009551249999999999,0.0009555,1,-0.39349057440394364,98,PASS
1911,0.000955625,0.000956,1,-1.6940303760313202,0,PASS
1912,0.0009561249999999999,0.0009565,1,0.7364213314880963,183,PASS
1913,0.000956625,0.0009570000000000001,1,1.3365647206074482,228,PASS
1914,0.000957125,0.0009575,1,-1.0926800627042443,45,PASS
1915,0.0009576249999999999,0.000958,1,1.3243432297495186,227,PASS
1916,0.000958125,0.0009585,1,-0.8599086526284813,63,PASS
1917,0.000958625,0.000959,1,-1.6100163346875778,6,PASS
1918,0.000959125,0.0009595000000000001,1,-0.615765497318725,81,PASS
1919,0.000959625,0.00096,1,-0.19822770058455141,113,PASS
1920,0.0009601249999999999,0.0009605,1,1.1543801975811954,214,PASS
1921,0.000960625,0.000961,1,0.2587433390072431,147,PASS
1922,0.000961125,0.0009615,1,-1.4146860632289409,21,PASS
1923,0.000961625,0.0009620000000000001,1,-0.9832929575444719,53,PASS
1924,0.000962125,0.0009625,1,0.7650281396079424,185,PASS
1925,0.0009626249999999999,0.000963,1,-0.027374860228501552,125,PASS
1926,0.000963125,0.0009635000000000001,1,0.36421359429603295,155,PASS
1927,0.000963625,0.000964,1,-1.2132169390408212,36,PASS
1928,0.0009641249999999999,0.0009645,1,0.27206869187551863,148,PASS
1929,0.000964625,0.000965,1,-0.6130933140634114,81,PASS
1930,0.0009651249999999999,0.0009655,1,-1.5384306488647128,12,PASS
1931,0.000965625,0.0009660000000000001,1,-0.432356491155252,95,PASS
1932,0.000966125,0.0009665,1,0.31273145532227287,151,PASS
1933,0.0009666249999999999,0.000967,1,0.2676198446190803,148,PASS
1934,0.000967125,0.0009675,1,-0.6582067909530156,78,PASS
1935,0.000967625,0.000968,1,-0.1516271377733962,116,PASS
1936,0.000968125,0.0009685000000000001,1,-0.5850382005365489,83,PASS
1937,0.000968625,0.000969,1,-0.09812005187972939,120,PASS
1938,0.0009691249999999999,0.0009695,1,0.9786716511087608,201,PASS
1939,0.000969625,0.00097,1,0.4624075555583522,162,PASS
1940,0.000970125,0.0009705,1,-0.1882240212155908,113,PASS
1941,0.000970625,0.0009710000000000001,1,-1.0911948012335086,45,PASS
1942,0.000971125,0.0009715,1,-0.9272207417379333,58,PASS
1943,0.0009716249999999999,0.000972,1,0.87085188413657,193,PASS
1944,0.000972125,0.0009725000000000001,1,-0.7209899473199758,73,PASS
1945,0.000972625,0.000973,1,0.6739733881288024,178,PASS
1946,0.0009731249999999999,0.0009735,1,-1.1984975905015323,37,PASS
1947,0.000973625,0.000974,1,-1.2192087579005018,36,PASS
1948,0.000974125,0.0009745,1,1.1682613187710331,215,PASS
1949,0.000974625,0.0009750000000000001,1,0.5259027467593642,167,PASS
1950,0.000975125,0.0009755,1,-1.2029200539845555,37,PASS
1951,0.0009756249999999999,0.000976,1,1.3850190601291692,232,PASS
1952,0.000976125,0.0009765,1,1.1917092062700532,217,PASS
1953,0.0009766249999999998,0.0009769999999999998,1,0.17908958835221056,141,PASS
1954,0.000977125,0.0009774999999999999,1,-0.4431420378362987,94,PASS
1955,0.0009776249999999998,0.0009779999999999997,1,-0.9440579523900782,56,PASS
1956,0.0009781249999999998,0.0009784999999999998,1,-0.5472620811392017,86,PASS
1957,0.000978625,0.0009789999999999998,1,0.6670613526213021,178,PASS
1958,0.000979125,0.0009795,1,-1.0076841918215544,52,PASS
1959,0.0009796249999999998,0.0009799999999999998,1,0.8616335745091466,192,PASS
1960,0.0009801249999999999,0.0009804999999999998,1,1.6069160831027858,248,PASS
1961,0.000980625,0.0009809999999999999,1,0.778250952075336,186,PASS
1962,0.0009811249999999998,0.0009814999999999997,1,-1.435953192933769,19,PASS
1963,0.0009816249999999999,0.0009819999999999998,1,-0.8390914321673563,64,PASS
1964,0.000982125,0.0009824999999999999,1,-1.29710122665205,30,PASS
1965,0.0009826249999999998,0.0009829999999999997,1,0.2933784660433385,150,PASS
1966,0.0009831249999999998,0.0009834999999999998,1,-0.8477519752167187,64,PASS
1967,0.000983625,0.0009839999999999998,1,-0.6710952252886644,77,PASS
1968,0.0009841249999999998,0.0009844999999999997,1,-1.602489045740306,7,PASS
1969,0.0009846249999999998,0.0009849999999999998,1,0.47712774729919594,163,PASS
1970,0.0009851249999999999,0.0009854999999999998,1,0.6392043456547178,176,PASS
1971,0.000985625,0.000986,1,0.2036264832050132,143,PASS
1972,0.0009861249999999998,0.0009864999999999997,1,-1.3368453415666486,27,PASS
1973,0.0009866249999999999,0.0009869999999999998,1,0.6836520652669222,179,PASS
1974,0.000987125,0.0009874999999999999,1,1.4571170093563925,237,PASS
1975,0.0009876249999999998,0.0009879999999999997,1,1.3773796693694973,231,PASS
1976,0.0009881249999999999,0.0009884999999999998,1,1.5888741906072015,247,PASS
1977,0.000988625,0.0009889999999999999,1,1.2688764794247571,223,PASS
1978,0.0009891249999999998,0.0009894999999999997,1,0.7097765168927019,181,PASS
1979,0.0009896249999999998,0.0009899999999999998,1,-1.1012376269370805,45,PASS
1980,0.000990125,0.0009904999999999998,1,1.693642789694026,255,PASS
1981,0.000990625,0.000991,1,-0.954185759887802,56,PASS
1982,0.0009911249999999998,0.0009914999999999998,1,-0.3919958258863032,98,PASS
1983,0.0009916249999999999,0.0009919999999999998,1,1.4957094996166982,240,PASS
1984,0.000992125,0.0009925,1,1.6809317224927522,254,PASS
1985,0.0009926249999999998,0.0009929999999999997,1,-0.6458349917267538,79,PASS
1986,0.0009931249999999999,0.0009934999999999998,1,1.4915755756364428,240,PASS
1987,0.000993625,0.0009939999999999999,1,-1.1484044902526276,41,PASS
1988,0.0009941249999999998,0.0009944999999999997,1,-0.901483245540666,60,PASS
1989,0.0009946249999999998,0.0009949999999999998,1,-1.491582577554538,15,PASS
1990,0.000995125,0.0009954999999999999,1,0.6418731673484739,176,PASS
1991,0.0009956249999999998,0.0009959999999999997,1,-1.4522380007504485,18,PASS
1992,0.0009961249999999998,0.0009964999999999998,1,0.1839111630132868,141,PASS
1993,0.000996625,0.0009969999999999998,1,-0.2102952009360215,112,PASS
1994,0.000997125,0.0009975,1,-0.6535439315732812,78,PASS
1995,0.0009976249999999998,0.0009979999999999998,1,0.7764464396943678,186,PASS
1996,0.0009981249999999999,0.0009984999999999998,1,0.47777138452360535,163,PASS
1997,0.000998625,0.0009989999999999999,1,-0.4935967637095797,90,PASS
1998,0.0009991249999999998,0.0009994999999999997,1,-0.9743726940096774,54,PASS
1999,0.0009996249999999999,0.0009999999999999998,1,1.1358468874438794,213,PASS
2000,0.001000125,0.0010004999999999999,1,0.505242208014385,166,PASS
2001,0.0010006249999999998,0.0010009999999999997,1,1.639816904014171,251,PASS
2002,0.0010011249999999998,0.0010014999999999998,1,-1.041054424557668,49,PASS
2003,0.001001625,0.0010019999999999999,1,1.580951389968533,247,PASS
2004,0.0010021249999999998,0.0010024999999999997,1,1.5292605467832299,243,PASS
2005,0.0010026249999999998,0.0010029999999999998,1,1.4217820103660765,235,PASS
2006,0.001003125,0.0010034999999999998,1,-0.2598454977758591,108,PASS
2007,0.001003625,0.001004,1,0.965483401276525,200,PASS
2008,0.0010041249999999998,0.0010044999999999998,1,-0.048035875541323714,124,PASS
2009,0.0010046249999999999,0.0010049999999999998,1,1.0875749203207101,209,PASS
2010,0.001005125,0.0010054999999999999,1,-0.8037621507742706,67,PASS
2011,0.0010056249999999998,0.0010059999999999997,1,0.8895521664230179,194,PASS
2012,0.0010061249999999999,0.0010064999999999998,1,-1.1509628277722919,41,PASS
2013,0.001006625,0.0010069999999999999,1,-0.7034648334186491,75,PASS
2014,0.0010071249999999998,0.0010074999999999997,1,-0.24826332178284582,109,PASS
2015,0.0010076249999999998,0.0010079999999999998,1,-1.1906471898366315,38,PASS
2016,0.001008125,0.0010084999999999998,1,-0.7624461492788931,70,PASS
2017,0.0010086249999999998,0.0010089999999999997,1,0.7315843578358299,183,PASS
2018,0.0010091249999999998,0.0010094999999999998,1,0.719268443668273,182,PASS
2019,0.0010096249999999999,0.0010099999999999998,1,1.1443000532423897,214,PASS
2020,0.001010125,0.0010105,1,1.3879356557521725,232,PASS
2021,0.0010106249999999998,0.0010109999999999997,1,-0.8277075286645508,65,PASS
2022,0.0010111249999999999,0.0010114999999999998,1,0.8286575029613299,190,PASS
2023,0.001011625,0.0010119999999999999,1,-1.1688201310648056,39,PASS
2024,0.0010121249999999998,0.0010124999999999997,1,0.599836247767876,173,PASS
2025,0.0010126249999999999,0.0010129999999999998,1,-1.637334487241712,4,PASS
2026,0.001013125,0.0010134999999999999,1,-1.574095149060342,9,PASS
2027,0.0010136249999999998,0.0010139999999999997,1,1.1431417299989206,214,PASS
2028,0.0010141249999999998,0.0010144999999999998,1,0.7578209458874372,185,PASS
2029,0.001014625,0.0010149999999999998,1,-0.6836986809376153,76,PASS
2030,0.001015125,0.0010155,1,0.8461836175890409,191,PASS
2031,0.0010156249999999998,0.0010159999999999998,1,-0.6360360233454594,80,PASS
2032,0.0010161249999999999,0.0010164999999999998,1,0.1992159559942963,142,PASS
2033,0.001016625,0.001017,1,0.9322336620995519,198,PASS
2034,0.0010171249999999998,0.0010174999999999997,1,-1.0490466212207372,49,PASS
2035,0.0010176249999999999,0.0010179999999999998,1,-0.4650687371826412,92,PASS
2036,0.001018125,0.0010184999999999999,1,-0.49993971027021833,90,PASS
2037,0.0010186249999999998,0.0010189999999999997,1,0.5876506664119907,172,PASS
2038,0.0010191249999999998,0.0010194999999999998,1,-0.9643184383987659,55,PASS
2039,0.001019625,0.0010199999999999999,1,0.40421757879746223,158,PASS
2040,0.0010201249999999998,0.0010204999999999997,1,0.864765652912822,193,PASS
2041,0.0010206249999999998,0.0010209999999999998,1,-0.9149660786304142,59,PASS
2042,0.001021125,0.0010214999999999998,1,-0.45942198205321527,93,PASS
2043,0.001021625,0.001022,1,-1.549861400795637,11,PASS
2044,0.0010221249999999998,0.0010224999999999998,1,0.12616030030867753,137,PASS
2045,0.0010226249999999999,0.0010229999999999998,1,0.015241723964400267,129,PASS
2046,0.001023125,0.0010234999999999999,1,0.6318239955221274,175,PASS
2047,0.0010236249999999998,0.0010239999999999997,1,0.1412354691746769,138,PASS
2048,0.0010241249999999999,0.0010244999999999998,1,1.2374811884140626,221,PASS
2049,0.001024625,0.0010249999999999999,1,1.1735850633484077,216,PASS
2050,0.0010251249999999998,0.0010254999999999997,1,-1.3039056781685443,29,PASS
2051,0.0010256249999999998,0.0010259999999999998,1,0.30710662613336726,151,PASS
2052,0.001026125,0.0010264999999999999,1,0.626340663052001,175,PASS
2053,0.0010266249999999998,0.0010269999999999997,1,-0.12539785682365556,118,PASS
2054,0.0010271249999999998,0.0010274999999999998,1,-0.7639731616027102,70,PASS
2055,0.001027625,0.0010279999999999998,1,-1.1886238894599137,38,PASS
2056,0.001028125,0.0010285,1,0.8575349431167025,192,PASS
2057,0.0010286249999999998,0.0010289999999999997,1,-1.643025055473923,4,PASS
2058,0.0010291249999999999,0.0010294999999999998,1,0.08815574576876872,134,PASS
2059,0.001029625,0.0010299999999999999,1,1.6790385730735073,254,PASS
2060,0.0010301249999999998,0.0010304999999999997,1,0.7495599328595437,184,PASS
2061,0.0010306249999999999,0.0010309999999999998,1,-1.1345226813923392,42,PASS
2062,0.001031125,0.0010314999999999999,1,1.1853602458748511,217,PASS
2063,0.0010316249999999998,0.0010319999999999997,1,0.5329025220261381,168,PASS
2064,0.0010321249999999998,0.0010324999999999998,1,0.9589331036599227,200,PASS
2065,0.001032625,0.0010329999999999998,1,-0.7907480191577883,68,PASS
2066,0.0010331249999999998,0.0010334999999999997,1,1.5045154475303189,241,PASS
2067,0.0010336249999999998,0.0010339999999999998,1,0.6065974106319805,173,PASS
2068,0.0010341249999999999,0.0010344999999999998,1,-0.9013479584015541,60,PASS
2069,0.001034625,0.001035,1,-0.5234464567065287,88,PASS
2070,0.0010351249999999998,0.0010354999999999997,1,-1.0978323677150512,45,PASS
2071,0.0010356249999999999,0.0010359999999999998,1,-1.666964809789083,2,PASS
2072,0.001036125,0.0010364999999999999,1,-1.4479423270537284,18,PASS
2073,0.0010366249999999998,0.0010369999999999997,1,-1.1810339652107908,39,PASS
2074,0.0010371249999999999,0.0010374999999999998,1,1.260701712563627,222,PASS
2075,0.001037625,0.0010379999999999999,1,0.3713858227369171,155,PASS
2076,0.0010381249999999998,0.0010384999999999997,1,-0.1889585746766449,113,PASS
2077,0.0010386249999999998,0.0010389999999999998,1,0.06657772415948426,133,PASS
2078,0.001039125,0.0010394999999999998,1,1.5046702588805176,241,PASS
2079,0.001039625,0.00104,1,-0.368817323633831,100,PASS
2080,0.0010401249999999998,0.0010404999999999998,1,-0.3353900317620997,102,PASS
2081,0.0010406249999999999,0.0010409999999999998,1,-1.09970184821124,45,PASS
2082,0.001041125,0.0010414999999999999,1,-1.1970744970489344,37,PASS
2083,0.0010416249999999998,0.0010419999999999997,1,-1.621276968372736,5,PASS
2084,0.0010421249999999999,0.0010424999999999998,1,0.18338935254359856,141,PASS
2085,0.001042625,0.0010429999999999999,1,0.23498445981477167,145,PASS
2086,0.0010431249999999998,0.0010434999999999997,1,0.0924766779219468,134,PASS
2087,0.0010436249999999998,0.0010439999999999998,1,0.811729150164558,189,PASS
2088,0.001044125,0.0010444999999999999,1,-1.197085557200107,37,PASS
2089,0.0010446249999999998,0.0010449999999999997,1,0.2634940225393221,147,PASS
2090,0.0010451249999999998,0.0010454999999999998,1,1.5119015957338797,241,PASS
2091,0.001045625,0.0010459999999999998,1,0.36116811517280545,155,PASS
2092,0.001046125,0.0010465,1,0.9431622114329359,199,PASS
2093,0.0010466249999999998,0.0010469999999999998,1,0.023958049774881474,129,PASS
2094,0.0010471249999999999,0.0010474999999999998,1,-1.3273827847135362,28,PASS
2095,0.001047625,0.0010479999999999999,1,1.6491534891339612,252,PASS
2096,0.0010481249999999998,0.0010484999999999997,1,-0.5153273361211774,89,PASS
2097,0.0010486249999999999,0.0010489999999999998,1,-1.109544067849293,44,PASS
2098,0.001049125,0.0010494999999999999,1,0.2453424724246147,146,PASS
2099,0.0010496249999999998,0.0010499999999999997,1,-1.2913242192953007,30,PASS
2100,0.0010501249999999998,0.0010504999999999998,1,-0.4344704844385803,95,PASS
2101,0.001050625,0.0010509999999999999,1,0.15818901774854477,139,PASS
2102,0.0010511249999999998,0.0010514999999999997,1,-1.673775189195021,1,PASS
2103,0.0010516249999999998,0.0010519999999999998,1,1.315499395447748,227,PASS
2104,0.001052125,0.0010524999999999998,1,-0.8788370209246178,61,PASS
2105,0.001052625,0.001053,1,0.24987055258355095,146,PASS
2106,0.0010531249999999998,0.0010534999999999997,1,0.5892039959636877,172,PASS
2107,0.0010536249999999999,0.0010539999999999998,1,-0.31696700771128783,104,PASS
2108,0.001054125,0.0010544999999999999,1,1.3900774619986629,232,PASS
2109,0.0010546249999999998,0.0010549999999999997,1,0.9491095902936342,199,PASS
2110,0.0010551249999999999,0.0010554999999999998,1,0.5525838890656394,169,PASS
2111,0.001055625,0.0010559999999999999,1,0.3019630315782733,150,PASS
2112,0.0010561249999999998,0.0010564999999999997,1,1.016023484759202,204,PASS
2113,0.0010566249999999998,0.0010569999999999998,1,-1.3873141607329913,23,PASS
2114,0.001057125,0.0010574999999999998,1,1.2895222428649327,225,PASS
2115,0.0010576249999999998,0.0010579999999999997,1,-0.591674835098863,83,PASS
2116,0.0010581249999999998,0.0010584999999999998,1,-1.5315251153522194,12,PASS
2117,0.0010586249999999999,0.0010589999999999998,1,-0.45734999411251454,93,PASS
2118,0.001059125,0.0010595,1,-0.552016758664694,86,PASS
2119,0.0010596249999999998,0.0010599999999999997,1,1.6998518521179238,255,PASS
2120,0.0010601249999999999,0.0010604999999999998,1,-0.7199893317540275,73,PASS
2121,0.001060625,0.0010609999999999999,1,-0.5306704256252963,88,PASS
2122,0.0010611249999999998,0.0010614999999999997,1,1.1320574401220667,213,PASS
2123,0.0010616249999999999,0.0010619999999999998,1,1.056038058726146,207,PASS
2124,0.001062125,0.0010624999999999999,1,-0.1321972679568857,118,PASS
2125,0.0010626249999999998,0.0010629999999999997,1,1.2656459626076966,223,PASS
2126,0.0010631249999999998,0.0010634999999999998,1,-1.6491589842541718,3,PASS
2127,0.001063625,0.0010639999999999998,1,0.7633705043299164,185,PASS
2128,0.001064125,0.0010645,1,-1.4293770871120965,20,PASS
2129,0.0010646249999999998,0.0010649999999999998,1,-1.118050777185028,43,PASS
2130,0.0010651249999999999,0.0010654999999999998,1,1.5688010103366457,246,PASS
2131,0.001065625,0.0010659999999999999,1,1.6569319068278408,252,PASS
2132,0.0010661249999999998,0.0010664999999999997,1,0.4627259612991994,162,PASS
2133,0.0010666249999999999,0.0010669999999999998,1,-0.17593997626276403,114,PASS
2134,0.001067125,0.0010674999999999999,1,1.2671228076863155,223,PASS
2135,0.0010676249999999998,0.0010679999999999997,1,-0.29134351904885847,106,PASS
2136,0.0010681249999999998,0.0010684999999999998,1,0.17240130524106667,140,PASS
2137,0.001068625,0.0010689999999999999,1,-1.3263582848517854,28,PASS
2138,0.0010691249999999998,0.0010694999999999997,1,0.05952352466373734,132,PASS
2139,0.0010696249999999998,0.0010699999999999998,1,-1.2428138835262388,34,PASS
2140,0.001070125,0.0010704999999999998,1,-0.6125606303383955,81,PASS
2141,0.001070625,0.001071,1,-0.8613820552783152,63,PASS
2142,0.0010711249999999998,0.0010714999999999998,1,0.7895172383553406,187,PASS
2143,0.0010716249999999999,0.0010719999999999998,1,0.5091755310195725,166,PASS
2144,0.001072125,0.0010724999999999999,1,1.1434512562616639,214,PASS
2145,0.0010726249999999998,0.0010729999999999997,1,1.324709008586282,227,PASS
2146,0.0010731249999999999,0.0010734999999999998,1,-1.3255565126554598,28,PASS
2147,0.001073625,0.0010739999999999999,1,1.6656186546499854,253,PASS
2148,0.0010741249999999998,0.0010744999999999997,1,1.1949269443949777,217,PASS
2149,0.0010746249999999998,0.0010749999999999998,1,-0.5022467408851587,90,PASS
2150,0.001075125,0.0010754999999999999,1,0.24105177801238908,146,PASS
2151,0.0010756249999999998,0.0010759999999999997,1,-1.450337899402662,18,PASS
2152,0.0010761249999999998,0.0010764999999999998,1,-0.9793936284079757,54,PASS
2153,0.0010766249999999999,0.0010769999999999998,1,-0.6244462397477961,80,PASS
2154,0.001077125,0.0010775,1,0.03411153441571391,130,PASS
2155,0.0010776249999999998,0.0010779999999999997,1,-1.3954456449564907,22,PASS
2156,0.0010781249999999999,0.0010784999999999998,1,1.6652572140453177,253,PASS
2157,0.001078625,0.0010789999999999999,1,1.375546412784937,231,PASS
2158,0.0010791249999999998,0.0010794999999999997,1,-0.3786242825666273,99,PASS
2159,0.0010796249999999999,0.0010799999999999998,1,1.0968445426377158,210,PASS
2160,0.001080125,0.0010804999999999999,1,0.016523312068822182,129,PASS
2161,0.0010806249999999998,0.0010809999999999997,1,-0.8746813228095788,62,PASS
2162,0.0010811249999999998,0.0010814999999999998,1,0.1615577821550891,140,PASS
2163,0.001081625,0.0010819999999999998,1,-1.2411975124682904,34,PASS
2164,0.0010821249999999998,0.0010824999999999997,1,0.4609745015061246,162,PASS
2165,0.0010826249999999998,0.0010829999999999998,1,1.162079090398043,215,PASS
2166,0.0010831249999999999,0.0010834999999999998,1,-1.5554250631890252,10,PASS
2167,0.001083625,0.001084,1,-1.4146071771149864,21,PASS
2168,0.0010841249999999998,0.0010844999999999997,1,-0.8285870713820757,65,PASS
2169,0.0010846249999999999,0.0010849999999999998,1,-1.1469324050283543,41,PASS
2170,0.001085125,0.0010854999999999999,1,-1.3867857622916637,23,PASS
2171,0.0010856249999999998,0.0010859999999999997,1,0.8628609120097834,192,PASS
2172,0.0010861249999999999,0.0010864999999999998,1,-0.8780310410744916,61,PASS
2173,0.001086625,0.0010869999999999999,1,0.8497050545347664,191,PASS
2174,0.0010871249999999998,0.0010874999999999997,1,-0.7098695780570577,74,PASS
2175,0.0010876249999999998,0.0010879999999999998,1,-0.1884079937825509,113,PASS
2176,0.001088125,0.0010884999999999998,1,0.8081621302435804,188,PASS
2177,0.001088625,0.001089,1,1.4024325416414454,233,PASS
2178,0.0010891249999999998,0.0010894999999999998,1,-0.1374730813234586,117,PASS
2179,0.0010896249999999999,0.0010899999999999998,1,-0.5175207633188901,89,PASS
2180,0.001090125,0.0010904999999999999,1,0.5401953694338311,168,PASS
2181,0.0010906249999999998,0.0010909999999999997,1,-0.8583811518766457,63,PASS
2182,0.0010911249999999999,0.0010914999999999998,1,-0.8968114311288344,60,PASS
2183,0.001091625,0.0010919999999999999,1,-1.1955129298267697,37,PASS
2184,0.0010921249999999998,0.0010924999999999997,1,-0.7327596978134016,72,PASS
2185,0.0010926249999999998,0.0010929999999999998,1,0.20450477126450983,143,PASS
2186,0.001093125,0.0010934999999999999,1,0.4525559400826398,162,PASS
2187,0.0010936249999999998,0.0010939999999999997,1,1.4707590574030165,238,PASS
2188,0.0010941249999999998,0.0010944999999999998,1,-0.721253939401882,73,PASS
2189,0.001094625,0.0010949999999999998,1,0.8443269751303315,191,PASS
2190,0.001095125,0.0010955,1,0.4417403144841272,161,PASS
2191,0.0010956249999999998,0.0010959999999999998,1,1.5219572226840927,242,PASS
2192,0.0010961249999999999,0.0010964999999999998,1,1.579494376579656,246,PASS
2193,0.001096625,0.0010969999999999999,1,-0.09954196823531403,120,PASS
2194,0.0010971249999999998,0.0010974999999999997,1,-0.3220830701383166,103,PASS
2195,0.0010976249999999999,0.0010979999999999998,1,1.1504692128271483,214,PASS
2196,0.001098125,0.0010984999999999999,1,-1.624790873996066,5,PASS
2197,0.0010986249999999998,0.0010989999999999997,1,0.8046139056822386,188,PASS
2198,0.0010991249999999998,0.0010994999999999998,1,1.158943915971834,215,PASS
2199,0.001099625,0.0010999999999999998,1,1.325341928363504,227,PASS
2200,0.0011001249999999998,0.0011004999999999997,1,-1.6318995755156513,5,PASS
2201,0.0011006249999999998,0.0011009999999999998,1,0.3815918329409478,156,PASS
2202,0.0011011249999999999,0.0011014999999999998,1,-0.3218762854367916,103,PASS
2203,0.001101625,0.001102,1,-1.4651430405109183,17,PASS
2204,0.0011021249999999998,0.0011024999999999997,1,1.0069641015038948,203,PASS
2205,0.0011026249999999999,0.0011029999999999998,1,-0.30308335464624303,105,PASS
2206,0.001103125,0.0011034999999999999,1,0.2557713573719995,147,PASS
2207,0.0011036249999999998,0.0011039999999999997,1,-0.458892076872496,93,PASS
2208,0.0011041249999999999,0.0011044999999999998,1,-0.6832381796458917,76,PASS
2209,0.001104625,0.0011049999999999999,1,1.0324996660867491,205,PASS
2210,0.0011051249999999998,0.0011054999999999997,1,1.1116734055490916,211,PASS
2211,0.0011056249999999998,0.0011059999999999998,1,-1.1995592381827116,37,PASS
2212,0.001106125,0.0011064999999999998,1,0.02451056827990339,129,PASS
2213,0.0011066249999999998,0.0011069999999999997,1,-1.2210386342220119,36,PASS
2214,0.0011071249999999998,0.0011074999999999998,1,-1.297527796558086,30,PASS
2215,0.0011076249999999999,0.0011079999999999998,1,-1.2714430202083769,32,PASS
2216,0.001108125,0.0011085,1,0.9801520305428453,201,PASS
2217,0.0011086249999999998,0.0011089999999999997,1,0.9680745326554578,200,PASS
2218,0.0011091249999999999,0.0011094999999999998,1,-0.1818692537216824,114,PASS
2219,0.001109625,0.0011099999999999999,1,-1.0899244810905246,45,PASS
2220,0.0011101249999999998,0.0011104999999999997,1,-1.61461896013505,6,PASS
2221,0.0011106249999999999,0.0011109999999999998,1,-1.4353877968268154,19,PASS
2222,0.001111125,0.0011114999999999999,1,1.4162770928856372,234,PASS
2223,0.0011116249999999998,0.0011119999999999997,1,-0.5880499916349802,83,PASS
2224,0.0011121249999999998,0.0011124999999999998,1,-1.2942886328862833,30,PASS
2225,0.001112625,0.0011129999999999998,1,1.4525815268730617,237,PASS
2226,0.001113125,0.0011135,1,1.4453224397242035,236,PASS
2227,0.0011136249999999998,0.0011139999999999998,1,-0.22454535901590922,111,PASS
2228,0.0011141249999999999,0.0011144999999999998,1,-0.5739794231545357,84,PASS
2229,0.001114625,0.0011149999999999999,1,-0.9161371776756314,59,PASS
2230,0.0011151249999999998,0.0011154999999999997,1,0.27102443112197094,148,PASS
2231,0.0011156249999999999,0.0011159999999999998,1,-0.9060312978053845,59,PASS
2232,0.001116125,0.0011164999999999999,1,-0.8705235916634829,62,PASS
2233,0.0011166249999999998,0.0011169999999999997,1,1.4586165066474706,237,PASS
2234,0.0011171249999999998,0.0011174999999999998,1,-1.4964658207990538,15,PASS
2235,0.001117625,0.0011179999999999999,1,-1.0574856670699062,48,PASS
2236,0.0011181249999999998,0.0011184999999999997,1,-1.4337604326003006,20,PASS
2237,0.0011186249999999998,0.0011189999999999998,1,-1.573970515667275,9,PASS
2238,0.001119125,0.0011194999999999998,1,-1.3637653482656633,25,PASS
2239,0.001119625,0.00112,1,1.4288218636598218,235,PASS
2240,0.0011201249999999998,0.0011204999999999998,1,1.523998364811593,242,PASS
2241,0.0011206249999999999,0.0011209999999999998,1,1.630213151628966,250,PASS
2242,0.001121125,0.0011214999999999999,1,-0.5327753845293106,87,PASS
2243,0.0011216249999999998,0.0011219999999999997,1,1.614167254896843,249,PASS
2244,0.0011221249999999999,0.0011224999999999998,1,1.4346311291230867,236,PASS
2245,0.001122625,0.0011229999999999999,1,-0.5997544630401896,82,PASS
2246,0.0011231249999999998,0.0011234999999999997,1,0.29503601625916676,150,PASS
2247,0.0011236249999999998,0.0011239999999999998,1,0.4551943617764016,162,PASS
2248,0.001124125,0.0011244999999999998,1,-1.1000098601193393,45,PASS
2249,0.0011246249999999998,0.0011249999999999997,1,0.9177774844462692,197,PASS
2250,0.0011251249999999998,0.0011254999999999998,1,0.38373023609586876,156,PASS
2251,0.0011256249999999999,0.0011259999999999998,1,-0.6084232049453626,82,PASS
2252,0.001126125,0.0011265,1,0.8116731211648889,189,PASS
2253,0.0011266249999999998,0.0011269999999999997,1,-0.1631562249065266,115,PASS
2254,0.0011271249999999999,0.0011274999999999998,1,-1.2599265818515275,33,PASS
2255,0.001127625,0.0011279999999999999,1,-0.27040290296310143,107,PASS
2256,0.0011281249999999998,0.0011284999999999997,1,-1.3018182239063774,29,PASS
2257,0.0011286249999999999,0.0011289999999999998,1,-0.30718164062638165,104,PASS
2258,0.001129125,0.0011294999999999999,1,-0.844786868777164,64,PASS
2259,0.0011296249999999998,0.0011299999999999997,1,-1.4544692777110395,18,PASS
2260,0.0011301249999999998,0.0011304999999999998,1,-1.2112962429005187,36,PASS
2261,0.001130625,0.0011309999999999998,1,-1.3525357287002808,26,PASS
2262,0.0011311249999999998,0.0011314999999999997,1,0.8362032872165772,190,PASS
2263,0.0011316249999999998,0.0011319999999999998,1,1.2619340723423782,223,PASS
2264,0.0011321249999999999,0.0011324999999999998,1,-0.8232052800243645,66,PASS
2265,0.001132625,0.001133,1,-0.29191163377992924,106,PASS
2266,0.0011331249999999998,0.0011334999999999997,1,1.3582344283556236,230,PASS
2267,0.0011336249999999999,0.0011339999999999998,1,-0.5475111712430756,86,PASS
2268,0.001134125,0.0011344999999999999,1,0.42009426055093946,159,PASS
2269,0.0011346249999999998,0.0011349999999999997,1,0.7500940975319803,184,PASS
2270,0.0011351249999999998,0.0011354999999999998,1,0.3355699168298971,153,PASS
2271,0.001135625,0.0011359999999999999,1,1.6616325340692002,253,PASS
2272,0.0011361249999999998,0.0011364999999999997,1,-1.487218431463724,16,PASS
2273,0.0011366249999999998,0.0011369999999999998,1,-1.3343282199083417,27,PASS
2274,0.001137125,0.0011374999999999998,1,1.654346531928477,252,PASS
2275,0.001137625,0.001138,1,0.22335142613977577,144,PASS
2276,0.0011381249999999998,0.0011384999999999998,1,-0.4343981421011549,95,PASS
2277,0.0011386249999999999,0.0011389999999999998,1,1.501789566634611,241,PASS
2278,0.001139125,0.0011394999999999999,1,1.3934413981632587,232,PASS
2279,0.0011396249999999998,0.0011399999999999997,1,1.3011739712013963,225,PASS
2280,0.0011401249999999999,0.0011404999999999998,1,-1.6025371417564165,7,PASS
2281,0.001140625,0.0011409999999999999,1,-0.31353355885649714,104,PASS
2282,0.0011411249999999998,0.0011414999999999997,1,1.130078331375197,213,PASS
2283,0.0011416249999999998,0.0011419999999999998,1,-0.2652270653815243,108,PASS
2284,0.001142125,0.0011424999999999999,1,0.6494447783538762,176,PASS
2285,0.0011426249999999998,0.0011429999999999997,1,1.097067142599322,210,PASS
2286,0.0011431249999999998,0.0011434999999999998,1,0.5983900309820445,173,PASS
2287,0.001143625,0.0011439999999999998,1,-0.7449545634197444,71,PASS
2288,0.001144125,0.0011445,1,0.7422194010035745,183,PASS
2289,0.0011446249999999998,0.0011449999999999998,1,1.504504887298671,241,PASS
2290,0.0011451249999999999,0.0011454999999999998,1,-0.24751267854897097,109,PASS
2291,0.001145625,0.0011459999999999999,1,-0.6484778767692272,79,PASS
2292,0.0011461249999999998,0.0011464999999999997,1,0.48276299706580317,164,PASS
2293,0.0011466249999999999,0.0011469999999999998,1,-0.8728009990854283,62,PASS
2294,0.001147125,0.0011474999999999999,1,-0.5597510013053197,85,PASS
2295,0.0011476249999999998,0.0011479999999999997,1,-0.4315029632975875,95,PASS
2296,0.0011481249999999998,0.0011484999999999998,1,1.1493706578907597,214,PASS
2297,0.001148625,0.0011489999999999998,1,0.8336487619307851,190,PASS
2298,0.0011491249999999998,0.0011494999999999997,1,1.2134609335565545,219,PASS
2299,0.0011496249999999998,0.0011499999999999998,1,-1.6883486698951191,0,PASS
2300,0.0011501249999999999,0.0011504999999999998,1,-1.0822715404603813,46,PASS
2301,0.001150625,0.001151,1,1.4049050262158265,233,PASS
2302,0.0011511249999999998,0.0011514999999999997,1,0.33245248462500965,153,PASS
2303,0.0011516249999999999,0.0011519999999999998,1,1.5180354800330507,242,PASS
2304,0.001152125,0.0011524999999999999,1,-0.37950272695253573,99,PASS
2305,0.0011526249999999998,0.0011529999999999997,1,-1.0100253800172772,51,PASS
2306,0.0011531249999999999,0.0011534999999999998,1,0.4908079455669576,164,PASS
2307,0.001153625,0.0011539999999999999,1,-0.9968700357957057,52,PASS
2308,0.0011541249999999998,0.0011544999999999997,1,-0.7425265929363357,72,PASS
2309,0.0011546249999999998,0.0011549999999999998,1,-0.3020893051564546,105,PASS
2310,0.001155125,0.0011554999999999998,1,0.8691251330811498,193,PASS
2311,0.0011556249999999998,0.0011559999999999997,1,0.14501818412180745,138,PASS
2312,0.0011561249999999998,0.0011564999999999998,1,0.22407033959784606,144,PASS
2313,0.0011566249999999999,0.0011569999999999998,1,-0.04504878465087114,124,PASS
2314,0.001157125,0.0011575,1,1.5293162457516394,243,PASS
2315,0.0011576249999999998,0.0011579999999999997,1,1.6899776132001618,255,PASS
2316,0.0011581249999999999,0.0011584999999999998,1,0.0030877093065506678,128,PASS
2317,0.001158625,0.0011589999999999999,1,0.1334846872640585,138,PASS
2318,0.0011591249999999998,0.0011594999999999997,1,-1.6743755203618518,1,PASS
2319,0.0011596249999999998,0.0011599999999999998,1,0.8947206335236484,195,PASS
2320,0.001160125,0.0011604999999999999,1,0.6804926150635306,179,PASS
2321,0.0011606249999999998,0.0011609999999999997,1,-1.4388799409415123,19,PASS
2322,0.0011611249999999998,0.0011614999999999998,1,-1.2574011074679086,33,PASS
2323,0.001161625,0.0011619999999999998,1,-1.5058925802580871,14,PASS
2324,0.001162125,0.0011625,1,-0.23809116301291766,110,PASS
2325,0.0011626249999999998,0.0011629999999999998,1,0.23009170742761453,145,PASS
2326,0.0011631249999999999,0.0011634999999999998,1,-1.431195608820445,20,PASS
2327,0.001163625,0.0011639999999999999,1,1.5304106835002511,243,PASS
2328,0.0011641249999999998,0.0011644999999999997,1,-1.519978589713386,13,PASS
2329,0.0011646249999999999,0.0011649999999999998,1,-1.1704697646283055,39,PASS
2330,0.001165125,0.0011654999999999999,1,0.9822512932323126,201,PASS
2331,0.0011656249999999998,0.0011659999999999997,1,0.5241160927121415,167,PASS
2332,0.0011661249999999998,0.0011664999999999998,1,1.1876414959144503,217,PASS
2333,0.001166625,0.0011669999999999999,1,1.3852633713116524,232,PASS
2334,0.0011671249999999998,0.0011674999999999997,1,1.643574305672307,251,PASS
2335,0.0011676249999999998,0.0011679999999999998,1,0.3676537585715882,155,PASS
2336,0.001168125,0.0011684999999999998,1,0.2531854470993211,147,PASS
2337,0.001168625,0.001169,1,-1.6491614365937934,3,PASS
2338,0.0011691249999999998,0.0011694999999999997,1,-0.08958106224055462,121,PASS
2339,0.0011696249999999999,0.0011699999999999998,1,-0.7435530550593785,72,PASS
2340,0.001170125,0.0011704999999999999,1,-1.4896998118861977,15,PASS
2341,0.0011706249999999998,0.0011709999999999997,1,0.40864205111470153,158,PASS
2342,0.0011711249999999999,0.0011714999999999998,1,-1.5460122775229088,11,PASS
2343,0.001171625,0.0011719999999999999,1,0.44200474419462643,161,PASS
2344,0.0011721249999999998,0.0011724999999999997,1,1.574462037046384,246,PASS
2345,0.0011726249999999998,0.0011729999999999998,1,-0.28280588343316393,106,PASS
2346,0.001173125,0.0011734999999999998,1,0.529016959123622,167,PASS
2347,0.0011736249999999998,0.0011739999999999997,1,-1.6681558356652533,2,PASS
2348,0.0011741249999999998,0.0011744999999999998,1,-0.4907246731281556,91,PASS
2349,0.0011746249999999999,0.0011749999999999998,1,-1.3246887724097616,28,PASS
2350,0.001175125,0.0011755,1,-0.8365506563395799,65,PASS
2351,0.0011756249999999998,0.0011759999999999997,1,-1.615602998575831,6,PASS
2352,0.0011761249999999999,0.0011764999999999998,1,-0.02814183580035201,125,PASS
2353,0.001176625,0.0011769999999999999,1,0.9428074447120613,198,PASS
2354,0.0011771249999999998,0.0011774999999999997,1,0.7877100677759266,187,PASS
2355,0.0011776249999999999,0.0011779999999999998,1,1.6455098440072107,251,PASS
2356,0.001178125,0.0011784999999999999,1,1.3653654255412546,230,PASS
2357,0.0011786249999999998,0.0011789999999999997,1,0.7034609625596719,180,PASS
2358,0.0011791249999999998,0.0011794999999999998,1,0.884772805575228,194,PASS
2359,0.001179625,0.0011799999999999998,1,0.28114686194524907,149,PASS
2360,0.0011801249999999998,0.0011804999999999997,1,-1.6396742084634066,4,PASS
2361,0.0011806249999999998,0.0011809999999999998,1,0.901392000075061,195,PASS
2362,0.0011811249999999999,0.0011814999999999998,1,0.38806120674214584,157,PASS
2363,0.001181625,0.0011819999999999999,1,1.4731135109232836,238,PASS
2364,0.0011821249999999998,0.0011824999999999997,1,-1.0663414723964117,47,PASS
2365,0.0011826249999999999,0.0011829999999999998,1,1.4684722379674195,238,PASS
2366,0.001183125,0.0011834999999999999,1,-1.147070218802384,41,PASS
2367,0.0011836249999999998,0.0011839999999999997,1,-1.4813655825951912,16,PASS
2368,0.0011841249999999998,0.0011844999999999998,1,0.4516283834127124,162,PASS
2369,0.001184625,0.0011849999999999999,1,-0.5978261805576439,82,PASS
2370,0.0011851249999999998,0.0011854999999999997,1,0.11101596012487192,136,PASS
2371,0.0011856249999999998,0.0011859999999999998,1,-0.41735279237491185,96,PASS
2372,0.001186125,0.0011864999999999998,1,-1.0862980477211408,46,PASS
2373,0.001186625,0.001187,1,1.2135312329587509,219,PASS
2374,0.0011871249999999998,0.0011874999999999998,1,1.0283772447387889,205,PASS
2375,0.0011876249999999999,0.0011879999999999998,1,-0.726544294586695,73,PASS
2376,0.001188125,0.0011884999999999999,1,-0.5644186876506059,85,PASS
2377,0.0011886249999999998,0.0011889999999999997,1,0.9034409931489333,196,PASS
2378,0.0011891249999999999,0.0011894999999999998,1,-0.150016208428998,116,PASS
2379,0.001189625,0.0011899999999999999,1,0.6813877126251733,179,PASS
2380,0.0011901249999999998,0.0011904999999999997,1,1.41840750529029,234,PASS
2381,0.0011906249999999998,0.0011909999999999998,1,1.1455910325673935,214,PASS
2382,0.001191125,0.0011914999999999999,1,0.33186334531146344,152,PASS
2383,0.0011916249999999998,0.0011919999999999997,1,0.9791616750790897,201,PASS
2384,0.0011921249999999998,0.0011924999999999998,1,-1.0694880263805686,47,PASS
2385,0.001192625,0.0011929999999999998,1,1.1661849978487113,215,PASS
2386,0.001193125,0.0011935,1,-0.8537947299462332,63,PASS
2387,0.0011936249999999998,0.0011939999999999997,1,-0.2619023596813195,108,PASS
2388,0.0011941249999999999,0.0011944999999999998,1,0.3702659388527205,155,PASS
2389,0.001194625,0.0011949999999999999,1,-0.5965289136847733,83,PASS
2390,0.0011951249999999998,0.0011954999999999997,1,1.11117340817617,211,PASS
2391,0.0011956249999999999,0.0011959999999999998,1,0.3207870905599186,152,PASS
2392,0.001196125,0.0011964999999999999,1,1.5290269027385788,243,PASS
2393,0.0011966249999999998,0.0011969999999999997,1,-0.7515189289145761,71,PASS
2394,0.0011971249999999998,0.0011974999999999998,1,0.6813622448292536,179,PASS
2395,0.001197625,0.0011979999999999998,1,-1.1762275317345834,39,PASS
2396,0.0011981249999999998,0.0011984999999999997,1,-1.1167244579777664,43,PASS
2397,0.0011986249999999998,0.0011989999999999998,1,0.053105970990554585,131,PASS
2398,0.0011991249999999999,0.0011994999999999998,1,1.3630490793229868,230,PASS
2399,0.001199625,0.0012,1,-0.09414481739871228,120,PASS
2400,0.0012001249999999998,0.0012004999999999997,1,0.1969926612617583,142,PASS
2401,0.0012006249999999999,0.0012009999999999998,1,1.5326484769717206,243,PASS
2402,0.001201125,0.0012014999999999999,1,-1.007799139199034,52,PASS
2403,0.0012016249999999998,0.0012019999999999997,1,1.160620979797567,215,PASS
2404,0.0012021249999999999,0.0012024999999999998,1,0.8994585519188243,195,PASS
2405,0.001202625,0.0012029999999999999,1,0.5665457286923046,170,PASS
2406,0.0012031249999999998,0.0012034999999999997,1,-0.4099586183064774,97,PASS
2407,0.0012036249999999998,0.0012039999999999998,1,1.244561033570749,221,PASS
2408,0.001204125,0.0012044999999999998,1,1.5971663043795694,248,PASS
2409,0.0012046249999999997,0.0012049999999999997,1,-0.38982262686480595,98,PASS
2410,0.0012051249999999998,0.0012054999999999998,1,-0.2819882354830274,106,PASS
2411,0.0012056249999999999,0.0012059999999999998,1,0.8026947229663015,188,PASS
2412,0.001206125,0.0012064999999999999,1,0.08327692033772616,134,PASS
2413,0.0012066249999999998,0.0012069999999999997,1,-0.9974856225567603,52,PASS
2414,0.0012071249999999999,0.0012074999999999998,1,1.3260895310363374,227,PASS
2415,0.001207625,0.0012079999999999999,1,0.5971691335124436,172,PASS
2416,0.0012081249999999998,0.0012084999999999997,1,-0.20039998212291454,112,PASS
2417,0.0012086249999999998,0.0012089999999999998,1,-0.29910490568462844,105,PASS
2418,0.001209125,0.0012094999999999999,1,0.4435287672743653,161,PASS
2419,0.0012096249999999998,0.0012099999999999997,1,-0.6491497907839503,79,PASS
2420,0.0012101249999999998,0.0012104999999999998,1,0.405626235108812,158,PASS
2421,0.001210625,0.0012109999999999998,1,-1.3027389856629374,29,PASS
2422,0.0012111249999999997,0.0012114999999999997,1,-0.3691961267023762,100,PASS
2423,0.0012116249999999998,0.0012119999999999998,1,1.046280299064389,206,PASS
2424,0.0012121249999999999,0.0012124999999999998,1,-1.2279073792236157,35,PASS
2425,0.001212625,0.0012129999999999999,1,0.6820182457331787,179,PASS
2426,0.0012131249999999998,0.0012134999999999997,1,0.7275321067159053,182,PASS
2427,0.0012136249999999999,0.0012139999999999998,1,0.8198519726087821,189,PASS
2428,0.001214125,0.0012144999999999999,1,-1.5895544072375454,8,PASS
2429,0.0012146249999999998,0.0012149999999999997,1,1.1098405769953639,211,PASS
2430,0.0012151249999999998,0.0012154999999999998,1,-0.8159962876832995,66,PASS
2431,0.001215625,0.0012159999999999999,1,-1.1099932551863845,44,PASS
2432,0.0012161249999999998,0.0012164999999999997,1,-1.346814975441755,26,PASS
2433,0.0012166249999999998,0.0012169999999999998,1,0.32891809515937465,152,PASS
2434,0.0012171249999999999,0.0012174999999999998,1,0.7404808978481181,183,PASS
2435,0.001217625,0.001218,1,0.46832588400043185,163,PASS
2436,0.0012181249999999998,0.0012184999999999997,1,1.4390179007867332,236,PASS
2437,0.0012186249999999999,0.0012189999999999998,1,-0.3868607439074143,98,PASS
2438,0.001219125,0.0012194999999999999,1,-1.3478839495492974,26,PASS
2439,0.0012196249999999998,0.0012199999999999997,1,-0.7083203603072373,74,PASS
2440,0.0012201249999999999,0.0012204999999999998,1,-1.0283966136475855,50,PASS
2441,0.001220625,0.0012209999999999999,1,0.7510717688990873,184,PASS
2442,0.0012211249999999998,0.0012214999999999997,1,0.9303112857681233,198,PASS
2443,0.0012216249999999998,0.0012219999999999998,1,-0.06732629098493592,122,PASS
2444,0.001222125,0.0012224999999999998,1,-0.8072377676117806,67,PASS
2445,0.0012226249999999998,0.0012229999999999997,1,-0.14965786052872776,116,PASS
2446,0.0012231249999999998,0.0012234999999999998,1,0.5752681965589523,171,PASS
2447,0.0012236249999999999,0.0012239999999999998,1,-1.122067761576627,43,PASS
2448,0.001224125,0.0012245,1,0.08078792564569603,134,PASS
2449,0.0012246249999999998,0.0012249999999999997,1,-0.8945400616175742,60,PASS
2450,0.0012251249999999999,0.0012254999999999998,1,0.9057481429983627,196,PASS
2451,0.001225625,0.0012259999999999999,1,0.08758148899105378,134,PASS
2452,0.0012261249999999998,0.0012264999999999997,1,-0.04601877068590832,124,PASS
2453,0.0012266249999999999,0.0012269999999999998,1,0.05239810626042973,131,PASS
2454,0.001227125,0.0012274999999999999,1,-0.5306591187500878,88,PASS
2455,0.0012276249999999998,0.0012279999999999997,1,1.2048180520362,218,PASS
2456,0.0012281249999999998,0.0012284999999999998,1,-1.624763274149798,5,PASS
2457,0.001228625,0.0012289999999999998,1,-0.7899349759104198,68,PASS
2458,0.0012291249999999997,0.0012294999999999997,1,-0.6363595242491265,80,PASS
2459,0.0012296249999999998,0.0012299999999999998,1,-1.081853757700132,46,PASS
2460,0.0012301249999999999,0.0012304999999999998,1,0.6357058919715588,175,PASS
2461,0.001230625,0.0012309999999999999,1,-1.6124554312966912,6,PASS
2462,0.0012311249999999998,0.0012314999999999997,1,0.3756948891849541,156,PASS
2463,0.0012316249999999999,0.0012319999999999998,1,0.8200447764108361,189,PASS
2464,0.001232125,0.0012324999999999999,1,-0.7616283007184212,70,PASS
2465,0.0012326249999999998,0.0012329999999999997,1,-0.7659536802257937,70,PASS
2466,0.0012331249999999998,0.0012334999999999998,1,-0.14975951699007317,116,PASS
2467,0.001233625,0.0012339999999999999,1,-0.5485966476471507,86,PASS
2468,0.0012341249999999998,0.0012344999999999997,1,-0.783268345095506,69,PASS
2469,0.0012346249999999998,0.0012349999999999998,1,0.4994221691478937,165,PASS
2470,0.001235125,0.0012354999999999998,1,-0.767394820502327,70,PASS
2471,0.0012356249999999997,0.0012359999999999997,1,0.6625375079485905,177,PASS
2472,0.0012361249999999998,0.0012364999999999998,1,-0.4486879805409585,94,PASS
2473,0.0012366249999999999,0.0012369999999999998,1,1.1653218105968464,215,PASS
2474,0.001237125,0.0012374999999999999,1,1.521186117182321,242,PASS
2475,0.0012376249999999998,0.0012379999999999997,1,0.8098751441151768,188,PASS
2476,0.0012381249999999999,0.0012384999999999998,1,-0.507209429862107,89,PASS
2477,0.001238625,0.0012389999999999999,1,0.3474201784463118,154,PASS
2478,0.0012391249999999998,0.0012394999999999997,1,0.9444774790113393,199,PASS
2479,0.0012396249999999998,0.0012399999999999998,1,-0.46995157544256494,92,PASS
2480,0.001240125,0.0012404999999999998,1,0.15456364342058637,139,PASS
2481,0.0012406249999999998,0.0012409999999999997,1,-1.2758440144861498,31,PASS
2482,0.0012411249999999998,0.0012414999999999998,1,-0.04615948099506828,124,PASS
2483,0.0012416249999999999,0.0012419999999999998,1,-0.3003352897301719,105,PASS
2484,0.001242125,0.0012425,1,-0.7580726494122676,70,PASS
2485,0.0012426249999999998,0.0012429999999999997,1,-0.9274432083246944,58,PASS
2486,0.0012431249999999999,0.0012434999999999998,1,-1.2934808455000837,30,PASS
2487,0.001243625,0.0012439999999999999,1,-1.3977817984338992,22,PASS
2488,0.0012441249999999998,0.0012444999999999997,1,-1.6260898499180272,5,PASS
2489,0.0012446249999999999,0.0012449999999999998,1,-1.3166948268391443,28,PASS
2490,0.001245125,0.0012454999999999999,1,1.6106210879915797,249,PASS
2491,0.0012456249999999998,0.0012459999999999997,1,-1.1084461888436639,44,PASS
2492,0.0012461249999999998,0.0012464999999999998,1,-0.37936521884876284,99,PASS
2493,0.001246625,0.0012469999999999998,1,1.6683938987493845,253,PASS
2494,0.0012471249999999998,0.0012474999999999997,1,-0.33100305177515255,103,PASS
2495,0.0012476249999999998,0.0012479999999999998,1,1.2459576134795982,221,PASS
2496,0.0012481249999999999,0.0012484999999999998,1,-0.8033070121879963,67,PASS
2497,0.001248625,0.001249,1,1.5548779795765053,245,PASS
2498,0.0012491249999999998,0.0012494999999999997,1,-0.19292392205097397,113,PASS
2499,0.0012496249999999999,0.0012499999999999998,1,0.5577398813519034,169,PASS
2500,0.001250125,0.0012504999999999999,1,-0.6095495945398028,82,PASS
2501,0.0012506249999999998,0.0012509999999999997,1,-0.9955486074200642,53,PASS
2502,0.0012511249999999999,0.0012514999999999998,1,-1.0270364226272628,50,PASS
2503,0.001251625,0.0012519999999999999,1,-0.8941186315910222,60,PASS
2504,0.0012521249999999998,0.0012524999999999997,1,0.1661418992433219,140,PASS
2505,0.0012526249999999998,0.0012529999999999998,1,0.21552825445817336,144,PASS
2506,0.001253125,0.0012534999999999998,1,0.6738862698908836,178,PASS
2507,0.0012536249999999997,0.0012539999999999997,1,-0.34074548646786695,102,PASS
2508,0.0012541249999999998,0.0012544999999999998,1,-1.239421908398441,34,PASS
2509,0.0012546249999999999,0.0012549999999999998,1,0.41071524843037666,158,PASS
2510,0.001255125,0.0012554999999999999,1,-1.3218170644853233,28,PASS
2511,0.0012556249999999998,0.0012559999999999997,1,1.5097732737130685,241,PASS
2512,0.0012561249999999999,0.0012564999999999998,1,0.8844709703971334,194,PASS
2513,0.001256625,0.0012569999999999999,1,0.2485066834183205,146,PASS
2514,0.0012571249999999998,0.0012574999999999997,1,-1.324386421661876,28,PASS
2515,0.0012576249999999998,0.0012579999999999998,1,-0.09978604536599112,120,PASS
2516,0.001258125,0.0012584999999999999,1,-1.1785916639144793,39,PASS
2517,0.0012586249999999998,0.0012589999999999997,1,1.6315802421959458,250,PASS
2518,0.0012591249999999998,0.0012594999999999998,1,-0.2831481156893356,106,PASS
2519,0.001259625,0.0012599999999999998,1,0.5344553233132563,168,PASS
2520,0.0012601249999999997,0.0012604999999999997,1,-1.3072634293542222,29,PASS
2521,0.0012606249999999998,0.0012609999999999998,1,-0.24296400290640685,109,PASS
2522,0.0012611249999999999,0.0012614999999999998,1,-1.143065759181113,41,PASS
2523,0.001261625,0.0012619999999999999,1,0.2598271983526883,147,PASS
2524,0.0012621249999999998,0.0012624999999999997,1,1.6378057106396902,251,PASS
2525,0.0012626249999999999,0.0012629999999999998,1,-0.21636989201942503,111,PASS
2526,0.001263125,0.0012634999999999999,1,0.7090354894034128,181,PASS
2527,0.0012636249999999998,0.0012639999999999997,1,-1.398197559879251,22,PASS
2528,0.0012641249999999998,0.0012644999999999998,1,-0.8498159060342595,64,PASS
2529,0.001264625,0.0012649999999999998,1,-1.2735358990195595,32,PASS
2530,0.0012651249999999998,0.0012654999999999997,1,-1.0899648801135235,45,PASS
2531,0.0012656249999999998,0.0012659999999999998,1,-1.145566157777636,41,PASS
2532,0.0012661249999999999,0.0012664999999999998,1,0.4941229547514927,165,PASS
2533,0.001266625,0.001267,1,-0.12560525303253578,118,PASS
2534,0.0012671249999999998,0.0012674999999999997,1,0.2653564681883893,147,PASS
2535,0.0012676249999999999,0.0012679999999999998,1,0.38086996670959317,156,PASS
2536,0.001268125,0.0012684999999999999,1,-0.5606020972540235,85,PASS
2537,0.0012686249999999998,0.0012689999999999997,1,1.197782818867817,218,PASS
2538,0.0012691249999999999,0.0012694999999999998,1,0.06866789373093729,133,PASS
2539,0.001269625,0.0012699999999999999,1,1.2731801444920239,223,PASS
2540,0.0012701249999999998,0.0012704999999999997,1,0.9906845499329815,202,PASS
2541,0.0012706249999999998,0.0012709999999999998,1,0.6880157085655385,179,PASS
2542,0.001271125,0.0012714999999999998,1,0.02173232149234483,129,PASS
2543,0.0012716249999999998,0.0012719999999999997,1,1.132790441097763,213,PASS
2544,0.0012721249999999998,0.0012724999999999998,1,0.6219418996495503,174,PASS
2545,0.0012726249999999999,0.0012729999999999998,1,0.837363041372938,191,PASS
2546,0.001273125,0.0012735,1,-1.4886814934448234,15,PASS
2547,0.0012736249999999998,0.0012739999999999997,1,-0.34841465569909547,101,PASS
2548,0.0012741249999999999,0.0012744999999999998,1,0.5331329612001727,168,PASS
2549,0.001274625,0.0012749999999999999,1,-1.4588073335390699,18,PASS
2550,0.0012751249999999998,0.0012754999999999997,1,0.02281729915196573,129,PASS
2551,0.0012756249999999998,0.0012759999999999998,1,0.13567731311639641,138,PASS
2552,0.001276125,0.0012764999999999999,1,-0.8166782038344027,66,PASS
2553,0.0012766249999999998,0.0012769999999999997,1,-0.7066570565045085,74,PASS
2554,0.0012771249999999998,0.0012774999999999998,1,0.777072095852336,186,PASS
2555,0.001277625,0.0012779999999999998,1,-1.4239005695787468,20,PASS
2556,0.0012781249999999997,0.0012784999999999997,1,-1.6646136263129034,2,PASS
2557,0.0012786249999999998,0.0012789999999999998,1,1.4669107750222754,238,PASS
2558,0.0012791249999999999,0.0012794999999999998,1,0.7203545036764953,182,PASS
2559,0.001279625,0.0012799999999999999,1,0.1924740230109554,142,PASS
2560,0.0012801249999999998,0.0012804999999999997,1,0.9258015344729567,197,PASS
2561,0.0012806249999999999,0.0012809999999999998,1,-0.793323039812253,68,PASS
2562,0.001281125,0.0012814999999999999,1,0.6272417048255632,175,PASS
2563,0.0012816249999999998,0.0012819999999999997,1,0.326983438732811,152,PASS
2564,0.0012821249999999998,0.0012824999999999998,1,-0.6821948405118703,76,PASS
2565,0.001282625,0.0012829999999999999,1,-0.7103474481944394,74,PASS
2566,0.0012831249999999998,0.0012834999999999997,1,-0.04899927422971517,124,PASS
2567,0.0012836249999999998,0.0012839999999999998,1,-1.4014923931299577,22,PASS
2568,0.001284125,0.0012844999999999998,1,0.7373046870281132,183,PASS
2569,0.0012846249999999997,0.0012849999999999997,1,1.4098030670647062,234,PASS
2570,0.0012851249999999998,0.0012854999999999998,1,1.3821762106392559,232,PASS
2571,0.0012856249999999999,0.0012859999999999998,1,0.3028056590792534,150,PASS
2572,0.001286125,0.0012864999999999999,1,-0.9789212279046546,54,PASS
2573,0.0012866249999999998,0.0012869999999999997,1,-1.6709582863327779,2,PASS
2574,0.0012871249999999999,0.0012874999999999998,1,0.14969695225285506,139,PASS
2575,0.001287625,0.0012879999999999999,1,-0.8579229870154654,63,PASS
2576,0.0012881249999999998,0.0012884999999999997,1,-0.7176797239600008,73,PASS
2577,0.0012886249999999998,0.0012889999999999998,1,0.5613844128745511,170,PASS
2578,0.001289125,0.0012894999999999998,1,-1.28210974339436,31,PASS
2579,0.0012896249999999998,0.0012899999999999997,1,0.34624916102749626,154,PASS
2580,0.0012901249999999998,0.0012904999999999998,1,0.8374666629450822,191,PASS
2581,0.0012906249999999999,0.0012909999999999998,1,-1.5828950108998245,8,PASS
2582,0.001291125,0.0012915,1,0.20590241047779134,143,PASS
2583,0.0012916249999999998,0.0012919999999999997,1,0.7534460545583335,184,PASS
2584,0.0012921249999999999,0.0012924999999999998,1,-0.2272275574247653,110,PASS
2585,0.001292625,0.0012929999999999999,1,-0.674968832201545,77,PASS
2586,0.0012931249999999998,0.0012934999999999997,1,-1.1679213752677182,40,PASS
2587,0.0012936249999999999,0.0012939999999999998,1,1.548348016137804,244,PASS
2588,0.001294125,0.0012944999999999999,1,-0.31525938291459243,104,PASS
2589,0.0012946249999999998,0.0012949999999999997,1,-1.0359825682639965,49,PASS
2590,0.0012951249999999998,0.0012954999999999998,1,-1.5272759459044083,13,PASS
2591,0.001295625,0.0012959999999999998,1,-0.9025588871864534,60,PASS
2592,0.0012961249999999998,0.0012964999999999997,1,1.1166344709415175,212,PASS
2593,0.0012966249999999998,0.0012969999999999998,1,-1.0701905675907906,47,PASS
2594,0.0012971249999999999,0.0012974999999999998,1,0.5804937149496354,171,PASS
2595,0.001297625,0.001298,1,1.4164405655943277,234,PASS
2596,0.0012981249999999998,0.0012984999999999997,1,-0.39239528753998854,98,PASS
2597,0.0012986249999999999,0.0012989999999999998,1,0.10258123904636474,135,PASS
2598,0.001299125,0.0012994999999999999,1,-1.1718068362738467,39,PASS
2599,0.0012996249999999998,0.0012999999999999997,1,-0.9242246469052754,58,PASS
2600,0.0013001249999999998,0.0013004999999999998,1,-0.3855241117800916,98,PASS
2601,0.001300625,0.0013009999999999999,1,0.6216884432195775,174,PASS
2602,0.0013011249999999998,0.0013014999999999997,1,-0.05006523842339794,124,PASS
2603,0.0013016249999999998,0.0013019999999999998,1,1.1881157469626664,217,PASS
2604,0.001302125,0.0013024999999999998,1,0.8424105331455414,191,PASS
2605,0.0013026249999999997,0.0013029999999999997,1,0.23081325180901135,145,PASS
2606,0.0013031249999999998,0.0013034999999999998,1,-0.22484952969723415,111,PASS
2607,0.0013036249999999999,0.0013039999999999998,1,0.2006986898073495,143,PASS
2608,0.001304125,0.0013044999999999999,1,-0.22346155846306992,111,PASS
2609,0.0013046249999999998,0.0013049999999999997,1,-0.11083914062480149,119,PASS
2610,0.0013051249999999999,0.0013054999999999998,1,-0.6643261384324304,77,PASS
2611,0.001305625,0.0013059999999999999,1,-1.1183618092864214,43,PASS
2612,0.0013061249999999998,0.0013064999999999997,1,1.5784570169388707,246,PASS
2613,0.0013066249999999998,0.0013069999999999998,1,-1.5391906207882526,12,PASS
2614,0.001307125,0.0013074999999999999,1,-1.5276071170034928,12,PASS
2615,0.0013076249999999998,0.0013079999999999997,1,-1.3282577282866872,27,PASS
2616,0.0013081249999999998,0.0013084999999999998,1,-0.34115460333639014,102,PASS
2617,0.001308625,0.0013089999999999998,1,0.032575647728447565,130,PASS
2618,0.0013091249999999997,0.0013094999999999997,1,-0.6615725707953648,78,PASS
2619,0.0013096249999999998,0.0013099999999999997,1,0.8285962025850073,190,PASS
2620,0.0013101249999999999,0.0013104999999999998,1,-0.4754718381743386,92,PASS
2621,0.001310625,0.0013109999999999999,1,-1.2823859410091223,31,PASS
2622,0.0013111249999999998,0.0013114999999999997,1,-0.24354798592856097,109,PASS
2623,0.0013116249999999999,0.0013119999999999998,1,-0.18892075703066102,113,PASS
2624,0.001312125,0.0013124999999999999,1,0.030760249352526525,130,PASS
2625,0.0013126249999999998,0.0013129999999999997,1,-0.6873510487724237,76,PASS
2626,0.0013131249999999998,0.0013134999999999998,1,-0.2988348958016489,105,PASS
2627,0.001313625,0.0013139999999999998,1,-0.5175492324173494,89,PASS
2628,0.0013141249999999998,0.0013144999999999997,1,-1.0838660366802526,46,PASS
2629,0.0013146249999999998,0.0013149999999999998,1,-0.4863210344571498,91,PASS
2630,0.0013151249999999999,0.0013154999999999998,1,0.49148101298159674,165,PASS
2631,0.001315625,0.001316,1,1.6183671631455974,249,PASS
2632,0.0013161249999999998,0.0013164999999999997,1,-0.0249930110149863,126,PASS
2633,0.0013166249999999999,0.0013169999999999998,1,-0.04381310388184745,124,PASS
2634,0.001317125,0.0013174999999999999,1,-0.7527470800813463,71,PASS
2635,0.0013176249999999998,0.0013179999999999997,1,-0.3379789685394521,102,PASS
2636,0.0013181249999999999,0.0013184999999999998,1,1.3509902276657388,229,PASS
2637,0.001318625,0.0013189999999999999,1,-1.0227089908365166,50,PASS
2638,0.0013191249999999998,0.0013194999999999997,1,-0.11728473039663578,119,PASS
2639,0.0013196249999999998,0.0013199999999999998,1,1.5111902325400977,241,PASS
2640,0.001320125,0.0013204999999999998,1,0.6950144892925441,180,PASS
2641,0.0013206249999999998,0.0013209999999999997,1,0.3740514940810933,156,PASS
2642,0.0013211249999999998,0.0013214999999999998,1,0.15479910342688497,139,PASS
2643,0.0013216249999999999,0.0013219999999999998,1,-1.6462158769401216,4,PASS
2644,0.001322125,0.0013224999999999999,1,0.19814708965254657,142,PASS
2645,0.0013226249999999998,0.0013229999999999997,1,-0.5060094152384969,89,PASS
2646,0.0013231249999999999,0.0013234999999999998,1,-1.1895301433576275,38,PASS
2647,0.001323625,0.0013239999999999999,1,-0.3176106047939502,104,PASS
2648,0.0013241249999999998,0.0013244999999999997,1,-0.04767435158104938,124,PASS
2649,0.0013246249999999998,0.0013249999999999998,1,0.7424227192093638,183,PASS
2650,0.001325125,0.0013254999999999999,1,0.34368323233639475,153,PASS
2651,0.0013256249999999998,0.0013259999999999997,1,-0.8699712583357155,62,PASS
2652,0.0013261249999999998,0.0013264999999999998,1,0.34103984250309494,153,PASS
2653,0.001326625,0.0013269999999999998,1,-0.032948657991638486,125,PASS
2654,0.0013271249999999997,0.0013274999999999997,1,-0.2993713333449386,105,PASS
2655,0.0013276249999999998,0.0013279999999999998,1,0.3996706860076713,158,PASS
2656,0.0013281249999999999,0.0013284999999999998,1,-0.17565552053848776,114,PASS
2657,0.001328625,0.0013289999999999999,1,0.5393963413572787,168,PASS
2658,0.0013291249999999998,0.0013294999999999997,1,1.449738382578052,237,PASS
2659,0.0013296249999999999,0.0013299999999999998,1,0.1847836616016707,141,PASS
2660,0.001330125,0.0013304999999999999,1,0.46426951334726385,162,PASS
2661,0.0013306249999999998,0.0013309999999999997,1,-0.749063537492696,71,PASS
2662,0.0013311249999999998,0.0013314999999999998,1,-0.5673495424380219,85,PASS
2663,0.001331625,0.0013319999999999999,1,-1.285393422852292,31,PASS
2664,0.0013321249999999998,0.0013324999999999997,1,0.3808262677486509,156,PASS
2665,0.0013326249999999998,0.0013329999999999998,1,-0.6890279307959557,76,PASS
2666,0.001333125,0.0013334999999999998,1,-0.9395253863662548,57,PASS
2667,0.0013336249999999997,0.0013339999999999997,1,1.5285091771761297,243,PASS
2668,0.0013341249999999998,0.0013344999999999997,1,-0.5182356790253924,88,PASS
2669,0.0013346249999999999,0.0013349999999999998,1,-0.830911127458626,65,PASS
2670,0.001335125,0.0013354999999999999,1,-0.7558330976967744,71,PASS
2671,0.0013356249999999998,0.0013359999999999997,1,0.47629490699616794,163,PASS
2672,0.0013361249999999999,0.0013364999999999998,1,0.043729254199754264,131,PASS
2673,0.001336625,0.0013369999999999999,1,0.23956747501082654,146,PASS
2674,0.0013371249999999998,0.0013374999999999997,1,-0.6162432587434195,81,PASS
2675,0.0013376249999999998,0.0013379999999999998,1,1.5319013987633243,243,PASS
2676,0.001338125,0.0013384999999999998,1,-0.5980247154615099,82,PASS
2677,0.0013386249999999998,0.0013389999999999997,1,-1.4407663532858537,19,PASS
2678,0.0013391249999999998,0.0013394999999999998,1,0.338065844009259,153,PASS
2679,0.0013396249999999999,0.0013399999999999998,1,1.4261943855963353,235,PASS
2680,0.001340125,0.0013405,1,-1.060514941488662,48,PASS
2681,0.0013406249999999998,0.0013409999999999997,1,-1.173175742126228,39,PASS
2682,0.0013411249999999999,0.0013414999999999998,1,-1.6399865667278748,4,PASS
2683,0.001341625,0.0013419999999999999,1,1.3365070619156965,228,PASS
2684,0.0013421249999999998,0.0013424999999999997,1,0.1158990132451625,136,PASS
2685,0.0013426249999999999,0.0013429999999999998,1,0.8724467019800535,193,PASS
2686,0.001343125,0.0013434999999999999,1,1.6740102659330633,254,PASS
2687,0.0013436249999999998,0.0013439999999999997,1,0.983319005655187,202,PASS
2688,0.0013441249999999998,0.0013444999999999998,1,0.46149843035069016,162,PASS
2689,0.001344625,0.0013449999999999998,1,-0.7296312821439028,73,PASS
2690,0.0013451249999999997,0.0013454999999999997,1,-1.425011374128899,20,PASS
2691,0.0013456249999999998,0.0013459999999999998,1,-0.6312549926726696,80,PASS
2692,0.0013461249999999999,0.0013464999999999998,1,-1.5813351781256488,8,PASS
2693,0.001346625,0.0013469999999999999,1,1.1818403684717265,216,PASS
2694,0.0013471249999999998,0.0013474999999999997,1,0.8617441532685757,192,PASS
2695,0.0013476249999999999,0.0013479999999999998,1,0.5955285984051211,172,PASS
2696,0.001348125,0.0013484999999999999,1,0.23895958245771287,145,PASS
2697,0.0013486249999999998,0.0013489999999999997,1,0.4167539437447123,159,PASS
2698,0.0013491249999999998,0.0013494999999999998,1,-0.052897729238589264,124,PASS
2699,0.001349625,0.0013499999999999999,1,-1.4646110948493807,17,PASS
2700,0.0013501249999999998,0.0013504999999999997,1,1.6548637133928306,252,PASS
2701,0.0013506249999999998,0.0013509999999999998,1,-1.0573709585676587,48,PASS
2702,0.001351125,0.0013514999999999998,1,-1.5501345015147177,11,PASS
2703,0.0013516249999999997,0.0013519999999999997,1,0.05233042301924695,131,PASS
2704,0.0013521249999999998,0.0013524999999999998,1,-1.296716269380298,30,PASS
2705,0.0013526249999999999,0.0013529999999999998,1,-0.4146389922501166,96,PASS
2706,0.001353125,0.0013534999999999999,1,1.1267881655265592,212,PASS
2707,0.0013536249999999998,0.0013539999999999997,1,-0.27624100788276307,107,PASS
2708,0.0013541249999999999,0.0013544999999999998,1,-0.8532700341050435,63,PASS
2709,0.001354625,0.0013549999999999999,1,0.07942714165485842,133,PASS
2710,0.0013551249999999998,0.0013554999999999997,1,-1.0723721803452713,47,PASS
2711,0.0013556249999999998,0.0013559999999999998,1,-0.524815002900858,88,PASS
2712,0.001356125,0.0013564999999999998,1,1.554345311327893,245,PASS
2713,0.0013566249999999998,0.0013569999999999997,1,-0.9344741711576309,57,PASS
2714,0.0013571249999999998,0.0013574999999999998,1,1.062661973797027,208,PASS
2715,0.0013576249999999999,0.0013579999999999998,1,1.4334075618363127,235,PASS
2716,0.0013581249999999997,0.0013584999999999997,1,1.6812733746224227,254,PASS
2717,0.0013586249999999998,0.0013589999999999997,1,-1.6979744860890398,0,PASS
2718,0.0013591249999999999,0.0013594999999999998,1,-1.6882937697787417,0,PASS
2719,0.001359625,0.0013599999999999999,1,-1.2371593706264865,34,PASS
2720,0.0013601249999999998,0.0013604999999999997,1,0.3375343179495218,153,PASS
2721,0.0013606249999999999,0.0013609999999999998,1,0.0976835660085471,135,PASS
2722,0.001361125,0.0013614999999999999,1,1.1664063852352158,215,PASS
2723,0.0013616249999999998,0.0013619999999999997,1,-1.4815835885802158,16,PASS
2724,0.0013621249999999998,0.0013624999999999998,1,-0.1505735181565555,116,PASS
2725,0.001362625,0.0013629999999999998,1,0.9839178870509009,202,PASS
2726,0.0013631249999999998,0.0013634999999999997,1,0.49186920491701414,165,PASS
2727,0.0013636249999999998,0.0013639999999999998,1,-0.5369145028389795,87,PASS
2728,0.0013641249999999999,0.0013644999999999998,1,-1.0163765380524779,51,PASS
2729,0.001364625,0.001365,1,-0.29684060538000945,105,PASS
2730,0.0013651249999999998,0.0013654999999999997,1,-1.1727933984118961,39,PASS
2731,0.0013656249999999999,0.0013659999999999998,1,-1.1384576764739285,42,PASS
2732,0.001366125,0.0013664999999999999,1,1.0887692264761368,209,PASS
2733,0.0013666249999999998,0.0013669999999999997,1,-1.5036855462765146,14,PASS
2734,0.0013671249999999999,0.0013674999999999998,1,1.169315627798255,216,PASS
2735,0.001367625,0.0013679999999999999,1,-1.231179807156556,35,PASS
2736,0.0013681249999999998,0.0013684999999999997,1,-1.1288927411009484,43,PASS
2737,0.0013686249999999998,0.0013689999999999998,1,-1.3826524976497323,23,PASS
2738,0.001369125,0.0013694999999999998,1,-0.590093512518516,83,PASS
2739,0.0013696249999999997,0.0013699999999999997,1,0.17062057666142794,140,PASS
2740,0.0013701249999999998,0.0013704999999999998,1,-0.2038667183264049,112,PASS
2741,0.0013706249999999999,0.0013709999999999998,1,1.290476032287253,225,PASS
2742,0.001371125,0.0013714999999999999,1,0.46789344798146604,163,PASS
2743,0.0013716249999999998,0.0013719999999999997,1,-0.49719290256365833,90,PASS
2744,0.0013721249999999999,0.0013724999999999998,1,-0.19163594296636144,113,PASS
2745,0.001372625,0.0013729999999999999,1,-0.9532425317132368,56,PASS
2746,0.0013731249999999998,0.0013734999999999997,1,0.6767563479842649,178,PASS
2747,0.0013736249999999998,0.0013739999999999998,1,0.09204889383410841,134,PASS
2748,0.001374125,0.0013744999999999999,1,0.4392868483255399,161,PASS
2749,0.0013746249999999998,0.0013749999999999997,1,-1.5937575059587687,7,PASS
2750,0.0013751249999999998,0.0013754999999999998,1,1.2731212060117139,223,PASS
2751,0.001375625,0.0013759999999999998,1,1.3366995877943004,228,PASS
2752,0.0013761249999999997,0.0013764999999999997,1,0.7586801573682165,185,PASS
2753,0.0013766249999999998,0.0013769999999999998,1,-1.413817095720717,21,PASS
2754,0.0013771249999999999,0.0013774999999999998,1,-0.5204215582880465,88,PASS
2755,0.001377625,0.0013779999999999999,1,-0.7667686870878488,70,PASS
2756,0.0013781249999999998,0.0013784999999999997,1,-0.2629218629508496,108,PASS
2757,0.0013786249999999999,0.0013789999999999998,1,-1.3528693372182685,26,PASS
2758,0.001379125,0.0013794999999999999,1,-0.9233400112352582,58,PASS
2759,0.0013796249999999998,0.0013799999999999997,1,-0.1785587445651955,114,PASS
2760,0.0013801249999999998,0.0013804999999999998,1,1.245154266438347,221,PASS
2761,0.001380625,0.0013809999999999998,1,1.1454316126797723,214,PASS
2762,0.0013811249999999998,0.0013814999999999997,1,0.5171320208730961,166,PASS
2763,0.0013816249999999998,0.0013819999999999998,1,-1.624655043842407,5,PASS
2764,0.0013821249999999999,0.0013824999999999998,1,-0.0074692004390910505,127,PASS
2765,0.0013826249999999997,0.0013829999999999997,1,1.4656480751326535,238,PASS
2766,0.0013831249999999998,0.0013834999999999997,1,-0.8644321414933861,62,PASS
2767,0.0013836249999999999,0.0013839999999999998,1,-1.582388198228677,8,PASS
2768,0.001384125,0.0013844999999999999,1,-0.5816241195127301,84,PASS
2769,0.0013846249999999998,0.0013849999999999997,1,-0.1943331737852121,113,PASS
2770,0.0013851249999999999,0.0013854999999999998,1,1.5583367332730187,245,PASS
2771,0.001385625,0.0013859999999999999,1,1.6545614192542397,252,PASS
2772,0.0013861249999999998,0.0013864999999999997,1,-1.417079534182212,21,PASS
2773,0.0013866249999999998,0.0013869999999999998,1,0.423834563971931,159,PASS
2774,0.001387125,0.0013874999999999998,1,-0.3434010791387221,102,PASS
2775,0.0013876249999999998,0.0013879999999999997,1,0.6893648991804204,179,PASS
2776,0.0013881249999999998,0.0013884999999999998,1,1.3590884787407866,230,PASS
2777,0.0013886249999999999,0.0013889999999999998,1,0.8624556161021408,192,PASS
2778,0.001389125,0.0013895,1,-0.15633851047432867,116,PASS
2779,0.0013896249999999998,0.0013899999999999997,1,-1.5731769577346835,9,PASS
2780,0.0013901249999999999,0.0013904999999999998,1,1.4461577416259168,236,PASS
2781,0.001390625,0.0013909999999999999,1,1.4782260914175216,239,PASS
2782,0.0013911249999999998,0.0013914999999999997,1,0.4822654038044025,164,PASS
2783,0.0013916249999999998,0.0013919999999999998,1,1.3112780648925935,226,PASS
2784,0.001392125,0.0013924999999999999,1,-0.5775362950442415,84,PASS
2785,0.0013926249999999998,0.0013929999999999997,1,-0.5128146921619352,89,PASS
2786,0.0013931249999999998,0.0013934999999999998,1,1.5855041300858141,247,PASS
2787,0.001393625,0.0013939999999999998,1,-0.5574056553228868,86,PASS
2788,0.0013941249999999997,0.0013944999999999997,1,-0.15584173954452085,116,PASS
2789,0.0013946249999999998,0.0013949999999999998,1,-0.5943802139704883,83,PASS
2790,0.0013951249999999999,0.0013954999999999998,1,-0.9657441953685635,55,PASS
2791,0.001395625,0.0013959999999999999,1,-0.2144862096003075,111,PASS
2792,0.0013961249999999998,0.0013964999999999997,1,0.8601256318768387,192,PASS
2793,0.0013966249999999999,0.0013969999999999998,1,0.8103413623091893,189,PASS
2794,0.001397125,0.0013974999999999999,1,-1.539633122147936,12,PASS
2795,0.0013976249999999998,0.0013979999999999997,1,-0.5868426953594927,83,PASS
2796,0.0013981249999999998,0.0013984999999999998,1,1.044537182544299,206,PASS
2797,0.001398625,0.0013989999999999999,1,1.1270096351893415,212,PASS
2798,0.0013991249999999998,0.0013994999999999997,1,-0.5889708926904451,83,PASS
2799,0.0013996249999999998,0.0013999999999999998,1,1.0205493217898727,204,PASS
2800,0.001400125,0.0014004999999999998,1,0.7526306913576726,184,PASS
2801,0.0014006249999999997,0.0014009999999999997,1,-0.5121463395609513,89,PASS
2802,0.0014011249999999998,0.0014014999999999998,1,0.11106081273666102,136,PASS
2803,0.0014016249999999999,0.0014019999999999998,1,-1.1133546008916286,44,PASS
2804,0.001402125,0.0014024999999999999,1,-1.599620017920744,7,PASS
2805,0.0014026249999999998,0.0014029999999999997,1,-0.9457368868564433,56,PASS
2806,0.0014031249999999999,0.0014034999999999998,1,0.25514057101286136,147,PASS
2807,0.001403625,0.0014039999999999999,1,0.9450293509339056,199,PASS
2808,0.0014041249999999998,0.0014044999999999997,1,1.4051200905795225,233,PASS
2809,0.0014046249999999998,0.0014049999999999998,1,1.3288084931806028,228,PASS
2810,0.001405125,0.0014054999999999998,1,-1.5415774499843096,11,PASS
2811,0.0014056249999999998,0.0014059999999999997,1,1.2235762362551135,220,PASS
2812,0.0014061249999999998,0.0014064999999999998,1,-1.3450355617274603,26,PASS
2813,0.0014066249999999999,0.0014069999999999998,1,-1.4176564982175228,21,PASS
2814,0.0014071249999999997,0.0014074999999999997,1,-0.6390287928943696,79,PASS
2815,0.0014076249999999998,0.0014079999999999997,1,-0.7086112253475654,74,PASS
2816,0.0014081249999999999,0.0014084999999999998,1,1.1724413089335337,216,PASS
2817,0.001408625,0.0014089999999999999,1,-0.39779374314421334,98,PASS
2818,0.0014091249999999998,0.0014094999999999997,1,-0.7078048558228066,74,PASS
2819,0.0014096249999999999,0.0014099999999999998,1,0.13139058978274964,137,PASS
2820,0.001410125,0.0014104999999999999,1,1.5067622745950937,241,PASS
2821,0.0014106249999999998,0.0014109999999999997,1,-0.742052793664594,72,PASS
2822,0.0014111249999999998,0.0014114999999999998,1,1.1128827183158514,211,PASS
2823,0.001411625,0.0014119999999999998,1,0.7769453944336411,186,PASS
2824,0.0014121249999999998,0.0014124999999999997,1,-0.10504254675482994,120,PASS
2825,0.0014126249999999998,0.0014129999999999998,1,0.8327182642781865,190,PASS
2826,0.0014131249999999999,0.0014134999999999998,1,-0.00969350798662827,127,PASS
2827,0.001413625,0.001414,1,0.6859347656249584,179,PASS
2828,0.0014141249999999998,0.0014144999999999997,1,-0.4998416418355178,90,PASS
2829,0.0014146249999999999,0.0014149999999999998,1,-0.08468313528771465,121,PASS
2830,0.001415125,0.0014154999999999999,1,-0.9840520959941607,53,PASS
2831,0.0014156249999999998,0.0014159999999999997,1,-0.6279977537751273,80,PASS
2832,0.0014161249999999998,0.0014164999999999998,1,1.6758453688246562,254,PASS
2833,0.001416625,0.0014169999999999999,1,0.3299876398010395,152,PASS
2834,0.0014171249999999998,0.0014174999999999997,1,0.4318303774662826,160,PASS
2835,0.0014176249999999998,0.0014179999999999998,1,-0.5911813102323338,83,PASS
2836,0.001418125,0.0014184999999999998,1,0.38806779624364496,157,PASS
2837,0.0014186249999999997,0.0014189999999999997,1,-0.8255091311894373,65,PASS
2838,0.0014191249999999998,0.0014194999999999998,1,-0.4272092462156192,95,PASS
2839,0.0014196249999999999,0.0014199999999999998,1,1.628670363636733,250,PASS
2840,0.001420125,0.0014204999999999999,1,0.9026028400863921,195,PASS
2841,0.0014206249999999998,0.0014209999999999997,1,-0.23144873312036918,110,PASS
2842,0.0014211249999999999,0.0014214999999999998,1,0.2026286611196515,143,PASS
2843,0.001421625,0.0014219999999999999,1,-0.6454790501000962,79,PASS
2844,0.0014221249999999998,0.0014224999999999997,1,0.6918982441093322,180,PASS
2845,0.0014226249999999998,0.0014229999999999998,1,-0.7072696236867508,74,PASS
2846,0.001423125,0.0014234999999999999,1,1.1635793072004728,215,PASS
2847,0.0014236249999999998,0.0014239999999999997,1,1.5176381393389635,242,PASS
2848,0.0014241249999999998,0.0014244999999999998,1,0.5764491283867972,171,PASS
2849,0.001424625,0.0014249999999999998,1,-1.016033573221351,51,PASS
2850,0.0014251249999999997,0.0014254999999999997,1,-0.21214527479417455,112,PASS
2851,0.0014256249999999998,0.0014259999999999998,1,-0.7172528817326714,73,PASS
2852,0.0014261249999999999,0.0014264999999999998,1,-0.4494385698816641,94,PASS
2853,0.001426625,0.0014269999999999999,1,-1.1486775207071087,41,PASS
2854,0.0014271249999999998,0.0014274999999999997,1,0.35577751335904106,154,PASS
2855,0.0014276249999999999,0.0014279999999999998,1,-0.596785727830702,83,PASS
2856,0.001428125,0.0014284999999999999,1,-1.134708971540638,42,PASS
2857,0.0014286249999999998,0.0014289999999999997,1,1.4929591031476865,240,PASS
2858,0.0014291249999999998,0.0014294999999999998,1,-1.600481088232929,7,PASS
2859,0.001429625,0.0014299999999999998,1,1.6950990557574601,255,PASS
2860,0.0014301249999999998,0.0014304999999999997,1,-1.3464733315814985,26,PASS
2861,0.0014306249999999998,0.0014309999999999998,1,-0.19117530904368296,113,PASS
2862,0.0014311249999999999,0.0014314999999999998,1,-0.04853076680867341,124,PASS
2863,0.0014316249999999997,0.0014319999999999997,1,0.8203528545250094,189,PASS
2864,0.0014321249999999998,0.0014324999999999997,1,1.4092443768854965,234,PASS
2865,0.0014326249999999999,0.0014329999999999998,1,-0.38908840389804444,98,PASS
2866,0.001433125,0.0014334999999999999,1,0.6998096210831626,180,PASS
2867,0.0014336249999999998,0.0014339999999999997,1,-1.6157132012741267,6,PASS
2868,0.0014341249999999999,0.0014344999999999998,1,-1.6171192100794987,6,PASS
2869,0.001434625,0.0014349999999999999,1,-0.5580783287982687,85,PASS
2870,0.0014351249999999998,0.0014354999999999997,1,-0.3893996054179094,98,PASS
2871,0.0014356249999999998,0.0014359999999999998,1,-0.3892663691039888,98,PASS
2872,0.001436125,0.0014364999999999998,1,-0.27275898508186525,107,PASS
2873,0.0014366249999999998,0.0014369999999999997,1,0.4112228285598347,158,PASS
2874,0.0014371249999999998,0.0014374999999999998,1,-0.9615369026748183,55,PASS
2875,0.0014376249999999999,0.0014379999999999998,1,-0.40782925359783584,97,PASS
2876,0.001438125,0.0014385,1,-0.5725022361374159,84,PASS
2877,0.0014386249999999998,0.0014389999999999997,1,1.6748505432492384,254,PASS
2878,0.0014391249999999999,0.0014394999999999998,1,-1.1256556266816817,43,PASS
2879,0.001439625,0.0014399999999999999,1,-1.5221462428676642,13,PASS
2880,0.0014401249999999998,0.0014404999999999997,1,-1.062699055097858,47,PASS
2881,0.0014406249999999998,0.0014409999999999998,1,0.7633990489300924,185,PASS
2882,0.001441125,0.0014414999999999999,1,-1.1261753310555647,43,PASS
2883,0.0014416249999999998,0.0014419999999999997,1,0.30529730781965614,150,PASS
2884,0.0014421249999999998,0.0014424999999999998,1,0.6061530607304573,173,PASS
2885,0.001442625,0.0014429999999999998,1,-0.7591374997518333,70,PASS
2886,0.0014431249999999997,0.0014434999999999997,1,1.103944796216956,211,PASS
2887,0.0014436249999999998,0.0014439999999999998,1,1.5272151935618414,242,PASS
2888,0.0014441249999999999,0.0014444999999999998,1,-0.8299880565477892,65,PASS
2889,0.001444625,0.0014449999999999999,1,-0.5329511697464191,87,PASS
2890,0.0014451249999999998,0.0014454999999999997,1,0.1578678008968013,139,PASS
2891,0.0014456249999999999,0.0014459999999999998,1,-0.5640318399594149,85,PASS
2892,0.001446125,0.0014464999999999999,1,1.2729591366678907,223,PASS
2893,0.0014466249999999998,0.0014469999999999997,1,1.6625351938966035,253,PASS
2894,0.0014471249999999998,0.0014474999999999998,1,-0.09189671999741811,121,PASS
2895,0.001447625,0.0014479999999999999,1,0.642304776812723,176,PASS
2896,0.0014481249999999998,0.0014484999999999997,1,-1.513755712843966,14,PASS
2897,0.0014486249999999998,0.0014489999999999998,1,0.6376053195175955,176,PASS
2898,0.001449125,0.0014494999999999998,1,-1.0762640236323513,46,PASS
2899,0.0014496249999999997,0.0014499999999999997,1,-0.29752931990614506,105,PASS
2900,0.0014501249999999998,0.0014504999999999997,1,1.6956858017879777,255,PASS
2901,0.0014506249999999999,0.0014509999999999998,1,-1.0350478039936952,50,PASS
2902,0.001451125,0.0014514999999999999,1,1.0705776146152723,208,PASS
2903,0.0014516249999999998,0.0014519999999999997,1,-1.4750389600987135,16,PASS
2904,0.0014521249999999999,0.0014524999999999998,1,1.1571699811237377,215,PASS
2905,0.001452625,0.0014529999999999999,1,-1.3881996003494677,23,PASS
2906,0.0014531249999999998,0.0014534999999999997,1,-1.6646842609430232,2,PASS
2907,0.0014536249999999998,0.0014539999999999998,1,-1.3811600255498635,24,PASS
2908,0.001454125,0.0014544999999999998,1,0.7448308370170766,184,PASS
2909,0.0014546249999999998,0.0014549999999999997,1,-0.4962324750293987,90,PASS
2910,0.0014551249999999998,0.0014554999999999998,1,-1.1718609479107236,39,PASS
2911,0.0014556249999999999,0.0014559999999999998,1,0.8484852808093437,191,PASS
2912,0.0014561249999999997,0.0014564999999999997,1,0.5396739980673912,168,PASS
2913,0.0014566249999999998,0.0014569999999999997,1,-1.389128440252978,23,PASS
2914,0.0014571249999999999,0.0014574999999999998,1,0.26520877332130954,147,PASS
2915,0.001457625,0.0014579999999999999,1,-0.10279222790179632,120,PASS
2916,0.0014581249999999998,0.0014584999999999997,1,1.2982643813586983,225,PASS
2917,0.0014586249999999999,0.0014589999999999998,1,1.2656135459222015,223,PASS
2918,0.001459125,0.0014594999999999999,1,-0.24991467266693523,109,PASS
2919,0.0014596249999999998,0.0014599999999999997,1,0.184480948908615,141,PASS
2920,0.0014601249999999998,0.0014604999999999998,1,-0.3398951015208791,102,PASS
2921,0.001460625,0.0014609999999999998,1,-0.9782869675618353,54,PASS
2922,0.0014611249999999998,0.0014614999999999997,1,0.7295800338063525,182,PASS
2923,0.0014616249999999998,0.0014619999999999998,1,0.6086347328829647,173,PASS
2924,0.0014621249999999999,0.0014624999999999998,1,-1.3964904713895367,22,PASS
2925,0.001462625,0.0014629999999999999,1,1.0672775556823664,208,PASS
2926,0.0014631249999999998,0.0014634999999999997,1,1.4062508128583817,233,PASS
2927,0.0014636249999999999,0.0014639999999999998,1,-0.30221323987328463,105,PASS
2928,0.001464125,0.0014644999999999999,1,-0.6204537852081766,81,PASS
2929,0.0014646249999999998,0.0014649999999999997,1,-0.9738404299780303,54,PASS
2930,0.0014651249999999998,0.0014654999999999998,1,0.9796598534916094,201,PASS
2931,0.001465625,0.0014659999999999999,1,-1.0331107609178747,50,PASS
2932,0.0014661249999999998,0.0014664999999999997,1,1.2039410103261214,218,PASS
2933,0.0014666249999999998,0.0014669999999999998,1,-0.5544589473123929,86,PASS
2934,0.001467125,0.0014674999999999998,1,-1.0226998959714173,50,PASS
2935,0.0014676249999999997,0.0014679999999999997,1,1.6883578777376516,255,PASS
2936,0.0014681249999999998,0.0014684999999999998,1,1.215389442541747,219,PASS
2937,0.0014686249999999999,0.0014689999999999998,1,-0.503938672423387,90,PASS
2938,0.001469125,0.0014694999999999999,1,-0.9234549846525718,58,PASS
2939,0.0014696249999999998,0.0014699999999999997,1,0.6170044725113064,174,PASS
2940,0.0014701249999999999,0.0014704999999999998,1,0.3656865313951838,155,PASS
2941,0.001470625,0.0014709999999999999,1,1.120605678299807,212,PASS
2942,0.0014711249999999998,0.0014714999999999997,1,0.38014164401121353,156,PASS
2943,0.0014716249999999998,0.0014719999999999998,1,-0.3148312520482308,104,PASS
2944,0.001472125,0.0014724999999999999,1,-0.2561527247203439,108,PASS
2945,0.0014726249999999998,0.0014729999999999997,1,-0.6597699698625352,78,PASS
2946,0.0014731249999999998,0.0014734999999999998,1,-0.9516035842501774,56,PASS
2947,0.0014736249999999999,0.0014739999999999998,1,-0.5168832135080534,89,PASS
2948,0.0014741249999999997,0.0014744999999999997,1,0.63896613210909,176,PASS
2949,0.0014746249999999998,0.0014749999999999997,1,1.687484100165819,255,PASS
2950,0.0014751249999999999,0.0014754999999999998,1,1.275909466062526,224,PASS
2951,0.001475625,0.0014759999999999999,1,-0.9991465003921743,52,PASS
2952,0.0014761249999999998,0.0014764999999999997,1,0.9773487225624626,201,PASS
2953,0.0014766249999999999,0.0014769999999999998,1,-1.263903410316058,32,PASS
2954,0.001477125,0.0014774999999999999,1,1.3017489575930752,226,PASS
2955,0.0014776249999999998,0.0014779999999999997,1,-0.7870591482150644,68,PASS
2956,0.0014781249999999998,0.0014784999999999998,1,-0.05237333220458762,124,PASS
2957,0.001478625,0.0014789999999999998,1,-1.1950305539676482,38,PASS
2958,0.0014791249999999998,0.0014794999999999997,1,0.006353139249633433,128,PASS
2959,0.0014796249999999998,0.0014799999999999998,1,1.560157081859393,245,PASS
2960,0.0014801249999999999,0.0014804999999999998,1,1.243966545742966,221,PASS
2961,0.0014806249999999997,0.0014809999999999997,1,-0.3813546383233868,99,PASS
2962,0.0014811249999999998,0.0014814999999999997,1,-1.37758634241768,24,PASS
2963,0.0014816249999999999,0.0014819999999999998,1,0.37846180080168,156,PASS
2964,0.001482125,0.0014824999999999999,1,0.7660820781271565,185,PASS
2965,0.0014826249999999998,0.0014829999999999997,1,1.3800046660750167,231,PASS
2966,0.0014831249999999999,0.0014834999999999998,1,0.8725284511372278,193,PASS
2967,0.001483625,0.0014839999999999999,1,1.3270898256220975,227,PASS
2968,0.0014841249999999998,0.0014844999999999997,1,0.8169591954084299,189,PASS
2969,0.0014846249999999998,0.0014849999999999998,1,-0.4434211523721001,94,PASS
2970,0.001485125,0.0014854999999999998,1,1.6164230410083753,249,PASS
2971,0.0014856249999999997,0.0014859999999999997,1,-0.751875202574055,71,PASS
2972,0.0014861249999999998,0.0014864999999999998,1,-0.10841228032294281,119,PASS
2973,0.0014866249999999999,0.0014869999999999998,1,0.4215765733999104,159,PASS
2974,0.001487125,0.0014874999999999999,1,0.35804227437260905,154,PASS
2975,0.0014876249999999998,0.0014879999999999997,1,0.628406122230379,175,PASS
2976,0.0014881249999999999,0.0014884999999999998,1,0.2516653901089263,146,PASS
2977,0.001488625,0.0014889999999999999,1,-1.2653820707360321,32,PASS
2978,0.0014891249999999998,0.0014894999999999997,1,1.0590464218533298,207,PASS
2979,0.0014896249999999998,0.0014899999999999998,1,0.6842033650821147,179,PASS
2980,0.001490125,0.0014904999999999999,1,-1.2101362034286947,36,PASS
2981,0.0014906249999999998,0.0014909999999999997,1,0.5252368355049339,167,PASS
2982,0.0014911249999999998,0.0014914999999999998,1,-0.9208469072452902,58,PASS
2983,0.001491625,0.0014919999999999998,1,0.05300016017358056,131,PASS
2984,0.0014921249999999997,0.0014924999999999997,1,-0.14146097240436806,117,PASS
2985,0.0014926249999999998,0.0014929999999999998,1,-1.0825455933217714,46,PASS
2986,0.0014931249999999999,0.0014934999999999998,1,-0.3205670531706952,103,PASS
2987,0.001493625,0.0014939999999999999,1,-0.6834787635678186,76,PASS
2988,0.0014941249999999998,0.0014944999999999997,1,0.8189388045726804,189,PASS
2989,0.0014946249999999999,0.0014949999999999998,1,-1.519243521262711,13,PASS
2990,0.001495125,0.0014954999999999999,1,-0.617701321777308,81,PASS
2991,0.0014956249999999998,0.0014959999999999997,1,-1.6050234048654322,7,PASS
2992,0.0014961249999999998,0.0014964999999999998,1,0.4647245393941877,162,PASS
2993,0.001496625,0.0014969999999999998,1,1.4214039480077905,235,PASS
2994,0.0014971249999999998,0.0014974999999999997,1,0.12177676061963139,137,PASS
2995,0.0014976249999999998,0.0014979999999999998,1,1.4521639955259114,237,PASS
2996,0.0014981249999999999,0.0014984999999999998,1,0.35948137975119665,155,PASS
2997,0.0014986249999999997,0.0014989999999999997,1,1.1062080478919134,211,PASS
2998,0.0014991249999999998,0.0014994999999999997,1,0.015102938833326585,129,PASS
2999,0.0014996249999999999,0.0014999999999999998,1,1.2353839952248455,221,PASS
3000,0.001500125,0.0015004999999999999,1,-1.360741033998288,25,PASS
3001,0.0015006249999999998,0.0015009999999999997,1,-0.05110842039189967,124,PASS
3002,0.0015011249999999999,0.0015014999999999998,1,-0.7204691111791337,73,PASS
3003,0.001501625,0.0015019999999999999,1,-0.8156240955788163,66,PASS
3004,0.0015021249999999998,0.0015024999999999997,1,0.26608838490153475,148,PASS
3005,0.0015026249999999998,0.0015029999999999998,1,-1.2965945577605542,30,PASS
3006,0.001503125,0.0015034999999999998,1,1.3906810527223368,232,PASS
3007,0.0015036249999999998,0.0015039999999999997,1,-0.5967265004141775,83,PASS
3008,0.0015041249999999998,0.0015044999999999998,1,-1.4483858071499578,18,PASS
3009,0.0015046249999999999,0.0015049999999999998,1,-0.9073903547978122,59,PASS
3010,0.0015051249999999997,0.0015054999999999997,1,-0.46747867636929996,92,PASS
3011,0.0015056249999999998,0.0015059999999999997,1,-0.3291346424749486,103,PASS
3012,0.0015061249999999999,0.0015064999999999998,1,-1.6578674550270847,3,PASS
3013,0.001506625,0.0015069999999999999,1,-1.0609327661417531,48,PASS
3014,0.0015071249999999998,0.0015074999999999997,1,0.11652331114360592,136,PASS
3015,0.0015076249999999999,0.0015079999999999998,1,-0.7874056081616326,68,PASS
3016,0.001508125,0.0015084999999999999,1,-0.4890252252328342,91,PASS
3017,0.0015086249999999998,0.0015089999999999997,1,0.5949172045805897,172,PASS
3018,0.0015091249999999998,0.0015094999999999998,1,0.8362779315905271,190,PASS
3019,0.001509625,0.0015099999999999998,1,0.12908335891883094,137,PASS
3020,0.0015101249999999997,0.0015104999999999997,1,-0.272973999331257,107,PASS
3021,0.0015106249999999998,0.0015109999999999998,1,-0.2538738401942342,108,PASS
3022,0.0015111249999999999,0.0015114999999999998,1,-0.6915879566373557,75,PASS
3023,0.001511625,0.0015119999999999999,1,1.66841191137504,253,PASS
3024,0.0015121249999999998,0.0015124999999999997,1,-1.2657630152113761,32,PASS
3025,0.0015126249999999999,0.0015129999999999998,1,1.0202170619291067,204,PASS
3026,0.001513125,0.0015134999999999999,1,-0.6849159819898174,76,PASS
3027,0.0015136249999999998,0.0015139999999999997,1,1.2312734181140848,220,PASS
3028,0.0015141249999999998,0.0015144999999999998,1,1.4801466686844227,239,PASS
3029,0.001514625,0.0015149999999999999,1,0.42154983155055903,159,PASS
3030,0.0015151249999999998,0.0015154999999999997,1,1.1422442439406628,214,PASS
3031,0.0015156249999999998,0.0015159999999999998,1,1.2297369967437979,220,PASS
3032,0.001516125,0.0015164999999999998,1,-0.6040823084394442,82,PASS
3033,0.0015166249999999997,0.0015169999999999997,1,-1.3865816137404128,23,PASS
3034,0.0015171249999999998,0.0015174999999999998,1,1.566120681263689,245,PASS
3035,0.0015176249999999999,0.0015179999999999998,1,0.8093131999396654,188,PASS
3036,0.001518125,0.0015184999999999999,1,1.2677437490862904,223,PASS
3037,0.0015186249999999998,0.0015189999999999997,1,-1.6719631179141428,2,PASS
3038,0.0015191249999999999,0.0015194999999999998,1,0.9340457986144439,198,PASS
3039,0.001519625,0.0015199999999999999,1,0.9347507265875514,198,PASS
3040,0.0015201249999999998,0.0015204999999999997,1,0.8234013861563734,189,PASS
3041,0.0015206249999999998,0.0015209999999999998,1,1.6835703827656958,254,PASS
3042,0.001521125,0.0015214999999999998,1,1.4508744329914027,237,PASS
3043,0.0015216249999999998,0.0015219999999999997,1,1.324315015302673,227,PASS
3044,0.0015221249999999998,0.0015224999999999998,1,-0.46269133929783135,93,PASS
3045,0.0015226249999999999,0.0015229999999999998,1,-1.1056332487454517,44,PASS
3046,0.0015231249999999997,0.0015234999999999997,1,-0.18311710485604515,114,PASS
3047,0.0015236249999999998,0.0015239999999999997,1,-1.6508913316412133,3,PASS
3048,0.0015241249999999999,0.0015244999999999998,1,0.37331898968114063,156,PASS
3049,0.001524625,0.0015249999999999999,1,-0.5794220459465689,84,PASS
3050,0.0015251249999999998,0.0015254999999999997,1,-1.681591706310053,1,PASS
3051,0.0015256249999999999,0.0015259999999999998,1,1.5029289675281705,241,PASS
3052,0.001526125,0.0015264999999999999,1,-0.2670902567116866,107,PASS
3053,0.0015266249999999998,0.0015269999999999997,1,1.228563832463488,220,PASS
3054,0.0015271249999999998,0.0015274999999999998,1,0.1710653708070824,140,PASS
3055,0.001527625,0.0015279999999999998,1,-0.4014257783266473,97,PASS
3056,0.0015281249999999998,0.0015284999999999997,1,-0.9640934827775027,55,PASS
3057,0.0015286249999999998,0.0015289999999999998,1,0.7421365647928406,183,PASS
3058,0.0015291249999999999,0.0015294999999999998,1,-1.0299962582172189,50,PASS
3059,0.0015296249999999997,0.0015299999999999997,1,1.4804549977505672,239,PASS
3060,0.0015301249999999998,0.0015304999999999997,1,1.1341096872201513,213,PASS
3061,0.0015306249999999999,0.0015309999999999998,1,0.16271001657139128,140,PASS
3062,0.001531125,0.0015314999999999999,1,0.780893911140329,186,PASS
3063,0.0015316249999999998,0.0015319999999999997,1,-0.9141067693891738,59,PASS
3064,0.0015321249999999998,0.0015324999999999998,1,-0.02501955786781007,126,PASS
3065,0.001532625,0.0015329999999999999,1,0.8294136791358737,190,PASS
3066,0.0015331249999999998,0.0015334999999999997,1,-0.7994467994179089,67,PASS
3067,0.0015336249999999998,0.0015339999999999998,1,-0.3582538688755321,101,PASS
3068,0.001534125,0.0015344999999999998,1,1.5143365434016405,242,PASS
3069,0.0015346249999999997,0.0015349999999999997,1,-0.2099633172705364,112,PASS
3070,0.0015351249999999998,0.0015354999999999998,1,-1.2957073062207036,30,PASS
3071,0.0015356249999999999,0.0015359999999999998,1,-0.5429581633825891,87,PASS
3072,0.001536125,0.0015364999999999999,1,-0.9581879222209964,55,PASS
3073,0.0015366249999999998,0.0015369999999999997,1,-1.6948340449303931,0,PASS
3074,0.0015371249999999999,0.0015374999999999998,1,1.5692289625220115,246,PASS
3075,0.001537625,0.0015379999999999999,1,-0.29889153550128555,105,PASS
3076,0.0015381249999999998,0.0015384999999999997,1,-0.15817047391782557,116,PASS
3077,0.0015386249999999998,0.0015389999999999998,1,-1.5731865959039424,9,PASS
3078,0.001539125,0.0015394999999999999,1,-0.47061290017939816,92,PASS
3079,0.0015396249999999998,0.0015399999999999997,1,-1.385068257556944,23,PASS
3080,0.0015401249999999998,0.0015404999999999998,1,-1.494728528050547,15,PASS
3081,0.001540625,0.0015409999999999998,1,0.1992511584021175,143,PASS
3082,0.0015411249999999997,0.0015414999999999997,1,1.3616950854141157,230,PASS
3083,0.0015416249999999998,0.0015419999999999998,1,-0.8410442111425419,64,PASS
3084,0.0015421249999999999,0.0015424999999999998,1,0.10443370120442608,135,PASS
3085,0.001542625,0.0015429999999999999,1,-0.2583085225494055,108,PASS
3086,0.0015431249999999998,0.0015434999999999997,1,0.44596132148637513,161,PASS
3087,0.0015436249999999999,0.0015439999999999998,1,1.4275203374504544,235,PASS
3088,0.001544125,0.0015444999999999999,1,-1.17506054560078,39,PASS
3089,0.0015446249999999998,0.0015449999999999997,1,0.34687245029834046,154,PASS
3090,0.0015451249999999998,0.0015454999999999998,1,1.2765470749627184,224,PASS
3091,0.001545625,0.0015459999999999998,1,0.31410926512217174,151,PASS
3092,0.0015461249999999998,0.0015464999999999997,1,-0.5857418370705167,83,PASS
3093,0.0015466249999999998,0.0015469999999999998,1,-1.4761213567649452,16,PASS
3094,0.0015471249999999999,0.0015474999999999998,1,0.13479105195346675,138,PASS
3095,0.0015476249999999997,0.0015479999999999997,1,0.05896476920242644,132,PASS
3096,0.0015481249999999998,0.0015484999999999997,1,-0.36613740161566755,100,PASS
3097,0.0015486249999999999,0.0015489999999999998,1,-0.5403989800504712,87,PASS
3098,0.001549125,0.0015494999999999999,1,-1.4272754792067182,20,PASS
3099,0.0015496249999999998,0.0015499999999999997,1,-0.5112158091514876,89,PASS
3100,0.0015501249999999999,0.0015504999999999998,1,0.20533093406681835,143,PASS
3101,0.001550625,0.0015509999999999999,1,1.5498918960852086,244,PASS
3102,0.0015511249999999998,0.0015514999999999997,1,1.151005664927384,214,PASS
3103,0.0015516249999999998,0.0015519999999999998,1,-0.5619445817329292,85,PASS
3104,0.001552125,0.0015524999999999998,1,1.1930182582168893,217,PASS
3105,0.0015526249999999998,0.0015529999999999997,1,-0.24165992027463834,109,PASS
3106,0.0015531249999999998,0.0015534999999999998,1,-0.6479553571309993,79,PASS
3107,0.0015536249999999999,0.0015539999999999998,1,-0.08643279391213698,121,PASS
3108,0.0015541249999999997,0.0015544999999999997,1,-0.5416086182243451,87,PASS
3109,0.0015546249999999998,0.0015549999999999997,1,-0.6659894958774468,77,PASS
3110,0.0015551249999999999,0.0015554999999999998,1,1.066316852316098,208,PASS
3111,0.001555625,0.0015559999999999999,1,0.25298394867265017,147,PASS
3112,0.0015561249999999998,0.0015564999999999997,1,1.6094310654954567,249,PASS
3113,0.0015566249999999998,0.0015569999999999998,1,0.5352941689125681,168,PASS
3114,0.001557125,0.0015574999999999999,1,1.6020650752229388,248,PASS
3115,0.0015576249999999998,0.0015579999999999997,1,0.09469478733260317,135,PASS
3116,0.0015581249999999998,0.0015584999999999998,1,0.23812747015276248,145,PASS
3117,0.001558625,0.0015589999999999998,1,1.66650672247408,253,PASS
3118,0.0015591249999999997,0.0015594999999999997,1,1.2531498940612622,222,PASS
3119,0.0015596249999999998,0.0015599999999999998,1,-0.6841038753802653,76,PASS
3120,0.0015601249999999999,0.0015604999999999998,1,-0.40825266075651445,97,PASS
3121,0.0015606249999999997,0.0015609999999999997,1,0.9088333370616553,196,PASS
3122,0.0015611249999999998,0.0015614999999999997,1,0.11281691880478073,136,PASS
3123,0.0015616249999999999,0.0015619999999999998,1,-1.5648468654125847,10,PASS
3124,0.001562125,0.0015624999999999999,1,1.6409681513843764,251,PASS
3125,0.0015626249999999998,0.0015629999999999997,1,0.048963442233068255,131,PASS
3126,0.0015631249999999998,0.0015634999999999998,1,-0.9468586237806929,56,PASS
3127,0.001563625,0.0015639999999999999,1,0.653063066659459,177,PASS
3128,0.0015641249999999998,0.0015644999999999997,1,1.0571607640404583,207,PASS
3129,0.0015646249999999998,0.0015649999999999998,1,-0.5232816536545584,88,PASS
3130,0.001565125,0.0015654999999999998,1,0.7159732831227059,181,PASS
3131,0.0015656249999999997,0.0015659999999999997,1,-0.7975618702954786,67,PASS
3132,0.0015661249999999998,0.0015664999999999998,1,1.017763583226469,204,PASS
3133,0.0015666249999999999,0.0015669999999999998,1,-0.10096364554287551,120,PASS
3134,0.001567125,0.0015674999999999999,1,-0.6688679039745964,77,PASS
3135,0.0015676249999999998,0.0015679999999999997,1,-1.6542963248030988,3,PASS
3136,0.0015681249999999999,0.0015684999999999998,1,-0.5430650812599755,87,PASS
3137,0.001568625,0.0015689999999999999,1,-1.4360634777088654,19,PASS
3138,0.0015691249999999998,0.0015694999999999997,1,-0.4022629502175763,97,PASS
3139,0.0015696249999999998,0.0015699999999999998,1,0.2474594195571962,146,PASS
3140,0.001570125,0.0015704999999999998,1,0.6823159768519125,179,PASS
3141,0.0015706249999999998,0.0015709999999999997,1,-0.3742417120824366,99,PASS
3142,0.0015711249999999998,0.0015714999999999998,1,0.3369296016926875,153,PASS
3143,0.0015716249999999999,0.0015719999999999998,1,-0.03167605453079925,125,PASS
3144,0.0015721249999999997,0.0015724999999999997,1,0.9058815283409538,196,PASS
3145,0.0015726249999999998,0.0015729999999999997,1,0.29832539002227154,150,PASS
3146,0.0015731249999999999,0.0015734999999999998,1,-0.21135733594828232,112,PASS
3147,0.001573625,0.0015739999999999999,1,0.47093135067900715,163,PASS
3148,0.0015741249999999998,0.0015744999999999997,1,-0.7107272176980699,74,PASS
3149,0.0015746249999999999,0.0015749999999999998,1,1.3900099028559871,232,PASS
3150,0.001575125,0.0015754999999999999,1,1.3714795485545925,231,PASS
3151,0.0015756249999999998,0.0015759999999999997,1,-0.9063301833371463,59,PASS
3152,0.0015761249999999998,0.0015764999999999998,1,0.70062788981726,180,PASS
3153,0.001576625,0.0015769999999999998,1,-1.2552786704289645,33,PASS
3154,0.0015771249999999998,0.0015774999999999997,1,0.4637956614896097,162,PASS
3155,0.0015776249999999998,0.0015779999999999998,1,1.689180644657075,255,PASS
3156,0.0015781249999999999,0.0015784999999999998,1,0.5683391402103279,170,PASS
3157,0.0015786249999999997,0.0015789999999999997,1,0.08841370496813616,134,PASS
3158,0.0015791249999999998,0.0015794999999999997,1,-0.5280131520602964,88,PASS
3159,0.0015796249999999999,0.0015799999999999998,1,1.6697569982004865,253,PASS
3160,0.001580125,0.0015804999999999999,1,-0.41589159135095,96,PASS
3161,0.0015806249999999998,0.0015809999999999997,1,-0.3967182015855846,98,PASS
3162,0.0015811249999999998,0.0015814999999999998,1,-0.003251205575791838,127,PASS
3163,0.001581625,0.0015819999999999999,1,0.883696375883243,194,PASS
3164,0.0015821249999999998,0.0015824999999999997,1,-1.335931408805386,27,PASS
3165,0.0015826249999999998,0.0015829999999999998,1,-0.7857415309278108,68,PASS
3166,0.001583125,0.0015834999999999998,1,0.26558543821094416,147,PASS
3167,0.0015836249999999997,0.0015839999999999997,1,-1.062016229494517,48,PASS
3168,0.0015841249999999998,0.0015844999999999998,1,0.09427834166825355,135,PASS
3169,0.0015846249999999999,0.0015849999999999998,1,0.4995888014180976,165,PASS
3170,0.0015851249999999997,0.0015854999999999997,1,-0.8885279443465086,61,PASS
3171,0.0015856249999999998,0.0015859999999999997,1,-0.7689808219310101,70,PASS
3172,0.0015861249999999999,0.0015864999999999998,1,0.5077707064314241,166,PASS
3173,0.001586625,0.0015869999999999999,1,-0.23380261529195945,110,PASS
3174,0.0015871249999999998,0.0015874999999999997,1,-0.42715145800535304,95,PASS
3175,0.0015876249999999998,0.0015879999999999998,1,1.4583467862620207,237,PASS
3176,0.001588125,0.0015884999999999999,1,0.4232598253139013,159,PASS
3177,0.0015886249999999998,0.0015889999999999997,1,-0.9473871861773657,56,PASS
3178,0.0015891249999999998,0.0015894999999999998,1,-0.9547986452083681,56,PASS
3179,0.001589625,0.0015899999999999998,1,0.31523767945695025,151,PASS
3180,0.0015901249999999997,0.0015904999999999997,1,0.24366497929153463,146,PASS
3181,0.0015906249999999998,0.0015909999999999997,1,-1.1042316139810011,44,PASS
3182,0.0015911249999999999,0.0015914999999999998,1,-1.349956491919113,26,PASS
3183,0.001591625,0.0015919999999999999,1,-0.7064260017296774,74,PASS
3184,0.0015921249999999998,0.0015924999999999997,1,1.3915209718193988,232,PASS
3185,0.0015926249999999999,0.0015929999999999998,1,0.9918066580017115,202,PASS
3186,0.001593125,0.0015934999999999999,1,1.3585779414673247,230,PASS
3187,0.0015936249999999998,0.0015939999999999997,1,0.5533127460191476,169,PASS
3188,0.0015941249999999998,0.0015944999999999998,1,1.0554666829210924,207,PASS
3189,0.001594625,0.0015949999999999998,1,1.623553430378028,250,PASS
3190,0.0015951249999999998,0.0015954999999999997,1,0.9874565124891836,202,PASS
3191,0.0015956249999999998,0.0015959999999999998,1,-0.8229369186374331,66,PASS
3192,0.0015961249999999999,0.0015964999999999998,1,-1.501520591338874,14,PASS
3193,0.0015966249999999997,0.0015969999999999997,1,0.9876037207281232,202,PASS
3194,0.0015971249999999998,0.0015974999999999997,1,1.523406637792504,242,PASS
3195,0.0015976249999999999,0.0015979999999999998,1,-0.6118623212672549,81,PASS
3196,0.001598125,0.0015984999999999999,1,0.47173837628380855,163,PASS
3197,0.0015986249999999998,0.0015989999999999997,1,-0.9491138063543586,56,PASS
3198,0.0015991249999999999,0.0015994999999999998,1,0.4624208453544003,162,PASS
3199,0.001599625,0.0015999999999999999,1,-1.4574733804232487,18,PASS
3200,0.0016001249999999998,0.0016004999999999997,1,-1.2603109950896614,33,PASS
3201,0.0016006249999999998,0.0016009999999999998,1,1.1181724033397449,212,PASS
3202,0.001601125,0.0016014999999999998,1,0.3926054366982952,157,PASS
3203,0.0016016249999999998,0.0016019999999999997,1,0.7458491378280734,184,PASS
3204,0.0016021249999999998,0.0016024999999999998,1,-0.44097766637239966,94,PASS
3205,0.0016026249999999999,0.0016029999999999998,1,1.2453218216419624,221,PASS
3206,0.0016031249999999997,0.0016034999999999997,1,-0.6917036600660289,75,PASS
3207,0.0016036249999999998,0.0016039999999999997,1,-1.2332341753672484,35,PASS
3208,0.0016041249999999999,0.0016044999999999998,1,-1.140857679504518,42,PASS
3209,0.001604625,0.0016049999999999999,1,-1.2227310718625408,35,PASS
3210,0.0016051249999999998,0.0016054999999999997,1,0.6750928228366633,178,PASS
3211,0.0016056249999999998,0.0016059999999999998,1,1.676965698800237,254,PASS
3212,0.001606125,0.0016064999999999999,1,0.09623659662434725,135,PASS
3213,0.0016066249999999998,0.0016069999999999997,1,-0.7894743982067625,68,PASS
3214,0.0016071249999999998,0.0016074999999999998,1,-1.6193392662097217,6,PASS
3215,0.001607625,0.0016079999999999998,1,0.966160268048516,200,PASS
3216,0.0016081249999999997,0.0016084999999999997,1,-1.087900239940643,46,PASS
3217,0.0016086249999999998,0.0016089999999999998,1,0.6809623321073384,179,PASS
3218,0.0016091249999999999,0.0016094999999999998,1,-0.7709134333700283,69,PASS
3219,0.0016096249999999997,0.0016099999999999997,1,0.9388121098755293,198,PASS
3220,0.0016101249999999998,0.0016104999999999997,1,0.42709406642655057,160,PASS
3221,0.0016106249999999999,0.0016109999999999998,1,-0.20390174889641477,112,PASS
3222,0.001611125,0.0016114999999999999,1,-0.8022884058628491,67,PASS
3223,0.0016116249999999998,0.0016119999999999997,1,0.30219263256096185,150,PASS
3224,0.0016121249999999998,0.0016124999999999998,1,0.6599392636156953,177,PASS
3225,0.001612625,0.0016129999999999999,1,-1.5784443927228855,9,PASS
3226,0.0016131249999999998,0.0016134999999999997,1,-0.6588852852077367,78,PASS
3227,0.0016136249999999998,0.0016139999999999998,1,0.8740652455349898,193,PASS
3228,0.0016141249999999999,0.0016144999999999998,1,-0.7895021437289097,68,PASS
3229,0.0016146249999999997,0.0016149999999999997,1,0.7719907049092452,186,PASS
3230,0.0016151249999999998,0.0016154999999999997,1,-0.31702875955593846,104,PASS
3231,0.0016156249999999999,0.0016159999999999998,1,0.6281381888242799,175,PASS
3232,0.001616125,0.0016164999999999999,1,1.43876059730229,236,PASS
3233,0.0016166249999999998,0.0016169999999999997,1,-1.132284882098372,42,PASS
3234,0.0016171249999999999,0.0016174999999999998,1,1.442324705457996,236,PASS
3235,0.001617625,0.0016179999999999999,1,1.3255304241786028,227,PASS
3236,0.0016181249999999998,0.0016184999999999997,1,0.03269626750331489,130,PASS
3237,0.0016186249999999998,0.0016189999999999998,1,-1.5459188427547748,11,PASS
3238,0.001619125,0.0016194999999999998,1,1.0481685329462536,206,PASS
3239,0.0016196249999999998,0.0016199999999999997,1,0.30863126404101915,151,PASS
3240,0.0016201249999999998,0.0016204999999999998,1,-0.6341483241515757,80,PASS
3241,0.0016206249999999999,0.0016209999999999998,1,-1.5555737509387098,10,PASS
3242,0.0016211249999999997,0.0016214999999999997,1,-0.38525921670989405,98,PASS
3243,0.0016216249999999998,0.0016219999999999997,1,-1.4493725117764609,18,PASS
3244,0.0016221249999999999,0.0016224999999999998,1,-0.1769617975482769,114,PASS
3245,0.001622625,0.0016229999999999999,1,-1.479004828101246,16,PASS
3246,0.0016231249999999998,0.0016234999999999997,1,0.5548756676336735,169,PASS
3247,0.0016236249999999999,0.0016239999999999998,1,0.41936290256462816,159,PASS
3248,0.001624125,0.0016244999999999999,1,-0.9125531627709249,59,PASS
3249,0.0016246249999999998,0.0016249999999999997,1,0.44188349104435454,161,PASS
3250,0.0016251249999999998,0.0016254999999999998,1,-1.1054163659862473,44,PASS
3251,0.001625625,0.0016259999999999998,1,-1.2656604525344228,32,PASS
3252,0.0016261249999999997,0.0016264999999999997,1,-0.479429918971747,91,PASS
3253,0.0016266249999999998,0.0016269999999999998,1,-1.0848520228771479,46,PASS
3254,0.0016271249999999999,0.0016274999999999998,1,-0.11632476971003736,119,PASS
3255,0.0016276249999999997,0.0016279999999999997,1,0.22753772863916488,145,PASS
3256,0.0016281249999999998,0.0016284999999999997,1,-0.12513768732334407,118,PASS
3257,0.0016286249999999999,0.0016289999999999998,1,0.132146475011939,137,PASS
3258,0.001629125,0.0016294999999999999,1,1.1823977203447147,217,PASS
3259,0.0016296249999999998,0.0016299999999999997,1,1.6618784085259197,253,PASS
3260,0.0016301249999999998,0.0016304999999999998,1,-1.4505167055867552,18,PASS
3261,0.001630625,0.0016309999999999999,1,0.38280995193893363,156,PASS
3262,0.0016311249999999998,0.0016314999999999997,1,-1.6269747853907994,5,PASS
3263,0.0016316249999999998,0.0016319999999999998,1,0.07237994172375672,133,PASS
3264,0.001632125,0.0016324999999999998,1,-0.33384072261831865,102,PASS
3265,0.0016326249999999997,0.0016329999999999997,1,-1.6707594734987097,2,PASS
3266,0.0016331249999999998,0.0016334999999999998,1,1.474717540936316,239,PASS
3267,0.0016336249999999999,0.0016339999999999998,1,-0.3684959875837639,100,PASS
3268,0.0016341249999999997,0.0016344999999999997,1,0.029772498898822386,130,PASS
3269,0.0016346249999999998,0.0016349999999999997,1,0.8971727973933195,195,PASS
3270,0.0016351249999999999,0.0016354999999999998,1,0.30617421256450084,151,PASS
3271,0.001635625,0.0016359999999999999,1,1.230061772749411,220,PASS
3272,0.0016361249999999998,0.0016364999999999997,1,-1.4809639176170637,16,PASS
3273,0.0016366249999999998,0.0016369999999999998,1,-1.6032456944837024,7,PASS
3274,0.001637125,0.0016374999999999998,1,-1.0740178397645779,47,PASS
3275,0.0016376249999999998,0.0016379999999999997,1,0.43397576618278166,160,PASS
3276,0.0016381249999999998,0.0016384999999999998,1,0.4070280167850082,158,PASS
3277,0.0016386249999999999,0.0016389999999999998,1,-1.0782781148947598,46,PASS
3278,0.0016391249999999997,0.0016394999999999997,1,-1.5119294878771068,14,PASS
3279,0.0016396249999999998,0.0016399999999999997,1,0.1257947761060454,137,PASS
3280,0.0016401249999999999,0.0016404999999999998,1,1.3688679089340783,231,PASS
3281,0.001640625,0.0016409999999999999,1,-1.071270563969373,47,PASS
3282,0.0016411249999999998,0.0016414999999999997,1,-0.24417817923712737,109,PASS
3283,0.0016416249999999999,0.0016419999999999998,1,1.1421984769032354,214,PASS
3284,0.001642125,0.0016424999999999999,1,1.0734235608520486,208,PASS
3285,0.0016426249999999998,0.0016429999999999997,1,0.3987882403335725,158,PASS
3286,0.0016431249999999998,0.0016434999999999998,1,0.8397101318773521,191,PASS
3287,0.001643625,0.0016439999999999998,1,-0.23037113752618232,110,PASS
3288,0.0016441249999999998,0.0016444999999999997,1,0.8483987747875281,191,PASS
3289,0.0016446249999999998,0.0016449999999999998,1,-1.258426943833174,33,PASS
3290,0.0016451249999999999,0.0016454999999999998,1,-1.3086722616360844,29,PASS
3291,0.0016456249999999997,0.0016459999999999997,1,0.1889098358641177,142,PASS
3292,0.0016461249999999998,0.0016464999999999997,1,1.0514632540209596,207,PASS
3293,0.0016466249999999999,0.0016469999999999998,1,1.3915462791475537,232,PASS
3294,0.001647125,0.0016474999999999999,1,-0.1354391322217885,117,PASS
3295,0.0016476249999999998,0.0016479999999999997,1,0.1492380107278708,139,PASS
3296,0.0016481249999999999,0.0016484999999999998,1,1.6691099796163933,253,PASS
3297,0.001648625,0.0016489999999999999,1,1.3673576220330903,230,PASS
3298,0.0016491249999999998,0.0016494999999999997,1,-0.007625427846664978,127,PASS
3299,0.0016496249999999998,0.0016499999999999998,1,-0.6402172444364369,79,PASS
3300,0.001650125,0.0016504999999999998,1,-0.8028080980404516,67,PASS
3301,0.0016506249999999997,0.0016509999999999997,1,-0.5257988657126571,88,PASS
3302,0.0016511249999999998,0.0016514999999999998,1,-1.516347191779964,13,PASS
3303,0.0016516249999999999,0.0016519999999999998,1,-1.220752997010465,36,PASS
3304,0.0016521249999999997,0.0016524999999999997,1,0.02035552310040778,129,PASS
3305,0.0016526249999999998,0.0016529999999999997,1,-0.21938374701355778,111,PASS
3306,0.0016531249999999999,0.0016534999999999998,1,-0.6941054189698854,75,PASS
3307,0.001653625,0.0016539999999999999,1,-0.05291955664427683,124,PASS
3308,0.0016541249999999998,0.0016544999999999997,1,-0.6322265202499742,80,PASS
3309,0.0016546249999999998,0.0016549999999999998,1,1.6067240057423822,248,PASS
3310,0.001655125,0.0016554999999999999,1,-1.329838291604811,27,PASS
3311,0.0016556249999999998,0.0016559999999999997,1,-0.7526412759225707,71,PASS
3312,0.0016561249999999998,0.0016564999999999998,1,1.1690509774090707,216,PASS
3313,0.001656625,0.0016569999999999998,1,-0.2982816266122319,105,PASS
3314,0.0016571249999999997,0.0016574999999999997,1,-0.8651157470862525,62,PASS
3315,0.0016576249999999998,0.0016579999999999998,1,1.1092241556866875,211,PASS
3316,0.0016581249999999999,0.0016584999999999998,1,1.3289367519366635,228,PASS
3317,0.0016586249999999997,0.0016589999999999997,1,-1.2983514588956324,30,PASS
3318,0.0016591249999999998,0.0016594999999999997,1,1.4646697874564063,238,PASS
3319,0.0016596249999999999,0.0016599999999999998,1,-0.4114538440993043,97,PASS
3320,0.001660125,0.0016604999999999999,1,1.0902037268439766,210,PASS
3321,0.0016606249999999998,0.0016609999999999997,1,1.14041781970376,213,PASS
3322,0.0016611249999999998,0.0016614999999999998,1,-0.6627145362408291,78,PASS
3323,0.001661625,0.0016619999999999998,1,-0.016275978580495343,126,PASS
3324,0.0016621249999999998,0.0016624999999999997,1,-0.5167759312836064,89,PASS
3325,0.0016626249999999998,0.0016629999999999998,1,-0.03550194827689479,125,PASS
3326,0.0016631249999999999,0.0016634999999999998,1,-0.8125989775898049,66,PASS
3327,0.0016636249999999997,0.0016639999999999997,1,-0.6981560001094944,75,PASS
3328,0.0016641249999999998,0.0016644999999999997,1,-1.4913399887164003,15,PASS
3329,0.0016646249999999999,0.0016649999999999998,1,-1.2988687095503035,30,PASS
3330,0.001665125,0.0016654999999999999,1,1.0305167500810046,205,PASS
3331,0.0016656249999999998,0.0016659999999999997,1,-0.18139305757531443,114,PASS
3332,0.0016661249999999999,0.0016664999999999998,1,-0.777791217934564,69,PASS
3333,0.001666625,0.0016669999999999999,1,-1.426457286256325,20,PASS
3334,0.0016671249999999998,0.0016674999999999997,1,0.16813102514722034,140,PASS
3335,0.0016676249999999998,0.0016679999999999998,1,0.6411093861158255,176,PASS
3336,0.001668125,0.0016684999999999998,1,-0.7490196455266622,71,PASS
3337,0.0016686249999999998,0.0016689999999999997,1,-0.45552656130723235,93,PASS
3338,0.0016691249999999998,0.0016694999999999998,1,0.3276301483610504,152,PASS
3339,0.0016696249999999999,0.0016699999999999998,1,0.48769071218850146,164,PASS
3340,0.0016701249999999997,0.0016704999999999997,1,-1.2092110736825141,36,PASS
3341,0.0016706249999999998,0.0016709999999999997,1,-0.13999528481050327,117,PASS
3342,0.0016711249999999999,0.0016714999999999998,1,0.08305622501726684,134,PASS
3343,0.001671625,0.0016719999999999999,1,-0.3203697576446194,103,PASS
3344,0.0016721249999999998,0.0016724999999999997,1,0.7636760165796679,185,PASS
3345,0.0016726249999999998,0.0016729999999999998,1,0.40559796259624803,158,PASS
3346,0.001673125,0.0016734999999999999,1,0.12310398898710262,137,PASS
3347,0.0016736249999999998,0.0016739999999999997,1,0.2080927166262645,143,PASS
3348,0.0016741249999999998,0.0016744999999999998,1,1.375557044174437,231,PASS
3349,0.001674625,0.0016749999999999998,1,-0.8588495641826486,63,PASS
3350,0.0016751249999999997,0.0016754999999999997,1,1.1159096278513203,212,PASS
3351,0.0016756249999999998,0.0016759999999999998,1,-0.1524486623899315,116,PASS
3352,0.0016761249999999999,0.0016764999999999998,1,-0.5777994128608346,84,PASS
3353,0.0016766249999999997,0.0016769999999999997,1,0.8307190764953754,190,PASS
3354,0.0016771249999999998,0.0016774999999999997,1,1.1938750663643074,217,PASS
3355,0.0016776249999999999,0.0016779999999999998,1,0.32771495954079755,152,PASS
3356,0.001678125,0.0016784999999999999,1,1.4555758241036598,237,PASS
3357,0.0016786249999999998,0.0016789999999999997,1,-0.8543128291443962,63,PASS
3358,0.0016791249999999998,0.0016794999999999998,1,-1.476855028198416,16,PASS
3359,0.001679625,0.0016799999999999999,1,0.27384364130142314,148,PASS
3360,0.0016801249999999998,0.0016804999999999997,1,-0.14152572225396098,117,PASS
3361,0.0016806249999999998,0.0016809999999999998,1,-1.4598714617315596,18,PASS
3362,0.001681125,0.0016814999999999998,1,1.1514758565444836,214,PASS
3363,0.0016816249999999997,0.0016819999999999997,1,1.2739633592814419,223,PASS
3364,0.0016821249999999998,0.0016824999999999998,1,-0.036447113668742315,125,PASS
3365,0.0016826249999999999,0.0016829999999999998,1,-0.6145346521375317,81,PASS
3366,0.0016831249999999997,0.0016834999999999997,1,-1.4618908857139201,17,PASS
3367,0.0016836249999999998,0.0016839999999999997,1,1.2384582694042428,221,PASS
3368,0.0016841249999999999,0.0016844999999999998,1,1.526532111024819,242,PASS
3369,0.001684625,0.0016849999999999999,1,0.6167783998592744,174,PASS
3370,0.0016851249999999998,0.0016854999999999997,1,-0.3413861595469707,102,PASS
3371,0.0016856249999999998,0.0016859999999999998,1,-1.0706578203725585,47,PASS
3372,0.001686125,0.0016864999999999998,1,-0.3481150204242698,101,PASS
3373,0.0016866249999999998,0.0016869999999999997,1,-1.1993712420926126,37,PASS
3374,0.0016871249999999998,0.0016874999999999998,1,1.4771119011353562,239,PASS
3375,0.0016876249999999999,0.0016879999999999998,1,-1.4689460118567166,17,PASS
3376,0.0016881249999999997,0.0016884999999999997,1,-1.5968562508621247,7,PASS
3377,0.0016886249999999998,0.0016889999999999997,1,-1.6239723648963542,5,PASS
3378,0.0016891249999999999,0.0016894999999999998,1,0.22458624693375162,144,PASS
3379,0.001689625,0.0016899999999999999,1,-0.05934556387827228,123,PASS
3380,0.0016901249999999998,0.0016904999999999997,1,-0.4788579884182498,91,PASS
3381,0.0016906249999999999,0.0016909999999999998,1,-0.6340499864050981,80,PASS
3382,0.001691125,0.0016914999999999999,1,-0.9708878667140807,54,PASS
3383,0.0016916249999999998,0.0016919999999999997,1,0.001806070295585549,128,PASS
3384,0.0016921249999999998,0.0016924999999999998,1,-1.5231007242017158,13,PASS
3385,0.001692625,0.0016929999999999998,1,1.4499493083656423,237,PASS
3386,0.0016931249999999998,0.0016934999999999997,1,1.3294509224196045,228,PASS
3387,0.0016936249999999998,0.0016939999999999998,1,-0.45997880528353363,93,PASS
3388,0.0016941249999999999,0.0016944999999999998,1,0.8465183792164532,191,PASS
3389,0.0016946249999999997,0.0016949999999999997,1,-0.6571117140806331,78,PASS
3390,0.0016951249999999998,0.0016954999999999997,1,-1.1065938525529089,44,PASS
3391,0.0016956249999999999,0.0016959999999999998,1,-1.390246647876574,23,PASS
3392,0.001696125,0.0016964999999999999,1,0.08399144478560383,134,PASS
3393,0.0016966249999999998,0.0016969999999999997,1,-1.45230351347326,18,PASS
3394,0.0016971249999999998,0.0016974999999999998,1,1.1224827403658308,212,PASS
3395,0.001697625,0.0016979999999999999,1,0.9633925269331074,200,PASS
3396,0.0016981249999999998,0.0016984999999999997,1,1.5353308575735516,243,PASS
3397,0.0016986249999999998,0.0016989999999999998,1,1.5085121732183933,241,PASS
3398,0.001699125,0.0016994999999999998,1,-0.2995780697157635,105,PASS
3399,0.0016996249999999997,0.0016999999999999997,1,1.0460283762716907,206,PASS
3400,0.0017001249999999998,0.0017004999999999998,1,0.4775763816812051,163,PASS
3401,0.0017006249999999999,0.0017009999999999998,1,-1.0136715000850665,51,PASS
3402,0.0017011249999999997,0.0017014999999999997,1,0.07309523854006184,133,PASS
3403,0.0017016249999999998,0.0017019999999999997,1,-0.8125703216222724,66,PASS
3404,0.0017021249999999999,0.0017024999999999998,1,-1.2189049862441619,36,PASS
3405,0.001702625,0.0017029999999999999,1,0.8809434522872424,194,PASS
3406,0.0017031249999999998,0.0017034999999999997,1,0.4454228346326159,161,PASS
3407,0.0017036249999999998,0.0017039999999999998,1,-0.5206515395078724,88,PASS
3408,0.001704125,0.0017044999999999999,1,0.37340259343247983,156,PASS
3409,0.0017046249999999998,0.0017049999999999997,1,-0.9606361254432249,55,PASS
3410,0.0017051249999999998,0.0017054999999999998,1,0.10996160260848553,136,PASS
3411,0.001705625,0.0017059999999999998,1,-0.5200951026143148,88,PASS
3412,0.0017061249999999997,0.0017064999999999997,1,-1.3908930672380513,23,PASS
3413,0.0017066249999999998,0.0017069999999999998,1,1.1824509645713086,217,PASS
3414,0.0017071249999999999,0.0017074999999999998,1,1.4956102412359058,240,PASS
3415,0.0017076249999999997,0.0017079999999999997,1,-0.42900887366174234,95,PASS
3416,0.0017081249999999998,0.0017084999999999997,1,-0.7468762975271366,71,PASS
3417,0.0017086249999999999,0.0017089999999999998,1,-1.400737392146775,22,PASS
3418,0.001709125,0.0017094999999999999,1,-0.03229111205624835,125,PASS
3419,0.0017096249999999998,0.0017099999999999997,1,0.8460367508111719,191,PASS
3420,0.0017101249999999998,0.0017104999999999998,1,-0.8049649732438076,67,PASS
3421,0.001710625,0.0017109999999999998,1,1.6056816989731353,248,PASS
3422,0.0017111249999999998,0.0017114999999999997,1,0.43074021820565744,160,PASS
3423,0.0017116249999999998,0.0017119999999999998,1,1.4603955449111294,237,PASS
3424,0.0017121249999999999,0.0017124999999999998,1,1.4321634997857469,235,PASS
3425,0.0017126249999999997,0.0017129999999999997,1,0.5452192590845002,169,PASS
3426,0.0017131249999999998,0.0017134999999999997,1,-0.9200911755634154,58,PASS
3427,0.0017136249999999999,0.0017139999999999998,1,0.4888899865923111,164,PASS
3428,0.001714125,0.0017144999999999999,1,-0.5522176115864013,86,PASS
3429,0.0017146249999999998,0.0017149999999999997,1,0.01972165599737208,129,PASS
3430,0.0017151249999999999,0.0017154999999999998,1,-0.3679892265670299,100,PASS
3431,0.001715625,0.0017159999999999999,1,-1.6461699597047577,4,PASS
3432,0.0017161249999999998,0.0017164999999999997,1,-0.35867645718784,100,PASS
3433,0.0017166249999999998,0.0017169999999999998,1,-1.4612693254516043,17,PASS
3434,0.001717125,0.0017174999999999998,1,1.4561990761321624,237,PASS
3435,0.0017176249999999998,0.0017179999999999997,1,-0.7768184765187867,69,PASS
3436,0.0017181249999999998,0.0017184999999999998,1,-1.6039758899125178,7,PASS
3437,0.0017186249999999999,0.0017189999999999998,1,-0.2721246681317637,107,PASS
3438,0.0017191249999999997,0.0017194999999999997,1,0.7588296515728497,185,PASS
3439,0.0017196249999999998,0.0017199999999999997,1,1.5399154268819515,243,PASS
3440,0.0017201249999999999,0.0017204999999999998,1,-0.31733582561499585,104,PASS
3441,0.001720625,0.0017209999999999999,1,-0.45378821613632825,93,PASS
3442,0.0017211249999999998,0.0017214999999999997,1,-1.4155792806905056,21,PASS
3443,0.0017216249999999998,0.0017219999999999998,1,1.6738249003599612,254,PASS
3444,0.001722125,0.0017224999999999999,1,-1.561309687158447,10,PASS
3445,0.0017226249999999998,0.0017229999999999997,1,-1.5738983304236287,9,PASS
3446,0.0017231249999999998,0.0017234999999999998,1,-1.649317322290665,3,PASS
3447,0.001723625,0.0017239999999999998,1,0.6276020471016202,175,PASS
3448,0.0017241249999999997,0.0017244999999999997,1,-0.7896092255119344,68,PASS
3449,0.0017246249999999998,0.0017249999999999998,1,1.185174152245424,217,PASS
3450,0.0017251249999999999,0.0017254999999999998,1,0.8589413467493257,192,PASS
3451,0.0017256249999999997,0.0017259999999999997,1,1.0036758400214951,203,PASS
3452,0.0017261249999999998,0.0017264999999999997,1,-1.1382452555986022,42,PASS
3453,0.0017266249999999999,0.0017269999999999998,1,0.6213676009628071,174,PASS
3454,0.001727125,0.0017274999999999999,1,1.5892748220914694,247,PASS
3455,0.0017276249999999998,0.0017279999999999997,1,1.1499271390615122,214,PASS
3456,0.0017281249999999998,0.0017284999999999998,1,-1.0090242974937107,52,PASS
3457,0.001728625,0.0017289999999999999,1,-1.5017017070845622,14,PASS
3458,0.0017291249999999998,0.0017294999999999997,1,0.0021804202317818877,128,PASS
3459,0.0017296249999999998,0.0017299999999999998,1,-0.9703656300812482,54,PASS
3460,0.001730125,0.0017304999999999998,1,-1.636413739384203,4,PASS
3461,0.0017306249999999997,0.0017309999999999997,1,-1.1173793797427811,43,PASS
3462,0.0017311249999999998,0.0017314999999999997,1,-0.4186121693815479,96,PASS
3463,0.0017316249999999999,0.0017319999999999998,1,0.5720490108822898,171,PASS
3464,0.0017321249999999997,0.0017324999999999997,1,-1.1407260612365326,42,PASS
3465,0.0017326249999999998,0.0017329999999999997,1,-0.960045388557243,55,PASS
3466,0.0017331249999999999,0.0017334999999999998,1,-1.0652769638608035,47,PASS
3467,0.001733625,0.0017339999999999999,1,1.0070385323652202,203,PASS
3468,0.0017341249999999998,0.0017344999999999997,1,-0.9954226806522573,53,PASS
3469,0.0017346249999999998,0.0017349999999999998,1,-1.3065920825004609,29,PASS
3470,0.001735125,0.0017354999999999998,1,1.1695404829074947,216,PASS
3471,0.0017356249999999998,0.0017359999999999997,1,0.6958596924186644,180,PASS
3472,0.0017361249999999998,0.0017364999999999998,1,-1.2307882256545595,35,PASS
3473,0.0017366249999999999,0.0017369999999999998,1,-0.6976630400726755,75,PASS
3474,0.0017371249999999997,0.0017374999999999997,1,1.5106145432910514,241,PASS
3475,0.0017376249999999998,0.0017379999999999997,1,-1.0154152841098407,51,PASS
3476,0.0017381249999999999,0.0017384999999999998,1,1.0434104019939807,206,PASS
3477,0.001738625,0.0017389999999999999,1,-0.021208687813686566,126,PASS
3478,0.0017391249999999998,0.0017394999999999997,1,0.9500105874883495,199,PASS
3479,0.0017396249999999999,0.0017399999999999998,1,-0.6291783095910555,80,PASS
3480,0.001740125,0.0017404999999999999,1,-0.34681049055789126,101,PASS
3481,0.0017406249999999998,0.0017409999999999997,1,-1.2743289187097997,32,PASS
3482,0.0017411249999999998,0.0017414999999999998,1,0.641275847648936,176,PASS
3483,0.001741625,0.0017419999999999998,1,1.5640133812111385,245,PASS
3484,0.0017421249999999998,0.0017424999999999997,1,-0.4778676009670819,92,PASS
3485,0.0017426249999999998,0.0017429999999999998,1,-0.4027296434545635,97,PASS
3486,0.0017431249999999999,0.0017434999999999998,1,0.8231874693753631,189,PASS
3487,0.0017436249999999997,0.0017439999999999997,1,0.5766249408814381,171,PASS
3488,0.0017441249999999998,0.0017444999999999997,1,0.9179213899977234,197,PASS
3489,0.0017446249999999999,0.0017449999999999998,1,-1.1666975758199123,40,PASS
3490,0.001745125,0.0017454999999999999,1,1.1230636300994414,212,PASS
3491,0.0017456249999999998,0.0017459999999999997,1,1.403292790213435,233,PASS
3492,0.0017461249999999998,0.0017464999999999998,1,0.6082770805535092,173,PASS
3493,0.001746625,0.0017469999999999999,1,-1.5784055240597323,9,PASS
3494,0.0017471249999999998,0.0017474999999999997,1,0.2385047975004453,145,PASS
3495,0.0017476249999999998,0.0017479999999999998,1,-0.11462936115653477,119,PASS
3496,0.001748125,0.0017484999999999998,1,1.493778696803082,240,PASS
3497,0.0017486249999999997,0.0017489999999999997,1,0.17004270168539048,140,PASS
3498,0.0017491249999999998,0.0017494999999999998,1,-0.11437024308811972,119,PASS
3499,0.0017496249999999999,0.0017499999999999998,1,-0.09088167698269012,121,PASS
3500,0.0017501249999999997,0.0017504999999999997,1,-0.7723579358886514,69,PASS
3501,0.0017506249999999998,0.0017509999999999997,1,1.5762173229655787,246,PASS
3502,0.0017511249999999999,0.0017514999999999998,1,0.5423965030698163,168,PASS
3503,0.001751625,0.0017519999999999999,1,0.7047497189231298,181,PASS
3504,0.0017521249999999998,0.0017524999999999997,1,0.4298610912345697,160,PASS
3505,0.0017526249999999998,0.0017529999999999998,1,-1.123915750240751,43,PASS
3506,0.001753125,0.0017534999999999999,1,0.6368388862404026,175,PASS
3507,0.0017536249999999998,0.0017539999999999997,1,-1.0036255415543298,52,PASS
3508,0.0017541249999999998,0.0017544999999999998,1,-1.2321174801513466,35,PASS
3509,0.0017546249999999999,0.0017549999999999998,1,-0.1924083037580797,113,PASS
3510,0.0017551249999999997,0.0017554999999999997,1,0.04022757923275866,131,PASS
3511,0.0017556249999999998,0.0017559999999999997,1,0.14380267398257907,138,PASS
3512,0.0017561249999999999,0.0017564999999999998,1,1.487624970198947,240,PASS
3513,0.0017566249999999997,0.0017569999999999997,1,-0.5123842347474457,89,PASS
3514,0.0017571249999999998,0.0017574999999999997,1,0.7602469906612541,185,PASS
3515,0.0017576249999999999,0.0017579999999999998,1,-0.6346540622996257,80,PASS
3516,0.001758125,0.0017584999999999999,1,0.9722157002052276,201,PASS
3517,0.0017586249999999998,0.0017589999999999997,1,0.4717718725876259,163,PASS
3518,0.0017591249999999998,0.0017594999999999998,1,-0.2091941792195764,112,PASS
3519,0.001759625,0.0017599999999999998,1,-0.3090360605370823,104,PASS
3520,0.0017601249999999998,0.0017604999999999997,1,-0.15539492439035762,116,PASS
3521,0.0017606249999999998,0.0017609999999999998,1,0.21508122637203386,144,PASS
3522,0.0017611249999999999,0.0017614999999999998,1,1.1196490531085292,212,PASS
3523,0.0017616249999999997,0.0017619999999999997,1,-0.9435302784107368,56,PASS
3524,0.0017621249999999998,0.0017624999999999997,1,-0.6415290502386617,79,PASS
3525,0.0017626249999999999,0.0017629999999999998,1,0.7873088461540696,187,PASS
3526,0.001763125,0.0017634999999999999,1,-0.36500585089215454,100,PASS
3527,0.0017636249999999998,0.0017639999999999997,1,0.4748497173120285,163,PASS
3528,0.0017641249999999999,0.0017644999999999998,1,1.6463903954013819,251,PASS
3529,0.001764625,0.0017649999999999999,1,0.05922450247903699,132,PASS
3530,0.0017651249999999998,0.0017654999999999997,1,1.20691645090397,218,PASS
3531,0.0017656249999999998,0.0017659999999999998,1,-1.6280977018639824,5,PASS
3532,0.001766125,0.0017664999999999998,1,0.5172468812286539,166,PASS
3533,0.0017666249999999997,0.0017669999999999997,1,0.5144726558384918,166,PASS
3534,0.0017671249999999998,0.0017674999999999998,1,0.12198431509532504,137,PASS
3535,0.0017676249999999999,0.0017679999999999998,1,-1.4228659713670238,20,PASS
3536,0.0017681249999999997,0.0017684999999999997,1,-0.8563115505116333,63,PASS
3537,0.0017686249999999998,0.0017689999999999997,1,0.3286764379457725,152,PASS
3538,0.0017691249999999999,0.0017694999999999998,1,-1.5824882164412797,8,PASS
3539,0.001769625,0.0017699999999999999,1,0.04825136001273611,131,PASS
3540,0.0017701249999999998,0.0017704999999999997,1,0.18716536352516266,142,PASS
3541,0.0017706249999999998,0.0017709999999999998,1,1.6607836654507369,253,PASS
3542,0.001771125,0.0017714999999999999,1,1.6040329518005787,248,PASS
3543,0.0017716249999999998,0.0017719999999999997,1,0.280409611160922,149,PASS
3544,0.0017721249999999998,0.0017724999999999998,1,1.393551896902079,232,PASS
3545,0.001772625,0.0017729999999999998,1,0.3911322703650255,157,PASS
3546,0.0017731249999999997,0.0017734999999999997,1,0.2365288125935987,145,PASS
3547,0.0017736249999999998,0.0017739999999999998,1,-0.3826454677316229,99,PASS
3548,0.0017741249999999999,0.0017744999999999998,1,0.9318305726190086,198,PASS
3549,0.0017746249999999997,0.0017749999999999997,1,-1.1525297273237187,41,PASS
3550,0.0017751249999999998,0.0017754999999999997,1,-1.070115832433139,47,PASS
3551,0.0017756249999999999,0.0017759999999999998,1,0.5177456936734262,166,PASS
3552,0.001776125,0.0017764999999999999,1,0.8331804335850246,190,PASS
3553,0.0017766249999999998,0.0017769999999999997,1,-1.4112676807437872,21,PASS
3554,0.0017771249999999998,0.0017774999999999998,1,1.6743959794447496,254,PASS
3555,0.001777625,0.0017779999999999998,1,0.9972764191495822,203,PASS
3556,0.0017781249999999998,0.0017784999999999997,1,-0.960849177416495,55,PASS
3557,0.0017786249999999998,0.0017789999999999998,1,0.8958432372731238,195,PASS
3558,0.0017791249999999999,0.0017794999999999998,1,-1.1623762350048725,40,PASS
3559,0.0017796249999999997,0.0017799999999999997,1,0.9574369846608637,200,PASS
3560,0.0017801249999999998,0.0017804999999999997,1,-0.7023099982135079,75,PASS
3561,0.0017806249999999999,0.0017809999999999998,1,-1.0251104362884351,50,PASS
3562,0.0017811249999999997,0.0017814999999999997,1,-0.4301649549300015,95,PASS
3563,0.0017816249999999998,0.0017819999999999997,1,0.28288302289232603,149,PASS
3564,0.0017821249999999999,0.0017824999999999998,1,0.29614631400828917,150,PASS
3565,0.001782625,0.0017829999999999999,1,-0.5039942020952313,90,PASS
3566,0.0017831249999999998,0.0017834999999999997,1,0.8189992363428085,189,PASS
3567,0.0017836249999999998,0.0017839999999999998,1,-0.07772048618802185,122,PASS
3568,0.001784125,0.0017844999999999998,1,-0.20704175665456703,112,PASS
3569,0.0017846249999999998,0.0017849999999999997,1,0.6147682168466584,174,PASS
3570,0.0017851249999999998,0.0017854999999999998,1,0.7259996664418005,182,PASS
3571,0.0017856249999999999,0.0017859999999999998,1,1.6149987690000984,249,PASS
3572,0.0017861249999999997,0.0017864999999999997,1,-1.4787426946816857,16,PASS
3573,0.0017866249999999998,0.0017869999999999997,1,1.5713529371433086,246,PASS
3574,0.0017871249999999999,0.0017874999999999998,1,-0.9635935124129262,55,PASS
3575,0.001787625,0.0017879999999999999,1,-1.2846907420356755,31,PASS
3576,0.0017881249999999998,0.0017884999999999997,1,0.563953157782829,170,PASS
3577,0.0017886249999999999,0.0017889999999999998,1,-0.8767507165487388,61,PASS
3578,0.001789125,0.0017894999999999999,1,0.5097675976192948,166,PASS
3579,0.0017896249999999998,0.0017899999999999997,1,-0.17088140082030145,115,PASS
3580,0.0017901249999999998,0.0017904999999999998,1,1.6071846702632595,249,PASS
3581,0.001790625,0.0017909999999999998,1,0.9161606150422206,196,PASS
3582,0.0017911249999999997,0.0017914999999999997,1,-0.16334113515501358,115,PASS
3583,0.0017916249999999998,0.0017919999999999998,1,0.5832252392821828,171,PASS
3584,0.0017921249999999999,0.0017924999999999998,1,-1.5431434738336451,11,PASS
3585,0.0017926249999999997,0.0017929999999999997,1,0.07700760197762624,133,PASS
3586,0.0017931249999999998,0.0017934999999999997,1,1.0836628599700189,209,PASS
3587,0.0017936249999999999,0.0017939999999999998,1,0.016191722366057926,129,PASS
3588,0.001794125,0.0017944999999999999,1,-0.26655683801758756,107,PASS
3589,0.0017946249999999998,0.0017949999999999997,1,-0.8276498879433022,65,PASS
3590,0.0017951249999999998,0.0017954999999999998,1,-0.13521746538880786,117,PASS
3591,0.001795625,0.0017959999999999999,1,0.9523124681610449,199,PASS
3592,0.0017961249999999998,0.0017964999999999997,1,0.7259700357752175,182,PASS
3593,0.0017966249999999998,0.0017969999999999998,1,-1.244871966482369,34,PASS
3594,0.001797125,0.0017974999999999998,1,-0.5872356573670761,83,PASS
3595,0.0017976249999999997,0.0017979999999999997,1,-0.35362254763701917,101,PASS
3596,0.0017981249999999998,0.0017984999999999998,1,-0.3141728732734992,104,PASS
3597,0.0017986249999999999,0.0017989999999999998,1,1.5715310498910366,246,PASS
3598,0.0017991249999999997,0.0017994999999999997,1,1.053382676322294,207,PASS
3599,0.0017996249999999998,0.0017999999999999997,1,-0.8129374935045468,66,PASS
3600,0.0018001249999999999,0.0018004999999999998,1,0.4821708489798662,164,PASS
3601,0.001800625,0.0018009999999999999,1,-0.8915875104398906,60,PASS
3602,0.0018011249999999998,0.0018014999999999997,1,-0.1957263462496177,113,PASS
3603,0.0018016249999999998,0.0018019999999999998,1,0.3100206775020806,151,PASS
3604,0.001802125,0.0018024999999999998,1,-0.30058271114067603,105,PASS
3605,0.0018026249999999998,0.0018029999999999997,1,-0.02219669253406642,126,PASS
3606,0.0018031249999999998,0.0018034999999999998,1,0.07214903929240912,133,PASS
3607,0.0018036249999999999,0.0018039999999999998,1,-1.2563908027684059,33,PASS
3608,0.0018041249999999997,0.0018044999999999997,1,-0.8000302974391328,67,PASS
3609,0.0018046249999999998,0.0018049999999999997,1,0.24946863842154543,146,PASS
3610,0.0018051249999999999,0.0018054999999999998,1,0.3404678715208129,153,PASS
3611,0.0018056249999999997,0.0018059999999999997,1,1.4834149627369813,239,PASS
3612,0.0018061249999999998,0.0018064999999999997,1,-1.5828587567482246,8,PASS
3613,0.0018066249999999999,0.0018069999999999998,1,1.4343513431602941,235,PASS
3614,0.001807125,0.0018074999999999999,1,-1.2254510944610486,35,PASS
3615,0.0018076249999999998,0.0018079999999999997,1,0.7921493233216148,187,PASS
3616,0.0018081249999999998,0.0018084999999999998,1,-0.23057895812973794,110,PASS
3617,0.001808625,0.0018089999999999998,1,1.6782603242488514,254,PASS
3618,0.0018091249999999998,0.0018094999999999997,1,-1.0107189410635606,51,PASS
3619,0.0018096249999999998,0.0018099999999999998,1,-1.5300967605571054,12,PASS
3620,0.0018101249999999999,0.0018104999999999998,1,0.21286100566634691,144,PASS
3621,0.0018106249999999997,0.0018109999999999997,1,0.8508213698253562,192,PASS
3622,0.0018111249999999998,0.0018114999999999997,1,1.0888310255378812,209,PASS
3623,0.0018116249999999999,0.0018119999999999998,1,1.3922153415383722,232,PASS
3624,0.001812125,0.0018124999999999999,1,0.6887760758741155,179,PASS
3625,0.0018126249999999998,0.0018129999999999997,1,1.6821653944738915,254,PASS
3626,0.0018131249999999998,0.0018134999999999998,1,-1.5702291415800733,9,PASS
3627,0.001813625,0.0018139999999999999,1,-0.494256492580081,90,PASS
3628,0.0018141249999999998,0.0018144999999999997,1,-1.3315037149533224,27,PASS
3629,0.0018146249999999998,0.0018149999999999998,1,0.7368093263597209,183,PASS
3630,0.001815125,0.0018154999999999998,1,-0.08170692781261257,121,PASS
3631,0.0018156249999999997,0.0018159999999999997,1,0.12554235425952243,137,PASS
3632,0.0018161249999999998,0.0018164999999999998,1,-0.7221809086274786,73,PASS
3633,0.0018166249999999999,0.0018169999999999998,1,1.290725467439674,225,PASS
3634,0.0018171249999999997,0.0018174999999999997,1,-0.09378295746576315,120,PASS
3635,0.0018176249999999998,0.0018179999999999997,1,-1.6737818471779535,1,PASS
3636,0.0018181249999999999,0.0018184999999999998,1,-1.0959969725789471,45,PASS
3637,0.001818625,0.0018189999999999999,1,0.35036069062593156,154,PASS
3638,0.0018191249999999998,0.0018194999999999997,1,0.4740913607057877,163,PASS
3639,0.0018196249999999998,0.0018199999999999998,1,0.9286854144158883,197,PASS
3640,0.001820125,0.0018204999999999999,1,-0.9860487156226505,53,PASS
3641,0.0018206249999999998,0.0018209999999999997,1,-1.309969558401855,29,PASS
3642,0.0018211249999999998,0.0018214999999999998,1,-0.20086440076295764,112,PASS
3643,0.001821625,0.0018219999999999998,1,-1.434924889110313,19,PASS
3644,0.0018221249999999997,0.0018224999999999997,1,0.5013421171005092,165,PASS
3645,0.0018226249999999998,0.0018229999999999998,1,1.166618245006845,215,PASS
3646,0.0018231249999999999,0.0018234999999999998,1,-0.25914602314925106,108,PASS
3647,0.0018236249999999997,0.0018239999999999997,1,-1.5193443365976798,13,PASS
3648,0.0018241249999999998,0.0018244999999999997,1,1.464526547329602,238,PASS
3649,0.0018246249999999999,0.0018249999999999998,1,1.5067651096785724,241,PASS
3650,0.001825125,0.0018254999999999999,1,-0.5325126213168894,87,PASS
3651,0.0018256249999999998,0.0018259999999999997,1,0.8309383087272575,190,PASS
3652,0.0018261249999999998,0.0018264999999999998,1,-1.0232592753751781,50,PASS
3653,0.001826625,0.0018269999999999998,1,0.9737198581150348,201,PASS
3654,0.0018271249999999998,0.0018274999999999997,1,-1.375745615166021,24,PASS
3655,0.0018276249999999998,0.0018279999999999998,1,0.7123867022248709,181,PASS
3656,0.0018281249999999999,0.0018284999999999998,1,-0.7756420980061831,69,PASS
3657,0.0018286249999999997,0.0018289999999999997,1,0.018847257450081978,129,PASS
3658,0.0018291249999999998,0.0018294999999999997,1,0.45315170292656304,162,PASS
3659,0.0018296249999999999,0.0018299999999999998,1,1.1662648363808306,215,PASS
3660,0.0018301249999999997,0.0018304999999999997,1,-0.11945209402157952,119,PASS
3661,0.0018306249999999998,0.0018309999999999997,1,0.014199306697406655,129,PASS
3662,0.0018311249999999999,0.0018314999999999998,1,-1.0764433366330852,46,PASS
3663,0.001831625,0.0018319999999999999,1,-0.4736332539070338,92,PASS
3664,0.0018321249999999998,0.0018324999999999997,1,-0.010647055114034965,127,PASS
3665,0.0018326249999999998,0.0018329999999999998,1,-0.2537012652899735,108,PASS
3666,0.001833125,0.0018334999999999998,1,0.1967444119796915,142,PASS
3667,0.0018336249999999998,0.0018339999999999997,1,1.6501061059446036,252,PASS
3668,0.0018341249999999998,0.0018344999999999998,1,-1.357505817142822,25,PASS
3669,0.0018346249999999999,0.0018349999999999998,1,-0.08729184793348832,121,PASS
3670,0.0018351249999999997,0.0018354999999999997,1,-1.6845585194064403,1,PASS
3671,0.0018356249999999998,0.0018359999999999997,1,-1.2917742930245566,30,PASS
3672,0.0018361249999999999,0.0018364999999999998,1,-0.8030624942211992,67,PASS
3673,0.001836625,0.0018369999999999999,1,1.50938643872374,241,PASS
3674,0.0018371249999999998,0.0018374999999999997,1,1.2099244212284919,219,PASS
3675,0.0018376249999999998,0.0018379999999999998,1,-1.6948905188229588,0,PASS
3676,0.001838125,0.0018384999999999999,1,0.754006371384959,184,PASS
3677,0.0018386249999999998,0.0018389999999999997,1,-1.3498954165342938,26,PASS
3678,0.0018391249999999998,0.0018394999999999998,1,0.1032838942467007,135,PASS
3679,0.001839625,0.0018399999999999998,1,-0.42398471575960994,96,PASS
3680,0.0018401249999999997,0.0018404999999999997,1,1.0819289250959814,209,PASS
3681,0.0018406249999999998,0.0018409999999999998,1,0.0070220210900850955,128,PASS
3682,0.0018411249999999999,0.0018414999999999998,1,0.8359200512557521,190,PASS
3683,0.0018416249999999997,0.0018419999999999997,1,0.7563221973424008,184,PASS
3684,0.0018421249999999998,0.0018424999999999997,1,1.3827189678145329,232,PASS
3685,0.0018426249999999999,0.0018429999999999998,1,0.5995559214465718,173,PASS
3686,0.001843125,0.0018434999999999999,1,0.5200996773876347,167,PASS
3687,0.0018436249999999998,0.0018439999999999997,1,-0.4531396683201272,93,PASS
3688,0.0018441249999999998,0.0018444999999999998,1,0.07571252573211096,133,PASS
3689,0.001844625,0.0018449999999999999,1,-1.2592477227605796,33,PASS
3690,0.0018451249999999998,0.0018454999999999997,1,0.973921561557787,201,PASS
3691,0.0018456249999999998,0.0018459999999999998,1,-1.5610285777475579,10,PASS
3692,0.001846125,0.0018464999999999998,1,-1.2813829419274099,31,PASS
3693,0.0018466249999999997,0.0018469999999999997,1,-0.26461333846710056,108,PASS
3694,0.0018471249999999998,0.0018474999999999998,1,-0.21944850527403625,111,PASS
3695,0.0018476249999999999,0.0018479999999999998,1,1.6278661224284316,250,PASS
3696,0.0018481249999999997,0.0018484999999999997,1,0.5071271306103402,166,PASS
3697,0.0018486249999999998,0.0018489999999999997,1,-0.19904164159313598,113,PASS
3698,0.0018491249999999999,0.0018494999999999998,1,1.5367125211061536,243,PASS
3699,0.001849625,0.0018499999999999999,1,1.5643470227169758,245,PASS
3700,0.0018501249999999998,0.0018504999999999997,1,0.23122420874012106,145,PASS
3701,0.0018506249999999998,0.0018509999999999998,1,-0.7252035655084046,73,PASS
3702,0.001851125,0.0018514999999999998,1,-0.2887349387333782,106,PASS
3703,0.0018516249999999998,0.0018519999999999997,1,1.4392025097049823,236,PASS
3704,0.0018521249999999998,0.0018524999999999998,1,0.5388838781682457,168,PASS
3705,0.0018526249999999999,0.0018529999999999998,1,-0.7518350559082203,71,PASS
3706,0.0018531249999999997,0.0018534999999999997,1,-0.008531713259538165,127,PASS
3707,0.0018536249999999998,0.0018539999999999997,1,0.6785648866024496,179,PASS
3708,0.0018541249999999999,0.0018544999999999998,1,-0.28239489165857656,106,PASS
3709,0.0018546249999999997,0.0018549999999999997,1,0.31840496985253464,151,PASS
3710,0.0018551249999999998,0.0018554999999999997,1,1.689084484238377,255,PASS
3711,0.0018556249999999999,0.0018559999999999998,1,-1.2405492625225556,34,PASS
3712,0.001856125,0.0018564999999999999,1,0.6097339467524268,173,PASS
3713,0.0018566249999999998,0.0018569999999999997,1,1.2655497445784836,223,PASS
3714,0.0018571249999999998,0.0018574999999999998,1,0.1256326096214493,137,PASS
3715,0.001857625,0.0018579999999999998,1,-0.02419407802134499,126,PASS
3716,0.0018581249999999998,0.0018584999999999997,1,-0.59926778625299,82,PASS
3717,0.0018586249999999998,0.0018589999999999998,1,0.09015388777734734,134,PASS
3718,0.0018591249999999999,0.0018594999999999998,1,0.8593111379062865,192,PASS
3719,0.0018596249999999997,0.0018599999999999997,1,0.9068509161927796,196,PASS
3720,0.0018601249999999998,0.0018604999999999997,1,0.4647473591425533,162,PASS
3721,0.0018606249999999999,0.0018609999999999998,1,0.4353708340778344,160,PASS
3722,0.001861125,0.0018614999999999999,1,1.0352534715751534,205,PASS
3723,0.0018616249999999998,0.0018619999999999997,1,-1.3968888621624835,22,PASS
3724,0.0018621249999999998,0.0018624999999999998,1,0.1771480206653515,141,PASS
3725,0.001862625,0.0018629999999999999,1,1.6413567454174525,251,PASS
3726,0.0018631249999999998,0.0018634999999999997,1,-0.5526472950184906,86,PASS
3727,0.0018636249999999998,0.0018639999999999998,1,0.9460336010231958,199,PASS
3728,0.001864125,0.0018644999999999998,1,-0.2025314492023269,112,PASS
3729,0.0018646249999999997,0.0018649999999999997,1,-0.7049489283701652,74,PASS
3730,0.0018651249999999998,0.0018654999999999998,1,-0.3873569062095459,98,PASS
3731,0.0018656249999999999,0.0018659999999999998,1,1.0868674512981122,209,PASS
3732,0.0018661249999999997,0.0018664999999999997,1,0.40846821231007824,158,PASS
3733,0.0018666249999999998,0.0018669999999999997,1,0.8497607974258783,191,PASS
3734,0.0018671249999999999,0.0018674999999999998,1,-0.49147061865028285,90,PASS
3735,0.001867625,0.0018679999999999999,1,-0.6758315261329699,77,PASS
3736,0.0018681249999999998,0.0018684999999999997,1,-1.0649087185551318,47,PASS
3737,0.0018686249999999998,0.0018689999999999998,1,1.6182717468198546,249,PASS
3738,0.001869125,0.0018694999999999999,1,-0.4448694669253117,94,PASS
3739,0.0018696249999999998,0.0018699999999999997,1,1.004376236295083,203,PASS
3740,0.0018701249999999998,0.0018704999999999998,1,-0.3774394851001859,99,PASS
3741,0.001870625,0.0018709999999999998,1,0.16332432747599657,140,PASS
3742,0.0018711249999999997,0.0018714999999999997,1,1.2387808721248625,221,PASS
3743,0.0018716249999999998,0.0018719999999999997,1,-0.9931372239540129,53,PASS
3744,0.0018721249999999999,0.0018724999999999998,1,0.15161719906192794,139,PASS
3745,0.0018726249999999997,0.0018729999999999997,1,-0.869489778756724,62,PASS
3746,0.0018731249999999998,0.0018734999999999997,1,1.642253500232859,251,PASS
3747,0.0018736249999999999,0.0018739999999999998,1,1.4307531473936603,235,PASS
3748,0.001874125,0.0018744999999999999,1,-0.12975589862586068,118,PASS
3749,0.0018746249999999998,0.0018749999999999997,1,-0.7662821826751814,70,PASS
3750,0.0018751249999999998,0.0018754999999999998,1,0.3869696069135238,157,PASS
3751,0.001875625,0.0018759999999999998,1,1.243199794233967,221,PASS
3752,0.0018761249999999998,0.0018764999999999997,1,0.4982751031344008,165,PASS
3753,0.0018766249999999998,0.0018769999999999998,1,1.153242489425627,214,PASS
3754,0.0018771249999999999,0.0018774999999999998,1,1.1428810675334702,214,PASS
3755,0.0018776249999999997,0.0018779999999999997,1,-1.1723929289645376,39,PASS
3756,0.0018781249999999998,0.0018784999999999997,1,-0.0655462763618655,123,PASS
3757,0.0018786249999999999,0.0018789999999999998,1,-0.8557762820649109,63,PASS
3758,0.0018791249999999997,0.0018794999999999997,1,-1.5072752531043434,14,PASS
3759,0.0018796249999999998,0.0018799999999999997,1,-1.3709070922772062,24,PASS
3760,0.0018801249999999999,0.0018804999999999998,1,1.5843836330037087,247,PASS
3761,0.001880625,0.0018809999999999999,1,1.1897122423644733,217,PASS
3762,0.0018811249999999998,0.0018814999999999997,1,1.3650553986515905,230,PASS
3763,0.0018816249999999998,0.0018819999999999998,1,-1.1447876789600073,41,PASS
3764,0.001882125,0.0018824999999999998,1,-0.7883306761711224,68,PASS
3765,0.0018826249999999998,0.0018829999999999997,1,-0.7877744321135542,68,PASS
3766,0.0018831249999999998,0.0018834999999999998,1,-0.22599142328489097,110,PASS
3767,0.0018836249999999999,0.0018839999999999998,1,1.1265475597814543,212,PASS
3768,0.0018841249999999997,0.0018844999999999997,1,0.17069706616426017,140,PASS
3769,0.0018846249999999998,0.0018849999999999997,1,0.30693306729499814,151,PASS
3770,0.0018851249999999999,0.0018854999999999998,1,1.1908570557425595,217,PASS
3771,0.0018856249999999997,0.0018859999999999997,1,-0.4050507737998372,97,PASS
3772,0.0018861249999999998,0.0018864999999999997,1,1.2617209118992305,223,PASS
3773,0.0018866249999999998,0.0018869999999999998,1,1.6696404198934267,253,PASS
3774,0.001887125,0.0018874999999999999,1,-0.02965001387247046,125,PASS
3775,0.0018876249999999998,0.0018879999999999997,1,0.5351141081658117,168,PASS
3776,0.0018881249999999998,0.0018884999999999998,1,1.000205316161123,203,PASS
3777,0.001888625,0.0018889999999999998,1,-1.0073089620421283,52,PASS
3778,0.0018891249999999997,0.0018894999999999997,1,-0.4515361798944548,94,PASS
3779,0.0018896249999999998,0.0018899999999999998,1,-1.5330361247291697,12,PASS
3780,0.0018901249999999999,0.0018904999999999998,1,1.5315085115013478,243,PASS
3781,0.0018906249999999997,0.0018909999999999997,1,-0.13419648391877015,117,PASS
3782,0.0018911249999999998,0.0018914999999999997,1,-0.04549492059340965,124,PASS
3783,0.0018916249999999999,0.0018919999999999998,1,-1.4519802653850702,18,PASS
3784,0.001892125,0.0018924999999999999,1,1.3077607551680608,226,PASS
3785,0.0018926249999999998,0.0018929999999999997,1,-0.4659084419417572,92,PASS
3786,0.0018931249999999998,0.0018934999999999998,1,-0.9490215925657535,56,PASS
3787,0.001893625,0.0018939999999999999,1,-0.26810335660807993,107,PASS
3788,0.0018941249999999998,0.0018944999999999997,1,-0.23775357803180652,110,PASS
3789,0.0018946249999999998,0.0018949999999999998,1,0.39244090729467707,157,PASS
3790,0.0018951249999999999,0.0018954999999999998,1,-0.009778628004392775,127,PASS
3791,0.0018956249999999997,0.0018959999999999997,1,-0.748019007617858,71,PASS
3792,0.0018961249999999998,0.0018964999999999997,1,-1.262271048773318,32,PASS
3793,0.0018966249999999999,0.0018969999999999998,1,-1.2345727952788121,35,PASS
3794,0.0018971249999999997,0.0018974999999999997,1,0.326730145971154,152,PASS
3795,0.0018976249999999998,0.0018979999999999997,1,0.7656715792208753,185,PASS
3796,0.0018981249999999999,0.0018984999999999998,1,-1.328094400785883,28,PASS
3797,0.001898625,0.0018989999999999999,1,0.20953373814704235,143,PASS
3798,0.0018991249999999998,0.0018994999999999997,1,0.9314573639892514,198,PASS
3799,0.0018996249999999998,0.0018999999999999998,1,-1.5530827423469016,11,PASS
3800,0.001900125,0.0019004999999999998,1,1.000165481796716,203,PASS
3801,0.0019006249999999998,0.0019009999999999997,1,-1.017774478670293,51,PASS
3802,0.0019011249999999998,0.0019014999999999998,1,1.0068728423065851,203,PASS
3803,0.0019016249999999999,0.0019019999999999998,1,0.36154864311812784,155,PASS
3804,0.0019021249999999997,0.0019024999999999997,1,0.4436780195962695,161,PASS
3805,0.0019026249999999998,0.0019029999999999997,1,-1.3108958825997,29,PASS
3806,0.0019031249999999999,0.0019034999999999998,1,1.263392296098637,223,PASS
3807,0.0019036249999999997,0.0019039999999999997,1,-0.350922477986092,101,PASS
3808,0.0019041249999999998,0.0019044999999999997,1,-0.3931862966217554,98,PASS
3809,0.0019046249999999999,0.0019049999999999998,1,1.2175623589062725,219,PASS
3810,0.001905125,0.0019054999999999999,1,-0.7694446694355641,70,PASS
3811,0.0019056249999999998,0.0019059999999999997,1,1.2100810959032524,219,PASS
3812,0.0019061249999999998,0.0019064999999999998,1,-0.9622391926110733,55,PASS
3813,0.001906625,0.0019069999999999998,1,1.451716942505313,237,PASS
3814,0.0019071249999999997,0.0019074999999999997,1,-0.6653236933930382,77,PASS
3815,0.0019076249999999998,0.0019079999999999998,1,1.2274055817331229,220,PASS
3816,0.0019081249999999999,0.0019084999999999998,1,-1.5916886085510664,8,PASS
3817,0.0019086249999999997,0.0019089999999999997,1,0.014714966064781398,129,PASS
3818,0.0019091249999999998,0.0019094999999999997,1,0.8928426535944711,195,PASS
3819,0.0019096249999999999,0.0019099999999999998,1,-0.6811483802163074,76,PASS
3820,0.0019101249999999997,0.0019104999999999997,1,-1.4659373001846254,17,PASS
3821,0.0019106249999999998,0.0019109999999999997,1,-0.41151104844294273,97,PASS
3822,0.0019111249999999998,0.0019114999999999998,1,0.15705607580420544,139,PASS
3823,0.001911625,0.0019119999999999999,1,-1.5304228226049916,12,PASS
3824,0.0019121249999999998,0.0019124999999999997,1,-1.0947843962128507,45,PASS
3825,0.0019126249999999998,0.0019129999999999998,1,0.29111295850134145,149,PASS
3826,0.001913125,0.0019134999999999998,1,0.28756045041442424,149,PASS
3827,0.0019136249999999997,0.0019139999999999997,1,0.7244984361009277,182,PASS
3828,0.0019141249999999998,0.0019144999999999998,1,-0.6741836672021329,77,PASS
3829,0.0019146249999999999,0.0019149999999999998,1,0.1532321868236517,139,PASS
3830,0.0019151249999999997,0.0019154999999999997,1,0.7190890583153118,182,PASS
3831,0.0019156249999999998,0.0019159999999999997,1,0.45067126895499743,161,PASS
3832,0.0019161249999999999,0.0019164999999999998,1,0.8218829886145287,189,PASS
3833,0.001916625,0.0019169999999999999,1,-1.4637472360620654,17,PASS
3834,0.0019171249999999998,0.0019174999999999997,1,0.5043299558015384,165,PASS
3835,0.0019176249999999998,0.0019179999999999998,1,-1.0575637072981356,48,PASS
3836,0.001918125,0.0019184999999999998,1,-0.35757829842073363,101,PASS
3837,0.0019186249999999998,0.0019189999999999997,1,-0.12506095221964886,118,PASS
3838,0.0019191249999999998,0.0019194999999999998,1,-1.2747368519118223,32,PASS
3839,0.0019196249999999999,0.0019199999999999998,1,-1.205141789729817,37,PASS
3840,0.0019201249999999997,0.0019204999999999997,1,-1.3707166718679396,24,PASS
3841,0.0019206249999999998,0.0019209999999999997,1,-0.8110778296110505,66,PASS
3842,0.0019211249999999999,0.0019214999999999998,1,0.7412887706105364,183,PASS
3843,0.0019216249999999997,0.0019219999999999997,1,-0.6472662698888203,79,PASS
3844,0.0019221249999999998,0.0019224999999999997,1,0.14945483102314427,139,PASS
3845,0.0019226249999999999,0.0019229999999999998,1,1.338418260839932,228,PASS
3846,0.001923125,0.0019234999999999999,1,-1.0447859366344425,49,PASS
3847,0.0019236249999999998,0.0019239999999999997,1,-0.6446117859425837,79,PASS
3848,0.0019241249999999998,0.0019244999999999998,1,0.28749701418633955,149,PASS
3849,0.001924625,0.0019249999999999998,1,-1.6542066029490456,3,PASS
3850,0.0019251249999999998,0.0019254999999999997,1,0.4432281548210637,161,PASS
3851,0.0019256249999999998,0.0019259999999999998,1,-1.2375588447660912,34,PASS
3852,0.0019261249999999999,0.0019264999999999998,1,1.5228609627990914,242,PASS
3853,0.0019266249999999997,0.0019269999999999997,1,1.4973732171342673,240,PASS
3854,0.0019271249999999998,0.0019274999999999997,1,-0.44860780964215485,94,PASS
3855,0.0019276249999999999,0.0019279999999999998,1,-0.21881829820192755,111,PASS
3856,0.0019281249999999997,0.0019284999999999997,1,0.5569474303998094,169,PASS
3857,0.0019286249999999998,0.0019289999999999997,1,0.17306650749150787,141,PASS
3858,0.0019291249999999999,0.0019294999999999998,1,1.561995946811473,245,PASS
3859,0.001929625,0.0019299999999999999,1,1.3038979873361687,226,PASS
3860,0.0019301249999999998,0.0019304999999999997,1,1.2034446205561886,218,PASS
3861,0.0019306249999999998,0.0019309999999999998,1,-0.07490332239512743,122,PASS
3862,0.001931125,0.0019314999999999998,1,0.11416706414327282,136,PASS
3863,0.0019316249999999997,0.0019319999999999997,1,-1.11790316862441,43,PASS
3864,0.0019321249999999998,0.0019324999999999998,1,1.1653786378338629,215,PASS
3865,0.0019326249999999999,0.0019329999999999998,1,-0.27454676345583073,107,PASS
3866,0.0019331249999999997,0.0019334999999999997,1,0.7283295526152356,182,PASS
3867,0.0019336249999999998,0.0019339999999999997,1,-0.7281800380442027,73,PASS
3868,0.0019341249999999999,0.0019344999999999998,1,1.2324610095729154,220,PASS
3869,0.0019346249999999997,0.0019349999999999997,1,0.14447661465475226,138,PASS
3870,0.0019351249999999998,0.0019354999999999997,1,0.05212826831918416,131,PASS
3871,0.0019356249999999998,0.0019359999999999998,1,-0.013775193710934275,126,PASS
3872,0.001936125,0.0019364999999999999,1,-1.631662175731918,5,PASS
3873,0.0019366249999999998,0.0019369999999999997,1,0.4692260773271266,163,PASS
3874,0.0019371249999999998,0.0019374999999999998,1,-0.4721724454875287,92,PASS
3875,0.001937625,0.0019379999999999998,1,0.32377594705766666,152,PASS
3876,0.0019381249999999997,0.0019384999999999997,1,0.9056139240784928,196,PASS
3877,0.0019386249999999998,0.0019389999999999998,1,-0.41257335456760136,96,PASS
3878,0.0019391249999999999,0.0019394999999999998,1,-1.3035800844449699,29,PASS
3879,0.0019396249999999997,0.0019399999999999997,1,0.18792831593320236,142,PASS
3880,0.0019401249999999998,0.0019404999999999997,1,-0.1725114080538066,115,PASS
3881,0.0019406249999999999,0.0019409999999999998,1,-0.8987924135157156,60,PASS
3882,0.001941125,0.0019414999999999999,1,0.6559796622018725,177,PASS
3883,0.0019416249999999998,0.0019419999999999997,1,1.2698873720263693,223,PASS
3884,0.0019421249999999998,0.0019424999999999998,1,0.8324818595859209,190,PASS
3885,0.001942625,0.0019429999999999998,1,0.9945437282417922,202,PASS
3886,0.0019431249999999998,0.0019434999999999997,1,0.13507504187215424,138,PASS
3887,0.0019436249999999998,0.0019439999999999998,1,1.1508675645590116,214,PASS
3888,0.0019441249999999999,0.0019444999999999998,1,1.535407536251079,243,PASS
3889,0.0019446249999999997,0.0019449999999999997,1,0.003398793781380194,128,PASS
3890,0.0019451249999999998,0.0019454999999999997,1,0.6079800735114003,173,PASS
3891,0.0019456249999999999,0.0019459999999999998,1,-1.2495587315291086,33,PASS
3892,0.0019461249999999997,0.0019464999999999997,1,0.5444982184417702,168,PASS
3893,0.0019466249999999998,0.0019469999999999997,1,0.7516938452315534,184,PASS
3894,0.0019471249999999999,0.0019474999999999998,1,0.9856212134864097,202,PASS
3895,0.001947625,0.0019479999999999999,1,1.6996005044024398,255,PASS
3896,0.0019481249999999998,0.0019484999999999997,1,1.3768670184968486,231,PASS
3897,0.0019486249999999998,0.0019489999999999998,1,-1.2649366968083413,32,PASS
3898,0.001949125,0.0019494999999999998,1,0.05021684545986749,131,PASS
3899,0.0019496249999999998,0.0019499999999999997,1,0.3312944183579154,152,PASS
3900,0.0019501249999999998,0.0019504999999999998,1,-1.5045245296276493,14,PASS
3901,0.0019506249999999999,0.0019509999999999998,1,1.3105161775906564,226,PASS
3902,0.0019511249999999997,0.0019514999999999997,1,1.6617595015186384,253,PASS
3903,0.0019516249999999998,0.0019519999999999997,1,-0.7288146903744386,73,PASS
3904,0.0019521249999999999,0.0019524999999999998,1,-1.153184632948319,41,PASS
3905,0.0019526249999999997,0.0019529999999999997,1,1.5238108356819577,242,PASS
3906,0.0019531249999999998,0.0019535,1,-0.28092466397376326,106,PASS
3907,0.001953625,0.001954,1,-0.692706881792521,75,PASS
3908,0.001954125,0.0019545,1,-1.316809147935167,28,PASS
3909,0.001954625,0.001955,1,1.374767620752374,231,PASS
3910,0.001955125,0.0019554999999999998,1,-1.3513032058523673,26,PASS
3911,0.001955625,0.001956,1,0.5641095878521403,170,PASS
3912,0.001956125,0.0019565,1,-1.0637738376254444,47,PASS
3913,0.001956625,0.001957,1,-0.7120703510937427,74,PASS
3914,0.001957125,0.0019575,1,0.7944386613118326,187,PASS
3915,0.001957625,0.001958,1,1.0060026400321889,203,PASS
3916,0.0019581250000000002,0.0019585,1,-0.8126686244150817,66,PASS
3917,0.001958625,0.001959,1,-0.840064748512117,64,PASS
3918,0.001959125,0.0019595,1,-0.6862795883425874,76,PASS
3919,0.001959625,0.00196,1,0.09984253728872705,135,PASS
3920,0.001960125,0.0019605,1,0.24694708421319267,146,PASS
3921,0.001960625,0.001961,1,0.771393697636497,186,PASS
3922,0.001961125,0.0019615,1,-1.3437824430332679,26,PASS
3923,0.001961625,0.0019619999999999998,1,0.4335988756295819,160,PASS
3924,0.001962125,0.0019625,1,-1.0254342887074173,50,PASS
3925,0.001962625,0.001963,1,-0.8693914420873404,62,PASS
3926,0.001963125,0.0019635,1,-1.605878689526614,7,PASS
3927,0.001963625,0.001964,1,-1.5773484378727827,9,PASS
3928,0.001964125,0.0019645,1,-0.2919207818345573,106,PASS
3929,0.0019646250000000002,0.001965,1,-0.3125976754485007,104,PASS
3930,0.001965125,0.0019655,1,-0.990576060493449,53,PASS
3931,0.001965625,0.001966,1,1.6371373960900886,251,PASS
3932,0.001966125,0.0019665,1,1.3817981276555733,232,PASS
3933,0.001966625,0.001967,1,0.5290792759611571,167,PASS
3934,0.001967125,0.0019675,1,-1.0548149441583115,48,PASS
3935,0.001967625,0.001968,1,-0.4530986648910189,93,PASS
3936,0.001968125,0.0019684999999999998,1,0.28505713604944205,149,PASS
3937,0.001968625,0.001969,1,-1.5912128764958902,8,PASS
3938,0.001969125,0.0019695,1,-0.7231230755570165,73,PASS
3939,0.001969625,0.00197,1,-0.895325619154083,60,PASS
3940,0.001970125,0.0019705,1,-1.5432578698020136,11,PASS
3941,0.001970625,0.001971,1,-0.1706248327632598,115,PASS
3942,0.0019711250000000002,0.0019715,1,1.2881799713866495,224,PASS
3943,0.001971625,0.001972,1,-0.3882162738319672,98,PASS
3944,0.001972125,0.0019725,1,0.9791656426538264,201,PASS
3945,0.001972625,0.001973,1,0.6583859414754347,177,PASS
3946,0.001973125,0.0019735,1,0.2209106816905626,144,PASS
3947,0.001973625,0.001974,1,-0.24602039906303896,109,PASS
3948,0.001974125,0.0019745,1,-0.6367580148136687,80,PASS
3949,0.0019746250000000003,0.001975,1,1.0034487676060702,203,PASS
3950,0.001975125,0.0019755,1,-0.7265846114494734,73,PASS
3951,0.001975625,0.001976,1,-1.5939548479330186,7,PASS
3952,0.001976125,0.0019765,1,0.42182137733138103,159,PASS
3953,0.001976625,0.001977,1,1.6728725137537348,253,PASS
3954,0.001977125,0.0019775,1,0.7675161493026581,185,PASS
3955,0.001977625,0.001978,1,-0.17119155957278198,115,PASS
3956,0.001978125,0.0019785,1,1.2248807460509508,220,PASS
3957,0.001978625,0.001979,1,1.2368169279351588,221,PASS
3958,0.001979125,0.0019795,1,0.024712662344288594,129,PASS
3959,0.001979625,0.00198,1,-0.46294061688118027,93,PASS
3960,0.001980125,0.0019805,1,-1.0379678323775385,49,PASS
3961,0.001980625,0.001981,1,0.7794387045188695,186,PASS
3962,0.0019811250000000002,0.0019815,1,-1.1479142827346132,41,PASS
3963,0.001981625,0.001982,1,-0.8189916872243473,66,PASS
3964,0.001982125,0.0019825,1,0.39909893435594035,158,PASS
3965,0.001982625,0.001983,1,0.4083427053358013,158,PASS
3966,0.001983125,0.0019835,1,1.6753848040491064,254,PASS
3967,0.001983625,0.001984,1,-1.36454471336975,25,PASS
3968,0.001984125,0.0019845,1,0.44448380476166505,161,PASS
3969,0.001984625,0.001985,1,0.4564273861913748,162,PASS
3970,0.001985125,0.0019855,1,-0.026395950181039796,126,PASS
3971,0.001985625,0.001986,1,0.31619601326918434,151,PASS
3972,0.001986125,0.0019865,1,0.5476303029809573,169,PASS
3973,0.001986625,0.001987,1,1.5456026921768287,244,PASS
3974,0.001987125,0.0019875,1,-0.32941535656145216,103,PASS
3975,0.0019876250000000002,0.001988,1,-0.6177188206701723,81,PASS
3976,0.001988125,0.0019885,1,-0.8394054722344971,64,PASS
3977,0.001988625,0.001989,1,-1.4543094874537656,18,PASS
3978,0.001989125,0.0019895,1,0.9626890826951018,200,PASS
3979,0.001989625,0.00199,1,-0.5889316589237588,83,PASS
3980,0.001990125,0.0019905,1,0.1277521773930288,137,PASS
3981,0.001990625,0.001991,1,0.554382274500284,169,PASS
3982,0.001991125,0.0019914999999999998,1,-0.5808276613277175,84,PASS
3983,0.001991625,0.001992,1,0.24215323254703103,146,PASS
3984,0.001992125,0.0019925,1,-0.09119986368293675,121,PASS
3985,0.001992625,0.001993,1,-0.9630228025697078,55,PASS
3986,0.001993125,0.0019935,1,-0.8544686830728877,63,PASS
3987,0.001993625,0.001994,1,1.1433196079383496,214,PASS
3988,0.0019941250000000002,0.0019945,1,0.16829763372289497,140,PASS
3989,0.001994625,0.001995,1,-0.3248266129520805,103,PASS
3990,0.001995125,0.0019955,1,-1.3630858012531066,25,PASS
3991,0.001995625,0.001996,1,-1.3394900118532078,27,PASS
3992,0.001996125,0.0019965,1,-0.48980500179832,91,PASS
3993,0.001996625,0.001997,1,0.47787091275222804,163,PASS
3994,0.001997125,0.0019975,1,-1.2834620995281332,31,PASS
3995,0.001997625,0.0019979999999999998,1,0.6091492454792362,173,PASS
3996,0.001998125,0.0019985,1,-1.5751863742879157,9,PASS
3997,0.001998625,0.001999,1,0.30753090792033233,151,PASS
3998,0.001999125,0.0019995,1,-0.4885071277708013,91,PASS
3999,0.001999625,0.002,1,-1.5648865234674534,10,PASS
4000,0.002000125,0.0020005,1,1.2064080971652282,218,PASS
4001,0.0020006250000000002,0.002001,1,-0.5840473518472753,84,PASS
4002,0.002001125,0.0020015,1,1.5480033045615114,244,PASS
4003,0.002001625,0.002002,1,-1.6240954933913578,5,PASS
4004,0.002002125,0.0020025,1,0.9368583522767209,198,PASS
4005,0.002002625,0.002003,1,1.6554531913765003,252,PASS
4006,0.002003125,0.0020035,1,-0.12423469096118289,118,PASS
4007,0.002003625,0.002004,1,0.26818985870806733,148,PASS
4008,0.002004125,0.0020044999999999998,1,0.39224476574421696,157,PASS
4009,0.002004625,0.002005,1,-0.9722483626411322,54,PASS
4010,0.002005125,0.0020055,1,0.8410313621200005,191,PASS
4011,0.002005625,0.002006,1,1.078247935612149,209,PASS
4012,0.002006125,0.0020065,1,1.3471158441020525,229,PASS
4013,0.002006625,0.002007,1,0.6421233151681809,176,PASS
4014,0.0020071250000000002,0.0020075,1,-1.2168758185384407,36,PASS
4015,0.002007625,0.002008,1,-1.338456371121913,27,PASS
4016,0.002008125,0.0020085,1,-0.4053097498968692,97,PASS
4017,0.002008625,0.002009,1,0.5341160965548213,168,PASS
4018,0.002009125,0.0020095,1,-0.9098417254338877,59,PASS
4019,0.002009625,0.00201,1,0.6064355966938162,173,PASS
4020,0.002010125,0.0020105,1,0.14164337594334175,138,PASS
4021,0.002010625,0.0020109999999999998,1,0.27152355149935814,148,PASS
4022,0.002011125,0.0020115,1,0.3735532071240766,156,PASS
4023,0.002011625,0.002012,1,1.2014288466742598,218,PASS
4024,0.002012125,0.0020125,1,1.6961384203444776,255,PASS
4025,0.002012625,0.002013,1,-1.4224667346601394,20,PASS
4026,0.002013125,0.0020135,1,1.284523251988029,224,PASS
4027,0.0020136250000000002,0.002014,1,1.6294401261131461,250,PASS
4028,0.002014125,0.0020145,1,-0.8198804237631245,66,PASS
4029,0.002014625,0.002015,1,-1.445284767622403,19,PASS
4030,0.002015125,0.0020155,1,-1.008862481910446,52,PASS
4031,0.002015625,0.002016,1,-0.4333994130875709,95,PASS
4032,0.002016125,0.0020165,1,0.43088607577364146,160,PASS
4033,0.002016625,0.002017,1,0.10455293220646289,135,PASS
4034,0.002017125,0.0020174999999999998,1,-1.0001121464231266,52,PASS
4035,0.002017625,0.002018,1,-1.4297355607938862,20,PASS
4036,0.002018125,0.0020185,1,-1.6168619523485108,6,PASS
4037,0.002018625,0.002019,1,0.7016646699842324,180,PASS
4038,0.002019125,0.0020195,1,0.00866451205801555,128,PASS
4039,0.002019625,0.00202,1,-0.7376870931076566,72,PASS
4040,0.0020201250000000002,0.0020205,1,0.025846193396300565,129,PASS
4041,0.002020625,0.002021,1,-1.0422422849141475,49,PASS
4042,0.002021125,0.0020215,1,0.5973051582708002,172,PASS
4043,0.002021625,0.002022,1,-0.4617757968466394,93,PASS
4044,0.002022125,0.0020225,1,0.1401260952569645,138,PASS
4045,0.002022625,0.002023,1,-0.6028307403717807,82,PASS
4046,0.002023125,0.0020235,1,0.8587303508070134,192,PASS
4047,0.0020236250000000002,0.002024,1,1.4009518843245725,233,PASS
4048,0.002024125,0.0020245,1,-0.29324723877956815,105,PASS
4049,0.002024625,0.002025,1,0.7792604364688904,186,PASS
4050,0.002025125,0.0020255,1,-0.5674946440581519,85,PASS
4051,0.002025625,0.002026,1,-0.9779541103244338,54,PASS
4052,0.002026125,0.0020265,1,-1.3066005934441822,29,PASS
4053,0.002026625,0.002027,1,0.5785552197524659,171,PASS
4054,0.002027125,0.0020275,1,1.3407205123262067,228,PASS
4055,0.002027625,0.002028,1,-0.6404503959410173,79,PASS
4056,0.002028125,0.0020285,1,-0.17932429861851595,114,PASS
4057,0.002028625,0.002029,1,-0.046052581394053105,124,PASS
4058,0.002029125,0.0020295,1,-0.8870696131667087,61,PASS
4059,0.002029625,0.00203,1,1.2690872929054502,223,PASS
4060,0.0020301250000000002,0.0020305,1,0.4022343860651352,158,PASS
4061,0.002030625,0.002031,1,0.8948713759370988,195,PASS
4062,0.002031125,0.0020315,1,0.24613456826103164,146,PASS
4063,0.002031625,0.002032,1,0.3109869034977233,151,PASS
4064,0.002032125,0.0020325,1,0.6960429216331023,180,PASS
4065,0.002032625,0.002033,1,1.575943127637714,246,PASS
4066,0.002033125,0.0020335,1,1.0266744124231526,205,PASS
4067,0.002033625,0.002034,1,0.5718009265595694,171,PASS
4068,0.002034125,0.0020345,1,0.991062627705839,202,PASS
4069,0.002034625,0.002035,1,-0.15422155403923932,116,PASS
4070,0.002035125,0.0020355,1,1.4404176745645956,236,PASS
4071,0.002035625,0.002036,1,-1.0011473401811242,52,PASS
4072,0.002036125,0.0020365,1,0.22777268274754947,145,PASS
4073,0.0020366250000000002,0.002037,1,1.4056287729819836,233,PASS
4074,0.002037125,0.0020375,1,-1.3296339451915202,27,PASS
4075,0.002037625,0.002038,1,-0.9806266125568105,54,PASS
4076,0.002038125,0.0020385,1,-0.1774260248134858,114,PASS
4077,0.002038625,0.002039,1,1.3861383543240817,232,PASS
4078,0.002039125,0.0020395,1,-0.39869880241563593,97,PASS
4079,0.002039625,0.00204,1,-0.188287923209276,113,PASS
4080,0.002040125,0.0020404999999999998,1,-1.3561705910886726,25,PASS
4081,0.002040625,0.002041,1,1.6178426429988024,249,PASS
4082,0.002041125,0.0020415,1,0.9231242294996618,197,PASS
4083,0.002041625,0.002042,1,0.40415355013578913,158,PASS
4084,0.002042125,0.0020425,1,0.5481931556645068,169,PASS
4085,0.002042625,0.002043,1,0.46828895559633144,163,PASS
4086,0.0020431250000000002,0.0020435,1,1.0987889171953846,210,PASS
4087,0.002043625,0.002044,1,-0.1796669152134427,114,PASS
4088,0.002044125,0.0020445,1,1.4317280335720215,235,PASS
4089,0.002044625,0.002045,1,-0.8581438614517866,63,PASS
4090,0.002045125,0.0020455,1,-1.0061364336033995,52,PASS
4091,0.002045625,0.002046,1,1.1907911535264908,217,PASS
4092,0.002046125,0.0020465,1,-0.44208098622644476,94,PASS
4093,0.002046625,0.0020469999999999998,1,-0.6870186436344894,76,PASS
4094,0.002047125,0.0020475,1,-1.2260648026705399,35,PASS
4095,0.002047625,0.002048,1,1.1093084622260239,211,PASS
4096,0.002048125,0.0020485,1,1.170814879304922,216,PASS
4097,0.002048625,0.002049,1,0.6171051128792031,174,PASS
4098,0.002049125,0.0020495,1,1.0705321487576283,208,PASS
4099,0.0020496250000000002,0.00205,1,1.2088092405634707,219,PASS
4100,0.002050125,0.0020505,1,-1.5673779269115664,9,PASS
4101,0.002050625,0.002051,1,0.17943245996547352,141,PASS
4102,0.002051125,0.0020515,1,1.0014012048208023,203,PASS
4103,0.002051625,0.002052,1,1.2061094798429306,218,PASS
4104,0.002052125,0.0020525,1,0.5318636747236452,168,PASS
4105,0.002052625,0.002053,1,-0.3764044862620468,99,PASS
4106,0.002053125,0.0020534999999999998,1,0.7496963565595738,184,PASS
4107,0.002053625,0.002054,1,0.715473318192341,181,PASS
4108,0.002054125,0.0020545,1,-1.114375194051588,44,PASS
4109,0.002054625,0.002055,1,-0.8417512665651609,64,PASS
4110,0.002055125,0.0020555,1,-0.1651988863733338,115,PASS
4111,0.002055625,0.002056,1,1.352071177850674,229,PASS
4112,0.0020561250000000002,0.0020565,1,-0.5113584970897389,89,PASS
4113,0.002056625,0.002057,1,-0.1519395004007218,116,PASS
4114,0.002057125,0.0020575,1,0.46250217035652663,162,PASS
4115,0.002057625,0.002058,1,0.6367292821463792,175,PASS
4116,0.002058125,0.0020585,1,-0.7179207215050263,73,PASS
4117,0.002058625,0.002059,1,-1.4494174846269952,18,PASS
4118,0.002059125,0.0020595,1,1.2598718079558286,222,PASS
4119,0.002059625,0.0020599999999999998,1,-1.4946539708004383,15,PASS
4120,0.002060125,0.0020605,1,1.525898723185412,242,PASS
4121,0.002060625,0.002061,1,-0.6487435984579721,79,PASS
4122,0.002061125,0.0020615,1,-0.6967842296451414,75,PASS
4123,0.002061625,0.002062,1,-0.4899460429290985,91,PASS
4124,0.002062125,0.0020625,1,-1.48794198424505,15,PASS
4125,0.0020626250000000002,0.002063,1,0.7656375516411973,185,PASS
4126,0.002063125,0.0020635,1,0.5290822406514442,167,PASS
4127,0.002063625,0.002064,1,-1.1469818694605185,41,PASS
4128,0.002064125,0.0020645,1,-1.1790606614109622,39,PASS
4129,0.002064625,0.002065,1,0.6432144526225116,176,PASS
4130,0.002065125,0.0020655,1,1.4678930654671773,238,PASS
4131,0.002065625,0.002066,1,-0.5477101678947458,86,PASS
4132,0.002066125,0.0020664999999999998,1,1.0126669825222778,204,PASS
4133,0.002066625,0.002067,1,0.10378297354944066,135,PASS
4134,0.002067125,0.0020675,1,-1.4018624979358938,22,PASS
4135,0.002067625,0.002068,1,-1.6350564020358638,4,PASS
4136,0.002068125,0.0020685,1,0.9449210636846159,199,PASS
4137,0.002068625,0.002069,1,1.1596643050572724,215,PASS
4138,0.0020691250000000002,0.0020695,1,0.08689032820009257,134,PASS
4139,0.002069625,0.00207,1,0.2536464294410288,147,PASS
4140,0.002070125,0.0020705,1,-0.08739824748156066,121,PASS
4141,0.002070625,0.002071,1,-0.9694592883968267,55,PASS
4142,0.002071125,0.0020715,1,0.4604625618359284,162,PASS
4143,0.002071625,0.002072,1,-0.4079740132113103,97,PASS
4144,0.002072125,0.0020725,1,-1.097833786564455,45,PASS
4145,0.002072625,0.0020729999999999998,1,-0.4166228028689196,96,PASS
4146,0.002073125,0.0020735,1,0.34498331219092937,153,PASS
4147,0.002073625,0.002074,1,-1.5920184238095074,8,PASS
4148,0.002074125,0.0020745,1,1.5703401371678012,246,PASS
4149,0.002074625,0.002075,1,-0.2529180195567762,108,PASS
4150,0.002075125,0.0020755,1,-0.042041656518918114,124,PASS
4151,0.002075625,0.002076,1,-0.04306497438498291,124,PASS
4152,0.002076125,0.0020765,1,-0.9625187312941228,55,PASS
4153,0.002076625,0.002077,1,-0.061774490884069166,123,PASS
4154,0.002077125,0.0020775,1,-0.3866890926872266,98,PASS
4155,0.002077625,0.002078,1,-0.5895207619584477,83,PASS
4156,0.002078125,0.0020785,1,0.42110312209932066,159,PASS
4157,0.002078625,0.002079,1,0.4424505852058329,161,PASS
4158,0.0020791250000000002,0.0020795,1,-0.10910321939938772,119,PASS
4159,0.002079625,0.00208,1,1.2235928949990031,220,PASS
4160,0.002080125,0.0020805,1,0.09518937300715247,135,PASS
4161,0.002080625,0.002081,1,1.0147710494532285,204,PASS
4162,0.002081125,0.0020815,1,0.10743903629679163,136,PASS
4163,0.002081625,0.002082,1,-0.1613558851033552,115,PASS
4164,0.002082125,0.0020825,1,0.9751900884798566,201,PASS
4165,0.002082625,0.0020829999999999998,1,0.15478515362888112,139,PASS
4166,0.002083125,0.0020835,1,1.4770057135414587,239,PASS
4167,0.002083625,0.002084,1,0.780363779936897,186,PASS
4168,0.002084125,0.0020845,1,1.2681632426313445,223,PASS
4169,0.002084625,0.002085,1,0.6024375320218158,173,PASS
4170,0.002085125,0.0020855,1,0.5991189010169726,173,PASS
4171,0.0020856250000000002,0.002086,1,-0.3727749256797104,99,PASS
4172,0.002086125,0.0020865,1,1.0508145232652037,207,PASS
4173,0.002086625,0.002087,1,1.340899730352387,228,PASS
4174,0.002087125,0.0020875,1,-0.5866790167582692,83,PASS
4175,0.002087625,0.002088,1,-1.3126044891048438,29,PASS
4176,0.002088125,0.0020885,1,-1.6257254307551146,5,PASS
4177,0.002088625,0.002089,1,-1.1410254930260222,42,PASS
4178,0.002089125,0.0020894999999999998,1,-0.46624737383481296,92,PASS
4179,0.002089625,0.00209,1,-1.2310474124017283,35,PASS
4180,0.002090125,0.0020905,1,-0.721496702151059,73,PASS
4181,0.002090625,0.002091,1,0.4272945290111452,160,PASS
4182,0.002091125,0.0020915,1,-1.2882170748276054,31,PASS
4183,0.002091625,0.002092,1,0.09274425384164564,134,PASS
4184,0.0020921250000000002,0.0020925,1,1.2615193365035269,222,PASS
4185,0.002092625,0.002093,1,-1.1413325326650723,42,PASS
4186,0.002093125,0.0020935,1,-1.6642004186465291,2,PASS
4187,0.002093625,0.002094,1,0.6026612280825068,173,PASS
4188,0.002094125,0.0020945,1,-1.582646172764067,8,PASS
4189,0.002094625,0.002095,1,0.6947882273129584,180,PASS
4190,0.002095125,0.0020955,1,0.44701801742526137,161,PASS
4191,0.002095625,0.0020959999999999998,1,-1.4917202749567002,15,PASS
4192,0.002096125,0.0020965,1,0.6974868189206067,180,PASS
4193,0.002096625,0.002097,1,0.7769913732986262,186,PASS
4194,0.002097125,0.0020975,1,0.05678162165853662,132,PASS
4195,0.002097625,0.002098,1,1.6899470395550644,255,PASS
4196,0.002098125,0.0020985,1,-1.046492623796812,49,PASS
4197,0.0020986250000000002,0.002099,1,1.073551121679184,208,PASS
4198,0.002099125,0.0020995,1,0.5136385169633388,166,PASS
4199,0.002099625,0.0021,1,-1.5025232933889616,14,PASS
4200,0.002100125,0.0021005,1,1.0427446472564543,206,PASS
4201,0.002100625,0.002101,1,0.2023800678251324,143,PASS
4202,0.002101125,0.0021015,1,-0.8418622253941453,64,PASS
4203,0.002101625,0.002102,1,1.4885844856548778,240,PASS
4204,0.002102125,0.0021024999999999998,1,0.4713473266917083,163,PASS
4205,0.002102625,0.002103,1,-0.33254388043604344,102,PASS
4206,0.002103125,0.0021035,1,0.9944004064472007,202,PASS
4207,0.002103625,0.002104,1,0.17047082602999408,140,PASS
4208,0.002104125,0.0021045,1,0.6755776279995651,178,PASS
4209,0.002104625,0.002105,1,1.361912832434223,230,PASS
4210,0.0021051250000000002,0.0021055,1,1.4651406674393914,238,PASS
4211,0.002105625,0.002106,1,-1.2283554766898446,35,PASS
4212,0.002106125,0.0021065,1,0.29081900060926924,149,PASS
4213,0.002106625,0.002107,1,-0.3856738277451315,98,PASS
4214,0.002107125,0.0021075,1,-0.12900832968548026,118,PASS
4215,0.002107625,0.002108,1,-1.5504993137614307,11,PASS
4216,0.002108125,0.0021085,1,-1.2539454543736723,33,PASS
4217,0.002108625,0.0021089999999999998,1,1.1181724158082862,212,PASS
4218,0.002109125,0.0021095,1,0.9472108282414122,199,PASS
4219,0.002109625,0.00211,1,-1.1441947977280216,41,PASS
4220,0.002110125,0.0021105,1,0.7065723958143224,181,PASS
4221,0.002110625,0.002111,1,0.000981411008785793,128,PASS
4222,0.002111125,0.0021115,1,1.3540241303640224,229,PASS
4223,0.0021116250000000002,0.002112,1,-0.3685609948526922,100,PASS
4224,0.002112125,0.0021125,1,-0.6531178986454576,78,PASS
4225,0.002112625,0.002113,1,-1.610780973956469,6,PASS
4226,0.002113125,0.0021135,1,-0.8629594339714515,63,PASS
4227,0.002113625,0.002114,1,-1.6715170385550224,2,PASS
4228,0.002114125,0.0021145,1,-0.08324911909367883,121,PASS
4229,0.002114625,0.002115,1,-0.6845531219561474,76,PASS
4230,0.002115125,0.0021154999999999998,1,-0.28569251972124365,106,PASS
4231,0.002115625,0.002116,1,-1.1136485055255156,44,PASS
4232,0.002116125,0.0021165,1,0.09944206743571904,135,PASS
4233,0.002116625,0.002117,1,0.4988450288652986,165,PASS
4234,0.002117125,0.0021175,1,-0.5002294448893227,90,PASS
4235,0.002117625,0.002118,1,-0.828460933250949,65,PASS
4236,0.002118125,0.0021185,1,0.6691395875635922,178,PASS
4237,0.002118625,0.002119,1,1.0522006642849029,207,PASS
4238,0.002119125,0.0021195,1,-0.392071446879932,98,PASS
4239,0.002119625,0.00212,1,0.7073966995945453,181,PASS
4240,0.002120125,0.0021205,1,1.5370971230148072,243,PASS
4241,0.002120625,0.002121,1,0.5180221416738429,167,PASS
4242,0.002121125,0.0021215,1,1.1115408472138009,211,PASS
4243,0.002121625,0.0021219999999999998,1,1.6536795435925267,252,PASS
4244,0.002122125,0.0021225,1,-0.004838466808000597,127,PASS
4245,0.002122625,0.002123,1,1.6165793656615703,249,PASS
4246,0.002123125,0.0021235,1,-1.1539464736206995,41,PASS
4247,0.002123625,0.002124,1,0.1998359491701609,143,PASS
4248,0.002124125,0.0021245,1,-0.07360179671025269,122,PASS
4249,0.002124625,0.002125,1,-0.019864459712108706,126,PASS
4250,0.002125125,0.0021255,1,-1.6120700057489257,6,PASS
4251,0.002125625,0.002126,1,1.6390369636223399,251,PASS
4252,0.002126125,0.0021265,1,-1.263674330329519,32,PASS
4253,0.002126625,0.002127,1,-1.3230929797681572,28,PASS
4254,0.002127125,0.0021275,1,1.006829527112805,203,PASS
4255,0.002127625,0.002128,1,1.1529248326400812,214,PASS
4256,0.0021281250000000002,0.0021285,1,-0.3598812909320668,100,PASS
4257,0.002128625,0.002129,1,0.30375477548851504,150,PASS
4258,0.002129125,0.0021295,1,1.0139845910944214,204,PASS
4259,0.002129625,0.00213,1,1.4632244194496493,238,PASS
4260,0.002130125,0.0021305,1,-1.1911337222119633,38,PASS
4261,0.002130625,0.002131,1,0.7314119936758823,183,PASS
4262,0.002131125,0.0021315,1,-0.023663589165617838,126,PASS
4263,0.002131625,0.0021319999999999998,1,1.4441812225573825,236,PASS
4264,0.002132125,0.0021325,1,0.09695620672430216,135,PASS
4265,0.002132625,0.002133,1,-1.468870650245221,17,PASS
4266,0.002133125,0.0021335,1,1.5979159069883677,248,PASS
4267,0.002133625,0.002134,1,1.5101760680998846,241,PASS
4268,0.002134125,0.0021345,1,-1.3637868091861782,25,PASS
4269,0.0021346250000000002,0.002135,1,-1.0620372549639807,48,PASS
4270,0.002135125,0.0021355,1,-1.3878882514127568,23,PASS
4271,0.002135625,0.002136,1,-0.04305951684387144,124,PASS
4272,0.002136125,0.0021365,1,-1.2811229878203618,31,PASS
4273,0.002136625,0.002137,1,1.201421308531615,218,PASS
4274,0.002137125,0.0021375,1,-0.4651282463452533,92,PASS
4275,0.002137625,0.002138,1,0.5401160209977969,168,PASS
4276,0.002138125,0.0021384999999999998,1,0.2453910754050712,146,PASS
4277,0.002138625,0.002139,1,1.5129665775559593,241,PASS
4278,0.002139125,0.0021395,1,1.1824252127190118,217,PASS
4279,0.002139625,0.00214,1,0.9514060819057535,199,PASS
4280,0.002140125,0.0021405,1,-1.648689548710058,3,PASS
4281,0.002140625,0.002141,1,-0.294537976953821,105,PASS
4282,0.0021411250000000002,0.0021415,1,0.5528970048603183,169,PASS
4283,0.002141625,0.002142,1,-0.20943319891092926,112,PASS
4284,0.002142125,0.0021425,1,-1.3394520620288595,27,PASS
4285,0.002142625,0.002143,1,-1.028072957650585,50,PASS
4286,0.002143125,0.0021435,1,0.5216962672187166,167,PASS
4287,0.002143625,0.002144,1,-1.6299555236128833,5,PASS
4288,0.002144125,0.0021445,1,0.05890063018829328,132,PASS
4289,0.002144625,0.0021449999999999998,1,-0.3572144324950144,101,PASS
4290,0.002145125,0.0021455,1,-1.3424995635663615,26,PASS
4291,0.002145625,0.002146,1,0.975012110188018,201,PASS
4292,0.002146125,0.0021465,1,0.5136532642409557,166,PASS
4293,0.002146625,0.002147,1,1.3995453929275252,233,PASS
4294,0.002147125,0.0021475,1,0.7263953976858721,182,PASS
4295,0.0021476250000000002,0.002148,1,1.1879769808335225,217,PASS
4296,0.002148125,0.0021485,1,0.8634884638592786,193,PASS
4297,0.002148625,0.002149,1,-0.6748245037867362,77,PASS
4298,0.002149125,0.0021495,1,0.4097957642048875,158,PASS
4299,0.002149625,0.00215,1,0.8954511550485169,195,PASS
4300,0.002150125,0.0021505,1,0.5795723122994796,171,PASS
4301,0.002150625,0.002151,1,-1.260797887342492,33,PASS
4302,0.002151125,0.0021514999999999998,1,0.7560603547244431,184,PASS
4303,0.002151625,0.002152,1,1.6448545210118704,251,PASS
4304,0.002152125,0.0021525,1,-0.07350214180694215,122,PASS
4305,0.002152625,0.002153,1,0.6709944262677092,178,PASS
4306,0.002153125,0.0021535,1,-1.0536594387612466,48,PASS
4307,0.002153625,0.002154,1,-0.7570314181301662,70,PASS
4308,0.0021541250000000002,0.0021545,1,1.1030270611100883,211,PASS
4309,0.002154625,0.002155,1,-0.7232239781438592,73,PASS
4310,0.002155125,0.0021555,1,-0.1423073914177888,117,PASS
4311,0.002155625,0.002156,1,-1.2567235365277214,33,PASS
4312,0.002156125,0.0021565,1,0.2827975381274843,149,PASS
4313,0.002156625,0.002157,1,0.09356431500753093,135,PASS
4314,0.002157125,0.0021575,1,0.41294275309585404,159,PASS
4315,0.002157625,0.0021579999999999998,1,-0.6165905929233677,81,PASS
4316,0.002158125,0.0021585,1,-0.034588038371240026,125,PASS
4317,0.002158625,0.002159,1,-1.3146361315523447,29,PASS
4318,0.002159125,0.0021595,1,1.2697710923335228,223,PASS
4319,0.002159625,0.00216,1,-0.19083653621776553,113,PASS
4320,0.002160125,0.0021605,1,-1.2290811490198565,35,PASS
4321,0.0021606250000000002,0.002161,1,0.39431102790383643,157,PASS
4322,0.002161125,0.0021615,1,0.9295593857111062,197,PASS
4323,0.002161625,0.002162,1,0.08622541005640061,134,PASS
4324,0.002162125,0.0021625,1,1.0207307594286565,204,PASS
4325,0.002162625,0.002163,1,-1.297119405032819,30,PASS
4326,0.002163125,0.0021635,1,1.5064249302758832,241,PASS
4327,0.002163625,0.002164,1,-1.2526350101889725,33,PASS
4328,0.002164125,0.0021644999999999998,1,-0.062199598236867715,123,PASS
4329,0.002164625,0.002165,1,0.723063115949947,182,PASS
4330,0.002165125,0.0021655,1,0.20794034923545746,143,PASS
4331,0.002165625,0.002166,1,-0.3372902606539965,102,PASS
4332,0.002166125,0.0021665,1,1.326100694523474,227,PASS
4333,0.002166625,0.002167,1,-1.2646394541069907,32,PASS
4334,0.002167125,0.0021675,1,0.8464584888725641,191,PASS
4335,0.002167625,0.002168,1,-1.106771673254653,44,PASS
4336,0.002168125,0.0021685,1,-1.3420059021764645,26,PASS
4337,0.002168625,0.002169,1,-1.134720853172981,42,PASS
4338,0.002169125,0.0021695,1,0.6416359191836454,176,PASS
4339,0.002169625,0.00217,1,-1.5375296215798908,12,PASS
4340,0.002170125,0.0021705,1,0.289926848135895,149,PASS
4341,0.002170625,0.0021709999999999998,1,0.5375241359709804,168,PASS
4342,0.002171125,0.0021715,1,0.27301735127248117,148,PASS
4343,0.002171625,0.002172,1,-0.6945589838397077,75,PASS
4344,0.002172125,0.0021725,1,-1.115107851242911,44,PASS
4345,0.002172625,0.002173,1,-0.3695634533538268,100,PASS
4346,0.002173125,0.0021735,1,1.634963557603889,251,PASS
4347,0.002173625,0.002174,1,-0.8201804447430135,66,PASS
4348,0.002174125,0.0021745,1,0.3688379655227483,155,PASS
4349,0.002174625,0.002175,1,-1.1642533238765274,40,PASS
4350,0.002175125,0.0021755,1,-1.354121837894004,26,PASS
4351,0.002175625,0.002176,1,-0.12379863560851767,118,PASS
4352,0.002176125,0.0021765,1,0.3906140255468522,157,PASS
4353,0.002176625,0.002177,1,-0.7328052769176312,72,PASS
4354,0.0021771250000000002,0.0021775,1,1.4267909597881825,235,PASS
4355,0.002177625,0.002178,1,1.4268606211069736,235,PASS
4356,0.002178125,0.0021785,1,-1.3988663763143032,22,PASS
4357,0.002178625,0.002179,1,1.0672258279054783,208,PASS
4358,0.002179125,0.0021795,1,-1.1862276087445616,38,PASS
4359,0.002179625,0.00218,1,-0.43434562480244754,95,PASS
4360,0.002180125,0.0021805,1,0.7711871417938092,186,PASS
4361,0.002180625,0.0021809999999999998,1,-0.3516870285271465,101,PASS
4362,0.002181125,0.0021815,1,0.8232207752381091,189,PASS
4363,0.002181625,0.002182,1,0.33989079691505597,153,PASS
4364,0.002182125,0.0021825,1,1.3109440107532613,226,PASS
4365,0.002182625,0.002183,1,-1.3164193687305685,28,PASS
4366,0.002183125,0.0021835,1,1.4319258025010557,235,PASS
4367,0.0021836250000000002,0.002184,1,1.0973744471311087,210,PASS
4368,0.002184125,0.0021845,1,0.6001017879339783,173,PASS
4369,0.002184625,0.002185,1,0.876644566807488,194,PASS
4370,0.002185125,0.0021855,1,0.4938316429784264,165,PASS
4371,0.002185625,0.002186,1,-1.678352363280033,1,PASS
4372,0.002186125,0.0021865,1,-1.040961126421763,49,PASS
4373,0.002186625,0.002187,1,-0.05412319955433009,123,PASS
4374,0.002187125,0.0021874999999999998,1,-0.9702722233079971,54,PASS
4375,0.002187625,0.002188,1,-0.549839970444175,86,PASS
4376,0.002188125,0.0021885,1,-1.3226273729021507,28,PASS
4377,0.002188625,0.002189,1,0.15653341970760737,139,PASS
4378,0.002189125,0.0021895,1,-0.255413334257351,108,PASS
4379,0.002189625,0.00219,1,0.7428326475389808,183,PASS
4380,0.0021901250000000002,0.0021905,1,-1.1080260418563697,44,PASS
4381,0.002190625,0.002191,1,-1.1685104976262664,40,PASS
4382,0.002191125,0.0021915,1,-1.3044110055420057,29,PASS
4383,0.002191625,0.002192,1,1.3593266660108048,230,PASS
4384,0.002192125,0.0021925,1,0.6892746982552407,179,PASS
4385,0.002192625,0.002193,1,1.279461071195213,224,PASS
4386,0.002193125,0.0021935,1,-1.1061205771736993,44,PASS
4387,0.002193625,0.0021939999999999998,1,-0.6942902444647208,75,PASS
4388,0.002194125,0.0021945,1,0.8365108145461375,190,PASS
4389,0.002194625,0.002195,1,-0.7504446588462954,71,PASS
4390,0.002195125,0.0021955,1,-0.5515418687117897,86,PASS
4391,0.002195625,0.002196,1,-0.29139653789073305,106,PASS
4392,0.002196125,0.0021965,1,-0.0827131355974382,121,PASS
4393,0.0021966250000000002,0.002197,1,-1.2252091852019649,35,PASS
4394,0.002197125,0.0021975,1,1.4963716660260464,240,PASS
4395,0.002197625,0.002198,1,0.3610500537174175,155,PASS
4396,0.002198125,0.0021985,1,1.3567366773308998,230,PASS
4397,0.002198625,0.002199,1,0.3497081555177013,154,PASS
4398,0.002199125,0.0021995,1,-1.2168775496999373,36,PASS
4399,0.002199625,0.0022,1,1.635186253357374,251,PASS
4400,0.002200125,0.0022004999999999998,1,0.842183943482157,191,PASS
4401,0.002200625,0.002201,1,1.2070719135576728,218,PASS
4402,0.002201125,0.0022015,1,0.6154824038265969,174,PASS
4403,0.002201625,0.002202,1,-1.6249837676597607,5,PASS
4404,0.002202125,0.0022025,1,1.5489102285233496,244,PASS
4405,0.002202625,0.002203,1,-1.5091253492085581,14,PASS
4406,0.0022031250000000002,0.0022035,1,-1.5046021705328676,14,PASS
4407,0.002203625,0.002204,1,-0.47480908420025636,92,PASS
4408,0.002204125,0.0022045,1,-0.5385498827482049,87,PASS
4409,0.002204625,0.002205,1,0.09908896065755379,135,PASS
4410,0.002205125,0.0022055,1,0.379375425682144,156,PASS
4411,0.002205625,0.002206,1,1.0975425468063074,210,PASS
4412,0.002206125,0.0022065,1,1.6430699662507864,251,PASS
4413,0.002206625,0.0022069999999999998,1,0.9723221992605173,201,PASS
4414,0.002207125,0.0022075,1,1.4233627615673414,235,PASS
4415,0.002207625,0.002208,1,1.539144240832756,243,PASS
4416,0.002208125,0.0022085,1,0.44201388848118106,161,PASS
4417,0.002208625,0.002209,1,-0.7074328668696604,74,PASS
4418,0.002209125,0.0022095,1,-1.1535805236027232,41,PASS
4419,0.0022096250000000002,0.00221,1,-1.4387462223735232,19,PASS
4420,0.002210125,0.0022105,1,0.5078627457540084,166,PASS
4421,0.002210625,0.002211,1,1.437306275885869,236,PASS
4422,0.002211125,0.0022115,1,0.7044254615944274,181,PASS
4423,0.002211625,0.002212,1,0.2714470184273954,148,PASS
4424,0.002212125,0.0022125,1,1.341577113901505,229,PASS
4425,0.002212625,0.002213,1,0.5802386325400122,171,PASS
4426,0.002213125,0.0022134999999999998,1,-0.07173237851484404,122,PASS
4427,0.002213625,0.002214,1,1.1061013484722337,211,PASS
4428,0.002214125,0.0022145,1,0.933359818143418,198,PASS
4429,0.002214625,0.002215,1,1.4546908570470738,237,PASS
4430,0.002215125,0.0022155,1,1.0495743881659687,207,PASS
4431,0.002215625,0.002216,1,-0.5975531807644481,83,PASS
4432,0.002216125,0.0022165,1,1.5100308649967735,241,PASS
4433,0.002216625,0.002217,1,0.0008098779994714089,128,PASS
4434,0.002217125,0.0022175,1,-1.5972505930012817,7,PASS
4435,0.002217625,0.002218,1,0.7166260591484395,181,PASS
4436,0.002218125,0.0022185,1,-0.17521993589087104,114,PASS
4437,0.002218625,0.002219,1,-0.004892906426647414,127,PASS
4438,0.002219125,0.0022195,1,0.979303587921782,201,PASS
4439,0.002219625,0.0022199999999999998,1,0.24922630350374986,146,PASS
4440,0.002220125,0.0022205,1,-0.4370793945977307,95,PASS
4441,0.002220625,0.002221,1,-1.0672298841441836,47,PASS
4442,0.002221125,0.0022215,1,0.4630372820785855,162,PASS
4443,0.002221625,0.002222,1,0.33995264138614245,153,PASS
4444,0.002222125,0.0022225,1,-1.6311241073829486,5,PASS
4445,0.002222625,0.002223,1,-0.5501427802831873,86,PASS
4446,0.002223125,0.0022234999999999998,1,0.965627733323781,200,PASS
4447,0.002223625,0.002224,1,1.3936324714536286,232,PASS
4448,0.002224125,0.0022245,1,0.6144966972746311,174,PASS
4449,0.002224625,0.002225,1,0.9715781735270885,201,PASS
4450,0.002225125,0.0022255,1,-0.15753318044497222,116,PASS
4451,0.002225625,0.002226,1,-0.9271473128104399,58,PASS
4452,0.0022261250000000002,0.0022265,1,-0.3559472324313071,101,PASS
4453,0.002226625,0.002227,1,-0.5095650666326905,89,PASS
4454,0.002227125,0.0022275,1,0.7435204109389935,183,PASS
4455,0.002227625,0.002228,1,0.006162309108273867,128,PASS
4456,0.002228125,0.0022285,1,0.6345229362834439,175,PASS
4457,0.002228625,0.002229,1,0.9013201165737981,195,PASS
4458,0.002229125,0.0022295,1,-0.2542534440919304,108,PASS
4459,0.002229625,0.0022299999999999998,1,-1.3228255809007647,28,PASS
4460,0.002230125,0.0022305,1,1.142361998145262,214,PASS
4461,0.002230625,0.002231,1,1.238337500922461,221,PASS
4462,0.002231125,0.0022315,1,-0.6918137685756149,75,PASS
4463,0.002231625,0.002232,1,-0.28384579642698027,106,PASS
4464,0.002232125,0.0022325,1,0.2949080746190611,150,PASS
4465,0.0022326250000000002,0.002233,1,-1.504835503687524,14,PASS
4466,0.002233125,0.0022335,1,-0.6057018342314713,82,PASS
4467,0.002233625,0.002234,1,1.2272291622629814,220,PASS
4468,0.002234125,0.0022345,1,-0.20222919313445242,112,PASS
4469,0.002234625,0.002235,1,0.7532041748719014,184,PASS
4470,0.002235125,0.0022355,1,-0.9448825128596016,56,PASS
4471,0.002235625,0.002236,1,1.6751915120745056,254,PASS
4472,0.002236125,0.0022364999999999998,1,1.196415357830438,218,PASS
4473,0.002236625,0.002237,1,0.33941593611626897,153,PASS
4474,0.002237125,0.0022375,1,1.4497121801253667,237,PASS
4475,0.002237625,0.002238,1,1.434480044769465,236,PASS
4476,0.002238125,0.0022385,1,0.46814535441924465,163,PASS
4477,0.002238625,0.002239,1,0.9436330659448962,199,PASS
4478,0.0022391250000000002,0.0022395,1,1.2706667185030576,223,PASS
4479,0.002239625,0.00224,1,0.9838630415312706,202,PASS
4480,0.002240125,0.0022405,1,0.8613335581917914,192,PASS
4481,0.002240625,0.002241,1,0.05327965082071673,132,PASS
4482,0.002241125,0.0022415,1,0.42589242185646703,160,PASS
4483,0.002241625,0.002242,1,-0.14205931317536336,117,PASS
4484,0.002242125,0.0022425,1,-0.30894893849357374,104,PASS
4485,0.002242625,0.0022429999999999998,1,-0.08395370164400418,121,PASS
4486,0.002243125,0.0022435,1,-0.9141256898807528,59,PASS
4487,0.002243625,0.002244,1,-1.5834531041887745,8,PASS
4488,0.002244125,0.0022445,1,0.1363370681350229,138,PASS
4489,0.002244625,0.002245,1,0.35397480727622654,154,PASS
4490,0.002245125,0.0022455,1,1.0415710331559518,206,PASS
4491,0.0022456250000000002,0.002246,1,0.7817284469377668,186,PASS
4492,0.002246125,0.0022465,1,-0.5425619618579662,87,PASS
4493,0.002246625,0.002247,1,0.3052583423713744,150,PASS
4494,0.002247125,0.0022475,1,-0.9882798998115404,53,PASS
4495,0.002247625,0.002248,1,-1.028387330266548,50,PASS
4496,0.002248125,0.0022485,1,-0.004769413048260285,127,PASS
4497,0.002248625,0.002249,1,1.2528284920237927,222,PASS
4498,0.002249125,0.0022494999999999998,1,0.14083237647545133,138,PASS
4499,0.002249625,0.00225,1,-1.5988540575486248,7,PASS
4500,0.002250125,0.0022505,1,1.3251716824218456,227,PASS
4501,0.002250625,0.002251,1,-0.4938530360967388,90,PASS
4502,0.002251125,0.0022515,1,-0.6841272528131539,76,PASS
4503,0.002251625,0.002252,1,1.0010088271618949,203,PASS
4504,0.0022521250000000002,0.0022525,1,0.836604520089647,190,PASS
4505,0.002252625,0.002253,1,-1.3406558878301331,27,PASS
4506,0.002253125,0.0022535,1,0.35038582723312817,154,PASS
4507,0.002253625,0.002254,1,0.6002263388974034,173,PASS
4508,0.002254125,0.0022545,1,1.4071475286878938,233,PASS
4509,0.002254625,0.002255,1,0.18915201169077323,142,PASS
4510,0.002255125,0.0022555,1,-0.5747209988166728,84,PASS
4511,0.002255625,0.0022559999999999998,1,-0.4704840493398468,92,PASS
4512,0.002256125,0.0022565,1,-0.6225367525847403,81,PASS
4513,0.002256625,0.002257,1,-1.4039264491432994,22,PASS
4514,0.002257125,0.0022575,1,-0.6953238066361742,75,PASS
4515,0.002257625,0.002258,1,-0.8307675944925065,65,PASS
4516,0.002258125,0.0022585,1,0.8435447396784872,191,PASS
4517,0.002258625,0.002259,1,1.2338493124125238,220,PASS
4518,0.002259125,0.0022595,1,1.3511067271189108,229,PASS
4519,0.002259625,0.00226,1,-0.6011069505020585,82,PASS
4520,0.002260125,0.0022605,1,-0.20682983062329097,112,PASS
4521,0.002260625,0.002261,1,-1.0417408553360004,49,PASS
4522,0.002261125,0.0022615,1,1.6920537178515238,255,PASS
4523,0.002261625,0.002262,1,0.6313722316030457,175,PASS
4524,0.002262125,0.0022624999999999998,1,1.1844323685893754,217,PASS
4525,0.002262625,0.002263,1,1.4503184008963308,237,PASS
4526,0.002263125,0.0022635,1,-0.12497398777725977,118,PASS
4527,0.002263625,0.002264,1,0.12274803076349983,137,PASS
4528,0.002264125,0.0022645,1,-0.24438069351503766,109,PASS
4529,0.002264625,0.002265,1,1.4747806564434887,239,PASS
4530,0.002265125,0.0022655,1,0.6393962546417693,176,PASS
4531,0.002265625,0.002266,1,-1.238445874598938,34,PASS
4532,0.002266125,0.0022665,1,0.40382997016065025,158,PASS
4533,0.002266625,0.002267,1,-1.3645398650416536,25,PASS
4534,0.002267125,0.0022675,1,-0.8125354044025158,66,PASS
4535,0.002267625,0.002268,1,1.2125055690783835,219,PASS
4536,0.002268125,0.0022685,1,0.5464245044072757,169,PASS
4537,0.002268625,0.0022689999999999997,1,1.3054718425550618,226,PASS
4538,0.002269125,0.0022695,1,-1.3205294412373405,28,PASS
4539,0.002269625,0.00227,1,1.4672872968266806,238,PASS
4540,0.002270125,0.0022705,1,-0.2472373514991455,109,PASS
4541,0.002270625,0.002271,1,-0.661051443660591,78,PASS
4542,0.002271125,0.0022715,1,1.654239112396758,252,PASS
4543,0.002271625,0.002272,1,-1.3512964982576166,26,PASS
4544,0.002272125,0.0022724999999999998,1,-1.5730573673469996,9,PASS
4545,0.002272625,0.002273,1,-0.9306943120046574,57,PASS
4546,0.002273125,0.0022735,1,1.0820216536334393,209,PASS
4547,0.002273625,0.002274,1,0.4794844575226802,164,PASS
4548,0.002274125,0.0022745,1,1.2605479968276543,222,PASS
4549,0.002274625,0.002275,1,0.7198940087055565,182,PASS
4550,0.0022751250000000002,0.0022755,1,1.5878191425374963,247,PASS
4551,0.002275625,0.002276,1,1.3397920528249145,228,PASS
4552,0.002276125,0.0022765,1,0.060200560184570984,132,PASS
4553,0.002276625,0.002277,1,1.0316299518076362,205,PASS
4554,0.002277125,0.0022775,1,1.0748997914156415,208,PASS
4555,0.002277625,0.002278,1,-1.2689641647333416,32,PASS
4556,0.002278125,0.0022785,1,0.698265910537301,180,PASS
4557,0.002278625,0.0022789999999999998,1,-0.09061454584471629,121,PASS
4558,0.002279125,0.0022795,1,-1.3247085398834684,28,PASS
4559,0.002279625,0.00228,1,-0.23677188172951857,110,PASS
4560,0.002280125,0.0022805,1,-1.6386951221718853,4,PASS
4561,0.002280625,0.002281,1,-0.11955899057252051,118,PASS
4562,0.002281125,0.0022815,1,-1.6762962647490787,1,PASS
4563,0.0022816250000000002,0.002282,1,1.051027653603134,207,PASS
4564,0.002282125,0.0022825,1,-1.024722433388533,50,PASS
4565,0.002282625,0.002283,1,-0.8792336555671563,61,PASS
4566,0.002283125,0.0022835,1,1.3185711461499776,227,PASS
4567,0.002283625,0.002284,1,-0.22265860135175686,111,PASS
4568,0.002284125,0.0022845,1,-0.6589372214227494,78,PASS
4569,0.002284625,0.002285,1,-1.4754786788846517,16,PASS
4570,0.002285125,0.0022854999999999998,1,0.3603679317023476,155,PASS
4571,0.002285625,0.002286,1,0.9271572272518214,197,PASS
4572,0.002286125,0.0022865,1,-1.5990199094081319,7,PASS
4573,0.002286625,0.002287,1,1.3545244839885873,229,PASS
4574,0.002287125,0.0022875,1,-1.0908230331039093,45,PASS
4575,0.002287625,0.002288,1,0.07347554817642221,133,PASS
4576,0.0022881250000000002,0.0022885,1,-1.4778351608039249,16,PASS
4577,0.002288625,0.002289,1,0.8377881571196231,191,PASS
4578,0.002289125,0.0022895,1,1.2299531965316814,220,PASS
4579,0.002289625,0.00229,1,-0.9412383554431483,57,PASS
4580,0.002290125,0.0022905,1,0.6147064512685454,174,PASS
4581,0.002290625,0.002291,1,0.5215124979380905,167,PASS
4582,0.002291125,0.0022915,1,1.516427377007105,242,PASS
4583,0.002291625,0.0022919999999999998,1,0.28837100436362406,149,PASS
4584,0.002292125,0.0022925,1,-0.09990987469427659,120,PASS
4585,0.002292625,0.002293,1,-1.092746635251898,45,PASS
4586,0.002293125,0.0022935,1,-1.1171314031988513,43,PASS
4587,0.002293625,0.002294,1,-1.141307695567567,42,PASS
4588,0.002294125,0.0022945,1,-1.626968950330293,5,PASS
4589,0.0022946250000000002,0.002295,1,0.2250654944755197,144,PASS
4590,0.002295125,0.0022955,1,1.217129366721849,219,PASS
4591,0.002295625,0.002296,1,1.1438286120264902,214,PASS
4592,0.002296125,0.0022965,1,-0.7917338607845247,68,PASS
4593,0.002296625,0.002297,1,-0.07212430185544805,122,PASS
4594,0.002297125,0.0022975,1,1.2435979320704946,221,PASS
4595,0.002297625,0.002298,1,-1.1439351759089906,41,PASS
4596,0.002298125,0.0022984999999999998,1,-0.14400540905177328,117,PASS
4597,0.002298625,0.002299,1,-0.2967679148366058,105,PASS
4598,0.002299125,0.0022995,1,1.4784788826627493,239,PASS
4599,0.002299625,0.0023,1,0.4898592940550348,164,PASS
4600,0.002300125,0.0023005,1,0.8523602936330013,192,PASS
4601,0.002300625,0.002301,1,1.3827893342366668,232,PASS
4602,0.0023011250000000002,0.0023015,1,-0.7442515341971478,71,PASS
4603,0.002301625,0.002302,1,-1.4135184916245715,21,PASS
4604,0.002302125,0.0023025,1,1.2486247102226027,222,PASS
4605,0.002302625,0.002303,1,0.37337498132153724,156,PASS
4606,0.002303125,0.0023035,1,0.5086244788575274,166,PASS
4607,0.002303625,0.002304,1,-0.48179639956568265,91,PASS
4608,0.002304125,0.0023045,1,1.1387853439546405,213,PASS
4609,0.002304625,0.0023049999999999998,1,1.220340529335252,219,PASS
4610,0.002305125,0.0023055,1,0.6077643224827527,173,PASS
4611,0.002305625,0.002306,1,-0.32131767432562586,103,PASS
4612,0.002306125,0.0023065,1,-0.931519220583581,57,PASS
4613,0.002306625,0.002307,1,1.1671363362142528,215,PASS
4614,0.002307125,0.0023075,1,-1.397365570041614,22,PASS
4615,0.002307625,0.002308,1,0.04731112298795015,131,PASS
4616,0.002308125,0.0023085,1,-0.1438975829287159,117,PASS
4617,0.002308625,0.002309,1,-1.600771358059705,7,PASS
4618,0.002309125,0.0023095,1,-1.1046860448978126,44,PASS
4619,0.002309625,0.00231,1,0.498263762966751,165,PASS
4620,0.002310125,0.0023105,1,0.878218811157568,194,PASS
4621,0.002310625,0.002311,1,0.30825629354235073,151,PASS
4622,0.002311125,0.0023114999999999998,1,0.9974045439663908,203,PASS
4623,0.002311625,0.002312,1,-1.1020138039356067,45,PASS
4624,0.002312125,0.0023125,1,-1.6809207135553534,1,PASS
4625,0.002312625,0.002313,1,-1.0205469724255511,51,PASS
4626,0.002313125,0.0023135,1,-1.317102851510833,28,PASS
4627,0.002313625,0.002314,1,-0.33063078144738833,103,PASS
4628,0.002314125,0.0023145,1,-0.7260560229206796,73,PASS
4629,0.002314625,0.002315,1,1.6083468855874596,249,PASS
4630,0.002315125,0.0023155,1,-1.3886105584993902,23,PASS
4631,0.002315625,0.002316,1,-1.6242777227205867,5,PASS
4632,0.002316125,0.0023165,1,1.2323152191855031,220,PASS
4633,0.002316625,0.002317,1,-1.1199457297801338,43,PASS
4634,0.002317125,0.0023175,1,-1.3174946216491854,28,PASS
4635,0.002317625,0.0023179999999999997,1,-1.6501729239925993,3,PASS
4636,0.002318125,0.0023185,1,1.1171686756245836,212,PASS
4637,0.002318625,0.002319,1,-0.5776025656699897,84,PASS
4638,0.002319125,0.0023195,1,-1.3348287217485142,27,PASS
4639,0.002319625,0.00232,1,0.689236896527442,179,PASS
4640,0.002320125,0.0023205,1,0.5383718081789202,168,PASS
4641,0.002320625,0.002321,1,-0.35277924410375094,101,PASS
4642,0.002321125,0.0023214999999999998,1,-1.4210053310235446,21,PASS
4643,0.002321625,0.002322,1,-0.6309769820037696,80,PASS
4644,0.002322125,0.0023225,1,0.6782775443401878,179,PASS
4645,0.002322625,0.002323,1,0.6482248293974842,176,PASS
4646,0.002323125,0.0023235,1,0.47258393088455475,163,PASS
4647,0.002323625,0.002324,1,-0.8839265055108885,61,PASS
4648,0.0023241250000000002,0.0023245,1,-0.5279426259589532,88,PASS
4649,0.002324625,0.002325,1,0.7091744465533936,181,PASS
4650,0.002325125,0.0023255,1,1.0700002355090568,208,PASS
4651,0.002325625,0.002326,1,1.1478912951841471,214,PASS
4652,0.002326125,0.0023265,1,-0.15574430103981074,116,PASS
4653,0.002326625,0.002327,1,1.2752718168741677,224,PASS
4654,0.002327125,0.0023275,1,1.1529102608257256,214,PASS
4655,0.002327625,0.0023279999999999998,1,1.6006758209475886,248,PASS
4656,0.002328125,0.0023285,1,-1.4273956570879718,20,PASS
4657,0.002328625,0.002329,1,-0.6153753240695421,81,PASS
4658,0.002329125,0.0023295,1,0.4965559625865079,165,PASS
4659,0.002329625,0.00233,1,0.5632719760859739,170,PASS
4660,0.002330125,0.0023305,1,-0.13776667744414728,117,PASS
4661,0.0023306250000000002,0.002331,1,-1.3405422983998003,27,PASS
4662,0.002331125,0.0023315,1,1.238338116204717,221,PASS
4663,0.002331625,0.002332,1,-0.34733397581564107,101,PASS
4664,0.002332125,0.0023325,1,-1.1053766770325821,44,PASS
4665,0.002332625,0.002333,1,-1.3716989777336435,24,PASS
4666,0.002333125,0.0023335,1,0.4067611271615281,158,PASS
4667,0.002333625,0.002334,1,-0.7376355860088321,72,PASS
4668,0.002334125,0.0023344999999999998,1,0.7714964810539338,186,PASS
4669,0.002334625,0.002335,1,-1.1428163360037344,41,PASS
4670,0.002335125,0.0023355,1,-0.847354968587561,64,PASS
4671,0.002335625,0.002336,1,-0.35053169277508656,101,PASS
4672,0.002336125,0.0023365,1,-0.3834245728042971,99,PASS
4673,0.002336625,0.002337,1,-0.3275441675952544,103,PASS
4674,0.0023371250000000002,0.0023375,1,0.04180008093035381,131,PASS
4675,0.002337625,0.002338,1,0.5687074021892842,170,PASS
4676,0.002338125,0.0023385,1,-0.9210476483333556,58,PASS
4677,0.002338625,0.002339,1,-0.7870935174204244,68,PASS
4678,0.002339125,0.0023395,1,1.6985248988792485,255,PASS
4679,0.002339625,0.00234,1,0.48666861247978166,164,PASS
4680,0.002340125,0.0023405,1,-1.167561023189564,40,PASS
4681,0.002340625,0.0023409999999999998,1,0.0816654974328459,134,PASS
4682,0.002341125,0.0023415,1,-0.593829822462651,83,PASS
4683,0.002341625,0.002342,1,1.0030813910129244,203,PASS
4684,0.002342125,0.0023425,1,-1.6169159278174285,6,PASS
4685,0.002342625,0.002343,1,1.1331537644197784,213,PASS
4686,0.002343125,0.0023435,1,-0.8583833595099934,63,PASS
4687,0.0023436250000000002,0.002344,1,-0.758050792101652,70,PASS
4688,0.002344125,0.0023445,1,-0.18149117931823233,114,PASS
4689,0.002344625,0.002345,1,0.808769814191096,188,PASS
4690,0.002345125,0.0023455,1,0.08960084154406256,134,PASS
4691,0.002345625,0.002346,1,-0.36309200797856,100,PASS
4692,0.002346125,0.0023465,1,0.9868633156624897,202,PASS
4693,0.002346625,0.002347,1,0.7287139414484438,182,PASS
4694,0.002347125,0.0023474999999999998,1,-0.04288770976583067,124,PASS
4695,0.002347625,0.002348,1,0.8399044950166996,191,PASS
4696,0.002348125,0.0023485,1,0.9265197146104842,197,PASS
4697,0.002348625,0.002349,1,0.527660167535897,167,PASS
4698,0.002349125,0.0023495,1,-0.7299984403004234,73,PASS
4699,0.002349625,0.00235,1,1.471544296040719,238,PASS
4700,0.0023501250000000002,0.0023505,1,0.7183775782719579,182,PASS
4701,0.002350625,0.002351,1,-1.6504203399066337,3,PASS
4702,0.002351125,0.0023515,1,0.6279081838933782,175,PASS
4703,0.002351625,0.002352,1,0.6127478581873944,174,PASS
4704,0.002352125,0.0023525,1,1.0067983205668034,203,PASS
4705,0.002352625,0.002353,1,-1.0326731805474698,50,PASS
4706,0.002353125,0.0023535,1,-1.095747697259339,45,PASS
4707,0.002353625,0.0023539999999999998,1,0.6618437745107497,177,PASS
4708,0.002354125,0.0023545,1,-0.20477699267280625,112,PASS
4709,0.002354625,0.002355,1,0.12016475344050614,137,PASS
4710,0.002355125,0.0023555,1,1.6433588059934594,251,PASS
4711,0.002355625,0.002356,1,-0.22810173953067392,110,PASS
4712,0.002356125,0.0023565,1,-1.2363952979421111,34,PASS
4713,0.002356625,0.002357,1,-0.9736989217924331,54,PASS
4714,0.002357125,0.0023575,1,1.6508821870672683,252,PASS
4715,0.002357625,0.002358,1,-1.6043290708080613,7,PASS
4716,0.002358125,0.0023585,1,1.2781960385894917,224,PASS
4717,0.002358625,0.002359,1,-0.7176241150036021,73,PASS
4718,0.002359125,0.0023595,1,0.9522369690425097,199,PASS
4719,0.002359625,0.00236,1,-0.04618257690643457,124,PASS
4720,0.002360125,0.0023604999999999998,1,0.12190144076264042,137,PASS
4721,0.002360625,0.002361,1,-1.552938952039484,11,PASS
4722,0.002361125,0.0023615,1,0.38355216066675246,156,PASS
4723,0.002361625,0.002362,1,0.6980996829199915,180,PASS
4724,0.002362125,0.0023625,1,-0.6089600599343696,82,PASS
4725,0.002362625,0.002363,1,-1.0001159805275277,52,PASS
4726,0.002363125,0.0023635,1,0.6787092707381677,179,PASS
4727,0.002363625,0.0023639999999999998,1,-0.9220366633343303,58,PASS
4728,0.002364125,0.0023645,1,0.6329983334546283,175,PASS
4729,0.002364625,0.002365,1,-0.16676520301770692,115,PASS
4730,0.002365125,0.0023655,1,0.043472510203295345,131,PASS
4731,0.002365625,0.002366,1,-1.5865670097881308,8,PASS
4732,0.002366125,0.0023665,1,-0.3123198334443844,104,PASS
4733,0.002366625,0.0023669999999999997,1,-0.9273072913556806,58,PASS
4734,0.002367125,0.0023675,1,-1.653522216405826,3,PASS
4735,0.002367625,0.002368,1,0.01818999483370809,129,PASS
4736,0.002368125,0.0023685,1,-1.6117065940404902,6,PASS
4737,0.002368625,0.002369,1,-0.6759123280281834,77,PASS
4738,0.002369125,0.0023695,1,-1.3568605856052536,25,PASS
4739,0.002369625,0.00237,1,0.5824621362596945,171,PASS
4740,0.002370125,0.0023704999999999998,1,-1.4133014772905605,21,PASS
4741,0.002370625,0.002371,1,1.0860158035840042,209,PASS
4742,0.002371125,0.0023715,1,-0.17658207837997564,114,PASS
4743,0.002371625,0.002372,1,-0.11859848434709419,119,PASS
4744,0.002372125,0.0023725,1,1.00582909676066,203,PASS
4745,0.002372625,0.002373,1,-1.4531524329181642,18,PASS
4746,0.0023731250000000002,0.0023735,1,-0.4115789537485115,97,PASS
4747,0.002373625,0.002374,1,-0.8534050563059763,63,PASS
4748,0.002374125,0.0023745,1,-0.056643899576042545,123,PASS
4749,0.002374625,0.002375,1,1.1233893098632983,212,PASS
4750,0.002375125,0.0023755,1,1.0301400004689019,205,PASS
4751,0.002375625,0.002376,1,-0.868426204469813,62,PASS
4752,0.002376125,0.0023765,1,0.10596529915247821,135,PASS
4753,0.002376625,0.0023769999999999998,1,0.9358176922734278,198,PASS
4754,0.002377125,0.0023775,1,0.10798567214131638,136,PASS
4755,0.002377625,0.002378,1,0.6888887281616676,179,PASS
4756,0.002378125,0.0023785,1,-1.1342468143049755,42,PASS
4757,0.002378625,0.002379,1,0.40652401907688573,158,PASS
4758,0.002379125,0.0023795,1,-1.0460003449224808,49,PASS
4759,0.0023796250000000002,0.00238,1,-0.32474984495285786,103,PASS
4760,0.002380125,0.0023805,1,-0.6891373115780906,76,PASS
4761,0.002380625,0.002381,1,-0.5672064730937783,85,PASS
4762,0.002381125,0.0023815,1,0.4030485862106483,158,PASS
4763,0.002381625,0.002382,1,1.5473171314729444,244,PASS
4764,0.002382125,0.0023825,1,1.4428126458563482,236,PASS
4765,0.002382625,0.002383,1,-0.41603317410425444,96,PASS
4766,0.002383125,0.0023834999999999998,1,-0.9459817139534723,56,PASS
4767,0.002383625,0.002384,1,0.41535773556966116,159,PASS
4768,0.002384125,0.0023845,1,0.7979440723196352,188,PASS
4769,0.002384625,0.002385,1,0.5697452459653596,170,PASS
4770,0.002385125,0.0023855,1,-0.17235848254775354,115,PASS
4771,0.002385625,0.002386,1,0.30526196135836803,150,PASS
4772,0.0023861250000000002,0.0023865,1,1.6474441861262286,252,PASS
4773,0.002386625,0.002387,1,-1.4476522746969525,19,PASS
4774,0.002387125,0.0023875,1,1.0878836338776428,209,PASS
4775,0.002387625,0.002388,1,-0.8276783592248604,65,PASS
4776,0.002388125,0.0023885,1,0.39780337593753745,157,PASS
4777,0.002388625,0.002389,1,1.4274497740495435,235,PASS
4778,0.002389125,0.0023895,1,1.285943896042124,224,PASS
4779,0.002389625,0.0023899999999999998,1,-1.5475422902122626,11,PASS
4780,0.002390125,0.0023905,1,1.4080050107348427,234,PASS
4781,0.002390625,0.002391,1,-0.060512275843107366,123,PASS
4782,0.002391125,0.0023915,1,-1.545438014552496,11,PASS
4783,0.002391625,0.002392,1,-1.0209708996855045,51,PASS
4784,0.002392125,0.0023925,1,0.06916007197105656,133,PASS
4785,0.0023926250000000002,0.002393,1,-1.2296106776981564,35,PASS
4786,0.002393125,0.0023935,1,-1.1094546273983033,44,PASS
4787,0.002393625,0.002394,1,1.2348375297061869,220,PASS
4788,0.002394125,0.0023945,1,-1.1942718156505143,38,PASS
4789,0.002394625,0.002395,1,1.1461602203781716,214,PASS
4790,0.002395125,0.0023955,1,0.08805020759769588,134,PASS
4791,0.002395625,0.002396,1,-1.1664734491330793,40,PASS
4792,0.002396125,0.0023964999999999998,1,1.1451805443202387,214,PASS
4793,0.002396625,0.002397,1,-1.0337116792340486,50,PASS
4794,0.002397125,0.0023975,1,-1.4316684769362145,20,PASS
4795,0.002397625,0.002398,1,1.5816426378244894,247,PASS
4796,0.002398125,0.0023985,1,-0.2601067000488282,108,PASS
4797,0.002398625,0.002399,1,0.9360248389556818,198,PASS
4798,0.002399125,0.0023995,1,0.5263481884542023,167,PASS
4799,0.002399625,0.0024,1,0.7619335080470846,185,PASS
4800,0.002400125,0.0024005,1,-0.5202205309006,88,PASS
4801,0.002400625,0.002401,1,-0.9573823955700634,55,PASS
4802,0.002401125,0.0024015,1,-0.03609705168606969,125,PASS
4803,0.002401625,0.002402,1,0.29968036829994604,150,PASS
4804,0.002402125,0.0024025,1,0.8558805148610349,192,PASS
4805,0.002402625,0.0024029999999999998,1,0.47408631514949984,163,PASS
4806,0.002403125,0.0024035,1,0.025597461525701082,129,PASS
4807,0.002403625,0.002404,1,1.5576263379672246,245,PASS
4808,0.002404125,0.0024045,1,-0.5250618959593758,88,PASS
4809,0.002404625,0.002405,1,-1.3736014936521728,24,PASS
4810,0.002405125,0.0024055,1,1.6456253710671442,251,PASS
4811,0.002405625,0.002406,1,0.6246675330094649,175,PASS
4812,0.002406125,0.0024065,1,0.48048597733339116,164,PASS
4813,0.002406625,0.002407,1,-1.3352456404504065,27,PASS
4814,0.002407125,0.0024075,1,0.9669536624526731,200,PASS
4815,0.002407625,0.002408,1,0.2986016880214697,150,PASS
4816,0.002408125,0.0024085,1,0.15137004665308118,139,PASS
4817,0.002408625,0.002409,1,0.20564667655442892,143,PASS
4818,0.002409125,0.0024094999999999997,1,-0.7096668183551291,74,PASS
4819,0.002409625,0.00241,1,-0.6216588474242424,81,PASS
4820,0.002410125,0.0024105,1,0.2442963173477839,146,PASS
4821,0.002410625,0.002411,1,-0.716908842150197,74,PASS
4822,0.002411125,0.0024115,1,1.1299895376648783,213,PASS
4823,0.002411625,0.002412,1,0.8931790798479733,195,PASS
4824,0.002412125,0.0024125,1,-1.649102412568229,3,PASS
4825,0.002412625,0.0024129999999999998,1,-1.093078171743565,45,PASS
4826,0.002413125,0.0024135,1,1.5256613962620766,242,PASS
4827,0.002413625,0.002414,1,-1.5614812302805783,10,PASS
4828,0.002414125,0.0024145,1,1.0839064717317786,209,PASS
4829,0.002414625,0.002415,1,0.330803087051436,152,PASS
4830,0.002415125,0.0024155,1,1.4123908987669258,234,PASS
4831,0.002415625,0.0024159999999999997,1,-0.06552737557755428,123,PASS
4832,0.002416125,0.0024165,1,-1.3419056185220173,26,PASS
4833,0.002416625,0.002417,1,-0.07877248090452404,122,PASS
4834,0.002417125,0.0024175,1,0.8659345456808218,193,PASS
4835,0.002417625,0.002418,1,-1.1439760501206235,41,PASS
4836,0.002418125,0.0024185,1,-0.6826832519459687,76,PASS
4837,0.002418625,0.002419,1,-0.6716749122831887,77,PASS
4838,0.002419125,0.0024194999999999998,1,1.3376698503103273,228,PASS
4839,0.002419625,0.00242,1,-0.6011159527242491,82,PASS
4840,0.002420125,0.0024205,1,-1.6176680631186198,6,PASS
4841,0.002420625,0.002421,1,1.3140682206716352,226,PASS
4842,0.002421125,0.0024215,1,1.5991367017865452,248,PASS
4843,0.002421625,0.002422,1,0.8003348296521111,188,PASS
4844,0.002422125,0.0024224999999999997,1,-1.276700397594169,31,PASS
4845,0.002422625,0.002423,1,0.3329257653310249,153,PASS
4846,0.002423125,0.0024235,1,1.3484286762556599,229,PASS
4847,0.002423625,0.002424,1,0.9482074207510351,199,PASS
4848,0.002424125,0.0024245,1,1.2412361504051355,221,PASS
4849,0.002424625,0.002425,1,-0.40801411568855706,97,PASS
4850,0.002425125,0.0024255,1,1.6731688883220854,253,PASS
4851,0.002425625,0.0024259999999999998,1,-1.3196281266429333,28,PASS
4852,0.002426125,0.0024265,1,0.03811806910153792,130,PASS
4853,0.002426625,0.002427,1,1.4085647056385142,234,PASS
4854,0.002427125,0.0024275,1,1.0949798374274533,210,PASS
4855,0.002427625,0.002428,1,-0.0006147519347907693,127,PASS
4856,0.002428125,0.0024285,1,0.11256044101232598,136,PASS
4857,0.0024286250000000002,0.002429,1,0.21498433687038543,144,PASS
4858,0.002429125,0.0024295,1,0.34918278953815185,154,PASS
4859,0.002429625,0.00243,1,-1.440707282861712,19,PASS
4860,0.002430125,0.0024305,1,0.3056646662041127,151,PASS
4861,0.002430625,0.002431,1,0.5971554727056836,172,PASS
4862,0.002431125,0.0024315,1,0.8111055668269567,189,PASS
4863,0.002431625,0.002432,1,-1.0160973763807886,51,PASS
4864,0.002432125,0.0024324999999999998,1,-0.17784701564319505,114,PASS
4865,0.002432625,0.002433,1,-0.03001823790386049,125,PASS
4866,0.002433125,0.0024335,1,0.7078416734110962,181,PASS
4867,0.002433625,0.002434,1,-0.516567762596557,89,PASS
4868,0.002434125,0.0024345,1,1.2976944933827153,225,PASS
4869,0.002434625,0.002435,1,0.12964367166054847,137,PASS
4870,0.0024351250000000002,0.0024355,1,0.10733541604406072,136,PASS
4871,0.002435625,0.002436,1,-1.598165073394887,7,PASS
4872,0.002436125,0.0024365,1,1.0846132145859675,209,PASS
4873,0.002436625,0.002437,1,-0.25626613972109236,108,PASS
4874,0.002437125,0.0024375,1,-1.1713328959722449,39,PASS
4875,0.002437625,0.002438,1,-1.0263999544034197,50,PASS
4876,0.002438125,0.0024385,1,0.6921002704069672,180,PASS
4877,0.002438625,0.0024389999999999998,1,0.18990065345870732,142,PASS
4878,0.002439125,0.0024395,1,1.4606537848778467,237,PASS
4879,0.002439625,0.00244,1,-0.9444380093093561,56,PASS
4880,0.002440125,0.0024405,1,1.3293209990496748,228,PASS
4881,0.002440625,0.002441,1,-0.6695364187578783,77,PASS
4882,0.002441125,0.0024415,1,1.024902024598502,205,PASS
4883,0.0024416250000000002,0.002442,1,-1.390302873407041,23,PASS
4884,0.002442125,0.0024425,1,0.5867766987160106,172,PASS
4885,0.002442625,0.002443,1,0.13324785045884147,138,PASS
4886,0.002443125,0.0024435,1,-0.6502591327420828,79,PASS
4887,0.002443625,0.002444,1,1.3232430629305527,227,PASS
4888,0.002444125,0.0024445,1,-0.21290093575413316,111,PASS
4889,0.002444625,0.002445,1,1.5520945264317578,244,PASS
4890,0.002445125,0.0024454999999999998,1,-0.763179923001504,70,PASS
4891,0.002445625,0.002446,1,-1.5613310763471102,10,PASS
4892,0.002446125,0.0024465,1,0.764796580899137,185,PASS
4893,0.002446625,0.002447,1,-0.6249849478959988,80,PASS
4894,0.002447125,0.0024475,1,0.0581336759682094,132,PASS
4895,0.002447625,0.002448,1,-1.0549149268947295,48,PASS
4896,0.002448125,0.0024485,1,0.9648589885343697,200,PASS
4897,0.002448625,0.002449,1,-0.14231175425495435,117,PASS
4898,0.002449125,0.0024495,1,0.003429008331425676,128,PASS
4899,0.002449625,0.00245,1,1.0347260904226905,205,PASS
4900,0.002450125,0.0024505,1,1.6038295032892942,248,PASS
4901,0.002450625,0.002451,1,-1.379067433574438,24,PASS
4902,0.002451125,0.0024515,1,-0.9070668285725262,59,PASS
4903,0.002451625,0.0024519999999999998,1,1.2753908426241412,224,PASS
4904,0.002452125,0.0024525,1,0.31142236978601123,151,PASS
4905,0.002452625,0.002453,1,0.6468073523197673,176,PASS
4906,0.002453125,0.0024535,1,0.14919892419679393,139,PASS
4907,0.002453625,0.002454,1,-0.6420438708839267,79,PASS
4908,0.002454125,0.0024545,1,0.7747621035831684,186,PASS
4909,0.002454625,0.002455,1,0.6523864803173012,177,PASS
4910,0.002455125,0.0024555,1,0.56894136198597,170,PASS
4911,0.002455625,0.002456,1,-0.21392471189075724,111,PASS
4912,0.002456125,0.0024565,1,-0.6487248701440964,79,PASS
4913,0.002456625,0.002457,1,0.46146128380037355,162,PASS
4914,0.002457125,0.0024575,1,0.5995348526864845,173,PASS
4915,0.002457625,0.002458,1,1.3589193612520754,230,PASS
4916,0.002458125,0.0024584999999999997,1,-1.0584995725020732,48,PASS
4917,0.002458625,0.002459,1,0.773246507723649,186,PASS
4918,0.002459125,0.0024595,1,-0.7744682449683423,69,PASS
4919,0.002459625,0.00246,1,-0.17815218540411748,114,PASS
4920,0.002460125,0.0024605,1,-0.557110385529499,86,PASS
4921,0.002460625,0.002461,1,1.4940245763452815,240,PASS
4922,0.002461125,0.0024615,1,-0.6682892510446719,77,PASS
4923,0.002461625,0.0024619999999999998,1,-0.7742013552261107,69,PASS
4924,0.002462125,0.0024625,1,-0.4090965158709008,97,PASS
4925,0.002462625,0.002463,1,-0.7405818684376013,72,PASS
4926,0.002463125,0.0024635,1,0.4921239222264451,165,PASS
4927,0.002463625,0.002464,1,1.4128074224862892,234,PASS
4928,0.002464125,0.0024645,1,0.8574671758412296,192,PASS
4929,0.002464625,0.0024649999999999997,1,1.2887790047901848,225,PASS
4930,0.002465125,0.0024655,1,-1.1886562598850725,38,PASS
4931,0.002465625,0.002466,1,-0.3379056275706287,102,PASS
4932,0.002466125,0.0024665,1,-0.9431519034449382,56,PASS
4933,0.002466625,0.002467,1,0.9990665742921341,203,PASS
4934,0.002467125,0.0024675,1,-0.7051318697737075,74,PASS
4935,0.002467625,0.002468,1,-0.9908454167485572,53,PASS
4936,0.002468125,0.0024684999999999998,1,-0.05069455764603159,124,PASS
4937,0.002468625,0.002469,1,1.0399911466881322,206,PASS
4938,0.002469125,0.0024695,1,-1.4487047058207239,18,PASS
4939,0.002469625,0.00247,1,-0.5869709241287575,83,PASS
4940,0.002470125,0.0024705,1,-0.539743590640255,87,PASS
4941,0.002470625,0.002471,1,-1.1486384312166185,41,PASS
4942,0.002471125,0.0024714999999999997,1,-0.7799555575354588,69,PASS
4943,0.002471625,0.002472,1,-0.41741018929777574,96,PASS
4944,0.002472125,0.0024725,1,1.5110032198097743,241,PASS
4945,0.002472625,0.002473,1,1.0664343658449147,208,PASS
4946,0.002473125,0.0024735,1,0.2267630941574279,145,PASS
4947,0.002473625,0.002474,1,1.3770065072817455,231,PASS
4948,0.002474125,0.0024745,1,0.12993039217213243,137,PASS
4949,0.002474625,0.0024749999999999998,1,-0.13329520279042728,117,PASS
4950,0.002475125,0.0024755,1,1.2053743227475906,218,PASS
4951,0.002475625,0.002476,1,1.3670748710373262,230,PASS
4952,0.002476125,0.0024765,1,0.18775888535908902,142,PASS
4953,0.002476625,0.002477,1,-1.0672709961907563,47,PASS
4954,0.002477125,0.0024775,1,0.24628811775606252,146,PASS
4955,0.0024776250000000002,0.002478,1,-1.4753810480170189,16,PASS
4956,0.002478125,0.0024785,1,1.6862119340006443,254,PASS
4957,0.002478625,0.002479,1,-0.31877857767870954,103,PASS
4958,0.002479125,0.0024795,1,0.5056606322332848,166,PASS
4959,0.002479625,0.00248,1,-0.747739677418233,71,PASS
4960,0.002480125,0.0024805,1,-0.010256412450676766,127,PASS
4961,0.002480625,0.002481,1,1.5196253771253898,242,PASS
4962,0.002481125,0.0024814999999999998,1,1.2068411747574894,218,PASS
4963,0.002481625,0.002482,1,0.4096566313600929,158,PASS
4964,0.002482125,0.0024825,1,1.5966847725480295,248,PASS
4965,0.002482625,0.002483,1,-0.10341705627423692,120,PASS
4966,0.002483125,0.0024835,1,0.594902736809974,172,PASS
4967,0.002483625,0.002484,1,0.1847351969936657,141,PASS
4968,0.0024841250000000002,0.0024845,1,0.18695526042192223,142,PASS
4969,0.002484625,0.002485,1,-0.816035112657469,66,PASS
4970,0.002485125,0.0024855,1,-1.6456812595405774,4,PASS
4971,0.002485625,0.002486,1,-0.9879086654393101,53,PASS
4972,0.002486125,0.0024865,1,-0.2786910256849686,107,PASS
4973,0.002486625,0.002487,1,-1.1680916170229412,40,PASS
4974,0.002487125,0.0024875,1,0.9649029794799222,200,PASS
4975,0.002487625,0.0024879999999999998,1,1.3437150660053174,229,PASS
4976,0.002488125,0.0024885,1,-0.2908371032599255,106,PASS
4977,0.002488625,0.002489,1,0.9647525537893518,200,PASS
4978,0.002489125,0.0024895,1,1.1477964567003884,214,PASS
4979,0.002489625,0.00249,1,0.1854491009446111,141,PASS
4980,0.002490125,0.0024905,1,1.4380510561605477,236,PASS
4981,0.0024906250000000002,0.002491,1,1.313966921845813,226,PASS
4982,0.002491125,0.0024915,1,-1.3848721655573668,23,PASS
4983,0.002491625,0.002492,1,0.23505110109509952,145,PASS
4984,0.002492125,0.0024925,1,1.4640337047983876,238,PASS
4985,0.002492625,0.002493,1,0.8315784744094847,190,PASS
4986,0.002493125,0.0024935,1,-1.015514234604281,51,PASS
4987,0.002493625,0.002494,1,0.46656508123017004,163,PASS
4988,0.002494125,0.0024944999999999998,1,-0.352243616683082,101,PASS
4989,0.002494625,0.002495,1,-0.8043426045286935,67,PASS
4990,0.002495125,0.0024955,1,0.8586594042293301,192,PASS
4991,0.002495625,0.002496,1,-1.1389486720038966,42,PASS
4992,0.002496125,0.0024965,1,0.7424509288337735,183,PASS
4993,0.002496625,0.002497,1,-0.26481652563343117,108,PASS
4994,0.002497125,0.0024975,1,-0.022501874817008716,126,PASS
4995,0.002497625,0.002498,1,-0.922335805501225,58,PASS
4996,0.002498125,0.0024985,1,-0.23672743578344768,110,PASS
4997,0.002498625,0.002499,1,1.6668046551384001,253,PASS
4998,0.002499125,0.0024995,1,0.5128026499275051,166,PASS
4999,0.002499625,0.0025,1,1.3083930132312414,226,PASS
5000,0.002500125,0.0025005,1,1.2444313416310477,221,PASS
5001,0.002500625,0.0025009999999999998,1,0.7326142361961423,183,PASS
5002,0.002501125,0.0025015,1,-1.2989654490111353,30,PASS
5003,0.002501625,0.002502,1,0.8226679884697197,189,PASS
5004,0.002502125,0.0025025,1,-0.15995866419392235,115,PASS
5005,0.002502625,0.002503,1,1.0030912986618963,203,PASS
5006,0.002503125,0.0025035,1,0.1193234292769556,136,PASS
5007,0.002503625,0.002504,1,-1.3376177631123962,27,PASS
5008,0.002504125,0.0025044999999999998,1,-0.16372470384502935,115,PASS
5009,0.002504625,0.002505,1,-1.2342468069785215,35,PASS
5010,0.002505125,0.0025055,1,0.9480701298523233,199,PASS
5011,0.002505625,0.002506,1,-0.12941607077187722,118,PASS
5012,0.002506125,0.0025065,1,1.4014981953651524,233,PASS
5013,0.002506625,0.002507,1,-1.1940905719264516,38,PASS
5014,0.002507125,0.0025074999999999997,1,-0.38542553579911387,98,PASS
5015,0.002507625,0.002508,1,-1.1477032803509792,41,PASS
5016,0.002508125,0.0025085,1,-1.4161702248798897,21,PASS
5017,0.002508625,0.002509,1,-1.0124981038526966,51,PASS
5018,0.002509125,0.0025095,1,-1.5988529305622299,7,PASS
5019,0.002509625,0.00251,1,-0.9743223026145931,54,PASS
5020,0.002510125,0.0025105,1,0.2458752022648767,146,PASS
5021,0.002510625,0.0025109999999999998,1,-0.19150672658631507,113,PASS
5022,0.002511125,0.0025115,1,-1.6121574663421383,6,PASS
5023,0.002511625,0.002512,1,-1.1148986458908166,44,PASS
5024,0.002512125,0.0025125,1,-1.5842826340237062,8,PASS
5025,0.002512625,0.002513,1,0.6937302427624614,180,PASS
5026,0.002513125,0.0025135,1,-0.7681341431994028,70,PASS
5027,0.002513625,0.0025139999999999997,1,1.127540245834622,212,PASS
5028,0.002514125,0.0025145,1,-0.3782190095183857,99,PASS
5029,0.002514625,0.002515,1,0.592252562258077,172,PASS
5030,0.002515125,0.0025155,1,0.61658008428577,174,PASS
5031,0.002515625,0.002516,1,1.008094076339354,203,PASS
5032,0.002516125,0.0025165,1,0.2398338634304531,146,PASS
5033,0.002516625,0.002517,1,-0.5117954922401233,89,PASS
5034,0.002517125,0.0025174999999999998,1,-1.45199776921827,18,PASS
5035,0.002517625,0.002518,1,-1.5358284594461842,12,PASS
5036,0.002518125,0.0025185,1,0.028508316105789522,130,PASS
5037,0.002518625,0.002519,1,1.1924420842750754,217,PASS
5038,0.002519125,0.0025195,1,-0.8634998915671258,62,PASS
5039,0.002519625,0.00252,1,1.157370003980726,215,PASS
5040,0.002520125,0.0025204999999999997,1,-0.5071684890341053,89,PASS
5041,0.002520625,0.002521,1,1.6024854238901989,248,PASS
5042,0.002521125,0.0025215,1,1.1894112912494015,217,PASS
5043,0.002521625,0.002522,1,-1.383225068393717,23,PASS
5044,0.002522125,0.0025225,1,0.5467195199913799,169,PASS
5045,0.002522625,0.002523,1,1.3831388553967778,232,PASS
5046,0.002523125,0.0025235,1,-0.6294917381536993,80,PASS
5047,0.002523625,0.0025239999999999998,1,0.057349412536989774,132,PASS
5048,0.002524125,0.0025245,1,1.047976398780451,206,PASS
5049,0.002524625,0.002525,1,0.19529772541606039,142,PASS
5050,0.002525125,0.0025255,1,0.9582075923774525,200,PASS
5051,0.002525625,0.002526,1,-1.2257700059795738,35,PASS
5052,0.002526125,0.0025265,1,1.4425324009201141,236,PASS
5053,0.0025266250000000002,0.002527,1,-1.2779021803372053,31,PASS
5054,0.002527125,0.0025275,1,-0.6430708916654142,79,PASS
5055,0.002527625,0.002528,1,0.6427911813330638,176,PASS
5056,0.002528125,0.0025285,1,-0.5260556853232541,88,PASS
5057,0.002528625,0.002529,1,1.4439229650382954,236,PASS
5058,0.002529125,0.0025295,1,-0.6114787624833122,81,PASS
5059,0.002529625,0.00253,1,-0.7704078203912365,69,PASS
5060,0.002530125,0.0025304999999999998,1,1.046195480652804,206,PASS
5061,0.002530625,0.002531,1,0.6042230263681974,173,PASS
5062,0.002531125,0.0025315,1,-0.7236283311397322,73,PASS
5063,0.002531625,0.002532,1,-1.4895427661711627,15,PASS
5064,0.002532125,0.0025325,1,-0.2940450672695851,105,PASS
5065,0.002532625,0.002533,1,-0.5112976346696099,89,PASS
5066,0.0025331250000000002,0.0025335,1,1.2999171470828361,225,PASS
5067,0.002533625,0.002534,1,1.3782013963380828,231,PASS
5068,0.002534125,0.0025345,1,0.14380795994055773,138,PASS
5069,0.002534625,0.002535,1,1.5869592384624525,247,PASS
5070,0.002535125,0.0025355,1,-0.594404491070875,83,PASS
5071,0.002535625,0.002536,1,0.39532356037043415,157,PASS
5072,0.002536125,0.0025365,1,-0.695940306479919,75,PASS
5073,0.002536625,0.0025369999999999998,1,-1.5284991159079149,12,PASS
5074,0.002537125,0.0025375,1,-1.3708756897365513,24,PASS
5075,0.002537625,0.002538,1,-1.6509672755957647,3,PASS
5076,0.002538125,0.0025385,1,-1.3785673322320648,24,PASS
5077,0.002538625,0.002539,1,1.6862281725673551,254,PASS
5078,0.002539125,0.0025395,1,-1.405588805525539,22,PASS
5079,0.002539625,0.00254,1,1.27752188834084,224,PASS
5080,0.002540125,0.0025405,1,1.3553164904773178,230,PASS
5081,0.002540625,0.002541,1,0.09638922110730741,135,PASS
5082,0.002541125,0.0025415,1,0.06159033800874303,132,PASS
5083,0.002541625,0.002542,1,0.6669637584714005,178,PASS
5084,0.002542125,0.0025425,1,-0.855706191849678,63,PASS
5085,0.002542625,0.002543,1,-0.7238974249190796,73,PASS
5086,0.002543125,0.0025434999999999998,1,-1.6631355376323171,2,PASS
5087,0.002543625,0.002544,1,-1.116976766347669,43,PASS
5088,0.002544125,0.0025445,1,0.17080121106740775,140,PASS
5089,0.002544625,0.002545,1,-0.6567930931262811,78,PASS
5090,0.002545125,0.0025455,1,1.1229800480333896,212,PASS
5091,0.002545625,0.002546,1,1.0537915293187765,207,PASS
5092,0.002546125,0.0025465,1,-0.349978719774626,101,PASS
5093,0.002546625,0.002547,1,0.7303984836619299,182,PASS
5094,0.002547125,0.0025475,1,1.1022487747436018,210,PASS
5095,0.002547625,0.002548,1,0.9547044541676926,199,PASS
5096,0.002548125,0.0025485,1,1.5173948400900705,242,PASS
5097,0.002548625,0.002549,1,-0.9833349597540382,53,PASS
5098,0.002549125,0.0025495,1,0.33456771612634717,153,PASS
5099,0.002549625,0.0025499999999999997,1,-0.1113999100552967,119,PASS
5100,0.002550125,0.0025505,1,-1.6881103657407193,0,PASS
5101,0.002550625,0.002551,1,0.7397392471015996,183,PASS
5102,0.002551125,0.0025515,1,-1.4022778276659258,22,PASS
5103,0.002551625,0.002552,1,-1.0717781623374845,47,PASS
5104,0.002552125,0.0025525,1,0.8478470138608423,191,PASS
5105,0.002552625,0.002553,1,1.4678453094560553,238,PASS
5106,0.002553125,0.0025534999999999998,1,0.7712797868168642,186,PASS
5107,0.002553625,0.002554,1,1.3031014703675476,226,PASS
5108,0.002554125,0.0025545,1,0.04696043778916503,131,PASS
5109,0.002554625,0.002555,1,-0.04533849103069865,124,PASS
5110,0.002555125,0.0025555,1,-0.7331042518166754,72,PASS
5111,0.002555625,0.002556,1,-1.465960497674223,17,PASS
5112,0.002556125,0.0025564999999999997,1,-1.1285546669936328,43,PASS
5113,0.002556625,0.002557,1,-0.9408229394787394,57,PASS
5114,0.002557125,0.0025575,1,1.26904281852669,223,PASS
5115,0.002557625,0.002558,1,-1.6920026245882638,0,PASS
5116,0.002558125,0.0025585,1,-0.26483444708632,108,PASS
5117,0.002558625,0.002559,1,1.6038861458252607,248,PASS
5118,0.002559125,0.0025595,1,1.3829772796027633,232,PASS
5119,0.002559625,0.0025599999999999998,1,-1.3225054447858793,28,PASS
5120,0.002560125,0.0025605,1,0.830067661380465,190,PASS
5121,0.002560625,0.002561,1,1.2649143479786435,223,PASS
5122,0.002561125,0.0025615,1,-1.061949687793191,48,PASS
5123,0.002561625,0.002562,1,-0.8442465438271692,64,PASS
5124,0.002562125,0.0025625,1,0.6244606177337111,175,PASS
5125,0.002562625,0.0025629999999999997,1,0.8760648880197002,193,PASS
5126,0.002563125,0.0025635,1,1.2769742733571212,224,PASS
5127,0.002563625,0.002564,1,-0.34714376145006387,101,PASS
5128,0.002564125,0.0025645,1,-1.5372721313029993,12,PASS
5129,0.002564625,0.002565,1,1.6202797074694717,249,PASS
5130,0.002565125,0.0025655,1,-0.8200810257532629,66,PASS
5131,0.002565625,0.002566,1,0.9178258243708204,197,PASS
5132,0.002566125,0.0025664999999999998,1,1.4256755507783787,235,PASS
5133,0.002566625,0.002567,1,0.14003543626127057,138,PASS
5134,0.002567125,0.0025675,1,0.08021648743067389,134,PASS
5135,0.002567625,0.002568,1,-0.8828796264041909,61,PASS
5136,0.002568125,0.0025685,1,-1.4927564816198724,15,PASS
5137,0.002568625,0.002569,1,-1.324132940640769,28,PASS
5138,0.002569125,0.0025694999999999997,1,0.7600405155269476,185,PASS
5139,0.002569625,0.00257,1,-1.0234355553564596,50,PASS
5140,0.002570125,0.0025705,1,-0.014946559655383496,126,PASS
5141,0.002570625,0.002571,1,0.06265822062030124,132,PASS
5142,0.002571125,0.0025715,1,1.4512005440998685,237,PASS
5143,0.002571625,0.002572,1,0.13738345626651216,138,PASS
5144,0.002572125,0.0025725,1,0.3927647152398712,157,PASS
5145,0.002572625,0.0025729999999999998,1,1.058126105583778,207,PASS
5146,0.002573125,0.0025735,1,-0.6756824426144123,77,PASS
5147,0.002573625,0.002574,1,0.6379555530341412,176,PASS
5148,0.002574125,0.0025745,1,-1.3666320217423962,25,PASS
5149,0.002574625,0.002575,1,-1.4585837687518073,18,PASS
5150,0.002575125,0.0025755,1,1.5947000418189512,248,PASS
5151,0.0025756250000000002,0.002576,1,-0.626068641165322,80,PASS
5152,0.002576125,0.0025765,1,-0.14265178122615785,117,PASS
5153,0.002576625,0.002577,1,-1.180526710660882,39,PASS
5154,0.002577125,0.0025775,1,-0.6662240474120713,77,PASS
5155,0.002577625,0.002578,1,1.3664596244842124,230,PASS
5156,0.002578125,0.0025785,1,1.4698642557075512,238,PASS
5157,0.002578625,0.002579,1,0.4212834812287405,159,PASS
5158,0.002579125,0.0025794999999999998,1,-1.0070769688950714,52,PASS
5159,0.002579625,0.00258,1,1.5502670237930627,244,PASS
5160,0.002580125,0.0025805,1,0.9606927100395593,200,PASS
5161,0.002580625,0.002581,1,-1.3650179641067461,25,PASS
5162,0.002581125,0.0025815,1,0.6235257617495471,174,PASS
5163,0.002581625,0.002582,1,-0.2941915447416803,105,PASS
5164,0.0025821250000000002,0.0025825,1,-1.579408969845602,9,PASS
5165,0.002582625,0.002583,1,-0.8596053798415875,63,PASS
5166,0.002583125,0.0025835,1,0.1602413843516608,140,PASS
5167,0.002583625,0.002584,1,0.2509300901603575,146,PASS
5168,0.002584125,0.0025845,1,1.581128812387009,247,PASS
5169,0.002584625,0.002585,1,-0.11275585851849868,119,PASS
5170,0.002585125,0.0025855,1,-0.5259320034730981,88,PASS
5171,0.002585625,0.0025859999999999998,1,1.3182533579623674,227,PASS
5172,0.002586125,0.0025865,1,0.03751851225845315,130,PASS
5173,0.002586625,0.002587,1,0.15410589545191034,139,PASS
5174,0.002587125,0.0025875,1,-1.0328037720088892,50,PASS
5175,0.002587625,0.002588,1,0.966403927581829,200,PASS
5176,0.002588125,0.0025885,1,0.9573459859019999,200,PASS
5177,0.002588625,0.002589,1,0.19440226825023976,142,PASS
5178,0.002589125,0.0025895,1,-0.43988543997428864,94,PASS
5179,0.002589625,0.00259,1,0.2646352694134151,147,PASS
5180,0.002590125,0.0025905,1,1.0959698119275008,210,PASS
5181,0.002590625,0.002591,1,0.601798614780847,173,PASS
5182,0.002591125,0.0025915,1,1.3448507452890335,229,PASS
5183,0.002591625,0.002592,1,-0.2236708209757614,111,PASS
5184,0.002592125,0.0025924999999999998,1,0.5202542449828347,167,PASS
5185,0.002592625,0.002593,1,0.24291086713413046,146,PASS
5186,0.002593125,0.0025935,1,0.521601008374492,167,PASS
5187,0.002593625,0.002594,1,-0.019549577961735176,126,PASS
5188,0.002594125,0.0025945,1,0.19208171540172825,142,PASS
5189,0.002594625,0.002595,1,-0.2973839130391742,105,PASS
5190,0.002595125,0.0025955,1,0.11705548341411576,136,PASS
5191,0.002595625,0.002596,1,-0.7612141533418315,70,PASS
5192,0.002596125,0.0025965,1,1.3616840778092916,230,PASS
5193,0.002596625,0.002597,1,-0.5847237331249842,83,PASS
5194,0.002597125,0.0025975,1,1.2656505062552632,223,PASS
5195,0.002597625,0.002598,1,1.1007449168790229,210,PASS
5196,0.002598125,0.0025985,1,0.7151740557831319,181,PASS
5197,0.002598625,0.0025989999999999997,1,0.3979358374809212,157,PASS
5198,0.002599125,0.0025995,1,1.0165194265376034,204,PASS
5199,0.002599625,0.0026,1,0.8100072843830473,188,PASS
5200,0.002600125,0.0026005,1,0.12888956772765292,137,PASS
5201,0.002600625,0.002601,1,-1.5978920614583096,7,PASS
5202,0.002601125,0.0026015,1,-0.15811770801980152,116,PASS
5203,0.002601625,0.002602,1,-0.568416271752715,85,PASS
5204,0.002602125,0.0026024999999999998,1,1.6108440830301303,249,PASS
5205,0.002602625,0.002603,1,-0.4878303289373729,91,PASS
5206,0.002603125,0.0026035,1,0.5718295101008459,171,PASS
5207,0.002603625,0.002604,1,-0.8027701275732825,67,PASS
5208,0.002604125,0.0026045,1,1.590773139917235,247,PASS
5209,0.002604625,0.002605,1,1.6162009225977154,249,PASS
5210,0.002605125,0.0026054999999999997,1,0.23445393254794444,145,PASS
5211,0.002605625,0.002606,1,1.6812639137995424,254,PASS
5212,0.002606125,0.0026065,1,-0.37557227417159167,99,PASS
5213,0.002606625,0.002607,1,-1.6229279703123198,5,PASS
5214,0.002607125,0.0026075,1,1.4545575222654377,237,PASS
5215,0.002607625,0.002608,1,-0.8187649096091854,66,PASS
5216,0.002608125,0.0026085,1,0.18372594028586176,141,PASS
5217,0.002608625,0.0026089999999999998,1,1.4410540651539108,236,PASS
5218,0.002609125,0.0026095,1,-0.886542189806881,61,PASS
5219,0.002609625,0.00261,1,0.11815326638462142,136,PASS
5220,0.002610125,0.0026105,1,0.16279122063689289,140,PASS
5221,0.002610625,0.002611,1,0.16516949615369048,140,PASS
5222,0.002611125,0.0026115,1,0.41122016291420205,158,PASS
5223,0.002611625,0.0026119999999999997,1,-0.2504232612407793,109,PASS
5224,0.002612125,0.0026125,1,-0.16045532232919468,115,PASS
5225,0.002612625,0.002613,1,0.6155913803411492,174,PASS
5226,0.002613125,0.0026135,1,1.5043018156676593,241,PASS
5227,0.002613625,0.002614,1,1.4234677546303336,235,PASS
5228,0.002614125,0.0026145,1,-0.5060409285120959,89,PASS
5229,0.002614625,0.002615,1,-0.6703514390848846,77,PASS
5230,0.002615125,0.0026154999999999998,1,0.03381247589510483,130,PASS
5231,0.002615625,0.002616,1,1.0541392695534697,207,PASS
5232,0.002616125,0.0026165,1,0.8454998762145649,191,PASS
5233,0.002616625,0.002617,1,-1.2433481965176325,34,PASS
5234,0.002617125,0.0026175,1,1.5166050867295489,242,PASS
5235,0.002617625,0.002618,1,-0.23759781908177335,110,PASS
5236,0.002618125,0.0026184999999999997,1,-0.7824546883657001,69,PASS
5237,0.002618625,0.002619,1,0.3602071552575843,155,PASS
5238,0.002619125,0.0026195,1,-0.40503870775464357,97,PASS
5239,0.002619625,0.00262,1,0.8331052011339677,190,PASS
5240,0.002620125,0.0026205,1,0.8923370603282501,195,PASS
5241,0.002620625,0.002621,1,1.2307873540269079,220,PASS
5242,0.002621125,0.0026215,1,1.0204579727655847,204,PASS
5243,0.002621625,0.0026219999999999998,1,1.687904882834186,255,PASS
5244,0.002622125,0.0026225,1,-0.9081728612961385,59,PASS
5245,0.002622625,0.002623,1,0.18727185574629002,142,PASS
5246,0.002623125,0.0026235,1,-0.2424985747417041,109,PASS
5247,0.002623625,0.002624,1,1.0636646517048118,208,PASS
5248,0.002624125,0.0026245,1,0.6624530053575135,177,PASS
5249,0.0026246250000000002,0.002625,1,-0.049924663546210724,124,PASS
5250,0.002625125,0.0026255,1,0.7286789441325172,182,PASS
5251,0.002625625,0.002626,1,-0.09404192050298632,120,PASS
5252,0.002626125,0.0026265,1,1.4736693711830327,238,PASS
5253,0.002626625,0.002627,1,-0.15651542414012498,116,PASS
5254,0.002627125,0.0026275,1,-0.5306823248783685,88,PASS
5255,0.002627625,0.002628,1,-0.02313954627195769,126,PASS
5256,0.002628125,0.0026284999999999998,1,-0.22414185769661987,111,PASS
5257,0.002628625,0.002629,1,-0.06322788712503291,123,PASS
5258,0.002629125,0.0026295,1,0.767438567162195,185,PASS
5259,0.002629625,0.00263,1,-0.19685016296926294,113,PASS
5260,0.002630125,0.0026305,1,0.007477222249247184,128,PASS
5261,0.002630625,0.002631,1,-1.45560328369187,18,PASS
5262,0.0026311250000000002,0.0026315,1,0.888443115281041,194,PASS
5263,0.002631625,0.002632,1,1.5793235249130941,246,PASS
5264,0.002632125,0.0026325,1,0.6840235260316583,179,PASS
5265,0.002632625,0.002633,1,1.260215266384282,222,PASS
5266,0.002633125,0.0026335,1,-0.6074785979402364,82,PASS
5267,0.002633625,0.002634,1,1.4002898246722781,233,PASS
5268,0.002634125,0.0026345,1,-1.400604317324476,22,PASS
5269,0.002634625,0.0026349999999999998,1,1.6621053232717207,253,PASS
5270,0.002635125,0.0026355,1,1.356061280813346,230,PASS
5271,0.002635625,0.002636,1,1.6888051099276196,255,PASS
5272,0.002636125,0.0026365,1,-0.48906799472725737,91,PASS
5273,0.002636625,0.002637,1,-1.577227573708171,9,PASS
5274,0.002637125,0.0026375,1,0.9403478514166836,198,PASS
5275,0.002637625,0.002638,1,-1.2485908838499709,33,PASS
5276,0.002638125,0.0026385,1,0.8448050750018175,191,PASS
5277,0.002638625,0.002639,1,-0.41972694442046543,96,PASS
5278,0.002639125,0.0026395,1,-1.1941242349694985,38,PASS
5279,0.002639625,0.00264,1,-0.6261113690402138,80,PASS
5280,0.002640125,0.0026405,1,-1.3694223028459633,24,PASS
5281,0.002640625,0.002641,1,-0.01463175745695744,126,PASS
5282,0.002641125,0.0026414999999999998,1,-0.7496190712711532,71,PASS
5283,0.002641625,0.002642,1,-0.8311993745297588,65,PASS
5284,0.002642125,0.0026425,1,-1.6862186794332135,1,PASS
5285,0.002642625,0.002643,1,0.8896785244092966,194,PASS
5286,0.002643125,0.0026435,1,0.9965178729967119,203,PASS
5287,0.002643625,0.002644,1,0.17742011261924717,141,PASS
5288,0.002644125,0.0026445,1,0.2731024499215926,148,PASS
5289,0.002644625,0.0026449999999999998,1,0.8477021933971589,191,PASS
5290,0.002645125,0.0026455,1,1.5926127829330359,247,PASS
5291,0.002645625,0.002646,1,1.1295831133637313,213,PASS
5292,0.002646125,0.0026465,1,0.17998257890537928,141,PASS
5293,0.002646625,0.002647,1,1.5118915754464621,241,PASS
5294,0.002647125,0.0026475,1,0.5526283054517658,169,PASS
5295,0.002647625,0.0026479999999999997,1,-0.4705302004720424,92,PASS
5296,0.002648125,0.0026485,1,0.7070673531062963,181,PASS
5297,0.002648625,0.002649,1,0.6693550986952104,178,PASS
5298,0.002649125,0.0026495,1,1.564058724668835,245,PASS
5299,0.002649625,0.00265,1,0.06590060242707252,132,PASS
5300,0.002650125,0.0026505,1,-0.13494116348709206,117,PASS
5301,0.002650625,0.002651,1,-1.6426756116614183,4,PASS
5302,0.002651125,0.0026514999999999998,1,0.1486793019048327,139,PASS
5303,0.002651625,0.002652,1,-0.7688142028700625,70,PASS
5304,0.002652125,0.0026525,1,0.9549136607150681,199,PASS
5305,0.002652625,0.002653,1,1.377758970087114,231,PASS
5306,0.002653125,0.0026535,1,1.321225875026833,227,PASS
5307,0.002653625,0.002654,1,-1.395752710070684,22,PASS
5308,0.002654125,0.0026544999999999997,1,0.4132444110385449,159,PASS
5309,0.002654625,0.002655,1,0.5528522200799959,169,PASS
5310,0.002655125,0.0026555,1,-0.8070845301198103,67,PASS
5311,0.002655625,0.002656,1,0.0613740085497716,132,PASS
5312,0.002656125,0.0026565,1,0.32623265567656135,152,PASS
5313,0.002656625,0.002657,1,-0.7978945537377335,67,PASS
5314,0.002657125,0.0026575,1,-0.26488275436548636,108,PASS
5315,0.002657625,0.0026579999999999998,1,1.1678996566724773,215,PASS
5316,0.002658125,0.0026585,1,-1.0288871657611207,50,PASS
5317,0.002658625,0.002659,1,1.6949154612738673,255,PASS
5318,0.002659125,0.0026595,1,0.48262798292600917,164,PASS
5319,0.002659625,0.00266,1,1.693209381336488,255,PASS
5320,0.002660125,0.0026605,1,0.1728601033259658,141,PASS
5321,0.002660625,0.0026609999999999997,1,0.9176402547018736,197,PASS
5322,0.002661125,0.0026615,1,1.1329138010990845,213,PASS
5323,0.002661625,0.002662,1,-0.6804708900400434,76,PASS
5324,0.002662125,0.0026625,1,1.3983714712871385,233,PASS
5325,0.002662625,0.002663,1,-1.3120049184934426,29,PASS
5326,0.002663125,0.0026635,1,0.8931308484657337,195,PASS
5327,0.002663625,0.002664,1,0.006436114708335827,128,PASS
5328,0.002664125,0.0026644999999999998,1,1.5087605687585175,241,PASS
5329,0.002664625,0.002665,1,0.08466087725685423,134,PASS
5330,0.002665125,0.0026655,1,0.8146346681083447,189,PASS
5331,0.002665625,0.002666,1,-0.4583619696032297,93,PASS
5332,0.002666125,0.0026665,1,-0.5296180539265638,88,PASS
5333,0.002666625,0.002667,1,0.7011770750556738,180,PASS
5334,0.002667125,0.0026674999999999997,1,-0.9165745409455441,58,PASS
5335,0.002667625,0.002668,1,-0.7034038014684438,75,PASS
5336,0.002668125,0.0026685,1,0.1379063230085671,138,PASS
5337,0.002668625,0.002669,1,0.9248619614309772,197,PASS
5338,0.002669125,0.0026695,1,0.4678316487895027,163,PASS
5339,0.002669625,0.00267,1,-1.0318921909950072,50,PASS
5340,0.002670125,0.0026705,1,1.3956843109870969,233,PASS
5341,0.002670625,0.0026709999999999998,1,-0.19628684785987804,113,PASS
5342,0.002671125,0.0026715,1,-1.2169502740957954,36,PASS
5343,0.002671625,0.002672,1,0.8224263510824936,189,PASS
5344,0.002672125,0.0026725,1,0.8962975385655334,195,PASS
5345,0.002672625,0.002673,1,-1.5459579683406566,11,PASS
5346,0.002673125,0.0026735,1,1.009223362364074,203,PASS
5347,0.0026736250000000002,0.002674,1,-0.17942441098760065,114,PASS
5348,0.002674125,0.0026745,1,-0.629669300267109,80,PASS
5349,0.002674625,0.002675,1,0.5156852843053643,166,PASS
5350,0.002675125,0.0026755,1,0.007058396072823436,128,PASS
5351,0.002675625,0.002676,1,0.6825123320024706,179,PASS
5352,0.002676125,0.0026765,1,1.591388086853114,247,PASS
5353,0.002676625,0.002677,1,-1.085426855098486,46,PASS
5354,0.002677125,0.0026774999999999998,1,-0.796616089180361,68,PASS
5355,0.002677625,0.002678,1,0.8351012162378575,190,PASS
5356,0.002678125,0.0026785,1,0.7777651619576591,186,PASS
5357,0.002678625,0.002679,1,-1.2702267727901564,32,PASS
5358,0.002679125,0.0026795,1,-0.6368115467441453,80,PASS
5359,0.002679625,0.00268,1,0.28489091680454437,149,PASS
5360,0.002680125,0.0026805,1,1.394812191075112,233,PASS
5361,0.002680625,0.002681,1,0.9798958078123434,201,PASS
5362,0.002681125,0.0026815,1,1.599549572662631,248,PASS
5363,0.002681625,0.002682,1,-0.14234196250458964,117,PASS
5364,0.002682125,0.0026825,1,1.022407300698709,204,PASS
5365,0.002682625,0.002683,1,1.3754488323262677,231,PASS
5366,0.002683125,0.0026835,1,-0.22100060964501522,111,PASS
5367,0.002683625,0.0026839999999999998,1,1.4524541624243452,237,PASS
5368,0.002684125,0.0026845,1,-0.41022934004803036,97,PASS
5369,0.002684625,0.002685,1,-0.17818098771512214,114,PASS
5370,0.002685125,0.0026855,1,-0.7991193626737748,67,PASS
5371,0.002685625,0.002686,1,-1.430464947209848,20,PASS
5372,0.002686125,0.0026865,1,0.2505016634655537,146,PASS
5373,0.002686625,0.002687,1,1.0766957316102441,209,PASS
5374,0.002687125,0.0026875,1,1.1813061741918693,216,PASS
5375,0.002687625,0.002688,1,1.2927029308485414,225,PASS
5376,0.002688125,0.0026885,1,-1.4002423585623047,22,PASS
5377,0.002688625,0.002689,1,1.1279556776867026,212,PASS
5378,0.002689125,0.0026895,1,0.7959598041375593,187,PASS
5379,0.002689625,0.00269,1,1.3445328325499595,229,PASS
5380,0.002690125,0.0026904999999999997,1,-1.3159587426551282,28,PASS
5381,0.002690625,0.002691,1,-0.27177582442536563,107,PASS
5382,0.002691125,0.0026915,1,-0.8609340027458086,63,PASS
5383,0.002691625,0.002692,1,-1.3366321666657073,27,PASS
5384,0.002692125,0.0026925,1,0.4902876910917453,164,PASS
5385,0.002692625,0.002693,1,0.5244151386153024,167,PASS
5386,0.002693125,0.0026935,1,1.1403650596984256,213,PASS
5387,0.002693625,0.0026939999999999998,1,1.6290339023026112,250,PASS
5388,0.002694125,0.0026945,1,-0.6654556206504416,77,PASS
5389,0.002694625,0.002695,1,-1.3145973845499008,29,PASS
5390,0.002695125,0.0026955,1,0.021511586833333762,129,PASS
5391,0.002695625,0.002696,1,1.6098252895402416,249,PASS
5392,0.002696125,0.0026965,1,1.5535235027249465,244,PASS
5393,0.002696625,0.0026969999999999997,1,-0.7254148564266549,73,PASS
5394,0.002697125,0.0026975,1,-0.790660252924116,68,PASS
5395,0.002697625,0.002698,1,0.01570823470657068,129,PASS
5396,0.002698125,0.0026985,1,1.1884487091550715,217,PASS
5397,0.002698625,0.002699,1,1.009886468121424,204,PASS
5398,0.002699125,0.0026995,1,-0.7199654487604076,73,PASS
5399,0.002699625,0.0027,1,-0.2989061310786607,105,PASS
5400,0.002700125,0.0027004999999999998,1,-0.7312364649661808,72,PASS
5401,0.002700625,0.002701,1,1.6626098031564858,253,PASS
5402,0.002701125,0.0027015,1,-1.6763045549613091,1,PASS
5403,0.002701625,0.002702,1,-0.47654823753722586,92,PASS
5404,0.002702125,0.0027025,1,1.534386699073574,243,PASS
5405,0.002702625,0.002703,1,0.5132323522683733,166,PASS
5406,0.002703125,0.0027034999999999997,1,-1.2180322717158216,36,PASS
5407,0.002703625,0.002704,1,-1.589578915290979,8,PASS
5408,0.002704125,0.0027045,1,1.425721003220093,235,PASS
5409,0.002704625,0.002705,1,0.531164996685537,167,PASS
5410,0.002705125,0.0027055,1,1.546101615202191,244,PASS
5411,0.002705625,0.002706,1,1.2269943954056288,220,PASS
5412,0.002706125,0.0027065,1,-1.163641787346425,40,PASS
5413,0.002706625,0.0027069999999999998,1,-0.4785734413163625,91,PASS
5414,0.002707125,0.0027075,1,0.37571865011942074,156,PASS
5415,0.002707625,0.002708,1,-0.6735540721930475,77,PASS
5416,0.002708125,0.0027085,1,-0.41125282780265104,97,PASS
5417,0.002708625,0.002709,1,1.5504765480943872,244,PASS
5418,0.002709125,0.0027095,1,0.6521542684148096,177,PASS
5419,0.002709625,0.0027099999999999997,1,1.4024089538056594,233,PASS
5420,0.002710125,0.0027105,1,-0.6373603182775824,80,PASS
5421,0.002710625,0.002711,1,1.3362484826144352,228,PASS
5422,0.002711125,0.0027115,1,-0.6350555745197666,80,PASS
5423,0.002711625,0.002712,1,0.5024296563795729,165,PASS
5424,0.002712125,0.0027125,1,0.6830117892754235,179,PASS
5425,0.002712625,0.002713,1,-0.956500909215142,55,PASS
5426,0.002713125,0.0027134999999999998,1,0.16316638946072715,140,PASS
5427,0.002713625,0.002714,1,1.525516383326844,242,PASS
5428,0.002714125,0.0027145,1,0.8937053382692166,195,PASS
5429,0.002714625,0.002715,1,-0.8651801627413774,62,PASS
5430,0.002715125,0.0027155,1,-1.104646589764696,44,PASS
5431,0.002715625,0.002716,1,-1.6507218475503567,3,PASS
5432,0.002716125,0.0027164999999999997,1,1.2475162252468268,221,PASS
5433,0.002716625,0.002717,1,-1.2927259704050271,30,PASS
5434,0.002717125,0.0027175,1,-1.4777164772859444,16,PASS
5435,0.002717625,0.002718,1,-0.8441116320829926,64,PASS
5436,0.002718125,0.0027185,1,-1.666568124204263,2,PASS
5437,0.002718625,0.002719,1,-0.7568741309851985,71,PASS
5438,0.002719125,0.0027195,1,-1.580884323804857,8,PASS
5439,0.002719625,0.0027199999999999998,1,-0.40847215216095467,97,PASS
5440,0.002720125,0.0027205,1,0.9500365875615853,199,PASS
5441,0.002720625,0.002721,1,0.986724538036982,202,PASS
5442,0.002721125,0.0027215,1,0.41957222888307766,159,PASS
5443,0.002721625,0.002722,1,-1.0666025633526979,47,PASS
5444,0.002722125,0.0027225,1,1.5582129819784691,245,PASS
5445,0.0027226250000000002,0.002723,1,0.2164058730501246,144,PASS
5446,0.002723125,0.0027235,1,-1.4556751394523924,18,PASS
5447,0.002723625,0.002724,1,0.5715554923335804,171,PASS
5448,0.002724125,0.0027245,1,1.6417355777972908,251,PASS
5449,0.002724625,0.002725,1,1.4390214116942703,236,PASS
5450,0.002725125,0.0027255,1,-0.580912007900722,84,PASS
5451,0.002725625,0.002726,1,-1.2372685679449433,34,PASS
5452,0.002726125,0.0027264999999999998,1,1.4541453100080755,237,PASS
5453,0.002726625,0.002727,1,0.02227777499458683,129,PASS
5454,0.002727125,0.0027275,1,1.3154594968330209,227,PASS
5455,0.002727625,0.002728,1,0.8741051149281762,193,PASS
5456,0.002728125,0.0027285,1,0.7101431013636132,181,PASS
5457,0.002728625,0.002729,1,1.415885613039798,234,PASS
5458,0.002729125,0.0027295,1,1.3938628353255622,232,PASS
5459,0.002729625,0.00273,1,1.6815291256895628,254,PASS
5460,0.002730125,0.0027305,1,-0.8231198647259793,66,PASS
5461,0.002730625,0.002731,1,1.0899992507032759,210,PASS
5462,0.002731125,0.0027315,1,-1.5771340087048449,9,PASS
5463,0.002731625,0.002732,1,1.3728480422091829,231,PASS
5464,0.002732125,0.0027325,1,0.5358696568287031,168,PASS
5465,0.002732625,0.0027329999999999998,1,0.43506326252944816,160,PASS
5466,0.002733125,0.0027335,1,-1.3448753496228214,26,PASS
5467,0.002733625,0.002734,1,-0.46802156405965656,92,PASS
5468,0.002734125,0.0027345,1,-1.135089166651186,42,PASS
5469,0.002734625,0.002735,1,1.4606538208407607,237,PASS
5470,0.002735125,0.0027355,1,0.4747533270326507,163,PASS
5471,0.002735625,0.002736,1,-1.4604468815676461,18,PASS
5472,0.002736125,0.0027365,1,-0.36984537000133777,100,PASS
5473,0.002736625,0.002737,1,-1.4624526715257686,17,PASS
5474,0.002737125,0.0027375,1,0.7234829111585961,182,PASS
5475,0.002737625,0.002738,1,0.6844038637769827,179,PASS
5476,0.002738125,0.0027385,1,-1.6174087005735318,6,PASS
5477,0.002738625,0.002739,1,-0.3680394269834246,100,PASS
5478,0.002739125,0.0027394999999999997,1,-1.46483097797054,17,PASS
5479,0.002739625,0.00274,1,0.5691934054030854,170,PASS
5480,0.002740125,0.0027405,1,-0.384464710248952,99,PASS
5481,0.002740625,0.002741,1,-0.8822582539137983,61,PASS
5482,0.002741125,0.0027415,1,-1.216987421145375,36,PASS
5483,0.002741625,0.002742,1,0.9982941049428213,203,PASS
5484,0.002742125,0.0027425,1,1.6935546856148858,255,PASS
5485,0.002742625,0.0027429999999999998,1,-0.9239760009973973,58,PASS
5486,0.002743125,0.0027435,1,1.2761553731367334,224,PASS
5487,0.002743625,0.002744,1,0.05921495974418289,132,PASS
5488,0.002744125,0.0027445,1,0.5469238774551191,169,PASS
5489,0.002744625,0.002745,1,1.066555107980424,208,PASS
5490,0.002745125,0.0027455,1,-1.22590530714345,35,PASS
5491,0.002745625,0.0027459999999999997,1,-1.370329609801399,24,PASS
5492,0.002746125,0.0027465,1,-0.7838756234344237,68,PASS
5493,0.002746625,0.002747,1,1.0403084288769924,206,PASS
5494,0.002747125,0.0027475,1,-1.0517531527621726,48,PASS
5495,0.002747625,0.002748,1,0.9992624768927489,203,PASS
5496,0.002748125,0.0027485,1,0.43748683259819443,160,PASS
5497,0.002748625,0.002749,1,0.3555463329704327,154,PASS
5498,0.002749125,0.0027494999999999998,1,-1.4096282330265262,21,PASS
5499,0.002749625,0.00275,1,0.7033320325486747,180,PASS
5500,0.002750125,0.0027505,1,0.2933768954070759,150,PASS
5501,0.002750625,0.002751,1,0.8197907560464437,189,PASS
5502,0.002751125,0.0027515,1,-0.5397904931348221,87,PASS
5503,0.002751625,0.002752,1,0.49255368077676054,165,PASS
5504,0.002752125,0.0027524999999999997,1,-1.649130384923327,3,PASS
5505,0.002752625,0.002753,1,-0.07325951460909441,122,PASS
5506,0.002753125,0.0027535,1,-0.6208287122385954,81,PASS
5507,0.002753625,0.002754,1,1.5111186886318972,241,PASS
5508,0.002754125,0.0027545,1,0.9897980888406652,202,PASS
5509,0.002754625,0.002755,1,1.6646181310190171,253,PASS
5510,0.002755125,0.0027555,1,-0.268864804161016,107,PASS
5511,0.002755625,0.0027559999999999998,1,-0.7303534155714817,73,PASS
5512,0.002756125,0.0027565,1,0.3894500313693465,157,PASS
5513,0.002756625,0.002757,1,0.46425847594686487,162,PASS
5514,0.002757125,0.0027575,1,-0.7470092516186405,71,PASS
5515,0.002757625,0.002758,1,0.1968999027382019,142,PASS
5516,0.002758125,0.0027585,1,-1.3789416540382162,24,PASS
5517,0.002758625,0.0027589999999999997,1,1.4823740005419632,239,PASS
5518,0.002759125,0.0027595,1,-1.4311802664738316,20,PASS
5519,0.002759625,0.00276,1,1.5031237145102445,241,PASS
5520,0.002760125,0.0027605,1,0.12728148149031826,137,PASS
5521,0.002760625,0.002761,1,0.6744879935578043,178,PASS
5522,0.002761125,0.0027615,1,0.3337201632289133,153,PASS
5523,0.002761625,0.002762,1,-1.2264711773943213,35,PASS
5524,0.002762125,0.0027624999999999998,1,0.6452866076477417,176,PASS
5525,0.002762625,0.002763,1,0.40756374270049567,158,PASS
5526,0.002763125,0.0027635,1,-0.8914873392043217,60,PASS
5527,0.002763625,0.002764,1,0.910999719820287,196,PASS
5528,0.002764125,0.0027645,1,1.6024131681332043,248,PASS
5529,0.002764625,0.002765,1,-0.21186971524001708,112,PASS
5530,0.002765125,0.0027654999999999997,1,1.0391663474740744,206,PASS
5531,0.002765625,0.002766,1,-1.0627258402205397,47,PASS
5532,0.002766125,0.0027665,1,-0.5040129441850993,90,PASS
5533,0.002766625,0.002767,1,1.4037959388278523,233,PASS
5534,0.002767125,0.0027675,1,-0.56249393215771,85,PASS
5535,0.002767625,0.002768,1,0.3336759307198822,153,PASS
5536,0.002768125,0.0027685,1,-1.3560497834350351,25,PASS
5537,0.002768625,0.0027689999999999998,1,1.3646090457959688,230,PASS
5538,0.002769125,0.0027695,1,0.2879398989417108,149,PASS
5539,0.002769625,0.00277,1,-1.1106519529458403,44,PASS
5540,0.002770125,0.0027705,1,0.4390355533518304,161,PASS
5541,0.002770625,0.002771,1,1.5822808248740114,247,PASS
5542,0.002771125,0.0027715,1,-0.8980560688330459,60,PASS
5543,0.002771625,0.0027719999999999997,1,-0.8648778567110914,62,PASS
5544,0.002772125,0.0027725,1,-1.3798972358707682,24,PASS
5545,0.002772625,0.002773,1,-0.709804900505049,74,PASS
5546,0.002773125,0.0027735,1,0.7949977481747925,187,PASS
5547,0.002773625,0.002774,1,0.9319749885447985,198,PASS
5548,0.002774125,0.0027745,1,-1.01709401802772,51,PASS
5549,0.002774625,0.002775,1,1.4963277123218883,240,PASS
5550,0.002775125,0.0027754999999999998,1,-0.0896054113212672,121,PASS
5551,0.002775625,0.002776,1,1.5265555493369793,242,PASS
5552,0.002776125,0.0027765,1,1.545337933049164,244,PASS
5553,0.002776625,0.002777,1,-0.45348118458495734,93,PASS
5554,0.002777125,0.0027775,1,0.3227271987518108,152,PASS
5555,0.002777625,0.002778,1,-1.269520418286067,32,PASS
5556,0.002778125,0.0027785,1,1.5159800306101199,242,PASS
5557,0.002778625,0.002779,1,1.2935098459977625,225,PASS
5558,0.002779125,0.0027795,1,-0.895759122887443,60,PASS
5559,0.002779625,0.00278,1,1.2622704241866523,223,PASS
5560,0.002780125,0.0027805,1,-0.6306669826546902,80,PASS
5561,0.002780625,0.002781,1,0.7662066194825761,185,PASS
5562,0.002781125,0.0027815,1,0.5339771804088722,168,PASS
5563,0.002781625,0.0027819999999999998,1,-0.881407262796425,61,PASS
5564,0.002782125,0.0027825,1,0.3343862833878457,153,PASS
5565,0.002782625,0.002783,1,1.062752753128548,208,PASS
5566,0.002783125,0.0027835,1,1.5290051590091764,243,PASS
5567,0.002783625,0.002784,1,1.0604611864442048,207,PASS
5568,0.002784125,0.0027845,1,1.49504566513114,240,PASS
5569,0.002784625,0.002785,1,-0.9562384711287024,56,PASS
5570,0.002785125,0.0027854999999999998,1,-0.3653287234385201,100,PASS
5571,0.002785625,0.002786,1,0.9316559341316755,198,PASS
5572,0.002786125,0.0027865,1,1.1271139890561745,212,PASS
5573,0.002786625,0.002787,1,-0.2875160300519415,106,PASS
5574,0.002787125,0.0027875,1,-0.2393635601254871,109,PASS
5575,0.002787625,0.002788,1,-1.2436945032662043,34,PASS
5576,0.002788125,0.0027884999999999997,1,0.6924910997205889,180,PASS
5577,0.002788625,0.002789,1,-1.1544709996938258,41,PASS
5578,0.002789125,0.0027895,1,0.34864745287280496,154,PASS
5579,0.002789625,0.00279,1,0.7211166022600037,182,PASS
5580,0.002790125,0.0027905,1,0.09609594266021948,135,PASS
5581,0.002790625,0.002791,1,-0.287192960428303,106,PASS
5582,0.002791125,0.0027915,1,-0.9071999268430053,59,PASS
5583,0.002791625,0.0027919999999999998,1,1.1027410987262642,211,PASS
5584,0.002792125,0.0027925,1,0.7954817578124274,187,PASS
5585,0.002792625,0.002793,1,-0.20753262978962161,112,PASS
5586,0.002793125,0.0027935,1,-0.069969100839262,122,PASS
5587,0.002793625,0.002794,1,0.5754811896081475,171,PASS
5588,0.002794125,0.0027945,1,-0.8981191250986333,60,PASS
5589,0.002794625,0.0027949999999999997,1,-1.3531639925047116,26,PASS
5590,0.002795125,0.0027955,1,-1.2439144992867368,34,PASS
5591,0.002795625,0.002796,1,1.12852726902413,212,PASS
5592,0.002796125,0.0027965,1,1.140584396008509,213,PASS
5593,0.002796625,0.002797,1,-0.16878589568961933,115,PASS
5594,0.002797125,0.0027975,1,-1.3937395090322746,23,PASS
5595,0.002797625,0.002798,1,1.07602192619436,209,PASS
5596,0.002798125,0.0027984999999999998,1,0.6361813923398782,175,PASS
5597,0.002798625,0.002799,1,0.578859298629981,171,PASS
5598,0.002799125,0.0027995,1,0.7560618387040978,184,PASS
5599,0.002799625,0.0028,1,0.6248670487719716,175,PASS
5600,0.002800125,0.0028005,1,-1.3351098788096158,27,PASS
5601,0.002800625,0.002801,1,-0.5439619812535681,87,PASS
5602,0.002801125,0.0028014999999999997,1,-0.35704924848674247,101,PASS
5603,0.002801625,0.002802,1,1.381592910494888,232,PASS
5604,0.002802125,0.0028025,1,-0.8850309002220912,61,PASS
5605,0.002802625,0.002803,1,0.4440315558653751,161,PASS
5606,0.002803125,0.0028035,1,-1.6763914594242202,1,PASS
5607,0.002803625,0.002804,1,-0.5853819577394981,83,PASS
5608,0.002804125,0.0028045,1,-0.3154139024519329,104,PASS
5609,0.002804625,0.0028049999999999998,1,0.08519920677699755,134,PASS
5610,0.002805125,0.0028055,1,1.6445106993194696,251,PASS
5611,0.002805625,0.002806,1,-1.6483191366914267,3,PASS
5612,0.002806125,0.0028065,1,0.4447669390075515,161,PASS
5613,0.002806625,0.002807,1,1.4565992265386212,237,PASS
5614,0.002807125,0.0028075,1,0.8064076228532431,188,PASS
5615,0.002807625,0.0028079999999999997,1,-0.43451274034526,95,PASS
5616,0.002808125,0.0028085,1,0.8018209627160611,188,PASS
5617,0.002808625,0.002809,1,0.7227965514352641,182,PASS
5618,0.002809125,0.0028095,1,-0.5394479444188918,87,PASS
5619,0.002809625,0.00281,1,-0.7784677949033094,69,PASS
5620,0.002810125,0.0028105,1,0.44516371243734887,161,PASS
5621,0.002810625,0.002811,1,0.7617929695195766,185,PASS
5622,0.002811125,0.0028114999999999998,1,-0.4865452191055277,91,PASS
5623,0.002811625,0.002812,1,1.3079613463711743,226,PASS
5624,0.002812125,0.0028125,1,0.2601583805046981,147,PASS
5625,0.002812625,0.002813,1,-0.26443779029128156,108,PASS
5626,0.002813125,0.0028135,1,0.48121803837849586,164,PASS
5627,0.002813625,0.002814,1,-0.06237668700684251,123,PASS
5628,0.002814125,0.0028144999999999997,1,-0.8175649593595198,66,PASS
5629,0.002814625,0.002815,1,1.3176451153997013,227,PASS
5630,0.002815125,0.0028155,1,-1.0410017382380936,49,PASS
5631,0.002815625,0.002816,1,0.4932429285197426,165,PASS
5632,0.002816125,0.0028165,1,1.530216956561994,243,PASS
5633,0.002816625,0.002817,1,-1.5452882177680314,11,PASS
5634,0.002817125,0.0028175,1,-0.8047544214198485,67,PASS
5635,0.002817625,0.0028179999999999998,1,1.5147441110433324,242,PASS
5636,0.002818125,0.0028185,1,-1.2430969784962216,34,PASS
5637,0.002818625,0.002819,1,0.01222637748365285,128,PASS
5638,0.002819125,0.0028195,1,1.583348113244295,247,PASS
5639,0.002819625,0.00282,1,-1.1809444254576789,39,PASS
5640,0.002820125,0.0028205,1,-1.4633456509088019,17,PASS
5641,0.0028206249999999998,0.0028209999999999997,1,-0.7494454540404009,71,PASS
5642,0.002821125,0.0028215,1,-1.2017955348307305,37,PASS
5643,0.002821625,0.002822,1,-1.6900001294440579,0,PASS
5644,0.002822125,0.0028225,1,-0.04058187226203791,124,PASS
5645,0.002822625,0.002823,1,-0.07491468063744944,122,PASS
5646,0.002823125,0.0028235,1,1.6412170730626972,251,PASS
5647,0.002823625,0.002824,1,1.4250189221453773,235,PASS
5648,0.002824125,0.0028244999999999998,1,-1.6917601692275168,0,PASS
5649,0.002824625,0.002825,1,-0.1886126069089371,113,PASS
5650,0.002825125,0.0028255,1,-1.0363688727681504,49,PASS
5651,0.002825625,0.002826,1,-0.4268643453777905,95,PASS
5652,0.002826125,0.0028265,1,-0.5101918923606796,89,PASS
5653,0.002826625,0.002827,1,0.10221166661571512,135,PASS
5654,0.002827125,0.0028275,1,-1.3224827827763104,28,PASS
5655,0.002827625,0.002828,1,1.5093912194584698,241,PASS
5656,0.002828125,0.0028285,1,0.1419981154169918,138,PASS
5657,0.002828625,0.002829,1,-1.067453541755894,47,PASS
5658,0.002829125,0.0028295,1,-0.26062735385805347,108,PASS
5659,0.002829625,0.00283,1,1.1522176999172886,214,PASS
5660,0.002830125,0.0028305,1,-0.2700778264903789,107,PASS
5661,0.002830625,0.0028309999999999997,1,0.09399315814473819,135,PASS
5662,0.002831125,0.0028315,1,1.1967705385958147,218,PASS
5663,0.002831625,0.002832,1,-1.164361039372209,40,PASS
5664,0.002832125,0.0028325,1,1.5421960337960463,244,PASS
5665,0.002832625,0.002833,1,1.5646992567077807,245,PASS
5666,0.002833125,0.0028335,1,-0.8254482076897116,65,PASS
5667,0.002833625,0.002834,1,-0.6571435539093269,78,PASS
5668,0.002834125,0.0028344999999999998,1,0.4216405016429048,159,PASS
5669,0.002834625,0.002835,1,1.3713441220156113,231,PASS
5670,0.002835125,0.0028355,1,-0.9274075451600007,58,PASS
5671,0.002835625,0.002836,1,-0.27724161854467977,107,PASS
5672,0.002836125,0.0028365,1,1.6273949724826824,250,PASS
5673,0.002836625,0.002837,1,1.5946055897800073,248,PASS
5674,0.002837125,0.0028374999999999997,1,0.7029540536746726,180,PASS
5675,0.002837625,0.002838,1,-0.18061584169646538,114,PASS
5676,0.002838125,0.0028385,1,-0.6688446660427425,77,PASS
5677,0.002838625,0.002839,1,1.5403359869860351,243,PASS
5678,0.002839125,0.0028395,1,0.020090952369796522,129,PASS
5679,0.002839625,0.00284,1,1.3019919960535364,226,PASS
5680,0.002840125,0.0028405,1,1.0717258916136665,208,PASS
5681,0.002840625,0.0028409999999999998,1,-0.18003418372578883,114,PASS
5682,0.002841125,0.0028415,1,-1.2901410448415667,30,PASS
5683,0.002841625,0.002842,1,-0.24999766343014596,109,PASS
5684,0.002842125,0.0028425,1,0.9622590678451479,200,PASS
5685,0.002842625,0.002843,1,1.6380160809148554,251,PASS
5686,0.002843125,0.0028435,1,-0.16103227847929436,115,PASS
5687,0.002843625,0.0028439999999999997,1,1.23384842828582,220,PASS
5688,0.002844125,0.0028445,1,-0.810174170211649,66,PASS
5689,0.002844625,0.002845,1,1.382183687270315,232,PASS
5690,0.002845125,0.0028455,1,-0.7094179765686799,74,PASS
5691,0.002845625,0.002846,1,-0.3585472155793994,101,PASS
5692,0.002846125,0.0028465,1,0.7861236896314454,187,PASS
5693,0.002846625,0.002847,1,1.2169954340925988,219,PASS
5694,0.002847125,0.0028474999999999998,1,-1.007239360257297,52,PASS
5695,0.002847625,0.002848,1,0.11735675419564218,136,PASS
5696,0.002848125,0.0028485,1,0.11253024767715791,136,PASS
5697,0.002848625,0.002849,1,1.2900167999184748,225,PASS
5698,0.002849125,0.0028495,1,0.24653585700389602,146,PASS
5699,0.002849625,0.00285,1,-0.6817075603366352,76,PASS
5700,0.002850125,0.0028504999999999997,1,-1.278716583772257,31,PASS
5701,0.002850625,0.002851,1,-0.0873078831819385,121,PASS
5702,0.002851125,0.0028515,1,-1.5007712374508473,15,PASS
5703,0.002851625,0.002852,1,1.2530333965464833,222,PASS
5704,0.002852125,0.0028525,1,-0.05816252161014579,123,PASS
5705,0.002852625,0.002853,1,0.12463592171104954,137,PASS
5706,0.002853125,0.0028535,1,-0.8222138281029967,66,PASS
5707,0.002853625,0.0028539999999999998,1,1.1237282218867068,212,PASS
5708,0.002854125,0.0028545,1,0.9204005950544569,197,PASS
5709,0.002854625,0.002855,1,-1.149442685705806,41,PASS
5710,0.002855125,0.0028555,1,1.477952821315798,239,PASS
5711,0.002855625,0.002856,1,-0.39704092170426586,98,PASS
5712,0.002856125,0.0028565,1,-1.1793240440692674,39,PASS
5713,0.002856625,0.0028569999999999997,1,-1.359092013057169,25,PASS
5714,0.002857125,0.0028575,1,0.7092366343038978,181,PASS
5715,0.002857625,0.002858,1,-0.8582244923369103,63,PASS
5716,0.002858125,0.0028585,1,0.6892758900020104,179,PASS
5717,0.002858625,0.002859,1,0.83578061950885,190,PASS
5718,0.002859125,0.0028595,1,-1.6692453148122968,2,PASS
5719,0.002859625,0.00286,1,1.1859874176634875,217,PASS
5720,0.002860125,0.0028604999999999998,1,1.0260070134422399,205,PASS
5721,0.002860625,0.002861,1,-0.29540126065391803,105,PASS
5722,0.002861125,0.0028615,1,0.8002692498670323,188,PASS
5723,0.002861625,0.002862,1,0.010918699851384384,128,PASS
5724,0.002862125,0.0028625,1,0.18993194948383652,142,PASS
5725,0.002862625,0.002863,1,-1.1273502768419512,43,PASS
5726,0.002863125,0.0028634999999999997,1,4.9641884336315556e-05,128,PASS
5727,0.002863625,0.002864,1,-1.09342360774526,45,PASS
5728,0.002864125,0.0028645,1,1.083696998421986,209,PASS
5729,0.002864625,0.002865,1,-1.2103666065610263,36,PASS
5730,0.002865125,0.0028655,1,0.10242320300021435,135,PASS
5731,0.002865625,0.002866,1,1.0479315100293747,206,PASS
5732,0.002866125,0.0028665,1,1.434051643135536,235,PASS
5733,0.002866625,0.0028669999999999998,1,0.42817700937999015,160,PASS
5734,0.002867125,0.0028675,1,-0.24926793225955612,109,PASS
5735,0.002867625,0.002868,1,-0.05705384741110109,123,PASS
5736,0.002868125,0.0028685,1,1.4053604472291317,233,PASS
5737,0.002868625,0.002869,1,1.1427994458392725,214,PASS
5738,0.002869125,0.0028695,1,0.03443406295125029,130,PASS
5739,0.0028696249999999998,0.0028699999999999997,1,1.4363097698006888,236,PASS
5740,0.002870125,0.0028705,1,-0.7326760611503145,72,PASS
5741,0.002870625,0.002871,1,-1.4224256272528426,20,PASS
5742,0.002871125,0.0028715,1,1.6317898361695164,250,PASS
5743,0.002871625,0.002872,1,1.2140403276797753,219,PASS
5744,0.002872125,0.0028725,1,0.24307457275680044,146,PASS
5745,0.002872625,0.002873,1,-1.5685102766793442,9,PASS
5746,0.002873125,0.0028734999999999998,1,0.5950173342751277,172,PASS
5747,0.002873625,0.002874,1,0.5277882512198204,167,PASS
5748,0.002874125,0.0028745,1,-1.1942595627790773,38,PASS
5749,0.002874625,0.002875,1,-0.9430533921527794,56,PASS
5750,0.002875125,0.0028755,1,-0.7464212696818184,71,PASS
5751,0.002875625,0.002876,1,1.43321713539212,235,PASS
5752,0.002876125,0.0028765,1,-1.4529972317534823,18,PASS
5753,0.002876625,0.002877,1,-1.4259857990218485,20,PASS
5754,0.002877125,0.0028775,1,-0.7836889980059106,68,PASS
5755,0.002877625,0.002878,1,-0.13969103126207472,117,PASS
5756,0.002878125,0.0028785,1,-0.37935855801068996,99,PASS
5757,0.002878625,0.002879,1,-0.45339385449268343,93,PASS
5758,0.002879125,0.0028795,1,0.44233663004086643,161,PASS
5759,0.002879625,0.0028799999999999997,1,-0.5246819150716553,88,PASS
5760,0.002880125,0.0028805,1,0.22503910715712316,144,PASS
5761,0.002880625,0.002881,1,0.044274738687119175,131,PASS
5762,0.002881125,0.0028815,1,-0.3769608928821775,99,PASS
5763,0.002881625,0.002882,1,-1.076211167377396,46,PASS
5764,0.002882125,0.0028825,1,-1.2390145379054593,34,PASS
5765,0.002882625,0.002883,1,-0.7067760840702747,74,PASS
5766,0.002883125,0.0028834999999999998,1,1.3274368513752794,227,PASS
5767,0.002883625,0.002884,1,1.6409325070414698,251,PASS
5768,0.002884125,0.0028845,1,-1.3410656219688344,27,PASS
5769,0.002884625,0.002885,1,1.4288473995845938,235,PASS
5770,0.002885125,0.0028855,1,-0.6749900565588864,77,PASS
5771,0.002885625,0.002886,1,-0.929522862955759,58,PASS
5772,0.002886125,0.0028864999999999997,1,-1.3808586192288481,24,PASS
5773,0.002886625,0.002887,1,-1.040278157183622,49,PASS
5774,0.002887125,0.0028875,1,-1.3133414701907768,29,PASS
5775,0.002887625,0.002888,1,-0.686156188095252,76,PASS
5776,0.002888125,0.0028885,1,1.616446316856982,249,PASS
5777,0.002888625,0.002889,1,1.388919617998014,232,PASS
5778,0.002889125,0.0028895,1,1.0183675664504868,204,PASS
5779,0.002889625,0.0028899999999999998,1,0.8744159662358093,193,PASS
5780,0.002890125,0.0028905,1,-0.09209625562580959,121,PASS
5781,0.002890625,0.002891,1,-0.7258161480719965,73,PASS
5782,0.002891125,0.0028915,1,-0.26877592655297833,107,PASS
5783,0.002891625,0.002892,1,0.3849010920398708,156,PASS
5784,0.002892125,0.0028925,1,0.06784125211446734,133,PASS
5785,0.002892625,0.0028929999999999997,1,0.13668579551894378,138,PASS
5786,0.002893125,0.0028935,1,-0.6057029077525271,82,PASS
5787,0.002893625,0.002894,1,-1.1746962224311968,39,PASS
5788,0.002894125,0.0028945,1,0.40196902154030023,158,PASS
5789,0.002894625,0.002895,1,0.7131532502987701,181,PASS
5790,0.002895125,0.0028955,1,1.6727974555510705,253,PASS
5791,0.002895625,0.002896,1,1.1993739371683476,218,PASS
5792,0.002896125,0.0028964999999999998,1,0.45155554776066276,161,PASS
5793,0.002896625,0.002897,1,0.1623704983440053,140,PASS
5794,0.002897125,0.0028975,1,-1.1332224982114851,42,PASS
5795,0.002897625,0.002898,1,0.3650642562412638,155,PASS
5796,0.002898125,0.0028985,1,-1.5934187399602404,8,PASS
5797,0.002898625,0.002899,1,-0.5377811076217347,87,PASS
5798,0.002899125,0.0028994999999999997,1,-1.3647364643950581,25,PASS
5799,0.002899625,0.0029,1,1.660141583686072,252,PASS
5800,0.002900125,0.0029005,1,0.897749393367212,195,PASS
5801,0.002900625,0.002901,1,-0.8397399557231244,64,PASS
5802,0.002901125,0.0029015,1,1.108208385512356,211,PASS
5803,0.002901625,0.002902,1,-0.35131273563437215,101,PASS
5804,0.002902125,0.0029025,1,-0.545770603909659,86,PASS
5805,0.002902625,0.0029029999999999998,1,0.4887789054301115,164,PASS
5806,0.002903125,0.0029035,1,-0.8762199429474112,62,PASS
5807,0.002903625,0.002904,1,-1.4957543750781164,15,PASS
5808,0.002904125,0.0029045,1,0.05223243800527211,131,PASS
5809,0.002904625,0.002905,1,1.263796794054037,223,PASS
5810,0.002905125,0.0029055,1,-0.8603009178946914,63,PASS
5811,0.002905625,0.0029059999999999997,1,-0.12975436964032494,118,PASS
5812,0.002906125,0.0029065,1,-1.478238102227768,16,PASS
5813,0.002906625,0.002907,1,1.6414249697040761,251,PASS
5814,0.002907125,0.0029075,1,-1.2761875326834409,31,PASS
5815,0.002907625,0.002908,1,0.8441834547492737,191,PASS
5816,0.002908125,0.0029085,1,-0.4733632964574841,92,PASS
5817,0.002908625,0.002909,1,-1.416055718487005,21,PASS
5818,0.002909125,0.0029094999999999998,1,1.372155365580342,231,PASS
5819,0.002909625,0.00291,1,-1.3380615023322375,27,PASS
5820,0.002910125,0.0029105,1,-1.475459165909931,16,PASS
5821,0.002910625,0.002911,1,-0.4173453944546408,96,PASS
5822,0.002911125,0.0029115,1,-1.1641186620705901,40,PASS
5823,0.002911625,0.002912,1,0.6910748669340159,180,PASS
5824,0.002912125,0.0029124999999999997,1,1.4073914945720138,233,PASS
5825,0.002912625,0.002913,1,-1.1022141747015561,45,PASS
5826,0.002913125,0.0029135,1,0.9297117892387747,198,PASS
5827,0.002913625,0.002914,1,0.01572009909211025,129,PASS
5828,0.002914125,0.0029145,1,-1.3278246857607572,28,PASS
5829,0.002914625,0.002915,1,-0.21640923606601925,111,PASS
5830,0.002915125,0.0029155,1,0.22538906951985727,144,PASS
5831,0.002915625,0.0029159999999999998,1,-0.7466914766390284,71,PASS
5832,0.002916125,0.0029165,1,-1.292551345092018,30,PASS
5833,0.002916625,0.002917,1,0.24783098009471383,146,PASS
5834,0.002917125,0.0029175,1,1.171472862840839,216,PASS
5835,0.002917625,0.002918,1,-0.480884722980909,91,PASS
5836,0.002918125,0.0029185,1,-1.4848247544408577,16,PASS
5837,0.0029186249999999998,0.0029189999999999997,1,0.3863290472666365,157,PASS
5838,0.002919125,0.0029195,1,1.4972218336379794,240,PASS
5839,0.002919625,0.00292,1,1.6189530297323202,249,PASS
5840,0.002920125,0.0029205,1,1.1695036563375913,216,PASS
5841,0.002920625,0.002921,1,-1.3549872941377976,25,PASS
5842,0.002921125,0.0029215,1,-0.005203255918367455,127,PASS
5843,0.002921625,0.002922,1,0.03763941481135036,130,PASS
5844,0.002922125,0.0029224999999999998,1,-1.2029152817023385,37,PASS
5845,0.002922625,0.002923,1,-1.4407767544136387,19,PASS
5846,0.002923125,0.0029235,1,0.44501029490687904,161,PASS
5847,0.002923625,0.002924,1,-1.47521972782779,16,PASS
5848,0.002924125,0.0029245,1,1.3253204961712617,227,PASS
5849,0.002924625,0.002925,1,-0.09441420559490399,120,PASS
5850,0.002925125,0.0029255,1,-1.3187921942324063,28,PASS
5851,0.002925625,0.0029259999999999998,1,-0.4479290568218999,94,PASS
5852,0.002926125,0.0029265,1,0.5567477542325079,169,PASS
5853,0.002926625,0.002927,1,-0.9140124900688161,59,PASS
5854,0.002927125,0.0029275,1,-0.9419261398349251,57,PASS
5855,0.002927625,0.002928,1,-0.4985580126005933,90,PASS
5856,0.002928125,0.0029285,1,-1.0829517102639932,46,PASS
5857,0.002928625,0.0029289999999999997,1,-1.6160160719680352,6,PASS
5858,0.002929125,0.0029295,1,1.6427774343334203,251,PASS
5859,0.002929625,0.00293,1,0.5760032863720961,171,PASS
5860,0.002930125,0.0029305,1,1.1760724176145272,216,PASS
5861,0.002930625,0.002931,1,0.5258985639066249,167,PASS
5862,0.002931125,0.0029315,1,-0.9014830576366732,60,PASS
5863,0.002931625,0.002932,1,0.5076419971345538,166,PASS
5864,0.002932125,0.0029324999999999998,1,-0.01197598335270178,127,PASS
5865,0.002932625,0.002933,1,-0.892006666187714,60,PASS
5866,0.002933125,0.0029335,1,-0.2817222933513859,106,PASS
5867,0.002933625,0.002934,1,-0.3946099331257442,98,PASS
5868,0.002934125,0.0029345,1,1.649274288759681,252,PASS
5869,0.002934625,0.002935,1,1.2235598376540462,220,PASS
5870,0.002935125,0.0029354999999999997,1,-0.9023492571543758,60,PASS
5871,0.002935625,0.002936,1,-1.586942346011518,8,PASS
5872,0.002936125,0.0029365,1,0.3576302235267004,154,PASS
5873,0.002936625,0.002937,1,-1.637008221251705,4,PASS
5874,0.002937125,0.0029375,1,1.4592323724561906,237,PASS
5875,0.002937625,0.002938,1,1.6733946565857816,253,PASS
5876,0.002938125,0.0029385,1,-0.1249049669438076,118,PASS
5877,0.002938625,0.0029389999999999998,1,-1.257061864114676,33,PASS
5878,0.002939125,0.0029395,1,0.5272474261828004,167,PASS
5879,0.002939625,0.00294,1,1.278651419910364,224,PASS
5880,0.002940125,0.0029405,1,0.33476043936906197,153,PASS
5881,0.002940625,0.002941,1,1.0394532071560787,206,PASS
5882,0.002941125,0.0029415,1,0.880099799920641,194,PASS
5883,0.002941625,0.0029419999999999997,1,-1.2934670573560119,30,PASS
5884,0.002942125,0.0029425,1,0.33461794908398423,153,PASS
5885,0.002942625,0.002943,1,-0.5473862757831347,86,PASS
5886,0.002943125,0.0029435,1,1.5303266265224138,243,PASS
5887,0.002943625,0.002944,1,0.881182280672385,194,PASS
5888,0.002944125,0.0029445,1,-1.358925422808338,25,PASS
5889,0.002944625,0.002945,1,-0.5935644934505317,83,PASS
5890,0.002945125,0.0029454999999999998,1,-0.22145625854265627,111,PASS
5891,0.002945625,0.002946,1,1.5995347448960648,248,PASS
5892,0.002946125,0.0029465,1,0.8302978825438141,190,PASS
5893,0.002946625,0.002947,1,1.1288937232858227,212,PASS
5894,0.002947125,0.0029475,1,-1.082332087024593,46,PASS
5895,0.002947625,0.002948,1,0.2405450831389777,146,PASS
5896,0.002948125,0.0029484999999999997,1,0.7747750812449892,186,PASS
5897,0.002948625,0.002949,1,-0.689076603896998,76,PASS
5898,0.002949125,0.0029495,1,1.5168959369774073,242,PASS
5899,0.002949625,0.00295,1,-0.8997439009469627,60,PASS
5900,0.002950125,0.0029505,1,1.2060702165627688,218,PASS
5901,0.002950625,0.002951,1,0.9786945690818236,201,PASS
5902,0.002951125,0.0029515,1,1.502206161325496,241,PASS
5903,0.002951625,0.0029519999999999998,1,1.0692420455353842,208,PASS
5904,0.002952125,0.0029525,1,0.5566932338241226,169,PASS
5905,0.002952625,0.002953,1,0.4296258200798506,160,PASS
5906,0.002953125,0.0029535,1,-1.0646183376301979,47,PASS
5907,0.002953625,0.002954,1,-1.391296186784531,23,PASS
5908,0.002954125,0.0029545,1,-0.2842156385648733,106,PASS
5909,0.002954625,0.0029549999999999997,1,-0.3127575024571039,104,PASS
5910,0.002955125,0.0029555,1,-0.6110011687887678,81,PASS
5911,0.002955625,0.002956,1,-0.2807248921222327,106,PASS
5912,0.002956125,0.0029565,1,-0.48391211232089204,91,PASS
5913,0.002956625,0.002957,1,-1.0961952857026347,45,PASS
5914,0.002957125,0.0029575,1,0.6489189811103644,176,PASS
5915,0.002957625,0.002958,1,-0.8116900348974471,66,PASS
5916,0.002958125,0.0029584999999999998,1,-0.16662177104245046,115,PASS
5917,0.002958625,0.002959,1,1.0688483798598833,208,PASS
5918,0.002959125,0.0029595,1,-1.3300804977908258,27,PASS
5919,0.002959625,0.00296,1,1.255701800642768,222,PASS
5920,0.002960125,0.0029605,1,1.562586149752972,245,PASS
5921,0.002960625,0.002961,1,0.27625320868637915,148,PASS
5922,0.0029611249999999998,0.0029614999999999997,1,0.1588959412344102,139,PASS
5923,0.002961625,0.002962,1,-0.6437988331454598,79,PASS
5924,0.002962125,0.0029625,1,-1.6427562649778924,4,PASS
5925,0.002962625,0.002963,1,0.45525037475059116,162,PASS
5926,0.002963125,0.0029635,1,-1.674236307102968,1,PASS
5927,0.002963625,0.002964,1,1.6230220765850254,250,PASS
5928,0.002964125,0.0029645,1,-1.3197347437162281,28,PASS
5929,0.002964625,0.0029649999999999998,1,0.9433023784277761,199,PASS
5930,0.002965125,0.0029655,1,-1.649508583984614,3,PASS
5931,0.002965625,0.002966,1,1.4566831937197546,237,PASS
5932,0.002966125,0.0029665,1,-1.6530579512849657,3,PASS
5933,0.002966625,0.002967,1,-0.2804217136596312,106,PASS
5934,0.002967125,0.0029675,1,-1.3626873451862194,25,PASS
5935,0.0029676249999999998,0.0029679999999999997,1,-0.09229126093389062,121,PASS
5936,0.002968125,0.0029685,1,1.013664657837259,204,PASS
5937,0.002968625,0.002969,1,-0.6894989156645741,76,PASS
5938,0.002969125,0.0029695,1,-0.7926177333211887,68,PASS
5939,0.002969625,0.00297,1,0.0022391774661882913,128,PASS
5940,0.002970125,0.0029705,1,0.9713085600639284,201,PASS
5941,0.002970625,0.002971,1,0.5977930685020512,173,PASS
5942,0.002971125,0.0029714999999999997,1,0.868420005521197,193,PASS
5943,0.002971625,0.002972,1,0.9234314827198877,197,PASS
5944,0.002972125,0.0029725,1,1.128531903438496,212,PASS
5945,0.002972625,0.002973,1,0.1190460123916468,136,PASS
5946,0.002973125,0.0029735,1,0.20244564536415655,143,PASS
5947,0.002973625,0.002974,1,0.6409365788722308,176,PASS
5948,0.002974125,0.0029745,1,0.29390666274288657,150,PASS
5949,0.002974625,0.0029749999999999998,1,-0.5444906299175918,87,PASS
5950,0.002975125,0.0029755,1,-0.566903171714001,85,PASS
5951,0.002975625,0.002976,1,-1.6885545529899166,0,PASS
5952,0.002976125,0.0029765,1,1.4769950258605922,239,PASS
5953,0.002976625,0.002977,1,0.032886330659392504,130,PASS
5954,0.002977125,0.0029775,1,-1.4352948132176175,19,PASS
5955,0.002977625,0.0029779999999999997,1,1.360038150883612,230,PASS
5956,0.002978125,0.0029785,1,0.5667994392164439,170,PASS
5957,0.002978625,0.002979,1,1.6019492175968708,248,PASS
5958,0.002979125,0.0029795,1,-1.1759479919845601,39,PASS
5959,0.002979625,0.00298,1,-0.3612893359305218,100,PASS
5960,0.002980125,0.0029805,1,-0.8921166907646916,60,PASS
5961,0.002980625,0.002981,1,-0.4741252825362905,92,PASS
5962,0.002981125,0.0029814999999999998,1,-0.9758001245042395,54,PASS
5963,0.002981625,0.002982,1,-1.1498678291331008,41,PASS
5964,0.002982125,0.0029825,1,0.42219085917065136,159,PASS
5965,0.002982625,0.002983,1,-1.3886612256959712,23,PASS
5966,0.002983125,0.0029835,1,-0.5406532147264242,87,PASS
5967,0.002983625,0.002984,1,-0.19809540996239883,113,PASS
5968,0.002984125,0.0029844999999999997,1,1.6162057302156054,249,PASS
5969,0.002984625,0.002985,1,0.2696961716921098,148,PASS
5970,0.002985125,0.0029855,1,-0.7192871680169307,73,PASS
5971,0.002985625,0.002986,1,-0.720116016850627,73,PASS
5972,0.002986125,0.0029865,1,1.1025484703471056,211,PASS
5973,0.002986625,0.002987,1,0.9422116153874109,198,PASS
5974,0.002987125,0.0029875,1,0.19315446114938184,142,PASS
5975,0.002987625,0.0029879999999999998,1,0.5288205024412511,167,PASS
5976,0.002988125,0.0029885,1,0.07539712693050715,133,PASS
5977,0.002988625,0.002989,1,1.6798112031226087,254,PASS
5978,0.002989125,0.0029895,1,1.6594845218651735,252,PASS
5979,0.002989625,0.00299,1,1.3030076441207405,226,PASS
5980,0.002990125,0.0029905,1,0.4202431460961191,159,PASS
5981,0.002990625,0.0029909999999999997,1,-1.3406294444364175,27,PASS
5982,0.002991125,0.0029915,1,0.38282047542625697,156,PASS
5983,0.002991625,0.002992,1,0.6831896091635221,179,PASS
5984,0.002992125,0.0029925,1,-0.34036456688373895,102,PASS
5985,0.002992625,0.002993,1,0.6170072683519912,174,PASS
5986,0.002993125,0.0029935,1,-1.5434175462225754,11,PASS
5987,0.002993625,0.002994,1,-0.41040409068103534,97,PASS
5988,0.002994125,0.0029944999999999998,1,-1.5852120920609043,8,PASS
5989,0.002994625,0.002995,1,0.12484156094284904,137,PASS
5990,0.002995125,0.0029955,1,-1.026910350510064,50,PASS
5991,0.002995625,0.002996,1,-1.2767781985057791,31,PASS
5992,0.002996125,0.0029965,1,1.0237055193747147,205,PASS
5993,0.002996625,0.002997,1,1.070861940312961,208,PASS
5994,0.002997125,0.0029974999999999997,1,1.0623708707179633,207,PASS
5995,0.002997625,0.002998,1,0.37069635105389165,155,PASS
5996,0.002998125,0.0029985,1,-0.6370204580007974,80,PASS
5997,0.002998625,0.002999,1,-1.607096967008038,6,PASS
5998,0.002999125,0.0029995,1,-0.9000441028502087,60,PASS
5999,0.002999625,0.003,1,1.5278599412178295,243,PASS
6000,0.003000125,0.0030005,1,-0.19086057526686062,113,PASS
6001,0.003000625,0.0030009999999999998,1,0.6197167227357137,174,PASS
6002,0.003001125,0.0030015,1,0.35008165121255996,154,PASS
6003,0.003001625,0.003002,1,1.1179685281267233,212,PASS
6004,0.003002125,0.0030025,1,0.4224545074468147,159,PASS
6005,0.003002625,0.003003,1,0.6598859483386386,177,PASS
6006,0.003003125,0.0030035,1,-0.029944027427676545,125,PASS
6007,0.003003625,0.0030039999999999997,1,-1.6006645623667033,7,PASS
6008,0.003004125,0.0030045,1,0.3553075085867452,154,PASS
6009,0.003004625,0.003005,1,0.41119651342443997,158,PASS
6010,0.003005125,0.0030055,1,1.29215714494829,225,PASS
6011,0.003005625,0.003006,1,0.5982245505462604,173,PASS
6012,0.003006125,0.0030065,1,0.13540796840819946,138,PASS
6013,0.003006625,0.003007,1,0.2579179396252258,147,PASS
6014,0.003007125,0.0030074999999999998,1,0.05103500127687077,131,PASS
6015,0.003007625,0.003008,1,0.9189768292736191,197,PASS
6016,0.003008125,0.0030085,1,0.6876598212456122,179,PASS
6017,0.003008625,0.003009,1,0.31030798510502966,151,PASS
6018,0.003009125,0.0030095,1,-0.3441175310189575,102,PASS
6019,0.003009625,0.00301,1,0.8912893944306253,195,PASS
6020,0.0030101249999999998,0.0030104999999999997,1,0.108612437770929,136,PASS
6021,0.003010625,0.003011,1,-0.8503378898314561,63,PASS
6022,0.003011125,0.0030115,1,-0.553117509370683,86,PASS
6023,0.003011625,0.003012,1,-1.4350681936293226,19,PASS
6024,0.003012125,0.0030125,1,-1.2845577493405282,31,PASS
6025,0.003012625,0.003013,1,1.3272308548094485,227,PASS
6026,0.003013125,0.0030135,1,0.9455806519037633,199,PASS
6027,0.003013625,0.0030139999999999998,1,-0.9250597345154212,58,PASS
6028,0.003014125,0.0030145,1,-1.610711899567283,6,PASS
6029,0.003014625,0.003015,1,-1.5043882482517077,14,PASS
6030,0.003015125,0.0030155,1,-1.0395323407493864,49,PASS
6031,0.003015625,0.003016,1,1.1092803232079096,211,PASS
6032,0.003016125,0.0030165,1,-1.2829380737533722,31,PASS
6033,0.0030166249999999998,0.0030169999999999997,1,-1.1247383923486245,43,PASS
6034,0.003017125,0.0030174999999999998,1,0.7686401148827555,185,PASS
6035,0.003017625,0.003018,1,1.1533954780708837,214,PASS
6036,0.003018125,0.0030185,1,1.2048679270848985,218,PASS
6037,0.003018625,0.003019,1,1.5852196343974738,247,PASS
6038,0.003019125,0.0030195,1,0.45004898531743964,161,PASS
6039,0.003019625,0.00302,1,0.7392978438791695,183,PASS
6040,0.003020125,0.0030204999999999997,1,1.439822624246567,236,PASS
6041,0.003020625,0.003021,1,1.4947309830012767,240,PASS
6042,0.003021125,0.0030215,1,-1.6806890204071263,1,PASS
6043,0.003021625,0.003022,1,0.8103582160581586,189,PASS
6044,0.003022125,0.0030225,1,0.556115643870841,169,PASS
6045,0.003022625,0.003023,1,1.1977520017197063,218,PASS
6046,0.003023125,0.0030235,1,-0.9565224164742173,55,PASS
6047,0.003023625,0.0030239999999999998,1,0.8294735357886542,190,PASS
6048,0.003024125,0.0030245,1,1.3423492047035943,229,PASS
6049,0.003024625,0.003025,1,-1.4919627192682998,15,PASS
6050,0.003025125,0.0030255,1,-0.853914371073441,63,PASS
6051,0.003025625,0.003026,1,-0.08910826452396825,121,PASS
6052,0.003026125,0.0030265,1,1.2763082694744663,224,PASS
6053,0.003026625,0.0030269999999999997,1,1.3640827677465779,230,PASS
6054,0.003027125,0.0030275,1,-0.5071893219065156,89,PASS
6055,0.003027625,0.003028,1,1.5479417177047858,244,PASS
6056,0.003028125,0.0030285,1,1.2713456688727367,223,PASS
6057,0.003028625,0.003029,1,-0.653743696294242,78,PASS
6058,0.003029125,0.0030295,1,1.4641251692895463,238,PASS
6059,0.003029625,0.00303,1,-1.244452809106098,34,PASS
6060,0.003030125,0.0030304999999999998,1,-0.7377737122252828,72,PASS
6061,0.003030625,0.003031,1,0.35648484121985224,154,PASS
6062,0.003031125,0.0030315,1,-1.2801166109510802,31,PASS
6063,0.003031625,0.003032,1,-0.15127465474123758,116,PASS
6064,0.003032125,0.0030325,1,0.9589107959510412,200,PASS
6065,0.003032625,0.003033,1,-1.3091563368920012,29,PASS
6066,0.003033125,0.0030334999999999997,1,0.7402134758398475,183,PASS
6067,0.003033625,0.003034,1,1.3024874977174237,226,PASS
6068,0.003034125,0.0030345,1,1.365829571835355,230,PASS
6069,0.003034625,0.003035,1,0.9572741992062681,200,PASS
6070,0.003035125,0.0030355,1,0.6111706511117168,174,PASS
6071,0.003035625,0.003036,1,0.9726516492671708,201,PASS
6072,0.003036125,0.0030365,1,-1.2850142393369475,31,PASS
6073,0.003036625,0.0030369999999999998,1,0.20923390961945199,143,PASS
6074,0.003037125,0.0030375,1,1.5596595933274469,245,PASS
6075,0.003037625,0.003038,1,1.552905946287497,244,PASS
6076,0.003038125,0.0030385,1,0.32890522142149625,152,PASS
6077,0.003038625,0.003039,1,0.38741255281675957,157,PASS
6078,0.003039125,0.0030395,1,0.32449367159806486,152,PASS
6079,0.003039625,0.0030399999999999997,1,-0.19884661753952315,113,PASS
6080,0.003040125,0.0030405,1,-0.7141854790776104,74,PASS
6081,0.003040625,0.003041,1,-0.8706974213713838,62,PASS
6082,0.003041125,0.0030415,1,-0.10923427173347644,119,PASS
6083,0.003041625,0.003042,1,-0.9691120970417287,55,PASS
6084,0.003042125,0.0030425,1,-0.9035997551093141,59,PASS
6085,0.003042625,0.003043,1,-1.4022336785866365,22,PASS
6086,0.003043125,0.0030434999999999998,1,-0.17871705659477755,114,PASS
6087,0.003043625,0.003044,1,0.3222083909300404,152,PASS
6088,0.003044125,0.0030445,1,0.06582854466248045,132,PASS
6089,0.003044625,0.003045,1,-1.2062017474054638,37,PASS
6090,0.003045125,0.0030455,1,1.1372526421934672,213,PASS
6091,0.003045625,0.003046,1,0.6008458533838905,173,PASS
6092,0.003046125,0.0030464999999999997,1,0.41743352695924796,159,PASS
6093,0.003046625,0.003047,1,-1.023207328593151,50,PASS
6094,0.003047125,0.0030475,1,0.8024503686969979,188,PASS
6095,0.003047625,0.003048,1,0.6983146414560919,180,PASS
6096,0.003048125,0.0030485,1,-0.224700618273185,111,PASS
6097,0.003048625,0.003049,1,0.6405513049012581,176,PASS
6098,0.003049125,0.0030495,1,-0.8515871850119213,63,PASS
6099,0.003049625,0.0030499999999999998,1,0.234167942700358,145,PASS
6100,0.003050125,0.0030505,1,-0.2995221849944283,105,PASS
6101,0.003050625,0.003051,1,-0.05253229059946363,124,PASS
6102,0.003051125,0.0030515,1,-0.041956927742867745,124,PASS
6103,0.003051625,0.003052,1,-0.33126812221389645,103,PASS
6104,0.003052125,0.0030525,1,-0.8891200202437236,61,PASS
6105,0.0030526249999999998,0.0030529999999999997,1,-0.19640613132519436,113,PASS
6106,0.003053125,0.0030535,1,0.81109072865138,189,PASS
6107,0.003053625,0.003054,1,0.38467527786278466,156,PASS
6108,0.003054125,0.0030545,1,0.3003330887012752,150,PASS
6109,0.003054625,0.003055,1,-0.19132103192669403,113,PASS
6110,0.003055125,0.0030555,1,1.3445940125888047,229,PASS
6111,0.003055625,0.003056,1,-0.9523763870067847,56,PASS
6112,0.003056125,0.0030564999999999998,1,0.7934625971224512,187,PASS
6113,0.003056625,0.003057,1,-0.2538367154597789,108,PASS
6114,0.003057125,0.0030575,1,-1.677095543884395,1,PASS
6115,0.003057625,0.003058,1,-0.35609689469416983,101,PASS
6116,0.003058125,0.0030585,1,0.4307706072885551,160,PASS
6117,0.003058625,0.003059,1,1.6216476731535059,250,PASS
6118,0.0030591249999999998,0.0030594999999999997,1,1.2305943216543256,220,PASS
6119,0.003059625,0.00306,1,1.0406478745611947,206,PASS
6120,0.003060125,0.0030605,1,1.5870035973831234,247,PASS
6121,0.003060625,0.003061,1,0.30623217392434854,151,PASS
6122,0.003061125,0.0030615,1,-1.6471178388893133,3,PASS
6123,0.003061625,0.003062,1,-0.892515112091608,60,PASS
6124,0.003062125,0.0030625,1,1.087513788178797,209,PASS
6125,0.003062625,0.0030629999999999998,1,-0.4639610359800779,93,PASS
6126,0.003063125,0.0030635,1,1.0468774125246927,206,PASS
6127,0.003063625,0.003064,1,-0.49102700987982084,91,PASS
6128,0.003064125,0.0030645,1,-0.9378936369525015,57,PASS
6129,0.003064625,0.003065,1,-0.4805781569536949,91,PASS
6130,0.003065125,0.0030655,1,-1.0635104548289456,47,PASS
6131,0.0030656249999999998,0.0030659999999999997,1,-1.1994580663935062,37,PASS
6132,0.003066125,0.0030664999999999998,1,-0.16796570204966565,115,PASS
6133,0.003066625,0.003067,1,1.6215242683232127,250,PASS
6134,0.003067125,0.0030675,1,1.4763022068550649,239,PASS
6135,0.003067625,0.003068,1,0.8897949151380338,194,PASS
6136,0.003068125,0.0030685,1,0.8532285609371024,192,PASS
6137,0.003068625,0.003069,1,0.49381393041810084,165,PASS
6138,0.003069125,0.0030694999999999997,1,0.7681211745449514,185,PASS
6139,0.003069625,0.00307,1,-0.5189005704440015,88,PASS
6140,0.003070125,0.0030705,1,1.2742380461117266,223,PASS
6141,0.003070625,0.003071,1,0.9635262948745333,200,PASS
6142,0.003071125,0.0030715,1,0.9689645506734699,200,PASS
6143,0.003071625,0.003072,1,-0.21403302876303032,111,PASS
6144,0.003072125,0.0030725,1,-0.31163339551494795,104,PASS
6145,0.003072625,0.0030729999999999998,1,1.2584142955543187,222,PASS
6146,0.003073125,0.0030735,1,1.4735083285429844,238,PASS
6147,0.003073625,0.003074,1,1.3007135993605166,225,PASS
6148,0.003074125,0.0030745,1,0.1514927660831371,139,PASS
6149,0.003074625,0.003075,1,-1.1756057288981658,39,PASS
6150,0.003075125,0.0030755,1,0.28068525180220094,149,PASS
6151,0.003075625,0.0030759999999999997,1,-0.9177324107234143,58,PASS
6152,0.003076125,0.0030765,1,1.2730680386627797,223,PASS
6153,0.003076625,0.003077,1,1.5028828655204036,241,PASS
6154,0.003077125,0.0030775,1,0.2831108511424012,149,PASS
6155,0.003077625,0.003078,1,0.528368110024606,167,PASS
6156,0.003078125,0.0030785,1,-1.193133586834088,38,PASS
6157,0.003078625,0.003079,1,-0.8857687492839437,61,PASS
6158,0.003079125,0.0030794999999999998,1,1.3363245650135165,228,PASS
6159,0.003079625,0.00308,1,1.0405313939496466,206,PASS
6160,0.003080125,0.0030805,1,0.963284807400661,200,PASS
6161,0.003080625,0.003081,1,-1.4708996732775335,17,PASS
6162,0.003081125,0.0030815,1,-1.1238614834218144,43,PASS
6163,0.003081625,0.003082,1,0.60843077992238,173,PASS
6164,0.003082125,0.0030824999999999997,1,0.6824316331845017,179,PASS
6165,0.003082625,0.003083,1,-0.4018946301578925,97,PASS
6166,0.003083125,0.0030835,1,-0.6111207142889477,81,PASS
6167,0.003083625,0.003084,1,0.30210816334717117,150,PASS
6168,0.003084125,0.0030845,1,-1.3722782144119088,24,PASS
6169,0.003084625,0.003085,1,-0.49616979561631935,90,PASS
6170,0.003085125,0.0030855,1,0.044863564807013256,131,PASS
6171,0.003085625,0.0030859999999999998,1,-0.897298122220365,60,PASS
6172,0.003086125,0.0030865,1,-1.532091857748865,12,PASS
6173,0.003086625,0.003087,1,0.1309332599591171,137,PASS
6174,0.003087125,0.0030875,1,-0.9486876924988626,56,PASS
6175,0.003087625,0.003088,1,-0.2658878896603818,107,PASS
6176,0.003088125,0.0030885,1,-1.1802955710721734,39,PASS
6177,0.003088625,0.0030889999999999997,1,0.37169523391146053,155,PASS
6178,0.003089125,0.0030895,1,-0.7842839039435203,68,PASS
6179,0.003089625,0.00309,1,-0.9890307959955097,53,PASS
6180,0.003090125,0.0030905,1,1.6397315245740585,251,PASS
6181,0.003090625,0.003091,1,-1.2493804755346078,33,PASS
6182,0.003091125,0.0030915,1,1.4640199126073206,238,PASS
6183,0.003091625,0.003092,1,-0.13484373136416505,117,PASS
6184,0.003092125,0.0030924999999999998,1,0.4265455057781524,160,PASS
6185,0.003092625,0.003093,1,1.2517765799566127,222,PASS
6186,0.003093125,0.0030935,1,-0.22310149047306305,111,PASS
6187,0.003093625,0.003094,1,0.2945725762420093,150,PASS
6188,0.003094125,0.0030945,1,-1.5087904205151468,14,PASS
6189,0.003094625,0.003095,1,1.6464009035797564,251,PASS
6190,0.003095125,0.0030954999999999997,1,-1.6984524395463794,0,PASS
6191,0.003095625,0.003096,1,1.4769678410068041,239,PASS
6192,0.003096125,0.0030965,1,-0.07693594469110288,122,PASS
6193,0.003096625,0.003097,1,0.9798446570894053,201,PASS
6194,0.003097125,0.0030975,1,0.5789363542299639,171,PASS
6195,0.003097625,0.003098,1,0.6847589656382886,179,PASS
6196,0.003098125,0.0030985,1,0.7997818823300109,188,PASS
6197,0.003098625,0.0030989999999999998,1,-0.9363970359817047,57,PASS
6198,0.003099125,0.0030995,1,0.33970934970704625,153,PASS
6199,0.003099625,0.0031,1,-0.9246430636381555,58,PASS
6200,0.003100125,0.0031005,1,-1.5445265690277568,11,PASS
6201,0.003100625,0.003101,1,-0.6608855001012932,78,PASS
6202,0.003101125,0.0031015,1,-0.5939526455960562,83,PASS
6203,0.0031016249999999998,0.0031019999999999997,1,1.6212996480453767,250,PASS
6204,0.003102125,0.0031025,1,-0.9672550836564784,55,PASS
6205,0.003102625,0.003103,1,-1.5932838987064655,8,PASS
6206,0.003103125,0.0031035,1,1.3112930454594223,226,PASS
6207,0.003103625,0.003104,1,-0.018202632929804397,126,PASS
6208,0.003104125,0.0031045,1,-1.3911263540741952,23,PASS
6209,0.003104625,0.003105,1,-0.9510565783871073,56,PASS
6210,0.003105125,0.0031054999999999998,1,1.6129272049200194,249,PASS
6211,0.003105625,0.003106,1,-1.0728500064235884,47,PASS
6212,0.003106125,0.0031065,1,-0.3937789860805321,98,PASS
6213,0.003106625,0.003107,1,1.356547204772611,230,PASS
6214,0.003107125,0.0031075,1,1.5989270763474,248,PASS
6215,0.003107625,0.003108,1,1.6299986658282293,250,PASS
6216,0.0031081249999999998,0.0031084999999999997,1,-1.443936117347277,19,PASS
6217,0.003108625,0.003109,1,-1.5853329265923581,8,PASS
6218,0.003109125,0.0031095,1,1.2474294290686692,221,PASS
6219,0.003109625,0.00311,1,1.06593428760689,208,PASS
6220,0.003110125,0.0031105,1,-0.787824134348655,68,PASS
6221,0.003110625,0.003111,1,-0.9463386891556995,56,PASS
6222,0.003111125,0.0031115,1,-1.6014933420970838,7,PASS
6223,0.003111625,0.0031119999999999997,1,0.434697789601566,160,PASS
6224,0.003112125,0.0031125,1,-0.12392497006893355,118,PASS
6225,0.003112625,0.003113,1,1.3468705915960746,229,PASS
6226,0.003113125,0.0031135,1,-0.32102036134305467,103,PASS
6227,0.003113625,0.003114,1,0.14912779798366538,139,PASS
6228,0.003114125,0.0031145,1,-0.0018732522091449155,127,PASS
6229,0.0031146249999999998,0.0031149999999999997,1,-0.3876697185557485,98,PASS
6230,0.003115125,0.0031154999999999998,1,-0.33771858504216756,102,PASS
6231,0.003115625,0.003116,1,0.02443913465934222,129,PASS
6232,0.003116125,0.0031165,1,1.5499605128278595,244,PASS
6233,0.003116625,0.003117,1,1.648170810036355,252,PASS
6234,0.003117125,0.0031175,1,-0.37728322892088184,99,PASS
6235,0.003117625,0.003118,1,0.5407505091586449,168,PASS
6236,0.003118125,0.0031184999999999997,1,1.1119067892184942,211,PASS
6237,0.003118625,0.003119,1,-1.4624781453200868,17,PASS
6238,0.003119125,0.0031195,1,0.22728576357285668,145,PASS
6239,0.003119625,0.00312,1,1.3418930916948708,229,PASS
6240,0.003120125,0.0031205,1,0.3684727275591959,155,PASS
6241,0.003120625,0.003121,1,0.40375166512455896,158,PASS
6242,0.0031211249999999998,0.0031214999999999997,1,0.22951254700702495,145,PASS
6243,0.003121625,0.0031219999999999998,1,-0.4513957121835892,94,PASS
6244,0.003122125,0.0031225,1,-0.8681332490482851,62,PASS
6245,0.003122625,0.003123,1,0.5054430512277992,166,PASS
6246,0.003123125,0.0031235,1,0.14614626689660204,139,PASS
6247,0.003123625,0.003124,1,0.9029189274648217,195,PASS
6248,0.003124125,0.0031245,1,-1.180013121961031,39,PASS
6249,0.003124625,0.0031249999999999997,1,1.1228985303399825,212,PASS
6250,0.003125125,0.0031255,1,-1.0752467398598504,47,PASS
6251,0.003125625,0.003126,1,-1.396919315816513,22,PASS
6252,0.003126125,0.0031265,1,0.29646023120846077,150,PASS
6253,0.003126625,0.003127,1,0.44725723380070215,161,PASS
6254,0.003127125,0.0031275,1,-0.08153218779687577,121,PASS
6255,0.003127625,0.003128,1,-1.2472668325007348,34,PASS
6256,0.003128125,0.0031284999999999998,1,-0.2123981224692293,112,PASS
6257,0.003128625,0.003129,1,1.1918564023988714,217,PASS
6258,0.003129125,0.0031295,1,-1.5628424969381802,10,PASS
6259,0.003129625,0.00313,1,-0.8939318482696349,60,PASS
6260,0.003130125,0.0031305,1,-0.6740787996097279,77,PASS
6261,0.003130625,0.003131,1,-1.455036448060682,18,PASS
6262,0.003131125,0.0031314999999999997,1,0.6422582088212889,176,PASS
6263,0.003131625,0.003132,1,0.019409663366334762,129,PASS
6264,0.003132125,0.0031325,1,0.1571673529340396,139,PASS
6265,0.003132625,0.003133,1,-0.05416857587118318,123,PASS
6266,0.003133125,0.0031335,1,0.19117374104893892,142,PASS
6267,0.003133625,0.003134,1,0.4033107678808088,158,PASS
6268,0.003134125,0.0031345,1,-1.524594171238354,13,PASS
6269,0.003134625,0.0031349999999999998,1,0.548771356279053,169,PASS
6270,0.003135125,0.0031355,1,1.250316296204277,222,PASS
6271,0.003135625,0.003136,1,-1.0505545851338955,48,PASS
6272,0.003136125,0.0031365,1,-0.9774555986464146,54,PASS
6273,0.003136625,0.003137,1,-1.4386934698711245,19,PASS
6274,0.003137125,0.0031375,1,-1.2654173212287032,32,PASS
6275,0.003137625,0.0031379999999999997,1,-0.9442884398160701,56,PASS
6276,0.003138125,0.0031385,1,-0.5085949935452758,89,PASS
6277,0.003138625,0.003139,1,-0.4787074649368215,91,PASS
6278,0.003139125,0.0031395,1,-1.398195933053049,22,PASS
6279,0.003139625,0.00314,1,0.9908828594413566,202,PASS
6280,0.003140125,0.0031405,1,-0.27553103602325124,107,PASS
6281,0.003140625,0.003141,1,0.3515755177488622,154,PASS
6282,0.003141125,0.0031414999999999998,1,-0.3177851594346246,104,PASS
6283,0.003141625,0.003142,1,-0.2855704365910492,106,PASS
6284,0.003142125,0.0031425,1,-1.2288866904469844,35,PASS
6285,0.003142625,0.003143,1,-0.1749167849085238,114,PASS
6286,0.003143125,0.0031435,1,-0.14905119251060528,116,PASS
6287,0.003143625,0.003144,1,-0.6562803107197477,78,PASS
6288,0.003144125,0.0031444999999999997,1,0.21496000878212684,144,PASS
6289,0.003144625,0.003145,1,-1.4778298276656328,16,PASS
6290,0.003145125,0.0031455,1,0.7433507989760046,183,PASS
6291,0.003145625,0.003146,1,-1.2756093835276299,31,PASS
6292,0.003146125,0.0031465,1,-0.07034175249594221,122,PASS
6293,0.003146625,0.003147,1,-0.7100117761735166,74,PASS
6294,0.003147125,0.0031475,1,-0.10689871796523431,119,PASS
6295,0.003147625,0.0031479999999999998,1,-1.3067411254312924,29,PASS
6296,0.003148125,0.0031485,1,0.7591711116601478,185,PASS
6297,0.003148625,0.003149,1,-1.3010490231288598,30,PASS
6298,0.003149125,0.0031495,1,0.6917066729322838,180,PASS
6299,0.003149625,0.00315,1,-0.4024255994875181,97,PASS
6300,0.003150125,0.0031505,1,-1.1535605079478426,41,PASS
6301,0.0031506249999999998,0.0031509999999999997,1,-1.6647246321306857,2,PASS
6302,0.003151125,0.0031515,1,-0.42163511236575757,96,PASS
6303,0.003151625,0.003152,1,0.7431546352776108,183,PASS
6304,0.003152125,0.0031525,1,-0.11937132090414226,119,PASS
6305,0.003152625,0.003153,1,-0.6000326852349172,82,PASS
6306,0.003153125,0.0031535,1,0.8977542846046036,195,PASS
6307,0.003153625,0.003154,1,-1.1161959667710328,43,PASS
6308,0.003154125,0.0031544999999999998,1,1.371255841482393,231,PASS
6309,0.003154625,0.003155,1,-1.3988507681514184,22,PASS
6310,0.003155125,0.0031555,1,0.7135508449753625,181,PASS
6311,0.003155625,0.003156,1,0.3947210527750362,157,PASS
6312,0.003156125,0.0031565,1,-0.6773476181160383,76,PASS
6313,0.003156625,0.003157,1,0.752117966887661,184,PASS
6314,0.0031571249999999998,0.0031574999999999997,1,0.1618556395649544,140,PASS
6315,0.003157625,0.0031579999999999998,1,1.0615486245075865,207,PASS
6316,0.003158125,0.0031585,1,-0.1476005499346682,116,PASS
6317,0.003158625,0.003159,1,0.14136342314670225,138,PASS
6318,0.003159125,0.0031595,1,0.4366772373207912,160,PASS
6319,0.003159625,0.00316,1,-1.4690868900670344,17,PASS
6320,0.003160125,0.0031605,1,-1.2888740598848007,30,PASS
6321,0.003160625,0.0031609999999999997,1,-1.2417990132828693,34,PASS
6322,0.003161125,0.0031615,1,0.5716712549225258,171,PASS
6323,0.003161625,0.003162,1,1.1592676739044683,215,PASS
6324,0.003162125,0.0031625,1,-0.713980306050627,74,PASS
6325,0.003162625,0.003163,1,0.7437090365420429,183,PASS
6326,0.003163125,0.0031635,1,-0.8570748360982634,63,PASS
6327,0.0031636249999999998,0.0031639999999999997,1,0.20043287115768793,143,PASS
6328,0.003164125,0.0031644999999999998,1,0.9562976097779912,200,PASS
6329,0.003164625,0.003165,1,0.4764518921235237,163,PASS
6330,0.003165125,0.0031655,1,1.0954014976186996,210,PASS
6331,0.003165625,0.003166,1,-1.4972644709058982,15,PASS
6332,0.003166125,0.0031665,1,-0.2399789672193282,109,PASS
6333,0.003166625,0.003167,1,1.2821283493649285,224,PASS
6334,0.003167125,0.0031674999999999997,1,-0.6556411653124066,78,PASS
6335,0.003167625,0.003168,1,1.2110617681982456,219,PASS
6336,0.003168125,0.0031685,1,-0.8534279492249774,63,PASS
6337,0.003168625,0.003169,1,0.1100107360095266,136,PASS
6338,0.003169125,0.0031695,1,0.2463794977535827,146,PASS
6339,0.003169625,0.00317,1,-0.2380729629336329,110,PASS
6340,0.0031701249999999998,0.0031704999999999997,1,0.4647294340127528,162,PASS
6341,0.003170625,0.0031709999999999998,1,-1.591441778197517,8,PASS
6342,0.003171125,0.0031715,1,-1.037730694954751,49,PASS
6343,0.003171625,0.003172,1,0.7549600367133771,184,PASS
6344,0.003172125,0.0031725,1,-1.080382483598704,46,PASS
6345,0.003172625,0.003173,1,-0.11095683633332976,119,PASS
6346,0.003173125,0.0031735,1,0.38173336561385285,156,PASS
6347,0.003173625,0.0031739999999999997,1,1.3457417474711717,229,PASS
6348,0.003174125,0.0031745,1,0.4862923742634211,164,PASS
6349,0.003174625,0.003175,1,-0.22154460087878847,111,PASS
6350,0.003175125,0.0031755,1,1.4579712762554597,237,PASS
6351,0.003175625,0.003176,1,-0.5812285281523706,84,PASS
6352,0.003176125,0.0031765,1,1.4539020612532483,237,PASS
6353,0.003176625,0.003177,1,-0.8152783060145491,66,PASS
6354,0.003177125,0.0031774999999999998,1,-0.1469762639082508,116,PASS
6355,0.003177625,0.003178,1,0.22000893093913576,144,PASS
6356,0.003178125,0.0031785,1,0.9405168086428841,198,PASS
6357,0.003178625,0.003179,1,0.6813867826317994,179,PASS
6358,0.003179125,0.0031795,1,-1.2696447120060852,32,PASS
6359,0.003179625,0.00318,1,-1.3644833454982113,25,PASS
6360,0.003180125,0.0031804999999999997,1,0.5461961709381826,169,PASS
6361,0.003180625,0.003181,1,-1.6513319162752913,3,PASS
6362,0.003181125,0.0031815,1,-1.277813239947961,31,PASS
6363,0.003181625,0.003182,1,-0.558185271466517,85,PASS
6364,0.003182125,0.0031825,1,1.061224710429747,207,PASS
6365,0.003182625,0.003183,1,-0.7559890094474893,71,PASS
6366,0.003183125,0.0031835,1,-0.3687165551433229,100,PASS
6367,0.003183625,0.0031839999999999998,1,0.42947832852781453,160,PASS
6368,0.003184125,0.0031845,1,1.2762898317831184,224,PASS
6369,0.003184625,0.003185,1,1.1494904490705322,214,PASS
6370,0.003185125,0.0031855,1,0.4644964335260531,162,PASS
6371,0.003185625,0.003186,1,1.1187225664869447,212,PASS
6372,0.003186125,0.0031865,1,-1.0959022854069662,45,PASS
6373,0.003186625,0.0031869999999999997,1,-0.7282336569466809,73,PASS
6374,0.003187125,0.0031875,1,0.16632233017597864,140,PASS
6375,0.003187625,0.003188,1,-1.1950089573082048,38,PASS
6376,0.003188125,0.0031885,1,-0.005694203257202046,127,PASS
6377,0.003188625,0.003189,1,1.5742274338950122,246,PASS
6378,0.003189125,0.0031895,1,-0.0750488695411533,122,PASS
6379,0.003189625,0.00319,1,-1.4569668450918212,18,PASS
6380,0.003190125,0.0031904999999999998,1,0.7734547250122243,186,PASS
6381,0.003190625,0.003191,1,-0.055263510817788575,123,PASS
6382,0.003191125,0.0031915,1,0.1511812085656119,139,PASS
6383,0.003191625,0.003192,1,0.757791296291807,185,PASS
6384,0.003192125,0.0031925,1,-1.110889988984542,44,PASS
6385,0.003192625,0.003193,1,-1.1383624064904483,42,PASS
6386,0.0031931249999999998,0.0031934999999999997,1,0.614289177577829,174,PASS
6387,0.003193625,0.003194,1,-0.5076587990889958,89,PASS
6388,0.003194125,0.0031945,1,0.292868211364103,150,PASS
6389,0.003194625,0.003195,1,1.4099249561561036,234,PASS
6390,0.003195125,0.0031955,1,-1.274686784003857,32,PASS
6391,0.003195625,0.003196,1,0.9503185110877215,199,PASS
6392,0.003196125,0.0031965,1,0.6695353651016374,178,PASS
6393,0.003196625,0.0031969999999999998,1,0.9769173934618391,201,PASS
6394,0.003197125,0.0031975,1,-1.0482245858311874,49,PASS
6395,0.003197625,0.003198,1,-0.9634009049484386,55,PASS
6396,0.003198125,0.0031985,1,-0.3664775778670384,100,PASS
6397,0.003198625,0.003199,1,1.5275852091406426,243,PASS
6398,0.003199125,0.0031995,1,-1.4747731560967745,16,PASS
6399,0.0031996249999999998,0.0031999999999999997,1,-1.1070361858142652,44,PASS
6400,0.003200125,0.0032005,1,-1.699372984194419,0,PASS
6401,0.003200625,0.003201,1,-0.616712403922183,81,PASS
6402,0.003201125,0.0032015,1,-0.9507636083877271,56,PASS
6403,0.003201625,0.003202,1,0.5037901763501058,165,PASS
6404,0.003202125,0.0032025,1,-0.019010145713535875,126,PASS
6405,0.003202625,0.003203,1,-0.34882015171198,101,PASS
6406,0.003203125,0.0032034999999999998,1,-1.0024600486214896,52,PASS
6407,0.003203625,0.003204,1,-0.9787482089330238,54,PASS
6408,0.003204125,0.0032045,1,-0.12172591700930768,118,PASS
6409,0.003204625,0.003205,1,-0.9981109792121713,52,PASS
6410,0.003205125,0.0032055,1,-0.8224129575377002,66,PASS
6411,0.003205625,0.003206,1,0.19014953152855307,142,PASS
6412,0.0032061249999999998,0.0032064999999999997,1,0.320380078507591,152,PASS
6413,0.003206625,0.0032069999999999998,1,0.821201683597242,189,PASS
6414,0.003207125,0.0032075,1,0.2462984687652119,146,PASS
6415,0.003207625,0.003208,1,0.547712773389023,169,PASS
6416,0.003208125,0.0032085,1,0.8214891065723531,189,PASS
6417,0.003208625,0.003209,1,-1.3560415153693988,25,PASS
6418,0.003209125,0.0032095,1,-1.4452759423402846,19,PASS
6419,0.003209625,0.0032099999999999997,1,0.31259763521461426,151,PASS
6420,0.003210125,0.0032105,1,-1.541749780525233,11,PASS
6421,0.003210625,0.003211,1,-1.5272635770493577,13,PASS
6422,0.003211125,0.0032115,1,-1.130227122116705,42,PASS
6423,0.003211625,0.003212,1,0.7574187004453712,185,PASS
6424,0.003212125,0.0032125,1,-0.6247973957579975,80,PASS
6425,0.0032126249999999998,0.0032129999999999997,1,-1.6974165211646919,0,PASS
6426,0.003213125,0.0032134999999999998,1,0.18433340027021083,141,PASS
6427,0.003213625,0.003214,1,-0.84170788773613,64,PASS
6428,0.003214125,0.0032145,1,-0.7699400092518226,70,PASS
6429,0.003214625,0.003215,1,0.5691140777370485,170,PASS
6430,0.003215125,0.0032155,1,-0.10077386131291166,120,PASS
6431,0.003215625,0.003216,1,-1.5619599922969802,10,PASS
6432,0.003216125,0.0032164999999999997,1,-0.37947496774820744,99,PASS
6433,0.003216625,0.003217,1,-0.43057945052611224,95,PASS
6434,0.003217125,0.0032175,1,1.001700894625522,203,PASS
6435,0.003217625,0.003218,1,-1.3194479697643924,28,PASS
6436,0.003218125,0.0032185,1,0.23790308437425933,145,PASS
6437,0.003218625,0.003219,1,-1.6150573635996053,6,PASS
6438,0.0032191249999999998,0.0032194999999999997,1,1.3562756033733694,230,PASS
6439,0.003219625,0.0032199999999999998,1,-0.9880775902755774,53,PASS
6440,0.003220125,0.0032205,1,0.9560996980924925,199,PASS
6441,0.003220625,0.003221,1,0.7304252010176058,182,PASS
6442,0.003221125,0.0032215,1,1.2887501746351055,225,PASS
6443,0.003221625,0.003222,1,-0.4216707419855723,96,PASS
6444,0.003222125,0.0032225,1,-0.23642377020461813,110,PASS
6445,0.003222625,0.0032229999999999997,1,1.139058047220759,213,PASS
6446,0.003223125,0.0032235,1,-0.5695359686420725,85,PASS
6447,0.003223625,0.003224,1,-1.1984661546217548,37,PASS
6448,0.003224125,0.0032245,1,0.3999320477915955,158,PASS
6449,0.003224625,0.003225,1,-0.7340561859062553,72,PASS
6450,0.003225125,0.0032255,1,-0.5511361841688378,86,PASS
6451,0.003225625,0.003226,1,0.059760502432235185,132,PASS
6452,0.003226125,0.0032264999999999998,1,-0.15277253264708834,116,PASS
6453,0.003226625,0.003227,1,0.7905377038768913,187,PASS
6454,0.003227125,0.0032275,1,1.4888622997033083,240,PASS
6455,0.003227625,0.003228,1,1.1423047727720517,214,PASS
6456,0.003228125,0.0032285,1,-0.46033856009707286,93,PASS
6457,0.003228625,0.003229,1,0.7025785705869783,180,PASS
6458,0.003229125,0.0032294999999999997,1,-0.8404125714397489,64,PASS
6459,0.003229625,0.00323,1,0.02887800430894938,130,PASS
6460,0.003230125,0.0032305,1,-1.0984226786627609,45,PASS
6461,0.003230625,0.003231,1,1.3623433830731162,230,PASS
6462,0.003231125,0.0032315,1,-0.7093536048030447,74,PASS
6463,0.003231625,0.003232,1,-0.5477944064134195,86,PASS
6464,0.003232125,0.0032325,1,1.3574775127806153,230,PASS
6465,0.003232625,0.0032329999999999998,1,0.22538028088630413,144,PASS
6466,0.003233125,0.0032335,1,0.8729716692256335,193,PASS
6467,0.003233625,0.003234,1,1.2343320665524529,220,PASS
6468,0.003234125,0.0032345,1,-1.4853995353541607,16,PASS
6469,0.003234625,0.003235,1,0.2572701977852241,147,PASS
6470,0.003235125,0.0032355,1,1.4665364970398749,238,PASS
6471,0.003235625,0.0032359999999999997,1,-1.676681977886887,1,PASS
6472,0.003236125,0.0032365,1,0.019826009607773587,129,PASS
6473,0.003236625,0.003237,1,-1.0092823261096475,52,PASS
6474,0.003237125,0.0032375,1,-0.091365215543602,121,PASS
6475,0.003237625,0.003238,1,-0.535962500165861,87,PASS
6476,0.003238125,0.0032385,1,-0.9455559769227868,56,PASS
6477,0.003238625,0.003239,1,-0.6132603211584802,81,PASS
6478,0.003239125,0.0032394999999999998,1,0.04706608352058672,131,PASS
6479,0.003239625,0.00324,1,-0.6831318265423558,76,PASS
6480,0.003240125,0.0032405,1,-0.9046394942057605,59,PASS
6481,0.003240625,0.003241,1,-1.2730961823822087,32,PASS
6482,0.003241125,0.0032415,1,-1.1164673750273542,43,PASS
6483,0.003241625,0.003242,1,0.6782878992679342,179,PASS
6484,0.0032421249999999998,0.0032424999999999997,1,1.4233904649308606,235,PASS
6485,0.003242625,0.003243,1,0.635289292129847,175,PASS
6486,0.003243125,0.0032435,1,1.1211683262398437,212,PASS
6487,0.003243625,0.003244,1,-1.1380601057869644,42,PASS
6488,0.003244125,0.0032445,1,0.6330271013242894,175,PASS
6489,0.003244625,0.003245,1,1.6106426021335263,249,PASS
6490,0.003245125,0.0032455,1,1.5359902611787952,243,PASS
6491,0.003245625,0.0032459999999999998,1,-1.66191360871648,2,PASS
6492,0.003246125,0.0032465,1,-1.1751409051111863,39,PASS
6493,0.003246625,0.003247,1,-0.4853901560563627,91,PASS
6494,0.003247125,0.0032475,1,-1.45325990600398,18,PASS
6495,0.003247625,0.003248,1,1.6180454801331827,249,PASS
6496,0.003248125,0.0032485,1,-1.4894894453044993,15,PASS
6497,0.0032486249999999998,0.0032489999999999997,1,-0.0780371972092464,122,PASS
6498,0.003249125,0.0032495,1,1.5995301510476942,248,PASS
6499,0.003249625,0.00325,1,1.5431443402314022,244,PASS
6500,0.003250125,0.0032505,1,0.1427206156668268,138,PASS
6501,0.003250625,0.003251,1,-0.6097290698840134,82,PASS
6502,0.003251125,0.0032515,1,0.20032589000696266,143,PASS
6503,0.003251625,0.003252,1,-0.9319229482352731,57,PASS
6504,0.003252125,0.0032524999999999997,1,-1.4067117610590383,22,PASS
6505,0.003252625,0.003253,1,0.6520465140011942,177,PASS
6506,0.003253125,0.0032535,1,-1.2213077800010272,36,PASS
6507,0.003253625,0.003254,1,-0.9763389749642618,54,PASS
6508,0.003254125,0.0032545,1,1.5021712716311637,241,PASS
6509,0.003254625,0.003255,1,-1.5974379895725765,7,PASS
6510,0.0032551249999999998,0.0032554999999999997,1,0.8556459956184923,192,PASS
6511,0.003255625,0.0032559999999999998,1,-0.9099488562114374,59,PASS
6512,0.003256125,0.0032565,1,0.31528941003178645,151,PASS
6513,0.003256625,0.003257,1,-0.8746386237933421,62,PASS
6514,0.003257125,0.0032575,1,-0.03478370723822688,125,PASS
6515,0.003257625,0.003258,1,0.1363381894211475,138,PASS
6516,0.003258125,0.0032585,1,1.2249196155879265,220,PASS
6517,0.003258625,0.0032589999999999997,1,-1.3336066196251157,27,PASS
6518,0.003259125,0.0032595,1,0.7314035057044082,183,PASS
6519,0.003259625,0.00326,1,0.43090126025816944,160,PASS
6520,0.003260125,0.0032605,1,0.6193825812932883,174,PASS
6521,0.003260625,0.003261,1,1.4922474080689743,240,PASS
6522,0.003261125,0.0032615,1,0.8134958328135233,189,PASS
6523,0.0032616249999999998,0.0032619999999999997,1,0.08767084379151835,134,PASS
6524,0.003262125,0.0032624999999999998,1,-1.5215182223071888,13,PASS
6525,0.003262625,0.003263,1,-0.07455429261391666,122,PASS
6526,0.003263125,0.0032635,1,1.537989052881471,243,PASS
6527,0.003263625,0.003264,1,1.0397543172645,206,PASS
6528,0.003264125,0.0032645,1,-0.24479497071526635,109,PASS
6529,0.003264625,0.003265,1,0.38957353258959215,157,PASS
6530,0.003265125,0.0032654999999999997,1,1.0529859179121501,207,PASS
6531,0.003265625,0.003266,1,1.0647361878957249,208,PASS
6532,0.003266125,0.0032665,1,-1.0326776641113007,50,PASS
6533,0.003266625,0.003267,1,-1.1487891908352683,41,PASS
6534,0.003267125,0.0032675,1,0.44005143136951275,161,PASS
6535,0.003267625,0.003268,1,1.4931268599625256,240,PASS
6536,0.0032681249999999998,0.0032684999999999997,1,-1.4732421840044259,17,PASS
6537,0.003268625,0.0032689999999999998,1,0.14153341328257252,138,PASS
6538,0.003269125,0.0032695,1,1.520572296376742,242,PASS
6539,0.003269625,0.00327,1,-0.048048372581375176,124,PASS
6540,0.003270125,0.0032705,1,-1.1549640223156872,41,PASS
6541,0.003270625,0.003271,1,-0.26523186746863425,108,PASS
6542,0.003271125,0.0032715,1,-1.4232622801419157,20,PASS
6543,0.003271625,0.0032719999999999997,1,1.1402742596474778,213,PASS
6544,0.003272125,0.0032725,1,-0.14116483398224866,117,PASS
6545,0.003272625,0.003273,1,0.5855188475564967,172,PASS
6546,0.003273125,0.0032735,1,-0.8858681129062558,61,PASS
6547,0.003273625,0.003274,1,0.8231115545285872,189,PASS
6548,0.003274125,0.0032745,1,-0.498926858904855,90,PASS
6549,0.003274625,0.003275,1,0.6611636643983558,177,PASS
6550,0.003275125,0.0032754999999999998,1,-0.3460142976835414,101,PASS
6551,0.003275625,0.003276,1,1.2792930523649482,224,PASS
6552,0.003276125,0.0032765,1,0.7074036841100024,181,PASS
6553,0.003276625,0.003277,1,-1.3944214333728235,23,PASS
6554,0.003277125,0.0032775,1,0.8871245826188388,194,PASS
6555,0.003277625,0.003278,1,-0.7043513310298865,74,PASS
6556,0.003278125,0.0032784999999999997,1,-1.0194963676683901,51,PASS
6557,0.003278625,0.003279,1,0.24911589479595064,146,PASS
6558,0.003279125,0.0032795,1,-0.2064175136998434,112,PASS
6559,0.003279625,0.00328,1,-0.39090550517521483,98,PASS
6560,0.003280125,0.0032805,1,-1.6622403724787829,2,PASS
6561,0.003280625,0.003281,1,1.0737878526086309,208,PASS
6562,0.003281125,0.0032815,1,-1.2024051725964326,37,PASS
6563,0.003281625,0.0032819999999999998,1,-1.484056549113769,16,PASS
6564,0.003282125,0.0032825,1,-0.09028590547693449,121,PASS
6565,0.003282625,0.003283,1,-1.418296194695352,21,PASS
6566,0.003283125,0.0032835,1,0.6162130448501386,174,PASS
6567,0.003283625,0.003284,1,-0.33726755044590195,102,PASS
6568,0.003284125,0.0032845,1,-0.7344940550471913,72,PASS
6569,0.003284625,0.0032849999999999997,1,-1.2067727855482167,37,PASS
6570,0.003285125,0.0032855,1,1.3169013323219192,227,PASS
6571,0.003285625,0.003286,1,1.0835044205651718,209,PASS
6572,0.003286125,0.0032865,1,-1.2606510909429731,33,PASS
6573,0.003286625,0.003287,1,1.4235537612361908,235,PASS
6574,0.003287125,0.0032875,1,1.1829299222004759,217,PASS
6575,0.003287625,0.003288,1,-1.1692957877284562,39,PASS
6576,0.003288125,0.0032884999999999998,1,1.150451147162028,214,PASS
6577,0.003288625,0.003289,1,0.5590020304316636,170,PASS
6578,0.003289125,0.0032895,1,-0.6442314885092408,79,PASS
6579,0.003289625,0.00329,1,-0.18877433486862483,113,PASS
6580,0.003290125,0.0032905,1,0.7269573700285934,182,PASS
6581,0.003290625,0.003291,1,-1.5469449384758327,11,PASS
6582,0.0032911249999999998,0.0032914999999999997,1,-0.816815391657238,66,PASS
6583,0.003291625,0.003292,1,0.034724278356235594,130,PASS
6584,0.003292125,0.0032925,1,-1.2175849589467156,36,PASS
6585,0.003292625,0.003293,1,1.0763173538581141,209,PASS
6586,0.003293125,0.0032935,1,-1.122023086322305,43,PASS
6587,0.003293625,0.003294,1,-1.4128987642471955,21,PASS
6588,0.003294125,0.0032945,1,1.244671695719845,221,PASS
6589,0.003294625,0.0032949999999999998,1,-1.1919023486933593,38,PASS
6590,0.003295125,0.0032955,1,0.9956781850976968,202,PASS
6591,0.003295625,0.003296,1,0.23306861408192114,145,PASS
6592,0.003296125,0.0032965,1,-0.04814782091648295,124,PASS
6593,0.003296625,0.003297,1,-0.03378702974880565,125,PASS
6594,0.003297125,0.0032975,1,1.116766411924478,212,PASS
6595,0.0032976249999999998,0.0032979999999999997,1,1.344712923319913,229,PASS
6596,0.003298125,0.0032984999999999998,1,0.2865500947962203,149,PASS
6597,0.003298625,0.003299,1,1.1287242285609633,212,PASS
6598,0.003299125,0.0032995,1,1.4798392309683674,239,PASS
6599,0.003299625,0.0033,1,1.1303102723123064,213,PASS
6600,0.003300125,0.0033005,1,0.26456693719711466,147,PASS
6601,0.003300625,0.003301,1,-1.3987599508430384,22,PASS
6602,0.003301125,0.0033014999999999997,1,-0.8550071749249889,63,PASS
6603,0.003301625,0.003302,1,-0.4655579972166133,92,PASS
6604,0.003302125,0.0033025,1,-1.52635884589233,13,PASS
6605,0.003302625,0.003303,1,0.03646715760849473,130,PASS
6606,0.003303125,0.0033035,1,-0.8724488860485988,62,PASS
6607,0.003303625,0.003304,1,-0.2797749079988414,106,PASS
6608,0.0033041249999999998,0.0033044999999999997,1,-1.048527783932895,49,PASS
6609,0.003304625,0.0033049999999999998,1,-0.11778802540313049,119,PASS
6610,0.003305125,0.0033055,1,-0.6671042921305397,77,PASS
6611,0.003305625,0.003306,1,0.11307306807199313,136,PASS
6612,0.003306125,0.0033065,1,-1.1047099848933137,44,PASS
6613,0.003306625,0.003307,1,1.5347104606414523,243,PASS
6614,0.003307125,0.0033075,1,-0.20766067908332175,112,PASS
6615,0.003307625,0.0033079999999999997,1,-1.4107764356105479,21,PASS
6616,0.003308125,0.0033085,1,-0.28054522102233537,106,PASS
6617,0.003308625,0.003309,1,-1.2366420339679467,34,PASS
6618,0.003309125,0.0033095,1,0.3262179960172753,152,PASS
6619,0.003309625,0.00331,1,-1.056603071005734,48,PASS
6620,0.003310125,0.0033105,1,1.3310287458583787,228,PASS
6621,0.0033106249999999998,0.0033109999999999997,1,-1.5951566367458516,7,PASS
6622,0.003311125,0.0033114999999999998,1,0.15871884273675696,139,PASS
6623,0.003311625,0.003312,1,-0.547697780850563,86,PASS
6624,0.003312125,0.0033125,1,-0.7592834637848366,70,PASS
6625,0.003312625,0.003313,1,1.4050300060275622,233,PASS
6626,0.003313125,0.0033135,1,-1.1790762920090583,39,PASS
6627,0.003313625,0.003314,1,1.3239128521952848,227,PASS
6628,0.003314125,0.0033144999999999997,1,-0.10969713708781281,119,PASS
6629,0.003314625,0.003315,1,0.7465328550231505,184,PASS
6630,0.003315125,0.0033155,1,-1.003233524495132,52,PASS
6631,0.003315625,0.003316,1,0.7267016378562305,182,PASS
6632,0.003316125,0.0033165,1,0.3754102182746901,156,PASS
6633,0.003316625,0.003317,1,-0.8104002705854638,66,PASS
6634,0.0033171249999999998,0.0033174999999999997,1,1.5563685263492217,245,PASS
6635,0.003317625,0.0033179999999999998,1,0.8186770901681932,189,PASS
6636,0.003318125,0.0033185,1,1.1152636511199863,211,PASS
6637,0.003318625,0.003319,1,-1.533942988698172,12,PASS
6638,0.003319125,0.0033195,1,0.5259266504016222,167,PASS
6639,0.003319625,0.00332,1,0.2631524679775603,147,PASS
6640,0.003320125,0.0033205,1,-0.4505014752800287,94,PASS
6641,0.003320625,0.0033209999999999997,1,-1.2139689640642553,36,PASS
6642,0.003321125,0.0033215,1,-0.8751178806708896,62,PASS
6643,0.003321625,0.003322,1,1.417914313162454,234,PASS
6644,0.003322125,0.0033225,1,-1.038350911971044,49,PASS
6645,0.003322625,0.003323,1,-1.4989999593835406,15,PASS
6646,0.003323125,0.0033235,1,-1.337085084348223,27,PASS
6647,0.003323625,0.003324,1,-0.3821594373933961,99,PASS
6648,0.003324125,0.0033244999999999998,1,-1.4596623311031296,18,PASS
6649,0.003324625,0.003325,1,-1.57916409185124,9,PASS
6650,0.003325125,0.0033255,1,-1.3941325319625264,23,PASS
6651,0.003325625,0.003326,1,0.16349987177518477,140,PASS
6652,0.003326125,0.0033265,1,1.2941775058419862,225,PASS
6653,0.003326625,0.003327,1,1.5316916867704695,243,PASS
6654,0.003327125,0.0033274999999999997,1,-1.336028821850658,27,PASS
6655,0.003327625,0.003328,1,0.1289487423253406,137,PASS
6656,0.003328125,0.0033285,1,0.8025001582340001,188,PASS
6657,0.003328625,0.003329,1,-1.5631062729137364,10,PASS
6658,0.003329125,0.0033295,1,1.2719277178770712,223,PASS
6659,0.003329625,0.00333,1,1.494029115659573,240,PASS
6660,0.003330125,0.0033305,1,-0.7051653100426237,74,PASS
6661,0.003330625,0.0033309999999999998,1,1.5606191417664157,245,PASS
6662,0.003331125,0.0033315,1,0.13126318467886877,137,PASS
6663,0.003331625,0.003332,1,-0.5960465403242379,83,PASS
6664,0.003332125,0.0033325,1,-1.1847770060075358,38,PASS
6665,0.003332625,0.003333,1,0.8053491479776074,188,PASS
6666,0.003333125,0.0033335,1,-0.20302493451694192,112,PASS
6667,0.0033336249999999998,0.0033339999999999997,1,-0.791659733776489,68,PASS
6668,0.003334125,0.0033345,1,0.7813845405054931,186,PASS
6669,0.003334625,0.003335,1,0.41520646842888476,159,PASS
6670,0.003335125,0.0033355,1,1.0604381331252852,207,PASS
6671,0.003335625,0.003336,1,-0.4750549240021711,92,PASS
6672,0.003336125,0.0033365,1,-0.6692994927323763,77,PASS
6673,0.003336625,0.003337,1,-1.2589616775278916,33,PASS
6674,0.003337125,0.0033374999999999998,1,1.1557231857295827,215,PASS
6675,0.003337625,0.003338,1,0.7827399457089881,186,PASS
6676,0.003338125,0.0033385,1,-1.3711616074345214,24,PASS
6677,0.003338625,0.003339,1,-1.5304722267198603,12,PASS
6678,0.003339125,0.0033395,1,-0.5251339769471128,88,PASS
6679,0.003339625,0.00334,1,-1.011369225516554,51,PASS
6680,0.0033401249999999998,0.0033404999999999997,1,-0.44932306048333226,94,PASS
6681,0.003340625,0.003341,1,0.20071229094183796,143,PASS
6682,0.003341125,0.0033415,1,-0.38646889412142493,98,PASS
6683,0.003341625,0.003342,1,-0.6165832753812752,81,PASS
6684,0.003342125,0.0033425,1,0.09907037540483832,135,PASS
6685,0.003342625,0.003343,1,0.9027698116919336,195,PASS
6686,0.003343125,0.0033435,1,0.535808919258532,168,PASS
6687,0.003343625,0.0033439999999999998,1,0.8350378814370696,190,PASS
6688,0.003344125,0.0033445,1,1.5960667774086736,248,PASS
6689,0.003344625,0.003345,1,0.8598110328211088,192,PASS
6690,0.003345125,0.0033455,1,-0.8342945574872823,65,PASS
6691,0.003345625,0.003346,1,1.550464269691228,244,PASS
6692,0.003346125,0.0033465,1,0.5451012128219082,169,PASS
6693,0.0033466249999999998,0.0033469999999999997,1,0.7620511018403195,185,PASS
6694,0.003347125,0.0033474999999999998,1,1.3165842367410556,227,PASS
6695,0.003347625,0.003348,1,1.4293672965565805,235,PASS
6696,0.003348125,0.0033485,1,-0.2937529898349216,105,PASS
6697,0.003348625,0.003349,1,-1.2222163029306772,35,PASS
6698,0.003349125,0.0033495,1,0.5149809731740527,166,PASS
6699,0.003349625,0.00335,1,1.0117988524281667,204,PASS
6700,0.003350125,0.0033504999999999997,1,-0.9417527075558512,57,PASS
6701,0.003350625,0.003351,1,-0.686510802577303,76,PASS
6702,0.003351125,0.0033515,1,-1.4479082213146173,18,PASS
6703,0.003351625,0.003352,1,-0.09936843053686872,120,PASS
6704,0.003352125,0.0033525,1,1.6876766041875364,255,PASS
6705,0.003352625,0.003353,1,-1.2336206395319722,35,PASS
6706,0.0033531249999999998,0.0033534999999999997,1,1.1833187334188022,217,PASS
6707,0.003353625,0.0033539999999999998,1,0.3702941064984937,155,PASS
6708,0.003354125,0.0033545,1,-0.32787279869844244,103,PASS
6709,0.003354625,0.003355,1,1.0482427274775918,206,PASS
6710,0.003355125,0.0033555,1,1.6654725050370216,253,PASS
6711,0.003355625,0.003356,1,1.517960559749209,242,PASS
6712,0.003356125,0.0033565,1,0.6155488068488031,174,PASS
6713,0.003356625,0.0033569999999999997,1,-0.6711704223788499,77,PASS
6714,0.003357125,0.0033575,1,1.6815345237071988,254,PASS
6715,0.003357625,0.003358,1,0.7060353126317052,181,PASS
6716,0.003358125,0.0033585,1,1.5321116699651445,243,PASS
6717,0.003358625,0.003359,1,-1.1704578745027963,39,PASS
6718,0.003359125,0.0033595,1,0.6881380876498004,179,PASS
6719,0.0033596249999999998,0.0033599999999999997,1,1.6050498388216676,248,PASS
6720,0.003360125,0.0033604999999999998,1,-1.536586347317394,12,PASS
6721,0.003360625,0.003361,1,-0.031967810469391233,125,PASS
6722,0.003361125,0.0033615,1,-1.6314874051648292,5,PASS
6723,0.003361625,0.003362,1,-0.8798740454961982,61,PASS
6724,0.003362125,0.0033625,1,-0.7513944136219531,71,PASS
6725,0.003362625,0.003363,1,0.43269464293637117,160,PASS
6726,0.003363125,0.0033634999999999997,1,0.1130451387378606,136,PASS
6727,0.003363625,0.003364,1,0.40800405746984514,158,PASS
6728,0.003364125,0.0033645,1,-0.310095092670861,104,PASS
6729,0.003364625,0.003365,1,0.2590761615766286,147,PASS
6730,0.003365125,0.0033655,1,-0.7844670312720443,68,PASS
6731,0.003365625,0.003366,1,-0.1492328024371501,116,PASS
6732,0.0033661249999999998,0.0033664999999999997,1,1.3726136241242173,231,PASS
6733,0.003366625,0.0033669999999999998,1,-0.24529167737309487,109,PASS
6734,0.003367125,0.0033675,1,1.6903707860867765,255,PASS
6735,0.003367625,0.003368,1,0.9162940975727312,196,PASS
6736,0.003368125,0.0033685,1,1.3897849386712753,232,PASS
6737,0.003368625,0.003369,1,0.48765887160290355,164,PASS
6738,0.003369125,0.0033695,1,1.2269439293378854,220,PASS
6739,0.003369625,0.0033699999999999997,1,0.020451621524841368,129,PASS
6740,0.003370125,0.0033705,1,-0.17357760717762516,114,PASS
6741,0.003370625,0.003371,1,-0.6319639136158419,80,PASS
6742,0.003371125,0.0033715,1,1.2131488811549003,219,PASS
6743,0.003371625,0.003372,1,-0.8320637773014504,65,PASS
6744,0.003372125,0.0033725,1,1.3330395195347318,228,PASS
6745,0.003372625,0.003373,1,1.1420148756578665,213,PASS
6746,0.003373125,0.0033734999999999998,1,0.9524048634159217,199,PASS
6747,0.003373625,0.003374,1,-0.9424464423289239,57,PASS
6748,0.003374125,0.0033745,1,1.4672956798515087,238,PASS
6749,0.003374625,0.003375,1,0.2962910383116537,150,PASS
6750,0.003375125,0.0033755,1,0.12961736535309454,137,PASS
6751,0.003375625,0.003376,1,0.994035837272442,202,PASS
6752,0.003376125,0.0033764999999999997,1,-1.5749051548228543,9,PASS
6753,0.003376625,0.003377,1,-0.04120830147484833,124,PASS
6754,0.003377125,0.0033775,1,-0.021950848886927332,126,PASS
6755,0.003377625,0.003378,1,-1.2079312928489006,37,PASS
6756,0.003378125,0.0033785,1,1.1024718708671462,211,PASS
6757,0.003378625,0.003379,1,-0.2999487526978204,105,PASS
6758,0.003379125,0.0033795,1,-1.5858030783122,8,PASS
6759,0.003379625,0.0033799999999999998,1,-0.7686080213338811,70,PASS
6760,0.003380125,0.0033805,1,1.5457723045116436,244,PASS
6761,0.003380625,0.003381,1,-0.8919975613204718,60,PASS
6762,0.003381125,0.0033815,1,0.02602962883825244,129,PASS
6763,0.003381625,0.003382,1,-1.2963205541822185,30,PASS
6764,0.003382125,0.0033825,1,-1.3872652739804834,23,PASS
6765,0.0033826249999999998,0.0033829999999999997,1,1.0799468922466768,209,PASS
6766,0.003383125,0.0033835,1,0.6196471509125792,174,PASS
6767,0.003383625,0.003384,1,0.48586203733811817,164,PASS
6768,0.003384125,0.0033845,1,1.6549505130895097,252,PASS
6769,0.003384625,0.003385,1,0.7525499126318966,184,PASS
6770,0.003385125,0.0033855,1,-1.0686745812302878,47,PASS
6771,0.003385625,0.003386,1,0.22886599740006663,145,PASS
6772,0.003386125,0.0033864999999999998,1,0.682566726629869,179,PASS
6773,0.003386625,0.003387,1,-0.2158711058670455,111,PASS
6774,0.003387125,0.0033875,1,1.625813985066334,250,PASS
6775,0.003387625,0.003388,1,1.5206669022617103,242,PASS
6776,0.003388125,0.0033885,1,0.22289007701151076,144,PASS
6777,0.003388625,0.003389,1,-0.5828679822242027,84,PASS
6778,0.0033891249999999998,0.0033894999999999997,1,0.5670711303184233,170,PASS
6779,0.003389625,0.00339,1,-0.0763390503554271,122,PASS
6780,0.003390125,0.0033905,1,-0.8707709473447284,62,PASS
6781,0.003390625,0.003391,1,-0.035290929948595284,125,PASS
6782,0.003391125,0.0033915,1,1.0321134785499024,205,PASS
6783,0.003391625,0.003392,1,0.5462069052894345,169,PASS
6784,0.003392125,0.0033925,1,0.36182474737361114,155,PASS
6785,0.003392625,0.0033929999999999997,1,-0.9736595464886498,54,PASS
6786,0.003393125,0.0033935,1,1.210754741737509,219,PASS
6787,0.003393625,0.003394,1,-0.8218821445143044,66,PASS
6788,0.003394125,0.0033945,1,-0.9454220834299619,56,PASS
6789,0.003394625,0.003395,1,0.8110954331974256,189,PASS
6790,0.003395125,0.0033955,1,0.8339314399790114,190,PASS
6791,0.0033956249999999998,0.0033959999999999997,1,-1.1064900574923362,44,PASS
6792,0.003396125,0.0033964999999999998,1,1.082915023238941,209,PASS
6793,0.003396625,0.003397,1,0.74375761120435,184,PASS
6794,0.003397125,0.0033975,1,-0.5009926126927275,90,PASS
6795,0.003397625,0.003398,1,-1.1523712713688687,41,PASS
6796,0.003398125,0.0033985,1,-1.0456028727257825,49,PASS
6797,0.003398625,0.003399,1,-0.169013832672944,115,PASS
6798,0.003399125,0.0033994999999999997,1,-0.4504790949568951,94,PASS
6799,0.003399625,0.0034,1,-1.16366735492482,40,PASS
6800,0.003400125,0.0034005,1,0.045920547645807774,131,PASS
6801,0.003400625,0.003401,1,-0.6532244156039071,78,PASS
6802,0.003401125,0.0034015,1,0.9945754888086078,202,PASS
6803,0.003401625,0.003402,1,1.1387566033852197,213,PASS
6804,0.0034021249999999998,0.0034024999999999997,1,0.978116923460574,201,PASS
6805,0.003402625,0.0034029999999999998,1,-1.5937552091768667,7,PASS
6806,0.003403125,0.0034035,1,-1.3527470762684426,26,PASS
6807,0.003403625,0.003404,1,-0.04835268755328581,124,PASS
6808,0.003404125,0.0034045,1,-0.481703163919841,91,PASS
6809,0.003404625,0.003405,1,0.37913905243913226,156,PASS
6810,0.003405125,0.0034055,1,0.23675268035991337,145,PASS
6811,0.003405625,0.0034059999999999997,1,0.23124092101628158,145,PASS
6812,0.003406125,0.0034065,1,-0.7313959002999498,72,PASS
6813,0.003406625,0.003407,1,-1.0630989221398772,47,PASS
6814,0.003407125,0.0034075,1,-0.28315842646427014,106,PASS
6815,0.003407625,0.003408,1,-1.2988836448210241,30,PASS
6816,0.003408125,0.0034085,1,0.9204416108321867,197,PASS
6817,0.0034086249999999998,0.0034089999999999997,1,-1.3107860963496534,29,PASS
6818,0.003409125,0.0034094999999999998,1,-0.2790969261423486,106,PASS
6819,0.003409625,0.00341,1,-0.46463992563282686,93,PASS
6820,0.003410125,0.0034105,1,-0.9912854577599812,53,PASS
6821,0.003410625,0.003411,1,-0.5866680929190227,83,PASS
6822,0.003411125,0.0034115,1,0.7086014559899978,181,PASS
6823,0.003411625,0.003412,1,-0.14103876220292544,117,PASS
6824,0.003412125,0.0034124999999999997,1,-0.5114408501130234,89,PASS
6825,0.003412625,0.003413,1,1.0916843896162784,210,PASS
6826,0.003413125,0.0034135,1,-0.15632382251850063,116,PASS
6827,0.003413625,0.003414,1,-1.6521813609132932,3,PASS
6828,0.003414125,0.0034145,1,0.015008910488832905,129,PASS
6829,0.003414625,0.003415,1,1.4655911573134566,238,PASS
6830,0.0034151249999999998,0.0034154999999999997,1,0.01117820293130034,128,PASS
6831,0.003415625,0.0034159999999999998,1,-1.5324069378179155,12,PASS
6832,0.003416125,0.0034165,1,0.8377056492411266,191,PASS
6833,0.003416625,0.003417,1,0.3128060080374475,151,PASS
6834,0.003417125,0.0034175,1,-1.2418317724961332,34,PASS
6835,0.003417625,0.003418,1,0.4189256206443528,159,PASS
6836,0.003418125,0.0034185,1,0.6070389258990188,173,PASS
6837,0.003418625,0.0034189999999999997,1,1.1150735194617092,211,PASS
6838,0.003419125,0.0034195,1,-0.25834837079954376,108,PASS
6839,0.003419625,0.00342,1,1.3644593844496093,230,PASS
6840,0.003420125,0.0034205,1,-0.03681157288973691,125,PASS
6841,0.003420625,0.003421,1,0.7608777030603899,185,PASS
6842,0.003421125,0.0034215,1,1.1928021355961322,217,PASS
6843,0.0034216249999999998,0.0034219999999999997,1,1.542996776790526,244,PASS
6844,0.003422125,0.0034224999999999998,1,0.9172962694443203,197,PASS
6845,0.003422625,0.003423,1,1.4181342684438853,234,PASS
6846,0.003423125,0.0034235,1,-1.079191783859363,46,PASS
6847,0.003423625,0.003424,1,-0.7025095263406455,75,PASS
6848,0.003424125,0.0034245,1,0.04096884595210715,131,PASS
6849,0.003424625,0.003425,1,0.8163302099109189,189,PASS
6850,0.003425125,0.0034254999999999997,1,-0.43607426321868936,95,PASS
6851,0.003425625,0.003426,1,0.9359350242335231,198,PASS
6852,0.003426125,0.0034265,1,-1.3227353328539042,28,PASS
6853,0.003426625,0.003427,1,0.47715890195318855,163,PASS
6854,0.003427125,0.0034275,1,-1.0655926103071067,47,PASS
6855,0.003427625,0.003428,1,-0.044409835926884744,124,PASS
6856,0.003428125,0.0034285,1,1.6218558904604257,250,PASS
6857,0.003428625,0.0034289999999999998,1,-0.8291212967843214,65,PASS
6858,0.003429125,0.0034295,1,0.24704405932698914,146,PASS
6859,0.003429625,0.00343,1,1.6742370932507902,254,PASS
6860,0.003430125,0.0034305,1,0.7244356744528535,182,PASS
6861,0.003430625,0.003431,1,-1.6965423607048913,0,PASS
6862,0.003431125,0.0034315,1,-0.49504554188742755,90,PASS
6863,0.0034316249999999998,0.0034319999999999997,1,1.351290468434885,229,PASS
6864,0.003432125,0.0034325,1,-1.5714166505421803,9,PASS
6865,0.003432625,0.003433,1,-1.1387012335150402,42,PASS
6866,0.003433125,0.0034335,1,1.2230587856453032,220,PASS
6867,0.003433625,0.003434,1,1.4643977255272238,238,PASS
6868,0.003434125,0.0034345,1,-0.742594309234247,72,PASS
6869,0.003434625,0.003435,1,-1.66823048583723,2,PASS
6870,0.003435125,0.0034354999999999998,1,-1.6323697280553633,5,PASS
6871,0.003435625,0.003436,1,0.7872654502075835,187,PASS
6872,0.003436125,0.0034365,1,-0.37153873482138544,100,PASS
6873,0.003436625,0.003437,1,-1.3585157800669805,25,PASS
6874,0.003437125,0.0034375,1,-0.8533094989464889,63,PASS
6875,0.003437625,0.003438,1,-0.699391440856888,75,PASS
6876,0.0034381249999999998,0.0034384999999999997,1,1.5309998238478284,243,PASS
6877,0.003438625,0.0034389999999999998,1,1.1152088132850537,211,PASS
6878,0.003439125,0.0034395,1,0.1786115448186283,141,PASS
6879,0.003439625,0.00344,1,0.6993816594027604,180,PASS
6880,0.003440125,0.0034405,1,1.4568912408039651,237,PASS
6881,0.003440625,0.003441,1,0.14832855637588338,139,PASS
6882,0.003441125,0.0034415,1,-0.15796555469002072,116,PASS
6883,0.003441625,0.0034419999999999997,1,-0.924582466953065,58,PASS
6884,0.003442125,0.0034425,1,-1.3270975803418315,28,PASS
6885,0.003442625,0.003443,1,-1.4915192111675577,15,PASS
6886,0.003443125,0.0034435,1,0.169474368851241,140,PASS
6887,0.003443625,0.003444,1,0.8505846311908976,192,PASS
6888,0.003444125,0.0034445,1,0.04980770616167507,131,PASS
6889,0.0034446249999999998,0.0034449999999999997,1,0.4827440766928499,164,PASS
6890,0.003445125,0.0034454999999999998,1,1.1028596578575611,211,PASS
6891,0.003445625,0.003446,1,0.6248188699513169,175,PASS
6892,0.003446125,0.0034465,1,1.4677173999816804,238,PASS
6893,0.003446625,0.003447,1,0.19001710237117853,142,PASS
6894,0.003447125,0.0034475,1,0.0751927386758906,133,PASS
6895,0.003447625,0.003448,1,-1.328138596652695,27,PASS
6896,0.003448125,0.0034484999999999997,1,0.7350835191240452,183,PASS
6897,0.003448625,0.003449,1,1.6738887923589212,254,PASS
6898,0.003449125,0.0034495,1,-1.0450178574734665,49,PASS
6899,0.003449625,0.00345,1,-1.015418554140528,51,PASS
6900,0.003450125,0.0034505,1,-0.0826771574974281,121,PASS
6901,0.003450625,0.003451,1,1.273913078256191,223,PASS
6902,0.0034511249999999998,0.0034514999999999997,1,1.4274001922599446,235,PASS
6903,0.003451625,0.0034519999999999998,1,1.1629275045877205,215,PASS
6904,0.003452125,0.0034525,1,-1.5259195986907275,13,PASS
6905,0.003452625,0.003453,1,-0.11100934654074712,119,PASS
6906,0.003453125,0.0034535,1,-0.9590346109933483,55,PASS
6907,0.003453625,0.003454,1,1.4395433007270164,236,PASS
6908,0.003454125,0.0034545,1,0.07319385178378224,133,PASS
6909,0.003454625,0.0034549999999999997,1,-1.1578534392156046,40,PASS
6910,0.003455125,0.0034555,1,1.132159157621625,213,PASS
6911,0.003455625,0.003456,1,0.13977220726017525,138,PASS
6912,0.003456125,0.0034565,1,1.077097104965045,209,PASS
6913,0.003456625,0.003457,1,0.8734488052029363,193,PASS
6914,0.003457125,0.0034575,1,-1.6729622986565755,2,PASS
6915,0.0034576249999999998,0.0034579999999999997,1,0.1989639684563913,142,PASS
6916,0.003458125,0.0034584999999999998,1,-0.613302259411548,81,PASS
6917,0.003458625,0.003459,1,-1.0903961192516736,45,PASS
6918,0.003459125,0.0034595,1,-0.8971184987049434,60,PASS
6919,0.003459625,0.00346,1,0.9110334828733497,196,PASS
6920,0.003460125,0.0034605,1,1.4567720613420574,237,PASS
6921,0.003460625,0.003461,1,1.47306945647577,238,PASS
6922,0.003461125,0.0034614999999999997,1,0.9239784499845476,197,PASS
6923,0.003461625,0.003462,1,0.5033580121315986,165,PASS
6924,0.003462125,0.0034625,1,-1.584808743618402,8,PASS
6925,0.003462625,0.003463,1,0.04925868613051643,131,PASS
6926,0.003463125,0.0034635,1,-0.2478200172417384,109,PASS
6927,0.003463625,0.003464,1,0.7323188277848816,183,PASS
6928,0.0034641249999999998,0.0034644999999999997,1,-0.05428690577324913,123,PASS
6929,0.003464625,0.0034649999999999998,1,-1.2086630693036315,36,PASS
6930,0.003465125,0.0034655,1,0.3095422911405252,151,PASS
6931,0.003465625,0.003466,1,-1.450677108984135,18,PASS
6932,0.003466125,0.0034665,1,-1.0821853416844287,46,PASS
6933,0.003466625,0.003467,1,-0.7475277982188439,71,PASS
6934,0.003467125,0.0034675,1,1.4826065998052205,239,PASS
6935,0.003467625,0.0034679999999999997,1,-1.5597553590336046,10,PASS
6936,0.003468125,0.0034685,1,1.6461968338893682,251,PASS
6937,0.003468625,0.003469,1,1.170474529938909,216,PASS
6938,0.003469125,0.0034695,1,1.4712223537239975,238,PASS
6939,0.003469625,0.00347,1,0.7945129674990932,187,PASS
6940,0.003470125,0.0034705,1,-0.06308206094663626,123,PASS
6941,0.0034706249999999998,0.0034709999999999997,1,1.008403346145377,203,PASS
6942,0.003471125,0.0034714999999999998,1,1.6941893477836836,255,PASS
6943,0.003471625,0.003472,1,0.9135887127827014,196,PASS
6944,0.003472125,0.0034725,1,-1.592997110678724,8,PASS
6945,0.003472625,0.003473,1,-0.20942982196800397,112,PASS
6946,0.003473125,0.0034735,1,1.42854997883399,235,PASS
6947,0.003473625,0.003474,1,-0.5598322815677546,85,PASS
6948,0.0034741249999999998,0.0034744999999999997,1,-1.519233435662169,13,PASS
6949,0.003474625,0.003475,1,0.25202591695054766,146,PASS
6950,0.003475125,0.0034755,1,-1.695396757442455,0,PASS
6951,0.003475625,0.003476,1,-0.13106324683675408,118,PASS
6952,0.003476125,0.0034765,1,-0.852026584147167,63,PASS
6953,0.003476625,0.003477,1,0.2893302567305367,149,PASS
6954,0.003477125,0.0034775,1,-0.6581928673374824,78,PASS
6955,0.003477625,0.0034779999999999998,1,0.165040339124795,140,PASS
6956,0.003478125,0.0034785,1,0.8120422880650777,189,PASS
6957,0.003478625,0.003479,1,-1.4242590302025118,20,PASS
6958,0.003479125,0.0034795,1,-0.8463890300010346,64,PASS
6959,0.003479625,0.00348,1,-1.397980273184336,22,PASS
6960,0.003480125,0.0034805,1,1.6039495487142037,248,PASS
6961,0.0034806249999999998,0.0034809999999999997,1,-1.2637721554028065,32,PASS
6962,0.003481125,0.0034815,1,1.4986072942123785,240,PASS
6963,0.003481625,0.003482,1,-1.649874570610943,3,PASS
6964,0.003482125,0.0034825,1,-0.038060088878121734,125,PASS
6965,0.003482625,0.003483,1,0.6688586296110481,178,PASS
6966,0.003483125,0.0034835,1,-1.40562049361313,22,PASS
6967,0.003483625,0.003484,1,-1.115925624132224,43,PASS
6968,0.003484125,0.0034844999999999998,1,0.7429152650869091,183,PASS
6969,0.003484625,0.003485,1,-0.907813533138294,59,PASS
6970,0.003485125,0.0034855,1,-1.289319411647573,30,PASS
6971,0.003485625,0.003486,1,0.6477698032780606,176,PASS
6972,0.003486125,0.0034865,1,-1.6239117746369798,5,PASS
6973,0.003486625,0.003487,1,-0.33934159393497776,102,PASS
6974,0.0034871249999999998,0.0034874999999999997,1,-1.1334097749855845,42,PASS
6975,0.003487625,0.0034879999999999998,1,-0.12907591454827205,118,PASS
6976,0.003488125,0.0034885,1,1.3065319443307024,226,PASS
6977,0.003488625,0.003489,1,-0.6899173673472296,76,PASS
6978,0.003489125,0.0034895,1,-0.3422184347801034,102,PASS
6979,0.003489625,0.00349,1,-0.5720094905910258,84,PASS
6980,0.003490125,0.0034905,1,-0.28510014351013524,106,PASS
6981,0.003490625,0.0034909999999999997,1,-0.23521411188621877,110,PASS
6982,0.003491125,0.0034915,1,1.5559469182548484,245,PASS
6983,0.003491625,0.003492,1,0.9227136228482002,197,PASS
6984,0.003492125,0.0034925,1,1.2866873013883906,224,PASS
6985,0.003492625,0.003493,1,0.6703957479498104,178,PASS
6986,0.003493125,0.0034935,1,-0.9034029466362838,59,PASS
6987,0.0034936249999999998,0.0034939999999999997,1,1.243604871071326,221,PASS
6988,0.003494125,0.0034944999999999998,1,-0.5550826131804474,86,PASS
6989,0.003494625,0.003495,1,1.430013297175661,235,PASS
6990,0.003495125,0.0034955,1,-1.015353466475453,51,PASS
6991,0.003495625,0.003496,1,1.4296727118144823,235,PASS
6992,0.003496125,0.0034965,1,-1.011026933350692,51,PASS
6993,0.003496625,0.003497,1,1.0460135453540256,206,PASS
6994,0.003497125,0.0034974999999999997,1,1.4139823006325305,234,PASS
6995,0.003497625,0.003498,1,0.2568878365058911,147,PASS
6996,0.003498125,0.0034985,1,0.6149823313672036,174,PASS
6997,0.003498625,0.003499,1,-1.5718348709454837,9,PASS
6998,0.003499125,0.0034995,1,-0.34827660007815653,101,PASS
6999,0.003499625,0.0035,1,-0.22293783011661716,111,PASS
7000,0.0035001249999999998,0.0035004999999999997,1,1.6375971202315098,251,PASS
7001,0.003500625,0.0035009999999999998,1,0.48345793799949255,164,PASS
7002,0.003501125,0.0035015,1,-1.2345340884500744,35,PASS
7003,0.003501625,0.003502,1,0.18106544577685457,141,PASS
7004,0.003502125,0.0035025,1,-1.4788304689881162,16,PASS
7005,0.003502625,0.003503,1,1.3509339927558128,229,PASS
7006,0.003503125,0.0035035,1,-0.3436843373178813,102,PASS
7007,0.003503625,0.0035039999999999997,1,1.027865237851869,205,PASS
7008,0.003504125,0.0035045,1,0.20757439673733247,143,PASS
7009,0.003504625,0.003505,1,0.42562306296285457,160,PASS
7010,0.003505125,0.0035055,1,1.4397042396884234,236,PASS
7011,0.003505625,0.003506,1,-0.6690835548722482,77,PASS
7012,0.003506125,0.0035065,1,-1.1101448205809175,44,PASS
7013,0.0035066249999999998,0.0035069999999999997,1,-1.0475303118011212,49,PASS
7014,0.003507125,0.0035074999999999998,1,1.133215524461866,213,PASS
7015,0.003507625,0.003508,1,-1.030776190101828,50,PASS
7016,0.003508125,0.0035085,1,-1.5522991216612931,11,PASS
7017,0.003508625,0.003509,1,-1.396173904365397,22,PASS
7018,0.003509125,0.0035095,1,1.3779745497110618,231,PASS
7019,0.003509625,0.00351,1,-0.44672636592457526,94,PASS
7020,0.003510125,0.0035104999999999997,1,-1.2717768756551635,32,PASS
7021,0.003510625,0.003511,1,-1.283924768029442,31,PASS
7022,0.003511125,0.0035115,1,1.0330588297115784,205,PASS
7023,0.003511625,0.003512,1,0.456801888457387,162,PASS
7024,0.003512125,0.0035125,1,-0.19644211563973202,113,PASS
7025,0.003512625,0.003513,1,-1.016598395690695,51,PASS
7026,0.0035131249999999998,0.0035134999999999997,1,-1.0620317322983186,48,PASS
7027,0.003513625,0.0035139999999999998,1,-0.5181506686207344,88,PASS
7028,0.003514125,0.0035145,1,1.5821069842740616,247,PASS
7029,0.003514625,0.003515,1,-1.0764788711467213,46,PASS
7030,0.003515125,0.0035155,1,-0.6766926440956194,77,PASS
7031,0.003515625,0.003516,1,0.13318331044394394,138,PASS
7032,0.003516125,0.0035165,1,0.19516108552131706,142,PASS
7033,0.003516625,0.0035169999999999997,1,-0.6088964069871567,82,PASS
7034,0.003517125,0.0035175,1,0.041418731683979804,131,PASS
7035,0.003517625,0.003518,1,0.9873156285504108,202,PASS
7036,0.003518125,0.0035185,1,0.8906679779331699,195,PASS
7037,0.003518625,0.003519,1,0.6332388300284715,175,PASS
7038,0.003519125,0.0035195,1,1.4420109604670832,236,PASS
7039,0.0035196249999999998,0.0035199999999999997,1,-1.588784620605641,8,PASS
7040,0.003520125,0.0035204999999999998,1,-1.1306007548519577,42,PASS
7041,0.003520625,0.003521,1,-1.3030398873878066,29,PASS
7042,0.003521125,0.0035215,1,-0.9693345559060621,55,PASS
7043,0.003521625,0.003522,1,0.8267987099112808,190,PASS
7044,0.003522125,0.0035225,1,1.5618570973441661,245,PASS
7045,0.003522625,0.003523,1,-0.3927099510595662,98,PASS
7046,0.0035231249999999998,0.0035234999999999997,1,1.4321391462996906,235,PASS
7047,0.003523625,0.003524,1,0.9241968632715591,197,PASS
7048,0.003524125,0.0035245,1,-1.6104332587890788,6,PASS
7049,0.003524625,0.003525,1,-1.2892630648108334,30,PASS
7050,0.003525125,0.0035255,1,-1.2290134750867698,35,PASS
7051,0.003525625,0.003526,1,1.2588298617990372,222,PASS
7052,0.003526125,0.0035265,1,-0.7825842864179873,69,PASS
7053,0.003526625,0.0035269999999999998,1,-0.2693808638377233,107,PASS
7054,0.003527125,0.0035275,1,-0.8625059308893226,63,PASS
7055,0.003527625,0.003528,1,-0.3452819334202091,102,PASS
7056,0.003528125,0.0035285,1,-0.7088140420189367,74,PASS
7057,0.003528625,0.003529,1,-1.190566307559328,38,PASS
7058,0.003529125,0.0035295,1,-0.00680863062862036,127,PASS
7059,0.0035296249999999998,0.0035299999999999997,1,0.7729856308897725,186,PASS
7060,0.003530125,0.0035305,1,1.66585113538633,253,PASS
7061,0.003530625,0.003531,1,-1.1996878630803383,37,PASS
7062,0.003531125,0.0035315,1,-0.6112147590137764,81,PASS
7063,0.003531625,0.003532,1,-0.7674664454972989,70,PASS
7064,0.003532125,0.0035325,1,1.268812422272408,223,PASS
7065,0.003532625,0.003533,1,-0.9218988869151661,58,PASS
7066,0.003533125,0.0035334999999999997,1,-0.6195865867492591,81,PASS
7067,0.003533625,0.003534,1,0.06897298628747617,133,PASS
7068,0.003534125,0.0035345,1,-1.3525455801495876,26,PASS
7069,0.003534625,0.003535,1,1.676915055994246,254,PASS
7070,0.003535125,0.0035355,1,-0.3869364305346308,98,PASS
7071,0.003535625,0.003536,1,0.3105269292226993,151,PASS
7072,0.0035361249999999998,0.0035364999999999997,1,-0.6710050139025527,77,PASS
7073,0.003536625,0.0035369999999999998,1,-1.4602723592546794,18,PASS
7074,0.003537125,0.0035375,1,0.4607800096055843,162,PASS
7075,0.003537625,0.003538,1,0.5115471892962635,166,PASS
7076,0.003538125,0.0035385,1,1.0903062385416924,210,PASS
7077,0.003538625,0.003539,1,-0.4888120494068642,91,PASS
7078,0.003539125,0.0035395,1,0.39367614658359673,157,PASS
7079,0.003539625,0.0035399999999999997,1,0.8595055073337587,192,PASS
7080,0.003540125,0.0035405,1,0.7475148555642768,184,PASS
7081,0.003540625,0.003541,1,1.3060742005383215,226,PASS
7082,0.003541125,0.0035415,1,-1.3176843828517413,28,PASS
7083,0.003541625,0.003542,1,0.5586966823099806,170,PASS
7084,0.003542125,0.0035425,1,-1.3588100446464981,25,PASS
7085,0.0035426249999999998,0.0035429999999999997,1,0.12907216347190897,137,PASS
7086,0.003543125,0.0035434999999999998,1,-1.3828628642119085,23,PASS
7087,0.003543625,0.003544,1,-0.4811111909081984,91,PASS
7088,0.003544125,0.0035445,1,0.3358773294964592,153,PASS
7089,0.003544625,0.003545,1,-0.2054430927126909,112,PASS
7090,0.003545125,0.0035455,1,-1.5050292287988736,14,PASS
7091,0.003545625,0.003546,1,-0.1923093115890233,113,PASS
7092,0.003546125,0.0035464999999999997,1,0.951645708195662,199,PASS
7093,0.003546625,0.003547,1,-1.4340402618902113,20,PASS
7094,0.003547125,0.0035475,1,0.6295195245693825,175,PASS
7095,0.003547625,0.003548,1,-0.5014786698929989,90,PASS
7096,0.003548125,0.0035485,1,-1.4553308622034145,18,PASS
7097,0.003548625,0.003549,1,0.02284119198663448,129,PASS
7098,0.0035491249999999998,0.0035494999999999997,1,-1.4211304629284047,20,PASS
7099,0.003549625,0.0035499999999999998,1,0.976100593186602,201,PASS
7100,0.003550125,0.0035505,1,-0.9389162067444711,57,PASS
7101,0.003550625,0.003551,1,0.037715770439787466,130,PASS
7102,0.003551125,0.0035515,1,-0.7992256904321754,67,PASS
7103,0.003551625,0.003552,1,0.6393840880500867,176,PASS
7104,0.003552125,0.0035525,1,-1.2423185409579356,34,PASS
7105,0.003552625,0.0035529999999999997,1,1.5188237360906294,242,PASS
7106,0.003553125,0.0035535,1,-1.1827973499551412,38,PASS
7107,0.003553625,0.003554,1,0.4582456838206921,162,PASS
7108,0.003554125,0.0035545,1,-0.5246215610639104,88,PASS
7109,0.003554625,0.003555,1,0.2287210463419056,145,PASS
7110,0.003555125,0.0035555,1,1.1423799011618938,214,PASS
7111,0.0035556249999999998,0.0035559999999999997,1,-1.1471085419019458,41,PASS
7112,0.003556125,0.0035564999999999998,1,-1.6006435011572973,7,PASS
7113,0.003556625,0.003557,1,1.5597730722702299,245,PASS
7114,0.003557125,0.0035575,1,-1.6842075528609213,1,PASS
7115,0.003557625,0.003558,1,0.7190988813604415,182,PASS
7116,0.003558125,0.0035585,1,0.24809319104932226,146,PASS
7117,0.003558625,0.003559,1,0.830908536857853,190,PASS
7118,0.003559125,0.0035594999999999997,1,-1.2374105388029604,34,PASS
7119,0.003559625,0.00356,1,1.126522089255941,212,PASS
7120,0.003560125,0.0035605,1,1.027271423479421,205,PASS
7121,0.003560625,0.003561,1,-0.2611387224986008,108,PASS
7122,0.003561125,0.0035615,1,-1.1548671526888192,41,PASS
7123,0.003561625,0.003562,1,-1.2733734862310206,32,PASS
7124,0.0035621249999999998,0.0035624999999999997,1,-1.592623530939987,8,PASS
7125,0.003562625,0.0035629999999999998,1,-1.0515344020472797,48,PASS
7126,0.003563125,0.0035635,1,1.42304341127227,235,PASS
7127,0.003563625,0.003564,1,0.6291159220062552,175,PASS
7128,0.003564125,0.0035645,1,-0.09295785398152123,121,PASS
7129,0.003564625,0.003565,1,-0.4802254886826198,91,PASS
7130,0.003565125,0.0035655,1,-1.4679828678163878,17,PASS
7131,0.003565625,0.0035659999999999997,1,0.706291452714493,181,PASS
7132,0.003566125,0.0035665,1,-0.22080908887044304,111,PASS
7133,0.003566625,0.003567,1,-0.279123483100294,106,PASS
7134,0.003567125,0.0035675,1,-0.6361461635933643,80,PASS
7135,0.003567625,0.003568,1,0.8331086765417604,190,PASS
7136,0.003568125,0.0035685,1,-0.7056117171254501,74,PASS
7137,0.0035686249999999997,0.0035689999999999997,1,-0.6650024883374832,77,PASS
7138,0.003569125,0.0035694999999999998,1,-0.46843459060237036,92,PASS
7139,0.003569625,0.00357,1,-1.3522210366343095,26,PASS
7140,0.003570125,0.0035705,1,1.4172389593947916,234,PASS
7141,0.003570625,0.003571,1,0.8005759099609906,188,PASS
7142,0.003571125,0.0035715,1,1.1086061194161088,211,PASS
7143,0.003571625,0.003572,1,-1.3491744667116348,26,PASS
7144,0.0035721249999999998,0.0035724999999999997,1,0.2923133480335469,150,PASS
7145,0.003572625,0.003573,1,-1.653275855993836,3,PASS
7146,0.003573125,0.0035735,1,-1.4667869200993515,17,PASS
7147,0.003573625,0.003574,1,-1.3990639160286023,22,PASS
7148,0.003574125,0.0035745,1,-0.10911070775956744,119,PASS
7149,0.003574625,0.003575,1,1.1240989660159937,212,PASS
7150,0.003575125,0.0035755,1,0.5806874577109837,171,PASS
7151,0.003575625,0.0035759999999999998,1,-0.4623330584461516,93,PASS
7152,0.003576125,0.0035765,1,0.21093273165323545,143,PASS
7153,0.003576625,0.003577,1,1.3900906490702154,232,PASS
7154,0.003577125,0.0035775,1,-1.03269116732938,50,PASS
7155,0.003577625,0.003578,1,-0.5875261491281192,83,PASS
7156,0.003578125,0.0035785,1,1.3094087185677667,226,PASS
7157,0.0035786249999999998,0.0035789999999999997,1,-0.5704536071135997,85,PASS
7158,0.003579125,0.0035794999999999998,1,-0.6460148760502822,79,PASS
7159,0.003579625,0.00358,1,-0.8891791301759672,61,PASS
7160,0.003580125,0.0035805,1,0.09219311447492151,134,PASS
7161,0.003580625,0.003581,1,0.7449983102342175,184,PASS
7162,0.003581125,0.0035815,1,-1.3598322719394458,25,PASS
7163,0.003581625,0.003582,1,-1.5545249493992908,10,PASS
7164,0.003582125,0.0035824999999999997,1,1.1570473649722366,215,PASS
7165,0.003582625,0.003583,1,0.8818809412070554,194,PASS
7166,0.003583125,0.0035835,1,-1.1889637856357733,38,PASS
7167,0.003583625,0.003584,1,1.4768304387826736,239,PASS
7168,0.003584125,0.0035845,1,-0.7548916751675617,71,PASS
7169,0.003584625,0.003585,1,-0.6884650361148146,76,PASS
7170,0.0035851249999999998,0.0035854999999999997,1,0.6566661963856164,177,PASS
7171,0.003585625,0.0035859999999999998,1,1.405628998664043,233,PASS
7172,0.003586125,0.0035865,1,0.3010951241505133,150,PASS
7173,0.003586625,0.003587,1,0.7476166552425718,184,PASS
7174,0.003587125,0.0035875,1,0.09846113476049934,135,PASS
7175,0.003587625,0.003588,1,-0.10059957319686519,120,PASS
7176,0.003588125,0.0035885,1,1.411440898273291,234,PASS
7177,0.003588625,0.0035889999999999997,1,-0.9118536947429986,59,PASS
7178,0.003589125,0.0035895,1,1.5418851364861712,244,PASS
7179,0.003589625,0.00359,1,-0.37786513385065135,99,PASS
7180,0.003590125,0.0035905,1,1.1539091863657551,214,PASS
7181,0.003590625,0.003591,1,1.1579012534256539,215,PASS
7182,0.003591125,0.0035915,1,0.37781720316484146,156,PASS
7183,0.0035916249999999998,0.0035919999999999997,1,-1.4936098606712174,15,PASS
7184,0.003592125,0.0035924999999999998,1,1.2878603831680915,224,PASS
7185,0.003592625,0.003593,1,0.3030321232626487,150,PASS
7186,0.003593125,0.0035935,1,-1.6429554889237326,4,PASS
7187,0.003593625,0.003594,1,-1.283920282301091,31,PASS
7188,0.003594125,0.0035945,1,1.4010564248061483,233,PASS
7189,0.003594625,0.003595,1,1.643682361590207,251,PASS
7190,0.003595125,0.0035954999999999997,1,-1.219916320997868,36,PASS
7191,0.003595625,0.003596,1,1.146911821049782,214,PASS
7192,0.003596125,0.0035965,1,-0.9728098140634075,54,PASS
7193,0.003596625,0.003597,1,1.433321057181254,235,PASS
7194,0.003597125,0.0035975,1,-0.6363706414936945,80,PASS
7195,0.003597625,0.003598,1,1.0542185474672323,207,PASS
7196,0.0035981249999999998,0.0035984999999999997,1,-1.070582982099244,47,PASS
7197,0.003598625,0.0035989999999999998,1,1.3832824715494059,232,PASS
7198,0.003599125,0.0035995,1,0.39088344258666363,157,PASS
7199,0.003599625,0.0036,1,-0.707025081391494,74,PASS
7200,0.003600125,0.0036005,1,0.307426373753094,151,PASS
7201,0.003600625,0.003601,1,1.6615231364877772,253,PASS
7202,0.003601125,0.0036015,1,-0.438111764034669,95,PASS
7203,0.003601625,0.0036019999999999997,1,1.2080225202556123,218,PASS
7204,0.003602125,0.0036025,1,0.37749604082093735,156,PASS
7205,0.003602625,0.003603,1,-1.6478297537867272,3,PASS
7206,0.003603125,0.0036035,1,0.27707301023461883,148,PASS
7207,0.003603625,0.003604,1,0.8054110997191828,188,PASS
7208,0.003604125,0.0036045,1,0.2698997747599816,148,PASS
7209,0.0036046249999999998,0.0036049999999999997,1,1.264760202085376,223,PASS
7210,0.003605125,0.0036054999999999998,1,-0.44977228047628826,94,PASS
7211,0.003605625,0.003606,1,0.6951023162623791,180,PASS
7212,0.003606125,0.0036065,1,1.47794057436228,239,PASS
7213,0.003606625,0.003607,1,-0.9471622872119472,56,PASS
7214,0.003607125,0.0036075,1,-1.2519221532990434,33,PASS
7215,0.003607625,0.003608,1,0.230767601355216,145,PASS
7216,0.003608125,0.0036084999999999997,1,1.1866612667532708,217,PASS
7217,0.003608625,0.003609,1,-0.9760679761257096,54,PASS
7218,0.003609125,0.0036095,1,1.475092265886407,239,PASS
7219,0.003609625,0.00361,1,0.6639970355118539,177,PASS
7220,0.003610125,0.0036105,1,0.6802561719581297,179,PASS
7221,0.003610625,0.003611,1,1.2973599996623257,225,PASS
7222,0.0036111249999999998,0.0036114999999999997,1,1.5674756803009025,246,PASS
7223,0.003611625,0.0036119999999999998,1,-1.0580883704152493,48,PASS
7224,0.003612125,0.0036125,1,1.2925124120832308,225,PASS
7225,0.003612625,0.003613,1,0.3504235831214382,154,PASS
7226,0.003613125,0.0036135,1,1.5492668709884094,244,PASS
7227,0.003613625,0.003614,1,-1.4450377990002394,19,PASS
7228,0.003614125,0.0036145,1,1.1643997470969703,215,PASS
7229,0.0036146249999999998,0.0036149999999999997,1,-0.8795716642562333,61,PASS
7230,0.003615125,0.0036155,1,-1.1463561200774635,41,PASS
7231,0.003615625,0.003616,1,1.5418871160412009,244,PASS
7232,0.003616125,0.0036165,1,-1.696514910401159,0,PASS
7233,0.003616625,0.003617,1,0.22357730827937639,144,PASS
7234,0.003617125,0.0036175,1,0.9898716379213781,202,PASS
7235,0.0036176249999999997,0.0036179999999999997,1,-0.6963332771739543,75,PASS
7236,0.003618125,0.0036184999999999998,1,-0.7903681090291272,68,PASS
7237,0.003618625,0.003619,1,-0.45499000334549167,93,PASS
7238,0.003619125,0.0036195,1,0.1911694032681479,142,PASS
7239,0.003619625,0.00362,1,0.6353163570232916,175,PASS
7240,0.003620125,0.0036205,1,-1.1829132303991088,38,PASS
7241,0.003620625,0.003621,1,-0.39165156166130966,98,PASS
7242,0.0036211249999999998,0.0036214999999999997,1,-0.2960951356389223,105,PASS
7243,0.003621625,0.003622,1,1.0591425901354585,207,PASS
7244,0.003622125,0.0036225,1,1.431282507110059,235,PASS
7245,0.003622625,0.003623,1,1.060772326558998,207,PASS
7246,0.003623125,0.0036235,1,-0.1328082988986179,118,PASS
7247,0.003623625,0.003624,1,1.0883138403068393,209,PASS
7248,0.003624125,0.0036245,1,-0.6220367709321248,81,PASS
7249,0.003624625,0.0036249999999999998,1,1.1707722900149051,216,PASS
7250,0.003625125,0.0036255,1,-0.15337099244663643,116,PASS
7251,0.003625625,0.003626,1,-0.020573656110994376,126,PASS
7252,0.003626125,0.0036265,1,-1.1761545821574506,39,PASS
7253,0.003626625,0.003627,1,-0.9691388295141665,55,PASS
7254,0.003627125,0.0036275,1,0.4014142186330305,158,PASS
7255,0.0036276249999999998,0.0036279999999999997,1,0.29438528096816907,150,PASS
7256,0.003628125,0.0036284999999999998,1,-0.1748178002826557,114,PASS
7257,0.003628625,0.003629,1,0.9130980675344398,196,PASS
7258,0.003629125,0.0036295,1,1.6867205408074895,255,PASS
7259,0.003629625,0.00363,1,0.49112130118849984,164,PASS
7260,0.003630125,0.0036305,1,-0.9102045968711936,59,PASS
7261,0.003630625,0.003631,1,0.22604591049169342,145,PASS
7262,0.003631125,0.0036314999999999997,1,-0.750951275682924,71,PASS
7263,0.003631625,0.003632,1,0.9874598174506912,202,PASS
7264,0.003632125,0.0036325,1,-1.1040525309628617,44,PASS
7265,0.003632625,0.003633,1,-0.016559262852555046,126,PASS
7266,0.003633125,0.0036335,1,0.03315360525486799,130,PASS
7267,0.003633625,0.003634,1,0.09959819951519333,135,PASS
7268,0.0036341249999999998,0.0036344999999999997,1,0.7940378236003978,187,PASS
7269,0.003634625,0.0036349999999999998,1,-0.9703652804814945,54,PASS
7270,0.003635125,0.0036355,1,0.38920754988183126,157,PASS
7271,0.003635625,0.003636,1,-0.5137560619799766,89,PASS
7272,0.003636125,0.0036365,1,1.0430453743266341,206,PASS
7273,0.003636625,0.003637,1,0.4868392844339129,164,PASS
7274,0.003637125,0.0036375,1,1.6154121384886764,249,PASS
7275,0.003637625,0.0036379999999999997,1,-0.7709054894891604,69,PASS
7276,0.003638125,0.0036385,1,-1.5374999267035387,12,PASS
7277,0.003638625,0.003639,1,0.49318904206301784,165,PASS
7278,0.003639125,0.0036395,1,-0.8756258975217176,62,PASS
7279,0.003639625,0.00364,1,-0.8198829917235569,66,PASS
7280,0.003640125,0.0036405,1,1.4615674001571957,238,PASS
7281,0.0036406249999999998,0.0036409999999999997,1,-1.1896720806314063,38,PASS
7282,0.003641125,0.0036414999999999998,1,0.23253418043008178,145,PASS
7283,0.003641625,0.003642,1,-1.1104671047777566,44,PASS
7284,0.003642125,0.0036425,1,0.21441533552494163,144,PASS
7285,0.003642625,0.003643,1,-1.4632165832188164,17,PASS
7286,0.003643125,0.0036435,1,1.1546099244754509,214,PASS
7287,0.003643625,0.003644,1,0.7979387984353703,188,PASS
7288,0.003644125,0.0036444999999999997,1,0.14608017928094963,138,PASS
7289,0.003644625,0.003645,1,0.5139982755329993,166,PASS
7290,0.003645125,0.0036455,1,1.534729066907037,243,PASS
7291,0.003645625,0.003646,1,-1.6383994795336196,4,PASS
7292,0.003646125,0.0036465,1,0.16195837989830952,140,PASS
7293,0.003646625,0.003647,1,-1.084858323676908,46,PASS
7294,0.0036471249999999998,0.0036474999999999997,1,-1.2448568417733168,34,PASS
7295,0.003647625,0.0036479999999999998,1,0.5831519583902554,171,PASS
7296,0.003648125,0.0036485,1,-1.0289316727281415,50,PASS
7297,0.003648625,0.003649,1,-1.5024468492956846,14,PASS
7298,0.003649125,0.0036495,1,1.2086421828743659,219,PASS
7299,0.003649625,0.00365,1,-0.6152412525044029,81,PASS
7300,0.003650125,0.0036505,1,-0.37639251212954217,99,PASS
7301,0.003650625,0.0036509999999999997,1,1.5205697040741708,242,PASS
7302,0.003651125,0.0036515,1,1.09431399058796,210,PASS
7303,0.003651625,0.003652,1,-0.8895213083542242,61,PASS
7304,0.003652125,0.0036525,1,0.353087294418575,154,PASS
7305,0.003652625,0.003653,1,0.32387504496380903,152,PASS
7306,0.003653125,0.0036535,1,1.4119145215573445,234,PASS
7307,0.0036536249999999998,0.0036539999999999997,1,0.9998137773366678,203,PASS
7308,0.003654125,0.0036544999999999998,1,-0.0983435053629309,120,PASS
7309,0.003654625,0.003655,1,1.4368185992919071,236,PASS
7310,0.003655125,0.0036555,1,-0.211076589721775,112,PASS
7311,0.003655625,0.003656,1,-0.5729591052690839,84,PASS
7312,0.003656125,0.0036565,1,-0.2186922469327932,111,PASS
7313,0.003656625,0.003657,1,-0.9627104375835963,55,PASS
7314,0.003657125,0.0036574999999999997,1,-0.025615119954560894,126,PASS
7315,0.003657625,0.003658,1,0.552833411793064,169,PASS
7316,0.003658125,0.0036585,1,-1.322345169731764,28,PASS
7317,0.003658625,0.003659,1,1.6836796479917033,254,PASS
7318,0.003659125,0.0036595,1,-1.6401550147427073,4,PASS
7319,0.003659625,0.00366,1,-0.9504942036195222,56,PASS
7320,0.0036601249999999998,0.0036604999999999997,1,-1.5654219235690467,10,PASS
7321,0.003660625,0.0036609999999999998,1,1.6898556172705088,255,PASS
7322,0.003661125,0.0036615,1,0.8645854541772142,193,PASS
7323,0.003661625,0.003662,1,-1.0839804719034802,46,PASS
7324,0.003662125,0.0036625,1,-0.029693853300329476,125,PASS
7325,0.003662625,0.003663,1,0.28542203855432,149,PASS
7326,0.003663125,0.0036635,1,1.4060850173650448,233,PASS
7327,0.0036636249999999998,0.0036639999999999997,1,-1.074661802135905,47,PASS
7328,0.003664125,0.0036645,1,0.18418663778859012,141,PASS
7329,0.003664625,0.003665,1,0.08180186942879963,134,PASS
7330,0.003665125,0.0036655,1,-0.4287221180399263,95,PASS
7331,0.003665625,0.003666,1,0.16156542415911068,140,PASS
7332,0.003666125,0.0036665,1,1.4347228557699883,236,PASS
7333,0.0036666249999999997,0.0036669999999999997,1,0.6777548779571243,179,PASS
7334,0.003667125,0.0036674999999999998,1,0.09520730260420929,135,PASS
7335,0.003667625,0.003668,1,-1.0235481325854914,50,PASS
7336,0.003668125,0.0036685,1,-0.9531628347313241,56,PASS
7337,0.003668625,0.003669,1,0.2712491676250324,148,PASS
7338,0.003669125,0.0036695,1,0.008865469604333986,128,PASS
7339,0.003669625,0.00367,1,1.283956075765423,224,PASS
7340,0.0036701249999999998,0.0036704999999999997,1,0.5211234820265329,167,PASS
7341,0.003670625,0.003671,1,-0.6681962650549977,77,PASS
7342,0.003671125,0.0036715,1,1.0616163815495219,207,PASS
7343,0.003671625,0.003672,1,-0.5162141709567083,89,PASS
7344,0.003672125,0.0036725,1,-0.11657925726042473,119,PASS
7345,0.003672625,0.003673,1,-1.0472565829305192,49,PASS
7346,0.003673125,0.0036735,1,-0.4046685375069494,97,PASS
7347,0.003673625,0.0036739999999999997,1,-1.4467655587264119,19,PASS
7348,0.003674125,0.0036745,1,1.5778613814260647,246,PASS
7349,0.003674625,0.003675,1,-0.6130126022173559,81,PASS
7350,0.003675125,0.0036755,1,-0.3996208754569295,97,PASS
7351,0.003675625,0.003676,1,0.09264393477443567,134,PASS
7352,0.003676125,0.0036765,1,-0.9498277560198165,56,PASS
7353,0.0036766249999999998,0.0036769999999999997,1,-0.06452843151533183,123,PASS
7354,0.003677125,0.0036774999999999998,1,1.6893846165729716,255,PASS
7355,0.003677625,0.003678,1,0.21757337523139886,144,PASS
7356,0.003678125,0.0036785,1,-0.13473913786255265,117,PASS
7357,0.003678625,0.003679,1,-1.3993834986335931,22,PASS
7358,0.003679125,0.0036795,1,-1.075840003922977,46,PASS
7359,0.003679625,0.00368,1,-1.4477393303931165,18,PASS
7360,0.003680125,0.0036804999999999997,1,-0.7185184570311237,73,PASS
7361,0.003680625,0.003681,1,-0.3331250531558143,102,PASS
7362,0.003681125,0.0036815,1,0.7035594071653237,180,PASS
7363,0.003681625,0.003682,1,1.295968053901259,225,PASS
7364,0.003682125,0.0036825,1,-0.10939166460181982,119,PASS
7365,0.003682625,0.003683,1,-0.08553171092742717,121,PASS
7366,0.0036831249999999998,0.0036834999999999997,1,-1.1234632776930393,43,PASS
7367,0.003683625,0.0036839999999999998,1,1.5032640757578626,241,PASS
7368,0.003684125,0.0036845,1,-0.4781680179967718,91,PASS
7369,0.003684625,0.003685,1,-0.9094959993238424,59,PASS
7370,0.003685125,0.0036855,1,-1.2015091197701808,37,PASS
7371,0.003685625,0.003686,1,0.6813269743254129,179,PASS
7372,0.003686125,0.0036865,1,0.09362641619474754,135,PASS
7373,0.003686625,0.0036869999999999997,1,-0.8443352717599549,64,PASS
7374,0.003687125,0.0036875,1,0.26292322180776817,147,PASS
7375,0.003687625,0.003688,1,-0.9041477803731757,59,PASS
7376,0.003688125,0.0036885,1,1.287895055993664,224,PASS
7377,0.003688625,0.003689,1,-1.257715002588784,33,PASS
7378,0.003689125,0.0036895,1,-0.15481058483826482,116,PASS
7379,0.0036896249999999998,0.0036899999999999997,1,1.086083289032805,209,PASS
7380,0.003690125,0.0036904999999999998,1,-1.020890635211915,51,PASS
7381,0.003690625,0.003691,1,1.1837797545128261,217,PASS
7382,0.003691125,0.0036915,1,1.1848520775940734,217,PASS
7383,0.003691625,0.003692,1,-0.5325308907769271,87,PASS
7384,0.003692125,0.0036925,1,-0.2932166844444568,105,PASS
7385,0.003692625,0.003693,1,-0.9023276565725671,60,PASS
7386,0.003693125,0.0036934999999999997,1,-0.7598732029283287,70,PASS
7387,0.003693625,0.003694,1,-0.12101954218150301,118,PASS
7388,0.003694125,0.0036945,1,-0.20134949380273848,112,PASS
7389,0.003694625,0.003695,1,-1.1772682049766336,39,PASS
7390,0.003695125,0.0036955,1,1.1260061028551946,212,PASS
7391,0.003695625,0.003696,1,0.6867557599372403,179,PASS
7392,0.0036961249999999998,0.0036964999999999997,1,-0.9020453136449792,60,PASS
7393,0.003696625,0.0036969999999999998,1,0.7879187494394044,187,PASS
7394,0.003697125,0.0036975,1,-1.399271413305294,22,PASS
7395,0.003697625,0.003698,1,-1.379513886233988,24,PASS
7396,0.003698125,0.0036985,1,0.5902552915226627,172,PASS
7397,0.003698625,0.003699,1,0.8303365394338476,190,PASS
7398,0.003699125,0.0036995,1,-0.49274083063948115,90,PASS
7399,0.003699625,0.0036999999999999997,1,0.2429741455170067,146,PASS
7400,0.003700125,0.0037005,1,1.0590598492443972,207,PASS
7401,0.003700625,0.003701,1,0.32861513107031404,152,PASS
7402,0.003701125,0.0037015,1,1.6405278748449612,251,PASS
7403,0.003701625,0.003702,1,-1.5885216491790626,8,PASS
7404,0.003702125,0.0037025,1,0.8324512561648445,190,PASS
7405,0.0037026249999999998,0.0037029999999999997,1,-0.27474424027332023,107,PASS
7406,0.003703125,0.0037034999999999998,1,-0.261526635769767,108,PASS
7407,0.003703625,0.003704,1,0.6970148344653919,180,PASS
7408,0.003704125,0.0037045,1,1.6419282803136552,251,PASS
7409,0.003704625,0.003705,1,-0.8046888159017909,67,PASS
7410,0.003705125,0.0037055,1,-1.4610111611362533,17,PASS
7411,0.003705625,0.003706,1,1.1498094530018885,214,PASS
7412,0.003706125,0.0037064999999999997,1,-0.856645116800293,63,PASS
7413,0.003706625,0.003707,1,-0.47651671390438666,92,PASS
7414,0.003707125,0.0037075,1,-0.8406737137935798,64,PASS
7415,0.003707625,0.003708,1,-1.5878494023386809,8,PASS
7416,0.003708125,0.0037085,1,-1.3427410417320098,26,PASS
7417,0.003708625,0.003709,1,-1.4408000139552677,19,PASS
7418,0.0037091249999999997,0.0037094999999999997,1,-1.6555760311074037,3,PASS
7419,0.003709625,0.0037099999999999998,1,-1.1340208155089246,42,PASS
7420,0.003710125,0.0037105,1,0.5690724451739035,170,PASS
7421,0.003710625,0.003711,1,-0.08236511103795174,121,PASS
7422,0.003711125,0.0037115,1,-1.5968691548756895,7,PASS
7423,0.003711625,0.003712,1,1.2167684032382733,219,PASS
7424,0.003712125,0.0037125,1,1.5664018778505444,245,PASS
7425,0.0037126249999999998,0.0037129999999999997,1,1.3448665291498763,229,PASS
7426,0.003713125,0.0037135,1,-0.7712755397127274,69,PASS
7427,0.003713625,0.003714,1,-0.7366727628083503,72,PASS
7428,0.003714125,0.0037145,1,0.41480576465901575,159,PASS
7429,0.003714625,0.003715,1,0.8479288632093442,191,PASS
7430,0.003715125,0.0037155,1,0.47723200677548294,163,PASS
7431,0.0037156249999999997,0.0037159999999999997,1,-0.5365667768894182,87,PASS
7432,0.003716125,0.0037164999999999998,1,1.4323009489573686,235,PASS
7433,0.003716625,0.003717,1,0.7955595741429333,187,PASS
7434,0.003717125,0.0037175,1,0.7176249653162008,182,PASS
7435,0.003717625,0.003718,1,-0.2078273049086905,112,PASS
7436,0.003718125,0.0037185,1,-0.9151391379228878,59,PASS
7437,0.003718625,0.003719,1,0.681478580912801,179,PASS
7438,0.0037191249999999998,0.0037194999999999997,1,-1.4888656411359507,15,PASS
7439,0.003719625,0.0037199999999999998,1,-0.8123086334885187,66,PASS
7440,0.003720125,0.0037205,1,-1.636707885750095,4,PASS
7441,0.003720625,0.003721,1,-1.3435389263119715,26,PASS
7442,0.003721125,0.0037215,1,1.26030702605169,222,PASS
7443,0.003721625,0.003722,1,1.1885826375888964,217,PASS
7444,0.003722125,0.0037225,1,-1.1084211361659757,44,PASS
7445,0.003722625,0.0037229999999999997,1,-0.8688012159677962,62,PASS
7446,0.003723125,0.0037235,1,-0.4333824859280808,95,PASS
7447,0.003723625,0.003724,1,-1.5923132789688688,8,PASS
7448,0.003724125,0.0037245,1,-0.7326267461118047,72,PASS
7449,0.003724625,0.003725,1,-1.6137642093243425,6,PASS
7450,0.003725125,0.0037255,1,-0.720222946304928,73,PASS
7451,0.0037256249999999998,0.0037259999999999997,1,-0.9821125775786372,54,PASS
7452,0.003726125,0.0037264999999999998,1,1.3046061899509065,226,PASS
7453,0.003726625,0.003727,1,-0.884433994429009,61,PASS
7454,0.003727125,0.0037275,1,-0.6832497582733603,76,PASS
7455,0.003727625,0.003728,1,0.09279063766817819,134,PASS
7456,0.003728125,0.0037285,1,0.28114895836381537,149,PASS
7457,0.003728625,0.003729,1,0.03541331155355998,130,PASS
7458,0.003729125,0.0037294999999999997,1,-0.2901177149826599,106,PASS
7459,0.003729625,0.00373,1,-0.8177471053652583,66,PASS
7460,0.003730125,0.0037305,1,-1.0286846616768668,50,PASS
7461,0.003730625,0.003731,1,0.34899532469831374,154,PASS
7462,0.003731125,0.0037315,1,0.8497447079575469,191,PASS
7463,0.003731625,0.003732,1,-0.8544471586213069,63,PASS
7464,0.0037321249999999998,0.0037324999999999997,1,1.5662591744497043,245,PASS
7465,0.003732625,0.0037329999999999998,1,1.671458442602445,253,PASS
7466,0.003733125,0.0037335,1,-1.489466871516554,15,PASS
7467,0.003733625,0.003734,1,-0.28419169929650656,106,PASS
7468,0.003734125,0.0037345,1,1.6130473373104073,249,PASS
7469,0.003734625,0.003735,1,-0.27586684305172304,107,PASS
7470,0.003735125,0.0037355,1,1.0294101686288941,205,PASS
7471,0.003735625,0.0037359999999999997,1,-0.9579794211740701,55,PASS
7472,0.003736125,0.0037365,1,-0.7387808265430423,72,PASS
7473,0.003736625,0.003737,1,0.7805385822996198,186,PASS
7474,0.003737125,0.0037375,1,-0.5354394024036218,87,PASS
7475,0.003737625,0.003738,1,-0.37177165277660884,100,PASS
7476,0.003738125,0.0037385,1,-0.9260826236584757,58,PASS
7477,0.0037386249999999998,0.0037389999999999997,1,-1.6472862002494875,3,PASS
7478,0.003739125,0.0037394999999999998,1,0.6830732387070195,179,PASS
7479,0.003739625,0.00374,1,-0.0062594113647822525,127,PASS
7480,0.003740125,0.0037405,1,-1.077903577190626,46,PASS
7481,0.003740625,0.003741,1,1.448129481632778,237,PASS
7482,0.003741125,0.0037415,1,-1.6017704161809465,7,PASS
7483,0.003741625,0.003742,1,0.8664820894492771,193,PASS
7484,0.003742125,0.0037424999999999997,1,-0.29085165255046785,106,PASS
7485,0.003742625,0.003743,1,1.4470982930399543,236,PASS
7486,0.003743125,0.0037435,1,1.0618726929476263,207,PASS
7487,0.003743625,0.003744,1,-1.3383132627465804,27,PASS
7488,0.003744125,0.0037445,1,1.6017320797763068,248,PASS
7489,0.003744625,0.003745,1,-0.6982774324741057,75,PASS
7490,0.0037451249999999998,0.0037454999999999997,1,-1.599538012310271,7,PASS
7491,0.003745625,0.0037459999999999998,1,-1.215889146036992,36,PASS
7492,0.003746125,0.0037465,1,-0.17511700811077735,114,PASS
7493,0.003746625,0.003747,1,0.6293064807610553,175,PASS
7494,0.003747125,0.0037475,1,-0.3471511164487706,101,PASS
7495,0.003747625,0.003748,1,-0.009178130360956382,127,PASS
7496,0.003748125,0.0037485,1,-1.0843132347192825,46,PASS
7497,0.003748625,0.0037489999999999997,1,1.3669945271031259,230,PASS
7498,0.003749125,0.0037495,1,-0.3205253453951522,103,PASS
7499,0.003749625,0.00375,1,-0.739747184191285,72,PASS
7500,0.003750125,0.0037505,1,0.4088908278745793,158,PASS
7501,0.003750625,0.003751,1,0.1372529540968932,138,PASS
7502,0.003751125,0.0037515,1,-0.6415430398403819,79,PASS
7503,0.0037516249999999998,0.0037519999999999997,1,-1.0049589405949138,52,PASS
7504,0.003752125,0.0037524999999999998,1,0.1544492365491219,139,PASS
7505,0.003752625,0.003753,1,0.2203071132192349,144,PASS
7506,0.003753125,0.0037535,1,1.4659141160864035,238,PASS
7507,0.003753625,0.003754,1,-0.9829913047326133,53,PASS
7508,0.003754125,0.0037545,1,-0.4823200511766357,91,PASS
7509,0.003754625,0.003755,1,0.2798313322971413,149,PASS
7510,0.0037551249999999998,0.0037554999999999997,1,0.1709997036173141,140,PASS
7511,0.003755625,0.003756,1,-0.4156145966311231,96,PASS
7512,0.003756125,0.0037565,1,1.3801321367543877,231,PASS
7513,0.003756625,0.003757,1,-1.5166660862146055,13,PASS
7514,0.003757125,0.0037575,1,-0.5792364351188781,84,PASS
7515,0.003757625,0.003758,1,0.6422395065863233,176,PASS
7516,0.0037581249999999997,0.0037584999999999997,1,-0.9025078370448334,60,PASS
7517,0.003758625,0.0037589999999999998,1,1.4372822245914867,236,PASS
7518,0.003759125,0.0037595,1,-0.8409200643483835,64,PASS
7519,0.003759625,0.00376,1,-1.5104284241488308,14,PASS
7520,0.003760125,0.0037605,1,-1.0105476285236024,51,PASS
7521,0.003760625,0.003761,1,0.9092889775124957,196,PASS
7522,0.003761125,0.0037615,1,1.5408993319117592,244,PASS
7523,0.0037616249999999998,0.0037619999999999997,1,1.639973803599278,251,PASS
7524,0.003762125,0.0037625,1,1.0274416673859743,205,PASS
7525,0.003762625,0.003763,1,0.15801545852813792,139,PASS
7526,0.003763125,0.0037635,1,-0.4155527085229105,96,PASS
7527,0.003763625,0.003764,1,-1.0559015801988985,48,PASS
7528,0.003764125,0.0037645,1,-0.1817148640166435,114,PASS
7529,0.0037646249999999997,0.0037649999999999997,1,-0.05866742376099254,123,PASS
7530,0.003765125,0.0037654999999999998,1,-1.496529873364652,15,PASS
7531,0.003765625,0.003766,1,-0.8693771343378692,62,PASS
7532,0.003766125,0.0037665,1,1.5732454305468193,246,PASS
7533,0.003766625,0.003767,1,-0.5248249646684555,88,PASS
7534,0.003767125,0.0037675,1,-1.334751768886346,27,PASS
7535,0.003767625,0.003768,1,-1.504669506622406,14,PASS
7536,0.0037681249999999998,0.0037684999999999997,1,0.5538606153509187,169,PASS
7537,0.003768625,0.0037689999999999998,1,-1.1902102058709438,38,PASS
7538,0.003769125,0.0037695,1,0.14834190594007968,139,PASS
7539,0.003769625,0.00377,1,1.6566573126538457,252,PASS
7540,0.003770125,0.0037705,1,0.9289907377841702,197,PASS
7541,0.003770625,0.003771,1,0.7887016524571091,187,PASS
7542,0.0037711249999999997,0.0037714999999999997,1,1.6341250234680682,251,PASS
7543,0.003771625,0.0037719999999999997,1,-1.0009141326294713,52,PASS
7544,0.003772125,0.0037725,1,-0.6542556320376265,78,PASS
7545,0.003772625,0.003773,1,0.7240952689548894,182,PASS
7546,0.003773125,0.0037735,1,1.2488667394945232,222,PASS
7547,0.003773625,0.003774,1,0.32511667503360075,152,PASS
7548,0.003774125,0.0037745,1,-0.47216051781558144,92,PASS
7549,0.0037746249999999998,0.0037749999999999997,1,-0.1886069439363931,113,PASS
7550,0.003775125,0.0037754999999999998,1,0.6157753681345637,174,PASS
7551,0.003775625,0.003776,1,1.5149505032400554,242,PASS
7552,0.003776125,0.0037765,1,-1.3368737128330268,27,PASS
7553,0.003776625,0.003777,1,1.5608141240425926,245,PASS
7554,0.003777125,0.0037775,1,-1.3208280027530022,28,PASS
7555,0.003777625,0.003778,1,-1.1089512277422184,44,PASS
7556,0.003778125,0.0037784999999999997,1,-0.1759850316710574,114,PASS
7557,0.003778625,0.003779,1,-1.198986175758884,37,PASS
7558,0.003779125,0.0037795,1,0.1832978219108703,141,PASS
7559,0.003779625,0.00378,1,-0.2609706544353365,108,PASS
7560,0.003780125,0.0037805,1,-0.7695321290871189,70,PASS
7561,0.003780625,0.003781,1,1.229847190692402,220,PASS
7562,0.0037811249999999998,0.0037814999999999997,1,-0.36871274955609246,100,PASS
7563,0.003781625,0.0037819999999999998,1,1.0019006995486153,203,PASS
7564,0.003782125,0.0037825,1,-0.841845712053244,64,PASS
7565,0.003782625,0.003783,1,0.8874653470002933,194,PASS
7566,0.003783125,0.0037835,1,-1.5032074664502102,14,PASS
7567,0.003783625,0.003784,1,0.5054037218402125,166,PASS
7568,0.003784125,0.0037845,1,0.7227642857751368,182,PASS
7569,0.003784625,0.0037849999999999997,1,-0.39605815521988363,98,PASS
7570,0.003785125,0.0037855,1,1.1361124672086975,213,PASS
7571,0.003785625,0.003786,1,0.42971827703093735,160,PASS
7572,0.003786125,0.0037865,1,-0.6722193332210449,77,PASS
7573,0.003786625,0.003787,1,0.972433261131574,201,PASS
7574,0.003787125,0.0037875,1,-0.4982642881446486,90,PASS
7575,0.0037876249999999998,0.0037879999999999997,1,-0.6198611593802485,81,PASS
7576,0.003788125,0.0037884999999999998,1,-0.38540104534970765,98,PASS
7577,0.003788625,0.003789,1,0.9509197967276994,199,PASS
7578,0.003789125,0.0037895,1,0.7905711821320647,187,PASS
7579,0.003789625,0.00379,1,0.2018071285723393,143,PASS
7580,0.003790125,0.0037905,1,1.5745455728673392,246,PASS
7581,0.003790625,0.003791,1,0.49772261264207995,165,PASS
7582,0.003791125,0.0037914999999999997,1,-0.30167131262037783,105,PASS
7583,0.003791625,0.003792,1,1.0843490068498725,209,PASS
7584,0.003792125,0.0037925,1,0.42360905665072157,159,PASS
7585,0.003792625,0.003793,1,0.9967137714947725,203,PASS
7586,0.003793125,0.0037935,1,0.5875990173331969,172,PASS
7587,0.003793625,0.003794,1,1.3348375792657856,228,PASS
7588,0.0037941249999999998,0.0037944999999999997,1,1.5202287312440663,242,PASS
7589,0.003794625,0.0037949999999999998,1,1.6043136796513109,248,PASS
7590,0.003795125,0.0037955,1,0.9303315048565006,198,PASS
7591,0.003795625,0.003796,1,1.3135629039224972,226,PASS
7592,0.003796125,0.0037965,1,-0.7126272587879297,74,PASS
7593,0.003796625,0.003797,1,1.062036081353,207,PASS
7594,0.003797125,0.0037975,1,1.4747370654151355,239,PASS
7595,0.003797625,0.0037979999999999997,1,-0.21193387018518184,112,PASS
7596,0.003798125,0.0037985,1,-1.1261531428773977,43,PASS
7597,0.003798625,0.003799,1,-0.8691567420700963,62,PASS
7598,0.003799125,0.0037995,1,-0.11772765209681846,119,PASS
7599,0.003799625,0.0038,1,-1.2976664263501911,30,PASS
7600,0.003800125,0.0038005,1,0.8574186487031781,192,PASS
7601,0.0038006249999999998,0.0038009999999999997,1,-0.8711368198313052,62,PASS
7602,0.003801125,0.0038014999999999998,1,-1.3961576272105254,22,PASS
7603,0.003801625,0.003802,1,-0.1034416502247506,120,PASS
7604,0.003802125,0.0038025,1,-0.4758754909540519,92,PASS
7605,0.003802625,0.003803,1,-1.4967284260720701,15,PASS
7606,0.003803125,0.0038035,1,-0.14591008514211623,117,PASS
7607,0.003803625,0.003804,1,-0.9658015644205452,55,PASS
7608,0.0038041249999999998,0.0038044999999999997,1,-1.3225958712019168,28,PASS
7609,0.003804625,0.003805,1,-1.3849072440626666,23,PASS
7610,0.003805125,0.0038055,1,0.5032760659240496,165,PASS
7611,0.003805625,0.003806,1,0.9940273367366046,202,PASS
7612,0.003806125,0.0038065,1,-1.2349039724338773,35,PASS
7613,0.003806625,0.003807,1,0.7090639007541479,181,PASS
7614,0.0038071249999999997,0.0038074999999999997,1,0.537508609525841,168,PASS
7615,0.003807625,0.0038079999999999998,1,0.17356716009361883,141,PASS
7616,0.003808125,0.0038085,1,0.1638530074769311,140,PASS
7617,0.003808625,0.003809,1,0.7052687654120737,181,PASS
7618,0.003809125,0.0038095,1,-0.9709681562783053,54,PASS
7619,0.003809625,0.00381,1,-0.7328696403785641,72,PASS
7620,0.003810125,0.0038105,1,-0.008934636239985583,127,PASS
7621,0.0038106249999999998,0.0038109999999999997,1,0.7226877499832158,182,PASS
7622,0.003811125,0.0038115,1,-0.9062612017627732,59,PASS
7623,0.003811625,0.003812,1,-1.01321061543634,51,PASS
7624,0.003812125,0.0038125,1,0.02866385709557795,130,PASS
7625,0.003812625,0.003813,1,-0.3688742193715766,100,PASS
7626,0.003813125,0.0038135,1,1.5972829744316417,248,PASS
7627,0.0038136249999999997,0.0038139999999999997,1,-0.07592854173426433,122,PASS
7628,0.003814125,0.0038144999999999997,1,0.7949271733023224,187,PASS
7629,0.003814625,0.003815,1,-1.3750109751330968,24,PASS
7630,0.003815125,0.0038155,1,-0.7172703790532958,73,PASS
7631,0.003815625,0.003816,1,1.6771144424971267,254,PASS
7632,0.003816125,0.0038165,1,0.9876885458649565,202,PASS
7633,0.003816625,0.003817,1,1.0898766398780524,210,PASS
7634,0.0038171249999999998,0.0038174999999999997,1,-1.2510965650741521,33,PASS
7635,0.003817625,0.0038179999999999998,1,1.0413753892606417,206,PASS
7636,0.003818125,0.0038185,1,-0.2692356525867299,107,PASS
7637,0.003818625,0.003819,1,-1.5524690497215674,11,PASS
7638,0.003819125,0.0038195,1,-0.37444484765652875,99,PASS
7639,0.003819625,0.00382,1,0.6204229001141404,174,PASS
7640,0.0038201249999999997,0.0038204999999999997,1,-0.22506701545980068,111,PASS
7641,0.003820625,0.0038209999999999997,1,0.18391619235889034,141,PASS
7642,0.003821125,0.0038215,1,1.5251262030964072,242,PASS
7643,0.003821625,0.003822,1,-1.3671650848989338,25,PASS
7644,0.003822125,0.0038225,1,0.13569440303163693,138,PASS
7645,0.003822625,0.003823,1,-1.025596350860741,50,PASS
7646,0.003823125,0.0038235,1,0.8051424698125296,188,PASS
7647,0.0038236249999999998,0.0038239999999999997,1,-0.418997347835514,96,PASS
7648,0.003824125,0.0038244999999999998,1,1.150169010984872,214,PASS
7649,0.003824625,0.003825,1,0.19109743769432974,142,PASS
7650,0.003825125,0.0038255,1,0.24698500719360594,146,PASS
7651,0.003825625,0.003826,1,1.5252199329682135,242,PASS
7652,0.003826125,0.0038265,1,0.8444811709104398,191,PASS
7653,0.003826625,0.003827,1,-1.0123030262278867,51,PASS
7654,0.003827125,0.0038274999999999997,1,1.3153757415845642,227,PASS
7655,0.003827625,0.003828,1,-0.7715548296939292,69,PASS
7656,0.003828125,0.0038285,1,-0.06578133942961073,123,PASS
7657,0.003828625,0.003829,1,-0.8631381295029393,63,PASS
7658,0.003829125,0.0038295,1,-0.53056541595099,88,PASS
7659,0.003829625,0.00383,1,-1.0806839372439812,46,PASS
7660,0.0038301249999999998,0.0038304999999999997,1,0.5992933303493795,173,PASS
7661,0.003830625,0.0038309999999999998,1,1.6893089878600713,255,PASS
7662,0.003831125,0.0038315,1,0.9802287512718542,201,PASS
7663,0.003831625,0.003832,1,-0.9154968654771289,59,PASS
7664,0.003832125,0.0038325,1,0.3397125121117399,153,PASS
7665,0.003832625,0.003833,1,0.023035290565516675,129,PASS
7666,0.003833125,0.0038335,1,-0.998886277891401,52,PASS
7667,0.003833625,0.0038339999999999997,1,0.6959465609284761,180,PASS
7668,0.003834125,0.0038345,1,1.3393419517318266,228,PASS
7669,0.003834625,0.003835,1,-1.4578742603750114,18,PASS
7670,0.003835125,0.0038355,1,0.852669797960276,192,PASS
7671,0.003835625,0.003836,1,-0.3173247203563152,104,PASS
7672,0.003836125,0.0038365,1,-0.6004095718013116,82,PASS
7673,0.0038366249999999998,0.0038369999999999997,1,1.6797060569073208,254,PASS
7674,0.003837125,0.0038374999999999998,1,-0.6769064566359024,77,PASS
7675,0.003837625,0.003838,1,0.07853350903029366,133,PASS
7676,0.003838125,0.0038385,1,0.4172103226619923,159,PASS
7677,0.003838625,0.003839,1,1.0955712535562092,210,PASS
7678,0.003839125,0.0038395,1,-0.4498754527616464,94,PASS
7679,0.003839625,0.00384,1,0.993684944857234,202,PASS
7680,0.003840125,0.0038404999999999997,1,-0.9516817172632641,56,PASS
7681,0.003840625,0.003841,1,1.5933845760797476,247,PASS
7682,0.003841125,0.0038415,1,0.03557879421348131,130,PASS
7683,0.003841625,0.003842,1,-1.1592960428318444,40,PASS
7684,0.003842125,0.0038425,1,1.695879400700912,255,PASS
7685,0.003842625,0.003843,1,1.012334050827467,204,PASS
7686,0.0038431249999999998,0.0038434999999999997,1,0.36836716704669015,155,PASS
7687,0.003843625,0.0038439999999999998,1,0.6226114283824387,174,PASS
7688,0.003844125,0.0038445,1,0.8352945643772827,190,PASS
7689,0.003844625,0.003845,1,-1.4167327216815508,21,PASS
7690,0.003845125,0.0038455,1,1.2115583010963913,219,PASS
7691,0.003845625,0.003846,1,-1.5399325695989792,12,PASS
7692,0.003846125,0.0038465,1,-1.5535222796028894,11,PASS
7693,0.003846625,0.0038469999999999997,1,-1.6855764609385597,1,PASS
7694,0.003847125,0.0038475,1,1.6607621206253655,253,PASS
7695,0.003847625,0.003848,1,-1.279177417578269,31,PASS
7696,0.003848125,0.0038485,1,-0.8340241266028458,65,PASS
7697,0.003848625,0.003849,1,-0.23510038451825488,110,PASS
7698,0.003849125,0.0038495,1,0.11964178573895667,137,PASS
7699,0.0038496249999999997,0.0038499999999999997,1,0.9449830236669918,199,PASS
7700,0.003850125,0.0038504999999999998,1,0.6795565920666198,179,PASS
7701,0.003850625,0.003851,1,0.9807592504006204,201,PASS
7702,0.003851125,0.0038515,1,1.4113523916247284,234,PASS
7703,0.003851625,0.003852,1,-1.1188932394553484,43,PASS
7704,0.003852125,0.0038525,1,1.2872920897986846,224,PASS
7705,0.003852625,0.003853,1,-0.13750294428390974,117,PASS
7706,0.0038531249999999998,0.0038534999999999997,1,0.26666636669571697,148,PASS
7707,0.003853625,0.003854,1,-1.529419540075579,12,PASS
7708,0.003854125,0.0038545,1,-0.28514708929333166,106,PASS
7709,0.003854625,0.003855,1,1.1736591329352015,216,PASS
7710,0.003855125,0.0038555,1,-0.3550204443813796,101,PASS
7711,0.003855625,0.003856,1,-0.10088529787444545,120,PASS
7712,0.0038561249999999997,0.0038564999999999997,1,1.5994294507068412,248,PASS
7713,0.003856625,0.0038569999999999998,1,1.4739215162463493,238,PASS
7714,0.003857125,0.0038575,1,-1.4662843631141118,17,PASS
7715,0.003857625,0.003858,1,-0.49289832880910023,90,PASS
7716,0.003858125,0.0038585,1,-1.2948667882665854,30,PASS
7717,0.003858625,0.003859,1,-1.294195071937754,30,PASS
7718,0.003859125,0.0038595,1,-1.2414999024030289,34,PASS
7719,0.0038596249999999998,0.0038599999999999997,1,1.0524015187652378,207,PASS
7720,0.003860125,0.0038604999999999998,1,0.7223840454259476,182,PASS
7721,0.003860625,0.003861,1,-0.8113723503231274,66,PASS
7722,0.003861125,0.0038615,1,-1.2767503464359975,31,PASS
7723,0.003861625,0.003862,1,-0.6502697329741693,79,PASS
7724,0.003862125,0.0038625,1,-0.33507029828621726,102,PASS
7725,0.0038626249999999997,0.0038629999999999997,1,-0.6607966184775711,78,PASS
7726,0.003863125,0.0038634999999999997,1,-0.8918205543441616,60,PASS
7727,0.003863625,0.003864,1,1.628929741552368,250,PASS
7728,0.003864125,0.0038645,1,-1.0395302838253588,49,PASS
7729,0.003864625,0.003865,1,-1.3886741395985853,23,PASS
7730,0.003865125,0.0038655,1,0.7294407103088132,182,PASS
7731,0.003865625,0.003866,1,-1.2868386375135181,31,PASS
7732,0.0038661249999999998,0.0038664999999999997,1,-1.2344622765928632,35,PASS
7733,0.003866625,0.0038669999999999998,1,-1.067756270904328,47,PASS
7734,0.003867125,0.0038675,1,0.28719333915947964,149,PASS
7735,0.003867625,0.003868,1,-1.3303016666281762,27,PASS
7736,0.003868125,0.0038685,1,0.12347201977999522,137,PASS
7737,0.003868625,0.003869,1,-0.08941672043155569,121,PASS
7738,0.0038691249999999997,0.0038694999999999997,1,-0.22219786954544718,111,PASS
7739,0.003869625,0.0038699999999999997,1,-1.6878033648412234,0,PASS
7740,0.003870125,0.0038705,1,-0.18608378109761992,113,PASS
7741,0.003870625,0.003871,1,0.7358829294020592,183,PASS
7742,0.003871125,0.0038715,1,1.5932466105849434,247,PASS
7743,0.003871625,0.003872,1,-1.4137314644181833,21,PASS
7744,0.003872125,0.0038725,1,0.45863661641827735,162,PASS
7745,0.0038726249999999998,0.0038729999999999997,1,0.4005603916008187,158,PASS
7746,0.003873125,0.0038734999999999998,1,1.4286581545100632,235,PASS
7747,0.003873625,0.003874,1,0.4452823782633677,161,PASS
7748,0.003874125,0.0038745,1,0.14650666857033245,139,PASS
7749,0.003874625,0.003875,1,-0.6796742669239588,76,PASS
7750,0.003875125,0.0038755,1,-0.24297232878577457,109,PASS
7751,0.003875625,0.003876,1,1.0836175840322253,209,PASS
7752,0.003876125,0.0038764999999999997,1,-1.0811995013356455,46,PASS
7753,0.003876625,0.003877,1,1.5090959778219137,241,PASS
7754,0.003877125,0.0038775,1,-0.001138236224961453,127,PASS
7755,0.003877625,0.003878,1,-0.4217146513658925,96,PASS
7756,0.003878125,0.0038785,1,1.5729054692395004,246,PASS
7757,0.003878625,0.003879,1,1.1032262144667004,211,PASS
7758,0.0038791249999999998,0.0038794999999999997,1,-1.418603229679137,21,PASS
7759,0.003879625,0.0038799999999999998,1,-0.08788316566154086,121,PASS
7760,0.003880125,0.0038805,1,-1.6675843967886887,2,PASS
7761,0.003880625,0.003881,1,1.4867256106829918,239,PASS
7762,0.003881125,0.0038815,1,-0.6281107397414467,80,PASS
7763,0.003881625,0.003882,1,1.2801842798136385,224,PASS
7764,0.003882125,0.0038825,1,0.3277147093544779,152,PASS
7765,0.003882625,0.0038829999999999997,1,-0.058708689440007955,123,PASS
7766,0.003883125,0.0038835,1,0.7824930129514638,186,PASS
7767,0.003883625,0.003884,1,-1.278250158755306,31,PASS
7768,0.003884125,0.0038845,1,1.2202564828090898,219,PASS
7769,0.003884625,0.003885,1,-0.50622484717014,89,PASS
7770,0.003885125,0.0038855,1,-0.11335182110330244,119,PASS
7771,0.0038856249999999998,0.0038859999999999997,1,0.9893106241565619,202,PASS
7772,0.003886125,0.0038864999999999998,1,-0.11403961810088314,119,PASS
7773,0.003886625,0.003887,1,0.8110048935012737,189,PASS
7774,0.003887125,0.0038875,1,1.5854335848871923,247,PASS
7775,0.003887625,0.003888,1,0.12855232005638917,137,PASS
7776,0.003888125,0.0038885,1,-1.2873696173041556,31,PASS
7777,0.003888625,0.003889,1,-0.7148745486975506,74,PASS
7778,0.003889125,0.0038894999999999997,1,0.8513230168709149,192,PASS
7779,0.003889625,0.00389,1,0.5279356114659814,167,PASS
7780,0.003890125,0.0038905,1,-1.2494569317632944,33,PASS
7781,0.003890625,0.003891,1,-0.2855498535246974,106,PASS
7782,0.003891125,0.0038915,1,-0.5877773064840013,83,PASS
7783,0.003891625,0.003892,1,-0.4579111018052304,93,PASS
7784,0.0038921249999999998,0.0038924999999999997,1,-0.35875905499522176,100,PASS
7785,0.003892625,0.0038929999999999998,1,1.4091258795486705,234,PASS
7786,0.003893125,0.0038935,1,-0.8114048892800932,66,PASS
7787,0.003893625,0.003894,1,-0.49788665296418366,90,PASS
7788,0.003894125,0.0038945,1,-1.001714215475938,52,PASS
7789,0.003894625,0.003895,1,0.08523600008374932,134,PASS
7790,0.003895125,0.0038955,1,1.489565417900814,240,PASS
7791,0.0038956249999999998,0.0038959999999999997,1,-0.12268284483780967,118,PASS
7792,0.003896125,0.0038965,1,-1.5066898534533244,14,PASS
7793,0.003896625,0.003897,1,0.45763118482467013,162,PASS
7794,0.003897125,0.0038975,1,-1.3294484895354854,27,PASS
7795,0.003897625,0.003898,1,-0.7284456213462615,73,PASS
7796,0.003898125,0.0038985,1,-1.6146891998967121,6,PASS
7797,0.0038986249999999997,0.0038989999999999997,1,-0.7647321953483663,70,PASS
7798,0.003899125,0.0038994999999999998,1,-1.4331155816565135,20,PASS
7799,0.003899625,0.0039,1,1.4221470069768383,235,PASS
7800,0.003900125,0.0039005,1,-0.24137405178582783,109,PASS
7801,0.003900625,0.003901,1,0.8821506155254999,194,PASS
7802,0.003901125,0.0039015,1,-0.22155310220863522,111,PASS
7803,0.003901625,0.003902,1,-0.13539293829888654,117,PASS
7804,0.0039021249999999998,0.0039024999999999997,1,0.42959853245999313,160,PASS
7805,0.003902625,0.003903,1,0.05690719785803933,132,PASS
7806,0.003903125,0.0039035,1,-1.5628196274859079,10,PASS
7807,0.003903625,0.003904,1,0.4788404300471043,164,PASS
7808,0.003904125,0.0039045,1,-1.298855799040533,30,PASS
7809,0.003904625,0.003905,1,-0.52536412907852,88,PASS
7810,0.0039051249999999997,0.0039054999999999997,1,1.2525171311047167,222,PASS
7811,0.003905625,0.0039059999999999997,1,-0.402363951839519,97,PASS
7812,0.003906125,0.0039065,1,1.3182193020175468,227,PASS
7813,0.003906625,0.003907000000000001,1,-1.0669448033740754,47,PASS
7814,0.003907125,0.0039075,1,0.8873104114237,194,PASS
7815,0.003907625,0.003908,1,-0.28577762157422004,106,PASS
7816,0.003908125,0.0039085000000000005,1,1.6533345631317122,252,PASS
7817,0.003908625,0.003909,1,1.5390038190622242,243,PASS
7818,0.003909125,0.003909500000000001,1,-0.8760131868994466,62,PASS
7819,0.003909625,0.00391,1,-1.4477720420721982,18,PASS
7820,0.0039101249999999995,0.0039105,1,0.22134348105890012,144,PASS
7821,0.003910625,0.003911,1,-0.8293087241693498,65,PASS
7822,0.003911125,0.0039115,1,-0.2083071065686528,112,PASS
7823,0.003911625,0.0039120000000000005,1,0.22935279566517197,145,PASS
7824,0.003912125,0.0039125,1,-0.002389362749066093,127,PASS
7825,0.003912625,0.003913000000000001,1,-0.40140733347992685,97,PASS
7826,0.003913125,0.0039135,1,-0.4104656402309119,97,PASS
7827,0.003913625,0.003914,1,-0.5143268342022356,89,PASS
7828,0.003914125,0.0039145000000000004,1,1.2772387842697313,224,PASS
7829,0.003914625,0.003915,1,1.6831043168425157,254,PASS
7830,0.003915125,0.003915500000000001,1,-0.3746988192709402,99,PASS
7831,0.003915625,0.003916,1,0.43977480676394554,161,PASS
7832,0.003916125,0.003916500000000001,1,0.17038738113932372,140,PASS
7833,0.003916625,0.003917,1,-0.08694379675807462,121,PASS
7834,0.003917125,0.0039175,1,0.05353967469860765,132,PASS
7835,0.003917625,0.0039180000000000005,1,-0.7262919973913449,73,PASS
7836,0.003918125,0.0039185,1,-0.6615926909835246,78,PASS
7837,0.003918625,0.003919000000000001,1,0.15405640560809397,139,PASS
7838,0.003919125,0.0039195,1,-1.1598445788572844,40,PASS
7839,0.003919625,0.003920000000000001,1,-0.5601115748051495,85,PASS
7840,0.003920125,0.0039205,1,-0.7498348302985868,71,PASS
7841,0.003920625,0.003921,1,0.3355888697190774,153,PASS
7842,0.003921125,0.0039215000000000005,1,0.5332738677411661,168,PASS
7843,0.003921625,0.003922,1,0.005105288600028679,128,PASS
7844,0.003922125,0.003922500000000001,1,1.5526661577908796,244,PASS
7845,0.003922625,0.003923,1,-0.4587968085532841,93,PASS
7846,0.0039231249999999995,0.0039235,1,0.7530171939476633,184,PASS
7847,0.003923625,0.003924,1,-0.970437851852007,54,PASS
7848,0.003924125,0.0039245,1,0.97058123899798,201,PASS
7849,0.003924625,0.0039250000000000005,1,1.0423021500673693,206,PASS
7850,0.003925125,0.0039255,1,-0.95659855277774,55,PASS
7851,0.003925625,0.003926000000000001,1,1.3901427342370851,232,PASS
7852,0.003926125,0.0039265,1,1.476143486993308,239,PASS
7853,0.0039266249999999996,0.003927,1,1.1782257149908963,216,PASS
7854,0.003927125,0.0039275000000000004,1,-0.16426363686032586,115,PASS
7855,0.003927625,0.003928,1,-1.5985078597937614,7,PASS
7856,0.003928125,0.003928500000000001,1,-0.29646806513585977,105,PASS
7857,0.003928625,0.003929,1,0.23633588343146417,145,PASS
7858,0.003929125,0.003929500000000001,1,-1.4310500327610378,20,PASS
7859,0.003929625,0.00393,1,-0.7045859215182882,74,PASS
7860,0.003930125,0.0039305,1,-1.3184601482117797,28,PASS
7861,0.003930625,0.0039310000000000005,1,-0.5651384307781979,85,PASS
7862,0.003931125,0.0039315,1,-0.7155228548914696,74,PASS
7863,0.003931625,0.003932000000000001,1,-1.0684921759295292,47,PASS
7864,0.003932125,0.0039325,1,-1.5585498504325366,10,PASS
7865,0.003932625,0.003933000000000001,1,-0.5566928823334456,86,PASS
7866,0.003933125,0.0039335,1,-1.5754135138568344,9,PASS
7867,0.003933625,0.003934,1,1.6592546704779563,252,PASS
7868,0.003934125,0.0039345000000000005,1,1.5234800938778637,242,PASS
7869,0.003934625,0.003935,1,0.5432127052928555,168,PASS
7870,0.003935125,0.003935500000000001,1,-0.8429769827150576,64,PASS
7871,0.003935625,0.003936,1,0.5265183907725521,167,PASS
7872,0.0039361249999999995,0.0039365,1,0.7693930439623304,185,PASS
7873,0.003936625,0.003937,1,0.38362764178970754,156,PASS
7874,0.003937125,0.0039375,1,0.8447920386413161,191,PASS
7875,0.003937625,0.0039380000000000005,1,-0.33749456624278307,102,PASS
7876,0.003938125,0.0039385,1,0.5830029584960668,171,PASS
7877,0.003938625,0.003939000000000001,1,-0.09466793579555821,120,PASS
7878,0.003939125,0.0039395,1,-0.33143977808417646,103,PASS
7879,0.0039396249999999996,0.00394,1,0.5531625015676587,169,PASS
7880,0.003940125,0.0039405,1,-1.053556524595315,48,PASS
7881,0.003940625,0.003941,1,1.2194214797271996,219,PASS
7882,0.003941125,0.0039415000000000006,1,0.682394409842481,179,PASS
7883,0.003941625,0.003942,1,-0.0510524353673556,124,PASS
7884,0.003942125,0.003942500000000001,1,-0.47835345961493125,91,PASS
7885,0.003942625,0.003943,1,-0.9800497290951131,54,PASS
7886,0.003943125,0.0039435,1,1.5840957088152654,247,PASS
7887,0.003943625,0.0039440000000000005,1,-0.18980474013634652,113,PASS
7888,0.003944125,0.0039445,1,-0.7469678313527374,71,PASS
7889,0.003944625,0.003945000000000001,1,0.24022120111552625,146,PASS
7890,0.003945125,0.0039455,1,-0.09980828527376451,120,PASS
7891,0.003945625,0.003946000000000001,1,-1.5431210227607677,11,PASS
7892,0.003946125,0.0039465,1,-0.4933927104214131,90,PASS
7893,0.003946625,0.003947,1,1.242118494544023,221,PASS
7894,0.003947125,0.0039475000000000005,1,0.6093931953265865,173,PASS
7895,0.003947625,0.003948,1,1.3955294821694093,233,PASS
7896,0.003948125,0.003948500000000001,1,0.10107309493601346,135,PASS
7897,0.003948625,0.003949,1,0.32327245608619104,152,PASS
7898,0.003949125,0.003949500000000001,1,-0.2923285248694101,105,PASS
7899,0.003949625,0.00395,1,1.002000121977087,203,PASS
7900,0.003950125,0.0039505,1,-0.13891871649655174,117,PASS
7901,0.003950625,0.0039510000000000005,1,1.4894800192492383,240,PASS
7902,0.003951125,0.0039515,1,0.749168226479741,184,PASS
7903,0.003951625,0.003952000000000001,1,-0.6704115362890342,77,PASS
7904,0.003952125,0.0039525,1,-1.4232595014841616,20,PASS
7905,0.0039526249999999995,0.003953,1,-0.5572083397656207,86,PASS
7906,0.003953125,0.0039535,1,0.13370705284077977,138,PASS
7907,0.003953625,0.003954,1,0.41615887781202665,159,PASS
7908,0.003954125,0.0039545000000000005,1,-0.9632251831279025,55,PASS
7909,0.003954625,0.003955,1,1.236596886418712,221,PASS
7910,0.003955125,0.003955500000000001,1,-0.5221464506714728,88,PASS
7911,0.003955625,0.003956,1,0.6966706817326311,180,PASS
7912,0.003956125,0.0039565,1,-1.1962653055948884,37,PASS
7913,0.003956625,0.0039570000000000004,1,-1.1739477209557236,39,PASS
7914,0.003957125,0.0039575,1,-0.5122018429329362,89,PASS
7915,0.003957625,0.003958000000000001,1,-1.1193643129938768,43,PASS
7916,0.003958125,0.0039585,1,1.3493781319008782,229,PASS
7917,0.003958625,0.003959000000000001,1,0.33983440849313884,153,PASS
7918,0.003959125,0.0039595,1,1.6616952780875416,253,PASS
7919,0.003959625,0.00396,1,0.7212540893202195,182,PASS
7920,0.003960125,0.0039605000000000005,1,-0.4747976451297746,92,PASS
7921,0.003960625,0.003961,1,-0.11272290371506721,119,PASS
7922,0.003961125,0.003961500000000001,1,0.093175753943334,135,PASS
7923,0.003961625,0.003962,1,1.6920979494614101,255,PASS
7924,0.003962125,0.003962500000000001,1,0.3643434971937023,155,PASS
7925,0.003962625,0.003963,1,0.9909072132688872,202,PASS
7926,0.003963125,0.0039635,1,-0.4441480042172079,94,PASS
7927,0.003963625,0.0039640000000000005,1,0.44509550984566126,161,PASS
7928,0.003964125,0.0039645,1,-0.9013858512042018,60,PASS
7929,0.003964625,0.003965000000000001,1,-0.28463645961506256,106,PASS
7930,0.003965125,0.0039655,1,-0.9343142326121106,57,PASS
7931,0.0039656249999999995,0.003966,1,-0.38230630640374197,99,PASS
7932,0.003966125,0.0039665,1,-0.3912679653999578,98,PASS
7933,0.003966625,0.003967,1,-0.45266297720656223,93,PASS
7934,0.003967125,0.0039675000000000005,1,-1.6014097075784508,7,PASS
7935,0.003967625,0.003968,1,0.15120267945632349,139,PASS
7936,0.003968125,0.003968500000000001,1,0.28359261038815964,149,PASS
7937,0.003968625,0.003969,1,0.9646476807206967,200,PASS
7938,0.0039691249999999996,0.0039695,1,0.2496865151253207,146,PASS
7939,0.003969625,0.0039700000000000004,1,0.8031548355332079,188,PASS
7940,0.003970125,0.0039705,1,1.1733208871532048,216,PASS
7941,0.003970625,0.003971000000000001,1,-1.125051337039522,43,PASS
7942,0.003971125,0.0039715,1,0.6942652807707972,180,PASS
7943,0.003971625,0.003972000000000001,1,-0.0176351234840042,126,PASS
7944,0.003972125,0.0039725,1,0.6359142122991928,175,PASS
7945,0.003972625,0.003973,1,-0.25433380215931267,108,PASS
7946,0.003973125,0.0039735000000000005,1,-1.4483756621576296,18,PASS
7947,0.003973625,0.003974,1,-0.37309870995262884,99,PASS
7948,0.003974125,0.003974500000000001,1,-0.5943950184609073,83,PASS
7949,0.003974625,0.003975,1,-0.8481354526988101,64,PASS
7950,0.003975125,0.003975500000000001,1,-1.5978549186006314,7,PASS
7951,0.003975625,0.003976,1,-1.0273958403827081,50,PASS
7952,0.003976125,0.0039765,1,1.579520566792907,246,PASS
7953,0.003976625,0.0039770000000000005,1,-1.147741978343658,41,PASS
7954,0.003977125,0.0039775,1,-0.36706166544559293,100,PASS
7955,0.003977625,0.003978000000000001,1,-0.5614749428252694,85,PASS
7956,0.003978125,0.0039785,1,0.004614070790816438,128,PASS
7957,0.0039786249999999995,0.003979,1,-0.05553381552506775,123,PASS
7958,0.003979125,0.0039795,1,-0.10587454047005562,120,PASS
7959,0.003979625,0.00398,1,-0.7987409180725527,67,PASS
7960,0.003980125,0.0039805000000000005,1,-1.62107375278462,5,PASS
7961,0.003980625,0.003981,1,0.6507881182657929,177,PASS
7962,0.003981125,0.003981500000000001,1,-0.8381505527172725,64,PASS
7963,0.003981625,0.003982,1,0.44032543520864187,161,PASS
7964,0.0039821249999999996,0.0039825,1,-1.4674902435592356,17,PASS
7965,0.003982625,0.003983,1,-0.13462602549974956,117,PASS
7966,0.003983125,0.0039835,1,-0.7637175172392385,70,PASS
7967,0.003983625,0.0039840000000000006,1,1.5409918942364242,244,PASS
7968,0.003984125,0.0039845,1,1.0344181345880747,205,PASS
7969,0.003984625,0.003985000000000001,1,-1.1175030277200113,43,PASS
7970,0.003985125,0.0039855,1,0.5088757406798148,166,PASS
7971,0.003985625,0.003986,1,-1.2019815241264729,37,PASS
7972,0.003986125,0.0039865000000000005,1,-0.13146848331008387,118,PASS
7973,0.003986625,0.003987,1,-0.9852814486159188,53,PASS
7974,0.003987125,0.003987500000000001,1,-0.18856351984386222,113,PASS
7975,0.003987625,0.003988,1,-1.512033028723017,14,PASS
7976,0.003988125,0.003988500000000001,1,-1.340318645118907,27,PASS
7977,0.003988625,0.003989,1,0.31627727524905747,151,PASS
7978,0.003989125,0.0039895,1,-0.26490048038176495,108,PASS
7979,0.003989625,0.0039900000000000005,1,0.1542649469880477,139,PASS
7980,0.003990125,0.0039905,1,1.4530140114177634,237,PASS
7981,0.003990625,0.003991000000000001,1,-0.758887207474053,70,PASS
7982,0.003991125,0.0039915,1,-1.4423014906628464,19,PASS
7983,0.0039916249999999995,0.003992,1,-0.37911444088197666,99,PASS
7984,0.003992125,0.0039925,1,-0.5776069683081526,84,PASS
7985,0.003992625,0.003993,1,-0.2577053230512585,108,PASS
7986,0.003993125,0.0039935000000000005,1,-1.489583821374074,15,PASS
7987,0.003993625,0.003994,1,0.8373448884661097,191,PASS
7988,0.003994125,0.003994500000000001,1,-1.171039992041591,39,PASS
7989,0.003994625,0.003995,1,-0.635537901063485,80,PASS
7990,0.0039951249999999995,0.0039955,1,-1.3495534707302763,26,PASS
7991,0.003995625,0.003996,1,0.4025931264611289,158,PASS
7992,0.003996125,0.0039965,1,0.9783013952277824,201,PASS
7993,0.003996625,0.0039970000000000006,1,0.5022012807304208,165,PASS
7994,0.003997125,0.0039975,1,-1.0536089917900298,48,PASS
7995,0.003997625,0.003998000000000001,1,-1.4402562492760291,19,PASS
7996,0.003998125,0.0039985,1,-1.2209489782687242,36,PASS
7997,0.003998625,0.003999,1,-1.4177464225667167,21,PASS
7998,0.003999125,0.0039995000000000005,1,-1.1249509855793585,43,PASS
7999,0.003999625,0.004,1,1.0491130572274432,206,PASS
8000,0.004000125,0.004000500000000001,1,-0.16879211934739313,115,PASS
8001,0.004000625,0.004001,1,-1.4428170241606886,19,PASS
8002,0.004001125,0.004001500000000001,1,-1.3269449785938807,28,PASS
8003,0.004001625,0.004002,1,0.11253727153601223,136,PASS
8004,0.004002125,0.0040025,1,1.6215465510743783,250,PASS
8005,0.004002625,0.0040030000000000005,1,1.247388771234114,221,PASS
8006,0.004003125,0.0040035,1,-1.319656424518203,28,PASS
8007,0.004003625,0.004004000000000001,1,0.5386662018546995,168,PASS
8008,0.004004125,0.0040045,1,1.101801777649096,210,PASS
8009,0.004004625,0.004005000000000001,1,0.8962576285968951,195,PASS
8010,0.004005125,0.0040055,1,-0.7875785474403605,68,PASS
8011,0.004005625,0.004006,1,1.694652835507892,255,PASS
8012,0.004006125,0.0040065000000000005,1,-0.7672426467301233,70,PASS
8013,0.004006625,0.004007,1,1.5754169165071363,246,PASS
8014,0.004007125,0.004007500000000001,1,-0.35409376894709244,101,PASS
8015,0.004007625,0.004008,1,-0.35596108932926707,101,PASS
8016,0.0040081249999999995,0.0040085,1,0.7843251174714665,187,PASS
8017,0.004008625,0.004009,1,0.5694554326254144,170,PASS
8018,0.004009125,0.0040095,1,1.3027965159419688,226,PASS
8019,0.004009625,0.0040100000000000005,1,1.4520839151829807,237,PASS
8020,0.004010125,0.0040105,1,-0.6884398652543768,76,PASS
8021,0.004010625,0.004011000000000001,1,-0.8136011987547793,66,PASS
8022,0.004011125,0.0040115,1,1.1363970104408303,213,PASS
8023,0.0040116249999999996,0.004012,1,-1.0548997722898048,48,PASS
8024,0.004012125,0.0040125000000000004,1,-0.6799422806396791,76,PASS
8025,0.004012625,0.004013,1,1.0332266179939145,205,PASS
8026,0.004013125,0.004013500000000001,1,1.2897858318274247,225,PASS
8027,0.004013625,0.004014,1,-0.954957909834939,56,PASS
8028,0.004014125,0.004014500000000001,1,1.0292820782375578,205,PASS
8029,0.004014625,0.004015,1,0.1834577008935374,141,PASS
8030,0.004015125,0.0040155,1,1.111049605620947,211,PASS
8031,0.004015625,0.0040160000000000005,1,-1.1513877485507855,41,PASS
8032,0.004016125,0.0040165,1,-1.3436630977674315,26,PASS
8033,0.004016625,0.004017000000000001,1,1.1511866382171114,214,PASS
8034,0.004017125,0.0040175,1,-0.2170499363871441,111,PASS
8035,0.004017625,0.004018000000000001,1,-1.2001990770574409,37,PASS
8036,0.004018125,0.0040185,1,0.9391341259361796,198,PASS
8037,0.004018625,0.004019,1,1.3301343417092555,228,PASS
8038,0.004019125,0.0040195000000000005,1,0.9152355921735775,196,PASS
8039,0.004019625,0.00402,1,-1.416740686295848,21,PASS
8040,0.004020125,0.004020500000000001,1,0.21018868207227603,143,PASS
8041,0.004020625,0.004021,1,0.7036810890581224,180,PASS
8042,0.0040211249999999995,0.0040215,1,-1.2904164717864632,30,PASS
8043,0.004021625,0.004022,1,1.5378767922066354,243,PASS
8044,0.004022125,0.0040225,1,-0.957461973849304,55,PASS
8045,0.004022625,0.0040230000000000005,1,0.5543910094130349,169,PASS
8046,0.004023125,0.0040235,1,-0.49532411803051146,90,PASS
8047,0.004023625,0.004024000000000001,1,1.5684717895414069,246,PASS
8048,0.004024125,0.0040245,1,0.02564591218596779,129,PASS
8049,0.0040246249999999996,0.004025,1,1.0806176660329456,209,PASS
8050,0.004025125,0.0040255,1,-1.621954936639613,5,PASS
8051,0.004025625,0.004026,1,0.2805154072140703,149,PASS
8052,0.004026125,0.0040265000000000006,1,-0.635645643064944,80,PASS
8053,0.004026625,0.004027,1,0.449277889241398,161,PASS
8054,0.004027125,0.004027500000000001,1,-0.3708951700213814,100,PASS
8055,0.004027625,0.004028,1,-0.41830292484297327,96,PASS
8056,0.004028125,0.0040285,1,-0.1258740137905312,118,PASS
8057,0.004028625,0.0040290000000000005,1,-0.08977870405772381,121,PASS
8058,0.004029125,0.0040295,1,0.8448797047240431,191,PASS
8059,0.004029625,0.004030000000000001,1,0.9065073681917217,196,PASS
8060,0.004030125,0.0040305,1,-0.9030386184976393,60,PASS
8061,0.004030625,0.004031000000000001,1,1.4086863793599538,234,PASS
8062,0.004031125,0.0040315,1,1.4777941302435542,239,PASS
8063,0.004031625,0.004032,1,0.5166013106600447,166,PASS
8064,0.004032125,0.0040325000000000005,1,1.6820438561895148,254,PASS
8065,0.004032625,0.004033,1,-1.0372220890657378,49,PASS
8066,0.004033125,0.004033500000000001,1,1.5710168772823134,246,PASS
8067,0.004033625,0.004034,1,-0.2719589687105739,107,PASS
8068,0.0040341249999999995,0.0040345,1,-1.2767951725114917,31,PASS
8069,0.004034625,0.004035,1,-0.21896644105732554,111,PASS
8070,0.004035125,0.0040355,1,1.0039221399043383,203,PASS
8071,0.004035625,0.0040360000000000005,1,0.31560097968124023,151,PASS
8072,0.004036125,0.0040365,1,1.6396971490114793,251,PASS
8073,0.004036625,0.004037000000000001,1,0.26398936789289085,147,PASS
8074,0.004037125,0.0040375,1,0.6798753074206918,179,PASS
8075,0.0040376249999999995,0.004038,1,1.074852730382316,208,PASS
8076,0.004038125,0.0040385,1,0.6052396534021971,173,PASS
8077,0.004038625,0.004039,1,-0.7775767784107886,69,PASS
8078,0.004039125,0.0040395000000000006,1,0.30073248701220634,150,PASS
8079,0.004039625,0.00404,1,1.459103291446125,237,PASS
8080,0.004040125,0.004040500000000001,1,-0.5055358240552215,89,PASS
8081,0.004040625,0.004041,1,-0.7756830927852276,69,PASS
8082,0.004041125,0.0040415,1,-1.6008921126836675,7,PASS
8083,0.004041625,0.0040420000000000005,1,-1.430209328381723,20,PASS
8084,0.004042125,0.0040425,1,-1.0362613251173545,49,PASS
8085,0.004042625,0.004043000000000001,1,-1.5232916608467149,13,PASS
8086,0.004043125,0.0040435,1,0.019095322773998724,129,PASS
8087,0.004043625,0.004044000000000001,1,0.5977100290839068,173,PASS
8088,0.004044125,0.0040445,1,-0.370956470980893,100,PASS
8089,0.004044625,0.004045,1,0.7155875310427351,181,PASS
8090,0.004045125,0.0040455000000000005,1,0.9906177139392691,202,PASS
8091,0.004045625,0.004046,1,-1.1832739488671054,38,PASS
8092,0.004046125,0.004046500000000001,1,0.5635340582487667,170,PASS
8093,0.004046625,0.004047,1,-1.357209216978933,25,PASS
8094,0.004047125,0.004047500000000001,1,-0.3715485646119787,100,PASS
8095,0.004047625,0.004048,1,0.9290097922234823,197,PASS
8096,0.004048125,0.0040485,1,-0.5047557442494988,89,PASS
8097,0.004048625,0.0040490000000000005,1,-0.5717058935583026,84,PASS
8098,0.004049125,0.0040495,1,-0.4336861277758066,95,PASS
8099,0.004049625,0.004050000000000001,1,1.4741634058642543,238,PASS
8100,0.004050125,0.0040505,1,0.5404870075908172,168,PASS
8101,0.0040506249999999995,0.004051,1,0.573751397728427,171,PASS
8102,0.004051125,0.0040515,1,1.013844515498591,204,PASS
8103,0.004051625,0.004052,1,0.7876146010060874,187,PASS
8104,0.004052125,0.0040525000000000005,1,0.6804668972955741,179,PASS
8105,0.004052625,0.004053,1,0.3702893927231845,155,PASS
8106,0.004053125,0.004053500000000001,1,-0.9224996103319294,58,PASS
8107,0.004053625,0.004054,1,1.1773576809192583,216,PASS
8108,0.004054125,0.0040545,1,-1.2892748662036015,30,PASS
8109,0.004054625,0.0040550000000000004,1,1.001139695184594,203,PASS
8110,0.004055125,0.0040555,1,-1.226673107619052,35,PASS
8111,0.004055625,0.004056000000000001,1,-0.11907633349577718,119,PASS
8112,0.004056125,0.0040565,1,-1.195208497926919,38,PASS
8113,0.004056625,0.004057000000000001,1,0.8858435093699273,194,PASS
8114,0.004057125,0.0040575,1,0.5156958863136103,166,PASS
8115,0.004057625,0.004058,1,1.3856794008117295,232,PASS
8116,0.004058125,0.0040585000000000005,1,-0.696099503972224,75,PASS
8117,0.004058625,0.004059,1,0.24789888987405728,146,PASS
8118,0.004059125,0.004059500000000001,1,-0.8899905554382099,60,PASS
8119,0.004059625,0.00406,1,-0.20754084682774754,112,PASS
8120,0.004060125,0.004060500000000001,1,0.21392978837966092,144,PASS
8121,0.004060625,0.004061,1,1.5694228524449378,246,PASS
8122,0.004061125,0.0040615,1,-1.397826939715179,22,PASS
8123,0.004061625,0.0040620000000000005,1,-0.5672576977006674,85,PASS
8124,0.004062125,0.0040625,1,-1.267209234169052,32,PASS
8125,0.004062625,0.004063000000000001,1,-0.5444086930507115,87,PASS
8126,0.004063125,0.0040635,1,-1.667730033884655,2,PASS
8127,0.0040636249999999995,0.004064,1,-1.1773115970205335,39,PASS
8128,0.004064125,0.0040645,1,1.6404184343517538,251,PASS
8129,0.004064625,0.004065,1,-1.2872717527581305,31,PASS
8130,0.004065125,0.0040655000000000005,1,-1.6135873251070685,6,PASS
8131,0.004065625,0.004066,1,-0.05920013498558596,123,PASS
8132,0.004066125,0.004066500000000001,1,1.3322193574022017,228,PASS
8133,0.004066625,0.004067,1,-0.19731002692939348,113,PASS
8134,0.0040671249999999996,0.0040675,1,1.3301041776281555,228,PASS
8135,0.004067625,0.0040680000000000004,1,0.09268252482533579,134,PASS
8136,0.004068125,0.0040685,1,-0.5857333020278033,83,PASS
8137,0.004068625,0.004069000000000001,1,1.0467042334081296,206,PASS
8138,0.004069125,0.0040695,1,-0.5990413946375355,82,PASS
8139,0.004069625,0.004070000000000001,1,-1.5820928183322014,8,PASS
8140,0.004070125,0.0040705,1,-0.3580338989007854,101,PASS
8141,0.004070625,0.004071,1,-0.9364456367802099,57,PASS
8142,0.004071125,0.0040715000000000005,1,-1.4005694106822273,22,PASS
8143,0.004071625,0.004072,1,-0.9816527859261747,54,PASS
8144,0.004072125,0.004072500000000001,1,-1.415589771775601,21,PASS
8145,0.004072625,0.004073,1,-0.8046682628218799,67,PASS
8146,0.004073125,0.004073500000000001,1,0.15965970733645585,140,PASS
8147,0.004073625,0.004074,1,0.5205666822313535,167,PASS
8148,0.004074125,0.0040745,1,1.385161419954802,232,PASS
8149,0.004074625,0.0040750000000000005,1,-1.345374752857417,26,PASS
8150,0.004075125,0.0040755,1,-0.8511479097138046,63,PASS
8151,0.004075625,0.004076000000000001,1,-0.29508052335097656,105,PASS
8152,0.004076125,0.0040765,1,1.4675562366298476,238,PASS
8153,0.0040766249999999995,0.004077,1,-0.7843610505847083,68,PASS
8154,0.004077125,0.0040775,1,-0.06161156251172417,123,PASS
8155,0.004077625,0.004078,1,-0.9590487539576477,55,PASS
8156,0.004078125,0.0040785000000000005,1,1.6059990021670465,248,PASS
8157,0.004078625,0.004079,1,0.5271663350416402,167,PASS
8158,0.004079125,0.004079500000000001,1,0.006272934405389341,128,PASS
8159,0.004079625,0.00408,1,-0.32626171373865454,103,PASS
8160,0.0040801249999999996,0.0040805,1,1.3212678726717952,227,PASS
8161,0.004080625,0.004081,1,1.6859558650033077,254,PASS
8162,0.004081125,0.0040815,1,0.7761253453070458,186,PASS
8163,0.004081625,0.0040820000000000006,1,0.29389319745518705,150,PASS
8164,0.004082125,0.0040825,1,1.5247467105435708,242,PASS
8165,0.004082625,0.004083000000000001,1,1.6201820969607417,249,PASS
8166,0.004083125,0.0040835,1,-1.279386350764223,31,PASS
8167,0.004083625,0.004084,1,1.2630837064996407,223,PASS
8168,0.004084125,0.0040845000000000005,1,0.820263911109927,189,PASS
8169,0.004084625,0.004085,1,0.9844450582310922,202,PASS
8170,0.004085125,0.004085500000000001,1,0.18211492199022006,141,PASS
8171,0.004085625,0.004086,1,1.566217378992907,245,PASS
8172,0.004086125,0.004086500000000001,1,0.4836869619319797,164,PASS
8173,0.004086625,0.004087,1,0.19348776875517704,142,PASS
8174,0.004087125,0.0040875,1,1.0791492480971037,209,PASS
8175,0.004087625,0.0040880000000000005,1,-1.516733446586038,13,PASS
8176,0.004088125,0.0040885,1,-0.4015427399471132,97,PASS
8177,0.004088625,0.004089000000000001,1,0.8818192919209189,194,PASS
8178,0.004089125,0.0040895,1,-1.539021725678928,12,PASS
8179,0.0040896249999999995,0.00409,1,-0.7556345033245064,71,PASS
8180,0.004090125,0.0040905,1,-0.02097649094219145,126,PASS
8181,0.004090625,0.004091,1,0.9332152080572957,198,PASS
8182,0.004091125,0.0040915000000000005,1,0.593011445920175,172,PASS
8183,0.004091625,0.004092,1,1.0135933277134204,204,PASS
8184,0.004092125,0.004092500000000001,1,1.651576398484914,252,PASS
8185,0.004092625,0.004093,1,0.4012439431339694,158,PASS
8186,0.0040931249999999995,0.0040935,1,0.5168667762961887,166,PASS
8187,0.004093625,0.004094,1,-0.8276021580058046,65,PASS
8188,0.004094125,0.0040945,1,1.225225488054593,220,PASS
8189,0.004094625,0.0040950000000000005,1,-1.6724996443136007,2,PASS
8190,0.004095125,0.0040955,1,0.5847595006124566,172,PASS
8191,0.004095625,0.004096000000000001,1,-1.4932568454648718,15,PASS
8192,0.004096125,0.0040965,1,0.2792241617284563,149,PASS
8193,0.004096625,0.004097,1,1.0711921734076986,208,PASS
8194,0.004097125,0.0040975000000000004,1,1.5398476269916588,243,PASS
8195,0.004097625,0.004098,1,-0.6121264820349115,81,PASS
8196,0.004098125,0.004098500000000001,1,0.853027369937766,192,PASS
8197,0.004098625,0.004099,1,-1.5139556515210186,14,PASS
8198,0.004099125,0.004099500000000001,1,1.1707724507185608,216,PASS
8199,0.004099625,0.0041,1,1.5188006832501342,242,PASS
8200,0.004100125,0.0041005,1,1.3154259244779454,227,PASS
8201,0.004100625,0.0041010000000000005,1,0.619284748882724,174,PASS
8202,0.004101125,0.0041015,1,0.07384063581850486,133,PASS
8203,0.004101625,0.004102000000000001,1,-0.7069749726253536,74,PASS
8204,0.004102125,0.0041025,1,-0.795468362659567,68,PASS
8205,0.004102625,0.004103000000000001,1,-0.9141304884446847,59,PASS
8206,0.004103125,0.0041035,1,-0.7431383992271372,72,PASS
8207,0.004103625,0.004104,1,-0.08646380417481048,121,PASS
8208,0.004104125,0.0041045000000000005,1,0.8653436130996914,193,PASS
8209,0.004104625,0.004105,1,0.798285782828039,188,PASS
8210,0.004105125,0.004105500000000001,1,1.026531415730379,205,PASS
8211,0.004105625,0.004106,1,0.596820787297079,172,PASS
8212,0.0041061249999999995,0.0041065,1,0.8774062929803368,194,PASS
8213,0.004106625,0.004107,1,0.3252383705201167,152,PASS
8214,0.004107125,0.0041075,1,-0.7128839291535326,74,PASS
8215,0.004107625,0.0041080000000000005,1,0.6904783199799647,179,PASS
8216,0.004108125,0.0041085,1,1.6461194939856723,251,PASS
8217,0.004108625,0.004109000000000001,1,1.2296647391311784,220,PASS
8218,0.004109125,0.0041095,1,-0.7119772403406084,74,PASS
8219,0.0041096249999999996,0.00411,1,0.47878293740093203,164,PASS
8220,0.004110125,0.0041105000000000004,1,-0.9069770197099423,59,PASS
8221,0.004110625,0.004111,1,-0.5679542361891874,85,PASS
8222,0.004111125,0.004111500000000001,1,0.20758407203756768,143,PASS
8223,0.004111625,0.004112,1,1.6846018890332701,254,PASS
8224,0.004112125,0.004112500000000001,1,1.5241244260137539,242,PASS
8225,0.004112625,0.004113,1,-1.6626856433676127,2,PASS
8226,0.004113125,0.0041135,1,1.283817217422648,224,PASS
8227,0.004113625,0.0041140000000000005,1,1.5463318114652018,244,PASS
8228,0.004114125,0.0041145,1,1.0436231236914069,206,PASS
8229,0.004114625,0.004115000000000001,1,-0.777601257338601,69,PASS
8230,0.004115125,0.0041155,1,0.3437686782072047,153,PASS
8231,0.004115625,0.004116000000000001,1,0.4221056322009036,159,PASS
8232,0.004116125,0.0041165,1,0.2857869540767135,149,PASS
8233,0.004116625,0.004117,1,-0.9870408799239783,53,PASS
8234,0.004117125,0.0041175000000000005,1,-0.5299135408084004,88,PASS
8235,0.004117625,0.004118,1,1.0791823385707617,209,PASS
8236,0.004118125,0.004118500000000001,1,-0.7329694109784628,72,PASS
8237,0.004118625,0.004119,1,-1.0413413913190128,49,PASS
8238,0.0041191249999999995,0.0041195,1,-1.011302835559862,51,PASS
8239,0.004119625,0.00412,1,0.7431470025940514,183,PASS
8240,0.004120125,0.0041205,1,1.5748545589289298,246,PASS
8241,0.004120625,0.0041210000000000005,1,-0.9986734149631239,52,PASS
8242,0.004121125,0.0041215,1,-0.17203062583906004,115,PASS
8243,0.004121625,0.004122000000000001,1,-0.7025409159234813,75,PASS
8244,0.004122125,0.0041225,1,-0.8332866476187205,65,PASS
8245,0.0041226249999999996,0.004123,1,-1.6763861797278978,1,PASS
8246,0.004123125,0.0041235,1,1.3256605665014713,227,PASS
8247,0.004123625,0.004124,1,-0.6765078120549519,77,PASS
8248,0.004124125,0.0041245000000000006,1,0.715357687185773,181,PASS
8249,0.004124625,0.004125,1,1.4099628562236106,234,PASS
8250,0.004125125,0.004125500000000001,1,-0.17155605717414457,115,PASS
8251,0.004125625,0.004126,1,-1.4420955879297912,19,PASS
8252,0.004126125,0.0041265,1,1.531379419505112,243,PASS
8253,0.004126625,0.0041270000000000005,1,1.392958148383561,232,PASS
8254,0.004127125,0.0041275,1,-1.323328024327295,28,PASS
8255,0.004127625,0.004128000000000001,1,-0.4407742346523802,94,PASS
8256,0.004128125,0.0041285,1,1.0963116573212333,210,PASS
8257,0.004128625,0.004129000000000001,1,-1.1658324805153457,40,PASS
8258,0.004129125,0.0041295,1,-0.008952464718786413,127,PASS
8259,0.004129625,0.00413,1,0.2552880824127992,147,PASS
8260,0.004130125,0.0041305000000000005,1,-0.6237134141067922,81,PASS
8261,0.004130625,0.004131,1,1.1416860635867454,213,PASS
8262,0.004131125,0.004131500000000001,1,0.2414094973667198,146,PASS
8263,0.004131625,0.004132,1,1.1925408826787118,217,PASS
8264,0.0041321249999999995,0.0041325,1,0.6906485545887595,180,PASS
8265,0.004132625,0.004133,1,-0.27560052249619416,107,PASS
8266,0.004133125,0.0041335,1,-1.1612208620118272,40,PASS
8267,0.004133625,0.0041340000000000005,1,0.5192001571695533,167,PASS
8268,0.004134125,0.0041345,1,-0.4792818809277575,91,PASS
8269,0.004134625,0.004135000000000001,1,-0.06852577511860813,122,PASS
8270,0.004135125,0.0041355,1,-1.2677676611451842,32,PASS
8271,0.0041356249999999995,0.004136,1,0.954708158364822,199,PASS
8272,0.004136125,0.0041365,1,1.1077774434135923,211,PASS
8273,0.004136625,0.004137,1,1.6189463940101272,249,PASS
8274,0.004137125,0.0041375000000000006,1,0.36661152267154073,155,PASS
8275,0.004137625,0.004138,1,-0.9476956519348834,56,PASS
8276,0.004138125,0.004138500000000001,1,1.3881255783205002,232,PASS
8277,0.004138625,0.004139,1,-1.6551844034130716,3,PASS
8278,0.004139125,0.0041395,1,-0.28825993463028743,106,PASS
8279,0.004139625,0.0041400000000000005,1,-0.3885803595417008,98,PASS
8280,0.004140125,0.0041405,1,0.1943905965778714,142,PASS
8281,0.004140625,0.004141000000000001,1,-0.5293498955733991,88,PASS
8282,0.004141125,0.0041415,1,-0.15667483715738872,116,PASS
8283,0.004141625,0.004142000000000001,1,0.5919739576740752,172,PASS
8284,0.004142125,0.0041425,1,0.1335421699545758,138,PASS
8285,0.004142625,0.004143,1,-1.6536471601959188,3,PASS
8286,0.004143125,0.0041435000000000005,1,-1.1630404101567335,40,PASS
8287,0.004143625,0.004144,1,-1.6092964872749116,6,PASS
8288,0.004144125,0.004144500000000001,1,1.557572551181939,245,PASS
8289,0.004144625,0.004145,1,-0.6949749808545644,75,PASS
8290,0.0041451249999999995,0.0041455,1,1.2542356014158507,222,PASS
8291,0.004145625,0.004146,1,0.13699276562761176,138,PASS
8292,0.004146125,0.0041465,1,0.20667640814823773,143,PASS
8293,0.004146625,0.0041470000000000005,1,-1.0485046887494986,49,PASS
8294,0.004147125,0.0041475,1,-1.4088569206528891,21,PASS
8295,0.004147625,0.004148000000000001,1,0.03806618385889604,130,PASS
8296,0.004148125,0.0041485,1,-0.9231500951778694,58,PASS
8297,0.0041486249999999995,0.004149,1,1.6053663778076597,248,PASS
8298,0.004149125,0.0041495,1,0.8492169573997861,191,PASS
8299,0.004149625,0.00415,1,-1.3580050696367232,25,PASS
8300,0.004150125,0.0041505000000000005,1,-0.5675945887234517,85,PASS
8301,0.004150625,0.004151,1,0.6995211807081902,180,PASS
8302,0.004151125,0.004151500000000001,1,0.6357539901826217,175,PASS
8303,0.004151625,0.004152,1,0.3950504728449993,157,PASS
8304,0.0041521249999999996,0.0041525,1,1.5240627599006256,242,PASS
8305,0.004152625,0.0041530000000000004,1,-1.5073510427168029,14,PASS
8306,0.004153125,0.0041535,1,1.2944460381304081,225,PASS
8307,0.004153625,0.004154000000000001,1,0.29232145257390507,150,PASS
8308,0.004154125,0.0041545,1,1.0747991138841815,208,PASS
8309,0.004154625,0.004155000000000001,1,-1.4274659613373761,20,PASS
8310,0.004155125,0.0041555,1,-1.3081452765574906,29,PASS
8311,0.004155625,0.004156,1,1.0553226447188464,207,PASS
8312,0.004156125,0.0041565000000000005,1,0.7090487322585852,181,PASS
8313,0.004156625,0.004157,1,-0.7006814977995075,75,PASS
8314,0.004157125,0.004157500000000001,1,-0.3069852081310491,104,PASS
8315,0.004157625,0.004158,1,0.9265313405945184,197,PASS
8316,0.004158125,0.004158500000000001,1,0.8448858177595848,191,PASS
8317,0.004158625,0.004159,1,0.7987816187914605,188,PASS
8318,0.004159125,0.0041595,1,1.565314889093923,245,PASS
8319,0.004159625,0.0041600000000000005,1,1.251920885448887,222,PASS
8320,0.004160125,0.0041605,1,0.32694381655894866,152,PASS
8321,0.004160625,0.004161000000000001,1,1.0974263832496567,210,PASS
8322,0.004161125,0.0041615,1,0.8675997818808965,193,PASS
8323,0.0041616249999999995,0.004162,1,0.270188748693843,148,PASS
8324,0.004162125,0.0041625,1,-1.0945807190146355,45,PASS
8325,0.004162625,0.004163,1,0.4795397328862132,164,PASS
8326,0.004163125,0.0041635000000000005,1,0.40690854248070907,158,PASS
8327,0.004163625,0.004164,1,-1.0804610304058144,46,PASS
8328,0.004164125,0.004164500000000001,1,0.9831173771917527,202,PASS
8329,0.004164625,0.004165,1,0.9820102441587595,201,PASS
8330,0.0041651249999999996,0.0041655,1,1.11582023547513,212,PASS
8331,0.004165625,0.004166,1,0.3135281500204894,151,PASS
8332,0.004166125,0.0041665,1,1.5418260946936224,244,PASS
8333,0.004166625,0.0041670000000000006,1,-1.0704081292414818,47,PASS
8334,0.004167125,0.0041675,1,1.4293792745363818,235,PASS
8335,0.004167625,0.004168000000000001,1,-0.9827376447790779,54,PASS
8336,0.004168125,0.0041685,1,-0.4622128355044277,93,PASS
8337,0.004168625,0.004169,1,-1.401694085206014,22,PASS
8338,0.004169125,0.0041695000000000005,1,-0.6527464974485553,78,PASS
8339,0.004169625,0.00417,1,-1.5507339196858871,11,PASS
8340,0.004170125,0.004170500000000001,1,0.15153050328403816,139,PASS
8341,0.004170625,0.004171,1,-0.1728095799309457,114,PASS
8342,0.004171125,0.004171500000000001,1,0.3128025007838946,151,PASS
8343,0.004171625,0.004172,1,0.9068832513083109,196,PASS
8344,0.004172125,0.0041725,1,-1.11976398067456,43,PASS
8345,0.004172625,0.0041730000000000005,1,1.3932445324530678,232,PASS
8346,0.004173125,0.0041735,1,-0.8387651675004735,64,PASS
8347,0.004173625,0.004174000000000001,1,0.18449621630724455,141,PASS
8348,0.004174125,0.0041745,1,1.563945414914065,245,PASS
8349,0.0041746249999999995,0.004175,1,-0.767454366444508,70,PASS
8350,0.004175125,0.0041755,1,1.2022466499931863,218,PASS
8351,0.004175625,0.004176,1,1.5888627150852728,247,PASS
8352,0.004176125,0.0041765000000000005,1,0.9548454661257668,199,PASS
8353,0.004176625,0.004177,1,1.4582917272264104,237,PASS
8354,0.004177125,0.004177500000000001,1,1.6364148168480426,251,PASS
8355,0.004177625,0.004178,1,-0.9943859099970367,53,PASS
8356,0.0041781249999999995,0.0041785,1,1.1227784658131676,212,PASS
8357,0.004178625,0.004179,1,-1.4948448786296613,15,PASS
8358,0.004179125,0.0041795,1,-0.8644496225509996,62,PASS
8359,0.004179625,0.0041800000000000006,1,-1.4031401624097817,22,PASS
8360,0.004180125,0.0041805,1,1.0125255756395453,204,PASS
8361,0.004180625,0.004181000000000001,1,-0.8955880860036733,60,PASS
8362,0.004181125,0.0041815,1,-0.3944723539329149,98,PASS
8363,0.004181625,0.004182,1,-1.678451630333415,1,PASS
8364,0.004182125,0.0041825000000000005,1,0.48343998634515173,164,PASS
8365,0.004182625,0.004183,1,0.3287782474883214,152,PASS
8366,0.004183125,0.004183500000000001,1,0.6867403757982531,179,PASS
8367,0.004183625,0.004184,1,0.7514162044326309,184,PASS
8368,0.004184125,0.004184500000000001,1,-1.4806711089398799,16,PASS
8369,0.004184625,0.004185,1,0.10760949603433323,136,PASS
8370,0.004185125,0.0041855,1,0.9743616536618862,201,PASS
8371,0.004185625,0.0041860000000000005,1,0.9657980391878336,200,PASS
8372,0.004186125,0.0041865,1,0.7075734024616269,181,PASS
8373,0.004186625,0.004187000000000001,1,1.5592083381510269,245,PASS
8374,0.004187125,0.0041875,1,0.495302526394944,165,PASS
8375,0.0041876249999999995,0.004188,1,1.0442146905582155,206,PASS
8376,0.004188125,0.0041885,1,-0.1582025337155335,116,PASS
8377,0.004188625,0.004189,1,0.07889368071614156,133,PASS
8378,0.004189125,0.0041895000000000005,1,-1.588126024489909,8,PASS
8379,0.004189625,0.00419,1,-0.10505271800660387,120,PASS
8380,0.004190125,0.004190500000000001,1,-1.3016369117551403,29,PASS
8381,0.004190625,0.004191,1,0.0033020171507089913,128,PASS
8382,0.0041911249999999995,0.0041915,1,-0.9564138804495917,55,PASS
8383,0.004191625,0.004192,1,-1.6713794840279308,2,PASS
8384,0.004192125,0.0041925,1,0.11566523236162518,136,PASS
8385,0.004192625,0.0041930000000000005,1,0.31466548812316186,151,PASS
8386,0.004193125,0.0041935,1,1.6991794850499675,255,PASS
8387,0.004193625,0.004194000000000001,1,1.5743238048840216,246,PASS
8388,0.004194125,0.0041945,1,0.29450854968919926,150,PASS
8389,0.004194625,0.004195,1,0.5196873429058144,167,PASS
8390,0.004195125,0.0041955000000000004,1,1.0929263795884936,210,PASS
8391,0.004195625,0.004196,1,0.5663419856280523,170,PASS
8392,0.004196125,0.004196500000000001,1,-1.6873060860416222,0,PASS
8393,0.004196625,0.004197,1,-0.059492947121390305,123,PASS
8394,0.004197125,0.004197500000000001,1,0.6594205662147063,177,PASS
8395,0.004197625,0.004198,1,-0.05144575192195355,124,PASS
8396,0.004198125,0.0041985,1,0.28427103836326295,149,PASS
8397,0.004198625,0.0041990000000000005,1,1.6565064807146774,252,PASS
8398,0.004199125,0.0041995,1,-0.5250388299996027,88,PASS
8399,0.004199625,0.004200000000000001,1,-1.3243572666953014,28,PASS
8400,0.004200125,0.0042005,1,-0.5158169304597147,89,PASS
8401,0.004200625,0.004201000000000001,1,-1.2802566464222251,31,PASS
8402,0.004201125,0.0042015,1,-1.1732182506325672,39,PASS
8403,0.004201625,0.004202,1,0.9119997421911512,196,PASS
8404,0.004202125,0.0042025000000000005,1,0.6771473477304324,178,PASS
8405,0.004202625,0.004203,1,-0.5293698167387639,88,PASS
8406,0.004203125,0.004203500000000001,1,0.7859922176796961,187,PASS
8407,0.004203625,0.004204,1,1.6688946263820774,253,PASS
8408,0.0042041249999999995,0.0042045,1,1.5644299802601174,245,PASS
8409,0.004204625,0.004205,1,0.1938365756824949,142,PASS
8410,0.004205125,0.0042055,1,-0.16519166981844968,115,PASS
8411,0.004205625,0.0042060000000000005,1,0.25450198886855047,147,PASS
8412,0.004206125,0.0042065,1,0.15695917776646495,139,PASS
8413,0.004206625,0.004207000000000001,1,-0.7859141299867539,68,PASS
8414,0.004207125,0.0042075,1,0.9324521395255914,198,PASS
8415,0.0042076249999999996,0.004208,1,1.0101568243400314,204,PASS
8416,0.004208125,0.0042085000000000004,1,0.2941959300003889,150,PASS
8417,0.004208625,0.004209,1,0.23736488931937183,145,PASS
8418,0.004209125,0.004209500000000001,1,1.2159926938476622,219,PASS
8419,0.004209625,0.00421,1,-1.2817038417373876,31,PASS
8420,0.004210125,0.004210500000000001,1,-1.149972777704876,41,PASS
8421,0.004210625,0.004211,1,-0.0998904978014008,120,PASS
8422,0.004211125,0.0042115,1,0.5740298716976941,171,PASS
8423,0.004211625,0.0042120000000000005,1,1.4774858105294826,239,PASS
8424,0.004212125,0.0042125,1,0.641999206045319,176,PASS
8425,0.004212625,0.004213000000000001,1,-0.34490678347295467,102,PASS
8426,0.004213125,0.0042135,1,-1.3302283423241803,27,PASS
8427,0.004213625,0.004214000000000001,1,-0.9114717358015925,59,PASS
8428,0.004214125,0.0042145,1,-0.6167049849751869,81,PASS
8429,0.004214625,0.004215,1,1.5909816467565514,247,PASS
8430,0.004215125,0.0042155000000000005,1,1.446084568640628,236,PASS
8431,0.004215625,0.004216,1,0.5866741394848811,172,PASS
8432,0.004216125,0.004216500000000001,1,1.2922135408865085,225,PASS
8433,0.004216625,0.004217,1,1.537929983453471,243,PASS
8434,0.0042171249999999995,0.0042175,1,1.0054437720969365,203,PASS
8435,0.004217625,0.004218,1,0.18359921207184637,141,PASS
8436,0.004218125,0.0042185,1,1.3487375295757549,229,PASS
8437,0.004218625,0.0042190000000000005,1,0.11515074884024168,136,PASS
8438,0.004219125,0.0042195,1,-1.602802768625489,7,PASS
8439,0.004219625,0.004220000000000001,1,-0.007986950109857505,127,PASS
8440,0.004220125,0.0042205,1,0.9534702354157008,199,PASS
8441,0.0042206249999999996,0.004221,1,0.28468846350554666,149,PASS
8442,0.004221125,0.0042215,1,0.7250964000032603,182,PASS
8443,0.004221625,0.004222,1,1.3209639006324176,227,PASS
8444,0.004222125,0.0042225000000000006,1,-1.428397609624319,20,PASS
8445,0.004222625,0.004223,1,-1.4740754328797068,17,PASS
8446,0.004223125,0.004223500000000001,1,0.23506719547023702,145,PASS
8447,0.004223625,0.004224,1,-0.2772675639216937,107,PASS
8448,0.004224125,0.0042245,1,-0.3984353472706692,98,PASS
8449,0.004224625,0.0042250000000000005,1,-0.8285911352641603,65,PASS
8450,0.004225125,0.0042255,1,1.29452517136123,225,PASS
8451,0.004225625,0.004226000000000001,1,1.5584307817152296,245,PASS
8452,0.004226125,0.0042265,1,-0.20807678259322215,112,PASS
8453,0.004226625,0.004227000000000001,1,-0.029364550548216295,125,PASS
8454,0.004227125,0.0042275,1,-0.41893014880341206,96,PASS
8455,0.004227625,0.004228,1,-1.2805361874536043,31,PASS
8456,0.004228125,0.0042285000000000005,1,0.3281351350093924,152,PASS
8457,0.004228625,0.004229,1,-0.29068371795483117,106,PASS
8458,0.004229125,0.004229500000000001,1,1.2729501918242871,223,PASS
8459,0.004229625,0.00423,1,-1.412899104091053,21,PASS
8460,0.0042301249999999995,0.0042305,1,0.5355181053049318,168,PASS
8461,0.004230625,0.004231,1,-1.4825497225304254,16,PASS
8462,0.004231125,0.0042315,1,0.3730696488059475,156,PASS
8463,0.004231625,0.0042320000000000005,1,0.5537872729353468,169,PASS
8464,0.004232125,0.0042325,1,-0.7727828394764881,69,PASS
8465,0.004232625,0.004233000000000001,1,-1.172787607840322,39,PASS
8466,0.004233125,0.0042335,1,-0.6389796384900543,79,PASS
8467,0.0042336249999999995,0.004234,1,-0.486500865044585,91,PASS
8468,0.004234125,0.0042345,1,1.200485347981788,218,PASS
8469,0.004234625,0.004235,1,-0.9125351215091829,59,PASS
8470,0.004235125,0.0042355000000000005,1,-0.025803200403214932,126,PASS
8471,0.004235625,0.004236,1,1.5453681801066865,244,PASS
8472,0.004236125,0.004236500000000001,1,0.5267637422746831,167,PASS
8473,0.004236625,0.004237,1,0.9568368267035023,200,PASS
8474,0.004237125,0.0042375,1,-1.6809375257995083,1,PASS
8475,0.004237625,0.0042380000000000004,1,-0.29386856070934964,105,PASS
8476,0.004238125,0.0042385,1,-1.5325518306247687,12,PASS
8477,0.004238625,0.004239000000000001,1,0.6487940163724082,176,PASS
8478,0.004239125,0.0042395,1,1.614454608447592,249,PASS
8479,0.004239625,0.004240000000000001,1,-1.5198501001110611,13,PASS
8480,0.004240125,0.0042405,1,0.5568512384280091,169,PASS
8481,0.004240625,0.004241,1,0.39247641658221943,157,PASS
8482,0.004241125,0.0042415000000000005,1,-1.1018994318554531,45,PASS
8483,0.004241625,0.004242,1,1.440092331303043,236,PASS
8484,0.004242125,0.004242500000000001,1,1.4692414361216641,238,PASS
8485,0.004242625,0.004243,1,-1.0631373911413728,47,PASS
8486,0.0042431249999999995,0.0042435,1,-0.2808560710613974,106,PASS
8487,0.004243625,0.004244,1,0.3289770145817774,152,PASS
8488,0.004244125,0.0042445,1,1.3500958853094167,229,PASS
8489,0.004244625,0.0042450000000000005,1,0.3485385547737285,154,PASS
8490,0.004245125,0.0042455,1,-1.5259463808001064,13,PASS
8491,0.004245625,0.004246000000000001,1,-1.6797477510212158,1,PASS
8492,0.004246125,0.0042465,1,1.4943364719836534,240,PASS
8493,0.0042466249999999995,0.004247,1,1.6592221187840466,252,PASS
8494,0.004247125,0.0042475,1,1.0039150041530973,203,PASS
8495,0.004247625,0.004248,1,0.3395791063892639,153,PASS
8496,0.004248125,0.0042485000000000005,1,-0.5081539685442789,89,PASS
8497,0.004248625,0.004249,1,-1.6458683142034705,4,PASS
8498,0.004249125,0.004249500000000001,1,-0.3163275263719523,104,PASS
8499,0.004249625,0.00425,1,0.5423057982496704,168,PASS
8500,0.0042501249999999996,0.0042505,1,-0.73828188297168,72,PASS
8501,0.004250625,0.0042510000000000004,1,0.264636614455118,147,PASS
8502,0.004251125,0.0042515,1,-1.6499298036009786,3,PASS
8503,0.004251625,0.004252000000000001,1,-1.5374237682149134,12,PASS
8504,0.004252125,0.0042525,1,-1.4940059213686163,15,PASS
8505,0.004252625,0.004253000000000001,1,0.5454576383355569,169,PASS
8506,0.004253125,0.0042535,1,0.11734364191976487,136,PASS
8507,0.004253625,0.004254,1,-1.1578672198261086,40,PASS
8508,0.004254125,0.0042545000000000005,1,1.1664605749410522,215,PASS
8509,0.004254625,0.004255,1,0.7069487619576436,181,PASS
8510,0.004255125,0.004255500000000001,1,-1.027732319162813,50,PASS
8511,0.004255625,0.004256,1,-0.8118628454916825,66,PASS
8512,0.004256125,0.004256500000000001,1,1.1191102219414357,212,PASS
8513,0.004256625,0.004257,1,-1.1609998334921525,40,PASS
8514,0.004257125,0.0042575,1,-1.5840520134568188,8,PASS
8515,0.004257625,0.0042580000000000005,1,-0.665915350471586,77,PASS
8516,0.004258125,0.0042585,1,-1.2904962398017141,30,PASS
8517,0.004258625,0.004259000000000001,1,0.4904016599091212,164,PASS
8518,0.004259125,0.0042595,1,-0.6217539959290503,81,PASS
8519,0.0042596249999999995,0.00426,1,0.3364529431816876,153,PASS
8520,0.004260125,0.0042605,1,0.915219531250471,196,PASS
8521,0.004260625,0.004261,1,-0.5992976931446274,82,PASS
8522,0.004261125,0.0042615000000000005,1,1.4422651481679296,236,PASS
8523,0.004261625,0.004262,1,1.6365270839460087,251,PASS
8524,0.004262125,0.004262500000000001,1,0.2749772372434549,148,PASS
8525,0.004262625,0.004263,1,0.0005323971700459396,128,PASS
8526,0.0042631249999999996,0.0042635,1,-1.4304682417293035,20,PASS
8527,0.004263625,0.004264,1,0.5235058126985674,167,PASS
8528,0.004264125,0.0042645,1,1.6960334425214125,255,PASS
8529,0.004264625,0.0042650000000000006,1,0.16096072117919302,140,PASS
8530,0.004265125,0.0042655,1,-0.8406854721208664,64,PASS
8531,0.004265625,0.004266000000000001,1,-1.1762552516908054,39,PASS
8532,0.004266125,0.0042665,1,0.28497019425228665,149,PASS
8533,0.004266625,0.004267,1,-1.6883594163082172,0,PASS
8534,0.004267125,0.0042675000000000005,1,-1.1570367584574455,40,PASS
8535,0.004267625,0.004268,1,-1.1978684162143476,37,PASS
8536,0.004268125,0.004268500000000001,1,1.4139539738238793,234,PASS
8537,0.004268625,0.004269,1,0.7302976529236969,182,PASS
8538,0.004269125,0.004269500000000001,1,0.9380681498878045,198,PASS
8539,0.004269625,0.00427,1,0.004806517054980919,128,PASS
8540,0.004270125,0.0042705,1,0.7142255163774138,181,PASS
8541,0.004270625,0.0042710000000000005,1,0.0031886446604649787,128,PASS
8542,0.004271125,0.0042715,1,-0.3384347964348082,102,PASS
8543,0.004271625,0.004272000000000001,1,-1.2108073586807835,36,PASS
8544,0.004272125,0.0042725,1,0.3709341414419127,155,PASS
8545,0.0042726249999999995,0.004273,1,-0.09999547539216125,120,PASS
8546,0.004273125,0.0042735,1,-0.030265474549184157,125,PASS
8547,0.004273625,0.004274,1,1.3837790385013806,232,PASS
8548,0.004274125,0.0042745000000000005,1,1.4176359858295318,234,PASS
8549,0.004274625,0.004275,1,-0.32857598697725976,103,PASS
8550,0.004275125,0.004275500000000001,1,-0.43094593482690713,95,PASS
8551,0.004275625,0.004276,1,-0.06679930298703374,122,PASS
8552,0.0042761249999999995,0.0042765,1,-0.4575982847655309,93,PASS
8553,0.004276625,0.004277,1,-0.21162579323504516,112,PASS
8554,0.004277125,0.0042775,1,-1.2952064613404617,30,PASS
8555,0.004277625,0.0042780000000000006,1,-1.6486787497218476,3,PASS
8556,0.004278125,0.0042785,1,0.5635827450229616,170,PASS
8557,0.004278625,0.004279000000000001,1,-0.026469699200775354,126,PASS
8558,0.004279125,0.0042795,1,-0.1810302422235961,114,PASS
8559,0.004279625,0.00428,1,0.40877971926970535,158,PASS
8560,0.004280125,0.0042805000000000005,1,-1.2013760901254877,37,PASS
8561,0.004280625,0.004281,1,1.2863090499799628,224,PASS
8562,0.004281125,0.004281500000000001,1,-1.459114816621156,18,PASS
8563,0.004281625,0.004282,1,0.4187408698360022,159,PASS
8564,0.004282125,0.004282500000000001,1,-1.2013660122852112,37,PASS
8565,0.004282625,0.004283,1,1.280937825893212,224,PASS
8566,0.004283125,0.0042835,1,1.6062611611428148,248,PASS
8567,0.004283625,0.0042840000000000005,1,-0.44893836747490523,94,PASS
8568,0.004284125,0.0042845,1,-0.7938720451365713,68,PASS
8569,0.004284625,0.004285000000000001,1,1.3992696975821934,233,PASS
8570,0.004285125,0.0042855,1,1.6520014030001888,252,PASS
8571,0.0042856249999999995,0.004286,1,0.9824582915283615,201,PASS
8572,0.004286125,0.0042865,1,-0.5234810165337129,88,PASS
8573,0.004286625,0.004287,1,-0.9847576540470445,53,PASS
8574,0.004287125,0.0042875000000000005,1,0.7846232151287074,187,PASS
8575,0.004287625,0.004288,1,0.8651325472043683,193,PASS
8576,0.004288125,0.004288500000000001,1,-1.3766292017341777,24,PASS
8577,0.004288625,0.004289,1,0.18464732202168,141,PASS
8578,0.0042891249999999995,0.0042895,1,-0.11178052583693798,119,PASS
8579,0.004289625,0.00429,1,0.022347962902741214,129,PASS
8580,0.004290125,0.0042905,1,0.20646024560746512,143,PASS
8581,0.004290625,0.0042910000000000005,1,0.18210259221455227,141,PASS
8582,0.004291125,0.0042915,1,0.1941703119620506,142,PASS
8583,0.004291625,0.004292000000000001,1,0.31096220081408643,151,PASS
8584,0.004292125,0.0042925,1,-1.2996132834145184,30,PASS
8585,0.0042926249999999996,0.004293,1,-0.11027874984892905,119,PASS
8586,0.004293125,0.0042935000000000004,1,0.6328639177144944,175,PASS
8587,0.004293625,0.004294,1,0.49424346083547266,165,PASS
8588,0.004294125,0.004294500000000001,1,1.11838712568646,212,PASS
8589,0.004294625,0.004295,1,-0.3184487429578622,104,PASS
8590,0.004295125,0.004295500000000001,1,0.1652035803098657,140,PASS
8591,0.004295625,0.004296,1,-1.4887649154681926,15,PASS
8592,0.004296125,0.0042965,1,-0.4724308589828492,92,PASS
8593,0.004296625,0.0042970000000000005,1,0.4294656928256091,160,PASS
8594,0.004297125,0.0042975,1,1.0926899041774372,210,PASS
8595,0.004297625,0.004298000000000001,1,-0.3561251795713385,101,PASS
8596,0.004298125,0.0042985,1,-0.024681426532987993,126,PASS
8597,0.004298625,0.004299000000000001,1,-1.3285637152662357,27,PASS
8598,0.004299125,0.0042995,1,-1.483500420964601,16,PASS
8599,0.004299625,0.0043,1,-1.4594472053273433,18,PASS
8600,0.004300125,0.0043005000000000005,1,-0.943321263919709,56,PASS
8601,0.004300625,0.004301,1,-1.417494352953736,21,PASS
8602,0.004301125,0.004301500000000001,1,-0.2687509101717711,107,PASS
8603,0.004301625,0.004302,1,-0.8983305441189666,60,PASS
8604,0.0043021249999999995,0.0043025,1,-1.3370333265636078,27,PASS
8605,0.004302625,0.004303,1,-0.6920435812201995,75,PASS
8606,0.004303125,0.0043035,1,0.06396503671137133,132,PASS
8607,0.004303625,0.0043040000000000005,1,-0.2829832085568984,106,PASS
8608,0.004304125,0.0043045,1,1.129164482712494,213,PASS
8609,0.004304625,0.004305000000000001,1,-1.0204449154223647,51,PASS
8610,0.004305125,0.0043055,1,-1.601000441136383,7,PASS
8611,0.0043056249999999996,0.004306,1,0.4539194780702649,162,PASS
8612,0.004306125,0.0043065,1,1.3076777000069824,226,PASS
8613,0.004306625,0.004307,1,-0.6922929448852302,75,PASS
8614,0.004307125,0.0043075000000000006,1,-0.6318261497092537,80,PASS
8615,0.004307625,0.004308,1,0.2899719986598075,149,PASS
8616,0.004308125,0.004308500000000001,1,-1.4648396050507635,17,PASS
8617,0.004308625,0.004309,1,0.24888083678965733,146,PASS
8618,0.004309125,0.0043095,1,1.4809594489017817,239,PASS
8619,0.004309625,0.0043100000000000005,1,0.5682623120481634,170,PASS
8620,0.004310125,0.0043105,1,-0.5181187398261169,88,PASS
8621,0.004310625,0.004311000000000001,1,-1.0488578859344617,49,PASS
8622,0.004311125,0.0043115,1,-0.098268272735206,120,PASS
8623,0.004311625,0.004312000000000001,1,0.4408915221940466,161,PASS
8624,0.004312125,0.0043125,1,-1.6729547831053297,2,PASS
8625,0.004312625,0.004313,1,0.6323277300115897,175,PASS
8626,0.004313125,0.0043135000000000005,1,-0.6671356583532784,77,PASS
8627,0.004313625,0.004314,1,-1.3773203446342333,24,PASS
8628,0.004314125,0.004314500000000001,1,1.2281654970654692,220,PASS
8629,0.004314625,0.004315,1,-0.6512794075922206,78,PASS
8630,0.0043151249999999995,0.0043155,1,0.05887192587680112,132,PASS
8631,0.004315625,0.004316,1,-0.3986497156323734,97,PASS
8632,0.004316125,0.0043165,1,1.6372886835673108,251,PASS
8633,0.004316625,0.0043170000000000005,1,0.829275549922784,190,PASS
8634,0.004317125,0.0043175,1,-1.0512910977606995,48,PASS
8635,0.004317625,0.004318000000000001,1,-1.4904508115420354,15,PASS
8636,0.004318125,0.0043185,1,0.23953809614377763,146,PASS
8637,0.0043186249999999995,0.004319,1,0.45704409471913343,162,PASS
8638,0.004319125,0.0043195,1,0.8378460790590572,191,PASS
8639,0.004319625,0.00432,1,0.3213389590094333,152,PASS
8640,0.004320125,0.0043205000000000006,1,0.4265455303347172,160,PASS
8641,0.004320625,0.004321,1,0.9456453670466016,199,PASS
8642,0.004321125,0.004321500000000001,1,-1.3501012763309173,26,PASS
8643,0.004321625,0.004322,1,-1.5344656846405453,12,PASS
8644,0.004322125,0.0043225,1,1.5231240654772276,242,PASS
8645,0.004322625,0.0043230000000000005,1,0.869205561626486,193,PASS
8646,0.004323125,0.0043235,1,-1.2831141608122585,31,PASS
8647,0.004323625,0.004324000000000001,1,0.7442535035874818,184,PASS
8648,0.004324125,0.0043245,1,-1.0863026127541875,46,PASS
8649,0.004324625,0.004325000000000001,1,-1.6253658607038102,5,PASS
8650,0.004325125,0.0043255,1,-0.10908699317491188,119,PASS
8651,0.004325625,0.004326,1,-0.7272984088729765,73,PASS
8652,0.004326125,0.0043265000000000005,1,1.5297175614579366,243,PASS
8653,0.004326625,0.004327,1,-1.6331715404579772,5,PASS
8654,0.004327125,0.004327500000000001,1,-0.3801093962765041,99,PASS
8655,0.004327625,0.004328,1,-1.4120156118096923,21,PASS
8656,0.0043281249999999995,0.0043285,1,-0.9100286463679186,59,PASS
8657,0.004328625,0.004329,1,-1.5725241880746872,9,PASS
8658,0.004329125,0.0043295,1,-1.3145304129980742,29,PASS
8659,0.004329625,0.0043300000000000005,1,1.37406354107748,231,PASS
8660,0.004330125,0.0043305,1,-0.7203085372198774,73,PASS
8661,0.004330625,0.004331000000000001,1,1.3670152364653354,230,PASS
8662,0.004331125,0.0043315,1,-0.6676968920116801,77,PASS
8663,0.0043316249999999995,0.004332,1,0.018280730989232108,129,PASS
8664,0.004332125,0.0043325,1,-0.6970995200725822,75,PASS
8665,0.004332625,0.004333,1,1.4169174255604842,234,PASS
8666,0.004333125,0.0043335000000000005,1,1.63917318733437,251,PASS
8667,0.004333625,0.004334,1,-1.3655537523797743,25,PASS
8668,0.004334125,0.004334500000000001,1,1.3207974419791555,227,PASS
8669,0.004334625,0.004335,1,-0.31444460128019713,104,PASS
8670,0.004335125,0.0043355,1,-0.8624274140029228,63,PASS
8671,0.004335625,0.0043360000000000004,1,0.11413493484871107,136,PASS
8672,0.004336125,0.0043365,1,-0.8907933500604113,60,PASS
8673,0.004336625,0.004337000000000001,1,-1.3233371447901492,28,PASS
8674,0.004337125,0.0043375,1,-1.3287298452468022,27,PASS
8675,0.004337625,0.004338000000000001,1,-1.2938076524287396,30,PASS
8676,0.004338125,0.0043385,1,-1.1738346087940719,39,PASS
8677,0.004338625,0.004339,1,0.6810675315464889,179,PASS
8678,0.004339125,0.0043395000000000005,1,-1.5588718487584272,10,PASS
8679,0.004339625,0.00434,1,0.605619705429268,173,PASS
8680,0.004340125,0.004340500000000001,1,-1.4047021280088825,22,PASS
8681,0.004340625,0.004341,1,-0.6675890845120849,77,PASS
8682,0.0043411249999999995,0.0043415,1,-0.2908478551215721,106,PASS
8683,0.004341625,0.004342,1,1.371696906933866,231,PASS
8684,0.004342125,0.0043425,1,-0.953531869451058,56,PASS
8685,0.004342625,0.0043430000000000005,1,1.4511924400078964,237,PASS
8686,0.004343125,0.0043435,1,1.16898514053309,216,PASS
8687,0.004343625,0.004344000000000001,1,-0.1177825707555753,119,PASS
8688,0.004344125,0.0043445,1,-0.03507098861685298,125,PASS
8689,0.0043446249999999995,0.004345,1,-0.6868796554871153,76,PASS
8690,0.004345125,0.0043455,1,-0.8103995322828327,66,PASS
8691,0.004345625,0.004346,1,-1.4339971364614694,20,PASS
8692,0.004346125,0.0043465000000000005,1,-1.5810786320788948,8,PASS
8693,0.004346625,0.004347,1,-0.47745729245676394,92,PASS
8694,0.004347125,0.004347500000000001,1,1.1756950031051978,216,PASS
8695,0.004347625,0.004348,1,-0.9987905513634464,52,PASS
8696,0.0043481249999999996,0.0043485,1,0.8731916227360161,193,PASS
8697,0.004348625,0.0043490000000000004,1,-1.552006568390554,11,PASS
8698,0.004349125,0.0043495,1,0.19133342779796214,142,PASS
8699,0.004349625,0.004350000000000001,1,0.34565502320481367,154,PASS
8700,0.004350125,0.0043505,1,0.518795797426103,167,PASS
8701,0.004350625,0.004351000000000001,1,-0.4370701909891883,95,PASS
8702,0.004351125,0.0043515,1,0.41074028514459804,158,PASS
8703,0.004351625,0.004352,1,-0.8365277250631199,65,PASS
8704,0.004352125,0.0043525000000000005,1,0.7295246419557617,182,PASS
8705,0.004352625,0.004353,1,0.2233566282074433,144,PASS
8706,0.004353125,0.004353500000000001,1,-0.2483134498811006,109,PASS
8707,0.004353625,0.004354,1,-0.0260717479092607,126,PASS
8708,0.004354125,0.004354500000000001,1,1.4188938579132395,234,PASS
8709,0.004354625,0.004355,1,-0.5880384798783878,83,PASS
8710,0.004355125,0.0043555,1,-0.5495391248480794,86,PASS
8711,0.004355625,0.0043560000000000005,1,-0.5932436080207799,83,PASS
8712,0.004356125,0.0043565,1,-1.5732493486670716,9,PASS
8713,0.004356625,0.004357000000000001,1,-1.489858110192586,15,PASS
8714,0.004357125,0.0043575,1,-1.6083026564570324,6,PASS
8715,0.0043576249999999995,0.004358,1,0.4566931363724589,162,PASS
8716,0.004358125,0.0043585,1,-0.734812448278622,72,PASS
8717,0.004358625,0.004359,1,-0.20958402369899454,112,PASS
8718,0.004359125,0.0043595000000000005,1,1.2698567777333116,223,PASS
8719,0.004359625,0.00436,1,-0.31842438275478213,104,PASS
8720,0.004360125,0.004360500000000001,1,1.0333147510730065,205,PASS
8721,0.004360625,0.004361,1,-0.10741233579444742,119,PASS
8722,0.0043611249999999996,0.0043615,1,-0.28863604917193353,106,PASS
8723,0.004361625,0.004362,1,-0.7287966764778027,73,PASS
8724,0.004362125,0.0043625,1,1.100228689928562,210,PASS
8725,0.004362625,0.0043630000000000006,1,-0.41403433276307977,96,PASS
8726,0.004363125,0.0043635,1,0.7447722335288323,184,PASS
8727,0.004363625,0.004364000000000001,1,-1.40492539024903,22,PASS
8728,0.004364125,0.0043645,1,-1.0157416506256836,51,PASS
8729,0.004364625,0.004365,1,1.4684978920064775,238,PASS
8730,0.004365125,0.0043655000000000005,1,1.6947554260012556,255,PASS
8731,0.004365625,0.004366,1,-0.19611839400233233,113,PASS
8732,0.004366125,0.004366500000000001,1,1.4245903236879254,235,PASS
8733,0.004366625,0.004367,1,0.29609269512655856,150,PASS
8734,0.004367125,0.004367500000000001,1,1.3961585758914528,233,PASS
8735,0.004367625,0.004368,1,1.1108170572299876,211,PASS
8736,0.004368125,0.0043685,1,1.618747064404148,249,PASS
8737,0.004368625,0.0043690000000000005,1,0.13354228527697676,138,PASS
8738,0.004369125,0.0043695,1,1.5037285421437148,241,PASS
8739,0.004369625,0.004370000000000001,1,-0.6068332964918379,82,PASS
8740,0.004370125,0.0043705,1,1.1862255027475637,217,PASS
8741,0.0043706249999999995,0.004371,1,0.26415662230330694,147,PASS
8742,0.004371125,0.0043715,1,1.2044296017772866,218,PASS
8743,0.004371625,0.004372,1,0.5870482874801286,172,PASS
8744,0.004372125,0.0043725000000000005,1,-0.687669703186784,76,PASS
8745,0.004372625,0.004373,1,0.8019550001310989,188,PASS
8746,0.004373125,0.004373500000000001,1,-0.19440278747461348,113,PASS
8747,0.004373625,0.004374,1,-1.699194904639291,0,PASS
8748,0.0043741249999999995,0.0043745,1,1.560124507800688,245,PASS
8749,0.004374625,0.004375,1,1.595363960106371,248,PASS
8750,0.004375125,0.0043755,1,-1.567928516123434,9,PASS
8751,0.004375625,0.0043760000000000005,1,-1.5768561283385978,9,PASS
8752,0.004376125,0.0043765,1,-1.2244265586690728,35,PASS
8753,0.004376625,0.004377000000000001,1,0.5188659925220127,167,PASS
8754,0.004377125,0.0043775,1,-0.5032081162062281,90,PASS
8755,0.004377625,0.004378,1,-0.12281931438989391,118,PASS
8756,0.004378125,0.0043785000000000004,1,-1.3003349830698367,30,PASS
8757,0.004378625,0.004379,1,-0.670891298206141,77,PASS
8758,0.004379125,0.004379500000000001,1,1.6236326710439568,250,PASS
8759,0.004379625,0.00438,1,-0.20337652178558985,112,PASS
8760,0.004380125,0.004380500000000001,1,0.8819912479387051,194,PASS
8761,0.004380625,0.004381,1,0.3835595993754144,156,PASS
8762,0.004381125,0.0043815,1,1.5173097588352216,242,PASS
8763,0.004381625,0.0043820000000000005,1,-1.361063251484946,25,PASS
8764,0.004382125,0.0043825,1,-1.4776653256563856,16,PASS
8765,0.004382625,0.004383000000000001,1,0.9978017356981084,203,PASS
8766,0.004383125,0.0043835,1,-1.0754731650287999,47,PASS
8767,0.0043836249999999995,0.004384,1,-1.2114648493543343,36,PASS
8768,0.004384125,0.0043845,1,-0.07799860861086283,122,PASS
8769,0.004384625,0.004385,1,0.018372692358610054,129,PASS
8770,0.004385125,0.0043855000000000005,1,-0.7196294659980669,73,PASS
8771,0.004385625,0.004386,1,0.5571092990768556,169,PASS
8772,0.004386125,0.004386500000000001,1,0.9946471817614964,202,PASS
8773,0.004386625,0.004387,1,-1.5337244496318658,12,PASS
8774,0.0043871249999999995,0.0043875,1,1.0846412851311766,209,PASS
8775,0.004387625,0.004388,1,1.1427096429499322,214,PASS
8776,0.004388125,0.0043885,1,0.6425023124786005,176,PASS
8777,0.004388625,0.0043890000000000005,1,0.6635760425705894,177,PASS
8778,0.004389125,0.0043895,1,-1.0838376000907999,46,PASS
8779,0.004389625,0.004390000000000001,1,1.5812583604588444,247,PASS
8780,0.004390125,0.0043905,1,1.6085165013947302,249,PASS
8781,0.0043906249999999996,0.004391,1,-0.2943072155297537,105,PASS
8782,0.004391125,0.0043915000000000004,1,0.14337881786810724,138,PASS
8783,0.004391625,0.004392,1,0.9946122175988863,202,PASS
8784,0.004392125,0.004392500000000001,1,0.9645659185201507,200,PASS
8785,0.004392625,0.004393,1,0.6271974974584704,175,PASS
8786,0.004393125,0.004393500000000001,1,-0.8220351625936393,66,PASS
8787,0.004393625,0.004394,1,-1.6501612295543717,3,PASS
8788,0.004394125,0.0043945,1,1.3575431114265155,230,PASS
8789,0.004394625,0.0043950000000000005,1,-0.7586006409224586,70,PASS
8790,0.004395125,0.0043955,1,-0.9226716703751097,58,PASS
8791,0.004395625,0.004396000000000001,1,-0.07902218218208334,122,PASS
8792,0.004396125,0.0043965,1,-0.10219233348900159,120,PASS
8793,0.004396625,0.004397000000000001,1,0.9343311173012727,198,PASS
8794,0.004397125,0.0043975,1,-1.0411481288479707,49,PASS
8795,0.004397625,0.004398,1,1.0598824849919801,207,PASS
8796,0.004398125,0.0043985000000000005,1,1.0346927570907642,205,PASS
8797,0.004398625,0.004399,1,-0.8269603476726842,65,PASS
8798,0.004399125,0.004399500000000001,1,0.045148952000116704,131,PASS
8799,0.004399625,0.0044,1,1.3326461588124616,228,PASS
8800,0.0044001249999999995,0.0044005,1,-0.09839393179356826,120,PASS
8801,0.004400625,0.004401,1,-0.6321503876958525,80,PASS
8802,0.004401125,0.0044015,1,-0.02972135695626621,125,PASS
8803,0.004401625,0.0044020000000000005,1,1.1723640865798364,216,PASS
8804,0.004402125,0.0044025,1,-1.034400036665724,50,PASS
8805,0.004402625,0.004403000000000001,1,0.32566572555469286,152,PASS
8806,0.004403125,0.0044035,1,0.9834178436939431,202,PASS
8807,0.0044036249999999996,0.004404,1,0.7226847810178232,182,PASS
8808,0.004404125,0.0044045,1,-1.6356357908317545,4,PASS
8809,0.004404625,0.004405,1,-1.0633371187352907,47,PASS
8810,0.004405125,0.0044055000000000006,1,0.1922898297666995,142,PASS
8811,0.004405625,0.004406,1,0.15721054649899702,139,PASS
8812,0.004406125,0.004406500000000001,1,-1.6803235190995975,1,PASS
8813,0.004406625,0.004407,1,0.06159687707002215,132,PASS
8814,0.004407125,0.0044075,1,-0.5860888272856031,83,PASS
8815,0.004407625,0.0044080000000000005,1,-0.7733931727016006,69,PASS
8816,0.004408125,0.0044085,1,-1.6560437482690797,3,PASS
8817,0.004408625,0.004409000000000001,1,0.348917858776715,154,PASS
8818,0.004409125,0.0044095,1,-1.420946831238567,21,PASS
8819,0.004409625,0.004410000000000001,1,0.8228984506329022,189,PASS
8820,0.004410125,0.0044105,1,-1.3554716648021696,25,PASS
8821,0.004410625,0.004411,1,-1.3152230063775876,28,PASS
8822,0.004411125,0.0044115000000000005,1,1.4023448762182198,233,PASS
8823,0.004411625,0.004412,1,0.5136926996260252,166,PASS
8824,0.004412125,0.004412500000000001,1,0.018077549364889034,129,PASS
8825,0.004412625,0.004413,1,0.2039126357571972,143,PASS
8826,0.0044131249999999995,0.0044135,1,-0.6440166157329776,79,PASS
8827,0.004413625,0.004414,1,-0.4070479670001239,97,PASS
8828,0.004414125,0.0044145,1,0.7596646078180409,185,PASS
8829,0.004414625,0.0044150000000000005,1,-0.5015778993682822,90,PASS
8830,0.004415125,0.0044155,1,0.2893363068750243,149,PASS
8831,0.004415625,0.004416000000000001,1,0.6411228215697247,176,PASS
8832,0.004416125,0.0044165,1,-0.5429045901675082,87,PASS
8833,0.0044166249999999995,0.004417,1,0.4613016817120077,162,PASS
8834,0.004417125,0.0044175,1,-0.4936096890589716,90,PASS
8835,0.004417625,0.004418,1,-1.6683669392000036,2,PASS
8836,0.004418125,0.0044185000000000006,1,-1.0945336429041697,45,PASS
8837,0.004418625,0.004419,1,1.3824186781461043,232,PASS
8838,0.004419125,0.004419500000000001,1,-0.5233405463530256,88,PASS
8839,0.004419625,0.00442,1,0.07360159080249518,133,PASS
8840,0.004420125,0.0044205,1,1.0506046348577314,207,PASS
8841,0.004420625,0.0044210000000000005,1,0.9975295135621616,203,PASS
8842,0.004421125,0.0044215,1,0.9417656708684283,198,PASS
8843,0.004421625,0.004422000000000001,1,-0.6751908014483203,77,PASS
8844,0.004422125,0.0044225,1,0.4177645782482944,159,PASS
8845,0.004422625,0.004423000000000001,1,0.859152318781472,192,PASS
8846,0.004423125,0.0044235,1,0.36342487442593696,155,PASS
8847,0.004423625,0.004424,1,-0.41678259933941186,96,PASS
8848,0.004424125,0.0044245000000000005,1,0.5901275177670808,172,PASS
8849,0.004424625,0.004425,1,-0.6954109381815803,75,PASS
8850,0.004425125,0.004425500000000001,1,0.2880520189484259,149,PASS
8851,0.004425625,0.004426,1,0.7327037351623968,183,PASS
8852,0.0044261249999999995,0.0044265,1,0.10163415054195979,135,PASS
8853,0.004426625,0.004427,1,0.9755975474523269,201,PASS
8854,0.004427125,0.0044275,1,-0.39517852454726277,98,PASS
8855,0.004427625,0.0044280000000000005,1,0.2511074448850452,146,PASS
8856,0.004428125,0.0044285,1,-0.2715313258127441,107,PASS
8857,0.004428625,0.004429000000000001,1,1.5724633174339735,246,PASS
8858,0.004429125,0.0044295,1,-1.046692457007973,49,PASS
8859,0.0044296249999999995,0.00443,1,-0.3804893430281331,99,PASS
8860,0.004430125,0.0044305,1,0.6802326755833523,179,PASS
8861,0.004430625,0.004431,1,1.1135445974201483,211,PASS
8862,0.004431125,0.0044315000000000005,1,1.0900228174100743,210,PASS
8863,0.004431625,0.004432,1,-0.8811386752868859,61,PASS
8864,0.004432125,0.004432500000000001,1,0.670479530796398,178,PASS
8865,0.004432625,0.004433,1,-1.5841820408529936,8,PASS
8866,0.0044331249999999996,0.0044335,1,0.6845612839357103,179,PASS
8867,0.004433625,0.0044340000000000004,1,-0.08817932521483551,121,PASS
8868,0.004434125,0.0044345,1,0.8860816966128648,194,PASS
8869,0.004434625,0.004435000000000001,1,-1.2609736012039146,33,PASS
8870,0.004435125,0.0044355,1,-0.43385462299313327,95,PASS
8871,0.004435625,0.004436000000000001,1,0.9021418557911234,195,PASS
8872,0.004436125,0.0044365,1,-1.4313115566787429,20,PASS
8873,0.004436625,0.004437,1,0.9950984033302468,202,PASS
8874,0.004437125,0.0044375000000000005,1,-0.8422856848132955,64,PASS
8875,0.004437625,0.004438,1,1.6859886315743704,254,PASS
8876,0.004438125,0.004438500000000001,1,1.0228512831328136,205,PASS
8877,0.004438625,0.004439,1,0.8901986003043849,195,PASS
8878,0.0044391249999999995,0.0044395,1,-1.4855095941271172,16,PASS
8879,0.004439625,0.00444,1,-0.5552994034266912,86,PASS
8880,0.004440125,0.0044405,1,0.7180000033922502,182,PASS
8881,0.004440625,0.0044410000000000005,1,-1.1117141257707477,44,PASS
8882,0.004441125,0.0044415,1,1.3088492127522675,226,PASS
8883,0.004441625,0.004442000000000001,1,1.5446924283093602,244,PASS
8884,0.004442125,0.0044425,1,-1.4730063698808074,17,PASS
8885,0.0044426249999999995,0.004443,1,0.5856505509412939,172,PASS
8886,0.004443125,0.0044435,1,1.463487157329091,238,PASS
8887,0.004443625,0.004444,1,-1.08692813881228,46,PASS
8888,0.004444125,0.0044445000000000005,1,-0.6040387026910699,82,PASS
8889,0.004444625,0.004445,1,0.49251218555834897,165,PASS
8890,0.004445125,0.004445500000000001,1,0.7073995247685427,181,PASS
8891,0.004445625,0.004446,1,0.8493953452204417,191,PASS
8892,0.0044461249999999996,0.0044465,1,-0.28834582561413047,106,PASS
8893,0.004446625,0.004447,1,-0.6971761642751302,75,PASS
8894,0.004447125,0.0044475,1,1.6025766760213462,248,PASS
8895,0.004447625,0.0044480000000000006,1,-1.3013271900363146,30,PASS
8896,0.004448125,0.0044485,1,0.05830045395725314,132,PASS
8897,0.004448625,0.004449000000000001,1,0.27976661336686415,149,PASS
8898,0.004449125,0.0044495,1,0.5607388035337111,170,PASS
8899,0.004449625,0.00445,1,1.6686247320123389,253,PASS
8900,0.004450125,0.0044505000000000005,1,0.5908070058870323,172,PASS
8901,0.004450625,0.004451,1,1.2881428866956879,224,PASS
8902,0.004451125,0.004451500000000001,1,0.4873356598754308,164,PASS
8903,0.004451625,0.004452,1,-0.833974642549587,65,PASS
8904,0.004452125,0.004452500000000001,1,-0.9439605543704919,56,PASS
8905,0.004452625,0.004453,1,1.5983583953178095,248,PASS
8906,0.004453125,0.0044535,1,0.5316006456072031,168,PASS
8907,0.004453625,0.0044540000000000005,1,-0.978866688882907,54,PASS
8908,0.004454125,0.0044545,1,-0.3416101556229405,102,PASS
8909,0.004454625,0.004455000000000001,1,1.0088849943096323,203,PASS
8910,0.004455125,0.0044555,1,0.26867547238050005,148,PASS
8911,0.0044556249999999995,0.004456,1,-0.8026734363992527,67,PASS
8912,0.004456125,0.0044565,1,0.9732009558855059,201,PASS
8913,0.004456625,0.004457,1,-0.914987669571801,59,PASS
8914,0.004457125,0.0044575000000000005,1,-0.3721730840906803,99,PASS
8915,0.004457625,0.004458,1,-1.1796430779451306,39,PASS
8916,0.004458125,0.004458500000000001,1,-0.5951679921572495,83,PASS
8917,0.004458625,0.004459,1,1.0045757825351733,203,PASS
8918,0.0044591249999999995,0.0044595,1,0.8171590211739013,189,PASS
8919,0.004459625,0.00446,1,1.1467668367714487,214,PASS
8920,0.004460125,0.0044605,1,-1.295508114248804,30,PASS
8921,0.004460625,0.0044610000000000006,1,-0.10528750452274083,120,PASS
8922,0.004461125,0.0044615,1,-1.0842127337004828,46,PASS
8923,0.004461625,0.004462000000000001,1,-1.0523100336528457,48,PASS
8924,0.004462125,0.0044625,1,-0.36354514376246194,100,PASS
8925,0.004462625,0.004463,1,-1.3246610657239306,28,PASS
8926,0.004463125,0.0044635000000000005,1,-1.3696388551652106,24,PASS
8927,0.004463625,0.004464,1,0.18398203215914388,141,PASS
8928,0.004464125,0.004464500000000001,1,-0.3212135977773114,103,PASS
8929,0.004464625,0.004465,1,0.7372743574743661,183,PASS
8930,0.004465125,0.004465500000000001,1,-0.1826037694222411,114,PASS
8931,0.004465625,0.004466,1,-0.19142884034477103,113,PASS
8932,0.004466125,0.0044665,1,0.40504300907983404,158,PASS
8933,0.004466625,0.0044670000000000005,1,1.313052320392859,226,PASS
8934,0.004467125,0.0044675,1,0.6624311962137692,177,PASS
8935,0.004467625,0.004468000000000001,1,1.6532684526408532,252,PASS
8936,0.004468125,0.0044685,1,0.8964857004256694,195,PASS
8937,0.0044686249999999995,0.004469,1,0.23830986735905912,145,PASS
8938,0.004469125,0.0044695,1,-0.4062493267645808,97,PASS
8939,0.004469625,0.00447,1,-0.6564661816814521,78,PASS
8940,0.004470125,0.0044705000000000005,1,-0.6651929656928586,77,PASS
8941,0.004470625,0.004471,1,-1.1481706520193988,41,PASS
8942,0.004471125,0.004471500000000001,1,0.2766361600710041,148,PASS
8943,0.004471625,0.004472,1,-1.528645465093386,12,PASS
8944,0.0044721249999999995,0.0044725,1,-0.16286659471551457,115,PASS
8945,0.004472625,0.004473,1,-1.1942525648911562,38,PASS
8946,0.004473125,0.0044735,1,-1.185322648811701,38,PASS
8947,0.004473625,0.0044740000000000005,1,-1.286899079962776,31,PASS
8948,0.004474125,0.0044745,1,1.094608111731575,210,PASS
8949,0.004474625,0.004475000000000001,1,-0.9994722101885776,52,PASS
8950,0.004475125,0.0044755,1,1.2088875682634501,219,PASS
8951,0.004475625,0.004476,1,1.3139665546329644,226,PASS
8952,0.004476125,0.0044765000000000004,1,-0.6656749959728006,77,PASS
8953,0.004476625,0.004477,1,-0.26921951150893886,107,PASS
8954,0.004477125,0.004477500000000001,1,0.18029191902620667,141,PASS
8955,0.004477625,0.004478,1,-0.90438447877384,59,PASS
8956,0.004478125,0.004478500000000001,1,0.14438244309873394,138,PASS
8957,0.004478625,0.004479,1,1.3412557214862002,228,PASS
8958,0.004479125,0.0044795,1,-0.33863417185571887,102,PASS
8959,0.004479625,0.0044800000000000005,1,1.4595619784952596,237,PASS
8960,0.004480125,0.0044805,1,-0.6548963316703906,78,PASS
8961,0.004480625,0.004481000000000001,1,1.6302394392795534,250,PASS
8962,0.004481125,0.0044815,1,0.8650279144898787,193,PASS
8963,0.0044816249999999995,0.004482,1,1.415445598552077,234,PASS
8964,0.004482125,0.0044825,1,-1.5664497417300312,10,PASS
8965,0.004482625,0.004483,1,-0.08992792191027421,121,PASS
8966,0.004483125,0.0044835000000000005,1,0.1416553536622951,138,PASS
8967,0.004483625,0.004484,1,1.3158114867284973,227,PASS
8968,0.004484125,0.004484500000000001,1,1.040226229233421,206,PASS
8969,0.004484625,0.004485,1,0.35542421022852166,154,PASS
8970,0.0044851249999999995,0.0044855,1,1.3054050137624753,226,PASS
8971,0.004485625,0.004486,1,0.9408684445097799,198,PASS
8972,0.004486125,0.0044865,1,-1.1539354924085181,41,PASS
8973,0.004486625,0.0044870000000000005,1,1.074230757982772,208,PASS
8974,0.004487125,0.0044875,1,-1.1589191786948052,40,PASS
8975,0.004487625,0.004488000000000001,1,-0.4093986390550308,97,PASS
8976,0.004488125,0.0044885,1,0.5882983734115894,172,PASS
8977,0.0044886249999999996,0.004489,1,0.7524312994986351,184,PASS
8978,0.004489125,0.0044895000000000004,1,1.0322901826739665,205,PASS
8979,0.004489625,0.00449,1,0.9888525891666593,202,PASS
8980,0.004490125,0.004490500000000001,1,1.3974607576489506,233,PASS
8981,0.004490625,0.004491,1,-0.0023700553259693447,127,PASS
8982,0.004491125,0.004491500000000001,1,0.6133539089913105,174,PASS
8983,0.004491625,0.004492,1,1.599151267618925,248,PASS
8984,0.004492125,0.0044925,1,-0.5888931198804177,83,PASS
8985,0.004492625,0.0044930000000000005,1,-0.8561969423495995,63,PASS
8986,0.004493125,0.0044935,1,-0.7760015168629771,69,PASS
8987,0.004493625,0.004494000000000001,1,0.7159542079737811,181,PASS
8988,0.004494125,0.0044945,1,-1.0500049517507875,48,PASS
8989,0.0044946249999999995,0.004495,1,0.8726364921561538,193,PASS
8990,0.004495125,0.0044955,1,-0.3473918903602684,101,PASS
8991,0.004495625,0.004496,1,1.5861507236012458,247,PASS
8992,0.004496125,0.0044965000000000005,1,-0.16558525451924488,115,PASS
8993,0.004496625,0.004497,1,-1.495070467424556,15,PASS
8994,0.004497125,0.004497500000000001,1,-0.9377019144074573,57,PASS
8995,0.004497625,0.004498,1,0.7208252301803941,182,PASS
8996,0.0044981249999999995,0.0044985,1,-0.9228939909330012,58,PASS
8997,0.004498625,0.004499,1,-0.5886867799021378,83,PASS
8998,0.004499125,0.0044995,1,-1.0006859599707714,52,PASS
8999,0.004499625,0.0045000000000000005,1,1.1506536424999767,214,PASS
9000,0.004500125,0.0045005,1,0.1678868746741815,140,PASS
9001,0.004500625,0.004501000000000001,1,0.8540118564415462,192,PASS
9002,0.004501125,0.0045015,1,1.5089578110662394,241,PASS
9003,0.0045016249999999996,0.004502,1,0.6712037218639535,178,PASS
9004,0.004502125,0.0045025,1,1.1122558700432348,211,PASS
9005,0.004502625,0.004503,1,-1.133636772736986,42,PASS
9006,0.004503125,0.0045035000000000006,1,0.07619319174744033,133,PASS
9007,0.004503625,0.004504,1,1.4783350784194627,239,PASS
9008,0.004504125,0.004504500000000001,1,-0.6043394511650495,82,PASS
9009,0.004504625,0.004505,1,-1.1040511249515599,44,PASS
9010,0.004505125,0.0045055,1,0.3393760475273797,153,PASS
9011,0.004505625,0.0045060000000000005,1,1.4533217717484994,237,PASS
9012,0.004506125,0.0045065,1,-1.480016142368386,16,PASS
9013,0.004506625,0.004507000000000001,1,0.8145358588586091,189,PASS
9014,0.004507125,0.0045075,1,1.2889409134000644,225,PASS
9015,0.004507625,0.004508000000000001,1,1.1416610825246754,213,PASS
9016,0.004508125,0.0045085,1,-0.27540302949057005,107,PASS
9017,0.004508625,0.004509,1,1.6301520259332338,250,PASS
9018,0.004509125,0.0045095000000000005,1,1.4531536695568417,237,PASS
9019,0.004509625,0.00451,1,-1.1825748682022057,38,PASS
9020,0.004510125,0.004510500000000001,1,0.4928139351061398,165,PASS
9021,0.004510625,0.004511,1,-0.5922053928429758,83,PASS
9022,0.0045111249999999995,0.0045115,1,-0.6507335582514566,79,PASS
9023,0.004511625,0.004512,1,-0.6844276864131698,76,PASS
9024,0.004512125,0.0045125,1,-0.9117093973997838,59,PASS
9025,0.004512625,0.0045130000000000005,1,0.739510075219697,183,PASS
9026,0.004513125,0.0045135,1,-0.4510281581722879,94,PASS
9027,0.004513625,0.004514000000000001,1,-0.0031364286674033792,127,PASS
9028,0.004514125,0.0045145,1,0.6140572956390999,174,PASS
9029,0.0045146249999999995,0.004515,1,-0.7985700696358053,67,PASS
9030,0.004515125,0.0045155,1,-1.5941277025021119,7,PASS
9031,0.004515625,0.004516,1,0.5885141004739156,172,PASS
9032,0.004516125,0.0045165000000000005,1,-0.40628134463594323,97,PASS
9033,0.004516625,0.004517,1,-1.628746371319896,5,PASS
9034,0.004517125,0.004517500000000001,1,-0.8901028977728577,60,PASS
9035,0.004517625,0.004518,1,-0.9266458590430948,58,PASS
9036,0.004518125,0.0045185,1,1.0787602596112411,209,PASS
9037,0.004518625,0.0045190000000000004,1,-1.3576347092911925,25,PASS
9038,0.004519125,0.0045195,1,0.0641253585889181,132,PASS
9039,0.004519625,0.004520000000000001,1,1.1244431378026458,212,PASS
9040,0.004520125,0.0045205,1,0.9229213488081707,197,PASS
9041,0.004520625,0.004521000000000001,1,-0.4036487466607255,97,PASS
9042,0.004521125,0.0045215,1,1.4543268381302494,237,PASS
9043,0.004521625,0.004522,1,0.9623986977420091,200,PASS
9044,0.004522125,0.0045225000000000005,1,-1.4184293973792992,21,PASS
9045,0.004522625,0.004523,1,1.4244960025950204,235,PASS
9046,0.004523125,0.004523500000000001,1,1.3693225598111398,231,PASS
9047,0.004523625,0.004524,1,1.0841536280399133,209,PASS
9048,0.0045241249999999995,0.0045245,1,0.8134444201935056,189,PASS
9049,0.004524625,0.004525,1,-1.2048655413646605,37,PASS
9050,0.004525125,0.0045255,1,0.004433957715449299,128,PASS
9051,0.004525625,0.0045260000000000005,1,-1.2184811227409265,36,PASS
9052,0.004526125,0.0045265,1,-0.8484546083385257,64,PASS
9053,0.004526625,0.004527000000000001,1,0.45009903145208097,161,PASS
9054,0.004527125,0.0045275,1,0.9354777942260359,198,PASS
9055,0.0045276249999999995,0.004528,1,-0.5723804182268537,84,PASS
9056,0.004528125,0.0045285,1,-1.1787328909561134,39,PASS
9057,0.004528625,0.004529,1,1.6171731578401853,249,PASS
9058,0.004529125,0.0045295000000000005,1,-1.0134920752179588,51,PASS
9059,0.004529625,0.00453,1,-1.5212643567566966,13,PASS
9060,0.004530125,0.004530500000000001,1,-0.9682830609693142,55,PASS
9061,0.004530625,0.004531,1,-1.1111014065085185,44,PASS
9062,0.0045311249999999996,0.0045315,1,0.48619996121243836,164,PASS
9063,0.004531625,0.0045320000000000004,1,1.2123830580518697,219,PASS
9064,0.004532125,0.0045325,1,0.25364416545327795,147,PASS
9065,0.004532625,0.004533000000000001,1,1.2278647542159364,220,PASS
9066,0.004533125,0.0045335,1,0.3888588680045373,157,PASS
9067,0.004533625,0.004534000000000001,1,-1.335075481707781,27,PASS
9068,0.004534125,0.0045345,1,-0.4397204666620287,94,PASS
9069,0.004534625,0.004535,1,1.6155970622871678,249,PASS
9070,0.004535125,0.0045355000000000005,1,-0.05503998537573862,123,PASS
9071,0.004535625,0.004536,1,-1.2320825179202848,35,PASS
9072,0.004536125,0.004536500000000001,1,-1.4102389083985158,21,PASS
9073,0.004536625,0.004537,1,0.4212374321092536,159,PASS
9074,0.0045371249999999995,0.0045375,1,1.2453376554937468,221,PASS
9075,0.004537625,0.004538,1,0.5918333513730969,172,PASS
9076,0.004538125,0.0045385,1,1.3751545493581745,231,PASS
9077,0.004538625,0.0045390000000000005,1,-0.3224449711486672,103,PASS
9078,0.004539125,0.0045395,1,-1.0736768859195744,47,PASS
9079,0.004539625,0.004540000000000001,1,-0.25066978700220544,109,PASS
9080,0.004540125,0.0045405,1,0.28896603412583,149,PASS
9081,0.0045406249999999995,0.004541,1,-0.2754901964251961,107,PASS
9082,0.004541125,0.0045415,1,1.4948408310190027,240,PASS
9083,0.004541625,0.004542,1,-0.3422029005574878,102,PASS
9084,0.004542125,0.0045425000000000005,1,-0.8287939135222034,65,PASS
9085,0.004542625,0.004543,1,-0.9571504544811866,55,PASS
9086,0.004543125,0.004543500000000001,1,1.1588387748543434,215,PASS
9087,0.004543625,0.004544,1,0.26247915385314813,147,PASS
9088,0.0045441249999999996,0.0045445,1,0.3098971405369293,151,PASS
9089,0.004544625,0.004545,1,-0.5322142548874575,87,PASS
9090,0.004545125,0.0045455,1,0.28008380094264007,149,PASS
9091,0.004545625,0.0045460000000000006,1,-0.7265194603780204,73,PASS
9092,0.004546125,0.0045465,1,-1.6678292902122311,2,PASS
9093,0.004546625,0.004547000000000001,1,1.0512561257560862,207,PASS
9094,0.004547125,0.0045475,1,0.5555598643147566,169,PASS
9095,0.004547625,0.004548,1,-0.2177655463297341,111,PASS
9096,0.004548125,0.0045485000000000005,1,-0.5243911754044464,88,PASS
9097,0.004548625,0.004549,1,-0.09602948129806177,120,PASS
9098,0.004549125,0.004549500000000001,1,1.5114287669191253,241,PASS
9099,0.004549625,0.00455,1,-1.0243513217978557,50,PASS
9100,0.004550125,0.004550500000000001,1,0.8162073823123828,189,PASS
9101,0.004550625,0.004551,1,0.6769926215800084,178,PASS
9102,0.004551125,0.0045515,1,0.783852704938748,187,PASS
9103,0.004551625,0.0045520000000000005,1,-0.4069593953706083,97,PASS
9104,0.004552125,0.0045525,1,-1.4116927304943068,21,PASS
9105,0.004552625,0.004553000000000001,1,0.7599805468449554,185,PASS
9106,0.004553125,0.0045535,1,0.5964891628442397,172,PASS
9107,0.0045536249999999995,0.004554,1,1.499611707520254,240,PASS
9108,0.004554125,0.0045545,1,1.186980432513031,217,PASS
9109,0.004554625,0.004555,1,0.6461428149492179,176,PASS
9110,0.004555125,0.0045555000000000005,1,-0.33235948834306894,102,PASS
9111,0.004555625,0.004556,1,0.5379038431087755,168,PASS
9112,0.004556125,0.004556500000000001,1,-0.07336553866064244,122,PASS
9113,0.004556625,0.004557,1,-0.05848136451650987,123,PASS
9114,0.0045571249999999995,0.0045575,1,-0.21754133105781537,111,PASS
9115,0.004557625,0.004558,1,0.4448718767337596,161,PASS
9116,0.004558125,0.0045585,1,-0.3757726423122303,99,PASS
9117,0.004558625,0.0045590000000000006,1,-1.4156633018440834,21,PASS
9118,0.004559125,0.0045595,1,-0.11579553839849765,119,PASS
9119,0.004559625,0.004560000000000001,1,-0.7549861348614988,71,PASS
9120,0.004560125,0.0045605,1,-0.2584869603094977,108,PASS
9121,0.004560625,0.004561,1,-0.37877311423208426,99,PASS
9122,0.004561125,0.0045615000000000005,1,0.9083571896079452,196,PASS
9123,0.004561625,0.004562,1,1.6382189661917115,251,PASS
9124,0.004562125,0.004562500000000001,1,-1.0252888157715716,50,PASS
9125,0.004562625,0.004563,1,-0.7965143112750385,68,PASS
9126,0.004563125,0.004563500000000001,1,-1.4565626092855846,18,PASS
9127,0.004563625,0.004564,1,1.0722989507685579,208,PASS
9128,0.004564125,0.0045645,1,-0.31218310277221173,104,PASS
9129,0.004564625,0.0045650000000000005,1,-1.464965170791809,17,PASS
9130,0.004565125,0.0045655,1,1.308918217720856,226,PASS
9131,0.004565625,0.004566000000000001,1,-0.028166215407335438,125,PASS
9132,0.004566125,0.0045665,1,1.4329522971372743,235,PASS
9133,0.0045666249999999995,0.004567,1,-1.0239024908549583,50,PASS
9134,0.004567125,0.0045675,1,-0.11650035947527582,119,PASS
9135,0.004567625,0.004568,1,-0.9528544720330148,56,PASS
9136,0.004568125,0.0045685000000000005,1,0.277572077024024,148,PASS
9137,0.004568625,0.004569,1,1.500947864595785,241,PASS
9138,0.004569125,0.004569500000000001,1,0.7943839982507075,187,PASS
9139,0.004569625,0.00457,1,-0.4905264135999421,91,PASS
9140,0.0045701249999999995,0.0045705,1,0.16059823688942054,140,PASS
9141,0.004570625,0.004571,1,-1.1139539879893423,44,PASS
9142,0.004571125,0.0045715,1,-0.12615620750448797,118,PASS
9143,0.004571625,0.0045720000000000005,1,0.22153561747662764,144,PASS
9144,0.004572125,0.0045725,1,1.4892155987331777,240,PASS
9145,0.004572625,0.004573000000000001,1,0.8950217941201142,195,PASS
9146,0.004573125,0.0045735,1,0.9946645313832978,202,PASS
9147,0.0045736249999999996,0.004574,1,-0.055936837697174724,123,PASS
9148,0.004574125,0.0045745000000000004,1,-0.2138316859198386,111,PASS
9149,0.004574625,0.004575,1,-0.5645398665404182,85,PASS
9150,0.004575125,0.004575500000000001,1,-1.5253226161926663,13,PASS
9151,0.004575625,0.004576,1,-0.7129799084648673,74,PASS
9152,0.004576125,0.004576500000000001,1,-1.0098237344340713,51,PASS
9153,0.004576625,0.004577,1,0.08535106659572955,134,PASS
9154,0.004577125,0.0045775,1,0.5785287619920629,171,PASS
9155,0.004577625,0.0045780000000000005,1,1.05288061526753,207,PASS
9156,0.004578125,0.0045785,1,-0.0775240632644183,122,PASS
9157,0.004578625,0.004579000000000001,1,1.5332820015680386,243,PASS
9158,0.004579125,0.0045795,1,-0.17255338190586622,115,PASS
9159,0.0045796249999999995,0.00458,1,0.7092815506293817,181,PASS
9160,0.004580125,0.0045805,1,-1.3955601053552238,22,PASS
9161,0.004580625,0.004581,1,-0.9688947430450482,55,PASS
9162,0.004581125,0.0045815000000000005,1,0.22156546103117924,144,PASS
9163,0.004581625,0.004582,1,-1.039892332653317,49,PASS
9164,0.004582125,0.004582500000000001,1,0.9552027118548396,199,PASS
9165,0.004582625,0.004583,1,-0.23612513257486367,110,PASS
9166,0.0045831249999999995,0.0045835,1,-1.2411713920802272,34,PASS
9167,0.004583625,0.004584,1,0.9178284476937659,197,PASS
9168,0.004584125,0.0045845,1,1.0799983424506514,209,PASS
9169,0.004584625,0.0045850000000000005,1,-1.4494253645969204,18,PASS
9170,0.004585125,0.0045855,1,-0.7567815711885602,71,PASS
9171,0.004585625,0.004586000000000001,1,0.7257878370599775,182,PASS
9172,0.004586125,0.0045865,1,1.025606769907516,205,PASS
9173,0.0045866249999999996,0.004587,1,-1.2202690861875944,36,PASS
9174,0.004587125,0.0045875,1,1.5018642700261056,241,PASS
9175,0.004587625,0.004588,1,1.4226415230707474,235,PASS
9176,0.004588125,0.0045885000000000006,1,-0.85020806956218,63,PASS
9177,0.004588625,0.004589,1,0.6583150068750927,177,PASS
9178,0.004589125,0.004589500000000001,1,0.9713138787634545,201,PASS
9179,0.004589625,0.00459,1,-1.0735910563104967,47,PASS
9180,0.004590125,0.0045905,1,0.7479207089410111,184,PASS
9181,0.004590625,0.0045910000000000005,1,1.4705727568923066,238,PASS
9182,0.004591125,0.0045915,1,0.2712438338675143,148,PASS
9183,0.004591625,0.004592000000000001,1,0.7486866594914214,184,PASS
9184,0.004592125,0.0045925,1,-0.6867319646365122,76,PASS
9185,0.0045926249999999995,0.004593,1,0.8086439600387811,188,PASS
9186,0.004593125,0.0045935,1,-1.6486660026350317,3,PASS
9187,0.004593625,0.004594,1,-1.2477243233012634,34,PASS
9188,0.004594125,0.0045945000000000005,1,-0.9778548799344812,54,PASS
9189,0.004594625,0.004595,1,-0.15618848634245874,116,PASS
9190,0.004595125,0.004595500000000001,1,0.5585707306089256,170,PASS
9191,0.004595625,0.004596,1,-1.347062581020421,26,PASS
9192,0.0045961249999999995,0.0045965,1,-0.08301719113028638,121,PASS
9193,0.004596625,0.004597,1,0.47260066561297953,163,PASS
9194,0.004597125,0.0045975,1,-0.115466748505195,119,PASS
9195,0.004597625,0.0045980000000000005,1,0.4379849888619367,160,PASS
9196,0.004598125,0.0045985,1,1.0163632472992112,204,PASS
9197,0.004598625,0.004599000000000001,1,-1.2347719185290649,35,PASS
9198,0.004599125,0.0045995,1,1.2834280145133194,224,PASS
9199,0.0045996249999999995,0.0046,1,1.1122714558518758,211,PASS
9200,0.004600125,0.0046005,1,-0.9939511047787796,53,PASS
9201,0.004600625,0.004601,1,-0.04902050003656533,124,PASS
9202,0.004601125,0.0046015000000000006,1,0.26182670752870885,147,PASS
9203,0.004601625,0.004602,1,0.4902427805394176,164,PASS
9204,0.004602125,0.004602500000000001,1,-0.1933378005865274,113,PASS
9205,0.004602625,0.004603,1,-0.7786920873303707,69,PASS
9206,0.004603125,0.0046035,1,1.5532741842430082,244,PASS
9207,0.004603625,0.0046040000000000005,1,-0.6785982563842601,76,PASS
9208,0.004604125,0.0046045,1,-0.7900148157136926,68,PASS
9209,0.004604625,0.004605000000000001,1,0.026438070741705788,129,PASS
9210,0.004605125,0.0046055,1,0.4556178351439837,162,PASS
9211,0.004605625,0.004606000000000001,1,0.9085750994535531,196,PASS
9212,0.004606125,0.0046065,1,0.7585799867204541,185,PASS
9213,0.004606625,0.004607,1,-0.388943834387673,98,PASS
9214,0.004607125,0.0046075000000000005,1,-0.9828586900873816,53,PASS
9215,0.004607625,0.004608,1,-1.2124798595852386,36,PASS
9216,0.004608125,0.004608500000000001,1,0.18503424899191234,141,PASS
9217,0.004608625,0.004609,1,-1.4860845076788713,16,PASS
9218,0.0046091249999999995,0.0046095,1,1.2106910508867321,219,PASS
9219,0.004609625,0.00461,1,1.1772943594554859,216,PASS
9220,0.004610125,0.0046105,1,1.3718000088051105,231,PASS
9221,0.004610625,0.0046110000000000005,1,0.7219101637775103,182,PASS
9222,0.004611125,0.0046115,1,-0.1108722920938432,119,PASS
9223,0.004611625,0.004612000000000001,1,0.2146666880951269,144,PASS
9224,0.004612125,0.0046125,1,-0.9759102696205999,54,PASS
9225,0.0046126249999999995,0.004613,1,-0.6831961390912678,76,PASS
9226,0.004613125,0.0046135,1,-0.5606938247922806,85,PASS
9227,0.004613625,0.004614,1,0.060816746982359504,132,PASS
9228,0.004614125,0.0046145000000000005,1,1.0769641598010071,209,PASS
9229,0.004614625,0.004615,1,1.4907441881119012,240,PASS
9230,0.004615125,0.004615500000000001,1,0.8876460376008748,194,PASS
9231,0.004615625,0.004616,1,0.910246647302319,196,PASS
9232,0.004616125,0.0046165,1,1.361877095095849,230,PASS
9233,0.004616625,0.0046170000000000004,1,-0.5263009485971932,88,PASS
9234,0.004617125,0.0046175,1,0.1075323389036007,136,PASS
9235,0.004617625,0.004618000000000001,1,1.432905380931609,235,PASS
9236,0.004618125,0.0046185,1,1.2157752907111556,219,PASS
9237,0.004618625,0.004619000000000001,1,-0.4049781572690987,97,PASS
9238,0.004619125,0.0046195,1,1.0679937329231295,208,PASS
9239,0.004619625,0.00462,1,-0.5901106213382019,83,PASS
9240,0.004620125,0.0046205000000000005,1,-0.1583128985494171,116,PASS
9241,0.004620625,0.004621,1,1.6475110291468111,252,PASS
9242,0.004621125,0.004621500000000001,1,1.4357495264557663,236,PASS
9243,0.004621625,0.004622,1,1.666704230201508,253,PASS
9244,0.0046221249999999995,0.0046225,1,0.39774292770864217,157,PASS
9245,0.004622625,0.004623,1,-1.025591487982665,50,PASS
9246,0.004623125,0.0046235,1,-0.2812637065992385,106,PASS
9247,0.004623625,0.0046240000000000005,1,1.2148163562141725,219,PASS
9248,0.004624125,0.0046245,1,-0.9219679468387267,58,PASS
9249,0.004624625,0.004625000000000001,1,-1.1215221973630785,43,PASS
9250,0.004625125,0.0046255,1,0.6141257253876116,174,PASS
9251,0.0046256249999999995,0.004626,1,-0.8609825894336589,63,PASS
9252,0.004626125,0.0046265,1,-1.6048692786456435,7,PASS
9253,0.004626625,0.004627,1,-1.3149013597306074,28,PASS
9254,0.004627125,0.0046275000000000005,1,1.58454004321243,247,PASS
9255,0.004627625,0.004628,1,-0.44596424755739816,94,PASS
9256,0.004628125,0.004628500000000001,1,-0.5737707438285251,84,PASS
9257,0.004628625,0.004629,1,0.31080549582308614,151,PASS
9258,0.0046291249999999996,0.0046295,1,0.39324294099428303,157,PASS
9259,0.004629625,0.0046300000000000004,1,1.692195925360841,255,PASS
9260,0.004630125,0.0046305,1,-0.6165784695277159,81,PASS
9261,0.004630625,0.004631000000000001,1,0.348797178143063,154,PASS
9262,0.004631125,0.0046315,1,-0.6697530809666739,77,PASS
9263,0.004631625,0.004632000000000001,1,1.6625108231258456,253,PASS
9264,0.004632125,0.0046325,1,0.19514480846154814,142,PASS
9265,0.004632625,0.004633,1,-0.6922992187281469,75,PASS
9266,0.004633125,0.0046335000000000005,1,1.6721452962823002,253,PASS
9267,0.004633625,0.004634,1,0.6558489554783342,177,PASS
9268,0.004634125,0.004634500000000001,1,0.4777253176440601,163,PASS
9269,0.004634625,0.004635,1,0.18875012174386785,142,PASS
9270,0.0046351249999999995,0.0046355,1,1.0995358606738213,210,PASS
9271,0.004635625,0.004636,1,1.542258176877614,244,PASS
9272,0.004636125,0.0046365,1,0.48012600502938496,164,PASS
9273,0.004636625,0.0046370000000000005,1,1.677480457450497,254,PASS
9274,0.004637125,0.0046375,1,1.560551406785114,245,PASS
9275,0.004637625,0.004638000000000001,1,-1.1268711190188072,43,PASS
9276,0.004638125,0.0046385,1,0.8969901411161556,195,PASS
9277,0.0046386249999999995,0.004639,1,1.3795327295064366,231,PASS
9278,0.004639125,0.0046395,1,-1.3053671828307882,29,PASS
9279,0.004639625,0.00464,1,-1.0456793495274488,49,PASS
9280,0.004640125,0.0046405000000000005,1,-1.1192148878726695,43,PASS
9281,0.004640625,0.004641,1,0.10654668114433852,136,PASS
9282,0.004641125,0.004641500000000001,1,-1.4250090164969076,20,PASS
9283,0.004641625,0.004642,1,-1.0705461396444882,47,PASS
9284,0.0046421249999999996,0.0046425,1,-0.8039124725216807,67,PASS
9285,0.004642625,0.004643,1,0.8480402118146253,191,PASS
9286,0.004643125,0.0046435,1,-0.9738665498330039,54,PASS
9287,0.004643625,0.0046440000000000006,1,1.450055609742104,237,PASS
9288,0.004644125,0.0046445,1,-1.3370109476993388,27,PASS
9289,0.004644625,0.004645000000000001,1,0.461665408034589,162,PASS
9290,0.004645125,0.0046455,1,-0.054947117672629275,123,PASS
9291,0.004645625,0.004646,1,-1.2070224406776966,37,PASS
9292,0.004646125,0.0046465000000000005,1,-0.5722444438424639,84,PASS
9293,0.004646625,0.004647,1,0.6657582020323469,178,PASS
9294,0.004647125,0.004647500000000001,1,0.2561000726470346,147,PASS
9295,0.004647625,0.004648,1,-0.8146785773164472,66,PASS
9296,0.004648125,0.004648500000000001,1,-0.018918647516034115,126,PASS
9297,0.004648625,0.004649,1,-1.2188057621848953,36,PASS
9298,0.004649125,0.0046495,1,-1.1755032465506527,39,PASS
9299,0.004649625,0.0046500000000000005,1,-0.6304583061347739,80,PASS
9300,0.004650125,0.0046505,1,-0.8270567931781347,65,PASS
9301,0.004650625,0.004651000000000001,1,-0.5459909621954286,86,PASS
9302,0.004651125,0.0046515,1,0.8490930019140845,191,PASS
9303,0.0046516249999999995,0.004652,1,-1.633817754188294,4,PASS
9304,0.004652125,0.0046525,1,0.5106905650286839,166,PASS
9305,0.004652625,0.004653,1,-1.3433824127615077,26,PASS
9306,0.004653125,0.0046535000000000005,1,1.656611926917847,252,PASS
9307,0.004653625,0.004654,1,-1.3691502369240685,24,PASS
9308,0.004654125,0.004654500000000001,1,0.2782746148221338,148,PASS
9309,0.004654625,0.004655,1,0.885863348746055,194,PASS
9310,0.0046551249999999995,0.0046555,1,-1.4659746563581446,17,PASS
9311,0.004655625,0.004656,1,-0.5634045142497974,85,PASS
9312,0.004656125,0.0046565,1,0.1514562799054986,139,PASS
9313,0.004656625,0.0046570000000000005,1,1.1436062866790488,214,PASS
9314,0.004657125,0.0046575,1,-0.22640115421059837,110,PASS
9315,0.004657625,0.004658000000000001,1,-0.8942094371200471,60,PASS
9316,0.004658125,0.0046585,1,0.7122932047648647,181,PASS
9317,0.004658625,0.004659,1,-1.6040653310265438,7,PASS
9318,0.004659125,0.0046595000000000004,1,0.7470382964360331,184,PASS
9319,0.004659625,0.00466,1,-1.1682642495385056,40,PASS
9320,0.004660125,0.004660500000000001,1,-0.06720586173207965,122,PASS
9321,0.004660625,0.004661,1,-0.39771653347145364,98,PASS
9322,0.004661125,0.004661500000000001,1,-0.5925093371890475,83,PASS
9323,0.004661625,0.004662,1,0.259423927758792,147,PASS
9324,0.004662125,0.0046625,1,-0.08347749809978611,121,PASS
9325,0.004662625,0.0046630000000000005,1,1.2290964496811372,220,PASS
9326,0.004663125,0.0046635,1,0.583062143478452,171,PASS
9327,0.004663625,0.004664000000000001,1,-0.20343832807365647,112,PASS
9328,0.004664125,0.0046645,1,-1.4717997016083326,17,PASS
9329,0.0046646249999999995,0.004665,1,-1.6213723047727966,5,PASS
9330,0.004665125,0.0046655,1,-1.3447476461219072,26,PASS
9331,0.004665625,0.004666,1,1.1661252614232651,215,PASS
9332,0.004666125,0.0046665000000000005,1,-0.7837867486273583,68,PASS
9333,0.004666625,0.004667,1,0.1416014106341097,138,PASS
9334,0.004667125,0.004667500000000001,1,0.04976123261027299,131,PASS
9335,0.004667625,0.004668,1,-0.40327248921798664,97,PASS
9336,0.0046681249999999995,0.0046685,1,0.20277928104184162,143,PASS
9337,0.004668625,0.004669,1,1.1024665718346431,211,PASS
9338,0.004669125,0.0046695,1,0.42711753653223705,160,PASS
9339,0.004669625,0.0046700000000000005,1,0.5633523943913958,170,PASS
9340,0.004670125,0.0046705,1,1.5356509913422454,243,PASS
9341,0.004670625,0.004671000000000001,1,0.3005402303558624,150,PASS
9342,0.004671125,0.0046715,1,-0.6588284080586986,78,PASS
9343,0.0046716249999999996,0.004672,1,-1.6559542337649429,3,PASS
9344,0.004672125,0.0046725000000000004,1,-0.7769793883955267,69,PASS
9345,0.004672625,0.004673,1,0.19625028258272326,142,PASS
9346,0.004673125,0.004673500000000001,1,1.3024194814251804,226,PASS
9347,0.004673625,0.004674,1,-1.403763896250581,22,PASS
9348,0.004674125,0.004674500000000001,1,-1.1909460027464653,38,PASS
9349,0.004674625,0.004675,1,-0.3399429861337202,102,PASS
9350,0.004675125,0.0046755,1,-0.6663278458161621,77,PASS
9351,0.004675625,0.0046760000000000005,1,-0.4954697136196238,90,PASS
9352,0.004676125,0.0046765,1,-0.21119585377928862,112,PASS
9353,0.004676625,0.004677000000000001,1,0.586100737015739,172,PASS
9354,0.004677125,0.0046775,1,-1.0036524362258712,52,PASS
9355,0.0046776249999999995,0.004678,1,0.8025098500197057,188,PASS
9356,0.004678125,0.0046785,1,0.13419920330945723,138,PASS
9357,0.004678625,0.004679,1,-1.49655407260665,15,PASS
9358,0.004679125,0.0046795000000000005,1,1.3298968970242588,228,PASS
9359,0.004679625,0.00468,1,-0.41352104360030895,96,PASS
9360,0.004680125,0.004680500000000001,1,0.8465456509992946,191,PASS
9361,0.004680625,0.004681,1,0.5669602284008433,170,PASS
9362,0.0046811249999999995,0.0046815,1,-0.7558402138313141,71,PASS
9363,0.004681625,0.004682,1,0.6486722738520629,176,PASS
9364,0.004682125,0.0046825,1,-1.474352921572577,16,PASS
9365,0.004682625,0.0046830000000000005,1,-0.965058282570978,55,PASS
9366,0.004683125,0.0046835,1,1.3707477106412969,231,PASS
9367,0.004683625,0.004684000000000001,1,-1.35912191003607,25,PASS
9368,0.004684125,0.0046845,1,0.7089347947356195,181,PASS
9369,0.0046846249999999996,0.004685,1,1.200229485296158,218,PASS
9370,0.004685125,0.0046855,1,-0.1564522287200023,116,PASS
9371,0.004685625,0.004686,1,-1.5290594434112408,12,PASS
9372,0.004686125,0.0046865000000000006,1,1.2138421189508428,219,PASS
9373,0.004686625,0.004687,1,0.7526384599704621,184,PASS
9374,0.004687125,0.004687500000000001,1,0.17292860100558927,141,PASS
9375,0.004687625,0.004688,1,-1.1326461407639328,42,PASS
9376,0.004688125,0.0046885,1,0.8305499292406522,190,PASS
9377,0.004688625,0.0046890000000000005,1,0.9116811526448887,196,PASS
9378,0.004689125,0.0046895,1,-0.9139652474421147,59,PASS
9379,0.004689625,0.004690000000000001,1,-1.3990733236032982,22,PASS
9380,0.004690125,0.0046905,1,0.9763894214248803,201,PASS
9381,0.0046906249999999995,0.004691,1,1.3646334422516413,230,PASS
9382,0.004691125,0.0046915,1,0.016057741279696502,129,PASS
9383,0.004691625,0.004692,1,-1.2143367418001847,36,PASS
9384,0.004692125,0.0046925000000000005,1,0.49080549992057265,164,PASS
9385,0.004692625,0.004693,1,-0.08382239199634478,121,PASS
9386,0.004693125,0.004693500000000001,1,0.02813242883577982,130,PASS
9387,0.004693625,0.004694,1,-0.30904180727483,104,PASS
9388,0.0046941249999999995,0.0046945,1,-1.4934474531389823,15,PASS
9389,0.004694625,0.004695,1,-0.39711495091549254,98,PASS
9390,0.004695125,0.0046955,1,-0.6473541378185388,79,PASS
9391,0.004695625,0.0046960000000000005,1,0.9398834838486712,198,PASS
9392,0.004696125,0.0046965,1,1.4564753330670073,237,PASS
9393,0.004696625,0.004697000000000001,1,-0.4487993521823439,94,PASS
9394,0.004697125,0.0046975,1,0.7247527082738408,182,PASS
9395,0.0046976249999999995,0.004698,1,-0.8626760013327927,63,PASS
9396,0.004698125,0.0046985,1,-1.2741555176040642,32,PASS
9397,0.004698625,0.004699,1,-1.5720789312147891,9,PASS
9398,0.004699125,0.0046995000000000006,1,0.07710708968988178,133,PASS
9399,0.004699625,0.0047,1,1.211735376078076,219,PASS
9400,0.004700125,0.004700500000000001,1,-0.6665408231154275,77,PASS
9401,0.004700625,0.004701,1,0.9821101477028933,201,PASS
9402,0.004701125,0.0047015,1,0.6821615894913606,179,PASS
9403,0.004701625,0.0047020000000000005,1,0.41525330536441474,159,PASS
9404,0.004702125,0.0047025,1,0.35570975239750946,154,PASS
9405,0.004702625,0.004703000000000001,1,-0.8882198058730748,61,PASS
9406,0.004703125,0.0047035,1,1.298785156054463,225,PASS
9407,0.004703625,0.004704000000000001,1,0.4064575507829795,158,PASS
9408,0.004704125,0.0047045,1,1.695545994293534,255,PASS
9409,0.004704625,0.004705,1,0.5016470857136894,165,PASS
9410,0.004705125,0.0047055000000000005,1,-1.1839008742410229,38,PASS
9411,0.004705625,0.004706,1,0.48308432222678177,164,PASS
9412,0.004706125,0.004706500000000001,1,-1.1296438561252753,42,PASS
9413,0.004706625,0.004707,1,-0.23522355076526047,110,PASS
9414,0.0047071249999999995,0.0047075,1,-0.20465349560028057,112,PASS
9415,0.004707625,0.004708,1,-1.1002514312035498,45,PASS
9416,0.004708125,0.0047085,1,1.1559625358929366,215,PASS
9417,0.004708625,0.0047090000000000005,1,-1.239923672518064,34,PASS
9418,0.004709125,0.0047095,1,0.8553910230489061,192,PASS
9419,0.004709625,0.004710000000000001,1,0.07364938073843108,133,PASS
9420,0.004710125,0.0047105,1,0.7262022397998422,182,PASS
9421,0.0047106249999999995,0.004711,1,-0.05862818253526125,123,PASS
9422,0.004711125,0.0047115,1,-1.1968743770807837,37,PASS
9423,0.004711625,0.004712,1,0.3960394260245492,157,PASS
9424,0.004712125,0.0047125000000000005,1,0.31262131587121567,151,PASS
9425,0.004712625,0.004713,1,-0.4157758300857317,96,PASS
9426,0.004713125,0.004713500000000001,1,-0.907404844087157,59,PASS
9427,0.004713625,0.004714,1,-0.8721926123336432,62,PASS
9428,0.0047141249999999996,0.0047145,1,-1.4672826661619809,17,PASS
9429,0.004714625,0.0047150000000000004,1,-0.3131431145490673,104,PASS
9430,0.004715125,0.0047155,1,1.346308448268325,229,PASS
9431,0.004715625,0.004716000000000001,1,0.38949557185778727,157,PASS
9432,0.004716125,0.0047165,1,-1.5289659277501126,12,PASS
9433,0.004716625,0.004717000000000001,1,0.1167389247123205,136,PASS
9434,0.004717125,0.0047175,1,1.6640304796611576,253,PASS
9435,0.004717625,0.004718,1,0.3987977016356832,158,PASS
9436,0.004718125,0.0047185000000000005,1,-0.7303225346926724,73,PASS
9437,0.004718625,0.004719,1,-1.238886656569149,34,PASS
9438,0.004719125,0.004719500000000001,1,0.5674563424040533,170,PASS
9439,0.004719625,0.00472,1,-1.3001757270449898,30,PASS
9440,0.0047201249999999995,0.0047205,1,-1.2871834360089438,31,PASS
9441,0.004720625,0.004721,1,-0.6789699429195166,76,PASS
9442,0.004721125,0.0047215,1,-0.7389552734612131,72,PASS
9443,0.004721625,0.0047220000000000005,1,1.5781457268836292,246,PASS
9444,0.004722125,0.0047225,1,0.5610021458268337,170,PASS
9445,0.004722625,0.004723000000000001,1,-0.4564929805474167,93,PASS
9446,0.004723125,0.0047235,1,1.4874118829353875,239,PASS
9447,0.0047236249999999995,0.004724,1,1.1645780073125536,215,PASS
9448,0.004724125,0.0047245,1,1.6098942520136748,249,PASS
9449,0.004724625,0.004725,1,0.8449466442720481,191,PASS
9450,0.004725125,0.0047255000000000005,1,-1.3480077229219454,26,PASS
9451,0.004725625,0.004726,1,0.157681786002575,139,PASS
9452,0.004726125,0.004726500000000001,1,-0.3404869854471091,102,PASS
9453,0.004726625,0.004727,1,0.8803859769598954,194,PASS
9454,0.0047271249999999996,0.0047275,1,-1.6470207192355577,3,PASS
9455,0.004727625,0.004728,1,0.7779493059689966,186,PASS
9456,0.004728125,0.0047285,1,1.3280121601767252,227,PASS
9457,0.004728625,0.0047290000000000006,1,1.4067655636660537,233,PASS
9458,0.004729125,0.0047295,1,-0.5308631652885911,88,PASS
9459,0.004729625,0.004730000000000001,1,-0.9391453622103562,57,PASS
9460,0.004730125,0.0047305,1,1.0249033171157558,205,PASS
9461,0.004730625,0.004731,1,0.9467055219490879,199,PASS
9462,0.004731125,0.0047315000000000005,1,-0.10152650883136327,120,PASS
9463,0.004731625,0.004732,1,0.844436723189032,191,PASS
9464,0.004732125,0.004732500000000001,1,0.7061917195836085,181,PASS
9465,0.004732625,0.004733,1,-1.5145429507279295,13,PASS
9466,0.0047331249999999995,0.0047335,1,1.3415298762425276,229,PASS
9467,0.004733625,0.004734,1,-0.5842925797032998,84,PASS
9468,0.004734125,0.0047345,1,-1.6172473484853456,6,PASS
9469,0.004734625,0.0047350000000000005,1,0.7295090646576019,182,PASS
9470,0.004735125,0.0047355,1,1.250934554173442,222,PASS
9471,0.004735625,0.004736000000000001,1,0.800910392357767,188,PASS
9472,0.004736125,0.0047365,1,1.6508318428196394,252,PASS
9473,0.0047366249999999995,0.004737,1,0.8485866889074394,191,PASS
9474,0.004737125,0.0047375,1,-0.36009589773700945,100,PASS
9475,0.004737625,0.004738,1,0.08127496451990868,134,PASS
9476,0.004738125,0.0047385000000000005,1,-1.5306900543288535,12,PASS
9477,0.004738625,0.004739,1,1.0921685374184207,210,PASS
9478,0.004739125,0.004739500000000001,1,-0.2935816947602039,105,PASS
9479,0.004739625,0.00474,1,-0.24541036159784646,109,PASS
9480,0.0047401249999999995,0.0047405,1,0.49338620453107107,165,PASS
9481,0.004740625,0.004741,1,-0.43190780363454273,95,PASS
9482,0.004741125,0.0047415,1,0.3269387036196585,152,PASS
9483,0.004741625,0.0047420000000000006,1,1.2552622663922344,222,PASS
9484,0.004742125,0.0047425,1,-0.7003029862365394,75,PASS
9485,0.004742625,0.004743000000000001,1,0.3421765796589542,153,PASS
9486,0.004743125,0.0047435,1,-0.8740387579094921,62,PASS
9487,0.004743625,0.004744,1,0.3826608260617512,156,PASS
9488,0.004744125,0.0047445000000000005,1,1.4218853128784443,235,PASS
9489,0.004744625,0.004745,1,-0.3615205605337677,100,PASS
9490,0.004745125,0.004745500000000001,1,-1.6149043703013657,6,PASS
9491,0.004745625,0.004746,1,-0.9326257423746971,57,PASS
9492,0.004746125,0.004746500000000001,1,0.12171245824677279,137,PASS
9493,0.004746625,0.004747,1,-0.4852505596523635,91,PASS
9494,0.004747125,0.0047475,1,0.12443552467719177,137,PASS
9495,0.004747625,0.0047480000000000005,1,0.4753231302569463,163,PASS
9496,0.004748125,0.0047485,1,-1.2233539476452222,35,PASS
9497,0.004748625,0.004749000000000001,1,-0.8622370423846695,63,PASS
9498,0.004749125,0.0047495,1,0.15374207785261462,139,PASS
9499,0.0047496249999999995,0.00475,1,-1.2095861072944216,36,PASS
9500,0.004750125,0.0047505,1,0.7603845840298116,185,PASS
9501,0.004750625,0.004751,1,0.05459439282973877,132,PASS
9502,0.004751125,0.0047515000000000005,1,0.5013729778339286,165,PASS
9503,0.004751625,0.004752,1,-1.160854347412215,40,PASS
9504,0.004752125,0.004752500000000001,1,1.4830856555747933,239,PASS
9505,0.004752625,0.004753,1,1.6206715903932556,250,PASS
9506,0.0047531249999999995,0.0047535,1,0.5266559508949744,167,PASS
9507,0.004753625,0.004754,1,-0.4477894976531356,94,PASS
9508,0.004754125,0.0047545,1,0.73565376561682,183,PASS
9509,0.004754625,0.0047550000000000005,1,-0.5775627371818199,84,PASS
9510,0.004755125,0.0047555,1,0.5360330042014689,168,PASS
9511,0.004755625,0.004756000000000001,1,-0.2630375820643531,108,PASS
9512,0.004756125,0.0047565,1,0.4782545654605952,164,PASS
9513,0.004756625,0.004757,1,1.3737955332577527,231,PASS
9514,0.004757125,0.0047575000000000004,1,-0.8271682541979659,65,PASS
9515,0.004757625,0.004758,1,0.10338861783602371,135,PASS
9516,0.004758125,0.004758500000000001,1,-0.6360777486911076,80,PASS
9517,0.004758625,0.004759,1,1.3659213640671586,230,PASS
9518,0.004759125,0.004759500000000001,1,1.5274483401825074,243,PASS
9519,0.004759625,0.00476,1,-0.5941213202753501,83,PASS
9520,0.004760125,0.0047605,1,0.7883324294293439,187,PASS
9521,0.004760625,0.0047610000000000005,1,-0.8805418844385949,61,PASS
9522,0.004761125,0.0047615,1,0.008531737478070234,128,PASS
9523,0.004761625,0.004762000000000001,1,0.5604245212232424,170,PASS
9524,0.004762125,0.0047625,1,0.759234067940102,185,PASS
9525,0.0047626249999999995,0.004763,1,1.4886881870471165,240,PASS
9526,0.004763125,0.0047635,1,0.009450162007486274,128,PASS
9527,0.004763625,0.004764,1,-0.19995798233826645,112,PASS
9528,0.004764125,0.0047645000000000005,1,0.5074197611108635,166,PASS
9529,0.004764625,0.004765,1,-0.23258707851125182,110,PASS
9530,0.004765125,0.004765500000000001,1,1.4687239920602686,238,PASS
9531,0.004765625,0.004766,1,1.0411474538330918,206,PASS
9532,0.0047661249999999995,0.0047665,1,-0.12774788057423758,118,PASS
9533,0.004766625,0.004767,1,0.3241628434287016,152,PASS
9534,0.004767125,0.0047675,1,-1.0886415671851069,46,PASS
9535,0.004767625,0.0047680000000000005,1,0.3772052130737096,156,PASS
9536,0.004768125,0.0047685,1,1.454948497290452,237,PASS
9537,0.004768625,0.004769000000000001,1,0.921079066652138,197,PASS
9538,0.004769125,0.0047695,1,0.24121582158434607,146,PASS
9539,0.0047696249999999996,0.00477,1,1.5041713757470718,241,PASS
9540,0.004770125,0.0047705000000000004,1,0.4253078897990761,160,PASS
9541,0.004770625,0.004771,1,1.0261373851722435,205,PASS
9542,0.004771125,0.004771500000000001,1,1.4488122885192982,237,PASS
9543,0.004771625,0.004772,1,-0.9851301488202944,53,PASS
9544,0.004772125,0.004772500000000001,1,0.865477145432642,193,PASS
9545,0.004772625,0.004773,1,0.35391881656408297,154,PASS
9546,0.004773125,0.0047735,1,1.3444818299890329,229,PASS
9547,0.004773625,0.0047740000000000005,1,1.2849182859178419,224,PASS
9548,0.004774125,0.0047745,1,1.3407113897537923,228,PASS
9549,0.004774625,0.004775000000000001,1,-1.6883182041958824,0,PASS
9550,0.004775125,0.0047755,1,-1.1412687393625853,42,PASS
9551,0.0047756249999999995,0.004776,1,0.8813868484134442,194,PASS
9552,0.004776125,0.0047765,1,-1.4083593588034438,21,PASS
9553,0.004776625,0.004777,1,1.1117730935435481,211,PASS
9554,0.004777125,0.0047775000000000005,1,-1.6403999567671115,4,PASS
9555,0.004777625,0.004778,1,-0.05508224976777831,123,PASS
9556,0.004778125,0.004778500000000001,1,1.0439014323844986,206,PASS
9557,0.004778625,0.004779,1,1.2784738289051114,224,PASS
9558,0.0047791249999999995,0.0047795,1,-0.35563919144202427,101,PASS
9559,0.004779625,0.00478,1,1.6488797731399731,252,PASS
9560,0.004780125,0.0047805,1,0.3393559305005447,153,PASS
9561,0.004780625,0.0047810000000000005,1,1.4665082333772894,238,PASS
9562,0.004781125,0.0047815,1,-0.43052567264936537,95,PASS
9563,0.004781625,0.004782000000000001,1,-0.34360781384779937,102,PASS
9564,0.004782125,0.0047825,1,-0.680494447607634,76,PASS
9565,0.0047826249999999996,0.004783,1,0.6456123944468197,176,PASS
9566,0.004783125,0.0047835,1,-1.3959283531017452,22,PASS
9567,0.004783625,0.004784,1,-0.27066517407289425,107,PASS
9568,0.004784125,0.0047845000000000006,1,1.1659661778220827,215,PASS
9569,0.004784625,0.004785,1,-0.7417343488019108,72,PASS
9570,0.004785125,0.004785500000000001,1,-0.29732912323503924,105,PASS
9571,0.004785625,0.004786,1,-0.31485130744894296,104,PASS
9572,0.004786125,0.0047865,1,-1.2941645637027546,30,PASS
9573,0.004786625,0.0047870000000000005,1,-0.8858923437816777,61,PASS
9574,0.004787125,0.0047875,1,1.626147170156439,250,PASS
9575,0.004787625,0.004788000000000001,1,-0.4646423274768623,93,PASS
9576,0.004788125,0.0047885,1,-1.114842114098753,44,PASS
9577,0.0047886249999999995,0.004789,1,-1.1185890975876416,43,PASS
9578,0.004789125,0.0047895,1,0.45384606171662756,162,PASS
9579,0.004789625,0.00479,1,-0.25281492764394664,108,PASS
9580,0.004790125,0.0047905000000000005,1,-1.5856917698362292,8,PASS
9581,0.004790625,0.004791,1,0.5831606231738575,171,PASS
9582,0.004791125,0.004791500000000001,1,0.4273698518589437,160,PASS
9583,0.004791625,0.004792,1,1.4324613909565145,235,PASS
9584,0.0047921249999999995,0.0047925,1,-0.5828238427208179,84,PASS
9585,0.004792625,0.004793,1,0.6272628917455993,175,PASS
9586,0.004793125,0.0047935,1,-1.5371289607326344,12,PASS
9587,0.004793625,0.0047940000000000005,1,0.18098674518359426,141,PASS
9588,0.004794125,0.0047945,1,1.1725078434627674,216,PASS
9589,0.004794625,0.004795000000000001,1,-1.262920520851246,32,PASS
9590,0.004795125,0.0047955,1,1.6012520232626868,248,PASS
9591,0.0047956249999999995,0.004796,1,0.024282726056777948,129,PASS
9592,0.004796125,0.0047965,1,-1.2749483946131703,32,PASS
9593,0.004796625,0.004797,1,0.18529773273346173,141,PASS
9594,0.004797125,0.0047975000000000005,1,-0.9167861073554072,58,PASS
9595,0.004797625,0.004798,1,0.6609922586692452,177,PASS
9596,0.004798125,0.004798500000000001,1,-0.8913334587204382,60,PASS
9597,0.004798625,0.004799,1,1.5783903751929638,246,PASS
9598,0.004799125,0.0047995,1,0.9338609760105963,198,PASS
9599,0.004799625,0.0048000000000000004,1,1.2178087050073405,219,PASS
9600,0.004800125,0.0048005,1,0.19409520414436687,142,PASS
9601,0.004800625,0.004801000000000001,1,1.414548475643142,234,PASS
9602,0.004801125,0.0048015,1,-1.2511299182996412,33,PASS
9603,0.004801625,0.004802000000000001,1,-0.937339649590217,57,PASS
9604,0.004802125,0.0048025,1,-0.7575831449870383,70,PASS
9605,0.004802625,0.004803,1,0.6423895613418977,176,PASS
9606,0.004803125,0.0048035000000000005,1,-0.9270720159771485,58,PASS
9607,0.004803625,0.004804,1,-0.3480059747239175,101,PASS
9608,0.004804125,0.004804500000000001,1,0.45896750934561426,162,PASS
9609,0.004804625,0.004805,1,-1.3765448625900993,24,PASS
9610,0.0048051249999999995,0.0048055,1,-0.629185862827051,80,PASS
9611,0.004805625,0.004806,1,0.2847929470358401,149,PASS
9612,0.004806125,0.0048065,1,0.6383465705667482,176,PASS
9613,0.004806625,0.0048070000000000005,1,-1.2433417512414815,34,PASS
9614,0.004807125,0.0048075,1,0.6444139667125117,176,PASS
9615,0.004807625,0.004808000000000001,1,-0.05105574799365997,124,PASS
9616,0.004808125,0.0048085,1,0.9905140077032313,202,PASS
9617,0.0048086249999999995,0.004809,1,0.4703616469856706,163,PASS
9618,0.004809125,0.0048095,1,0.7902040482750385,187,PASS
9619,0.004809625,0.00481,1,-1.4802909738401238,16,PASS
9620,0.004810125,0.0048105000000000005,1,0.49004112886714535,164,PASS
9621,0.004810625,0.004811,1,-1.0660653123468333,47,PASS
9622,0.004811125,0.004811500000000001,1,0.8865236559615652,194,PASS
9623,0.004811625,0.004812,1,-1.3296677315086392,27,PASS
9624,0.0048121249999999996,0.0048125,1,0.6253253962005354,175,PASS
9625,0.004812625,0.0048130000000000004,1,1.6473694098307445,252,PASS
9626,0.004813125,0.0048135,1,-1.2966948998595493,30,PASS
9627,0.004813625,0.004814000000000001,1,-1.6443169867170189,4,PASS
9628,0.004814125,0.0048145,1,0.7927710482241117,187,PASS
9629,0.004814625,0.004815000000000001,1,-1.1676384234961283,40,PASS
9630,0.004815125,0.0048155,1,-0.509967879518584,89,PASS
9631,0.004815625,0.004816,1,-0.6710359774755132,77,PASS
9632,0.004816125,0.0048165000000000005,1,-1.6918163512963074,0,PASS
9633,0.004816625,0.004817,1,1.108718794822232,211,PASS
9634,0.004817125,0.004817500000000001,1,1.0791043308846813,209,PASS
9635,0.004817625,0.004818,1,0.49609993686728715,165,PASS
9636,0.0048181249999999995,0.0048185,1,-0.7700468100261905,70,PASS
9637,0.004818625,0.004819,1,1.2589857800823447,222,PASS
9638,0.004819125,0.0048195,1,-0.27574749635399853,107,PASS
9639,0.004819625,0.0048200000000000005,1,-0.33236716008505995,102,PASS
9640,0.004820125,0.0048205,1,1.0483286804466794,206,PASS
9641,0.004820625,0.004821000000000001,1,-0.6811193454205009,76,PASS
9642,0.004821125,0.0048215,1,-0.0763266101507456,122,PASS
9643,0.0048216249999999995,0.004822,1,1.506696727375792,241,PASS
9644,0.004822125,0.0048225,1,-1.0381996115940786,49,PASS
9645,0.004822625,0.004823,1,-1.6976415557058269,0,PASS
9646,0.004823125,0.0048235000000000005,1,1.053084481639787,207,PASS
9647,0.004823625,0.004824,1,-1.3663647424954426,25,PASS
9648,0.004824125,0.004824500000000001,1,-1.0890557482072136,46,PASS
9649,0.004824625,0.004825,1,-0.7101779336654462,74,PASS
9650,0.0048251249999999996,0.0048255,1,-1.4837355073204546,16,PASS
9651,0.004825625,0.004826,1,0.1833414887956233,141,PASS
9652,0.004826125,0.0048265,1,1.268137336985218,223,PASS
9653,0.004826625,0.0048270000000000006,1,-0.8711084996350014,62,PASS
9654,0.004827125,0.0048275,1,-0.1595200448470151,115,PASS
9655,0.004827625,0.004828000000000001,1,1.6672967794980058,253,PASS
9656,0.004828125,0.0048285,1,1.6256421352081045,250,PASS
9657,0.004828625,0.004829,1,-1.344864944525045,26,PASS
9658,0.004829125,0.0048295000000000005,1,0.7365570615049635,183,PASS
9659,0.004829625,0.00483,1,1.3502097776975945,229,PASS
9660,0.004830125,0.004830500000000001,1,0.37588220900990543,156,PASS
9661,0.004830625,0.004831,1,1.457040539576126,237,PASS
9662,0.0048311249999999995,0.0048315,1,1.6279489182399656,250,PASS
9663,0.004831625,0.004832,1,1.3355185964580423,228,PASS
9664,0.004832125,0.0048325,1,1.3942290388712564,232,PASS
9665,0.004832625,0.0048330000000000005,1,0.828442760340091,190,PASS
9666,0.004833125,0.0048335,1,-0.40212434912029527,97,PASS
9667,0.004833625,0.004834000000000001,1,-1.4210806841847758,21,PASS
9668,0.004834125,0.0048345,1,0.13521447950842158,138,PASS
9669,0.0048346249999999995,0.004835,1,0.028270799810357072,130,PASS
9670,0.004835125,0.0048355,1,-0.9509341259774647,56,PASS
9671,0.004835625,0.004836,1,0.8358690662851493,190,PASS
9672,0.004836125,0.0048365000000000005,1,1.44061936201513,236,PASS
9673,0.004836625,0.004837,1,-0.0524437524148198,124,PASS
9674,0.004837125,0.004837500000000001,1,1.2839216389593446,224,PASS
9675,0.004837625,0.004838,1,0.4813104607826799,164,PASS
9676,0.0048381249999999995,0.0048385,1,1.6879840651443765,255,PASS
9677,0.004838625,0.004839,1,0.3606529533624603,155,PASS
9678,0.004839125,0.0048395,1,1.1111016149928734,211,PASS
9679,0.004839625,0.0048400000000000006,1,-0.5415680479396996,87,PASS
9680,0.004840125,0.0048405,1,-1.247967745957009,34,PASS
9681,0.004840625,0.004841000000000001,1,-0.3845743130970831,99,PASS
9682,0.004841125,0.0048415,1,0.6139537814639751,174,PASS
9683,0.004841625,0.004842,1,-0.18352752362076696,114,PASS
9684,0.004842125,0.0048425000000000004,1,0.5028555465296456,165,PASS
9685,0.004842625,0.004843,1,0.012144552333710035,128,PASS
9686,0.004843125,0.004843500000000001,1,1.6763260304999321,254,PASS
9687,0.004843625,0.004844,1,-1.2061673364299708,37,PASS
9688,0.0048441249999999995,0.0048445,1,-1.2473223892670071,34,PASS
9689,0.004844625,0.004845,1,-1.4270552033184685,20,PASS
9690,0.004845125,0.0048455,1,-0.3592448594439688,100,PASS
9691,0.004845625,0.0048460000000000005,1,0.8038269684203703,188,PASS
9692,0.004846125,0.0048465,1,0.978148779724828,201,PASS
9693,0.004846625,0.004847000000000001,1,0.028195113975154618,130,PASS
9694,0.004847125,0.0048475,1,-1.0761785267702577,46,PASS
9695,0.0048476249999999995,0.004848,1,-1.5020714767035837,14,PASS
9696,0.004848125,0.0048485,1,-0.48723948877245826,91,PASS
9697,0.004848625,0.004849,1,0.15554080082639876,139,PASS
9698,0.004849125,0.0048495000000000005,1,-1.0696339527774668,47,PASS
9699,0.004849625,0.00485,1,-0.22193359895689624,111,PASS
9700,0.004850125,0.004850500000000001,1,-0.25880261045510844,108,PASS
9701,0.004850625,0.004851,1,0.35493645963304554,154,PASS
9702,0.0048511249999999995,0.0048515,1,0.5605552198153314,170,PASS
9703,0.004851625,0.004852,1,-0.1384476134096151,117,PASS
9704,0.004852125,0.0048525,1,-0.7182199205104812,73,PASS
9705,0.004852625,0.0048530000000000005,1,-0.27784604875345176,107,PASS
9706,0.004853125,0.0048535,1,0.23436077549876622,145,PASS
9707,0.004853625,0.004854000000000001,1,-0.34131479636190254,102,PASS
9708,0.004854125,0.0048545,1,0.6472479914119769,176,PASS
9709,0.0048546249999999996,0.004855,1,-0.23726652155993055,110,PASS
9710,0.004855125,0.0048555000000000004,1,-0.8956061729347141,60,PASS
9711,0.004855625,0.004856,1,0.3597615239906895,155,PASS
9712,0.004856125,0.004856500000000001,1,-0.32197070744842304,103,PASS
9713,0.004856625,0.004857,1,1.5978308701057988,248,PASS
9714,0.004857125,0.004857500000000001,1,-1.5577907570217617,10,PASS
9715,0.004857625,0.004858,1,-1.6739742600689258,1,PASS
9716,0.004858125,0.0048585,1,0.2944477465090565,150,PASS
9717,0.004858625,0.0048590000000000005,1,-0.0015876558788334716,127,PASS
9718,0.004859125,0.0048595,1,-0.6177292590039296,81,PASS
9719,0.004859625,0.004860000000000001,1,-0.5629921462167566,85,PASS
9720,0.004860125,0.0048605,1,-1.3722125898320803,24,PASS
9721,0.0048606249999999995,0.004861,1,-0.33843877671974987,102,PASS
9722,0.004861125,0.0048615,1,-0.2205376565507451,111,PASS
9723,0.004861625,0.004862,1,0.6445089425731807,176,PASS
9724,0.004862125,0.0048625000000000005,1,1.6924760016775353,255,PASS
9725,0.004862625,0.004863,1,-1.4071447937024897,22,PASS
9726,0.004863125,0.004863500000000001,1,-0.7186510517647727,73,PASS
9727,0.004863625,0.004864,1,-1.503694882990207,14,PASS
9728,0.0048641249999999995,0.0048645,1,-0.2222275242780145,111,PASS
9729,0.004864625,0.004865,1,1.6729367590982986,253,PASS
9730,0.004865125,0.0048655,1,-1.175981097534568,39,PASS
9731,0.004865625,0.0048660000000000005,1,1.2396274572695087,221,PASS
9732,0.004866125,0.0048665,1,0.18609500778005295,142,PASS
9733,0.004866625,0.004867000000000001,1,-1.1741901745917582,39,PASS
9734,0.004867125,0.0048675,1,-0.49681007810803024,90,PASS
9735,0.0048676249999999996,0.004868,1,-1.2769461192532934,31,PASS
9736,0.004868125,0.0048685,1,0.022129722755298564,129,PASS
9737,0.004868625,0.004869,1,-0.41223994192808133,96,PASS
9738,0.004869125,0.0048695000000000006,1,1.309856159438022,226,PASS
9739,0.004869625,0.00487,1,0.16705749773066136,140,PASS
9740,0.004870125,0.004870500000000001,1,-0.5951547120754725,83,PASS
9741,0.004870625,0.004871,1,-1.217436707028158,36,PASS
9742,0.004871125,0.0048715,1,-1.2418915828788175,34,PASS
9743,0.004871625,0.0048720000000000005,1,-0.2984297282007591,105,PASS
9744,0.004872125,0.0048725,1,-0.6476519840496178,79,PASS
9745,0.004872625,0.004873000000000001,1,0.9659685775609874,200,PASS
9746,0.004873125,0.0048735,1,1.0404001411547805,206,PASS
9747,0.0048736249999999995,0.004874,1,-0.8581589134795933,63,PASS
9748,0.004874125,0.0048745,1,1.1547688084578136,214,PASS
9749,0.004874625,0.004875,1,-1.5391793056948218,12,PASS
9750,0.004875125,0.0048755000000000005,1,-1.3422730683820188,26,PASS
9751,0.004875625,0.004876,1,-0.4703078720044387,92,PASS
9752,0.004876125,0.004876500000000001,1,-1.3593920760142504,25,PASS
9753,0.004876625,0.004877,1,0.8769979992223818,194,PASS
9754,0.0048771249999999995,0.0048775,1,1.0392454730227254,206,PASS
9755,0.004877625,0.004878,1,1.6238104223846046,250,PASS
9756,0.004878125,0.0048785,1,0.6376291141862718,176,PASS
9757,0.004878625,0.0048790000000000005,1,-1.183622366308059,38,PASS
9758,0.004879125,0.0048795,1,1.4463636485419953,236,PASS
9759,0.004879625,0.004880000000000001,1,0.727609555901638,182,PASS
9760,0.004880125,0.0048805,1,0.6115889260446641,174,PASS
9761,0.0048806249999999995,0.004881,1,-0.6862643387886407,76,PASS
9762,0.004881125,0.0048815,1,-0.6633684218495675,78,PASS
9763,0.004881625,0.004882,1,0.326851668235389,152,PASS
9764,0.004882125,0.0048825000000000006,1,1.063890388847591,208,PASS
9765,0.004882625,0.004883,1,-0.14166815424003065,117,PASS
9766,0.004883125,0.004883500000000001,1,-0.8271078412154704,65,PASS
9767,0.004883625,0.004884,1,-0.5043838999416161,90,PASS
9768,0.004884125,0.0048845,1,-0.8352230596156561,65,PASS
9769,0.004884625,0.0048850000000000005,1,1.2628038966989232,223,PASS
9770,0.004885125,0.0048855,1,1.5877401622369665,247,PASS
9771,0.004885625,0.004886000000000001,1,-0.14060075095105518,117,PASS
9772,0.004886125,0.0048865,1,0.12416306350032591,137,PASS
9773,0.0048866249999999995,0.004887,1,-0.9712313616043882,54,PASS
9774,0.004887125,0.0048875,1,0.2237271303453654,144,PASS
9775,0.004887625,0.004888,1,0.21086839315241268,143,PASS
9776,0.004888125,0.0048885000000000005,1,-1.3443796263262704,26,PASS
9777,0.004888625,0.004889,1,1.4117655462339191,234,PASS
9778,0.004889125,0.004889500000000001,1,-1.3599152166041792,25,PASS
9779,0.004889625,0.00489,1,-0.3562718482606402,101,PASS
9780,0.0048901249999999995,0.0048905,1,-1.4997298396274976,15,PASS
9781,0.004890625,0.004891,1,-1.216138398488477,36,PASS
9782,0.004891125,0.0048915,1,-0.056961791091395764,123,PASS
9783,0.004891625,0.0048920000000000005,1,-1.592810804537782,8,PASS
9784,0.004892125,0.0048925,1,1.5563210132731207,245,PASS
9785,0.004892625,0.004893000000000001,1,0.7935354041408582,187,PASS
9786,0.004893125,0.0048935,1,-1.6046040615209083,7,PASS
9787,0.0048936249999999995,0.004894,1,0.8893569098265222,194,PASS
9788,0.004894125,0.0048945,1,1.245181293174398,221,PASS
9789,0.004894625,0.004895,1,-1.3070753852805796,29,PASS
9790,0.004895125,0.0048955000000000005,1,0.800601960354572,188,PASS
9791,0.004895625,0.004896,1,0.1813637518819422,141,PASS
9792,0.004896125,0.004896500000000001,1,0.8299697078845287,190,PASS
9793,0.004896625,0.004897,1,-0.5237427564184454,88,PASS
9794,0.004897125,0.0048975,1,0.8602201307593942,192,PASS
9795,0.004897625,0.0048980000000000004,1,-0.6607449031923194,78,PASS
9796,0.004898125,0.0048985,1,0.7446699021183909,184,PASS
9797,0.004898625,0.004899000000000001,1,0.5123695976133262,166,PASS
9798,0.004899125,0.0048995,1,-0.29188880163526987,106,PASS
9799,0.004899625,0.004900000000000001,1,-0.5492688281395821,86,PASS
9800,0.004900125,0.0049005,1,0.18731510632703596,142,PASS
9801,0.004900625,0.004901,1,1.6918639476705992,255,PASS
9802,0.004901125,0.0049015000000000005,1,-1.1664263632016962,40,PASS
9803,0.004901625,0.004902,1,-0.693880886290132,75,PASS
9804,0.004902125,0.004902500000000001,1,-1.1073310920908792,44,PASS
9805,0.004902625,0.004903,1,-0.06373094539408908,123,PASS
9806,0.0049031249999999995,0.0049035,1,-0.9918335613012732,53,PASS
9807,0.004903625,0.004904,1,-0.9772365915299408,54,PASS
9808,0.004904125,0.0049045,1,1.6560604834457993,252,PASS
9809,0.004904625,0.0049050000000000005,1,-1.4204255919566833,21,PASS
9810,0.004905125,0.0049055,1,0.5453158371761198,169,PASS
9811,0.004905625,0.004906000000000001,1,-0.07411248135865112,122,PASS
9812,0.004906125,0.0049065,1,1.5092740542125604,241,PASS
9813,0.0049066249999999995,0.004907,1,0.9467683328405017,199,PASS
9814,0.004907125,0.0049075,1,-0.949052507279161,56,PASS
9815,0.004907625,0.004908,1,1.576215559170486,246,PASS
9816,0.004908125,0.0049085000000000005,1,-0.5618119965747257,85,PASS
9817,0.004908625,0.004909,1,-1.6449430033779104,4,PASS
9818,0.004909125,0.004909500000000001,1,0.5030274584847934,165,PASS
9819,0.004909625,0.00491,1,1.205430005392065,218,PASS
9820,0.0049101249999999996,0.0049105,1,1.679536346304727,254,PASS
9821,0.004910625,0.0049110000000000004,1,-1.5634708007383633,10,PASS
9822,0.004911125,0.0049115,1,1.3826843361651096,232,PASS
9823,0.004911625,0.004912000000000001,1,-1.079034499055345,46,PASS
9824,0.004912125,0.0049125,1,0.9342970940167594,198,PASS
9825,0.004912625,0.004913000000000001,1,0.34389600660842645,153,PASS
9826,0.004913125,0.0049135,1,0.005331175983513958,128,PASS
9827,0.004913625,0.004914,1,-1.1839934473764906,38,PASS
9828,0.004914125,0.0049145000000000005,1,-0.6273909101441237,80,PASS
9829,0.004914625,0.004915,1,-1.2234930326957487,35,PASS
9830,0.004915125,0.004915500000000001,1,1.6220597965746466,250,PASS
9831,0.004915625,0.004916,1,-1.2101740570854227,36,PASS
9832,0.0049161249999999995,0.0049165,1,-0.2337654250349126,110,PASS
9833,0.004916625,0.004917,1,-1.5681203578531697,9,PASS
9834,0.004917125,0.0049175,1,0.29462188213668417,150,PASS
9835,0.004917625,0.0049180000000000005,1,1.2337503342626943,220,PASS
9836,0.004918125,0.0049185,1,0.7976986946333964,188,PASS
9837,0.004918625,0.004919000000000001,1,-1.2618933520558717,32,PASS
9838,0.004919125,0.0049195,1,-0.7688716160410553,70,PASS
9839,0.0049196249999999995,0.00492,1,1.1085336208137393,211,PASS
9840,0.004920125,0.0049205,1,1.2921979441415445,225,PASS
9841,0.004920625,0.004921,1,0.13549634202748262,138,PASS
9842,0.004921125,0.0049215000000000005,1,-1.6500902999304872,3,PASS
9843,0.004921625,0.004922,1,0.8696204989714083,193,PASS
9844,0.004922125,0.004922500000000001,1,-1.5888598050920522,8,PASS
9845,0.004922625,0.004923,1,-1.4555459803661202,18,PASS
9846,0.0049231249999999996,0.0049235,1,0.6621929295581024,177,PASS
9847,0.004923625,0.004924,1,0.1706036307226022,140,PASS
9848,0.004924125,0.0049245,1,-0.9939349556354765,53,PASS
9849,0.004924625,0.0049250000000000006,1,-0.5669898239779729,85,PASS
9850,0.004925125,0.0049255,1,0.6375742757079916,176,PASS
9851,0.004925625,0.004926000000000001,1,1.3268634890394269,227,PASS
9852,0.004926125,0.0049265,1,0.30806779679535734,151,PASS
9853,0.004926625,0.004927,1,-0.6902787404327084,76,PASS
9854,0.004927125,0.0049275000000000005,1,-0.043425749671508695,124,PASS
9855,0.004927625,0.004928,1,1.437182584048814,236,PASS
9856,0.004928125,0.004928500000000001,1,1.6384160494844113,251,PASS
9857,0.004928625,0.004929,1,0.744489311371648,184,PASS
9858,0.0049291249999999995,0.0049295,1,1.0797355212631248,209,PASS
9859,0.004929625,0.00493,1,-0.33779016843288234,102,PASS
9860,0.004930125,0.0049305,1,-0.2712966733831619,107,PASS
9861,0.004930625,0.0049310000000000005,1,1.0609790829540577,207,PASS
9862,0.004931125,0.0049315,1,-0.8132968824720459,66,PASS
9863,0.004931625,0.004932000000000001,1,-0.5064776057065683,89,PASS
9864,0.004932125,0.0049325,1,0.07499173476734744,133,PASS
9865,0.0049326249999999995,0.004933,1,-0.40051579371522394,97,PASS
9866,0.004933125,0.0049335,1,1.3675773154205697,230,PASS
9867,0.004933625,0.004934,1,1.5335751336943535,243,PASS
9868,0.004934125,0.0049345000000000005,1,0.6118165818744721,174,PASS
9869,0.004934625,0.004935,1,1.601379143979006,248,PASS
9870,0.004935125,0.004935500000000001,1,-0.03503614443881209,125,PASS
9871,0.004935625,0.004936,1,0.6615092128001543,177,PASS
9872,0.0049361249999999995,0.0049365,1,1.1848863494626756,217,PASS
9873,0.004936625,0.004937,1,1.596656865774653,248,PASS
9874,0.004937125,0.0049375,1,1.1494652574844315,214,PASS
9875,0.004937625,0.0049380000000000005,1,0.3779443111056391,156,PASS
9876,0.004938125,0.0049385,1,1.5255021878267734,242,PASS
9877,0.004938625,0.004939000000000001,1,1.5956289971020154,248,PASS
9878,0.004939125,0.0049395,1,0.10325293215344522,135,PASS
9879,0.004939625,0.00494,1,-0.638734751393597,79,PASS
9880,0.004940125,0.0049405000000000004,1,0.5631040207029525,170,PASS
9881,0.004940625,0.004941,1,-0.582421483183871,84,PASS
9882,0.004941125,0.004941500000000001,1,-1.059060671768608,48,PASS
9883,0.004941625,0.004942,1,0.6542135218196321,177,PASS
9884,0.0049421249999999995,0.0049425,1,-0.26709760117578063,107,PASS
9885,0.004942625,0.004943,1,1.397157035467005,233,PASS
9886,0.004943125,0.0049435,1,1.6451821152907773,251,PASS
9887,0.004943625,0.0049440000000000005,1,-1.0095863830603047,51,PASS
9888,0.004944125,0.0049445,1,-0.5877412397552049,83,PASS
9889,0.004944625,0.004945000000000001,1,-0.461329019945953,93,PASS
9890,0.004945125,0.0049455,1,-0.421742110194848,96,PASS
9891,0.0049456249999999995,0.004946,1,0.1255948392366446,137,PASS
9892,0.004946125,0.0049465,1,1.6484806986037899,252,PASS
9893,0.004946625,0.004947,1,-0.2569360341967597,108,PASS
9894,0.004947125,0.0049475000000000005,1,-0.9649351809551235,55,PASS
9895,0.004947625,0.004948,1,-0.8778678490095296,61,PASS
9896,0.004948125,0.004948500000000001,1,0.6941806117776774,180,PASS
9897,0.004948625,0.004949,1,-1.4825551740316036,16,PASS
9898,0.0049491249999999995,0.0049495,1,1.0399115210923615,206,PASS
9899,0.004949625,0.00495,1,0.7751860483574513,186,PASS
9900,0.004950125,0.0049505,1,-1.034632918690969,50,PASS
9901,0.004950625,0.0049510000000000005,1,-0.4716920406012577,92,PASS
9902,0.004951125,0.0049515,1,-0.8261703153619996,65,PASS
9903,0.004951625,0.004952000000000001,1,0.935503091012923,198,PASS
9904,0.004952125,0.0049525,1,0.18828719684861395,142,PASS
9905,0.0049526249999999996,0.004953,1,1.5767520764564258,246,PASS
9906,0.004953125,0.0049535000000000004,1,0.439603281147132,161,PASS
9907,0.004953625,0.004954,1,-1.23845885873557,34,PASS
9908,0.004954125,0.004954500000000001,1,-0.992833131409677,53,PASS
9909,0.004954625,0.004955,1,-0.6497924986873462,79,PASS
9910,0.004955125,0.004955500000000001,1,0.23684366858635153,145,PASS
9911,0.004955625,0.004956,1,1.367291080591581,230,PASS
9912,0.004956125,0.0049565,1,0.5374538252978922,168,PASS
9913,0.004956625,0.0049570000000000005,1,1.4077315837950948,233,PASS
9914,0.004957125,0.0049575,1,-1.0382813695515396,49,PASS
9915,0.004957625,0.004958000000000001,1,-0.7330941277427702,72,PASS
9916,0.004958125,0.0049585,1,0.35277580014912524,154,PASS
9917,0.0049586249999999995,0.004959,1,-1.261235404833462,33,PASS
9918,0.004959125,0.0049595,1,0.4835789747276571,164,PASS
9919,0.004959625,0.00496,1,1.320850780127086,227,PASS
9920,0.004960125,0.0049605000000000005,1,1.1209339791277493,212,PASS
9921,0.004960625,0.004961,1,0.6510577604334544,177,PASS
9922,0.004961125,0.004961500000000001,1,0.6931806881678917,180,PASS
9923,0.004961625,0.004962,1,-0.13575795835446458,117,PASS
9924,0.0049621249999999995,0.0049625,1,-1.5685104252460451,9,PASS
9925,0.004962625,0.004963,1,1.0499974938924537,207,PASS
9926,0.004963125,0.0049635,1,-0.17605253153072398,114,PASS
9927,0.004963625,0.0049640000000000005,1,-0.08103035331285757,121,PASS
9928,0.004964125,0.0049645,1,-0.20183247986651565,112,PASS
9929,0.004964625,0.004965000000000001,1,0.026617310317433196,130,PASS
9930,0.004965125,0.0049655,1,0.5028340602789811,165,PASS
9931,0.0049656249999999996,0.004966,1,-0.026380508198790897,126,PASS
9932,0.004966125,0.0049665,1,-0.20031006123457895,112,PASS
9933,0.004966625,0.004967,1,0.1039269479456546,135,PASS
9934,0.004967125,0.0049675000000000006,1,-0.40339320549023605,97,PASS
9935,0.004967625,0.004968,1,0.9909022046562093,202,PASS
9936,0.004968125,0.004968500000000001,1,1.1025173666411507,211,PASS
9937,0.004968625,0.004969,1,-1.3447512564305362,26,PASS
9938,0.004969125,0.0049695,1,0.3948991939422515,157,PASS
9939,0.004969625,0.0049700000000000005,1,-1.0889564855617273,46,PASS
9940,0.004970125,0.0049705,1,-1.160043551047102,40,PASS
9941,0.004970625,0.004971000000000001,1,-0.6827796383803848,76,PASS
9942,0.004971125,0.0049715,1,-0.32751877304245136,103,PASS
9943,0.0049716249999999995,0.004972,1,-1.60705330288559,6,PASS
9944,0.004972125,0.0049725,1,-0.8895353077222155,61,PASS
9945,0.004972625,0.004973,1,-1.4184693980507597,21,PASS
9946,0.004973125,0.0049735000000000005,1,-1.1849737037345887,38,PASS
9947,0.004973625,0.004974,1,-0.5588821019429973,85,PASS
9948,0.004974125,0.004974500000000001,1,0.1356311537941517,138,PASS
9949,0.004974625,0.004975,1,1.2925828903215348,225,PASS
9950,0.0049751249999999995,0.0049755,1,1.264454909055601,223,PASS
9951,0.004975625,0.004976,1,1.6409000037069308,251,PASS
9952,0.004976125,0.0049765,1,1.1314838746777134,213,PASS
9953,0.004976625,0.0049770000000000005,1,-1.5831786549621376,8,PASS
9954,0.004977125,0.0049775,1,1.4655751974104143,238,PASS
9955,0.004977625,0.004978000000000001,1,-0.3380223116484047,102,PASS
9956,0.004978125,0.0049785,1,1.2910281653180682,225,PASS
9957,0.0049786249999999995,0.004979,1,1.2925561007689412,225,PASS
9958,0.004979125,0.0049795,1,-1.6387490407918812,4,PASS
9959,0.004979625,0.00498,1,0.024862765008448307,129,PASS
9960,0.004980125,0.0049805000000000006,1,1.3541926086341174,229,PASS
9961,0.004980625,0.004981,1,0.5924370786733044,172,PASS
9962,0.004981125,0.004981500000000001,1,0.004600467684237941,128,PASS
9963,0.004981625,0.004982,1,-1.5026598373311553,14,PASS
9964,0.004982125,0.0049825,1,0.7731852302777218,186,PASS
9965,0.004982625,0.0049830000000000004,1,-0.8821720691250781,61,PASS
9966,0.004983125,0.0049835,1,1.3618149949043505,230,PASS
9967,0.004983625,0.004984000000000001,1,-0.2239617595287422,111,PASS
9968,0.004984125,0.0049845,1,-0.7823197488495773,69,PASS
9969,0.0049846249999999995,0.004985,1,1.5750137053677589,246,PASS
9970,0.004985125,0.0049855,1,0.6502555239924301,176,PASS
9971,0.004985625,0.004986,1,-1.1895571447031583,38,PASS
9972,0.004986125,0.0049865000000000005,1,-0.7460303432495994,71,PASS
9973,0.004986625,0.004987,1,-0.7147211054943413,74,PASS
9974,0.004987125,0.004987500000000001,1,-1.3831919304759874,23,PASS
9975,0.004987625,0.004988,1,-0.42408011626833564,96,PASS
9976,0.0049881249999999995,0.0049885,1,-1.038042797920199,49,PASS
9977,0.004988625,0.004989,1,0.9127520667374183,196,PASS
9978,0.004989125,0.0049895,1,-0.8865600614178787,61,PASS
9979,0.004989625,0.0049900000000000005,1,1.6555027422558288,252,PASS
9980,0.004990125,0.0049905,1,-0.27884348240945367,107,PASS
9981,0.004990625,0.004991000000000001,1,-0.6035325292954263,82,PASS
9982,0.004991125,0.0049915,1,1.5072482442664052,241,PASS
9983,0.0049916249999999995,0.004992,1,1.1303883869791436,213,PASS
9984,0.004992125,0.0049925,1,0.04247255666990424,131,PASS
9985,0.004992625,0.004993,1,-0.6114738472773857,81,PASS
9986,0.004993125,0.0049935000000000005,1,1.546488688311238,244,PASS
9987,0.004993625,0.004994,1,-0.2015358548738424,112,PASS
9988,0.004994125,0.004994500000000001,1,0.4477505629409497,161,PASS
9989,0.004994625,0.004995,1,-1.0946589317262787,45,PASS
9990,0.0049951249999999996,0.0049955,1,1.165493119951772,215,PASS
9991,0.004995625,0.0049960000000000004,1,-0.43148537320270597,95,PASS
9992,0.004996125,0.0049965,1,1.1338090689422111,213,PASS
9993,0.004996625,0.004997000000000001,1,-0.875892401477467,62,PASS
9994,0.004997125,0.0049975,1,-1.1738041863425095,39,PASS
9995,0.004997625,0.004998000000000001,1,-0.9271117341433878,58,PASS
9996,0.004998125,0.0049985,1,1.4248591364412422,235,PASS
9997,0.004998625,0.004999,1,0.34504299529634586,153,PASS
9998,0.004999125,0.0049995000000000005,1,0.13237588145872214,137,PASS
9999,0.004999625,0.005,1,-1.0313604518153658,50,PASS
