sample,vdiff_v,direct_code,sar_code,oracle_code,status
0,-1.0916216335035172,45,45,45,PASS
1,0.47570476343152523,163,163,163,PASS
2,-0.11128743611215075,119,119,119,PASS
3,-0.44029820783263673,94,94,94,PASS
4,-0.493281063347186,90,90,90,PASS
5,0.9877620359011006,202,202,202,PASS
6,1.3774890447023906,231,231,231,PASS
7,-1.0969991478016348,45,45,45,PASS
8,0.5194683291294482,167,167,167,PASS
9,-0.6857705909910645,76,76,76,PASS
10,1.5876714805521275,247,247,247,PASS
11,1.4274905458267455,235,235,235,PASS
12,0.46196073409181415,162,162,162,PASS
13,0.8592891300688941,192,192,192,PASS
14,0.05152256749599582,131,131,131,PASS
15,1.1080438784769375,211,211,211,PASS
16,-0.1755061456396494,114,114,114,PASS
17,-0.5480376587332099,86,86,86,PASS
18,-0.7551426672994593,71,71,71,PASS
19,-0.9304676067324283,57,57,57,PASS
20,0.08777726737384417,134,134,134,PASS
21,-0.23489899367293332,110,110,110,PASS
22,0.5548141096068242,169,169,169,PASS
23,-1.6563423599528577,3,3,3,PASS
24,-0.17781353476834938,114,114,114,PASS
25,-0.45838527614986946,93,93,93,PASS
26,-1.0356481604367165,50,50,50,PASS
27,0.3225439614205794,152,152,152,PASS
28,-0.21993526976780875,111,111,111,PASS
29,-0.6800288872664908,76,76,76,PASS
30,-0.9879851877968536,53,53,53,PASS
31,1.27372179445341,223,223,223,PASS
32,1.0113718727728707,204,204,204,PASS
33,0.36281290072892847,155,155,155,PASS
34,-0.5266580325312069,88,88,88,PASS
35,1.519187289330804,242,242,242,PASS
36,0.21548307330865457,144,144,144,PASS
37,-0.22860668529216333,110,110,110,PASS
38,1.3615286366143546,230,230,230,PASS
39,-0.6142378667336679,81,81,81,PASS
40,0.666382558454863,178,178,178,PASS
41,-0.6330108873079419,80,80,80,PASS
42,-0.8107196425398802,66,66,66,PASS
43,0.682859024302908,179,179,179,PASS
44,-0.9251672717149839,58,58,58,PASS
45,-0.023424901851405666,126,126,126,PASS
46,0.2720967402698906,148,148,148,PASS
47,-1.0577183598348414,48,48,48,PASS
48,0.7862182384187115,187,187,187,PASS
49,0.16484241972374258,140,140,140,PASS
50,0.41311108272818786,159,159,159,PASS
51,-0.43470932289077835,95,95,95,PASS
52,-0.2713429162698451,107,107,107,PASS
53,-0.017579095082008944,126,126,126,PASS
54,-0.1020988978190227,120,120,120,PASS
55,0.5971733576887182,172,172,172,PASS
56,0.26240351528707695,147,147,147,PASS
57,-0.2846798138256148,106,106,106,PASS
58,-1.6938719977368153,0,0,0,PASS
59,0.999705606636714,203,203,203,PASS
60,0.06590635189074079,132,132,132,PASS
61,-0.589748143041682,83,83,83,PASS
62,-0.00015292380194087407,127,127,127,PASS
63,-1.3822838261182986,23,23,23,PASS
64,1.3759938466813992,231,231,231,PASS
65,1.6651029697873112,253,253,253,PASS
66,-1.500300260447018,15,15,15,PASS
67,-0.4820138567893033,91,91,91,PASS
68,0.7822195645848835,186,186,186,PASS
69,-0.6315903538591989,80,80,80,PASS
70,0.227969178439126,145,145,145,PASS
71,-0.2836587281288985,106,106,106,PASS
72,0.9323213359449742,198,198,198,PASS
73,1.5587789632777145,245,245,245,PASS
74,1.3205444494767005,227,227,227,PASS
75,0.41118058168016813,158,158,158,PASS
76,-1.1550673369285627,41,41,41,PASS
77,1.520011083259653,242,242,242,PASS
78,-1.6196497425159613,6,6,6,PASS
79,-0.6877878481690711,76,76,76,PASS
80,-0.7425141234579744,72,72,72,PASS
81,0.5842083378571956,171,171,171,PASS
82,-0.04296557535346124,124,124,124,PASS
83,-1.3841789342246793,23,23,23,PASS
84,-1.6562831816672368,3,3,3,PASS
85,0.3546735390303686,154,154,154,PASS
86,-0.02895667004085145,125,125,125,PASS
87,0.3446992125573638,153,153,153,PASS
88,0.21768113714281712,144,144,144,PASS
89,1.3275609682189116,227,227,227,PASS
90,1.4225493167600287,235,235,235,PASS
91,-1.059925652251959,48,48,48,PASS
92,1.5032109561998157,241,241,241,PASS
93,0.9782705294974636,201,201,201,PASS
94,0.4726892575580852,163,163,163,PASS
95,0.5426647094692274,168,168,168,PASS
96,0.15660478166218428,139,139,139,PASS
97,1.4186952187856579,234,234,234,PASS
98,-0.9069050989195284,59,59,59,PASS
99,0.3376743737165746,153,153,153,PASS
100,1.0684264103636114,208,208,208,PASS
101,-1.2418110644881581,34,34,34,PASS
102,0.3927281328201475,157,157,157,PASS
103,-0.3303661831994489,103,103,103,PASS
104,0.9045235609853612,196,196,196,PASS
105,-1.469771173890162,17,17,17,PASS
106,0.36316889551629106,155,155,155,PASS
107,1.2140675459545986,219,219,219,PASS
108,0.4363827320345075,160,160,160,PASS
109,-0.6074518354580296,82,82,82,PASS
110,0.5297065901344229,167,167,167,PASS
111,-0.5502803346975635,86,86,86,PASS
112,0.5732154805943057,171,171,171,PASS
113,-1.263629035097018,32,32,32,PASS
114,-0.748028069733965,71,71,71,PASS
115,-1.5887575141304877,8,8,8,PASS
116,-1.4147080775268512,21,21,21,PASS
117,0.18621670737612184,142,142,142,PASS
118,-0.9122260472661555,59,59,59,PASS
119,0.05468079796828795,132,132,132,PASS
120,0.5425364124476595,168,168,168,PASS
121,1.2960330097883792,225,225,225,PASS
122,-0.49279255039896874,90,90,90,PASS
123,-0.6164915141082665,81,81,81,PASS
124,-0.6335330786830529,80,80,80,PASS
125,-1.299311208617056,30,30,30,PASS
126,0.554823439834699,169,169,169,PASS
127,1.086825576886515,209,209,209,PASS
128,-0.09178347306583845,121,121,121,PASS
129,0.19821114962506092,142,142,142,PASS
130,1.5588323865651021,245,245,245,PASS
131,0.676311583618461,178,178,178,PASS
132,0.833118614602016,190,190,190,PASS
133,1.3242944148353961,227,227,227,PASS
134,-0.9663120413139958,55,55,55,PASS
135,0.5105645982903477,166,166,166,PASS
136,0.7391413181097379,183,183,183,PASS
137,1.163574961059987,215,215,215,PASS
138,-0.5311291435935592,88,88,88,PASS
139,0.641901999424362,176,176,176,PASS
140,0.3549620597288594,154,154,154,PASS
141,-0.30817248500293815,104,104,104,PASS
142,-1.3542684259206448,26,26,26,PASS
143,-0.4996353251373227,90,90,90,PASS
144,1.5758481436096272,246,246,246,PASS
145,-0.963820094516485,55,55,55,PASS
146,-1.3136308218002029,29,29,29,PASS
147,-0.4498899558941738,94,94,94,PASS
148,-1.3566653068396608,25,25,25,PASS
149,-0.7915236317566773,68,68,68,PASS
150,1.4091508151499432,234,234,234,PASS
151,-0.6161409230850299,81,81,81,PASS
152,0.2920243494592074,149,149,149,PASS
153,-0.8882677495131648,61,61,61,PASS
154,0.5711317429549163,171,171,171,PASS
155,-1.2659682819393994,32,32,32,PASS
156,0.9853519031367164,202,202,202,PASS
157,-0.26198344777658455,108,108,108,PASS
158,-1.0755546838891337,47,47,47,PASS
159,0.8780485232048691,194,194,194,PASS
160,0.18456063269259126,141,141,141,PASS
161,-0.21030696487470535,112,112,112,PASS
162,-0.8818714578331711,61,61,61,PASS
163,0.9566440368620397,200,200,200,PASS
164,-0.4580308072082342,93,93,93,PASS
165,-1.5534916518423747,11,11,11,PASS
166,1.5822555174719113,247,247,247,PASS
167,-1.5964196523753569,7,7,7,PASS
168,-1.290405136078828,30,30,30,PASS
169,-0.11623739461571048,119,119,119,PASS
170,-0.9932931986554253,53,53,53,PASS
171,-0.5605408722072758,85,85,85,PASS
172,0.22972182257335816,145,145,145,PASS
173,1.5566626376804404,245,245,245,PASS
174,1.4834615624766718,239,239,239,PASS
175,-1.4487536821262004,18,18,18,PASS
176,1.2012664312839971,218,218,218,PASS
177,-1.1293995725503665,42,42,42,PASS
178,1.0588717665109935,207,207,207,PASS
179,-0.6924194593161226,75,75,75,PASS
180,0.7406368147618532,183,183,183,PASS
181,0.7438968970935906,184,184,184,PASS
182,1.1918742831716067,217,217,217,PASS
183,1.6307278860950774,250,250,250,PASS
184,-0.7633651002657943,70,70,70,PASS
185,0.4362487594929296,160,160,160,PASS
186,0.8134867051659158,189,189,189,PASS
187,-1.429260252242937,20,20,20,PASS
188,0.5540685484140859,169,169,169,PASS
189,-0.6068472479519571,82,82,82,PASS
190,-1.1510052549527672,41,41,41,PASS
191,0.16820329663818057,140,140,140,PASS
192,-0.1295957699362702,118,118,118,PASS
193,0.26207143206368033,147,147,147,PASS
194,0.482519807371413,164,164,164,PASS
195,-0.004525871415094196,127,127,127,PASS
196,1.3775124052930627,231,231,231,PASS
197,-1.095091725470585,45,45,45,PASS
198,-0.7181083933679536,73,73,73,PASS
199,-0.48884641998771095,91,91,91,PASS
200,0.9328988682674468,198,198,198,PASS
201,0.5171335973442448,166,166,166,PASS
202,-0.9981628877864409,52,52,52,PASS
203,0.8311024280193144,190,190,190,PASS
204,0.9232259288829299,197,197,197,PASS
205,0.9188209829463372,197,197,197,PASS
206,-1.433532123264567,20,20,20,PASS
207,-0.9787268939923733,54,54,54,PASS
208,1.3443090922509107,229,229,229,PASS
209,1.290069003563816,225,225,225,PASS
210,-1.0010529641713126,52,52,52,PASS
211,0.17467723827003345,141,141,141,PASS
212,-0.8068769212778842,67,67,67,PASS
213,-0.28463177667515516,106,106,106,PASS
214,-1.6287875298478194,5,5,5,PASS
215,-0.7420151950950441,72,72,72,PASS
216,-0.7796849350839055,69,69,69,PASS
217,1.4250436692370514,235,235,235,PASS
218,0.29909873655160624,150,150,150,PASS
219,-1.0964439223325062,45,45,45,PASS
220,-0.24628055535944493,109,109,109,PASS
221,-0.024017048554156428,126,126,126,PASS
222,0.4670243992485912,163,163,163,PASS
223,0.11032268948441937,136,136,136,PASS
224,-0.26862479502923287,107,107,107,PASS
225,-0.6433037599639653,79,79,79,PASS
226,0.25499832992641824,147,147,147,PASS
227,1.6178288464804786,249,249,249,PASS
228,0.1801556789131351,141,141,141,PASS
229,1.3158412988427106,227,227,227,PASS
230,-1.648073720375593,3,3,3,PASS
231,-1.0094688304018118,51,51,51,PASS
232,1.240211129698362,221,221,221,PASS
233,0.23620784978221554,145,145,145,PASS
234,-0.04230253263406891,124,124,124,PASS
235,-0.4460654184834827,94,94,94,PASS
236,-0.6960965761756979,75,75,75,PASS
237,0.608021308282068,173,173,173,PASS
238,-0.4565008110279991,93,93,93,PASS
239,-0.22020199481750935,111,111,111,PASS
240,0.9412841789537933,198,198,198,PASS
241,1.517022106570703,242,242,242,PASS
242,1.6784333016097943,254,254,254,PASS
243,-0.05128819417574837,124,124,124,PASS
244,-1.2302252129982765,35,35,35,PASS
245,-1.615259751720642,6,6,6,PASS
246,-0.01816720110250003,126,126,126,PASS
247,-1.4403930289498845,19,19,19,PASS
248,-1.2997755280600287,30,30,30,PASS
249,-0.9015471297345102,60,60,60,PASS
250,1.6727765330010922,253,253,253,PASS
251,-1.1484229044300762,41,41,41,PASS
252,-1.3255507954087855,28,28,28,PASS
253,1.4141408332216356,234,234,234,PASS
254,0.4150371192396516,159,159,159,PASS
255,0.8156623879928524,189,189,189,PASS
256,-0.49390625140076083,90,90,90,PASS
257,1.4750305305632605,239,239,239,PASS
258,1.6187421602140322,249,249,249,PASS
259,0.19874938604475956,142,142,142,PASS
260,1.6552569401948156,252,252,252,PASS
261,0.019700799583773465,129,129,129,PASS
262,-0.20488303462295376,112,112,112,PASS
263,0.9704756049636647,201,201,201,PASS
264,0.4904420757231518,164,164,164,PASS
265,-1.0181967872769988,51,51,51,PASS
266,0.050793572385314345,131,131,131,PASS
267,-1.6440378377459521,4,4,4,PASS
268,1.277243495314807,224,224,224,PASS
269,0.1443160130676615,138,138,138,PASS
270,-1.542964102952334,11,11,11,PASS
271,1.4883803486815592,240,240,240,PASS
272,1.6980839904220273,255,255,255,PASS
273,0.8068384459766855,188,188,188,PASS
274,-0.23350025704990363,110,110,110,PASS
275,0.31082555891832064,151,151,151,PASS
276,-1.6652115326673216,2,2,2,PASS
277,-1.3312723017567722,27,27,27,PASS
278,-0.5746019102203408,84,84,84,PASS
279,-0.30168645913867786,105,105,105,PASS
280,0.8702260300137279,193,193,193,PASS
281,-1.1195187595999356,43,43,43,PASS
282,-1.3052438972739027,29,29,29,PASS
283,0.6713773732493726,178,178,178,PASS
284,1.3193092079556779,227,227,227,PASS
285,1.2908686578117503,225,225,225,PASS
286,0.8225150835067889,189,189,189,PASS
287,1.6441288202878803,251,251,251,PASS
288,0.07511316240864407,133,133,133,PASS
289,0.9331938281166294,198,198,198,PASS
290,-0.28159672308049233,106,106,106,PASS
291,-0.49893075390360075,90,90,90,PASS
292,1.3967951133642853,233,233,233,PASS
293,-0.23559618726767084,110,110,110,PASS
294,0.8380015256597024,191,191,191,PASS
295,-0.010123106618580735,127,127,127,PASS
296,-1.318476058167719,28,28,28,PASS
297,-1.268621335117695,32,32,32,PASS
298,0.034416793511800714,130,130,130,PASS
299,0.7061048528612586,181,181,181,PASS
300,0.8244463196890173,190,190,190,PASS
301,-0.5586299157210644,85,85,85,PASS
302,-1.668683762811658,2,2,2,PASS
303,0.11341184915178815,136,136,136,PASS
304,-1.0554722276345028,48,48,48,PASS
305,-0.6115921104403694,81,81,81,PASS
306,0.22592706641664262,145,145,145,PASS
307,-0.3677678941432878,100,100,100,PASS
308,-0.13939443643578486,117,117,117,PASS
309,-1.528439574724439,12,12,12,PASS
310,-1.0777475895708772,46,46,46,PASS
311,1.1624449847565452,215,215,215,PASS
312,0.0403968530420018,131,131,131,PASS
313,1.3094002004855072,226,226,226,PASS
314,1.2148234030144291,219,219,219,PASS
315,-1.043222082624558,49,49,49,PASS
316,-0.3413707466348974,102,102,102,PASS
317,0.08764622027053637,134,134,134,PASS
318,-1.3684484912397956,24,24,24,PASS
319,-1.4097890501299526,21,21,21,PASS
320,1.1610542985725185,215,215,215,PASS
321,1.1108263085399714,211,211,211,PASS
322,-0.3968161655562088,98,98,98,PASS
323,0.7023879195237834,180,180,180,PASS
324,0.06097257378126231,132,132,132,PASS
325,0.8420219671820919,191,191,191,PASS
326,-0.6283706483763847,80,80,80,PASS
327,-0.0882768443177333,121,121,121,PASS
328,1.336051524424627,228,228,228,PASS
329,1.0765898397988474,209,209,209,PASS
330,-0.6461232324179145,79,79,79,PASS
331,1.2980216748842583,225,225,225,PASS
332,-0.3443556160974215,102,102,102,PASS
333,0.6200918124709511,174,174,174,PASS
334,0.7191358727652186,182,182,182,PASS
335,-0.33427110565496565,102,102,102,PASS
336,1.1121189438454209,211,211,211,PASS
337,-0.11780416194254406,119,119,119,PASS
338,1.5663415868943085,245,245,245,PASS
339,1.4847763781433259,239,239,239,PASS
340,1.3609024183197296,230,230,230,PASS
341,1.388401767584697,232,232,232,PASS
342,-1.200041743798078,37,37,37,PASS
343,0.5043359437572612,165,165,165,PASS
344,0.8197894362812528,189,189,189,PASS
345,0.09778116863568465,135,135,135,PASS
346,0.09935135125340344,135,135,135,PASS
347,-1.0151349109743697,51,51,51,PASS
348,-1.1533258846044165,41,41,41,PASS
349,0.9626567195423126,200,200,200,PASS
350,-1.1913410395828032,38,38,38,PASS
351,0.7758697024274397,186,186,186,PASS
352,-1.4379671410875672,19,19,19,PASS
353,-0.29834282323404326,105,105,105,PASS
354,-1.6183614729219093,6,6,6,PASS
355,0.5452670830794879,169,169,169,PASS
356,-0.7040860218108188,74,74,74,PASS
357,-0.1098197134295904,119,119,119,PASS
358,-0.7260743520323868,73,73,73,PASS
359,0.05363307098500947,132,132,132,PASS
360,0.5359989840271229,168,168,168,PASS
361,-1.132494580129383,42,42,42,PASS
362,0.9419666703944485,198,198,198,PASS
363,0.9605522453885593,200,200,200,PASS
364,1.5033631476417877,241,241,241,PASS
365,-0.4056361839776075,97,97,97,PASS
366,1.268646290941405,223,223,223,PASS
367,-1.3814693238873277,23,23,23,PASS
368,1.679281452075229,254,254,254,PASS
369,-0.9784945854965067,54,54,54,PASS
370,-0.42891290900383483,95,95,95,PASS
371,-1.382088253766387,23,23,23,PASS
372,1.1394818963056947,213,213,213,PASS
373,-0.047827873350450245,124,124,124,PASS
374,1.5721649085320546,246,246,246,PASS
375,-1.2083066034306114,37,37,37,PASS
376,1.3321939983929487,228,228,228,PASS
377,-0.4775431956300389,92,92,92,PASS
378,-0.8966116754456283,60,60,60,PASS
379,0.5342187275357946,168,168,168,PASS
380,-1.5973592045177354,7,7,7,PASS
381,0.08659706441332915,134,134,134,PASS
382,-0.08974236057513307,121,121,121,PASS
383,-1.5350825492207962,12,12,12,PASS
384,-0.22378040704931923,111,111,111,PASS
385,-0.663274778960681,78,78,78,PASS
386,-0.8545961228401812,63,63,63,PASS
387,1.4629987463044645,238,238,238,PASS
388,0.334209272967706,153,153,153,PASS
389,-1.175864489994629,39,39,39,PASS
390,0.8742475261397418,193,193,193,PASS
391,-0.4434732533656318,94,94,94,PASS
392,0.336092256975417,153,153,153,PASS
393,-0.4082212237919518,97,97,97,PASS
394,0.47105590054327595,163,163,163,PASS
395,0.6185859277502603,174,174,174,PASS
396,-0.7359834945116388,72,72,72,PASS
397,1.1255961378850696,212,212,212,PASS
398,0.40164454892987655,158,158,158,PASS
399,0.35791322132534487,154,154,154,PASS
400,-0.9587798378426885,55,55,55,PASS
401,-0.8365273442657881,65,65,65,PASS
402,-0.35571802191104074,101,101,101,PASS
403,-1.5848328261821791,8,8,8,PASS
404,-1.513914112777543,14,14,14,PASS
405,0.553119033304817,169,169,169,PASS
406,-0.6239728950869754,81,81,81,PASS
407,0.7488312185036896,184,184,184,PASS
408,-1.4455900953156455,19,19,19,PASS
409,0.8164462498739613,189,189,189,PASS
410,-0.971791977590168,54,54,54,PASS
411,1.256475288966388,222,222,222,PASS
412,1.382209624355495,232,232,232,PASS
413,0.6436652399319176,176,176,176,PASS
414,-0.35942531761341634,100,100,100,PASS
415,-1.612797149764925,6,6,6,PASS
416,0.8877847876622276,194,194,194,PASS
417,0.21357974129239343,144,144,144,PASS
418,-1.420209752007608,21,21,21,PASS
419,0.2405064354690738,146,146,146,PASS
420,-1.6790707242600196,1,1,1,PASS
421,-0.16531953314612435,115,115,115,PASS
422,0.38507271767865237,156,156,156,PASS
423,1.0290393258384076,205,205,205,PASS
424,-0.7119399135879749,74,74,74,PASS
425,-0.9110452451920529,59,59,59,PASS
426,-0.5742814855742413,84,84,84,PASS
427,-1.4987382011846586,15,15,15,PASS
428,1.467098187045724,238,238,238,PASS
429,1.2941592750607753,225,225,225,PASS
430,0.34726297861645405,154,154,154,PASS
431,-1.4464027576453224,19,19,19,PASS
432,-1.4156659850450135,21,21,21,PASS
433,1.4690801891660084,238,238,238,PASS
434,-1.2750015005652715,31,31,31,PASS
435,-1.2047262776937864,37,37,37,PASS
436,0.9705986854794084,201,201,201,PASS
437,-0.6747932326456396,77,77,77,PASS
438,-0.30071577848119113,105,105,105,PASS
439,-0.3059203350078059,104,104,104,PASS
440,0.6802245902943278,179,179,179,PASS
441,-0.0940703207431064,120,120,120,PASS
442,1.061497051429235,207,207,207,PASS
443,-0.013806909761902908,126,126,126,PASS
444,-0.7124373046280212,74,74,74,PASS
445,-1.0384385821062998,49,49,49,PASS
446,0.8670450565213812,193,193,193,PASS
447,-0.9536728288518975,56,56,56,PASS
448,0.37028655698041857,155,155,155,PASS
449,0.3447742090381525,153,153,153,PASS
450,1.5750418054840278,246,246,246,PASS
451,-1.3952895165109531,22,22,22,PASS
452,-0.994430562718912,53,53,53,PASS
453,0.5492803945473697,169,169,169,PASS
454,-0.5749417510078989,84,84,84,PASS
455,-1.2628182356515594,32,32,32,PASS
456,1.3442532500353475,229,229,229,PASS
457,0.7870197395740772,187,187,187,PASS
458,-0.9433226823296955,56,56,56,PASS
459,-1.3762849656476266,24,24,24,PASS
460,1.164201774451722,215,215,215,PASS
461,0.23787063178110834,145,145,145,PASS
462,1.4605673252974503,237,237,237,PASS
463,0.05841722621393686,132,132,132,PASS
464,-0.9150135689895716,59,59,59,PASS
465,-1.2458888391172365,34,34,34,PASS
466,-0.2790960851725035,106,106,106,PASS
467,0.6256594618715823,175,175,175,PASS
468,-1.6853793514483502,1,1,1,PASS
469,-0.35580386041444734,101,101,101,PASS
470,-0.32698326609270567,103,103,103,PASS
471,0.5814384553690106,171,171,171,PASS
472,-1.037129454249517,49,49,49,PASS
473,1.278642926010842,224,224,224,PASS
474,-0.5947003823647956,83,83,83,PASS
475,1.11114713484746,211,211,211,PASS
476,1.1139169189425961,211,211,211,PASS
477,1.308592330140746,226,226,226,PASS
478,-0.8199811359022681,66,66,66,PASS
479,1.1555436325013562,215,215,215,PASS
480,-0.916274949558732,59,59,59,PASS
481,-0.34189379319881974,102,102,102,PASS
482,-1.0958773883082125,45,45,45,PASS
483,-0.05395490397917979,123,123,123,PASS
484,-1.444338950567729,19,19,19,PASS
485,1.5532633649117107,244,244,244,PASS
486,-1.6558115204170545,3,3,3,PASS
487,-0.011573109256547198,127,127,127,PASS
488,1.1495240043344566,214,214,214,PASS
489,-1.2494492629931253,33,33,33,PASS
490,0.3301462162926929,152,152,152,PASS
491,0.10568060177317462,135,135,135,PASS
492,0.8756243194184512,193,193,193,PASS
493,0.6752221219024916,178,178,178,PASS
494,1.105045790538964,211,211,211,PASS
495,0.9971644621541296,203,203,203,PASS
496,0.28172381434179505,149,149,149,PASS
497,-0.5101217616158347,89,89,89,PASS
498,-1.3347435993581394,27,27,27,PASS
499,-1.14301950388246,41,41,41,PASS
500,1.262105753260596,223,223,223,PASS
501,-0.7938978718299001,68,68,68,PASS
502,1.339704277455272,228,228,228,PASS
503,-0.6593064337903105,78,78,78,PASS
504,-1.505325999053681,14,14,14,PASS
505,-0.7140085575156451,74,74,74,PASS
506,-0.39218804393614004,98,98,98,PASS
507,-1.3474876343888182,26,26,26,PASS
508,-0.23881160375217703,110,110,110,PASS
509,1.0130058867201426,204,204,204,PASS
510,-0.2930123864826435,105,105,105,PASS
511,-0.021303899382884017,126,126,126,PASS
512,1.6958280305957227,255,255,255,PASS
513,-0.967913607694891,55,55,55,PASS
514,0.14930983622967764,139,139,139,PASS
515,1.6583713715737665,252,252,252,PASS
516,-0.014536926110892523,126,126,126,PASS
517,0.31082564263989254,151,151,151,PASS
518,0.15880181414490613,139,139,139,PASS
519,-1.3080847157914026,29,29,29,PASS
520,0.7348607826729616,183,183,183,PASS
521,1.4010503589622914,233,233,233,PASS
522,1.450359701739812,237,237,237,PASS
523,0.29467375176315813,150,150,150,PASS
524,-0.5014616241032539,90,90,90,PASS
525,0.5967350321393214,172,172,172,PASS
526,1.5116981548043522,241,241,241,PASS
527,1.6256619221415247,250,250,250,PASS
528,-0.7379525708975676,72,72,72,PASS
529,1.48133428985881,239,239,239,PASS
530,0.7829829106730599,186,186,186,PASS
531,1.2642461997474312,223,223,223,PASS
532,-1.1305645722312225,42,42,42,PASS
533,1.6192387889795465,249,249,249,PASS
534,0.8619602035042642,192,192,192,PASS
535,-1.1338409144966963,42,42,42,PASS
536,0.13641076145811093,138,138,138,PASS
537,-1.3207863803330921,28,28,28,PASS
538,0.7635985144261095,185,185,185,PASS
539,0.3236141738715188,152,152,152,PASS
540,0.26617626446358256,148,148,148,PASS
541,1.180579395667695,216,216,216,PASS
542,0.9170792573116573,197,197,197,PASS
543,-1.3881677936634351,23,23,23,PASS
544,0.8912728928179174,195,195,195,PASS
545,0.14098327055660076,138,138,138,PASS
546,-1.058145800854333,48,48,48,PASS
547,-0.51959045128701,88,88,88,PASS
548,0.03125988313633843,130,130,130,PASS
549,1.2200756512173323,219,219,219,PASS
550,1.2984697525687026,225,225,225,PASS
551,-1.3528526449285567,26,26,26,PASS
552,-0.1966748498119819,113,113,113,PASS
553,1.1679992584346162,215,215,215,PASS
554,0.3480366815446845,154,154,154,PASS
555,1.207550384520639,218,218,218,PASS
556,0.3306843950780036,152,152,152,PASS
557,-0.9416779890661829,57,57,57,PASS
558,0.009698740392908967,128,128,128,PASS
559,0.05152645861163352,131,131,131,PASS
560,1.339864915124773,228,228,228,PASS
561,-0.490442268962344,91,91,91,PASS
562,-0.9010352921590502,60,60,60,PASS
563,0.8461170987822049,191,191,191,PASS
564,-0.27342483684923957,107,107,107,PASS
565,-0.05320776215893086,123,123,123,PASS
566,1.6203940484355825,250,250,250,PASS
567,0.5937943469163594,172,172,172,PASS
568,0.5842864473757958,171,171,171,PASS
569,1.4752203170696492,239,239,239,PASS
570,0.735402368918123,183,183,183,PASS
571,1.5462260770913911,244,244,244,PASS
572,0.45323021688061194,162,162,162,PASS
573,0.297210676495391,150,150,150,PASS
574,-0.7336301497925676,72,72,72,PASS
575,-0.9152933154207428,59,59,59,PASS
576,0.10710804009226682,136,136,136,PASS
577,-1.499208515473814,15,15,15,PASS
578,-1.1278208168832111,43,43,43,PASS
579,0.7084553560420532,181,181,181,PASS
580,0.6086382332992246,173,173,173,PASS
581,-1.6036333262631697,7,7,7,PASS
582,-1.1452383271055167,41,41,41,PASS
583,0.40060277590760474,158,158,158,PASS
584,-0.3139758837765485,104,104,104,PASS
585,0.3024840196870813,150,150,150,PASS
586,-1.262414271902022,32,32,32,PASS
587,1.2324512690187157,220,220,220,PASS
588,-0.8196204304864178,66,66,66,PASS
589,-0.4270255118231736,95,95,95,PASS
590,-0.17214192457335264,115,115,115,PASS
591,0.31561947062455853,151,151,151,PASS
592,1.6337633755248435,251,251,251,PASS
593,-0.9879407902482544,53,53,53,PASS
594,-1.1478903329568215,41,41,41,PASS
595,-1.2058554769570986,37,37,37,PASS
596,0.9340923655219016,198,198,198,PASS
597,-0.39965062159569453,97,97,97,PASS
598,1.45168680476769,237,237,237,PASS
599,-1.4736982709787796,17,17,17,PASS
600,0.10729185009426057,136,136,136,PASS
601,0.8746036403282413,193,193,193,PASS
602,0.02409047972230316,129,129,129,PASS
603,-0.31756363332200443,104,104,104,PASS
604,1.0591539850794371,207,207,207,PASS
605,0.0309532540155828,130,130,130,PASS
606,1.3822242791449664,232,232,232,PASS
607,-0.8887505763507898,61,61,61,PASS
608,0.33474947719121206,153,153,153,PASS
609,0.45722936092374744,162,162,162,PASS
610,1.3842448870186874,232,232,232,PASS
611,-1.3829309031875665,23,23,23,PASS
612,1.0394493488298047,206,206,206,PASS
613,0.6238651095884722,174,174,174,PASS
614,1.2260720068405646,220,220,220,PASS
615,0.3701192571739249,155,155,155,PASS
616,-0.15717296579757511,116,116,116,PASS
617,1.0075097495371022,203,203,203,PASS
618,-0.733772785640084,72,72,72,PASS
619,-1.5115781072471237,14,14,14,PASS
620,0.8498812557490412,191,191,191,PASS
621,1.0620711729616923,207,207,207,PASS
622,1.11750926804596,212,212,212,PASS
623,-0.17785749931458472,114,114,114,PASS
624,0.7910912611673455,187,187,187,PASS
625,0.7263849645576752,182,182,182,PASS
626,-0.7189325973831586,73,73,73,PASS
627,0.9028327122977216,195,195,195,PASS
628,1.578249126081008,246,246,246,PASS
629,-0.5028455022988689,90,90,90,PASS
630,-0.7702852723614736,70,70,70,PASS
631,0.285118543865416,149,149,149,PASS
632,1.2845546363025895,224,224,224,PASS
633,0.36819146188667706,155,155,155,PASS
634,1.5981635574368227,248,248,248,PASS
635,1.4368872481865178,236,236,236,PASS
636,0.7164472803323536,181,181,181,PASS
637,0.7034391228704304,180,180,180,PASS
638,-1.0946173375395765,45,45,45,PASS
639,-0.5404319005725853,87,87,87,PASS
640,1.0544954809603395,207,207,207,PASS
641,-0.33844842428840094,102,102,102,PASS
642,-0.9246072364876762,58,58,58,PASS
643,-1.4853808277782523,16,16,16,PASS
644,-0.94164195816301,57,57,57,PASS
645,0.26218428073047084,147,147,147,PASS
646,1.442065352142864,236,236,236,PASS
647,-0.3688276167927229,100,100,100,PASS
648,0.9844199095269517,202,202,202,PASS
649,-1.2620956505896477,32,32,32,PASS
650,1.097303492311102,210,210,210,PASS
651,1.4536122558168307,237,237,237,PASS
652,0.008706063134107378,128,128,128,PASS
653,-0.15376486005105106,116,116,116,PASS
654,1.3875724138615626,232,232,232,PASS
655,-0.9254144731414852,58,58,58,PASS
656,1.430133082522212,235,235,235,PASS
657,1.419500732175355,234,234,234,PASS
658,1.5556554956511774,245,245,245,PASS
659,1.329832716363352,228,228,228,PASS
660,0.08749775186794295,134,134,134,PASS
661,0.6180092747658252,174,174,174,PASS
662,0.11218806775722134,136,136,136,PASS
663,-0.6740603128734102,77,77,77,PASS
664,1.6681746447933026,253,253,253,PASS
665,-1.6150984143694953,6,6,6,PASS
666,-0.8448053869135388,64,64,64,PASS
667,1.4573943148183595,237,237,237,PASS
668,1.5378490689215918,243,243,243,PASS
669,-0.7520279117623686,71,71,71,PASS
670,1.6992632407828518,255,255,255,PASS
671,1.0629894562127304,208,208,208,PASS
672,0.9413190965452858,198,198,198,PASS
673,0.2442745838786493,146,146,146,PASS
674,-0.3594741400027852,100,100,100,PASS
675,-1.6685808679700258,2,2,2,PASS
676,-0.4570261520414385,93,93,93,PASS
677,-0.42573559092276625,95,95,95,PASS
678,-1.4229413203370265,20,20,20,PASS
679,-1.4126856419334224,21,21,21,PASS
680,-0.8045465561073756,67,67,67,PASS
681,-0.01919967008018264,126,126,126,PASS
682,0.9320063324994503,198,198,198,PASS
683,0.3021888361783651,150,150,150,PASS
684,0.13927256621795725,138,138,138,PASS
685,1.0084302929318498,203,203,203,PASS
686,1.1832042450435052,217,217,217,PASS
687,-0.20453068207317582,112,112,112,PASS
688,0.36436678709839065,155,155,155,PASS
689,1.4323296824895524,235,235,235,PASS
690,-1.4286446786429279,20,20,20,PASS
691,0.37028231345738294,155,155,155,PASS
692,0.9401427778401799,198,198,198,PASS
693,-0.2470662942178241,109,109,109,PASS
694,0.8498011964785468,191,191,191,PASS
695,1.1561251889142452,215,215,215,PASS
696,0.8987694838771778,195,195,195,PASS
697,0.1251435406962591,137,137,137,PASS
698,0.7628583884877471,185,185,185,PASS
699,0.7117419931458617,181,181,181,PASS
700,-0.3965554290944553,98,98,98,PASS
701,-1.6276925780787488,5,5,5,PASS
702,1.529036382564467,243,243,243,PASS
703,-0.10983645667887454,119,119,119,PASS
704,-0.6850762854479489,76,76,76,PASS
705,-0.8481920750779829,64,64,64,PASS
706,-0.34172230706497175,102,102,102,PASS
707,0.26479299879514295,147,147,147,PASS
708,0.06037218010999679,132,132,132,PASS
709,-0.4005382897551255,97,97,97,PASS
710,-1.4355842837852824,19,19,19,PASS
711,1.6345755721626791,251,251,251,PASS
712,-1.6465794802775806,4,4,4,PASS
713,1.427205544614931,235,235,235,PASS
714,-1.5919261315449582,8,8,8,PASS
715,0.018451543187011588,129,129,129,PASS
716,0.9705904700364971,201,201,201,PASS
717,0.5561569652756113,169,169,169,PASS
718,0.6995240962024527,180,180,180,PASS
719,-1.3685264544369338,24,24,24,PASS
720,1.2377770823636836,221,221,221,PASS
721,0.5094086647634726,166,166,166,PASS
722,1.5019649039819545,241,241,241,PASS
723,1.6838458004442856,254,254,254,PASS
724,0.8657812032671084,193,193,193,PASS
725,1.0375233906217651,206,206,206,PASS
726,1.5675037327030366,246,246,246,PASS
727,0.7456968986881114,184,184,184,PASS
728,0.37977908497653234,156,156,156,PASS
729,0.09164898047872505,134,134,134,PASS
730,0.07763015006341312,133,133,133,PASS
731,0.47583992063053393,163,163,163,PASS
732,0.42390746945136004,159,159,159,PASS
733,-1.6951910194629798,0,0,0,PASS
734,-1.1925288126926223,38,38,38,PASS
735,-0.28300891147197826,106,106,106,PASS
736,-0.7221863668088889,73,73,73,PASS
737,0.5933593091203451,172,172,172,PASS
738,1.6682622397650555,253,253,253,PASS
739,-0.7961462864444071,68,68,68,PASS
740,1.0563630966801127,207,207,207,PASS
741,-0.43736330530302303,95,95,95,PASS
742,0.7609006007802221,185,185,185,PASS
743,-1.398281221954374,22,22,22,PASS
744,0.4213723477882756,159,159,159,PASS
745,0.0699473169090612,133,133,133,PASS
746,1.1188708042360835,212,212,212,PASS
747,-1.2968818201376069,30,30,30,PASS
748,0.07391029657948356,133,133,133,PASS
749,1.2354410830463147,221,221,221,PASS
750,0.6621507544725385,177,177,177,PASS
751,-1.1534433847401964,41,41,41,PASS
752,1.20143032114478,218,218,218,PASS
753,-0.9146353518884027,59,59,59,PASS
754,-1.4494196565085216,18,18,18,PASS
755,-1.4114007820751922,21,21,21,PASS
756,0.96645592047974,200,200,200,PASS
757,1.1572315193160099,215,215,215,PASS
758,1.2941677421816775,225,225,225,PASS
759,0.8649276853124201,193,193,193,PASS
760,1.339696899154845,228,228,228,PASS
761,1.4538463016326586,237,237,237,PASS
762,0.1263540255852469,137,137,137,PASS
763,0.44968068239735826,161,161,161,PASS
764,1.5416881533094589,244,244,244,PASS
765,0.048274064401405026,131,131,131,PASS
766,-0.8814646366864944,61,61,61,PASS
767,1.4913016939905177,240,240,240,PASS
768,-1.5276997208185725,12,12,12,PASS
769,0.2833778723857703,149,149,149,PASS
770,1.4601513587130885,237,237,237,PASS
771,0.8308323221502081,190,190,190,PASS
772,0.35863757886974335,155,155,155,PASS
773,-0.04611377092767732,124,124,124,PASS
774,-0.7732601322986884,69,69,69,PASS
775,0.21534091316519266,144,144,144,PASS
776,0.811187606382543,189,189,189,PASS
777,0.2081266579089196,143,143,143,PASS
778,0.9057327679648133,196,196,196,PASS
779,1.588192762166212,247,247,247,PASS
780,0.47402164890562903,163,163,163,PASS
781,0.7067855161571324,181,181,181,PASS
782,1.1875675967570036,217,217,217,PASS
783,0.18077198428903363,141,141,141,PASS
784,-0.7196107884249643,73,73,73,PASS
785,0.9978805110908036,203,203,203,PASS
786,1.1044265980939885,211,211,211,PASS
787,1.6315678268955838,250,250,250,PASS
788,-1.6279455477114164,5,5,5,PASS
789,0.023905371742608095,129,129,129,PASS
790,-1.4917823254678244,15,15,15,PASS
791,-0.01262921317137855,127,127,127,PASS
792,-0.07666213215018836,122,122,122,PASS
793,-0.9527832793272253,56,56,56,PASS
794,1.6972147088882117,255,255,255,PASS
795,0.8256405983146615,190,190,190,PASS
796,-0.3873212265294075,98,98,98,PASS
797,1.0025464296090514,203,203,203,PASS
798,-0.860828995132889,63,63,63,PASS
799,-0.7325323972048479,72,72,72,PASS
800,0.9397203234742768,198,198,198,PASS
801,0.6636217308468348,177,177,177,PASS
802,0.9683720331149266,200,200,200,PASS
803,-0.3762546569801113,99,99,99,PASS
804,-1.0716769214152946,47,47,47,PASS
805,-0.2226289813289719,111,111,111,PASS
806,0.8183205535009368,189,189,189,PASS
807,1.1775193119400222,216,216,216,PASS
808,1.3676001792111119,230,230,230,PASS
809,1.6750822416727316,254,254,254,PASS
810,-0.6349846882545991,80,80,80,PASS
811,1.1493700310186072,214,214,214,PASS
812,1.6949068729799766,255,255,255,PASS
813,-0.7493194741139119,71,71,71,PASS
814,-1.6827935167706165,1,1,1,PASS
815,-1.2155624625396744,36,36,36,PASS
816,0.9441199859429206,199,199,199,PASS
817,1.0331695136964643,205,205,205,PASS
818,-0.816843909220578,66,66,66,PASS
819,1.4967340126629967,240,240,240,PASS
820,-0.8960346958323626,60,60,60,PASS
821,0.7771056576151396,186,186,186,PASS
822,-1.0727441191564728,47,47,47,PASS
823,0.8746171481656762,193,193,193,PASS
824,-1.5272152161200618,13,13,13,PASS
825,0.3065654560340898,151,151,151,PASS
826,-0.5134955837021999,89,89,89,PASS
827,0.540944709183601,168,168,168,PASS
828,1.3150974568052918,227,227,227,PASS
829,-0.6047628616632574,82,82,82,PASS
830,1.5336386128692336,243,243,243,PASS
831,-0.16364119944092237,115,115,115,PASS
832,-0.340375650542323,102,102,102,PASS
833,-1.0046117095558724,52,52,52,PASS
834,-1.510787491836442,14,14,14,PASS
835,-1.4923067659451743,15,15,15,PASS
836,1.1904930720112732,217,217,217,PASS
837,-1.6751456000489058,1,1,1,PASS
838,0.5042214723932907,165,165,165,PASS
839,0.3727475484327061,156,156,156,PASS
840,0.29659993466177736,150,150,150,PASS
841,-0.13643919895813061,117,117,117,PASS
842,-1.4826269981733307,16,16,16,PASS
843,-1.0457706640087856,49,49,49,PASS
844,0.6615749738517691,177,177,177,PASS
845,1.3293600138142188,228,228,228,PASS
846,-0.06051707005583307,123,123,123,PASS
847,-0.3726010203655785,99,99,99,PASS
848,1.1336197376474202,213,213,213,PASS
849,-1.5633949185654301,10,10,10,PASS
850,0.3351578375964739,153,153,153,PASS
851,1.6021823685445529,248,248,248,PASS
852,-0.23786614501260783,110,110,110,PASS
853,-0.6737064894929692,77,77,77,PASS
854,-0.43373773801805315,95,95,95,PASS
855,0.2535511334180689,147,147,147,PASS
856,1.297954921946771,225,225,225,PASS
857,0.7794590225742148,186,186,186,PASS
858,-0.535620962916181,87,87,87,PASS
859,-0.3991924951314616,97,97,97,PASS
860,0.4590927769340356,162,162,162,PASS
861,0.43540684194794976,160,160,160,PASS
862,-1.3127768348272315,29,29,29,PASS
863,0.2614914276389033,147,147,147,PASS
864,0.8398478561812446,191,191,191,PASS
865,-1.2674836388628465,32,32,32,PASS
866,0.9379798850049605,198,198,198,PASS
867,-1.194825594214604,38,38,38,PASS
868,-1.4059778628062698,22,22,22,PASS
869,0.19450670591726782,142,142,142,PASS
870,0.9553517497029944,199,199,199,PASS
871,0.39567143510873426,157,157,157,PASS
872,0.36285917426606074,155,155,155,PASS
873,-1.3862423607166212,23,23,23,PASS
874,0.26881372794475644,148,148,148,PASS
875,0.05059972979184857,131,131,131,PASS
876,-1.6513571856389988,3,3,3,PASS
877,0.9042425933432512,196,196,196,PASS
878,-0.9532667978621268,56,56,56,PASS
879,-0.12387214319558582,118,118,118,PASS
880,-0.1461388772192047,116,116,116,PASS
881,0.6129839634372714,174,174,174,PASS
882,1.2312723317376582,220,220,220,PASS
883,0.9520853215109113,199,199,199,PASS
884,-0.9789325972086468,54,54,54,PASS
885,-0.9222423537594476,58,58,58,PASS
886,-0.24307937664658974,109,109,109,PASS
887,-0.457580418518744,93,93,93,PASS
888,0.7440742459476486,184,184,184,PASS
889,0.16263387263345663,140,140,140,PASS
890,-0.16853137382271322,115,115,115,PASS
891,0.35497231340029534,154,154,154,PASS
892,-0.4046763384743186,97,97,97,PASS
893,1.2175844779981884,219,219,219,PASS
894,0.8418717048665572,191,191,191,PASS
895,1.0064474978968414,203,203,203,PASS
896,1.6706044850595803,253,253,253,PASS
897,0.6361664762862789,175,175,175,PASS
898,0.5170221030886675,166,166,166,PASS
899,0.9052912799876467,196,196,196,PASS
900,0.4512663708540188,161,161,161,PASS
901,1.5471522838817056,244,244,244,PASS
902,-0.317499844923125,104,104,104,PASS
903,-0.44446029435256107,94,94,94,PASS
904,-1.4084824467626018,21,21,21,PASS
905,1.5057706435949758,241,241,241,PASS
906,-1.4215040469061673,20,20,20,PASS
907,1.3946668419827517,233,233,233,PASS
908,-0.4943122835971645,90,90,90,PASS
909,1.6707183068117126,253,253,253,PASS
910,-1.2534040287085608,33,33,33,PASS
911,-0.8777106822739884,61,61,61,PASS
912,0.9878802101969637,202,202,202,PASS
913,-0.376819781090447,99,99,99,PASS
914,-0.2007480494965972,112,112,112,PASS
915,-1.0166006696274132,51,51,51,PASS
916,-1.1686267514276814,40,40,40,PASS
917,1.2194299889662414,219,219,219,PASS
918,0.3121076829271272,151,151,151,PASS
919,0.9731446745674159,201,201,201,PASS
920,-0.45361708927067057,93,93,93,PASS
921,-0.045261159888640545,124,124,124,PASS
922,1.4137828888272532,234,234,234,PASS
923,1.3778283777844,231,231,231,PASS
924,0.324963405257489,152,152,152,PASS
925,0.6168080893007024,174,174,174,PASS
926,-1.4456136543661169,19,19,19,PASS
927,-0.5302581228756151,88,88,88,PASS
928,0.2288600996509007,145,145,145,PASS
929,-0.1973189524040071,113,113,113,PASS
930,-0.6546814067660223,78,78,78,PASS
931,0.689577639772091,179,179,179,PASS
932,-0.8986964585266203,60,60,60,PASS
933,1.3943362410935711,232,232,232,PASS
934,-0.99589905208761,53,53,53,PASS
935,0.7408820568045915,183,183,183,PASS
936,-0.019284892542492882,126,126,126,PASS
937,0.792226176026942,187,187,187,PASS
938,-0.3210831147362869,103,103,103,PASS
939,-0.49730305488851845,90,90,90,PASS
940,0.4908787497724363,164,164,164,PASS
941,1.574871420189598,246,246,246,PASS
942,0.6409388204810138,176,176,176,PASS
943,-1.6452467175512149,4,4,4,PASS
944,-1.594893056259462,7,7,7,PASS
945,-0.9747545842967195,54,54,54,PASS
946,-0.4989226020716466,90,90,90,PASS
947,-1.157788125943549,40,40,40,PASS
948,1.5418858317174273,244,244,244,PASS
949,-0.7963518374269865,68,68,68,PASS
950,-0.14057473131847442,117,117,117,PASS
951,-1.2216518810685395,36,36,36,PASS
952,-0.6626928706439958,78,78,78,PASS
953,0.15576519971955283,139,139,139,PASS
954,-0.276901994752075,107,107,107,PASS
955,-1.3978637085020604,22,22,22,PASS
956,0.8426067245659403,191,191,191,PASS
957,1.596615586767151,248,248,248,PASS
958,-0.899164444878322,60,60,60,PASS
959,-0.9466397319290812,56,56,56,PASS
960,0.8677343807539943,193,193,193,PASS
961,-0.15570281140156683,116,116,116,PASS
962,-1.562739595710125,10,10,10,PASS
963,-1.536324573824781,12,12,12,PASS
964,1.6366826427541572,251,251,251,PASS
965,0.7593704752485888,185,185,185,PASS
966,0.05207080339373782,131,131,131,PASS
967,-1.1622363654368217,40,40,40,PASS
968,1.3951672129315218,233,233,233,PASS
969,-0.4244185501524529,96,96,96,PASS
970,-0.5843564346880459,84,84,84,PASS
971,0.9861993592996872,202,202,202,PASS
972,1.0817828751121181,209,209,209,PASS
973,-1.6345300494400488,4,4,4,PASS
974,0.17069913904478407,140,140,140,PASS
975,-0.5065122075072099,89,89,89,PASS
976,1.5989585337659487,248,248,248,PASS
977,-0.6305373971062815,80,80,80,PASS
978,-0.6777549029939192,76,76,76,PASS
979,0.5385141589874356,168,168,168,PASS
980,1.3727169504602157,231,231,231,PASS
981,0.4829649594861285,164,164,164,PASS
982,0.2034036197879625,143,143,143,PASS
983,-1.289329814133921,30,30,30,PASS
984,-0.8259182657484367,65,65,65,PASS
985,1.0160262105284767,204,204,204,PASS
986,-1.2372437663620772,34,34,34,PASS
987,1.4967902560234172,240,240,240,PASS
988,1.520970786893234,242,242,242,PASS
989,0.4727811442794472,163,163,163,PASS
990,-0.6724550862969538,77,77,77,PASS
991,1.4419551674954028,236,236,236,PASS
992,1.0118311437490022,204,204,204,PASS
993,0.8057645053139157,188,188,188,PASS
994,-1.2183875930866654,36,36,36,PASS
995,0.3755797004891164,156,156,156,PASS
996,1.07899260055939,209,209,209,PASS
997,-0.9118372654437567,59,59,59,PASS
998,-0.8210510921425183,66,66,66,PASS
999,-0.17843124949279465,114,114,114,PASS
1000,1.0319226350460442,205,205,205,PASS
1001,-1.3719460739630986,24,24,24,PASS
1002,0.6876440209123873,179,179,179,PASS
1003,0.2605065314742012,147,147,147,PASS
1004,0.7116590099976727,181,181,181,PASS
1005,-1.175745197369391,39,39,39,PASS
1006,1.581738090968065,247,247,247,PASS
1007,-1.1714168705215213,39,39,39,PASS
1008,1.1028114209923705,211,211,211,PASS
1009,-1.6688112280708525,2,2,2,PASS
1010,0.7463016831414133,184,184,184,PASS
1011,-0.6641669980278662,77,77,77,PASS
1012,-0.4133426639895701,96,96,96,PASS
1013,1.290896946333069,225,225,225,PASS
1014,-0.3621246501990174,100,100,100,PASS
1015,0.11539089040674133,136,136,136,PASS
1016,0.3954254288564514,157,157,157,PASS
1017,-1.6605840226133886,2,2,2,PASS
1018,0.6509078964242987,177,177,177,PASS
1019,1.525902179241868,242,242,242,PASS
1020,-0.3342203026163466,102,102,102,PASS
1021,1.1640878616920711,215,215,215,PASS
1022,-0.9205536236515591,58,58,58,PASS
1023,0.1564942506648319,139,139,139,PASS
1024,-0.8664581870356771,62,62,62,PASS
1025,-0.9934633227457148,53,53,53,PASS
1026,0.46508292365963144,163,163,163,PASS
1027,-1.602893873506184,7,7,7,PASS
1028,1.6652972139432747,253,253,253,PASS
1029,0.6838309208242614,179,179,179,PASS
1030,-0.7851615249744265,68,68,68,PASS
1031,0.35521715274710375,154,154,154,PASS
1032,-1.513020661015582,14,14,14,PASS
1033,0.5603573708812768,170,170,170,PASS
1034,1.167424862203058,215,215,215,PASS
1035,1.0465952826982379,206,206,206,PASS
1036,-1.261386572666828,33,33,33,PASS
1037,-1.197039452878567,37,37,37,PASS
1038,0.5379201687683322,168,168,168,PASS
1039,-0.7307496939862533,72,72,72,PASS
1040,1.4611524617766352,238,238,238,PASS
1041,0.24124313334463943,146,146,146,PASS
1042,0.2156278228396291,144,144,144,PASS
1043,0.8822227995628398,194,194,194,PASS
1044,1.3013621084059512,225,225,225,PASS
1045,-0.12952635690570746,118,118,118,PASS
1046,0.2104225864835294,143,143,143,PASS
1047,-1.4361033175904403,19,19,19,PASS
1048,1.4431401257092464,236,236,236,PASS
1049,1.3410228823466317,228,228,228,PASS
1050,-1.5137155845087882,14,14,14,PASS
1051,-0.5049302106097067,89,89,89,PASS
1052,1.33587181233089,228,228,228,PASS
1053,0.29457545359085135,150,150,150,PASS
1054,-0.6132089141663735,81,81,81,PASS
1055,-0.4991212281172466,90,90,90,PASS
1056,0.5600027448379852,170,170,170,PASS
1057,0.6435055124518902,176,176,176,PASS
1058,-1.1970325649292541,37,37,37,PASS
1059,-0.1801940811815459,114,114,114,PASS
1060,1.138182553467167,213,213,213,PASS
1061,1.1344215538667763,213,213,213,PASS
1062,0.6761495676453484,178,178,178,PASS
1063,1.0485943308375407,206,206,206,PASS
1064,0.634686437814451,175,175,175,PASS
1065,1.1435930426230174,214,214,214,PASS
1066,-0.4910011776162668,91,91,91,PASS
1067,-1.458413305292328,18,18,18,PASS
1068,-1.3766972892558487,24,24,24,PASS
1069,0.31817633895408526,151,151,151,PASS
1070,-1.657375072426363,3,3,3,PASS
1071,1.1594888898214994,215,215,215,PASS
1072,-1.0546661731962055,48,48,48,PASS
1073,1.0772950656695814,209,209,209,PASS
1074,-0.4904672809437609,91,91,91,PASS
1075,-1.3375624904067551,27,27,27,PASS
1076,-0.44270175150642954,94,94,94,PASS
1077,-1.669083926224548,2,2,2,PASS
1078,-1.0170753368768137,51,51,51,PASS
1079,-1.2025679486280658,37,37,37,PASS
1080,1.6172446035523624,249,249,249,PASS
1081,-0.22722531217144204,110,110,110,PASS
1082,0.1660648003325189,140,140,140,PASS
1083,-1.50950747608211,14,14,14,PASS
1084,-1.4990365030400217,15,15,15,PASS
1085,0.3449276778116175,153,153,153,PASS
1086,-0.5513007397507736,86,86,86,PASS
1087,-0.6909534341820225,75,75,75,PASS
1088,-1.1449192560456662,41,41,41,PASS
1089,0.878017567059221,194,194,194,PASS
1090,1.5030881293382883,241,241,241,PASS
1091,-0.4458507198917194,94,94,94,PASS
1092,-0.4208406895378993,96,96,96,PASS
1093,-0.7064858285015173,74,74,74,PASS
1094,-1.105114839356308,44,44,44,PASS
1095,-0.6307484435471338,80,80,80,PASS
1096,1.0936845160921094,210,210,210,PASS
1097,-1.4165329943501705,21,21,21,PASS
1098,1.0869724583267513,209,209,209,PASS
1099,-1.5128569437166535,14,14,14,PASS
1100,0.1282819346377606,137,137,137,PASS
1101,0.9061685060854636,196,196,196,PASS
1102,-0.5463262339822343,86,86,86,PASS
1103,1.279277182949108,224,224,224,PASS
1104,0.8921180799158057,195,195,195,PASS
1105,0.4797348298149313,164,164,164,PASS
1106,-0.47725886367015824,92,92,92,PASS
1107,-1.23679438702031,34,34,34,PASS
1108,0.3236658424956447,152,152,152,PASS
1109,-1.005926397104247,52,52,52,PASS
1110,1.2893860301419935,225,225,225,PASS
1111,1.289219796289587,225,225,225,PASS
1112,-0.016963924675122755,126,126,126,PASS
1113,0.6456890521984409,176,176,176,PASS
1114,0.771722052936892,186,186,186,PASS
1115,-0.533374295849637,87,87,87,PASS
1116,-1.1778790109225434,39,39,39,PASS
1117,-0.24226330754298786,109,109,109,PASS
1118,0.01154104632071884,128,128,128,PASS
1119,0.6569374666259955,177,177,177,PASS
1120,0.6263323944503452,175,175,175,PASS
1121,-1.5115352895997058,14,14,14,PASS
1122,1.4347579947432731,236,236,236,PASS
1123,-1.0025866543354685,52,52,52,PASS
1124,-0.905513275675997,59,59,59,PASS
1125,-1.397061841547435,22,22,22,PASS
1126,-0.013376125808446604,126,126,126,PASS
1127,1.4428301246670887,236,236,236,PASS
1128,0.5530227229319784,169,169,169,PASS
1129,-0.0294113157305691,125,125,125,PASS
1130,1.221556143846352,219,219,219,PASS
1131,1.5285186168932052,243,243,243,PASS
1132,0.20779627108511534,143,143,143,PASS
1133,0.9961777647924432,203,203,203,PASS
1134,1.6414658142028957,251,251,251,PASS
1135,-1.6000017866001748,7,7,7,PASS
1136,0.28929032668812926,149,149,149,PASS
1137,0.6408213824876852,176,176,176,PASS
1138,0.15117044362787402,139,139,139,PASS
1139,-0.6677024330606403,77,77,77,PASS
1140,-0.791572050038389,68,68,68,PASS
1141,1.309430288530306,226,226,226,PASS
1142,1.2945124907182348,225,225,225,PASS
1143,-1.2320172147083266,35,35,35,PASS
1144,0.8306727914338718,190,190,190,PASS
1145,0.6769287421201484,178,178,178,PASS
1146,-0.12946654828107307,118,118,118,PASS
1147,-0.3484700051916356,101,101,101,PASS
1148,-0.5981749895999116,82,82,82,PASS
1149,0.7391129802367911,183,183,183,PASS
1150,-0.16159053778155563,115,115,115,PASS
1151,0.6043582082861796,173,173,173,PASS
1152,0.6764203893945904,178,178,178,PASS
1153,1.6360644647921194,251,251,251,PASS
1154,0.6240413531988767,174,174,174,PASS
1155,-1.4318196151952072,20,20,20,PASS
1156,-0.946317112262851,56,56,56,PASS
1157,0.3016346146272071,150,150,150,PASS
1158,-1.6153927757516688,6,6,6,PASS
1159,-0.15816277506690546,116,116,116,PASS
1160,-0.6594589286202239,78,78,78,PASS
1161,-1.091618624675391,45,45,45,PASS
1162,-1.544910198570561,11,11,11,PASS
1163,-1.6428488634246434,4,4,4,PASS
1164,-1.1223586563997712,43,43,43,PASS
1165,1.4907198305979057,240,240,240,PASS
1166,-0.5869441878182473,83,83,83,PASS
1167,1.4870200785344638,239,239,239,PASS
1168,-1.366109806948743,25,25,25,PASS
1169,0.3536527944260113,154,154,154,PASS
1170,0.09857123714799454,135,135,135,PASS
1171,0.45827818410136056,162,162,162,PASS
1172,1.1814344345232126,216,216,216,PASS
1173,-0.3743748172021033,99,99,99,PASS
1174,0.562116002399059,170,170,170,PASS
1175,-0.9815681377879159,54,54,54,PASS
1176,0.9716704444032855,201,201,201,PASS
1177,0.1171697314643847,136,136,136,PASS
1178,-1.4267257690286077,20,20,20,PASS
1179,-0.7038383867915434,75,75,75,PASS
1180,-1.2416071996002234,34,34,34,PASS
1181,0.8336945022530167,190,190,190,PASS
1182,-0.3270544297428568,103,103,103,PASS
1183,0.07938612086921726,133,133,133,PASS
1184,0.3722662475910703,156,156,156,PASS
1185,-0.4325445986321761,95,95,95,PASS
1186,1.6522571157390764,252,252,252,PASS
1187,0.8601050522791354,192,192,192,PASS
1188,0.504889805410287,166,166,166,PASS
1189,-1.1830365664958222,38,38,38,PASS
1190,-0.4386431917665947,94,94,94,PASS
1191,-0.4108731747561398,97,97,97,PASS
1192,0.6927252928151433,180,180,180,PASS
1193,-1.4233416205745193,20,20,20,PASS
1194,-1.2241349298244453,35,35,35,PASS
1195,0.9999840573757155,203,203,203,PASS
1196,-0.3999779478489165,97,97,97,PASS
1197,-0.6820002950545867,76,76,76,PASS
1198,-1.3428279148444626,26,26,26,PASS
1199,-1.4123495825584076,21,21,21,PASS
1200,-0.2754878458100758,107,107,107,PASS
1201,-0.13608576603913924,117,117,117,PASS
1202,1.5976999447503053,248,248,248,PASS
1203,0.5590262949546909,170,170,170,PASS
1204,-0.9450615819264866,56,56,56,PASS
1205,0.6230508526015217,174,174,174,PASS
1206,-1.6565144209621552,3,3,3,PASS
1207,0.831501271252092,190,190,190,PASS
1208,-0.6368143174936602,80,80,80,PASS
1209,0.6101270753890888,173,173,173,PASS
1210,1.5482659955949252,244,244,244,PASS
1211,1.6628909707930661,253,253,253,PASS
1212,0.1870851883050484,142,142,142,PASS
1213,-1.4626062961013029,17,17,17,PASS
1214,-1.4899812658598401,15,15,15,PASS
1215,-0.7777311611922022,69,69,69,PASS
1216,-1.3795666981144554,24,24,24,PASS
1217,-0.7212738800999904,73,73,73,PASS
1218,1.3110440733833444,226,226,226,PASS
1219,-0.6547114065486861,78,78,78,PASS
1220,-0.5800672899925017,84,84,84,PASS
1221,1.1254832967594457,212,212,212,PASS
1222,0.8871905572980199,194,194,194,PASS
1223,-0.6030187173109072,82,82,82,PASS
1224,0.008061395869973342,128,128,128,PASS
1225,0.20437401015469359,143,143,143,PASS
1226,0.7578102639308668,185,185,185,PASS
1227,-1.2445832946537874,34,34,34,PASS
1228,0.8618221270040076,192,192,192,PASS
1229,-1.3699353971345143,24,24,24,PASS
1230,0.2961759663834922,150,150,150,PASS
1231,1.5136984096640151,241,241,241,PASS
1232,-1.1170843161164348,43,43,43,PASS
1233,0.9335189802713273,198,198,198,PASS
1234,-0.3692704411143377,100,100,100,PASS
1235,-0.9077596338224,59,59,59,PASS
1236,0.04654173416046814,131,131,131,PASS
1237,-1.052119740621747,48,48,48,PASS
1238,-0.1862947482761761,113,113,113,PASS
1239,0.29220618085409944,150,150,150,PASS
1240,0.9206810123045328,197,197,197,PASS
1241,1.0675072487239576,208,208,208,PASS
1242,1.320505325796723,227,227,227,PASS
1243,-0.04717236200274377,124,124,124,PASS
1244,1.4092332369157978,234,234,234,PASS
1245,1.3468975054673022,229,229,229,PASS
1246,-0.03840018065172868,125,125,125,PASS
1247,-1.3276178158661196,28,28,28,PASS
1248,-0.46014867742648,93,93,93,PASS
1249,0.8357482436967409,190,190,190,PASS
1250,0.20541314771189123,143,143,143,PASS
1251,-1.0633265621410797,47,47,47,PASS
1252,1.2279299539129218,220,220,220,PASS
1253,0.4961097108283503,165,165,165,PASS
1254,-1.2631970398147236,32,32,32,PASS
1255,1.0883689416427604,209,209,209,PASS
1256,0.049757473353992276,131,131,131,PASS
1257,-0.4843549559825293,91,91,91,PASS
1258,0.08046223322226531,134,134,134,PASS
1259,0.1367338845493029,138,138,138,PASS
1260,1.6253865423293659,250,250,250,PASS
1261,0.6275680252769822,175,175,175,PASS
1262,-0.7695305799987916,70,70,70,PASS
1263,-0.28203821678150387,106,106,106,PASS
1264,-1.3195925067257612,28,28,28,PASS
1265,-0.4931989202196567,90,90,90,PASS
1266,1.0450640117330756,206,206,206,PASS
1267,-0.3254866702997481,103,103,103,PASS
1268,1.0527020699007397,207,207,207,PASS
1269,-0.6293150560589891,80,80,80,PASS
1270,0.4182253773931601,159,159,159,PASS
1271,-1.4500206509514766,18,18,18,PASS
1272,-1.245728505800371,34,34,34,PASS
1273,-0.31006591951845275,104,104,104,PASS
1274,1.4170087375222653,234,234,234,PASS
1275,0.7207604067673274,182,182,182,PASS
1276,-0.9507838736300676,56,56,56,PASS
1277,-0.6884069883601622,76,76,76,PASS
1278,-1.5474986896693563,11,11,11,PASS
1279,0.4807638159605798,164,164,164,PASS
1280,1.520590584646652,242,242,242,PASS
1281,0.4836719447497655,164,164,164,PASS
1282,0.8685457411585948,193,193,193,PASS
1283,-0.40878106991706886,97,97,97,PASS
1284,0.9522099741480374,199,199,199,PASS
1285,-0.03514525345725095,125,125,125,PASS
1286,0.7148826405606867,181,181,181,PASS
1287,-0.8204904153739215,66,66,66,PASS
1288,0.6960519679688353,180,180,180,PASS
1289,-0.9053253381350441,59,59,59,PASS
1290,-0.5583015139163574,85,85,85,PASS
1291,-0.7328835540651505,72,72,72,PASS
1292,-0.21106139821232217,112,112,112,PASS
1293,-0.967408939330564,55,55,55,PASS
1294,0.35405101966399344,154,154,154,PASS
1295,0.4951181121708743,165,165,165,PASS
1296,-0.925686998365348,58,58,58,PASS
1297,0.9238443999487027,197,197,197,PASS
1298,0.5579552725096601,170,170,170,PASS
1299,1.558003490826424,245,245,245,PASS
1300,1.243067268203142,221,221,221,PASS
1301,1.5186368842070335,242,242,242,PASS
1302,1.4344778311460538,236,236,236,PASS
1303,1.3807955055359484,231,231,231,PASS
1304,1.6446731223897844,251,251,251,PASS
1305,1.5483495595201913,244,244,244,PASS
1306,-0.48773028330063917,91,91,91,PASS
1307,-1.2495845245246842,33,33,33,PASS
1308,1.4627703947216057,238,238,238,PASS
1309,-0.6366874344567177,80,80,80,PASS
1310,1.2426249092995352,221,221,221,PASS
1311,1.6848901599039807,254,254,254,PASS
1312,0.4120603225196302,159,159,159,PASS
1313,-0.7259303393638623,73,73,73,PASS
1314,0.5576846551215213,169,169,169,PASS
1315,1.1728122732731452,216,216,216,PASS
1316,-1.1211395930871526,43,43,43,PASS
1317,1.2820178886999136,224,224,224,PASS
1318,0.7437386049899766,183,183,183,PASS
1319,1.438862965148999,236,236,236,PASS
1320,-0.5241444578473804,88,88,88,PASS
1321,1.3952409534343764,233,233,233,PASS
1322,-1.0738163906045646,47,47,47,PASS
1323,0.7689502191743929,185,185,185,PASS
1324,1.4651585461130077,238,238,238,PASS
1325,0.1776487491055203,141,141,141,PASS
1326,-1.1879594060809184,38,38,38,PASS
1327,1.568990279485259,246,246,246,PASS
1328,0.2966102122363883,150,150,150,PASS
1329,-0.763797572187719,70,70,70,PASS
1330,1.4267775839770585,235,235,235,PASS
1331,1.1101506483226597,211,211,211,PASS
1332,1.4903913780974112,240,240,240,PASS
1333,0.5001358323345964,165,165,165,PASS
1334,-0.9560836744343926,56,56,56,PASS
1335,0.33418551786448725,153,153,153,PASS
1336,0.027483824522737788,130,130,130,PASS
1337,0.026059965554432685,129,129,129,PASS
1338,-1.6512058395231926,3,3,3,PASS
1339,-0.8252315374721446,65,65,65,PASS
1340,-0.7842431973828174,68,68,68,PASS
1341,-1.4006456921424344,22,22,22,PASS
1342,-0.41237314577162065,96,96,96,PASS
1343,-0.17417597955999065,114,114,114,PASS
1344,0.632383011078572,175,175,175,PASS
1345,0.0668040204060043,133,133,133,PASS
1346,-0.15717322816616663,116,116,116,PASS
1347,-1.202897555180018,37,37,37,PASS
1348,-0.8974507877580027,60,60,60,PASS
1349,-0.6110150547339983,81,81,81,PASS
1350,-1.1951167786941808,38,38,38,PASS
1351,-0.8255391624643353,65,65,65,PASS
1352,-0.32573151243357423,103,103,103,PASS
1353,-0.9158799679318541,59,59,59,PASS
1354,-0.8324234265426569,65,65,65,PASS
1355,0.9645098708270161,200,200,200,PASS
1356,-0.4667838173747392,92,92,92,PASS
1357,-0.39982301092062156,97,97,97,PASS
1358,0.95918275736531,200,200,200,PASS
1359,0.9120109176721523,196,196,196,PASS
1360,0.7357123867033988,183,183,183,PASS
1361,0.2763460355156411,148,148,148,PASS
1362,-1.4848488284039516,16,16,16,PASS
1363,1.2240707863843354,220,220,220,PASS
1364,0.4315828887439801,160,160,160,PASS
1365,1.497142680918204,240,240,240,PASS
1366,-1.0842833206465512,46,46,46,PASS
1367,-1.3023406081368867,29,29,29,PASS
1368,1.3672337658616136,230,230,230,PASS
1369,-0.6279018527195119,80,80,80,PASS
1370,1.5632458336585582,245,245,245,PASS
1371,0.8713285794092933,193,193,193,PASS
1372,-0.9351316626659472,57,57,57,PASS
1373,0.4303946683100033,160,160,160,PASS
1374,-0.5394244037123788,87,87,87,PASS
1375,1.08930894715034,210,210,210,PASS
1376,0.48713510741658106,164,164,164,PASS
1377,0.7798766560829902,186,186,186,PASS
1378,-0.7266454602878352,73,73,73,PASS
1379,-1.625233952018004,5,5,5,PASS
1380,-0.2952982525764354,105,105,105,PASS
1381,0.737538861846984,183,183,183,PASS
1382,1.4021711939643111,233,233,233,PASS
1383,-0.6527887080081096,78,78,78,PASS
1384,-0.13962067808676304,117,117,117,PASS
1385,1.2974584826894062,225,225,225,PASS
1386,-0.8463708091916912,64,64,64,PASS
1387,0.6158771038464643,174,174,174,PASS
1388,1.3034287046360575,226,226,226,PASS
1389,0.44326242341995425,161,161,161,PASS
1390,-1.306770618562631,29,29,29,PASS
1391,0.5177674737500266,166,166,166,PASS
1392,-1.558574844911339,10,10,10,PASS
1393,-0.7420368286347842,72,72,72,PASS
1394,1.3067968708779676,226,226,226,PASS
1395,0.7285470788662327,182,182,182,PASS
1396,-0.9686293823287051,55,55,55,PASS
1397,0.6517200138166725,177,177,177,PASS
1398,0.2502323021499011,146,146,146,PASS
1399,1.0506751215801169,207,207,207,PASS
1400,0.5851755584156677,172,172,172,PASS
1401,1.1066324668485825,211,211,211,PASS
1402,0.7807563437962883,186,186,186,PASS
1403,-1.41892229850294,21,21,21,PASS
1404,-0.08866282899465117,121,121,121,PASS
1405,-1.4919077835917194,15,15,15,PASS
1406,-0.7282244068685023,73,73,73,PASS
1407,-0.7448824991378026,71,71,71,PASS
1408,-0.108245853072785,119,119,119,PASS
1409,-0.5805203010687539,84,84,84,PASS
1410,-0.9102448836436531,59,59,59,PASS
1411,1.2239649465612457,220,220,220,PASS
1412,-1.5154839399855935,13,13,13,PASS
1413,-0.126080366079101,118,118,118,PASS
1414,0.48987777070674565,164,164,164,PASS
1415,-1.052446131581788,48,48,48,PASS
1416,-0.1445964134166482,117,117,117,PASS
1417,-0.5372947145939182,87,87,87,PASS
1418,1.2320763829796924,220,220,220,PASS
1419,-1.528184117830051,12,12,12,PASS
1420,-1.4933930458268088,15,15,15,PASS
1421,-0.10042942065554983,120,120,120,PASS
1422,0.7068176555923829,181,181,181,PASS
1423,1.2691504617461085,223,223,223,PASS
1424,0.02436251948171808,129,129,129,PASS
1425,1.5802341573949386,246,246,246,PASS
1426,0.5808519865995467,171,171,171,PASS
1427,1.5392449891483604,243,243,243,PASS
1428,1.207486510617813,218,218,218,PASS
1429,1.3443991348714228,229,229,229,PASS
1430,-1.5956019451590113,7,7,7,PASS
1431,1.2932154720665558,225,225,225,PASS
1432,0.5358328164364143,168,168,168,PASS
1433,-1.2147639669408066,36,36,36,PASS
1434,-1.4156499990901255,21,21,21,PASS
1435,-1.2994392910613626,30,30,30,PASS
1436,-0.03627190964925742,125,125,125,PASS
1437,-1.4696539902052013,17,17,17,PASS
1438,-0.28269076301880847,106,106,106,PASS
1439,-1.148041710575237,41,41,41,PASS
1440,-1.5497967084758595,11,11,11,PASS
1441,-1.3295090840749395,27,27,27,PASS
1442,-1.4009873533882886,22,22,22,PASS
1443,1.3619558200038153,230,230,230,PASS
1444,0.5401485889389253,168,168,168,PASS
1445,0.4712629185674164,163,163,163,PASS
1446,1.6321770990368443,250,250,250,PASS
1447,0.19921849645872558,142,142,142,PASS
1448,1.4730762274346694,238,238,238,PASS
1449,0.5208333467975363,167,167,167,PASS
1450,-0.17886994163477854,114,114,114,PASS
1451,0.6772211757220774,178,178,178,PASS
1452,-0.23210781802398572,110,110,110,PASS
1453,-1.0456720260023844,49,49,49,PASS
1454,-1.5119372668754498,14,14,14,PASS
1455,1.4411546730248601,236,236,236,PASS
1456,-0.452265195861949,93,93,93,PASS
1457,1.1482048074338211,214,214,214,PASS
1458,-0.2243525001798492,111,111,111,PASS
1459,-1.4718748859329076,17,17,17,PASS
1460,0.1916995437292175,142,142,142,PASS
1461,-1.3991921647485661,22,22,22,PASS
1462,0.7684085756514893,185,185,185,PASS
1463,-0.3678983315201394,100,100,100,PASS
1464,1.0183410467546057,204,204,204,PASS
1465,-1.3478712370455381,26,26,26,PASS
1466,-1.6100982076647141,6,6,6,PASS
1467,-1.2817707061413384,31,31,31,PASS
1468,1.5027655191679845,241,241,241,PASS
1469,-0.7667664286719805,70,70,70,PASS
1470,0.30207516458852157,150,150,150,PASS
1471,-0.3731961967365989,99,99,99,PASS
1472,-0.9649557651278611,55,55,55,PASS
1473,-1.159191762915686,40,40,40,PASS
1474,0.31930351998641915,152,152,152,PASS
1475,-0.12237892071633749,118,118,118,PASS
1476,1.561860287257949,245,245,245,PASS
1477,1.1202292468547113,212,212,212,PASS
1478,1.0874828387246278,209,209,209,PASS
1479,-1.47512364430772,16,16,16,PASS
1480,-0.16468605246160872,115,115,115,PASS
1481,-1.6887924867311563,0,0,0,PASS
1482,1.185959933535324,217,217,217,PASS
1483,-0.8293315312349401,65,65,65,PASS
1484,-0.24272298559578487,109,109,109,PASS
1485,-0.8971879906538736,60,60,60,PASS
1486,-1.4006220720000515,22,22,22,PASS
1487,1.559263274277453,245,245,245,PASS
1488,0.22621486681826375,145,145,145,PASS
1489,-0.13767780236446936,117,117,117,PASS
1490,0.9390283831562616,198,198,198,PASS
1491,-0.036702771032236514,125,125,125,PASS
1492,1.1793065907623863,216,216,216,PASS
1493,1.054974362863674,207,207,207,PASS
1494,-1.6218740576310449,5,5,5,PASS
1495,-0.03629480645261296,125,125,125,PASS
1496,-1.5767505173612972,9,9,9,PASS
1497,-0.3843237497918268,99,99,99,PASS
1498,-0.4422556202039014,94,94,94,PASS
1499,1.0160650422018056,204,204,204,PASS
1500,-0.9206288319918128,58,58,58,PASS
1501,0.29856181209772004,150,150,150,PASS
1502,-0.11433283637120062,119,119,119,PASS
1503,1.1094365724218342,211,211,211,PASS
1504,1.0617418382374757,207,207,207,PASS
1505,-1.4747195279261338,16,16,16,PASS
1506,1.0124049285852206,204,204,204,PASS
1507,-1.192094881999324,38,38,38,PASS
1508,0.5418059568211728,168,168,168,PASS
1509,-1.473766666045364,17,17,17,PASS
1510,-1.426137204606581,20,20,20,PASS
1511,1.4866647612359902,239,239,239,PASS
1512,1.2246507694890403,220,220,220,PASS
1513,-0.14868291902758823,116,116,116,PASS
1514,-0.9911928275210713,53,53,53,PASS
1515,-0.937135073672594,57,57,57,PASS
1516,-0.7124915305169599,74,74,74,PASS
1517,-0.5060793904664058,89,89,89,PASS
1518,-1.4669674958377683,17,17,17,PASS
1519,-0.5936327520487741,83,83,83,PASS
1520,-1.5332994194531404,12,12,12,PASS
1521,-1.5131204082636889,14,14,14,PASS
1522,1.2499308303946093,222,222,222,PASS
1523,0.6109818215523866,174,174,174,PASS
1524,0.8901974403686477,195,195,195,PASS
1525,0.6166232228556263,174,174,174,PASS
1526,-0.6289585262282842,80,80,80,PASS
1527,0.5631875243891884,170,170,170,PASS
1528,1.2947325785605284,225,225,225,PASS
1529,1.4507226745474207,237,237,237,PASS
1530,-0.3031053413562863,105,105,105,PASS
1531,1.2986276412014115,225,225,225,PASS
1532,0.832000488587884,190,190,190,PASS
1533,-0.9715154695253767,54,54,54,PASS
1534,0.21531247610061977,144,144,144,PASS
1535,-0.7421605809999737,72,72,72,PASS
1536,-0.9910225051616136,53,53,53,PASS
1537,-0.008633001903886495,127,127,127,PASS
1538,0.4334297245498322,160,160,160,PASS
1539,-1.6127363358259776,6,6,6,PASS
1540,-0.6454069289959314,79,79,79,PASS
1541,-0.385322240339784,98,98,98,PASS
1542,-0.9248686288370699,58,58,58,PASS
1543,0.7380517450240254,183,183,183,PASS
1544,-0.9339771337604142,57,57,57,PASS
1545,0.30710101229994335,151,151,151,PASS
1546,1.115066485706292,211,211,211,PASS
1547,1.454002882316608,237,237,237,PASS
1548,-1.1025578579572457,44,44,44,PASS
1549,-0.9274541101499172,58,58,58,PASS
1550,-0.7744853684164515,69,69,69,PASS
1551,-0.5396125620281174,87,87,87,PASS
1552,-0.7432745944443818,72,72,72,PASS
1553,0.692207734795111,180,180,180,PASS
1554,-0.09638023356977743,120,120,120,PASS
1555,-1.527490448357582,12,12,12,PASS
1556,-1.0134788548664142,51,51,51,PASS
1557,-0.8516376945663334,63,63,63,PASS
1558,0.9253074798056777,197,197,197,PASS
1559,-1.2542890263706805,33,33,33,PASS
1560,-1.3784343314588137,24,24,24,PASS
1561,0.45874088338117214,162,162,162,PASS
1562,-1.4107568077918498,21,21,21,PASS
1563,0.6895160089260755,179,179,179,PASS
1564,-1.092057650619377,45,45,45,PASS
1565,0.44999913616330445,161,161,161,PASS
1566,-0.5164310081054773,89,89,89,PASS
1567,-1.4372261540467364,19,19,19,PASS
1568,0.6753677920971104,178,178,178,PASS
1569,-1.6892249541291455,0,0,0,PASS
1570,0.8610406115531213,192,192,192,PASS
1571,1.3718940359629477,231,231,231,PASS
1572,-0.9863686856480853,53,53,53,PASS
1573,-0.057294686915690285,123,123,123,PASS
1574,0.7459030298920155,184,184,184,PASS
1575,-0.6767821965703478,77,77,77,PASS
1576,0.33284872650559305,153,153,153,PASS
1577,-1.5985861008534261,7,7,7,PASS
1578,-0.6071289743099368,82,82,82,PASS
1579,-0.7014743458513097,75,75,75,PASS
1580,0.5783685815481563,171,171,171,PASS
1581,0.42443560975867123,159,159,159,PASS
1582,0.6228279184921244,174,174,174,PASS
1583,1.2850697572648777,224,224,224,PASS
1584,1.4818892881468362,239,239,239,PASS
1585,-1.3463019080697847,26,26,26,PASS
1586,0.4681960169755872,163,163,163,PASS
1587,-0.544089496710451,87,87,87,PASS
1588,-0.6195357359038436,81,81,81,PASS
1589,1.1102973968375809,211,211,211,PASS
1590,0.09811934847898574,135,135,135,PASS
1591,-0.1929492515065232,113,113,113,PASS
1592,-1.0467548872685026,49,49,49,PASS
1593,0.8166559068474568,189,189,189,PASS
1594,1.249798314855887,222,222,222,PASS
1595,0.5673298905042119,170,170,170,PASS
1596,0.7517598725577084,184,184,184,PASS
1597,-1.3277141402131618,28,28,28,PASS
1598,-0.6245626605878856,80,80,80,PASS
1599,-0.10571912473888467,120,120,120,PASS
1600,0.9563418619511401,200,200,200,PASS
1601,-1.3664044110075542,25,25,25,PASS
1602,-0.9955052823801638,53,53,53,PASS
1603,1.5357789371611175,243,243,243,PASS
1604,-1.2141311409580597,36,36,36,PASS
1605,0.7904606368829576,187,187,187,PASS
1606,-0.3050677411929814,105,105,105,PASS
1607,1.2806470991976162,224,224,224,PASS
1608,-1.4671737640005285,17,17,17,PASS
1609,0.8036529816072704,188,188,188,PASS
1610,1.529962222326455,243,243,243,PASS
1611,0.6831359901030944,179,179,179,PASS
1612,-0.46294793618866104,93,93,93,PASS
1613,1.588108136939782,247,247,247,PASS
1614,1.0286119244105836,205,205,205,PASS
1615,0.6066257451750452,173,173,173,PASS
1616,-0.7900709634277397,68,68,68,PASS
1617,0.861151229878981,192,192,192,PASS
1618,1.3821252082029412,232,232,232,PASS
1619,0.4716400356818269,163,163,163,PASS
1620,-0.3959947501720067,98,98,98,PASS
1621,1.6327397813822813,250,250,250,PASS
1622,-1.50061520412878,15,15,15,PASS
1623,-0.605937606969551,82,82,82,PASS
1624,1.571261892051613,246,246,246,PASS
1625,0.4053787990229514,158,158,158,PASS
1626,-1.36791571234148,25,25,25,PASS
1627,0.2083549266151281,143,143,143,PASS
1628,1.6940583160260518,255,255,255,PASS
1629,1.4596501156310244,237,237,237,PASS
1630,-0.6493098389938392,79,79,79,PASS
1631,-0.8525590839444653,63,63,63,PASS
1632,-0.787062966764886,68,68,68,PASS
1633,-0.957674438947052,55,55,55,PASS
1634,-1.0413693432669167,49,49,49,PASS
1635,-0.668176242148236,77,77,77,PASS
1636,0.9713512715647628,201,201,201,PASS
1637,0.09268851874257988,134,134,134,PASS
1638,-0.9387485645578875,57,57,57,PASS
1639,1.1432502006247465,214,214,214,PASS
1640,-0.21836334617909836,111,111,111,PASS
1641,-1.1775291780072694,39,39,39,PASS
1642,0.4322046466506515,160,160,160,PASS
1643,-1.5181585112086784,13,13,13,PASS
1644,-1.6240114446811469,5,5,5,PASS
1645,0.9535563763897976,199,199,199,PASS
1646,-0.6527149459844925,78,78,78,PASS
1647,0.4075756190897859,158,158,158,PASS
1648,-0.18483905057824823,114,114,114,PASS
1649,1.6793405882739105,254,254,254,PASS
1650,-1.4012688043779853,22,22,22,PASS
1651,1.6486809923431884,252,252,252,PASS
1652,0.6614618498134146,177,177,177,PASS
1653,1.6900492352989562,255,255,255,PASS
1654,-1.0692686428853304,47,47,47,PASS
1655,-0.6988605162091139,75,75,75,PASS
1656,-1.298758242478371,30,30,30,PASS
1657,1.6649218704472404,253,253,253,PASS
1658,-0.7068133276638231,74,74,74,PASS
1659,-0.8565412617131801,63,63,63,PASS
1660,0.14818616968378007,139,139,139,PASS
1661,1.3052496761671486,226,226,226,PASS
1662,0.1540100044360564,139,139,139,PASS
1663,-1.6482858648909307,3,3,3,PASS
1664,-0.5948276388505487,83,83,83,PASS
1665,0.4456485220771007,161,161,161,PASS
1666,-0.07720731164572836,122,122,122,PASS
1667,-0.9738984414797011,54,54,54,PASS
1668,-0.5104605497814223,89,89,89,PASS
1669,-0.24556683865705153,109,109,109,PASS
1670,-1.6624745467844617,2,2,2,PASS
1671,0.4188575088407729,159,159,159,PASS
1672,1.1932496983654246,217,217,217,PASS
1673,-1.1318915008948993,42,42,42,PASS
1674,0.9968436032687895,203,203,203,PASS
1675,-0.3486813760032901,101,101,101,PASS
1676,-0.8024235136836166,67,67,67,PASS
1677,0.25409844282526683,147,147,147,PASS
1678,-1.091820137694897,45,45,45,PASS
1679,-0.6610459175896728,78,78,78,PASS
1680,1.0654454427092166,208,208,208,PASS
1681,-0.2142599105688141,111,111,111,PASS
1682,1.5735988838426926,246,246,246,PASS
1683,-0.7714151063340429,69,69,69,PASS
1684,-0.891890282022742,60,60,60,PASS
1685,0.12185531620998225,137,137,137,PASS
1686,1.0528981378983933,207,207,207,PASS
1687,1.00531207251938,203,203,203,PASS
1688,-0.894473186207586,60,60,60,PASS
1689,-1.0332690388715409,50,50,50,PASS
1690,-0.5694869277489722,85,85,85,PASS
1691,-0.3329105897774445,102,102,102,PASS
1692,-1.0589408188597547,48,48,48,PASS
1693,-1.1010486219660773,45,45,45,PASS
1694,0.8219280198062264,189,189,189,PASS
1695,-0.6557455990029049,78,78,78,PASS
1696,1.4547958971755472,237,237,237,PASS
1697,0.1148278254796744,136,136,136,PASS
1698,-1.5867791015727946,8,8,8,PASS
1699,0.7459889266379138,184,184,184,PASS
1700,-1.085113941848378,46,46,46,PASS
1701,-0.2909924570703455,106,106,106,PASS
1702,-0.216459893795375,111,111,111,PASS
1703,-1.5533139114492769,11,11,11,PASS
1704,1.3821274594814825,232,232,232,PASS
1705,-0.7445593622961034,71,71,71,PASS
1706,0.35466231715339336,154,154,154,PASS
1707,-0.8304124764349418,65,65,65,PASS
1708,0.29657723389385215,150,150,150,PASS
1709,1.197686494134601,218,218,218,PASS
1710,-1.0876389532341346,46,46,46,PASS
1711,-0.26866513127054925,107,107,107,PASS
1712,0.08670317796757931,134,134,134,PASS
1713,-1.3459868049101145,26,26,26,PASS
1714,0.32644372222831364,152,152,152,PASS
1715,1.6979303047790728,255,255,255,PASS
1716,1.0441694703616522,206,206,206,PASS
1717,0.06291351070752249,132,132,132,PASS
1718,-1.0102499993187335,51,51,51,PASS
1719,-1.3361583814036515,27,27,27,PASS
1720,1.2806093527544624,224,224,224,PASS
1721,0.8102233441167945,189,189,189,PASS
1722,0.9134157886902499,196,196,196,PASS
1723,-0.10855038666036121,119,119,119,PASS
1724,-1.5381177336148428,12,12,12,PASS
1725,0.24509875999068487,146,146,146,PASS
1726,0.021038462089751464,129,129,129,PASS
1727,-1.5490344616976042,11,11,11,PASS
1728,-0.38736073192183906,98,98,98,PASS
1729,0.5056671352470044,166,166,166,PASS
1730,-1.2454576922744038,34,34,34,PASS
1731,-0.7801223785784801,69,69,69,PASS
1732,-0.9365191071122928,57,57,57,PASS
1733,0.814956950136587,189,189,189,PASS
1734,-0.38773032895710946,98,98,98,PASS
1735,0.4815658574016959,164,164,164,PASS
1736,-0.3420939688116671,102,102,102,PASS
1737,-0.24367981062485078,109,109,109,PASS
1738,-1.2801398444325518,31,31,31,PASS
1739,-0.24276302739849553,109,109,109,PASS
1740,1.694725951945246,255,255,255,PASS
1741,0.8564672453363962,192,192,192,PASS
1742,0.6543785752233904,177,177,177,PASS
1743,1.0446568085058783,206,206,206,PASS
1744,-1.4843489716168223,16,16,16,PASS
1745,1.019501109841926,204,204,204,PASS
1746,1.0025682369252753,203,203,203,PASS
1747,0.5434792139927314,168,168,168,PASS
1748,1.408897450398827,234,234,234,PASS
1749,-1.485200702695439,16,16,16,PASS
1750,-1.394776709753348,22,22,22,PASS
1751,1.4331495134574912,235,235,235,PASS
1752,-0.30416725958007307,105,105,105,PASS
1753,1.5140979071001521,242,242,242,PASS
1754,-0.0817987623430485,121,121,121,PASS
1755,-0.22440583869359654,111,111,111,PASS
1756,1.0423220969884792,206,206,206,PASS
1757,-0.11981228021373824,118,118,118,PASS
1758,-1.0942482745928253,45,45,45,PASS
1759,-0.24021470216418184,109,109,109,PASS
1760,-0.9951038320805579,53,53,53,PASS
1761,1.374935426330884,231,231,231,PASS
1762,1.1972173979199316,218,218,218,PASS
1763,-1.2733849682018001,32,32,32,PASS
1764,-0.5241643052759886,88,88,88,PASS
1765,1.0613787800746926,207,207,207,PASS
1766,-1.6197485639157267,6,6,6,PASS
1767,-1.689156531310737,0,0,0,PASS
1768,-1.069460362329362,47,47,47,PASS
1769,1.4650362049427683,238,238,238,PASS
1770,-0.06300176867791807,123,123,123,PASS
1771,-1.1055940288278594,44,44,44,PASS
1772,-0.9744349377333305,54,54,54,PASS
1773,-1.2375252797859082,34,34,34,PASS
1774,0.2495759711077823,146,146,146,PASS
1775,-1.0149245358894374,51,51,51,PASS
1776,0.4074711160131079,158,158,158,PASS
1777,1.6232797803990173,250,250,250,PASS
1778,0.4051839754193163,158,158,158,PASS
1779,-0.8992508983560676,60,60,60,PASS
1780,-1.1422851642411844,41,41,41,PASS
1781,-0.7417626537376086,72,72,72,PASS
1782,-0.06647930344773378,122,122,122,PASS
1783,-0.9758864406232262,54,54,54,PASS
1784,-1.6755442540036112,1,1,1,PASS
1785,0.9892171300017851,202,202,202,PASS
1786,0.20660541715798253,143,143,143,PASS
1787,0.77080942994898,186,186,186,PASS
1788,-0.3533492516433143,101,101,101,PASS
1789,-0.9282962989475981,58,58,58,PASS
1790,0.3664726149469202,155,155,155,PASS
1791,-0.28241640141487157,106,106,106,PASS
1792,-0.7454880366305189,71,71,71,PASS
1793,1.195161446853082,217,217,217,PASS
1794,1.6015243247019508,248,248,248,PASS
1795,0.9649397999205498,200,200,200,PASS
1796,1.3508270689998765,229,229,229,PASS
1797,0.317746149274462,151,151,151,PASS
1798,-0.848825215541734,64,64,64,PASS
1799,1.1754734355196004,216,216,216,PASS
1800,0.775520008677997,186,186,186,PASS
1801,-1.2090960025278228,36,36,36,PASS
1802,1.6423871734125017,251,251,251,PASS
1803,1.4985008107064848,240,240,240,PASS
1804,-0.4307456977854085,95,95,95,PASS
1805,-0.17697539933930195,114,114,114,PASS
1806,-0.30716636602873737,104,104,104,PASS
1807,0.013925858315434914,129,129,129,PASS
1808,-0.7869588091641688,68,68,68,PASS
1809,-1.1551659096243887,41,41,41,PASS
1810,1.4939563803022973,240,240,240,PASS
1811,0.5813425308418865,171,171,171,PASS
1812,1.6519429782212869,252,252,252,PASS
1813,0.6740229747165951,178,178,178,PASS
1814,-0.5958620932164327,83,83,83,PASS
1815,1.0234806954277744,205,205,205,PASS
1816,-0.8727243887482942,62,62,62,PASS
1817,1.6959031741960764,255,255,255,PASS
1818,-0.3936066663743405,98,98,98,PASS
1819,-0.28423094362436485,106,106,106,PASS
1820,0.6508794771945452,177,177,177,PASS
1821,-0.6637251706441818,78,78,78,PASS
1822,-0.18786966505572789,113,113,113,PASS
1823,-0.5143800174011328,89,89,89,PASS
1824,-1.6191395601952907,6,6,6,PASS
1825,0.298347356471091,150,150,150,PASS
1826,0.2573148583979774,147,147,147,PASS
1827,-0.5124972858564165,89,89,89,PASS
1828,-0.439015280345042,94,94,94,PASS
1829,-1.5705849572492172,9,9,9,PASS
1830,-0.650143101495045,79,79,79,PASS
1831,0.8050994518547847,188,188,188,PASS
1832,-0.030846013219419266,125,125,125,PASS
1833,-1.070810673783246,47,47,47,PASS
1834,-1.2496018279470196,33,33,33,PASS
1835,-0.06040163233675777,123,123,123,PASS
1836,-0.09483465615062392,120,120,120,PASS
1837,-0.13548506293213336,117,117,117,PASS
1838,0.3059490483298395,151,151,151,PASS
1839,-0.5132710502218747,89,89,89,PASS
1840,-0.3586367755172073,100,100,100,PASS
1841,-0.5820265901378099,84,84,84,PASS
1842,0.4175803523030581,159,159,159,PASS
1843,-1.583865385321224,8,8,8,PASS
1844,0.6927268822986952,180,180,180,PASS
1845,1.0281615214970221,205,205,205,PASS
1846,-0.45645055319423933,93,93,93,PASS
1847,-1.599009380009048,7,7,7,PASS
1848,0.6912150040430098,180,180,180,PASS
1849,0.45743383145035943,162,162,162,PASS
1850,0.8618979511014089,192,192,192,PASS
1851,-1.2241613364567585,35,35,35,PASS
1852,0.24395878782185698,146,146,146,PASS
1853,-0.38921686674534417,98,98,98,PASS
1854,-1.488318182283709,15,15,15,PASS
1855,0.4588601302352322,162,162,162,PASS
1856,0.018378020408374773,129,129,129,PASS
1857,1.036221148404637,206,206,206,PASS
1858,-0.5037781235978189,90,90,90,PASS
1859,-0.31086963598554007,104,104,104,PASS
1860,-0.8166603425638941,66,66,66,PASS
1861,-0.04124793010011629,124,124,124,PASS
1862,-0.08430537597321908,121,121,121,PASS
1863,-1.457721471304131,18,18,18,PASS
1864,1.560193157787597,245,245,245,PASS
1865,1.0985684972957677,210,210,210,PASS
1866,1.1876865189626178,217,217,217,PASS
1867,-0.03651648479646097,125,125,125,PASS
1868,-0.4151825434634837,96,96,96,PASS
1869,0.7630799318920707,185,185,185,PASS
1870,1.6587404242182135,252,252,252,PASS
1871,0.8686599098892389,193,193,193,PASS
1872,-1.3896970392185282,23,23,23,PASS
1873,1.022348859696588,204,204,204,PASS
1874,-0.15396983847162926,116,116,116,PASS
1875,-1.6576263445806663,3,3,3,PASS
1876,-0.8352315841400761,65,65,65,PASS
1877,1.3790056733604616,231,231,231,PASS
1878,-0.04304583981916488,124,124,124,PASS
1879,0.8381771581043711,191,191,191,PASS
1880,-0.20017059844824514,112,112,112,PASS
1881,-1.673286213177598,2,2,2,PASS
1882,0.35838258445505233,154,154,154,PASS
1883,-0.7387343687549902,72,72,72,PASS
1884,-1.2275874869665824,35,35,35,PASS
1885,0.6327574069169362,175,175,175,PASS
1886,0.37935205011897266,156,156,156,PASS
1887,-0.8592105039977362,63,63,63,PASS
1888,-1.5396238023653184,12,12,12,PASS
1889,1.071874705224842,208,208,208,PASS
1890,0.6718831650399928,178,178,178,PASS
1891,-1.265181632458595,32,32,32,PASS
1892,0.960416282625723,200,200,200,PASS
1893,-0.38902309138830526,98,98,98,PASS
1894,0.9689108148893804,200,200,200,PASS
1895,1.2155893818483052,219,219,219,PASS
1896,-1.1666593814212267,40,40,40,PASS
1897,-0.06349002417560157,123,123,123,PASS
1898,0.9119032494801831,196,196,196,PASS
1899,1.5535609169661668,244,244,244,PASS
1900,0.5556305564836472,169,169,169,PASS
1901,0.52568876158187,167,167,167,PASS
1902,1.5497160209682959,244,244,244,PASS
1903,-1.2693153833763724,32,32,32,PASS
1904,0.39275679578156075,157,157,157,PASS
1905,0.7114942547220513,181,181,181,PASS
1906,-0.39081581766625995,98,98,98,PASS
1907,0.2945954501762895,150,150,150,PASS
1908,-0.17201571866814191,115,115,115,PASS
1909,-1.4621184912360468,17,17,17,PASS
1910,-0.39349057440394364,98,98,98,PASS
1911,-1.6940303760313202,0,0,0,PASS
1912,0.7364213314880963,183,183,183,PASS
1913,1.3365647206074482,228,228,228,PASS
1914,-1.0926800627042443,45,45,45,PASS
1915,1.3243432297495186,227,227,227,PASS
1916,-0.8599086526284813,63,63,63,PASS
1917,-1.6100163346875778,6,6,6,PASS
1918,-0.615765497318725,81,81,81,PASS
1919,-0.19822770058455141,113,113,113,PASS
1920,1.1543801975811954,214,214,214,PASS
1921,0.2587433390072431,147,147,147,PASS
1922,-1.4146860632289409,21,21,21,PASS
1923,-0.9832929575444719,53,53,53,PASS
1924,0.7650281396079424,185,185,185,PASS
1925,-0.027374860228501552,125,125,125,PASS
1926,0.36421359429603295,155,155,155,PASS
1927,-1.2132169390408212,36,36,36,PASS
1928,0.27206869187551863,148,148,148,PASS
1929,-0.6130933140634114,81,81,81,PASS
1930,-1.5384306488647128,12,12,12,PASS
1931,-0.432356491155252,95,95,95,PASS
1932,0.31273145532227287,151,151,151,PASS
1933,0.2676198446190803,148,148,148,PASS
1934,-0.6582067909530156,78,78,78,PASS
1935,-0.1516271377733962,116,116,116,PASS
1936,-0.5850382005365489,83,83,83,PASS
1937,-0.09812005187972939,120,120,120,PASS
1938,0.9786716511087608,201,201,201,PASS
1939,0.4624075555583522,162,162,162,PASS
1940,-0.1882240212155908,113,113,113,PASS
1941,-1.0911948012335086,45,45,45,PASS
1942,-0.9272207417379333,58,58,58,PASS
1943,0.87085188413657,193,193,193,PASS
1944,-0.7209899473199758,73,73,73,PASS
1945,0.6739733881288024,178,178,178,PASS
1946,-1.1984975905015323,37,37,37,PASS
1947,-1.2192087579005018,36,36,36,PASS
1948,1.1682613187710331,215,215,215,PASS
1949,0.5259027467593642,167,167,167,PASS
1950,-1.2029200539845555,37,37,37,PASS
1951,1.3850190601291692,232,232,232,PASS
1952,1.1917092062700532,217,217,217,PASS
1953,0.17908958835221056,141,141,141,PASS
1954,-0.4431420378362987,94,94,94,PASS
1955,-0.9440579523900782,56,56,56,PASS
1956,-0.5472620811392017,86,86,86,PASS
1957,0.6670613526213021,178,178,178,PASS
1958,-1.0076841918215544,52,52,52,PASS
1959,0.8616335745091466,192,192,192,PASS
1960,1.6069160831027858,248,248,248,PASS
1961,0.778250952075336,186,186,186,PASS
1962,-1.435953192933769,19,19,19,PASS
1963,-0.8390914321673563,64,64,64,PASS
1964,-1.29710122665205,30,30,30,PASS
1965,0.2933784660433385,150,150,150,PASS
1966,-0.8477519752167187,64,64,64,PASS
1967,-0.6710952252886644,77,77,77,PASS
1968,-1.602489045740306,7,7,7,PASS
1969,0.47712774729919594,163,163,163,PASS
1970,0.6392043456547178,176,176,176,PASS
1971,0.2036264832050132,143,143,143,PASS
1972,-1.3368453415666486,27,27,27,PASS
1973,0.6836520652669222,179,179,179,PASS
1974,1.4571170093563925,237,237,237,PASS
1975,1.3773796693694973,231,231,231,PASS
1976,1.5888741906072015,247,247,247,PASS
1977,1.2688764794247571,223,223,223,PASS
1978,0.7097765168927019,181,181,181,PASS
1979,-1.1012376269370805,45,45,45,PASS
1980,1.693642789694026,255,255,255,PASS
1981,-0.954185759887802,56,56,56,PASS
1982,-0.3919958258863032,98,98,98,PASS
1983,1.4957094996166982,240,240,240,PASS
1984,1.6809317224927522,254,254,254,PASS
1985,-0.6458349917267538,79,79,79,PASS
1986,1.4915755756364428,240,240,240,PASS
1987,-1.1484044902526276,41,41,41,PASS
1988,-0.901483245540666,60,60,60,PASS
1989,-1.491582577554538,15,15,15,PASS
1990,0.6418731673484739,176,176,176,PASS
1991,-1.4522380007504485,18,18,18,PASS
1992,0.1839111630132868,141,141,141,PASS
1993,-0.2102952009360215,112,112,112,PASS
1994,-0.6535439315732812,78,78,78,PASS
1995,0.7764464396943678,186,186,186,PASS
1996,0.47777138452360535,163,163,163,PASS
1997,-0.4935967637095797,90,90,90,PASS
1998,-0.9743726940096774,54,54,54,PASS
1999,1.1358468874438794,213,213,213,PASS
2000,0.505242208014385,166,166,166,PASS
2001,1.639816904014171,251,251,251,PASS
2002,-1.041054424557668,49,49,49,PASS
2003,1.580951389968533,247,247,247,PASS
2004,1.5292605467832299,243,243,243,PASS
2005,1.4217820103660765,235,235,235,PASS
2006,-0.2598454977758591,108,108,108,PASS
2007,0.965483401276525,200,200,200,PASS
2008,-0.048035875541323714,124,124,124,PASS
2009,1.0875749203207101,209,209,209,PASS
2010,-0.8037621507742706,67,67,67,PASS
2011,0.8895521664230179,194,194,194,PASS
2012,-1.1509628277722919,41,41,41,PASS
2013,-0.7034648334186491,75,75,75,PASS
2014,-0.24826332178284582,109,109,109,PASS
2015,-1.1906471898366315,38,38,38,PASS
2016,-0.7624461492788931,70,70,70,PASS
2017,0.7315843578358299,183,183,183,PASS
2018,0.719268443668273,182,182,182,PASS
2019,1.1443000532423897,214,214,214,PASS
2020,1.3879356557521725,232,232,232,PASS
2021,-0.8277075286645508,65,65,65,PASS
2022,0.8286575029613299,190,190,190,PASS
2023,-1.1688201310648056,39,39,39,PASS
2024,0.599836247767876,173,173,173,PASS
2025,-1.637334487241712,4,4,4,PASS
2026,-1.574095149060342,9,9,9,PASS
2027,1.1431417299989206,214,214,214,PASS
2028,0.7578209458874372,185,185,185,PASS
2029,-0.6836986809376153,76,76,76,PASS
2030,0.8461836175890409,191,191,191,PASS
2031,-0.6360360233454594,80,80,80,PASS
2032,0.1992159559942963,142,142,142,PASS
2033,0.9322336620995519,198,198,198,PASS
2034,-1.0490466212207372,49,49,49,PASS
2035,-0.4650687371826412,92,92,92,PASS
2036,-0.49993971027021833,90,90,90,PASS
2037,0.5876506664119907,172,172,172,PASS
2038,-0.9643184383987659,55,55,55,PASS
2039,0.40421757879746223,158,158,158,PASS
2040,0.864765652912822,193,193,193,PASS
2041,-0.9149660786304142,59,59,59,PASS
2042,-0.45942198205321527,93,93,93,PASS
2043,-1.549861400795637,11,11,11,PASS
2044,0.12616030030867753,137,137,137,PASS
2045,0.015241723964400267,129,129,129,PASS
2046,0.6318239955221274,175,175,175,PASS
2047,0.1412354691746769,138,138,138,PASS
2048,1.2374811884140626,221,221,221,PASS
2049,1.1735850633484077,216,216,216,PASS
2050,-1.3039056781685443,29,29,29,PASS
2051,0.30710662613336726,151,151,151,PASS
2052,0.626340663052001,175,175,175,PASS
2053,-0.12539785682365556,118,118,118,PASS
2054,-0.7639731616027102,70,70,70,PASS
2055,-1.1886238894599137,38,38,38,PASS
2056,0.8575349431167025,192,192,192,PASS
2057,-1.643025055473923,4,4,4,PASS
2058,0.08815574576876872,134,134,134,PASS
2059,1.6790385730735073,254,254,254,PASS
2060,0.7495599328595437,184,184,184,PASS
2061,-1.1345226813923392,42,42,42,PASS
2062,1.1853602458748511,217,217,217,PASS
2063,0.5329025220261381,168,168,168,PASS
2064,0.9589331036599227,200,200,200,PASS
2065,-0.7907480191577883,68,68,68,PASS
2066,1.5045154475303189,241,241,241,PASS
2067,0.6065974106319805,173,173,173,PASS
2068,-0.9013479584015541,60,60,60,PASS
2069,-0.5234464567065287,88,88,88,PASS
2070,-1.0978323677150512,45,45,45,PASS
2071,-1.666964809789083,2,2,2,PASS
2072,-1.4479423270537284,18,18,18,PASS
2073,-1.1810339652107908,39,39,39,PASS
2074,1.260701712563627,222,222,222,PASS
2075,0.3713858227369171,155,155,155,PASS
2076,-0.1889585746766449,113,113,113,PASS
2077,0.06657772415948426,133,133,133,PASS
2078,1.5046702588805176,241,241,241,PASS
2079,-0.368817323633831,100,100,100,PASS
2080,-0.3353900317620997,102,102,102,PASS
2081,-1.09970184821124,45,45,45,PASS
2082,-1.1970744970489344,37,37,37,PASS
2083,-1.621276968372736,5,5,5,PASS
2084,0.18338935254359856,141,141,141,PASS
2085,0.23498445981477167,145,145,145,PASS
2086,0.0924766779219468,134,134,134,PASS
2087,0.811729150164558,189,189,189,PASS
2088,-1.197085557200107,37,37,37,PASS
2089,0.2634940225393221,147,147,147,PASS
2090,1.5119015957338797,241,241,241,PASS
2091,0.36116811517280545,155,155,155,PASS
2092,0.9431622114329359,199,199,199,PASS
2093,0.023958049774881474,129,129,129,PASS
2094,-1.3273827847135362,28,28,28,PASS
2095,1.6491534891339612,252,252,252,PASS
2096,-0.5153273361211774,89,89,89,PASS
2097,-1.109544067849293,44,44,44,PASS
2098,0.2453424724246147,146,146,146,PASS
2099,-1.2913242192953007,30,30,30,PASS
2100,-0.4344704844385803,95,95,95,PASS
2101,0.15818901774854477,139,139,139,PASS
2102,-1.673775189195021,1,1,1,PASS
2103,1.315499395447748,227,227,227,PASS
2104,-0.8788370209246178,61,61,61,PASS
2105,0.24987055258355095,146,146,146,PASS
2106,0.5892039959636877,172,172,172,PASS
2107,-0.31696700771128783,104,104,104,PASS
2108,1.3900774619986629,232,232,232,PASS
2109,0.9491095902936342,199,199,199,PASS
2110,0.5525838890656394,169,169,169,PASS
2111,0.3019630315782733,150,150,150,PASS
2112,1.016023484759202,204,204,204,PASS
2113,-1.3873141607329913,23,23,23,PASS
2114,1.2895222428649327,225,225,225,PASS
2115,-0.591674835098863,83,83,83,PASS
2116,-1.5315251153522194,12,12,12,PASS
2117,-0.45734999411251454,93,93,93,PASS
2118,-0.552016758664694,86,86,86,PASS
2119,1.6998518521179238,255,255,255,PASS
2120,-0.7199893317540275,73,73,73,PASS
2121,-0.5306704256252963,88,88,88,PASS
2122,1.1320574401220667,213,213,213,PASS
2123,1.056038058726146,207,207,207,PASS
2124,-0.1321972679568857,118,118,118,PASS
2125,1.2656459626076966,223,223,223,PASS
2126,-1.6491589842541718,3,3,3,PASS
2127,0.7633705043299164,185,185,185,PASS
2128,-1.4293770871120965,20,20,20,PASS
2129,-1.118050777185028,43,43,43,PASS
2130,1.5688010103366457,246,246,246,PASS
2131,1.6569319068278408,252,252,252,PASS
2132,0.4627259612991994,162,162,162,PASS
2133,-0.17593997626276403,114,114,114,PASS
2134,1.2671228076863155,223,223,223,PASS
2135,-0.29134351904885847,106,106,106,PASS
2136,0.17240130524106667,140,140,140,PASS
2137,-1.3263582848517854,28,28,28,PASS
2138,0.05952352466373734,132,132,132,PASS
2139,-1.2428138835262388,34,34,34,PASS
2140,-0.6125606303383955,81,81,81,PASS
2141,-0.8613820552783152,63,63,63,PASS
2142,0.7895172383553406,187,187,187,PASS
2143,0.5091755310195725,166,166,166,PASS
2144,1.1434512562616639,214,214,214,PASS
2145,1.324709008586282,227,227,227,PASS
2146,-1.3255565126554598,28,28,28,PASS
2147,1.6656186546499854,253,253,253,PASS
2148,1.1949269443949777,217,217,217,PASS
2149,-0.5022467408851587,90,90,90,PASS
2150,0.24105177801238908,146,146,146,PASS
2151,-1.450337899402662,18,18,18,PASS
2152,-0.9793936284079757,54,54,54,PASS
2153,-0.6244462397477961,80,80,80,PASS
2154,0.03411153441571391,130,130,130,PASS
2155,-1.3954456449564907,22,22,22,PASS
2156,1.6652572140453177,253,253,253,PASS
2157,1.375546412784937,231,231,231,PASS
2158,-0.3786242825666273,99,99,99,PASS
2159,1.0968445426377158,210,210,210,PASS
2160,0.016523312068822182,129,129,129,PASS
2161,-0.8746813228095788,62,62,62,PASS
2162,0.1615577821550891,140,140,140,PASS
2163,-1.2411975124682904,34,34,34,PASS
2164,0.4609745015061246,162,162,162,PASS
2165,1.162079090398043,215,215,215,PASS
2166,-1.5554250631890252,10,10,10,PASS
2167,-1.4146071771149864,21,21,21,PASS
2168,-0.8285870713820757,65,65,65,PASS
2169,-1.1469324050283543,41,41,41,PASS
2170,-1.3867857622916637,23,23,23,PASS
2171,0.8628609120097834,192,192,192,PASS
2172,-0.8780310410744916,61,61,61,PASS
2173,0.8497050545347664,191,191,191,PASS
2174,-0.7098695780570577,74,74,74,PASS
2175,-0.1884079937825509,113,113,113,PASS
2176,0.8081621302435804,188,188,188,PASS
2177,1.4024325416414454,233,233,233,PASS
2178,-0.1374730813234586,117,117,117,PASS
2179,-0.5175207633188901,89,89,89,PASS
2180,0.5401953694338311,168,168,168,PASS
2181,-0.8583811518766457,63,63,63,PASS
2182,-0.8968114311288344,60,60,60,PASS
2183,-1.1955129298267697,37,37,37,PASS
2184,-0.7327596978134016,72,72,72,PASS
2185,0.20450477126450983,143,143,143,PASS
2186,0.4525559400826398,162,162,162,PASS
2187,1.4707590574030165,238,238,238,PASS
2188,-0.721253939401882,73,73,73,PASS
2189,0.8443269751303315,191,191,191,PASS
2190,0.4417403144841272,161,161,161,PASS
2191,1.5219572226840927,242,242,242,PASS
2192,1.579494376579656,246,246,246,PASS
2193,-0.09954196823531403,120,120,120,PASS
2194,-0.3220830701383166,103,103,103,PASS
2195,1.1504692128271483,214,214,214,PASS
2196,-1.624790873996066,5,5,5,PASS
2197,0.8046139056822386,188,188,188,PASS
2198,1.158943915971834,215,215,215,PASS
2199,1.325341928363504,227,227,227,PASS
2200,-1.6318995755156513,5,5,5,PASS
2201,0.3815918329409478,156,156,156,PASS
2202,-0.3218762854367916,103,103,103,PASS
2203,-1.4651430405109183,17,17,17,PASS
2204,1.0069641015038948,203,203,203,PASS
2205,-0.30308335464624303,105,105,105,PASS
2206,0.2557713573719995,147,147,147,PASS
2207,-0.458892076872496,93,93,93,PASS
2208,-0.6832381796458917,76,76,76,PASS
2209,1.0324996660867491,205,205,205,PASS
2210,1.1116734055490916,211,211,211,PASS
2211,-1.1995592381827116,37,37,37,PASS
2212,0.02451056827990339,129,129,129,PASS
2213,-1.2210386342220119,36,36,36,PASS
2214,-1.297527796558086,30,30,30,PASS
2215,-1.2714430202083769,32,32,32,PASS
2216,0.9801520305428453,201,201,201,PASS
2217,0.9680745326554578,200,200,200,PASS
2218,-0.1818692537216824,114,114,114,PASS
2219,-1.0899244810905246,45,45,45,PASS
2220,-1.61461896013505,6,6,6,PASS
2221,-1.4353877968268154,19,19,19,PASS
2222,1.4162770928856372,234,234,234,PASS
2223,-0.5880499916349802,83,83,83,PASS
2224,-1.2942886328862833,30,30,30,PASS
2225,1.4525815268730617,237,237,237,PASS
2226,1.4453224397242035,236,236,236,PASS
2227,-0.22454535901590922,111,111,111,PASS
2228,-0.5739794231545357,84,84,84,PASS
2229,-0.9161371776756314,59,59,59,PASS
2230,0.27102443112197094,148,148,148,PASS
2231,-0.9060312978053845,59,59,59,PASS
2232,-0.8705235916634829,62,62,62,PASS
2233,1.4586165066474706,237,237,237,PASS
2234,-1.4964658207990538,15,15,15,PASS
2235,-1.0574856670699062,48,48,48,PASS
2236,-1.4337604326003006,20,20,20,PASS
2237,-1.573970515667275,9,9,9,PASS
2238,-1.3637653482656633,25,25,25,PASS
2239,1.4288218636598218,235,235,235,PASS
2240,1.523998364811593,242,242,242,PASS
2241,1.630213151628966,250,250,250,PASS
2242,-0.5327753845293106,87,87,87,PASS
2243,1.614167254896843,249,249,249,PASS
2244,1.4346311291230867,236,236,236,PASS
2245,-0.5997544630401896,82,82,82,PASS
2246,0.29503601625916676,150,150,150,PASS
2247,0.4551943617764016,162,162,162,PASS
2248,-1.1000098601193393,45,45,45,PASS
2249,0.9177774844462692,197,197,197,PASS
2250,0.38373023609586876,156,156,156,PASS
2251,-0.6084232049453626,82,82,82,PASS
2252,0.8116731211648889,189,189,189,PASS
2253,-0.1631562249065266,115,115,115,PASS
2254,-1.2599265818515275,33,33,33,PASS
2255,-0.27040290296310143,107,107,107,PASS
2256,-1.3018182239063774,29,29,29,PASS
2257,-0.30718164062638165,104,104,104,PASS
2258,-0.844786868777164,64,64,64,PASS
2259,-1.4544692777110395,18,18,18,PASS
2260,-1.2112962429005187,36,36,36,PASS
2261,-1.3525357287002808,26,26,26,PASS
2262,0.8362032872165772,190,190,190,PASS
2263,1.2619340723423782,223,223,223,PASS
2264,-0.8232052800243645,66,66,66,PASS
2265,-0.29191163377992924,106,106,106,PASS
2266,1.3582344283556236,230,230,230,PASS
2267,-0.5475111712430756,86,86,86,PASS
2268,0.42009426055093946,159,159,159,PASS
2269,0.7500940975319803,184,184,184,PASS
2270,0.3355699168298971,153,153,153,PASS
2271,1.6616325340692002,253,253,253,PASS
2272,-1.487218431463724,16,16,16,PASS
2273,-1.3343282199083417,27,27,27,PASS
2274,1.654346531928477,252,252,252,PASS
2275,0.22335142613977577,144,144,144,PASS
2276,-0.4343981421011549,95,95,95,PASS
2277,1.501789566634611,241,241,241,PASS
2278,1.3934413981632587,232,232,232,PASS
2279,1.3011739712013963,225,225,225,PASS
2280,-1.6025371417564165,7,7,7,PASS
2281,-0.31353355885649714,104,104,104,PASS
2282,1.130078331375197,213,213,213,PASS
2283,-0.2652270653815243,108,108,108,PASS
2284,0.6494447783538762,176,176,176,PASS
2285,1.097067142599322,210,210,210,PASS
2286,0.5983900309820445,173,173,173,PASS
2287,-0.7449545634197444,71,71,71,PASS
2288,0.7422194010035745,183,183,183,PASS
2289,1.504504887298671,241,241,241,PASS
2290,-0.24751267854897097,109,109,109,PASS
2291,-0.6484778767692272,79,79,79,PASS
2292,0.48276299706580317,164,164,164,PASS
2293,-0.8728009990854283,62,62,62,PASS
2294,-0.5597510013053197,85,85,85,PASS
2295,-0.4315029632975875,95,95,95,PASS
2296,1.1493706578907597,214,214,214,PASS
2297,0.8336487619307851,190,190,190,PASS
2298,1.2134609335565545,219,219,219,PASS
2299,-1.6883486698951191,0,0,0,PASS
2300,-1.0822715404603813,46,46,46,PASS
2301,1.4049050262158265,233,233,233,PASS
2302,0.33245248462500965,153,153,153,PASS
2303,1.5180354800330507,242,242,242,PASS
2304,-0.37950272695253573,99,99,99,PASS
2305,-1.0100253800172772,51,51,51,PASS
2306,0.4908079455669576,164,164,164,PASS
2307,-0.9968700357957057,52,52,52,PASS
2308,-0.7425265929363357,72,72,72,PASS
2309,-0.3020893051564546,105,105,105,PASS
2310,0.8691251330811498,193,193,193,PASS
2311,0.14501818412180745,138,138,138,PASS
2312,0.22407033959784606,144,144,144,PASS
2313,-0.04504878465087114,124,124,124,PASS
2314,1.5293162457516394,243,243,243,PASS
2315,1.6899776132001618,255,255,255,PASS
2316,0.0030877093065506678,128,128,128,PASS
2317,0.1334846872640585,138,138,138,PASS
2318,-1.6743755203618518,1,1,1,PASS
2319,0.8947206335236484,195,195,195,PASS
2320,0.6804926150635306,179,179,179,PASS
2321,-1.4388799409415123,19,19,19,PASS
2322,-1.2574011074679086,33,33,33,PASS
2323,-1.5058925802580871,14,14,14,PASS
2324,-0.23809116301291766,110,110,110,PASS
2325,0.23009170742761453,145,145,145,PASS
2326,-1.431195608820445,20,20,20,PASS
2327,1.5304106835002511,243,243,243,PASS
2328,-1.519978589713386,13,13,13,PASS
2329,-1.1704697646283055,39,39,39,PASS
2330,0.9822512932323126,201,201,201,PASS
2331,0.5241160927121415,167,167,167,PASS
2332,1.1876414959144503,217,217,217,PASS
2333,1.3852633713116524,232,232,232,PASS
2334,1.643574305672307,251,251,251,PASS
2335,0.3676537585715882,155,155,155,PASS
2336,0.2531854470993211,147,147,147,PASS
2337,-1.6491614365937934,3,3,3,PASS
2338,-0.08958106224055462,121,121,121,PASS
2339,-0.7435530550593785,72,72,72,PASS
2340,-1.4896998118861977,15,15,15,PASS
2341,0.40864205111470153,158,158,158,PASS
2342,-1.5460122775229088,11,11,11,PASS
2343,0.44200474419462643,161,161,161,PASS
2344,1.574462037046384,246,246,246,PASS
2345,-0.28280588343316393,106,106,106,PASS
2346,0.529016959123622,167,167,167,PASS
2347,-1.6681558356652533,2,2,2,PASS
2348,-0.4907246731281556,91,91,91,PASS
2349,-1.3246887724097616,28,28,28,PASS
2350,-0.8365506563395799,65,65,65,PASS
2351,-1.615602998575831,6,6,6,PASS
2352,-0.02814183580035201,125,125,125,PASS
2353,0.9428074447120613,198,198,198,PASS
2354,0.7877100677759266,187,187,187,PASS
2355,1.6455098440072107,251,251,251,PASS
2356,1.3653654255412546,230,230,230,PASS
2357,0.7034609625596719,180,180,180,PASS
2358,0.884772805575228,194,194,194,PASS
2359,0.28114686194524907,149,149,149,PASS
2360,-1.6396742084634066,4,4,4,PASS
2361,0.901392000075061,195,195,195,PASS
2362,0.38806120674214584,157,157,157,PASS
2363,1.4731135109232836,238,238,238,PASS
2364,-1.0663414723964117,47,47,47,PASS
2365,1.4684722379674195,238,238,238,PASS
2366,-1.147070218802384,41,41,41,PASS
2367,-1.4813655825951912,16,16,16,PASS
2368,0.4516283834127124,162,162,162,PASS
2369,-0.5978261805576439,82,82,82,PASS
2370,0.11101596012487192,136,136,136,PASS
2371,-0.41735279237491185,96,96,96,PASS
2372,-1.0862980477211408,46,46,46,PASS
2373,1.2135312329587509,219,219,219,PASS
2374,1.0283772447387889,205,205,205,PASS
2375,-0.726544294586695,73,73,73,PASS
2376,-0.5644186876506059,85,85,85,PASS
2377,0.9034409931489333,196,196,196,PASS
2378,-0.150016208428998,116,116,116,PASS
2379,0.6813877126251733,179,179,179,PASS
2380,1.41840750529029,234,234,234,PASS
2381,1.1455910325673935,214,214,214,PASS
2382,0.33186334531146344,152,152,152,PASS
2383,0.9791616750790897,201,201,201,PASS
2384,-1.0694880263805686,47,47,47,PASS
2385,1.1661849978487113,215,215,215,PASS
2386,-0.8537947299462332,63,63,63,PASS
2387,-0.2619023596813195,108,108,108,PASS
2388,0.3702659388527205,155,155,155,PASS
2389,-0.5965289136847733,83,83,83,PASS
2390,1.11117340817617,211,211,211,PASS
2391,0.3207870905599186,152,152,152,PASS
2392,1.5290269027385788,243,243,243,PASS
2393,-0.7515189289145761,71,71,71,PASS
2394,0.6813622448292536,179,179,179,PASS
2395,-1.1762275317345834,39,39,39,PASS
2396,-1.1167244579777664,43,43,43,PASS
2397,0.053105970990554585,131,131,131,PASS
2398,1.3630490793229868,230,230,230,PASS
2399,-0.09414481739871228,120,120,120,PASS
2400,0.1969926612617583,142,142,142,PASS
2401,1.5326484769717206,243,243,243,PASS
2402,-1.007799139199034,52,52,52,PASS
2403,1.160620979797567,215,215,215,PASS
2404,0.8994585519188243,195,195,195,PASS
2405,0.5665457286923046,170,170,170,PASS
2406,-0.4099586183064774,97,97,97,PASS
2407,1.244561033570749,221,221,221,PASS
2408,1.5971663043795694,248,248,248,PASS
2409,-0.38982262686480595,98,98,98,PASS
2410,-0.2819882354830274,106,106,106,PASS
2411,0.8026947229663015,188,188,188,PASS
2412,0.08327692033772616,134,134,134,PASS
2413,-0.9974856225567603,52,52,52,PASS
2414,1.3260895310363374,227,227,227,PASS
2415,0.5971691335124436,172,172,172,PASS
2416,-0.20039998212291454,112,112,112,PASS
2417,-0.29910490568462844,105,105,105,PASS
2418,0.4435287672743653,161,161,161,PASS
2419,-0.6491497907839503,79,79,79,PASS
2420,0.405626235108812,158,158,158,PASS
2421,-1.3027389856629374,29,29,29,PASS
2422,-0.3691961267023762,100,100,100,PASS
2423,1.046280299064389,206,206,206,PASS
2424,-1.2279073792236157,35,35,35,PASS
2425,0.6820182457331787,179,179,179,PASS
2426,0.7275321067159053,182,182,182,PASS
2427,0.8198519726087821,189,189,189,PASS
2428,-1.5895544072375454,8,8,8,PASS
2429,1.1098405769953639,211,211,211,PASS
2430,-0.8159962876832995,66,66,66,PASS
2431,-1.1099932551863845,44,44,44,PASS
2432,-1.346814975441755,26,26,26,PASS
2433,0.32891809515937465,152,152,152,PASS
2434,0.7404808978481181,183,183,183,PASS
2435,0.46832588400043185,163,163,163,PASS
2436,1.4390179007867332,236,236,236,PASS
2437,-0.3868607439074143,98,98,98,PASS
2438,-1.3478839495492974,26,26,26,PASS
2439,-0.7083203603072373,74,74,74,PASS
2440,-1.0283966136475855,50,50,50,PASS
2441,0.7510717688990873,184,184,184,PASS
2442,0.9303112857681233,198,198,198,PASS
2443,-0.06732629098493592,122,122,122,PASS
2444,-0.8072377676117806,67,67,67,PASS
2445,-0.14965786052872776,116,116,116,PASS
2446,0.5752681965589523,171,171,171,PASS
2447,-1.122067761576627,43,43,43,PASS
2448,0.08078792564569603,134,134,134,PASS
2449,-0.8945400616175742,60,60,60,PASS
2450,0.9057481429983627,196,196,196,PASS
2451,0.08758148899105378,134,134,134,PASS
2452,-0.04601877068590832,124,124,124,PASS
2453,0.05239810626042973,131,131,131,PASS
2454,-0.5306591187500878,88,88,88,PASS
2455,1.2048180520362,218,218,218,PASS
2456,-1.624763274149798,5,5,5,PASS
2457,-0.7899349759104198,68,68,68,PASS
2458,-0.6363595242491265,80,80,80,PASS
2459,-1.081853757700132,46,46,46,PASS
2460,0.6357058919715588,175,175,175,PASS
2461,-1.6124554312966912,6,6,6,PASS
2462,0.3756948891849541,156,156,156,PASS
2463,0.8200447764108361,189,189,189,PASS
2464,-0.7616283007184212,70,70,70,PASS
2465,-0.7659536802257937,70,70,70,PASS
2466,-0.14975951699007317,116,116,116,PASS
2467,-0.5485966476471507,86,86,86,PASS
2468,-0.783268345095506,69,69,69,PASS
2469,0.4994221691478937,165,165,165,PASS
2470,-0.767394820502327,70,70,70,PASS
2471,0.6625375079485905,177,177,177,PASS
2472,-0.4486879805409585,94,94,94,PASS
2473,1.1653218105968464,215,215,215,PASS
2474,1.521186117182321,242,242,242,PASS
2475,0.8098751441151768,188,188,188,PASS
2476,-0.507209429862107,89,89,89,PASS
2477,0.3474201784463118,154,154,154,PASS
2478,0.9444774790113393,199,199,199,PASS
2479,-0.46995157544256494,92,92,92,PASS
2480,0.15456364342058637,139,139,139,PASS
2481,-1.2758440144861498,31,31,31,PASS
2482,-0.04615948099506828,124,124,124,PASS
2483,-0.3003352897301719,105,105,105,PASS
2484,-0.7580726494122676,70,70,70,PASS
2485,-0.9274432083246944,58,58,58,PASS
2486,-1.2934808455000837,30,30,30,PASS
2487,-1.3977817984338992,22,22,22,PASS
2488,-1.6260898499180272,5,5,5,PASS
2489,-1.3166948268391443,28,28,28,PASS
2490,1.6106210879915797,249,249,249,PASS
2491,-1.1084461888436639,44,44,44,PASS
2492,-0.37936521884876284,99,99,99,PASS
2493,1.6683938987493845,253,253,253,PASS
2494,-0.33100305177515255,103,103,103,PASS
2495,1.2459576134795982,221,221,221,PASS
2496,-0.8033070121879963,67,67,67,PASS
2497,1.5548779795765053,245,245,245,PASS
2498,-0.19292392205097397,113,113,113,PASS
2499,0.5577398813519034,169,169,169,PASS
2500,-0.6095495945398028,82,82,82,PASS
2501,-0.9955486074200642,53,53,53,PASS
2502,-1.0270364226272628,50,50,50,PASS
2503,-0.8941186315910222,60,60,60,PASS
2504,0.1661418992433219,140,140,140,PASS
2505,0.21552825445817336,144,144,144,PASS
2506,0.6738862698908836,178,178,178,PASS
2507,-0.34074548646786695,102,102,102,PASS
2508,-1.239421908398441,34,34,34,PASS
2509,0.41071524843037666,158,158,158,PASS
2510,-1.3218170644853233,28,28,28,PASS
2511,1.5097732737130685,241,241,241,PASS
2512,0.8844709703971334,194,194,194,PASS
2513,0.2485066834183205,146,146,146,PASS
2514,-1.324386421661876,28,28,28,PASS
2515,-0.09978604536599112,120,120,120,PASS
2516,-1.1785916639144793,39,39,39,PASS
2517,1.6315802421959458,250,250,250,PASS
2518,-0.2831481156893356,106,106,106,PASS
2519,0.5344553233132563,168,168,168,PASS
2520,-1.3072634293542222,29,29,29,PASS
2521,-0.24296400290640685,109,109,109,PASS
2522,-1.143065759181113,41,41,41,PASS
2523,0.2598271983526883,147,147,147,PASS
2524,1.6378057106396902,251,251,251,PASS
2525,-0.21636989201942503,111,111,111,PASS
2526,0.7090354894034128,181,181,181,PASS
2527,-1.398197559879251,22,22,22,PASS
2528,-0.8498159060342595,64,64,64,PASS
2529,-1.2735358990195595,32,32,32,PASS
2530,-1.0899648801135235,45,45,45,PASS
2531,-1.145566157777636,41,41,41,PASS
2532,0.4941229547514927,165,165,165,PASS
2533,-0.12560525303253578,118,118,118,PASS
2534,0.2653564681883893,147,147,147,PASS
2535,0.38086996670959317,156,156,156,PASS
2536,-0.5606020972540235,85,85,85,PASS
2537,1.197782818867817,218,218,218,PASS
2538,0.06866789373093729,133,133,133,PASS
2539,1.2731801444920239,223,223,223,PASS
2540,0.9906845499329815,202,202,202,PASS
2541,0.6880157085655385,179,179,179,PASS
2542,0.02173232149234483,129,129,129,PASS
2543,1.132790441097763,213,213,213,PASS
2544,0.6219418996495503,174,174,174,PASS
2545,0.837363041372938,191,191,191,PASS
2546,-1.4886814934448234,15,15,15,PASS
2547,-0.34841465569909547,101,101,101,PASS
2548,0.5331329612001727,168,168,168,PASS
2549,-1.4588073335390699,18,18,18,PASS
2550,0.02281729915196573,129,129,129,PASS
2551,0.13567731311639641,138,138,138,PASS
2552,-0.8166782038344027,66,66,66,PASS
2553,-0.7066570565045085,74,74,74,PASS
2554,0.777072095852336,186,186,186,PASS
2555,-1.4239005695787468,20,20,20,PASS
2556,-1.6646136263129034,2,2,2,PASS
2557,1.4669107750222754,238,238,238,PASS
2558,0.7203545036764953,182,182,182,PASS
2559,0.1924740230109554,142,142,142,PASS
2560,0.9258015344729567,197,197,197,PASS
2561,-0.793323039812253,68,68,68,PASS
2562,0.6272417048255632,175,175,175,PASS
2563,0.326983438732811,152,152,152,PASS
2564,-0.6821948405118703,76,76,76,PASS
2565,-0.7103474481944394,74,74,74,PASS
2566,-0.04899927422971517,124,124,124,PASS
2567,-1.4014923931299577,22,22,22,PASS
2568,0.7373046870281132,183,183,183,PASS
2569,1.4098030670647062,234,234,234,PASS
2570,1.3821762106392559,232,232,232,PASS
2571,0.3028056590792534,150,150,150,PASS
2572,-0.9789212279046546,54,54,54,PASS
2573,-1.6709582863327779,2,2,2,PASS
2574,0.14969695225285506,139,139,139,PASS
2575,-0.8579229870154654,63,63,63,PASS
2576,-0.7176797239600008,73,73,73,PASS
2577,0.5613844128745511,170,170,170,PASS
2578,-1.28210974339436,31,31,31,PASS
2579,0.34624916102749626,154,154,154,PASS
2580,0.8374666629450822,191,191,191,PASS
2581,-1.5828950108998245,8,8,8,PASS
2582,0.20590241047779134,143,143,143,PASS
2583,0.7534460545583335,184,184,184,PASS
2584,-0.2272275574247653,110,110,110,PASS
2585,-0.674968832201545,77,77,77,PASS
2586,-1.1679213752677182,40,40,40,PASS
2587,1.548348016137804,244,244,244,PASS
2588,-0.31525938291459243,104,104,104,PASS
2589,-1.0359825682639965,49,49,49,PASS
2590,-1.5272759459044083,13,13,13,PASS
2591,-0.9025588871864534,60,60,60,PASS
2592,1.1166344709415175,212,212,212,PASS
2593,-1.0701905675907906,47,47,47,PASS
2594,0.5804937149496354,171,171,171,PASS
2595,1.4164405655943277,234,234,234,PASS
2596,-0.39239528753998854,98,98,98,PASS
2597,0.10258123904636474,135,135,135,PASS
2598,-1.1718068362738467,39,39,39,PASS
2599,-0.9242246469052754,58,58,58,PASS
2600,-0.3855241117800916,98,98,98,PASS
2601,0.6216884432195775,174,174,174,PASS
2602,-0.05006523842339794,124,124,124,PASS
2603,1.1881157469626664,217,217,217,PASS
2604,0.8424105331455414,191,191,191,PASS
2605,0.23081325180901135,145,145,145,PASS
2606,-0.22484952969723415,111,111,111,PASS
2607,0.2006986898073495,143,143,143,PASS
2608,-0.22346155846306992,111,111,111,PASS
2609,-0.11083914062480149,119,119,119,PASS
2610,-0.6643261384324304,77,77,77,PASS
2611,-1.1183618092864214,43,43,43,PASS
2612,1.5784570169388707,246,246,246,PASS
2613,-1.5391906207882526,12,12,12,PASS
2614,-1.5276071170034928,12,12,12,PASS
2615,-1.3282577282866872,27,27,27,PASS
2616,-0.34115460333639014,102,102,102,PASS
2617,0.032575647728447565,130,130,130,PASS
2618,-0.6615725707953648,78,78,78,PASS
2619,0.8285962025850073,190,190,190,PASS
2620,-0.4754718381743386,92,92,92,PASS
2621,-1.2823859410091223,31,31,31,PASS
2622,-0.24354798592856097,109,109,109,PASS
2623,-0.18892075703066102,113,113,113,PASS
2624,0.030760249352526525,130,130,130,PASS
2625,-0.6873510487724237,76,76,76,PASS
2626,-0.2988348958016489,105,105,105,PASS
2627,-0.5175492324173494,89,89,89,PASS
2628,-1.0838660366802526,46,46,46,PASS
2629,-0.4863210344571498,91,91,91,PASS
2630,0.49148101298159674,165,165,165,PASS
2631,1.6183671631455974,249,249,249,PASS
2632,-0.0249930110149863,126,126,126,PASS
2633,-0.04381310388184745,124,124,124,PASS
2634,-0.7527470800813463,71,71,71,PASS
2635,-0.3379789685394521,102,102,102,PASS
2636,1.3509902276657388,229,229,229,PASS
2637,-1.0227089908365166,50,50,50,PASS
2638,-0.11728473039663578,119,119,119,PASS
2639,1.5111902325400977,241,241,241,PASS
2640,0.6950144892925441,180,180,180,PASS
2641,0.3740514940810933,156,156,156,PASS
2642,0.15479910342688497,139,139,139,PASS
2643,-1.6462158769401216,4,4,4,PASS
2644,0.19814708965254657,142,142,142,PASS
2645,-0.5060094152384969,89,89,89,PASS
2646,-1.1895301433576275,38,38,38,PASS
2647,-0.3176106047939502,104,104,104,PASS
2648,-0.04767435158104938,124,124,124,PASS
2649,0.7424227192093638,183,183,183,PASS
2650,0.34368323233639475,153,153,153,PASS
2651,-0.8699712583357155,62,62,62,PASS
2652,0.34103984250309494,153,153,153,PASS
2653,-0.032948657991638486,125,125,125,PASS
2654,-0.2993713333449386,105,105,105,PASS
2655,0.3996706860076713,158,158,158,PASS
2656,-0.17565552053848776,114,114,114,PASS
2657,0.5393963413572787,168,168,168,PASS
2658,1.449738382578052,237,237,237,PASS
2659,0.1847836616016707,141,141,141,PASS
2660,0.46426951334726385,162,162,162,PASS
2661,-0.749063537492696,71,71,71,PASS
2662,-0.5673495424380219,85,85,85,PASS
2663,-1.285393422852292,31,31,31,PASS
2664,0.3808262677486509,156,156,156,PASS
2665,-0.6890279307959557,76,76,76,PASS
2666,-0.9395253863662548,57,57,57,PASS
2667,1.5285091771761297,243,243,243,PASS
2668,-0.5182356790253924,88,88,88,PASS
2669,-0.830911127458626,65,65,65,PASS
2670,-0.7558330976967744,71,71,71,PASS
2671,0.47629490699616794,163,163,163,PASS
2672,0.043729254199754264,131,131,131,PASS
2673,0.23956747501082654,146,146,146,PASS
2674,-0.6162432587434195,81,81,81,PASS
2675,1.5319013987633243,243,243,243,PASS
2676,-0.5980247154615099,82,82,82,PASS
2677,-1.4407663532858537,19,19,19,PASS
2678,0.338065844009259,153,153,153,PASS
2679,1.4261943855963353,235,235,235,PASS
2680,-1.060514941488662,48,48,48,PASS
2681,-1.173175742126228,39,39,39,PASS
2682,-1.6399865667278748,4,4,4,PASS
2683,1.3365070619156965,228,228,228,PASS
2684,0.1158990132451625,136,136,136,PASS
2685,0.8724467019800535,193,193,193,PASS
2686,1.6740102659330633,254,254,254,PASS
2687,0.983319005655187,202,202,202,PASS
2688,0.46149843035069016,162,162,162,PASS
2689,-0.7296312821439028,73,73,73,PASS
2690,-1.425011374128899,20,20,20,PASS
2691,-0.6312549926726696,80,80,80,PASS
2692,-1.5813351781256488,8,8,8,PASS
2693,1.1818403684717265,216,216,216,PASS
2694,0.8617441532685757,192,192,192,PASS
2695,0.5955285984051211,172,172,172,PASS
2696,0.23895958245771287,145,145,145,PASS
2697,0.4167539437447123,159,159,159,PASS
2698,-0.052897729238589264,124,124,124,PASS
2699,-1.4646110948493807,17,17,17,PASS
2700,1.6548637133928306,252,252,252,PASS
2701,-1.0573709585676587,48,48,48,PASS
2702,-1.5501345015147177,11,11,11,PASS
2703,0.05233042301924695,131,131,131,PASS
2704,-1.296716269380298,30,30,30,PASS
2705,-0.4146389922501166,96,96,96,PASS
2706,1.1267881655265592,212,212,212,PASS
2707,-0.27624100788276307,107,107,107,PASS
2708,-0.8532700341050435,63,63,63,PASS
2709,0.07942714165485842,133,133,133,PASS
2710,-1.0723721803452713,47,47,47,PASS
2711,-0.524815002900858,88,88,88,PASS
2712,1.554345311327893,245,245,245,PASS
2713,-0.9344741711576309,57,57,57,PASS
2714,1.062661973797027,208,208,208,PASS
2715,1.4334075618363127,235,235,235,PASS
2716,1.6812733746224227,254,254,254,PASS
2717,-1.6979744860890398,0,0,0,PASS
2718,-1.6882937697787417,0,0,0,PASS
2719,-1.2371593706264865,34,34,34,PASS
2720,0.3375343179495218,153,153,153,PASS
2721,0.0976835660085471,135,135,135,PASS
2722,1.1664063852352158,215,215,215,PASS
2723,-1.4815835885802158,16,16,16,PASS
2724,-0.1505735181565555,116,116,116,PASS
2725,0.9839178870509009,202,202,202,PASS
2726,0.49186920491701414,165,165,165,PASS
2727,-0.5369145028389795,87,87,87,PASS
2728,-1.0163765380524779,51,51,51,PASS
2729,-0.29684060538000945,105,105,105,PASS
2730,-1.1727933984118961,39,39,39,PASS
2731,-1.1384576764739285,42,42,42,PASS
2732,1.0887692264761368,209,209,209,PASS
2733,-1.5036855462765146,14,14,14,PASS
2734,1.169315627798255,216,216,216,PASS
2735,-1.231179807156556,35,35,35,PASS
2736,-1.1288927411009484,43,43,43,PASS
2737,-1.3826524976497323,23,23,23,PASS
2738,-0.590093512518516,83,83,83,PASS
2739,0.17062057666142794,140,140,140,PASS
2740,-0.2038667183264049,112,112,112,PASS
2741,1.290476032287253,225,225,225,PASS
2742,0.46789344798146604,163,163,163,PASS
2743,-0.49719290256365833,90,90,90,PASS
2744,-0.19163594296636144,113,113,113,PASS
2745,-0.9532425317132368,56,56,56,PASS
2746,0.6767563479842649,178,178,178,PASS
2747,0.09204889383410841,134,134,134,PASS
2748,0.4392868483255399,161,161,161,PASS
2749,-1.5937575059587687,7,7,7,PASS
2750,1.2731212060117139,223,223,223,PASS
2751,1.3366995877943004,228,228,228,PASS
2752,0.7586801573682165,185,185,185,PASS
2753,-1.413817095720717,21,21,21,PASS
2754,-0.5204215582880465,88,88,88,PASS
2755,-0.7667686870878488,70,70,70,PASS
2756,-0.2629218629508496,108,108,108,PASS
2757,-1.3528693372182685,26,26,26,PASS
2758,-0.9233400112352582,58,58,58,PASS
2759,-0.1785587445651955,114,114,114,PASS
2760,1.245154266438347,221,221,221,PASS
2761,1.1454316126797723,214,214,214,PASS
2762,0.5171320208730961,166,166,166,PASS
2763,-1.624655043842407,5,5,5,PASS
2764,-0.0074692004390910505,127,127,127,PASS
2765,1.4656480751326535,238,238,238,PASS
2766,-0.8644321414933861,62,62,62,PASS
2767,-1.582388198228677,8,8,8,PASS
2768,-0.5816241195127301,84,84,84,PASS
2769,-0.1943331737852121,113,113,113,PASS
2770,1.5583367332730187,245,245,245,PASS
2771,1.6545614192542397,252,252,252,PASS
2772,-1.417079534182212,21,21,21,PASS
2773,0.423834563971931,159,159,159,PASS
2774,-0.3434010791387221,102,102,102,PASS
2775,0.6893648991804204,179,179,179,PASS
2776,1.3590884787407866,230,230,230,PASS
2777,0.8624556161021408,192,192,192,PASS
2778,-0.15633851047432867,116,116,116,PASS
2779,-1.5731769577346835,9,9,9,PASS
2780,1.4461577416259168,236,236,236,PASS
2781,1.4782260914175216,239,239,239,PASS
2782,0.4822654038044025,164,164,164,PASS
2783,1.3112780648925935,226,226,226,PASS
2784,-0.5775362950442415,84,84,84,PASS
2785,-0.5128146921619352,89,89,89,PASS
2786,1.5855041300858141,247,247,247,PASS
2787,-0.5574056553228868,86,86,86,PASS
2788,-0.15584173954452085,116,116,116,PASS
2789,-0.5943802139704883,83,83,83,PASS
2790,-0.9657441953685635,55,55,55,PASS
2791,-0.2144862096003075,111,111,111,PASS
2792,0.8601256318768387,192,192,192,PASS
2793,0.8103413623091893,189,189,189,PASS
2794,-1.539633122147936,12,12,12,PASS
2795,-0.5868426953594927,83,83,83,PASS
2796,1.044537182544299,206,206,206,PASS
2797,1.1270096351893415,212,212,212,PASS
2798,-0.5889708926904451,83,83,83,PASS
2799,1.0205493217898727,204,204,204,PASS
2800,0.7526306913576726,184,184,184,PASS
2801,-0.5121463395609513,89,89,89,PASS
2802,0.11106081273666102,136,136,136,PASS
2803,-1.1133546008916286,44,44,44,PASS
2804,-1.599620017920744,7,7,7,PASS
2805,-0.9457368868564433,56,56,56,PASS
2806,0.25514057101286136,147,147,147,PASS
2807,0.9450293509339056,199,199,199,PASS
2808,1.4051200905795225,233,233,233,PASS
2809,1.3288084931806028,228,228,228,PASS
2810,-1.5415774499843096,11,11,11,PASS
2811,1.2235762362551135,220,220,220,PASS
2812,-1.3450355617274603,26,26,26,PASS
2813,-1.4176564982175228,21,21,21,PASS
2814,-0.6390287928943696,79,79,79,PASS
2815,-0.7086112253475654,74,74,74,PASS
2816,1.1724413089335337,216,216,216,PASS
2817,-0.39779374314421334,98,98,98,PASS
2818,-0.7078048558228066,74,74,74,PASS
2819,0.13139058978274964,137,137,137,PASS
2820,1.5067622745950937,241,241,241,PASS
2821,-0.742052793664594,72,72,72,PASS
2822,1.1128827183158514,211,211,211,PASS
2823,0.7769453944336411,186,186,186,PASS
2824,-0.10504254675482994,120,120,120,PASS
2825,0.8327182642781865,190,190,190,PASS
2826,-0.00969350798662827,127,127,127,PASS
2827,0.6859347656249584,179,179,179,PASS
2828,-0.4998416418355178,90,90,90,PASS
2829,-0.08468313528771465,121,121,121,PASS
2830,-0.9840520959941607,53,53,53,PASS
2831,-0.6279977537751273,80,80,80,PASS
2832,1.6758453688246562,254,254,254,PASS
2833,0.3299876398010395,152,152,152,PASS
2834,0.4318303774662826,160,160,160,PASS
2835,-0.5911813102323338,83,83,83,PASS
2836,0.38806779624364496,157,157,157,PASS
2837,-0.8255091311894373,65,65,65,PASS
2838,-0.4272092462156192,95,95,95,PASS
2839,1.628670363636733,250,250,250,PASS
2840,0.9026028400863921,195,195,195,PASS
2841,-0.23144873312036918,110,110,110,PASS
2842,0.2026286611196515,143,143,143,PASS
2843,-0.6454790501000962,79,79,79,PASS
2844,0.6918982441093322,180,180,180,PASS
2845,-0.7072696236867508,74,74,74,PASS
2846,1.1635793072004728,215,215,215,PASS
2847,1.5176381393389635,242,242,242,PASS
2848,0.5764491283867972,171,171,171,PASS
2849,-1.016033573221351,51,51,51,PASS
2850,-0.21214527479417455,112,112,112,PASS
2851,-0.7172528817326714,73,73,73,PASS
2852,-0.4494385698816641,94,94,94,PASS
2853,-1.1486775207071087,41,41,41,PASS
2854,0.35577751335904106,154,154,154,PASS
2855,-0.596785727830702,83,83,83,PASS
2856,-1.134708971540638,42,42,42,PASS
2857,1.4929591031476865,240,240,240,PASS
2858,-1.600481088232929,7,7,7,PASS
2859,1.6950990557574601,255,255,255,PASS
2860,-1.3464733315814985,26,26,26,PASS
2861,-0.19117530904368296,113,113,113,PASS
2862,-0.04853076680867341,124,124,124,PASS
2863,0.8203528545250094,189,189,189,PASS
2864,1.4092443768854965,234,234,234,PASS
2865,-0.38908840389804444,98,98,98,PASS
2866,0.6998096210831626,180,180,180,PASS
2867,-1.6157132012741267,6,6,6,PASS
2868,-1.6171192100794987,6,6,6,PASS
2869,-0.5580783287982687,85,85,85,PASS
2870,-0.3893996054179094,98,98,98,PASS
2871,-0.3892663691039888,98,98,98,PASS
2872,-0.27275898508186525,107,107,107,PASS
2873,0.4112228285598347,158,158,158,PASS
2874,-0.9615369026748183,55,55,55,PASS
2875,-0.40782925359783584,97,97,97,PASS
2876,-0.5725022361374159,84,84,84,PASS
2877,1.6748505432492384,254,254,254,PASS
2878,-1.1256556266816817,43,43,43,PASS
2879,-1.5221462428676642,13,13,13,PASS
2880,-1.062699055097858,47,47,47,PASS
2881,0.7633990489300924,185,185,185,PASS
2882,-1.1261753310555647,43,43,43,PASS
2883,0.30529730781965614,150,150,150,PASS
2884,0.6061530607304573,173,173,173,PASS
2885,-0.7591374997518333,70,70,70,PASS
2886,1.103944796216956,211,211,211,PASS
2887,1.5272151935618414,242,242,242,PASS
2888,-0.8299880565477892,65,65,65,PASS
2889,-0.5329511697464191,87,87,87,PASS
2890,0.1578678008968013,139,139,139,PASS
2891,-0.5640318399594149,85,85,85,PASS
2892,1.2729591366678907,223,223,223,PASS
2893,1.6625351938966035,253,253,253,PASS
2894,-0.09189671999741811,121,121,121,PASS
2895,0.642304776812723,176,176,176,PASS
2896,-1.513755712843966,14,14,14,PASS
2897,0.6376053195175955,176,176,176,PASS
2898,-1.0762640236323513,46,46,46,PASS
2899,-0.29752931990614506,105,105,105,PASS
2900,1.6956858017879777,255,255,255,PASS
2901,-1.0350478039936952,50,50,50,PASS
2902,1.0705776146152723,208,208,208,PASS
2903,-1.4750389600987135,16,16,16,PASS
2904,1.1571699811237377,215,215,215,PASS
2905,-1.3881996003494677,23,23,23,PASS
2906,-1.6646842609430232,2,2,2,PASS
2907,-1.3811600255498635,24,24,24,PASS
2908,0.7448308370170766,184,184,184,PASS
2909,-0.4962324750293987,90,90,90,PASS
2910,-1.1718609479107236,39,39,39,PASS
2911,0.8484852808093437,191,191,191,PASS
2912,0.5396739980673912,168,168,168,PASS
2913,-1.389128440252978,23,23,23,PASS
2914,0.26520877332130954,147,147,147,PASS
2915,-0.10279222790179632,120,120,120,PASS
2916,1.2982643813586983,225,225,225,PASS
2917,1.2656135459222015,223,223,223,PASS
2918,-0.24991467266693523,109,109,109,PASS
2919,0.184480948908615,141,141,141,PASS
2920,-0.3398951015208791,102,102,102,PASS
2921,-0.9782869675618353,54,54,54,PASS
2922,0.7295800338063525,182,182,182,PASS
2923,0.6086347328829647,173,173,173,PASS
2924,-1.3964904713895367,22,22,22,PASS
2925,1.0672775556823664,208,208,208,PASS
2926,1.4062508128583817,233,233,233,PASS
2927,-0.30221323987328463,105,105,105,PASS
2928,-0.6204537852081766,81,81,81,PASS
2929,-0.9738404299780303,54,54,54,PASS
2930,0.9796598534916094,201,201,201,PASS
2931,-1.0331107609178747,50,50,50,PASS
2932,1.2039410103261214,218,218,218,PASS
2933,-0.5544589473123929,86,86,86,PASS
2934,-1.0226998959714173,50,50,50,PASS
2935,1.6883578777376516,255,255,255,PASS
2936,1.215389442541747,219,219,219,PASS
2937,-0.503938672423387,90,90,90,PASS
2938,-0.9234549846525718,58,58,58,PASS
2939,0.6170044725113064,174,174,174,PASS
2940,0.3656865313951838,155,155,155,PASS
2941,1.120605678299807,212,212,212,PASS
2942,0.38014164401121353,156,156,156,PASS
2943,-0.3148312520482308,104,104,104,PASS
2944,-0.2561527247203439,108,108,108,PASS
2945,-0.6597699698625352,78,78,78,PASS
2946,-0.9516035842501774,56,56,56,PASS
2947,-0.5168832135080534,89,89,89,PASS
2948,0.63896613210909,176,176,176,PASS
2949,1.687484100165819,255,255,255,PASS
2950,1.275909466062526,224,224,224,PASS
2951,-0.9991465003921743,52,52,52,PASS
2952,0.9773487225624626,201,201,201,PASS
2953,-1.263903410316058,32,32,32,PASS
2954,1.3017489575930752,226,226,226,PASS
2955,-0.7870591482150644,68,68,68,PASS
2956,-0.05237333220458762,124,124,124,PASS
2957,-1.1950305539676482,38,38,38,PASS
2958,0.006353139249633433,128,128,128,PASS
2959,1.560157081859393,245,245,245,PASS
2960,1.243966545742966,221,221,221,PASS
2961,-0.3813546383233868,99,99,99,PASS
2962,-1.37758634241768,24,24,24,PASS
2963,0.37846180080168,156,156,156,PASS
2964,0.7660820781271565,185,185,185,PASS
2965,1.3800046660750167,231,231,231,PASS
2966,0.8725284511372278,193,193,193,PASS
2967,1.3270898256220975,227,227,227,PASS
2968,0.8169591954084299,189,189,189,PASS
2969,-0.4434211523721001,94,94,94,PASS
2970,1.6164230410083753,249,249,249,PASS
2971,-0.751875202574055,71,71,71,PASS
2972,-0.10841228032294281,119,119,119,PASS
2973,0.4215765733999104,159,159,159,PASS
2974,0.35804227437260905,154,154,154,PASS
2975,0.628406122230379,175,175,175,PASS
2976,0.2516653901089263,146,146,146,PASS
2977,-1.2653820707360321,32,32,32,PASS
2978,1.0590464218533298,207,207,207,PASS
2979,0.6842033650821147,179,179,179,PASS
2980,-1.2101362034286947,36,36,36,PASS
2981,0.5252368355049339,167,167,167,PASS
2982,-0.9208469072452902,58,58,58,PASS
2983,0.05300016017358056,131,131,131,PASS
2984,-0.14146097240436806,117,117,117,PASS
2985,-1.0825455933217714,46,46,46,PASS
2986,-0.3205670531706952,103,103,103,PASS
2987,-0.6834787635678186,76,76,76,PASS
2988,0.8189388045726804,189,189,189,PASS
2989,-1.519243521262711,13,13,13,PASS
2990,-0.617701321777308,81,81,81,PASS
2991,-1.6050234048654322,7,7,7,PASS
2992,0.4647245393941877,162,162,162,PASS
2993,1.4214039480077905,235,235,235,PASS
2994,0.12177676061963139,137,137,137,PASS
2995,1.4521639955259114,237,237,237,PASS
2996,0.35948137975119665,155,155,155,PASS
2997,1.1062080478919134,211,211,211,PASS
2998,0.015102938833326585,129,129,129,PASS
2999,1.2353839952248455,221,221,221,PASS
3000,-1.360741033998288,25,25,25,PASS
3001,-0.05110842039189967,124,124,124,PASS
3002,-0.7204691111791337,73,73,73,PASS
3003,-0.8156240955788163,66,66,66,PASS
3004,0.26608838490153475,148,148,148,PASS
3005,-1.2965945577605542,30,30,30,PASS
3006,1.3906810527223368,232,232,232,PASS
3007,-0.5967265004141775,83,83,83,PASS
3008,-1.4483858071499578,18,18,18,PASS
3009,-0.9073903547978122,59,59,59,PASS
3010,-0.46747867636929996,92,92,92,PASS
3011,-0.3291346424749486,103,103,103,PASS
3012,-1.6578674550270847,3,3,3,PASS
3013,-1.0609327661417531,48,48,48,PASS
3014,0.11652331114360592,136,136,136,PASS
3015,-0.7874056081616326,68,68,68,PASS
3016,-0.4890252252328342,91,91,91,PASS
3017,0.5949172045805897,172,172,172,PASS
3018,0.8362779315905271,190,190,190,PASS
3019,0.12908335891883094,137,137,137,PASS
3020,-0.272973999331257,107,107,107,PASS
3021,-0.2538738401942342,108,108,108,PASS
3022,-0.6915879566373557,75,75,75,PASS
3023,1.66841191137504,253,253,253,PASS
3024,-1.2657630152113761,32,32,32,PASS
3025,1.0202170619291067,204,204,204,PASS
3026,-0.6849159819898174,76,76,76,PASS
3027,1.2312734181140848,220,220,220,PASS
3028,1.4801466686844227,239,239,239,PASS
3029,0.42154983155055903,159,159,159,PASS
3030,1.1422442439406628,214,214,214,PASS
3031,1.2297369967437979,220,220,220,PASS
3032,-0.6040823084394442,82,82,82,PASS
3033,-1.3865816137404128,23,23,23,PASS
3034,1.566120681263689,245,245,245,PASS
3035,0.8093131999396654,188,188,188,PASS
3036,1.2677437490862904,223,223,223,PASS
3037,-1.6719631179141428,2,2,2,PASS
3038,0.9340457986144439,198,198,198,PASS
3039,0.9347507265875514,198,198,198,PASS
3040,0.8234013861563734,189,189,189,PASS
3041,1.6835703827656958,254,254,254,PASS
3042,1.4508744329914027,237,237,237,PASS
3043,1.324315015302673,227,227,227,PASS
3044,-0.46269133929783135,93,93,93,PASS
3045,-1.1056332487454517,44,44,44,PASS
3046,-0.18311710485604515,114,114,114,PASS
3047,-1.6508913316412133,3,3,3,PASS
3048,0.37331898968114063,156,156,156,PASS
3049,-0.5794220459465689,84,84,84,PASS
3050,-1.681591706310053,1,1,1,PASS
3051,1.5029289675281705,241,241,241,PASS
3052,-0.2670902567116866,107,107,107,PASS
3053,1.228563832463488,220,220,220,PASS
3054,0.1710653708070824,140,140,140,PASS
3055,-0.4014257783266473,97,97,97,PASS
3056,-0.9640934827775027,55,55,55,PASS
3057,0.7421365647928406,183,183,183,PASS
3058,-1.0299962582172189,50,50,50,PASS
3059,1.4804549977505672,239,239,239,PASS
3060,1.1341096872201513,213,213,213,PASS
3061,0.16271001657139128,140,140,140,PASS
3062,0.780893911140329,186,186,186,PASS
3063,-0.9141067693891738,59,59,59,PASS
3064,-0.02501955786781007,126,126,126,PASS
3065,0.8294136791358737,190,190,190,PASS
3066,-0.7994467994179089,67,67,67,PASS
3067,-0.3582538688755321,101,101,101,PASS
3068,1.5143365434016405,242,242,242,PASS
3069,-0.2099633172705364,112,112,112,PASS
3070,-1.2957073062207036,30,30,30,PASS
3071,-0.5429581633825891,87,87,87,PASS
3072,-0.9581879222209964,55,55,55,PASS
3073,-1.6948340449303931,0,0,0,PASS
3074,1.5692289625220115,246,246,246,PASS
3075,-0.29889153550128555,105,105,105,PASS
3076,-0.15817047391782557,116,116,116,PASS
3077,-1.5731865959039424,9,9,9,PASS
3078,-0.47061290017939816,92,92,92,PASS
3079,-1.385068257556944,23,23,23,PASS
3080,-1.494728528050547,15,15,15,PASS
3081,0.1992511584021175,143,143,143,PASS
3082,1.3616950854141157,230,230,230,PASS
3083,-0.8410442111425419,64,64,64,PASS
3084,0.10443370120442608,135,135,135,PASS
3085,-0.2583085225494055,108,108,108,PASS
3086,0.44596132148637513,161,161,161,PASS
3087,1.4275203374504544,235,235,235,PASS
3088,-1.17506054560078,39,39,39,PASS
3089,0.34687245029834046,154,154,154,PASS
3090,1.2765470749627184,224,224,224,PASS
3091,0.31410926512217174,151,151,151,PASS
3092,-0.5857418370705167,83,83,83,PASS
3093,-1.4761213567649452,16,16,16,PASS
3094,0.13479105195346675,138,138,138,PASS
3095,0.05896476920242644,132,132,132,PASS
3096,-0.36613740161566755,100,100,100,PASS
3097,-0.5403989800504712,87,87,87,PASS
3098,-1.4272754792067182,20,20,20,PASS
3099,-0.5112158091514876,89,89,89,PASS
3100,0.20533093406681835,143,143,143,PASS
3101,1.5498918960852086,244,244,244,PASS
3102,1.151005664927384,214,214,214,PASS
3103,-0.5619445817329292,85,85,85,PASS
3104,1.1930182582168893,217,217,217,PASS
3105,-0.24165992027463834,109,109,109,PASS
3106,-0.6479553571309993,79,79,79,PASS
3107,-0.08643279391213698,121,121,121,PASS
3108,-0.5416086182243451,87,87,87,PASS
3109,-0.6659894958774468,77,77,77,PASS
3110,1.066316852316098,208,208,208,PASS
3111,0.25298394867265017,147,147,147,PASS
3112,1.6094310654954567,249,249,249,PASS
3113,0.5352941689125681,168,168,168,PASS
3114,1.6020650752229388,248,248,248,PASS
3115,0.09469478733260317,135,135,135,PASS
3116,0.23812747015276248,145,145,145,PASS
3117,1.66650672247408,253,253,253,PASS
3118,1.2531498940612622,222,222,222,PASS
3119,-0.6841038753802653,76,76,76,PASS
3120,-0.40825266075651445,97,97,97,PASS
3121,0.9088333370616553,196,196,196,PASS
3122,0.11281691880478073,136,136,136,PASS
3123,-1.5648468654125847,10,10,10,PASS
3124,1.6409681513843764,251,251,251,PASS
3125,0.048963442233068255,131,131,131,PASS
3126,-0.9468586237806929,56,56,56,PASS
3127,0.653063066659459,177,177,177,PASS
3128,1.0571607640404583,207,207,207,PASS
3129,-0.5232816536545584,88,88,88,PASS
3130,0.7159732831227059,181,181,181,PASS
3131,-0.7975618702954786,67,67,67,PASS
3132,1.017763583226469,204,204,204,PASS
3133,-0.10096364554287551,120,120,120,PASS
3134,-0.6688679039745964,77,77,77,PASS
3135,-1.6542963248030988,3,3,3,PASS
3136,-0.5430650812599755,87,87,87,PASS
3137,-1.4360634777088654,19,19,19,PASS
3138,-0.4022629502175763,97,97,97,PASS
3139,0.2474594195571962,146,146,146,PASS
3140,0.6823159768519125,179,179,179,PASS
3141,-0.3742417120824366,99,99,99,PASS
3142,0.3369296016926875,153,153,153,PASS
3143,-0.03167605453079925,125,125,125,PASS
3144,0.9058815283409538,196,196,196,PASS
3145,0.29832539002227154,150,150,150,PASS
3146,-0.21135733594828232,112,112,112,PASS
3147,0.47093135067900715,163,163,163,PASS
3148,-0.7107272176980699,74,74,74,PASS
3149,1.3900099028559871,232,232,232,PASS
3150,1.3714795485545925,231,231,231,PASS
3151,-0.9063301833371463,59,59,59,PASS
3152,0.70062788981726,180,180,180,PASS
3153,-1.2552786704289645,33,33,33,PASS
3154,0.4637956614896097,162,162,162,PASS
3155,1.689180644657075,255,255,255,PASS
3156,0.5683391402103279,170,170,170,PASS
3157,0.08841370496813616,134,134,134,PASS
3158,-0.5280131520602964,88,88,88,PASS
3159,1.6697569982004865,253,253,253,PASS
3160,-0.41589159135095,96,96,96,PASS
3161,-0.3967182015855846,98,98,98,PASS
3162,-0.003251205575791838,127,127,127,PASS
3163,0.883696375883243,194,194,194,PASS
3164,-1.335931408805386,27,27,27,PASS
3165,-0.7857415309278108,68,68,68,PASS
3166,0.26558543821094416,147,147,147,PASS
3167,-1.062016229494517,48,48,48,PASS
3168,0.09427834166825355,135,135,135,PASS
3169,0.4995888014180976,165,165,165,PASS
3170,-0.8885279443465086,61,61,61,PASS
3171,-0.7689808219310101,70,70,70,PASS
3172,0.5077707064314241,166,166,166,PASS
3173,-0.23380261529195945,110,110,110,PASS
3174,-0.42715145800535304,95,95,95,PASS
3175,1.4583467862620207,237,237,237,PASS
3176,0.4232598253139013,159,159,159,PASS
3177,-0.9473871861773657,56,56,56,PASS
3178,-0.9547986452083681,56,56,56,PASS
3179,0.31523767945695025,151,151,151,PASS
3180,0.24366497929153463,146,146,146,PASS
3181,-1.1042316139810011,44,44,44,PASS
3182,-1.349956491919113,26,26,26,PASS
3183,-0.7064260017296774,74,74,74,PASS
3184,1.3915209718193988,232,232,232,PASS
3185,0.9918066580017115,202,202,202,PASS
3186,1.3585779414673247,230,230,230,PASS
3187,0.5533127460191476,169,169,169,PASS
3188,1.0554666829210924,207,207,207,PASS
3189,1.623553430378028,250,250,250,PASS
3190,0.9874565124891836,202,202,202,PASS
3191,-0.8229369186374331,66,66,66,PASS
3192,-1.501520591338874,14,14,14,PASS
3193,0.9876037207281232,202,202,202,PASS
3194,1.523406637792504,242,242,242,PASS
3195,-0.6118623212672549,81,81,81,PASS
3196,0.47173837628380855,163,163,163,PASS
3197,-0.9491138063543586,56,56,56,PASS
3198,0.4624208453544003,162,162,162,PASS
3199,-1.4574733804232487,18,18,18,PASS
3200,-1.2603109950896614,33,33,33,PASS
3201,1.1181724033397449,212,212,212,PASS
3202,0.3926054366982952,157,157,157,PASS
3203,0.7458491378280734,184,184,184,PASS
3204,-0.44097766637239966,94,94,94,PASS
3205,1.2453218216419624,221,221,221,PASS
3206,-0.6917036600660289,75,75,75,PASS
3207,-1.2332341753672484,35,35,35,PASS
3208,-1.140857679504518,42,42,42,PASS
3209,-1.2227310718625408,35,35,35,PASS
3210,0.6750928228366633,178,178,178,PASS
3211,1.676965698800237,254,254,254,PASS
3212,0.09623659662434725,135,135,135,PASS
3213,-0.7894743982067625,68,68,68,PASS
3214,-1.6193392662097217,6,6,6,PASS
3215,0.966160268048516,200,200,200,PASS
3216,-1.087900239940643,46,46,46,PASS
3217,0.6809623321073384,179,179,179,PASS
3218,-0.7709134333700283,69,69,69,PASS
3219,0.9388121098755293,198,198,198,PASS
3220,0.42709406642655057,160,160,160,PASS
3221,-0.20390174889641477,112,112,112,PASS
3222,-0.8022884058628491,67,67,67,PASS
3223,0.30219263256096185,150,150,150,PASS
3224,0.6599392636156953,177,177,177,PASS
3225,-1.5784443927228855,9,9,9,PASS
3226,-0.6588852852077367,78,78,78,PASS
3227,0.8740652455349898,193,193,193,PASS
3228,-0.7895021437289097,68,68,68,PASS
3229,0.7719907049092452,186,186,186,PASS
3230,-0.31702875955593846,104,104,104,PASS
3231,0.6281381888242799,175,175,175,PASS
3232,1.43876059730229,236,236,236,PASS
3233,-1.132284882098372,42,42,42,PASS
3234,1.442324705457996,236,236,236,PASS
3235,1.3255304241786028,227,227,227,PASS
3236,0.03269626750331489,130,130,130,PASS
3237,-1.5459188427547748,11,11,11,PASS
3238,1.0481685329462536,206,206,206,PASS
3239,0.30863126404101915,151,151,151,PASS
3240,-0.6341483241515757,80,80,80,PASS
3241,-1.5555737509387098,10,10,10,PASS
3242,-0.38525921670989405,98,98,98,PASS
3243,-1.4493725117764609,18,18,18,PASS
3244,-0.1769617975482769,114,114,114,PASS
3245,-1.479004828101246,16,16,16,PASS
3246,0.5548756676336735,169,169,169,PASS
3247,0.41936290256462816,159,159,159,PASS
3248,-0.9125531627709249,59,59,59,PASS
3249,0.44188349104435454,161,161,161,PASS
3250,-1.1054163659862473,44,44,44,PASS
3251,-1.2656604525344228,32,32,32,PASS
3252,-0.479429918971747,91,91,91,PASS
3253,-1.0848520228771479,46,46,46,PASS
3254,-0.11632476971003736,119,119,119,PASS
3255,0.22753772863916488,145,145,145,PASS
3256,-0.12513768732334407,118,118,118,PASS
3257,0.132146475011939,137,137,137,PASS
3258,1.1823977203447147,217,217,217,PASS
3259,1.6618784085259197,253,253,253,PASS
3260,-1.4505167055867552,18,18,18,PASS
3261,0.38280995193893363,156,156,156,PASS
3262,-1.6269747853907994,5,5,5,PASS
3263,0.07237994172375672,133,133,133,PASS
3264,-0.33384072261831865,102,102,102,PASS
3265,-1.6707594734987097,2,2,2,PASS
3266,1.474717540936316,239,239,239,PASS
3267,-0.3684959875837639,100,100,100,PASS
3268,0.029772498898822386,130,130,130,PASS
3269,0.8971727973933195,195,195,195,PASS
3270,0.30617421256450084,151,151,151,PASS
3271,1.230061772749411,220,220,220,PASS
3272,-1.4809639176170637,16,16,16,PASS
3273,-1.6032456944837024,7,7,7,PASS
3274,-1.0740178397645779,47,47,47,PASS
3275,0.43397576618278166,160,160,160,PASS
3276,0.4070280167850082,158,158,158,PASS
3277,-1.0782781148947598,46,46,46,PASS
3278,-1.5119294878771068,14,14,14,PASS
3279,0.1257947761060454,137,137,137,PASS
3280,1.3688679089340783,231,231,231,PASS
3281,-1.071270563969373,47,47,47,PASS
3282,-0.24417817923712737,109,109,109,PASS
3283,1.1421984769032354,214,214,214,PASS
3284,1.0734235608520486,208,208,208,PASS
3285,0.3987882403335725,158,158,158,PASS
3286,0.8397101318773521,191,191,191,PASS
3287,-0.23037113752618232,110,110,110,PASS
3288,0.8483987747875281,191,191,191,PASS
3289,-1.258426943833174,33,33,33,PASS
3290,-1.3086722616360844,29,29,29,PASS
3291,0.1889098358641177,142,142,142,PASS
3292,1.0514632540209596,207,207,207,PASS
3293,1.3915462791475537,232,232,232,PASS
3294,-0.1354391322217885,117,117,117,PASS
3295,0.1492380107278708,139,139,139,PASS
3296,1.6691099796163933,253,253,253,PASS
3297,1.3673576220330903,230,230,230,PASS
3298,-0.007625427846664978,127,127,127,PASS
3299,-0.6402172444364369,79,79,79,PASS
3300,-0.8028080980404516,67,67,67,PASS
3301,-0.5257988657126571,88,88,88,PASS
3302,-1.516347191779964,13,13,13,PASS
3303,-1.220752997010465,36,36,36,PASS
3304,0.02035552310040778,129,129,129,PASS
3305,-0.21938374701355778,111,111,111,PASS
3306,-0.6941054189698854,75,75,75,PASS
3307,-0.05291955664427683,124,124,124,PASS
3308,-0.6322265202499742,80,80,80,PASS
3309,1.6067240057423822,248,248,248,PASS
3310,-1.329838291604811,27,27,27,PASS
3311,-0.7526412759225707,71,71,71,PASS
3312,1.1690509774090707,216,216,216,PASS
3313,-0.2982816266122319,105,105,105,PASS
3314,-0.8651157470862525,62,62,62,PASS
3315,1.1092241556866875,211,211,211,PASS
3316,1.3289367519366635,228,228,228,PASS
3317,-1.2983514588956324,30,30,30,PASS
3318,1.4646697874564063,238,238,238,PASS
3319,-0.4114538440993043,97,97,97,PASS
3320,1.0902037268439766,210,210,210,PASS
3321,1.14041781970376,213,213,213,PASS
3322,-0.6627145362408291,78,78,78,PASS
3323,-0.016275978580495343,126,126,126,PASS
3324,-0.5167759312836064,89,89,89,PASS
3325,-0.03550194827689479,125,125,125,PASS
3326,-0.8125989775898049,66,66,66,PASS
3327,-0.6981560001094944,75,75,75,PASS
3328,-1.4913399887164003,15,15,15,PASS
3329,-1.2988687095503035,30,30,30,PASS
3330,1.0305167500810046,205,205,205,PASS
3331,-0.18139305757531443,114,114,114,PASS
3332,-0.777791217934564,69,69,69,PASS
3333,-1.426457286256325,20,20,20,PASS
3334,0.16813102514722034,140,140,140,PASS
3335,0.6411093861158255,176,176,176,PASS
3336,-0.7490196455266622,71,71,71,PASS
3337,-0.45552656130723235,93,93,93,PASS
3338,0.3276301483610504,152,152,152,PASS
3339,0.48769071218850146,164,164,164,PASS
3340,-1.2092110736825141,36,36,36,PASS
3341,-0.13999528481050327,117,117,117,PASS
3342,0.08305622501726684,134,134,134,PASS
3343,-0.3203697576446194,103,103,103,PASS
3344,0.7636760165796679,185,185,185,PASS
3345,0.40559796259624803,158,158,158,PASS
3346,0.12310398898710262,137,137,137,PASS
3347,0.2080927166262645,143,143,143,PASS
3348,1.375557044174437,231,231,231,PASS
3349,-0.8588495641826486,63,63,63,PASS
3350,1.1159096278513203,212,212,212,PASS
3351,-0.1524486623899315,116,116,116,PASS
3352,-0.5777994128608346,84,84,84,PASS
3353,0.8307190764953754,190,190,190,PASS
3354,1.1938750663643074,217,217,217,PASS
3355,0.32771495954079755,152,152,152,PASS
3356,1.4555758241036598,237,237,237,PASS
3357,-0.8543128291443962,63,63,63,PASS
3358,-1.476855028198416,16,16,16,PASS
3359,0.27384364130142314,148,148,148,PASS
3360,-0.14152572225396098,117,117,117,PASS
3361,-1.4598714617315596,18,18,18,PASS
3362,1.1514758565444836,214,214,214,PASS
3363,1.2739633592814419,223,223,223,PASS
3364,-0.036447113668742315,125,125,125,PASS
3365,-0.6145346521375317,81,81,81,PASS
3366,-1.4618908857139201,17,17,17,PASS
3367,1.2384582694042428,221,221,221,PASS
3368,1.526532111024819,242,242,242,PASS
3369,0.6167783998592744,174,174,174,PASS
3370,-0.3413861595469707,102,102,102,PASS
3371,-1.0706578203725585,47,47,47,PASS
3372,-0.3481150204242698,101,101,101,PASS
3373,-1.1993712420926126,37,37,37,PASS
3374,1.4771119011353562,239,239,239,PASS
3375,-1.4689460118567166,17,17,17,PASS
3376,-1.5968562508621247,7,7,7,PASS
3377,-1.6239723648963542,5,5,5,PASS
3378,0.22458624693375162,144,144,144,PASS
3379,-0.05934556387827228,123,123,123,PASS
3380,-0.4788579884182498,91,91,91,PASS
3381,-0.6340499864050981,80,80,80,PASS
3382,-0.9708878667140807,54,54,54,PASS
3383,0.001806070295585549,128,128,128,PASS
3384,-1.5231007242017158,13,13,13,PASS
3385,1.4499493083656423,237,237,237,PASS
3386,1.3294509224196045,228,228,228,PASS
3387,-0.45997880528353363,93,93,93,PASS
3388,0.8465183792164532,191,191,191,PASS
3389,-0.6571117140806331,78,78,78,PASS
3390,-1.1065938525529089,44,44,44,PASS
3391,-1.390246647876574,23,23,23,PASS
3392,0.08399144478560383,134,134,134,PASS
3393,-1.45230351347326,18,18,18,PASS
3394,1.1224827403658308,212,212,212,PASS
3395,0.9633925269331074,200,200,200,PASS
3396,1.5353308575735516,243,243,243,PASS
3397,1.5085121732183933,241,241,241,PASS
3398,-0.2995780697157635,105,105,105,PASS
3399,1.0460283762716907,206,206,206,PASS
3400,0.4775763816812051,163,163,163,PASS
3401,-1.0136715000850665,51,51,51,PASS
3402,0.07309523854006184,133,133,133,PASS
3403,-0.8125703216222724,66,66,66,PASS
3404,-1.2189049862441619,36,36,36,PASS
3405,0.8809434522872424,194,194,194,PASS
3406,0.4454228346326159,161,161,161,PASS
3407,-0.5206515395078724,88,88,88,PASS
3408,0.37340259343247983,156,156,156,PASS
3409,-0.9606361254432249,55,55,55,PASS
3410,0.10996160260848553,136,136,136,PASS
3411,-0.5200951026143148,88,88,88,PASS
3412,-1.3908930672380513,23,23,23,PASS
3413,1.1824509645713086,217,217,217,PASS
3414,1.4956102412359058,240,240,240,PASS
3415,-0.42900887366174234,95,95,95,PASS
3416,-0.7468762975271366,71,71,71,PASS
3417,-1.400737392146775,22,22,22,PASS
3418,-0.03229111205624835,125,125,125,PASS
3419,0.8460367508111719,191,191,191,PASS
3420,-0.8049649732438076,67,67,67,PASS
3421,1.6056816989731353,248,248,248,PASS
3422,0.43074021820565744,160,160,160,PASS
3423,1.4603955449111294,237,237,237,PASS
3424,1.4321634997857469,235,235,235,PASS
3425,0.5452192590845002,169,169,169,PASS
3426,-0.9200911755634154,58,58,58,PASS
3427,0.4888899865923111,164,164,164,PASS
3428,-0.5522176115864013,86,86,86,PASS
3429,0.01972165599737208,129,129,129,PASS
3430,-0.3679892265670299,100,100,100,PASS
3431,-1.6461699597047577,4,4,4,PASS
3432,-0.35867645718784,100,100,100,PASS
3433,-1.4612693254516043,17,17,17,PASS
3434,1.4561990761321624,237,237,237,PASS
3435,-0.7768184765187867,69,69,69,PASS
3436,-1.6039758899125178,7,7,7,PASS
3437,-0.2721246681317637,107,107,107,PASS
3438,0.7588296515728497,185,185,185,PASS
3439,1.5399154268819515,243,243,243,PASS
3440,-0.31733582561499585,104,104,104,PASS
3441,-0.45378821613632825,93,93,93,PASS
3442,-1.4155792806905056,21,21,21,PASS
3443,1.6738249003599612,254,254,254,PASS
3444,-1.561309687158447,10,10,10,PASS
3445,-1.5738983304236287,9,9,9,PASS
3446,-1.649317322290665,3,3,3,PASS
3447,0.6276020471016202,175,175,175,PASS
3448,-0.7896092255119344,68,68,68,PASS
3449,1.185174152245424,217,217,217,PASS
3450,0.8589413467493257,192,192,192,PASS
3451,1.0036758400214951,203,203,203,PASS
3452,-1.1382452555986022,42,42,42,PASS
3453,0.6213676009628071,174,174,174,PASS
3454,1.5892748220914694,247,247,247,PASS
3455,1.1499271390615122,214,214,214,PASS
3456,-1.0090242974937107,52,52,52,PASS
3457,-1.5017017070845622,14,14,14,PASS
3458,0.0021804202317818877,128,128,128,PASS
3459,-0.9703656300812482,54,54,54,PASS
3460,-1.636413739384203,4,4,4,PASS
3461,-1.1173793797427811,43,43,43,PASS
3462,-0.4186121693815479,96,96,96,PASS
3463,0.5720490108822898,171,171,171,PASS
3464,-1.1407260612365326,42,42,42,PASS
3465,-0.960045388557243,55,55,55,PASS
3466,-1.0652769638608035,47,47,47,PASS
3467,1.0070385323652202,203,203,203,PASS
3468,-0.9954226806522573,53,53,53,PASS
3469,-1.3065920825004609,29,29,29,PASS
3470,1.1695404829074947,216,216,216,PASS
3471,0.6958596924186644,180,180,180,PASS
3472,-1.2307882256545595,35,35,35,PASS
3473,-0.6976630400726755,75,75,75,PASS
3474,1.5106145432910514,241,241,241,PASS
3475,-1.0154152841098407,51,51,51,PASS
3476,1.0434104019939807,206,206,206,PASS
3477,-0.021208687813686566,126,126,126,PASS
3478,0.9500105874883495,199,199,199,PASS
3479,-0.6291783095910555,80,80,80,PASS
3480,-0.34681049055789126,101,101,101,PASS
3481,-1.2743289187097997,32,32,32,PASS
3482,0.641275847648936,176,176,176,PASS
3483,1.5640133812111385,245,245,245,PASS
3484,-0.4778676009670819,92,92,92,PASS
3485,-0.4027296434545635,97,97,97,PASS
3486,0.8231874693753631,189,189,189,PASS
3487,0.5766249408814381,171,171,171,PASS
3488,0.9179213899977234,197,197,197,PASS
3489,-1.1666975758199123,40,40,40,PASS
3490,1.1230636300994414,212,212,212,PASS
3491,1.403292790213435,233,233,233,PASS
3492,0.6082770805535092,173,173,173,PASS
3493,-1.5784055240597323,9,9,9,PASS
3494,0.2385047975004453,145,145,145,PASS
3495,-0.11462936115653477,119,119,119,PASS
3496,1.493778696803082,240,240,240,PASS
3497,0.17004270168539048,140,140,140,PASS
3498,-0.11437024308811972,119,119,119,PASS
3499,-0.09088167698269012,121,121,121,PASS
3500,-0.7723579358886514,69,69,69,PASS
3501,1.5762173229655787,246,246,246,PASS
3502,0.5423965030698163,168,168,168,PASS
3503,0.7047497189231298,181,181,181,PASS
3504,0.4298610912345697,160,160,160,PASS
3505,-1.123915750240751,43,43,43,PASS
3506,0.6368388862404026,175,175,175,PASS
3507,-1.0036255415543298,52,52,52,PASS
3508,-1.2321174801513466,35,35,35,PASS
3509,-0.1924083037580797,113,113,113,PASS
3510,0.04022757923275866,131,131,131,PASS
3511,0.14380267398257907,138,138,138,PASS
3512,1.487624970198947,240,240,240,PASS
3513,-0.5123842347474457,89,89,89,PASS
3514,0.7602469906612541,185,185,185,PASS
3515,-0.6346540622996257,80,80,80,PASS
3516,0.9722157002052276,201,201,201,PASS
3517,0.4717718725876259,163,163,163,PASS
3518,-0.2091941792195764,112,112,112,PASS
3519,-0.3090360605370823,104,104,104,PASS
3520,-0.15539492439035762,116,116,116,PASS
3521,0.21508122637203386,144,144,144,PASS
3522,1.1196490531085292,212,212,212,PASS
3523,-0.9435302784107368,56,56,56,PASS
3524,-0.6415290502386617,79,79,79,PASS
3525,0.7873088461540696,187,187,187,PASS
3526,-0.36500585089215454,100,100,100,PASS
3527,0.4748497173120285,163,163,163,PASS
3528,1.6463903954013819,251,251,251,PASS
3529,0.05922450247903699,132,132,132,PASS
3530,1.20691645090397,218,218,218,PASS
3531,-1.6280977018639824,5,5,5,PASS
3532,0.5172468812286539,166,166,166,PASS
3533,0.5144726558384918,166,166,166,PASS
3534,0.12198431509532504,137,137,137,PASS
3535,-1.4228659713670238,20,20,20,PASS
3536,-0.8563115505116333,63,63,63,PASS
3537,0.3286764379457725,152,152,152,PASS
3538,-1.5824882164412797,8,8,8,PASS
3539,0.04825136001273611,131,131,131,PASS
3540,0.18716536352516266,142,142,142,PASS
3541,1.6607836654507369,253,253,253,PASS
3542,1.6040329518005787,248,248,248,PASS
3543,0.280409611160922,149,149,149,PASS
3544,1.393551896902079,232,232,232,PASS
3545,0.3911322703650255,157,157,157,PASS
3546,0.2365288125935987,145,145,145,PASS
3547,-0.3826454677316229,99,99,99,PASS
3548,0.9318305726190086,198,198,198,PASS
3549,-1.1525297273237187,41,41,41,PASS
3550,-1.070115832433139,47,47,47,PASS
3551,0.5177456936734262,166,166,166,PASS
3552,0.8331804335850246,190,190,190,PASS
3553,-1.4112676807437872,21,21,21,PASS
3554,1.6743959794447496,254,254,254,PASS
3555,0.9972764191495822,203,203,203,PASS
3556,-0.960849177416495,55,55,55,PASS
3557,0.8958432372731238,195,195,195,PASS
3558,-1.1623762350048725,40,40,40,PASS
3559,0.9574369846608637,200,200,200,PASS
3560,-0.7023099982135079,75,75,75,PASS
3561,-1.0251104362884351,50,50,50,PASS
3562,-0.4301649549300015,95,95,95,PASS
3563,0.28288302289232603,149,149,149,PASS
3564,0.29614631400828917,150,150,150,PASS
3565,-0.5039942020952313,90,90,90,PASS
3566,0.8189992363428085,189,189,189,PASS
3567,-0.07772048618802185,122,122,122,PASS
3568,-0.20704175665456703,112,112,112,PASS
3569,0.6147682168466584,174,174,174,PASS
3570,0.7259996664418005,182,182,182,PASS
3571,1.6149987690000984,249,249,249,PASS
3572,-1.4787426946816857,16,16,16,PASS
3573,1.5713529371433086,246,246,246,PASS
3574,-0.9635935124129262,55,55,55,PASS
3575,-1.2846907420356755,31,31,31,PASS
3576,0.563953157782829,170,170,170,PASS
3577,-0.8767507165487388,61,61,61,PASS
3578,0.5097675976192948,166,166,166,PASS
3579,-0.17088140082030145,115,115,115,PASS
3580,1.6071846702632595,249,249,249,PASS
3581,0.9161606150422206,196,196,196,PASS
3582,-0.16334113515501358,115,115,115,PASS
3583,0.5832252392821828,171,171,171,PASS
3584,-1.5431434738336451,11,11,11,PASS
3585,0.07700760197762624,133,133,133,PASS
3586,1.0836628599700189,209,209,209,PASS
3587,0.016191722366057926,129,129,129,PASS
3588,-0.26655683801758756,107,107,107,PASS
3589,-0.8276498879433022,65,65,65,PASS
3590,-0.13521746538880786,117,117,117,PASS
3591,0.9523124681610449,199,199,199,PASS
3592,0.7259700357752175,182,182,182,PASS
3593,-1.244871966482369,34,34,34,PASS
3594,-0.5872356573670761,83,83,83,PASS
3595,-0.35362254763701917,101,101,101,PASS
3596,-0.3141728732734992,104,104,104,PASS
3597,1.5715310498910366,246,246,246,PASS
3598,1.053382676322294,207,207,207,PASS
3599,-0.8129374935045468,66,66,66,PASS
3600,0.4821708489798662,164,164,164,PASS
3601,-0.8915875104398906,60,60,60,PASS
3602,-0.1957263462496177,113,113,113,PASS
3603,0.3100206775020806,151,151,151,PASS
3604,-0.30058271114067603,105,105,105,PASS
3605,-0.02219669253406642,126,126,126,PASS
3606,0.07214903929240912,133,133,133,PASS
3607,-1.2563908027684059,33,33,33,PASS
3608,-0.8000302974391328,67,67,67,PASS
3609,0.24946863842154543,146,146,146,PASS
3610,0.3404678715208129,153,153,153,PASS
3611,1.4834149627369813,239,239,239,PASS
3612,-1.5828587567482246,8,8,8,PASS
3613,1.4343513431602941,235,235,235,PASS
3614,-1.2254510944610486,35,35,35,PASS
3615,0.7921493233216148,187,187,187,PASS
3616,-0.23057895812973794,110,110,110,PASS
3617,1.6782603242488514,254,254,254,PASS
3618,-1.0107189410635606,51,51,51,PASS
3619,-1.5300967605571054,12,12,12,PASS
3620,0.21286100566634691,144,144,144,PASS
3621,0.8508213698253562,192,192,192,PASS
3622,1.0888310255378812,209,209,209,PASS
3623,1.3922153415383722,232,232,232,PASS
3624,0.6887760758741155,179,179,179,PASS
3625,1.6821653944738915,254,254,254,PASS
3626,-1.5702291415800733,9,9,9,PASS
3627,-0.494256492580081,90,90,90,PASS
3628,-1.3315037149533224,27,27,27,PASS
3629,0.7368093263597209,183,183,183,PASS
3630,-0.08170692781261257,121,121,121,PASS
3631,0.12554235425952243,137,137,137,PASS
3632,-0.7221809086274786,73,73,73,PASS
3633,1.290725467439674,225,225,225,PASS
3634,-0.09378295746576315,120,120,120,PASS
3635,-1.6737818471779535,1,1,1,PASS
3636,-1.0959969725789471,45,45,45,PASS
3637,0.35036069062593156,154,154,154,PASS
3638,0.4740913607057877,163,163,163,PASS
3639,0.9286854144158883,197,197,197,PASS
3640,-0.9860487156226505,53,53,53,PASS
3641,-1.309969558401855,29,29,29,PASS
3642,-0.20086440076295764,112,112,112,PASS
3643,-1.434924889110313,19,19,19,PASS
3644,0.5013421171005092,165,165,165,PASS
3645,1.166618245006845,215,215,215,PASS
3646,-0.25914602314925106,108,108,108,PASS
3647,-1.5193443365976798,13,13,13,PASS
3648,1.464526547329602,238,238,238,PASS
3649,1.5067651096785724,241,241,241,PASS
3650,-0.5325126213168894,87,87,87,PASS
3651,0.8309383087272575,190,190,190,PASS
3652,-1.0232592753751781,50,50,50,PASS
3653,0.9737198581150348,201,201,201,PASS
3654,-1.375745615166021,24,24,24,PASS
3655,0.7123867022248709,181,181,181,PASS
3656,-0.7756420980061831,69,69,69,PASS
3657,0.018847257450081978,129,129,129,PASS
3658,0.45315170292656304,162,162,162,PASS
3659,1.1662648363808306,215,215,215,PASS
3660,-0.11945209402157952,119,119,119,PASS
3661,0.014199306697406655,129,129,129,PASS
3662,-1.0764433366330852,46,46,46,PASS
3663,-0.4736332539070338,92,92,92,PASS
3664,-0.010647055114034965,127,127,127,PASS
3665,-0.2537012652899735,108,108,108,PASS
3666,0.1967444119796915,142,142,142,PASS
3667,1.6501061059446036,252,252,252,PASS
3668,-1.357505817142822,25,25,25,PASS
3669,-0.08729184793348832,121,121,121,PASS
3670,-1.6845585194064403,1,1,1,PASS
3671,-1.2917742930245566,30,30,30,PASS
3672,-0.8030624942211992,67,67,67,PASS
3673,1.50938643872374,241,241,241,PASS
3674,1.2099244212284919,219,219,219,PASS
3675,-1.6948905188229588,0,0,0,PASS
3676,0.754006371384959,184,184,184,PASS
3677,-1.3498954165342938,26,26,26,PASS
3678,0.1032838942467007,135,135,135,PASS
3679,-0.42398471575960994,96,96,96,PASS
3680,1.0819289250959814,209,209,209,PASS
3681,0.0070220210900850955,128,128,128,PASS
3682,0.8359200512557521,190,190,190,PASS
3683,0.7563221973424008,184,184,184,PASS
3684,1.3827189678145329,232,232,232,PASS
3685,0.5995559214465718,173,173,173,PASS
3686,0.5200996773876347,167,167,167,PASS
3687,-0.4531396683201272,93,93,93,PASS
3688,0.07571252573211096,133,133,133,PASS
3689,-1.2592477227605796,33,33,33,PASS
3690,0.973921561557787,201,201,201,PASS
3691,-1.5610285777475579,10,10,10,PASS
3692,-1.2813829419274099,31,31,31,PASS
3693,-0.26461333846710056,108,108,108,PASS
3694,-0.21944850527403625,111,111,111,PASS
3695,1.6278661224284316,250,250,250,PASS
3696,0.5071271306103402,166,166,166,PASS
3697,-0.19904164159313598,113,113,113,PASS
3698,1.5367125211061536,243,243,243,PASS
3699,1.5643470227169758,245,245,245,PASS
3700,0.23122420874012106,145,145,145,PASS
3701,-0.7252035655084046,73,73,73,PASS
3702,-0.2887349387333782,106,106,106,PASS
3703,1.4392025097049823,236,236,236,PASS
3704,0.5388838781682457,168,168,168,PASS
3705,-0.7518350559082203,71,71,71,PASS
3706,-0.008531713259538165,127,127,127,PASS
3707,0.6785648866024496,179,179,179,PASS
3708,-0.28239489165857656,106,106,106,PASS
3709,0.31840496985253464,151,151,151,PASS
3710,1.689084484238377,255,255,255,PASS
3711,-1.2405492625225556,34,34,34,PASS
3712,0.6097339467524268,173,173,173,PASS
3713,1.2655497445784836,223,223,223,PASS
3714,0.1256326096214493,137,137,137,PASS
3715,-0.02419407802134499,126,126,126,PASS
3716,-0.59926778625299,82,82,82,PASS
3717,0.09015388777734734,134,134,134,PASS
3718,0.8593111379062865,192,192,192,PASS
3719,0.9068509161927796,196,196,196,PASS
3720,0.4647473591425533,162,162,162,PASS
3721,0.4353708340778344,160,160,160,PASS
3722,1.0352534715751534,205,205,205,PASS
3723,-1.3968888621624835,22,22,22,PASS
3724,0.1771480206653515,141,141,141,PASS
3725,1.6413567454174525,251,251,251,PASS
3726,-0.5526472950184906,86,86,86,PASS
3727,0.9460336010231958,199,199,199,PASS
3728,-0.2025314492023269,112,112,112,PASS
3729,-0.7049489283701652,74,74,74,PASS
3730,-0.3873569062095459,98,98,98,PASS
3731,1.0868674512981122,209,209,209,PASS
3732,0.40846821231007824,158,158,158,PASS
3733,0.8497607974258783,191,191,191,PASS
3734,-0.49147061865028285,90,90,90,PASS
3735,-0.6758315261329699,77,77,77,PASS
3736,-1.0649087185551318,47,47,47,PASS
3737,1.6182717468198546,249,249,249,PASS
3738,-0.4448694669253117,94,94,94,PASS
3739,1.004376236295083,203,203,203,PASS
3740,-0.3774394851001859,99,99,99,PASS
3741,0.16332432747599657,140,140,140,PASS
3742,1.2387808721248625,221,221,221,PASS
3743,-0.9931372239540129,53,53,53,PASS
3744,0.15161719906192794,139,139,139,PASS
3745,-0.869489778756724,62,62,62,PASS
3746,1.642253500232859,251,251,251,PASS
3747,1.4307531473936603,235,235,235,PASS
3748,-0.12975589862586068,118,118,118,PASS
3749,-0.7662821826751814,70,70,70,PASS
3750,0.3869696069135238,157,157,157,PASS
3751,1.243199794233967,221,221,221,PASS
3752,0.4982751031344008,165,165,165,PASS
3753,1.153242489425627,214,214,214,PASS
3754,1.1428810675334702,214,214,214,PASS
3755,-1.1723929289645376,39,39,39,PASS
3756,-0.0655462763618655,123,123,123,PASS
3757,-0.8557762820649109,63,63,63,PASS
3758,-1.5072752531043434,14,14,14,PASS
3759,-1.3709070922772062,24,24,24,PASS
3760,1.5843836330037087,247,247,247,PASS
3761,1.1897122423644733,217,217,217,PASS
3762,1.3650553986515905,230,230,230,PASS
3763,-1.1447876789600073,41,41,41,PASS
3764,-0.7883306761711224,68,68,68,PASS
3765,-0.7877744321135542,68,68,68,PASS
3766,-0.22599142328489097,110,110,110,PASS
3767,1.1265475597814543,212,212,212,PASS
3768,0.17069706616426017,140,140,140,PASS
3769,0.30693306729499814,151,151,151,PASS
3770,1.1908570557425595,217,217,217,PASS
3771,-0.4050507737998372,97,97,97,PASS
3772,1.2617209118992305,223,223,223,PASS
3773,1.6696404198934267,253,253,253,PASS
3774,-0.02965001387247046,125,125,125,PASS
3775,0.5351141081658117,168,168,168,PASS
3776,1.000205316161123,203,203,203,PASS
3777,-1.0073089620421283,52,52,52,PASS
3778,-0.4515361798944548,94,94,94,PASS
3779,-1.5330361247291697,12,12,12,PASS
3780,1.5315085115013478,243,243,243,PASS
3781,-0.13419648391877015,117,117,117,PASS
3782,-0.04549492059340965,124,124,124,PASS
3783,-1.4519802653850702,18,18,18,PASS
3784,1.3077607551680608,226,226,226,PASS
3785,-0.4659084419417572,92,92,92,PASS
3786,-0.9490215925657535,56,56,56,PASS
3787,-0.26810335660807993,107,107,107,PASS
3788,-0.23775357803180652,110,110,110,PASS
3789,0.39244090729467707,157,157,157,PASS
3790,-0.009778628004392775,127,127,127,PASS
3791,-0.748019007617858,71,71,71,PASS
3792,-1.262271048773318,32,32,32,PASS
3793,-1.2345727952788121,35,35,35,PASS
3794,0.326730145971154,152,152,152,PASS
3795,0.7656715792208753,185,185,185,PASS
3796,-1.328094400785883,28,28,28,PASS
3797,0.20953373814704235,143,143,143,PASS
3798,0.9314573639892514,198,198,198,PASS
3799,-1.5530827423469016,11,11,11,PASS
3800,1.000165481796716,203,203,203,PASS
3801,-1.017774478670293,51,51,51,PASS
3802,1.0068728423065851,203,203,203,PASS
3803,0.36154864311812784,155,155,155,PASS
3804,0.4436780195962695,161,161,161,PASS
3805,-1.3108958825997,29,29,29,PASS
3806,1.263392296098637,223,223,223,PASS
3807,-0.350922477986092,101,101,101,PASS
3808,-0.3931862966217554,98,98,98,PASS
3809,1.2175623589062725,219,219,219,PASS
3810,-0.7694446694355641,70,70,70,PASS
3811,1.2100810959032524,219,219,219,PASS
3812,-0.9622391926110733,55,55,55,PASS
3813,1.451716942505313,237,237,237,PASS
3814,-0.6653236933930382,77,77,77,PASS
3815,1.2274055817331229,220,220,220,PASS
3816,-1.5916886085510664,8,8,8,PASS
3817,0.014714966064781398,129,129,129,PASS
3818,0.8928426535944711,195,195,195,PASS
3819,-0.6811483802163074,76,76,76,PASS
3820,-1.4659373001846254,17,17,17,PASS
3821,-0.41151104844294273,97,97,97,PASS
3822,0.15705607580420544,139,139,139,PASS
3823,-1.5304228226049916,12,12,12,PASS
3824,-1.0947843962128507,45,45,45,PASS
3825,0.29111295850134145,149,149,149,PASS
3826,0.28756045041442424,149,149,149,PASS
3827,0.7244984361009277,182,182,182,PASS
3828,-0.6741836672021329,77,77,77,PASS
3829,0.1532321868236517,139,139,139,PASS
3830,0.7190890583153118,182,182,182,PASS
3831,0.45067126895499743,161,161,161,PASS
3832,0.8218829886145287,189,189,189,PASS
3833,-1.4637472360620654,17,17,17,PASS
3834,0.5043299558015384,165,165,165,PASS
3835,-1.0575637072981356,48,48,48,PASS
3836,-0.35757829842073363,101,101,101,PASS
3837,-0.12506095221964886,118,118,118,PASS
3838,-1.2747368519118223,32,32,32,PASS
3839,-1.205141789729817,37,37,37,PASS
3840,-1.3707166718679396,24,24,24,PASS
3841,-0.8110778296110505,66,66,66,PASS
3842,0.7412887706105364,183,183,183,PASS
3843,-0.6472662698888203,79,79,79,PASS
3844,0.14945483102314427,139,139,139,PASS
3845,1.338418260839932,228,228,228,PASS
3846,-1.0447859366344425,49,49,49,PASS
3847,-0.6446117859425837,79,79,79,PASS
3848,0.28749701418633955,149,149,149,PASS
3849,-1.6542066029490456,3,3,3,PASS
3850,0.4432281548210637,161,161,161,PASS
3851,-1.2375588447660912,34,34,34,PASS
3852,1.5228609627990914,242,242,242,PASS
3853,1.4973732171342673,240,240,240,PASS
3854,-0.44860780964215485,94,94,94,PASS
3855,-0.21881829820192755,111,111,111,PASS
3856,0.5569474303998094,169,169,169,PASS
3857,0.17306650749150787,141,141,141,PASS
3858,1.561995946811473,245,245,245,PASS
3859,1.3038979873361687,226,226,226,PASS
3860,1.2034446205561886,218,218,218,PASS
3861,-0.07490332239512743,122,122,122,PASS
3862,0.11416706414327282,136,136,136,PASS
3863,-1.11790316862441,43,43,43,PASS
3864,1.1653786378338629,215,215,215,PASS
3865,-0.27454676345583073,107,107,107,PASS
3866,0.7283295526152356,182,182,182,PASS
3867,-0.7281800380442027,73,73,73,PASS
3868,1.2324610095729154,220,220,220,PASS
3869,0.14447661465475226,138,138,138,PASS
3870,0.05212826831918416,131,131,131,PASS
3871,-0.013775193710934275,126,126,126,PASS
3872,-1.631662175731918,5,5,5,PASS
3873,0.4692260773271266,163,163,163,PASS
3874,-0.4721724454875287,92,92,92,PASS
3875,0.32377594705766666,152,152,152,PASS
3876,0.9056139240784928,196,196,196,PASS
3877,-0.41257335456760136,96,96,96,PASS
3878,-1.3035800844449699,29,29,29,PASS
3879,0.18792831593320236,142,142,142,PASS
3880,-0.1725114080538066,115,115,115,PASS
3881,-0.8987924135157156,60,60,60,PASS
3882,0.6559796622018725,177,177,177,PASS
3883,1.2698873720263693,223,223,223,PASS
3884,0.8324818595859209,190,190,190,PASS
3885,0.9945437282417922,202,202,202,PASS
3886,0.13507504187215424,138,138,138,PASS
3887,1.1508675645590116,214,214,214,PASS
3888,1.535407536251079,243,243,243,PASS
3889,0.003398793781380194,128,128,128,PASS
3890,0.6079800735114003,173,173,173,PASS
3891,-1.2495587315291086,33,33,33,PASS
3892,0.5444982184417702,168,168,168,PASS
3893,0.7516938452315534,184,184,184,PASS
3894,0.9856212134864097,202,202,202,PASS
3895,1.6996005044024398,255,255,255,PASS
3896,1.3768670184968486,231,231,231,PASS
3897,-1.2649366968083413,32,32,32,PASS
3898,0.05021684545986749,131,131,131,PASS
3899,0.3312944183579154,152,152,152,PASS
3900,-1.5045245296276493,14,14,14,PASS
3901,1.3105161775906564,226,226,226,PASS
3902,1.6617595015186384,253,253,253,PASS
3903,-0.7288146903744386,73,73,73,PASS
3904,-1.153184632948319,41,41,41,PASS
3905,1.5238108356819577,242,242,242,PASS
3906,-0.28092466397376326,106,106,106,PASS
3907,-0.692706881792521,75,75,75,PASS
3908,-1.316809147935167,28,28,28,PASS
3909,1.374767620752374,231,231,231,PASS
3910,-1.3513032058523673,26,26,26,PASS
3911,0.5641095878521403,170,170,170,PASS
3912,-1.0637738376254444,47,47,47,PASS
3913,-0.7120703510937427,74,74,74,PASS
3914,0.7944386613118326,187,187,187,PASS
3915,1.0060026400321889,203,203,203,PASS
3916,-0.8126686244150817,66,66,66,PASS
3917,-0.840064748512117,64,64,64,PASS
3918,-0.6862795883425874,76,76,76,PASS
3919,0.09984253728872705,135,135,135,PASS
3920,0.24694708421319267,146,146,146,PASS
3921,0.771393697636497,186,186,186,PASS
3922,-1.3437824430332679,26,26,26,PASS
3923,0.4335988756295819,160,160,160,PASS
3924,-1.0254342887074173,50,50,50,PASS
3925,-0.8693914420873404,62,62,62,PASS
3926,-1.605878689526614,7,7,7,PASS
3927,-1.5773484378727827,9,9,9,PASS
3928,-0.2919207818345573,106,106,106,PASS
3929,-0.3125976754485007,104,104,104,PASS
3930,-0.990576060493449,53,53,53,PASS
3931,1.6371373960900886,251,251,251,PASS
3932,1.3817981276555733,232,232,232,PASS
3933,0.5290792759611571,167,167,167,PASS
3934,-1.0548149441583115,48,48,48,PASS
3935,-0.4530986648910189,93,93,93,PASS
3936,0.28505713604944205,149,149,149,PASS
3937,-1.5912128764958902,8,8,8,PASS
3938,-0.7231230755570165,73,73,73,PASS
3939,-0.895325619154083,60,60,60,PASS
3940,-1.5432578698020136,11,11,11,PASS
3941,-0.1706248327632598,115,115,115,PASS
3942,1.2881799713866495,224,224,224,PASS
3943,-0.3882162738319672,98,98,98,PASS
3944,0.9791656426538264,201,201,201,PASS
3945,0.6583859414754347,177,177,177,PASS
3946,0.2209106816905626,144,144,144,PASS
3947,-0.24602039906303896,109,109,109,PASS
3948,-0.6367580148136687,80,80,80,PASS
3949,1.0034487676060702,203,203,203,PASS
3950,-0.7265846114494734,73,73,73,PASS
3951,-1.5939548479330186,7,7,7,PASS
3952,0.42182137733138103,159,159,159,PASS
3953,1.6728725137537348,253,253,253,PASS
3954,0.7675161493026581,185,185,185,PASS
3955,-0.17119155957278198,115,115,115,PASS
3956,1.2248807460509508,220,220,220,PASS
3957,1.2368169279351588,221,221,221,PASS
3958,0.024712662344288594,129,129,129,PASS
3959,-0.46294061688118027,93,93,93,PASS
3960,-1.0379678323775385,49,49,49,PASS
3961,0.7794387045188695,186,186,186,PASS
3962,-1.1479142827346132,41,41,41,PASS
3963,-0.8189916872243473,66,66,66,PASS
3964,0.39909893435594035,158,158,158,PASS
3965,0.4083427053358013,158,158,158,PASS
3966,1.6753848040491064,254,254,254,PASS
3967,-1.36454471336975,25,25,25,PASS
3968,0.44448380476166505,161,161,161,PASS
3969,0.4564273861913748,162,162,162,PASS
3970,-0.026395950181039796,126,126,126,PASS
3971,0.31619601326918434,151,151,151,PASS
3972,0.5476303029809573,169,169,169,PASS
3973,1.5456026921768287,244,244,244,PASS
3974,-0.32941535656145216,103,103,103,PASS
3975,-0.6177188206701723,81,81,81,PASS
3976,-0.8394054722344971,64,64,64,PASS
3977,-1.4543094874537656,18,18,18,PASS
3978,0.9626890826951018,200,200,200,PASS
3979,-0.5889316589237588,83,83,83,PASS
3980,0.1277521773930288,137,137,137,PASS
3981,0.554382274500284,169,169,169,PASS
3982,-0.5808276613277175,84,84,84,PASS
3983,0.24215323254703103,146,146,146,PASS
3984,-0.09119986368293675,121,121,121,PASS
3985,-0.9630228025697078,55,55,55,PASS
3986,-0.8544686830728877,63,63,63,PASS
3987,1.1433196079383496,214,214,214,PASS
3988,0.16829763372289497,140,140,140,PASS
3989,-0.3248266129520805,103,103,103,PASS
3990,-1.3630858012531066,25,25,25,PASS
3991,-1.3394900118532078,27,27,27,PASS
3992,-0.48980500179832,91,91,91,PASS
3993,0.47787091275222804,163,163,163,PASS
3994,-1.2834620995281332,31,31,31,PASS
3995,0.6091492454792362,173,173,173,PASS
3996,-1.5751863742879157,9,9,9,PASS
3997,0.30753090792033233,151,151,151,PASS
3998,-0.4885071277708013,91,91,91,PASS
3999,-1.5648865234674534,10,10,10,PASS
4000,1.2064080971652282,218,218,218,PASS
4001,-0.5840473518472753,84,84,84,PASS
4002,1.5480033045615114,244,244,244,PASS
4003,-1.6240954933913578,5,5,5,PASS
4004,0.9368583522767209,198,198,198,PASS
4005,1.6554531913765003,252,252,252,PASS
4006,-0.12423469096118289,118,118,118,PASS
4007,0.26818985870806733,148,148,148,PASS
4008,0.39224476574421696,157,157,157,PASS
4009,-0.9722483626411322,54,54,54,PASS
4010,0.8410313621200005,191,191,191,PASS
4011,1.078247935612149,209,209,209,PASS
4012,1.3471158441020525,229,229,229,PASS
4013,0.6421233151681809,176,176,176,PASS
4014,-1.2168758185384407,36,36,36,PASS
4015,-1.338456371121913,27,27,27,PASS
4016,-0.4053097498968692,97,97,97,PASS
4017,0.5341160965548213,168,168,168,PASS
4018,-0.9098417254338877,59,59,59,PASS
4019,0.6064355966938162,173,173,173,PASS
4020,0.14164337594334175,138,138,138,PASS
4021,0.27152355149935814,148,148,148,PASS
4022,0.3735532071240766,156,156,156,PASS
4023,1.2014288466742598,218,218,218,PASS
4024,1.6961384203444776,255,255,255,PASS
4025,-1.4224667346601394,20,20,20,PASS
4026,1.284523251988029,224,224,224,PASS
4027,1.6294401261131461,250,250,250,PASS
4028,-0.8198804237631245,66,66,66,PASS
4029,-1.445284767622403,19,19,19,PASS
4030,-1.008862481910446,52,52,52,PASS
4031,-0.4333994130875709,95,95,95,PASS
4032,0.43088607577364146,160,160,160,PASS
4033,0.10455293220646289,135,135,135,PASS
4034,-1.0001121464231266,52,52,52,PASS
4035,-1.4297355607938862,20,20,20,PASS
4036,-1.6168619523485108,6,6,6,PASS
4037,0.7016646699842324,180,180,180,PASS
4038,0.00866451205801555,128,128,128,PASS
4039,-0.7376870931076566,72,72,72,PASS
4040,0.025846193396300565,129,129,129,PASS
4041,-1.0422422849141475,49,49,49,PASS
4042,0.5973051582708002,172,172,172,PASS
4043,-0.4617757968466394,93,93,93,PASS
4044,0.1401260952569645,138,138,138,PASS
4045,-0.6028307403717807,82,82,82,PASS
4046,0.8587303508070134,192,192,192,PASS
4047,1.4009518843245725,233,233,233,PASS
4048,-0.29324723877956815,105,105,105,PASS
4049,0.7792604364688904,186,186,186,PASS
4050,-0.5674946440581519,85,85,85,PASS
4051,-0.9779541103244338,54,54,54,PASS
4052,-1.3066005934441822,29,29,29,PASS
4053,0.5785552197524659,171,171,171,PASS
4054,1.3407205123262067,228,228,228,PASS
4055,-0.6404503959410173,79,79,79,PASS
4056,-0.17932429861851595,114,114,114,PASS
4057,-0.046052581394053105,124,124,124,PASS
4058,-0.8870696131667087,61,61,61,PASS
4059,1.2690872929054502,223,223,223,PASS
4060,0.4022343860651352,158,158,158,PASS
4061,0.8948713759370988,195,195,195,PASS
4062,0.24613456826103164,146,146,146,PASS
4063,0.3109869034977233,151,151,151,PASS
4064,0.6960429216331023,180,180,180,PASS
4065,1.575943127637714,246,246,246,PASS
4066,1.0266744124231526,205,205,205,PASS
4067,0.5718009265595694,171,171,171,PASS
4068,0.991062627705839,202,202,202,PASS
4069,-0.15422155403923932,116,116,116,PASS
4070,1.4404176745645956,236,236,236,PASS
4071,-1.0011473401811242,52,52,52,PASS
4072,0.22777268274754947,145,145,145,PASS
4073,1.4056287729819836,233,233,233,PASS
4074,-1.3296339451915202,27,27,27,PASS
4075,-0.9806266125568105,54,54,54,PASS
4076,-0.1774260248134858,114,114,114,PASS
4077,1.3861383543240817,232,232,232,PASS
4078,-0.39869880241563593,97,97,97,PASS
4079,-0.188287923209276,113,113,113,PASS
4080,-1.3561705910886726,25,25,25,PASS
4081,1.6178426429988024,249,249,249,PASS
4082,0.9231242294996618,197,197,197,PASS
4083,0.40415355013578913,158,158,158,PASS
4084,0.5481931556645068,169,169,169,PASS
4085,0.46828895559633144,163,163,163,PASS
4086,1.0987889171953846,210,210,210,PASS
4087,-0.1796669152134427,114,114,114,PASS
4088,1.4317280335720215,235,235,235,PASS
4089,-0.8581438614517866,63,63,63,PASS
4090,-1.0061364336033995,52,52,52,PASS
4091,1.1907911535264908,217,217,217,PASS
4092,-0.44208098622644476,94,94,94,PASS
4093,-0.6870186436344894,76,76,76,PASS
4094,-1.2260648026705399,35,35,35,PASS
4095,1.1093084622260239,211,211,211,PASS
4096,1.170814879304922,216,216,216,PASS
4097,0.6171051128792031,174,174,174,PASS
4098,1.0705321487576283,208,208,208,PASS
4099,1.2088092405634707,219,219,219,PASS
4100,-1.5673779269115664,9,9,9,PASS
4101,0.17943245996547352,141,141,141,PASS
4102,1.0014012048208023,203,203,203,PASS
4103,1.2061094798429306,218,218,218,PASS
4104,0.5318636747236452,168,168,168,PASS
4105,-0.3764044862620468,99,99,99,PASS
4106,0.7496963565595738,184,184,184,PASS
4107,0.715473318192341,181,181,181,PASS
4108,-1.114375194051588,44,44,44,PASS
4109,-0.8417512665651609,64,64,64,PASS
4110,-0.1651988863733338,115,115,115,PASS
4111,1.352071177850674,229,229,229,PASS
4112,-0.5113584970897389,89,89,89,PASS
4113,-0.1519395004007218,116,116,116,PASS
4114,0.46250217035652663,162,162,162,PASS
4115,0.6367292821463792,175,175,175,PASS
4116,-0.7179207215050263,73,73,73,PASS
4117,-1.4494174846269952,18,18,18,PASS
4118,1.2598718079558286,222,222,222,PASS
4119,-1.4946539708004383,15,15,15,PASS
4120,1.525898723185412,242,242,242,PASS
4121,-0.6487435984579721,79,79,79,PASS
4122,-0.6967842296451414,75,75,75,PASS
4123,-0.4899460429290985,91,91,91,PASS
4124,-1.48794198424505,15,15,15,PASS
4125,0.7656375516411973,185,185,185,PASS
4126,0.5290822406514442,167,167,167,PASS
4127,-1.1469818694605185,41,41,41,PASS
4128,-1.1790606614109622,39,39,39,PASS
4129,0.6432144526225116,176,176,176,PASS
4130,1.4678930654671773,238,238,238,PASS
4131,-0.5477101678947458,86,86,86,PASS
4132,1.0126669825222778,204,204,204,PASS
4133,0.10378297354944066,135,135,135,PASS
4134,-1.4018624979358938,22,22,22,PASS
4135,-1.6350564020358638,4,4,4,PASS
4136,0.9449210636846159,199,199,199,PASS
4137,1.1596643050572724,215,215,215,PASS
4138,0.08689032820009257,134,134,134,PASS
4139,0.2536464294410288,147,147,147,PASS
4140,-0.08739824748156066,121,121,121,PASS
4141,-0.9694592883968267,55,55,55,PASS
4142,0.4604625618359284,162,162,162,PASS
4143,-0.4079740132113103,97,97,97,PASS
4144,-1.097833786564455,45,45,45,PASS
4145,-0.4166228028689196,96,96,96,PASS
4146,0.34498331219092937,153,153,153,PASS
4147,-1.5920184238095074,8,8,8,PASS
4148,1.5703401371678012,246,246,246,PASS
4149,-0.2529180195567762,108,108,108,PASS
4150,-0.042041656518918114,124,124,124,PASS
4151,-0.04306497438498291,124,124,124,PASS
4152,-0.9625187312941228,55,55,55,PASS
4153,-0.061774490884069166,123,123,123,PASS
4154,-0.3866890926872266,98,98,98,PASS
4155,-0.5895207619584477,83,83,83,PASS
4156,0.42110312209932066,159,159,159,PASS
4157,0.4424505852058329,161,161,161,PASS
4158,-0.10910321939938772,119,119,119,PASS
4159,1.2235928949990031,220,220,220,PASS
4160,0.09518937300715247,135,135,135,PASS
4161,1.0147710494532285,204,204,204,PASS
4162,0.10743903629679163,136,136,136,PASS
4163,-0.1613558851033552,115,115,115,PASS
4164,0.9751900884798566,201,201,201,PASS
4165,0.15478515362888112,139,139,139,PASS
4166,1.4770057135414587,239,239,239,PASS
4167,0.780363779936897,186,186,186,PASS
4168,1.2681632426313445,223,223,223,PASS
4169,0.6024375320218158,173,173,173,PASS
4170,0.5991189010169726,173,173,173,PASS
4171,-0.3727749256797104,99,99,99,PASS
4172,1.0508145232652037,207,207,207,PASS
4173,1.340899730352387,228,228,228,PASS
4174,-0.5866790167582692,83,83,83,PASS
4175,-1.3126044891048438,29,29,29,PASS
4176,-1.6257254307551146,5,5,5,PASS
4177,-1.1410254930260222,42,42,42,PASS
4178,-0.46624737383481296,92,92,92,PASS
4179,-1.2310474124017283,35,35,35,PASS
4180,-0.721496702151059,73,73,73,PASS
4181,0.4272945290111452,160,160,160,PASS
4182,-1.2882170748276054,31,31,31,PASS
4183,0.09274425384164564,134,134,134,PASS
4184,1.2615193365035269,222,222,222,PASS
4185,-1.1413325326650723,42,42,42,PASS
4186,-1.6642004186465291,2,2,2,PASS
4187,0.6026612280825068,173,173,173,PASS
4188,-1.582646172764067,8,8,8,PASS
4189,0.6947882273129584,180,180,180,PASS
4190,0.44701801742526137,161,161,161,PASS
4191,-1.4917202749567002,15,15,15,PASS
4192,0.6974868189206067,180,180,180,PASS
4193,0.7769913732986262,186,186,186,PASS
4194,0.05678162165853662,132,132,132,PASS
4195,1.6899470395550644,255,255,255,PASS
4196,-1.046492623796812,49,49,49,PASS
4197,1.073551121679184,208,208,208,PASS
4198,0.5136385169633388,166,166,166,PASS
4199,-1.5025232933889616,14,14,14,PASS
4200,1.0427446472564543,206,206,206,PASS
4201,0.2023800678251324,143,143,143,PASS
4202,-0.8418622253941453,64,64,64,PASS
4203,1.4885844856548778,240,240,240,PASS
4204,0.4713473266917083,163,163,163,PASS
4205,-0.33254388043604344,102,102,102,PASS
4206,0.9944004064472007,202,202,202,PASS
4207,0.17047082602999408,140,140,140,PASS
4208,0.6755776279995651,178,178,178,PASS
4209,1.361912832434223,230,230,230,PASS
4210,1.4651406674393914,238,238,238,PASS
4211,-1.2283554766898446,35,35,35,PASS
4212,0.29081900060926924,149,149,149,PASS
4213,-0.3856738277451315,98,98,98,PASS
4214,-0.12900832968548026,118,118,118,PASS
4215,-1.5504993137614307,11,11,11,PASS
4216,-1.2539454543736723,33,33,33,PASS
4217,1.1181724158082862,212,212,212,PASS
4218,0.9472108282414122,199,199,199,PASS
4219,-1.1441947977280216,41,41,41,PASS
4220,0.7065723958143224,181,181,181,PASS
4221,0.000981411008785793,128,128,128,PASS
4222,1.3540241303640224,229,229,229,PASS
4223,-0.3685609948526922,100,100,100,PASS
4224,-0.6531178986454576,78,78,78,PASS
4225,-1.610780973956469,6,6,6,PASS
4226,-0.8629594339714515,63,63,63,PASS
4227,-1.6715170385550224,2,2,2,PASS
4228,-0.08324911909367883,121,121,121,PASS
4229,-0.6845531219561474,76,76,76,PASS
4230,-0.28569251972124365,106,106,106,PASS
4231,-1.1136485055255156,44,44,44,PASS
4232,0.09944206743571904,135,135,135,PASS
4233,0.4988450288652986,165,165,165,PASS
4234,-0.5002294448893227,90,90,90,PASS
4235,-0.828460933250949,65,65,65,PASS
4236,0.6691395875635922,178,178,178,PASS
4237,1.0522006642849029,207,207,207,PASS
4238,-0.392071446879932,98,98,98,PASS
4239,0.7073966995945453,181,181,181,PASS
4240,1.5370971230148072,243,243,243,PASS
4241,0.5180221416738429,167,167,167,PASS
4242,1.1115408472138009,211,211,211,PASS
4243,1.6536795435925267,252,252,252,PASS
4244,-0.004838466808000597,127,127,127,PASS
4245,1.6165793656615703,249,249,249,PASS
4246,-1.1539464736206995,41,41,41,PASS
4247,0.1998359491701609,143,143,143,PASS
4248,-0.07360179671025269,122,122,122,PASS
4249,-0.019864459712108706,126,126,126,PASS
4250,-1.6120700057489257,6,6,6,PASS
4251,1.6390369636223399,251,251,251,PASS
4252,-1.263674330329519,32,32,32,PASS
4253,-1.3230929797681572,28,28,28,PASS
4254,1.006829527112805,203,203,203,PASS
4255,1.1529248326400812,214,214,214,PASS
4256,-0.3598812909320668,100,100,100,PASS
4257,0.30375477548851504,150,150,150,PASS
4258,1.0139845910944214,204,204,204,PASS
4259,1.4632244194496493,238,238,238,PASS
4260,-1.1911337222119633,38,38,38,PASS
4261,0.7314119936758823,183,183,183,PASS
4262,-0.023663589165617838,126,126,126,PASS
4263,1.4441812225573825,236,236,236,PASS
4264,0.09695620672430216,135,135,135,PASS
4265,-1.468870650245221,17,17,17,PASS
4266,1.5979159069883677,248,248,248,PASS
4267,1.5101760680998846,241,241,241,PASS
4268,-1.3637868091861782,25,25,25,PASS
4269,-1.0620372549639807,48,48,48,PASS
4270,-1.3878882514127568,23,23,23,PASS
4271,-0.04305951684387144,124,124,124,PASS
4272,-1.2811229878203618,31,31,31,PASS
4273,1.201421308531615,218,218,218,PASS
4274,-0.4651282463452533,92,92,92,PASS
4275,0.5401160209977969,168,168,168,PASS
4276,0.2453910754050712,146,146,146,PASS
4277,1.5129665775559593,241,241,241,PASS
4278,1.1824252127190118,217,217,217,PASS
4279,0.9514060819057535,199,199,199,PASS
4280,-1.648689548710058,3,3,3,PASS
4281,-0.294537976953821,105,105,105,PASS
4282,0.5528970048603183,169,169,169,PASS
4283,-0.20943319891092926,112,112,112,PASS
4284,-1.3394520620288595,27,27,27,PASS
4285,-1.028072957650585,50,50,50,PASS
4286,0.5216962672187166,167,167,167,PASS
4287,-1.6299555236128833,5,5,5,PASS
4288,0.05890063018829328,132,132,132,PASS
4289,-0.3572144324950144,101,101,101,PASS
4290,-1.3424995635663615,26,26,26,PASS
4291,0.975012110188018,201,201,201,PASS
4292,0.5136532642409557,166,166,166,PASS
4293,1.3995453929275252,233,233,233,PASS
4294,0.7263953976858721,182,182,182,PASS
4295,1.1879769808335225,217,217,217,PASS
4296,0.8634884638592786,193,193,193,PASS
4297,-0.6748245037867362,77,77,77,PASS
4298,0.4097957642048875,158,158,158,PASS
4299,0.8954511550485169,195,195,195,PASS
4300,0.5795723122994796,171,171,171,PASS
4301,-1.260797887342492,33,33,33,PASS
4302,0.7560603547244431,184,184,184,PASS
4303,1.6448545210118704,251,251,251,PASS
4304,-0.07350214180694215,122,122,122,PASS
4305,0.6709944262677092,178,178,178,PASS
4306,-1.0536594387612466,48,48,48,PASS
4307,-0.7570314181301662,70,70,70,PASS
4308,1.1030270611100883,211,211,211,PASS
4309,-0.7232239781438592,73,73,73,PASS
4310,-0.1423073914177888,117,117,117,PASS
4311,-1.2567235365277214,33,33,33,PASS
4312,0.2827975381274843,149,149,149,PASS
4313,0.09356431500753093,135,135,135,PASS
4314,0.41294275309585404,159,159,159,PASS
4315,-0.6165905929233677,81,81,81,PASS
4316,-0.034588038371240026,125,125,125,PASS
4317,-1.3146361315523447,29,29,29,PASS
4318,1.2697710923335228,223,223,223,PASS
4319,-0.19083653621776553,113,113,113,PASS
4320,-1.2290811490198565,35,35,35,PASS
4321,0.39431102790383643,157,157,157,PASS
4322,0.9295593857111062,197,197,197,PASS
4323,0.08622541005640061,134,134,134,PASS
4324,1.0207307594286565,204,204,204,PASS
4325,-1.297119405032819,30,30,30,PASS
4326,1.5064249302758832,241,241,241,PASS
4327,-1.2526350101889725,33,33,33,PASS
4328,-0.062199598236867715,123,123,123,PASS
4329,0.723063115949947,182,182,182,PASS
4330,0.20794034923545746,143,143,143,PASS
4331,-0.3372902606539965,102,102,102,PASS
4332,1.326100694523474,227,227,227,PASS
4333,-1.2646394541069907,32,32,32,PASS
4334,0.8464584888725641,191,191,191,PASS
4335,-1.106771673254653,44,44,44,PASS
4336,-1.3420059021764645,26,26,26,PASS
4337,-1.134720853172981,42,42,42,PASS
4338,0.6416359191836454,176,176,176,PASS
4339,-1.5375296215798908,12,12,12,PASS
4340,0.289926848135895,149,149,149,PASS
4341,0.5375241359709804,168,168,168,PASS
4342,0.27301735127248117,148,148,148,PASS
4343,-0.6945589838397077,75,75,75,PASS
4344,-1.115107851242911,44,44,44,PASS
4345,-0.3695634533538268,100,100,100,PASS
4346,1.634963557603889,251,251,251,PASS
4347,-0.8201804447430135,66,66,66,PASS
4348,0.3688379655227483,155,155,155,PASS
4349,-1.1642533238765274,40,40,40,PASS
4350,-1.354121837894004,26,26,26,PASS
4351,-0.12379863560851767,118,118,118,PASS
4352,0.3906140255468522,157,157,157,PASS
4353,-0.7328052769176312,72,72,72,PASS
4354,1.4267909597881825,235,235,235,PASS
4355,1.4268606211069736,235,235,235,PASS
4356,-1.3988663763143032,22,22,22,PASS
4357,1.0672258279054783,208,208,208,PASS
4358,-1.1862276087445616,38,38,38,PASS
4359,-0.43434562480244754,95,95,95,PASS
4360,0.7711871417938092,186,186,186,PASS
4361,-0.3516870285271465,101,101,101,PASS
4362,0.8232207752381091,189,189,189,PASS
4363,0.33989079691505597,153,153,153,PASS
4364,1.3109440107532613,226,226,226,PASS
4365,-1.3164193687305685,28,28,28,PASS
4366,1.4319258025010557,235,235,235,PASS
4367,1.0973744471311087,210,210,210,PASS
4368,0.6001017879339783,173,173,173,PASS
4369,0.876644566807488,194,194,194,PASS
4370,0.4938316429784264,165,165,165,PASS
4371,-1.678352363280033,1,1,1,PASS
4372,-1.040961126421763,49,49,49,PASS
4373,-0.05412319955433009,123,123,123,PASS
4374,-0.9702722233079971,54,54,54,PASS
4375,-0.549839970444175,86,86,86,PASS
4376,-1.3226273729021507,28,28,28,PASS
4377,0.15653341970760737,139,139,139,PASS
4378,-0.255413334257351,108,108,108,PASS
4379,0.7428326475389808,183,183,183,PASS
4380,-1.1080260418563697,44,44,44,PASS
4381,-1.1685104976262664,40,40,40,PASS
4382,-1.3044110055420057,29,29,29,PASS
4383,1.3593266660108048,230,230,230,PASS
4384,0.6892746982552407,179,179,179,PASS
4385,1.279461071195213,224,224,224,PASS
4386,-1.1061205771736993,44,44,44,PASS
4387,-0.6942902444647208,75,75,75,PASS
4388,0.8365108145461375,190,190,190,PASS
4389,-0.7504446588462954,71,71,71,PASS
4390,-0.5515418687117897,86,86,86,PASS
4391,-0.29139653789073305,106,106,106,PASS
4392,-0.0827131355974382,121,121,121,PASS
4393,-1.2252091852019649,35,35,35,PASS
4394,1.4963716660260464,240,240,240,PASS
4395,0.3610500537174175,155,155,155,PASS
4396,1.3567366773308998,230,230,230,PASS
4397,0.3497081555177013,154,154,154,PASS
4398,-1.2168775496999373,36,36,36,PASS
4399,1.635186253357374,251,251,251,PASS
4400,0.842183943482157,191,191,191,PASS
4401,1.2070719135576728,218,218,218,PASS
4402,0.6154824038265969,174,174,174,PASS
4403,-1.6249837676597607,5,5,5,PASS
4404,1.5489102285233496,244,244,244,PASS
4405,-1.5091253492085581,14,14,14,PASS
4406,-1.5046021705328676,14,14,14,PASS
4407,-0.47480908420025636,92,92,92,PASS
4408,-0.5385498827482049,87,87,87,PASS
4409,0.09908896065755379,135,135,135,PASS
4410,0.379375425682144,156,156,156,PASS
4411,1.0975425468063074,210,210,210,PASS
4412,1.6430699662507864,251,251,251,PASS
4413,0.9723221992605173,201,201,201,PASS
4414,1.4233627615673414,235,235,235,PASS
4415,1.539144240832756,243,243,243,PASS
4416,0.44201388848118106,161,161,161,PASS
4417,-0.7074328668696604,74,74,74,PASS
4418,-1.1535805236027232,41,41,41,PASS
4419,-1.4387462223735232,19,19,19,PASS
4420,0.5078627457540084,166,166,166,PASS
4421,1.437306275885869,236,236,236,PASS
4422,0.7044254615944274,181,181,181,PASS
4423,0.2714470184273954,148,148,148,PASS
4424,1.341577113901505,229,229,229,PASS
4425,0.5802386325400122,171,171,171,PASS
4426,-0.07173237851484404,122,122,122,PASS
4427,1.1061013484722337,211,211,211,PASS
4428,0.933359818143418,198,198,198,PASS
4429,1.4546908570470738,237,237,237,PASS
4430,1.0495743881659687,207,207,207,PASS
4431,-0.5975531807644481,83,83,83,PASS
4432,1.5100308649967735,241,241,241,PASS
4433,0.0008098779994714089,128,128,128,PASS
4434,-1.5972505930012817,7,7,7,PASS
4435,0.7166260591484395,181,181,181,PASS
4436,-0.17521993589087104,114,114,114,PASS
4437,-0.004892906426647414,127,127,127,PASS
4438,0.979303587921782,201,201,201,PASS
4439,0.24922630350374986,146,146,146,PASS
4440,-0.4370793945977307,95,95,95,PASS
4441,-1.0672298841441836,47,47,47,PASS
4442,0.4630372820785855,162,162,162,PASS
4443,0.33995264138614245,153,153,153,PASS
4444,-1.6311241073829486,5,5,5,PASS
4445,-0.5501427802831873,86,86,86,PASS
4446,0.965627733323781,200,200,200,PASS
4447,1.3936324714536286,232,232,232,PASS
4448,0.6144966972746311,174,174,174,PASS
4449,0.9715781735270885,201,201,201,PASS
4450,-0.15753318044497222,116,116,116,PASS
4451,-0.9271473128104399,58,58,58,PASS
4452,-0.3559472324313071,101,101,101,PASS
4453,-0.5095650666326905,89,89,89,PASS
4454,0.7435204109389935,183,183,183,PASS
4455,0.006162309108273867,128,128,128,PASS
4456,0.6345229362834439,175,175,175,PASS
4457,0.9013201165737981,195,195,195,PASS
4458,-0.2542534440919304,108,108,108,PASS
4459,-1.3228255809007647,28,28,28,PASS
4460,1.142361998145262,214,214,214,PASS
4461,1.238337500922461,221,221,221,PASS
4462,-0.6918137685756149,75,75,75,PASS
4463,-0.28384579642698027,106,106,106,PASS
4464,0.2949080746190611,150,150,150,PASS
4465,-1.504835503687524,14,14,14,PASS
4466,-0.6057018342314713,82,82,82,PASS
4467,1.2272291622629814,220,220,220,PASS
4468,-0.20222919313445242,112,112,112,PASS
4469,0.7532041748719014,184,184,184,PASS
4470,-0.9448825128596016,56,56,56,PASS
4471,1.6751915120745056,254,254,254,PASS
4472,1.196415357830438,218,218,218,PASS
4473,0.33941593611626897,153,153,153,PASS
4474,1.4497121801253667,237,237,237,PASS
4475,1.434480044769465,236,236,236,PASS
4476,0.46814535441924465,163,163,163,PASS
4477,0.9436330659448962,199,199,199,PASS
4478,1.2706667185030576,223,223,223,PASS
4479,0.9838630415312706,202,202,202,PASS
4480,0.8613335581917914,192,192,192,PASS
4481,0.05327965082071673,132,132,132,PASS
4482,0.42589242185646703,160,160,160,PASS
4483,-0.14205931317536336,117,117,117,PASS
4484,-0.30894893849357374,104,104,104,PASS
4485,-0.08395370164400418,121,121,121,PASS
4486,-0.9141256898807528,59,59,59,PASS
4487,-1.5834531041887745,8,8,8,PASS
4488,0.1363370681350229,138,138,138,PASS
4489,0.35397480727622654,154,154,154,PASS
4490,1.0415710331559518,206,206,206,PASS
4491,0.7817284469377668,186,186,186,PASS
4492,-0.5425619618579662,87,87,87,PASS
4493,0.3052583423713744,150,150,150,PASS
4494,-0.9882798998115404,53,53,53,PASS
4495,-1.028387330266548,50,50,50,PASS
4496,-0.004769413048260285,127,127,127,PASS
4497,1.2528284920237927,222,222,222,PASS
4498,0.14083237647545133,138,138,138,PASS
4499,-1.5988540575486248,7,7,7,PASS
4500,1.3251716824218456,227,227,227,PASS
4501,-0.4938530360967388,90,90,90,PASS
4502,-0.6841272528131539,76,76,76,PASS
4503,1.0010088271618949,203,203,203,PASS
4504,0.836604520089647,190,190,190,PASS
4505,-1.3406558878301331,27,27,27,PASS
4506,0.35038582723312817,154,154,154,PASS
4507,0.6002263388974034,173,173,173,PASS
4508,1.4071475286878938,233,233,233,PASS
4509,0.18915201169077323,142,142,142,PASS
4510,-0.5747209988166728,84,84,84,PASS
4511,-0.4704840493398468,92,92,92,PASS
4512,-0.6225367525847403,81,81,81,PASS
4513,-1.4039264491432994,22,22,22,PASS
4514,-0.6953238066361742,75,75,75,PASS
4515,-0.8307675944925065,65,65,65,PASS
4516,0.8435447396784872,191,191,191,PASS
4517,1.2338493124125238,220,220,220,PASS
4518,1.3511067271189108,229,229,229,PASS
4519,-0.6011069505020585,82,82,82,PASS
4520,-0.20682983062329097,112,112,112,PASS
4521,-1.0417408553360004,49,49,49,PASS
4522,1.6920537178515238,255,255,255,PASS
4523,0.6313722316030457,175,175,175,PASS
4524,1.1844323685893754,217,217,217,PASS
4525,1.4503184008963308,237,237,237,PASS
4526,-0.12497398777725977,118,118,118,PASS
4527,0.12274803076349983,137,137,137,PASS
4528,-0.24438069351503766,109,109,109,PASS
4529,1.4747806564434887,239,239,239,PASS
4530,0.6393962546417693,176,176,176,PASS
4531,-1.238445874598938,34,34,34,PASS
4532,0.40382997016065025,158,158,158,PASS
4533,-1.3645398650416536,25,25,25,PASS
4534,-0.8125354044025158,66,66,66,PASS
4535,1.2125055690783835,219,219,219,PASS
4536,0.5464245044072757,169,169,169,PASS
4537,1.3054718425550618,226,226,226,PASS
4538,-1.3205294412373405,28,28,28,PASS
4539,1.4672872968266806,238,238,238,PASS
4540,-0.2472373514991455,109,109,109,PASS
4541,-0.661051443660591,78,78,78,PASS
4542,1.654239112396758,252,252,252,PASS
4543,-1.3512964982576166,26,26,26,PASS
4544,-1.5730573673469996,9,9,9,PASS
4545,-0.9306943120046574,57,57,57,PASS
4546,1.0820216536334393,209,209,209,PASS
4547,0.4794844575226802,164,164,164,PASS
4548,1.2605479968276543,222,222,222,PASS
4549,0.7198940087055565,182,182,182,PASS
4550,1.5878191425374963,247,247,247,PASS
4551,1.3397920528249145,228,228,228,PASS
4552,0.060200560184570984,132,132,132,PASS
4553,1.0316299518076362,205,205,205,PASS
4554,1.0748997914156415,208,208,208,PASS
4555,-1.2689641647333416,32,32,32,PASS
4556,0.698265910537301,180,180,180,PASS
4557,-0.09061454584471629,121,121,121,PASS
4558,-1.3247085398834684,28,28,28,PASS
4559,-0.23677188172951857,110,110,110,PASS
4560,-1.6386951221718853,4,4,4,PASS
4561,-0.11955899057252051,118,118,118,PASS
4562,-1.6762962647490787,1,1,1,PASS
4563,1.051027653603134,207,207,207,PASS
4564,-1.024722433388533,50,50,50,PASS
4565,-0.8792336555671563,61,61,61,PASS
4566,1.3185711461499776,227,227,227,PASS
4567,-0.22265860135175686,111,111,111,PASS
4568,-0.6589372214227494,78,78,78,PASS
4569,-1.4754786788846517,16,16,16,PASS
4570,0.3603679317023476,155,155,155,PASS
4571,0.9271572272518214,197,197,197,PASS
4572,-1.5990199094081319,7,7,7,PASS
4573,1.3545244839885873,229,229,229,PASS
4574,-1.0908230331039093,45,45,45,PASS
4575,0.07347554817642221,133,133,133,PASS
4576,-1.4778351608039249,16,16,16,PASS
4577,0.8377881571196231,191,191,191,PASS
4578,1.2299531965316814,220,220,220,PASS
4579,-0.9412383554431483,57,57,57,PASS
4580,0.6147064512685454,174,174,174,PASS
4581,0.5215124979380905,167,167,167,PASS
4582,1.516427377007105,242,242,242,PASS
4583,0.28837100436362406,149,149,149,PASS
4584,-0.09990987469427659,120,120,120,PASS
4585,-1.092746635251898,45,45,45,PASS
4586,-1.1171314031988513,43,43,43,PASS
4587,-1.141307695567567,42,42,42,PASS
4588,-1.626968950330293,5,5,5,PASS
4589,0.2250654944755197,144,144,144,PASS
4590,1.217129366721849,219,219,219,PASS
4591,1.1438286120264902,214,214,214,PASS
4592,-0.7917338607845247,68,68,68,PASS
4593,-0.07212430185544805,122,122,122,PASS
4594,1.2435979320704946,221,221,221,PASS
4595,-1.1439351759089906,41,41,41,PASS
4596,-0.14400540905177328,117,117,117,PASS
4597,-0.2967679148366058,105,105,105,PASS
4598,1.4784788826627493,239,239,239,PASS
4599,0.4898592940550348,164,164,164,PASS
4600,0.8523602936330013,192,192,192,PASS
4601,1.3827893342366668,232,232,232,PASS
4602,-0.7442515341971478,71,71,71,PASS
4603,-1.4135184916245715,21,21,21,PASS
4604,1.2486247102226027,222,222,222,PASS
4605,0.37337498132153724,156,156,156,PASS
4606,0.5086244788575274,166,166,166,PASS
4607,-0.48179639956568265,91,91,91,PASS
4608,1.1387853439546405,213,213,213,PASS
4609,1.220340529335252,219,219,219,PASS
4610,0.6077643224827527,173,173,173,PASS
4611,-0.32131767432562586,103,103,103,PASS
4612,-0.931519220583581,57,57,57,PASS
4613,1.1671363362142528,215,215,215,PASS
4614,-1.397365570041614,22,22,22,PASS
4615,0.04731112298795015,131,131,131,PASS
4616,-0.1438975829287159,117,117,117,PASS
4617,-1.600771358059705,7,7,7,PASS
4618,-1.1046860448978126,44,44,44,PASS
4619,0.498263762966751,165,165,165,PASS
4620,0.878218811157568,194,194,194,PASS
4621,0.30825629354235073,151,151,151,PASS
4622,0.9974045439663908,203,203,203,PASS
4623,-1.1020138039356067,45,45,45,PASS
4624,-1.6809207135553534,1,1,1,PASS
4625,-1.0205469724255511,51,51,51,PASS
4626,-1.317102851510833,28,28,28,PASS
4627,-0.33063078144738833,103,103,103,PASS
4628,-0.7260560229206796,73,73,73,PASS
4629,1.6083468855874596,249,249,249,PASS
4630,-1.3886105584993902,23,23,23,PASS
4631,-1.6242777227205867,5,5,5,PASS
4632,1.2323152191855031,220,220,220,PASS
4633,-1.1199457297801338,43,43,43,PASS
4634,-1.3174946216491854,28,28,28,PASS
4635,-1.6501729239925993,3,3,3,PASS
4636,1.1171686756245836,212,212,212,PASS
4637,-0.5776025656699897,84,84,84,PASS
4638,-1.3348287217485142,27,27,27,PASS
4639,0.689236896527442,179,179,179,PASS
4640,0.5383718081789202,168,168,168,PASS
4641,-0.35277924410375094,101,101,101,PASS
4642,-1.4210053310235446,21,21,21,PASS
4643,-0.6309769820037696,80,80,80,PASS
4644,0.6782775443401878,179,179,179,PASS
4645,0.6482248293974842,176,176,176,PASS
4646,0.47258393088455475,163,163,163,PASS
4647,-0.8839265055108885,61,61,61,PASS
4648,-0.5279426259589532,88,88,88,PASS
4649,0.7091744465533936,181,181,181,PASS
4650,1.0700002355090568,208,208,208,PASS
4651,1.1478912951841471,214,214,214,PASS
4652,-0.15574430103981074,116,116,116,PASS
4653,1.2752718168741677,224,224,224,PASS
4654,1.1529102608257256,214,214,214,PASS
4655,1.6006758209475886,248,248,248,PASS
4656,-1.4273956570879718,20,20,20,PASS
4657,-0.6153753240695421,81,81,81,PASS
4658,0.4965559625865079,165,165,165,PASS
4659,0.5632719760859739,170,170,170,PASS
4660,-0.13776667744414728,117,117,117,PASS
4661,-1.3405422983998003,27,27,27,PASS
4662,1.238338116204717,221,221,221,PASS
4663,-0.34733397581564107,101,101,101,PASS
4664,-1.1053766770325821,44,44,44,PASS
4665,-1.3716989777336435,24,24,24,PASS
4666,0.4067611271615281,158,158,158,PASS
4667,-0.7376355860088321,72,72,72,PASS
4668,0.7714964810539338,186,186,186,PASS
4669,-1.1428163360037344,41,41,41,PASS
4670,-0.847354968587561,64,64,64,PASS
4671,-0.35053169277508656,101,101,101,PASS
4672,-0.3834245728042971,99,99,99,PASS
4673,-0.3275441675952544,103,103,103,PASS
4674,0.04180008093035381,131,131,131,PASS
4675,0.5687074021892842,170,170,170,PASS
4676,-0.9210476483333556,58,58,58,PASS
4677,-0.7870935174204244,68,68,68,PASS
4678,1.6985248988792485,255,255,255,PASS
4679,0.48666861247978166,164,164,164,PASS
4680,-1.167561023189564,40,40,40,PASS
4681,0.0816654974328459,134,134,134,PASS
4682,-0.593829822462651,83,83,83,PASS
4683,1.0030813910129244,203,203,203,PASS
4684,-1.6169159278174285,6,6,6,PASS
4685,1.1331537644197784,213,213,213,PASS
4686,-0.8583833595099934,63,63,63,PASS
4687,-0.758050792101652,70,70,70,PASS
4688,-0.18149117931823233,114,114,114,PASS
4689,0.808769814191096,188,188,188,PASS
4690,0.08960084154406256,134,134,134,PASS
4691,-0.36309200797856,100,100,100,PASS
4692,0.9868633156624897,202,202,202,PASS
4693,0.7287139414484438,182,182,182,PASS
4694,-0.04288770976583067,124,124,124,PASS
4695,0.8399044950166996,191,191,191,PASS
4696,0.9265197146104842,197,197,197,PASS
4697,0.527660167535897,167,167,167,PASS
4698,-0.7299984403004234,73,73,73,PASS
4699,1.471544296040719,238,238,238,PASS
4700,0.7183775782719579,182,182,182,PASS
4701,-1.6504203399066337,3,3,3,PASS
4702,0.6279081838933782,175,175,175,PASS
4703,0.6127478581873944,174,174,174,PASS
4704,1.0067983205668034,203,203,203,PASS
4705,-1.0326731805474698,50,50,50,PASS
4706,-1.095747697259339,45,45,45,PASS
4707,0.6618437745107497,177,177,177,PASS
4708,-0.20477699267280625,112,112,112,PASS
4709,0.12016475344050614,137,137,137,PASS
4710,1.6433588059934594,251,251,251,PASS
4711,-0.22810173953067392,110,110,110,PASS
4712,-1.2363952979421111,34,34,34,PASS
4713,-0.9736989217924331,54,54,54,PASS
4714,1.6508821870672683,252,252,252,PASS
4715,-1.6043290708080613,7,7,7,PASS
4716,1.2781960385894917,224,224,224,PASS
4717,-0.7176241150036021,73,73,73,PASS
4718,0.9522369690425097,199,199,199,PASS
4719,-0.04618257690643457,124,124,124,PASS
4720,0.12190144076264042,137,137,137,PASS
4721,-1.552938952039484,11,11,11,PASS
4722,0.38355216066675246,156,156,156,PASS
4723,0.6980996829199915,180,180,180,PASS
4724,-0.6089600599343696,82,82,82,PASS
4725,-1.0001159805275277,52,52,52,PASS
4726,0.6787092707381677,179,179,179,PASS
4727,-0.9220366633343303,58,58,58,PASS
4728,0.6329983334546283,175,175,175,PASS
4729,-0.16676520301770692,115,115,115,PASS
4730,0.043472510203295345,131,131,131,PASS
4731,-1.5865670097881308,8,8,8,PASS
4732,-0.3123198334443844,104,104,104,PASS
4733,-0.9273072913556806,58,58,58,PASS
4734,-1.653522216405826,3,3,3,PASS
4735,0.01818999483370809,129,129,129,PASS
4736,-1.6117065940404902,6,6,6,PASS
4737,-0.6759123280281834,77,77,77,PASS
4738,-1.3568605856052536,25,25,25,PASS
4739,0.5824621362596945,171,171,171,PASS
4740,-1.4133014772905605,21,21,21,PASS
4741,1.0860158035840042,209,209,209,PASS
4742,-0.17658207837997564,114,114,114,PASS
4743,-0.11859848434709419,119,119,119,PASS
4744,1.00582909676066,203,203,203,PASS
4745,-1.4531524329181642,18,18,18,PASS
4746,-0.4115789537485115,97,97,97,PASS
4747,-0.8534050563059763,63,63,63,PASS
4748,-0.056643899576042545,123,123,123,PASS
4749,1.1233893098632983,212,212,212,PASS
4750,1.0301400004689019,205,205,205,PASS
4751,-0.868426204469813,62,62,62,PASS
4752,0.10596529915247821,135,135,135,PASS
4753,0.9358176922734278,198,198,198,PASS
4754,0.10798567214131638,136,136,136,PASS
4755,0.6888887281616676,179,179,179,PASS
4756,-1.1342468143049755,42,42,42,PASS
4757,0.40652401907688573,158,158,158,PASS
4758,-1.0460003449224808,49,49,49,PASS
4759,-0.32474984495285786,103,103,103,PASS
4760,-0.6891373115780906,76,76,76,PASS
4761,-0.5672064730937783,85,85,85,PASS
4762,0.4030485862106483,158,158,158,PASS
4763,1.5473171314729444,244,244,244,PASS
4764,1.4428126458563482,236,236,236,PASS
4765,-0.41603317410425444,96,96,96,PASS
4766,-0.9459817139534723,56,56,56,PASS
4767,0.41535773556966116,159,159,159,PASS
4768,0.7979440723196352,188,188,188,PASS
4769,0.5697452459653596,170,170,170,PASS
4770,-0.17235848254775354,115,115,115,PASS
4771,0.30526196135836803,150,150,150,PASS
4772,1.6474441861262286,252,252,252,PASS
4773,-1.4476522746969525,19,19,19,PASS
4774,1.0878836338776428,209,209,209,PASS
4775,-0.8276783592248604,65,65,65,PASS
4776,0.39780337593753745,157,157,157,PASS
4777,1.4274497740495435,235,235,235,PASS
4778,1.285943896042124,224,224,224,PASS
4779,-1.5475422902122626,11,11,11,PASS
4780,1.4080050107348427,234,234,234,PASS
4781,-0.060512275843107366,123,123,123,PASS
4782,-1.545438014552496,11,11,11,PASS
4783,-1.0209708996855045,51,51,51,PASS
4784,0.06916007197105656,133,133,133,PASS
4785,-1.2296106776981564,35,35,35,PASS
4786,-1.1094546273983033,44,44,44,PASS
4787,1.2348375297061869,220,220,220,PASS
4788,-1.1942718156505143,38,38,38,PASS
4789,1.1461602203781716,214,214,214,PASS
4790,0.08805020759769588,134,134,134,PASS
4791,-1.1664734491330793,40,40,40,PASS
4792,1.1451805443202387,214,214,214,PASS
4793,-1.0337116792340486,50,50,50,PASS
4794,-1.4316684769362145,20,20,20,PASS
4795,1.5816426378244894,247,247,247,PASS
4796,-0.2601067000488282,108,108,108,PASS
4797,0.9360248389556818,198,198,198,PASS
4798,0.5263481884542023,167,167,167,PASS
4799,0.7619335080470846,185,185,185,PASS
4800,-0.5202205309006,88,88,88,PASS
4801,-0.9573823955700634,55,55,55,PASS
4802,-0.03609705168606969,125,125,125,PASS
4803,0.29968036829994604,150,150,150,PASS
4804,0.8558805148610349,192,192,192,PASS
4805,0.47408631514949984,163,163,163,PASS
4806,0.025597461525701082,129,129,129,PASS
4807,1.5576263379672246,245,245,245,PASS
4808,-0.5250618959593758,88,88,88,PASS
4809,-1.3736014936521728,24,24,24,PASS
4810,1.6456253710671442,251,251,251,PASS
4811,0.6246675330094649,175,175,175,PASS
4812,0.48048597733339116,164,164,164,PASS
4813,-1.3352456404504065,27,27,27,PASS
4814,0.9669536624526731,200,200,200,PASS
4815,0.2986016880214697,150,150,150,PASS
4816,0.15137004665308118,139,139,139,PASS
4817,0.20564667655442892,143,143,143,PASS
4818,-0.7096668183551291,74,74,74,PASS
4819,-0.6216588474242424,81,81,81,PASS
4820,0.2442963173477839,146,146,146,PASS
4821,-0.716908842150197,74,74,74,PASS
4822,1.1299895376648783,213,213,213,PASS
4823,0.8931790798479733,195,195,195,PASS
4824,-1.649102412568229,3,3,3,PASS
4825,-1.093078171743565,45,45,45,PASS
4826,1.5256613962620766,242,242,242,PASS
4827,-1.5614812302805783,10,10,10,PASS
4828,1.0839064717317786,209,209,209,PASS
4829,0.330803087051436,152,152,152,PASS
4830,1.4123908987669258,234,234,234,PASS
4831,-0.06552737557755428,123,123,123,PASS
4832,-1.3419056185220173,26,26,26,PASS
4833,-0.07877248090452404,122,122,122,PASS
4834,0.8659345456808218,193,193,193,PASS
4835,-1.1439760501206235,41,41,41,PASS
4836,-0.6826832519459687,76,76,76,PASS
4837,-0.6716749122831887,77,77,77,PASS
4838,1.3376698503103273,228,228,228,PASS
4839,-0.6011159527242491,82,82,82,PASS
4840,-1.6176680631186198,6,6,6,PASS
4841,1.3140682206716352,226,226,226,PASS
4842,1.5991367017865452,248,248,248,PASS
4843,0.8003348296521111,188,188,188,PASS
4844,-1.276700397594169,31,31,31,PASS
4845,0.3329257653310249,153,153,153,PASS
4846,1.3484286762556599,229,229,229,PASS
4847,0.9482074207510351,199,199,199,PASS
4848,1.2412361504051355,221,221,221,PASS
4849,-0.40801411568855706,97,97,97,PASS
4850,1.6731688883220854,253,253,253,PASS
4851,-1.3196281266429333,28,28,28,PASS
4852,0.03811806910153792,130,130,130,PASS
4853,1.4085647056385142,234,234,234,PASS
4854,1.0949798374274533,210,210,210,PASS
4855,-0.0006147519347907693,127,127,127,PASS
4856,0.11256044101232598,136,136,136,PASS
4857,0.21498433687038543,144,144,144,PASS
4858,0.34918278953815185,154,154,154,PASS
4859,-1.440707282861712,19,19,19,PASS
4860,0.3056646662041127,151,151,151,PASS
4861,0.5971554727056836,172,172,172,PASS
4862,0.8111055668269567,189,189,189,PASS
4863,-1.0160973763807886,51,51,51,PASS
4864,-0.17784701564319505,114,114,114,PASS
4865,-0.03001823790386049,125,125,125,PASS
4866,0.7078416734110962,181,181,181,PASS
4867,-0.516567762596557,89,89,89,PASS
4868,1.2976944933827153,225,225,225,PASS
4869,0.12964367166054847,137,137,137,PASS
4870,0.10733541604406072,136,136,136,PASS
4871,-1.598165073394887,7,7,7,PASS
4872,1.0846132145859675,209,209,209,PASS
4873,-0.25626613972109236,108,108,108,PASS
4874,-1.1713328959722449,39,39,39,PASS
4875,-1.0263999544034197,50,50,50,PASS
4876,0.6921002704069672,180,180,180,PASS
4877,0.18990065345870732,142,142,142,PASS
4878,1.4606537848778467,237,237,237,PASS
4879,-0.9444380093093561,56,56,56,PASS
4880,1.3293209990496748,228,228,228,PASS
4881,-0.6695364187578783,77,77,77,PASS
4882,1.024902024598502,205,205,205,PASS
4883,-1.390302873407041,23,23,23,PASS
4884,0.5867766987160106,172,172,172,PASS
4885,0.13324785045884147,138,138,138,PASS
4886,-0.6502591327420828,79,79,79,PASS
4887,1.3232430629305527,227,227,227,PASS
4888,-0.21290093575413316,111,111,111,PASS
4889,1.5520945264317578,244,244,244,PASS
4890,-0.763179923001504,70,70,70,PASS
4891,-1.5613310763471102,10,10,10,PASS
4892,0.764796580899137,185,185,185,PASS
4893,-0.6249849478959988,80,80,80,PASS
4894,0.0581336759682094,132,132,132,PASS
4895,-1.0549149268947295,48,48,48,PASS
4896,0.9648589885343697,200,200,200,PASS
4897,-0.14231175425495435,117,117,117,PASS
4898,0.003429008331425676,128,128,128,PASS
4899,1.0347260904226905,205,205,205,PASS
4900,1.6038295032892942,248,248,248,PASS
4901,-1.379067433574438,24,24,24,PASS
4902,-0.9070668285725262,59,59,59,PASS
4903,1.2753908426241412,224,224,224,PASS
4904,0.31142236978601123,151,151,151,PASS
4905,0.6468073523197673,176,176,176,PASS
4906,0.14919892419679393,139,139,139,PASS
4907,-0.6420438708839267,79,79,79,PASS
4908,0.7747621035831684,186,186,186,PASS
4909,0.6523864803173012,177,177,177,PASS
4910,0.56894136198597,170,170,170,PASS
4911,-0.21392471189075724,111,111,111,PASS
4912,-0.6487248701440964,79,79,79,PASS
4913,0.46146128380037355,162,162,162,PASS
4914,0.5995348526864845,173,173,173,PASS
4915,1.3589193612520754,230,230,230,PASS
4916,-1.0584995725020732,48,48,48,PASS
4917,0.773246507723649,186,186,186,PASS
4918,-0.7744682449683423,69,69,69,PASS
4919,-0.17815218540411748,114,114,114,PASS
4920,-0.557110385529499,86,86,86,PASS
4921,1.4940245763452815,240,240,240,PASS
4922,-0.6682892510446719,77,77,77,PASS
4923,-0.7742013552261107,69,69,69,PASS
4924,-0.4090965158709008,97,97,97,PASS
4925,-0.7405818684376013,72,72,72,PASS
4926,0.4921239222264451,165,165,165,PASS
4927,1.4128074224862892,234,234,234,PASS
4928,0.8574671758412296,192,192,192,PASS
4929,1.2887790047901848,225,225,225,PASS
4930,-1.1886562598850725,38,38,38,PASS
4931,-0.3379056275706287,102,102,102,PASS
4932,-0.9431519034449382,56,56,56,PASS
4933,0.9990665742921341,203,203,203,PASS
4934,-0.7051318697737075,74,74,74,PASS
4935,-0.9908454167485572,53,53,53,PASS
4936,-0.05069455764603159,124,124,124,PASS
4937,1.0399911466881322,206,206,206,PASS
4938,-1.4487047058207239,18,18,18,PASS
4939,-0.5869709241287575,83,83,83,PASS
4940,-0.539743590640255,87,87,87,PASS
4941,-1.1486384312166185,41,41,41,PASS
4942,-0.7799555575354588,69,69,69,PASS
4943,-0.41741018929777574,96,96,96,PASS
4944,1.5110032198097743,241,241,241,PASS
4945,1.0664343658449147,208,208,208,PASS
4946,0.2267630941574279,145,145,145,PASS
4947,1.3770065072817455,231,231,231,PASS
4948,0.12993039217213243,137,137,137,PASS
4949,-0.13329520279042728,117,117,117,PASS
4950,1.2053743227475906,218,218,218,PASS
4951,1.3670748710373262,230,230,230,PASS
4952,0.18775888535908902,142,142,142,PASS
4953,-1.0672709961907563,47,47,47,PASS
4954,0.24628811775606252,146,146,146,PASS
4955,-1.4753810480170189,16,16,16,PASS
4956,1.6862119340006443,254,254,254,PASS
4957,-0.31877857767870954,103,103,103,PASS
4958,0.5056606322332848,166,166,166,PASS
4959,-0.747739677418233,71,71,71,PASS
4960,-0.010256412450676766,127,127,127,PASS
4961,1.5196253771253898,242,242,242,PASS
4962,1.2068411747574894,218,218,218,PASS
4963,0.4096566313600929,158,158,158,PASS
4964,1.5966847725480295,248,248,248,PASS
4965,-0.10341705627423692,120,120,120,PASS
4966,0.594902736809974,172,172,172,PASS
4967,0.1847351969936657,141,141,141,PASS
4968,0.18695526042192223,142,142,142,PASS
4969,-0.816035112657469,66,66,66,PASS
4970,-1.6456812595405774,4,4,4,PASS
4971,-0.9879086654393101,53,53,53,PASS
4972,-0.2786910256849686,107,107,107,PASS
4973,-1.1680916170229412,40,40,40,PASS
4974,0.9649029794799222,200,200,200,PASS
4975,1.3437150660053174,229,229,229,PASS
4976,-0.2908371032599255,106,106,106,PASS
4977,0.9647525537893518,200,200,200,PASS
4978,1.1477964567003884,214,214,214,PASS
4979,0.1854491009446111,141,141,141,PASS
4980,1.4380510561605477,236,236,236,PASS
4981,1.313966921845813,226,226,226,PASS
4982,-1.3848721655573668,23,23,23,PASS
4983,0.23505110109509952,145,145,145,PASS
4984,1.4640337047983876,238,238,238,PASS
4985,0.8315784744094847,190,190,190,PASS
4986,-1.015514234604281,51,51,51,PASS
4987,0.46656508123017004,163,163,163,PASS
4988,-0.352243616683082,101,101,101,PASS
4989,-0.8043426045286935,67,67,67,PASS
4990,0.8586594042293301,192,192,192,PASS
4991,-1.1389486720038966,42,42,42,PASS
4992,0.7424509288337735,183,183,183,PASS
4993,-0.26481652563343117,108,108,108,PASS
4994,-0.022501874817008716,126,126,126,PASS
4995,-0.922335805501225,58,58,58,PASS
4996,-0.23672743578344768,110,110,110,PASS
4997,1.6668046551384001,253,253,253,PASS
4998,0.5128026499275051,166,166,166,PASS
4999,1.3083930132312414,226,226,226,PASS
5000,1.2444313416310477,221,221,221,PASS
5001,0.7326142361961423,183,183,183,PASS
5002,-1.2989654490111353,30,30,30,PASS
5003,0.8226679884697197,189,189,189,PASS
5004,-0.15995866419392235,115,115,115,PASS
5005,1.0030912986618963,203,203,203,PASS
5006,0.1193234292769556,136,136,136,PASS
5007,-1.3376177631123962,27,27,27,PASS
5008,-0.16372470384502935,115,115,115,PASS
5009,-1.2342468069785215,35,35,35,PASS
5010,0.9480701298523233,199,199,199,PASS
5011,-0.12941607077187722,118,118,118,PASS
5012,1.4014981953651524,233,233,233,PASS
5013,-1.1940905719264516,38,38,38,PASS
5014,-0.38542553579911387,98,98,98,PASS
5015,-1.1477032803509792,41,41,41,PASS
5016,-1.4161702248798897,21,21,21,PASS
5017,-1.0124981038526966,51,51,51,PASS
5018,-1.5988529305622299,7,7,7,PASS
5019,-0.9743223026145931,54,54,54,PASS
5020,0.2458752022648767,146,146,146,PASS
5021,-0.19150672658631507,113,113,113,PASS
5022,-1.6121574663421383,6,6,6,PASS
5023,-1.1148986458908166,44,44,44,PASS
5024,-1.5842826340237062,8,8,8,PASS
5025,0.6937302427624614,180,180,180,PASS
5026,-0.7681341431994028,70,70,70,PASS
5027,1.127540245834622,212,212,212,PASS
5028,-0.3782190095183857,99,99,99,PASS
5029,0.592252562258077,172,172,172,PASS
5030,0.61658008428577,174,174,174,PASS
5031,1.008094076339354,203,203,203,PASS
5032,0.2398338634304531,146,146,146,PASS
5033,-0.5117954922401233,89,89,89,PASS
5034,-1.45199776921827,18,18,18,PASS
5035,-1.5358284594461842,12,12,12,PASS
5036,0.028508316105789522,130,130,130,PASS
5037,1.1924420842750754,217,217,217,PASS
5038,-0.8634998915671258,62,62,62,PASS
5039,1.157370003980726,215,215,215,PASS
5040,-0.5071684890341053,89,89,89,PASS
5041,1.6024854238901989,248,248,248,PASS
5042,1.1894112912494015,217,217,217,PASS
5043,-1.383225068393717,23,23,23,PASS
5044,0.5467195199913799,169,169,169,PASS
5045,1.3831388553967778,232,232,232,PASS
5046,-0.6294917381536993,80,80,80,PASS
5047,0.057349412536989774,132,132,132,PASS
5048,1.047976398780451,206,206,206,PASS
5049,0.19529772541606039,142,142,142,PASS
5050,0.9582075923774525,200,200,200,PASS
5051,-1.2257700059795738,35,35,35,PASS
5052,1.4425324009201141,236,236,236,PASS
5053,-1.2779021803372053,31,31,31,PASS
5054,-0.6430708916654142,79,79,79,PASS
5055,0.6427911813330638,176,176,176,PASS
5056,-0.5260556853232541,88,88,88,PASS
5057,1.4439229650382954,236,236,236,PASS
5058,-0.6114787624833122,81,81,81,PASS
5059,-0.7704078203912365,69,69,69,PASS
5060,1.046195480652804,206,206,206,PASS
5061,0.6042230263681974,173,173,173,PASS
5062,-0.7236283311397322,73,73,73,PASS
5063,-1.4895427661711627,15,15,15,PASS
5064,-0.2940450672695851,105,105,105,PASS
5065,-0.5112976346696099,89,89,89,PASS
5066,1.2999171470828361,225,225,225,PASS
5067,1.3782013963380828,231,231,231,PASS
5068,0.14380795994055773,138,138,138,PASS
5069,1.5869592384624525,247,247,247,PASS
5070,-0.594404491070875,83,83,83,PASS
5071,0.39532356037043415,157,157,157,PASS
5072,-0.695940306479919,75,75,75,PASS
5073,-1.5284991159079149,12,12,12,PASS
5074,-1.3708756897365513,24,24,24,PASS
5075,-1.6509672755957647,3,3,3,PASS
5076,-1.3785673322320648,24,24,24,PASS
5077,1.6862281725673551,254,254,254,PASS
5078,-1.405588805525539,22,22,22,PASS
5079,1.27752188834084,224,224,224,PASS
5080,1.3553164904773178,230,230,230,PASS
5081,0.09638922110730741,135,135,135,PASS
5082,0.06159033800874303,132,132,132,PASS
5083,0.6669637584714005,178,178,178,PASS
5084,-0.855706191849678,63,63,63,PASS
5085,-0.7238974249190796,73,73,73,PASS
5086,-1.6631355376323171,2,2,2,PASS
5087,-1.116976766347669,43,43,43,PASS
5088,0.17080121106740775,140,140,140,PASS
5089,-0.6567930931262811,78,78,78,PASS
5090,1.1229800480333896,212,212,212,PASS
5091,1.0537915293187765,207,207,207,PASS
5092,-0.349978719774626,101,101,101,PASS
5093,0.7303984836619299,182,182,182,PASS
5094,1.1022487747436018,210,210,210,PASS
5095,0.9547044541676926,199,199,199,PASS
5096,1.5173948400900705,242,242,242,PASS
5097,-0.9833349597540382,53,53,53,PASS
5098,0.33456771612634717,153,153,153,PASS
5099,-0.1113999100552967,119,119,119,PASS
5100,-1.6881103657407193,0,0,0,PASS
5101,0.7397392471015996,183,183,183,PASS
5102,-1.4022778276659258,22,22,22,PASS
5103,-1.0717781623374845,47,47,47,PASS
5104,0.8478470138608423,191,191,191,PASS
5105,1.4678453094560553,238,238,238,PASS
5106,0.7712797868168642,186,186,186,PASS
5107,1.3031014703675476,226,226,226,PASS
5108,0.04696043778916503,131,131,131,PASS
5109,-0.04533849103069865,124,124,124,PASS
5110,-0.7331042518166754,72,72,72,PASS
5111,-1.465960497674223,17,17,17,PASS
5112,-1.1285546669936328,43,43,43,PASS
5113,-0.9408229394787394,57,57,57,PASS
5114,1.26904281852669,223,223,223,PASS
5115,-1.6920026245882638,0,0,0,PASS
5116,-0.26483444708632,108,108,108,PASS
5117,1.6038861458252607,248,248,248,PASS
5118,1.3829772796027633,232,232,232,PASS
5119,-1.3225054447858793,28,28,28,PASS
5120,0.830067661380465,190,190,190,PASS
5121,1.2649143479786435,223,223,223,PASS
5122,-1.061949687793191,48,48,48,PASS
5123,-0.8442465438271692,64,64,64,PASS
5124,0.6244606177337111,175,175,175,PASS
5125,0.8760648880197002,193,193,193,PASS
5126,1.2769742733571212,224,224,224,PASS
5127,-0.34714376145006387,101,101,101,PASS
5128,-1.5372721313029993,12,12,12,PASS
5129,1.6202797074694717,249,249,249,PASS
5130,-0.8200810257532629,66,66,66,PASS
5131,0.9178258243708204,197,197,197,PASS
5132,1.4256755507783787,235,235,235,PASS
5133,0.14003543626127057,138,138,138,PASS
5134,0.08021648743067389,134,134,134,PASS
5135,-0.8828796264041909,61,61,61,PASS
5136,-1.4927564816198724,15,15,15,PASS
5137,-1.324132940640769,28,28,28,PASS
5138,0.7600405155269476,185,185,185,PASS
5139,-1.0234355553564596,50,50,50,PASS
5140,-0.014946559655383496,126,126,126,PASS
5141,0.06265822062030124,132,132,132,PASS
5142,1.4512005440998685,237,237,237,PASS
5143,0.13738345626651216,138,138,138,PASS
5144,0.3927647152398712,157,157,157,PASS
5145,1.058126105583778,207,207,207,PASS
5146,-0.6756824426144123,77,77,77,PASS
5147,0.6379555530341412,176,176,176,PASS
5148,-1.3666320217423962,25,25,25,PASS
5149,-1.4585837687518073,18,18,18,PASS
5150,1.5947000418189512,248,248,248,PASS
5151,-0.626068641165322,80,80,80,PASS
5152,-0.14265178122615785,117,117,117,PASS
5153,-1.180526710660882,39,39,39,PASS
5154,-0.6662240474120713,77,77,77,PASS
5155,1.3664596244842124,230,230,230,PASS
5156,1.4698642557075512,238,238,238,PASS
5157,0.4212834812287405,159,159,159,PASS
5158,-1.0070769688950714,52,52,52,PASS
5159,1.5502670237930627,244,244,244,PASS
5160,0.9606927100395593,200,200,200,PASS
5161,-1.3650179641067461,25,25,25,PASS
5162,0.6235257617495471,174,174,174,PASS
5163,-0.2941915447416803,105,105,105,PASS
5164,-1.579408969845602,9,9,9,PASS
5165,-0.8596053798415875,63,63,63,PASS
5166,0.1602413843516608,140,140,140,PASS
5167,0.2509300901603575,146,146,146,PASS
5168,1.581128812387009,247,247,247,PASS
5169,-0.11275585851849868,119,119,119,PASS
5170,-0.5259320034730981,88,88,88,PASS
5171,1.3182533579623674,227,227,227,PASS
5172,0.03751851225845315,130,130,130,PASS
5173,0.15410589545191034,139,139,139,PASS
5174,-1.0328037720088892,50,50,50,PASS
5175,0.966403927581829,200,200,200,PASS
5176,0.9573459859019999,200,200,200,PASS
5177,0.19440226825023976,142,142,142,PASS
5178,-0.43988543997428864,94,94,94,PASS
5179,0.2646352694134151,147,147,147,PASS
5180,1.0959698119275008,210,210,210,PASS
5181,0.601798614780847,173,173,173,PASS
5182,1.3448507452890335,229,229,229,PASS
5183,-0.2236708209757614,111,111,111,PASS
5184,0.5202542449828347,167,167,167,PASS
5185,0.24291086713413046,146,146,146,PASS
5186,0.521601008374492,167,167,167,PASS
5187,-0.019549577961735176,126,126,126,PASS
5188,0.19208171540172825,142,142,142,PASS
5189,-0.2973839130391742,105,105,105,PASS
5190,0.11705548341411576,136,136,136,PASS
5191,-0.7612141533418315,70,70,70,PASS
5192,1.3616840778092916,230,230,230,PASS
5193,-0.5847237331249842,83,83,83,PASS
5194,1.2656505062552632,223,223,223,PASS
5195,1.1007449168790229,210,210,210,PASS
5196,0.7151740557831319,181,181,181,PASS
5197,0.3979358374809212,157,157,157,PASS
5198,1.0165194265376034,204,204,204,PASS
5199,0.8100072843830473,188,188,188,PASS
5200,0.12888956772765292,137,137,137,PASS
5201,-1.5978920614583096,7,7,7,PASS
5202,-0.15811770801980152,116,116,116,PASS
5203,-0.568416271752715,85,85,85,PASS
5204,1.6108440830301303,249,249,249,PASS
5205,-0.4878303289373729,91,91,91,PASS
5206,0.5718295101008459,171,171,171,PASS
5207,-0.8027701275732825,67,67,67,PASS
5208,1.590773139917235,247,247,247,PASS
5209,1.6162009225977154,249,249,249,PASS
5210,0.23445393254794444,145,145,145,PASS
5211,1.6812639137995424,254,254,254,PASS
5212,-0.37557227417159167,99,99,99,PASS
5213,-1.6229279703123198,5,5,5,PASS
5214,1.4545575222654377,237,237,237,PASS
5215,-0.8187649096091854,66,66,66,PASS
5216,0.18372594028586176,141,141,141,PASS
5217,1.4410540651539108,236,236,236,PASS
5218,-0.886542189806881,61,61,61,PASS
5219,0.11815326638462142,136,136,136,PASS
5220,0.16279122063689289,140,140,140,PASS
5221,0.16516949615369048,140,140,140,PASS
5222,0.41122016291420205,158,158,158,PASS
5223,-0.2504232612407793,109,109,109,PASS
5224,-0.16045532232919468,115,115,115,PASS
5225,0.6155913803411492,174,174,174,PASS
5226,1.5043018156676593,241,241,241,PASS
5227,1.4234677546303336,235,235,235,PASS
5228,-0.5060409285120959,89,89,89,PASS
5229,-0.6703514390848846,77,77,77,PASS
5230,0.03381247589510483,130,130,130,PASS
5231,1.0541392695534697,207,207,207,PASS
5232,0.8454998762145649,191,191,191,PASS
5233,-1.2433481965176325,34,34,34,PASS
5234,1.5166050867295489,242,242,242,PASS
5235,-0.23759781908177335,110,110,110,PASS
5236,-0.7824546883657001,69,69,69,PASS
5237,0.3602071552575843,155,155,155,PASS
5238,-0.40503870775464357,97,97,97,PASS
5239,0.8331052011339677,190,190,190,PASS
5240,0.8923370603282501,195,195,195,PASS
5241,1.2307873540269079,220,220,220,PASS
5242,1.0204579727655847,204,204,204,PASS
5243,1.687904882834186,255,255,255,PASS
5244,-0.9081728612961385,59,59,59,PASS
5245,0.18727185574629002,142,142,142,PASS
5246,-0.2424985747417041,109,109,109,PASS
5247,1.0636646517048118,208,208,208,PASS
5248,0.6624530053575135,177,177,177,PASS
5249,-0.049924663546210724,124,124,124,PASS
5250,0.7286789441325172,182,182,182,PASS
5251,-0.09404192050298632,120,120,120,PASS
5252,1.4736693711830327,238,238,238,PASS
5253,-0.15651542414012498,116,116,116,PASS
5254,-0.5306823248783685,88,88,88,PASS
5255,-0.02313954627195769,126,126,126,PASS
5256,-0.22414185769661987,111,111,111,PASS
5257,-0.06322788712503291,123,123,123,PASS
5258,0.767438567162195,185,185,185,PASS
5259,-0.19685016296926294,113,113,113,PASS
5260,0.007477222249247184,128,128,128,PASS
5261,-1.45560328369187,18,18,18,PASS
5262,0.888443115281041,194,194,194,PASS
5263,1.5793235249130941,246,246,246,PASS
5264,0.6840235260316583,179,179,179,PASS
5265,1.260215266384282,222,222,222,PASS
5266,-0.6074785979402364,82,82,82,PASS
5267,1.4002898246722781,233,233,233,PASS
5268,-1.400604317324476,22,22,22,PASS
5269,1.6621053232717207,253,253,253,PASS
5270,1.356061280813346,230,230,230,PASS
5271,1.6888051099276196,255,255,255,PASS
5272,-0.48906799472725737,91,91,91,PASS
5273,-1.577227573708171,9,9,9,PASS
5274,0.9403478514166836,198,198,198,PASS
5275,-1.2485908838499709,33,33,33,PASS
5276,0.8448050750018175,191,191,191,PASS
5277,-0.41972694442046543,96,96,96,PASS
5278,-1.1941242349694985,38,38,38,PASS
5279,-0.6261113690402138,80,80,80,PASS
5280,-1.3694223028459633,24,24,24,PASS
5281,-0.01463175745695744,126,126,126,PASS
5282,-0.7496190712711532,71,71,71,PASS
5283,-0.8311993745297588,65,65,65,PASS
5284,-1.6862186794332135,1,1,1,PASS
5285,0.8896785244092966,194,194,194,PASS
5286,0.9965178729967119,203,203,203,PASS
5287,0.17742011261924717,141,141,141,PASS
5288,0.2731024499215926,148,148,148,PASS
5289,0.8477021933971589,191,191,191,PASS
5290,1.5926127829330359,247,247,247,PASS
5291,1.1295831133637313,213,213,213,PASS
5292,0.17998257890537928,141,141,141,PASS
5293,1.5118915754464621,241,241,241,PASS
5294,0.5526283054517658,169,169,169,PASS
5295,-0.4705302004720424,92,92,92,PASS
5296,0.7070673531062963,181,181,181,PASS
5297,0.6693550986952104,178,178,178,PASS
5298,1.564058724668835,245,245,245,PASS
5299,0.06590060242707252,132,132,132,PASS
5300,-0.13494116348709206,117,117,117,PASS
5301,-1.6426756116614183,4,4,4,PASS
5302,0.1486793019048327,139,139,139,PASS
5303,-0.7688142028700625,70,70,70,PASS
5304,0.9549136607150681,199,199,199,PASS
5305,1.377758970087114,231,231,231,PASS
5306,1.321225875026833,227,227,227,PASS
5307,-1.395752710070684,22,22,22,PASS
5308,0.4132444110385449,159,159,159,PASS
5309,0.5528522200799959,169,169,169,PASS
5310,-0.8070845301198103,67,67,67,PASS
5311,0.0613740085497716,132,132,132,PASS
5312,0.32623265567656135,152,152,152,PASS
5313,-0.7978945537377335,67,67,67,PASS
5314,-0.26488275436548636,108,108,108,PASS
5315,1.1678996566724773,215,215,215,PASS
5316,-1.0288871657611207,50,50,50,PASS
5317,1.6949154612738673,255,255,255,PASS
5318,0.48262798292600917,164,164,164,PASS
5319,1.693209381336488,255,255,255,PASS
5320,0.1728601033259658,141,141,141,PASS
5321,0.9176402547018736,197,197,197,PASS
5322,1.1329138010990845,213,213,213,PASS
5323,-0.6804708900400434,76,76,76,PASS
5324,1.3983714712871385,233,233,233,PASS
5325,-1.3120049184934426,29,29,29,PASS
5326,0.8931308484657337,195,195,195,PASS
5327,0.006436114708335827,128,128,128,PASS
5328,1.5087605687585175,241,241,241,PASS
5329,0.08466087725685423,134,134,134,PASS
5330,0.8146346681083447,189,189,189,PASS
5331,-0.4583619696032297,93,93,93,PASS
5332,-0.5296180539265638,88,88,88,PASS
5333,0.7011770750556738,180,180,180,PASS
5334,-0.9165745409455441,58,58,58,PASS
5335,-0.7034038014684438,75,75,75,PASS
5336,0.1379063230085671,138,138,138,PASS
5337,0.9248619614309772,197,197,197,PASS
5338,0.4678316487895027,163,163,163,PASS
5339,-1.0318921909950072,50,50,50,PASS
5340,1.3956843109870969,233,233,233,PASS
5341,-0.19628684785987804,113,113,113,PASS
5342,-1.2169502740957954,36,36,36,PASS
5343,0.8224263510824936,189,189,189,PASS
5344,0.8962975385655334,195,195,195,PASS
5345,-1.5459579683406566,11,11,11,PASS
5346,1.009223362364074,203,203,203,PASS
5347,-0.17942441098760065,114,114,114,PASS
5348,-0.629669300267109,80,80,80,PASS
5349,0.5156852843053643,166,166,166,PASS
5350,0.007058396072823436,128,128,128,PASS
5351,0.6825123320024706,179,179,179,PASS
5352,1.591388086853114,247,247,247,PASS
5353,-1.085426855098486,46,46,46,PASS
5354,-0.796616089180361,68,68,68,PASS
5355,0.8351012162378575,190,190,190,PASS
5356,0.7777651619576591,186,186,186,PASS
5357,-1.2702267727901564,32,32,32,PASS
5358,-0.6368115467441453,80,80,80,PASS
5359,0.28489091680454437,149,149,149,PASS
5360,1.394812191075112,233,233,233,PASS
5361,0.9798958078123434,201,201,201,PASS
5362,1.599549572662631,248,248,248,PASS
5363,-0.14234196250458964,117,117,117,PASS
5364,1.022407300698709,204,204,204,PASS
5365,1.3754488323262677,231,231,231,PASS
5366,-0.22100060964501522,111,111,111,PASS
5367,1.4524541624243452,237,237,237,PASS
5368,-0.41022934004803036,97,97,97,PASS
5369,-0.17818098771512214,114,114,114,PASS
5370,-0.7991193626737748,67,67,67,PASS
5371,-1.430464947209848,20,20,20,PASS
5372,0.2505016634655537,146,146,146,PASS
5373,1.0766957316102441,209,209,209,PASS
5374,1.1813061741918693,216,216,216,PASS
5375,1.2927029308485414,225,225,225,PASS
5376,-1.4002423585623047,22,22,22,PASS
5377,1.1279556776867026,212,212,212,PASS
5378,0.7959598041375593,187,187,187,PASS
5379,1.3445328325499595,229,229,229,PASS
5380,-1.3159587426551282,28,28,28,PASS
5381,-0.27177582442536563,107,107,107,PASS
5382,-0.8609340027458086,63,63,63,PASS
5383,-1.3366321666657073,27,27,27,PASS
5384,0.4902876910917453,164,164,164,PASS
5385,0.5244151386153024,167,167,167,PASS
5386,1.1403650596984256,213,213,213,PASS
5387,1.6290339023026112,250,250,250,PASS
5388,-0.6654556206504416,77,77,77,PASS
5389,-1.3145973845499008,29,29,29,PASS
5390,0.021511586833333762,129,129,129,PASS
5391,1.6098252895402416,249,249,249,PASS
5392,1.5535235027249465,244,244,244,PASS
5393,-0.7254148564266549,73,73,73,PASS
5394,-0.790660252924116,68,68,68,PASS
5395,0.01570823470657068,129,129,129,PASS
5396,1.1884487091550715,217,217,217,PASS
5397,1.009886468121424,204,204,204,PASS
5398,-0.7199654487604076,73,73,73,PASS
5399,-0.2989061310786607,105,105,105,PASS
5400,-0.7312364649661808,72,72,72,PASS
5401,1.6626098031564858,253,253,253,PASS
5402,-1.6763045549613091,1,1,1,PASS
5403,-0.47654823753722586,92,92,92,PASS
5404,1.534386699073574,243,243,243,PASS
5405,0.5132323522683733,166,166,166,PASS
5406,-1.2180322717158216,36,36,36,PASS
5407,-1.589578915290979,8,8,8,PASS
5408,1.425721003220093,235,235,235,PASS
5409,0.531164996685537,167,167,167,PASS
5410,1.546101615202191,244,244,244,PASS
5411,1.2269943954056288,220,220,220,PASS
5412,-1.163641787346425,40,40,40,PASS
5413,-0.4785734413163625,91,91,91,PASS
5414,0.37571865011942074,156,156,156,PASS
5415,-0.6735540721930475,77,77,77,PASS
5416,-0.41125282780265104,97,97,97,PASS
5417,1.5504765480943872,244,244,244,PASS
5418,0.6521542684148096,177,177,177,PASS
5419,1.4024089538056594,233,233,233,PASS
5420,-0.6373603182775824,80,80,80,PASS
5421,1.3362484826144352,228,228,228,PASS
5422,-0.6350555745197666,80,80,80,PASS
5423,0.5024296563795729,165,165,165,PASS
5424,0.6830117892754235,179,179,179,PASS
5425,-0.956500909215142,55,55,55,PASS
5426,0.16316638946072715,140,140,140,PASS
5427,1.525516383326844,242,242,242,PASS
5428,0.8937053382692166,195,195,195,PASS
5429,-0.8651801627413774,62,62,62,PASS
5430,-1.104646589764696,44,44,44,PASS
5431,-1.6507218475503567,3,3,3,PASS
5432,1.2475162252468268,221,221,221,PASS
5433,-1.2927259704050271,30,30,30,PASS
5434,-1.4777164772859444,16,16,16,PASS
5435,-0.8441116320829926,64,64,64,PASS
5436,-1.666568124204263,2,2,2,PASS
5437,-0.7568741309851985,71,71,71,PASS
5438,-1.580884323804857,8,8,8,PASS
5439,-0.40847215216095467,97,97,97,PASS
5440,0.9500365875615853,199,199,199,PASS
5441,0.986724538036982,202,202,202,PASS
5442,0.41957222888307766,159,159,159,PASS
5443,-1.0666025633526979,47,47,47,PASS
5444,1.5582129819784691,245,245,245,PASS
5445,0.2164058730501246,144,144,144,PASS
5446,-1.4556751394523924,18,18,18,PASS
5447,0.5715554923335804,171,171,171,PASS
5448,1.6417355777972908,251,251,251,PASS
5449,1.4390214116942703,236,236,236,PASS
5450,-0.580912007900722,84,84,84,PASS
5451,-1.2372685679449433,34,34,34,PASS
5452,1.4541453100080755,237,237,237,PASS
5453,0.02227777499458683,129,129,129,PASS
5454,1.3154594968330209,227,227,227,PASS
5455,0.8741051149281762,193,193,193,PASS
5456,0.7101431013636132,181,181,181,PASS
5457,1.415885613039798,234,234,234,PASS
5458,1.3938628353255622,232,232,232,PASS
5459,1.6815291256895628,254,254,254,PASS
5460,-0.8231198647259793,66,66,66,PASS
5461,1.0899992507032759,210,210,210,PASS
5462,-1.5771340087048449,9,9,9,PASS
5463,1.3728480422091829,231,231,231,PASS
5464,0.5358696568287031,168,168,168,PASS
5465,0.43506326252944816,160,160,160,PASS
5466,-1.3448753496228214,26,26,26,PASS
5467,-0.46802156405965656,92,92,92,PASS
5468,-1.135089166651186,42,42,42,PASS
5469,1.4606538208407607,237,237,237,PASS
5470,0.4747533270326507,163,163,163,PASS
5471,-1.4604468815676461,18,18,18,PASS
5472,-0.36984537000133777,100,100,100,PASS
5473,-1.4624526715257686,17,17,17,PASS
5474,0.7234829111585961,182,182,182,PASS
5475,0.6844038637769827,179,179,179,PASS
5476,-1.6174087005735318,6,6,6,PASS
5477,-0.3680394269834246,100,100,100,PASS
5478,-1.46483097797054,17,17,17,PASS
5479,0.5691934054030854,170,170,170,PASS
5480,-0.384464710248952,99,99,99,PASS
5481,-0.8822582539137983,61,61,61,PASS
5482,-1.216987421145375,36,36,36,PASS
5483,0.9982941049428213,203,203,203,PASS
5484,1.6935546856148858,255,255,255,PASS
5485,-0.9239760009973973,58,58,58,PASS
5486,1.2761553731367334,224,224,224,PASS
5487,0.05921495974418289,132,132,132,PASS
5488,0.5469238774551191,169,169,169,PASS
5489,1.066555107980424,208,208,208,PASS
5490,-1.22590530714345,35,35,35,PASS
5491,-1.370329609801399,24,24,24,PASS
5492,-0.7838756234344237,68,68,68,PASS
5493,1.0403084288769924,206,206,206,PASS
5494,-1.0517531527621726,48,48,48,PASS
5495,0.9992624768927489,203,203,203,PASS
5496,0.43748683259819443,160,160,160,PASS
5497,0.3555463329704327,154,154,154,PASS
5498,-1.4096282330265262,21,21,21,PASS
5499,0.7033320325486747,180,180,180,PASS
5500,0.2933768954070759,150,150,150,PASS
5501,0.8197907560464437,189,189,189,PASS
5502,-0.5397904931348221,87,87,87,PASS
5503,0.49255368077676054,165,165,165,PASS
5504,-1.649130384923327,3,3,3,PASS
5505,-0.07325951460909441,122,122,122,PASS
5506,-0.6208287122385954,81,81,81,PASS
5507,1.5111186886318972,241,241,241,PASS
5508,0.9897980888406652,202,202,202,PASS
5509,1.6646181310190171,253,253,253,PASS
5510,-0.268864804161016,107,107,107,PASS
5511,-0.7303534155714817,73,73,73,PASS
5512,0.3894500313693465,157,157,157,PASS
5513,0.46425847594686487,162,162,162,PASS
5514,-0.7470092516186405,71,71,71,PASS
5515,0.1968999027382019,142,142,142,PASS
5516,-1.3789416540382162,24,24,24,PASS
5517,1.4823740005419632,239,239,239,PASS
5518,-1.4311802664738316,20,20,20,PASS
5519,1.5031237145102445,241,241,241,PASS
5520,0.12728148149031826,137,137,137,PASS
5521,0.6744879935578043,178,178,178,PASS
5522,0.3337201632289133,153,153,153,PASS
5523,-1.2264711773943213,35,35,35,PASS
5524,0.6452866076477417,176,176,176,PASS
5525,0.40756374270049567,158,158,158,PASS
5526,-0.8914873392043217,60,60,60,PASS
5527,0.910999719820287,196,196,196,PASS
5528,1.6024131681332043,248,248,248,PASS
5529,-0.21186971524001708,112,112,112,PASS
5530,1.0391663474740744,206,206,206,PASS
5531,-1.0627258402205397,47,47,47,PASS
5532,-0.5040129441850993,90,90,90,PASS
5533,1.4037959388278523,233,233,233,PASS
5534,-0.56249393215771,85,85,85,PASS
5535,0.3336759307198822,153,153,153,PASS
5536,-1.3560497834350351,25,25,25,PASS
5537,1.3646090457959688,230,230,230,PASS
5538,0.2879398989417108,149,149,149,PASS
5539,-1.1106519529458403,44,44,44,PASS
5540,0.4390355533518304,161,161,161,PASS
5541,1.5822808248740114,247,247,247,PASS
5542,-0.8980560688330459,60,60,60,PASS
5543,-0.8648778567110914,62,62,62,PASS
5544,-1.3798972358707682,24,24,24,PASS
5545,-0.709804900505049,74,74,74,PASS
5546,0.7949977481747925,187,187,187,PASS
5547,0.9319749885447985,198,198,198,PASS
5548,-1.01709401802772,51,51,51,PASS
5549,1.4963277123218883,240,240,240,PASS
5550,-0.0896054113212672,121,121,121,PASS
5551,1.5265555493369793,242,242,242,PASS
5552,1.545337933049164,244,244,244,PASS
5553,-0.45348118458495734,93,93,93,PASS
5554,0.3227271987518108,152,152,152,PASS
5555,-1.269520418286067,32,32,32,PASS
5556,1.5159800306101199,242,242,242,PASS
5557,1.2935098459977625,225,225,225,PASS
5558,-0.895759122887443,60,60,60,PASS
5559,1.2622704241866523,223,223,223,PASS
5560,-0.6306669826546902,80,80,80,PASS
5561,0.7662066194825761,185,185,185,PASS
5562,0.5339771804088722,168,168,168,PASS
5563,-0.881407262796425,61,61,61,PASS
5564,0.3343862833878457,153,153,153,PASS
5565,1.062752753128548,208,208,208,PASS
5566,1.5290051590091764,243,243,243,PASS
5567,1.0604611864442048,207,207,207,PASS
5568,1.49504566513114,240,240,240,PASS
5569,-0.9562384711287024,56,56,56,PASS
5570,-0.3653287234385201,100,100,100,PASS
5571,0.9316559341316755,198,198,198,PASS
5572,1.1271139890561745,212,212,212,PASS
5573,-0.2875160300519415,106,106,106,PASS
5574,-0.2393635601254871,109,109,109,PASS
5575,-1.2436945032662043,34,34,34,PASS
5576,0.6924910997205889,180,180,180,PASS
5577,-1.1544709996938258,41,41,41,PASS
5578,0.34864745287280496,154,154,154,PASS
5579,0.7211166022600037,182,182,182,PASS
5580,0.09609594266021948,135,135,135,PASS
5581,-0.287192960428303,106,106,106,PASS
5582,-0.9071999268430053,59,59,59,PASS
5583,1.1027410987262642,211,211,211,PASS
5584,0.7954817578124274,187,187,187,PASS
5585,-0.20753262978962161,112,112,112,PASS
5586,-0.069969100839262,122,122,122,PASS
5587,0.5754811896081475,171,171,171,PASS
5588,-0.8981191250986333,60,60,60,PASS
5589,-1.3531639925047116,26,26,26,PASS
5590,-1.2439144992867368,34,34,34,PASS
5591,1.12852726902413,212,212,212,PASS
5592,1.140584396008509,213,213,213,PASS
5593,-0.16878589568961933,115,115,115,PASS
5594,-1.3937395090322746,23,23,23,PASS
5595,1.07602192619436,209,209,209,PASS
5596,0.6361813923398782,175,175,175,PASS
5597,0.578859298629981,171,171,171,PASS
5598,0.7560618387040978,184,184,184,PASS
5599,0.6248670487719716,175,175,175,PASS
5600,-1.3351098788096158,27,27,27,PASS
5601,-0.5439619812535681,87,87,87,PASS
5602,-0.35704924848674247,101,101,101,PASS
5603,1.381592910494888,232,232,232,PASS
5604,-0.8850309002220912,61,61,61,PASS
5605,0.4440315558653751,161,161,161,PASS
5606,-1.6763914594242202,1,1,1,PASS
5607,-0.5853819577394981,83,83,83,PASS
5608,-0.3154139024519329,104,104,104,PASS
5609,0.08519920677699755,134,134,134,PASS
5610,1.6445106993194696,251,251,251,PASS
5611,-1.6483191366914267,3,3,3,PASS
5612,0.4447669390075515,161,161,161,PASS
5613,1.4565992265386212,237,237,237,PASS
5614,0.8064076228532431,188,188,188,PASS
5615,-0.43451274034526,95,95,95,PASS
5616,0.8018209627160611,188,188,188,PASS
5617,0.7227965514352641,182,182,182,PASS
5618,-0.5394479444188918,87,87,87,PASS
5619,-0.7784677949033094,69,69,69,PASS
5620,0.44516371243734887,161,161,161,PASS
5621,0.7617929695195766,185,185,185,PASS
5622,-0.4865452191055277,91,91,91,PASS
5623,1.3079613463711743,226,226,226,PASS
5624,0.2601583805046981,147,147,147,PASS
5625,-0.26443779029128156,108,108,108,PASS
5626,0.48121803837849586,164,164,164,PASS
5627,-0.06237668700684251,123,123,123,PASS
5628,-0.8175649593595198,66,66,66,PASS
5629,1.3176451153997013,227,227,227,PASS
5630,-1.0410017382380936,49,49,49,PASS
5631,0.4932429285197426,165,165,165,PASS
5632,1.530216956561994,243,243,243,PASS
5633,-1.5452882177680314,11,11,11,PASS
5634,-0.8047544214198485,67,67,67,PASS
5635,1.5147441110433324,242,242,242,PASS
5636,-1.2430969784962216,34,34,34,PASS
5637,0.01222637748365285,128,128,128,PASS
5638,1.583348113244295,247,247,247,PASS
5639,-1.1809444254576789,39,39,39,PASS
5640,-1.4633456509088019,17,17,17,PASS
5641,-0.7494454540404009,71,71,71,PASS
5642,-1.2017955348307305,37,37,37,PASS
5643,-1.6900001294440579,0,0,0,PASS
5644,-0.04058187226203791,124,124,124,PASS
5645,-0.07491468063744944,122,122,122,PASS
5646,1.6412170730626972,251,251,251,PASS
5647,1.4250189221453773,235,235,235,PASS
5648,-1.6917601692275168,0,0,0,PASS
5649,-0.1886126069089371,113,113,113,PASS
5650,-1.0363688727681504,49,49,49,PASS
5651,-0.4268643453777905,95,95,95,PASS
5652,-0.5101918923606796,89,89,89,PASS
5653,0.10221166661571512,135,135,135,PASS
5654,-1.3224827827763104,28,28,28,PASS
5655,1.5093912194584698,241,241,241,PASS
5656,0.1419981154169918,138,138,138,PASS
5657,-1.067453541755894,47,47,47,PASS
5658,-0.26062735385805347,108,108,108,PASS
5659,1.1522176999172886,214,214,214,PASS
5660,-0.2700778264903789,107,107,107,PASS
5661,0.09399315814473819,135,135,135,PASS
5662,1.1967705385958147,218,218,218,PASS
5663,-1.164361039372209,40,40,40,PASS
5664,1.5421960337960463,244,244,244,PASS
5665,1.5646992567077807,245,245,245,PASS
5666,-0.8254482076897116,65,65,65,PASS
5667,-0.6571435539093269,78,78,78,PASS
5668,0.4216405016429048,159,159,159,PASS
5669,1.3713441220156113,231,231,231,PASS
5670,-0.9274075451600007,58,58,58,PASS
5671,-0.27724161854467977,107,107,107,PASS
5672,1.6273949724826824,250,250,250,PASS
5673,1.5946055897800073,248,248,248,PASS
5674,0.7029540536746726,180,180,180,PASS
5675,-0.18061584169646538,114,114,114,PASS
5676,-0.6688446660427425,77,77,77,PASS
5677,1.5403359869860351,243,243,243,PASS
5678,0.020090952369796522,129,129,129,PASS
5679,1.3019919960535364,226,226,226,PASS
5680,1.0717258916136665,208,208,208,PASS
5681,-0.18003418372578883,114,114,114,PASS
5682,-1.2901410448415667,30,30,30,PASS
5683,-0.24999766343014596,109,109,109,PASS
5684,0.9622590678451479,200,200,200,PASS
5685,1.6380160809148554,251,251,251,PASS
5686,-0.16103227847929436,115,115,115,PASS
5687,1.23384842828582,220,220,220,PASS
5688,-0.810174170211649,66,66,66,PASS
5689,1.382183687270315,232,232,232,PASS
5690,-0.7094179765686799,74,74,74,PASS
5691,-0.3585472155793994,101,101,101,PASS
5692,0.7861236896314454,187,187,187,PASS
5693,1.2169954340925988,219,219,219,PASS
5694,-1.007239360257297,52,52,52,PASS
5695,0.11735675419564218,136,136,136,PASS
5696,0.11253024767715791,136,136,136,PASS
5697,1.2900167999184748,225,225,225,PASS
5698,0.24653585700389602,146,146,146,PASS
5699,-0.6817075603366352,76,76,76,PASS
5700,-1.278716583772257,31,31,31,PASS
5701,-0.0873078831819385,121,121,121,PASS
5702,-1.5007712374508473,15,15,15,PASS
5703,1.2530333965464833,222,222,222,PASS
5704,-0.05816252161014579,123,123,123,PASS
5705,0.12463592171104954,137,137,137,PASS
5706,-0.8222138281029967,66,66,66,PASS
5707,1.1237282218867068,212,212,212,PASS
5708,0.9204005950544569,197,197,197,PASS
5709,-1.149442685705806,41,41,41,PASS
5710,1.477952821315798,239,239,239,PASS
5711,-0.39704092170426586,98,98,98,PASS
5712,-1.1793240440692674,39,39,39,PASS
5713,-1.359092013057169,25,25,25,PASS
5714,0.7092366343038978,181,181,181,PASS
5715,-0.8582244923369103,63,63,63,PASS
5716,0.6892758900020104,179,179,179,PASS
5717,0.83578061950885,190,190,190,PASS
5718,-1.6692453148122968,2,2,2,PASS
5719,1.1859874176634875,217,217,217,PASS
5720,1.0260070134422399,205,205,205,PASS
5721,-0.29540126065391803,105,105,105,PASS
5722,0.8002692498670323,188,188,188,PASS
5723,0.010918699851384384,128,128,128,PASS
5724,0.18993194948383652,142,142,142,PASS
5725,-1.1273502768419512,43,43,43,PASS
5726,4.9641884336315556e-05,128,128,128,PASS
5727,-1.09342360774526,45,45,45,PASS
5728,1.083696998421986,209,209,209,PASS
5729,-1.2103666065610263,36,36,36,PASS
5730,0.10242320300021435,135,135,135,PASS
5731,1.0479315100293747,206,206,206,PASS
5732,1.434051643135536,235,235,235,PASS
5733,0.42817700937999015,160,160,160,PASS
5734,-0.24926793225955612,109,109,109,PASS
5735,-0.05705384741110109,123,123,123,PASS
5736,1.4053604472291317,233,233,233,PASS
5737,1.1427994458392725,214,214,214,PASS
5738,0.03443406295125029,130,130,130,PASS
5739,1.4363097698006888,236,236,236,PASS
5740,-0.7326760611503145,72,72,72,PASS
5741,-1.4224256272528426,20,20,20,PASS
5742,1.6317898361695164,250,250,250,PASS
5743,1.2140403276797753,219,219,219,PASS
5744,0.24307457275680044,146,146,146,PASS
5745,-1.5685102766793442,9,9,9,PASS
5746,0.5950173342751277,172,172,172,PASS
5747,0.5277882512198204,167,167,167,PASS
5748,-1.1942595627790773,38,38,38,PASS
5749,-0.9430533921527794,56,56,56,PASS
5750,-0.7464212696818184,71,71,71,PASS
5751,1.43321713539212,235,235,235,PASS
5752,-1.4529972317534823,18,18,18,PASS
5753,-1.4259857990218485,20,20,20,PASS
5754,-0.7836889980059106,68,68,68,PASS
5755,-0.13969103126207472,117,117,117,PASS
5756,-0.37935855801068996,99,99,99,PASS
5757,-0.45339385449268343,93,93,93,PASS
5758,0.44233663004086643,161,161,161,PASS
5759,-0.5246819150716553,88,88,88,PASS
5760,0.22503910715712316,144,144,144,PASS
5761,0.044274738687119175,131,131,131,PASS
5762,-0.3769608928821775,99,99,99,PASS
5763,-1.076211167377396,46,46,46,PASS
5764,-1.2390145379054593,34,34,34,PASS
5765,-0.7067760840702747,74,74,74,PASS
5766,1.3274368513752794,227,227,227,PASS
5767,1.6409325070414698,251,251,251,PASS
5768,-1.3410656219688344,27,27,27,PASS
5769,1.4288473995845938,235,235,235,PASS
5770,-0.6749900565588864,77,77,77,PASS
5771,-0.929522862955759,58,58,58,PASS
5772,-1.3808586192288481,24,24,24,PASS
5773,-1.040278157183622,49,49,49,PASS
5774,-1.3133414701907768,29,29,29,PASS
5775,-0.686156188095252,76,76,76,PASS
5776,1.616446316856982,249,249,249,PASS
5777,1.388919617998014,232,232,232,PASS
5778,1.0183675664504868,204,204,204,PASS
5779,0.8744159662358093,193,193,193,PASS
5780,-0.09209625562580959,121,121,121,PASS
5781,-0.7258161480719965,73,73,73,PASS
5782,-0.26877592655297833,107,107,107,PASS
5783,0.3849010920398708,156,156,156,PASS
5784,0.06784125211446734,133,133,133,PASS
5785,0.13668579551894378,138,138,138,PASS
5786,-0.6057029077525271,82,82,82,PASS
5787,-1.1746962224311968,39,39,39,PASS
5788,0.40196902154030023,158,158,158,PASS
5789,0.7131532502987701,181,181,181,PASS
5790,1.6727974555510705,253,253,253,PASS
5791,1.1993739371683476,218,218,218,PASS
5792,0.45155554776066276,161,161,161,PASS
5793,0.1623704983440053,140,140,140,PASS
5794,-1.1332224982114851,42,42,42,PASS
5795,0.3650642562412638,155,155,155,PASS
5796,-1.5934187399602404,8,8,8,PASS
5797,-0.5377811076217347,87,87,87,PASS
5798,-1.3647364643950581,25,25,25,PASS
5799,1.660141583686072,252,252,252,PASS
5800,0.897749393367212,195,195,195,PASS
5801,-0.8397399557231244,64,64,64,PASS
5802,1.108208385512356,211,211,211,PASS
5803,-0.35131273563437215,101,101,101,PASS
5804,-0.545770603909659,86,86,86,PASS
5805,0.4887789054301115,164,164,164,PASS
5806,-0.8762199429474112,62,62,62,PASS
5807,-1.4957543750781164,15,15,15,PASS
5808,0.05223243800527211,131,131,131,PASS
5809,1.263796794054037,223,223,223,PASS
5810,-0.8603009178946914,63,63,63,PASS
5811,-0.12975436964032494,118,118,118,PASS
5812,-1.478238102227768,16,16,16,PASS
5813,1.6414249697040761,251,251,251,PASS
5814,-1.2761875326834409,31,31,31,PASS
5815,0.8441834547492737,191,191,191,PASS
5816,-0.4733632964574841,92,92,92,PASS
5817,-1.416055718487005,21,21,21,PASS
5818,1.372155365580342,231,231,231,PASS
5819,-1.3380615023322375,27,27,27,PASS
5820,-1.475459165909931,16,16,16,PASS
5821,-0.4173453944546408,96,96,96,PASS
5822,-1.1641186620705901,40,40,40,PASS
5823,0.6910748669340159,180,180,180,PASS
5824,1.4073914945720138,233,233,233,PASS
5825,-1.1022141747015561,45,45,45,PASS
5826,0.9297117892387747,198,198,198,PASS
5827,0.01572009909211025,129,129,129,PASS
5828,-1.3278246857607572,28,28,28,PASS
5829,-0.21640923606601925,111,111,111,PASS
5830,0.22538906951985727,144,144,144,PASS
5831,-0.7466914766390284,71,71,71,PASS
5832,-1.292551345092018,30,30,30,PASS
5833,0.24783098009471383,146,146,146,PASS
5834,1.171472862840839,216,216,216,PASS
5835,-0.480884722980909,91,91,91,PASS
5836,-1.4848247544408577,16,16,16,PASS
5837,0.3863290472666365,157,157,157,PASS
5838,1.4972218336379794,240,240,240,PASS
5839,1.6189530297323202,249,249,249,PASS
5840,1.1695036563375913,216,216,216,PASS
5841,-1.3549872941377976,25,25,25,PASS
5842,-0.005203255918367455,127,127,127,PASS
5843,0.03763941481135036,130,130,130,PASS
5844,-1.2029152817023385,37,37,37,PASS
5845,-1.4407767544136387,19,19,19,PASS
5846,0.44501029490687904,161,161,161,PASS
5847,-1.47521972782779,16,16,16,PASS
5848,1.3253204961712617,227,227,227,PASS
5849,-0.09441420559490399,120,120,120,PASS
5850,-1.3187921942324063,28,28,28,PASS
5851,-0.4479290568218999,94,94,94,PASS
5852,0.5567477542325079,169,169,169,PASS
5853,-0.9140124900688161,59,59,59,PASS
5854,-0.9419261398349251,57,57,57,PASS
5855,-0.4985580126005933,90,90,90,PASS
5856,-1.0829517102639932,46,46,46,PASS
5857,-1.6160160719680352,6,6,6,PASS
5858,1.6427774343334203,251,251,251,PASS
5859,0.5760032863720961,171,171,171,PASS
5860,1.1760724176145272,216,216,216,PASS
5861,0.5258985639066249,167,167,167,PASS
5862,-0.9014830576366732,60,60,60,PASS
5863,0.5076419971345538,166,166,166,PASS
5864,-0.01197598335270178,127,127,127,PASS
5865,-0.892006666187714,60,60,60,PASS
5866,-0.2817222933513859,106,106,106,PASS
5867,-0.3946099331257442,98,98,98,PASS
5868,1.649274288759681,252,252,252,PASS
5869,1.2235598376540462,220,220,220,PASS
5870,-0.9023492571543758,60,60,60,PASS
5871,-1.586942346011518,8,8,8,PASS
5872,0.3576302235267004,154,154,154,PASS
5873,-1.637008221251705,4,4,4,PASS
5874,1.4592323724561906,237,237,237,PASS
5875,1.6733946565857816,253,253,253,PASS
5876,-0.1249049669438076,118,118,118,PASS
5877,-1.257061864114676,33,33,33,PASS
5878,0.5272474261828004,167,167,167,PASS
5879,1.278651419910364,224,224,224,PASS
5880,0.33476043936906197,153,153,153,PASS
5881,1.0394532071560787,206,206,206,PASS
5882,0.880099799920641,194,194,194,PASS
5883,-1.2934670573560119,30,30,30,PASS
5884,0.33461794908398423,153,153,153,PASS
5885,-0.5473862757831347,86,86,86,PASS
5886,1.5303266265224138,243,243,243,PASS
5887,0.881182280672385,194,194,194,PASS
5888,-1.358925422808338,25,25,25,PASS
5889,-0.5935644934505317,83,83,83,PASS
5890,-0.22145625854265627,111,111,111,PASS
5891,1.5995347448960648,248,248,248,PASS
5892,0.8302978825438141,190,190,190,PASS
5893,1.1288937232858227,212,212,212,PASS
5894,-1.082332087024593,46,46,46,PASS
5895,0.2405450831389777,146,146,146,PASS
5896,0.7747750812449892,186,186,186,PASS
5897,-0.689076603896998,76,76,76,PASS
5898,1.5168959369774073,242,242,242,PASS
5899,-0.8997439009469627,60,60,60,PASS
5900,1.2060702165627688,218,218,218,PASS
5901,0.9786945690818236,201,201,201,PASS
5902,1.502206161325496,241,241,241,PASS
5903,1.0692420455353842,208,208,208,PASS
5904,0.5566932338241226,169,169,169,PASS
5905,0.4296258200798506,160,160,160,PASS
5906,-1.0646183376301979,47,47,47,PASS
5907,-1.391296186784531,23,23,23,PASS
5908,-0.2842156385648733,106,106,106,PASS
5909,-0.3127575024571039,104,104,104,PASS
5910,-0.6110011687887678,81,81,81,PASS
5911,-0.2807248921222327,106,106,106,PASS
5912,-0.48391211232089204,91,91,91,PASS
5913,-1.0961952857026347,45,45,45,PASS
5914,0.6489189811103644,176,176,176,PASS
5915,-0.8116900348974471,66,66,66,PASS
5916,-0.16662177104245046,115,115,115,PASS
5917,1.0688483798598833,208,208,208,PASS
5918,-1.3300804977908258,27,27,27,PASS
5919,1.255701800642768,222,222,222,PASS
5920,1.562586149752972,245,245,245,PASS
5921,0.27625320868637915,148,148,148,PASS
5922,0.1588959412344102,139,139,139,PASS
5923,-0.6437988331454598,79,79,79,PASS
5924,-1.6427562649778924,4,4,4,PASS
5925,0.45525037475059116,162,162,162,PASS
5926,-1.674236307102968,1,1,1,PASS
5927,1.6230220765850254,250,250,250,PASS
5928,-1.3197347437162281,28,28,28,PASS
5929,0.9433023784277761,199,199,199,PASS
5930,-1.649508583984614,3,3,3,PASS
5931,1.4566831937197546,237,237,237,PASS
5932,-1.6530579512849657,3,3,3,PASS
5933,-0.2804217136596312,106,106,106,PASS
5934,-1.3626873451862194,25,25,25,PASS
5935,-0.09229126093389062,121,121,121,PASS
5936,1.013664657837259,204,204,204,PASS
5937,-0.6894989156645741,76,76,76,PASS
5938,-0.7926177333211887,68,68,68,PASS
5939,0.0022391774661882913,128,128,128,PASS
5940,0.9713085600639284,201,201,201,PASS
5941,0.5977930685020512,173,173,173,PASS
5942,0.868420005521197,193,193,193,PASS
5943,0.9234314827198877,197,197,197,PASS
5944,1.128531903438496,212,212,212,PASS
5945,0.1190460123916468,136,136,136,PASS
5946,0.20244564536415655,143,143,143,PASS
5947,0.6409365788722308,176,176,176,PASS
5948,0.29390666274288657,150,150,150,PASS
5949,-0.5444906299175918,87,87,87,PASS
5950,-0.566903171714001,85,85,85,PASS
5951,-1.6885545529899166,0,0,0,PASS
5952,1.4769950258605922,239,239,239,PASS
5953,0.032886330659392504,130,130,130,PASS
5954,-1.4352948132176175,19,19,19,PASS
5955,1.360038150883612,230,230,230,PASS
5956,0.5667994392164439,170,170,170,PASS
5957,1.6019492175968708,248,248,248,PASS
5958,-1.1759479919845601,39,39,39,PASS
5959,-0.3612893359305218,100,100,100,PASS
5960,-0.8921166907646916,60,60,60,PASS
5961,-0.4741252825362905,92,92,92,PASS
5962,-0.9758001245042395,54,54,54,PASS
5963,-1.1498678291331008,41,41,41,PASS
5964,0.42219085917065136,159,159,159,PASS
5965,-1.3886612256959712,23,23,23,PASS
5966,-0.5406532147264242,87,87,87,PASS
5967,-0.19809540996239883,113,113,113,PASS
5968,1.6162057302156054,249,249,249,PASS
5969,0.2696961716921098,148,148,148,PASS
5970,-0.7192871680169307,73,73,73,PASS
5971,-0.720116016850627,73,73,73,PASS
5972,1.1025484703471056,211,211,211,PASS
5973,0.9422116153874109,198,198,198,PASS
5974,0.19315446114938184,142,142,142,PASS
5975,0.5288205024412511,167,167,167,PASS
5976,0.07539712693050715,133,133,133,PASS
5977,1.6798112031226087,254,254,254,PASS
5978,1.6594845218651735,252,252,252,PASS
5979,1.3030076441207405,226,226,226,PASS
5980,0.4202431460961191,159,159,159,PASS
5981,-1.3406294444364175,27,27,27,PASS
5982,0.38282047542625697,156,156,156,PASS
5983,0.6831896091635221,179,179,179,PASS
5984,-0.34036456688373895,102,102,102,PASS
5985,0.6170072683519912,174,174,174,PASS
5986,-1.5434175462225754,11,11,11,PASS
5987,-0.41040409068103534,97,97,97,PASS
5988,-1.5852120920609043,8,8,8,PASS
5989,0.12484156094284904,137,137,137,PASS
5990,-1.026910350510064,50,50,50,PASS
5991,-1.2767781985057791,31,31,31,PASS
5992,1.0237055193747147,205,205,205,PASS
5993,1.070861940312961,208,208,208,PASS
5994,1.0623708707179633,207,207,207,PASS
5995,0.37069635105389165,155,155,155,PASS
5996,-0.6370204580007974,80,80,80,PASS
5997,-1.607096967008038,6,6,6,PASS
5998,-0.9000441028502087,60,60,60,PASS
5999,1.5278599412178295,243,243,243,PASS
6000,-0.19086057526686062,113,113,113,PASS
6001,0.6197167227357137,174,174,174,PASS
6002,0.35008165121255996,154,154,154,PASS
6003,1.1179685281267233,212,212,212,PASS
6004,0.4224545074468147,159,159,159,PASS
6005,0.6598859483386386,177,177,177,PASS
6006,-0.029944027427676545,125,125,125,PASS
6007,-1.6006645623667033,7,7,7,PASS
6008,0.3553075085867452,154,154,154,PASS
6009,0.41119651342443997,158,158,158,PASS
6010,1.29215714494829,225,225,225,PASS
6011,0.5982245505462604,173,173,173,PASS
6012,0.13540796840819946,138,138,138,PASS
6013,0.2579179396252258,147,147,147,PASS
6014,0.05103500127687077,131,131,131,PASS
6015,0.9189768292736191,197,197,197,PASS
6016,0.6876598212456122,179,179,179,PASS
6017,0.31030798510502966,151,151,151,PASS
6018,-0.3441175310189575,102,102,102,PASS
6019,0.8912893944306253,195,195,195,PASS
6020,0.108612437770929,136,136,136,PASS
6021,-0.8503378898314561,63,63,63,PASS
6022,-0.553117509370683,86,86,86,PASS
6023,-1.4350681936293226,19,19,19,PASS
6024,-1.2845577493405282,31,31,31,PASS
6025,1.3272308548094485,227,227,227,PASS
6026,0.9455806519037633,199,199,199,PASS
6027,-0.9250597345154212,58,58,58,PASS
6028,-1.610711899567283,6,6,6,PASS
6029,-1.5043882482517077,14,14,14,PASS
6030,-1.0395323407493864,49,49,49,PASS
6031,1.1092803232079096,211,211,211,PASS
6032,-1.2829380737533722,31,31,31,PASS
6033,-1.1247383923486245,43,43,43,PASS
6034,0.7686401148827555,185,185,185,PASS
6035,1.1533954780708837,214,214,214,PASS
6036,1.2048679270848985,218,218,218,PASS
6037,1.5852196343974738,247,247,247,PASS
6038,0.45004898531743964,161,161,161,PASS
6039,0.7392978438791695,183,183,183,PASS
6040,1.439822624246567,236,236,236,PASS
6041,1.4947309830012767,240,240,240,PASS
6042,-1.6806890204071263,1,1,1,PASS
6043,0.8103582160581586,189,189,189,PASS
6044,0.556115643870841,169,169,169,PASS
6045,1.1977520017197063,218,218,218,PASS
6046,-0.9565224164742173,55,55,55,PASS
6047,0.8294735357886542,190,190,190,PASS
6048,1.3423492047035943,229,229,229,PASS
6049,-1.4919627192682998,15,15,15,PASS
6050,-0.853914371073441,63,63,63,PASS
6051,-0.08910826452396825,121,121,121,PASS
6052,1.2763082694744663,224,224,224,PASS
6053,1.3640827677465779,230,230,230,PASS
6054,-0.5071893219065156,89,89,89,PASS
6055,1.5479417177047858,244,244,244,PASS
6056,1.2713456688727367,223,223,223,PASS
6057,-0.653743696294242,78,78,78,PASS
6058,1.4641251692895463,238,238,238,PASS
6059,-1.244452809106098,34,34,34,PASS
6060,-0.7377737122252828,72,72,72,PASS
6061,0.35648484121985224,154,154,154,PASS
6062,-1.2801166109510802,31,31,31,PASS
6063,-0.15127465474123758,116,116,116,PASS
6064,0.9589107959510412,200,200,200,PASS
6065,-1.3091563368920012,29,29,29,PASS
6066,0.7402134758398475,183,183,183,PASS
6067,1.3024874977174237,226,226,226,PASS
6068,1.365829571835355,230,230,230,PASS
6069,0.9572741992062681,200,200,200,PASS
6070,0.6111706511117168,174,174,174,PASS
6071,0.9726516492671708,201,201,201,PASS
6072,-1.2850142393369475,31,31,31,PASS
6073,0.20923390961945199,143,143,143,PASS
6074,1.5596595933274469,245,245,245,PASS
6075,1.552905946287497,244,244,244,PASS
6076,0.32890522142149625,152,152,152,PASS
6077,0.38741255281675957,157,157,157,PASS
6078,0.32449367159806486,152,152,152,PASS
6079,-0.19884661753952315,113,113,113,PASS
6080,-0.7141854790776104,74,74,74,PASS
6081,-0.8706974213713838,62,62,62,PASS
6082,-0.10923427173347644,119,119,119,PASS
6083,-0.9691120970417287,55,55,55,PASS
6084,-0.9035997551093141,59,59,59,PASS
6085,-1.4022336785866365,22,22,22,PASS
6086,-0.17871705659477755,114,114,114,PASS
6087,0.3222083909300404,152,152,152,PASS
6088,0.06582854466248045,132,132,132,PASS
6089,-1.2062017474054638,37,37,37,PASS
6090,1.1372526421934672,213,213,213,PASS
6091,0.6008458533838905,173,173,173,PASS
6092,0.41743352695924796,159,159,159,PASS
6093,-1.023207328593151,50,50,50,PASS
6094,0.8024503686969979,188,188,188,PASS
6095,0.6983146414560919,180,180,180,PASS
6096,-0.224700618273185,111,111,111,PASS
6097,0.6405513049012581,176,176,176,PASS
6098,-0.8515871850119213,63,63,63,PASS
6099,0.234167942700358,145,145,145,PASS
6100,-0.2995221849944283,105,105,105,PASS
6101,-0.05253229059946363,124,124,124,PASS
6102,-0.041956927742867745,124,124,124,PASS
6103,-0.33126812221389645,103,103,103,PASS
6104,-0.8891200202437236,61,61,61,PASS
6105,-0.19640613132519436,113,113,113,PASS
6106,0.81109072865138,189,189,189,PASS
6107,0.38467527786278466,156,156,156,PASS
6108,0.3003330887012752,150,150,150,PASS
6109,-0.19132103192669403,113,113,113,PASS
6110,1.3445940125888047,229,229,229,PASS
6111,-0.9523763870067847,56,56,56,PASS
6112,0.7934625971224512,187,187,187,PASS
6113,-0.2538367154597789,108,108,108,PASS
6114,-1.677095543884395,1,1,1,PASS
6115,-0.35609689469416983,101,101,101,PASS
6116,0.4307706072885551,160,160,160,PASS
6117,1.6216476731535059,250,250,250,PASS
6118,1.2305943216543256,220,220,220,PASS
6119,1.0406478745611947,206,206,206,PASS
6120,1.5870035973831234,247,247,247,PASS
6121,0.30623217392434854,151,151,151,PASS
6122,-1.6471178388893133,3,3,3,PASS
6123,-0.892515112091608,60,60,60,PASS
6124,1.087513788178797,209,209,209,PASS
6125,-0.4639610359800779,93,93,93,PASS
6126,1.0468774125246927,206,206,206,PASS
6127,-0.49102700987982084,91,91,91,PASS
6128,-0.9378936369525015,57,57,57,PASS
6129,-0.4805781569536949,91,91,91,PASS
6130,-1.0635104548289456,47,47,47,PASS
6131,-1.1994580663935062,37,37,37,PASS
6132,-0.16796570204966565,115,115,115,PASS
6133,1.6215242683232127,250,250,250,PASS
6134,1.4763022068550649,239,239,239,PASS
6135,0.8897949151380338,194,194,194,PASS
6136,0.8532285609371024,192,192,192,PASS
6137,0.49381393041810084,165,165,165,PASS
6138,0.7681211745449514,185,185,185,PASS
6139,-0.5189005704440015,88,88,88,PASS
6140,1.2742380461117266,223,223,223,PASS
6141,0.9635262948745333,200,200,200,PASS
6142,0.9689645506734699,200,200,200,PASS
6143,-0.21403302876303032,111,111,111,PASS
6144,-0.31163339551494795,104,104,104,PASS
6145,1.2584142955543187,222,222,222,PASS
6146,1.4735083285429844,238,238,238,PASS
6147,1.3007135993605166,225,225,225,PASS
6148,0.1514927660831371,139,139,139,PASS
6149,-1.1756057288981658,39,39,39,PASS
6150,0.28068525180220094,149,149,149,PASS
6151,-0.9177324107234143,58,58,58,PASS
6152,1.2730680386627797,223,223,223,PASS
6153,1.5028828655204036,241,241,241,PASS
6154,0.2831108511424012,149,149,149,PASS
6155,0.528368110024606,167,167,167,PASS
6156,-1.193133586834088,38,38,38,PASS
6157,-0.8857687492839437,61,61,61,PASS
6158,1.3363245650135165,228,228,228,PASS
6159,1.0405313939496466,206,206,206,PASS
6160,0.963284807400661,200,200,200,PASS
6161,-1.4708996732775335,17,17,17,PASS
6162,-1.1238614834218144,43,43,43,PASS
6163,0.60843077992238,173,173,173,PASS
6164,0.6824316331845017,179,179,179,PASS
6165,-0.4018946301578925,97,97,97,PASS
6166,-0.6111207142889477,81,81,81,PASS
6167,0.30210816334717117,150,150,150,PASS
6168,-1.3722782144119088,24,24,24,PASS
6169,-0.49616979561631935,90,90,90,PASS
6170,0.044863564807013256,131,131,131,PASS
6171,-0.897298122220365,60,60,60,PASS
6172,-1.532091857748865,12,12,12,PASS
6173,0.1309332599591171,137,137,137,PASS
6174,-0.9486876924988626,56,56,56,PASS
6175,-0.2658878896603818,107,107,107,PASS
6176,-1.1802955710721734,39,39,39,PASS
6177,0.37169523391146053,155,155,155,PASS
6178,-0.7842839039435203,68,68,68,PASS
6179,-0.9890307959955097,53,53,53,PASS
6180,1.6397315245740585,251,251,251,PASS
6181,-1.2493804755346078,33,33,33,PASS
6182,1.4640199126073206,238,238,238,PASS
6183,-0.13484373136416505,117,117,117,PASS
6184,0.4265455057781524,160,160,160,PASS
6185,1.2517765799566127,222,222,222,PASS
6186,-0.22310149047306305,111,111,111,PASS
6187,0.2945725762420093,150,150,150,PASS
6188,-1.5087904205151468,14,14,14,PASS
6189,1.6464009035797564,251,251,251,PASS
6190,-1.6984524395463794,0,0,0,PASS
6191,1.4769678410068041,239,239,239,PASS
6192,-0.07693594469110288,122,122,122,PASS
6193,0.9798446570894053,201,201,201,PASS
6194,0.5789363542299639,171,171,171,PASS
6195,0.6847589656382886,179,179,179,PASS
6196,0.7997818823300109,188,188,188,PASS
6197,-0.9363970359817047,57,57,57,PASS
6198,0.33970934970704625,153,153,153,PASS
6199,-0.9246430636381555,58,58,58,PASS
6200,-1.5445265690277568,11,11,11,PASS
6201,-0.6608855001012932,78,78,78,PASS
6202,-0.5939526455960562,83,83,83,PASS
6203,1.6212996480453767,250,250,250,PASS
6204,-0.9672550836564784,55,55,55,PASS
6205,-1.5932838987064655,8,8,8,PASS
6206,1.3112930454594223,226,226,226,PASS
6207,-0.018202632929804397,126,126,126,PASS
6208,-1.3911263540741952,23,23,23,PASS
6209,-0.9510565783871073,56,56,56,PASS
6210,1.6129272049200194,249,249,249,PASS
6211,-1.0728500064235884,47,47,47,PASS
6212,-0.3937789860805321,98,98,98,PASS
6213,1.356547204772611,230,230,230,PASS
6214,1.5989270763474,248,248,248,PASS
6215,1.6299986658282293,250,250,250,PASS
6216,-1.443936117347277,19,19,19,PASS
6217,-1.5853329265923581,8,8,8,PASS
6218,1.2474294290686692,221,221,221,PASS
6219,1.06593428760689,208,208,208,PASS
6220,-0.787824134348655,68,68,68,PASS
6221,-0.9463386891556995,56,56,56,PASS
6222,-1.6014933420970838,7,7,7,PASS
6223,0.434697789601566,160,160,160,PASS
6224,-0.12392497006893355,118,118,118,PASS
6225,1.3468705915960746,229,229,229,PASS
6226,-0.32102036134305467,103,103,103,PASS
6227,0.14912779798366538,139,139,139,PASS
6228,-0.0018732522091449155,127,127,127,PASS
6229,-0.3876697185557485,98,98,98,PASS
6230,-0.33771858504216756,102,102,102,PASS
6231,0.02443913465934222,129,129,129,PASS
6232,1.5499605128278595,244,244,244,PASS
6233,1.648170810036355,252,252,252,PASS
6234,-0.37728322892088184,99,99,99,PASS
6235,0.5407505091586449,168,168,168,PASS
6236,1.1119067892184942,211,211,211,PASS
6237,-1.4624781453200868,17,17,17,PASS
6238,0.22728576357285668,145,145,145,PASS
6239,1.3418930916948708,229,229,229,PASS
6240,0.3684727275591959,155,155,155,PASS
6241,0.40375166512455896,158,158,158,PASS
6242,0.22951254700702495,145,145,145,PASS
6243,-0.4513957121835892,94,94,94,PASS
6244,-0.8681332490482851,62,62,62,PASS
6245,0.5054430512277992,166,166,166,PASS
6246,0.14614626689660204,139,139,139,PASS
6247,0.9029189274648217,195,195,195,PASS
6248,-1.180013121961031,39,39,39,PASS
6249,1.1228985303399825,212,212,212,PASS
6250,-1.0752467398598504,47,47,47,PASS
6251,-1.396919315816513,22,22,22,PASS
6252,0.29646023120846077,150,150,150,PASS
6253,0.44725723380070215,161,161,161,PASS
6254,-0.08153218779687577,121,121,121,PASS
6255,-1.2472668325007348,34,34,34,PASS
6256,-0.2123981224692293,112,112,112,PASS
6257,1.1918564023988714,217,217,217,PASS
6258,-1.5628424969381802,10,10,10,PASS
6259,-0.8939318482696349,60,60,60,PASS
6260,-0.6740787996097279,77,77,77,PASS
6261,-1.455036448060682,18,18,18,PASS
6262,0.6422582088212889,176,176,176,PASS
6263,0.019409663366334762,129,129,129,PASS
6264,0.1571673529340396,139,139,139,PASS
6265,-0.05416857587118318,123,123,123,PASS
6266,0.19117374104893892,142,142,142,PASS
6267,0.4033107678808088,158,158,158,PASS
6268,-1.524594171238354,13,13,13,PASS
6269,0.548771356279053,169,169,169,PASS
6270,1.250316296204277,222,222,222,PASS
6271,-1.0505545851338955,48,48,48,PASS
6272,-0.9774555986464146,54,54,54,PASS
6273,-1.4386934698711245,19,19,19,PASS
6274,-1.2654173212287032,32,32,32,PASS
6275,-0.9442884398160701,56,56,56,PASS
6276,-0.5085949935452758,89,89,89,PASS
6277,-0.4787074649368215,91,91,91,PASS
6278,-1.398195933053049,22,22,22,PASS
6279,0.9908828594413566,202,202,202,PASS
6280,-0.27553103602325124,107,107,107,PASS
6281,0.3515755177488622,154,154,154,PASS
6282,-0.3177851594346246,104,104,104,PASS
6283,-0.2855704365910492,106,106,106,PASS
6284,-1.2288866904469844,35,35,35,PASS
6285,-0.1749167849085238,114,114,114,PASS
6286,-0.14905119251060528,116,116,116,PASS
6287,-0.6562803107197477,78,78,78,PASS
6288,0.21496000878212684,144,144,144,PASS
6289,-1.4778298276656328,16,16,16,PASS
6290,0.7433507989760046,183,183,183,PASS
6291,-1.2756093835276299,31,31,31,PASS
6292,-0.07034175249594221,122,122,122,PASS
6293,-0.7100117761735166,74,74,74,PASS
6294,-0.10689871796523431,119,119,119,PASS
6295,-1.3067411254312924,29,29,29,PASS
6296,0.7591711116601478,185,185,185,PASS
6297,-1.3010490231288598,30,30,30,PASS
6298,0.6917066729322838,180,180,180,PASS
6299,-0.4024255994875181,97,97,97,PASS
6300,-1.1535605079478426,41,41,41,PASS
6301,-1.6647246321306857,2,2,2,PASS
6302,-0.42163511236575757,96,96,96,PASS
6303,0.7431546352776108,183,183,183,PASS
6304,-0.11937132090414226,119,119,119,PASS
6305,-0.6000326852349172,82,82,82,PASS
6306,0.8977542846046036,195,195,195,PASS
6307,-1.1161959667710328,43,43,43,PASS
6308,1.371255841482393,231,231,231,PASS
6309,-1.3988507681514184,22,22,22,PASS
6310,0.7135508449753625,181,181,181,PASS
6311,0.3947210527750362,157,157,157,PASS
6312,-0.6773476181160383,76,76,76,PASS
6313,0.752117966887661,184,184,184,PASS
6314,0.1618556395649544,140,140,140,PASS
6315,1.0615486245075865,207,207,207,PASS
6316,-0.1476005499346682,116,116,116,PASS
6317,0.14136342314670225,138,138,138,PASS
6318,0.4366772373207912,160,160,160,PASS
6319,-1.4690868900670344,17,17,17,PASS
6320,-1.2888740598848007,30,30,30,PASS
6321,-1.2417990132828693,34,34,34,PASS
6322,0.5716712549225258,171,171,171,PASS
6323,1.1592676739044683,215,215,215,PASS
6324,-0.713980306050627,74,74,74,PASS
6325,0.7437090365420429,183,183,183,PASS
6326,-0.8570748360982634,63,63,63,PASS
6327,0.20043287115768793,143,143,143,PASS
6328,0.9562976097779912,200,200,200,PASS
6329,0.4764518921235237,163,163,163,PASS
6330,1.0954014976186996,210,210,210,PASS
6331,-1.4972644709058982,15,15,15,PASS
6332,-0.2399789672193282,109,109,109,PASS
6333,1.2821283493649285,224,224,224,PASS
6334,-0.6556411653124066,78,78,78,PASS
6335,1.2110617681982456,219,219,219,PASS
6336,-0.8534279492249774,63,63,63,PASS
6337,0.1100107360095266,136,136,136,PASS
6338,0.2463794977535827,146,146,146,PASS
6339,-0.2380729629336329,110,110,110,PASS
6340,0.4647294340127528,162,162,162,PASS
6341,-1.591441778197517,8,8,8,PASS
6342,-1.037730694954751,49,49,49,PASS
6343,0.7549600367133771,184,184,184,PASS
6344,-1.080382483598704,46,46,46,PASS
6345,-0.11095683633332976,119,119,119,PASS
6346,0.38173336561385285,156,156,156,PASS
6347,1.3457417474711717,229,229,229,PASS
6348,0.4862923742634211,164,164,164,PASS
6349,-0.22154460087878847,111,111,111,PASS
6350,1.4579712762554597,237,237,237,PASS
6351,-0.5812285281523706,84,84,84,PASS
6352,1.4539020612532483,237,237,237,PASS
6353,-0.8152783060145491,66,66,66,PASS
6354,-0.1469762639082508,116,116,116,PASS
6355,0.22000893093913576,144,144,144,PASS
6356,0.9405168086428841,198,198,198,PASS
6357,0.6813867826317994,179,179,179,PASS
6358,-1.2696447120060852,32,32,32,PASS
6359,-1.3644833454982113,25,25,25,PASS
6360,0.5461961709381826,169,169,169,PASS
6361,-1.6513319162752913,3,3,3,PASS
6362,-1.277813239947961,31,31,31,PASS
6363,-0.558185271466517,85,85,85,PASS
6364,1.061224710429747,207,207,207,PASS
6365,-0.7559890094474893,71,71,71,PASS
6366,-0.3687165551433229,100,100,100,PASS
6367,0.42947832852781453,160,160,160,PASS
6368,1.2762898317831184,224,224,224,PASS
6369,1.1494904490705322,214,214,214,PASS
6370,0.4644964335260531,162,162,162,PASS
6371,1.1187225664869447,212,212,212,PASS
6372,-1.0959022854069662,45,45,45,PASS
6373,-0.7282336569466809,73,73,73,PASS
6374,0.16632233017597864,140,140,140,PASS
6375,-1.1950089573082048,38,38,38,PASS
6376,-0.005694203257202046,127,127,127,PASS
6377,1.5742274338950122,246,246,246,PASS
6378,-0.0750488695411533,122,122,122,PASS
6379,-1.4569668450918212,18,18,18,PASS
6380,0.7734547250122243,186,186,186,PASS
6381,-0.055263510817788575,123,123,123,PASS
6382,0.1511812085656119,139,139,139,PASS
6383,0.757791296291807,185,185,185,PASS
6384,-1.110889988984542,44,44,44,PASS
6385,-1.1383624064904483,42,42,42,PASS
6386,0.614289177577829,174,174,174,PASS
6387,-0.5076587990889958,89,89,89,PASS
6388,0.292868211364103,150,150,150,PASS
6389,1.4099249561561036,234,234,234,PASS
6390,-1.274686784003857,32,32,32,PASS
6391,0.9503185110877215,199,199,199,PASS
6392,0.6695353651016374,178,178,178,PASS
6393,0.9769173934618391,201,201,201,PASS
6394,-1.0482245858311874,49,49,49,PASS
6395,-0.9634009049484386,55,55,55,PASS
6396,-0.3664775778670384,100,100,100,PASS
6397,1.5275852091406426,243,243,243,PASS
6398,-1.4747731560967745,16,16,16,PASS
6399,-1.1070361858142652,44,44,44,PASS
6400,-1.699372984194419,0,0,0,PASS
6401,-0.616712403922183,81,81,81,PASS
6402,-0.9507636083877271,56,56,56,PASS
6403,0.5037901763501058,165,165,165,PASS
6404,-0.019010145713535875,126,126,126,PASS
6405,-0.34882015171198,101,101,101,PASS
6406,-1.0024600486214896,52,52,52,PASS
6407,-0.9787482089330238,54,54,54,PASS
6408,-0.12172591700930768,118,118,118,PASS
6409,-0.9981109792121713,52,52,52,PASS
6410,-0.8224129575377002,66,66,66,PASS
6411,0.19014953152855307,142,142,142,PASS
6412,0.320380078507591,152,152,152,PASS
6413,0.821201683597242,189,189,189,PASS
6414,0.2462984687652119,146,146,146,PASS
6415,0.547712773389023,169,169,169,PASS
6416,0.8214891065723531,189,189,189,PASS
6417,-1.3560415153693988,25,25,25,PASS
6418,-1.4452759423402846,19,19,19,PASS
6419,0.31259763521461426,151,151,151,PASS
6420,-1.541749780525233,11,11,11,PASS
6421,-1.5272635770493577,13,13,13,PASS
6422,-1.130227122116705,42,42,42,PASS
6423,0.7574187004453712,185,185,185,PASS
6424,-0.6247973957579975,80,80,80,PASS
6425,-1.6974165211646919,0,0,0,PASS
6426,0.18433340027021083,141,141,141,PASS
6427,-0.84170788773613,64,64,64,PASS
6428,-0.7699400092518226,70,70,70,PASS
6429,0.5691140777370485,170,170,170,PASS
6430,-0.10077386131291166,120,120,120,PASS
6431,-1.5619599922969802,10,10,10,PASS
6432,-0.37947496774820744,99,99,99,PASS
6433,-0.43057945052611224,95,95,95,PASS
6434,1.001700894625522,203,203,203,PASS
6435,-1.3194479697643924,28,28,28,PASS
6436,0.23790308437425933,145,145,145,PASS
6437,-1.6150573635996053,6,6,6,PASS
6438,1.3562756033733694,230,230,230,PASS
6439,-0.9880775902755774,53,53,53,PASS
6440,0.9560996980924925,199,199,199,PASS
6441,0.7304252010176058,182,182,182,PASS
6442,1.2887501746351055,225,225,225,PASS
6443,-0.4216707419855723,96,96,96,PASS
6444,-0.23642377020461813,110,110,110,PASS
6445,1.139058047220759,213,213,213,PASS
6446,-0.5695359686420725,85,85,85,PASS
6447,-1.1984661546217548,37,37,37,PASS
6448,0.3999320477915955,158,158,158,PASS
6449,-0.7340561859062553,72,72,72,PASS
6450,-0.5511361841688378,86,86,86,PASS
6451,0.059760502432235185,132,132,132,PASS
6452,-0.15277253264708834,116,116,116,PASS
6453,0.7905377038768913,187,187,187,PASS
6454,1.4888622997033083,240,240,240,PASS
6455,1.1423047727720517,214,214,214,PASS
6456,-0.46033856009707286,93,93,93,PASS
6457,0.7025785705869783,180,180,180,PASS
6458,-0.8404125714397489,64,64,64,PASS
6459,0.02887800430894938,130,130,130,PASS
6460,-1.0984226786627609,45,45,45,PASS
6461,1.3623433830731162,230,230,230,PASS
6462,-0.7093536048030447,74,74,74,PASS
6463,-0.5477944064134195,86,86,86,PASS
6464,1.3574775127806153,230,230,230,PASS
6465,0.22538028088630413,144,144,144,PASS
6466,0.8729716692256335,193,193,193,PASS
6467,1.2343320665524529,220,220,220,PASS
6468,-1.4853995353541607,16,16,16,PASS
6469,0.2572701977852241,147,147,147,PASS
6470,1.4665364970398749,238,238,238,PASS
6471,-1.676681977886887,1,1,1,PASS
6472,0.019826009607773587,129,129,129,PASS
6473,-1.0092823261096475,52,52,52,PASS
6474,-0.091365215543602,121,121,121,PASS
6475,-0.535962500165861,87,87,87,PASS
6476,-0.9455559769227868,56,56,56,PASS
6477,-0.6132603211584802,81,81,81,PASS
6478,0.04706608352058672,131,131,131,PASS
6479,-0.6831318265423558,76,76,76,PASS
6480,-0.9046394942057605,59,59,59,PASS
6481,-1.2730961823822087,32,32,32,PASS
6482,-1.1164673750273542,43,43,43,PASS
6483,0.6782878992679342,179,179,179,PASS
6484,1.4233904649308606,235,235,235,PASS
6485,0.635289292129847,175,175,175,PASS
6486,1.1211683262398437,212,212,212,PASS
6487,-1.1380601057869644,42,42,42,PASS
6488,0.6330271013242894,175,175,175,PASS
6489,1.6106426021335263,249,249,249,PASS
6490,1.5359902611787952,243,243,243,PASS
6491,-1.66191360871648,2,2,2,PASS
6492,-1.1751409051111863,39,39,39,PASS
6493,-0.4853901560563627,91,91,91,PASS
6494,-1.45325990600398,18,18,18,PASS
6495,1.6180454801331827,249,249,249,PASS
6496,-1.4894894453044993,15,15,15,PASS
6497,-0.0780371972092464,122,122,122,PASS
6498,1.5995301510476942,248,248,248,PASS
6499,1.5431443402314022,244,244,244,PASS
6500,0.1427206156668268,138,138,138,PASS
6501,-0.6097290698840134,82,82,82,PASS
6502,0.20032589000696266,143,143,143,PASS
6503,-0.9319229482352731,57,57,57,PASS
6504,-1.4067117610590383,22,22,22,PASS
6505,0.6520465140011942,177,177,177,PASS
6506,-1.2213077800010272,36,36,36,PASS
6507,-0.9763389749642618,54,54,54,PASS
6508,1.5021712716311637,241,241,241,PASS
6509,-1.5974379895725765,7,7,7,PASS
6510,0.8556459956184923,192,192,192,PASS
6511,-0.9099488562114374,59,59,59,PASS
6512,0.31528941003178645,151,151,151,PASS
6513,-0.8746386237933421,62,62,62,PASS
6514,-0.03478370723822688,125,125,125,PASS
6515,0.1363381894211475,138,138,138,PASS
6516,1.2249196155879265,220,220,220,PASS
6517,-1.3336066196251157,27,27,27,PASS
6518,0.7314035057044082,183,183,183,PASS
6519,0.43090126025816944,160,160,160,PASS
6520,0.6193825812932883,174,174,174,PASS
6521,1.4922474080689743,240,240,240,PASS
6522,0.8134958328135233,189,189,189,PASS
6523,0.08767084379151835,134,134,134,PASS
6524,-1.5215182223071888,13,13,13,PASS
6525,-0.07455429261391666,122,122,122,PASS
6526,1.537989052881471,243,243,243,PASS
6527,1.0397543172645,206,206,206,PASS
6528,-0.24479497071526635,109,109,109,PASS
6529,0.38957353258959215,157,157,157,PASS
6530,1.0529859179121501,207,207,207,PASS
6531,1.0647361878957249,208,208,208,PASS
6532,-1.0326776641113007,50,50,50,PASS
6533,-1.1487891908352683,41,41,41,PASS
6534,0.44005143136951275,161,161,161,PASS
6535,1.4931268599625256,240,240,240,PASS
6536,-1.4732421840044259,17,17,17,PASS
6537,0.14153341328257252,138,138,138,PASS
6538,1.520572296376742,242,242,242,PASS
6539,-0.048048372581375176,124,124,124,PASS
6540,-1.1549640223156872,41,41,41,PASS
6541,-0.26523186746863425,108,108,108,PASS
6542,-1.4232622801419157,20,20,20,PASS
6543,1.1402742596474778,213,213,213,PASS
6544,-0.14116483398224866,117,117,117,PASS
6545,0.5855188475564967,172,172,172,PASS
6546,-0.8858681129062558,61,61,61,PASS
6547,0.8231115545285872,189,189,189,PASS
6548,-0.498926858904855,90,90,90,PASS
6549,0.6611636643983558,177,177,177,PASS
6550,-0.3460142976835414,101,101,101,PASS
6551,1.2792930523649482,224,224,224,PASS
6552,0.7074036841100024,181,181,181,PASS
6553,-1.3944214333728235,23,23,23,PASS
6554,0.8871245826188388,194,194,194,PASS
6555,-0.7043513310298865,74,74,74,PASS
6556,-1.0194963676683901,51,51,51,PASS
6557,0.24911589479595064,146,146,146,PASS
6558,-0.2064175136998434,112,112,112,PASS
6559,-0.39090550517521483,98,98,98,PASS
6560,-1.6622403724787829,2,2,2,PASS
6561,1.0737878526086309,208,208,208,PASS
6562,-1.2024051725964326,37,37,37,PASS
6563,-1.484056549113769,16,16,16,PASS
6564,-0.09028590547693449,121,121,121,PASS
6565,-1.418296194695352,21,21,21,PASS
6566,0.6162130448501386,174,174,174,PASS
6567,-0.33726755044590195,102,102,102,PASS
6568,-0.7344940550471913,72,72,72,PASS
6569,-1.2067727855482167,37,37,37,PASS
6570,1.3169013323219192,227,227,227,PASS
6571,1.0835044205651718,209,209,209,PASS
6572,-1.2606510909429731,33,33,33,PASS
6573,1.4235537612361908,235,235,235,PASS
6574,1.1829299222004759,217,217,217,PASS
6575,-1.1692957877284562,39,39,39,PASS
6576,1.150451147162028,214,214,214,PASS
6577,0.5590020304316636,170,170,170,PASS
6578,-0.6442314885092408,79,79,79,PASS
6579,-0.18877433486862483,113,113,113,PASS
6580,0.7269573700285934,182,182,182,PASS
6581,-1.5469449384758327,11,11,11,PASS
6582,-0.816815391657238,66,66,66,PASS
6583,0.034724278356235594,130,130,130,PASS
6584,-1.2175849589467156,36,36,36,PASS
6585,1.0763173538581141,209,209,209,PASS
6586,-1.122023086322305,43,43,43,PASS
6587,-1.4128987642471955,21,21,21,PASS
6588,1.244671695719845,221,221,221,PASS
6589,-1.1919023486933593,38,38,38,PASS
6590,0.9956781850976968,202,202,202,PASS
6591,0.23306861408192114,145,145,145,PASS
6592,-0.04814782091648295,124,124,124,PASS
6593,-0.03378702974880565,125,125,125,PASS
6594,1.116766411924478,212,212,212,PASS
6595,1.344712923319913,229,229,229,PASS
6596,0.2865500947962203,149,149,149,PASS
6597,1.1287242285609633,212,212,212,PASS
6598,1.4798392309683674,239,239,239,PASS
6599,1.1303102723123064,213,213,213,PASS
6600,0.26456693719711466,147,147,147,PASS
6601,-1.3987599508430384,22,22,22,PASS
6602,-0.8550071749249889,63,63,63,PASS
6603,-0.4655579972166133,92,92,92,PASS
6604,-1.52635884589233,13,13,13,PASS
6605,0.03646715760849473,130,130,130,PASS
6606,-0.8724488860485988,62,62,62,PASS
6607,-0.2797749079988414,106,106,106,PASS
6608,-1.048527783932895,49,49,49,PASS
6609,-0.11778802540313049,119,119,119,PASS
6610,-0.6671042921305397,77,77,77,PASS
6611,0.11307306807199313,136,136,136,PASS
6612,-1.1047099848933137,44,44,44,PASS
6613,1.5347104606414523,243,243,243,PASS
6614,-0.20766067908332175,112,112,112,PASS
6615,-1.4107764356105479,21,21,21,PASS
6616,-0.28054522102233537,106,106,106,PASS
6617,-1.2366420339679467,34,34,34,PASS
6618,0.3262179960172753,152,152,152,PASS
6619,-1.056603071005734,48,48,48,PASS
6620,1.3310287458583787,228,228,228,PASS
6621,-1.5951566367458516,7,7,7,PASS
6622,0.15871884273675696,139,139,139,PASS
6623,-0.547697780850563,86,86,86,PASS
6624,-0.7592834637848366,70,70,70,PASS
6625,1.4050300060275622,233,233,233,PASS
6626,-1.1790762920090583,39,39,39,PASS
6627,1.3239128521952848,227,227,227,PASS
6628,-0.10969713708781281,119,119,119,PASS
6629,0.7465328550231505,184,184,184,PASS
6630,-1.003233524495132,52,52,52,PASS
6631,0.7267016378562305,182,182,182,PASS
6632,0.3754102182746901,156,156,156,PASS
6633,-0.8104002705854638,66,66,66,PASS
6634,1.5563685263492217,245,245,245,PASS
6635,0.8186770901681932,189,189,189,PASS
6636,1.1152636511199863,211,211,211,PASS
6637,-1.533942988698172,12,12,12,PASS
6638,0.5259266504016222,167,167,167,PASS
6639,0.2631524679775603,147,147,147,PASS
6640,-0.4505014752800287,94,94,94,PASS
6641,-1.2139689640642553,36,36,36,PASS
6642,-0.8751178806708896,62,62,62,PASS
6643,1.417914313162454,234,234,234,PASS
6644,-1.038350911971044,49,49,49,PASS
6645,-1.4989999593835406,15,15,15,PASS
6646,-1.337085084348223,27,27,27,PASS
6647,-0.3821594373933961,99,99,99,PASS
6648,-1.4596623311031296,18,18,18,PASS
6649,-1.57916409185124,9,9,9,PASS
6650,-1.3941325319625264,23,23,23,PASS
6651,0.16349987177518477,140,140,140,PASS
6652,1.2941775058419862,225,225,225,PASS
6653,1.5316916867704695,243,243,243,PASS
6654,-1.336028821850658,27,27,27,PASS
6655,0.1289487423253406,137,137,137,PASS
6656,0.8025001582340001,188,188,188,PASS
6657,-1.5631062729137364,10,10,10,PASS
6658,1.2719277178770712,223,223,223,PASS
6659,1.494029115659573,240,240,240,PASS
6660,-0.7051653100426237,74,74,74,PASS
6661,1.5606191417664157,245,245,245,PASS
6662,0.13126318467886877,137,137,137,PASS
6663,-0.5960465403242379,83,83,83,PASS
6664,-1.1847770060075358,38,38,38,PASS
6665,0.8053491479776074,188,188,188,PASS
6666,-0.20302493451694192,112,112,112,PASS
6667,-0.791659733776489,68,68,68,PASS
6668,0.7813845405054931,186,186,186,PASS
6669,0.41520646842888476,159,159,159,PASS
6670,1.0604381331252852,207,207,207,PASS
6671,-0.4750549240021711,92,92,92,PASS
6672,-0.6692994927323763,77,77,77,PASS
6673,-1.2589616775278916,33,33,33,PASS
6674,1.1557231857295827,215,215,215,PASS
6675,0.7827399457089881,186,186,186,PASS
6676,-1.3711616074345214,24,24,24,PASS
6677,-1.5304722267198603,12,12,12,PASS
6678,-0.5251339769471128,88,88,88,PASS
6679,-1.011369225516554,51,51,51,PASS
6680,-0.44932306048333226,94,94,94,PASS
6681,0.20071229094183796,143,143,143,PASS
6682,-0.38646889412142493,98,98,98,PASS
6683,-0.6165832753812752,81,81,81,PASS
6684,0.09907037540483832,135,135,135,PASS
6685,0.9027698116919336,195,195,195,PASS
6686,0.535808919258532,168,168,168,PASS
6687,0.8350378814370696,190,190,190,PASS
6688,1.5960667774086736,248,248,248,PASS
6689,0.8598110328211088,192,192,192,PASS
6690,-0.8342945574872823,65,65,65,PASS
6691,1.550464269691228,244,244,244,PASS
6692,0.5451012128219082,169,169,169,PASS
6693,0.7620511018403195,185,185,185,PASS
6694,1.3165842367410556,227,227,227,PASS
6695,1.4293672965565805,235,235,235,PASS
6696,-0.2937529898349216,105,105,105,PASS
6697,-1.2222163029306772,35,35,35,PASS
6698,0.5149809731740527,166,166,166,PASS
6699,1.0117988524281667,204,204,204,PASS
6700,-0.9417527075558512,57,57,57,PASS
6701,-0.686510802577303,76,76,76,PASS
6702,-1.4479082213146173,18,18,18,PASS
6703,-0.09936843053686872,120,120,120,PASS
6704,1.6876766041875364,255,255,255,PASS
6705,-1.2336206395319722,35,35,35,PASS
6706,1.1833187334188022,217,217,217,PASS
6707,0.3702941064984937,155,155,155,PASS
6708,-0.32787279869844244,103,103,103,PASS
6709,1.0482427274775918,206,206,206,PASS
6710,1.6654725050370216,253,253,253,PASS
6711,1.517960559749209,242,242,242,PASS
6712,0.6155488068488031,174,174,174,PASS
6713,-0.6711704223788499,77,77,77,PASS
6714,1.6815345237071988,254,254,254,PASS
6715,0.7060353126317052,181,181,181,PASS
6716,1.5321116699651445,243,243,243,PASS
6717,-1.1704578745027963,39,39,39,PASS
6718,0.6881380876498004,179,179,179,PASS
6719,1.6050498388216676,248,248,248,PASS
6720,-1.536586347317394,12,12,12,PASS
6721,-0.031967810469391233,125,125,125,PASS
6722,-1.6314874051648292,5,5,5,PASS
6723,-0.8798740454961982,61,61,61,PASS
6724,-0.7513944136219531,71,71,71,PASS
6725,0.43269464293637117,160,160,160,PASS
6726,0.1130451387378606,136,136,136,PASS
6727,0.40800405746984514,158,158,158,PASS
6728,-0.310095092670861,104,104,104,PASS
6729,0.2590761615766286,147,147,147,PASS
6730,-0.7844670312720443,68,68,68,PASS
6731,-0.1492328024371501,116,116,116,PASS
6732,1.3726136241242173,231,231,231,PASS
6733,-0.24529167737309487,109,109,109,PASS
6734,1.6903707860867765,255,255,255,PASS
6735,0.9162940975727312,196,196,196,PASS
6736,1.3897849386712753,232,232,232,PASS
6737,0.48765887160290355,164,164,164,PASS
6738,1.2269439293378854,220,220,220,PASS
6739,0.020451621524841368,129,129,129,PASS
6740,-0.17357760717762516,114,114,114,PASS
6741,-0.6319639136158419,80,80,80,PASS
6742,1.2131488811549003,219,219,219,PASS
6743,-0.8320637773014504,65,65,65,PASS
6744,1.3330395195347318,228,228,228,PASS
6745,1.1420148756578665,213,213,213,PASS
6746,0.9524048634159217,199,199,199,PASS
6747,-0.9424464423289239,57,57,57,PASS
6748,1.4672956798515087,238,238,238,PASS
6749,0.2962910383116537,150,150,150,PASS
6750,0.12961736535309454,137,137,137,PASS
6751,0.994035837272442,202,202,202,PASS
6752,-1.5749051548228543,9,9,9,PASS
6753,-0.04120830147484833,124,124,124,PASS
6754,-0.021950848886927332,126,126,126,PASS
6755,-1.2079312928489006,37,37,37,PASS
6756,1.1024718708671462,211,211,211,PASS
6757,-0.2999487526978204,105,105,105,PASS
6758,-1.5858030783122,8,8,8,PASS
6759,-0.7686080213338811,70,70,70,PASS
6760,1.5457723045116436,244,244,244,PASS
6761,-0.8919975613204718,60,60,60,PASS
6762,0.02602962883825244,129,129,129,PASS
6763,-1.2963205541822185,30,30,30,PASS
6764,-1.3872652739804834,23,23,23,PASS
6765,1.0799468922466768,209,209,209,PASS
6766,0.6196471509125792,174,174,174,PASS
6767,0.48586203733811817,164,164,164,PASS
6768,1.6549505130895097,252,252,252,PASS
6769,0.7525499126318966,184,184,184,PASS
6770,-1.0686745812302878,47,47,47,PASS
6771,0.22886599740006663,145,145,145,PASS
6772,0.682566726629869,179,179,179,PASS
6773,-0.2158711058670455,111,111,111,PASS
6774,1.625813985066334,250,250,250,PASS
6775,1.5206669022617103,242,242,242,PASS
6776,0.22289007701151076,144,144,144,PASS
6777,-0.5828679822242027,84,84,84,PASS
6778,0.5670711303184233,170,170,170,PASS
6779,-0.0763390503554271,122,122,122,PASS
6780,-0.8707709473447284,62,62,62,PASS
6781,-0.035290929948595284,125,125,125,PASS
6782,1.0321134785499024,205,205,205,PASS
6783,0.5462069052894345,169,169,169,PASS
6784,0.36182474737361114,155,155,155,PASS
6785,-0.9736595464886498,54,54,54,PASS
6786,1.210754741737509,219,219,219,PASS
6787,-0.8218821445143044,66,66,66,PASS
6788,-0.9454220834299619,56,56,56,PASS
6789,0.8110954331974256,189,189,189,PASS
6790,0.8339314399790114,190,190,190,PASS
6791,-1.1064900574923362,44,44,44,PASS
6792,1.082915023238941,209,209,209,PASS
6793,0.74375761120435,184,184,184,PASS
6794,-0.5009926126927275,90,90,90,PASS
6795,-1.1523712713688687,41,41,41,PASS
6796,-1.0456028727257825,49,49,49,PASS
6797,-0.169013832672944,115,115,115,PASS
6798,-0.4504790949568951,94,94,94,PASS
6799,-1.16366735492482,40,40,40,PASS
6800,0.045920547645807774,131,131,131,PASS
6801,-0.6532244156039071,78,78,78,PASS
6802,0.9945754888086078,202,202,202,PASS
6803,1.1387566033852197,213,213,213,PASS
6804,0.978116923460574,201,201,201,PASS
6805,-1.5937552091768667,7,7,7,PASS
6806,-1.3527470762684426,26,26,26,PASS
6807,-0.04835268755328581,124,124,124,PASS
6808,-0.481703163919841,91,91,91,PASS
6809,0.37913905243913226,156,156,156,PASS
6810,0.23675268035991337,145,145,145,PASS
6811,0.23124092101628158,145,145,145,PASS
6812,-0.7313959002999498,72,72,72,PASS
6813,-1.0630989221398772,47,47,47,PASS
6814,-0.28315842646427014,106,106,106,PASS
6815,-1.2988836448210241,30,30,30,PASS
6816,0.9204416108321867,197,197,197,PASS
6817,-1.3107860963496534,29,29,29,PASS
6818,-0.2790969261423486,106,106,106,PASS
6819,-0.46463992563282686,93,93,93,PASS
6820,-0.9912854577599812,53,53,53,PASS
6821,-0.5866680929190227,83,83,83,PASS
6822,0.7086014559899978,181,181,181,PASS
6823,-0.14103876220292544,117,117,117,PASS
6824,-0.5114408501130234,89,89,89,PASS
6825,1.0916843896162784,210,210,210,PASS
6826,-0.15632382251850063,116,116,116,PASS
6827,-1.6521813609132932,3,3,3,PASS
6828,0.015008910488832905,129,129,129,PASS
6829,1.4655911573134566,238,238,238,PASS
6830,0.01117820293130034,128,128,128,PASS
6831,-1.5324069378179155,12,12,12,PASS
6832,0.8377056492411266,191,191,191,PASS
6833,0.3128060080374475,151,151,151,PASS
6834,-1.2418317724961332,34,34,34,PASS
6835,0.4189256206443528,159,159,159,PASS
6836,0.6070389258990188,173,173,173,PASS
6837,1.1150735194617092,211,211,211,PASS
6838,-0.25834837079954376,108,108,108,PASS
6839,1.3644593844496093,230,230,230,PASS
6840,-0.03681157288973691,125,125,125,PASS
6841,0.7608777030603899,185,185,185,PASS
6842,1.1928021355961322,217,217,217,PASS
6843,1.542996776790526,244,244,244,PASS
6844,0.9172962694443203,197,197,197,PASS
6845,1.4181342684438853,234,234,234,PASS
6846,-1.079191783859363,46,46,46,PASS
6847,-0.7025095263406455,75,75,75,PASS
6848,0.04096884595210715,131,131,131,PASS
6849,0.8163302099109189,189,189,189,PASS
6850,-0.43607426321868936,95,95,95,PASS
6851,0.9359350242335231,198,198,198,PASS
6852,-1.3227353328539042,28,28,28,PASS
6853,0.47715890195318855,163,163,163,PASS
6854,-1.0655926103071067,47,47,47,PASS
6855,-0.044409835926884744,124,124,124,PASS
6856,1.6218558904604257,250,250,250,PASS
6857,-0.8291212967843214,65,65,65,PASS
6858,0.24704405932698914,146,146,146,PASS
6859,1.6742370932507902,254,254,254,PASS
6860,0.7244356744528535,182,182,182,PASS
6861,-1.6965423607048913,0,0,0,PASS
6862,-0.49504554188742755,90,90,90,PASS
6863,1.351290468434885,229,229,229,PASS
6864,-1.5714166505421803,9,9,9,PASS
6865,-1.1387012335150402,42,42,42,PASS
6866,1.2230587856453032,220,220,220,PASS
6867,1.4643977255272238,238,238,238,PASS
6868,-0.742594309234247,72,72,72,PASS
6869,-1.66823048583723,2,2,2,PASS
6870,-1.6323697280553633,5,5,5,PASS
6871,0.7872654502075835,187,187,187,PASS
6872,-0.37153873482138544,100,100,100,PASS
6873,-1.3585157800669805,25,25,25,PASS
6874,-0.8533094989464889,63,63,63,PASS
6875,-0.699391440856888,75,75,75,PASS
6876,1.5309998238478284,243,243,243,PASS
6877,1.1152088132850537,211,211,211,PASS
6878,0.1786115448186283,141,141,141,PASS
6879,0.6993816594027604,180,180,180,PASS
6880,1.4568912408039651,237,237,237,PASS
6881,0.14832855637588338,139,139,139,PASS
6882,-0.15796555469002072,116,116,116,PASS
6883,-0.924582466953065,58,58,58,PASS
6884,-1.3270975803418315,28,28,28,PASS
6885,-1.4915192111675577,15,15,15,PASS
6886,0.169474368851241,140,140,140,PASS
6887,0.8505846311908976,192,192,192,PASS
6888,0.04980770616167507,131,131,131,PASS
6889,0.4827440766928499,164,164,164,PASS
6890,1.1028596578575611,211,211,211,PASS
6891,0.6248188699513169,175,175,175,PASS
6892,1.4677173999816804,238,238,238,PASS
6893,0.19001710237117853,142,142,142,PASS
6894,0.0751927386758906,133,133,133,PASS
6895,-1.328138596652695,27,27,27,PASS
6896,0.7350835191240452,183,183,183,PASS
6897,1.6738887923589212,254,254,254,PASS
6898,-1.0450178574734665,49,49,49,PASS
6899,-1.015418554140528,51,51,51,PASS
6900,-0.0826771574974281,121,121,121,PASS
6901,1.273913078256191,223,223,223,PASS
6902,1.4274001922599446,235,235,235,PASS
6903,1.1629275045877205,215,215,215,PASS
6904,-1.5259195986907275,13,13,13,PASS
6905,-0.11100934654074712,119,119,119,PASS
6906,-0.9590346109933483,55,55,55,PASS
6907,1.4395433007270164,236,236,236,PASS
6908,0.07319385178378224,133,133,133,PASS
6909,-1.1578534392156046,40,40,40,PASS
6910,1.132159157621625,213,213,213,PASS
6911,0.13977220726017525,138,138,138,PASS
6912,1.077097104965045,209,209,209,PASS
6913,0.8734488052029363,193,193,193,PASS
6914,-1.6729622986565755,2,2,2,PASS
6915,0.1989639684563913,142,142,142,PASS
6916,-0.613302259411548,81,81,81,PASS
6917,-1.0903961192516736,45,45,45,PASS
6918,-0.8971184987049434,60,60,60,PASS
6919,0.9110334828733497,196,196,196,PASS
6920,1.4567720613420574,237,237,237,PASS
6921,1.47306945647577,238,238,238,PASS
6922,0.9239784499845476,197,197,197,PASS
6923,0.5033580121315986,165,165,165,PASS
6924,-1.584808743618402,8,8,8,PASS
6925,0.04925868613051643,131,131,131,PASS
6926,-0.2478200172417384,109,109,109,PASS
6927,0.7323188277848816,183,183,183,PASS
6928,-0.05428690577324913,123,123,123,PASS
6929,-1.2086630693036315,36,36,36,PASS
6930,0.3095422911405252,151,151,151,PASS
6931,-1.450677108984135,18,18,18,PASS
6932,-1.0821853416844287,46,46,46,PASS
6933,-0.7475277982188439,71,71,71,PASS
6934,1.4826065998052205,239,239,239,PASS
6935,-1.5597553590336046,10,10,10,PASS
6936,1.6461968338893682,251,251,251,PASS
6937,1.170474529938909,216,216,216,PASS
6938,1.4712223537239975,238,238,238,PASS
6939,0.7945129674990932,187,187,187,PASS
6940,-0.06308206094663626,123,123,123,PASS
6941,1.008403346145377,203,203,203,PASS
6942,1.6941893477836836,255,255,255,PASS
6943,0.9135887127827014,196,196,196,PASS
6944,-1.592997110678724,8,8,8,PASS
6945,-0.20942982196800397,112,112,112,PASS
6946,1.42854997883399,235,235,235,PASS
6947,-0.5598322815677546,85,85,85,PASS
6948,-1.519233435662169,13,13,13,PASS
6949,0.25202591695054766,146,146,146,PASS
6950,-1.695396757442455,0,0,0,PASS
6951,-0.13106324683675408,118,118,118,PASS
6952,-0.852026584147167,63,63,63,PASS
6953,0.2893302567305367,149,149,149,PASS
6954,-0.6581928673374824,78,78,78,PASS
6955,0.165040339124795,140,140,140,PASS
6956,0.8120422880650777,189,189,189,PASS
6957,-1.4242590302025118,20,20,20,PASS
6958,-0.8463890300010346,64,64,64,PASS
6959,-1.397980273184336,22,22,22,PASS
6960,1.6039495487142037,248,248,248,PASS
6961,-1.2637721554028065,32,32,32,PASS
6962,1.4986072942123785,240,240,240,PASS
6963,-1.649874570610943,3,3,3,PASS
6964,-0.038060088878121734,125,125,125,PASS
6965,0.6688586296110481,178,178,178,PASS
6966,-1.40562049361313,22,22,22,PASS
6967,-1.115925624132224,43,43,43,PASS
6968,0.7429152650869091,183,183,183,PASS
6969,-0.907813533138294,59,59,59,PASS
6970,-1.289319411647573,30,30,30,PASS
6971,0.6477698032780606,176,176,176,PASS
6972,-1.6239117746369798,5,5,5,PASS
6973,-0.33934159393497776,102,102,102,PASS
6974,-1.1334097749855845,42,42,42,PASS
6975,-0.12907591454827205,118,118,118,PASS
6976,1.3065319443307024,226,226,226,PASS
6977,-0.6899173673472296,76,76,76,PASS
6978,-0.3422184347801034,102,102,102,PASS
6979,-0.5720094905910258,84,84,84,PASS
6980,-0.28510014351013524,106,106,106,PASS
6981,-0.23521411188621877,110,110,110,PASS
6982,1.5559469182548484,245,245,245,PASS
6983,0.9227136228482002,197,197,197,PASS
6984,1.2866873013883906,224,224,224,PASS
6985,0.6703957479498104,178,178,178,PASS
6986,-0.9034029466362838,59,59,59,PASS
6987,1.243604871071326,221,221,221,PASS
6988,-0.5550826131804474,86,86,86,PASS
6989,1.430013297175661,235,235,235,PASS
6990,-1.015353466475453,51,51,51,PASS
6991,1.4296727118144823,235,235,235,PASS
6992,-1.011026933350692,51,51,51,PASS
6993,1.0460135453540256,206,206,206,PASS
6994,1.4139823006325305,234,234,234,PASS
6995,0.2568878365058911,147,147,147,PASS
6996,0.6149823313672036,174,174,174,PASS
6997,-1.5718348709454837,9,9,9,PASS
6998,-0.34827660007815653,101,101,101,PASS
6999,-0.22293783011661716,111,111,111,PASS
7000,1.6375971202315098,251,251,251,PASS
7001,0.48345793799949255,164,164,164,PASS
7002,-1.2345340884500744,35,35,35,PASS
7003,0.18106544577685457,141,141,141,PASS
7004,-1.4788304689881162,16,16,16,PASS
7005,1.3509339927558128,229,229,229,PASS
7006,-0.3436843373178813,102,102,102,PASS
7007,1.027865237851869,205,205,205,PASS
7008,0.20757439673733247,143,143,143,PASS
7009,0.42562306296285457,160,160,160,PASS
7010,1.4397042396884234,236,236,236,PASS
7011,-0.6690835548722482,77,77,77,PASS
7012,-1.1101448205809175,44,44,44,PASS
7013,-1.0475303118011212,49,49,49,PASS
7014,1.133215524461866,213,213,213,PASS
7015,-1.030776190101828,50,50,50,PASS
7016,-1.5522991216612931,11,11,11,PASS
7017,-1.396173904365397,22,22,22,PASS
7018,1.3779745497110618,231,231,231,PASS
7019,-0.44672636592457526,94,94,94,PASS
7020,-1.2717768756551635,32,32,32,PASS
7021,-1.283924768029442,31,31,31,PASS
7022,1.0330588297115784,205,205,205,PASS
7023,0.456801888457387,162,162,162,PASS
7024,-0.19644211563973202,113,113,113,PASS
7025,-1.016598395690695,51,51,51,PASS
7026,-1.0620317322983186,48,48,48,PASS
7027,-0.5181506686207344,88,88,88,PASS
7028,1.5821069842740616,247,247,247,PASS
7029,-1.0764788711467213,46,46,46,PASS
7030,-0.6766926440956194,77,77,77,PASS
7031,0.13318331044394394,138,138,138,PASS
7032,0.19516108552131706,142,142,142,PASS
7033,-0.6088964069871567,82,82,82,PASS
7034,0.041418731683979804,131,131,131,PASS
7035,0.9873156285504108,202,202,202,PASS
7036,0.8906679779331699,195,195,195,PASS
7037,0.6332388300284715,175,175,175,PASS
7038,1.4420109604670832,236,236,236,PASS
7039,-1.588784620605641,8,8,8,PASS
7040,-1.1306007548519577,42,42,42,PASS
7041,-1.3030398873878066,29,29,29,PASS
7042,-0.9693345559060621,55,55,55,PASS
7043,0.8267987099112808,190,190,190,PASS
7044,1.5618570973441661,245,245,245,PASS
7045,-0.3927099510595662,98,98,98,PASS
7046,1.4321391462996906,235,235,235,PASS
7047,0.9241968632715591,197,197,197,PASS
7048,-1.6104332587890788,6,6,6,PASS
7049,-1.2892630648108334,30,30,30,PASS
7050,-1.2290134750867698,35,35,35,PASS
7051,1.2588298617990372,222,222,222,PASS
7052,-0.7825842864179873,69,69,69,PASS
7053,-0.2693808638377233,107,107,107,PASS
7054,-0.8625059308893226,63,63,63,PASS
7055,-0.3452819334202091,102,102,102,PASS
7056,-0.7088140420189367,74,74,74,PASS
7057,-1.190566307559328,38,38,38,PASS
7058,-0.00680863062862036,127,127,127,PASS
7059,0.7729856308897725,186,186,186,PASS
7060,1.66585113538633,253,253,253,PASS
7061,-1.1996878630803383,37,37,37,PASS
7062,-0.6112147590137764,81,81,81,PASS
7063,-0.7674664454972989,70,70,70,PASS
7064,1.268812422272408,223,223,223,PASS
7065,-0.9218988869151661,58,58,58,PASS
7066,-0.6195865867492591,81,81,81,PASS
7067,0.06897298628747617,133,133,133,PASS
7068,-1.3525455801495876,26,26,26,PASS
7069,1.676915055994246,254,254,254,PASS
7070,-0.3869364305346308,98,98,98,PASS
7071,0.3105269292226993,151,151,151,PASS
7072,-0.6710050139025527,77,77,77,PASS
7073,-1.4602723592546794,18,18,18,PASS
7074,0.4607800096055843,162,162,162,PASS
7075,0.5115471892962635,166,166,166,PASS
7076,1.0903062385416924,210,210,210,PASS
7077,-0.4888120494068642,91,91,91,PASS
7078,0.39367614658359673,157,157,157,PASS
7079,0.8595055073337587,192,192,192,PASS
7080,0.7475148555642768,184,184,184,PASS
7081,1.3060742005383215,226,226,226,PASS
7082,-1.3176843828517413,28,28,28,PASS
7083,0.5586966823099806,170,170,170,PASS
7084,-1.3588100446464981,25,25,25,PASS
7085,0.12907216347190897,137,137,137,PASS
7086,-1.3828628642119085,23,23,23,PASS
7087,-0.4811111909081984,91,91,91,PASS
7088,0.3358773294964592,153,153,153,PASS
7089,-0.2054430927126909,112,112,112,PASS
7090,-1.5050292287988736,14,14,14,PASS
7091,-0.1923093115890233,113,113,113,PASS
7092,0.951645708195662,199,199,199,PASS
7093,-1.4340402618902113,20,20,20,PASS
7094,0.6295195245693825,175,175,175,PASS
7095,-0.5014786698929989,90,90,90,PASS
7096,-1.4553308622034145,18,18,18,PASS
7097,0.02284119198663448,129,129,129,PASS
7098,-1.4211304629284047,20,20,20,PASS
7099,0.976100593186602,201,201,201,PASS
7100,-0.9389162067444711,57,57,57,PASS
7101,0.037715770439787466,130,130,130,PASS
7102,-0.7992256904321754,67,67,67,PASS
7103,0.6393840880500867,176,176,176,PASS
7104,-1.2423185409579356,34,34,34,PASS
7105,1.5188237360906294,242,242,242,PASS
7106,-1.1827973499551412,38,38,38,PASS
7107,0.4582456838206921,162,162,162,PASS
7108,-0.5246215610639104,88,88,88,PASS
7109,0.2287210463419056,145,145,145,PASS
7110,1.1423799011618938,214,214,214,PASS
7111,-1.1471085419019458,41,41,41,PASS
7112,-1.6006435011572973,7,7,7,PASS
7113,1.5597730722702299,245,245,245,PASS
7114,-1.6842075528609213,1,1,1,PASS
7115,0.7190988813604415,182,182,182,PASS
7116,0.24809319104932226,146,146,146,PASS
7117,0.830908536857853,190,190,190,PASS
7118,-1.2374105388029604,34,34,34,PASS
7119,1.126522089255941,212,212,212,PASS
7120,1.027271423479421,205,205,205,PASS
7121,-0.2611387224986008,108,108,108,PASS
7122,-1.1548671526888192,41,41,41,PASS
7123,-1.2733734862310206,32,32,32,PASS
7124,-1.592623530939987,8,8,8,PASS
7125,-1.0515344020472797,48,48,48,PASS
7126,1.42304341127227,235,235,235,PASS
7127,0.6291159220062552,175,175,175,PASS
7128,-0.09295785398152123,121,121,121,PASS
7129,-0.4802254886826198,91,91,91,PASS
7130,-1.4679828678163878,17,17,17,PASS
7131,0.706291452714493,181,181,181,PASS
7132,-0.22080908887044304,111,111,111,PASS
7133,-0.279123483100294,106,106,106,PASS
7134,-0.6361461635933643,80,80,80,PASS
7135,0.8331086765417604,190,190,190,PASS
7136,-0.7056117171254501,74,74,74,PASS
7137,-0.6650024883374832,77,77,77,PASS
7138,-0.46843459060237036,92,92,92,PASS
7139,-1.3522210366343095,26,26,26,PASS
7140,1.4172389593947916,234,234,234,PASS
7141,0.8005759099609906,188,188,188,PASS
7142,1.1086061194161088,211,211,211,PASS
7143,-1.3491744667116348,26,26,26,PASS
7144,0.2923133480335469,150,150,150,PASS
7145,-1.653275855993836,3,3,3,PASS
7146,-1.4667869200993515,17,17,17,PASS
7147,-1.3990639160286023,22,22,22,PASS
7148,-0.10911070775956744,119,119,119,PASS
7149,1.1240989660159937,212,212,212,PASS
7150,0.5806874577109837,171,171,171,PASS
7151,-0.4623330584461516,93,93,93,PASS
7152,0.21093273165323545,143,143,143,PASS
7153,1.3900906490702154,232,232,232,PASS
7154,-1.03269116732938,50,50,50,PASS
7155,-0.5875261491281192,83,83,83,PASS
7156,1.3094087185677667,226,226,226,PASS
7157,-0.5704536071135997,85,85,85,PASS
7158,-0.6460148760502822,79,79,79,PASS
7159,-0.8891791301759672,61,61,61,PASS
7160,0.09219311447492151,134,134,134,PASS
7161,0.7449983102342175,184,184,184,PASS
7162,-1.3598322719394458,25,25,25,PASS
7163,-1.5545249493992908,10,10,10,PASS
7164,1.1570473649722366,215,215,215,PASS
7165,0.8818809412070554,194,194,194,PASS
7166,-1.1889637856357733,38,38,38,PASS
7167,1.4768304387826736,239,239,239,PASS
7168,-0.7548916751675617,71,71,71,PASS
7169,-0.6884650361148146,76,76,76,PASS
7170,0.6566661963856164,177,177,177,PASS
7171,1.405628998664043,233,233,233,PASS
7172,0.3010951241505133,150,150,150,PASS
7173,0.7476166552425718,184,184,184,PASS
7174,0.09846113476049934,135,135,135,PASS
7175,-0.10059957319686519,120,120,120,PASS
7176,1.411440898273291,234,234,234,PASS
7177,-0.9118536947429986,59,59,59,PASS
7178,1.5418851364861712,244,244,244,PASS
7179,-0.37786513385065135,99,99,99,PASS
7180,1.1539091863657551,214,214,214,PASS
7181,1.1579012534256539,215,215,215,PASS
7182,0.37781720316484146,156,156,156,PASS
7183,-1.4936098606712174,15,15,15,PASS
7184,1.2878603831680915,224,224,224,PASS
7185,0.3030321232626487,150,150,150,PASS
7186,-1.6429554889237326,4,4,4,PASS
7187,-1.283920282301091,31,31,31,PASS
7188,1.4010564248061483,233,233,233,PASS
7189,1.643682361590207,251,251,251,PASS
7190,-1.219916320997868,36,36,36,PASS
7191,1.146911821049782,214,214,214,PASS
7192,-0.9728098140634075,54,54,54,PASS
7193,1.433321057181254,235,235,235,PASS
7194,-0.6363706414936945,80,80,80,PASS
7195,1.0542185474672323,207,207,207,PASS
7196,-1.070582982099244,47,47,47,PASS
7197,1.3832824715494059,232,232,232,PASS
7198,0.39088344258666363,157,157,157,PASS
7199,-0.707025081391494,74,74,74,PASS
7200,0.307426373753094,151,151,151,PASS
7201,1.6615231364877772,253,253,253,PASS
7202,-0.438111764034669,95,95,95,PASS
7203,1.2080225202556123,218,218,218,PASS
7204,0.37749604082093735,156,156,156,PASS
7205,-1.6478297537867272,3,3,3,PASS
7206,0.27707301023461883,148,148,148,PASS
7207,0.8054110997191828,188,188,188,PASS
7208,0.2698997747599816,148,148,148,PASS
7209,1.264760202085376,223,223,223,PASS
7210,-0.44977228047628826,94,94,94,PASS
7211,0.6951023162623791,180,180,180,PASS
7212,1.47794057436228,239,239,239,PASS
7213,-0.9471622872119472,56,56,56,PASS
7214,-1.2519221532990434,33,33,33,PASS
7215,0.230767601355216,145,145,145,PASS
7216,1.1866612667532708,217,217,217,PASS
7217,-0.9760679761257096,54,54,54,PASS
7218,1.475092265886407,239,239,239,PASS
7219,0.6639970355118539,177,177,177,PASS
7220,0.6802561719581297,179,179,179,PASS
7221,1.2973599996623257,225,225,225,PASS
7222,1.5674756803009025,246,246,246,PASS
7223,-1.0580883704152493,48,48,48,PASS
7224,1.2925124120832308,225,225,225,PASS
7225,0.3504235831214382,154,154,154,PASS
7226,1.5492668709884094,244,244,244,PASS
7227,-1.4450377990002394,19,19,19,PASS
7228,1.1643997470969703,215,215,215,PASS
7229,-0.8795716642562333,61,61,61,PASS
7230,-1.1463561200774635,41,41,41,PASS
7231,1.5418871160412009,244,244,244,PASS
7232,-1.696514910401159,0,0,0,PASS
7233,0.22357730827937639,144,144,144,PASS
7234,0.9898716379213781,202,202,202,PASS
7235,-0.6963332771739543,75,75,75,PASS
7236,-0.7903681090291272,68,68,68,PASS
7237,-0.45499000334549167,93,93,93,PASS
7238,0.1911694032681479,142,142,142,PASS
7239,0.6353163570232916,175,175,175,PASS
7240,-1.1829132303991088,38,38,38,PASS
7241,-0.39165156166130966,98,98,98,PASS
7242,-0.2960951356389223,105,105,105,PASS
7243,1.0591425901354585,207,207,207,PASS
7244,1.431282507110059,235,235,235,PASS
7245,1.060772326558998,207,207,207,PASS
7246,-0.1328082988986179,118,118,118,PASS
7247,1.0883138403068393,209,209,209,PASS
7248,-0.6220367709321248,81,81,81,PASS
7249,1.1707722900149051,216,216,216,PASS
7250,-0.15337099244663643,116,116,116,PASS
7251,-0.020573656110994376,126,126,126,PASS
7252,-1.1761545821574506,39,39,39,PASS
7253,-0.9691388295141665,55,55,55,PASS
7254,0.4014142186330305,158,158,158,PASS
7255,0.29438528096816907,150,150,150,PASS
7256,-0.1748178002826557,114,114,114,PASS
7257,0.9130980675344398,196,196,196,PASS
7258,1.6867205408074895,255,255,255,PASS
7259,0.49112130118849984,164,164,164,PASS
7260,-0.9102045968711936,59,59,59,PASS
7261,0.22604591049169342,145,145,145,PASS
7262,-0.750951275682924,71,71,71,PASS
7263,0.9874598174506912,202,202,202,PASS
7264,-1.1040525309628617,44,44,44,PASS
7265,-0.016559262852555046,126,126,126,PASS
7266,0.03315360525486799,130,130,130,PASS
7267,0.09959819951519333,135,135,135,PASS
7268,0.7940378236003978,187,187,187,PASS
7269,-0.9703652804814945,54,54,54,PASS
7270,0.38920754988183126,157,157,157,PASS
7271,-0.5137560619799766,89,89,89,PASS
7272,1.0430453743266341,206,206,206,PASS
7273,0.4868392844339129,164,164,164,PASS
7274,1.6154121384886764,249,249,249,PASS
7275,-0.7709054894891604,69,69,69,PASS
7276,-1.5374999267035387,12,12,12,PASS
7277,0.49318904206301784,165,165,165,PASS
7278,-0.8756258975217176,62,62,62,PASS
7279,-0.8198829917235569,66,66,66,PASS
7280,1.4615674001571957,238,238,238,PASS
7281,-1.1896720806314063,38,38,38,PASS
7282,0.23253418043008178,145,145,145,PASS
7283,-1.1104671047777566,44,44,44,PASS
7284,0.21441533552494163,144,144,144,PASS
7285,-1.4632165832188164,17,17,17,PASS
7286,1.1546099244754509,214,214,214,PASS
7287,0.7979387984353703,188,188,188,PASS
7288,0.14608017928094963,138,138,138,PASS
7289,0.5139982755329993,166,166,166,PASS
7290,1.534729066907037,243,243,243,PASS
7291,-1.6383994795336196,4,4,4,PASS
7292,0.16195837989830952,140,140,140,PASS
7293,-1.084858323676908,46,46,46,PASS
7294,-1.2448568417733168,34,34,34,PASS
7295,0.5831519583902554,171,171,171,PASS
7296,-1.0289316727281415,50,50,50,PASS
7297,-1.5024468492956846,14,14,14,PASS
7298,1.2086421828743659,219,219,219,PASS
7299,-0.6152412525044029,81,81,81,PASS
7300,-0.37639251212954217,99,99,99,PASS
7301,1.5205697040741708,242,242,242,PASS
7302,1.09431399058796,210,210,210,PASS
7303,-0.8895213083542242,61,61,61,PASS
7304,0.353087294418575,154,154,154,PASS
7305,0.32387504496380903,152,152,152,PASS
7306,1.4119145215573445,234,234,234,PASS
7307,0.9998137773366678,203,203,203,PASS
7308,-0.0983435053629309,120,120,120,PASS
7309,1.4368185992919071,236,236,236,PASS
7310,-0.211076589721775,112,112,112,PASS
7311,-0.5729591052690839,84,84,84,PASS
7312,-0.2186922469327932,111,111,111,PASS
7313,-0.9627104375835963,55,55,55,PASS
7314,-0.025615119954560894,126,126,126,PASS
7315,0.552833411793064,169,169,169,PASS
7316,-1.322345169731764,28,28,28,PASS
7317,1.6836796479917033,254,254,254,PASS
7318,-1.6401550147427073,4,4,4,PASS
7319,-0.9504942036195222,56,56,56,PASS
7320,-1.5654219235690467,10,10,10,PASS
7321,1.6898556172705088,255,255,255,PASS
7322,0.8645854541772142,193,193,193,PASS
7323,-1.0839804719034802,46,46,46,PASS
7324,-0.029693853300329476,125,125,125,PASS
7325,0.28542203855432,149,149,149,PASS
7326,1.4060850173650448,233,233,233,PASS
7327,-1.074661802135905,47,47,47,PASS
7328,0.18418663778859012,141,141,141,PASS
7329,0.08180186942879963,134,134,134,PASS
7330,-0.4287221180399263,95,95,95,PASS
7331,0.16156542415911068,140,140,140,PASS
7332,1.4347228557699883,236,236,236,PASS
7333,0.6777548779571243,179,179,179,PASS
7334,0.09520730260420929,135,135,135,PASS
7335,-1.0235481325854914,50,50,50,PASS
7336,-0.9531628347313241,56,56,56,PASS
7337,0.2712491676250324,148,148,148,PASS
7338,0.008865469604333986,128,128,128,PASS
7339,1.283956075765423,224,224,224,PASS
7340,0.5211234820265329,167,167,167,PASS
7341,-0.6681962650549977,77,77,77,PASS
7342,1.0616163815495219,207,207,207,PASS
7343,-0.5162141709567083,89,89,89,PASS
7344,-0.11657925726042473,119,119,119,PASS
7345,-1.0472565829305192,49,49,49,PASS
7346,-0.4046685375069494,97,97,97,PASS
7347,-1.4467655587264119,19,19,19,PASS
7348,1.5778613814260647,246,246,246,PASS
7349,-0.6130126022173559,81,81,81,PASS
7350,-0.3996208754569295,97,97,97,PASS
7351,0.09264393477443567,134,134,134,PASS
7352,-0.9498277560198165,56,56,56,PASS
7353,-0.06452843151533183,123,123,123,PASS
7354,1.6893846165729716,255,255,255,PASS
7355,0.21757337523139886,144,144,144,PASS
7356,-0.13473913786255265,117,117,117,PASS
7357,-1.3993834986335931,22,22,22,PASS
7358,-1.075840003922977,46,46,46,PASS
7359,-1.4477393303931165,18,18,18,PASS
7360,-0.7185184570311237,73,73,73,PASS
7361,-0.3331250531558143,102,102,102,PASS
7362,0.7035594071653237,180,180,180,PASS
7363,1.295968053901259,225,225,225,PASS
7364,-0.10939166460181982,119,119,119,PASS
7365,-0.08553171092742717,121,121,121,PASS
7366,-1.1234632776930393,43,43,43,PASS
7367,1.5032640757578626,241,241,241,PASS
7368,-0.4781680179967718,91,91,91,PASS
7369,-0.9094959993238424,59,59,59,PASS
7370,-1.2015091197701808,37,37,37,PASS
7371,0.6813269743254129,179,179,179,PASS
7372,0.09362641619474754,135,135,135,PASS
7373,-0.8443352717599549,64,64,64,PASS
7374,0.26292322180776817,147,147,147,PASS
7375,-0.9041477803731757,59,59,59,PASS
7376,1.287895055993664,224,224,224,PASS
7377,-1.257715002588784,33,33,33,PASS
7378,-0.15481058483826482,116,116,116,PASS
7379,1.086083289032805,209,209,209,PASS
7380,-1.020890635211915,51,51,51,PASS
7381,1.1837797545128261,217,217,217,PASS
7382,1.1848520775940734,217,217,217,PASS
7383,-0.5325308907769271,87,87,87,PASS
7384,-0.2932166844444568,105,105,105,PASS
7385,-0.9023276565725671,60,60,60,PASS
7386,-0.7598732029283287,70,70,70,PASS
7387,-0.12101954218150301,118,118,118,PASS
7388,-0.20134949380273848,112,112,112,PASS
7389,-1.1772682049766336,39,39,39,PASS
7390,1.1260061028551946,212,212,212,PASS
7391,0.6867557599372403,179,179,179,PASS
7392,-0.9020453136449792,60,60,60,PASS
7393,0.7879187494394044,187,187,187,PASS
7394,-1.399271413305294,22,22,22,PASS
7395,-1.379513886233988,24,24,24,PASS
7396,0.5902552915226627,172,172,172,PASS
7397,0.8303365394338476,190,190,190,PASS
7398,-0.49274083063948115,90,90,90,PASS
7399,0.2429741455170067,146,146,146,PASS
7400,1.0590598492443972,207,207,207,PASS
7401,0.32861513107031404,152,152,152,PASS
7402,1.6405278748449612,251,251,251,PASS
7403,-1.5885216491790626,8,8,8,PASS
7404,0.8324512561648445,190,190,190,PASS
7405,-0.27474424027332023,107,107,107,PASS
7406,-0.261526635769767,108,108,108,PASS
7407,0.6970148344653919,180,180,180,PASS
7408,1.6419282803136552,251,251,251,PASS
7409,-0.8046888159017909,67,67,67,PASS
7410,-1.4610111611362533,17,17,17,PASS
7411,1.1498094530018885,214,214,214,PASS
7412,-0.856645116800293,63,63,63,PASS
7413,-0.47651671390438666,92,92,92,PASS
7414,-0.8406737137935798,64,64,64,PASS
7415,-1.5878494023386809,8,8,8,PASS
7416,-1.3427410417320098,26,26,26,PASS
7417,-1.4408000139552677,19,19,19,PASS
7418,-1.6555760311074037,3,3,3,PASS
7419,-1.1340208155089246,42,42,42,PASS
7420,0.5690724451739035,170,170,170,PASS
7421,-0.08236511103795174,121,121,121,PASS
7422,-1.5968691548756895,7,7,7,PASS
7423,1.2167684032382733,219,219,219,PASS
7424,1.5664018778505444,245,245,245,PASS
7425,1.3448665291498763,229,229,229,PASS
7426,-0.7712755397127274,69,69,69,PASS
7427,-0.7366727628083503,72,72,72,PASS
7428,0.41480576465901575,159,159,159,PASS
7429,0.8479288632093442,191,191,191,PASS
7430,0.47723200677548294,163,163,163,PASS
7431,-0.5365667768894182,87,87,87,PASS
7432,1.4323009489573686,235,235,235,PASS
7433,0.7955595741429333,187,187,187,PASS
7434,0.7176249653162008,182,182,182,PASS
7435,-0.2078273049086905,112,112,112,PASS
7436,-0.9151391379228878,59,59,59,PASS
7437,0.681478580912801,179,179,179,PASS
7438,-1.4888656411359507,15,15,15,PASS
7439,-0.8123086334885187,66,66,66,PASS
7440,-1.636707885750095,4,4,4,PASS
7441,-1.3435389263119715,26,26,26,PASS
7442,1.26030702605169,222,222,222,PASS
7443,1.1885826375888964,217,217,217,PASS
7444,-1.1084211361659757,44,44,44,PASS
7445,-0.8688012159677962,62,62,62,PASS
7446,-0.4333824859280808,95,95,95,PASS
7447,-1.5923132789688688,8,8,8,PASS
7448,-0.7326267461118047,72,72,72,PASS
7449,-1.6137642093243425,6,6,6,PASS
7450,-0.720222946304928,73,73,73,PASS
7451,-0.9821125775786372,54,54,54,PASS
7452,1.3046061899509065,226,226,226,PASS
7453,-0.884433994429009,61,61,61,PASS
7454,-0.6832497582733603,76,76,76,PASS
7455,0.09279063766817819,134,134,134,PASS
7456,0.28114895836381537,149,149,149,PASS
7457,0.03541331155355998,130,130,130,PASS
7458,-0.2901177149826599,106,106,106,PASS
7459,-0.8177471053652583,66,66,66,PASS
7460,-1.0286846616768668,50,50,50,PASS
7461,0.34899532469831374,154,154,154,PASS
7462,0.8497447079575469,191,191,191,PASS
7463,-0.8544471586213069,63,63,63,PASS
7464,1.5662591744497043,245,245,245,PASS
7465,1.671458442602445,253,253,253,PASS
7466,-1.489466871516554,15,15,15,PASS
7467,-0.28419169929650656,106,106,106,PASS
7468,1.6130473373104073,249,249,249,PASS
7469,-0.27586684305172304,107,107,107,PASS
7470,1.0294101686288941,205,205,205,PASS
7471,-0.9579794211740701,55,55,55,PASS
7472,-0.7387808265430423,72,72,72,PASS
7473,0.7805385822996198,186,186,186,PASS
7474,-0.5354394024036218,87,87,87,PASS
7475,-0.37177165277660884,100,100,100,PASS
7476,-0.9260826236584757,58,58,58,PASS
7477,-1.6472862002494875,3,3,3,PASS
7478,0.6830732387070195,179,179,179,PASS
7479,-0.0062594113647822525,127,127,127,PASS
7480,-1.077903577190626,46,46,46,PASS
7481,1.448129481632778,237,237,237,PASS
7482,-1.6017704161809465,7,7,7,PASS
7483,0.8664820894492771,193,193,193,PASS
7484,-0.29085165255046785,106,106,106,PASS
7485,1.4470982930399543,236,236,236,PASS
7486,1.0618726929476263,207,207,207,PASS
7487,-1.3383132627465804,27,27,27,PASS
7488,1.6017320797763068,248,248,248,PASS
7489,-0.6982774324741057,75,75,75,PASS
7490,-1.599538012310271,7,7,7,PASS
7491,-1.215889146036992,36,36,36,PASS
7492,-0.17511700811077735,114,114,114,PASS
7493,0.6293064807610553,175,175,175,PASS
7494,-0.3471511164487706,101,101,101,PASS
7495,-0.009178130360956382,127,127,127,PASS
7496,-1.0843132347192825,46,46,46,PASS
7497,1.3669945271031259,230,230,230,PASS
7498,-0.3205253453951522,103,103,103,PASS
7499,-0.739747184191285,72,72,72,PASS
7500,0.4088908278745793,158,158,158,PASS
7501,0.1372529540968932,138,138,138,PASS
7502,-0.6415430398403819,79,79,79,PASS
7503,-1.0049589405949138,52,52,52,PASS
7504,0.1544492365491219,139,139,139,PASS
7505,0.2203071132192349,144,144,144,PASS
7506,1.4659141160864035,238,238,238,PASS
7507,-0.9829913047326133,53,53,53,PASS
7508,-0.4823200511766357,91,91,91,PASS
7509,0.2798313322971413,149,149,149,PASS
7510,0.1709997036173141,140,140,140,PASS
7511,-0.4156145966311231,96,96,96,PASS
7512,1.3801321367543877,231,231,231,PASS
7513,-1.5166660862146055,13,13,13,PASS
7514,-0.5792364351188781,84,84,84,PASS
7515,0.6422395065863233,176,176,176,PASS
7516,-0.9025078370448334,60,60,60,PASS
7517,1.4372822245914867,236,236,236,PASS
7518,-0.8409200643483835,64,64,64,PASS
7519,-1.5104284241488308,14,14,14,PASS
7520,-1.0105476285236024,51,51,51,PASS
7521,0.9092889775124957,196,196,196,PASS
7522,1.5408993319117592,244,244,244,PASS
7523,1.639973803599278,251,251,251,PASS
7524,1.0274416673859743,205,205,205,PASS
7525,0.15801545852813792,139,139,139,PASS
7526,-0.4155527085229105,96,96,96,PASS
7527,-1.0559015801988985,48,48,48,PASS
7528,-0.1817148640166435,114,114,114,PASS
7529,-0.05866742376099254,123,123,123,PASS
7530,-1.496529873364652,15,15,15,PASS
7531,-0.8693771343378692,62,62,62,PASS
7532,1.5732454305468193,246,246,246,PASS
7533,-0.5248249646684555,88,88,88,PASS
7534,-1.334751768886346,27,27,27,PASS
7535,-1.504669506622406,14,14,14,PASS
7536,0.5538606153509187,169,169,169,PASS
7537,-1.1902102058709438,38,38,38,PASS
7538,0.14834190594007968,139,139,139,PASS
7539,1.6566573126538457,252,252,252,PASS
7540,0.9289907377841702,197,197,197,PASS
7541,0.7887016524571091,187,187,187,PASS
7542,1.6341250234680682,251,251,251,PASS
7543,-1.0009141326294713,52,52,52,PASS
7544,-0.6542556320376265,78,78,78,PASS
7545,0.7240952689548894,182,182,182,PASS
7546,1.2488667394945232,222,222,222,PASS
7547,0.32511667503360075,152,152,152,PASS
7548,-0.47216051781558144,92,92,92,PASS
7549,-0.1886069439363931,113,113,113,PASS
7550,0.6157753681345637,174,174,174,PASS
7551,1.5149505032400554,242,242,242,PASS
7552,-1.3368737128330268,27,27,27,PASS
7553,1.5608141240425926,245,245,245,PASS
7554,-1.3208280027530022,28,28,28,PASS
7555,-1.1089512277422184,44,44,44,PASS
7556,-0.1759850316710574,114,114,114,PASS
7557,-1.198986175758884,37,37,37,PASS
7558,0.1832978219108703,141,141,141,PASS
7559,-0.2609706544353365,108,108,108,PASS
7560,-0.7695321290871189,70,70,70,PASS
7561,1.229847190692402,220,220,220,PASS
7562,-0.36871274955609246,100,100,100,PASS
7563,1.0019006995486153,203,203,203,PASS
7564,-0.841845712053244,64,64,64,PASS
7565,0.8874653470002933,194,194,194,PASS
7566,-1.5032074664502102,14,14,14,PASS
7567,0.5054037218402125,166,166,166,PASS
7568,0.7227642857751368,182,182,182,PASS
7569,-0.39605815521988363,98,98,98,PASS
7570,1.1361124672086975,213,213,213,PASS
7571,0.42971827703093735,160,160,160,PASS
7572,-0.6722193332210449,77,77,77,PASS
7573,0.972433261131574,201,201,201,PASS
7574,-0.4982642881446486,90,90,90,PASS
7575,-0.6198611593802485,81,81,81,PASS
7576,-0.38540104534970765,98,98,98,PASS
7577,0.9509197967276994,199,199,199,PASS
7578,0.7905711821320647,187,187,187,PASS
7579,0.2018071285723393,143,143,143,PASS
7580,1.5745455728673392,246,246,246,PASS
7581,0.49772261264207995,165,165,165,PASS
7582,-0.30167131262037783,105,105,105,PASS
7583,1.0843490068498725,209,209,209,PASS
7584,0.42360905665072157,159,159,159,PASS
7585,0.9967137714947725,203,203,203,PASS
7586,0.5875990173331969,172,172,172,PASS
7587,1.3348375792657856,228,228,228,PASS
7588,1.5202287312440663,242,242,242,PASS
7589,1.6043136796513109,248,248,248,PASS
7590,0.9303315048565006,198,198,198,PASS
7591,1.3135629039224972,226,226,226,PASS
7592,-0.7126272587879297,74,74,74,PASS
7593,1.062036081353,207,207,207,PASS
7594,1.4747370654151355,239,239,239,PASS
7595,-0.21193387018518184,112,112,112,PASS
7596,-1.1261531428773977,43,43,43,PASS
7597,-0.8691567420700963,62,62,62,PASS
7598,-0.11772765209681846,119,119,119,PASS
7599,-1.2976664263501911,30,30,30,PASS
7600,0.8574186487031781,192,192,192,PASS
7601,-0.8711368198313052,62,62,62,PASS
7602,-1.3961576272105254,22,22,22,PASS
7603,-0.1034416502247506,120,120,120,PASS
7604,-0.4758754909540519,92,92,92,PASS
7605,-1.4967284260720701,15,15,15,PASS
7606,-0.14591008514211623,117,117,117,PASS
7607,-0.9658015644205452,55,55,55,PASS
7608,-1.3225958712019168,28,28,28,PASS
7609,-1.3849072440626666,23,23,23,PASS
7610,0.5032760659240496,165,165,165,PASS
7611,0.9940273367366046,202,202,202,PASS
7612,-1.2349039724338773,35,35,35,PASS
7613,0.7090639007541479,181,181,181,PASS
7614,0.537508609525841,168,168,168,PASS
7615,0.17356716009361883,141,141,141,PASS
7616,0.1638530074769311,140,140,140,PASS
7617,0.7052687654120737,181,181,181,PASS
7618,-0.9709681562783053,54,54,54,PASS
7619,-0.7328696403785641,72,72,72,PASS
7620,-0.008934636239985583,127,127,127,PASS
7621,0.7226877499832158,182,182,182,PASS
7622,-0.9062612017627732,59,59,59,PASS
7623,-1.01321061543634,51,51,51,PASS
7624,0.02866385709557795,130,130,130,PASS
7625,-0.3688742193715766,100,100,100,PASS
7626,1.5972829744316417,248,248,248,PASS
7627,-0.07592854173426433,122,122,122,PASS
7628,0.7949271733023224,187,187,187,PASS
7629,-1.3750109751330968,24,24,24,PASS
7630,-0.7172703790532958,73,73,73,PASS
7631,1.6771144424971267,254,254,254,PASS
7632,0.9876885458649565,202,202,202,PASS
7633,1.0898766398780524,210,210,210,PASS
7634,-1.2510965650741521,33,33,33,PASS
7635,1.0413753892606417,206,206,206,PASS
7636,-0.2692356525867299,107,107,107,PASS
7637,-1.5524690497215674,11,11,11,PASS
7638,-0.37444484765652875,99,99,99,PASS
7639,0.6204229001141404,174,174,174,PASS
7640,-0.22506701545980068,111,111,111,PASS
7641,0.18391619235889034,141,141,141,PASS
7642,1.5251262030964072,242,242,242,PASS
7643,-1.3671650848989338,25,25,25,PASS
7644,0.13569440303163693,138,138,138,PASS
7645,-1.025596350860741,50,50,50,PASS
7646,0.8051424698125296,188,188,188,PASS
7647,-0.418997347835514,96,96,96,PASS
7648,1.150169010984872,214,214,214,PASS
7649,0.19109743769432974,142,142,142,PASS
7650,0.24698500719360594,146,146,146,PASS
7651,1.5252199329682135,242,242,242,PASS
7652,0.8444811709104398,191,191,191,PASS
7653,-1.0123030262278867,51,51,51,PASS
7654,1.3153757415845642,227,227,227,PASS
7655,-0.7715548296939292,69,69,69,PASS
7656,-0.06578133942961073,123,123,123,PASS
7657,-0.8631381295029393,63,63,63,PASS
7658,-0.53056541595099,88,88,88,PASS
7659,-1.0806839372439812,46,46,46,PASS
7660,0.5992933303493795,173,173,173,PASS
7661,1.6893089878600713,255,255,255,PASS
7662,0.9802287512718542,201,201,201,PASS
7663,-0.9154968654771289,59,59,59,PASS
7664,0.3397125121117399,153,153,153,PASS
7665,0.023035290565516675,129,129,129,PASS
7666,-0.998886277891401,52,52,52,PASS
7667,0.6959465609284761,180,180,180,PASS
7668,1.3393419517318266,228,228,228,PASS
7669,-1.4578742603750114,18,18,18,PASS
7670,0.852669797960276,192,192,192,PASS
7671,-0.3173247203563152,104,104,104,PASS
7672,-0.6004095718013116,82,82,82,PASS
7673,1.6797060569073208,254,254,254,PASS
7674,-0.6769064566359024,77,77,77,PASS
7675,0.07853350903029366,133,133,133,PASS
7676,0.4172103226619923,159,159,159,PASS
7677,1.0955712535562092,210,210,210,PASS
7678,-0.4498754527616464,94,94,94,PASS
7679,0.993684944857234,202,202,202,PASS
7680,-0.9516817172632641,56,56,56,PASS
7681,1.5933845760797476,247,247,247,PASS
7682,0.03557879421348131,130,130,130,PASS
7683,-1.1592960428318444,40,40,40,PASS
7684,1.695879400700912,255,255,255,PASS
7685,1.012334050827467,204,204,204,PASS
7686,0.36836716704669015,155,155,155,PASS
7687,0.6226114283824387,174,174,174,PASS
7688,0.8352945643772827,190,190,190,PASS
7689,-1.4167327216815508,21,21,21,PASS
7690,1.2115583010963913,219,219,219,PASS
7691,-1.5399325695989792,12,12,12,PASS
7692,-1.5535222796028894,11,11,11,PASS
7693,-1.6855764609385597,1,1,1,PASS
7694,1.6607621206253655,253,253,253,PASS
7695,-1.279177417578269,31,31,31,PASS
7696,-0.8340241266028458,65,65,65,PASS
7697,-0.23510038451825488,110,110,110,PASS
7698,0.11964178573895667,137,137,137,PASS
7699,0.9449830236669918,199,199,199,PASS
7700,0.6795565920666198,179,179,179,PASS
7701,0.9807592504006204,201,201,201,PASS
7702,1.4113523916247284,234,234,234,PASS
7703,-1.1188932394553484,43,43,43,PASS
7704,1.2872920897986846,224,224,224,PASS
7705,-0.13750294428390974,117,117,117,PASS
7706,0.26666636669571697,148,148,148,PASS
7707,-1.529419540075579,12,12,12,PASS
7708,-0.28514708929333166,106,106,106,PASS
7709,1.1736591329352015,216,216,216,PASS
7710,-0.3550204443813796,101,101,101,PASS
7711,-0.10088529787444545,120,120,120,PASS
7712,1.5994294507068412,248,248,248,PASS
7713,1.4739215162463493,238,238,238,PASS
7714,-1.4662843631141118,17,17,17,PASS
7715,-0.49289832880910023,90,90,90,PASS
7716,-1.2948667882665854,30,30,30,PASS
7717,-1.294195071937754,30,30,30,PASS
7718,-1.2414999024030289,34,34,34,PASS
7719,1.0524015187652378,207,207,207,PASS
7720,0.7223840454259476,182,182,182,PASS
7721,-0.8113723503231274,66,66,66,PASS
7722,-1.2767503464359975,31,31,31,PASS
7723,-0.6502697329741693,79,79,79,PASS
7724,-0.33507029828621726,102,102,102,PASS
7725,-0.6607966184775711,78,78,78,PASS
7726,-0.8918205543441616,60,60,60,PASS
7727,1.628929741552368,250,250,250,PASS
7728,-1.0395302838253588,49,49,49,PASS
7729,-1.3886741395985853,23,23,23,PASS
7730,0.7294407103088132,182,182,182,PASS
7731,-1.2868386375135181,31,31,31,PASS
7732,-1.2344622765928632,35,35,35,PASS
7733,-1.067756270904328,47,47,47,PASS
7734,0.28719333915947964,149,149,149,PASS
7735,-1.3303016666281762,27,27,27,PASS
7736,0.12347201977999522,137,137,137,PASS
7737,-0.08941672043155569,121,121,121,PASS
7738,-0.22219786954544718,111,111,111,PASS
7739,-1.6878033648412234,0,0,0,PASS
7740,-0.18608378109761992,113,113,113,PASS
7741,0.7358829294020592,183,183,183,PASS
7742,1.5932466105849434,247,247,247,PASS
7743,-1.4137314644181833,21,21,21,PASS
7744,0.45863661641827735,162,162,162,PASS
7745,0.4005603916008187,158,158,158,PASS
7746,1.4286581545100632,235,235,235,PASS
7747,0.4452823782633677,161,161,161,PASS
7748,0.14650666857033245,139,139,139,PASS
7749,-0.6796742669239588,76,76,76,PASS
7750,-0.24297232878577457,109,109,109,PASS
7751,1.0836175840322253,209,209,209,PASS
7752,-1.0811995013356455,46,46,46,PASS
7753,1.5090959778219137,241,241,241,PASS
7754,-0.001138236224961453,127,127,127,PASS
7755,-0.4217146513658925,96,96,96,PASS
7756,1.5729054692395004,246,246,246,PASS
7757,1.1032262144667004,211,211,211,PASS
7758,-1.418603229679137,21,21,21,PASS
7759,-0.08788316566154086,121,121,121,PASS
7760,-1.6675843967886887,2,2,2,PASS
7761,1.4867256106829918,239,239,239,PASS
7762,-0.6281107397414467,80,80,80,PASS
7763,1.2801842798136385,224,224,224,PASS
7764,0.3277147093544779,152,152,152,PASS
7765,-0.058708689440007955,123,123,123,PASS
7766,0.7824930129514638,186,186,186,PASS
7767,-1.278250158755306,31,31,31,PASS
7768,1.2202564828090898,219,219,219,PASS
7769,-0.50622484717014,89,89,89,PASS
7770,-0.11335182110330244,119,119,119,PASS
7771,0.9893106241565619,202,202,202,PASS
7772,-0.11403961810088314,119,119,119,PASS
7773,0.8110048935012737,189,189,189,PASS
7774,1.5854335848871923,247,247,247,PASS
7775,0.12855232005638917,137,137,137,PASS
7776,-1.2873696173041556,31,31,31,PASS
7777,-0.7148745486975506,74,74,74,PASS
7778,0.8513230168709149,192,192,192,PASS
7779,0.5279356114659814,167,167,167,PASS
7780,-1.2494569317632944,33,33,33,PASS
7781,-0.2855498535246974,106,106,106,PASS
7782,-0.5877773064840013,83,83,83,PASS
7783,-0.4579111018052304,93,93,93,PASS
7784,-0.35875905499522176,100,100,100,PASS
7785,1.4091258795486705,234,234,234,PASS
7786,-0.8114048892800932,66,66,66,PASS
7787,-0.49788665296418366,90,90,90,PASS
7788,-1.001714215475938,52,52,52,PASS
7789,0.08523600008374932,134,134,134,PASS
7790,1.489565417900814,240,240,240,PASS
7791,-0.12268284483780967,118,118,118,PASS
7792,-1.5066898534533244,14,14,14,PASS
7793,0.45763118482467013,162,162,162,PASS
7794,-1.3294484895354854,27,27,27,PASS
7795,-0.7284456213462615,73,73,73,PASS
7796,-1.6146891998967121,6,6,6,PASS
7797,-0.7647321953483663,70,70,70,PASS
7798,-1.4331155816565135,20,20,20,PASS
7799,1.4221470069768383,235,235,235,PASS
7800,-0.24137405178582783,109,109,109,PASS
7801,0.8821506155254999,194,194,194,PASS
7802,-0.22155310220863522,111,111,111,PASS
7803,-0.13539293829888654,117,117,117,PASS
7804,0.42959853245999313,160,160,160,PASS
7805,0.05690719785803933,132,132,132,PASS
7806,-1.5628196274859079,10,10,10,PASS
7807,0.4788404300471043,164,164,164,PASS
7808,-1.298855799040533,30,30,30,PASS
7809,-0.52536412907852,88,88,88,PASS
7810,1.2525171311047167,222,222,222,PASS
7811,-0.402363951839519,97,97,97,PASS
7812,1.3182193020175468,227,227,227,PASS
7813,-1.0669448033740754,47,47,47,PASS
7814,0.8873104114237,194,194,194,PASS
7815,-0.28577762157422004,106,106,106,PASS
7816,1.6533345631317122,252,252,252,PASS
7817,1.5390038190622242,243,243,243,PASS
7818,-0.8760131868994466,62,62,62,PASS
7819,-1.4477720420721982,18,18,18,PASS
7820,0.22134348105890012,144,144,144,PASS
7821,-0.8293087241693498,65,65,65,PASS
7822,-0.2083071065686528,112,112,112,PASS
7823,0.22935279566517197,145,145,145,PASS
7824,-0.002389362749066093,127,127,127,PASS
7825,-0.40140733347992685,97,97,97,PASS
7826,-0.4104656402309119,97,97,97,PASS
7827,-0.5143268342022356,89,89,89,PASS
7828,1.2772387842697313,224,224,224,PASS
7829,1.6831043168425157,254,254,254,PASS
7830,-0.3746988192709402,99,99,99,PASS
7831,0.43977480676394554,161,161,161,PASS
7832,0.17038738113932372,140,140,140,PASS
7833,-0.08694379675807462,121,121,121,PASS
7834,0.05353967469860765,132,132,132,PASS
7835,-0.7262919973913449,73,73,73,PASS
7836,-0.6615926909835246,78,78,78,PASS
7837,0.15405640560809397,139,139,139,PASS
7838,-1.1598445788572844,40,40,40,PASS
7839,-0.5601115748051495,85,85,85,PASS
7840,-0.7498348302985868,71,71,71,PASS
7841,0.3355888697190774,153,153,153,PASS
7842,0.5332738677411661,168,168,168,PASS
7843,0.005105288600028679,128,128,128,PASS
7844,1.5526661577908796,244,244,244,PASS
7845,-0.4587968085532841,93,93,93,PASS
7846,0.7530171939476633,184,184,184,PASS
7847,-0.970437851852007,54,54,54,PASS
7848,0.97058123899798,201,201,201,PASS
7849,1.0423021500673693,206,206,206,PASS
7850,-0.95659855277774,55,55,55,PASS
7851,1.3901427342370851,232,232,232,PASS
7852,1.476143486993308,239,239,239,PASS
7853,1.1782257149908963,216,216,216,PASS
7854,-0.16426363686032586,115,115,115,PASS
7855,-1.5985078597937614,7,7,7,PASS
7856,-0.29646806513585977,105,105,105,PASS
7857,0.23633588343146417,145,145,145,PASS
7858,-1.4310500327610378,20,20,20,PASS
7859,-0.7045859215182882,74,74,74,PASS
7860,-1.3184601482117797,28,28,28,PASS
7861,-0.5651384307781979,85,85,85,PASS
7862,-0.7155228548914696,74,74,74,PASS
7863,-1.0684921759295292,47,47,47,PASS
7864,-1.5585498504325366,10,10,10,PASS
7865,-0.5566928823334456,86,86,86,PASS
7866,-1.5754135138568344,9,9,9,PASS
7867,1.6592546704779563,252,252,252,PASS
7868,1.5234800938778637,242,242,242,PASS
7869,0.5432127052928555,168,168,168,PASS
7870,-0.8429769827150576,64,64,64,PASS
7871,0.5265183907725521,167,167,167,PASS
7872,0.7693930439623304,185,185,185,PASS
7873,0.38362764178970754,156,156,156,PASS
7874,0.8447920386413161,191,191,191,PASS
7875,-0.33749456624278307,102,102,102,PASS
7876,0.5830029584960668,171,171,171,PASS
7877,-0.09466793579555821,120,120,120,PASS
7878,-0.33143977808417646,103,103,103,PASS
7879,0.5531625015676587,169,169,169,PASS
7880,-1.053556524595315,48,48,48,PASS
7881,1.2194214797271996,219,219,219,PASS
7882,0.682394409842481,179,179,179,PASS
7883,-0.0510524353673556,124,124,124,PASS
7884,-0.47835345961493125,91,91,91,PASS
7885,-0.9800497290951131,54,54,54,PASS
7886,1.5840957088152654,247,247,247,PASS
7887,-0.18980474013634652,113,113,113,PASS
7888,-0.7469678313527374,71,71,71,PASS
7889,0.24022120111552625,146,146,146,PASS
7890,-0.09980828527376451,120,120,120,PASS
7891,-1.5431210227607677,11,11,11,PASS
7892,-0.4933927104214131,90,90,90,PASS
7893,1.242118494544023,221,221,221,PASS
7894,0.6093931953265865,173,173,173,PASS
7895,1.3955294821694093,233,233,233,PASS
7896,0.10107309493601346,135,135,135,PASS
7897,0.32327245608619104,152,152,152,PASS
7898,-0.2923285248694101,105,105,105,PASS
7899,1.002000121977087,203,203,203,PASS
7900,-0.13891871649655174,117,117,117,PASS
7901,1.4894800192492383,240,240,240,PASS
7902,0.749168226479741,184,184,184,PASS
7903,-0.6704115362890342,77,77,77,PASS
7904,-1.4232595014841616,20,20,20,PASS
7905,-0.5572083397656207,86,86,86,PASS
7906,0.13370705284077977,138,138,138,PASS
7907,0.41615887781202665,159,159,159,PASS
7908,-0.9632251831279025,55,55,55,PASS
7909,1.236596886418712,221,221,221,PASS
7910,-0.5221464506714728,88,88,88,PASS
7911,0.6966706817326311,180,180,180,PASS
7912,-1.1962653055948884,37,37,37,PASS
7913,-1.1739477209557236,39,39,39,PASS
7914,-0.5122018429329362,89,89,89,PASS
7915,-1.1193643129938768,43,43,43,PASS
7916,1.3493781319008782,229,229,229,PASS
7917,0.33983440849313884,153,153,153,PASS
7918,1.6616952780875416,253,253,253,PASS
7919,0.7212540893202195,182,182,182,PASS
7920,-0.4747976451297746,92,92,92,PASS
7921,-0.11272290371506721,119,119,119,PASS
7922,0.093175753943334,135,135,135,PASS
7923,1.6920979494614101,255,255,255,PASS
7924,0.3643434971937023,155,155,155,PASS
7925,0.9909072132688872,202,202,202,PASS
7926,-0.4441480042172079,94,94,94,PASS
7927,0.44509550984566126,161,161,161,PASS
7928,-0.9013858512042018,60,60,60,PASS
7929,-0.28463645961506256,106,106,106,PASS
7930,-0.9343142326121106,57,57,57,PASS
7931,-0.38230630640374197,99,99,99,PASS
7932,-0.3912679653999578,98,98,98,PASS
7933,-0.45266297720656223,93,93,93,PASS
7934,-1.6014097075784508,7,7,7,PASS
7935,0.15120267945632349,139,139,139,PASS
7936,0.28359261038815964,149,149,149,PASS
7937,0.9646476807206967,200,200,200,PASS
7938,0.2496865151253207,146,146,146,PASS
7939,0.8031548355332079,188,188,188,PASS
7940,1.1733208871532048,216,216,216,PASS
7941,-1.125051337039522,43,43,43,PASS
7942,0.6942652807707972,180,180,180,PASS
7943,-0.0176351234840042,126,126,126,PASS
7944,0.6359142122991928,175,175,175,PASS
7945,-0.25433380215931267,108,108,108,PASS
7946,-1.4483756621576296,18,18,18,PASS
7947,-0.37309870995262884,99,99,99,PASS
7948,-0.5943950184609073,83,83,83,PASS
7949,-0.8481354526988101,64,64,64,PASS
7950,-1.5978549186006314,7,7,7,PASS
7951,-1.0273958403827081,50,50,50,PASS
7952,1.579520566792907,246,246,246,PASS
7953,-1.147741978343658,41,41,41,PASS
7954,-0.36706166544559293,100,100,100,PASS
7955,-0.5614749428252694,85,85,85,PASS
7956,0.004614070790816438,128,128,128,PASS
7957,-0.05553381552506775,123,123,123,PASS
7958,-0.10587454047005562,120,120,120,PASS
7959,-0.7987409180725527,67,67,67,PASS
7960,-1.62107375278462,5,5,5,PASS
7961,0.6507881182657929,177,177,177,PASS
7962,-0.8381505527172725,64,64,64,PASS
7963,0.44032543520864187,161,161,161,PASS
7964,-1.4674902435592356,17,17,17,PASS
7965,-0.13462602549974956,117,117,117,PASS
7966,-0.7637175172392385,70,70,70,PASS
7967,1.5409918942364242,244,244,244,PASS
7968,1.0344181345880747,205,205,205,PASS
7969,-1.1175030277200113,43,43,43,PASS
7970,0.5088757406798148,166,166,166,PASS
7971,-1.2019815241264729,37,37,37,PASS
7972,-0.13146848331008387,118,118,118,PASS
7973,-0.9852814486159188,53,53,53,PASS
7974,-0.18856351984386222,113,113,113,PASS
7975,-1.512033028723017,14,14,14,PASS
7976,-1.340318645118907,27,27,27,PASS
7977,0.31627727524905747,151,151,151,PASS
7978,-0.26490048038176495,108,108,108,PASS
7979,0.1542649469880477,139,139,139,PASS
7980,1.4530140114177634,237,237,237,PASS
7981,-0.758887207474053,70,70,70,PASS
7982,-1.4423014906628464,19,19,19,PASS
7983,-0.37911444088197666,99,99,99,PASS
7984,-0.5776069683081526,84,84,84,PASS
7985,-0.2577053230512585,108,108,108,PASS
7986,-1.489583821374074,15,15,15,PASS
7987,0.8373448884661097,191,191,191,PASS
7988,-1.171039992041591,39,39,39,PASS
7989,-0.635537901063485,80,80,80,PASS
7990,-1.3495534707302763,26,26,26,PASS
7991,0.4025931264611289,158,158,158,PASS
7992,0.9783013952277824,201,201,201,PASS
7993,0.5022012807304208,165,165,165,PASS
7994,-1.0536089917900298,48,48,48,PASS
7995,-1.4402562492760291,19,19,19,PASS
7996,-1.2209489782687242,36,36,36,PASS
7997,-1.4177464225667167,21,21,21,PASS
7998,-1.1249509855793585,43,43,43,PASS
7999,1.0491130572274432,206,206,206,PASS
8000,-0.16879211934739313,115,115,115,PASS
8001,-1.4428170241606886,19,19,19,PASS
8002,-1.3269449785938807,28,28,28,PASS
8003,0.11253727153601223,136,136,136,PASS
8004,1.6215465510743783,250,250,250,PASS
8005,1.247388771234114,221,221,221,PASS
8006,-1.319656424518203,28,28,28,PASS
8007,0.5386662018546995,168,168,168,PASS
8008,1.101801777649096,210,210,210,PASS
8009,0.8962576285968951,195,195,195,PASS
8010,-0.7875785474403605,68,68,68,PASS
8011,1.694652835507892,255,255,255,PASS
8012,-0.7672426467301233,70,70,70,PASS
8013,1.5754169165071363,246,246,246,PASS
8014,-0.35409376894709244,101,101,101,PASS
8015,-0.35596108932926707,101,101,101,PASS
8016,0.7843251174714665,187,187,187,PASS
8017,0.5694554326254144,170,170,170,PASS
8018,1.3027965159419688,226,226,226,PASS
8019,1.4520839151829807,237,237,237,PASS
8020,-0.6884398652543768,76,76,76,PASS
8021,-0.8136011987547793,66,66,66,PASS
8022,1.1363970104408303,213,213,213,PASS
8023,-1.0548997722898048,48,48,48,PASS
8024,-0.6799422806396791,76,76,76,PASS
8025,1.0332266179939145,205,205,205,PASS
8026,1.2897858318274247,225,225,225,PASS
8027,-0.954957909834939,56,56,56,PASS
8028,1.0292820782375578,205,205,205,PASS
8029,0.1834577008935374,141,141,141,PASS
8030,1.111049605620947,211,211,211,PASS
8031,-1.1513877485507855,41,41,41,PASS
8032,-1.3436630977674315,26,26,26,PASS
8033,1.1511866382171114,214,214,214,PASS
8034,-0.2170499363871441,111,111,111,PASS
8035,-1.2001990770574409,37,37,37,PASS
8036,0.9391341259361796,198,198,198,PASS
8037,1.3301343417092555,228,228,228,PASS
8038,0.9152355921735775,196,196,196,PASS
8039,-1.416740686295848,21,21,21,PASS
8040,0.21018868207227603,143,143,143,PASS
8041,0.7036810890581224,180,180,180,PASS
8042,-1.2904164717864632,30,30,30,PASS
8043,1.5378767922066354,243,243,243,PASS
8044,-0.957461973849304,55,55,55,PASS
8045,0.5543910094130349,169,169,169,PASS
8046,-0.49532411803051146,90,90,90,PASS
8047,1.5684717895414069,246,246,246,PASS
8048,0.02564591218596779,129,129,129,PASS
8049,1.0806176660329456,209,209,209,PASS
8050,-1.621954936639613,5,5,5,PASS
8051,0.2805154072140703,149,149,149,PASS
8052,-0.635645643064944,80,80,80,PASS
8053,0.449277889241398,161,161,161,PASS
8054,-0.3708951700213814,100,100,100,PASS
8055,-0.41830292484297327,96,96,96,PASS
8056,-0.1258740137905312,118,118,118,PASS
8057,-0.08977870405772381,121,121,121,PASS
8058,0.8448797047240431,191,191,191,PASS
8059,0.9065073681917217,196,196,196,PASS
8060,-0.9030386184976393,60,60,60,PASS
8061,1.4086863793599538,234,234,234,PASS
8062,1.4777941302435542,239,239,239,PASS
8063,0.5166013106600447,166,166,166,PASS
8064,1.6820438561895148,254,254,254,PASS
8065,-1.0372220890657378,49,49,49,PASS
8066,1.5710168772823134,246,246,246,PASS
8067,-0.2719589687105739,107,107,107,PASS
8068,-1.2767951725114917,31,31,31,PASS
8069,-0.21896644105732554,111,111,111,PASS
8070,1.0039221399043383,203,203,203,PASS
8071,0.31560097968124023,151,151,151,PASS
8072,1.6396971490114793,251,251,251,PASS
8073,0.26398936789289085,147,147,147,PASS
8074,0.6798753074206918,179,179,179,PASS
8075,1.074852730382316,208,208,208,PASS
8076,0.6052396534021971,173,173,173,PASS
8077,-0.7775767784107886,69,69,69,PASS
8078,0.30073248701220634,150,150,150,PASS
8079,1.459103291446125,237,237,237,PASS
8080,-0.5055358240552215,89,89,89,PASS
8081,-0.7756830927852276,69,69,69,PASS
8082,-1.6008921126836675,7,7,7,PASS
8083,-1.430209328381723,20,20,20,PASS
8084,-1.0362613251173545,49,49,49,PASS
8085,-1.5232916608467149,13,13,13,PASS
8086,0.019095322773998724,129,129,129,PASS
8087,0.5977100290839068,173,173,173,PASS
8088,-0.370956470980893,100,100,100,PASS
8089,0.7155875310427351,181,181,181,PASS
8090,0.9906177139392691,202,202,202,PASS
8091,-1.1832739488671054,38,38,38,PASS
8092,0.5635340582487667,170,170,170,PASS
8093,-1.357209216978933,25,25,25,PASS
8094,-0.3715485646119787,100,100,100,PASS
8095,0.9290097922234823,197,197,197,PASS
8096,-0.5047557442494988,89,89,89,PASS
8097,-0.5717058935583026,84,84,84,PASS
8098,-0.4336861277758066,95,95,95,PASS
8099,1.4741634058642543,238,238,238,PASS
8100,0.5404870075908172,168,168,168,PASS
8101,0.573751397728427,171,171,171,PASS
8102,1.013844515498591,204,204,204,PASS
8103,0.7876146010060874,187,187,187,PASS
8104,0.6804668972955741,179,179,179,PASS
8105,0.3702893927231845,155,155,155,PASS
8106,-0.9224996103319294,58,58,58,PASS
8107,1.1773576809192583,216,216,216,PASS
8108,-1.2892748662036015,30,30,30,PASS
8109,1.001139695184594,203,203,203,PASS
8110,-1.226673107619052,35,35,35,PASS
8111,-0.11907633349577718,119,119,119,PASS
8112,-1.195208497926919,38,38,38,PASS
8113,0.8858435093699273,194,194,194,PASS
8114,0.5156958863136103,166,166,166,PASS
8115,1.3856794008117295,232,232,232,PASS
8116,-0.696099503972224,75,75,75,PASS
8117,0.24789888987405728,146,146,146,PASS
8118,-0.8899905554382099,60,60,60,PASS
8119,-0.20754084682774754,112,112,112,PASS
8120,0.21392978837966092,144,144,144,PASS
8121,1.5694228524449378,246,246,246,PASS
8122,-1.397826939715179,22,22,22,PASS
8123,-0.5672576977006674,85,85,85,PASS
8124,-1.267209234169052,32,32,32,PASS
8125,-0.5444086930507115,87,87,87,PASS
8126,-1.667730033884655,2,2,2,PASS
8127,-1.1773115970205335,39,39,39,PASS
8128,1.6404184343517538,251,251,251,PASS
8129,-1.2872717527581305,31,31,31,PASS
8130,-1.6135873251070685,6,6,6,PASS
8131,-0.05920013498558596,123,123,123,PASS
8132,1.3322193574022017,228,228,228,PASS
8133,-0.19731002692939348,113,113,113,PASS
8134,1.3301041776281555,228,228,228,PASS
8135,0.09268252482533579,134,134,134,PASS
8136,-0.5857333020278033,83,83,83,PASS
8137,1.0467042334081296,206,206,206,PASS
8138,-0.5990413946375355,82,82,82,PASS
8139,-1.5820928183322014,8,8,8,PASS
8140,-0.3580338989007854,101,101,101,PASS
8141,-0.9364456367802099,57,57,57,PASS
8142,-1.4005694106822273,22,22,22,PASS
8143,-0.9816527859261747,54,54,54,PASS
8144,-1.415589771775601,21,21,21,PASS
8145,-0.8046682628218799,67,67,67,PASS
8146,0.15965970733645585,140,140,140,PASS
8147,0.5205666822313535,167,167,167,PASS
8148,1.385161419954802,232,232,232,PASS
8149,-1.345374752857417,26,26,26,PASS
8150,-0.8511479097138046,63,63,63,PASS
8151,-0.29508052335097656,105,105,105,PASS
8152,1.4675562366298476,238,238,238,PASS
8153,-0.7843610505847083,68,68,68,PASS
8154,-0.06161156251172417,123,123,123,PASS
8155,-0.9590487539576477,55,55,55,PASS
8156,1.6059990021670465,248,248,248,PASS
8157,0.5271663350416402,167,167,167,PASS
8158,0.006272934405389341,128,128,128,PASS
8159,-0.32626171373865454,103,103,103,PASS
8160,1.3212678726717952,227,227,227,PASS
8161,1.6859558650033077,254,254,254,PASS
8162,0.7761253453070458,186,186,186,PASS
8163,0.29389319745518705,150,150,150,PASS
8164,1.5247467105435708,242,242,242,PASS
8165,1.6201820969607417,249,249,249,PASS
8166,-1.279386350764223,31,31,31,PASS
8167,1.2630837064996407,223,223,223,PASS
8168,0.820263911109927,189,189,189,PASS
8169,0.9844450582310922,202,202,202,PASS
8170,0.18211492199022006,141,141,141,PASS
8171,1.566217378992907,245,245,245,PASS
8172,0.4836869619319797,164,164,164,PASS
8173,0.19348776875517704,142,142,142,PASS
8174,1.0791492480971037,209,209,209,PASS
8175,-1.516733446586038,13,13,13,PASS
8176,-0.4015427399471132,97,97,97,PASS
8177,0.8818192919209189,194,194,194,PASS
8178,-1.539021725678928,12,12,12,PASS
8179,-0.7556345033245064,71,71,71,PASS
8180,-0.02097649094219145,126,126,126,PASS
8181,0.9332152080572957,198,198,198,PASS
8182,0.593011445920175,172,172,172,PASS
8183,1.0135933277134204,204,204,204,PASS
8184,1.651576398484914,252,252,252,PASS
8185,0.4012439431339694,158,158,158,PASS
8186,0.5168667762961887,166,166,166,PASS
8187,-0.8276021580058046,65,65,65,PASS
8188,1.225225488054593,220,220,220,PASS
8189,-1.6724996443136007,2,2,2,PASS
8190,0.5847595006124566,172,172,172,PASS
8191,-1.4932568454648718,15,15,15,PASS
8192,0.2792241617284563,149,149,149,PASS
8193,1.0711921734076986,208,208,208,PASS
8194,1.5398476269916588,243,243,243,PASS
8195,-0.6121264820349115,81,81,81,PASS
8196,0.853027369937766,192,192,192,PASS
8197,-1.5139556515210186,14,14,14,PASS
8198,1.1707724507185608,216,216,216,PASS
8199,1.5188006832501342,242,242,242,PASS
8200,1.3154259244779454,227,227,227,PASS
8201,0.619284748882724,174,174,174,PASS
8202,0.07384063581850486,133,133,133,PASS
8203,-0.7069749726253536,74,74,74,PASS
8204,-0.795468362659567,68,68,68,PASS
8205,-0.9141304884446847,59,59,59,PASS
8206,-0.7431383992271372,72,72,72,PASS
8207,-0.08646380417481048,121,121,121,PASS
8208,0.8653436130996914,193,193,193,PASS
8209,0.798285782828039,188,188,188,PASS
8210,1.026531415730379,205,205,205,PASS
8211,0.596820787297079,172,172,172,PASS
8212,0.8774062929803368,194,194,194,PASS
8213,0.3252383705201167,152,152,152,PASS
8214,-0.7128839291535326,74,74,74,PASS
8215,0.6904783199799647,179,179,179,PASS
8216,1.6461194939856723,251,251,251,PASS
8217,1.2296647391311784,220,220,220,PASS
8218,-0.7119772403406084,74,74,74,PASS
8219,0.47878293740093203,164,164,164,PASS
8220,-0.9069770197099423,59,59,59,PASS
8221,-0.5679542361891874,85,85,85,PASS
8222,0.20758407203756768,143,143,143,PASS
8223,1.6846018890332701,254,254,254,PASS
8224,1.5241244260137539,242,242,242,PASS
8225,-1.6626856433676127,2,2,2,PASS
8226,1.283817217422648,224,224,224,PASS
8227,1.5463318114652018,244,244,244,PASS
8228,1.0436231236914069,206,206,206,PASS
8229,-0.777601257338601,69,69,69,PASS
8230,0.3437686782072047,153,153,153,PASS
8231,0.4221056322009036,159,159,159,PASS
8232,0.2857869540767135,149,149,149,PASS
8233,-0.9870408799239783,53,53,53,PASS
8234,-0.5299135408084004,88,88,88,PASS
8235,1.0791823385707617,209,209,209,PASS
8236,-0.7329694109784628,72,72,72,PASS
8237,-1.0413413913190128,49,49,49,PASS
8238,-1.011302835559862,51,51,51,PASS
8239,0.7431470025940514,183,183,183,PASS
8240,1.5748545589289298,246,246,246,PASS
8241,-0.9986734149631239,52,52,52,PASS
8242,-0.17203062583906004,115,115,115,PASS
8243,-0.7025409159234813,75,75,75,PASS
8244,-0.8332866476187205,65,65,65,PASS
8245,-1.6763861797278978,1,1,1,PASS
8246,1.3256605665014713,227,227,227,PASS
8247,-0.6765078120549519,77,77,77,PASS
8248,0.715357687185773,181,181,181,PASS
8249,1.4099628562236106,234,234,234,PASS
8250,-0.17155605717414457,115,115,115,PASS
8251,-1.4420955879297912,19,19,19,PASS
8252,1.531379419505112,243,243,243,PASS
8253,1.392958148383561,232,232,232,PASS
8254,-1.323328024327295,28,28,28,PASS
8255,-0.4407742346523802,94,94,94,PASS
8256,1.0963116573212333,210,210,210,PASS
8257,-1.1658324805153457,40,40,40,PASS
8258,-0.008952464718786413,127,127,127,PASS
8259,0.2552880824127992,147,147,147,PASS
8260,-0.6237134141067922,81,81,81,PASS
8261,1.1416860635867454,213,213,213,PASS
8262,0.2414094973667198,146,146,146,PASS
8263,1.1925408826787118,217,217,217,PASS
8264,0.6906485545887595,180,180,180,PASS
8265,-0.27560052249619416,107,107,107,PASS
8266,-1.1612208620118272,40,40,40,PASS
8267,0.5192001571695533,167,167,167,PASS
8268,-0.4792818809277575,91,91,91,PASS
8269,-0.06852577511860813,122,122,122,PASS
8270,-1.2677676611451842,32,32,32,PASS
8271,0.954708158364822,199,199,199,PASS
8272,1.1077774434135923,211,211,211,PASS
8273,1.6189463940101272,249,249,249,PASS
8274,0.36661152267154073,155,155,155,PASS
8275,-0.9476956519348834,56,56,56,PASS
8276,1.3881255783205002,232,232,232,PASS
8277,-1.6551844034130716,3,3,3,PASS
8278,-0.28825993463028743,106,106,106,PASS
8279,-0.3885803595417008,98,98,98,PASS
8280,0.1943905965778714,142,142,142,PASS
8281,-0.5293498955733991,88,88,88,PASS
8282,-0.15667483715738872,116,116,116,PASS
8283,0.5919739576740752,172,172,172,PASS
8284,0.1335421699545758,138,138,138,PASS
8285,-1.6536471601959188,3,3,3,PASS
8286,-1.1630404101567335,40,40,40,PASS
8287,-1.6092964872749116,6,6,6,PASS
8288,1.557572551181939,245,245,245,PASS
8289,-0.6949749808545644,75,75,75,PASS
8290,1.2542356014158507,222,222,222,PASS
8291,0.13699276562761176,138,138,138,PASS
8292,0.20667640814823773,143,143,143,PASS
8293,-1.0485046887494986,49,49,49,PASS
8294,-1.4088569206528891,21,21,21,PASS
8295,0.03806618385889604,130,130,130,PASS
8296,-0.9231500951778694,58,58,58,PASS
8297,1.6053663778076597,248,248,248,PASS
8298,0.8492169573997861,191,191,191,PASS
8299,-1.3580050696367232,25,25,25,PASS
8300,-0.5675945887234517,85,85,85,PASS
8301,0.6995211807081902,180,180,180,PASS
8302,0.6357539901826217,175,175,175,PASS
8303,0.3950504728449993,157,157,157,PASS
8304,1.5240627599006256,242,242,242,PASS
8305,-1.5073510427168029,14,14,14,PASS
8306,1.2944460381304081,225,225,225,PASS
8307,0.29232145257390507,150,150,150,PASS
8308,1.0747991138841815,208,208,208,PASS
8309,-1.4274659613373761,20,20,20,PASS
8310,-1.3081452765574906,29,29,29,PASS
8311,1.0553226447188464,207,207,207,PASS
8312,0.7090487322585852,181,181,181,PASS
8313,-0.7006814977995075,75,75,75,PASS
8314,-0.3069852081310491,104,104,104,PASS
8315,0.9265313405945184,197,197,197,PASS
8316,0.8448858177595848,191,191,191,PASS
8317,0.7987816187914605,188,188,188,PASS
8318,1.565314889093923,245,245,245,PASS
8319,1.251920885448887,222,222,222,PASS
8320,0.32694381655894866,152,152,152,PASS
8321,1.0974263832496567,210,210,210,PASS
8322,0.8675997818808965,193,193,193,PASS
8323,0.270188748693843,148,148,148,PASS
8324,-1.0945807190146355,45,45,45,PASS
8325,0.4795397328862132,164,164,164,PASS
8326,0.40690854248070907,158,158,158,PASS
8327,-1.0804610304058144,46,46,46,PASS
8328,0.9831173771917527,202,202,202,PASS
8329,0.9820102441587595,201,201,201,PASS
8330,1.11582023547513,212,212,212,PASS
8331,0.3135281500204894,151,151,151,PASS
8332,1.5418260946936224,244,244,244,PASS
8333,-1.0704081292414818,47,47,47,PASS
8334,1.4293792745363818,235,235,235,PASS
8335,-0.9827376447790779,54,54,54,PASS
8336,-0.4622128355044277,93,93,93,PASS
8337,-1.401694085206014,22,22,22,PASS
8338,-0.6527464974485553,78,78,78,PASS
8339,-1.5507339196858871,11,11,11,PASS
8340,0.15153050328403816,139,139,139,PASS
8341,-0.1728095799309457,114,114,114,PASS
8342,0.3128025007838946,151,151,151,PASS
8343,0.9068832513083109,196,196,196,PASS
8344,-1.11976398067456,43,43,43,PASS
8345,1.3932445324530678,232,232,232,PASS
8346,-0.8387651675004735,64,64,64,PASS
8347,0.18449621630724455,141,141,141,PASS
8348,1.563945414914065,245,245,245,PASS
8349,-0.767454366444508,70,70,70,PASS
8350,1.2022466499931863,218,218,218,PASS
8351,1.5888627150852728,247,247,247,PASS
8352,0.9548454661257668,199,199,199,PASS
8353,1.4582917272264104,237,237,237,PASS
8354,1.6364148168480426,251,251,251,PASS
8355,-0.9943859099970367,53,53,53,PASS
8356,1.1227784658131676,212,212,212,PASS
8357,-1.4948448786296613,15,15,15,PASS
8358,-0.8644496225509996,62,62,62,PASS
8359,-1.4031401624097817,22,22,22,PASS
8360,1.0125255756395453,204,204,204,PASS
8361,-0.8955880860036733,60,60,60,PASS
8362,-0.3944723539329149,98,98,98,PASS
8363,-1.678451630333415,1,1,1,PASS
8364,0.48343998634515173,164,164,164,PASS
8365,0.3287782474883214,152,152,152,PASS
8366,0.6867403757982531,179,179,179,PASS
8367,0.7514162044326309,184,184,184,PASS
8368,-1.4806711089398799,16,16,16,PASS
8369,0.10760949603433323,136,136,136,PASS
8370,0.9743616536618862,201,201,201,PASS
8371,0.9657980391878336,200,200,200,PASS
8372,0.7075734024616269,181,181,181,PASS
8373,1.5592083381510269,245,245,245,PASS
8374,0.495302526394944,165,165,165,PASS
8375,1.0442146905582155,206,206,206,PASS
8376,-0.1582025337155335,116,116,116,PASS
8377,0.07889368071614156,133,133,133,PASS
8378,-1.588126024489909,8,8,8,PASS
8379,-0.10505271800660387,120,120,120,PASS
8380,-1.3016369117551403,29,29,29,PASS
8381,0.0033020171507089913,128,128,128,PASS
8382,-0.9564138804495917,55,55,55,PASS
8383,-1.6713794840279308,2,2,2,PASS
8384,0.11566523236162518,136,136,136,PASS
8385,0.31466548812316186,151,151,151,PASS
8386,1.6991794850499675,255,255,255,PASS
8387,1.5743238048840216,246,246,246,PASS
8388,0.29450854968919926,150,150,150,PASS
8389,0.5196873429058144,167,167,167,PASS
8390,1.0929263795884936,210,210,210,PASS
8391,0.5663419856280523,170,170,170,PASS
8392,-1.6873060860416222,0,0,0,PASS
8393,-0.059492947121390305,123,123,123,PASS
8394,0.6594205662147063,177,177,177,PASS
8395,-0.05144575192195355,124,124,124,PASS
8396,0.28427103836326295,149,149,149,PASS
8397,1.6565064807146774,252,252,252,PASS
8398,-0.5250388299996027,88,88,88,PASS
8399,-1.3243572666953014,28,28,28,PASS
8400,-0.5158169304597147,89,89,89,PASS
8401,-1.2802566464222251,31,31,31,PASS
8402,-1.1732182506325672,39,39,39,PASS
8403,0.9119997421911512,196,196,196,PASS
8404,0.6771473477304324,178,178,178,PASS
8405,-0.5293698167387639,88,88,88,PASS
8406,0.7859922176796961,187,187,187,PASS
8407,1.6688946263820774,253,253,253,PASS
8408,1.5644299802601174,245,245,245,PASS
8409,0.1938365756824949,142,142,142,PASS
8410,-0.16519166981844968,115,115,115,PASS
8411,0.25450198886855047,147,147,147,PASS
8412,0.15695917776646495,139,139,139,PASS
8413,-0.7859141299867539,68,68,68,PASS
8414,0.9324521395255914,198,198,198,PASS
8415,1.0101568243400314,204,204,204,PASS
8416,0.2941959300003889,150,150,150,PASS
8417,0.23736488931937183,145,145,145,PASS
8418,1.2159926938476622,219,219,219,PASS
8419,-1.2817038417373876,31,31,31,PASS
8420,-1.149972777704876,41,41,41,PASS
8421,-0.0998904978014008,120,120,120,PASS
8422,0.5740298716976941,171,171,171,PASS
8423,1.4774858105294826,239,239,239,PASS
8424,0.641999206045319,176,176,176,PASS
8425,-0.34490678347295467,102,102,102,PASS
8426,-1.3302283423241803,27,27,27,PASS
8427,-0.9114717358015925,59,59,59,PASS
8428,-0.6167049849751869,81,81,81,PASS
8429,1.5909816467565514,247,247,247,PASS
8430,1.446084568640628,236,236,236,PASS
8431,0.5866741394848811,172,172,172,PASS
8432,1.2922135408865085,225,225,225,PASS
8433,1.537929983453471,243,243,243,PASS
8434,1.0054437720969365,203,203,203,PASS
8435,0.18359921207184637,141,141,141,PASS
8436,1.3487375295757549,229,229,229,PASS
8437,0.11515074884024168,136,136,136,PASS
8438,-1.602802768625489,7,7,7,PASS
8439,-0.007986950109857505,127,127,127,PASS
8440,0.9534702354157008,199,199,199,PASS
8441,0.28468846350554666,149,149,149,PASS
8442,0.7250964000032603,182,182,182,PASS
8443,1.3209639006324176,227,227,227,PASS
8444,-1.428397609624319,20,20,20,PASS
8445,-1.4740754328797068,17,17,17,PASS
8446,0.23506719547023702,145,145,145,PASS
8447,-0.2772675639216937,107,107,107,PASS
8448,-0.3984353472706692,98,98,98,PASS
8449,-0.8285911352641603,65,65,65,PASS
8450,1.29452517136123,225,225,225,PASS
8451,1.5584307817152296,245,245,245,PASS
8452,-0.20807678259322215,112,112,112,PASS
8453,-0.029364550548216295,125,125,125,PASS
8454,-0.41893014880341206,96,96,96,PASS
8455,-1.2805361874536043,31,31,31,PASS
8456,0.3281351350093924,152,152,152,PASS
8457,-0.29068371795483117,106,106,106,PASS
8458,1.2729501918242871,223,223,223,PASS
8459,-1.412899104091053,21,21,21,PASS
8460,0.5355181053049318,168,168,168,PASS
8461,-1.4825497225304254,16,16,16,PASS
8462,0.3730696488059475,156,156,156,PASS
8463,0.5537872729353468,169,169,169,PASS
8464,-0.7727828394764881,69,69,69,PASS
8465,-1.172787607840322,39,39,39,PASS
8466,-0.6389796384900543,79,79,79,PASS
8467,-0.486500865044585,91,91,91,PASS
8468,1.200485347981788,218,218,218,PASS
8469,-0.9125351215091829,59,59,59,PASS
8470,-0.025803200403214932,126,126,126,PASS
8471,1.5453681801066865,244,244,244,PASS
8472,0.5267637422746831,167,167,167,PASS
8473,0.9568368267035023,200,200,200,PASS
8474,-1.6809375257995083,1,1,1,PASS
8475,-0.29386856070934964,105,105,105,PASS
8476,-1.5325518306247687,12,12,12,PASS
8477,0.6487940163724082,176,176,176,PASS
8478,1.614454608447592,249,249,249,PASS
8479,-1.5198501001110611,13,13,13,PASS
8480,0.5568512384280091,169,169,169,PASS
8481,0.39247641658221943,157,157,157,PASS
8482,-1.1018994318554531,45,45,45,PASS
8483,1.440092331303043,236,236,236,PASS
8484,1.4692414361216641,238,238,238,PASS
8485,-1.0631373911413728,47,47,47,PASS
8486,-0.2808560710613974,106,106,106,PASS
8487,0.3289770145817774,152,152,152,PASS
8488,1.3500958853094167,229,229,229,PASS
8489,0.3485385547737285,154,154,154,PASS
8490,-1.5259463808001064,13,13,13,PASS
8491,-1.6797477510212158,1,1,1,PASS
8492,1.4943364719836534,240,240,240,PASS
8493,1.6592221187840466,252,252,252,PASS
8494,1.0039150041530973,203,203,203,PASS
8495,0.3395791063892639,153,153,153,PASS
8496,-0.5081539685442789,89,89,89,PASS
8497,-1.6458683142034705,4,4,4,PASS
8498,-0.3163275263719523,104,104,104,PASS
8499,0.5423057982496704,168,168,168,PASS
8500,-0.73828188297168,72,72,72,PASS
8501,0.264636614455118,147,147,147,PASS
8502,-1.6499298036009786,3,3,3,PASS
8503,-1.5374237682149134,12,12,12,PASS
8504,-1.4940059213686163,15,15,15,PASS
8505,0.5454576383355569,169,169,169,PASS
8506,0.11734364191976487,136,136,136,PASS
8507,-1.1578672198261086,40,40,40,PASS
8508,1.1664605749410522,215,215,215,PASS
8509,0.7069487619576436,181,181,181,PASS
8510,-1.027732319162813,50,50,50,PASS
8511,-0.8118628454916825,66,66,66,PASS
8512,1.1191102219414357,212,212,212,PASS
8513,-1.1609998334921525,40,40,40,PASS
8514,-1.5840520134568188,8,8,8,PASS
8515,-0.665915350471586,77,77,77,PASS
8516,-1.2904962398017141,30,30,30,PASS
8517,0.4904016599091212,164,164,164,PASS
8518,-0.6217539959290503,81,81,81,PASS
8519,0.3364529431816876,153,153,153,PASS
8520,0.915219531250471,196,196,196,PASS
8521,-0.5992976931446274,82,82,82,PASS
8522,1.4422651481679296,236,236,236,PASS
8523,1.6365270839460087,251,251,251,PASS
8524,0.2749772372434549,148,148,148,PASS
8525,0.0005323971700459396,128,128,128,PASS
8526,-1.4304682417293035,20,20,20,PASS
8527,0.5235058126985674,167,167,167,PASS
8528,1.6960334425214125,255,255,255,PASS
8529,0.16096072117919302,140,140,140,PASS
8530,-0.8406854721208664,64,64,64,PASS
8531,-1.1762552516908054,39,39,39,PASS
8532,0.28497019425228665,149,149,149,PASS
8533,-1.6883594163082172,0,0,0,PASS
8534,-1.1570367584574455,40,40,40,PASS
8535,-1.1978684162143476,37,37,37,PASS
8536,1.4139539738238793,234,234,234,PASS
8537,0.7302976529236969,182,182,182,PASS
8538,0.9380681498878045,198,198,198,PASS
8539,0.004806517054980919,128,128,128,PASS
8540,0.7142255163774138,181,181,181,PASS
8541,0.0031886446604649787,128,128,128,PASS
8542,-0.3384347964348082,102,102,102,PASS
8543,-1.2108073586807835,36,36,36,PASS
8544,0.3709341414419127,155,155,155,PASS
8545,-0.09999547539216125,120,120,120,PASS
8546,-0.030265474549184157,125,125,125,PASS
8547,1.3837790385013806,232,232,232,PASS
8548,1.4176359858295318,234,234,234,PASS
8549,-0.32857598697725976,103,103,103,PASS
8550,-0.43094593482690713,95,95,95,PASS
8551,-0.06679930298703374,122,122,122,PASS
8552,-0.4575982847655309,93,93,93,PASS
8553,-0.21162579323504516,112,112,112,PASS
8554,-1.2952064613404617,30,30,30,PASS
8555,-1.6486787497218476,3,3,3,PASS
8556,0.5635827450229616,170,170,170,PASS
8557,-0.026469699200775354,126,126,126,PASS
8558,-0.1810302422235961,114,114,114,PASS
8559,0.40877971926970535,158,158,158,PASS
8560,-1.2013760901254877,37,37,37,PASS
8561,1.2863090499799628,224,224,224,PASS
8562,-1.459114816621156,18,18,18,PASS
8563,0.4187408698360022,159,159,159,PASS
8564,-1.2013660122852112,37,37,37,PASS
8565,1.280937825893212,224,224,224,PASS
8566,1.6062611611428148,248,248,248,PASS
8567,-0.44893836747490523,94,94,94,PASS
8568,-0.7938720451365713,68,68,68,PASS
8569,1.3992696975821934,233,233,233,PASS
8570,1.6520014030001888,252,252,252,PASS
8571,0.9824582915283615,201,201,201,PASS
8572,-0.5234810165337129,88,88,88,PASS
8573,-0.9847576540470445,53,53,53,PASS
8574,0.7846232151287074,187,187,187,PASS
8575,0.8651325472043683,193,193,193,PASS
8576,-1.3766292017341777,24,24,24,PASS
8577,0.18464732202168,141,141,141,PASS
8578,-0.11178052583693798,119,119,119,PASS
8579,0.022347962902741214,129,129,129,PASS
8580,0.20646024560746512,143,143,143,PASS
8581,0.18210259221455227,141,141,141,PASS
8582,0.1941703119620506,142,142,142,PASS
8583,0.31096220081408643,151,151,151,PASS
8584,-1.2996132834145184,30,30,30,PASS
8585,-0.11027874984892905,119,119,119,PASS
8586,0.6328639177144944,175,175,175,PASS
8587,0.49424346083547266,165,165,165,PASS
8588,1.11838712568646,212,212,212,PASS
8589,-0.3184487429578622,104,104,104,PASS
8590,0.1652035803098657,140,140,140,PASS
8591,-1.4887649154681926,15,15,15,PASS
8592,-0.4724308589828492,92,92,92,PASS
8593,0.4294656928256091,160,160,160,PASS
8594,1.0926899041774372,210,210,210,PASS
8595,-0.3561251795713385,101,101,101,PASS
8596,-0.024681426532987993,126,126,126,PASS
8597,-1.3285637152662357,27,27,27,PASS
8598,-1.483500420964601,16,16,16,PASS
8599,-1.4594472053273433,18,18,18,PASS
8600,-0.943321263919709,56,56,56,PASS
8601,-1.417494352953736,21,21,21,PASS
8602,-0.2687509101717711,107,107,107,PASS
8603,-0.8983305441189666,60,60,60,PASS
8604,-1.3370333265636078,27,27,27,PASS
8605,-0.6920435812201995,75,75,75,PASS
8606,0.06396503671137133,132,132,132,PASS
8607,-0.2829832085568984,106,106,106,PASS
8608,1.129164482712494,213,213,213,PASS
8609,-1.0204449154223647,51,51,51,PASS
8610,-1.601000441136383,7,7,7,PASS
8611,0.4539194780702649,162,162,162,PASS
8612,1.3076777000069824,226,226,226,PASS
8613,-0.6922929448852302,75,75,75,PASS
8614,-0.6318261497092537,80,80,80,PASS
8615,0.2899719986598075,149,149,149,PASS
8616,-1.4648396050507635,17,17,17,PASS
8617,0.24888083678965733,146,146,146,PASS
8618,1.4809594489017817,239,239,239,PASS
8619,0.5682623120481634,170,170,170,PASS
8620,-0.5181187398261169,88,88,88,PASS
8621,-1.0488578859344617,49,49,49,PASS
8622,-0.098268272735206,120,120,120,PASS
8623,0.4408915221940466,161,161,161,PASS
8624,-1.6729547831053297,2,2,2,PASS
8625,0.6323277300115897,175,175,175,PASS
8626,-0.6671356583532784,77,77,77,PASS
8627,-1.3773203446342333,24,24,24,PASS
8628,1.2281654970654692,220,220,220,PASS
8629,-0.6512794075922206,78,78,78,PASS
8630,0.05887192587680112,132,132,132,PASS
8631,-0.3986497156323734,97,97,97,PASS
8632,1.6372886835673108,251,251,251,PASS
8633,0.829275549922784,190,190,190,PASS
8634,-1.0512910977606995,48,48,48,PASS
8635,-1.4904508115420354,15,15,15,PASS
8636,0.23953809614377763,146,146,146,PASS
8637,0.45704409471913343,162,162,162,PASS
8638,0.8378460790590572,191,191,191,PASS
8639,0.3213389590094333,152,152,152,PASS
8640,0.4265455303347172,160,160,160,PASS
8641,0.9456453670466016,199,199,199,PASS
8642,-1.3501012763309173,26,26,26,PASS
8643,-1.5344656846405453,12,12,12,PASS
8644,1.5231240654772276,242,242,242,PASS
8645,0.869205561626486,193,193,193,PASS
8646,-1.2831141608122585,31,31,31,PASS
8647,0.7442535035874818,184,184,184,PASS
8648,-1.0863026127541875,46,46,46,PASS
8649,-1.6253658607038102,5,5,5,PASS
8650,-0.10908699317491188,119,119,119,PASS
8651,-0.7272984088729765,73,73,73,PASS
8652,1.5297175614579366,243,243,243,PASS
8653,-1.6331715404579772,5,5,5,PASS
8654,-0.3801093962765041,99,99,99,PASS
8655,-1.4120156118096923,21,21,21,PASS
8656,-0.9100286463679186,59,59,59,PASS
8657,-1.5725241880746872,9,9,9,PASS
8658,-1.3145304129980742,29,29,29,PASS
8659,1.37406354107748,231,231,231,PASS
8660,-0.7203085372198774,73,73,73,PASS
8661,1.3670152364653354,230,230,230,PASS
8662,-0.6676968920116801,77,77,77,PASS
8663,0.018280730989232108,129,129,129,PASS
8664,-0.6970995200725822,75,75,75,PASS
8665,1.4169174255604842,234,234,234,PASS
8666,1.63917318733437,251,251,251,PASS
8667,-1.3655537523797743,25,25,25,PASS
8668,1.3207974419791555,227,227,227,PASS
8669,-0.31444460128019713,104,104,104,PASS
8670,-0.8624274140029228,63,63,63,PASS
8671,0.11413493484871107,136,136,136,PASS
8672,-0.8907933500604113,60,60,60,PASS
8673,-1.3233371447901492,28,28,28,PASS
8674,-1.3287298452468022,27,27,27,PASS
8675,-1.2938076524287396,30,30,30,PASS
8676,-1.1738346087940719,39,39,39,PASS
8677,0.6810675315464889,179,179,179,PASS
8678,-1.5588718487584272,10,10,10,PASS
8679,0.605619705429268,173,173,173,PASS
8680,-1.4047021280088825,22,22,22,PASS
8681,-0.6675890845120849,77,77,77,PASS
8682,-0.2908478551215721,106,106,106,PASS
8683,1.371696906933866,231,231,231,PASS
8684,-0.953531869451058,56,56,56,PASS
8685,1.4511924400078964,237,237,237,PASS
8686,1.16898514053309,216,216,216,PASS
8687,-0.1177825707555753,119,119,119,PASS
8688,-0.03507098861685298,125,125,125,PASS
8689,-0.6868796554871153,76,76,76,PASS
8690,-0.8103995322828327,66,66,66,PASS
8691,-1.4339971364614694,20,20,20,PASS
8692,-1.5810786320788948,8,8,8,PASS
8693,-0.47745729245676394,92,92,92,PASS
8694,1.1756950031051978,216,216,216,PASS
8695,-0.9987905513634464,52,52,52,PASS
8696,0.8731916227360161,193,193,193,PASS
8697,-1.552006568390554,11,11,11,PASS
8698,0.19133342779796214,142,142,142,PASS
8699,0.34565502320481367,154,154,154,PASS
8700,0.518795797426103,167,167,167,PASS
8701,-0.4370701909891883,95,95,95,PASS
8702,0.41074028514459804,158,158,158,PASS
8703,-0.8365277250631199,65,65,65,PASS
8704,0.7295246419557617,182,182,182,PASS
8705,0.2233566282074433,144,144,144,PASS
8706,-0.2483134498811006,109,109,109,PASS
8707,-0.0260717479092607,126,126,126,PASS
8708,1.4188938579132395,234,234,234,PASS
8709,-0.5880384798783878,83,83,83,PASS
8710,-0.5495391248480794,86,86,86,PASS
8711,-0.5932436080207799,83,83,83,PASS
8712,-1.5732493486670716,9,9,9,PASS
8713,-1.489858110192586,15,15,15,PASS
8714,-1.6083026564570324,6,6,6,PASS
8715,0.4566931363724589,162,162,162,PASS
8716,-0.734812448278622,72,72,72,PASS
8717,-0.20958402369899454,112,112,112,PASS
8718,1.2698567777333116,223,223,223,PASS
8719,-0.31842438275478213,104,104,104,PASS
8720,1.0333147510730065,205,205,205,PASS
8721,-0.10741233579444742,119,119,119,PASS
8722,-0.28863604917193353,106,106,106,PASS
8723,-0.7287966764778027,73,73,73,PASS
8724,1.100228689928562,210,210,210,PASS
8725,-0.41403433276307977,96,96,96,PASS
8726,0.7447722335288323,184,184,184,PASS
8727,-1.40492539024903,22,22,22,PASS
8728,-1.0157416506256836,51,51,51,PASS
8729,1.4684978920064775,238,238,238,PASS
8730,1.6947554260012556,255,255,255,PASS
8731,-0.19611839400233233,113,113,113,PASS
8732,1.4245903236879254,235,235,235,PASS
8733,0.29609269512655856,150,150,150,PASS
8734,1.3961585758914528,233,233,233,PASS
8735,1.1108170572299876,211,211,211,PASS
8736,1.618747064404148,249,249,249,PASS
8737,0.13354228527697676,138,138,138,PASS
8738,1.5037285421437148,241,241,241,PASS
8739,-0.6068332964918379,82,82,82,PASS
8740,1.1862255027475637,217,217,217,PASS
8741,0.26415662230330694,147,147,147,PASS
8742,1.2044296017772866,218,218,218,PASS
8743,0.5870482874801286,172,172,172,PASS
8744,-0.687669703186784,76,76,76,PASS
8745,0.8019550001310989,188,188,188,PASS
8746,-0.19440278747461348,113,113,113,PASS
8747,-1.699194904639291,0,0,0,PASS
8748,1.560124507800688,245,245,245,PASS
8749,1.595363960106371,248,248,248,PASS
8750,-1.567928516123434,9,9,9,PASS
8751,-1.5768561283385978,9,9,9,PASS
8752,-1.2244265586690728,35,35,35,PASS
8753,0.5188659925220127,167,167,167,PASS
8754,-0.5032081162062281,90,90,90,PASS
8755,-0.12281931438989391,118,118,118,PASS
8756,-1.3003349830698367,30,30,30,PASS
8757,-0.670891298206141,77,77,77,PASS
8758,1.6236326710439568,250,250,250,PASS
8759,-0.20337652178558985,112,112,112,PASS
8760,0.8819912479387051,194,194,194,PASS
8761,0.3835595993754144,156,156,156,PASS
8762,1.5173097588352216,242,242,242,PASS
8763,-1.361063251484946,25,25,25,PASS
8764,-1.4776653256563856,16,16,16,PASS
8765,0.9978017356981084,203,203,203,PASS
8766,-1.0754731650287999,47,47,47,PASS
8767,-1.2114648493543343,36,36,36,PASS
8768,-0.07799860861086283,122,122,122,PASS
8769,0.018372692358610054,129,129,129,PASS
8770,-0.7196294659980669,73,73,73,PASS
8771,0.5571092990768556,169,169,169,PASS
8772,0.9946471817614964,202,202,202,PASS
8773,-1.5337244496318658,12,12,12,PASS
8774,1.0846412851311766,209,209,209,PASS
8775,1.1427096429499322,214,214,214,PASS
8776,0.6425023124786005,176,176,176,PASS
8777,0.6635760425705894,177,177,177,PASS
8778,-1.0838376000907999,46,46,46,PASS
8779,1.5812583604588444,247,247,247,PASS
8780,1.6085165013947302,249,249,249,PASS
8781,-0.2943072155297537,105,105,105,PASS
8782,0.14337881786810724,138,138,138,PASS
8783,0.9946122175988863,202,202,202,PASS
8784,0.9645659185201507,200,200,200,PASS
8785,0.6271974974584704,175,175,175,PASS
8786,-0.8220351625936393,66,66,66,PASS
8787,-1.6501612295543717,3,3,3,PASS
8788,1.3575431114265155,230,230,230,PASS
8789,-0.7586006409224586,70,70,70,PASS
8790,-0.9226716703751097,58,58,58,PASS
8791,-0.07902218218208334,122,122,122,PASS
8792,-0.10219233348900159,120,120,120,PASS
8793,0.9343311173012727,198,198,198,PASS
8794,-1.0411481288479707,49,49,49,PASS
8795,1.0598824849919801,207,207,207,PASS
8796,1.0346927570907642,205,205,205,PASS
8797,-0.8269603476726842,65,65,65,PASS
8798,0.045148952000116704,131,131,131,PASS
8799,1.3326461588124616,228,228,228,PASS
8800,-0.09839393179356826,120,120,120,PASS
8801,-0.6321503876958525,80,80,80,PASS
8802,-0.02972135695626621,125,125,125,PASS
8803,1.1723640865798364,216,216,216,PASS
8804,-1.034400036665724,50,50,50,PASS
8805,0.32566572555469286,152,152,152,PASS
8806,0.9834178436939431,202,202,202,PASS
8807,0.7226847810178232,182,182,182,PASS
8808,-1.6356357908317545,4,4,4,PASS
8809,-1.0633371187352907,47,47,47,PASS
8810,0.1922898297666995,142,142,142,PASS
8811,0.15721054649899702,139,139,139,PASS
8812,-1.6803235190995975,1,1,1,PASS
8813,0.06159687707002215,132,132,132,PASS
8814,-0.5860888272856031,83,83,83,PASS
8815,-0.7733931727016006,69,69,69,PASS
8816,-1.6560437482690797,3,3,3,PASS
8817,0.348917858776715,154,154,154,PASS
8818,-1.420946831238567,21,21,21,PASS
8819,0.8228984506329022,189,189,189,PASS
8820,-1.3554716648021696,25,25,25,PASS
8821,-1.3152230063775876,28,28,28,PASS
8822,1.4023448762182198,233,233,233,PASS
8823,0.5136926996260252,166,166,166,PASS
8824,0.018077549364889034,129,129,129,PASS
8825,0.2039126357571972,143,143,143,PASS
8826,-0.6440166157329776,79,79,79,PASS
8827,-0.4070479670001239,97,97,97,PASS
8828,0.7596646078180409,185,185,185,PASS
8829,-0.5015778993682822,90,90,90,PASS
8830,0.2893363068750243,149,149,149,PASS
8831,0.6411228215697247,176,176,176,PASS
8832,-0.5429045901675082,87,87,87,PASS
8833,0.4613016817120077,162,162,162,PASS
8834,-0.4936096890589716,90,90,90,PASS
8835,-1.6683669392000036,2,2,2,PASS
8836,-1.0945336429041697,45,45,45,PASS
8837,1.3824186781461043,232,232,232,PASS
8838,-0.5233405463530256,88,88,88,PASS
8839,0.07360159080249518,133,133,133,PASS
8840,1.0506046348577314,207,207,207,PASS
8841,0.9975295135621616,203,203,203,PASS
8842,0.9417656708684283,198,198,198,PASS
8843,-0.6751908014483203,77,77,77,PASS
8844,0.4177645782482944,159,159,159,PASS
8845,0.859152318781472,192,192,192,PASS
8846,0.36342487442593696,155,155,155,PASS
8847,-0.41678259933941186,96,96,96,PASS
8848,0.5901275177670808,172,172,172,PASS
8849,-0.6954109381815803,75,75,75,PASS
8850,0.2880520189484259,149,149,149,PASS
8851,0.7327037351623968,183,183,183,PASS
8852,0.10163415054195979,135,135,135,PASS
8853,0.9755975474523269,201,201,201,PASS
8854,-0.39517852454726277,98,98,98,PASS
8855,0.2511074448850452,146,146,146,PASS
8856,-0.2715313258127441,107,107,107,PASS
8857,1.5724633174339735,246,246,246,PASS
8858,-1.046692457007973,49,49,49,PASS
8859,-0.3804893430281331,99,99,99,PASS
8860,0.6802326755833523,179,179,179,PASS
8861,1.1135445974201483,211,211,211,PASS
8862,1.0900228174100743,210,210,210,PASS
8863,-0.8811386752868859,61,61,61,PASS
8864,0.670479530796398,178,178,178,PASS
8865,-1.5841820408529936,8,8,8,PASS
8866,0.6845612839357103,179,179,179,PASS
8867,-0.08817932521483551,121,121,121,PASS
8868,0.8860816966128648,194,194,194,PASS
8869,-1.2609736012039146,33,33,33,PASS
8870,-0.43385462299313327,95,95,95,PASS
8871,0.9021418557911234,195,195,195,PASS
8872,-1.4313115566787429,20,20,20,PASS
8873,0.9950984033302468,202,202,202,PASS
8874,-0.8422856848132955,64,64,64,PASS
8875,1.6859886315743704,254,254,254,PASS
8876,1.0228512831328136,205,205,205,PASS
8877,0.8901986003043849,195,195,195,PASS
8878,-1.4855095941271172,16,16,16,PASS
8879,-0.5552994034266912,86,86,86,PASS
8880,0.7180000033922502,182,182,182,PASS
8881,-1.1117141257707477,44,44,44,PASS
8882,1.3088492127522675,226,226,226,PASS
8883,1.5446924283093602,244,244,244,PASS
8884,-1.4730063698808074,17,17,17,PASS
8885,0.5856505509412939,172,172,172,PASS
8886,1.463487157329091,238,238,238,PASS
8887,-1.08692813881228,46,46,46,PASS
8888,-0.6040387026910699,82,82,82,PASS
8889,0.49251218555834897,165,165,165,PASS
8890,0.7073995247685427,181,181,181,PASS
8891,0.8493953452204417,191,191,191,PASS
8892,-0.28834582561413047,106,106,106,PASS
8893,-0.6971761642751302,75,75,75,PASS
8894,1.6025766760213462,248,248,248,PASS
8895,-1.3013271900363146,30,30,30,PASS
8896,0.05830045395725314,132,132,132,PASS
8897,0.27976661336686415,149,149,149,PASS
8898,0.5607388035337111,170,170,170,PASS
8899,1.6686247320123389,253,253,253,PASS
8900,0.5908070058870323,172,172,172,PASS
8901,1.2881428866956879,224,224,224,PASS
8902,0.4873356598754308,164,164,164,PASS
8903,-0.833974642549587,65,65,65,PASS
8904,-0.9439605543704919,56,56,56,PASS
8905,1.5983583953178095,248,248,248,PASS
8906,0.5316006456072031,168,168,168,PASS
8907,-0.978866688882907,54,54,54,PASS
8908,-0.3416101556229405,102,102,102,PASS
8909,1.0088849943096323,203,203,203,PASS
8910,0.26867547238050005,148,148,148,PASS
8911,-0.8026734363992527,67,67,67,PASS
8912,0.9732009558855059,201,201,201,PASS
8913,-0.914987669571801,59,59,59,PASS
8914,-0.3721730840906803,99,99,99,PASS
8915,-1.1796430779451306,39,39,39,PASS
8916,-0.5951679921572495,83,83,83,PASS
8917,1.0045757825351733,203,203,203,PASS
8918,0.8171590211739013,189,189,189,PASS
8919,1.1467668367714487,214,214,214,PASS
8920,-1.295508114248804,30,30,30,PASS
8921,-0.10528750452274083,120,120,120,PASS
8922,-1.0842127337004828,46,46,46,PASS
8923,-1.0523100336528457,48,48,48,PASS
8924,-0.36354514376246194,100,100,100,PASS
8925,-1.3246610657239306,28,28,28,PASS
8926,-1.3696388551652106,24,24,24,PASS
8927,0.18398203215914388,141,141,141,PASS
8928,-0.3212135977773114,103,103,103,PASS
8929,0.7372743574743661,183,183,183,PASS
8930,-0.1826037694222411,114,114,114,PASS
8931,-0.19142884034477103,113,113,113,PASS
8932,0.40504300907983404,158,158,158,PASS
8933,1.313052320392859,226,226,226,PASS
8934,0.6624311962137692,177,177,177,PASS
8935,1.6532684526408532,252,252,252,PASS
8936,0.8964857004256694,195,195,195,PASS
8937,0.23830986735905912,145,145,145,PASS
8938,-0.4062493267645808,97,97,97,PASS
8939,-0.6564661816814521,78,78,78,PASS
8940,-0.6651929656928586,77,77,77,PASS
8941,-1.1481706520193988,41,41,41,PASS
8942,0.2766361600710041,148,148,148,PASS
8943,-1.528645465093386,12,12,12,PASS
8944,-0.16286659471551457,115,115,115,PASS
8945,-1.1942525648911562,38,38,38,PASS
8946,-1.185322648811701,38,38,38,PASS
8947,-1.286899079962776,31,31,31,PASS
8948,1.094608111731575,210,210,210,PASS
8949,-0.9994722101885776,52,52,52,PASS
8950,1.2088875682634501,219,219,219,PASS
8951,1.3139665546329644,226,226,226,PASS
8952,-0.6656749959728006,77,77,77,PASS
8953,-0.26921951150893886,107,107,107,PASS
8954,0.18029191902620667,141,141,141,PASS
8955,-0.90438447877384,59,59,59,PASS
8956,0.14438244309873394,138,138,138,PASS
8957,1.3412557214862002,228,228,228,PASS
8958,-0.33863417185571887,102,102,102,PASS
8959,1.4595619784952596,237,237,237,PASS
8960,-0.6548963316703906,78,78,78,PASS
8961,1.6302394392795534,250,250,250,PASS
8962,0.8650279144898787,193,193,193,PASS
8963,1.415445598552077,234,234,234,PASS
8964,-1.5664497417300312,10,10,10,PASS
8965,-0.08992792191027421,121,121,121,PASS
8966,0.1416553536622951,138,138,138,PASS
8967,1.3158114867284973,227,227,227,PASS
8968,1.040226229233421,206,206,206,PASS
8969,0.35542421022852166,154,154,154,PASS
8970,1.3054050137624753,226,226,226,PASS
8971,0.9408684445097799,198,198,198,PASS
8972,-1.1539354924085181,41,41,41,PASS
8973,1.074230757982772,208,208,208,PASS
8974,-1.1589191786948052,40,40,40,PASS
8975,-0.4093986390550308,97,97,97,PASS
8976,0.5882983734115894,172,172,172,PASS
8977,0.7524312994986351,184,184,184,PASS
8978,1.0322901826739665,205,205,205,PASS
8979,0.9888525891666593,202,202,202,PASS
8980,1.3974607576489506,233,233,233,PASS
8981,-0.0023700553259693447,127,127,127,PASS
8982,0.6133539089913105,174,174,174,PASS
8983,1.599151267618925,248,248,248,PASS
8984,-0.5888931198804177,83,83,83,PASS
8985,-0.8561969423495995,63,63,63,PASS
8986,-0.7760015168629771,69,69,69,PASS
8987,0.7159542079737811,181,181,181,PASS
8988,-1.0500049517507875,48,48,48,PASS
8989,0.8726364921561538,193,193,193,PASS
8990,-0.3473918903602684,101,101,101,PASS
8991,1.5861507236012458,247,247,247,PASS
8992,-0.16558525451924488,115,115,115,PASS
8993,-1.495070467424556,15,15,15,PASS
8994,-0.9377019144074573,57,57,57,PASS
8995,0.7208252301803941,182,182,182,PASS
8996,-0.9228939909330012,58,58,58,PASS
8997,-0.5886867799021378,83,83,83,PASS
8998,-1.0006859599707714,52,52,52,PASS
8999,1.1506536424999767,214,214,214,PASS
9000,0.1678868746741815,140,140,140,PASS
9001,0.8540118564415462,192,192,192,PASS
9002,1.5089578110662394,241,241,241,PASS
9003,0.6712037218639535,178,178,178,PASS
9004,1.1122558700432348,211,211,211,PASS
9005,-1.133636772736986,42,42,42,PASS
9006,0.07619319174744033,133,133,133,PASS
9007,1.4783350784194627,239,239,239,PASS
9008,-0.6043394511650495,82,82,82,PASS
9009,-1.1040511249515599,44,44,44,PASS
9010,0.3393760475273797,153,153,153,PASS
9011,1.4533217717484994,237,237,237,PASS
9012,-1.480016142368386,16,16,16,PASS
9013,0.8145358588586091,189,189,189,PASS
9014,1.2889409134000644,225,225,225,PASS
9015,1.1416610825246754,213,213,213,PASS
9016,-0.27540302949057005,107,107,107,PASS
9017,1.6301520259332338,250,250,250,PASS
9018,1.4531536695568417,237,237,237,PASS
9019,-1.1825748682022057,38,38,38,PASS
9020,0.4928139351061398,165,165,165,PASS
9021,-0.5922053928429758,83,83,83,PASS
9022,-0.6507335582514566,79,79,79,PASS
9023,-0.6844276864131698,76,76,76,PASS
9024,-0.9117093973997838,59,59,59,PASS
9025,0.739510075219697,183,183,183,PASS
9026,-0.4510281581722879,94,94,94,PASS
9027,-0.0031364286674033792,127,127,127,PASS
9028,0.6140572956390999,174,174,174,PASS
9029,-0.7985700696358053,67,67,67,PASS
9030,-1.5941277025021119,7,7,7,PASS
9031,0.5885141004739156,172,172,172,PASS
9032,-0.40628134463594323,97,97,97,PASS
9033,-1.628746371319896,5,5,5,PASS
9034,-0.8901028977728577,60,60,60,PASS
9035,-0.9266458590430948,58,58,58,PASS
9036,1.0787602596112411,209,209,209,PASS
9037,-1.3576347092911925,25,25,25,PASS
9038,0.0641253585889181,132,132,132,PASS
9039,1.1244431378026458,212,212,212,PASS
9040,0.9229213488081707,197,197,197,PASS
9041,-0.4036487466607255,97,97,97,PASS
9042,1.4543268381302494,237,237,237,PASS
9043,0.9623986977420091,200,200,200,PASS
9044,-1.4184293973792992,21,21,21,PASS
9045,1.4244960025950204,235,235,235,PASS
9046,1.3693225598111398,231,231,231,PASS
9047,1.0841536280399133,209,209,209,PASS
9048,0.8134444201935056,189,189,189,PASS
9049,-1.2048655413646605,37,37,37,PASS
9050,0.004433957715449299,128,128,128,PASS
9051,-1.2184811227409265,36,36,36,PASS
9052,-0.8484546083385257,64,64,64,PASS
9053,0.45009903145208097,161,161,161,PASS
9054,0.9354777942260359,198,198,198,PASS
9055,-0.5723804182268537,84,84,84,PASS
9056,-1.1787328909561134,39,39,39,PASS
9057,1.6171731578401853,249,249,249,PASS
9058,-1.0134920752179588,51,51,51,PASS
9059,-1.5212643567566966,13,13,13,PASS
9060,-0.9682830609693142,55,55,55,PASS
9061,-1.1111014065085185,44,44,44,PASS
9062,0.48619996121243836,164,164,164,PASS
9063,1.2123830580518697,219,219,219,PASS
9064,0.25364416545327795,147,147,147,PASS
9065,1.2278647542159364,220,220,220,PASS
9066,0.3888588680045373,157,157,157,PASS
9067,-1.335075481707781,27,27,27,PASS
9068,-0.4397204666620287,94,94,94,PASS
9069,1.6155970622871678,249,249,249,PASS
9070,-0.05503998537573862,123,123,123,PASS
9071,-1.2320825179202848,35,35,35,PASS
9072,-1.4102389083985158,21,21,21,PASS
9073,0.4212374321092536,159,159,159,PASS
9074,1.2453376554937468,221,221,221,PASS
9075,0.5918333513730969,172,172,172,PASS
9076,1.3751545493581745,231,231,231,PASS
9077,-0.3224449711486672,103,103,103,PASS
9078,-1.0736768859195744,47,47,47,PASS
9079,-0.25066978700220544,109,109,109,PASS
9080,0.28896603412583,149,149,149,PASS
9081,-0.2754901964251961,107,107,107,PASS
9082,1.4948408310190027,240,240,240,PASS
9083,-0.3422029005574878,102,102,102,PASS
9084,-0.8287939135222034,65,65,65,PASS
9085,-0.9571504544811866,55,55,55,PASS
9086,1.1588387748543434,215,215,215,PASS
9087,0.26247915385314813,147,147,147,PASS
9088,0.3098971405369293,151,151,151,PASS
9089,-0.5322142548874575,87,87,87,PASS
9090,0.28008380094264007,149,149,149,PASS
9091,-0.7265194603780204,73,73,73,PASS
9092,-1.6678292902122311,2,2,2,PASS
9093,1.0512561257560862,207,207,207,PASS
9094,0.5555598643147566,169,169,169,PASS
9095,-0.2177655463297341,111,111,111,PASS
9096,-0.5243911754044464,88,88,88,PASS
9097,-0.09602948129806177,120,120,120,PASS
9098,1.5114287669191253,241,241,241,PASS
9099,-1.0243513217978557,50,50,50,PASS
9100,0.8162073823123828,189,189,189,PASS
9101,0.6769926215800084,178,178,178,PASS
9102,0.783852704938748,187,187,187,PASS
9103,-0.4069593953706083,97,97,97,PASS
9104,-1.4116927304943068,21,21,21,PASS
9105,0.7599805468449554,185,185,185,PASS
9106,0.5964891628442397,172,172,172,PASS
9107,1.499611707520254,240,240,240,PASS
9108,1.186980432513031,217,217,217,PASS
9109,0.6461428149492179,176,176,176,PASS
9110,-0.33235948834306894,102,102,102,PASS
9111,0.5379038431087755,168,168,168,PASS
9112,-0.07336553866064244,122,122,122,PASS
9113,-0.05848136451650987,123,123,123,PASS
9114,-0.21754133105781537,111,111,111,PASS
9115,0.4448718767337596,161,161,161,PASS
9116,-0.3757726423122303,99,99,99,PASS
9117,-1.4156633018440834,21,21,21,PASS
9118,-0.11579553839849765,119,119,119,PASS
9119,-0.7549861348614988,71,71,71,PASS
9120,-0.2584869603094977,108,108,108,PASS
9121,-0.37877311423208426,99,99,99,PASS
9122,0.9083571896079452,196,196,196,PASS
9123,1.6382189661917115,251,251,251,PASS
9124,-1.0252888157715716,50,50,50,PASS
9125,-0.7965143112750385,68,68,68,PASS
9126,-1.4565626092855846,18,18,18,PASS
9127,1.0722989507685579,208,208,208,PASS
9128,-0.31218310277221173,104,104,104,PASS
9129,-1.464965170791809,17,17,17,PASS
9130,1.308918217720856,226,226,226,PASS
9131,-0.028166215407335438,125,125,125,PASS
9132,1.4329522971372743,235,235,235,PASS
9133,-1.0239024908549583,50,50,50,PASS
9134,-0.11650035947527582,119,119,119,PASS
9135,-0.9528544720330148,56,56,56,PASS
9136,0.277572077024024,148,148,148,PASS
9137,1.500947864595785,241,241,241,PASS
9138,0.7943839982507075,187,187,187,PASS
9139,-0.4905264135999421,91,91,91,PASS
9140,0.16059823688942054,140,140,140,PASS
9141,-1.1139539879893423,44,44,44,PASS
9142,-0.12615620750448797,118,118,118,PASS
9143,0.22153561747662764,144,144,144,PASS
9144,1.4892155987331777,240,240,240,PASS
9145,0.8950217941201142,195,195,195,PASS
9146,0.9946645313832978,202,202,202,PASS
9147,-0.055936837697174724,123,123,123,PASS
9148,-0.2138316859198386,111,111,111,PASS
9149,-0.5645398665404182,85,85,85,PASS
9150,-1.5253226161926663,13,13,13,PASS
9151,-0.7129799084648673,74,74,74,PASS
9152,-1.0098237344340713,51,51,51,PASS
9153,0.08535106659572955,134,134,134,PASS
9154,0.5785287619920629,171,171,171,PASS
9155,1.05288061526753,207,207,207,PASS
9156,-0.0775240632644183,122,122,122,PASS
9157,1.5332820015680386,243,243,243,PASS
9158,-0.17255338190586622,115,115,115,PASS
9159,0.7092815506293817,181,181,181,PASS
9160,-1.3955601053552238,22,22,22,PASS
9161,-0.9688947430450482,55,55,55,PASS
9162,0.22156546103117924,144,144,144,PASS
9163,-1.039892332653317,49,49,49,PASS
9164,0.9552027118548396,199,199,199,PASS
9165,-0.23612513257486367,110,110,110,PASS
9166,-1.2411713920802272,34,34,34,PASS
9167,0.9178284476937659,197,197,197,PASS
9168,1.0799983424506514,209,209,209,PASS
9169,-1.4494253645969204,18,18,18,PASS
9170,-0.7567815711885602,71,71,71,PASS
9171,0.7257878370599775,182,182,182,PASS
9172,1.025606769907516,205,205,205,PASS
9173,-1.2202690861875944,36,36,36,PASS
9174,1.5018642700261056,241,241,241,PASS
9175,1.4226415230707474,235,235,235,PASS
9176,-0.85020806956218,63,63,63,PASS
9177,0.6583150068750927,177,177,177,PASS
9178,0.9713138787634545,201,201,201,PASS
9179,-1.0735910563104967,47,47,47,PASS
9180,0.7479207089410111,184,184,184,PASS
9181,1.4705727568923066,238,238,238,PASS
9182,0.2712438338675143,148,148,148,PASS
9183,0.7486866594914214,184,184,184,PASS
9184,-0.6867319646365122,76,76,76,PASS
9185,0.8086439600387811,188,188,188,PASS
9186,-1.6486660026350317,3,3,3,PASS
9187,-1.2477243233012634,34,34,34,PASS
9188,-0.9778548799344812,54,54,54,PASS
9189,-0.15618848634245874,116,116,116,PASS
9190,0.5585707306089256,170,170,170,PASS
9191,-1.347062581020421,26,26,26,PASS
9192,-0.08301719113028638,121,121,121,PASS
9193,0.47260066561297953,163,163,163,PASS
9194,-0.115466748505195,119,119,119,PASS
9195,0.4379849888619367,160,160,160,PASS
9196,1.0163632472992112,204,204,204,PASS
9197,-1.2347719185290649,35,35,35,PASS
9198,1.2834280145133194,224,224,224,PASS
9199,1.1122714558518758,211,211,211,PASS
9200,-0.9939511047787796,53,53,53,PASS
9201,-0.04902050003656533,124,124,124,PASS
9202,0.26182670752870885,147,147,147,PASS
9203,0.4902427805394176,164,164,164,PASS
9204,-0.1933378005865274,113,113,113,PASS
9205,-0.7786920873303707,69,69,69,PASS
9206,1.5532741842430082,244,244,244,PASS
9207,-0.6785982563842601,76,76,76,PASS
9208,-0.7900148157136926,68,68,68,PASS
9209,0.026438070741705788,129,129,129,PASS
9210,0.4556178351439837,162,162,162,PASS
9211,0.9085750994535531,196,196,196,PASS
9212,0.7585799867204541,185,185,185,PASS
9213,-0.388943834387673,98,98,98,PASS
9214,-0.9828586900873816,53,53,53,PASS
9215,-1.2124798595852386,36,36,36,PASS
9216,0.18503424899191234,141,141,141,PASS
9217,-1.4860845076788713,16,16,16,PASS
9218,1.2106910508867321,219,219,219,PASS
9219,1.1772943594554859,216,216,216,PASS
9220,1.3718000088051105,231,231,231,PASS
9221,0.7219101637775103,182,182,182,PASS
9222,-0.1108722920938432,119,119,119,PASS
9223,0.2146666880951269,144,144,144,PASS
9224,-0.9759102696205999,54,54,54,PASS
9225,-0.6831961390912678,76,76,76,PASS
9226,-0.5606938247922806,85,85,85,PASS
9227,0.060816746982359504,132,132,132,PASS
9228,1.0769641598010071,209,209,209,PASS
9229,1.4907441881119012,240,240,240,PASS
9230,0.8876460376008748,194,194,194,PASS
9231,0.910246647302319,196,196,196,PASS
9232,1.361877095095849,230,230,230,PASS
9233,-0.5263009485971932,88,88,88,PASS
9234,0.1075323389036007,136,136,136,PASS
9235,1.432905380931609,235,235,235,PASS
9236,1.2157752907111556,219,219,219,PASS
9237,-0.4049781572690987,97,97,97,PASS
9238,1.0679937329231295,208,208,208,PASS
9239,-0.5901106213382019,83,83,83,PASS
9240,-0.1583128985494171,116,116,116,PASS
9241,1.6475110291468111,252,252,252,PASS
9242,1.4357495264557663,236,236,236,PASS
9243,1.666704230201508,253,253,253,PASS
9244,0.39774292770864217,157,157,157,PASS
9245,-1.025591487982665,50,50,50,PASS
9246,-0.2812637065992385,106,106,106,PASS
9247,1.2148163562141725,219,219,219,PASS
9248,-0.9219679468387267,58,58,58,PASS
9249,-1.1215221973630785,43,43,43,PASS
9250,0.6141257253876116,174,174,174,PASS
9251,-0.8609825894336589,63,63,63,PASS
9252,-1.6048692786456435,7,7,7,PASS
9253,-1.3149013597306074,28,28,28,PASS
9254,1.58454004321243,247,247,247,PASS
9255,-0.44596424755739816,94,94,94,PASS
9256,-0.5737707438285251,84,84,84,PASS
9257,0.31080549582308614,151,151,151,PASS
9258,0.39324294099428303,157,157,157,PASS
9259,1.692195925360841,255,255,255,PASS
9260,-0.6165784695277159,81,81,81,PASS
9261,0.348797178143063,154,154,154,PASS
9262,-0.6697530809666739,77,77,77,PASS
9263,1.6625108231258456,253,253,253,PASS
9264,0.19514480846154814,142,142,142,PASS
9265,-0.6922992187281469,75,75,75,PASS
9266,1.6721452962823002,253,253,253,PASS
9267,0.6558489554783342,177,177,177,PASS
9268,0.4777253176440601,163,163,163,PASS
9269,0.18875012174386785,142,142,142,PASS
9270,1.0995358606738213,210,210,210,PASS
9271,1.542258176877614,244,244,244,PASS
9272,0.48012600502938496,164,164,164,PASS
9273,1.677480457450497,254,254,254,PASS
9274,1.560551406785114,245,245,245,PASS
9275,-1.1268711190188072,43,43,43,PASS
9276,0.8969901411161556,195,195,195,PASS
9277,1.3795327295064366,231,231,231,PASS
9278,-1.3053671828307882,29,29,29,PASS
9279,-1.0456793495274488,49,49,49,PASS
9280,-1.1192148878726695,43,43,43,PASS
9281,0.10654668114433852,136,136,136,PASS
9282,-1.4250090164969076,20,20,20,PASS
9283,-1.0705461396444882,47,47,47,PASS
9284,-0.8039124725216807,67,67,67,PASS
9285,0.8480402118146253,191,191,191,PASS
9286,-0.9738665498330039,54,54,54,PASS
9287,1.450055609742104,237,237,237,PASS
9288,-1.3370109476993388,27,27,27,PASS
9289,0.461665408034589,162,162,162,PASS
9290,-0.054947117672629275,123,123,123,PASS
9291,-1.2070224406776966,37,37,37,PASS
9292,-0.5722444438424639,84,84,84,PASS
9293,0.6657582020323469,178,178,178,PASS
9294,0.2561000726470346,147,147,147,PASS
9295,-0.8146785773164472,66,66,66,PASS
9296,-0.018918647516034115,126,126,126,PASS
9297,-1.2188057621848953,36,36,36,PASS
9298,-1.1755032465506527,39,39,39,PASS
9299,-0.6304583061347739,80,80,80,PASS
9300,-0.8270567931781347,65,65,65,PASS
9301,-0.5459909621954286,86,86,86,PASS
9302,0.8490930019140845,191,191,191,PASS
9303,-1.633817754188294,4,4,4,PASS
9304,0.5106905650286839,166,166,166,PASS
9305,-1.3433824127615077,26,26,26,PASS
9306,1.656611926917847,252,252,252,PASS
9307,-1.3691502369240685,24,24,24,PASS
9308,0.2782746148221338,148,148,148,PASS
9309,0.885863348746055,194,194,194,PASS
9310,-1.4659746563581446,17,17,17,PASS
9311,-0.5634045142497974,85,85,85,PASS
9312,0.1514562799054986,139,139,139,PASS
9313,1.1436062866790488,214,214,214,PASS
9314,-0.22640115421059837,110,110,110,PASS
9315,-0.8942094371200471,60,60,60,PASS
9316,0.7122932047648647,181,181,181,PASS
9317,-1.6040653310265438,7,7,7,PASS
9318,0.7470382964360331,184,184,184,PASS
9319,-1.1682642495385056,40,40,40,PASS
9320,-0.06720586173207965,122,122,122,PASS
9321,-0.39771653347145364,98,98,98,PASS
9322,-0.5925093371890475,83,83,83,PASS
9323,0.259423927758792,147,147,147,PASS
9324,-0.08347749809978611,121,121,121,PASS
9325,1.2290964496811372,220,220,220,PASS
9326,0.583062143478452,171,171,171,PASS
9327,-0.20343832807365647,112,112,112,PASS
9328,-1.4717997016083326,17,17,17,PASS
9329,-1.6213723047727966,5,5,5,PASS
9330,-1.3447476461219072,26,26,26,PASS
9331,1.1661252614232651,215,215,215,PASS
9332,-0.7837867486273583,68,68,68,PASS
9333,0.1416014106341097,138,138,138,PASS
9334,0.04976123261027299,131,131,131,PASS
9335,-0.40327248921798664,97,97,97,PASS
9336,0.20277928104184162,143,143,143,PASS
9337,1.1024665718346431,211,211,211,PASS
9338,0.42711753653223705,160,160,160,PASS
9339,0.5633523943913958,170,170,170,PASS
9340,1.5356509913422454,243,243,243,PASS
9341,0.3005402303558624,150,150,150,PASS
9342,-0.6588284080586986,78,78,78,PASS
9343,-1.6559542337649429,3,3,3,PASS
9344,-0.7769793883955267,69,69,69,PASS
9345,0.19625028258272326,142,142,142,PASS
9346,1.3024194814251804,226,226,226,PASS
9347,-1.403763896250581,22,22,22,PASS
9348,-1.1909460027464653,38,38,38,PASS
9349,-0.3399429861337202,102,102,102,PASS
9350,-0.6663278458161621,77,77,77,PASS
9351,-0.4954697136196238,90,90,90,PASS
9352,-0.21119585377928862,112,112,112,PASS
9353,0.586100737015739,172,172,172,PASS
9354,-1.0036524362258712,52,52,52,PASS
9355,0.8025098500197057,188,188,188,PASS
9356,0.13419920330945723,138,138,138,PASS
9357,-1.49655407260665,15,15,15,PASS
9358,1.3298968970242588,228,228,228,PASS
9359,-0.41352104360030895,96,96,96,PASS
9360,0.8465456509992946,191,191,191,PASS
9361,0.5669602284008433,170,170,170,PASS
9362,-0.7558402138313141,71,71,71,PASS
9363,0.6486722738520629,176,176,176,PASS
9364,-1.474352921572577,16,16,16,PASS
9365,-0.965058282570978,55,55,55,PASS
9366,1.3707477106412969,231,231,231,PASS
9367,-1.35912191003607,25,25,25,PASS
9368,0.7089347947356195,181,181,181,PASS
9369,1.200229485296158,218,218,218,PASS
9370,-0.1564522287200023,116,116,116,PASS
9371,-1.5290594434112408,12,12,12,PASS
9372,1.2138421189508428,219,219,219,PASS
9373,0.7526384599704621,184,184,184,PASS
9374,0.17292860100558927,141,141,141,PASS
9375,-1.1326461407639328,42,42,42,PASS
9376,0.8305499292406522,190,190,190,PASS
9377,0.9116811526448887,196,196,196,PASS
9378,-0.9139652474421147,59,59,59,PASS
9379,-1.3990733236032982,22,22,22,PASS
9380,0.9763894214248803,201,201,201,PASS
9381,1.3646334422516413,230,230,230,PASS
9382,0.016057741279696502,129,129,129,PASS
9383,-1.2143367418001847,36,36,36,PASS
9384,0.49080549992057265,164,164,164,PASS
9385,-0.08382239199634478,121,121,121,PASS
9386,0.02813242883577982,130,130,130,PASS
9387,-0.30904180727483,104,104,104,PASS
9388,-1.4934474531389823,15,15,15,PASS
9389,-0.39711495091549254,98,98,98,PASS
9390,-0.6473541378185388,79,79,79,PASS
9391,0.9398834838486712,198,198,198,PASS
9392,1.4564753330670073,237,237,237,PASS
9393,-0.4487993521823439,94,94,94,PASS
9394,0.7247527082738408,182,182,182,PASS
9395,-0.8626760013327927,63,63,63,PASS
9396,-1.2741555176040642,32,32,32,PASS
9397,-1.5720789312147891,9,9,9,PASS
9398,0.07710708968988178,133,133,133,PASS
9399,1.211735376078076,219,219,219,PASS
9400,-0.6665408231154275,77,77,77,PASS
9401,0.9821101477028933,201,201,201,PASS
9402,0.6821615894913606,179,179,179,PASS
9403,0.41525330536441474,159,159,159,PASS
9404,0.35570975239750946,154,154,154,PASS
9405,-0.8882198058730748,61,61,61,PASS
9406,1.298785156054463,225,225,225,PASS
9407,0.4064575507829795,158,158,158,PASS
9408,1.695545994293534,255,255,255,PASS
9409,0.5016470857136894,165,165,165,PASS
9410,-1.1839008742410229,38,38,38,PASS
9411,0.48308432222678177,164,164,164,PASS
9412,-1.1296438561252753,42,42,42,PASS
9413,-0.23522355076526047,110,110,110,PASS
9414,-0.20465349560028057,112,112,112,PASS
9415,-1.1002514312035498,45,45,45,PASS
9416,1.1559625358929366,215,215,215,PASS
9417,-1.239923672518064,34,34,34,PASS
9418,0.8553910230489061,192,192,192,PASS
9419,0.07364938073843108,133,133,133,PASS
9420,0.7262022397998422,182,182,182,PASS
9421,-0.05862818253526125,123,123,123,PASS
9422,-1.1968743770807837,37,37,37,PASS
9423,0.3960394260245492,157,157,157,PASS
9424,0.31262131587121567,151,151,151,PASS
9425,-0.4157758300857317,96,96,96,PASS
9426,-0.907404844087157,59,59,59,PASS
9427,-0.8721926123336432,62,62,62,PASS
9428,-1.4672826661619809,17,17,17,PASS
9429,-0.3131431145490673,104,104,104,PASS
9430,1.346308448268325,229,229,229,PASS
9431,0.38949557185778727,157,157,157,PASS
9432,-1.5289659277501126,12,12,12,PASS
9433,0.1167389247123205,136,136,136,PASS
9434,1.6640304796611576,253,253,253,PASS
9435,0.3987977016356832,158,158,158,PASS
9436,-0.7303225346926724,73,73,73,PASS
9437,-1.238886656569149,34,34,34,PASS
9438,0.5674563424040533,170,170,170,PASS
9439,-1.3001757270449898,30,30,30,PASS
9440,-1.2871834360089438,31,31,31,PASS
9441,-0.6789699429195166,76,76,76,PASS
9442,-0.7389552734612131,72,72,72,PASS
9443,1.5781457268836292,246,246,246,PASS
9444,0.5610021458268337,170,170,170,PASS
9445,-0.4564929805474167,93,93,93,PASS
9446,1.4874118829353875,239,239,239,PASS
9447,1.1645780073125536,215,215,215,PASS
9448,1.6098942520136748,249,249,249,PASS
9449,0.8449466442720481,191,191,191,PASS
9450,-1.3480077229219454,26,26,26,PASS
9451,0.157681786002575,139,139,139,PASS
9452,-0.3404869854471091,102,102,102,PASS
9453,0.8803859769598954,194,194,194,PASS
9454,-1.6470207192355577,3,3,3,PASS
9455,0.7779493059689966,186,186,186,PASS
9456,1.3280121601767252,227,227,227,PASS
9457,1.4067655636660537,233,233,233,PASS
9458,-0.5308631652885911,88,88,88,PASS
9459,-0.9391453622103562,57,57,57,PASS
9460,1.0249033171157558,205,205,205,PASS
9461,0.9467055219490879,199,199,199,PASS
9462,-0.10152650883136327,120,120,120,PASS
9463,0.844436723189032,191,191,191,PASS
9464,0.7061917195836085,181,181,181,PASS
9465,-1.5145429507279295,13,13,13,PASS
9466,1.3415298762425276,229,229,229,PASS
9467,-0.5842925797032998,84,84,84,PASS
9468,-1.6172473484853456,6,6,6,PASS
9469,0.7295090646576019,182,182,182,PASS
9470,1.250934554173442,222,222,222,PASS
9471,0.800910392357767,188,188,188,PASS
9472,1.6508318428196394,252,252,252,PASS
9473,0.8485866889074394,191,191,191,PASS
9474,-0.36009589773700945,100,100,100,PASS
9475,0.08127496451990868,134,134,134,PASS
9476,-1.5306900543288535,12,12,12,PASS
9477,1.0921685374184207,210,210,210,PASS
9478,-0.2935816947602039,105,105,105,PASS
9479,-0.24541036159784646,109,109,109,PASS
9480,0.49338620453107107,165,165,165,PASS
9481,-0.43190780363454273,95,95,95,PASS
9482,0.3269387036196585,152,152,152,PASS
9483,1.2552622663922344,222,222,222,PASS
9484,-0.7003029862365394,75,75,75,PASS
9485,0.3421765796589542,153,153,153,PASS
9486,-0.8740387579094921,62,62,62,PASS
9487,0.3826608260617512,156,156,156,PASS
9488,1.4218853128784443,235,235,235,PASS
9489,-0.3615205605337677,100,100,100,PASS
9490,-1.6149043703013657,6,6,6,PASS
9491,-0.9326257423746971,57,57,57,PASS
9492,0.12171245824677279,137,137,137,PASS
9493,-0.4852505596523635,91,91,91,PASS
9494,0.12443552467719177,137,137,137,PASS
9495,0.4753231302569463,163,163,163,PASS
9496,-1.2233539476452222,35,35,35,PASS
9497,-0.8622370423846695,63,63,63,PASS
9498,0.15374207785261462,139,139,139,PASS
9499,-1.2095861072944216,36,36,36,PASS
9500,0.7603845840298116,185,185,185,PASS
9501,0.05459439282973877,132,132,132,PASS
9502,0.5013729778339286,165,165,165,PASS
9503,-1.160854347412215,40,40,40,PASS
9504,1.4830856555747933,239,239,239,PASS
9505,1.6206715903932556,250,250,250,PASS
9506,0.5266559508949744,167,167,167,PASS
9507,-0.4477894976531356,94,94,94,PASS
9508,0.73565376561682,183,183,183,PASS
9509,-0.5775627371818199,84,84,84,PASS
9510,0.5360330042014689,168,168,168,PASS
9511,-0.2630375820643531,108,108,108,PASS
9512,0.4782545654605952,164,164,164,PASS
9513,1.3737955332577527,231,231,231,PASS
9514,-0.8271682541979659,65,65,65,PASS
9515,0.10338861783602371,135,135,135,PASS
9516,-0.6360777486911076,80,80,80,PASS
9517,1.3659213640671586,230,230,230,PASS
9518,1.5274483401825074,243,243,243,PASS
9519,-0.5941213202753501,83,83,83,PASS
9520,0.7883324294293439,187,187,187,PASS
9521,-0.8805418844385949,61,61,61,PASS
9522,0.008531737478070234,128,128,128,PASS
9523,0.5604245212232424,170,170,170,PASS
9524,0.759234067940102,185,185,185,PASS
9525,1.4886881870471165,240,240,240,PASS
9526,0.009450162007486274,128,128,128,PASS
9527,-0.19995798233826645,112,112,112,PASS
9528,0.5074197611108635,166,166,166,PASS
9529,-0.23258707851125182,110,110,110,PASS
9530,1.4687239920602686,238,238,238,PASS
9531,1.0411474538330918,206,206,206,PASS
9532,-0.12774788057423758,118,118,118,PASS
9533,0.3241628434287016,152,152,152,PASS
9534,-1.0886415671851069,46,46,46,PASS
9535,0.3772052130737096,156,156,156,PASS
9536,1.454948497290452,237,237,237,PASS
9537,0.921079066652138,197,197,197,PASS
9538,0.24121582158434607,146,146,146,PASS
9539,1.5041713757470718,241,241,241,PASS
9540,0.4253078897990761,160,160,160,PASS
9541,1.0261373851722435,205,205,205,PASS
9542,1.4488122885192982,237,237,237,PASS
9543,-0.9851301488202944,53,53,53,PASS
9544,0.865477145432642,193,193,193,PASS
9545,0.35391881656408297,154,154,154,PASS
9546,1.3444818299890329,229,229,229,PASS
9547,1.2849182859178419,224,224,224,PASS
9548,1.3407113897537923,228,228,228,PASS
9549,-1.6883182041958824,0,0,0,PASS
9550,-1.1412687393625853,42,42,42,PASS
9551,0.8813868484134442,194,194,194,PASS
9552,-1.4083593588034438,21,21,21,PASS
9553,1.1117730935435481,211,211,211,PASS
9554,-1.6403999567671115,4,4,4,PASS
9555,-0.05508224976777831,123,123,123,PASS
9556,1.0439014323844986,206,206,206,PASS
9557,1.2784738289051114,224,224,224,PASS
9558,-0.35563919144202427,101,101,101,PASS
9559,1.6488797731399731,252,252,252,PASS
9560,0.3393559305005447,153,153,153,PASS
9561,1.4665082333772894,238,238,238,PASS
9562,-0.43052567264936537,95,95,95,PASS
9563,-0.34360781384779937,102,102,102,PASS
9564,-0.680494447607634,76,76,76,PASS
9565,0.6456123944468197,176,176,176,PASS
9566,-1.3959283531017452,22,22,22,PASS
9567,-0.27066517407289425,107,107,107,PASS
9568,1.1659661778220827,215,215,215,PASS
9569,-0.7417343488019108,72,72,72,PASS
9570,-0.29732912323503924,105,105,105,PASS
9571,-0.31485130744894296,104,104,104,PASS
9572,-1.2941645637027546,30,30,30,PASS
9573,-0.8858923437816777,61,61,61,PASS
9574,1.626147170156439,250,250,250,PASS
9575,-0.4646423274768623,93,93,93,PASS
9576,-1.114842114098753,44,44,44,PASS
9577,-1.1185890975876416,43,43,43,PASS
9578,0.45384606171662756,162,162,162,PASS
9579,-0.25281492764394664,108,108,108,PASS
9580,-1.5856917698362292,8,8,8,PASS
9581,0.5831606231738575,171,171,171,PASS
9582,0.4273698518589437,160,160,160,PASS
9583,1.4324613909565145,235,235,235,PASS
9584,-0.5828238427208179,84,84,84,PASS
9585,0.6272628917455993,175,175,175,PASS
9586,-1.5371289607326344,12,12,12,PASS
9587,0.18098674518359426,141,141,141,PASS
9588,1.1725078434627674,216,216,216,PASS
9589,-1.262920520851246,32,32,32,PASS
9590,1.6012520232626868,248,248,248,PASS
9591,0.024282726056777948,129,129,129,PASS
9592,-1.2749483946131703,32,32,32,PASS
9593,0.18529773273346173,141,141,141,PASS
9594,-0.9167861073554072,58,58,58,PASS
9595,0.6609922586692452,177,177,177,PASS
9596,-0.8913334587204382,60,60,60,PASS
9597,1.5783903751929638,246,246,246,PASS
9598,0.9338609760105963,198,198,198,PASS
9599,1.2178087050073405,219,219,219,PASS
9600,0.19409520414436687,142,142,142,PASS
9601,1.414548475643142,234,234,234,PASS
9602,-1.2511299182996412,33,33,33,PASS
9603,-0.937339649590217,57,57,57,PASS
9604,-0.7575831449870383,70,70,70,PASS
9605,0.6423895613418977,176,176,176,PASS
9606,-0.9270720159771485,58,58,58,PASS
9607,-0.3480059747239175,101,101,101,PASS
9608,0.45896750934561426,162,162,162,PASS
9609,-1.3765448625900993,24,24,24,PASS
9610,-0.629185862827051,80,80,80,PASS
9611,0.2847929470358401,149,149,149,PASS
9612,0.6383465705667482,176,176,176,PASS
9613,-1.2433417512414815,34,34,34,PASS
9614,0.6444139667125117,176,176,176,PASS
9615,-0.05105574799365997,124,124,124,PASS
9616,0.9905140077032313,202,202,202,PASS
9617,0.4703616469856706,163,163,163,PASS
9618,0.7902040482750385,187,187,187,PASS
9619,-1.4802909738401238,16,16,16,PASS
9620,0.49004112886714535,164,164,164,PASS
9621,-1.0660653123468333,47,47,47,PASS
9622,0.8865236559615652,194,194,194,PASS
9623,-1.3296677315086392,27,27,27,PASS
9624,0.6253253962005354,175,175,175,PASS
9625,1.6473694098307445,252,252,252,PASS
9626,-1.2966948998595493,30,30,30,PASS
9627,-1.6443169867170189,4,4,4,PASS
9628,0.7927710482241117,187,187,187,PASS
9629,-1.1676384234961283,40,40,40,PASS
9630,-0.509967879518584,89,89,89,PASS
9631,-0.6710359774755132,77,77,77,PASS
9632,-1.6918163512963074,0,0,0,PASS
9633,1.108718794822232,211,211,211,PASS
9634,1.0791043308846813,209,209,209,PASS
9635,0.49609993686728715,165,165,165,PASS
9636,-0.7700468100261905,70,70,70,PASS
9637,1.2589857800823447,222,222,222,PASS
9638,-0.27574749635399853,107,107,107,PASS
9639,-0.33236716008505995,102,102,102,PASS
9640,1.0483286804466794,206,206,206,PASS
9641,-0.6811193454205009,76,76,76,PASS
9642,-0.0763266101507456,122,122,122,PASS
9643,1.506696727375792,241,241,241,PASS
9644,-1.0381996115940786,49,49,49,PASS
9645,-1.6976415557058269,0,0,0,PASS
9646,1.053084481639787,207,207,207,PASS
9647,-1.3663647424954426,25,25,25,PASS
9648,-1.0890557482072136,46,46,46,PASS
9649,-0.7101779336654462,74,74,74,PASS
9650,-1.4837355073204546,16,16,16,PASS
9651,0.1833414887956233,141,141,141,PASS
9652,1.268137336985218,223,223,223,PASS
9653,-0.8711084996350014,62,62,62,PASS
9654,-0.1595200448470151,115,115,115,PASS
9655,1.6672967794980058,253,253,253,PASS
9656,1.6256421352081045,250,250,250,PASS
9657,-1.344864944525045,26,26,26,PASS
9658,0.7365570615049635,183,183,183,PASS
9659,1.3502097776975945,229,229,229,PASS
9660,0.37588220900990543,156,156,156,PASS
9661,1.457040539576126,237,237,237,PASS
9662,1.6279489182399656,250,250,250,PASS
9663,1.3355185964580423,228,228,228,PASS
9664,1.3942290388712564,232,232,232,PASS
9665,0.828442760340091,190,190,190,PASS
9666,-0.40212434912029527,97,97,97,PASS
9667,-1.4210806841847758,21,21,21,PASS
9668,0.13521447950842158,138,138,138,PASS
9669,0.028270799810357072,130,130,130,PASS
9670,-0.9509341259774647,56,56,56,PASS
9671,0.8358690662851493,190,190,190,PASS
9672,1.44061936201513,236,236,236,PASS
9673,-0.0524437524148198,124,124,124,PASS
9674,1.2839216389593446,224,224,224,PASS
9675,0.4813104607826799,164,164,164,PASS
9676,1.6879840651443765,255,255,255,PASS
9677,0.3606529533624603,155,155,155,PASS
9678,1.1111016149928734,211,211,211,PASS
9679,-0.5415680479396996,87,87,87,PASS
9680,-1.247967745957009,34,34,34,PASS
9681,-0.3845743130970831,99,99,99,PASS
9682,0.6139537814639751,174,174,174,PASS
9683,-0.18352752362076696,114,114,114,PASS
9684,0.5028555465296456,165,165,165,PASS
9685,0.012144552333710035,128,128,128,PASS
9686,1.6763260304999321,254,254,254,PASS
9687,-1.2061673364299708,37,37,37,PASS
9688,-1.2473223892670071,34,34,34,PASS
9689,-1.4270552033184685,20,20,20,PASS
9690,-0.3592448594439688,100,100,100,PASS
9691,0.8038269684203703,188,188,188,PASS
9692,0.978148779724828,201,201,201,PASS
9693,0.028195113975154618,130,130,130,PASS
9694,-1.0761785267702577,46,46,46,PASS
9695,-1.5020714767035837,14,14,14,PASS
9696,-0.48723948877245826,91,91,91,PASS
9697,0.15554080082639876,139,139,139,PASS
9698,-1.0696339527774668,47,47,47,PASS
9699,-0.22193359895689624,111,111,111,PASS
9700,-0.25880261045510844,108,108,108,PASS
9701,0.35493645963304554,154,154,154,PASS
9702,0.5605552198153314,170,170,170,PASS
9703,-0.1384476134096151,117,117,117,PASS
9704,-0.7182199205104812,73,73,73,PASS
9705,-0.27784604875345176,107,107,107,PASS
9706,0.23436077549876622,145,145,145,PASS
9707,-0.34131479636190254,102,102,102,PASS
9708,0.6472479914119769,176,176,176,PASS
9709,-0.23726652155993055,110,110,110,PASS
9710,-0.8956061729347141,60,60,60,PASS
9711,0.3597615239906895,155,155,155,PASS
9712,-0.32197070744842304,103,103,103,PASS
9713,1.5978308701057988,248,248,248,PASS
9714,-1.5577907570217617,10,10,10,PASS
9715,-1.6739742600689258,1,1,1,PASS
9716,0.2944477465090565,150,150,150,PASS
9717,-0.0015876558788334716,127,127,127,PASS
9718,-0.6177292590039296,81,81,81,PASS
9719,-0.5629921462167566,85,85,85,PASS
9720,-1.3722125898320803,24,24,24,PASS
9721,-0.33843877671974987,102,102,102,PASS
9722,-0.2205376565507451,111,111,111,PASS
9723,0.6445089425731807,176,176,176,PASS
9724,1.6924760016775353,255,255,255,PASS
9725,-1.4071447937024897,22,22,22,PASS
9726,-0.7186510517647727,73,73,73,PASS
9727,-1.503694882990207,14,14,14,PASS
9728,-0.2222275242780145,111,111,111,PASS
9729,1.6729367590982986,253,253,253,PASS
9730,-1.175981097534568,39,39,39,PASS
9731,1.2396274572695087,221,221,221,PASS
9732,0.18609500778005295,142,142,142,PASS
9733,-1.1741901745917582,39,39,39,PASS
9734,-0.49681007810803024,90,90,90,PASS
9735,-1.2769461192532934,31,31,31,PASS
9736,0.022129722755298564,129,129,129,PASS
9737,-0.41223994192808133,96,96,96,PASS
9738,1.309856159438022,226,226,226,PASS
9739,0.16705749773066136,140,140,140,PASS
9740,-0.5951547120754725,83,83,83,PASS
9741,-1.217436707028158,36,36,36,PASS
9742,-1.2418915828788175,34,34,34,PASS
9743,-0.2984297282007591,105,105,105,PASS
9744,-0.6476519840496178,79,79,79,PASS
9745,0.9659685775609874,200,200,200,PASS
9746,1.0404001411547805,206,206,206,PASS
9747,-0.8581589134795933,63,63,63,PASS
9748,1.1547688084578136,214,214,214,PASS
9749,-1.5391793056948218,12,12,12,PASS
9750,-1.3422730683820188,26,26,26,PASS
9751,-0.4703078720044387,92,92,92,PASS
9752,-1.3593920760142504,25,25,25,PASS
9753,0.8769979992223818,194,194,194,PASS
9754,1.0392454730227254,206,206,206,PASS
9755,1.6238104223846046,250,250,250,PASS
9756,0.6376291141862718,176,176,176,PASS
9757,-1.183622366308059,38,38,38,PASS
9758,1.4463636485419953,236,236,236,PASS
9759,0.727609555901638,182,182,182,PASS
9760,0.6115889260446641,174,174,174,PASS
9761,-0.6862643387886407,76,76,76,PASS
9762,-0.6633684218495675,78,78,78,PASS
9763,0.326851668235389,152,152,152,PASS
9764,1.063890388847591,208,208,208,PASS
9765,-0.14166815424003065,117,117,117,PASS
9766,-0.8271078412154704,65,65,65,PASS
9767,-0.5043838999416161,90,90,90,PASS
9768,-0.8352230596156561,65,65,65,PASS
9769,1.2628038966989232,223,223,223,PASS
9770,1.5877401622369665,247,247,247,PASS
9771,-0.14060075095105518,117,117,117,PASS
9772,0.12416306350032591,137,137,137,PASS
9773,-0.9712313616043882,54,54,54,PASS
9774,0.2237271303453654,144,144,144,PASS
9775,0.21086839315241268,143,143,143,PASS
9776,-1.3443796263262704,26,26,26,PASS
9777,1.4117655462339191,234,234,234,PASS
9778,-1.3599152166041792,25,25,25,PASS
9779,-0.3562718482606402,101,101,101,PASS
9780,-1.4997298396274976,15,15,15,PASS
9781,-1.216138398488477,36,36,36,PASS
9782,-0.056961791091395764,123,123,123,PASS
9783,-1.592810804537782,8,8,8,PASS
9784,1.5563210132731207,245,245,245,PASS
9785,0.7935354041408582,187,187,187,PASS
9786,-1.6046040615209083,7,7,7,PASS
9787,0.8893569098265222,194,194,194,PASS
9788,1.245181293174398,221,221,221,PASS
9789,-1.3070753852805796,29,29,29,PASS
9790,0.800601960354572,188,188,188,PASS
9791,0.1813637518819422,141,141,141,PASS
9792,0.8299697078845287,190,190,190,PASS
9793,-0.5237427564184454,88,88,88,PASS
9794,0.8602201307593942,192,192,192,PASS
9795,-0.6607449031923194,78,78,78,PASS
9796,0.7446699021183909,184,184,184,PASS
9797,0.5123695976133262,166,166,166,PASS
9798,-0.29188880163526987,106,106,106,PASS
9799,-0.5492688281395821,86,86,86,PASS
9800,0.18731510632703596,142,142,142,PASS
9801,1.6918639476705992,255,255,255,PASS
9802,-1.1664263632016962,40,40,40,PASS
9803,-0.693880886290132,75,75,75,PASS
9804,-1.1073310920908792,44,44,44,PASS
9805,-0.06373094539408908,123,123,123,PASS
9806,-0.9918335613012732,53,53,53,PASS
9807,-0.9772365915299408,54,54,54,PASS
9808,1.6560604834457993,252,252,252,PASS
9809,-1.4204255919566833,21,21,21,PASS
9810,0.5453158371761198,169,169,169,PASS
9811,-0.07411248135865112,122,122,122,PASS
9812,1.5092740542125604,241,241,241,PASS
9813,0.9467683328405017,199,199,199,PASS
9814,-0.949052507279161,56,56,56,PASS
9815,1.576215559170486,246,246,246,PASS
9816,-0.5618119965747257,85,85,85,PASS
9817,-1.6449430033779104,4,4,4,PASS
9818,0.5030274584847934,165,165,165,PASS
9819,1.205430005392065,218,218,218,PASS
9820,1.679536346304727,254,254,254,PASS
9821,-1.5634708007383633,10,10,10,PASS
9822,1.3826843361651096,232,232,232,PASS
9823,-1.079034499055345,46,46,46,PASS
9824,0.9342970940167594,198,198,198,PASS
9825,0.34389600660842645,153,153,153,PASS
9826,0.005331175983513958,128,128,128,PASS
9827,-1.1839934473764906,38,38,38,PASS
9828,-0.6273909101441237,80,80,80,PASS
9829,-1.2234930326957487,35,35,35,PASS
9830,1.6220597965746466,250,250,250,PASS
9831,-1.2101740570854227,36,36,36,PASS
9832,-0.2337654250349126,110,110,110,PASS
9833,-1.5681203578531697,9,9,9,PASS
9834,0.29462188213668417,150,150,150,PASS
9835,1.2337503342626943,220,220,220,PASS
9836,0.7976986946333964,188,188,188,PASS
9837,-1.2618933520558717,32,32,32,PASS
9838,-0.7688716160410553,70,70,70,PASS
9839,1.1085336208137393,211,211,211,PASS
9840,1.2921979441415445,225,225,225,PASS
9841,0.13549634202748262,138,138,138,PASS
9842,-1.6500902999304872,3,3,3,PASS
9843,0.8696204989714083,193,193,193,PASS
9844,-1.5888598050920522,8,8,8,PASS
9845,-1.4555459803661202,18,18,18,PASS
9846,0.6621929295581024,177,177,177,PASS
9847,0.1706036307226022,140,140,140,PASS
9848,-0.9939349556354765,53,53,53,PASS
9849,-0.5669898239779729,85,85,85,PASS
9850,0.6375742757079916,176,176,176,PASS
9851,1.3268634890394269,227,227,227,PASS
9852,0.30806779679535734,151,151,151,PASS
9853,-0.6902787404327084,76,76,76,PASS
9854,-0.043425749671508695,124,124,124,PASS
9855,1.437182584048814,236,236,236,PASS
9856,1.6384160494844113,251,251,251,PASS
9857,0.744489311371648,184,184,184,PASS
9858,1.0797355212631248,209,209,209,PASS
9859,-0.33779016843288234,102,102,102,PASS
9860,-0.2712966733831619,107,107,107,PASS
9861,1.0609790829540577,207,207,207,PASS
9862,-0.8132968824720459,66,66,66,PASS
9863,-0.5064776057065683,89,89,89,PASS
9864,0.07499173476734744,133,133,133,PASS
9865,-0.40051579371522394,97,97,97,PASS
9866,1.3675773154205697,230,230,230,PASS
9867,1.5335751336943535,243,243,243,PASS
9868,0.6118165818744721,174,174,174,PASS
9869,1.601379143979006,248,248,248,PASS
9870,-0.03503614443881209,125,125,125,PASS
9871,0.6615092128001543,177,177,177,PASS
9872,1.1848863494626756,217,217,217,PASS
9873,1.596656865774653,248,248,248,PASS
9874,1.1494652574844315,214,214,214,PASS
9875,0.3779443111056391,156,156,156,PASS
9876,1.5255021878267734,242,242,242,PASS
9877,1.5956289971020154,248,248,248,PASS
9878,0.10325293215344522,135,135,135,PASS
9879,-0.638734751393597,79,79,79,PASS
9880,0.5631040207029525,170,170,170,PASS
9881,-0.582421483183871,84,84,84,PASS
9882,-1.059060671768608,48,48,48,PASS
9883,0.6542135218196321,177,177,177,PASS
9884,-0.26709760117578063,107,107,107,PASS
9885,1.397157035467005,233,233,233,PASS
9886,1.6451821152907773,251,251,251,PASS
9887,-1.0095863830603047,51,51,51,PASS
9888,-0.5877412397552049,83,83,83,PASS
9889,-0.461329019945953,93,93,93,PASS
9890,-0.421742110194848,96,96,96,PASS
9891,0.1255948392366446,137,137,137,PASS
9892,1.6484806986037899,252,252,252,PASS
9893,-0.2569360341967597,108,108,108,PASS
9894,-0.9649351809551235,55,55,55,PASS
9895,-0.8778678490095296,61,61,61,PASS
9896,0.6941806117776774,180,180,180,PASS
9897,-1.4825551740316036,16,16,16,PASS
9898,1.0399115210923615,206,206,206,PASS
9899,0.7751860483574513,186,186,186,PASS
9900,-1.034632918690969,50,50,50,PASS
9901,-0.4716920406012577,92,92,92,PASS
9902,-0.8261703153619996,65,65,65,PASS
9903,0.935503091012923,198,198,198,PASS
9904,0.18828719684861395,142,142,142,PASS
9905,1.5767520764564258,246,246,246,PASS
9906,0.439603281147132,161,161,161,PASS
9907,-1.23845885873557,34,34,34,PASS
9908,-0.992833131409677,53,53,53,PASS
9909,-0.6497924986873462,79,79,79,PASS
9910,0.23684366858635153,145,145,145,PASS
9911,1.367291080591581,230,230,230,PASS
9912,0.5374538252978922,168,168,168,PASS
9913,1.4077315837950948,233,233,233,PASS
9914,-1.0382813695515396,49,49,49,PASS
9915,-0.7330941277427702,72,72,72,PASS
9916,0.35277580014912524,154,154,154,PASS
9917,-1.261235404833462,33,33,33,PASS
9918,0.4835789747276571,164,164,164,PASS
9919,1.320850780127086,227,227,227,PASS
9920,1.1209339791277493,212,212,212,PASS
9921,0.6510577604334544,177,177,177,PASS
9922,0.6931806881678917,180,180,180,PASS
9923,-0.13575795835446458,117,117,117,PASS
9924,-1.5685104252460451,9,9,9,PASS
9925,1.0499974938924537,207,207,207,PASS
9926,-0.17605253153072398,114,114,114,PASS
9927,-0.08103035331285757,121,121,121,PASS
9928,-0.20183247986651565,112,112,112,PASS
9929,0.026617310317433196,130,130,130,PASS
9930,0.5028340602789811,165,165,165,PASS
9931,-0.026380508198790897,126,126,126,PASS
9932,-0.20031006123457895,112,112,112,PASS
9933,0.1039269479456546,135,135,135,PASS
9934,-0.40339320549023605,97,97,97,PASS
9935,0.9909022046562093,202,202,202,PASS
9936,1.1025173666411507,211,211,211,PASS
9937,-1.3447512564305362,26,26,26,PASS
9938,0.3948991939422515,157,157,157,PASS
9939,-1.0889564855617273,46,46,46,PASS
9940,-1.160043551047102,40,40,40,PASS
9941,-0.6827796383803848,76,76,76,PASS
9942,-0.32751877304245136,103,103,103,PASS
9943,-1.60705330288559,6,6,6,PASS
9944,-0.8895353077222155,61,61,61,PASS
9945,-1.4184693980507597,21,21,21,PASS
9946,-1.1849737037345887,38,38,38,PASS
9947,-0.5588821019429973,85,85,85,PASS
9948,0.1356311537941517,138,138,138,PASS
9949,1.2925828903215348,225,225,225,PASS
9950,1.264454909055601,223,223,223,PASS
9951,1.6409000037069308,251,251,251,PASS
9952,1.1314838746777134,213,213,213,PASS
9953,-1.5831786549621376,8,8,8,PASS
9954,1.4655751974104143,238,238,238,PASS
9955,-0.3380223116484047,102,102,102,PASS
9956,1.2910281653180682,225,225,225,PASS
9957,1.2925561007689412,225,225,225,PASS
9958,-1.6387490407918812,4,4,4,PASS
9959,0.024862765008448307,129,129,129,PASS
9960,1.3541926086341174,229,229,229,PASS
9961,0.5924370786733044,172,172,172,PASS
9962,0.004600467684237941,128,128,128,PASS
9963,-1.5026598373311553,14,14,14,PASS
9964,0.7731852302777218,186,186,186,PASS
9965,-0.8821720691250781,61,61,61,PASS
9966,1.3618149949043505,230,230,230,PASS
9967,-0.2239617595287422,111,111,111,PASS
9968,-0.7823197488495773,69,69,69,PASS
9969,1.5750137053677589,246,246,246,PASS
9970,0.6502555239924301,176,176,176,PASS
9971,-1.1895571447031583,38,38,38,PASS
9972,-0.7460303432495994,71,71,71,PASS
9973,-0.7147211054943413,74,74,74,PASS
9974,-1.3831919304759874,23,23,23,PASS
9975,-0.42408011626833564,96,96,96,PASS
9976,-1.038042797920199,49,49,49,PASS
9977,0.9127520667374183,196,196,196,PASS
9978,-0.8865600614178787,61,61,61,PASS
9979,1.6555027422558288,252,252,252,PASS
9980,-0.27884348240945367,107,107,107,PASS
9981,-0.6035325292954263,82,82,82,PASS
9982,1.5072482442664052,241,241,241,PASS
9983,1.1303883869791436,213,213,213,PASS
9984,0.04247255666990424,131,131,131,PASS
9985,-0.6114738472773857,81,81,81,PASS
9986,1.546488688311238,244,244,244,PASS
9987,-0.2015358548738424,112,112,112,PASS
9988,0.4477505629409497,161,161,161,PASS
9989,-1.0946589317262787,45,45,45,PASS
9990,1.165493119951772,215,215,215,PASS
9991,-0.43148537320270597,95,95,95,PASS
9992,1.1338090689422111,213,213,213,PASS
9993,-0.875892401477467,62,62,62,PASS
9994,-1.1738041863425095,39,39,39,PASS
9995,-0.9271117341433878,58,58,58,PASS
9996,1.4248591364412422,235,235,235,PASS
9997,0.34504299529634586,153,153,153,PASS
9998,0.13237588145872214,137,137,137,PASS
9999,-1.0313604518153658,50,50,50,PASS
