branch,mismatch_seed,side,element,nominal_units,realized_units,relative_error
CLAIM_BASELINE_3SIGMA_CONVERSION,1,P,BIT7,64,64.041542486073425,0.00064910134489726268
CLAIM_BASELINE_3SIGMA_CONVERSION,1,P,BIT6,32,32.028860572363854,0.00090189288637043674
CLAIM_BASELINE_3SIGMA_CONVERSION,1,P,BIT5,16,16.034441426394437,0.0021525891496523286
CLAIM_BASELINE_3SIGMA_CONVERSION,1,P,BIT4,8,7.9896530677493072,-0.0012933665313366038
CLAIM_BASELINE_3SIGMA_CONVERSION,1,P,BIT3,4,3.9662722677810516,-0.0084319330547371063
CLAIM_BASELINE_3SIGMA_CONVERSION,1,P,BIT2,2,1.9989965984116345,-0.00050170079418276892
CLAIM_BASELINE_3SIGMA_CONVERSION,1,P,BIT1,1,0.9881385745568666,-0.0118614254431334
CLAIM_BASELINE_3SIGMA_CONVERSION,1,P,DUMMY,1,1.0197790616742135,0.019779061674213505
CLAIM_BASELINE_3SIGMA_CONVERSION,1,N,BIT7,64,64.025370922426987,0.00039642066292167044
CLAIM_BASELINE_3SIGMA_CONVERSION,1,N,BIT6,32,32.041097540151753,0.0012842981297422895
CLAIM_BASELINE_3SIGMA_CONVERSION,1,N,BIT5,16,16.010147329246784,0.00063420807792402556
CLAIM_BASELINE_3SIGMA_CONVERSION,1,N,BIT4,8,7.9829583587275899,-0.0021302051590512683
CLAIM_BASELINE_3SIGMA_CONVERSION,1,N,BIT3,4,3.9885077262962434,-0.0028730684259391515
CLAIM_BASELINE_3SIGMA_CONVERSION,1,N,BIT2,2,2.0098604135252236,0.0049302067626117996
CLAIM_BASELINE_3SIGMA_CONVERSION,1,N,BIT1,1,0.99331388056734671,-0.0066861194326532924
CLAIM_BASELINE_3SIGMA_CONVERSION,1,N,DUMMY,1,1.0058548837308194,0.0058548837308194379
CLAIM_BASELINE_3SIGMA_CONVERSION,2,P,BIT7,64,64.054073611812058,0.00084490018456340188
CLAIM_BASELINE_3SIGMA_CONVERSION,2,P,BIT6,32,31.982064472237397,-0.00056048524258134336
CLAIM_BASELINE_3SIGMA_CONVERSION,2,P,BIT5,16,15.931250346063702,-0.0042968533710185941
CLAIM_BASELINE_3SIGMA_CONVERSION,2,P,BIT4,8,8.0023112877800635,0.00028891097250793862
CLAIM_BASELINE_3SIGMA_CONVERSION,2,P,BIT3,4,3.9864202866526588,-0.0033949283368353012
CLAIM_BASELINE_3SIGMA_CONVERSION,2,P,BIT2,2,1.9846961877768865,-0.0076519061115567499
CLAIM_BASELINE_3SIGMA_CONVERSION,2,P,BIT1,1,0.9906342390601186,-0.0093657609398813957
CLAIM_BASELINE_3SIGMA_CONVERSION,2,P,DUMMY,1,1.002685664611443,0.0026856646114430394
CLAIM_BASELINE_3SIGMA_CONVERSION,2,N,BIT7,64,64.021261691626734,0.00033221393166771307
CLAIM_BASELINE_3SIGMA_CONVERSION,2,N,BIT6,32,32.06198479992868,0.0019370249977712639
CLAIM_BASELINE_3SIGMA_CONVERSION,2,N,BIT5,16,15.987088826762132,-0.00080694832736671884
CLAIM_BASELINE_3SIGMA_CONVERSION,2,N,BIT4,8,8.0279576033173541,0.0034947004146692606
CLAIM_BASELINE_3SIGMA_CONVERSION,2,N,BIT3,4,3.9885677944179054,-0.002858051395523642
CLAIM_BASELINE_3SIGMA_CONVERSION,2,N,BIT2,2,1.9856787663756972,-0.0071606168121514102
CLAIM_BASELINE_3SIGMA_CONVERSION,2,N,BIT1,1,1.0064224668099409,0.0064224668099408522
CLAIM_BASELINE_3SIGMA_CONVERSION,2,N,DUMMY,1,1.0016380849060422,0.0016380849060422253
CLAIM_BASELINE_3SIGMA_CONVERSION,3,P,BIT7,64,63.983442125325674,-0.00025871679178635087
CLAIM_BASELINE_3SIGMA_CONVERSION,3,P,BIT6,32,31.931627005954631,-0.0021366560639177745
CLAIM_BASELINE_3SIGMA_CONVERSION,3,P,BIT5,16,15.988618906884346,-0.00071131831972837123
CLAIM_BASELINE_3SIGMA_CONVERSION,3,P,BIT4,8,7.9498480414075541,-0.0062689948240557403
CLAIM_BASELINE_3SIGMA_CONVERSION,3,P,BIT3,4,4.0035804132582484,0.00089510331456210679
CLAIM_BASELINE_3SIGMA_CONVERSION,3,P,BIT2,2,2.0022769260994413,0.0011384630497206505
CLAIM_BASELINE_3SIGMA_CONVERSION,3,P,BIT1,1,0.99799018655681215,-0.0020098134431878467
CLAIM_BASELINE_3SIGMA_CONVERSION,3,P,DUMMY,1,1.0061499973804062,0.0061499973804062247
CLAIM_BASELINE_3SIGMA_CONVERSION,3,N,BIT7,64,64.020612606941086,0.00032207198345446386
CLAIM_BASELINE_3SIGMA_CONVERSION,3,N,BIT6,32,31.967089102533894,-0.0010284655458158154
CLAIM_BASELINE_3SIGMA_CONVERSION,3,N,BIT5,16,16.010621833310616,0.00066386458191347586
CLAIM_BASELINE_3SIGMA_CONVERSION,3,N,BIT4,8,7.9791410331529402,-0.0026073708558824737
CLAIM_BASELINE_3SIGMA_CONVERSION,3,N,BIT3,4,4.0011614987606912,0.00029037469017278994
CLAIM_BASELINE_3SIGMA_CONVERSION,3,N,BIT2,2,1.9800940742208564,-0.0099529628895718147
CLAIM_BASELINE_3SIGMA_CONVERSION,3,N,BIT1,1,1.0030695256779385,0.0030695256779385005
CLAIM_BASELINE_3SIGMA_CONVERSION,3,N,DUMMY,1,1.0073711950172501,0.0073711950172501428
CLAIM_BASELINE_3SIGMA_CONVERSION,4,P,BIT7,64,63.938539207606901,-0.00096032488114217163
CLAIM_BASELINE_3SIGMA_CONVERSION,4,P,BIT6,32,32.039283238399491,0.0012276011999841074
CLAIM_BASELINE_3SIGMA_CONVERSION,4,P,BIT5,16,16.00680414586909,0.0004252591168181219
CLAIM_BASELINE_3SIGMA_CONVERSION,4,P,BIT4,8,8.0023822438903558,0.0002977804862944744
CLAIM_BASELINE_3SIGMA_CONVERSION,4,P,BIT3,4,4.0020529365505642,0.00051323413764103876
CLAIM_BASELINE_3SIGMA_CONVERSION,4,P,BIT2,2,2.0103668230045768,0.0051834115022884042
CLAIM_BASELINE_3SIGMA_CONVERSION,4,P,BIT1,1,1.0105568473407149,0.010556847340714937
CLAIM_BASELINE_3SIGMA_CONVERSION,4,P,DUMMY,1,0.99754175919632115,-0.0024582408036788461
CLAIM_BASELINE_3SIGMA_CONVERSION,4,N,BIT7,64,63.887977745556498,-0.001750347725679724
CLAIM_BASELINE_3SIGMA_CONVERSION,4,N,BIT6,32,31.939892380900705,-0.0018783630968529641
CLAIM_BASELINE_3SIGMA_CONVERSION,4,N,BIT5,16,15.983842770406397,-0.0010098268496001594
CLAIM_BASELINE_3SIGMA_CONVERSION,4,N,BIT4,8,7.9977111674417243,-0.00028610406978446523
CLAIM_BASELINE_3SIGMA_CONVERSION,4,N,BIT3,4,4.0148879560083266,0.0037219890020816493
CLAIM_BASELINE_3SIGMA_CONVERSION,4,N,BIT2,2,1.9971363651744061,-0.0014318174127969652
CLAIM_BASELINE_3SIGMA_CONVERSION,4,N,BIT1,1,1.0117917889014763,0.011791788901476252
CLAIM_BASELINE_3SIGMA_CONVERSION,4,N,DUMMY,1,1.0069028915396818,0.0069028915396818213
CLAIM_BASELINE_3SIGMA_CONVERSION,5,P,BIT7,64,64.045442820937097,0.00071004407714214679
CLAIM_BASELINE_3SIGMA_CONVERSION,5,P,BIT6,32,32.006281538488551,0.00019629807776722075
CLAIM_BASELINE_3SIGMA_CONVERSION,5,P,BIT5,16,16.035535759091321,0.002220984943207549
CLAIM_BASELINE_3SIGMA_CONVERSION,5,P,BIT4,8,7.9681646615963162,-0.0039794173004604749
CLAIM_BASELINE_3SIGMA_CONVERSION,5,P,BIT3,4,3.983874730519839,-0.0040313173700402549
CLAIM_BASELINE_3SIGMA_CONVERSION,5,P,BIT2,2,1.9884135931751936,-0.0057932034124031917
CLAIM_BASELINE_3SIGMA_CONVERSION,5,P,BIT1,1,0.99800560431431362,-0.0019943956856863787
CLAIM_BASELINE_3SIGMA_CONVERSION,5,P,DUMMY,1,0.9955196155927406,-0.0044803844072593968
CLAIM_BASELINE_3SIGMA_CONVERSION,5,N,BIT7,64,64.066655058155021,0.0010414852836722055
CLAIM_BASELINE_3SIGMA_CONVERSION,5,N,BIT6,32,32.024530105311428,0.00076656579098210997
CLAIM_BASELINE_3SIGMA_CONVERSION,5,N,BIT5,16,15.987362711234226,-0.00078983054786085916
CLAIM_BASELINE_3SIGMA_CONVERSION,5,N,BIT4,8,8.016980604488614,0.002122575561076756
CLAIM_BASELINE_3SIGMA_CONVERSION,5,N,BIT3,4,3.9981782904991099,-0.00045542737522252796
CLAIM_BASELINE_3SIGMA_CONVERSION,5,N,BIT2,2,2.0109326900495104,0.0054663450247551815
CLAIM_BASELINE_3SIGMA_CONVERSION,5,N,BIT1,1,0.9947741681754344,-0.0052258318245655966
CLAIM_BASELINE_3SIGMA_CONVERSION,5,N,DUMMY,1,1.0106652887587053,0.010665288758705316
CLAIM_BASELINE_3SIGMA_CONVERSION,6,P,BIT7,64,64.109553408762395,0.0017117720119124158
CLAIM_BASELINE_3SIGMA_CONVERSION,6,P,BIT6,32,32.037456118814681,0.0011705037129587925
CLAIM_BASELINE_3SIGMA_CONVERSION,6,P,BIT5,16,16.00889543282403,0.00055596455150186408
CLAIM_BASELINE_3SIGMA_CONVERSION,6,P,BIT4,8,8.0067324670353699,0.00084155837942123668
CLAIM_BASELINE_3SIGMA_CONVERSION,6,P,BIT3,4,4.0349091236805705,0.0087272809201426327
CLAIM_BASELINE_3SIGMA_CONVERSION,6,P,BIT2,2,2.0183344662973983,0.0091672331486991609
CLAIM_BASELINE_3SIGMA_CONVERSION,6,P,BIT1,1,0.99311249632435916,-0.0068875036756408381
CLAIM_BASELINE_3SIGMA_CONVERSION,6,P,DUMMY,1,1.0063653754085125,0.0063653754085124525
CLAIM_BASELINE_3SIGMA_CONVERSION,6,N,BIT7,64,64.134717012616065,0.002104953322126013
CLAIM_BASELINE_3SIGMA_CONVERSION,6,N,BIT6,32,32.016145452096865,0.00050454537802702148
CLAIM_BASELINE_3SIGMA_CONVERSION,6,N,BIT5,16,16.002894219927864,0.00018088874549149203
CLAIM_BASELINE_3SIGMA_CONVERSION,6,N,BIT4,8,8.0008565459569176,0.00010706824461470532
CLAIM_BASELINE_3SIGMA_CONVERSION,6,N,BIT3,4,3.9999758158064243,-6.0460483939372978e-06
CLAIM_BASELINE_3SIGMA_CONVERSION,6,N,BIT2,2,1.9999172180872105,-4.1390956394771194e-05
CLAIM_BASELINE_3SIGMA_CONVERSION,6,N,BIT1,1,1.001305681100652,0.0013056811006519897
CLAIM_BASELINE_3SIGMA_CONVERSION,6,N,DUMMY,1,0.99794918339549288,-0.0020508166045071219
CLAIM_BASELINE_3SIGMA_CONVERSION,7,P,BIT7,64,63.966869292716979,-0.00051766730129720884
CLAIM_BASELINE_3SIGMA_CONVERSION,7,P,BIT6,32,32.006222841609457,0.00019446380029553012
CLAIM_BASELINE_3SIGMA_CONVERSION,7,P,BIT5,16,16.011751817162796,0.00073448857267477408
CLAIM_BASELINE_3SIGMA_CONVERSION,7,P,BIT4,8,8.0115226782557372,0.0014403347819671453
CLAIM_BASELINE_3SIGMA_CONVERSION,7,P,BIT3,4,3.9946927707435744,-0.001326807314106393
CLAIM_BASELINE_3SIGMA_CONVERSION,7,P,BIT2,2,1.9919330588311439,-0.004033470584428045
CLAIM_BASELINE_3SIGMA_CONVERSION,7,P,BIT1,1,1.0044336845376356,0.004433684537635596
CLAIM_BASELINE_3SIGMA_CONVERSION,7,P,DUMMY,1,1.0071195310980134,0.007119531098013443
CLAIM_BASELINE_3SIGMA_CONVERSION,7,N,BIT7,64,64.015686531596302,0.00024510205619221459
CLAIM_BASELINE_3SIGMA_CONVERSION,7,N,BIT6,32,31.977132694497371,-0.0007146032969571614
CLAIM_BASELINE_3SIGMA_CONVERSION,7,N,BIT5,16,15.981274244421268,-0.0011703597236707441
CLAIM_BASELINE_3SIGMA_CONVERSION,7,N,BIT4,8,8.0224907457493391,0.0028113432186673837
CLAIM_BASELINE_3SIGMA_CONVERSION,7,N,BIT3,4,3.978421484109671,-0.0053946289725822494
CLAIM_BASELINE_3SIGMA_CONVERSION,7,N,BIT2,2,2.0020799299489269,0.0010399649744634587
CLAIM_BASELINE_3SIGMA_CONVERSION,7,N,BIT1,1,0.99946406304397639,-0.00053593695602360825
CLAIM_BASELINE_3SIGMA_CONVERSION,7,N,DUMMY,1,1.0069542200220427,0.0069542200220427119
CLAIM_BASELINE_3SIGMA_CONVERSION,8,P,BIT7,64,63.974919520691941,-0.00039188248918842206
CLAIM_BASELINE_3SIGMA_CONVERSION,8,P,BIT6,32,32.054173207326727,0.0016929127289602164
CLAIM_BASELINE_3SIGMA_CONVERSION,8,P,BIT5,16,16.008662537202696,0.00054140857516848939
CLAIM_BASELINE_3SIGMA_CONVERSION,8,P,BIT4,8,7.9675330123246173,-0.0040583734594228371
CLAIM_BASELINE_3SIGMA_CONVERSION,8,P,BIT3,4,3.9948195523140457,-0.0012951119214885676
CLAIM_BASELINE_3SIGMA_CONVERSION,8,P,BIT2,2,1.9871309723134174,-0.0064345138432913007
CLAIM_BASELINE_3SIGMA_CONVERSION,8,P,BIT1,1,0.98951371362335749,-0.010486286376642506
CLAIM_BASELINE_3SIGMA_CONVERSION,8,P,DUMMY,1,0.99701508526748628,-0.0029849147325137215
CLAIM_BASELINE_3SIGMA_CONVERSION,8,N,BIT7,64,63.975093994268583,-0.00038915633955338702
CLAIM_BASELINE_3SIGMA_CONVERSION,8,N,BIT6,32,32.05353175901017,0.0016728674690678069
CLAIM_BASELINE_3SIGMA_CONVERSION,8,N,BIT5,16,15.980555739419538,-0.0012152662862788821
CLAIM_BASELINE_3SIGMA_CONVERSION,8,N,BIT4,8,8.0171933947871956,0.0021491743483994519
CLAIM_BASELINE_3SIGMA_CONVERSION,8,N,BIT3,4,3.9758396318088178,-0.0060400920477955422
CLAIM_BASELINE_3SIGMA_CONVERSION,8,N,BIT2,2,2.0043459034892681,0.0021729517446340552
CLAIM_BASELINE_3SIGMA_CONVERSION,8,N,BIT1,1,1.0074966007884165,0.0074966007884165187
CLAIM_BASELINE_3SIGMA_CONVERSION,8,N,DUMMY,1,1.0008299602766246,0.00082996027662463057
CLAIM_BASELINE_3SIGMA_CONVERSION,9,P,BIT7,64,63.990841698921265,-0.00014309845435522828
CLAIM_BASELINE_3SIGMA_CONVERSION,9,P,BIT6,32,31.971471890622031,-0.00089150341806154554
CLAIM_BASELINE_3SIGMA_CONVERSION,9,P,BIT5,16,16.007812268743898,0.00048826679649360827
CLAIM_BASELINE_3SIGMA_CONVERSION,9,P,BIT4,8,8.0059923703960454,0.00074904629950567347
CLAIM_BASELINE_3SIGMA_CONVERSION,9,P,BIT3,4,4.002137081988467,0.00053427049711674002
CLAIM_BASELINE_3SIGMA_CONVERSION,9,P,BIT2,2,2.0108692485586168,0.0054346242793084087
CLAIM_BASELINE_3SIGMA_CONVERSION,9,P,BIT1,1,0.99936712513260528,-0.0006328748673947171
CLAIM_BASELINE_3SIGMA_CONVERSION,9,P,DUMMY,1,1.0081841486749139,0.0081841486749139047
CLAIM_BASELINE_3SIGMA_CONVERSION,9,N,BIT7,64,64.025958881065222,0.00040560751664409089
CLAIM_BASELINE_3SIGMA_CONVERSION,9,N,BIT6,32,32.010448073626087,0.00032650230081521237
CLAIM_BASELINE_3SIGMA_CONVERSION,9,N,BIT5,16,16.004523539179903,0.00028272119874395152
CLAIM_BASELINE_3SIGMA_CONVERSION,9,N,BIT4,8,7.9990320083716835,-0.00012099895353956391
CLAIM_BASELINE_3SIGMA_CONVERSION,9,N,BIT3,4,3.9924044818870872,-0.0018988795282282034
CLAIM_BASELINE_3SIGMA_CONVERSION,9,N,BIT2,2,1.9993024621642186,-0.00034876891789070719
CLAIM_BASELINE_3SIGMA_CONVERSION,9,N,BIT1,1,1.0144510689366537,0.01445106893665371
CLAIM_BASELINE_3SIGMA_CONVERSION,9,N,DUMMY,1,1.0065055638344251,0.0065055638344251321
CLAIM_BASELINE_3SIGMA_CONVERSION,10,P,BIT7,64,64.009317155590594,0.000145580556103031
CLAIM_BASELINE_3SIGMA_CONVERSION,10,P,BIT6,32,32.013451154901531,0.00042034859067285879
CLAIM_BASELINE_3SIGMA_CONVERSION,10,P,BIT5,16,15.999913471242635,-5.4080473352868808e-06
CLAIM_BASELINE_3SIGMA_CONVERSION,10,P,BIT4,8,7.9749289789786051,-0.0031338776276743641
CLAIM_BASELINE_3SIGMA_CONVERSION,10,P,BIT3,4,3.9871185840308279,-0.0032203539922930347
CLAIM_BASELINE_3SIGMA_CONVERSION,10,P,BIT2,2,2.0018826966337415,0.00094134831687076037
CLAIM_BASELINE_3SIGMA_CONVERSION,10,P,BIT1,1,1.0051007245733139,0.0051007245733138973
CLAIM_BASELINE_3SIGMA_CONVERSION,10,P,DUMMY,1,1.0042290541288312,0.0042290541288312333
CLAIM_BASELINE_3SIGMA_CONVERSION,10,N,BIT7,64,64.092303136110232,0.0014422365017223715
CLAIM_BASELINE_3SIGMA_CONVERSION,10,N,BIT6,32,32.025683572543699,0.00080261164199058044
CLAIM_BASELINE_3SIGMA_CONVERSION,10,N,BIT5,16,15.991322964839352,-0.00054231469754051354
CLAIM_BASELINE_3SIGMA_CONVERSION,10,N,BIT4,8,7.9901167011799483,-0.0012354123525064598
CLAIM_BASELINE_3SIGMA_CONVERSION,10,N,BIT3,4,3.9994607227877195,-0.00013481930307013279
CLAIM_BASELINE_3SIGMA_CONVERSION,10,N,BIT2,2,2.0052352228024288,0.0026176114012144147
CLAIM_BASELINE_3SIGMA_CONVERSION,10,N,BIT1,1,0.98955034976130429,-0.010449650238695707
CLAIM_BASELINE_3SIGMA_CONVERSION,10,N,DUMMY,1,1.0011686860466347,0.0011686860466346705
CLAIM_BASELINE_3SIGMA_CONVERSION,11,P,BIT7,64,63.959954922957635,-0.00062570432878694682
CLAIM_BASELINE_3SIGMA_CONVERSION,11,P,BIT6,32,31.961456540811525,-0.0012044830996398304
CLAIM_BASELINE_3SIGMA_CONVERSION,11,P,BIT5,16,15.96322727424797,-0.0022982953595018785
CLAIM_BASELINE_3SIGMA_CONVERSION,11,P,BIT4,8,8.0091011595133885,0.0011376449391735655
CLAIM_BASELINE_3SIGMA_CONVERSION,11,P,BIT3,4,3.9946822402772417,-0.0013294399306895688
CLAIM_BASELINE_3SIGMA_CONVERSION,11,P,BIT2,2,1.9987875134754391,-0.00060624326228042591
CLAIM_BASELINE_3SIGMA_CONVERSION,11,P,BIT1,1,0.99820217868382177,-0.0017978213161782275
CLAIM_BASELINE_3SIGMA_CONVERSION,11,P,DUMMY,1,1.008535755812229,0.0085357558122289845
CLAIM_BASELINE_3SIGMA_CONVERSION,11,N,BIT7,64,63.971713178796549,-0.00044198158130392962
CLAIM_BASELINE_3SIGMA_CONVERSION,11,N,BIT6,32,31.96466339497244,-0.0011042689071112388
CLAIM_BASELINE_3SIGMA_CONVERSION,11,N,BIT5,16,15.983304278115078,-0.0010434826178076229
CLAIM_BASELINE_3SIGMA_CONVERSION,11,N,BIT4,8,7.9913099809919812,-0.0010862523760023501
CLAIM_BASELINE_3SIGMA_CONVERSION,11,N,BIT3,4,4.0085859270760507,0.0021464817690126647
CLAIM_BASELINE_3SIGMA_CONVERSION,11,N,BIT2,2,1.9973058781678183,-0.0013470609160908253
CLAIM_BASELINE_3SIGMA_CONVERSION,11,N,BIT1,1,1.0184166940470618,0.01841669404706181
CLAIM_BASELINE_3SIGMA_CONVERSION,11,N,DUMMY,1,0.99128512302658556,-0.0087148769734144427
CLAIM_BASELINE_3SIGMA_CONVERSION,12,P,BIT7,64,64.042153577555823,0.00065864964930972825
CLAIM_BASELINE_3SIGMA_CONVERSION,12,P,BIT6,32,31.95126817497211,-0.0015228695321215513
CLAIM_BASELINE_3SIGMA_CONVERSION,12,P,BIT5,16,16.024050911411695,0.0015031819632309595
CLAIM_BASELINE_3SIGMA_CONVERSION,12,P,BIT4,8,7.9886175295008108,-0.001422808812398646
CLAIM_BASELINE_3SIGMA_CONVERSION,12,P,BIT3,4,3.9886936143850296,-0.0028265964037426095
CLAIM_BASELINE_3SIGMA_CONVERSION,12,P,BIT2,2,2.0062973434530011,0.0031486717265005737
CLAIM_BASELINE_3SIGMA_CONVERSION,12,P,BIT1,1,1.0037896102708745,0.0037896102708745438
CLAIM_BASELINE_3SIGMA_CONVERSION,12,P,DUMMY,1,0.9911635762663269,-0.0088364237336731044
CLAIM_BASELINE_3SIGMA_CONVERSION,12,N,BIT7,64,64.017866369109143,0.00027916201733035884
CLAIM_BASELINE_3SIGMA_CONVERSION,12,N,BIT6,32,31.979524276813116,-0.00063986634959012356
CLAIM_BASELINE_3SIGMA_CONVERSION,12,N,BIT5,16,16.003760206440177,0.00023501290251104479
CLAIM_BASELINE_3SIGMA_CONVERSION,12,N,BIT4,8,8.0054686666296142,0.00068358332870177563
CLAIM_BASELINE_3SIGMA_CONVERSION,12,N,BIT3,4,3.9967849843192127,-0.00080375392019682579
CLAIM_BASELINE_3SIGMA_CONVERSION,12,N,BIT2,2,1.9852553612250894,-0.0073723193874553061
CLAIM_BASELINE_3SIGMA_CONVERSION,12,N,BIT1,1,1.0245326294431989,0.024532629443198894
CLAIM_BASELINE_3SIGMA_CONVERSION,12,N,DUMMY,1,0.99036802174883032,-0.0096319782511696816
CLAIM_BASELINE_3SIGMA_CONVERSION,13,P,BIT7,64,64.088007973795911,0.0013751245905611054
CLAIM_BASELINE_3SIGMA_CONVERSION,13,P,BIT6,32,31.994166144713851,-0.00018230797769214213
CLAIM_BASELINE_3SIGMA_CONVERSION,13,P,BIT5,16,15.973688628425458,-0.0016444607234088471
CLAIM_BASELINE_3SIGMA_CONVERSION,13,P,BIT4,8,8.0045232858325122,0.00056541072906401979
CLAIM_BASELINE_3SIGMA_CONVERSION,13,P,BIT3,4,3.990887518953107,-0.0022781202617232488
CLAIM_BASELINE_3SIGMA_CONVERSION,13,P,BIT2,2,2.0032774382810032,0.001638719140501621
CLAIM_BASELINE_3SIGMA_CONVERSION,13,P,BIT1,1,1.0065916032791773,0.0065916032791772938
CLAIM_BASELINE_3SIGMA_CONVERSION,13,P,DUMMY,1,0.99162852376821442,-0.0083714762317855795
CLAIM_BASELINE_3SIGMA_CONVERSION,13,N,BIT7,64,64.005524215524645,8.6315867572572813e-05
CLAIM_BASELINE_3SIGMA_CONVERSION,13,N,BIT6,32,31.939085656211063,-0.0019035732434042885
CLAIM_BASELINE_3SIGMA_CONVERSION,13,N,BIT5,16,15.951355443705491,-0.0030402847684067869
CLAIM_BASELINE_3SIGMA_CONVERSION,13,N,BIT4,8,7.9751297940753973,-0.0031087757405753313
CLAIM_BASELINE_3SIGMA_CONVERSION,13,N,BIT3,4,4.0286367582275702,0.0071591895568925423
CLAIM_BASELINE_3SIGMA_CONVERSION,13,N,BIT2,2,1.985657651129717,-0.0071711744351414808
CLAIM_BASELINE_3SIGMA_CONVERSION,13,N,BIT1,1,0.98856393007504106,-0.011436069924958936
CLAIM_BASELINE_3SIGMA_CONVERSION,13,N,DUMMY,1,1.012545340055174,0.012545340055174048
CLAIM_BASELINE_3SIGMA_CONVERSION,14,P,BIT7,64,63.931130659559166,-0.0010760834443880318
CLAIM_BASELINE_3SIGMA_CONVERSION,14,P,BIT6,32,32.039586199559622,0.0012370687362381894
CLAIM_BASELINE_3SIGMA_CONVERSION,14,P,BIT5,16,15.998786323294759,-7.5854794077567789e-05
CLAIM_BASELINE_3SIGMA_CONVERSION,14,P,BIT4,8,8.0008631593522246,0.00010789491902807313
CLAIM_BASELINE_3SIGMA_CONVERSION,14,P,BIT3,4,3.9982454240018885,-0.0004386439995278657
CLAIM_BASELINE_3SIGMA_CONVERSION,14,P,BIT2,2,2.0138198167176729,0.0069099083588364252
CLAIM_BASELINE_3SIGMA_CONVERSION,14,P,BIT1,1,0.97999217120225846,-0.020007828797741545
CLAIM_BASELINE_3SIGMA_CONVERSION,14,P,DUMMY,1,0.98985740146575885,-0.010142598534241154
CLAIM_BASELINE_3SIGMA_CONVERSION,14,N,BIT7,64,63.956466452872888,-0.00068021167386111969
CLAIM_BASELINE_3SIGMA_CONVERSION,14,N,BIT6,32,31.97845667495784,-0.00067322890756749132
CLAIM_BASELINE_3SIGMA_CONVERSION,14,N,BIT5,16,16.010472484163795,0.00065453026023720717
CLAIM_BASELINE_3SIGMA_CONVERSION,14,N,BIT4,8,7.981070619257288,-0.0023661725928389998
CLAIM_BASELINE_3SIGMA_CONVERSION,14,N,BIT3,4,3.9976943796367337,-0.00057640509081657854
CLAIM_BASELINE_3SIGMA_CONVERSION,14,N,BIT2,2,1.9763459656960209,-0.011827017151989527
CLAIM_BASELINE_3SIGMA_CONVERSION,14,N,BIT1,1,1.0093597445464446,0.009359744546444615
CLAIM_BASELINE_3SIGMA_CONVERSION,14,N,DUMMY,1,1.0052165384276155,0.0052165384276154914
CLAIM_BASELINE_3SIGMA_CONVERSION,15,P,BIT7,64,64.020095103831437,0.00031398599736620625
CLAIM_BASELINE_3SIGMA_CONVERSION,15,P,BIT6,32,32.016283647853335,0.00050886399541671956
CLAIM_BASELINE_3SIGMA_CONVERSION,15,P,BIT5,16,15.991630762669454,-0.00052307733315914984
CLAIM_BASELINE_3SIGMA_CONVERSION,15,P,BIT4,8,7.9728235525825406,-0.0033970559271824241
CLAIM_BASELINE_3SIGMA_CONVERSION,15,P,BIT3,4,3.9886722601521711,-0.0028319349619572165
CLAIM_BASELINE_3SIGMA_CONVERSION,15,P,BIT2,2,1.999078862386209,-0.0004605688068954894
CLAIM_BASELINE_3SIGMA_CONVERSION,15,P,BIT1,1,0.99499334569887021,-0.005006654301129787
CLAIM_BASELINE_3SIGMA_CONVERSION,15,P,DUMMY,1,0.99575458658508054,-0.0042454134149194633
CLAIM_BASELINE_3SIGMA_CONVERSION,15,N,BIT7,64,63.973556597640062,-0.00041317816187402823
CLAIM_BASELINE_3SIGMA_CONVERSION,15,N,BIT6,32,32.023257631638231,0.0007268009886947091
CLAIM_BASELINE_3SIGMA_CONVERSION,15,N,BIT5,16,15.96104394214886,-0.0024347536156962279
CLAIM_BASELINE_3SIGMA_CONVERSION,15,N,BIT4,8,8.0277037494495982,0.003462968681199774
CLAIM_BASELINE_3SIGMA_CONVERSION,15,N,BIT3,4,4.0027077712843688,0.00067694282109220794
CLAIM_BASELINE_3SIGMA_CONVERSION,15,N,BIT2,2,1.9914409654270426,-0.0042795172864786846
CLAIM_BASELINE_3SIGMA_CONVERSION,15,N,BIT1,1,1.009847543115548,0.0098475431155480297
CLAIM_BASELINE_3SIGMA_CONVERSION,15,N,DUMMY,1,1.0136273163331373,0.013627316333137296
CLAIM_BASELINE_3SIGMA_CONVERSION,16,P,BIT7,64,64.061993170339377,0.00096864328655277276
CLAIM_BASELINE_3SIGMA_CONVERSION,16,P,BIT6,32,31.925290365248394,-0.0023346760859876969
CLAIM_BASELINE_3SIGMA_CONVERSION,16,P,BIT5,16,15.990007273699003,-0.00062454539381229246
CLAIM_BASELINE_3SIGMA_CONVERSION,16,P,BIT4,8,8.0044985709671082,0.00056232137088851886
CLAIM_BASELINE_3SIGMA_CONVERSION,16,P,BIT3,4,4.0065376862768147,0.0016344215692036812
CLAIM_BASELINE_3SIGMA_CONVERSION,16,P,BIT2,2,1.9905884703917254,-0.0047057648041373135
CLAIM_BASELINE_3SIGMA_CONVERSION,16,P,BIT1,1,0.99824764106888431,-0.001752358931115694
CLAIM_BASELINE_3SIGMA_CONVERSION,16,P,DUMMY,1,0.9993254448376131,-0.00067455516238690283
CLAIM_BASELINE_3SIGMA_CONVERSION,16,N,BIT7,64,64.07124353434186,0.00111318022409157
CLAIM_BASELINE_3SIGMA_CONVERSION,16,N,BIT6,32,31.961335177120947,-0.0012082757149703971
CLAIM_BASELINE_3SIGMA_CONVERSION,16,N,BIT5,16,16.02479658838898,0.0015497867743112792
CLAIM_BASELINE_3SIGMA_CONVERSION,16,N,BIT4,8,8.0095570936466025,0.0011946367058253138
CLAIM_BASELINE_3SIGMA_CONVERSION,16,N,BIT3,4,4.01829941204634,0.0045748530115850006
CLAIM_BASELINE_3SIGMA_CONVERSION,16,N,BIT2,2,1.9982184319551477,-0.00089078402242614985
CLAIM_BASELINE_3SIGMA_CONVERSION,16,N,BIT1,1,1.0013379085530023,0.0013379085530023094
CLAIM_BASELINE_3SIGMA_CONVERSION,16,N,DUMMY,1,1.0070590683322587,0.0070590683322586667
CLAIM_BASELINE_3SIGMA_CONVERSION,17,P,BIT7,64,63.984939749666829,-0.00023531641145579929
CLAIM_BASELINE_3SIGMA_CONVERSION,17,P,BIT6,32,31.97243808843529,-0.00086130973639719777
CLAIM_BASELINE_3SIGMA_CONVERSION,17,P,BIT5,16,15.938274261763322,-0.0038578586397923775
CLAIM_BASELINE_3SIGMA_CONVERSION,17,P,BIT4,8,7.9743019587321484,-0.0032122551584814474
CLAIM_BASELINE_3SIGMA_CONVERSION,17,P,BIT3,4,3.9849535343729552,-0.0037616164067612035
CLAIM_BASELINE_3SIGMA_CONVERSION,17,P,BIT2,2,1.9919790913430537,-0.0040104543284731342
CLAIM_BASELINE_3SIGMA_CONVERSION,17,P,BIT1,1,0.99976567501065328,-0.00023432498934672363
CLAIM_BASELINE_3SIGMA_CONVERSION,17,P,DUMMY,1,1.003832232353308,0.003832232353307985
CLAIM_BASELINE_3SIGMA_CONVERSION,17,N,BIT7,64,63.970999188740429,-0.00045313767593080367
CLAIM_BASELINE_3SIGMA_CONVERSION,17,N,BIT6,32,32.031154455807084,0.00097357674397136051
CLAIM_BASELINE_3SIGMA_CONVERSION,17,N,BIT5,16,16.001101123236669,6.8820202291819399e-05
CLAIM_BASELINE_3SIGMA_CONVERSION,17,N,BIT4,8,7.9553243656855344,-0.005584454289308205
CLAIM_BASELINE_3SIGMA_CONVERSION,17,N,BIT3,4,3.9951192819366899,-0.0012201795158275353
CLAIM_BASELINE_3SIGMA_CONVERSION,17,N,BIT2,2,2.0064672053835899,0.0032336026917949567
CLAIM_BASELINE_3SIGMA_CONVERSION,17,N,BIT1,1,1.0020086522524649,0.0020086522524649375
CLAIM_BASELINE_3SIGMA_CONVERSION,17,N,DUMMY,1,1.0148771739435769,0.014877173943576905
CLAIM_BASELINE_3SIGMA_CONVERSION,18,P,BIT7,64,63.92473178740989,-0.0011760658217204734
CLAIM_BASELINE_3SIGMA_CONVERSION,18,P,BIT6,32,31.863586517006407,-0.0042629213435497748
CLAIM_BASELINE_3SIGMA_CONVERSION,18,P,BIT5,16,16.081443628617308,0.0050902267885817309
CLAIM_BASELINE_3SIGMA_CONVERSION,18,P,BIT4,8,8.0381391401734614,0.0047673925216826785
CLAIM_BASELINE_3SIGMA_CONVERSION,18,P,BIT3,4,3.9773358698534578,-0.0056660325366355568
CLAIM_BASELINE_3SIGMA_CONVERSION,18,P,BIT2,2,1.9989496425501172,-0.00052517872494139972
CLAIM_BASELINE_3SIGMA_CONVERSION,18,P,BIT1,1,0.99975747858536612,-0.00024252141463387833
CLAIM_BASELINE_3SIGMA_CONVERSION,18,P,DUMMY,1,0.99684461331570695,-0.0031553866842930489
CLAIM_BASELINE_3SIGMA_CONVERSION,18,N,BIT7,64,63.999119604776908,-1.3756175360812861e-05
CLAIM_BASELINE_3SIGMA_CONVERSION,18,N,BIT6,32,31.996011049687816,-0.00012465469725575495
CLAIM_BASELINE_3SIGMA_CONVERSION,18,N,BIT5,16,15.962330145249416,-0.0023543659219115165
CLAIM_BASELINE_3SIGMA_CONVERSION,18,N,BIT4,8,8.002779659554939,0.00034745744436737169
CLAIM_BASELINE_3SIGMA_CONVERSION,18,N,BIT3,4,4.0021489247586546,0.00053723118966364503
CLAIM_BASELINE_3SIGMA_CONVERSION,18,N,BIT2,2,2.0142151741565906,0.0071075870782952855
CLAIM_BASELINE_3SIGMA_CONVERSION,18,N,BIT1,1,1.0033695859123062,0.0033695859123061833
CLAIM_BASELINE_3SIGMA_CONVERSION,18,N,DUMMY,1,0.99896573491023388,-0.0010342650897661176
CLAIM_BASELINE_3SIGMA_CONVERSION,19,P,BIT7,64,64.023335665267126,0.00036461976979884625
CLAIM_BASELINE_3SIGMA_CONVERSION,19,P,BIT6,32,32.096794308326722,0.0030248221352100479
CLAIM_BASELINE_3SIGMA_CONVERSION,19,P,BIT5,16,16.004085134332385,0.00025532089577406936
CLAIM_BASELINE_3SIGMA_CONVERSION,19,P,BIT4,8,8.013222609658575,0.001652826207321878
CLAIM_BASELINE_3SIGMA_CONVERSION,19,P,BIT3,4,4.0127803470071264,0.0031950867517815951
CLAIM_BASELINE_3SIGMA_CONVERSION,19,P,BIT2,2,2.009177788521864,0.0045888942609320083
CLAIM_BASELINE_3SIGMA_CONVERSION,19,P,BIT1,1,1.004338984065142,0.0043389840651419931
CLAIM_BASELINE_3SIGMA_CONVERSION,19,P,DUMMY,1,1.0125078528015283,0.01250785280152833
CLAIM_BASELINE_3SIGMA_CONVERSION,19,N,BIT7,64,64.013201042081022,0.00020626628251596557
CLAIM_BASELINE_3SIGMA_CONVERSION,19,N,BIT6,32,32.028617626344172,0.00089430082325536731
CLAIM_BASELINE_3SIGMA_CONVERSION,19,N,BIT5,16,16.027806750604277,0.0017379219127673373
CLAIM_BASELINE_3SIGMA_CONVERSION,19,N,BIT4,8,7.997861015921508,-0.00026737300981150014
CLAIM_BASELINE_3SIGMA_CONVERSION,19,N,BIT3,4,4.0239979576571194,0.0059994894142798572
CLAIM_BASELINE_3SIGMA_CONVERSION,19,N,BIT2,2,2.0127101258490772,0.0063550629245385792
CLAIM_BASELINE_3SIGMA_CONVERSION,19,N,BIT1,1,1.0049929995396365,0.0049929995396365001
CLAIM_BASELINE_3SIGMA_CONVERSION,19,N,DUMMY,1,1.0008064661036928,0.00080646610369283778
CLAIM_BASELINE_3SIGMA_CONVERSION,20,P,BIT7,64,64.236945272927542,0.0037022698894928485
CLAIM_BASELINE_3SIGMA_CONVERSION,20,P,BIT6,32,32.105881795236769,0.0033088061011490311
CLAIM_BASELINE_3SIGMA_CONVERSION,20,P,BIT5,16,15.998384672457718,-0.00010095797139264562
CLAIM_BASELINE_3SIGMA_CONVERSION,20,P,BIT4,8,8.0014941444576646,0.00018676805720807543
CLAIM_BASELINE_3SIGMA_CONVERSION,20,P,BIT3,4,4.0045087585573178,0.0011271896393294512
CLAIM_BASELINE_3SIGMA_CONVERSION,20,P,BIT2,2,2.0169073538479321,0.0084536769239660359
CLAIM_BASELINE_3SIGMA_CONVERSION,20,P,BIT1,1,1.0083529462972827,0.0083529462972826707
CLAIM_BASELINE_3SIGMA_CONVERSION,20,P,DUMMY,1,1.0017517670658618,0.0017517670658617757
CLAIM_BASELINE_3SIGMA_CONVERSION,20,N,BIT7,64,64.131364666730263,0.0020525729176603669
CLAIM_BASELINE_3SIGMA_CONVERSION,20,N,BIT6,32,31.978030351518079,-0.00068655151506002987
CLAIM_BASELINE_3SIGMA_CONVERSION,20,N,BIT5,16,15.95109669066235,-0.0030564568336031162
CLAIM_BASELINE_3SIGMA_CONVERSION,20,N,BIT4,8,8.0153881693624758,0.0019235211703094723
CLAIM_BASELINE_3SIGMA_CONVERSION,20,N,BIT3,4,4.0270354063903451,0.0067588515975862684
CLAIM_BASELINE_3SIGMA_CONVERSION,20,N,BIT2,2,1.9977344225831803,-0.0011327887084098265
CLAIM_BASELINE_3SIGMA_CONVERSION,20,N,BIT1,1,1.0032762440375493,0.0032762440375493362
CLAIM_BASELINE_3SIGMA_CONVERSION,20,N,DUMMY,1,0.99245334748601333,-0.0075466525139866736
CLAIM_BASELINE_3SIGMA_CONVERSION,21,P,BIT7,64,64.012944372939799,0.00020225582718436108
CLAIM_BASELINE_3SIGMA_CONVERSION,21,P,BIT6,32,31.940187199388092,-0.0018691500191221344
CLAIM_BASELINE_3SIGMA_CONVERSION,21,P,BIT5,16,16.04674368244736,0.0029214801529600098
CLAIM_BASELINE_3SIGMA_CONVERSION,21,P,BIT4,8,8.0329395319670596,0.0041174414958824457
CLAIM_BASELINE_3SIGMA_CONVERSION,21,P,BIT3,4,3.9824859212147539,-0.0043785196963115336
CLAIM_BASELINE_3SIGMA_CONVERSION,21,P,BIT2,2,1.9971226248162788,-0.0014386875918606101
CLAIM_BASELINE_3SIGMA_CONVERSION,21,P,BIT1,1,0.99955867146901745,-0.00044132853098255431
CLAIM_BASELINE_3SIGMA_CONVERSION,21,P,DUMMY,1,1.0087929563373186,0.0087929563373185804
CLAIM_BASELINE_3SIGMA_CONVERSION,21,N,BIT7,64,63.976234635895935,-0.00037133381412601807
CLAIM_BASELINE_3SIGMA_CONVERSION,21,N,BIT6,32,31.998735698478953,-3.9509422532724159e-05
CLAIM_BASELINE_3SIGMA_CONVERSION,21,N,BIT5,16,16.000887509390999,5.5469336937452596e-05
CLAIM_BASELINE_3SIGMA_CONVERSION,21,N,BIT4,8,8.0011079201285966,0.00013849001607457723
CLAIM_BASELINE_3SIGMA_CONVERSION,21,N,BIT3,4,4.0097214998748552,0.0024303749687137888
CLAIM_BASELINE_3SIGMA_CONVERSION,21,N,BIT2,2,1.9843860099110255,-0.0078069950444872305
CLAIM_BASELINE_3SIGMA_CONVERSION,21,N,BIT1,1,1.0027452366912277,0.002745236691227726
CLAIM_BASELINE_3SIGMA_CONVERSION,21,N,DUMMY,1,0.99989896203665019,-0.00010103796334981485
CLAIM_BASELINE_3SIGMA_CONVERSION,22,P,BIT7,64,64.011568902105182,0.00018076409539347083
CLAIM_BASELINE_3SIGMA_CONVERSION,22,P,BIT6,32,31.99704903971994,-9.2217508751879507e-05
CLAIM_BASELINE_3SIGMA_CONVERSION,22,P,BIT5,16,16.009238451585677,0.00057740322410482214
CLAIM_BASELINE_3SIGMA_CONVERSION,22,P,BIT4,8,7.9799883622026524,-0.0025014547246684504
CLAIM_BASELINE_3SIGMA_CONVERSION,22,P,BIT3,4,4.0103750084412111,0.0025937521103027716
CLAIM_BASELINE_3SIGMA_CONVERSION,22,P,BIT2,2,1.9920874467003216,-0.0039562766498392188
CLAIM_BASELINE_3SIGMA_CONVERSION,22,P,BIT1,1,1.0077911882341812,0.0077911882341812344
CLAIM_BASELINE_3SIGMA_CONVERSION,22,P,DUMMY,1,1.0075330848047865,0.0075330848047865384
CLAIM_BASELINE_3SIGMA_CONVERSION,22,N,BIT7,64,63.962984525625131,-0.00057836678710732059
CLAIM_BASELINE_3SIGMA_CONVERSION,22,N,BIT6,32,32.040402575690152,0.0012625804903172444
CLAIM_BASELINE_3SIGMA_CONVERSION,22,N,BIT5,16,16.021104459751704,0.001319028734481531
CLAIM_BASELINE_3SIGMA_CONVERSION,22,N,BIT4,8,7.9764620161198279,-0.0029422479850215177
CLAIM_BASELINE_3SIGMA_CONVERSION,22,N,BIT3,4,4.000910270988423,0.00022756774710575023
CLAIM_BASELINE_3SIGMA_CONVERSION,22,N,BIT2,2,2.0195708590907246,0.009785429545362323
CLAIM_BASELINE_3SIGMA_CONVERSION,22,N,BIT1,1,0.99895130437298385,-0.0010486956270161496
CLAIM_BASELINE_3SIGMA_CONVERSION,22,N,DUMMY,1,0.98354102023203838,-0.016458979767961623
CLAIM_BASELINE_3SIGMA_CONVERSION,23,P,BIT7,64,63.861641412572538,-0.0021618529285540866
CLAIM_BASELINE_3SIGMA_CONVERSION,23,P,BIT6,32,32.049565620262484,0.0015489256332026358
CLAIM_BASELINE_3SIGMA_CONVERSION,23,P,BIT5,16,15.994377608367794,-0.00035139947701290364
CLAIM_BASELINE_3SIGMA_CONVERSION,23,P,BIT4,8,7.9759130958768196,-0.0030108630153975469
CLAIM_BASELINE_3SIGMA_CONVERSION,23,P,BIT3,4,3.9856973470523855,-0.0035756632369036145
CLAIM_BASELINE_3SIGMA_CONVERSION,23,P,BIT2,2,2.0118112705808224,0.0059056352904112153
CLAIM_BASELINE_3SIGMA_CONVERSION,23,P,BIT1,1,0.99144870147139663,-0.0085512985286033683
CLAIM_BASELINE_3SIGMA_CONVERSION,23,P,DUMMY,1,1.0049065562344472,0.0049065562344472458
CLAIM_BASELINE_3SIGMA_CONVERSION,23,N,BIT7,64,63.962848905468924,-0.00058048585204806269
CLAIM_BASELINE_3SIGMA_CONVERSION,23,N,BIT6,32,31.95573997497263,-0.00138312578210531
CLAIM_BASELINE_3SIGMA_CONVERSION,23,N,BIT5,16,16.042201939941616,0.0026376212463510296
CLAIM_BASELINE_3SIGMA_CONVERSION,23,N,BIT4,8,8.0152964218726144,0.0019120527340767968
CLAIM_BASELINE_3SIGMA_CONVERSION,23,N,BIT3,4,4.0024048118180824,0.00060120295452059658
CLAIM_BASELINE_3SIGMA_CONVERSION,23,N,BIT2,2,1.9875250917162011,-0.0062374541418994678
CLAIM_BASELINE_3SIGMA_CONVERSION,23,N,BIT1,1,0.99531158018736787,-0.0046884198126321275
CLAIM_BASELINE_3SIGMA_CONVERSION,23,N,DUMMY,1,0.9942413910573431,-0.0057586089426568954
CLAIM_BASELINE_3SIGMA_CONVERSION,24,P,BIT7,64,64.05783909666134,0.0009037358853334343
CLAIM_BASELINE_3SIGMA_CONVERSION,24,P,BIT6,32,31.89601249423265,-0.0032496095552296822
CLAIM_BASELINE_3SIGMA_CONVERSION,24,P,BIT5,16,16.050618362943055,0.0031636476839409511
CLAIM_BASELINE_3SIGMA_CONVERSION,24,P,BIT4,8,8.0127766069177184,0.0015970758647148031
CLAIM_BASELINE_3SIGMA_CONVERSION,24,P,BIT3,4,3.99756513713087,-0.00060871571728249307
CLAIM_BASELINE_3SIGMA_CONVERSION,24,P,BIT2,2,2.0010279904937396,0.0005139952468697917
CLAIM_BASELINE_3SIGMA_CONVERSION,24,P,BIT1,1,1.0006276087337163,0.00062760873371625614
CLAIM_BASELINE_3SIGMA_CONVERSION,24,P,DUMMY,1,0.99862087830857482,-0.001379121691425178
CLAIM_BASELINE_3SIGMA_CONVERSION,24,N,BIT7,64,64.088092778425789,0.0013764496629029566
CLAIM_BASELINE_3SIGMA_CONVERSION,24,N,BIT6,32,31.999086886449941,-2.8534798439339149e-05
CLAIM_BASELINE_3SIGMA_CONVERSION,24,N,BIT5,16,15.997890997074405,-0.00013181268284967462
CLAIM_BASELINE_3SIGMA_CONVERSION,24,N,BIT4,8,8.0109268435507079,0.0013658554438384929
CLAIM_BASELINE_3SIGMA_CONVERSION,24,N,BIT3,4,4.0175479777835221,0.0043869944458805321
CLAIM_BASELINE_3SIGMA_CONVERSION,24,N,BIT2,2,2.0205787848252417,0.010289392412620835
CLAIM_BASELINE_3SIGMA_CONVERSION,24,N,BIT1,1,1.0005024654252668,0.00050246542526677374
CLAIM_BASELINE_3SIGMA_CONVERSION,24,N,DUMMY,1,0.99739948738117978,-0.0026005126188202166
CLAIM_BASELINE_3SIGMA_CONVERSION,25,P,BIT7,64,64.024426711660865,0.000381667369701022
CLAIM_BASELINE_3SIGMA_CONVERSION,25,P,BIT6,32,31.98225106637345,-0.00055465417582967191
CLAIM_BASELINE_3SIGMA_CONVERSION,25,P,BIT5,16,15.983718107077413,-0.0010176183076616718
CLAIM_BASELINE_3SIGMA_CONVERSION,25,P,BIT4,8,8.005095641719711,0.00063695521496387464
CLAIM_BASELINE_3SIGMA_CONVERSION,25,P,BIT3,4,4.0078256413313289,0.0019564103328322258
CLAIM_BASELINE_3SIGMA_CONVERSION,25,P,BIT2,2,2.0100193541559332,0.0050096770779666233
CLAIM_BASELINE_3SIGMA_CONVERSION,25,P,BIT1,1,0.99196118363228925,-0.0080388163677107549
CLAIM_BASELINE_3SIGMA_CONVERSION,25,P,DUMMY,1,0.98993050528624105,-0.010069494713758953
CLAIM_BASELINE_3SIGMA_CONVERSION,25,N,BIT7,64,64.027495794367681,0.00042962178699501585
CLAIM_BASELINE_3SIGMA_CONVERSION,25,N,BIT6,32,32.009111001291572,0.00028471879036162662
CLAIM_BASELINE_3SIGMA_CONVERSION,25,N,BIT5,16,16.005618774540032,0.00035117340875201464
CLAIM_BASELINE_3SIGMA_CONVERSION,25,N,BIT4,8,8.0155067176148389,0.0019383397018548632
CLAIM_BASELINE_3SIGMA_CONVERSION,25,N,BIT3,4,4.00601307568426,0.0015032689210650041
CLAIM_BASELINE_3SIGMA_CONVERSION,25,N,BIT2,2,1.9803378679601749,-0.009831066019912571
CLAIM_BASELINE_3SIGMA_CONVERSION,25,N,BIT1,1,1.0002486353844282,0.00024863538442820854
CLAIM_BASELINE_3SIGMA_CONVERSION,25,N,DUMMY,1,0.9993149513560593,-0.00068504864394069998
CLAIM_BASELINE_3SIGMA_CONVERSION,26,P,BIT7,64,64.117370815263087,0.0018339189884857277
CLAIM_BASELINE_3SIGMA_CONVERSION,26,P,BIT6,32,31.956101318387411,-0.0013718338003934072
CLAIM_BASELINE_3SIGMA_CONVERSION,26,P,BIT5,16,16.002105301364235,0.00013158133526469662
CLAIM_BASELINE_3SIGMA_CONVERSION,26,P,BIT4,8,7.9919691057277262,-0.0010038617840342212
CLAIM_BASELINE_3SIGMA_CONVERSION,26,P,BIT3,4,4.0050039607776799,0.0012509901944199875
CLAIM_BASELINE_3SIGMA_CONVERSION,26,P,BIT2,2,2.0053090536832987,0.0026545268416493517
CLAIM_BASELINE_3SIGMA_CONVERSION,26,P,BIT1,1,0.99939743913643031,-0.00060256086356968996
CLAIM_BASELINE_3SIGMA_CONVERSION,26,P,DUMMY,1,1.0088289256359144,0.0088289256359144197
CLAIM_BASELINE_3SIGMA_CONVERSION,26,N,BIT7,64,64.021241972915959,0.00033190582681186243
CLAIM_BASELINE_3SIGMA_CONVERSION,26,N,BIT6,32,32.034069621139139,0.0010646756605980912
CLAIM_BASELINE_3SIGMA_CONVERSION,26,N,BIT5,16,15.992873102391528,-0.00044543110052952528
CLAIM_BASELINE_3SIGMA_CONVERSION,26,N,BIT4,8,8.0452296066806586,0.0056537008350823204
CLAIM_BASELINE_3SIGMA_CONVERSION,26,N,BIT3,4,3.9787630090376584,-0.0053092477405853877
CLAIM_BASELINE_3SIGMA_CONVERSION,26,N,BIT2,2,2.0250528352174451,0.012526417608722529
CLAIM_BASELINE_3SIGMA_CONVERSION,26,N,BIT1,1,1.0123395648754525,0.012339564875452513
CLAIM_BASELINE_3SIGMA_CONVERSION,26,N,DUMMY,1,0.99587168527363856,-0.0041283147263614373
CLAIM_BASELINE_3SIGMA_CONVERSION,27,P,BIT7,64,63.929912510070793,-0.0010951170301438662
CLAIM_BASELINE_3SIGMA_CONVERSION,27,P,BIT6,32,31.949051429353254,-0.0015921428327108078
CLAIM_BASELINE_3SIGMA_CONVERSION,27,P,BIT5,16,16.007075463729208,0.00044221648307551931
CLAIM_BASELINE_3SIGMA_CONVERSION,27,P,BIT4,8,7.9668008930078233,-0.0041498883740220815
CLAIM_BASELINE_3SIGMA_CONVERSION,27,P,BIT3,4,4.0035455401888722,0.00088638504721805234
CLAIM_BASELINE_3SIGMA_CONVERSION,27,P,BIT2,2,2.0038501490767571,0.001925074538378535
CLAIM_BASELINE_3SIGMA_CONVERSION,27,P,BIT1,1,0.99492560100713934,-0.0050743989928606625
CLAIM_BASELINE_3SIGMA_CONVERSION,27,P,DUMMY,1,0.98454176102800883,-0.015458238971991167
CLAIM_BASELINE_3SIGMA_CONVERSION,27,N,BIT7,64,63.936167809968651,-0.00099737796923982103
CLAIM_BASELINE_3SIGMA_CONVERSION,27,N,BIT6,32,31.992437876079933,-0.00023631637250209891
CLAIM_BASELINE_3SIGMA_CONVERSION,27,N,BIT5,16,15.973461797629781,-0.0016586376481386722
CLAIM_BASELINE_3SIGMA_CONVERSION,27,N,BIT4,8,8.0031403071028464,0.00039253838785580086
CLAIM_BASELINE_3SIGMA_CONVERSION,27,N,BIT3,4,3.9868611574718864,-0.0032847106320283981
CLAIM_BASELINE_3SIGMA_CONVERSION,27,N,BIT2,2,1.9955779746520936,-0.0022110126739531832
CLAIM_BASELINE_3SIGMA_CONVERSION,27,N,BIT1,1,0.99867442176493548,-0.0013255782350645173
CLAIM_BASELINE_3SIGMA_CONVERSION,27,N,DUMMY,1,1.0104577523791394,0.010457752379139373
CLAIM_BASELINE_3SIGMA_CONVERSION,28,P,BIT7,64,63.97898365695297,-0.00032838036010984784
CLAIM_BASELINE_3SIGMA_CONVERSION,28,P,BIT6,32,32.103617454238673,0.0032380454449585372
CLAIM_BASELINE_3SIGMA_CONVERSION,28,P,BIT5,16,16.01008281373926,0.00063017585870372983
CLAIM_BASELINE_3SIGMA_CONVERSION,28,P,BIT4,8,7.9635182927350447,-0.0045602134081194068
CLAIM_BASELINE_3SIGMA_CONVERSION,28,P,BIT3,4,4.0102709072904634,0.0025677268226158567
CLAIM_BASELINE_3SIGMA_CONVERSION,28,P,BIT2,2,2.0143467017341559,0.0071733508670779322
CLAIM_BASELINE_3SIGMA_CONVERSION,28,P,BIT1,1,0.9930537158892494,-0.0069462841107506001
CLAIM_BASELINE_3SIGMA_CONVERSION,28,P,DUMMY,1,0.99158444926855693,-0.0084155507314430666
CLAIM_BASELINE_3SIGMA_CONVERSION,28,N,BIT7,64,64.151915899047111,0.0023736859226111129
CLAIM_BASELINE_3SIGMA_CONVERSION,28,N,BIT6,32,31.961525182452242,-0.0012023380483674462
CLAIM_BASELINE_3SIGMA_CONVERSION,28,N,BIT5,16,16.012069884702456,0.00075436779390347652
CLAIM_BASELINE_3SIGMA_CONVERSION,28,N,BIT4,8,8.0019622869975748,0.00024528587469685448
CLAIM_BASELINE_3SIGMA_CONVERSION,28,N,BIT3,4,4.0364533941548713,0.0091133485387178137
CLAIM_BASELINE_3SIGMA_CONVERSION,28,N,BIT2,2,1.9990899473003929,-0.00045502634980354451
CLAIM_BASELINE_3SIGMA_CONVERSION,28,N,BIT1,1,1.0157833145881368,0.015783314588136754
CLAIM_BASELINE_3SIGMA_CONVERSION,28,N,DUMMY,1,1.00737450031286,0.0073745003128600217
CLAIM_BASELINE_3SIGMA_CONVERSION,29,P,BIT7,64,63.979475811532424,-0.00032069044480587117
CLAIM_BASELINE_3SIGMA_CONVERSION,29,P,BIT6,32,31.919109310619426,-0.0025278340431429402
CLAIM_BASELINE_3SIGMA_CONVERSION,29,P,BIT5,16,16.073709892106024,0.004606868256626484
CLAIM_BASELINE_3SIGMA_CONVERSION,29,P,BIT4,8,7.9741178574082445,-0.0032352678239694344
CLAIM_BASELINE_3SIGMA_CONVERSION,29,P,BIT3,4,3.9828011897574696,-0.0042997025606326122
CLAIM_BASELINE_3SIGMA_CONVERSION,29,P,BIT2,2,1.9841662291653956,-0.0079168854173021774
CLAIM_BASELINE_3SIGMA_CONVERSION,29,P,BIT1,1,1.0111894086252715,0.011189408625271513
CLAIM_BASELINE_3SIGMA_CONVERSION,29,P,DUMMY,1,1.0025969302831474,0.0025969302831474472
CLAIM_BASELINE_3SIGMA_CONVERSION,29,N,BIT7,64,63.997773715357873,-3.4785697533235016e-05
CLAIM_BASELINE_3SIGMA_CONVERSION,29,N,BIT6,32,32.093061527960842,0.0029081727487763054
CLAIM_BASELINE_3SIGMA_CONVERSION,29,N,BIT5,16,16.044774773131206,0.0027984233207003495
CLAIM_BASELINE_3SIGMA_CONVERSION,29,N,BIT4,8,7.9900392206624611,-0.0012450974171923646
CLAIM_BASELINE_3SIGMA_CONVERSION,29,N,BIT3,4,4.0124904466921318,0.0031226116730329601
CLAIM_BASELINE_3SIGMA_CONVERSION,29,N,BIT2,2,2.0006885832074803,0.00034429160374016554
CLAIM_BASELINE_3SIGMA_CONVERSION,29,N,BIT1,1,1.0165714565160393,0.016571456516039307
CLAIM_BASELINE_3SIGMA_CONVERSION,29,N,DUMMY,1,0.99631123102234276,-0.0036887689776572419
CLAIM_BASELINE_3SIGMA_CONVERSION,30,P,BIT7,64,64.025356581530616,0.00039619658641587563
CLAIM_BASELINE_3SIGMA_CONVERSION,30,P,BIT6,32,32.005162152698034,0.00016131727181356581
CLAIM_BASELINE_3SIGMA_CONVERSION,30,P,BIT5,16,16.019521898204239,0.0012201186377649442
CLAIM_BASELINE_3SIGMA_CONVERSION,30,P,BIT4,8,8.0145685381684562,0.0018210672710570197
CLAIM_BASELINE_3SIGMA_CONVERSION,30,P,BIT3,4,3.9776293751822855,-0.0055926562044286143
CLAIM_BASELINE_3SIGMA_CONVERSION,30,P,BIT2,2,2.0084459518856046,0.0042229759428022984
CLAIM_BASELINE_3SIGMA_CONVERSION,30,P,BIT1,1,1.0033942642239029,0.0033942642239028764
CLAIM_BASELINE_3SIGMA_CONVERSION,30,P,DUMMY,1,1.0093280436761307,0.0093280436761307151
CLAIM_BASELINE_3SIGMA_CONVERSION,30,N,BIT7,64,64.011049712691332,0.00017265176080205613
CLAIM_BASELINE_3SIGMA_CONVERSION,30,N,BIT6,32,31.995630618418737,-0.00013654317441447184
CLAIM_BASELINE_3SIGMA_CONVERSION,30,N,BIT5,16,15.982363446408254,-0.0011022845994841379
CLAIM_BASELINE_3SIGMA_CONVERSION,30,N,BIT4,8,8.0166863682699248,0.0020857960337405945
CLAIM_BASELINE_3SIGMA_CONVERSION,30,N,BIT3,4,4.0058184164369015,0.001454604109225377
CLAIM_BASELINE_3SIGMA_CONVERSION,30,N,BIT2,2,2.0081960724802688,0.0040980362401343839
CLAIM_BASELINE_3SIGMA_CONVERSION,30,N,BIT1,1,1.0060374632485765,0.0060374632485764579
CLAIM_BASELINE_3SIGMA_CONVERSION,30,N,DUMMY,1,0.99518639788613583,-0.0048136021138641683
CLAIM_BASELINE_3SIGMA_CONVERSION,31,P,BIT7,64,64.082498637506546,0.0012890412110397875
CLAIM_BASELINE_3SIGMA_CONVERSION,31,P,BIT6,32,32.000499353445377,1.5604795168044916e-05
CLAIM_BASELINE_3SIGMA_CONVERSION,31,P,BIT5,16,16.008193153611195,0.00051207210069970088
CLAIM_BASELINE_3SIGMA_CONVERSION,31,P,BIT4,8,8.0165357325509472,0.0020669665688684002
CLAIM_BASELINE_3SIGMA_CONVERSION,31,P,BIT3,4,4.0050900468032795,0.0012725117008198783
CLAIM_BASELINE_3SIGMA_CONVERSION,31,P,BIT2,2,2.0096326506101692,0.0048163253050845789
CLAIM_BASELINE_3SIGMA_CONVERSION,31,P,BIT1,1,1.007417706607314,0.0074177066073140008
CLAIM_BASELINE_3SIGMA_CONVERSION,31,P,DUMMY,1,0.99463529247508742,-0.005364707524912582
CLAIM_BASELINE_3SIGMA_CONVERSION,31,N,BIT7,64,64.002676968735727,4.1827636495739284e-05
CLAIM_BASELINE_3SIGMA_CONVERSION,31,N,BIT6,32,32.029720769915727,0.00092877405986646622
CLAIM_BASELINE_3SIGMA_CONVERSION,31,N,BIT5,16,15.999115430388706,-5.5285600705889948e-05
CLAIM_BASELINE_3SIGMA_CONVERSION,31,N,BIT4,8,8.0270112330561751,0.0033764041320218929
CLAIM_BASELINE_3SIGMA_CONVERSION,31,N,BIT3,4,4.0167628184284503,0.004190704607112572
CLAIM_BASELINE_3SIGMA_CONVERSION,31,N,BIT2,2,1.988301043504517,-0.005849478247741513
CLAIM_BASELINE_3SIGMA_CONVERSION,31,N,BIT1,1,1.0030531372448044,0.0030531372448043825
CLAIM_BASELINE_3SIGMA_CONVERSION,31,N,DUMMY,1,0.99334146262015144,-0.0066585373798485614
CLAIM_BASELINE_3SIGMA_CONVERSION,32,P,BIT7,64,63.968436180133807,-0.00049318468540926474
CLAIM_BASELINE_3SIGMA_CONVERSION,32,P,BIT6,32,32.005209432638715,0.00016279476995983977
CLAIM_BASELINE_3SIGMA_CONVERSION,32,P,BIT5,16,16.004100872554879,0.00025630453467995196
CLAIM_BASELINE_3SIGMA_CONVERSION,32,P,BIT4,8,8.0050153447747761,0.00062691809684700672
CLAIM_BASELINE_3SIGMA_CONVERSION,32,P,BIT3,4,3.9831663696241222,-0.0042084075939694543
CLAIM_BASELINE_3SIGMA_CONVERSION,32,P,BIT2,2,1.9965573736563789,-0.0017213131718105679
CLAIM_BASELINE_3SIGMA_CONVERSION,32,P,BIT1,1,1.0023593514077456,0.0023593514077455691
CLAIM_BASELINE_3SIGMA_CONVERSION,32,P,DUMMY,1,1.01260772660721,0.01260772660720999
CLAIM_BASELINE_3SIGMA_CONVERSION,32,N,BIT7,64,63.933084744092056,-0.0010455508735616181
CLAIM_BASELINE_3SIGMA_CONVERSION,32,N,BIT6,32,31.973185953712765,-0.00083793894647610223
CLAIM_BASELINE_3SIGMA_CONVERSION,32,N,BIT5,16,15.9797029534954,-0.0012685654065375251
CLAIM_BASELINE_3SIGMA_CONVERSION,32,N,BIT4,8,7.9934351180608587,-0.00082061024239266089
CLAIM_BASELINE_3SIGMA_CONVERSION,32,N,BIT3,4,4.0016646569633494,0.00041616424083734671
CLAIM_BASELINE_3SIGMA_CONVERSION,32,N,BIT2,2,2.0013570692018341,0.00067853460091704676
CLAIM_BASELINE_3SIGMA_CONVERSION,32,N,BIT1,1,0.9982211628626303,-0.0017788371373697043
CLAIM_BASELINE_3SIGMA_CONVERSION,32,N,DUMMY,1,0.98649934721815147,-0.013500652781848532
CLAIM_BASELINE_3SIGMA_CONVERSION,33,P,BIT7,64,64.038795410685125,0.00060617829195508399
CLAIM_BASELINE_3SIGMA_CONVERSION,33,P,BIT6,32,31.969232587826021,-0.00096148163043685564
CLAIM_BASELINE_3SIGMA_CONVERSION,33,P,BIT5,16,15.945078918181354,-0.0034325676136653938
CLAIM_BASELINE_3SIGMA_CONVERSION,33,P,BIT4,8,7.9438274280985777,-0.0070215714876777913
CLAIM_BASELINE_3SIGMA_CONVERSION,33,P,BIT3,4,4.0089973980583107,0.0022493495145776699
CLAIM_BASELINE_3SIGMA_CONVERSION,33,P,BIT2,2,1.9908963729440203,-0.0045518135279898342
CLAIM_BASELINE_3SIGMA_CONVERSION,33,P,BIT1,1,1.0133696491707069,0.013369649170706932
CLAIM_BASELINE_3SIGMA_CONVERSION,33,P,DUMMY,1,0.99196307051348409,-0.0080369294865159091
CLAIM_BASELINE_3SIGMA_CONVERSION,33,N,BIT7,64,63.971805911478988,-0.00044053263314081104
CLAIM_BASELINE_3SIGMA_CONVERSION,33,N,BIT6,32,31.976991313237079,-0.00071902146134128486
CLAIM_BASELINE_3SIGMA_CONVERSION,33,N,BIT5,16,16.033265213114117,0.0020790758196322923
CLAIM_BASELINE_3SIGMA_CONVERSION,33,N,BIT4,8,7.9986755647105845,-0.00016555441117693803
CLAIM_BASELINE_3SIGMA_CONVERSION,33,N,BIT3,4,4.0295658127170562,0.0073914531792640403
CLAIM_BASELINE_3SIGMA_CONVERSION,33,N,BIT2,2,1.9912309661769703,-0.0043845169115148686
CLAIM_BASELINE_3SIGMA_CONVERSION,33,N,BIT1,1,1.0184623798354047,0.018462379835404663
CLAIM_BASELINE_3SIGMA_CONVERSION,33,N,DUMMY,1,0.99824082770563904,-0.0017591722943609556
CLAIM_BASELINE_3SIGMA_CONVERSION,34,P,BIT7,64,64.022544704815857,0.00035226101274776767
CLAIM_BASELINE_3SIGMA_CONVERSION,34,P,BIT6,32,32.013928289479679,0.00043525904623997747
CLAIM_BASELINE_3SIGMA_CONVERSION,34,P,BIT5,16,16.034552481295187,0.0021595300809491569
CLAIM_BASELINE_3SIGMA_CONVERSION,34,P,BIT4,8,8.008157002115972,0.0010196252644965043
CLAIM_BASELINE_3SIGMA_CONVERSION,34,P,BIT3,4,3.9916456162357199,-0.0020885959410700261
CLAIM_BASELINE_3SIGMA_CONVERSION,34,P,BIT2,2,1.9962806337773717,-0.0018596831113141254
CLAIM_BASELINE_3SIGMA_CONVERSION,34,P,BIT1,1,0.99870464304431139,-0.0012953569556886091
CLAIM_BASELINE_3SIGMA_CONVERSION,34,P,DUMMY,1,1.0018156929744908,0.0018156929744908012
CLAIM_BASELINE_3SIGMA_CONVERSION,34,N,BIT7,64,64.021143398041531,0.00033036559439891811
CLAIM_BASELINE_3SIGMA_CONVERSION,34,N,BIT6,32,31.910754989292979,-0.0027889065845944083
CLAIM_BASELINE_3SIGMA_CONVERSION,34,N,BIT5,16,15.969430097302018,-0.0019106189186238742
CLAIM_BASELINE_3SIGMA_CONVERSION,34,N,BIT4,8,8.0081929892322101,0.0010241236540262655
CLAIM_BASELINE_3SIGMA_CONVERSION,34,N,BIT3,4,4.0072906040842549,0.0018226510210637148
CLAIM_BASELINE_3SIGMA_CONVERSION,34,N,BIT2,2,1.9991390468441734,-0.00043047657791328575
CLAIM_BASELINE_3SIGMA_CONVERSION,34,N,BIT1,1,0.99316609779308151,-0.0068339022069184852
CLAIM_BASELINE_3SIGMA_CONVERSION,34,N,DUMMY,1,0.99742977653165343,-0.0025702234683465663
CLAIM_BASELINE_3SIGMA_CONVERSION,35,P,BIT7,64,63.909040751139607,-0.0014212382634436471
CLAIM_BASELINE_3SIGMA_CONVERSION,35,P,BIT6,32,32.009260849284857,0.0002894015401517791
CLAIM_BASELINE_3SIGMA_CONVERSION,35,P,BIT5,16,16.013000076348973,0.00081250477181082914
CLAIM_BASELINE_3SIGMA_CONVERSION,35,P,BIT4,8,7.9883694226576853,-0.0014538221677893315
CLAIM_BASELINE_3SIGMA_CONVERSION,35,P,BIT3,4,4.0078554510127926,0.0019638627531981534
CLAIM_BASELINE_3SIGMA_CONVERSION,35,P,BIT2,2,1.982046792583783,-0.0089766037081084882
CLAIM_BASELINE_3SIGMA_CONVERSION,35,P,BIT1,1,0.99229099653371977,-0.0077090034662802287
CLAIM_BASELINE_3SIGMA_CONVERSION,35,P,DUMMY,1,0.99515199513652419,-0.0048480048634758077
CLAIM_BASELINE_3SIGMA_CONVERSION,35,N,BIT7,64,64.025971474865571,0.00040580429477454771
CLAIM_BASELINE_3SIGMA_CONVERSION,35,N,BIT6,32,32.002442716450489,7.6334889077767087e-05
CLAIM_BASELINE_3SIGMA_CONVERSION,35,N,BIT5,16,16.054006762523315,0.0033754226577071833
CLAIM_BASELINE_3SIGMA_CONVERSION,35,N,BIT4,8,7.9716018264741129,-0.0035497716907358923
CLAIM_BASELINE_3SIGMA_CONVERSION,35,N,BIT3,4,4.0151480782636657,0.0037870195659164274
CLAIM_BASELINE_3SIGMA_CONVERSION,35,N,BIT2,2,2.0183220185355029,0.0091610092677514299
CLAIM_BASELINE_3SIGMA_CONVERSION,35,N,BIT1,1,1.0054426909663179,0.0054426909663178868
CLAIM_BASELINE_3SIGMA_CONVERSION,35,N,DUMMY,1,0.99128770220268336,-0.0087122977973166371
CLAIM_BASELINE_3SIGMA_CONVERSION,36,P,BIT7,64,64.017005263052638,0.00026570723519747652
CLAIM_BASELINE_3SIGMA_CONVERSION,36,P,BIT6,32,31.986935279319248,-0.00040827252127351166
CLAIM_BASELINE_3SIGMA_CONVERSION,36,P,BIT5,16,16.010652605662052,0.00066578785387827466
CLAIM_BASELINE_3SIGMA_CONVERSION,36,P,BIT4,8,8.000903030930635,0.00011287886632938005
CLAIM_BASELINE_3SIGMA_CONVERSION,36,P,BIT3,4,3.9748701855791619,-0.0062824536052095148
CLAIM_BASELINE_3SIGMA_CONVERSION,36,P,BIT2,2,1.9904737486521271,-0.0047631256739364414
CLAIM_BASELINE_3SIGMA_CONVERSION,36,P,BIT1,1,1.0054834194492428,0.005483419449242799
CLAIM_BASELINE_3SIGMA_CONVERSION,36,P,DUMMY,1,0.99996080226174955,-3.9197738250451586e-05
CLAIM_BASELINE_3SIGMA_CONVERSION,36,N,BIT7,64,64.015222396689154,0.00023784994826803185
CLAIM_BASELINE_3SIGMA_CONVERSION,36,N,BIT6,32,32.016435196703711,0.00051359989699095721
CLAIM_BASELINE_3SIGMA_CONVERSION,36,N,BIT5,16,16.001744767812955,0.0001090479883096851
CLAIM_BASELINE_3SIGMA_CONVERSION,36,N,BIT4,8,8.0137184310597327,0.0017148038824665868
CLAIM_BASELINE_3SIGMA_CONVERSION,36,N,BIT3,4,3.9911913048377201,-0.0022021737905699723
CLAIM_BASELINE_3SIGMA_CONVERSION,36,N,BIT2,2,2.0080412499880076,0.0040206249940037964
CLAIM_BASELINE_3SIGMA_CONVERSION,36,N,BIT1,1,1.0032947556880751,0.003294755688075135
CLAIM_BASELINE_3SIGMA_CONVERSION,36,N,DUMMY,1,1.0092712965871946,0.0092712965871946107
CLAIM_BASELINE_3SIGMA_CONVERSION,37,P,BIT7,64,63.974796478029752,-0.00039380503078512152
CLAIM_BASELINE_3SIGMA_CONVERSION,37,P,BIT6,32,32.03692136595923,0.0011537926862259518
CLAIM_BASELINE_3SIGMA_CONVERSION,37,P,BIT5,16,15.995672916827605,-0.00027044269827469769
CLAIM_BASELINE_3SIGMA_CONVERSION,37,P,BIT4,8,7.9966870797835128,-0.00041411502706090175
CLAIM_BASELINE_3SIGMA_CONVERSION,37,P,BIT3,4,4.0103864411543944,0.0025966102885985887
CLAIM_BASELINE_3SIGMA_CONVERSION,37,P,BIT2,2,2.0034668354528362,0.0017334177264181072
CLAIM_BASELINE_3SIGMA_CONVERSION,37,P,BIT1,1,1.0021757176936925,0.0021757176936925138
CLAIM_BASELINE_3SIGMA_CONVERSION,37,P,DUMMY,1,0.99514401863425861,-0.0048559813657413908
CLAIM_BASELINE_3SIGMA_CONVERSION,37,N,BIT7,64,64.038590459479707,0.00060297592937041955
CLAIM_BASELINE_3SIGMA_CONVERSION,37,N,BIT6,32,31.932771294600766,-0.0021008970437260688
CLAIM_BASELINE_3SIGMA_CONVERSION,37,N,BIT5,16,16.013778842030661,0.00086117762691628741
CLAIM_BASELINE_3SIGMA_CONVERSION,37,N,BIT4,8,8.0108568345250042,0.0013571043156255236
CLAIM_BASELINE_3SIGMA_CONVERSION,37,N,BIT3,4,4.0394714205959161,0.0098678551489790323
CLAIM_BASELINE_3SIGMA_CONVERSION,37,N,BIT2,2,2.0124971986796512,0.0062485993398255779
CLAIM_BASELINE_3SIGMA_CONVERSION,37,N,BIT1,1,0.99947027262855614,-0.00052972737144385551
CLAIM_BASELINE_3SIGMA_CONVERSION,37,N,DUMMY,1,1.0107139930961904,0.010713993096190366
CLAIM_BASELINE_3SIGMA_CONVERSION,38,P,BIT7,64,63.947864715113468,-0.00081461382635206192
CLAIM_BASELINE_3SIGMA_CONVERSION,38,P,BIT6,32,32.007090563547422,0.00022158011085693374
CLAIM_BASELINE_3SIGMA_CONVERSION,38,P,BIT5,16,16.01147857923457,0.00071741120216062271
CLAIM_BASELINE_3SIGMA_CONVERSION,38,P,BIT4,8,7.9856326578327792,-0.0017959177709025997
CLAIM_BASELINE_3SIGMA_CONVERSION,38,P,BIT3,4,4.0007448258239613,0.00018620645599032315
CLAIM_BASELINE_3SIGMA_CONVERSION,38,P,BIT2,2,1.9946090437867465,-0.0026954781066267364
CLAIM_BASELINE_3SIGMA_CONVERSION,38,P,BIT1,1,1.0023353055857278,0.0023353055857278093
CLAIM_BASELINE_3SIGMA_CONVERSION,38,P,DUMMY,1,0.9990253262676555,-0.00097467373234449983
CLAIM_BASELINE_3SIGMA_CONVERSION,38,N,BIT7,64,64.012341236577512,0.00019283182152363132
CLAIM_BASELINE_3SIGMA_CONVERSION,38,N,BIT6,32,32.001831019578162,5.7219361817573144e-05
CLAIM_BASELINE_3SIGMA_CONVERSION,38,N,BIT5,16,16.030677212196917,0.0019173257623072981
CLAIM_BASELINE_3SIGMA_CONVERSION,38,N,BIT4,8,7.9938299291407438,-0.00077125885740703115
CLAIM_BASELINE_3SIGMA_CONVERSION,38,N,BIT3,4,4.0357250763689398,0.0089312690922349613
CLAIM_BASELINE_3SIGMA_CONVERSION,38,N,BIT2,2,1.9974319855513158,-0.0012840072243420764
CLAIM_BASELINE_3SIGMA_CONVERSION,38,N,BIT1,1,0.98779344016389925,-0.01220655983610075
CLAIM_BASELINE_3SIGMA_CONVERSION,38,N,DUMMY,1,1.0103241106236633,0.010324110623663341
CLAIM_BASELINE_3SIGMA_CONVERSION,39,P,BIT7,64,63.960023948470891,-0.00062462580514233146
CLAIM_BASELINE_3SIGMA_CONVERSION,39,P,BIT6,32,31.955814765122724,-0.0013807885899148609
CLAIM_BASELINE_3SIGMA_CONVERSION,39,P,BIT5,16,16.017823771643059,0.0011139857276911691
CLAIM_BASELINE_3SIGMA_CONVERSION,39,P,BIT4,8,7.9959998183787535,-0.00050002270265581128
CLAIM_BASELINE_3SIGMA_CONVERSION,39,P,BIT3,4,3.9623306822162445,-0.0094173294459388712
CLAIM_BASELINE_3SIGMA_CONVERSION,39,P,BIT2,2,2.0013198640723604,0.00065993203618019969
CLAIM_BASELINE_3SIGMA_CONVERSION,39,P,BIT1,1,0.99644413935424858,-0.0035558606457514186
CLAIM_BASELINE_3SIGMA_CONVERSION,39,P,DUMMY,1,1.0003238063376629,0.00032380633766293521
CLAIM_BASELINE_3SIGMA_CONVERSION,39,N,BIT7,64,63.96569759100057,-0.00053597514061609619
CLAIM_BASELINE_3SIGMA_CONVERSION,39,N,BIT6,32,31.92674043539602,-0.0022893613938743673
CLAIM_BASELINE_3SIGMA_CONVERSION,39,N,BIT5,16,16.023004133469023,0.0014377583418139217
CLAIM_BASELINE_3SIGMA_CONVERSION,39,N,BIT4,8,7.9785010779623562,-0.002687365254705476
CLAIM_BASELINE_3SIGMA_CONVERSION,39,N,BIT3,4,3.9803866860451262,-0.0049033284887184392
CLAIM_BASELINE_3SIGMA_CONVERSION,39,N,BIT2,2,1.9879664482934944,-0.006016775853252776
CLAIM_BASELINE_3SIGMA_CONVERSION,39,N,BIT1,1,1.0123403014789136,0.012340301478913629
CLAIM_BASELINE_3SIGMA_CONVERSION,39,N,DUMMY,1,0.99733470202666852,-0.0026652979733314819
CLAIM_BASELINE_3SIGMA_CONVERSION,40,P,BIT7,64,64.042476485979051,0.00066369509342267818
CLAIM_BASELINE_3SIGMA_CONVERSION,40,P,BIT6,32,32.066244846152628,0.0020701514422696299
CLAIM_BASELINE_3SIGMA_CONVERSION,40,P,BIT5,16,16.038211436360879,0.0023882147725549085
CLAIM_BASELINE_3SIGMA_CONVERSION,40,P,BIT4,8,7.9794139085395592,-0.0025732614325550962
CLAIM_BASELINE_3SIGMA_CONVERSION,40,P,BIT3,4,4.0126180903272193,0.0031545225818048195
CLAIM_BASELINE_3SIGMA_CONVERSION,40,P,BIT2,2,1.9914839932153285,-0.0042580033923357297
CLAIM_BASELINE_3SIGMA_CONVERSION,40,P,BIT1,1,1.0076162869059295,0.0076162869059295257
CLAIM_BASELINE_3SIGMA_CONVERSION,40,P,DUMMY,1,0.98113913467587688,-0.018860865324123122
CLAIM_BASELINE_3SIGMA_CONVERSION,40,N,BIT7,64,64.100745363925157,0.0015741463113305709
CLAIM_BASELINE_3SIGMA_CONVERSION,40,N,BIT6,32,31.982240878587124,-0.00055497254415237673
CLAIM_BASELINE_3SIGMA_CONVERSION,40,N,BIT5,16,16.019884195566906,0.001242762222931626
CLAIM_BASELINE_3SIGMA_CONVERSION,40,N,BIT4,8,8.0172636154441523,0.002157951930519042
CLAIM_BASELINE_3SIGMA_CONVERSION,40,N,BIT3,4,3.9689377524321019,-0.0077655618919745262
CLAIM_BASELINE_3SIGMA_CONVERSION,40,N,BIT2,2,2.0080086856526287,0.0040043428263143444
CLAIM_BASELINE_3SIGMA_CONVERSION,40,N,BIT1,1,0.98359324839539675,-0.016406751604603254
CLAIM_BASELINE_3SIGMA_CONVERSION,40,N,DUMMY,1,0.99890567565859234,-0.0010943243414076598
CLAIM_BASELINE_3SIGMA_CONVERSION,41,P,BIT7,64,63.957318443122467,-0.00066689932621144532
CLAIM_BASELINE_3SIGMA_CONVERSION,41,P,BIT6,32,32.015519403811808,0.00048498136911900858
CLAIM_BASELINE_3SIGMA_CONVERSION,41,P,BIT5,16,15.988190308517403,-0.00073810571766230737
CLAIM_BASELINE_3SIGMA_CONVERSION,41,P,BIT4,8,7.9979599915457573,-0.00025500105678033513
CLAIM_BASELINE_3SIGMA_CONVERSION,41,P,BIT3,4,3.9961390082315593,-0.00096524794211017007
CLAIM_BASELINE_3SIGMA_CONVERSION,41,P,BIT2,2,2.0074954328463033,0.0037477164231516369
CLAIM_BASELINE_3SIGMA_CONVERSION,41,P,BIT1,1,1.0124815598856653,0.01248155988566535
CLAIM_BASELINE_3SIGMA_CONVERSION,41,P,DUMMY,1,0.99132520077527519,-0.0086747992247248051
CLAIM_BASELINE_3SIGMA_CONVERSION,41,N,BIT7,64,64.078435396711342,0.0012255530736147158
CLAIM_BASELINE_3SIGMA_CONVERSION,41,N,BIT6,32,31.996054272787717,-0.0001233039753838483
CLAIM_BASELINE_3SIGMA_CONVERSION,41,N,BIT5,16,15.994309537226354,-0.00035565392335290547
CLAIM_BASELINE_3SIGMA_CONVERSION,41,N,BIT4,8,7.985961751429711,-0.0017547810712861267
CLAIM_BASELINE_3SIGMA_CONVERSION,41,N,BIT3,4,4.0184646103339761,0.0046161525834940154
CLAIM_BASELINE_3SIGMA_CONVERSION,41,N,BIT2,2,2.01392725004058,0.0069636250202900207
CLAIM_BASELINE_3SIGMA_CONVERSION,41,N,BIT1,1,0.98652211757553776,-0.01347788242446224
CLAIM_BASELINE_3SIGMA_CONVERSION,41,N,DUMMY,1,1.00332313954694,0.0033231395469399683
CLAIM_BASELINE_3SIGMA_CONVERSION,42,P,BIT7,64,64.040953785204422,0.00063990289381909982
CLAIM_BASELINE_3SIGMA_CONVERSION,42,P,BIT6,32,31.927609254537423,-0.0022622107957055437
CLAIM_BASELINE_3SIGMA_CONVERSION,42,P,BIT5,16,15.998642129565654,-8.4866902146596424e-05
CLAIM_BASELINE_3SIGMA_CONVERSION,42,P,BIT4,8,7.98851694273755,-0.0014353821578062531
CLAIM_BASELINE_3SIGMA_CONVERSION,42,P,BIT3,4,4.0051967682542102,0.0012991920635525567
CLAIM_BASELINE_3SIGMA_CONVERSION,42,P,BIT2,2,1.9908123790248311,-0.0045938104875844488
CLAIM_BASELINE_3SIGMA_CONVERSION,42,P,BIT1,1,0.99429355363138838,-0.0057064463686116174
CLAIM_BASELINE_3SIGMA_CONVERSION,42,P,DUMMY,1,1.013451845662785,0.013451845662785011
CLAIM_BASELINE_3SIGMA_CONVERSION,42,N,BIT7,64,63.981218267889659,-0.00029346456422407741
CLAIM_BASELINE_3SIGMA_CONVERSION,42,N,BIT6,32,32.020543243955842,0.00064197637362006787
CLAIM_BASELINE_3SIGMA_CONVERSION,42,N,BIT5,16,16.033397073765464,0.0020873171103414911
CLAIM_BASELINE_3SIGMA_CONVERSION,42,N,BIT4,8,7.9804708738700896,-0.0024411407662388029
CLAIM_BASELINE_3SIGMA_CONVERSION,42,N,BIT3,4,3.9929787461450532,-0.0017553134637366963
CLAIM_BASELINE_3SIGMA_CONVERSION,42,N,BIT2,2,1.9874298059820523,-0.0062850970089738389
CLAIM_BASELINE_3SIGMA_CONVERSION,42,N,BIT1,1,1.0119656391432925,0.011965639143292517
CLAIM_BASELINE_3SIGMA_CONVERSION,42,N,DUMMY,1,0.98223180702434409,-0.017768192975655905
CLAIM_BASELINE_3SIGMA_CONVERSION,43,P,BIT7,64,63.978869853039996,-0.00033015854625007002
CLAIM_BASELINE_3SIGMA_CONVERSION,43,P,BIT6,32,32.037815003295009,0.001181718852969027
CLAIM_BASELINE_3SIGMA_CONVERSION,43,P,BIT5,16,16.001694300790589,0.00010589379941183807
CLAIM_BASELINE_3SIGMA_CONVERSION,43,P,BIT4,8,8.027266653053994,0.0034083316317492507
CLAIM_BASELINE_3SIGMA_CONVERSION,43,P,BIT3,4,4.0215021885926063,0.0053755471481515826
CLAIM_BASELINE_3SIGMA_CONVERSION,43,P,BIT2,2,2.008248437933486,0.0041242189667429763
CLAIM_BASELINE_3SIGMA_CONVERSION,43,P,BIT1,1,1.0029269422233336,0.0029269422233335618
CLAIM_BASELINE_3SIGMA_CONVERSION,43,P,DUMMY,1,0.99569481851536812,-0.0043051814846318814
CLAIM_BASELINE_3SIGMA_CONVERSION,43,N,BIT7,64,63.99931880494114,-1.0643672794685699e-05
CLAIM_BASELINE_3SIGMA_CONVERSION,43,N,BIT6,32,31.915288915480993,-0.002647221391218979
CLAIM_BASELINE_3SIGMA_CONVERSION,43,N,BIT5,16,16.023061756020613,0.0014413597512883403
CLAIM_BASELINE_3SIGMA_CONVERSION,43,N,BIT4,8,8.0244032659331701,0.003050408241646263
CLAIM_BASELINE_3SIGMA_CONVERSION,43,N,BIT3,4,4.0025457893636709,0.00063644734091772293
CLAIM_BASELINE_3SIGMA_CONVERSION,43,N,BIT2,2,2.0020821752954263,0.001041087647713157
CLAIM_BASELINE_3SIGMA_CONVERSION,43,N,BIT1,1,0.99041429219211985,-0.0095857078078801505
CLAIM_BASELINE_3SIGMA_CONVERSION,43,N,DUMMY,1,0.99442173574828008,-0.0055782642517199221
CLAIM_BASELINE_3SIGMA_CONVERSION,44,P,BIT7,64,63.924429985488672,-0.0011807814767395008
CLAIM_BASELINE_3SIGMA_CONVERSION,44,P,BIT6,32,32.058978234500231,0.0018430698281322044
CLAIM_BASELINE_3SIGMA_CONVERSION,44,P,BIT5,16,15.993899203404311,-0.00038129978723056013
CLAIM_BASELINE_3SIGMA_CONVERSION,44,P,BIT4,8,8.0009565491446946,0.00011956864308682036
CLAIM_BASELINE_3SIGMA_CONVERSION,44,P,BIT3,4,3.9970607298354279,-0.000734817541143018
CLAIM_BASELINE_3SIGMA_CONVERSION,44,P,BIT2,2,2.0078119820407347,0.003905991020367372
CLAIM_BASELINE_3SIGMA_CONVERSION,44,P,BIT1,1,1.0209602299787097,0.020960229978709721
CLAIM_BASELINE_3SIGMA_CONVERSION,44,P,DUMMY,1,1.0061334225130438,0.0061334225130438291
CLAIM_BASELINE_3SIGMA_CONVERSION,44,N,BIT7,64,63.903812644833359,-0.0015029274244787727
CLAIM_BASELINE_3SIGMA_CONVERSION,44,N,BIT6,32,31.995831189523056,-0.00013027532740450543
CLAIM_BASELINE_3SIGMA_CONVERSION,44,N,BIT5,16,16.029745883576751,0.0018591177235469658
CLAIM_BASELINE_3SIGMA_CONVERSION,44,N,BIT4,8,7.9851913725612373,-0.001851078429845332
CLAIM_BASELINE_3SIGMA_CONVERSION,44,N,BIT3,4,3.9988763885788936,-0.00028090285527659908
CLAIM_BASELINE_3SIGMA_CONVERSION,44,N,BIT2,2,2.0104987477597085,0.0052493738798542466
CLAIM_BASELINE_3SIGMA_CONVERSION,44,N,BIT1,1,1.0104378934227838,0.010437893422783784
CLAIM_BASELINE_3SIGMA_CONVERSION,44,N,DUMMY,1,0.999069802895585,-0.00093019710441499814
CLAIM_BASELINE_3SIGMA_CONVERSION,45,P,BIT7,64,63.92487880424332,-0.0011737686836981176
CLAIM_BASELINE_3SIGMA_CONVERSION,45,P,BIT6,32,31.9553487610549,-0.0013953512170343796
CLAIM_BASELINE_3SIGMA_CONVERSION,45,P,BIT5,16,15.960322502333774,-0.0024798436041391092
CLAIM_BASELINE_3SIGMA_CONVERSION,45,P,BIT4,8,8.0132649468697323,0.0016581183587165427
CLAIM_BASELINE_3SIGMA_CONVERSION,45,P,BIT3,4,4.0141716116660726,0.0035429029165181536
CLAIM_BASELINE_3SIGMA_CONVERSION,45,P,BIT2,2,2.0010177865466683,0.00050889327333414336
CLAIM_BASELINE_3SIGMA_CONVERSION,45,P,BIT1,1,1.0039483745285069,0.0039483745285069372
CLAIM_BASELINE_3SIGMA_CONVERSION,45,P,DUMMY,1,1.0041484438535302,0.0041484438535301926
CLAIM_BASELINE_3SIGMA_CONVERSION,45,N,BIT7,64,63.964756659226225,-0.00055067719959023265
CLAIM_BASELINE_3SIGMA_CONVERSION,45,N,BIT6,32,31.971098758160572,-0.00090316380748212133
CLAIM_BASELINE_3SIGMA_CONVERSION,45,N,BIT5,16,15.994896778552016,-0.00031895134049897411
CLAIM_BASELINE_3SIGMA_CONVERSION,45,N,BIT4,8,8.0195230761517902,0.0024403845189737705
CLAIM_BASELINE_3SIGMA_CONVERSION,45,N,BIT3,4,3.9909728604449084,-0.0022567848887729003
CLAIM_BASELINE_3SIGMA_CONVERSION,45,N,BIT2,2,1.9948946727642609,-0.0025526636178695439
CLAIM_BASELINE_3SIGMA_CONVERSION,45,N,BIT1,1,0.98736504501023625,-0.012634954989763747
CLAIM_BASELINE_3SIGMA_CONVERSION,45,N,DUMMY,1,1.0022100747848126,0.0022100747848126101
CLAIM_BASELINE_3SIGMA_CONVERSION,46,P,BIT7,64,63.996859091874718,-4.9076689457527856e-05
CLAIM_BASELINE_3SIGMA_CONVERSION,46,P,BIT6,32,31.970753857710502,-0.0009139419465468146
CLAIM_BASELINE_3SIGMA_CONVERSION,46,P,BIT5,16,15.990493749056265,-0.00059414068398344622
CLAIM_BASELINE_3SIGMA_CONVERSION,46,P,BIT4,8,7.97500296908777,-0.0031246288640287556
CLAIM_BASELINE_3SIGMA_CONVERSION,46,P,BIT3,4,3.9937580548647249,-0.0015604862838187739
CLAIM_BASELINE_3SIGMA_CONVERSION,46,P,BIT2,2,1.9943526931139284,-0.0028236534430358118
CLAIM_BASELINE_3SIGMA_CONVERSION,46,P,BIT1,1,1.0021572391231983,0.0021572391231983179
CLAIM_BASELINE_3SIGMA_CONVERSION,46,P,DUMMY,1,1.0046743666566058,0.0046743666566058106
CLAIM_BASELINE_3SIGMA_CONVERSION,46,N,BIT7,64,64.033023991310515,0.00051599986422679045
CLAIM_BASELINE_3SIGMA_CONVERSION,46,N,BIT6,32,32.010666667695688,0.0003333333654902404
CLAIM_BASELINE_3SIGMA_CONVERSION,46,N,BIT5,16,15.991243259498431,-0.00054729628134808639
CLAIM_BASELINE_3SIGMA_CONVERSION,46,N,BIT4,8,8.0267296592646993,0.0033412074080874099
CLAIM_BASELINE_3SIGMA_CONVERSION,46,N,BIT3,4,4.0035533573253366,0.00088833933133414256
CLAIM_BASELINE_3SIGMA_CONVERSION,46,N,BIT2,2,2.0129366633578973,0.0064683316789486689
CLAIM_BASELINE_3SIGMA_CONVERSION,46,N,BIT1,1,1.0021512832287045,0.0021512832287045036
CLAIM_BASELINE_3SIGMA_CONVERSION,46,N,DUMMY,1,0.99434333553540055,-0.0056566644645994479
CLAIM_BASELINE_3SIGMA_CONVERSION,47,P,BIT7,64,63.899198729799124,-0.0015750198468886811
CLAIM_BASELINE_3SIGMA_CONVERSION,47,P,BIT6,32,32.015061227657171,0.00047066336428658317
CLAIM_BASELINE_3SIGMA_CONVERSION,47,P,BIT5,16,16.042276504823711,0.0026422815514819398
CLAIM_BASELINE_3SIGMA_CONVERSION,47,P,BIT4,8,7.9919689607506266,-0.0010038799061716785
CLAIM_BASELINE_3SIGMA_CONVERSION,47,P,BIT3,4,3.9890329392267279,-0.0027417651933180354
CLAIM_BASELINE_3SIGMA_CONVERSION,47,P,BIT2,2,2.0035342678990569,0.0017671339495284322
CLAIM_BASELINE_3SIGMA_CONVERSION,47,P,BIT1,1,0.9897975280788891,-0.010202471921110901
CLAIM_BASELINE_3SIGMA_CONVERSION,47,P,DUMMY,1,0.99404095619365518,-0.0059590438063448214
CLAIM_BASELINE_3SIGMA_CONVERSION,47,N,BIT7,64,63.925756759781493,-0.0011600506284141776
CLAIM_BASELINE_3SIGMA_CONVERSION,47,N,BIT6,32,32.016686373472339,0.00052144917101060173
CLAIM_BASELINE_3SIGMA_CONVERSION,47,N,BIT5,16,15.973742421081997,-0.0016410986823751639
CLAIM_BASELINE_3SIGMA_CONVERSION,47,N,BIT4,8,8.007763538457926,0.00097044230724074865
CLAIM_BASELINE_3SIGMA_CONVERSION,47,N,BIT3,4,3.9810757133179164,-0.0047310716705208922
CLAIM_BASELINE_3SIGMA_CONVERSION,47,N,BIT2,2,1.9970360972667707,-0.0014819513666146644
CLAIM_BASELINE_3SIGMA_CONVERSION,47,N,BIT1,1,0.99586997664959964,-0.0041300233504003581
CLAIM_BASELINE_3SIGMA_CONVERSION,47,N,DUMMY,1,1.0031887222484683,0.0031887222484683342
CLAIM_BASELINE_3SIGMA_CONVERSION,48,P,BIT7,64,63.980381155529066,-0.00030654444485833654
CLAIM_BASELINE_3SIGMA_CONVERSION,48,P,BIT6,32,31.969193201155306,-0.00096271246389667553
CLAIM_BASELINE_3SIGMA_CONVERSION,48,P,BIT5,16,16.002468213161638,0.00015426332260237707
CLAIM_BASELINE_3SIGMA_CONVERSION,48,P,BIT4,8,7.9982263334505515,-0.00022170831868106866
CLAIM_BASELINE_3SIGMA_CONVERSION,48,P,BIT3,4,4.0137698461539602,0.0034424615384900381
CLAIM_BASELINE_3SIGMA_CONVERSION,48,P,BIT2,2,2.0078251607746918,0.0039125803873458764
CLAIM_BASELINE_3SIGMA_CONVERSION,48,P,BIT1,1,0.98461799489032731,-0.015382005109672692
CLAIM_BASELINE_3SIGMA_CONVERSION,48,P,DUMMY,1,0.99425781433263394,-0.0057421856673660621
CLAIM_BASELINE_3SIGMA_CONVERSION,48,N,BIT7,64,64.036180895188409,0.00056532648731888457
CLAIM_BASELINE_3SIGMA_CONVERSION,48,N,BIT6,32,31.9714119038549,-0.0008933780045343731
CLAIM_BASELINE_3SIGMA_CONVERSION,48,N,BIT5,16,15.990328675392245,-0.00060445778798468019
CLAIM_BASELINE_3SIGMA_CONVERSION,48,N,BIT4,8,8.0132939819466529,0.0016617477433316097
CLAIM_BASELINE_3SIGMA_CONVERSION,48,N,BIT3,4,4.0106395683122216,0.0026598920780553925
CLAIM_BASELINE_3SIGMA_CONVERSION,48,N,BIT2,2,1.9876597368950346,-0.0061701315524826938
CLAIM_BASELINE_3SIGMA_CONVERSION,48,N,BIT1,1,1.0052945739858026,0.0052945739858025753
CLAIM_BASELINE_3SIGMA_CONVERSION,48,N,DUMMY,1,0.99853372445110744,-0.0014662755488925594
CLAIM_BASELINE_3SIGMA_CONVERSION,49,P,BIT7,64,63.965482196907544,-0.00053934067331962154
CLAIM_BASELINE_3SIGMA_CONVERSION,49,P,BIT6,32,31.979381476744784,-0.00064432885172549526
CLAIM_BASELINE_3SIGMA_CONVERSION,49,P,BIT5,16,15.991514151475094,-0.00053036553280660925
CLAIM_BASELINE_3SIGMA_CONVERSION,49,P,BIT4,8,7.9880281589491346,-0.0014964801313581688
CLAIM_BASELINE_3SIGMA_CONVERSION,49,P,BIT3,4,4.0209763424490212,0.0052440856122553114
CLAIM_BASELINE_3SIGMA_CONVERSION,49,P,BIT2,2,1.9958355908536827,-0.0020822045731586636
CLAIM_BASELINE_3SIGMA_CONVERSION,49,P,BIT1,1,1.0066282490872382,0.0066282490872382471
CLAIM_BASELINE_3SIGMA_CONVERSION,49,P,DUMMY,1,1.0003338616337394,0.00033386163373938516
CLAIM_BASELINE_3SIGMA_CONVERSION,49,N,BIT7,64,64.013261341126679,0.00020720845510435737
CLAIM_BASELINE_3SIGMA_CONVERSION,49,N,BIT6,32,31.944354885918301,-0.0017389098150530913
CLAIM_BASELINE_3SIGMA_CONVERSION,49,N,BIT5,16,15.984220065408136,-0.00098624591199147904
CLAIM_BASELINE_3SIGMA_CONVERSION,49,N,BIT4,8,7.9861884040585567,-0.0017264494926804153
CLAIM_BASELINE_3SIGMA_CONVERSION,49,N,BIT3,4,4.0151609515184763,0.0037902378796190739
CLAIM_BASELINE_3SIGMA_CONVERSION,49,N,BIT2,2,2.0141098434596643,0.0070549217298321309
CLAIM_BASELINE_3SIGMA_CONVERSION,49,N,BIT1,1,0.98971958299413887,-0.010280417005861131
CLAIM_BASELINE_3SIGMA_CONVERSION,49,N,DUMMY,1,1.0120891251105015,0.012089125110501531
CLAIM_BASELINE_3SIGMA_CONVERSION,50,P,BIT7,64,63.927035456952744,-0.0011400709851133728
CLAIM_BASELINE_3SIGMA_CONVERSION,50,P,BIT6,32,31.989685665685379,-0.00032232294733192113
CLAIM_BASELINE_3SIGMA_CONVERSION,50,P,BIT5,16,16.025158366342463,0.0015723978964039542
CLAIM_BASELINE_3SIGMA_CONVERSION,50,P,BIT4,8,7.9580413928277967,-0.005244825896525418
CLAIM_BASELINE_3SIGMA_CONVERSION,50,P,BIT3,4,3.9968161035345826,-0.00079597411635434767
CLAIM_BASELINE_3SIGMA_CONVERSION,50,P,BIT2,2,2.0180036640693451,0.00900183203467253
CLAIM_BASELINE_3SIGMA_CONVERSION,50,P,BIT1,1,1.005004279621994,0.0050042796219940122
CLAIM_BASELINE_3SIGMA_CONVERSION,50,P,DUMMY,1,0.9936367251501651,-0.006363274849834899
CLAIM_BASELINE_3SIGMA_CONVERSION,50,N,BIT7,64,63.937530075666167,-0.00097609256771613584
CLAIM_BASELINE_3SIGMA_CONVERSION,50,N,BIT6,32,32.011663316689102,0.00036447864653443851
CLAIM_BASELINE_3SIGMA_CONVERSION,50,N,BIT5,16,15.989525416877608,-0.00065466144514947366
CLAIM_BASELINE_3SIGMA_CONVERSION,50,N,BIT4,8,7.9944719485802551,-0.00069100642746811047
CLAIM_BASELINE_3SIGMA_CONVERSION,50,N,BIT3,4,4.0302993802751654,0.0075748450687913582
CLAIM_BASELINE_3SIGMA_CONVERSION,50,N,BIT2,2,1.9858818139645225,-0.0070590930177387712
CLAIM_BASELINE_3SIGMA_CONVERSION,50,N,BIT1,1,0.98852678478985823,-0.011473215210141774
CLAIM_BASELINE_3SIGMA_CONVERSION,50,N,DUMMY,1,1.0038039254670317,0.0038039254670316769
CLAIM_BASELINE_3SIGMA_CONVERSION,51,P,BIT7,64,63.926959239821031,-0.0011412618777963957
CLAIM_BASELINE_3SIGMA_CONVERSION,51,P,BIT6,32,31.98711796751347,-0.00040256351520406852
CLAIM_BASELINE_3SIGMA_CONVERSION,51,P,BIT5,16,15.9407920287194,-0.0037004982050374835
CLAIM_BASELINE_3SIGMA_CONVERSION,51,P,BIT4,8,7.9994209591871837,-7.2380101602043112e-05
CLAIM_BASELINE_3SIGMA_CONVERSION,51,P,BIT3,4,4.0004116958271014,0.00010292395677535815
CLAIM_BASELINE_3SIGMA_CONVERSION,51,P,BIT2,2,1.9915424331429779,-0.0042287834285110737
CLAIM_BASELINE_3SIGMA_CONVERSION,51,P,BIT1,1,1.007024853339173,0.0070248533391730206
CLAIM_BASELINE_3SIGMA_CONVERSION,51,P,DUMMY,1,0.99810497617411276,-0.0018950238258872432
CLAIM_BASELINE_3SIGMA_CONVERSION,51,N,BIT7,64,63.954416934207444,-0.00071223540300868748
CLAIM_BASELINE_3SIGMA_CONVERSION,51,N,BIT6,32,31.92193946533385,-0.0024393917083171957
CLAIM_BASELINE_3SIGMA_CONVERSION,51,N,BIT5,16,15.982223133673816,-0.0011110541453864808
CLAIM_BASELINE_3SIGMA_CONVERSION,51,N,BIT4,8,7.9828536876590279,-0.0021432890426215101
CLAIM_BASELINE_3SIGMA_CONVERSION,51,N,BIT3,4,3.9805368774781735,-0.0048657806304566176
CLAIM_BASELINE_3SIGMA_CONVERSION,51,N,BIT2,2,2.0084890534831059,0.0042445267415529564
CLAIM_BASELINE_3SIGMA_CONVERSION,51,N,BIT1,1,0.99231061447344748,-0.0076893855265525168
CLAIM_BASELINE_3SIGMA_CONVERSION,51,N,DUMMY,1,0.99444000923374809,-0.0055599907662519099
CLAIM_BASELINE_3SIGMA_CONVERSION,52,P,BIT7,64,64.047317952052737,0.00073934300082401094
CLAIM_BASELINE_3SIGMA_CONVERSION,52,P,BIT6,32,32.07259796557247,0.0022686864241396876
CLAIM_BASELINE_3SIGMA_CONVERSION,52,P,BIT5,16,16.024247821739753,0.0015154888587345372
CLAIM_BASELINE_3SIGMA_CONVERSION,52,P,BIT4,8,8.0169469402089337,0.0021183675261167156
CLAIM_BASELINE_3SIGMA_CONVERSION,52,P,BIT3,4,3.9919760672441029,-0.0020059831889742696
CLAIM_BASELINE_3SIGMA_CONVERSION,52,P,BIT2,2,1.9933150410715701,-0.0033424794642149536
CLAIM_BASELINE_3SIGMA_CONVERSION,52,P,BIT1,1,0.99458318780877852,-0.0054168121912214762
CLAIM_BASELINE_3SIGMA_CONVERSION,52,P,DUMMY,1,1.0155513187800942,0.015551318780094192
CLAIM_BASELINE_3SIGMA_CONVERSION,52,N,BIT7,64,63.959841658783162,-0.00062747408151309081
CLAIM_BASELINE_3SIGMA_CONVERSION,52,N,BIT6,32,32.06027465043627,0.0018835828261334342
CLAIM_BASELINE_3SIGMA_CONVERSION,52,N,BIT5,16,15.974462361562225,-0.001596102402360966
CLAIM_BASELINE_3SIGMA_CONVERSION,52,N,BIT4,8,8.028379588774186,0.0035474485967732505
CLAIM_BASELINE_3SIGMA_CONVERSION,52,N,BIT3,4,3.998376324846352,-0.00040591878841200746
CLAIM_BASELINE_3SIGMA_CONVERSION,52,N,BIT2,2,2.0134672831705696,0.0067336415852847775
CLAIM_BASELINE_3SIGMA_CONVERSION,52,N,BIT1,1,1.0025159265111916,0.0025159265111915907
CLAIM_BASELINE_3SIGMA_CONVERSION,52,N,DUMMY,1,1.0038107869127262,0.0038107869127261829
CLAIM_BASELINE_3SIGMA_CONVERSION,53,P,BIT7,64,64.025515563262488,0.00039868067597637058
CLAIM_BASELINE_3SIGMA_CONVERSION,53,P,BIT6,32,32.046196410426177,0.0014436378258180227
CLAIM_BASELINE_3SIGMA_CONVERSION,53,P,BIT5,16,15.922970764929264,-0.0048143271919209862
CLAIM_BASELINE_3SIGMA_CONVERSION,53,P,BIT4,8,8.0078762433164954,0.00098453041456192381
CLAIM_BASELINE_3SIGMA_CONVERSION,53,P,BIT3,4,3.986933560442834,-0.0032666098892915052
CLAIM_BASELINE_3SIGMA_CONVERSION,53,P,BIT2,2,1.9888779212609309,-0.0055610393695345595
CLAIM_BASELINE_3SIGMA_CONVERSION,53,P,BIT1,1,0.99911400185282029,-0.00088599814717971181
CLAIM_BASELINE_3SIGMA_CONVERSION,53,P,DUMMY,1,1.0062186927727059,0.0062186927727059249
CLAIM_BASELINE_3SIGMA_CONVERSION,53,N,BIT7,64,64.029713297349616,0.00046427027108775221
CLAIM_BASELINE_3SIGMA_CONVERSION,53,N,BIT6,32,31.997697825763819,-7.1942944880665216e-05
CLAIM_BASELINE_3SIGMA_CONVERSION,53,N,BIT5,16,15.943329074024941,-0.0035419328734411781
CLAIM_BASELINE_3SIGMA_CONVERSION,53,N,BIT4,8,8.0193798033301675,0.0024224754162709417
CLAIM_BASELINE_3SIGMA_CONVERSION,53,N,BIT3,4,3.9971477574036713,-0.00071306064908216449
CLAIM_BASELINE_3SIGMA_CONVERSION,53,N,BIT2,2,2.0022378252984234,0.0011189126492117119
CLAIM_BASELINE_3SIGMA_CONVERSION,53,N,BIT1,1,0.9991685321113104,-0.00083146788868959653
CLAIM_BASELINE_3SIGMA_CONVERSION,53,N,DUMMY,1,1.0060370549612503,0.0060370549612502877
CLAIM_BASELINE_3SIGMA_CONVERSION,54,P,BIT7,64,63.946020022134064,-0.00084343715415524656
CLAIM_BASELINE_3SIGMA_CONVERSION,54,P,BIT6,32,32.035368657527357,0.0011052705477299085
CLAIM_BASELINE_3SIGMA_CONVERSION,54,P,BIT5,16,15.997007066544905,-0.00018705834094345786
CLAIM_BASELINE_3SIGMA_CONVERSION,54,P,BIT4,8,7.9805753859256718,-0.0024280767592910202
CLAIM_BASELINE_3SIGMA_CONVERSION,54,P,BIT3,4,4.0198018520970811,0.0049504630242702685
CLAIM_BASELINE_3SIGMA_CONVERSION,54,P,BIT2,2,2.0285274149879764,0.014263707493988198
CLAIM_BASELINE_3SIGMA_CONVERSION,54,P,BIT1,1,1.0146612056695281,0.01466120566952811
CLAIM_BASELINE_3SIGMA_CONVERSION,54,P,DUMMY,1,1.0091784004615449,0.0091784004615449444
CLAIM_BASELINE_3SIGMA_CONVERSION,54,N,BIT7,64,63.934381552447206,-0.0010252882430124011
CLAIM_BASELINE_3SIGMA_CONVERSION,54,N,BIT6,32,31.983470249098019,-0.00051655471568690103
CLAIM_BASELINE_3SIGMA_CONVERSION,54,N,BIT5,16,16.005347915260334,0.00033424470377085846
CLAIM_BASELINE_3SIGMA_CONVERSION,54,N,BIT4,8,8.0164547365960974,0.0020568420745121774
CLAIM_BASELINE_3SIGMA_CONVERSION,54,N,BIT3,4,3.9876644630774631,-0.0030838842306342151
CLAIM_BASELINE_3SIGMA_CONVERSION,54,N,BIT2,2,1.9948197894120923,-0.0025901052939538705
CLAIM_BASELINE_3SIGMA_CONVERSION,54,N,BIT1,1,1.0025573588014294,0.0025573588014293769
CLAIM_BASELINE_3SIGMA_CONVERSION,54,N,DUMMY,1,0.9999069545158783,-9.3045484121700994e-05
CLAIM_BASELINE_3SIGMA_CONVERSION,55,P,BIT7,64,63.931144271038647,-0.0010758707650211363
CLAIM_BASELINE_3SIGMA_CONVERSION,55,P,BIT6,32,32.04101551226772,0.0012817347583662375
CLAIM_BASELINE_3SIGMA_CONVERSION,55,P,BIT5,16,15.937028475157691,-0.0039357203026443299
CLAIM_BASELINE_3SIGMA_CONVERSION,55,P,BIT4,8,8.0113774835209028,0.0014221854401128553
CLAIM_BASELINE_3SIGMA_CONVERSION,55,P,BIT3,4,4.0067577311411444,0.0016894327852861046
CLAIM_BASELINE_3SIGMA_CONVERSION,55,P,BIT2,2,1.9990315459858605,-0.00048422700706973743
CLAIM_BASELINE_3SIGMA_CONVERSION,55,P,BIT1,1,0.99424597115253699,-0.0057540288474630108
CLAIM_BASELINE_3SIGMA_CONVERSION,55,P,DUMMY,1,1.0064072375888955,0.006407237588895498
CLAIM_BASELINE_3SIGMA_CONVERSION,55,N,BIT7,64,63.94636562753314,-0.00083803706979468373
CLAIM_BASELINE_3SIGMA_CONVERSION,55,N,BIT6,32,32.052188079754835,0.0016308774923385894
CLAIM_BASELINE_3SIGMA_CONVERSION,55,N,BIT5,16,15.998228293668303,-0.00011073164573105476
CLAIM_BASELINE_3SIGMA_CONVERSION,55,N,BIT4,8,8.0150698323948752,0.0018837290493594061
CLAIM_BASELINE_3SIGMA_CONVERSION,55,N,BIT3,4,3.9951191656917517,-0.0012202085770620652
CLAIM_BASELINE_3SIGMA_CONVERSION,55,N,BIT2,2,2.001332214737733,0.00066610736886651978
CLAIM_BASELINE_3SIGMA_CONVERSION,55,N,BIT1,1,0.99716928815236572,-0.0028307118476342819
CLAIM_BASELINE_3SIGMA_CONVERSION,55,N,DUMMY,1,0.9845498901924814,-0.015450109807518597
CLAIM_BASELINE_3SIGMA_CONVERSION,56,P,BIT7,64,64.028515575540027,0.000445555867812919
CLAIM_BASELINE_3SIGMA_CONVERSION,56,P,BIT6,32,32.029564904353371,0.00092390326104285769
CLAIM_BASELINE_3SIGMA_CONVERSION,56,P,BIT5,16,15.977219377223754,-0.0014237889235153567
CLAIM_BASELINE_3SIGMA_CONVERSION,56,P,BIT4,8,7.9857624712101085,-0.0017796910987364356
CLAIM_BASELINE_3SIGMA_CONVERSION,56,P,BIT3,4,3.9875105825196986,-0.0031223543700753531
CLAIM_BASELINE_3SIGMA_CONVERSION,56,P,BIT2,2,1.999533440395453,-0.00023327980227350054
CLAIM_BASELINE_3SIGMA_CONVERSION,56,P,BIT1,1,1.0062925334043227,0.0062925334043226755
CLAIM_BASELINE_3SIGMA_CONVERSION,56,P,DUMMY,1,0.99925589155410477,-0.00074410844589523073
CLAIM_BASELINE_3SIGMA_CONVERSION,56,N,BIT7,64,64.063379478013275,0.00099030434395741551
CLAIM_BASELINE_3SIGMA_CONVERSION,56,N,BIT6,32,32.029172472626769,0.00091163976958652526
CLAIM_BASELINE_3SIGMA_CONVERSION,56,N,BIT5,16,15.972648159306841,-0.0017094900433224369
CLAIM_BASELINE_3SIGMA_CONVERSION,56,N,BIT4,8,8.0335307003707008,0.0041913375463376035
CLAIM_BASELINE_3SIGMA_CONVERSION,56,N,BIT3,4,4.0026285556858436,0.00065713892146090913
CLAIM_BASELINE_3SIGMA_CONVERSION,56,N,BIT2,2,1.9897441209541313,-0.0051279395229343328
CLAIM_BASELINE_3SIGMA_CONVERSION,56,N,BIT1,1,0.98948543739977712,-0.010514562600222876
CLAIM_BASELINE_3SIGMA_CONVERSION,56,N,DUMMY,1,0.99544820660605915,-0.0045517933939408506
CLAIM_BASELINE_3SIGMA_CONVERSION,57,P,BIT7,64,63.829477729781367,-0.0026644104721661455
CLAIM_BASELINE_3SIGMA_CONVERSION,57,P,BIT6,32,31.965748685434452,-0.0010703535801733777
CLAIM_BASELINE_3SIGMA_CONVERSION,57,P,BIT5,16,16.03343170133531,0.0020894813334568774
CLAIM_BASELINE_3SIGMA_CONVERSION,57,P,BIT4,8,7.999868323037755,-1.6459620280628862e-05
CLAIM_BASELINE_3SIGMA_CONVERSION,57,P,BIT3,4,3.997808984325177,-0.00054775391870576229
CLAIM_BASELINE_3SIGMA_CONVERSION,57,P,BIT2,2,2.0073170132130436,0.0036585066065217831
CLAIM_BASELINE_3SIGMA_CONVERSION,57,P,BIT1,1,0.9916051175120133,-0.008394882487986699
CLAIM_BASELINE_3SIGMA_CONVERSION,57,P,DUMMY,1,1.0071798738692619,0.007179873869261888
CLAIM_BASELINE_3SIGMA_CONVERSION,57,N,BIT7,64,63.958968647381361,-0.00064111488466622735
CLAIM_BASELINE_3SIGMA_CONVERSION,57,N,BIT6,32,31.969811198235039,-0.00094340005515503034
CLAIM_BASELINE_3SIGMA_CONVERSION,57,N,BIT5,16,16.016373074158729,0.0010233171349205428
CLAIM_BASELINE_3SIGMA_CONVERSION,57,N,BIT4,8,7.9825660142689845,-0.0021792482163769389
CLAIM_BASELINE_3SIGMA_CONVERSION,57,N,BIT3,4,3.9990525108685233,-0.00023687228286917161
CLAIM_BASELINE_3SIGMA_CONVERSION,57,N,BIT2,2,1.993219764951021,-0.0033901175244894777
CLAIM_BASELINE_3SIGMA_CONVERSION,57,N,BIT1,1,0.99787170115705892,-0.0021282988429410787
CLAIM_BASELINE_3SIGMA_CONVERSION,57,N,DUMMY,1,1.0012382584168944,0.0012382584168944
CLAIM_BASELINE_3SIGMA_CONVERSION,58,P,BIT7,64,63.977216469643395,-0.00035599266182195777
CLAIM_BASELINE_3SIGMA_CONVERSION,58,P,BIT6,32,31.95189576048454,-0.0015032574848581337
CLAIM_BASELINE_3SIGMA_CONVERSION,58,P,BIT5,16,16.058129129987002,0.0036330706241876065
CLAIM_BASELINE_3SIGMA_CONVERSION,58,P,BIT4,8,7.9820840084292168,-0.0022394989463478954
CLAIM_BASELINE_3SIGMA_CONVERSION,58,P,BIT3,4,4.0176324591992181,0.0044081147998045189
CLAIM_BASELINE_3SIGMA_CONVERSION,58,P,BIT2,2,2.0220514515432106,0.011025725771605321
CLAIM_BASELINE_3SIGMA_CONVERSION,58,P,BIT1,1,1.006783264330569,0.0067832643305689722
CLAIM_BASELINE_3SIGMA_CONVERSION,58,P,DUMMY,1,0.99182707729305242,-0.0081729227069475829
CLAIM_BASELINE_3SIGMA_CONVERSION,58,N,BIT7,64,63.870833333074295,-0.0020182291707141475
CLAIM_BASELINE_3SIGMA_CONVERSION,58,N,BIT6,32,32.02401239851784,0.00075038745368249948
CLAIM_BASELINE_3SIGMA_CONVERSION,58,N,BIT5,16,16.005409827046741,0.00033811419042129032
CLAIM_BASELINE_3SIGMA_CONVERSION,58,N,BIT4,8,7.9798824596426119,-0.0025146925446735136
CLAIM_BASELINE_3SIGMA_CONVERSION,58,N,BIT3,4,4.0052600028841701,0.0013150007210425141
CLAIM_BASELINE_3SIGMA_CONVERSION,58,N,BIT2,2,1.9965905983161227,-0.0017047008419386334
CLAIM_BASELINE_3SIGMA_CONVERSION,58,N,BIT1,1,0.99526489273012386,-0.0047351072698761376
CLAIM_BASELINE_3SIGMA_CONVERSION,58,N,DUMMY,1,1.0084461156569851,0.0084461156569850537
CLAIM_BASELINE_3SIGMA_CONVERSION,59,P,BIT7,64,63.981877412970235,-0.00028316542234008146
CLAIM_BASELINE_3SIGMA_CONVERSION,59,P,BIT6,32,31.954209581688676,-0.0014309505722288618
CLAIM_BASELINE_3SIGMA_CONVERSION,59,P,BIT5,16,16.071197361772875,0.0044498351108046563
CLAIM_BASELINE_3SIGMA_CONVERSION,59,P,BIT4,8,8.0114236779276098,0.0014279597409512235
CLAIM_BASELINE_3SIGMA_CONVERSION,59,P,BIT3,4,4.0217168021259297,0.0054292005314824365
CLAIM_BASELINE_3SIGMA_CONVERSION,59,P,BIT2,2,1.99774129534505,-0.0011293523274750195
CLAIM_BASELINE_3SIGMA_CONVERSION,59,P,BIT1,1,1.0017988196229162,0.0017988196229161701
CLAIM_BASELINE_3SIGMA_CONVERSION,59,P,DUMMY,1,1.0018019457444547,0.0018019457444546916
CLAIM_BASELINE_3SIGMA_CONVERSION,59,N,BIT7,64,64.06142039790177,0.00095969371721515984
CLAIM_BASELINE_3SIGMA_CONVERSION,59,N,BIT6,32,31.975979000093112,-0.00075065624709025336
CLAIM_BASELINE_3SIGMA_CONVERSION,59,N,BIT5,16,16.027307910669489,0.0017067444168430423
CLAIM_BASELINE_3SIGMA_CONVERSION,59,N,BIT4,8,8.0072611955640642,0.00090764944550802973
CLAIM_BASELINE_3SIGMA_CONVERSION,59,N,BIT3,4,3.9867600804837036,-0.0033099798790741097
CLAIM_BASELINE_3SIGMA_CONVERSION,59,N,BIT2,2,2.012153852474257,0.0060769262371285215
CLAIM_BASELINE_3SIGMA_CONVERSION,59,N,BIT1,1,0.99699728586916059,-0.0030027141308394123
CLAIM_BASELINE_3SIGMA_CONVERSION,59,N,DUMMY,1,1.0081036745711947,0.0081036745711946523
CLAIM_BASELINE_3SIGMA_CONVERSION,60,P,BIT7,64,64.037612565922871,0.00058769634254485226
CLAIM_BASELINE_3SIGMA_CONVERSION,60,P,BIT6,32,32.033786370871326,0.0010558240897289295
CLAIM_BASELINE_3SIGMA_CONVERSION,60,P,BIT5,16,16.03681409092319,0.0023008806826994022
CLAIM_BASELINE_3SIGMA_CONVERSION,60,P,BIT4,8,7.9559156746928448,-0.0055105406633944032
CLAIM_BASELINE_3SIGMA_CONVERSION,60,P,BIT3,4,3.9780957258899581,-0.0054760685275104803
CLAIM_BASELINE_3SIGMA_CONVERSION,60,P,BIT2,2,1.9961196652221131,-0.0019401673889434257
CLAIM_BASELINE_3SIGMA_CONVERSION,60,P,BIT1,1,1.0009749398247363,0.00097493982473628726
CLAIM_BASELINE_3SIGMA_CONVERSION,60,P,DUMMY,1,0.9895005934266794,-0.010499406573320602
CLAIM_BASELINE_3SIGMA_CONVERSION,60,N,BIT7,64,63.953387807528067,-0.00072831550737395556
CLAIM_BASELINE_3SIGMA_CONVERSION,60,N,BIT6,32,31.960286418398645,-0.0012410494250423287
CLAIM_BASELINE_3SIGMA_CONVERSION,60,N,BIT5,16,16.029714278153122,0.0018571423845701318
CLAIM_BASELINE_3SIGMA_CONVERSION,60,N,BIT4,8,7.9841596189365038,-0.0019800476329370209
CLAIM_BASELINE_3SIGMA_CONVERSION,60,N,BIT3,4,3.9654425813509548,-0.0086393546622612893
CLAIM_BASELINE_3SIGMA_CONVERSION,60,N,BIT2,2,2.0000784723527882,3.9236176394119582e-05
CLAIM_BASELINE_3SIGMA_CONVERSION,60,N,BIT1,1,1.0059512413490768,0.0059512413490767635
CLAIM_BASELINE_3SIGMA_CONVERSION,60,N,DUMMY,1,0.98755812460144732,-0.012441875398552682
CLAIM_BASELINE_3SIGMA_CONVERSION,61,P,BIT7,64,63.986790922925096,-0.00020639182929538258
CLAIM_BASELINE_3SIGMA_CONVERSION,61,P,BIT6,32,31.933969368744993,-0.0020634572267189677
CLAIM_BASELINE_3SIGMA_CONVERSION,61,P,BIT5,16,16.005815842043965,0.00036349012774783418
CLAIM_BASELINE_3SIGMA_CONVERSION,61,P,BIT4,8,8.0134184695094053,0.0016773086886756605
CLAIM_BASELINE_3SIGMA_CONVERSION,61,P,BIT3,4,4.0064355204162627,0.0016088801040656797
CLAIM_BASELINE_3SIGMA_CONVERSION,61,P,BIT2,2,2.0139570784991205,0.0069785392495602672
CLAIM_BASELINE_3SIGMA_CONVERSION,61,P,BIT1,1,0.99615494481970468,-0.0038450551802953203
CLAIM_BASELINE_3SIGMA_CONVERSION,61,P,DUMMY,1,0.99289042282209816,-0.007109577177901838
CLAIM_BASELINE_3SIGMA_CONVERSION,61,N,BIT7,64,64.072828424491689,0.0011379441326826445
CLAIM_BASELINE_3SIGMA_CONVERSION,61,N,BIT6,32,32.010087731014067,0.00031524159418960807
CLAIM_BASELINE_3SIGMA_CONVERSION,61,N,BIT5,16,15.961631512082866,-0.0023980304948209019
CLAIM_BASELINE_3SIGMA_CONVERSION,61,N,BIT4,8,8.0011606714781287,0.00014508393476608816
CLAIM_BASELINE_3SIGMA_CONVERSION,61,N,BIT3,4,3.9632731413872029,-0.0091817146531992799
CLAIM_BASELINE_3SIGMA_CONVERSION,61,N,BIT2,2,2.0059328497302431,0.002966424865121553
CLAIM_BASELINE_3SIGMA_CONVERSION,61,N,BIT1,1,1.0175736767493371,0.017573676749337075
CLAIM_BASELINE_3SIGMA_CONVERSION,61,N,DUMMY,1,0.98952850026586903,-0.010471499734130973
CLAIM_BASELINE_3SIGMA_CONVERSION,62,P,BIT7,64,63.996210218870836,-5.9215330143191913e-05
CLAIM_BASELINE_3SIGMA_CONVERSION,62,P,BIT6,32,32.039314341893188,0.0012285731841621406
CLAIM_BASELINE_3SIGMA_CONVERSION,62,P,BIT5,16,15.984954978505849,-0.00094031384338444379
CLAIM_BASELINE_3SIGMA_CONVERSION,62,P,BIT4,8,8.0120162878713401,0.0015020359839175157
CLAIM_BASELINE_3SIGMA_CONVERSION,62,P,BIT3,4,4.009851657680823,0.0024629144202057418
CLAIM_BASELINE_3SIGMA_CONVERSION,62,P,BIT2,2,2.0012810388657969,0.00064051943289844537
CLAIM_BASELINE_3SIGMA_CONVERSION,62,P,BIT1,1,1.0069135715017745,0.0069135715017745181
CLAIM_BASELINE_3SIGMA_CONVERSION,62,P,DUMMY,1,0.99173883109296468,-0.0082611689070353211
CLAIM_BASELINE_3SIGMA_CONVERSION,62,N,BIT7,64,64.017174104047001,0.00026834537573439121
CLAIM_BASELINE_3SIGMA_CONVERSION,62,N,BIT6,32,32.028356751373039,0.00088614848040746708
CLAIM_BASELINE_3SIGMA_CONVERSION,62,N,BIT5,16,16.000392531277171,2.45332048232072e-05
CLAIM_BASELINE_3SIGMA_CONVERSION,62,N,BIT4,8,8.0414209105359618,0.0051776138169952191
CLAIM_BASELINE_3SIGMA_CONVERSION,62,N,BIT3,4,3.9918088458921623,-0.0020477885269594154
CLAIM_BASELINE_3SIGMA_CONVERSION,62,N,BIT2,2,2.0120137245926375,0.006006862296318749
CLAIM_BASELINE_3SIGMA_CONVERSION,62,N,BIT1,1,0.99782137769418533,-0.0021786223058146703
CLAIM_BASELINE_3SIGMA_CONVERSION,62,N,DUMMY,1,1.0040147083345325,0.0040147083345325463
CLAIM_BASELINE_3SIGMA_CONVERSION,63,P,BIT7,64,63.949591360144041,-0.00078763499774936463
CLAIM_BASELINE_3SIGMA_CONVERSION,63,P,BIT6,32,31.984579082463135,-0.00048190367302702874
CLAIM_BASELINE_3SIGMA_CONVERSION,63,P,BIT5,16,16.049194529632416,0.0030746581020260066
CLAIM_BASELINE_3SIGMA_CONVERSION,63,P,BIT4,8,7.9763347415107786,-0.002958157311152676
CLAIM_BASELINE_3SIGMA_CONVERSION,63,P,BIT3,4,4.013140784151612,0.0032851960379030043
CLAIM_BASELINE_3SIGMA_CONVERSION,63,P,BIT2,2,1.987330617075215,-0.0063346914623925166
CLAIM_BASELINE_3SIGMA_CONVERSION,63,P,BIT1,1,0.9971717114071269,-0.0028282885928730961
CLAIM_BASELINE_3SIGMA_CONVERSION,63,P,DUMMY,1,0.99898491101719877,-0.0010150889828012266
CLAIM_BASELINE_3SIGMA_CONVERSION,63,N,BIT7,64,63.999994944454777,-7.8992894114726653e-08
CLAIM_BASELINE_3SIGMA_CONVERSION,63,N,BIT6,32,31.997692071064201,-7.2122779243732893e-05
CLAIM_BASELINE_3SIGMA_CONVERSION,63,N,BIT5,16,15.976817494491014,-0.0014489065943116275
CLAIM_BASELINE_3SIGMA_CONVERSION,63,N,BIT4,8,7.9784337720637755,-0.002695778492028067
CLAIM_BASELINE_3SIGMA_CONVERSION,63,N,BIT3,4,4.0005251246148825,0.00013128115372063043
CLAIM_BASELINE_3SIGMA_CONVERSION,63,N,BIT2,2,2.0038515071828571,0.0019257535914285473
CLAIM_BASELINE_3SIGMA_CONVERSION,63,N,BIT1,1,1.0009596514581296,0.00095965145812959562
CLAIM_BASELINE_3SIGMA_CONVERSION,63,N,DUMMY,1,1.006852483728081,0.0068524837280810047
CLAIM_BASELINE_3SIGMA_CONVERSION,64,P,BIT7,64,64.011947163230403,0.00018667442547504187
CLAIM_BASELINE_3SIGMA_CONVERSION,64,P,BIT6,32,32.002247473999127,7.0233562472710176e-05
CLAIM_BASELINE_3SIGMA_CONVERSION,64,P,BIT5,16,15.992817987572476,-0.00044887577672025891
CLAIM_BASELINE_3SIGMA_CONVERSION,64,P,BIT4,8,8.0095843736217986,0.0011980467027248309
CLAIM_BASELINE_3SIGMA_CONVERSION,64,P,BIT3,4,4.003159631496402,0.00078990787410049279
CLAIM_BASELINE_3SIGMA_CONVERSION,64,P,BIT2,2,2.0012936946590005,0.00064684732950026635
CLAIM_BASELINE_3SIGMA_CONVERSION,64,P,BIT1,1,1.0029011511283266,0.0029011511283265623
CLAIM_BASELINE_3SIGMA_CONVERSION,64,P,DUMMY,1,1.0107951988838795,0.010795198883879475
CLAIM_BASELINE_3SIGMA_CONVERSION,64,N,BIT7,64,64.008334420915517,0.0001302253268049558
CLAIM_BASELINE_3SIGMA_CONVERSION,64,N,BIT6,32,32.10253782817356,0.0032043071304237447
CLAIM_BASELINE_3SIGMA_CONVERSION,64,N,BIT5,16,15.969742893547775,-0.0018910691532640911
CLAIM_BASELINE_3SIGMA_CONVERSION,64,N,BIT4,8,8.0274850036856229,0.0034356254607028625
CLAIM_BASELINE_3SIGMA_CONVERSION,64,N,BIT3,4,3.9728243912528516,-0.0067939021867871041
CLAIM_BASELINE_3SIGMA_CONVERSION,64,N,BIT2,2,1.9967653245265085,-0.001617337736745772
CLAIM_BASELINE_3SIGMA_CONVERSION,64,N,BIT1,1,1.0073783376527141,0.0073783376527141176
CLAIM_BASELINE_3SIGMA_CONVERSION,64,N,DUMMY,1,1.00412708764234,0.0041270876423400438
CLAIM_BASELINE_3SIGMA_CONVERSION,65,P,BIT7,64,64.00963835127439,0.00015059923866234115
CLAIM_BASELINE_3SIGMA_CONVERSION,65,P,BIT6,32,32.051347322362034,0.0016046038238135552
CLAIM_BASELINE_3SIGMA_CONVERSION,65,P,BIT5,16,16.016584592352121,0.0010365370220075665
CLAIM_BASELINE_3SIGMA_CONVERSION,65,P,BIT4,8,7.9649066544644818,-0.0043866681919397799
CLAIM_BASELINE_3SIGMA_CONVERSION,65,P,BIT3,4,4.019458101941197,0.0048645254852992537
CLAIM_BASELINE_3SIGMA_CONVERSION,65,P,BIT2,2,2.0273792401632997,0.013689620081649867
CLAIM_BASELINE_3SIGMA_CONVERSION,65,P,BIT1,1,0.99561044798327769,-0.004389552016722309
CLAIM_BASELINE_3SIGMA_CONVERSION,65,P,DUMMY,1,1.0022910440351507,0.00229104403515068
CLAIM_BASELINE_3SIGMA_CONVERSION,65,N,BIT7,64,63.970957862536622,-0.00045378339786528166
CLAIM_BASELINE_3SIGMA_CONVERSION,65,N,BIT6,32,31.979488185508046,-0.00064099420287355713
CLAIM_BASELINE_3SIGMA_CONVERSION,65,N,BIT5,16,16.025485328772966,0.0015928330483103714
CLAIM_BASELINE_3SIGMA_CONVERSION,65,N,BIT4,8,7.9874438013956901,-0.0015695248255387373
CLAIM_BASELINE_3SIGMA_CONVERSION,65,N,BIT3,4,3.9982651199903199,-0.00043372000242003494
CLAIM_BASELINE_3SIGMA_CONVERSION,65,N,BIT2,2,1.9918215113522035,-0.0040892443238982334
CLAIM_BASELINE_3SIGMA_CONVERSION,65,N,BIT1,1,0.98451753476689252,-0.015482465233107479
CLAIM_BASELINE_3SIGMA_CONVERSION,65,N,DUMMY,1,1.0038197325274782,0.0038197325274782479
CLAIM_BASELINE_3SIGMA_CONVERSION,66,P,BIT7,64,63.933036814936024,-0.0010462997666246254
CLAIM_BASELINE_3SIGMA_CONVERSION,66,P,BIT6,32,31.998380354705056,-5.061391546701266e-05
CLAIM_BASELINE_3SIGMA_CONVERSION,66,P,BIT5,16,16.017435301781823,0.0010897063613639624
CLAIM_BASELINE_3SIGMA_CONVERSION,66,P,BIT4,8,7.9874497942798577,-0.0015687757150177895
CLAIM_BASELINE_3SIGMA_CONVERSION,66,P,BIT3,4,4.02838118862251,0.0070952971556275113
CLAIM_BASELINE_3SIGMA_CONVERSION,66,P,BIT2,2,2.0118062075070182,0.0059031037535091091
CLAIM_BASELINE_3SIGMA_CONVERSION,66,P,BIT1,1,0.99212376041012884,-0.007876239589871159
CLAIM_BASELINE_3SIGMA_CONVERSION,66,P,DUMMY,1,0.99213943211649402,-0.0078605678835059756
CLAIM_BASELINE_3SIGMA_CONVERSION,66,N,BIT7,64,64.034761197826242,0.00054314371603503275
CLAIM_BASELINE_3SIGMA_CONVERSION,66,N,BIT6,32,32.001322826232105,4.1338319753281283e-05
CLAIM_BASELINE_3SIGMA_CONVERSION,66,N,BIT5,16,15.992810904126141,-0.00044931849211615749
CLAIM_BASELINE_3SIGMA_CONVERSION,66,N,BIT4,8,8.0191791108137185,0.0023973888517148101
CLAIM_BASELINE_3SIGMA_CONVERSION,66,N,BIT3,4,4.0242113935106136,0.0060528483776534081
CLAIM_BASELINE_3SIGMA_CONVERSION,66,N,BIT2,2,2.0124278842910885,0.0062139421455442712
CLAIM_BASELINE_3SIGMA_CONVERSION,66,N,BIT1,1,1.0055018146958292,0.0055018146958292213
CLAIM_BASELINE_3SIGMA_CONVERSION,66,N,DUMMY,1,0.99541539580630456,-0.0045846041936954407
CLAIM_BASELINE_3SIGMA_CONVERSION,67,P,BIT7,64,63.969277626583988,-0.00048003708462518446
CLAIM_BASELINE_3SIGMA_CONVERSION,67,P,BIT6,32,32.059741374825109,0.0018669179632846422
CLAIM_BASELINE_3SIGMA_CONVERSION,67,P,BIT5,16,16.00033613934421,2.1008709013115023e-05
CLAIM_BASELINE_3SIGMA_CONVERSION,67,P,BIT4,8,7.9457779762647611,-0.0067777529669048597
CLAIM_BASELINE_3SIGMA_CONVERSION,67,P,BIT3,4,3.9975758072291989,-0.00060604819270027033
CLAIM_BASELINE_3SIGMA_CONVERSION,67,P,BIT2,2,2.0096067970471378,0.0048033985235689247
CLAIM_BASELINE_3SIGMA_CONVERSION,67,P,BIT1,1,0.9995729263555504,-0.00042707364444960483
CLAIM_BASELINE_3SIGMA_CONVERSION,67,P,DUMMY,1,0.9928207837147377,-0.007179216285262302
CLAIM_BASELINE_3SIGMA_CONVERSION,67,N,BIT7,64,63.931763204965449,-0.0010661999224148566
CLAIM_BASELINE_3SIGMA_CONVERSION,67,N,BIT6,32,31.963103069119686,-0.001153029090009805
CLAIM_BASELINE_3SIGMA_CONVERSION,67,N,BIT5,16,15.97166061250752,-0.0017712117182799858
CLAIM_BASELINE_3SIGMA_CONVERSION,67,N,BIT4,8,8.0063903879858636,0.00079879849823294435
CLAIM_BASELINE_3SIGMA_CONVERSION,67,N,BIT3,4,3.9918847357172189,-0.0020288160706952718
CLAIM_BASELINE_3SIGMA_CONVERSION,67,N,BIT2,2,1.9833300361241626,-0.0083349819379187062
CLAIM_BASELINE_3SIGMA_CONVERSION,67,N,BIT1,1,1.0077353491318581,0.007735349131858138
CLAIM_BASELINE_3SIGMA_CONVERSION,67,N,DUMMY,1,1.0054464513411718,0.0054464513411718318
CLAIM_BASELINE_3SIGMA_CONVERSION,68,P,BIT7,64,63.925165716316386,-0.0011692856825564757
CLAIM_BASELINE_3SIGMA_CONVERSION,68,P,BIT6,32,32.024571109015668,0.00076784715673960946
CLAIM_BASELINE_3SIGMA_CONVERSION,68,P,BIT5,16,16.011098455199569,0.0006936534499730751
CLAIM_BASELINE_3SIGMA_CONVERSION,68,P,BIT4,8,8.0307116190187724,0.0038389523773465495
CLAIM_BASELINE_3SIGMA_CONVERSION,68,P,BIT3,4,4.0106490022983063,0.0026622505745765856
CLAIM_BASELINE_3SIGMA_CONVERSION,68,P,BIT2,2,1.9986607378517158,-0.00066963107414208523
CLAIM_BASELINE_3SIGMA_CONVERSION,68,P,BIT1,1,0.99374748052972939,-0.0062525194702706122
CLAIM_BASELINE_3SIGMA_CONVERSION,68,P,DUMMY,1,0.99353413695589921,-0.0064658630441007947
CLAIM_BASELINE_3SIGMA_CONVERSION,68,N,BIT7,64,63.994981287985027,-7.8417375233952313e-05
CLAIM_BASELINE_3SIGMA_CONVERSION,68,N,BIT6,32,31.986924370077865,-0.000408613435066707
CLAIM_BASELINE_3SIGMA_CONVERSION,68,N,BIT5,16,16.035137564889759,0.0021960978056099201
CLAIM_BASELINE_3SIGMA_CONVERSION,68,N,BIT4,8,8.0139590393149334,0.0017448799143666704
CLAIM_BASELINE_3SIGMA_CONVERSION,68,N,BIT3,4,4.0085218327026961,0.0021304581756740326
CLAIM_BASELINE_3SIGMA_CONVERSION,68,N,BIT2,2,1.9975031662666565,-0.0012484168666717643
CLAIM_BASELINE_3SIGMA_CONVERSION,68,N,BIT1,1,1.0046170440397131,0.0046170440397130807
CLAIM_BASELINE_3SIGMA_CONVERSION,68,N,DUMMY,1,0.99856707011432799,-0.0014329298856720074
CLAIM_BASELINE_3SIGMA_CONVERSION,69,P,BIT7,64,63.989938284955308,-0.00015721429757331595
CLAIM_BASELINE_3SIGMA_CONVERSION,69,P,BIT6,32,31.985717378928626,-0.00044633190848042403
CLAIM_BASELINE_3SIGMA_CONVERSION,69,P,BIT5,16,15.976830705836203,-0.0014480808852372906
CLAIM_BASELINE_3SIGMA_CONVERSION,69,P,BIT4,8,7.9899722122547043,-0.0012534734681619586
CLAIM_BASELINE_3SIGMA_CONVERSION,69,P,BIT3,4,4.0041310716661762,0.0010327679165440529
CLAIM_BASELINE_3SIGMA_CONVERSION,69,P,BIT2,2,2.006227773990382,0.0031138869951909953
CLAIM_BASELINE_3SIGMA_CONVERSION,69,P,BIT1,1,1.0063793910057215,0.0063793910057214909
CLAIM_BASELINE_3SIGMA_CONVERSION,69,P,DUMMY,1,1.0050766099035715,0.0050766099035715051
CLAIM_BASELINE_3SIGMA_CONVERSION,69,N,BIT7,64,64.078461015571662,0.0012259533683072199
CLAIM_BASELINE_3SIGMA_CONVERSION,69,N,BIT6,32,32.005963346444595,0.0001863545763935992
CLAIM_BASELINE_3SIGMA_CONVERSION,69,N,BIT5,16,15.960816456375198,-0.0024489714765500992
CLAIM_BASELINE_3SIGMA_CONVERSION,69,N,BIT4,8,7.991907707858747,-0.0010115365176566193
CLAIM_BASELINE_3SIGMA_CONVERSION,69,N,BIT3,4,4.0005955905675403,0.00014889764188508181
CLAIM_BASELINE_3SIGMA_CONVERSION,69,N,BIT2,2,1.9982166681045965,-0.00089166594770173635
CLAIM_BASELINE_3SIGMA_CONVERSION,69,N,BIT1,1,1.0057647851170597,0.0057647851170596898
CLAIM_BASELINE_3SIGMA_CONVERSION,69,N,DUMMY,1,1.0058680356367822,0.0058680356367821762
CLAIM_BASELINE_3SIGMA_CONVERSION,70,P,BIT7,64,63.967355281908929,-0.00051007372017297659
CLAIM_BASELINE_3SIGMA_CONVERSION,70,P,BIT6,32,32.002394617938947,7.4831810592090875e-05
CLAIM_BASELINE_3SIGMA_CONVERSION,70,P,BIT5,16,16.057844167789348,0.0036152604868342486
CLAIM_BASELINE_3SIGMA_CONVERSION,70,P,BIT4,8,8.0042322839151971,0.00052903548939964296
CLAIM_BASELINE_3SIGMA_CONVERSION,70,P,BIT3,4,4.0234908833399201,0.0058727208349800275
CLAIM_BASELINE_3SIGMA_CONVERSION,70,P,BIT2,2,1.9867143800241716,-0.0066428099879142222
CLAIM_BASELINE_3SIGMA_CONVERSION,70,P,BIT1,1,1.0026286002028655,0.0026286002028654831
CLAIM_BASELINE_3SIGMA_CONVERSION,70,P,DUMMY,1,1.0011496178674613,0.0011496178674612612
CLAIM_BASELINE_3SIGMA_CONVERSION,70,N,BIT7,64,64.110866664782876,0.0017322916372324304
CLAIM_BASELINE_3SIGMA_CONVERSION,70,N,BIT6,32,31.955161910329366,-0.0014011903022073113
CLAIM_BASELINE_3SIGMA_CONVERSION,70,N,BIT5,16,16.023241204412535,0.0014525752757834631
CLAIM_BASELINE_3SIGMA_CONVERSION,70,N,BIT4,8,7.9906955715212442,-0.0011630535598444736
CLAIM_BASELINE_3SIGMA_CONVERSION,70,N,BIT3,4,4.0222658786249363,0.0055664696562340854
CLAIM_BASELINE_3SIGMA_CONVERSION,70,N,BIT2,2,1.988141875065359,-0.0059290624673205006
CLAIM_BASELINE_3SIGMA_CONVERSION,70,N,BIT1,1,1.0136592219502032,0.013659221950203193
CLAIM_BASELINE_3SIGMA_CONVERSION,70,N,DUMMY,1,0.99976913812630608,-0.00023086187369392164
CLAIM_BASELINE_3SIGMA_CONVERSION,71,P,BIT7,64,64.035701361388433,0.00055783377169427162
CLAIM_BASELINE_3SIGMA_CONVERSION,71,P,BIT6,32,31.946122128009257,-0.0016836834997107086
CLAIM_BASELINE_3SIGMA_CONVERSION,71,P,BIT5,16,16.008007164849591,0.00050044780309943526
CLAIM_BASELINE_3SIGMA_CONVERSION,71,P,BIT4,8,8.0073750371588837,0.00092187964486045715
CLAIM_BASELINE_3SIGMA_CONVERSION,71,P,BIT3,4,3.9971235945010251,-0.00071910137474373581
CLAIM_BASELINE_3SIGMA_CONVERSION,71,P,BIT2,2,2.008216457940899,0.0041082289704494901
CLAIM_BASELINE_3SIGMA_CONVERSION,71,P,BIT1,1,0.99449507482593846,-0.0055049251740615368
CLAIM_BASELINE_3SIGMA_CONVERSION,71,P,DUMMY,1,0.99956163490652616,-0.0004383650934738359
CLAIM_BASELINE_3SIGMA_CONVERSION,71,N,BIT7,64,63.945691878725185,-0.0008485643949189825
CLAIM_BASELINE_3SIGMA_CONVERSION,71,N,BIT6,32,32.01691566166982,0.00052861442718188378
CLAIM_BASELINE_3SIGMA_CONVERSION,71,N,BIT5,16,15.999352393045189,-4.0475434675668609e-05
CLAIM_BASELINE_3SIGMA_CONVERSION,71,N,BIT4,8,7.996639725545899,-0.00042003430676262887
CLAIM_BASELINE_3SIGMA_CONVERSION,71,N,BIT3,4,4.0002232665083044,5.5816627076099579e-05
CLAIM_BASELINE_3SIGMA_CONVERSION,71,N,BIT2,2,1.9912827661346382,-0.0043586169326809143
CLAIM_BASELINE_3SIGMA_CONVERSION,71,N,BIT1,1,0.99561807164169236,-0.0043819283583076407
CLAIM_BASELINE_3SIGMA_CONVERSION,71,N,DUMMY,1,0.99096929797064159,-0.0090307020293584062
CLAIM_BASELINE_3SIGMA_CONVERSION,72,P,BIT7,64,64.08400697616193,0.0013126090025301629
CLAIM_BASELINE_3SIGMA_CONVERSION,72,P,BIT6,32,31.981498918104222,-0.00057815880924305674
CLAIM_BASELINE_3SIGMA_CONVERSION,72,P,BIT5,16,15.989971704580872,-0.00062676846369547068
CLAIM_BASELINE_3SIGMA_CONVERSION,72,P,BIT4,8,7.971336406592048,-0.0035829491759939991
CLAIM_BASELINE_3SIGMA_CONVERSION,72,P,BIT3,4,3.994739800241315,-0.0013150499396712423
CLAIM_BASELINE_3SIGMA_CONVERSION,72,P,BIT2,2,2.0045615920111537,0.0022807960055768461
CLAIM_BASELINE_3SIGMA_CONVERSION,72,P,BIT1,1,1.0048792190998259,0.0048792190998259155
CLAIM_BASELINE_3SIGMA_CONVERSION,72,P,DUMMY,1,0.99137209098629486,-0.0086279090137051373
CLAIM_BASELINE_3SIGMA_CONVERSION,72,N,BIT7,64,64.010236849919437,0.00015995077999120255
CLAIM_BASELINE_3SIGMA_CONVERSION,72,N,BIT6,32,31.952452081714419,-0.0014858724464243966
CLAIM_BASELINE_3SIGMA_CONVERSION,72,N,BIT5,16,16.024716047334259,0.0015447529583911823
CLAIM_BASELINE_3SIGMA_CONVERSION,72,N,BIT4,8,8.0139034913771372,0.0017379364221421501
CLAIM_BASELINE_3SIGMA_CONVERSION,72,N,BIT3,4,4.0087304434249189,0.0021826108562297275
CLAIM_BASELINE_3SIGMA_CONVERSION,72,N,BIT2,2,1.9931314705766034,-0.0034342647116982761
CLAIM_BASELINE_3SIGMA_CONVERSION,72,N,BIT1,1,1.0067920227034668,0.0067920227034667935
CLAIM_BASELINE_3SIGMA_CONVERSION,72,N,DUMMY,1,0.98867546499523762,-0.011324535004762382
CLAIM_BASELINE_3SIGMA_CONVERSION,73,P,BIT7,64,63.94292115092923,-0.00089185701673077933
CLAIM_BASELINE_3SIGMA_CONVERSION,73,P,BIT6,32,32.103502720524475,0.0032344600163898285
CLAIM_BASELINE_3SIGMA_CONVERSION,73,P,BIT5,16,15.97538251770705,-0.0015385926433093555
CLAIM_BASELINE_3SIGMA_CONVERSION,73,P,BIT4,8,8.0325649390026541,0.0040706173753317643
CLAIM_BASELINE_3SIGMA_CONVERSION,73,P,BIT3,4,3.994524208708274,-0.00136894782293151
CLAIM_BASELINE_3SIGMA_CONVERSION,73,P,BIT2,2,2.0139800768571234,0.0069900384285617179
CLAIM_BASELINE_3SIGMA_CONVERSION,73,P,BIT1,1,0.99680224176325272,-0.0031977582367472834
CLAIM_BASELINE_3SIGMA_CONVERSION,73,P,DUMMY,1,1.0094938203850159,0.0094938203850158942
CLAIM_BASELINE_3SIGMA_CONVERSION,73,N,BIT7,64,64.000352168801101,5.5026375171962627e-06
CLAIM_BASELINE_3SIGMA_CONVERSION,73,N,BIT6,32,31.971724968019906,-0.00088359474937793614
CLAIM_BASELINE_3SIGMA_CONVERSION,73,N,BIT5,16,15.95331767900996,-0.0029176450618775274
CLAIM_BASELINE_3SIGMA_CONVERSION,73,N,BIT4,8,8.0313538510184017,0.0039192313773002141
CLAIM_BASELINE_3SIGMA_CONVERSION,73,N,BIT3,4,4.0010463897229531,0.00026159743073828068
CLAIM_BASELINE_3SIGMA_CONVERSION,73,N,BIT2,2,1.9771764439952526,-0.011411778002373696
CLAIM_BASELINE_3SIGMA_CONVERSION,73,N,BIT1,1,1.0121225064443926,0.012122506444392611
CLAIM_BASELINE_3SIGMA_CONVERSION,73,N,DUMMY,1,1.0040893037681715,0.004089303768171515
CLAIM_BASELINE_3SIGMA_CONVERSION,74,P,BIT7,64,64.033125582437833,0.0005175872255911429
CLAIM_BASELINE_3SIGMA_CONVERSION,74,P,BIT6,32,31.99410146154603,-0.00018432932668654978
CLAIM_BASELINE_3SIGMA_CONVERSION,74,P,BIT5,16,16.027838392141216,0.0017398995088260261
CLAIM_BASELINE_3SIGMA_CONVERSION,74,P,BIT4,8,8.0477735174425806,0.0059716896803225783
CLAIM_BASELINE_3SIGMA_CONVERSION,74,P,BIT3,4,4.0077451333581955,0.0019362833395488721
CLAIM_BASELINE_3SIGMA_CONVERSION,74,P,BIT2,2,2.0000414647990845,2.0732399542255919e-05
CLAIM_BASELINE_3SIGMA_CONVERSION,74,P,BIT1,1,1.0017509195743892,0.0017509195743892203
CLAIM_BASELINE_3SIGMA_CONVERSION,74,P,DUMMY,1,1.0136866646596603,0.013686664659660286
CLAIM_BASELINE_3SIGMA_CONVERSION,74,N,BIT7,64,63.920330373546861,-0.0012448379133302989
CLAIM_BASELINE_3SIGMA_CONVERSION,74,N,BIT6,32,32.035697063828124,0.0011155332446288746
CLAIM_BASELINE_3SIGMA_CONVERSION,74,N,BIT5,16,16.018531209590954,0.0011582005994346112
CLAIM_BASELINE_3SIGMA_CONVERSION,74,N,BIT4,8,7.9939806858272942,-0.00075241427158823093
CLAIM_BASELINE_3SIGMA_CONVERSION,74,N,BIT3,4,4.0215289852596836,0.0053822463149209021
CLAIM_BASELINE_3SIGMA_CONVERSION,74,N,BIT2,2,2.0025734052612933,0.0012867026306466745
CLAIM_BASELINE_3SIGMA_CONVERSION,74,N,BIT1,1,1.0111506360558358,0.011150636055835772
CLAIM_BASELINE_3SIGMA_CONVERSION,74,N,DUMMY,1,0.99346749877720864,-0.0065325012227913648
CLAIM_BASELINE_3SIGMA_CONVERSION,75,P,BIT7,64,64.000079566595133,1.2432280489527159e-06
CLAIM_BASELINE_3SIGMA_CONVERSION,75,P,BIT6,32,31.962700372711019,-0.0011656133527806478
CLAIM_BASELINE_3SIGMA_CONVERSION,75,P,BIT5,16,15.984111579345509,-0.00099302629090569638
CLAIM_BASELINE_3SIGMA_CONVERSION,75,P,BIT4,8,8.0197754638054874,0.002471932975685931
CLAIM_BASELINE_3SIGMA_CONVERSION,75,P,BIT3,4,4.002716302161458,0.00067907554036450435
CLAIM_BASELINE_3SIGMA_CONVERSION,75,P,BIT2,2,1.9965169244140293,-0.0017415377929853593
CLAIM_BASELINE_3SIGMA_CONVERSION,75,P,BIT1,1,0.99398954394517758,-0.0060104560548224217
CLAIM_BASELINE_3SIGMA_CONVERSION,75,P,DUMMY,1,1.0064172169819263,0.0064172169819263214
CLAIM_BASELINE_3SIGMA_CONVERSION,75,N,BIT7,64,64.004196205244128,6.5565706939496593e-05
CLAIM_BASELINE_3SIGMA_CONVERSION,75,N,BIT6,32,31.990781923726587,-0.00028806488354415904
CLAIM_BASELINE_3SIGMA_CONVERSION,75,N,BIT5,16,16.008842828079111,0.00055267675494441448
CLAIM_BASELINE_3SIGMA_CONVERSION,75,N,BIT4,8,7.9997111309609945,-3.6108629875686304e-05
CLAIM_BASELINE_3SIGMA_CONVERSION,75,N,BIT3,4,3.9987894068859604,-0.00030264827850989828
CLAIM_BASELINE_3SIGMA_CONVERSION,75,N,BIT2,2,1.9955429689584587,-0.0022285155207706353
CLAIM_BASELINE_3SIGMA_CONVERSION,75,N,BIT1,1,0.98494033120439417,-0.015059668795605829
CLAIM_BASELINE_3SIGMA_CONVERSION,75,N,DUMMY,1,0.99797565103346619,-0.0020243489665338066
CLAIM_BASELINE_3SIGMA_CONVERSION,76,P,BIT7,64,64.02822909759783,0.00044107964996609184
CLAIM_BASELINE_3SIGMA_CONVERSION,76,P,BIT6,32,32.116011229533903,0.0036253509229344782
CLAIM_BASELINE_3SIGMA_CONVERSION,76,P,BIT5,16,15.974586139859134,-0.001588366258804097
CLAIM_BASELINE_3SIGMA_CONVERSION,76,P,BIT4,8,8.035134387409741,0.0043917984262176191
CLAIM_BASELINE_3SIGMA_CONVERSION,76,P,BIT3,4,4.0050803193940556,0.0012700798485139053
CLAIM_BASELINE_3SIGMA_CONVERSION,76,P,BIT2,2,2.0089259651909401,0.0044629825954700664
CLAIM_BASELINE_3SIGMA_CONVERSION,76,P,BIT1,1,1.0014604395716507,0.0014604395716506513
CLAIM_BASELINE_3SIGMA_CONVERSION,76,P,DUMMY,1,0.99528642962822045,-0.0047135703717795518
CLAIM_BASELINE_3SIGMA_CONVERSION,76,N,BIT7,64,63.983044163746492,-0.00026493494146107022
CLAIM_BASELINE_3SIGMA_CONVERSION,76,N,BIT6,32,31.993908132628547,-0.00019037085535789089
CLAIM_BASELINE_3SIGMA_CONVERSION,76,N,BIT5,16,16.006619345188369,0.00041370907427307202
CLAIM_BASELINE_3SIGMA_CONVERSION,76,N,BIT4,8,7.9858558735011744,-0.0017680158123531964
CLAIM_BASELINE_3SIGMA_CONVERSION,76,N,BIT3,4,3.98654807543284,-0.0033629811417900113
CLAIM_BASELINE_3SIGMA_CONVERSION,76,N,BIT2,2,2.0036249209715065,0.0018124604857532312
CLAIM_BASELINE_3SIGMA_CONVERSION,76,N,BIT1,1,0.9954401086825686,-0.0045598913174313971
CLAIM_BASELINE_3SIGMA_CONVERSION,76,N,DUMMY,1,0.99248316055008634,-0.0075168394499136593
CLAIM_BASELINE_3SIGMA_CONVERSION,77,P,BIT7,64,63.967342261723992,-0.00051027716056262218
CLAIM_BASELINE_3SIGMA_CONVERSION,77,P,BIT6,32,31.960771822445857,-0.0012258805485669821
CLAIM_BASELINE_3SIGMA_CONVERSION,77,P,BIT5,16,15.961672575401195,-0.0023954640374252989
CLAIM_BASELINE_3SIGMA_CONVERSION,77,P,BIT4,8,8.0039764504908142,0.00049705631135177342
CLAIM_BASELINE_3SIGMA_CONVERSION,77,P,BIT3,4,3.9922756980743905,-0.0019310754814023667
CLAIM_BASELINE_3SIGMA_CONVERSION,77,P,BIT2,2,1.9929735218024842,-0.0035132390987578921
CLAIM_BASELINE_3SIGMA_CONVERSION,77,P,BIT1,1,0.9906652838086335,-0.0093347161913664989
CLAIM_BASELINE_3SIGMA_CONVERSION,77,P,DUMMY,1,0.99825786305753217,-0.0017421369424678312
CLAIM_BASELINE_3SIGMA_CONVERSION,77,N,BIT7,64,63.958391464205533,-0.00065013337178854158
CLAIM_BASELINE_3SIGMA_CONVERSION,77,N,BIT6,32,32.046799848336462,0.0014624952605144514
CLAIM_BASELINE_3SIGMA_CONVERSION,77,N,BIT5,16,16.023230382156544,0.0014518988847840308
CLAIM_BASELINE_3SIGMA_CONVERSION,77,N,BIT4,8,7.962033025215332,-0.0047458718480835049
CLAIM_BASELINE_3SIGMA_CONVERSION,77,N,BIT3,4,4.0010339509310802,0.00025848773277004078
CLAIM_BASELINE_3SIGMA_CONVERSION,77,N,BIT2,2,2.0126329026223155,0.0063164513111577669
CLAIM_BASELINE_3SIGMA_CONVERSION,77,N,BIT1,1,1.0015380695908875,0.0015380695908875364
CLAIM_BASELINE_3SIGMA_CONVERSION,77,N,DUMMY,1,0.98068987689034592,-0.019310123109654076
CLAIM_BASELINE_3SIGMA_CONVERSION,78,P,BIT7,64,64.070328215634902,0.0010988783692953419
CLAIM_BASELINE_3SIGMA_CONVERSION,78,P,BIT6,32,32.017797955271448,0.00055618610223273635
CLAIM_BASELINE_3SIGMA_CONVERSION,78,P,BIT5,16,16.001046752038608,6.5422002412995894e-05
CLAIM_BASELINE_3SIGMA_CONVERSION,78,P,BIT4,8,7.9842133342870136,-0.0019733332141232962
CLAIM_BASELINE_3SIGMA_CONVERSION,78,P,BIT3,4,3.9962168321203784,-0.00094579196990540737
CLAIM_BASELINE_3SIGMA_CONVERSION,78,P,BIT2,2,2.0063263939269502,0.0031631969634751123
CLAIM_BASELINE_3SIGMA_CONVERSION,78,P,BIT1,1,0.99955703327219736,-0.00044296672780264057
CLAIM_BASELINE_3SIGMA_CONVERSION,78,P,DUMMY,1,0.99929531451734521,-0.0007046854826547877
CLAIM_BASELINE_3SIGMA_CONVERSION,78,N,BIT7,64,64.051114280305569,0.00079866062977451691
CLAIM_BASELINE_3SIGMA_CONVERSION,78,N,BIT6,32,32.044522670486089,0.0013913334526902688
CLAIM_BASELINE_3SIGMA_CONVERSION,78,N,BIT5,16,15.990592484390135,-0.00058796972561658833
CLAIM_BASELINE_3SIGMA_CONVERSION,78,N,BIT4,8,8.0385354606129411,0.0048169325766176385
CLAIM_BASELINE_3SIGMA_CONVERSION,78,N,BIT3,4,4.0094824926762875,0.0023706231690718838
CLAIM_BASELINE_3SIGMA_CONVERSION,78,N,BIT2,2,1.9968152559926389,-0.0015923720036805644
CLAIM_BASELINE_3SIGMA_CONVERSION,78,N,BIT1,1,0.997652577773533,-0.0023474222264669997
CLAIM_BASELINE_3SIGMA_CONVERSION,78,N,DUMMY,1,0.99868863261114771,-0.0013113673888522914
CLAIM_BASELINE_3SIGMA_CONVERSION,79,P,BIT7,64,63.967554223266831,-0.00050696526145577181
CLAIM_BASELINE_3SIGMA_CONVERSION,79,P,BIT6,32,31.998775088895208,-3.8278472024755317e-05
CLAIM_BASELINE_3SIGMA_CONVERSION,79,P,BIT5,16,15.99736309417931,-0.00016480661379314476
CLAIM_BASELINE_3SIGMA_CONVERSION,79,P,BIT4,8,8.0069636399909676,0.0008704549988709509
CLAIM_BASELINE_3SIGMA_CONVERSION,79,P,BIT3,4,4.0093760892458796,0.0023440223114699066
CLAIM_BASELINE_3SIGMA_CONVERSION,79,P,BIT2,2,1.9989752049207292,-0.0005123975396353897
CLAIM_BASELINE_3SIGMA_CONVERSION,79,P,BIT1,1,0.99449068747050184,-0.005509312529498156
CLAIM_BASELINE_3SIGMA_CONVERSION,79,P,DUMMY,1,1.0006902170388603,0.00069021703886029684
CLAIM_BASELINE_3SIGMA_CONVERSION,79,N,BIT7,64,63.964114020642732,-0.00056071842745730738
CLAIM_BASELINE_3SIGMA_CONVERSION,79,N,BIT6,32,32.008072734520937,0.00025227295377927561
CLAIM_BASELINE_3SIGMA_CONVERSION,79,N,BIT5,16,16.019969952788205,0.0012481220492628342
CLAIM_BASELINE_3SIGMA_CONVERSION,79,N,BIT4,8,8.0130292203478444,0.0016286525434805466
CLAIM_BASELINE_3SIGMA_CONVERSION,79,N,BIT3,4,4.0001372988608495,3.4324715212363799e-05
CLAIM_BASELINE_3SIGMA_CONVERSION,79,N,BIT2,2,2.0036671627958773,0.001833581397938655
CLAIM_BASELINE_3SIGMA_CONVERSION,79,N,BIT1,1,1.0169957513690051,0.016995751369005108
CLAIM_BASELINE_3SIGMA_CONVERSION,79,N,DUMMY,1,1.0057431134890753,0.0057431134890753022
CLAIM_BASELINE_3SIGMA_CONVERSION,80,P,BIT7,64,63.915048839451806,-0.0013273618835655254
CLAIM_BASELINE_3SIGMA_CONVERSION,80,P,BIT6,32,31.963804363261357,-0.0011311136480826045
CLAIM_BASELINE_3SIGMA_CONVERSION,80,P,BIT5,16,16.022541171241663,0.0014088232026039371
CLAIM_BASELINE_3SIGMA_CONVERSION,80,P,BIT4,8,8.0075734497607343,0.0009466812200917829
CLAIM_BASELINE_3SIGMA_CONVERSION,80,P,BIT3,4,3.9760011516252036,-0.0059997120936990944
CLAIM_BASELINE_3SIGMA_CONVERSION,80,P,BIT2,2,2.0045772113329088,0.0022886056664543908
CLAIM_BASELINE_3SIGMA_CONVERSION,80,P,BIT1,1,0.99945403447880354,-0.00054596552119645647
CLAIM_BASELINE_3SIGMA_CONVERSION,80,P,DUMMY,1,1.0039220333102439,0.0039220333102438776
CLAIM_BASELINE_3SIGMA_CONVERSION,80,N,BIT7,64,63.954208492996997,-0.00071549229692191574
CLAIM_BASELINE_3SIGMA_CONVERSION,80,N,BIT6,32,32.116227651854764,0.0036321141204613827
CLAIM_BASELINE_3SIGMA_CONVERSION,80,N,BIT5,16,16.023352355606459,0.0014595222254036866
CLAIM_BASELINE_3SIGMA_CONVERSION,80,N,BIT4,8,8.01760540744813,0.0022006759310162494
CLAIM_BASELINE_3SIGMA_CONVERSION,80,N,BIT3,4,3.9913634026077331,-0.0021591493480667134
CLAIM_BASELINE_3SIGMA_CONVERSION,80,N,BIT2,2,2.0066635162483242,0.0033317581241620875
CLAIM_BASELINE_3SIGMA_CONVERSION,80,N,BIT1,1,0.99968104650345468,-0.00031895349654531557
CLAIM_BASELINE_3SIGMA_CONVERSION,80,N,DUMMY,1,1.0054520218968275,0.0054520218968274747
CLAIM_BASELINE_3SIGMA_CONVERSION,81,P,BIT7,64,63.995682336620334,-6.7463490307284601e-05
CLAIM_BASELINE_3SIGMA_CONVERSION,81,P,BIT6,32,32.062022408810847,0.0019382002753389749
CLAIM_BASELINE_3SIGMA_CONVERSION,81,P,BIT5,16,16.015514600687958,0.00096966254299735155
CLAIM_BASELINE_3SIGMA_CONVERSION,81,P,BIT4,8,7.9826877327408976,-0.0021640334073877998
CLAIM_BASELINE_3SIGMA_CONVERSION,81,P,BIT3,4,4.0014682877615968,0.00036707194039919955
CLAIM_BASELINE_3SIGMA_CONVERSION,81,P,BIT2,2,1.9972507800732981,-0.0013746099633509257
CLAIM_BASELINE_3SIGMA_CONVERSION,81,P,BIT1,1,0.99353146229496714,-0.0064685377050328619
CLAIM_BASELINE_3SIGMA_CONVERSION,81,P,DUMMY,1,1.0074637616807447,0.007463761680744696
CLAIM_BASELINE_3SIGMA_CONVERSION,81,N,BIT7,64,63.801458876367363,-0.0031022050567599546
CLAIM_BASELINE_3SIGMA_CONVERSION,81,N,BIT6,32,31.95218615873949,-0.0014941825393909314
CLAIM_BASELINE_3SIGMA_CONVERSION,81,N,BIT5,16,15.973853609613563,-0.001634149399152296
CLAIM_BASELINE_3SIGMA_CONVERSION,81,N,BIT4,8,8.0043808517690174,0.00054760647112717109
CLAIM_BASELINE_3SIGMA_CONVERSION,81,N,BIT3,4,4.0110838152342563,0.0027709538085640695
CLAIM_BASELINE_3SIGMA_CONVERSION,81,N,BIT2,2,2.0217785230263972,0.010889261513198578
CLAIM_BASELINE_3SIGMA_CONVERSION,81,N,BIT1,1,0.99521308701139299,-0.0047869129886070061
CLAIM_BASELINE_3SIGMA_CONVERSION,81,N,DUMMY,1,1.0120454141372954,0.012045414137295429
CLAIM_BASELINE_3SIGMA_CONVERSION,82,P,BIT7,64,63.914346762726524,-0.0013383318323980653
CLAIM_BASELINE_3SIGMA_CONVERSION,82,P,BIT6,32,31.987863696027123,-0.00037925949915240675
CLAIM_BASELINE_3SIGMA_CONVERSION,82,P,BIT5,16,15.971213972372055,-0.0017991267267465361
CLAIM_BASELINE_3SIGMA_CONVERSION,82,P,BIT4,8,7.9826251330138351,-0.0021718583732706076
CLAIM_BASELINE_3SIGMA_CONVERSION,82,P,BIT3,4,4.0035282274515467,0.00088205686288667096
CLAIM_BASELINE_3SIGMA_CONVERSION,82,P,BIT2,2,2.0147019922478009,0.007350996123900444
CLAIM_BASELINE_3SIGMA_CONVERSION,82,P,BIT1,1,1.0075925907065235,0.0075925907065235165
CLAIM_BASELINE_3SIGMA_CONVERSION,82,P,DUMMY,1,1.0043122493724714,0.0043122493724714328
CLAIM_BASELINE_3SIGMA_CONVERSION,82,N,BIT7,64,63.892841549477026,-0.0016743507894214638
CLAIM_BASELINE_3SIGMA_CONVERSION,82,N,BIT6,32,32.070970845419041,0.0022178389193450165
CLAIM_BASELINE_3SIGMA_CONVERSION,82,N,BIT5,16,16.000770596224761,4.8162264047579839e-05
CLAIM_BASELINE_3SIGMA_CONVERSION,82,N,BIT4,8,8.0227868960603068,0.002848362007538352
CLAIM_BASELINE_3SIGMA_CONVERSION,82,N,BIT3,4,3.9986439426967113,-0.00033901432582217339
CLAIM_BASELINE_3SIGMA_CONVERSION,82,N,BIT2,2,1.9968123463827192,-0.0015938268086403973
CLAIM_BASELINE_3SIGMA_CONVERSION,82,N,BIT1,1,0.99470922339841106,-0.0052907766015889424
CLAIM_BASELINE_3SIGMA_CONVERSION,82,N,DUMMY,1,0.9944294417665468,-0.0055705582334532044
CLAIM_BASELINE_3SIGMA_CONVERSION,83,P,BIT7,64,63.954532635449709,-0.00071042757109829324
CLAIM_BASELINE_3SIGMA_CONVERSION,83,P,BIT6,32,32.021468827345451,0.0006709008545453532
CLAIM_BASELINE_3SIGMA_CONVERSION,83,P,BIT5,16,15.945405620720209,-0.0034121487049869614
CLAIM_BASELINE_3SIGMA_CONVERSION,83,P,BIT4,8,8.0071790855984943,0.00089738569981179239
CLAIM_BASELINE_3SIGMA_CONVERSION,83,P,BIT3,4,3.9972759970961906,-0.00068100072595234096
CLAIM_BASELINE_3SIGMA_CONVERSION,83,P,BIT2,2,2.0011176568239017,0.00055882841195087352
CLAIM_BASELINE_3SIGMA_CONVERSION,83,P,BIT1,1,0.99351582928666093,-0.0064841707133390658
CLAIM_BASELINE_3SIGMA_CONVERSION,83,P,DUMMY,1,0.99966965464256752,-0.00033034535743248217
CLAIM_BASELINE_3SIGMA_CONVERSION,83,N,BIT7,64,63.973102013265631,-0.00042028104272451294
CLAIM_BASELINE_3SIGMA_CONVERSION,83,N,BIT6,32,32.082123535518569,0.0025663604849552879
CLAIM_BASELINE_3SIGMA_CONVERSION,83,N,BIT5,16,16.046558982194401,0.0029099363871500916
CLAIM_BASELINE_3SIGMA_CONVERSION,83,N,BIT4,8,8.0244059205732565,0.0030507400716570654
CLAIM_BASELINE_3SIGMA_CONVERSION,83,N,BIT3,4,3.9811723682432847,-0.0047069079391788282
CLAIM_BASELINE_3SIGMA_CONVERSION,83,N,BIT2,2,2.0042382757661072,0.0021191378830536234
CLAIM_BASELINE_3SIGMA_CONVERSION,83,N,BIT1,1,1.0139521054988203,0.013952105498820311
CLAIM_BASELINE_3SIGMA_CONVERSION,83,N,DUMMY,1,1.004367543465992,0.0043675434659919965
CLAIM_BASELINE_3SIGMA_CONVERSION,84,P,BIT7,64,64.00774088250455,0.00012095128913358622
CLAIM_BASELINE_3SIGMA_CONVERSION,84,P,BIT6,32,32.034635892084822,0.0010823716276506801
CLAIM_BASELINE_3SIGMA_CONVERSION,84,P,BIT5,16,15.941335924546756,-0.0036665047158277453
CLAIM_BASELINE_3SIGMA_CONVERSION,84,P,BIT4,8,7.9916050182816019,-0.0010493727147997678
CLAIM_BASELINE_3SIGMA_CONVERSION,84,P,BIT3,4,3.9907369481312625,-0.0023157629671843871
CLAIM_BASELINE_3SIGMA_CONVERSION,84,P,BIT2,2,2.0181791153286213,0.0090895576643106324
CLAIM_BASELINE_3SIGMA_CONVERSION,84,P,BIT1,1,1.0131931786439632,0.013193178643963188
CLAIM_BASELINE_3SIGMA_CONVERSION,84,P,DUMMY,1,0.99059937832446954,-0.0094006216755304628
CLAIM_BASELINE_3SIGMA_CONVERSION,84,N,BIT7,64,63.848938244570363,-0.0023603399285880844
CLAIM_BASELINE_3SIGMA_CONVERSION,84,N,BIT6,32,31.929229745972854,-0.0022115704383482981
CLAIM_BASELINE_3SIGMA_CONVERSION,84,N,BIT5,16,15.996434869214301,-0.00022282067410617223
CLAIM_BASELINE_3SIGMA_CONVERSION,84,N,BIT4,8,8.0388416303910724,0.0048552037988840446
CLAIM_BASELINE_3SIGMA_CONVERSION,84,N,BIT3,4,3.9849826610045112,-0.0037543347488722123
CLAIM_BASELINE_3SIGMA_CONVERSION,84,N,BIT2,2,1.9908792423079738,-0.0045603788460131245
CLAIM_BASELINE_3SIGMA_CONVERSION,84,N,BIT1,1,1.0019511280248194,0.0019511280248194485
CLAIM_BASELINE_3SIGMA_CONVERSION,84,N,DUMMY,1,1.0006162226642721,0.00061622266427208139
CLAIM_BASELINE_3SIGMA_CONVERSION,85,P,BIT7,64,64.095454010655658,0.0014914689164946537
CLAIM_BASELINE_3SIGMA_CONVERSION,85,P,BIT6,32,31.940288937887505,-0.0018659706910154616
CLAIM_BASELINE_3SIGMA_CONVERSION,85,P,BIT5,16,15.954000526878922,-0.0028749670700674024
CLAIM_BASELINE_3SIGMA_CONVERSION,85,P,BIT4,8,8.0004925254496282,6.1565681203523681e-05
CLAIM_BASELINE_3SIGMA_CONVERSION,85,P,BIT3,4,3.9648063994445484,-0.0087984001388629052
CLAIM_BASELINE_3SIGMA_CONVERSION,85,P,BIT2,2,1.9870908308900228,-0.0064545845549885961
CLAIM_BASELINE_3SIGMA_CONVERSION,85,P,BIT1,1,0.99909727312467822,-0.00090272687532177986
CLAIM_BASELINE_3SIGMA_CONVERSION,85,P,DUMMY,1,1.0011865042239558,0.001186504223955831
CLAIM_BASELINE_3SIGMA_CONVERSION,85,N,BIT7,64,64.012600441105747,0.00019688189227728969
CLAIM_BASELINE_3SIGMA_CONVERSION,85,N,BIT6,32,32.036556523369718,0.0011423913553036957
CLAIM_BASELINE_3SIGMA_CONVERSION,85,N,BIT5,16,15.961375418622595,-0.0024140363360878325
CLAIM_BASELINE_3SIGMA_CONVERSION,85,N,BIT4,8,8.0127516594725137,0.0015939574340642082
CLAIM_BASELINE_3SIGMA_CONVERSION,85,N,BIT3,4,3.9994645552646064,-0.00013386118384839385
CLAIM_BASELINE_3SIGMA_CONVERSION,85,N,BIT2,2,2.0164211250427231,0.0082105625213615419
CLAIM_BASELINE_3SIGMA_CONVERSION,85,N,BIT1,1,1.0044077920520869,0.0044077920520868563
CLAIM_BASELINE_3SIGMA_CONVERSION,85,N,DUMMY,1,1.0102880554346894,0.010288055434689358
CLAIM_BASELINE_3SIGMA_CONVERSION,86,P,BIT7,64,64.058381810797272,0.0009122157937073716
CLAIM_BASELINE_3SIGMA_CONVERSION,86,P,BIT6,32,32.001072327442721,3.3510232585021171e-05
CLAIM_BASELINE_3SIGMA_CONVERSION,86,P,BIT5,16,16.039350852482269,0.0024594282801417844
CLAIM_BASELINE_3SIGMA_CONVERSION,86,P,BIT4,8,8.0098652646671979,0.0012331580833997435
CLAIM_BASELINE_3SIGMA_CONVERSION,86,P,BIT3,4,4.0321078467353093,0.0080269616838273272
CLAIM_BASELINE_3SIGMA_CONVERSION,86,P,BIT2,2,2.0135667346566279,0.0067833673283139717
CLAIM_BASELINE_3SIGMA_CONVERSION,86,P,BIT1,1,1.0151723318908656,0.015172331890865642
CLAIM_BASELINE_3SIGMA_CONVERSION,86,P,DUMMY,1,0.98926227360775543,-0.010737726392244573
CLAIM_BASELINE_3SIGMA_CONVERSION,86,N,BIT7,64,63.905523272491401,-0.0014761988673218651
CLAIM_BASELINE_3SIGMA_CONVERSION,86,N,BIT6,32,31.992629123447603,-0.00023033989226239893
CLAIM_BASELINE_3SIGMA_CONVERSION,86,N,BIT5,16,16.01384612501182,0.00086538281323877975
CLAIM_BASELINE_3SIGMA_CONVERSION,86,N,BIT4,8,8.0269444113242656,0.003368051415533202
CLAIM_BASELINE_3SIGMA_CONVERSION,86,N,BIT3,4,4.0111993950498261,0.002799848762456536
CLAIM_BASELINE_3SIGMA_CONVERSION,86,N,BIT2,2,1.9937515270719395,-0.0031242364640302611
CLAIM_BASELINE_3SIGMA_CONVERSION,86,N,BIT1,1,0.99678912508189454,-0.0032108749181054552
CLAIM_BASELINE_3SIGMA_CONVERSION,86,N,DUMMY,1,0.99062819671335056,-0.0093718032866494383
CLAIM_BASELINE_3SIGMA_CONVERSION,87,P,BIT7,64,63.975273413935739,-0.00038635290725408389
CLAIM_BASELINE_3SIGMA_CONVERSION,87,P,BIT6,32,32.048715651735499,0.0015223641167343427
CLAIM_BASELINE_3SIGMA_CONVERSION,87,P,BIT5,16,15.997631864092384,-0.00014800849422602624
CLAIM_BASELINE_3SIGMA_CONVERSION,87,P,BIT4,8,8.0319894964095351,0.0039986870511918848
CLAIM_BASELINE_3SIGMA_CONVERSION,87,P,BIT3,4,3.9863647754278624,-0.0034088061430344041
CLAIM_BASELINE_3SIGMA_CONVERSION,87,P,BIT2,2,2.0174123608848893,0.0087061804424446443
CLAIM_BASELINE_3SIGMA_CONVERSION,87,P,BIT1,1,0.99326779810193666,-0.0067322018980633391
CLAIM_BASELINE_3SIGMA_CONVERSION,87,P,DUMMY,1,0.99469454315664463,-0.0053054568433553717
CLAIM_BASELINE_3SIGMA_CONVERSION,87,N,BIT7,64,64.083686421548322,0.0013076003366925271
CLAIM_BASELINE_3SIGMA_CONVERSION,87,N,BIT6,32,32.024628478387804,0.00076963994961887217
CLAIM_BASELINE_3SIGMA_CONVERSION,87,N,BIT5,16,16.001943689473407,0.00012148059208794137
CLAIM_BASELINE_3SIGMA_CONVERSION,87,N,BIT4,8,8.0266503000325358,0.0033312875040669709
CLAIM_BASELINE_3SIGMA_CONVERSION,87,N,BIT3,4,3.9898253824008716,-0.0025436543997821026
CLAIM_BASELINE_3SIGMA_CONVERSION,87,N,BIT2,2,1.9779213039628354,-0.011039348018582307
CLAIM_BASELINE_3SIGMA_CONVERSION,87,N,BIT1,1,0.99123285813540807,-0.0087671418645919319
CLAIM_BASELINE_3SIGMA_CONVERSION,87,N,DUMMY,1,0.99928531158516543,-0.00071468841483457446
CLAIM_BASELINE_3SIGMA_CONVERSION,88,P,BIT7,64,64.091332736548694,0.0014270740085733369
CLAIM_BASELINE_3SIGMA_CONVERSION,88,P,BIT6,32,32.021632254717048,0.00067600795990774287
CLAIM_BASELINE_3SIGMA_CONVERSION,88,P,BIT5,16,15.984908814552728,-0.00094319909045448291
CLAIM_BASELINE_3SIGMA_CONVERSION,88,P,BIT4,8,7.9990776881998009,-0.00011528897502488533
CLAIM_BASELINE_3SIGMA_CONVERSION,88,P,BIT3,4,4.0059520130446273,0.0014880032611568339
CLAIM_BASELINE_3SIGMA_CONVERSION,88,P,BIT2,2,2.0023374591246559,0.0011687295623279415
CLAIM_BASELINE_3SIGMA_CONVERSION,88,P,BIT1,1,1.0074162238586781,0.0074162238586781282
CLAIM_BASELINE_3SIGMA_CONVERSION,88,P,DUMMY,1,1.0000377996922762,3.7799692276241359e-05
CLAIM_BASELINE_3SIGMA_CONVERSION,88,N,BIT7,64,64.095447950512494,0.0014913742267577135
CLAIM_BASELINE_3SIGMA_CONVERSION,88,N,BIT6,32,31.985996979994177,-0.00043759437518198219
CLAIM_BASELINE_3SIGMA_CONVERSION,88,N,BIT5,16,15.97594236510961,-0.0015036021806493771
CLAIM_BASELINE_3SIGMA_CONVERSION,88,N,BIT4,8,7.9965331332677057,-0.00043335834153679365
CLAIM_BASELINE_3SIGMA_CONVERSION,88,N,BIT3,4,3.9991014042872317,-0.00022464892819207272
CLAIM_BASELINE_3SIGMA_CONVERSION,88,N,BIT2,2,2.0071395069402338,0.0035697534701168987
CLAIM_BASELINE_3SIGMA_CONVERSION,88,N,BIT1,1,0.9884364425367228,-0.011563557463277196
CLAIM_BASELINE_3SIGMA_CONVERSION,88,N,DUMMY,1,0.99460066047454587,-0.0053993395254541277
CLAIM_BASELINE_3SIGMA_CONVERSION,89,P,BIT7,64,63.968108035104258,-0.00049831195149596663
CLAIM_BASELINE_3SIGMA_CONVERSION,89,P,BIT6,32,31.992747790968551,-0.00022663153223279053
CLAIM_BASELINE_3SIGMA_CONVERSION,89,P,BIT5,16,15.967984581175946,-0.0020009636765033756
CLAIM_BASELINE_3SIGMA_CONVERSION,89,P,BIT4,8,8.0338126756797124,0.0042265844599640445
CLAIM_BASELINE_3SIGMA_CONVERSION,89,P,BIT3,4,4.0169615792914071,0.0042403948228517674
CLAIM_BASELINE_3SIGMA_CONVERSION,89,P,BIT2,2,1.9878275177407474,-0.0060862411296263019
CLAIM_BASELINE_3SIGMA_CONVERSION,89,P,BIT1,1,0.99982516461197068,-0.0001748353880293152
CLAIM_BASELINE_3SIGMA_CONVERSION,89,P,DUMMY,1,0.99900082973119009,-0.00099917026880991244
CLAIM_BASELINE_3SIGMA_CONVERSION,89,N,BIT7,64,64.028463715560093,0.0004447455556264579
CLAIM_BASELINE_3SIGMA_CONVERSION,89,N,BIT6,32,32.046133876875885,0.0014416836523714061
CLAIM_BASELINE_3SIGMA_CONVERSION,89,N,BIT5,16,15.983729338263213,-0.0010169163585491692
CLAIM_BASELINE_3SIGMA_CONVERSION,89,N,BIT4,8,7.9701162823978144,-0.0037354647002731944
CLAIM_BASELINE_3SIGMA_CONVERSION,89,N,BIT3,4,4.0028129642706389,0.00070324106765973227
CLAIM_BASELINE_3SIGMA_CONVERSION,89,N,BIT2,2,2.0117888042922134,0.0058944021461067031
CLAIM_BASELINE_3SIGMA_CONVERSION,89,N,BIT1,1,0.99619971145546271,-0.0038002885445372891
CLAIM_BASELINE_3SIGMA_CONVERSION,89,N,DUMMY,1,0.99059899252640615,-0.0094010074735938476
CLAIM_BASELINE_3SIGMA_CONVERSION,90,P,BIT7,64,63.974111422098858,-0.00040450902970534663
CLAIM_BASELINE_3SIGMA_CONVERSION,90,P,BIT6,32,32.017560059707776,0.0005487518658680024
CLAIM_BASELINE_3SIGMA_CONVERSION,90,P,BIT5,16,15.979515700742992,-0.0012802687035630145
CLAIM_BASELINE_3SIGMA_CONVERSION,90,P,BIT4,8,7.9920243748657054,-0.00099695314178682715
CLAIM_BASELINE_3SIGMA_CONVERSION,90,P,BIT3,4,3.9964136980127014,-0.00089657549682464754
CLAIM_BASELINE_3SIGMA_CONVERSION,90,P,BIT2,2,1.9985541665253894,-0.00072291673730529027
CLAIM_BASELINE_3SIGMA_CONVERSION,90,P,BIT1,1,1.0014486984795081,0.0014486984795081259
CLAIM_BASELINE_3SIGMA_CONVERSION,90,P,DUMMY,1,0.99753425576450572,-0.0024657442354942827
CLAIM_BASELINE_3SIGMA_CONVERSION,90,N,BIT7,64,64.01042134490288,0.00016283351410750768
CLAIM_BASELINE_3SIGMA_CONVERSION,90,N,BIT6,32,31.947324583239674,-0.0016461067737602031
CLAIM_BASELINE_3SIGMA_CONVERSION,90,N,BIT5,16,15.991526434362427,-0.00052959785234829582
CLAIM_BASELINE_3SIGMA_CONVERSION,90,N,BIT4,8,7.9920317703413746,-0.00099602870732817816
CLAIM_BASELINE_3SIGMA_CONVERSION,90,N,BIT3,4,4.0133927824468651,0.003348195611716287
CLAIM_BASELINE_3SIGMA_CONVERSION,90,N,BIT2,2,2.0040335827665681,0.0020167913832840334
CLAIM_BASELINE_3SIGMA_CONVERSION,90,N,BIT1,1,1.0065042244557445,0.0065042244557445006
CLAIM_BASELINE_3SIGMA_CONVERSION,90,N,DUMMY,1,1.0105540251690601,0.010554025169060122
CLAIM_BASELINE_3SIGMA_CONVERSION,91,P,BIT7,64,63.935097820894541,-0.0010140965485228026
CLAIM_BASELINE_3SIGMA_CONVERSION,91,P,BIT6,32,31.947096679939339,-0.0016532287518956634
CLAIM_BASELINE_3SIGMA_CONVERSION,91,P,BIT5,16,16.026895453961373,0.0016809658725858156
CLAIM_BASELINE_3SIGMA_CONVERSION,91,P,BIT4,8,7.9983207699207757,-0.00020990375990304067
CLAIM_BASELINE_3SIGMA_CONVERSION,91,P,BIT3,4,3.9912414427444158,-0.0021896393138960413
CLAIM_BASELINE_3SIGMA_CONVERSION,91,P,BIT2,2,2.0042818623210605,0.0021409311605302683
CLAIM_BASELINE_3SIGMA_CONVERSION,91,P,BIT1,1,1.0036979130337393,0.0036979130337393418
CLAIM_BASELINE_3SIGMA_CONVERSION,91,P,DUMMY,1,1.0040209952675605,0.004020995267560501
CLAIM_BASELINE_3SIGMA_CONVERSION,91,N,BIT7,64,64.109800439372833,0.0017156318652005176
CLAIM_BASELINE_3SIGMA_CONVERSION,91,N,BIT6,32,31.977344107413519,-0.00070799664332754642
CLAIM_BASELINE_3SIGMA_CONVERSION,91,N,BIT5,16,16.001880595859259,0.00011753724120366904
CLAIM_BASELINE_3SIGMA_CONVERSION,91,N,BIT4,8,8.0049742868756901,0.00062178585946126574
CLAIM_BASELINE_3SIGMA_CONVERSION,91,N,BIT3,4,4.0183910885478946,0.0045977721369736546
CLAIM_BASELINE_3SIGMA_CONVERSION,91,N,BIT2,2,2.0096763227173406,0.0048381613586703232
CLAIM_BASELINE_3SIGMA_CONVERSION,91,N,BIT1,1,1.0023259407294116,0.002325940729411613
CLAIM_BASELINE_3SIGMA_CONVERSION,91,N,DUMMY,1,0.99987402566676287,-0.00012597433323713325
CLAIM_BASELINE_3SIGMA_CONVERSION,92,P,BIT7,64,63.937869244941794,-0.0009707930477844684
CLAIM_BASELINE_3SIGMA_CONVERSION,92,P,BIT6,32,32.025450558092665,0.00079532994039577254
CLAIM_BASELINE_3SIGMA_CONVERSION,92,P,BIT5,16,15.946937414805944,-0.003316411574628475
CLAIM_BASELINE_3SIGMA_CONVERSION,92,P,BIT4,8,7.9944361118328597,-0.00069548602089253286
CLAIM_BASELINE_3SIGMA_CONVERSION,92,P,BIT3,4,3.9947065069907399,-0.0013233732523150188
CLAIM_BASELINE_3SIGMA_CONVERSION,92,P,BIT2,2,1.9892995781844567,-0.0053502109077716575
CLAIM_BASELINE_3SIGMA_CONVERSION,92,P,BIT1,1,0.99155816222815751,-0.0084418377718424864
CLAIM_BASELINE_3SIGMA_CONVERSION,92,P,DUMMY,1,1.004319679087426,0.0043196790874260316
CLAIM_BASELINE_3SIGMA_CONVERSION,92,N,BIT7,64,63.95703406135047,-0.00067134279139891007
CLAIM_BASELINE_3SIGMA_CONVERSION,92,N,BIT6,32,31.935126910580642,-0.0020272840443549267
CLAIM_BASELINE_3SIGMA_CONVERSION,92,N,BIT5,16,15.9809067085046,-0.0011933307184625042
CLAIM_BASELINE_3SIGMA_CONVERSION,92,N,BIT4,8,7.9884607653224355,-0.0014424043346955573
CLAIM_BASELINE_3SIGMA_CONVERSION,92,N,BIT3,4,3.9868234393270487,-0.0032941401682378135
CLAIM_BASELINE_3SIGMA_CONVERSION,92,N,BIT2,2,1.9951415518883393,-0.002429224055830348
CLAIM_BASELINE_3SIGMA_CONVERSION,92,N,BIT1,1,0.99571684252174986,-0.0042831574782501436
CLAIM_BASELINE_3SIGMA_CONVERSION,92,N,DUMMY,1,0.99337563023571585,-0.0066243697642841548
CLAIM_BASELINE_3SIGMA_CONVERSION,93,P,BIT7,64,64.040101661294941,0.00062658845773344574
CLAIM_BASELINE_3SIGMA_CONVERSION,93,P,BIT6,32,32.034098921915479,0.0010655913098587266
CLAIM_BASELINE_3SIGMA_CONVERSION,93,P,BIT5,16,15.95829288802155,-0.0026066944986531393
CLAIM_BASELINE_3SIGMA_CONVERSION,93,P,BIT4,8,7.9857755633745056,-0.0017780545781868051
CLAIM_BASELINE_3SIGMA_CONVERSION,93,P,BIT3,4,3.9826262958002516,-0.0043434260499370936
CLAIM_BASELINE_3SIGMA_CONVERSION,93,P,BIT2,2,1.9962845108931493,-0.0018577445534253556
CLAIM_BASELINE_3SIGMA_CONVERSION,93,P,BIT1,1,0.9925962599830046,-0.0074037400169953971
CLAIM_BASELINE_3SIGMA_CONVERSION,93,P,DUMMY,1,0.99928871586024881,-0.00071128413975118931
CLAIM_BASELINE_3SIGMA_CONVERSION,93,N,BIT7,64,63.973795990161648,-0.00040943765372425389
CLAIM_BASELINE_3SIGMA_CONVERSION,93,N,BIT6,32,32.018939923396147,0.00059187260612958426
CLAIM_BASELINE_3SIGMA_CONVERSION,93,N,BIT5,16,16.00818445498566,0.00051152843660373648
CLAIM_BASELINE_3SIGMA_CONVERSION,93,N,BIT4,8,8.0185397009503028,0.0023174626187878467
CLAIM_BASELINE_3SIGMA_CONVERSION,93,N,BIT3,4,3.9736891547326181,-0.0065777113168454804
CLAIM_BASELINE_3SIGMA_CONVERSION,93,N,BIT2,2,2.0005827822917426,0.00029139114587128923
CLAIM_BASELINE_3SIGMA_CONVERSION,93,N,BIT1,1,0.98846015215015015,-0.011539847849849849
CLAIM_BASELINE_3SIGMA_CONVERSION,93,N,DUMMY,1,0.99763454299162069,-0.0023654570083793125
CLAIM_BASELINE_3SIGMA_CONVERSION,94,P,BIT7,64,64.054392394350856,0.00084988116173212447
CLAIM_BASELINE_3SIGMA_CONVERSION,94,P,BIT6,32,32.023957664127238,0.00074867700397618364
CLAIM_BASELINE_3SIGMA_CONVERSION,94,P,BIT5,16,16.008502012755798,0.00053137579723738781
CLAIM_BASELINE_3SIGMA_CONVERSION,94,P,BIT4,8,7.9855920620172736,-0.0018009922478408047
CLAIM_BASELINE_3SIGMA_CONVERSION,94,P,BIT3,4,4.0103270274065013,0.0025817568516253164
CLAIM_BASELINE_3SIGMA_CONVERSION,94,P,BIT2,2,2.0099047611184671,0.0049523805592335268
CLAIM_BASELINE_3SIGMA_CONVERSION,94,P,BIT1,1,1.0040149772727658,0.0040149772727657851
CLAIM_BASELINE_3SIGMA_CONVERSION,94,P,DUMMY,1,1.0083371447395106,0.0083371447395106379
CLAIM_BASELINE_3SIGMA_CONVERSION,94,N,BIT7,64,63.949914528052531,-0.00078258549917920028
CLAIM_BASELINE_3SIGMA_CONVERSION,94,N,BIT6,32,32.016613756847377,0.00051917990148053761
CLAIM_BASELINE_3SIGMA_CONVERSION,94,N,BIT5,16,16.021412574331151,0.0013382858956969557
CLAIM_BASELINE_3SIGMA_CONVERSION,94,N,BIT4,8,7.9702009608803142,-0.0037248798899607305
CLAIM_BASELINE_3SIGMA_CONVERSION,94,N,BIT3,4,3.99600392171034,-0.00099901957241499417
CLAIM_BASELINE_3SIGMA_CONVERSION,94,N,BIT2,2,1.9946339915329008,-0.0026830042335496129
CLAIM_BASELINE_3SIGMA_CONVERSION,94,N,BIT1,1,1.012625175254626,0.012625175254626031
CLAIM_BASELINE_3SIGMA_CONVERSION,94,N,DUMMY,1,0.993951467812209,-0.0060485321877910003
CLAIM_BASELINE_3SIGMA_CONVERSION,95,P,BIT7,64,64.015632526691618,0.00024425822955653764
CLAIM_BASELINE_3SIGMA_CONVERSION,95,P,BIT6,32,31.991945225644187,-0.00025171169861915033
CLAIM_BASELINE_3SIGMA_CONVERSION,95,P,BIT5,16,16.033551712396736,0.0020969820247960236
CLAIM_BASELINE_3SIGMA_CONVERSION,95,P,BIT4,8,7.9781142089435164,-0.0027357238820604479
CLAIM_BASELINE_3SIGMA_CONVERSION,95,P,BIT3,4,4.0034719717414058,0.00086799293535144706
CLAIM_BASELINE_3SIGMA_CONVERSION,95,P,BIT2,2,1.9856561362703689,-0.0071719318648155728
CLAIM_BASELINE_3SIGMA_CONVERSION,95,P,BIT1,1,1.0107900258981126,0.010790025898112621
CLAIM_BASELINE_3SIGMA_CONVERSION,95,P,DUMMY,1,0.98684802270284377,-0.013151977297156225
CLAIM_BASELINE_3SIGMA_CONVERSION,95,N,BIT7,64,63.946921174603389,-0.00082935664682204369
CLAIM_BASELINE_3SIGMA_CONVERSION,95,N,BIT6,32,31.907277267405565,-0.0028975853935760965
CLAIM_BASELINE_3SIGMA_CONVERSION,95,N,BIT5,16,16.006113118510871,0.00038206990692946086
CLAIM_BASELINE_3SIGMA_CONVERSION,95,N,BIT4,8,7.9847565096258855,-0.0019054362967643179
CLAIM_BASELINE_3SIGMA_CONVERSION,95,N,BIT3,4,4.004909424674695,0.0012273561686737544
CLAIM_BASELINE_3SIGMA_CONVERSION,95,N,BIT2,2,1.993601121631724,-0.0031994391841380088
CLAIM_BASELINE_3SIGMA_CONVERSION,95,N,BIT1,1,1.0014031642056507,0.0014031642056506755
CLAIM_BASELINE_3SIGMA_CONVERSION,95,N,DUMMY,1,1.0124074836790762,0.012407483679076181
CLAIM_BASELINE_3SIGMA_CONVERSION,96,P,BIT7,64,63.992028324823139,-0.00012455742463846065
CLAIM_BASELINE_3SIGMA_CONVERSION,96,P,BIT6,32,31.995049734658199,-0.0001546957919312808
CLAIM_BASELINE_3SIGMA_CONVERSION,96,P,BIT5,16,16.018871590039964,0.001179474377497769
CLAIM_BASELINE_3SIGMA_CONVERSION,96,P,BIT4,8,7.9912409444349777,-0.0010948819456277903
CLAIM_BASELINE_3SIGMA_CONVERSION,96,P,BIT3,4,4.0152014442496133,0.0038003610624033346
CLAIM_BASELINE_3SIGMA_CONVERSION,96,P,BIT2,2,2.001948077785709,0.00097403889285452294
CLAIM_BASELINE_3SIGMA_CONVERSION,96,P,BIT1,1,1.0059590876603386,0.0059590876603385912
CLAIM_BASELINE_3SIGMA_CONVERSION,96,P,DUMMY,1,1.0050326488170682,0.0050326488170682193
CLAIM_BASELINE_3SIGMA_CONVERSION,96,N,BIT7,64,63.981894523473727,-0.00028289807072301443
CLAIM_BASELINE_3SIGMA_CONVERSION,96,N,BIT6,32,32.04382542690665,0.0013695445908328274
CLAIM_BASELINE_3SIGMA_CONVERSION,96,N,BIT5,16,16.065536888105367,0.0040960555065854276
CLAIM_BASELINE_3SIGMA_CONVERSION,96,N,BIT4,8,8.0167554726367136,0.0020944340795892025
CLAIM_BASELINE_3SIGMA_CONVERSION,96,N,BIT3,4,3.9764849589095537,-0.0058787602726115828
CLAIM_BASELINE_3SIGMA_CONVERSION,96,N,BIT2,2,1.9925158918286421,-0.0037420540856789586
CLAIM_BASELINE_3SIGMA_CONVERSION,96,N,BIT1,1,1.0061021433941675,0.0061021433941674807
CLAIM_BASELINE_3SIGMA_CONVERSION,96,N,DUMMY,1,1.0081818487881666,0.0081818487881666346
CLAIM_BASELINE_3SIGMA_CONVERSION,97,P,BIT7,64,64.037110584528946,0.00057985288326478646
CLAIM_BASELINE_3SIGMA_CONVERSION,97,P,BIT6,32,32.071481490465487,0.0022337965770464763
CLAIM_BASELINE_3SIGMA_CONVERSION,97,P,BIT5,16,16.036818396698202,0.0023011497936376024
CLAIM_BASELINE_3SIGMA_CONVERSION,97,P,BIT4,8,7.9940650526250137,-0.00074186842187329294
CLAIM_BASELINE_3SIGMA_CONVERSION,97,P,BIT3,4,3.9917764256797446,-0.0020558935800638611
CLAIM_BASELINE_3SIGMA_CONVERSION,97,P,BIT2,2,2.0051192732509877,0.0025596366254938552
CLAIM_BASELINE_3SIGMA_CONVERSION,97,P,BIT1,1,1.0017156122825448,0.0017156122825447984
CLAIM_BASELINE_3SIGMA_CONVERSION,97,P,DUMMY,1,0.99693452398789251,-0.0030654760121074931
CLAIM_BASELINE_3SIGMA_CONVERSION,97,N,BIT7,64,64.056864564213612,0.00088850881583768526
CLAIM_BASELINE_3SIGMA_CONVERSION,97,N,BIT6,32,32.046005300344682,0.0014376656357713014
CLAIM_BASELINE_3SIGMA_CONVERSION,97,N,BIT5,16,15.996265343082477,-0.00023341605734517046
CLAIM_BASELINE_3SIGMA_CONVERSION,97,N,BIT4,8,7.9327518364234209,-0.0084060204470723932
CLAIM_BASELINE_3SIGMA_CONVERSION,97,N,BIT3,4,3.9854896089766156,-0.0036275977558460903
CLAIM_BASELINE_3SIGMA_CONVERSION,97,N,BIT2,2,2.0025468821945087,0.0012734410972543575
CLAIM_BASELINE_3SIGMA_CONVERSION,97,N,BIT1,1,0.99954715026540764,-0.00045284973459236433
CLAIM_BASELINE_3SIGMA_CONVERSION,97,N,DUMMY,1,1.0123018387825513,0.012301838782551311
CLAIM_BASELINE_3SIGMA_CONVERSION,98,P,BIT7,64,63.875931766855288,-0.0019385661428861223
CLAIM_BASELINE_3SIGMA_CONVERSION,98,P,BIT6,32,31.887210909976183,-0.0035246590632442842
CLAIM_BASELINE_3SIGMA_CONVERSION,98,P,BIT5,16,16.001720883073631,0.00010755519210192688
CLAIM_BASELINE_3SIGMA_CONVERSION,98,P,BIT4,8,8.0086954389784673,0.0010869298723084064
CLAIM_BASELINE_3SIGMA_CONVERSION,98,P,BIT3,4,4.0117918882664876,0.0029479720666218956
CLAIM_BASELINE_3SIGMA_CONVERSION,98,P,BIT2,2,1.9929951141821052,-0.0035024429089474118
CLAIM_BASELINE_3SIGMA_CONVERSION,98,P,BIT1,1,1.0075566169340946,0.0075566169340945955
CLAIM_BASELINE_3SIGMA_CONVERSION,98,P,DUMMY,1,1.016380345292563,0.016380345292563048
CLAIM_BASELINE_3SIGMA_CONVERSION,98,N,BIT7,64,64.118839375030461,0.0018568652348509573
CLAIM_BASELINE_3SIGMA_CONVERSION,98,N,BIT6,32,32.060139364233009,0.001879355132281546
CLAIM_BASELINE_3SIGMA_CONVERSION,98,N,BIT5,16,16.031304185471804,0.0019565115919877307
CLAIM_BASELINE_3SIGMA_CONVERSION,98,N,BIT4,8,8.0470986432946781,0.0058873304118347569
CLAIM_BASELINE_3SIGMA_CONVERSION,98,N,BIT3,4,3.9972573357197998,-0.00068566607005005054
CLAIM_BASELINE_3SIGMA_CONVERSION,98,N,BIT2,2,2.0076521393856042,0.003826069692802081
CLAIM_BASELINE_3SIGMA_CONVERSION,98,N,BIT1,1,1.0027604362804079,0.0027604362804078963
CLAIM_BASELINE_3SIGMA_CONVERSION,98,N,DUMMY,1,0.99907938312177946,-0.00092061687822053706
CLAIM_BASELINE_3SIGMA_CONVERSION,99,P,BIT7,64,64.025231182968113,0.00039423723387677079
CLAIM_BASELINE_3SIGMA_CONVERSION,99,P,BIT6,32,31.969548844609371,-0.00095159860595717127
CLAIM_BASELINE_3SIGMA_CONVERSION,99,P,BIT5,16,16.01562296904666,0.00097643556541626708
CLAIM_BASELINE_3SIGMA_CONVERSION,99,P,BIT4,8,7.9357772432410636,-0.0080278445948670507
CLAIM_BASELINE_3SIGMA_CONVERSION,99,P,BIT3,4,4.0001499153282083,3.7478832052073585e-05
CLAIM_BASELINE_3SIGMA_CONVERSION,99,P,BIT2,2,2.0089730209139502,0.0044865104569751235
CLAIM_BASELINE_3SIGMA_CONVERSION,99,P,BIT1,1,1.000179821887444,0.0001798218874440316
CLAIM_BASELINE_3SIGMA_CONVERSION,99,P,DUMMY,1,0.9924297169193721,-0.0075702830806279042
CLAIM_BASELINE_3SIGMA_CONVERSION,99,N,BIT7,64,64.013127923620004,0.00020512380656256823
CLAIM_BASELINE_3SIGMA_CONVERSION,99,N,BIT6,32,31.972975617075537,-0.00084451196638946069
CLAIM_BASELINE_3SIGMA_CONVERSION,99,N,BIT5,16,15.995899527293087,-0.00025627954418205867
CLAIM_BASELINE_3SIGMA_CONVERSION,99,N,BIT4,8,8.0258732679386089,0.0032341584923261113
CLAIM_BASELINE_3SIGMA_CONVERSION,99,N,BIT3,4,4.003607469764388,0.00090186744109699291
CLAIM_BASELINE_3SIGMA_CONVERSION,99,N,BIT2,2,2.00782199666599,0.0039109983329950193
CLAIM_BASELINE_3SIGMA_CONVERSION,99,N,BIT1,1,0.99703868066442858,-0.0029613193355714218
CLAIM_BASELINE_3SIGMA_CONVERSION,99,N,DUMMY,1,1.0141574721438997,0.01415747214389973
CLAIM_BASELINE_3SIGMA_CONVERSION,100,P,BIT7,64,64.004105997969347,6.4156218271049781e-05
CLAIM_BASELINE_3SIGMA_CONVERSION,100,P,BIT6,32,31.965470471497873,-0.0010790477656914543
CLAIM_BASELINE_3SIGMA_CONVERSION,100,P,BIT5,16,16.02041484632791,0.0012759278954943554
CLAIM_BASELINE_3SIGMA_CONVERSION,100,P,BIT4,8,7.9986496327222705,-0.00016879590971619063
CLAIM_BASELINE_3SIGMA_CONVERSION,100,P,BIT3,4,3.9897358009423387,-0.0025660497644153235
CLAIM_BASELINE_3SIGMA_CONVERSION,100,P,BIT2,2,1.9932623579120787,-0.0033688210439606348
CLAIM_BASELINE_3SIGMA_CONVERSION,100,P,BIT1,1,0.98398028553100336,-0.016019714468996638
CLAIM_BASELINE_3SIGMA_CONVERSION,100,P,DUMMY,1,0.99138777555146629,-0.0086122244485337118
CLAIM_BASELINE_3SIGMA_CONVERSION,100,N,BIT7,64,63.980353187716929,-0.00030698144192298216
CLAIM_BASELINE_3SIGMA_CONVERSION,100,N,BIT6,32,31.917488929592388,-0.0025784709502378877
CLAIM_BASELINE_3SIGMA_CONVERSION,100,N,BIT5,16,16.055235855530569,0.0034522409706605472
CLAIM_BASELINE_3SIGMA_CONVERSION,100,N,BIT4,8,7.9891442355262452,-0.0013569705592193504
CLAIM_BASELINE_3SIGMA_CONVERSION,100,N,BIT3,4,4.0119740175026619,0.0029935043756654789
CLAIM_BASELINE_3SIGMA_CONVERSION,100,N,BIT2,2,2.005078760431771,0.0025393802158855117
CLAIM_BASELINE_3SIGMA_CONVERSION,100,N,BIT1,1,0.99532032213420163,-0.0046796778657983706
CLAIM_BASELINE_3SIGMA_CONVERSION,100,N,DUMMY,1,0.99797060047865205,-0.0020293995213479521
CLAIM_BASELINE_3SIGMA_CONVERSION,101,P,BIT7,64,63.983851495848718,-0.00025232037736377944
CLAIM_BASELINE_3SIGMA_CONVERSION,101,P,BIT6,32,31.979641963598837,-0.00063618863753633903
CLAIM_BASELINE_3SIGMA_CONVERSION,101,P,BIT5,16,15.993079701409151,-0.00043251866192806077
CLAIM_BASELINE_3SIGMA_CONVERSION,101,P,BIT4,8,8.005687796279144,0.00071097453489299411
CLAIM_BASELINE_3SIGMA_CONVERSION,101,P,BIT3,4,4.0050804889401368,0.001270122235034199
CLAIM_BASELINE_3SIGMA_CONVERSION,101,P,BIT2,2,1.9963199573051362,-0.0018400213474318861
CLAIM_BASELINE_3SIGMA_CONVERSION,101,P,BIT1,1,1.0144731929861284,0.014473192986128369
CLAIM_BASELINE_3SIGMA_CONVERSION,101,P,DUMMY,1,1.0058997922356039,0.0058997922356038845
CLAIM_BASELINE_3SIGMA_CONVERSION,101,N,BIT7,64,64.05994771563266,0.00093668305676031238
CLAIM_BASELINE_3SIGMA_CONVERSION,101,N,BIT6,32,31.958755017767473,-0.0012889056947664734
CLAIM_BASELINE_3SIGMA_CONVERSION,101,N,BIT5,16,15.966721108496182,-0.0020799307189885985
CLAIM_BASELINE_3SIGMA_CONVERSION,101,N,BIT4,8,8.0039802326803695,0.00049752908504618887
CLAIM_BASELINE_3SIGMA_CONVERSION,101,N,BIT3,4,4.0067278622672413,0.0016819655668103284
CLAIM_BASELINE_3SIGMA_CONVERSION,101,N,BIT2,2,1.9929262304211339,-0.0035368847894330369
CLAIM_BASELINE_3SIGMA_CONVERSION,101,N,BIT1,1,1.0062555990134427,0.0062555990134427475
CLAIM_BASELINE_3SIGMA_CONVERSION,101,N,DUMMY,1,1.0028950203687714,0.0028950203687714282
CLAIM_BASELINE_3SIGMA_CONVERSION,102,P,BIT7,64,63.903032469643726,-0.0015151176618167783
CLAIM_BASELINE_3SIGMA_CONVERSION,102,P,BIT6,32,32.001100237195928,3.4382412372746529e-05
CLAIM_BASELINE_3SIGMA_CONVERSION,102,P,BIT5,16,15.990593856710115,-0.00058788395561781837
CLAIM_BASELINE_3SIGMA_CONVERSION,102,P,BIT4,8,8.0219975082186785,0.0027496885273348148
CLAIM_BASELINE_3SIGMA_CONVERSION,102,P,BIT3,4,4.0234811260727339,0.0058702815181834733
CLAIM_BASELINE_3SIGMA_CONVERSION,102,P,BIT2,2,2.0059561228979454,0.0029780614489727242
CLAIM_BASELINE_3SIGMA_CONVERSION,102,P,BIT1,1,0.9979597242751187,-0.0020402757248813019
CLAIM_BASELINE_3SIGMA_CONVERSION,102,P,DUMMY,1,0.9932592106601501,-0.0067407893398498953
CLAIM_BASELINE_3SIGMA_CONVERSION,102,N,BIT7,64,63.971108788062772,-0.00045142518651919428
CLAIM_BASELINE_3SIGMA_CONVERSION,102,N,BIT6,32,32.017612856960113,0.0005504017800035399
CLAIM_BASELINE_3SIGMA_CONVERSION,102,N,BIT5,16,15.965927004550936,-0.0021295622155664828
CLAIM_BASELINE_3SIGMA_CONVERSION,102,N,BIT4,8,8.0266587999597441,0.0033323499949680091
CLAIM_BASELINE_3SIGMA_CONVERSION,102,N,BIT3,4,3.9912118854044962,-0.0021970286488759427
CLAIM_BASELINE_3SIGMA_CONVERSION,102,N,BIT2,2,2.0049697851182433,0.0024848925591216542
CLAIM_BASELINE_3SIGMA_CONVERSION,102,N,BIT1,1,1.0060593969293818,0.0060593969293818439
CLAIM_BASELINE_3SIGMA_CONVERSION,102,N,DUMMY,1,1.0103143567534856,0.010314356753485576
CLAIM_BASELINE_3SIGMA_CONVERSION,103,P,BIT7,64,64.095292545575234,0.0014889460246130248
CLAIM_BASELINE_3SIGMA_CONVERSION,103,P,BIT6,32,31.990402269821491,-0.00029992906807840836
CLAIM_BASELINE_3SIGMA_CONVERSION,103,P,BIT5,16,16.011174920820245,0.00069843255126533776
CLAIM_BASELINE_3SIGMA_CONVERSION,103,P,BIT4,8,8.0223760160079944,0.0027970020009993046
CLAIM_BASELINE_3SIGMA_CONVERSION,103,P,BIT3,4,4.0028469083320903,0.00071172708302258414
CLAIM_BASELINE_3SIGMA_CONVERSION,103,P,BIT2,2,1.9981087771493322,-0.00094561142533389209
CLAIM_BASELINE_3SIGMA_CONVERSION,103,P,BIT1,1,1.0052360566746483,0.0052360566746483261
CLAIM_BASELINE_3SIGMA_CONVERSION,103,P,DUMMY,1,1.0071296101272094,0.0071296101272093626
CLAIM_BASELINE_3SIGMA_CONVERSION,103,N,BIT7,64,64.013719808395294,0.00021437200617646646
CLAIM_BASELINE_3SIGMA_CONVERSION,103,N,BIT6,32,31.968865334823636,-0.00097295828676136065
CLAIM_BASELINE_3SIGMA_CONVERSION,103,N,BIT5,16,15.987655709202551,-0.00077151817484055751
CLAIM_BASELINE_3SIGMA_CONVERSION,103,N,BIT4,8,7.9772154491567759,-0.0028480688554030076
CLAIM_BASELINE_3SIGMA_CONVERSION,103,N,BIT3,4,3.9780477134788432,-0.005488071630289193
CLAIM_BASELINE_3SIGMA_CONVERSION,103,N,BIT2,2,2.0067956556421551,0.0033978278210775592
CLAIM_BASELINE_3SIGMA_CONVERSION,103,N,BIT1,1,0.9937109082417096,-0.0062890917582903993
CLAIM_BASELINE_3SIGMA_CONVERSION,103,N,DUMMY,1,1.0148168289337898,0.014816828933789772
CLAIM_BASELINE_3SIGMA_CONVERSION,104,P,BIT7,64,64.041758222163025,0.00065247222129727334
CLAIM_BASELINE_3SIGMA_CONVERSION,104,P,BIT6,32,31.964231580411724,-0.0011177631121336296
CLAIM_BASELINE_3SIGMA_CONVERSION,104,P,BIT5,16,16.036213788212944,0.0022633617633089909
CLAIM_BASELINE_3SIGMA_CONVERSION,104,P,BIT4,8,8.0261980453896804,0.0032747556737100503
CLAIM_BASELINE_3SIGMA_CONVERSION,104,P,BIT3,4,3.9975662098022116,-0.00060844754944711088
CLAIM_BASELINE_3SIGMA_CONVERSION,104,P,BIT2,2,2.0214508495081569,0.01072542475407845
CLAIM_BASELINE_3SIGMA_CONVERSION,104,P,BIT1,1,0.99893292739752149,-0.0010670726024785138
CLAIM_BASELINE_3SIGMA_CONVERSION,104,P,DUMMY,1,0.98991929415673396,-0.010080705843266036
CLAIM_BASELINE_3SIGMA_CONVERSION,104,N,BIT7,64,64.068323766699706,0.001067558854682904
CLAIM_BASELINE_3SIGMA_CONVERSION,104,N,BIT6,32,31.999985762389031,-4.4492534279072515e-07
CLAIM_BASELINE_3SIGMA_CONVERSION,104,N,BIT5,16,16.010008291751447,0.00062551823446543864
CLAIM_BASELINE_3SIGMA_CONVERSION,104,N,BIT4,8,8.0167668253148712,0.0020958531643588962
CLAIM_BASELINE_3SIGMA_CONVERSION,104,N,BIT3,4,4.0237929856290844,0.0059482464072710961
CLAIM_BASELINE_3SIGMA_CONVERSION,104,N,BIT2,2,1.9873798649922747,-0.0063100675038626486
CLAIM_BASELINE_3SIGMA_CONVERSION,104,N,BIT1,1,0.98548809736599408,-0.014511902634005924
CLAIM_BASELINE_3SIGMA_CONVERSION,104,N,DUMMY,1,1.0093957461371956,0.0093957461371956263
CLAIM_BASELINE_3SIGMA_CONVERSION,105,P,BIT7,64,63.879660706498953,-0.0018803014609538593
CLAIM_BASELINE_3SIGMA_CONVERSION,105,P,BIT6,32,32.018117049714832,0.00056615780358848511
CLAIM_BASELINE_3SIGMA_CONVERSION,105,P,BIT5,16,16.040077950678533,0.0025048719174083356
CLAIM_BASELINE_3SIGMA_CONVERSION,105,P,BIT4,8,8.0009167138277437,0.00011458922846796504
CLAIM_BASELINE_3SIGMA_CONVERSION,105,P,BIT3,4,4.0096891966692052,0.0024222991673013006
CLAIM_BASELINE_3SIGMA_CONVERSION,105,P,BIT2,2,1.9831998732861682,-0.0084000633569158989
CLAIM_BASELINE_3SIGMA_CONVERSION,105,P,BIT1,1,1.0097524679189167,0.0097524679189167074
CLAIM_BASELINE_3SIGMA_CONVERSION,105,P,DUMMY,1,0.9882352229450494,-0.011764777054950604
CLAIM_BASELINE_3SIGMA_CONVERSION,105,N,BIT7,64,63.942526001863691,-0.00089803122087983578
CLAIM_BASELINE_3SIGMA_CONVERSION,105,N,BIT6,32,32.021330506718826,0.00066657833496330809
CLAIM_BASELINE_3SIGMA_CONVERSION,105,N,BIT5,16,16.027736875298668,0.0017335547061667622
CLAIM_BASELINE_3SIGMA_CONVERSION,105,N,BIT4,8,7.9655990136717296,-0.0043001232910337972
CLAIM_BASELINE_3SIGMA_CONVERSION,105,N,BIT3,4,4.0081960619701631,0.0020490154925407733
CLAIM_BASELINE_3SIGMA_CONVERSION,105,N,BIT2,2,1.9989659414335865,-0.00051702928320673802
CLAIM_BASELINE_3SIGMA_CONVERSION,105,N,BIT1,1,0.98583241434262714,-0.014167585657372861
CLAIM_BASELINE_3SIGMA_CONVERSION,105,N,DUMMY,1,1.0176709169644815,0.017670916964481531
CLAIM_BASELINE_3SIGMA_CONVERSION,106,P,BIT7,64,64.123932645061529,0.0019364475790863978
CLAIM_BASELINE_3SIGMA_CONVERSION,106,P,BIT6,32,31.990144706297265,-0.00030797792821046777
CLAIM_BASELINE_3SIGMA_CONVERSION,106,P,BIT5,16,15.997790406505715,-0.00013809959339283751
CLAIM_BASELINE_3SIGMA_CONVERSION,106,P,BIT4,8,7.9989837855161285,-0.00012702681048393227
CLAIM_BASELINE_3SIGMA_CONVERSION,106,P,BIT3,4,3.9933258606237483,-0.00166853484406293
CLAIM_BASELINE_3SIGMA_CONVERSION,106,P,BIT2,2,1.9877729506475563,-0.0061135246762218376
CLAIM_BASELINE_3SIGMA_CONVERSION,106,P,BIT1,1,1.0021649190889952,0.0021649190889951875
CLAIM_BASELINE_3SIGMA_CONVERSION,106,P,DUMMY,1,0.99593536098661384,-0.0040646390133861621
CLAIM_BASELINE_3SIGMA_CONVERSION,106,N,BIT7,64,64.010001680396044,0.00015627625618819252
CLAIM_BASELINE_3SIGMA_CONVERSION,106,N,BIT6,32,32.008551411876041,0.00026723162112629595
CLAIM_BASELINE_3SIGMA_CONVERSION,106,N,BIT5,16,16.035181024000096,0.0021988140000059886
CLAIM_BASELINE_3SIGMA_CONVERSION,106,N,BIT4,8,8.0017287640976527,0.00021609551220658219
CLAIM_BASELINE_3SIGMA_CONVERSION,106,N,BIT3,4,4.0205002981747446,0.0051250745436861589
CLAIM_BASELINE_3SIGMA_CONVERSION,106,N,BIT2,2,1.9870433917787127,-0.0064783041106436512
CLAIM_BASELINE_3SIGMA_CONVERSION,106,N,BIT1,1,0.99503023153141223,-0.0049697684685877652
CLAIM_BASELINE_3SIGMA_CONVERSION,106,N,DUMMY,1,1.0008067905787192,0.00080679057871924087
CLAIM_BASELINE_3SIGMA_CONVERSION,107,P,BIT7,64,64.055767728216324,0.00087137075338006298
CLAIM_BASELINE_3SIGMA_CONVERSION,107,P,BIT6,32,31.964546333704817,-0.0011079270717244682
CLAIM_BASELINE_3SIGMA_CONVERSION,107,P,BIT5,16,16.033708515914221,0.0021067822446387829
CLAIM_BASELINE_3SIGMA_CONVERSION,107,P,BIT4,8,7.9966347222623861,-0.00042065971720173234
CLAIM_BASELINE_3SIGMA_CONVERSION,107,P,BIT3,4,4.0092474425694924,0.0023118606423730981
CLAIM_BASELINE_3SIGMA_CONVERSION,107,P,BIT2,2,1.998453182519154,-0.00077340874042297614
CLAIM_BASELINE_3SIGMA_CONVERSION,107,P,BIT1,1,0.99591863363961686,-0.0040813663603831429
CLAIM_BASELINE_3SIGMA_CONVERSION,107,P,DUMMY,1,1.0105902495528569,0.010590249552856923
CLAIM_BASELINE_3SIGMA_CONVERSION,107,N,BIT7,64,63.968065030011985,-0.00049898390606273324
CLAIM_BASELINE_3SIGMA_CONVERSION,107,N,BIT6,32,31.959351128240602,-0.0012702772424811881
CLAIM_BASELINE_3SIGMA_CONVERSION,107,N,BIT5,16,16.006482774944484,0.00040517343403023709
CLAIM_BASELINE_3SIGMA_CONVERSION,107,N,BIT4,8,7.9868339435296054,-0.0016457570587993242
CLAIM_BASELINE_3SIGMA_CONVERSION,107,N,BIT3,4,4.0475787348536967,0.01189468371342417
CLAIM_BASELINE_3SIGMA_CONVERSION,107,N,BIT2,2,2.0075735054295425,0.0037867527147712465
CLAIM_BASELINE_3SIGMA_CONVERSION,107,N,BIT1,1,1.0089137684790075,0.0089137684790074889
CLAIM_BASELINE_3SIGMA_CONVERSION,107,N,DUMMY,1,1.0017249014639031,0.001724901463903139
CLAIM_BASELINE_3SIGMA_CONVERSION,108,P,BIT7,64,63.972452470689241,-0.00043043014548060921
CLAIM_BASELINE_3SIGMA_CONVERSION,108,P,BIT6,32,32.011348600678872,0.00035464377121474655
CLAIM_BASELINE_3SIGMA_CONVERSION,108,P,BIT5,16,16.012200625432435,0.00076253908952716998
CLAIM_BASELINE_3SIGMA_CONVERSION,108,P,BIT4,8,8.0064545791681105,0.00080682239601381767
CLAIM_BASELINE_3SIGMA_CONVERSION,108,P,BIT3,4,3.9987244753701021,-0.00031888115747447099
CLAIM_BASELINE_3SIGMA_CONVERSION,108,P,BIT2,2,1.9975888760736344,-0.0012055619631827774
CLAIM_BASELINE_3SIGMA_CONVERSION,108,P,BIT1,1,1.0042576065463005,0.0042576065463004742
CLAIM_BASELINE_3SIGMA_CONVERSION,108,P,DUMMY,1,1.0170001444846197,0.017000144484619728
CLAIM_BASELINE_3SIGMA_CONVERSION,108,N,BIT7,64,63.961525261965932,-0.00060116778178231911
CLAIM_BASELINE_3SIGMA_CONVERSION,108,N,BIT6,32,31.957689389837761,-0.0013222065675699834
CLAIM_BASELINE_3SIGMA_CONVERSION,108,N,BIT5,16,15.995220350416094,-0.00029872809899411656
CLAIM_BASELINE_3SIGMA_CONVERSION,108,N,BIT4,8,7.9859982359769521,-0.0017502205028809836
CLAIM_BASELINE_3SIGMA_CONVERSION,108,N,BIT3,4,3.9788318487225527,-0.0052920378193618278
CLAIM_BASELINE_3SIGMA_CONVERSION,108,N,BIT2,2,2.0009816289665965,0.00049081448329824084
CLAIM_BASELINE_3SIGMA_CONVERSION,108,N,BIT1,1,0.9964426532575007,-0.0035573467424993011
CLAIM_BASELINE_3SIGMA_CONVERSION,108,N,DUMMY,1,1.0027044492560047,0.0027044492560046596
CLAIM_BASELINE_3SIGMA_CONVERSION,109,P,BIT7,64,63.927443181849512,-0.0011337002836013799
CLAIM_BASELINE_3SIGMA_CONVERSION,109,P,BIT6,32,32.026256397827069,0.00082051243209591007
CLAIM_BASELINE_3SIGMA_CONVERSION,109,P,BIT5,16,15.965280902199147,-0.0021699436125532934
CLAIM_BASELINE_3SIGMA_CONVERSION,109,P,BIT4,8,8.0166339558908533,0.0020792444863566573
CLAIM_BASELINE_3SIGMA_CONVERSION,109,P,BIT3,4,3.9962956444611226,-0.00092608888471934492
CLAIM_BASELINE_3SIGMA_CONVERSION,109,P,BIT2,2,2.009767945175883,0.0048839725879414875
CLAIM_BASELINE_3SIGMA_CONVERSION,109,P,BIT1,1,0.99458648054873411,-0.0054135194512658913
CLAIM_BASELINE_3SIGMA_CONVERSION,109,P,DUMMY,1,0.98581810625730626,-0.014181893742693741
CLAIM_BASELINE_3SIGMA_CONVERSION,109,N,BIT7,64,63.977616617128874,-0.00034974035736135001
CLAIM_BASELINE_3SIGMA_CONVERSION,109,N,BIT6,32,32.014438566047588,0.00045120518898711381
CLAIM_BASELINE_3SIGMA_CONVERSION,109,N,BIT5,16,16.003708245940167,0.00023176537126046171
CLAIM_BASELINE_3SIGMA_CONVERSION,109,N,BIT4,8,8.02609206649635,0.0032615083120437482
CLAIM_BASELINE_3SIGMA_CONVERSION,109,N,BIT3,4,4.0287557336997635,0.0071889334249408687
CLAIM_BASELINE_3SIGMA_CONVERSION,109,N,BIT2,2,2.0080137525320216,0.004006876266010817
CLAIM_BASELINE_3SIGMA_CONVERSION,109,N,BIT1,1,0.98938088626947285,-0.010619113730527152
CLAIM_BASELINE_3SIGMA_CONVERSION,109,N,DUMMY,1,1.0036541734383599,0.0036541734383599422
CLAIM_BASELINE_3SIGMA_CONVERSION,110,P,BIT7,64,63.942120195242801,-0.00090437194933123966
CLAIM_BASELINE_3SIGMA_CONVERSION,110,P,BIT6,32,31.989058324496689,-0.00034192735947846664
CLAIM_BASELINE_3SIGMA_CONVERSION,110,P,BIT5,16,15.939661875524195,-0.0037711327797378402
CLAIM_BASELINE_3SIGMA_CONVERSION,110,P,BIT4,8,8.0148516687917919,0.0018564585989739868
CLAIM_BASELINE_3SIGMA_CONVERSION,110,P,BIT3,4,3.9716643143913775,-0.0070839214021556351
CLAIM_BASELINE_3SIGMA_CONVERSION,110,P,BIT2,2,2.0008941306828283,0.00044706534141414345
CLAIM_BASELINE_3SIGMA_CONVERSION,110,P,BIT1,1,0.99317162026355865,-0.0068283797364413479
CLAIM_BASELINE_3SIGMA_CONVERSION,110,P,DUMMY,1,1.0084312167240834,0.0084312167240834235
CLAIM_BASELINE_3SIGMA_CONVERSION,110,N,BIT7,64,64.003025256248534,4.7269628883350734e-05
CLAIM_BASELINE_3SIGMA_CONVERSION,110,N,BIT6,32,32.063450359079553,0.0019828237212360378
CLAIM_BASELINE_3SIGMA_CONVERSION,110,N,BIT5,16,16.032860968099627,0.0020538105062266609
CLAIM_BASELINE_3SIGMA_CONVERSION,110,N,BIT4,8,8.0137318113363438,0.001716476417042978
CLAIM_BASELINE_3SIGMA_CONVERSION,110,N,BIT3,4,4.0096173295530448,0.00240433238826121
CLAIM_BASELINE_3SIGMA_CONVERSION,110,N,BIT2,2,1.993113702027836,-0.0034431489860820008
CLAIM_BASELINE_3SIGMA_CONVERSION,110,N,BIT1,1,0.99413243289546138,-0.005867567104538618
CLAIM_BASELINE_3SIGMA_CONVERSION,110,N,DUMMY,1,1.0079753841154055,0.0079753841154055483
CLAIM_BASELINE_3SIGMA_CONVERSION,111,P,BIT7,64,63.997815262688285,-3.4136520495553491e-05
CLAIM_BASELINE_3SIGMA_CONVERSION,111,P,BIT6,32,32.041296392208018,0.0012905122565005644
CLAIM_BASELINE_3SIGMA_CONVERSION,111,P,BIT5,16,15.984683455619916,-0.00095728402375527821
CLAIM_BASELINE_3SIGMA_CONVERSION,111,P,BIT4,8,7.9566911616587133,-0.0054136047926608422
CLAIM_BASELINE_3SIGMA_CONVERSION,111,P,BIT3,4,3.9990046776871546,-0.00024883057821134535
CLAIM_BASELINE_3SIGMA_CONVERSION,111,P,BIT2,2,2.0144138128330171,0.0072069064165085628
CLAIM_BASELINE_3SIGMA_CONVERSION,111,P,BIT1,1,0.99032402307440193,-0.0096759769255980732
CLAIM_BASELINE_3SIGMA_CONVERSION,111,P,DUMMY,1,0.98839326053307519,-0.011606739466924809
CLAIM_BASELINE_3SIGMA_CONVERSION,111,N,BIT7,64,64.005631801171347,8.7996893302300094e-05
CLAIM_BASELINE_3SIGMA_CONVERSION,111,N,BIT6,32,31.939677471559712,-0.0018850790137590057
CLAIM_BASELINE_3SIGMA_CONVERSION,111,N,BIT5,16,15.992410851993181,-0.00047432175042616542
CLAIM_BASELINE_3SIGMA_CONVERSION,111,N,BIT4,8,8.0380333743772958,0.0047541717971619768
CLAIM_BASELINE_3SIGMA_CONVERSION,111,N,BIT3,4,3.998020571706431,-0.00049485707339225193
CLAIM_BASELINE_3SIGMA_CONVERSION,111,N,BIT2,2,1.9928873142012122,-0.0035563428993938828
CLAIM_BASELINE_3SIGMA_CONVERSION,111,N,BIT1,1,0.99554147724142872,-0.0044585227585712817
CLAIM_BASELINE_3SIGMA_CONVERSION,111,N,DUMMY,1,0.99841734497206702,-0.0015826550279329776
CLAIM_BASELINE_3SIGMA_CONVERSION,112,P,BIT7,64,64.007585457889348,0.0001185227795210686
CLAIM_BASELINE_3SIGMA_CONVERSION,112,P,BIT6,32,32.026995597264516,0.00084361241451613722
CLAIM_BASELINE_3SIGMA_CONVERSION,112,P,BIT5,16,16.035130391613503,0.0021956494758439415
CLAIM_BASELINE_3SIGMA_CONVERSION,112,P,BIT4,8,7.9749197542203287,-0.0031350307224589091
CLAIM_BASELINE_3SIGMA_CONVERSION,112,P,BIT3,4,4.0108778886307999,0.0027194721576999648
CLAIM_BASELINE_3SIGMA_CONVERSION,112,P,BIT2,2,1.977727935815484,-0.011136032092257997
CLAIM_BASELINE_3SIGMA_CONVERSION,112,P,BIT1,1,0.9938300294071698,-0.0061699705928301984
CLAIM_BASELINE_3SIGMA_CONVERSION,112,P,DUMMY,1,1.0060233403875039,0.0060233403875038505
CLAIM_BASELINE_3SIGMA_CONVERSION,112,N,BIT7,64,63.921480425862867,-0.0012268683458926954
CLAIM_BASELINE_3SIGMA_CONVERSION,112,N,BIT6,32,32.089269731856788,0.0027896791205246352
CLAIM_BASELINE_3SIGMA_CONVERSION,112,N,BIT5,16,15.961245575224339,-0.0024221515484788014
CLAIM_BASELINE_3SIGMA_CONVERSION,112,N,BIT4,8,8.0389887753486491,0.0048735969185811356
CLAIM_BASELINE_3SIGMA_CONVERSION,112,N,BIT3,4,4.0158810236270792,0.003970255906769804
CLAIM_BASELINE_3SIGMA_CONVERSION,112,N,BIT2,2,2.0070272551459176,0.0035136275729588107
CLAIM_BASELINE_3SIGMA_CONVERSION,112,N,BIT1,1,1.0019485578274512,0.0019485578274511806
CLAIM_BASELINE_3SIGMA_CONVERSION,112,N,DUMMY,1,1.000735819736881,0.00073581973688097158
CLAIM_BASELINE_3SIGMA_CONVERSION,113,P,BIT7,64,64.052945459648242,0.00082727280700378714
CLAIM_BASELINE_3SIGMA_CONVERSION,113,P,BIT6,32,31.959117076197565,-0.0012775913688261031
CLAIM_BASELINE_3SIGMA_CONVERSION,113,P,BIT5,16,15.995031375243448,-0.00031053904728450821
CLAIM_BASELINE_3SIGMA_CONVERSION,113,P,BIT4,8,8.0144389372896416,0.0018048671612052036
CLAIM_BASELINE_3SIGMA_CONVERSION,113,P,BIT3,4,3.9831309641278314,-0.0042172589680421479
CLAIM_BASELINE_3SIGMA_CONVERSION,113,P,BIT2,2,2.0035341189139313,0.0017670594569656473
CLAIM_BASELINE_3SIGMA_CONVERSION,113,P,BIT1,1,0.99541206927443127,-0.004587930725568734
CLAIM_BASELINE_3SIGMA_CONVERSION,113,P,DUMMY,1,1.0077738397765363,0.0077738397765363398
CLAIM_BASELINE_3SIGMA_CONVERSION,113,N,BIT7,64,63.97618703496839,-0.00037207757861890123
CLAIM_BASELINE_3SIGMA_CONVERSION,113,N,BIT6,32,31.954659369366379,-0.0014168947073006644
CLAIM_BASELINE_3SIGMA_CONVERSION,113,N,BIT5,16,16.037937899476788,0.0023711187172992254
CLAIM_BASELINE_3SIGMA_CONVERSION,113,N,BIT4,8,8.0145470834650805,0.0018183854331350613
CLAIM_BASELINE_3SIGMA_CONVERSION,113,N,BIT3,4,3.9949393510724627,-0.0012651622318843314
CLAIM_BASELINE_3SIGMA_CONVERSION,113,N,BIT2,2,2.0140550616731603,0.0070275308365801425
CLAIM_BASELINE_3SIGMA_CONVERSION,113,N,BIT1,1,1.004354375125827,0.0043543751258270369
CLAIM_BASELINE_3SIGMA_CONVERSION,113,N,DUMMY,1,0.98659818004200139,-0.013401819957998606
CLAIM_BASELINE_3SIGMA_CONVERSION,114,P,BIT7,64,64.085085617269328,0.0013294627698332562
CLAIM_BASELINE_3SIGMA_CONVERSION,114,P,BIT6,32,32.049984049131929,0.0015620015353727812
CLAIM_BASELINE_3SIGMA_CONVERSION,114,P,BIT5,16,15.977483044534958,-0.0014073097165651083
CLAIM_BASELINE_3SIGMA_CONVERSION,114,P,BIT4,8,7.9835052316819555,-0.002061846039755566
CLAIM_BASELINE_3SIGMA_CONVERSION,114,P,BIT3,4,4.0293569609061519,0.0073392402265379797
CLAIM_BASELINE_3SIGMA_CONVERSION,114,P,BIT2,2,1.9955796968023884,-0.0022101515988057763
CLAIM_BASELINE_3SIGMA_CONVERSION,114,P,BIT1,1,1.0008500957149755,0.00085009571497551839
CLAIM_BASELINE_3SIGMA_CONVERSION,114,P,DUMMY,1,1.0018551340805439,0.0018551340805439409
CLAIM_BASELINE_3SIGMA_CONVERSION,114,N,BIT7,64,63.989824937514669,-0.00015898535133329617
CLAIM_BASELINE_3SIGMA_CONVERSION,114,N,BIT6,32,32.018711968698383,0.00058474902182448218
CLAIM_BASELINE_3SIGMA_CONVERSION,114,N,BIT5,16,16.020460663479795,0.0012787914674872169
CLAIM_BASELINE_3SIGMA_CONVERSION,114,N,BIT4,8,8.0074710465822658,0.00093388082278322848
CLAIM_BASELINE_3SIGMA_CONVERSION,114,N,BIT3,4,4.0063677243199525,0.0015919310799881181
CLAIM_BASELINE_3SIGMA_CONVERSION,114,N,BIT2,2,1.9944251011200664,-0.0027874494399667826
CLAIM_BASELINE_3SIGMA_CONVERSION,114,N,BIT1,1,0.99892777230339047,-0.001072227696609529
CLAIM_BASELINE_3SIGMA_CONVERSION,114,N,DUMMY,1,0.99901753824603867,-0.00098246175396132784
CLAIM_BASELINE_3SIGMA_CONVERSION,115,P,BIT7,64,63.99847903474334,-2.376508213530748e-05
CLAIM_BASELINE_3SIGMA_CONVERSION,115,P,BIT6,32,32.065058273825215,0.0020330710570379829
CLAIM_BASELINE_3SIGMA_CONVERSION,115,P,BIT5,16,16.00359946037684,0.00022496627355250709
CLAIM_BASELINE_3SIGMA_CONVERSION,115,P,BIT4,8,8.0026224147390597,0.00032780184238245802
CLAIM_BASELINE_3SIGMA_CONVERSION,115,P,BIT3,4,4.0077347166191144,0.0019336791547786003
CLAIM_BASELINE_3SIGMA_CONVERSION,115,P,BIT2,2,2.0004415288177855,0.00022076440889273741
CLAIM_BASELINE_3SIGMA_CONVERSION,115,P,BIT1,1,0.9993629305045536,-0.00063706949544639624
CLAIM_BASELINE_3SIGMA_CONVERSION,115,P,DUMMY,1,0.99538035995369378,-0.0046196400463062171
CLAIM_BASELINE_3SIGMA_CONVERSION,115,N,BIT7,64,63.994613914205971,-8.4157590531708237e-05
CLAIM_BASELINE_3SIGMA_CONVERSION,115,N,BIT6,32,32.015481357810529,0.00048379243157903318
CLAIM_BASELINE_3SIGMA_CONVERSION,115,N,BIT5,16,16.005283581370435,0.00033022383565217694
CLAIM_BASELINE_3SIGMA_CONVERSION,115,N,BIT4,8,8.0039147895765499,0.00048934869706873663
CLAIM_BASELINE_3SIGMA_CONVERSION,115,N,BIT3,4,4.0047084168851859,0.0011771042212964655
CLAIM_BASELINE_3SIGMA_CONVERSION,115,N,BIT2,2,1.9937700374712335,-0.0031149812643832542
CLAIM_BASELINE_3SIGMA_CONVERSION,115,N,BIT1,1,0.99836464347259746,-0.0016353565274025428
CLAIM_BASELINE_3SIGMA_CONVERSION,115,N,DUMMY,1,1.0003276064066262,0.00032760640662621299
CLAIM_BASELINE_3SIGMA_CONVERSION,116,P,BIT7,64,63.987106077583967,-0.00020146753775052151
CLAIM_BASELINE_3SIGMA_CONVERSION,116,P,BIT6,32,32.005991267542115,0.00018722711069107945
CLAIM_BASELINE_3SIGMA_CONVERSION,116,P,BIT5,16,15.983005571440614,-0.0010621517849616069
CLAIM_BASELINE_3SIGMA_CONVERSION,116,P,BIT4,8,7.9773989518451049,-0.0028251310193618817
CLAIM_BASELINE_3SIGMA_CONVERSION,116,P,BIT3,4,4.0035359777037796,0.00088399442594488953
CLAIM_BASELINE_3SIGMA_CONVERSION,116,P,BIT2,2,1.9993508242670943,-0.00032458786645284121
CLAIM_BASELINE_3SIGMA_CONVERSION,116,P,BIT1,1,1.0077730860193408,0.0077730860193407914
CLAIM_BASELINE_3SIGMA_CONVERSION,116,P,DUMMY,1,1.0041115667654836,0.0041115667654836319
CLAIM_BASELINE_3SIGMA_CONVERSION,116,N,BIT7,64,63.998488081455811,-2.3623727252952698e-05
CLAIM_BASELINE_3SIGMA_CONVERSION,116,N,BIT6,32,32.00317647851999,9.9264953749678142e-05
CLAIM_BASELINE_3SIGMA_CONVERSION,116,N,BIT5,16,15.965602699508391,-0.0021498312807255449
CLAIM_BASELINE_3SIGMA_CONVERSION,116,N,BIT4,8,7.9600841013549744,-0.0049894873306282062
CLAIM_BASELINE_3SIGMA_CONVERSION,116,N,BIT3,4,3.9976034042903499,-0.00059914892741252945
CLAIM_BASELINE_3SIGMA_CONVERSION,116,N,BIT2,2,1.9979886654282215,-0.0010056672858892446
CLAIM_BASELINE_3SIGMA_CONVERSION,116,N,BIT1,1,1.0042088438733439,0.0042088438733438593
CLAIM_BASELINE_3SIGMA_CONVERSION,116,N,DUMMY,1,0.99841962636248105,-0.0015803736375189503
CLAIM_BASELINE_3SIGMA_CONVERSION,117,P,BIT7,64,64.038728685958944,0.00060513571810849598
CLAIM_BASELINE_3SIGMA_CONVERSION,117,P,BIT6,32,32.026969842406423,0.00084280757520072136
CLAIM_BASELINE_3SIGMA_CONVERSION,117,P,BIT5,16,15.96448798283398,-0.0022195010728762732
CLAIM_BASELINE_3SIGMA_CONVERSION,117,P,BIT4,8,8.0292265075940108,0.0036533134492513497
CLAIM_BASELINE_3SIGMA_CONVERSION,117,P,BIT3,4,3.999328404482215,-0.00016789887944623771
CLAIM_BASELINE_3SIGMA_CONVERSION,117,P,BIT2,2,2.0101125730402716,0.0050562865201357887
CLAIM_BASELINE_3SIGMA_CONVERSION,117,P,BIT1,1,1.0021171592732214,0.0021171592732214251
CLAIM_BASELINE_3SIGMA_CONVERSION,117,P,DUMMY,1,1.005805209561182,0.0058052095611820231
CLAIM_BASELINE_3SIGMA_CONVERSION,117,N,BIT7,64,64.006557281955452,0.00010245753055393436
CLAIM_BASELINE_3SIGMA_CONVERSION,117,N,BIT6,32,31.978529523545092,-0.00067095238921588418
CLAIM_BASELINE_3SIGMA_CONVERSION,117,N,BIT5,16,16.030909507685106,0.001931844230319113
CLAIM_BASELINE_3SIGMA_CONVERSION,117,N,BIT4,8,7.9907365694695223,-0.0011579288163097168
CLAIM_BASELINE_3SIGMA_CONVERSION,117,N,BIT3,4,4.0188507603167416,0.0047126900791853998
CLAIM_BASELINE_3SIGMA_CONVERSION,117,N,BIT2,2,2.0006807764788173,0.00034038823940862883
CLAIM_BASELINE_3SIGMA_CONVERSION,117,N,BIT1,1,0.99585864200255947,-0.0041413579974405312
CLAIM_BASELINE_3SIGMA_CONVERSION,117,N,DUMMY,1,0.99180292229470923,-0.0081970777052907673
CLAIM_BASELINE_3SIGMA_CONVERSION,118,P,BIT7,64,63.960229992324457,-0.00062140636993035514
CLAIM_BASELINE_3SIGMA_CONVERSION,118,P,BIT6,32,32.042002008070234,0.0013125627521948235
CLAIM_BASELINE_3SIGMA_CONVERSION,118,P,BIT5,16,16.008095849598966,0.00050599059993539086
CLAIM_BASELINE_3SIGMA_CONVERSION,118,P,BIT4,8,8.0084485875036062,0.0010560734379507775
CLAIM_BASELINE_3SIGMA_CONVERSION,118,P,BIT3,4,3.9898163701208063,-0.0025459074697984363
CLAIM_BASELINE_3SIGMA_CONVERSION,118,P,BIT2,2,2.0041340869543554,0.0020670434771776769
CLAIM_BASELINE_3SIGMA_CONVERSION,118,P,BIT1,1,0.99392935481118538,-0.0060706451888146162
CLAIM_BASELINE_3SIGMA_CONVERSION,118,P,DUMMY,1,1.0133654982749039,0.013365498274903853
CLAIM_BASELINE_3SIGMA_CONVERSION,118,N,BIT7,64,64.001797762324728,2.8090036323868972e-05
CLAIM_BASELINE_3SIGMA_CONVERSION,118,N,BIT6,32,31.92393388802348,-0.0023770659992662369
CLAIM_BASELINE_3SIGMA_CONVERSION,118,N,BIT5,16,16.007927426786456,0.00049546417415347044
CLAIM_BASELINE_3SIGMA_CONVERSION,118,N,BIT4,8,7.9938900258339451,-0.00076374677075685682
CLAIM_BASELINE_3SIGMA_CONVERSION,118,N,BIT3,4,4.0225361230095782,0.0056340307523945476
CLAIM_BASELINE_3SIGMA_CONVERSION,118,N,BIT2,2,2.0114042294749943,0.0057021147374971548
CLAIM_BASELINE_3SIGMA_CONVERSION,118,N,BIT1,1,1.005242507825878,0.0052425078258779845
CLAIM_BASELINE_3SIGMA_CONVERSION,118,N,DUMMY,1,0.99671616963397569,-0.0032838303660243096
CLAIM_BASELINE_3SIGMA_CONVERSION,119,P,BIT7,64,63.980343380462834,-0.00030713468026821733
CLAIM_BASELINE_3SIGMA_CONVERSION,119,P,BIT6,32,32.037429774590436,0.0011696804559511165
CLAIM_BASELINE_3SIGMA_CONVERSION,119,P,BIT5,16,16.010088252578186,0.00063051578613659842
CLAIM_BASELINE_3SIGMA_CONVERSION,119,P,BIT4,8,7.9979094042320789,-0.000261324470990143
CLAIM_BASELINE_3SIGMA_CONVERSION,119,P,BIT3,4,4.0039206156595037,0.00098015391487593639
CLAIM_BASELINE_3SIGMA_CONVERSION,119,P,BIT2,2,2.0095234895165905,0.0047617447582952721
CLAIM_BASELINE_3SIGMA_CONVERSION,119,P,BIT1,1,1.0007809789464119,0.00078097894641193655
CLAIM_BASELINE_3SIGMA_CONVERSION,119,P,DUMMY,1,0.99228836840355583,-0.0077116315964441684
CLAIM_BASELINE_3SIGMA_CONVERSION,119,N,BIT7,64,64.055091528317348,0.00086080512995856395
CLAIM_BASELINE_3SIGMA_CONVERSION,119,N,BIT6,32,31.989290536959821,-0.00033467072000559206
CLAIM_BASELINE_3SIGMA_CONVERSION,119,N,BIT5,16,16.01550746454582,0.0009692165341137482
CLAIM_BASELINE_3SIGMA_CONVERSION,119,N,BIT4,8,7.9862498509104567,-0.0017187686361929133
CLAIM_BASELINE_3SIGMA_CONVERSION,119,N,BIT3,4,3.9969183205757224,-0.00077041985606940422
CLAIM_BASELINE_3SIGMA_CONVERSION,119,N,BIT2,2,1.9913462212896533,-0.0043268893551733356
CLAIM_BASELINE_3SIGMA_CONVERSION,119,N,BIT1,1,0.99424984015838469,-0.0057501598416153099
CLAIM_BASELINE_3SIGMA_CONVERSION,119,N,DUMMY,1,1.0117332908771173,0.011733290877117275
CLAIM_BASELINE_3SIGMA_CONVERSION,120,P,BIT7,64,63.906074483549119,-0.0014675861945450119
CLAIM_BASELINE_3SIGMA_CONVERSION,120,P,BIT6,32,32.034299141955501,0.001071848186109392
CLAIM_BASELINE_3SIGMA_CONVERSION,120,P,BIT5,16,16.006916095923415,0.0004322559952134597
CLAIM_BASELINE_3SIGMA_CONVERSION,120,P,BIT4,8,7.9989713810353535,-0.00012857737058080687
CLAIM_BASELINE_3SIGMA_CONVERSION,120,P,BIT3,4,4.0210347131301347,0.0052586782825336797
CLAIM_BASELINE_3SIGMA_CONVERSION,120,P,BIT2,2,2.0064101724838621,0.0032050862419310544
CLAIM_BASELINE_3SIGMA_CONVERSION,120,P,BIT1,1,1.0163972521846105,0.016397252184610522
CLAIM_BASELINE_3SIGMA_CONVERSION,120,P,DUMMY,1,0.99183406507684269,-0.0081659349231573142
CLAIM_BASELINE_3SIGMA_CONVERSION,120,N,BIT7,64,63.953901633037873,-0.00072028698378323597
CLAIM_BASELINE_3SIGMA_CONVERSION,120,N,BIT6,32,32.011101533144547,0.00034692291076710013
CLAIM_BASELINE_3SIGMA_CONVERSION,120,N,BIT5,16,16.024423974950651,0.0015264984344156574
CLAIM_BASELINE_3SIGMA_CONVERSION,120,N,BIT4,8,7.9528393284315335,-0.0058950839460583104
CLAIM_BASELINE_3SIGMA_CONVERSION,120,N,BIT3,4,3.9759367501385841,-0.0060158124653539868
CLAIM_BASELINE_3SIGMA_CONVERSION,120,N,BIT2,2,2.0109113580131437,0.0054556790065718452
CLAIM_BASELINE_3SIGMA_CONVERSION,120,N,BIT1,1,1.0113505056076997,0.011350505607699679
CLAIM_BASELINE_3SIGMA_CONVERSION,120,N,DUMMY,1,1.0047837614438802,0.0047837614438801523
CLAIM_BASELINE_3SIGMA_CONVERSION,121,P,BIT7,64,64.024803437574604,0.00038755371210319467
CLAIM_BASELINE_3SIGMA_CONVERSION,121,P,BIT6,32,31.914462753450117,-0.0026730389546838484
CLAIM_BASELINE_3SIGMA_CONVERSION,121,P,BIT5,16,15.99669582980099,-0.0002065106374381509
CLAIM_BASELINE_3SIGMA_CONVERSION,121,P,BIT4,8,7.98138464197421,-0.002326919753223744
CLAIM_BASELINE_3SIGMA_CONVERSION,121,P,BIT3,4,4.007315065210256,0.0018287663025640111
CLAIM_BASELINE_3SIGMA_CONVERSION,121,P,BIT2,2,1.9904385074164279,-0.0047807462917860422
CLAIM_BASELINE_3SIGMA_CONVERSION,121,P,BIT1,1,0.99912298387966147,-0.00087701612033852516
CLAIM_BASELINE_3SIGMA_CONVERSION,121,P,DUMMY,1,1.0022547443867411,0.0022547443867411143
CLAIM_BASELINE_3SIGMA_CONVERSION,121,N,BIT7,64,63.976515504839483,-0.00036694523688307612
CLAIM_BASELINE_3SIGMA_CONVERSION,121,N,BIT6,32,31.990544155018995,-0.00029549515565641116
CLAIM_BASELINE_3SIGMA_CONVERSION,121,N,BIT5,16,16.027073741228335,0.001692108826770955
CLAIM_BASELINE_3SIGMA_CONVERSION,121,N,BIT4,8,8.0441845696456262,0.0055230712057032783
CLAIM_BASELINE_3SIGMA_CONVERSION,121,N,BIT3,4,4.0077092932517635,0.0019273233129408762
CLAIM_BASELINE_3SIGMA_CONVERSION,121,N,BIT2,2,1.9862878666252695,-0.0068560666873652698
CLAIM_BASELINE_3SIGMA_CONVERSION,121,N,BIT1,1,0.99774081012535398,-0.0022591898746460171
CLAIM_BASELINE_3SIGMA_CONVERSION,121,N,DUMMY,1,1.0121964152094882,0.012196415209488221
CLAIM_BASELINE_3SIGMA_CONVERSION,122,P,BIT7,64,64.056680820448364,0.00088563781950568021
CLAIM_BASELINE_3SIGMA_CONVERSION,122,P,BIT6,32,32.043942543668919,0.0013732044896537232
CLAIM_BASELINE_3SIGMA_CONVERSION,122,P,BIT5,16,15.951951520573532,-0.0030030299641542468
CLAIM_BASELINE_3SIGMA_CONVERSION,122,P,BIT4,8,8.0205636320901359,0.0025704540112669871
CLAIM_BASELINE_3SIGMA_CONVERSION,122,P,BIT3,4,3.993303367734927,-0.0016741580662682498
CLAIM_BASELINE_3SIGMA_CONVERSION,122,P,BIT2,2,2.0041696020848123,0.0020848010424061592
CLAIM_BASELINE_3SIGMA_CONVERSION,122,P,BIT1,1,1.0114093336612178,0.011409333661217769
CLAIM_BASELINE_3SIGMA_CONVERSION,122,P,DUMMY,1,0.99648308887954462,-0.0035169111204553793
CLAIM_BASELINE_3SIGMA_CONVERSION,122,N,BIT7,64,63.962870119643981,-0.00058015438056280288
CLAIM_BASELINE_3SIGMA_CONVERSION,122,N,BIT6,32,32.013447946612821,0.00042024833165066333
CLAIM_BASELINE_3SIGMA_CONVERSION,122,N,BIT5,16,16.017564771277112,0.0010977982048194779
CLAIM_BASELINE_3SIGMA_CONVERSION,122,N,BIT4,8,8.0327889860302228,0.0040986232537778555
CLAIM_BASELINE_3SIGMA_CONVERSION,122,N,BIT3,4,3.9855506017329221,-0.0036123495667694794
CLAIM_BASELINE_3SIGMA_CONVERSION,122,N,BIT2,2,1.9998702734188192,-6.4863290590411182e-05
CLAIM_BASELINE_3SIGMA_CONVERSION,122,N,BIT1,1,0.99117336753463603,-0.0088266324653639705
CLAIM_BASELINE_3SIGMA_CONVERSION,122,N,DUMMY,1,1.0122338412853258,0.012233841285325786
CLAIM_BASELINE_3SIGMA_CONVERSION,123,P,BIT7,64,64.074462908186945,0.0011634829404210123
CLAIM_BASELINE_3SIGMA_CONVERSION,123,P,BIT6,32,32.026814628528058,0.00083795714150181055
CLAIM_BASELINE_3SIGMA_CONVERSION,123,P,BIT5,16,16.002505322235862,0.0001565826397413872
CLAIM_BASELINE_3SIGMA_CONVERSION,123,P,BIT4,8,7.9672286114337343,-0.0040964235707832142
CLAIM_BASELINE_3SIGMA_CONVERSION,123,P,BIT3,4,3.9898129444378352,-0.0025467638905412038
CLAIM_BASELINE_3SIGMA_CONVERSION,123,P,BIT2,2,2.0000984495766585,4.9224788329249591e-05
CLAIM_BASELINE_3SIGMA_CONVERSION,123,P,BIT1,1,1.0088406525202382,0.0088406525202382458
CLAIM_BASELINE_3SIGMA_CONVERSION,123,P,DUMMY,1,0.98827254927568819,-0.011727450724311805
CLAIM_BASELINE_3SIGMA_CONVERSION,123,N,BIT7,64,63.99359514650466,-0.00010007583586468805
CLAIM_BASELINE_3SIGMA_CONVERSION,123,N,BIT6,32,32.007378196343197,0.00023056863572490371
CLAIM_BASELINE_3SIGMA_CONVERSION,123,N,BIT5,16,16.002613886144353,0.0001633678840220476
CLAIM_BASELINE_3SIGMA_CONVERSION,123,N,BIT4,8,7.9992738531296954,-9.0768358788073655e-05
CLAIM_BASELINE_3SIGMA_CONVERSION,123,N,BIT3,4,3.9901022383486247,-0.0024744404128438369
CLAIM_BASELINE_3SIGMA_CONVERSION,123,N,BIT2,2,2.0035588665002004,0.0017794332501002152
CLAIM_BASELINE_3SIGMA_CONVERSION,123,N,BIT1,1,1.0026776105308248,0.0026776105308248255
CLAIM_BASELINE_3SIGMA_CONVERSION,123,N,DUMMY,1,1.0078087110208538,0.0078087110208537869
CLAIM_BASELINE_3SIGMA_CONVERSION,124,P,BIT7,64,63.899065619768223,-0.0015770996911215196
CLAIM_BASELINE_3SIGMA_CONVERSION,124,P,BIT6,32,31.982335298635341,-0.00055202191764558428
CLAIM_BASELINE_3SIGMA_CONVERSION,124,P,BIT5,16,16.035141876895299,0.0021963673059561817
CLAIM_BASELINE_3SIGMA_CONVERSION,124,P,BIT4,8,8.0322491963445657,0.0040311495430707112
CLAIM_BASELINE_3SIGMA_CONVERSION,124,P,BIT3,4,4.0068766996111611,0.001719174902790277
CLAIM_BASELINE_3SIGMA_CONVERSION,124,P,BIT2,2,2.0107735480791757,0.0053867740395878716
CLAIM_BASELINE_3SIGMA_CONVERSION,124,P,BIT1,1,0.99911324266379331,-0.00088675733620668939
CLAIM_BASELINE_3SIGMA_CONVERSION,124,P,DUMMY,1,0.9889338455148442,-0.011066154485155799
CLAIM_BASELINE_3SIGMA_CONVERSION,124,N,BIT7,64,64.039991372139696,0.00062486518968274396
CLAIM_BASELINE_3SIGMA_CONVERSION,124,N,BIT6,32,31.951780725298626,-0.0015068523344179408
CLAIM_BASELINE_3SIGMA_CONVERSION,124,N,BIT5,16,16.065941658060183,0.0041213536287614261
CLAIM_BASELINE_3SIGMA_CONVERSION,124,N,BIT4,8,7.992950172050028,-0.00088122849374649981
CLAIM_BASELINE_3SIGMA_CONVERSION,124,N,BIT3,4,4.0071659782823374,0.0017914945705843621
CLAIM_BASELINE_3SIGMA_CONVERSION,124,N,BIT2,2,2.0103498263490538,0.0051749131745268961
CLAIM_BASELINE_3SIGMA_CONVERSION,124,N,BIT1,1,1.0099790416119661,0.0099790416119660552
CLAIM_BASELINE_3SIGMA_CONVERSION,124,N,DUMMY,1,0.98740919121673754,-0.012590808783262464
CLAIM_BASELINE_3SIGMA_CONVERSION,125,P,BIT7,64,64.070775235246572,0.0011058630507276845
CLAIM_BASELINE_3SIGMA_CONVERSION,125,P,BIT6,32,32.080614356501613,0.0025191986406754019
CLAIM_BASELINE_3SIGMA_CONVERSION,125,P,BIT5,16,15.973506969822987,-0.0016558143860633256
CLAIM_BASELINE_3SIGMA_CONVERSION,125,P,BIT4,8,8.0055261215567981,0.00069076519459976282
CLAIM_BASELINE_3SIGMA_CONVERSION,125,P,BIT3,4,3.9623350679033087,-0.0094162330241728265
CLAIM_BASELINE_3SIGMA_CONVERSION,125,P,BIT2,2,1.9925127078621419,-0.003743646068929074
CLAIM_BASELINE_3SIGMA_CONVERSION,125,P,BIT1,1,1.0004786345625634,0.00047863456256336256
CLAIM_BASELINE_3SIGMA_CONVERSION,125,P,DUMMY,1,1.0010522141323552,0.0010522141323552336
CLAIM_BASELINE_3SIGMA_CONVERSION,125,N,BIT7,64,64.085904359916114,0.0013422556236892813
CLAIM_BASELINE_3SIGMA_CONVERSION,125,N,BIT6,32,32.058096316271019,0.0018155098834693462
CLAIM_BASELINE_3SIGMA_CONVERSION,125,N,BIT5,16,16.017394458451765,0.0010871536532353065
CLAIM_BASELINE_3SIGMA_CONVERSION,125,N,BIT4,8,8.0113859427795795,0.0014232428474474368
CLAIM_BASELINE_3SIGMA_CONVERSION,125,N,BIT3,4,4.0074188535990842,0.0018547133997710574
CLAIM_BASELINE_3SIGMA_CONVERSION,125,N,BIT2,2,2.0019903144456492,0.00099515722282461638
CLAIM_BASELINE_3SIGMA_CONVERSION,125,N,BIT1,1,1.0036149793304392,0.0036149793304391942
CLAIM_BASELINE_3SIGMA_CONVERSION,125,N,DUMMY,1,0.99965508984207896,-0.00034491015792104118
CLAIM_BASELINE_3SIGMA_CONVERSION,126,P,BIT7,64,64.064667070214227,0.0010104229720973024
CLAIM_BASELINE_3SIGMA_CONVERSION,126,P,BIT6,32,31.936740013315728,-0.0019768745838835144
CLAIM_BASELINE_3SIGMA_CONVERSION,126,P,BIT5,16,16.009368225660968,0.00058551410381046942
CLAIM_BASELINE_3SIGMA_CONVERSION,126,P,BIT4,8,8.0048563335996814,0.00060704169996017576
CLAIM_BASELINE_3SIGMA_CONVERSION,126,P,BIT3,4,4.0112130402407988,0.0028032600601997082
CLAIM_BASELINE_3SIGMA_CONVERSION,126,P,BIT2,2,1.9942659579160726,-0.0028670210419636799
CLAIM_BASELINE_3SIGMA_CONVERSION,126,P,BIT1,1,0.99955985837225003,-0.00044014162774996812
CLAIM_BASELINE_3SIGMA_CONVERSION,126,P,DUMMY,1,0.99910812763942314,-0.00089187236057686192
CLAIM_BASELINE_3SIGMA_CONVERSION,126,N,BIT7,64,63.918961947131002,-0.001266219576078087
CLAIM_BASELINE_3SIGMA_CONVERSION,126,N,BIT6,32,31.965509445928795,-0.0010778298147251508
CLAIM_BASELINE_3SIGMA_CONVERSION,126,N,BIT5,16,16.046783953009832,0.0029239970631145251
CLAIM_BASELINE_3SIGMA_CONVERSION,126,N,BIT4,8,7.9594605640225726,-0.0050674294971784217
CLAIM_BASELINE_3SIGMA_CONVERSION,126,N,BIT3,4,4.0177487092758239,0.0044371773189559871
CLAIM_BASELINE_3SIGMA_CONVERSION,126,N,BIT2,2,1.997170242120299,-0.0014148789398504835
CLAIM_BASELINE_3SIGMA_CONVERSION,126,N,BIT1,1,1.0038462609077416,0.0038462609077416499
CLAIM_BASELINE_3SIGMA_CONVERSION,126,N,DUMMY,1,0.9943582434275593,-0.0056417565724407037
CLAIM_BASELINE_3SIGMA_CONVERSION,127,P,BIT7,64,63.968726450257847,-0.00048864921472113743
CLAIM_BASELINE_3SIGMA_CONVERSION,127,P,BIT6,32,32.030371909221287,0.00094912216316522802
CLAIM_BASELINE_3SIGMA_CONVERSION,127,P,BIT5,16,16.011156758841508,0.00069729742759427893
CLAIM_BASELINE_3SIGMA_CONVERSION,127,P,BIT4,8,7.9652867809074372,-0.0043391523865703441
CLAIM_BASELINE_3SIGMA_CONVERSION,127,P,BIT3,4,4.0032908472562827,0.00082271181407067573
CLAIM_BASELINE_3SIGMA_CONVERSION,127,P,BIT2,2,2.0095744349078011,0.0047872174539005385
CLAIM_BASELINE_3SIGMA_CONVERSION,127,P,BIT1,1,1.0108169284978874,0.010816928497887401
CLAIM_BASELINE_3SIGMA_CONVERSION,127,P,DUMMY,1,1.0003023999198388,0.00030239991983882497
CLAIM_BASELINE_3SIGMA_CONVERSION,127,N,BIT7,64,64.018604177818844,0.00029069027841943651
CLAIM_BASELINE_3SIGMA_CONVERSION,127,N,BIT6,32,31.996266035154704,-0.00011668640141548892
CLAIM_BASELINE_3SIGMA_CONVERSION,127,N,BIT5,16,15.928486600709245,-0.0044695874556721638
CLAIM_BASELINE_3SIGMA_CONVERSION,127,N,BIT4,8,7.9902336546806536,-0.001220793164918299
CLAIM_BASELINE_3SIGMA_CONVERSION,127,N,BIT3,4,3.9942908947324183,-0.0014272763168954317
CLAIM_BASELINE_3SIGMA_CONVERSION,127,N,BIT2,2,1.9948130681151146,-0.0025934659424426965
CLAIM_BASELINE_3SIGMA_CONVERSION,127,N,BIT1,1,0.9990589550308655,-0.00094104496913449687
CLAIM_BASELINE_3SIGMA_CONVERSION,127,N,DUMMY,1,0.99185948071837726,-0.0081405192816227379
CLAIM_BASELINE_3SIGMA_CONVERSION,128,P,BIT7,64,63.857943846126119,-0.0022196274042793895
CLAIM_BASELINE_3SIGMA_CONVERSION,128,P,BIT6,32,32.028488395712841,0.00089026236602629538
CLAIM_BASELINE_3SIGMA_CONVERSION,128,P,BIT5,16,16.01096549023174,0.0006853431394837628
CLAIM_BASELINE_3SIGMA_CONVERSION,128,P,BIT4,8,7.9915333652062372,-0.0010583293492203438
CLAIM_BASELINE_3SIGMA_CONVERSION,128,P,BIT3,4,4.0026929129381754,0.0006732282345438545
CLAIM_BASELINE_3SIGMA_CONVERSION,128,P,BIT2,2,2.0055218895085241,0.0027609447542620291
CLAIM_BASELINE_3SIGMA_CONVERSION,128,P,BIT1,1,0.99307669368778606,-0.0069233063122139393
CLAIM_BASELINE_3SIGMA_CONVERSION,128,P,DUMMY,1,1.0021099227573789,0.0021099227573788681
CLAIM_BASELINE_3SIGMA_CONVERSION,128,N,BIT7,64,63.906906597863198,-0.001454584408387527
CLAIM_BASELINE_3SIGMA_CONVERSION,128,N,BIT6,32,32.070838647878382,0.0022137077461994448
CLAIM_BASELINE_3SIGMA_CONVERSION,128,N,BIT5,16,15.95566268658936,-0.0027710820881650111
CLAIM_BASELINE_3SIGMA_CONVERSION,128,N,BIT4,8,8.004083105628224,0.00051038820352800052
CLAIM_BASELINE_3SIGMA_CONVERSION,128,N,BIT3,4,3.9911569390468289,-0.0022107652382927778
CLAIM_BASELINE_3SIGMA_CONVERSION,128,N,BIT2,2,1.9908467956132143,-0.0045766021933928425
CLAIM_BASELINE_3SIGMA_CONVERSION,128,N,BIT1,1,0.9951384366044761,-0.0048615633955239046
CLAIM_BASELINE_3SIGMA_CONVERSION,128,N,DUMMY,1,1.0043679217726111,0.0043679217726111386
CLAIM_BASELINE_3SIGMA_CONVERSION,129,P,BIT7,64,64.050317307234678,0.0007862079255418486
CLAIM_BASELINE_3SIGMA_CONVERSION,129,P,BIT6,32,31.946544947555992,-0.0016704703888752448
CLAIM_BASELINE_3SIGMA_CONVERSION,129,P,BIT5,16,15.972719901555054,-0.0017050061528091076
CLAIM_BASELINE_3SIGMA_CONVERSION,129,P,BIT4,8,7.9478660970092285,-0.0065167378738464343
CLAIM_BASELINE_3SIGMA_CONVERSION,129,P,BIT3,4,3.9832485240885576,-0.0041878689778606093
CLAIM_BASELINE_3SIGMA_CONVERSION,129,P,BIT2,2,2.0064870877854659,0.0032435438927329585
CLAIM_BASELINE_3SIGMA_CONVERSION,129,P,BIT1,1,0.99358927247790918,-0.00641072752209082
CLAIM_BASELINE_3SIGMA_CONVERSION,129,P,DUMMY,1,0.98146873011149594,-0.018531269888504065
CLAIM_BASELINE_3SIGMA_CONVERSION,129,N,BIT7,64,63.980475007247577,-0.00030507801175660987
CLAIM_BASELINE_3SIGMA_CONVERSION,129,N,BIT6,32,32.000352489495569,1.1015296736527347e-05
CLAIM_BASELINE_3SIGMA_CONVERSION,129,N,BIT5,16,16.043125268219498,0.0026953292637186266
CLAIM_BASELINE_3SIGMA_CONVERSION,129,N,BIT4,8,7.9860240751417511,-0.0017469906072811181
CLAIM_BASELINE_3SIGMA_CONVERSION,129,N,BIT3,4,3.9766414152604304,-0.0058396461848924108
CLAIM_BASELINE_3SIGMA_CONVERSION,129,N,BIT2,2,2.0064994414776454,0.0032497207388226812
CLAIM_BASELINE_3SIGMA_CONVERSION,129,N,BIT1,1,1.0054051746921984,0.0054051746921983668
CLAIM_BASELINE_3SIGMA_CONVERSION,129,N,DUMMY,1,1.0078345741977339,0.0078345741977339234
CLAIM_BASELINE_3SIGMA_CONVERSION,130,P,BIT7,64,64.016058542835623,0.00025091473180660628
CLAIM_BASELINE_3SIGMA_CONVERSION,130,P,BIT6,32,32.002241018096136,7.0031815504245643e-05
CLAIM_BASELINE_3SIGMA_CONVERSION,130,P,BIT5,16,15.978758376871617,-0.0013276014455239071
CLAIM_BASELINE_3SIGMA_CONVERSION,130,P,BIT4,8,8.0373561690704491,0.0046695211338061426
CLAIM_BASELINE_3SIGMA_CONVERSION,130,P,BIT3,4,4.0046323396024359,0.00115808490060898
CLAIM_BASELINE_3SIGMA_CONVERSION,130,P,BIT2,2,2.0048478775234493,0.0024239387617246422
CLAIM_BASELINE_3SIGMA_CONVERSION,130,P,BIT1,1,1.0111823107906175,0.011182310790617489
CLAIM_BASELINE_3SIGMA_CONVERSION,130,P,DUMMY,1,1.0033220953087287,0.0033220953087287342
CLAIM_BASELINE_3SIGMA_CONVERSION,130,N,BIT7,64,64.036232582389715,0.00056613409983929941
CLAIM_BASELINE_3SIGMA_CONVERSION,130,N,BIT6,32,31.999927184674448,-2.2754789235079897e-06
CLAIM_BASELINE_3SIGMA_CONVERSION,130,N,BIT5,16,15.96768210887611,-0.0020198681952431352
CLAIM_BASELINE_3SIGMA_CONVERSION,130,N,BIT4,8,8.0300516479249069,0.003756455990613361
CLAIM_BASELINE_3SIGMA_CONVERSION,130,N,BIT3,4,3.9938247564509339,-0.0015438108872665168
CLAIM_BASELINE_3SIGMA_CONVERSION,130,N,BIT2,2,2.0104175977824514,0.0052087988912257188
CLAIM_BASELINE_3SIGMA_CONVERSION,130,N,BIT1,1,0.99555367185115595,-0.0044463281488440476
CLAIM_BASELINE_3SIGMA_CONVERSION,130,N,DUMMY,1,1.0121145188561897,0.012114518856189749
CLAIM_BASELINE_3SIGMA_CONVERSION,131,P,BIT7,64,63.982551142038446,-0.00027263840564928365
CLAIM_BASELINE_3SIGMA_CONVERSION,131,P,BIT6,32,31.956863237911755,-0.0013480238152576707
CLAIM_BASELINE_3SIGMA_CONVERSION,131,P,BIT5,16,15.993724835217055,-0.00039219779893406859
CLAIM_BASELINE_3SIGMA_CONVERSION,131,P,BIT4,8,7.964205982039922,-0.0044742522450097466
CLAIM_BASELINE_3SIGMA_CONVERSION,131,P,BIT3,4,3.9935214377301671,-0.0016196405674582248
CLAIM_BASELINE_3SIGMA_CONVERSION,131,P,BIT2,2,2.0180257533275925,0.0090128766637962432
CLAIM_BASELINE_3SIGMA_CONVERSION,131,P,BIT1,1,1.0009424963250977,0.00094249632509768588
CLAIM_BASELINE_3SIGMA_CONVERSION,131,P,DUMMY,1,1.0112377788280975,0.011237778828097511
CLAIM_BASELINE_3SIGMA_CONVERSION,131,N,BIT7,64,64.03533338209607,0.00055208409525109303
CLAIM_BASELINE_3SIGMA_CONVERSION,131,N,BIT6,32,31.969518174657967,-0.00095255704193852875
CLAIM_BASELINE_3SIGMA_CONVERSION,131,N,BIT5,16,16.035502716970825,0.0022189198106765673
CLAIM_BASELINE_3SIGMA_CONVERSION,131,N,BIT4,8,7.9974851589084617,-0.00031435513644229029
CLAIM_BASELINE_3SIGMA_CONVERSION,131,N,BIT3,4,3.9905099162769933,-0.002372520930751687
CLAIM_BASELINE_3SIGMA_CONVERSION,131,N,BIT2,2,2.0085796519486747,0.0042898259743373579
CLAIM_BASELINE_3SIGMA_CONVERSION,131,N,BIT1,1,0.98645611799753763,-0.013543882002462371
CLAIM_BASELINE_3SIGMA_CONVERSION,131,N,DUMMY,1,0.9867236525508386,-0.013276347449161396
CLAIM_BASELINE_3SIGMA_CONVERSION,132,P,BIT7,64,63.992851311429263,-0.00011169825891776952
CLAIM_BASELINE_3SIGMA_CONVERSION,132,P,BIT6,32,31.975038584646125,-0.00078004422980859633
CLAIM_BASELINE_3SIGMA_CONVERSION,132,P,BIT5,16,15.935988559071504,-0.0040007150580310125
CLAIM_BASELINE_3SIGMA_CONVERSION,132,P,BIT4,8,7.9832537134665316,-0.0020932858166835544
CLAIM_BASELINE_3SIGMA_CONVERSION,132,P,BIT3,4,3.9982505771726626,-0.00043735570683434144
CLAIM_BASELINE_3SIGMA_CONVERSION,132,P,BIT2,2,2.0078392301456693,0.0039196150728346701
CLAIM_BASELINE_3SIGMA_CONVERSION,132,P,BIT1,1,1.0033879715879406,0.0033879715879405747
CLAIM_BASELINE_3SIGMA_CONVERSION,132,P,DUMMY,1,0.9997196183612278,-0.00028038163877219802
CLAIM_BASELINE_3SIGMA_CONVERSION,132,N,BIT7,64,64.071872353893937,0.0011230055295927688
CLAIM_BASELINE_3SIGMA_CONVERSION,132,N,BIT6,32,32.014067197658875,0.00043959992683983984
CLAIM_BASELINE_3SIGMA_CONVERSION,132,N,BIT5,16,16.019361407308573,0.0012100879567857881
CLAIM_BASELINE_3SIGMA_CONVERSION,132,N,BIT4,8,8.0024062996543339,0.00030078745679174013
CLAIM_BASELINE_3SIGMA_CONVERSION,132,N,BIT3,4,3.9880453612228983,-0.0029886596942754196
CLAIM_BASELINE_3SIGMA_CONVERSION,132,N,BIT2,2,2.0060360788879095,0.0030180394439547342
CLAIM_BASELINE_3SIGMA_CONVERSION,132,N,BIT1,1,1.0063793418230718,0.0063793418230717602
CLAIM_BASELINE_3SIGMA_CONVERSION,132,N,DUMMY,1,1.0058508878963832,0.0058508878963832167
CLAIM_BASELINE_3SIGMA_CONVERSION,133,P,BIT7,64,63.992697097363113,-0.00011410785370136178
CLAIM_BASELINE_3SIGMA_CONVERSION,133,P,BIT6,32,32.053297427374531,0.0016655446054540946
CLAIM_BASELINE_3SIGMA_CONVERSION,133,P,BIT5,16,16.011982275096663,0.00074889219354146164
CLAIM_BASELINE_3SIGMA_CONVERSION,133,P,BIT4,8,7.9994810739571856,-6.4865755351806165e-05
CLAIM_BASELINE_3SIGMA_CONVERSION,133,P,BIT3,4,3.9886767567996086,-0.0028308108000978383
CLAIM_BASELINE_3SIGMA_CONVERSION,133,P,BIT2,2,2.0071759606622028,0.0035879803311014147
CLAIM_BASELINE_3SIGMA_CONVERSION,133,P,BIT1,1,1.0022202640292934,0.0022202640292934284
CLAIM_BASELINE_3SIGMA_CONVERSION,133,P,DUMMY,1,1.0090182221186357,0.009018222118635677
CLAIM_BASELINE_3SIGMA_CONVERSION,133,N,BIT7,64,64.17835165018667,0.0027867445341667185
CLAIM_BASELINE_3SIGMA_CONVERSION,133,N,BIT6,32,31.927493527199431,-0.0022658272750177844
CLAIM_BASELINE_3SIGMA_CONVERSION,133,N,BIT5,16,16.017675257040452,0.0011047035650282311
CLAIM_BASELINE_3SIGMA_CONVERSION,133,N,BIT4,8,8.0018016109338213,0.00022520136672765645
CLAIM_BASELINE_3SIGMA_CONVERSION,133,N,BIT3,4,4.0084847600793188,0.0021211900198296885
CLAIM_BASELINE_3SIGMA_CONVERSION,133,N,BIT2,2,1.9794318937641195,-0.010284053117940228
CLAIM_BASELINE_3SIGMA_CONVERSION,133,N,BIT1,1,1.0131751345528284,0.013175134552828371
CLAIM_BASELINE_3SIGMA_CONVERSION,133,N,DUMMY,1,1.0019746044156579,0.0019746044156578879
CLAIM_BASELINE_3SIGMA_CONVERSION,134,P,BIT7,64,64.056829596221533,0.00088796244096145394
CLAIM_BASELINE_3SIGMA_CONVERSION,134,P,BIT6,32,31.893367923296303,-0.0033322523969905316
CLAIM_BASELINE_3SIGMA_CONVERSION,134,P,BIT5,16,16.022336984904513,0.0013960615565320467
CLAIM_BASELINE_3SIGMA_CONVERSION,134,P,BIT4,8,8.0113178601540191,0.001414732519252393
CLAIM_BASELINE_3SIGMA_CONVERSION,134,P,BIT3,4,4.0059885984308812,0.0014971496077202939
CLAIM_BASELINE_3SIGMA_CONVERSION,134,P,BIT2,2,1.9915894252564819,-0.00420528737175907
CLAIM_BASELINE_3SIGMA_CONVERSION,134,P,BIT1,1,0.99801525817691761,-0.0019847418230823921
CLAIM_BASELINE_3SIGMA_CONVERSION,134,P,DUMMY,1,1.0025016456331872,0.0025016456331872217
CLAIM_BASELINE_3SIGMA_CONVERSION,134,N,BIT7,64,63.922877842215513,-0.0012050337153826085
CLAIM_BASELINE_3SIGMA_CONVERSION,134,N,BIT6,32,32.023115905864898,0.00072237205827807571
CLAIM_BASELINE_3SIGMA_CONVERSION,134,N,BIT5,16,15.973832533451541,-0.001635466659278717
CLAIM_BASELINE_3SIGMA_CONVERSION,134,N,BIT4,8,7.98689142578983,-0.0016385717762712471
CLAIM_BASELINE_3SIGMA_CONVERSION,134,N,BIT3,4,3.9872007431802183,-0.003199814204945417
CLAIM_BASELINE_3SIGMA_CONVERSION,134,N,BIT2,2,2.0050439119989036,0.0025219559994518193
CLAIM_BASELINE_3SIGMA_CONVERSION,134,N,BIT1,1,0.98954687137841502,-0.010453128621584984
CLAIM_BASELINE_3SIGMA_CONVERSION,134,N,DUMMY,1,1.0099334755519009,0.0099334755519009388
CLAIM_BASELINE_3SIGMA_CONVERSION,135,P,BIT7,64,64.089049905656964,0.0013914047758900594
CLAIM_BASELINE_3SIGMA_CONVERSION,135,P,BIT6,32,31.960544353565215,-0.0012329889510870329
CLAIM_BASELINE_3SIGMA_CONVERSION,135,P,BIT5,16,15.990606847769534,-0.00058707201440411083
CLAIM_BASELINE_3SIGMA_CONVERSION,135,P,BIT4,8,8.0046323947245916,0.00057904934057395607
CLAIM_BASELINE_3SIGMA_CONVERSION,135,P,BIT3,4,3.9975132094615633,-0.00062169763460917515
CLAIM_BASELINE_3SIGMA_CONVERSION,135,P,BIT2,2,2.0255038322128729,0.012751916106436445
CLAIM_BASELINE_3SIGMA_CONVERSION,135,P,BIT1,1,1.001008126640158,0.0010081266401580358
CLAIM_BASELINE_3SIGMA_CONVERSION,135,P,DUMMY,1,1.0094114836432113,0.0094114836432113158
CLAIM_BASELINE_3SIGMA_CONVERSION,135,N,BIT7,64,64.082356700828882,0.0012868234504512799
CLAIM_BASELINE_3SIGMA_CONVERSION,135,N,BIT6,32,32.021389357864855,0.00066841743327672454
CLAIM_BASELINE_3SIGMA_CONVERSION,135,N,BIT5,16,15.986793486495097,-0.00082540709405642954
CLAIM_BASELINE_3SIGMA_CONVERSION,135,N,BIT4,8,8.0286282840585965,0.003578535507324565
CLAIM_BASELINE_3SIGMA_CONVERSION,135,N,BIT3,4,3.9767325369949424,-0.0058168657512643884
CLAIM_BASELINE_3SIGMA_CONVERSION,135,N,BIT2,2,2.0020509423379176,0.0010254711689587914
CLAIM_BASELINE_3SIGMA_CONVERSION,135,N,BIT1,1,0.99513128087217251,-0.0048687191278274922
CLAIM_BASELINE_3SIGMA_CONVERSION,135,N,DUMMY,1,1.0017882983952977,0.001788298395297705
CLAIM_BASELINE_3SIGMA_CONVERSION,136,P,BIT7,64,63.890004458291457,-0.0017186803391959771
CLAIM_BASELINE_3SIGMA_CONVERSION,136,P,BIT6,32,32.020333502119868,0.00063542194124588391
CLAIM_BASELINE_3SIGMA_CONVERSION,136,P,BIT5,16,16.020238940497123,0.0012649337810701766
CLAIM_BASELINE_3SIGMA_CONVERSION,136,P,BIT4,8,7.9890934592309906,-0.001363317596126179
CLAIM_BASELINE_3SIGMA_CONVERSION,136,P,BIT3,4,4.0042996516051215,0.0010749129012803671
CLAIM_BASELINE_3SIGMA_CONVERSION,136,P,BIT2,2,2.0135912727969938,0.0067956363984968959
CLAIM_BASELINE_3SIGMA_CONVERSION,136,P,BIT1,1,1.0054618378702129,0.0054618378702129267
CLAIM_BASELINE_3SIGMA_CONVERSION,136,P,DUMMY,1,1.0017435488855828,0.001743548885582813
CLAIM_BASELINE_3SIGMA_CONVERSION,136,N,BIT7,64,63.995042158890165,-7.7466267341175232e-05
CLAIM_BASELINE_3SIGMA_CONVERSION,136,N,BIT6,32,31.98139451300467,-0.00058142146860407085
CLAIM_BASELINE_3SIGMA_CONVERSION,136,N,BIT5,16,16.013385536481657,0.00083659603010355355
CLAIM_BASELINE_3SIGMA_CONVERSION,136,N,BIT4,8,7.9910906815874103,-0.0011136648015737105
CLAIM_BASELINE_3SIGMA_CONVERSION,136,N,BIT3,4,4.0077858125244559,0.0019464531311139677
CLAIM_BASELINE_3SIGMA_CONVERSION,136,N,BIT2,2,2.006370950700946,0.0031854753504729771
CLAIM_BASELINE_3SIGMA_CONVERSION,136,N,BIT1,1,1.018574371145583,0.018574371145583024
CLAIM_BASELINE_3SIGMA_CONVERSION,136,N,DUMMY,1,0.99550006653278356,-0.0044999334672164437
CLAIM_BASELINE_3SIGMA_CONVERSION,137,P,BIT7,64,64.019516607050065,0.00030494698515726171
CLAIM_BASELINE_3SIGMA_CONVERSION,137,P,BIT6,32,31.994018949269694,-0.00018690783532204769
CLAIM_BASELINE_3SIGMA_CONVERSION,137,P,BIT5,16,15.966378715103577,-0.0021013303060264388
CLAIM_BASELINE_3SIGMA_CONVERSION,137,P,BIT4,8,8.0033160963191818,0.00041451203989772978
CLAIM_BASELINE_3SIGMA_CONVERSION,137,P,BIT3,4,3.9870194274690816,-0.003245143132729611
CLAIM_BASELINE_3SIGMA_CONVERSION,137,P,BIT2,2,2.0020419979200215,0.0010209989600107328
CLAIM_BASELINE_3SIGMA_CONVERSION,137,P,BIT1,1,1.0028373743349317,0.0028373743349316971
CLAIM_BASELINE_3SIGMA_CONVERSION,137,P,DUMMY,1,0.99822320860044988,-0.001776791399550115
CLAIM_BASELINE_3SIGMA_CONVERSION,137,N,BIT7,64,64.138390763748959,0.0021623556835774771
CLAIM_BASELINE_3SIGMA_CONVERSION,137,N,BIT6,32,31.95231834195684,-0.0014900518138487584
CLAIM_BASELINE_3SIGMA_CONVERSION,137,N,BIT5,16,16.03771199905313,0.0023569999408206144
CLAIM_BASELINE_3SIGMA_CONVERSION,137,N,BIT4,8,7.9631193997072636,-0.004610075036592054
CLAIM_BASELINE_3SIGMA_CONVERSION,137,N,BIT3,4,3.9822119801557916,-0.0044470049610521034
CLAIM_BASELINE_3SIGMA_CONVERSION,137,N,BIT2,2,1.9867394312697049,-0.0066302843651475651
CLAIM_BASELINE_3SIGMA_CONVERSION,137,N,BIT1,1,0.99893307579214174,-0.0010669242078582553
CLAIM_BASELINE_3SIGMA_CONVERSION,137,N,DUMMY,1,1.0037946271797547,0.0037946271797546505
CLAIM_BASELINE_3SIGMA_CONVERSION,138,P,BIT7,64,63.87848277775538,-0.0018987065975721862
CLAIM_BASELINE_3SIGMA_CONVERSION,138,P,BIT6,32,32.056263263728404,0.0017582269915126236
CLAIM_BASELINE_3SIGMA_CONVERSION,138,P,BIT5,16,16.004744872345263,0.00029655452157895112
CLAIM_BASELINE_3SIGMA_CONVERSION,138,P,BIT4,8,7.993117847916599,-0.00086026901042512982
CLAIM_BASELINE_3SIGMA_CONVERSION,138,P,BIT3,4,4.0119930629029952,0.0029982657257487944
CLAIM_BASELINE_3SIGMA_CONVERSION,138,P,BIT2,2,1.9998119163386694,-9.4041830665303472e-05
CLAIM_BASELINE_3SIGMA_CONVERSION,138,P,BIT1,1,1.000707535530843,0.00070753553084301757
CLAIM_BASELINE_3SIGMA_CONVERSION,138,P,DUMMY,1,0.99331461488913597,-0.0066853851108640283
CLAIM_BASELINE_3SIGMA_CONVERSION,138,N,BIT7,64,64.073497478928829,0.0011483981082629491
CLAIM_BASELINE_3SIGMA_CONVERSION,138,N,BIT6,32,32.081002508128037,0.0025313283790011631
CLAIM_BASELINE_3SIGMA_CONVERSION,138,N,BIT5,16,15.998256456870152,-0.0001089714456155022
CLAIM_BASELINE_3SIGMA_CONVERSION,138,N,BIT4,8,8.0077369369511526,0.00096711711889407859
CLAIM_BASELINE_3SIGMA_CONVERSION,138,N,BIT3,4,4.0033353033353087,0.00083382583382718423
CLAIM_BASELINE_3SIGMA_CONVERSION,138,N,BIT2,2,1.9921277341079286,-0.0039361329460356753
CLAIM_BASELINE_3SIGMA_CONVERSION,138,N,BIT1,1,1.0071128798894362,0.0071128798894362077
CLAIM_BASELINE_3SIGMA_CONVERSION,138,N,DUMMY,1,1.0006505213049304,0.00065052130493037374
CLAIM_BASELINE_3SIGMA_CONVERSION,139,P,BIT7,64,63.922669785980702,-0.0012082845940515341
CLAIM_BASELINE_3SIGMA_CONVERSION,139,P,BIT6,32,31.955851991331883,-0.0013796252708786483
CLAIM_BASELINE_3SIGMA_CONVERSION,139,P,BIT5,16,15.993063848711669,-0.00043350945552067532
CLAIM_BASELINE_3SIGMA_CONVERSION,139,P,BIT4,8,8.0145383944219581,0.0018172993027447681
CLAIM_BASELINE_3SIGMA_CONVERSION,139,P,BIT3,4,4.0178432320018622,0.0044608080004655548
CLAIM_BASELINE_3SIGMA_CONVERSION,139,P,BIT2,2,2.0139467953543924,0.0069733976771961803
CLAIM_BASELINE_3SIGMA_CONVERSION,139,P,BIT1,1,1.0078888505678707,0.0078888505678706977
CLAIM_BASELINE_3SIGMA_CONVERSION,139,P,DUMMY,1,1.0045090176025766,0.0045090176025766038
CLAIM_BASELINE_3SIGMA_CONVERSION,139,N,BIT7,64,64.054088343407273,0.00084513036573863332
CLAIM_BASELINE_3SIGMA_CONVERSION,139,N,BIT6,32,32.090166420885723,0.002817700652678834
CLAIM_BASELINE_3SIGMA_CONVERSION,139,N,BIT5,16,16.011145381249506,0.00069658632809410648
CLAIM_BASELINE_3SIGMA_CONVERSION,139,N,BIT4,8,7.9820343485746363,-0.0022457064281704575
CLAIM_BASELINE_3SIGMA_CONVERSION,139,N,BIT3,4,3.9834397677021665,-0.0041400580744583859
CLAIM_BASELINE_3SIGMA_CONVERSION,139,N,BIT2,2,2.0053820147903529,0.0026910073951764701
CLAIM_BASELINE_3SIGMA_CONVERSION,139,N,BIT1,1,1.001288061048474,0.0012880610484740096
CLAIM_BASELINE_3SIGMA_CONVERSION,139,N,DUMMY,1,0.99590596257745312,-0.0040940374225468812
CLAIM_BASELINE_3SIGMA_CONVERSION,140,P,BIT7,64,63.88616001201293,-0.001778749812297975
CLAIM_BASELINE_3SIGMA_CONVERSION,140,P,BIT6,32,31.97708871270072,-0.00071597772810250149
CLAIM_BASELINE_3SIGMA_CONVERSION,140,P,BIT5,16,16.002961583000154,0.00018509893750962014
CLAIM_BASELINE_3SIGMA_CONVERSION,140,P,BIT4,8,8.0249371136775274,0.0031171392096909223
CLAIM_BASELINE_3SIGMA_CONVERSION,140,P,BIT3,4,3.9989929643602782,-0.00025175890993045513
CLAIM_BASELINE_3SIGMA_CONVERSION,140,P,BIT2,2,2.0021459795244856,0.0010729897622427931
CLAIM_BASELINE_3SIGMA_CONVERSION,140,P,BIT1,1,1.0053926568014255,0.0053926568014255327
CLAIM_BASELINE_3SIGMA_CONVERSION,140,P,DUMMY,1,0.9970187164584291,-0.0029812835415709005
CLAIM_BASELINE_3SIGMA_CONVERSION,140,N,BIT7,64,63.867762527080423,-0.002066210514368394
CLAIM_BASELINE_3SIGMA_CONVERSION,140,N,BIT6,32,32.023737053746906,0.00074178292959081737
CLAIM_BASELINE_3SIGMA_CONVERSION,140,N,BIT5,16,16.024471731421499,0.0015294832138437187
CLAIM_BASELINE_3SIGMA_CONVERSION,140,N,BIT4,8,7.9989617727359708,-0.0001297784080036557
CLAIM_BASELINE_3SIGMA_CONVERSION,140,N,BIT3,4,3.9842764166400393,-0.0039308958399901783
CLAIM_BASELINE_3SIGMA_CONVERSION,140,N,BIT2,2,2.0181728132913612,0.0090864066456806114
CLAIM_BASELINE_3SIGMA_CONVERSION,140,N,BIT1,1,1.0065973411732643,0.0065973411732642706
CLAIM_BASELINE_3SIGMA_CONVERSION,140,N,DUMMY,1,0.99627844657530995,-0.0037215534246900495
CLAIM_BASELINE_3SIGMA_CONVERSION,141,P,BIT7,64,64.000045665068896,7.1351670150043844e-07
CLAIM_BASELINE_3SIGMA_CONVERSION,141,P,BIT6,32,31.983065969143304,-0.00052918846427174593
CLAIM_BASELINE_3SIGMA_CONVERSION,141,P,BIT5,16,15.996436433188086,-0.00022272292574465613
CLAIM_BASELINE_3SIGMA_CONVERSION,141,P,BIT4,8,8.0226562998076574,0.002832037475957172
CLAIM_BASELINE_3SIGMA_CONVERSION,141,P,BIT3,4,3.9920803550536328,-0.0019799112365918026
CLAIM_BASELINE_3SIGMA_CONVERSION,141,P,BIT2,2,1.9911828870741153,-0.004408556462942359
CLAIM_BASELINE_3SIGMA_CONVERSION,141,P,BIT1,1,1.0104981230425922,0.010498123042592233
CLAIM_BASELINE_3SIGMA_CONVERSION,141,P,DUMMY,1,0.9924252124688272,-0.0075747875311727997
CLAIM_BASELINE_3SIGMA_CONVERSION,141,N,BIT7,64,63.978274114000037,-0.0003394669687494245
CLAIM_BASELINE_3SIGMA_CONVERSION,141,N,BIT6,32,31.981337330873771,-0.00058320841019465774
CLAIM_BASELINE_3SIGMA_CONVERSION,141,N,BIT5,16,15.968977503959753,-0.0019389060025154503
CLAIM_BASELINE_3SIGMA_CONVERSION,141,N,BIT4,8,8.0147571681549543,0.0018446460193692893
CLAIM_BASELINE_3SIGMA_CONVERSION,141,N,BIT3,4,4.0101562674612721,0.0025390668653180182
CLAIM_BASELINE_3SIGMA_CONVERSION,141,N,BIT2,2,1.9923270642752078,-0.003836467862396109
CLAIM_BASELINE_3SIGMA_CONVERSION,141,N,BIT1,1,0.99310231266192028,-0.0068976873380797166
CLAIM_BASELINE_3SIGMA_CONVERSION,141,N,DUMMY,1,1.0073939652620809,0.0073939652620809149
CLAIM_BASELINE_3SIGMA_CONVERSION,142,P,BIT7,64,63.899656781236217,-0.0015678627931841049
CLAIM_BASELINE_3SIGMA_CONVERSION,142,P,BIT6,32,32.006093373688032,0.00019041792775098543
CLAIM_BASELINE_3SIGMA_CONVERSION,142,P,BIT5,16,16.03638600548388,0.0022741253427425168
CLAIM_BASELINE_3SIGMA_CONVERSION,142,P,BIT4,8,7.9802534646270544,-0.0024683169216181966
CLAIM_BASELINE_3SIGMA_CONVERSION,142,P,BIT3,4,4.0107288954303124,0.0026822238575781032
CLAIM_BASELINE_3SIGMA_CONVERSION,142,P,BIT2,2,1.9974217359448563,-0.0012891320275718599
CLAIM_BASELINE_3SIGMA_CONVERSION,142,P,BIT1,1,1.0091274740383513,0.0091274740383513464
CLAIM_BASELINE_3SIGMA_CONVERSION,142,P,DUMMY,1,1.0014306100088093,0.0014306100088092855
CLAIM_BASELINE_3SIGMA_CONVERSION,142,N,BIT7,64,64.056962602002187,0.0008900406562841745
CLAIM_BASELINE_3SIGMA_CONVERSION,142,N,BIT6,32,32.050524956310824,0.0015789048847132392
CLAIM_BASELINE_3SIGMA_CONVERSION,142,N,BIT5,16,16.047075792992423,0.0029422370620264537
CLAIM_BASELINE_3SIGMA_CONVERSION,142,N,BIT4,8,7.9917269546883372,-0.0010341306639578551
CLAIM_BASELINE_3SIGMA_CONVERSION,142,N,BIT3,4,4.010728955419105,0.0026822388547762532
CLAIM_BASELINE_3SIGMA_CONVERSION,142,N,BIT2,2,2.0058794964731299,0.0029397482365649541
CLAIM_BASELINE_3SIGMA_CONVERSION,142,N,BIT1,1,0.99411577463740708,-0.0058842253625929208
CLAIM_BASELINE_3SIGMA_CONVERSION,142,N,DUMMY,1,0.99680546365883049,-0.0031945363411695071
CLAIM_BASELINE_3SIGMA_CONVERSION,143,P,BIT7,64,63.966604800038716,-0.00052179999939505617
CLAIM_BASELINE_3SIGMA_CONVERSION,143,P,BIT6,32,32.049273810185298,0.0015398065682905582
CLAIM_BASELINE_3SIGMA_CONVERSION,143,P,BIT5,16,16.009686908395427,0.00060543177471417131
CLAIM_BASELINE_3SIGMA_CONVERSION,143,P,BIT4,8,7.9723055548427606,-0.003461805644654925
CLAIM_BASELINE_3SIGMA_CONVERSION,143,P,BIT3,4,4.0103533822592929,0.0025883455648232356
CLAIM_BASELINE_3SIGMA_CONVERSION,143,P,BIT2,2,2.0104745773268471,0.0052372886634235449
CLAIM_BASELINE_3SIGMA_CONVERSION,143,P,BIT1,1,1.000776112246438,0.00077611224643803212
CLAIM_BASELINE_3SIGMA_CONVERSION,143,P,DUMMY,1,1.0022727125314752,0.0022727125314752072
CLAIM_BASELINE_3SIGMA_CONVERSION,143,N,BIT7,64,63.964435994721434,-0.00055568758247759309
CLAIM_BASELINE_3SIGMA_CONVERSION,143,N,BIT6,32,32.030037217064915,0.00093866303327860834
CLAIM_BASELINE_3SIGMA_CONVERSION,143,N,BIT5,16,15.999303520314186,-4.3529980363388177e-05
CLAIM_BASELINE_3SIGMA_CONVERSION,143,N,BIT4,8,7.9966155542036068,-0.00042305572454914842
CLAIM_BASELINE_3SIGMA_CONVERSION,143,N,BIT3,4,4.003028652008493,0.00075716300212325116
CLAIM_BASELINE_3SIGMA_CONVERSION,143,N,BIT2,2,1.9989878373937486,-0.00050608130312568278
CLAIM_BASELINE_3SIGMA_CONVERSION,143,N,BIT1,1,1.0001310808420172,0.00013108084201718384
CLAIM_BASELINE_3SIGMA_CONVERSION,143,N,DUMMY,1,0.99779649121005287,-0.0022035087899471284
CLAIM_BASELINE_3SIGMA_CONVERSION,144,P,BIT7,64,64.0718652976702,0.0011228952760968802
CLAIM_BASELINE_3SIGMA_CONVERSION,144,P,BIT6,32,31.91948844625318,-0.0025159860545881374
CLAIM_BASELINE_3SIGMA_CONVERSION,144,P,BIT5,16,15.987341926052483,-0.00079112962171978829
CLAIM_BASELINE_3SIGMA_CONVERSION,144,P,BIT4,8,7.9971529055530803,-0.0003558868058649578
CLAIM_BASELINE_3SIGMA_CONVERSION,144,P,BIT3,4,4.0007609119798673,0.00019022799496681841
CLAIM_BASELINE_3SIGMA_CONVERSION,144,P,BIT2,2,2.0011370782356721,0.00056853911783605326
CLAIM_BASELINE_3SIGMA_CONVERSION,144,P,BIT1,1,0.99908680704414532,-0.0009131929558546803
CLAIM_BASELINE_3SIGMA_CONVERSION,144,P,DUMMY,1,0.99967642605362139,-0.00032357394637860803
CLAIM_BASELINE_3SIGMA_CONVERSION,144,N,BIT7,64,64.062178453858067,0.00097153834153229646
CLAIM_BASELINE_3SIGMA_CONVERSION,144,N,BIT6,32,32.047951517463822,0.0014984849207444473
CLAIM_BASELINE_3SIGMA_CONVERSION,144,N,BIT5,16,16.048879201144942,0.0030549500715588707
CLAIM_BASELINE_3SIGMA_CONVERSION,144,N,BIT4,8,7.9795721628142786,-0.0025534796482151734
CLAIM_BASELINE_3SIGMA_CONVERSION,144,N,BIT3,4,3.9570651062100168,-0.010733723447495791
CLAIM_BASELINE_3SIGMA_CONVERSION,144,N,BIT2,2,1.9827328074335129,-0.0086335962832435609
CLAIM_BASELINE_3SIGMA_CONVERSION,144,N,BIT1,1,1.0005097316129448,0.00050973161294476377
CLAIM_BASELINE_3SIGMA_CONVERSION,144,N,DUMMY,1,0.98467507460062997,-0.015324925399370026
CLAIM_BASELINE_3SIGMA_CONVERSION,145,P,BIT7,64,64.107665190526205,0.001682268601971959
CLAIM_BASELINE_3SIGMA_CONVERSION,145,P,BIT6,32,32.057412970020437,0.0017941553131386456
CLAIM_BASELINE_3SIGMA_CONVERSION,145,P,BIT5,16,16.058078044143812,0.0036298777589882647
CLAIM_BASELINE_3SIGMA_CONVERSION,145,P,BIT4,8,8.0379187819055922,0.0047398477381990212
CLAIM_BASELINE_3SIGMA_CONVERSION,145,P,BIT3,4,3.9680227068609977,-0.0079943232847505818
CLAIM_BASELINE_3SIGMA_CONVERSION,145,P,BIT2,2,2.0051661327934056,0.0025830663967028045
CLAIM_BASELINE_3SIGMA_CONVERSION,145,P,BIT1,1,0.99635634609258872,-0.0036436539074112817
CLAIM_BASELINE_3SIGMA_CONVERSION,145,P,DUMMY,1,1.00053072823691,0.00053072823691002746
CLAIM_BASELINE_3SIGMA_CONVERSION,145,N,BIT7,64,64.04238987620802,0.00066234181575031137
CLAIM_BASELINE_3SIGMA_CONVERSION,145,N,BIT6,32,31.967632161291281,-0.0010114949596474743
CLAIM_BASELINE_3SIGMA_CONVERSION,145,N,BIT5,16,16.032021275750466,0.0020013297344041447
CLAIM_BASELINE_3SIGMA_CONVERSION,145,N,BIT4,8,7.9941217750963034,-0.00073477811296207562
CLAIM_BASELINE_3SIGMA_CONVERSION,145,N,BIT3,4,3.9900747794792082,-0.0024813051301979527
CLAIM_BASELINE_3SIGMA_CONVERSION,145,N,BIT2,2,2.0020171855106632,0.0010085927553316054
CLAIM_BASELINE_3SIGMA_CONVERSION,145,N,BIT1,1,1.0017325107482675,0.0017325107482675239
CLAIM_BASELINE_3SIGMA_CONVERSION,145,N,DUMMY,1,0.99042667943568741,-0.0095733205643125929
CLAIM_BASELINE_3SIGMA_CONVERSION,146,P,BIT7,64,63.997795000189669,-3.4453122036426365e-05
CLAIM_BASELINE_3SIGMA_CONVERSION,146,P,BIT6,32,32.051774596071979,0.0016179561272493537
CLAIM_BASELINE_3SIGMA_CONVERSION,146,P,BIT5,16,15.973263708022355,-0.0016710182486028291
CLAIM_BASELINE_3SIGMA_CONVERSION,146,P,BIT4,8,8.0003427563194727,4.284453993408377e-05
CLAIM_BASELINE_3SIGMA_CONVERSION,146,P,BIT3,4,3.9844354161454132,-0.0038911459636467027
CLAIM_BASELINE_3SIGMA_CONVERSION,146,P,BIT2,2,1.9653749231668292,-0.017312538416585421
CLAIM_BASELINE_3SIGMA_CONVERSION,146,P,BIT1,1,1.0004267291612916,0.00042672916129160576
CLAIM_BASELINE_3SIGMA_CONVERSION,146,P,DUMMY,1,1.0054864335637219,0.0054864335637219153
CLAIM_BASELINE_3SIGMA_CONVERSION,146,N,BIT7,64,63.985338104570154,-0.00022909211609134505
CLAIM_BASELINE_3SIGMA_CONVERSION,146,N,BIT6,32,31.994093531658223,-0.00018457713568054146
CLAIM_BASELINE_3SIGMA_CONVERSION,146,N,BIT5,16,16.015678558770727,0.00097990992317043002
CLAIM_BASELINE_3SIGMA_CONVERSION,146,N,BIT4,8,8.0081070562847554,0.0010133820355944234
CLAIM_BASELINE_3SIGMA_CONVERSION,146,N,BIT3,4,3.9970429258951339,-0.00073926852621652994
CLAIM_BASELINE_3SIGMA_CONVERSION,146,N,BIT2,2,2.0194300363432007,0.0097150181716003647
CLAIM_BASELINE_3SIGMA_CONVERSION,146,N,BIT1,1,0.99808714822471212,-0.0019128517752878826
CLAIM_BASELINE_3SIGMA_CONVERSION,146,N,DUMMY,1,0.99336175726408282,-0.006638242735917177
CLAIM_BASELINE_3SIGMA_CONVERSION,147,P,BIT7,64,63.90630332929841,-0.001464010479712341
CLAIM_BASELINE_3SIGMA_CONVERSION,147,P,BIT6,32,32.007711531420988,0.00024098535690586509
CLAIM_BASELINE_3SIGMA_CONVERSION,147,P,BIT5,16,15.97211118046965,-0.0017430512206468851
CLAIM_BASELINE_3SIGMA_CONVERSION,147,P,BIT4,8,8.0105321548108623,0.0013165193513577922
CLAIM_BASELINE_3SIGMA_CONVERSION,147,P,BIT3,4,3.9920920806513336,-0.0019769798371666036
CLAIM_BASELINE_3SIGMA_CONVERSION,147,P,BIT2,2,1.9923349557356826,-0.0038325221321586778
CLAIM_BASELINE_3SIGMA_CONVERSION,147,P,BIT1,1,0.98910873268299904,-0.010891267317000963
CLAIM_BASELINE_3SIGMA_CONVERSION,147,P,DUMMY,1,0.99788789932169686,-0.0021121006783031415
CLAIM_BASELINE_3SIGMA_CONVERSION,147,N,BIT7,64,64.061610867387401,0.00096266980292813997
CLAIM_BASELINE_3SIGMA_CONVERSION,147,N,BIT6,32,32.011664508329801,0.00036451588530628243
CLAIM_BASELINE_3SIGMA_CONVERSION,147,N,BIT5,16,15.973775539420073,-0.0016390287862454445
CLAIM_BASELINE_3SIGMA_CONVERSION,147,N,BIT4,8,8.0160768515960754,0.0020096064495094268
CLAIM_BASELINE_3SIGMA_CONVERSION,147,N,BIT3,4,4.0025291649299746,0.0006322912324936425
CLAIM_BASELINE_3SIGMA_CONVERSION,147,N,BIT2,2,2.0041995853514365,0.0020997926757182483
CLAIM_BASELINE_3SIGMA_CONVERSION,147,N,BIT1,1,1.0008117422756306,0.00081174227563063361
CLAIM_BASELINE_3SIGMA_CONVERSION,147,N,DUMMY,1,1.0006332583605215,0.00063325836052152695
CLAIM_BASELINE_3SIGMA_CONVERSION,148,P,BIT7,64,64.016130654082005,0.00025204147003132782
CLAIM_BASELINE_3SIGMA_CONVERSION,148,P,BIT6,32,32.033196094421207,0.0010373779506627212
CLAIM_BASELINE_3SIGMA_CONVERSION,148,P,BIT5,16,16.000614969738457,3.8435608653575315e-05
CLAIM_BASELINE_3SIGMA_CONVERSION,148,P,BIT4,8,7.9911625855468325,-0.0011046768066459434
CLAIM_BASELINE_3SIGMA_CONVERSION,148,P,BIT3,4,4.0143263486696164,0.0035815871674040878
CLAIM_BASELINE_3SIGMA_CONVERSION,148,P,BIT2,2,1.9938443787693658,-0.0030778106153170892
CLAIM_BASELINE_3SIGMA_CONVERSION,148,P,BIT1,1,0.99417025955663507,-0.005829740443364928
CLAIM_BASELINE_3SIGMA_CONVERSION,148,P,DUMMY,1,0.98374138596559457,-0.016258614034405428
CLAIM_BASELINE_3SIGMA_CONVERSION,148,N,BIT7,64,64.036940025708958,0.00057718790170246947
CLAIM_BASELINE_3SIGMA_CONVERSION,148,N,BIT6,32,31.947926999212584,-0.0016272812746067622
CLAIM_BASELINE_3SIGMA_CONVERSION,148,N,BIT5,16,16.050652360231105,0.0031657725144440541
CLAIM_BASELINE_3SIGMA_CONVERSION,148,N,BIT4,8,8.0198014646260063,0.0024751830782507867
CLAIM_BASELINE_3SIGMA_CONVERSION,148,N,BIT3,4,4.0117247959124533,0.0029311989781133363
CLAIM_BASELINE_3SIGMA_CONVERSION,148,N,BIT2,2,2.0051736135092808,0.0025868067546404028
CLAIM_BASELINE_3SIGMA_CONVERSION,148,N,BIT1,1,1.000537499928267,0.00053749992826701565
CLAIM_BASELINE_3SIGMA_CONVERSION,148,N,DUMMY,1,0.99808838978051329,-0.0019116102194867146
CLAIM_BASELINE_3SIGMA_CONVERSION,149,P,BIT7,64,63.988505124406217,-0.00017960743115286171
CLAIM_BASELINE_3SIGMA_CONVERSION,149,P,BIT6,32,32.006177842603833,0.00019305758136978213
CLAIM_BASELINE_3SIGMA_CONVERSION,149,P,BIT5,16,15.981920608762987,-0.0011299619523132964
CLAIM_BASELINE_3SIGMA_CONVERSION,149,P,BIT4,8,8.0116955974645414,0.0014619496830676759
CLAIM_BASELINE_3SIGMA_CONVERSION,149,P,BIT3,4,4.0040232685655761,0.0010058171413940276
CLAIM_BASELINE_3SIGMA_CONVERSION,149,P,BIT2,2,2.0164412508596854,0.0082206254298426984
CLAIM_BASELINE_3SIGMA_CONVERSION,149,P,BIT1,1,1.0061008430618485,0.0061008430618485487
CLAIM_BASELINE_3SIGMA_CONVERSION,149,P,DUMMY,1,1.0028493713048447,0.00284937130484475
CLAIM_BASELINE_3SIGMA_CONVERSION,149,N,BIT7,64,63.975462428119144,-0.00038339956063837555
CLAIM_BASELINE_3SIGMA_CONVERSION,149,N,BIT6,32,31.976231406774914,-0.0007427685382839222
CLAIM_BASELINE_3SIGMA_CONVERSION,149,N,BIT5,16,15.997832909787912,-0.000135443138255531
CLAIM_BASELINE_3SIGMA_CONVERSION,149,N,BIT4,8,7.9821137922258734,-0.0022357759717658299
CLAIM_BASELINE_3SIGMA_CONVERSION,149,N,BIT3,4,4.0057054457770693,0.0014263614442673322
CLAIM_BASELINE_3SIGMA_CONVERSION,149,N,BIT2,2,2.028266717242809,0.014133358621404524
CLAIM_BASELINE_3SIGMA_CONVERSION,149,N,BIT1,1,1.0024179209223658,0.0024179209223658127
CLAIM_BASELINE_3SIGMA_CONVERSION,149,N,DUMMY,1,0.99803392147143066,-0.0019660785285693372
CLAIM_BASELINE_3SIGMA_CONVERSION,150,P,BIT7,64,63.99140156882099,-0.00013435048717203024
CLAIM_BASELINE_3SIGMA_CONVERSION,150,P,BIT6,32,31.983416901368486,-0.00051822183223482199
CLAIM_BASELINE_3SIGMA_CONVERSION,150,P,BIT5,16,16.007126706566495,0.00044541916040596874
CLAIM_BASELINE_3SIGMA_CONVERSION,150,P,BIT4,8,8.007370607953801,0.00092132599422511952
CLAIM_BASELINE_3SIGMA_CONVERSION,150,P,BIT3,4,3.9999033776190855,-2.4155595228614324e-05
CLAIM_BASELINE_3SIGMA_CONVERSION,150,P,BIT2,2,1.9962872075149216,-0.0018563962425391933
CLAIM_BASELINE_3SIGMA_CONVERSION,150,P,BIT1,1,0.99515841741802868,-0.0048415825819713154
CLAIM_BASELINE_3SIGMA_CONVERSION,150,P,DUMMY,1,1.0074441667213427,0.0074441667213427376
CLAIM_BASELINE_3SIGMA_CONVERSION,150,N,BIT7,64,63.954283077376076,-0.0007143269159988197
CLAIM_BASELINE_3SIGMA_CONVERSION,150,N,BIT6,32,31.985281006254922,-0.00045996855453367402
CLAIM_BASELINE_3SIGMA_CONVERSION,150,N,BIT5,16,15.994969149497386,-0.00031442815641335997
CLAIM_BASELINE_3SIGMA_CONVERSION,150,N,BIT4,8,8.0017572184353121,0.00021965230441400863
CLAIM_BASELINE_3SIGMA_CONVERSION,150,N,BIT3,4,4.005309578614316,0.001327394653579006
CLAIM_BASELINE_3SIGMA_CONVERSION,150,N,BIT2,2,1.9926466717790334,-0.0036766641104832853
CLAIM_BASELINE_3SIGMA_CONVERSION,150,N,BIT1,1,0.993037768973976,-0.0069622310260240017
CLAIM_BASELINE_3SIGMA_CONVERSION,150,N,DUMMY,1,1.0025429066591753,0.0025429066591753369
CLAIM_BASELINE_3SIGMA_CONVERSION,151,P,BIT7,64,64.031671553210529,0.00049486801891451826
CLAIM_BASELINE_3SIGMA_CONVERSION,151,P,BIT6,32,31.959139128837002,-0.00127690222384369
CLAIM_BASELINE_3SIGMA_CONVERSION,151,P,BIT5,16,16.048722214175697,0.0030451383859810832
CLAIM_BASELINE_3SIGMA_CONVERSION,151,P,BIT4,8,8.0212549086629075,0.0026568635828634335
CLAIM_BASELINE_3SIGMA_CONVERSION,151,P,BIT3,4,4.0124510190067681,0.0031127547516920373
CLAIM_BASELINE_3SIGMA_CONVERSION,151,P,BIT2,2,1.9824352924807649,-0.008782353759617556
CLAIM_BASELINE_3SIGMA_CONVERSION,151,P,BIT1,1,1.0146369707165515,0.014636970716551456
CLAIM_BASELINE_3SIGMA_CONVERSION,151,P,DUMMY,1,1.0024156143234342,0.0024156143234341787
CLAIM_BASELINE_3SIGMA_CONVERSION,151,N,BIT7,64,64.042832321838077,0.00066925502871995057
CLAIM_BASELINE_3SIGMA_CONVERSION,151,N,BIT6,32,31.98515342718607,-0.00046395540043531192
CLAIM_BASELINE_3SIGMA_CONVERSION,151,N,BIT5,16,16.041942599999423,0.0026214124999639488
CLAIM_BASELINE_3SIGMA_CONVERSION,151,N,BIT4,8,7.9912163792284021,-0.0010979525964497361
CLAIM_BASELINE_3SIGMA_CONVERSION,151,N,BIT3,4,4.0166946676237352,0.0041736669059337927
CLAIM_BASELINE_3SIGMA_CONVERSION,151,N,BIT2,2,2.0056959991597663,0.0028479995798831315
CLAIM_BASELINE_3SIGMA_CONVERSION,151,N,BIT1,1,1.0037342450819073,0.0037342450819073392
CLAIM_BASELINE_3SIGMA_CONVERSION,151,N,DUMMY,1,0.99475034796294592,-0.0052496520370540756
CLAIM_BASELINE_3SIGMA_CONVERSION,152,P,BIT7,64,63.92601228807203,-0.0011560579988745268
CLAIM_BASELINE_3SIGMA_CONVERSION,152,P,BIT6,32,32.045856709261386,0.0014330221644183183
CLAIM_BASELINE_3SIGMA_CONVERSION,152,P,BIT5,16,16.028415602156713,0.0017759751347945496
CLAIM_BASELINE_3SIGMA_CONVERSION,152,P,BIT4,8,7.9949642634625615,-0.00062946706717981193
CLAIM_BASELINE_3SIGMA_CONVERSION,152,P,BIT3,4,4.0153598729646589,0.0038399682411647262
CLAIM_BASELINE_3SIGMA_CONVERSION,152,P,BIT2,2,2.0006567771231971,0.00032838856159855823
CLAIM_BASELINE_3SIGMA_CONVERSION,152,P,BIT1,1,1.0060115126503104,0.0060115126503104133
CLAIM_BASELINE_3SIGMA_CONVERSION,152,P,DUMMY,1,0.99156479223294203,-0.0084352077670579728
CLAIM_BASELINE_3SIGMA_CONVERSION,152,N,BIT7,64,64.072857165016117,0.0011383932033768307
CLAIM_BASELINE_3SIGMA_CONVERSION,152,N,BIT6,32,31.94250456326607,-0.0017967323979353189
CLAIM_BASELINE_3SIGMA_CONVERSION,152,N,BIT5,16,16.004849011744771,0.00030306323404816204
CLAIM_BASELINE_3SIGMA_CONVERSION,152,N,BIT4,8,7.9869027073694348,-0.0016371615788206562
CLAIM_BASELINE_3SIGMA_CONVERSION,152,N,BIT3,4,3.9774787743004225,-0.0056303064248943713
CLAIM_BASELINE_3SIGMA_CONVERSION,152,N,BIT2,2,2.0071553414834673,0.0035776707417336517
CLAIM_BASELINE_3SIGMA_CONVERSION,152,N,BIT1,1,1.0067952137025822,0.0067952137025821813
CLAIM_BASELINE_3SIGMA_CONVERSION,152,N,DUMMY,1,1.0001993195377643,0.00019931953776430866
CLAIM_BASELINE_3SIGMA_CONVERSION,153,P,BIT7,64,64.103966369557611,0.0016244745243376713
CLAIM_BASELINE_3SIGMA_CONVERSION,153,P,BIT6,32,32.022312276562687,0.00069725864258396442
CLAIM_BASELINE_3SIGMA_CONVERSION,153,P,BIT5,16,15.948259062693239,-0.0032338085816725481
CLAIM_BASELINE_3SIGMA_CONVERSION,153,P,BIT4,8,7.9627891306566738,-0.0046513586679157726
CLAIM_BASELINE_3SIGMA_CONVERSION,153,P,BIT3,4,4.026782073974001,0.0066955184935002521
CLAIM_BASELINE_3SIGMA_CONVERSION,153,P,BIT2,2,2.0073271975907483,0.0036635987953741456
CLAIM_BASELINE_3SIGMA_CONVERSION,153,P,BIT1,1,1.00175252518455,0.0017525251845500467
CLAIM_BASELINE_3SIGMA_CONVERSION,153,P,DUMMY,1,0.98999640065865602,-0.010003599341343983
CLAIM_BASELINE_3SIGMA_CONVERSION,153,N,BIT7,64,64.020304908309498,0.00031726419233590875
CLAIM_BASELINE_3SIGMA_CONVERSION,153,N,BIT6,32,31.931544000246419,-0.002139249992299419
CLAIM_BASELINE_3SIGMA_CONVERSION,153,N,BIT5,16,15.995570902094826,-0.00027681861907336014
CLAIM_BASELINE_3SIGMA_CONVERSION,153,N,BIT4,8,8.0259966425868932,0.0032495803233616449
CLAIM_BASELINE_3SIGMA_CONVERSION,153,N,BIT3,4,4.0082113580458643,0.0020528395114660647
CLAIM_BASELINE_3SIGMA_CONVERSION,153,N,BIT2,2,2.0041122625842762,0.0020561312921381081
CLAIM_BASELINE_3SIGMA_CONVERSION,153,N,BIT1,1,1.005757367199825,0.0057573671998250031
CLAIM_BASELINE_3SIGMA_CONVERSION,153,N,DUMMY,1,0.99616112842439097,-0.0038388715756090264
CLAIM_BASELINE_3SIGMA_CONVERSION,154,P,BIT7,64,64.083646135105795,0.0013069708610280451
CLAIM_BASELINE_3SIGMA_CONVERSION,154,P,BIT6,32,31.9703629549089,-0.0009261576590968712
CLAIM_BASELINE_3SIGMA_CONVERSION,154,P,BIT5,16,15.983750688830177,-0.0010155819481139083
CLAIM_BASELINE_3SIGMA_CONVERSION,154,P,BIT4,8,7.9962773870692248,-0.00046532661634690609
CLAIM_BASELINE_3SIGMA_CONVERSION,154,P,BIT3,4,3.9927574574418712,-0.0018106356395322099
CLAIM_BASELINE_3SIGMA_CONVERSION,154,P,BIT2,2,1.9765052909445877,-0.011747354527706144
CLAIM_BASELINE_3SIGMA_CONVERSION,154,P,BIT1,1,1.0028967055473439,0.0028967055473438919
CLAIM_BASELINE_3SIGMA_CONVERSION,154,P,DUMMY,1,0.99254197834909996,-0.0074580216509000374
CLAIM_BASELINE_3SIGMA_CONVERSION,154,N,BIT7,64,64.00766125583408,0.00011970712240749748
CLAIM_BASELINE_3SIGMA_CONVERSION,154,N,BIT6,32,32.026498578376213,0.00082808057425665105
CLAIM_BASELINE_3SIGMA_CONVERSION,154,N,BIT5,16,15.934308180908818,-0.0041057386931988571
CLAIM_BASELINE_3SIGMA_CONVERSION,154,N,BIT4,8,8.020975108698023,0.0026218885872528741
CLAIM_BASELINE_3SIGMA_CONVERSION,154,N,BIT3,4,4.018147846032007,0.0045369615080017578
CLAIM_BASELINE_3SIGMA_CONVERSION,154,N,BIT2,2,2.0093950662365927,0.0046975331182963487
CLAIM_BASELINE_3SIGMA_CONVERSION,154,N,BIT1,1,1.0017207851953733,0.0017207851953733311
CLAIM_BASELINE_3SIGMA_CONVERSION,154,N,DUMMY,1,1.0034981302080033,0.0034981302080032695
CLAIM_BASELINE_3SIGMA_CONVERSION,155,P,BIT7,64,63.844535739949947,-0.0024291290632820761
CLAIM_BASELINE_3SIGMA_CONVERSION,155,P,BIT6,32,32.033024461068081,0.001032014408377524
CLAIM_BASELINE_3SIGMA_CONVERSION,155,P,BIT5,16,16.058737229838535,0.003671076864908418
CLAIM_BASELINE_3SIGMA_CONVERSION,155,P,BIT4,8,7.9985840058485884,-0.00017699926892644768
CLAIM_BASELINE_3SIGMA_CONVERSION,155,P,BIT3,4,3.9997850078885135,-5.3748027871614035e-05
CLAIM_BASELINE_3SIGMA_CONVERSION,155,P,BIT2,2,1.9942770085368826,-0.0028614957315586942
CLAIM_BASELINE_3SIGMA_CONVERSION,155,P,BIT1,1,0.99684841342560659,-0.0031515865743934057
CLAIM_BASELINE_3SIGMA_CONVERSION,155,P,DUMMY,1,0.98924601043246063,-0.010753989567539368
CLAIM_BASELINE_3SIGMA_CONVERSION,155,N,BIT7,64,64.01780194688034,0.00027815542000531046
CLAIM_BASELINE_3SIGMA_CONVERSION,155,N,BIT6,32,31.91079053885553,-0.0027877956607647025
CLAIM_BASELINE_3SIGMA_CONVERSION,155,N,BIT5,16,15.993549432659851,-0.00040316045875932183
CLAIM_BASELINE_3SIGMA_CONVERSION,155,N,BIT4,8,7.9954721939868536,-0.0005659757516432995
CLAIM_BASELINE_3SIGMA_CONVERSION,155,N,BIT3,4,3.9787766235528372,-0.0053058441117906918
CLAIM_BASELINE_3SIGMA_CONVERSION,155,N,BIT2,2,2.0005101254122684,0.00025506270613417925
CLAIM_BASELINE_3SIGMA_CONVERSION,155,N,BIT1,1,1.0156888646140529,0.015688864614052944
CLAIM_BASELINE_3SIGMA_CONVERSION,155,N,DUMMY,1,0.98880145382666318,-0.011198546173336821
CLAIM_BASELINE_3SIGMA_CONVERSION,156,P,BIT7,64,63.957984820990873,-0.00065648717201760576
CLAIM_BASELINE_3SIGMA_CONVERSION,156,P,BIT6,32,31.969370321361733,-0.00095717745744583471
CLAIM_BASELINE_3SIGMA_CONVERSION,156,P,BIT5,16,15.976076640744097,-0.0014952099534939478
CLAIM_BASELINE_3SIGMA_CONVERSION,156,P,BIT4,8,7.9839826944769623,-0.0020021631903797132
CLAIM_BASELINE_3SIGMA_CONVERSION,156,P,BIT3,4,4.0073732667969724,0.0018433166992430916
CLAIM_BASELINE_3SIGMA_CONVERSION,156,P,BIT2,2,1.9949016495520837,-0.0025491752239581444
CLAIM_BASELINE_3SIGMA_CONVERSION,156,P,BIT1,1,1.0040035455685299,0.0040035455685298871
CLAIM_BASELINE_3SIGMA_CONVERSION,156,P,DUMMY,1,1.0029828556842826,0.0029828556842825815
CLAIM_BASELINE_3SIGMA_CONVERSION,156,N,BIT7,64,63.916159328018757,-0.0013100104997069151
CLAIM_BASELINE_3SIGMA_CONVERSION,156,N,BIT6,32,31.971073576229742,-0.00090395074282056953
CLAIM_BASELINE_3SIGMA_CONVERSION,156,N,BIT5,16,15.975401329445935,-0.0015374169096290524
CLAIM_BASELINE_3SIGMA_CONVERSION,156,N,BIT4,8,8.0019731725219856,0.00024664656524819861
CLAIM_BASELINE_3SIGMA_CONVERSION,156,N,BIT3,4,4.0096060601504551,0.0024015150376137662
CLAIM_BASELINE_3SIGMA_CONVERSION,156,N,BIT2,2,1.9958396036835946,-0.0020801981582027063
CLAIM_BASELINE_3SIGMA_CONVERSION,156,N,BIT1,1,0.99941781604516788,-0.00058218395483211616
CLAIM_BASELINE_3SIGMA_CONVERSION,156,N,DUMMY,1,0.9925371678981072,-0.0074628321018928023
CLAIM_BASELINE_3SIGMA_CONVERSION,157,P,BIT7,64,63.893020255861074,-0.0016715585021707113
CLAIM_BASELINE_3SIGMA_CONVERSION,157,P,BIT6,32,32.028060799608468,0.0008768999877646344
CLAIM_BASELINE_3SIGMA_CONVERSION,157,P,BIT5,16,16.021907119444627,0.0013691949652891999
CLAIM_BASELINE_3SIGMA_CONVERSION,157,P,BIT4,8,7.9898379250751574,-0.0012702593656053196
CLAIM_BASELINE_3SIGMA_CONVERSION,157,P,BIT3,4,3.9840624019285573,-0.0039843995178606706
CLAIM_BASELINE_3SIGMA_CONVERSION,157,P,BIT2,2,2.0176917088134716,0.008845854406735798
CLAIM_BASELINE_3SIGMA_CONVERSION,157,P,BIT1,1,0.99140056523776021,-0.0085994347622397882
CLAIM_BASELINE_3SIGMA_CONVERSION,157,P,DUMMY,1,0.99367912056144558,-0.0063208794385544165
CLAIM_BASELINE_3SIGMA_CONVERSION,157,N,BIT7,64,64.066667358102237,0.0010416774703474463
CLAIM_BASELINE_3SIGMA_CONVERSION,157,N,BIT6,32,31.95320552654119,-0.0014623272955878175
CLAIM_BASELINE_3SIGMA_CONVERSION,157,N,BIT5,16,15.985931316152911,-0.00087929274044307171
CLAIM_BASELINE_3SIGMA_CONVERSION,157,N,BIT4,8,8.0086349745339351,0.001079371816741892
CLAIM_BASELINE_3SIGMA_CONVERSION,157,N,BIT3,4,4.0126106347842736,0.0031526586960684
CLAIM_BASELINE_3SIGMA_CONVERSION,157,N,BIT2,2,1.9969606824536528,-0.0015196587731736155
CLAIM_BASELINE_3SIGMA_CONVERSION,157,N,BIT1,1,0.99840825061668959,-0.0015917493833104146
CLAIM_BASELINE_3SIGMA_CONVERSION,157,N,DUMMY,1,1.0096414919182344,0.0096414919182343795
CLAIM_BASELINE_3SIGMA_CONVERSION,158,P,BIT7,64,63.990953251462223,-0.00014135544590276883
CLAIM_BASELINE_3SIGMA_CONVERSION,158,P,BIT6,32,31.983182673421069,-0.00052554145559158272
CLAIM_BASELINE_3SIGMA_CONVERSION,158,P,BIT5,16,15.996749224494591,-0.00020317346908804712
CLAIM_BASELINE_3SIGMA_CONVERSION,158,P,BIT4,8,7.9876182394818063,-0.0015477200647742162
CLAIM_BASELINE_3SIGMA_CONVERSION,158,P,BIT3,4,3.9924765702165503,-0.0018808574458624161
CLAIM_BASELINE_3SIGMA_CONVERSION,158,P,BIT2,2,2.0015787697211422,0.00078938486057111845
CLAIM_BASELINE_3SIGMA_CONVERSION,158,P,BIT1,1,1.0091719391413567,0.0091719391413567219
CLAIM_BASELINE_3SIGMA_CONVERSION,158,P,DUMMY,1,0.98531356426685102,-0.014686435733148984
CLAIM_BASELINE_3SIGMA_CONVERSION,158,N,BIT7,64,63.98705760142871,-0.0002022249776764129
CLAIM_BASELINE_3SIGMA_CONVERSION,158,N,BIT6,32,32.054810775527748,0.0017128367352421403
CLAIM_BASELINE_3SIGMA_CONVERSION,158,N,BIT5,16,16.01222587379441,0.00076411711215063072
CLAIM_BASELINE_3SIGMA_CONVERSION,158,N,BIT4,8,7.9898267706029626,-0.0012716536746296692
CLAIM_BASELINE_3SIGMA_CONVERSION,158,N,BIT3,4,3.9896543891124865,-0.0025864027218783781
CLAIM_BASELINE_3SIGMA_CONVERSION,158,N,BIT2,2,1.9992255707110305,-0.00038721464448476794
CLAIM_BASELINE_3SIGMA_CONVERSION,158,N,BIT1,1,0.99640439683946713,-0.0035956031605328675
CLAIM_BASELINE_3SIGMA_CONVERSION,158,N,DUMMY,1,1.0073908943767687,0.007390894376768653
CLAIM_BASELINE_3SIGMA_CONVERSION,159,P,BIT7,64,63.999193165896727,-1.260678286363337e-05
CLAIM_BASELINE_3SIGMA_CONVERSION,159,P,BIT6,32,31.983486380828246,-0.00051605059911730145
CLAIM_BASELINE_3SIGMA_CONVERSION,159,P,BIT5,16,16.043380107461473,0.002711256716342092
CLAIM_BASELINE_3SIGMA_CONVERSION,159,P,BIT4,8,8.0292105582973576,0.0036513197871697045
CLAIM_BASELINE_3SIGMA_CONVERSION,159,P,BIT3,4,3.970704656368758,-0.0073238359078104942
CLAIM_BASELINE_3SIGMA_CONVERSION,159,P,BIT2,2,1.9988283085090739,-0.0005858457454630539
CLAIM_BASELINE_3SIGMA_CONVERSION,159,P,BIT1,1,1.0039850184803099,0.0039850184803098543
CLAIM_BASELINE_3SIGMA_CONVERSION,159,P,DUMMY,1,1.0089386287906779,0.0089386287906778605
CLAIM_BASELINE_3SIGMA_CONVERSION,159,N,BIT7,64,64.034531059573197,0.00053954780583120865
CLAIM_BASELINE_3SIGMA_CONVERSION,159,N,BIT6,32,32.00662154958178,0.00020692342443062728
CLAIM_BASELINE_3SIGMA_CONVERSION,159,N,BIT5,16,15.993404322119307,-0.00041222986754330115
CLAIM_BASELINE_3SIGMA_CONVERSION,159,N,BIT4,8,8.0018038468005628,0.00022548085007034757
CLAIM_BASELINE_3SIGMA_CONVERSION,159,N,BIT3,4,4.0149114906607037,0.0037278726651759353
CLAIM_BASELINE_3SIGMA_CONVERSION,159,N,BIT2,2,1.9970306302813547,-0.0014846848593226269
CLAIM_BASELINE_3SIGMA_CONVERSION,159,N,BIT1,1,1.0001207953140896,0.00012079531408959454
CLAIM_BASELINE_3SIGMA_CONVERSION,159,N,DUMMY,1,0.98903943135170558,-0.010960568648294422
CLAIM_BASELINE_3SIGMA_CONVERSION,160,P,BIT7,64,64.016392782674615,0.0002561372292908537
CLAIM_BASELINE_3SIGMA_CONVERSION,160,P,BIT6,32,32.012858611516108,0.00040183160987838917
CLAIM_BASELINE_3SIGMA_CONVERSION,160,P,BIT5,16,16.029175529908088,0.0018234706192554739
CLAIM_BASELINE_3SIGMA_CONVERSION,160,P,BIT4,8,7.9601688669331603,-0.0049788916333549649
CLAIM_BASELINE_3SIGMA_CONVERSION,160,P,BIT3,4,4.0093952386279996,0.0023488096569999062
CLAIM_BASELINE_3SIGMA_CONVERSION,160,P,BIT2,2,1.9899925046420615,-0.0050037476789692725
CLAIM_BASELINE_3SIGMA_CONVERSION,160,P,BIT1,1,0.98762231614344875,-0.012377683856551247
CLAIM_BASELINE_3SIGMA_CONVERSION,160,P,DUMMY,1,0.99153033018308812,-0.0084696698169118845
CLAIM_BASELINE_3SIGMA_CONVERSION,160,N,BIT7,64,64.002803897762419,4.3810902537799734e-05
CLAIM_BASELINE_3SIGMA_CONVERSION,160,N,BIT6,32,31.998809746133581,-3.7195433325587501e-05
CLAIM_BASELINE_3SIGMA_CONVERSION,160,N,BIT5,16,16.011768237226256,0.00073551482664102608
CLAIM_BASELINE_3SIGMA_CONVERSION,160,N,BIT4,8,8.0026671368417794,0.00033339210522242979
CLAIM_BASELINE_3SIGMA_CONVERSION,160,N,BIT3,4,3.9854304419589051,-0.0036423895102737358
CLAIM_BASELINE_3SIGMA_CONVERSION,160,N,BIT2,2,1.9955009963825896,-0.002249501808705201
CLAIM_BASELINE_3SIGMA_CONVERSION,160,N,BIT1,1,0.99174342553344541,-0.0082565744665545893
CLAIM_BASELINE_3SIGMA_CONVERSION,160,N,DUMMY,1,1.004303480230357,0.0043034802303569819
CLAIM_BASELINE_3SIGMA_CONVERSION,161,P,BIT7,64,63.937288270498321,-0.0009798707734637313
CLAIM_BASELINE_3SIGMA_CONVERSION,161,P,BIT6,32,31.958111540511741,-0.0013090143590080983
CLAIM_BASELINE_3SIGMA_CONVERSION,161,P,BIT5,16,15.978859481930677,-0.0013212823793327111
CLAIM_BASELINE_3SIGMA_CONVERSION,161,P,BIT4,8,7.9924563993224087,-0.00094295008469891251
CLAIM_BASELINE_3SIGMA_CONVERSION,161,P,BIT3,4,4.0063940916624583,0.0015985229156145753
CLAIM_BASELINE_3SIGMA_CONVERSION,161,P,BIT2,2,1.9948420733751597,-0.002578963312420135
CLAIM_BASELINE_3SIGMA_CONVERSION,161,P,BIT1,1,0.98949414266765578,-0.010505857332344215
CLAIM_BASELINE_3SIGMA_CONVERSION,161,P,DUMMY,1,0.98568913878929132,-0.014310861210708681
CLAIM_BASELINE_3SIGMA_CONVERSION,161,N,BIT7,64,64.011868601163414,0.00018544689317834262
CLAIM_BASELINE_3SIGMA_CONVERSION,161,N,BIT6,32,31.920520754196023,-0.0024837264313742891
CLAIM_BASELINE_3SIGMA_CONVERSION,161,N,BIT5,16,16.033904380928284,0.0021190238080177615
CLAIM_BASELINE_3SIGMA_CONVERSION,161,N,BIT4,8,8.022629758060603,0.0028287197575753709
CLAIM_BASELINE_3SIGMA_CONVERSION,161,N,BIT3,4,3.988221801786163,-0.0029445495534592414
CLAIM_BASELINE_3SIGMA_CONVERSION,161,N,BIT2,2,1.9992490012390263,-0.0003754993804868656
CLAIM_BASELINE_3SIGMA_CONVERSION,161,N,BIT1,1,1.0106853583306454,0.010685358330645434
CLAIM_BASELINE_3SIGMA_CONVERSION,161,N,DUMMY,1,0.99025208356432171,-0.0097479164356782944
CLAIM_BASELINE_3SIGMA_CONVERSION,162,P,BIT7,64,63.961548857417704,-0.00060079910284838167
CLAIM_BASELINE_3SIGMA_CONVERSION,162,P,BIT6,32,31.986347467047626,-0.00042664165476169469
CLAIM_BASELINE_3SIGMA_CONVERSION,162,P,BIT5,16,15.988685130421537,-0.00070717934865394128
CLAIM_BASELINE_3SIGMA_CONVERSION,162,P,BIT4,8,7.9782821024988593,-0.0027147371876425908
CLAIM_BASELINE_3SIGMA_CONVERSION,162,P,BIT3,4,3.9981797934166523,-0.00045505164583692359
CLAIM_BASELINE_3SIGMA_CONVERSION,162,P,BIT2,2,2.0004467151083558,0.00022335755417790537
CLAIM_BASELINE_3SIGMA_CONVERSION,162,P,BIT1,1,1.0036002133024535,0.0036002133024535254
CLAIM_BASELINE_3SIGMA_CONVERSION,162,P,DUMMY,1,0.99835237769156937,-0.0016476223084306296
CLAIM_BASELINE_3SIGMA_CONVERSION,162,N,BIT7,64,64.024974431424724,0.00039022549101130899
CLAIM_BASELINE_3SIGMA_CONVERSION,162,N,BIT6,32,31.94229817638637,-0.0018031819879259503
CLAIM_BASELINE_3SIGMA_CONVERSION,162,N,BIT5,16,15.983415969689828,-0.0010365018943857551
CLAIM_BASELINE_3SIGMA_CONVERSION,162,N,BIT4,8,7.9885690078261016,-0.001428874021737303
CLAIM_BASELINE_3SIGMA_CONVERSION,162,N,BIT3,4,3.9750560548228178,-0.0062359862942955591
CLAIM_BASELINE_3SIGMA_CONVERSION,162,N,BIT2,2,1.9932890678925834,-0.0033554660537082892
CLAIM_BASELINE_3SIGMA_CONVERSION,162,N,BIT1,1,1.0022269587239794,0.0022269587239793776
CLAIM_BASELINE_3SIGMA_CONVERSION,162,N,DUMMY,1,0.99558693749305627,-0.0044130625069437324
CLAIM_BASELINE_3SIGMA_CONVERSION,163,P,BIT7,64,63.987797051918093,-0.00019067106377979037
CLAIM_BASELINE_3SIGMA_CONVERSION,163,P,BIT6,32,32.037540155449065,0.0011731298577832838
CLAIM_BASELINE_3SIGMA_CONVERSION,163,P,BIT5,16,16.038968316523668,0.0024355197827292674
CLAIM_BASELINE_3SIGMA_CONVERSION,163,P,BIT4,8,7.9688621320729371,-0.0038922334908828571
CLAIM_BASELINE_3SIGMA_CONVERSION,163,P,BIT3,4,3.9978537127712945,-0.00053657180717636699
CLAIM_BASELINE_3SIGMA_CONVERSION,163,P,BIT2,2,2.0034111314733138,0.0017055657366569221
CLAIM_BASELINE_3SIGMA_CONVERSION,163,P,BIT1,1,0.98707482697292848,-0.012925173027071524
CLAIM_BASELINE_3SIGMA_CONVERSION,163,P,DUMMY,1,1.0075887223666775,0.0075887223666775139
CLAIM_BASELINE_3SIGMA_CONVERSION,163,N,BIT7,64,63.934404433900525,-0.0010249307203042957
CLAIM_BASELINE_3SIGMA_CONVERSION,163,N,BIT6,32,32.035832696254026,0.0011197717579383148
CLAIM_BASELINE_3SIGMA_CONVERSION,163,N,BIT5,16,16.040675726814207,0.002542232925887955
CLAIM_BASELINE_3SIGMA_CONVERSION,163,N,BIT4,8,8.0062416506416572,0.00078020633020714492
CLAIM_BASELINE_3SIGMA_CONVERSION,163,N,BIT3,4,3.9825394105786964,-0.0043651473553258935
CLAIM_BASELINE_3SIGMA_CONVERSION,163,N,BIT2,2,1.9952326287702373,-0.0023836856148813368
CLAIM_BASELINE_3SIGMA_CONVERSION,163,N,BIT1,1,0.99924161639982578,-0.00075838360017421724
CLAIM_BASELINE_3SIGMA_CONVERSION,163,N,DUMMY,1,0.99547994236996873,-0.0045200576300312711
CLAIM_BASELINE_3SIGMA_CONVERSION,164,P,BIT7,64,64.088635612545005,0.0013849314460157025
CLAIM_BASELINE_3SIGMA_CONVERSION,164,P,BIT6,32,31.96826582975299,-0.00099169282021904781
CLAIM_BASELINE_3SIGMA_CONVERSION,164,P,BIT5,16,15.967592949783848,-0.0020254406385095125
CLAIM_BASELINE_3SIGMA_CONVERSION,164,P,BIT4,8,7.9817687862791162,-0.0022789017151104707
CLAIM_BASELINE_3SIGMA_CONVERSION,164,P,BIT3,4,4.0086746011133023,0.002168650278325579
CLAIM_BASELINE_3SIGMA_CONVERSION,164,P,BIT2,2,2.0101073451636302,0.0050536725818151051
CLAIM_BASELINE_3SIGMA_CONVERSION,164,P,BIT1,1,0.98579012432672619,-0.014209875673273809
CLAIM_BASELINE_3SIGMA_CONVERSION,164,P,DUMMY,1,0.9942683663559484,-0.0057316336440516036
CLAIM_BASELINE_3SIGMA_CONVERSION,164,N,BIT7,64,64.027019506121277,0.0004221797831449603
CLAIM_BASELINE_3SIGMA_CONVERSION,164,N,BIT6,32,32.081789507398973,0.0025559221062179116
CLAIM_BASELINE_3SIGMA_CONVERSION,164,N,BIT5,16,16.001384029701402,8.6501856337628524e-05
CLAIM_BASELINE_3SIGMA_CONVERSION,164,N,BIT4,8,7.9814561194503657,-0.0023179850687042869
CLAIM_BASELINE_3SIGMA_CONVERSION,164,N,BIT3,4,4.0040841507903053,0.0010210376975763324
CLAIM_BASELINE_3SIGMA_CONVERSION,164,N,BIT2,2,1.9986860538881324,-0.00065697305593381827
CLAIM_BASELINE_3SIGMA_CONVERSION,164,N,BIT1,1,0.99171282572610875,-0.0082871742738912513
CLAIM_BASELINE_3SIGMA_CONVERSION,164,N,DUMMY,1,1.0128287524761352,0.012828752476135241
CLAIM_BASELINE_3SIGMA_CONVERSION,165,P,BIT7,64,63.980916103216941,-0.0002981858872352916
CLAIM_BASELINE_3SIGMA_CONVERSION,165,P,BIT6,32,32.006318176140127,0.00019744300437896101
CLAIM_BASELINE_3SIGMA_CONVERSION,165,P,BIT5,16,15.984568216108993,-0.00096448649318792157
CLAIM_BASELINE_3SIGMA_CONVERSION,165,P,BIT4,8,7.9961527265460024,-0.00048090918174970021
CLAIM_BASELINE_3SIGMA_CONVERSION,165,P,BIT3,4,4.0073138523628931,0.0018284630907232646
CLAIM_BASELINE_3SIGMA_CONVERSION,165,P,BIT2,2,2.0161162085239805,0.0080581042619902732
CLAIM_BASELINE_3SIGMA_CONVERSION,165,P,BIT1,1,1.0211604046699845,0.021160404669984478
CLAIM_BASELINE_3SIGMA_CONVERSION,165,P,DUMMY,1,1.0019720498069569,0.0019720498069568659
CLAIM_BASELINE_3SIGMA_CONVERSION,165,N,BIT7,64,63.976321565732619,-0.00036997553542783557
CLAIM_BASELINE_3SIGMA_CONVERSION,165,N,BIT6,32,31.989786448879009,-0.00031917347253096473
CLAIM_BASELINE_3SIGMA_CONVERSION,165,N,BIT5,16,15.973581007639474,-0.0016511870225328629
CLAIM_BASELINE_3SIGMA_CONVERSION,165,N,BIT4,8,8.0463974753473195,0.005799684418414941
CLAIM_BASELINE_3SIGMA_CONVERSION,165,N,BIT3,4,3.9702983726604066,-0.0074254068348983404
CLAIM_BASELINE_3SIGMA_CONVERSION,165,N,BIT2,2,2.0097409836235514,0.004870491811775679
CLAIM_BASELINE_3SIGMA_CONVERSION,165,N,BIT1,1,0.99461192330377224,-0.0053880766962277615
CLAIM_BASELINE_3SIGMA_CONVERSION,165,N,DUMMY,1,0.99109818171212882,-0.0089018182878711771
CLAIM_BASELINE_3SIGMA_CONVERSION,166,P,BIT7,64,63.894210051672857,-0.0016529679426116051
CLAIM_BASELINE_3SIGMA_CONVERSION,166,P,BIT6,32,32.02981324946353,0.00093166404573530315
CLAIM_BASELINE_3SIGMA_CONVERSION,166,P,BIT5,16,15.92259662103571,-0.004837711185268101
CLAIM_BASELINE_3SIGMA_CONVERSION,166,P,BIT4,8,7.9854211789891352,-0.0018223526263581036
CLAIM_BASELINE_3SIGMA_CONVERSION,166,P,BIT3,4,4.0113188990406963,0.0028297247601740683
CLAIM_BASELINE_3SIGMA_CONVERSION,166,P,BIT2,2,1.9997298687588561,-0.00013506562057197247
CLAIM_BASELINE_3SIGMA_CONVERSION,166,P,BIT1,1,0.9844343951073784,-0.015565604892621598
CLAIM_BASELINE_3SIGMA_CONVERSION,166,P,DUMMY,1,1.0087541622876035,0.0087541622876035063
CLAIM_BASELINE_3SIGMA_CONVERSION,166,N,BIT7,64,64.036231922460658,0.000566123788447781
CLAIM_BASELINE_3SIGMA_CONVERSION,166,N,BIT6,32,32.05642339784913,0.0017632311827853187
CLAIM_BASELINE_3SIGMA_CONVERSION,166,N,BIT5,16,16.036665560783902,0.0022915975489938845
CLAIM_BASELINE_3SIGMA_CONVERSION,166,N,BIT4,8,8.0297722487270313,0.0037215310908789156
CLAIM_BASELINE_3SIGMA_CONVERSION,166,N,BIT3,4,3.9968336416473469,-0.00079158958816327729
CLAIM_BASELINE_3SIGMA_CONVERSION,166,N,BIT2,2,1.9957340215403585,-0.0021329892298207476
CLAIM_BASELINE_3SIGMA_CONVERSION,166,N,BIT1,1,0.98390866148498368,-0.016091338515016318
CLAIM_BASELINE_3SIGMA_CONVERSION,166,N,DUMMY,1,0.99461918313040942,-0.0053808168695905767
CLAIM_BASELINE_3SIGMA_CONVERSION,167,P,BIT7,64,63.902497813569674,-0.001523471662973841
CLAIM_BASELINE_3SIGMA_CONVERSION,167,P,BIT6,32,32.036442923043161,0.0011388413450987844
CLAIM_BASELINE_3SIGMA_CONVERSION,167,P,BIT5,16,16.033436964650001,0.0020898102906250493
CLAIM_BASELINE_3SIGMA_CONVERSION,167,P,BIT4,8,8.004854005385635,0.00060675067320437037
CLAIM_BASELINE_3SIGMA_CONVERSION,167,P,BIT3,4,4.0055324654195958,0.0013831163548989611
CLAIM_BASELINE_3SIGMA_CONVERSION,167,P,BIT2,2,1.9953839664190323,-0.0023080167904838689
CLAIM_BASELINE_3SIGMA_CONVERSION,167,P,BIT1,1,0.99920827232201948,-0.0007917276779805249
CLAIM_BASELINE_3SIGMA_CONVERSION,167,P,DUMMY,1,0.99521256458463025,-0.0047874354153697452
CLAIM_BASELINE_3SIGMA_CONVERSION,167,N,BIT7,64,64.118108830337235,0.0018454504740192945
CLAIM_BASELINE_3SIGMA_CONVERSION,167,N,BIT6,32,32.080112695914949,0.0025035217473421412
CLAIM_BASELINE_3SIGMA_CONVERSION,167,N,BIT5,16,15.987997628147305,-0.00075014824079344677
CLAIM_BASELINE_3SIGMA_CONVERSION,167,N,BIT4,8,7.9929809137466066,-0.00087738578167417813
CLAIM_BASELINE_3SIGMA_CONVERSION,167,N,BIT3,4,3.9803890219349318,-0.0049027445162670436
CLAIM_BASELINE_3SIGMA_CONVERSION,167,N,BIT2,2,1.9968048340612192,-0.0015975829693903876
CLAIM_BASELINE_3SIGMA_CONVERSION,167,N,BIT1,1,0.99223683446613542,-0.00776316553386458
CLAIM_BASELINE_3SIGMA_CONVERSION,167,N,DUMMY,1,0.99738707392089743,-0.0026129260791025732
CLAIM_BASELINE_3SIGMA_CONVERSION,168,P,BIT7,64,64.02735432718616,0.00042741136228374721
CLAIM_BASELINE_3SIGMA_CONVERSION,168,P,BIT6,32,32.002721445887261,8.5045183976895089e-05
CLAIM_BASELINE_3SIGMA_CONVERSION,168,P,BIT5,16,15.964299268453003,-0.002231295721687343
CLAIM_BASELINE_3SIGMA_CONVERSION,168,P,BIT4,8,7.9472694831614037,-0.0065913146048245386
CLAIM_BASELINE_3SIGMA_CONVERSION,168,P,BIT3,4,3.9889601832871202,-0.0027599541782199477
CLAIM_BASELINE_3SIGMA_CONVERSION,168,P,BIT2,2,1.9863691370471752,-0.0068154314764123924
CLAIM_BASELINE_3SIGMA_CONVERSION,168,P,BIT1,1,1.0038938060806124,0.0038938060806124053
CLAIM_BASELINE_3SIGMA_CONVERSION,168,P,DUMMY,1,1.0052814583014231,0.0052814583014231253
CLAIM_BASELINE_3SIGMA_CONVERSION,168,N,BIT7,64,64.047190193283868,0.00073734677006043192
CLAIM_BASELINE_3SIGMA_CONVERSION,168,N,BIT6,32,31.964376012221695,-0.0011132496180720208
CLAIM_BASELINE_3SIGMA_CONVERSION,168,N,BIT5,16,16.045744727319917,0.0028590454574948243
CLAIM_BASELINE_3SIGMA_CONVERSION,168,N,BIT4,8,8.0051875069532201,0.00064843836915251529
CLAIM_BASELINE_3SIGMA_CONVERSION,168,N,BIT3,4,4.0045306675623369,0.0011326668905842219
CLAIM_BASELINE_3SIGMA_CONVERSION,168,N,BIT2,2,2.0071143506137821,0.0035571753068910361
CLAIM_BASELINE_3SIGMA_CONVERSION,168,N,BIT1,1,1.0052558024287648,0.0052558024287647775
CLAIM_BASELINE_3SIGMA_CONVERSION,168,N,DUMMY,1,0.99790536101885363,-0.0020946389811463684
CLAIM_BASELINE_3SIGMA_CONVERSION,169,P,BIT7,64,64.094799021644164,0.0014812347131900605
CLAIM_BASELINE_3SIGMA_CONVERSION,169,P,BIT6,32,32.019632418926399,0.00061351309144996868
CLAIM_BASELINE_3SIGMA_CONVERSION,169,P,BIT5,16,16.006249156862836,0.00039057230392725018
CLAIM_BASELINE_3SIGMA_CONVERSION,169,P,BIT4,8,8.0064566366126169,0.00080707957657710772
CLAIM_BASELINE_3SIGMA_CONVERSION,169,P,BIT3,4,4.004954898917128,0.0012387247292819925
CLAIM_BASELINE_3SIGMA_CONVERSION,169,P,BIT2,2,2.0063674837950258,0.003183741897512915
CLAIM_BASELINE_3SIGMA_CONVERSION,169,P,BIT1,1,0.99409019432240653,-0.0059098056775934715
CLAIM_BASELINE_3SIGMA_CONVERSION,169,P,DUMMY,1,1.0087299824858833,0.0087299824858833031
CLAIM_BASELINE_3SIGMA_CONVERSION,169,N,BIT7,64,64.000317892305048,4.9670672663815196e-06
CLAIM_BASELINE_3SIGMA_CONVERSION,169,N,BIT6,32,32.019871380444506,0.00062098063889082233
CLAIM_BASELINE_3SIGMA_CONVERSION,169,N,BIT5,16,16.019445201958646,0.0012153251224154005
CLAIM_BASELINE_3SIGMA_CONVERSION,169,N,BIT4,8,7.9986822351636278,-0.00016472060454653104
CLAIM_BASELINE_3SIGMA_CONVERSION,169,N,BIT3,4,3.9947725546844812,-0.0013068613288796938
CLAIM_BASELINE_3SIGMA_CONVERSION,169,N,BIT2,2,1.9790989365412375,-0.010450531729381263
CLAIM_BASELINE_3SIGMA_CONVERSION,169,N,BIT1,1,0.99576165083071055,-0.0042383491692894459
CLAIM_BASELINE_3SIGMA_CONVERSION,169,N,DUMMY,1,0.99100442220825213,-0.0089955777917478663
CLAIM_BASELINE_3SIGMA_CONVERSION,170,P,BIT7,64,64.011228430427138,0.00017544422542403737
CLAIM_BASELINE_3SIGMA_CONVERSION,170,P,BIT6,32,32.078015342925411,0.0024379794664191046
CLAIM_BASELINE_3SIGMA_CONVERSION,170,P,BIT5,16,16.019081400126979,0.0011925875079361603
CLAIM_BASELINE_3SIGMA_CONVERSION,170,P,BIT4,8,8.0201964850718763,0.0025245606339845406
CLAIM_BASELINE_3SIGMA_CONVERSION,170,P,BIT3,4,4.0111865221633263,0.0027966305408315684
CLAIM_BASELINE_3SIGMA_CONVERSION,170,P,BIT2,2,1.9843070208910085,-0.0078464895544957391
CLAIM_BASELINE_3SIGMA_CONVERSION,170,P,BIT1,1,1.0087980594699129,0.0087980594699128556
CLAIM_BASELINE_3SIGMA_CONVERSION,170,P,DUMMY,1,1.0070620706749214,0.0070620706749213724
CLAIM_BASELINE_3SIGMA_CONVERSION,170,N,BIT7,64,63.995830487056949,-6.5148639735168601e-05
CLAIM_BASELINE_3SIGMA_CONVERSION,170,N,BIT6,32,32.065388139015845,0.0020433793442451442
CLAIM_BASELINE_3SIGMA_CONVERSION,170,N,BIT5,16,16.009620309142008,0.00060126932137549716
CLAIM_BASELINE_3SIGMA_CONVERSION,170,N,BIT4,8,7.9824481627410329,-0.0021939796573708925
CLAIM_BASELINE_3SIGMA_CONVERSION,170,N,BIT3,4,3.9923701868469905,-0.0019074532882523698
CLAIM_BASELINE_3SIGMA_CONVERSION,170,N,BIT2,2,2.005891206394169,0.0029456031970844787
CLAIM_BASELINE_3SIGMA_CONVERSION,170,N,BIT1,1,0.99567992207735878,-0.0043200779226412189
CLAIM_BASELINE_3SIGMA_CONVERSION,170,N,DUMMY,1,1.0231488310367303,0.023148831036730266
CLAIM_BASELINE_3SIGMA_CONVERSION,171,P,BIT7,64,63.926643023742038,-0.0011462027540306563
CLAIM_BASELINE_3SIGMA_CONVERSION,171,P,BIT6,32,31.96268755503009,-0.0011660139053096819
CLAIM_BASELINE_3SIGMA_CONVERSION,171,P,BIT5,16,15.970447273789253,-0.0018470453881717086
CLAIM_BASELINE_3SIGMA_CONVERSION,171,P,BIT4,8,8.000604162677508,7.5520334688494728e-05
CLAIM_BASELINE_3SIGMA_CONVERSION,171,P,BIT3,4,4.0249547465428623,0.0062386866357155846
CLAIM_BASELINE_3SIGMA_CONVERSION,171,P,BIT2,2,2.0040217203657478,0.0020108601828738859
CLAIM_BASELINE_3SIGMA_CONVERSION,171,P,BIT1,1,1.0003936713063297,0.00039367130632972369
CLAIM_BASELINE_3SIGMA_CONVERSION,171,P,DUMMY,1,1.0107862964826972,0.010786296482697244
CLAIM_BASELINE_3SIGMA_CONVERSION,171,N,BIT7,64,64.100649105544335,0.0015726422741302315
CLAIM_BASELINE_3SIGMA_CONVERSION,171,N,BIT6,32,31.989338985197854,-0.00033315671256706203
CLAIM_BASELINE_3SIGMA_CONVERSION,171,N,BIT5,16,15.986401080944646,-0.00084993244095965537
CLAIM_BASELINE_3SIGMA_CONVERSION,171,N,BIT4,8,8.008475092093887,0.0010593865117358714
CLAIM_BASELINE_3SIGMA_CONVERSION,171,N,BIT3,4,3.9867924922589215,-0.0033018769352696209
CLAIM_BASELINE_3SIGMA_CONVERSION,171,N,BIT2,2,1.9944311204893992,-0.0027844397553004052
CLAIM_BASELINE_3SIGMA_CONVERSION,171,N,BIT1,1,1.0072233433289937,0.0072233433289936588
CLAIM_BASELINE_3SIGMA_CONVERSION,171,N,DUMMY,1,0.99235821335094665,-0.0076417866490533504
CLAIM_BASELINE_3SIGMA_CONVERSION,172,P,BIT7,64,63.940186066368753,-0.00093459271298823587
CLAIM_BASELINE_3SIGMA_CONVERSION,172,P,BIT6,32,31.980145245712663,-0.00062046107147928353
CLAIM_BASELINE_3SIGMA_CONVERSION,172,P,BIT5,16,16.052776325798447,0.003298520362402968
CLAIM_BASELINE_3SIGMA_CONVERSION,172,P,BIT4,8,7.9818501371924153,-0.0022687328509480853
CLAIM_BASELINE_3SIGMA_CONVERSION,172,P,BIT3,4,4.013161230557154,0.0032903076392885033
CLAIM_BASELINE_3SIGMA_CONVERSION,172,P,BIT2,2,2.0030815822871304,0.0015407911435652011
CLAIM_BASELINE_3SIGMA_CONVERSION,172,P,BIT1,1,0.98909405361069913,-0.010905946389300869
CLAIM_BASELINE_3SIGMA_CONVERSION,172,P,DUMMY,1,0.99367417770895228,-0.0063258222910477224
CLAIM_BASELINE_3SIGMA_CONVERSION,172,N,BIT7,64,63.986272256916465,-0.00021449598568024086
CLAIM_BASELINE_3SIGMA_CONVERSION,172,N,BIT6,32,31.936299380034704,-0.0019906443739154955
CLAIM_BASELINE_3SIGMA_CONVERSION,172,N,BIT5,16,15.99408668771181,-0.0003695820180118492
CLAIM_BASELINE_3SIGMA_CONVERSION,172,N,BIT4,8,8.0083305899391171,0.0010413237423896327
CLAIM_BASELINE_3SIGMA_CONVERSION,172,N,BIT3,4,4.0019118846324249,0.00047797115810621627
CLAIM_BASELINE_3SIGMA_CONVERSION,172,N,BIT2,2,1.9866007779520385,-0.006699611023980756
CLAIM_BASELINE_3SIGMA_CONVERSION,172,N,BIT1,1,1.0060707828547155,0.0060707828547155174
CLAIM_BASELINE_3SIGMA_CONVERSION,172,N,DUMMY,1,0.99679440606044922,-0.0032055939395507771
CLAIM_BASELINE_3SIGMA_CONVERSION,173,P,BIT7,64,64.007947261806081,0.00012417596572000811
CLAIM_BASELINE_3SIGMA_CONVERSION,173,P,BIT6,32,31.964510720013795,-0.001109039999568906
CLAIM_BASELINE_3SIGMA_CONVERSION,173,P,BIT5,16,15.96229585900392,-0.0023565088122550204
CLAIM_BASELINE_3SIGMA_CONVERSION,173,P,BIT4,8,8.0309327077538981,0.0038665884692372643
CLAIM_BASELINE_3SIGMA_CONVERSION,173,P,BIT3,4,3.9726812274833052,-0.0068296931291736973
CLAIM_BASELINE_3SIGMA_CONVERSION,173,P,BIT2,2,1.9875824262833817,-0.0062087868583091677
CLAIM_BASELINE_3SIGMA_CONVERSION,173,P,BIT1,1,1.004047209510899,0.0040472095108989858
CLAIM_BASELINE_3SIGMA_CONVERSION,173,P,DUMMY,1,0.99359698041287781,-0.006403019587122194
CLAIM_BASELINE_3SIGMA_CONVERSION,173,N,BIT7,64,64.006945857696621,0.00010852902650970719
CLAIM_BASELINE_3SIGMA_CONVERSION,173,N,BIT6,32,32.082411778216581,0.0025753680692681691
CLAIM_BASELINE_3SIGMA_CONVERSION,173,N,BIT5,16,16.039320675536139,0.0024575422210086906
CLAIM_BASELINE_3SIGMA_CONVERSION,173,N,BIT4,8,8.0069286009090312,0.00086607511362890577
CLAIM_BASELINE_3SIGMA_CONVERSION,173,N,BIT3,4,3.991280461021967,-0.0021798847445082536
CLAIM_BASELINE_3SIGMA_CONVERSION,173,N,BIT2,2,2.013384971938275,0.0066924859691375183
CLAIM_BASELINE_3SIGMA_CONVERSION,173,N,BIT1,1,0.99679272793909657,-0.0032072720609034322
CLAIM_BASELINE_3SIGMA_CONVERSION,173,N,DUMMY,1,0.98524690779979196,-0.01475309220020804
CLAIM_BASELINE_3SIGMA_CONVERSION,174,P,BIT7,64,64.077753874188403,0.0012149042841937963
CLAIM_BASELINE_3SIGMA_CONVERSION,174,P,BIT6,32,31.952511666069391,-0.0014840104353315287
CLAIM_BASELINE_3SIGMA_CONVERSION,174,P,BIT5,16,15.992050912580922,-0.0004968179636923864
CLAIM_BASELINE_3SIGMA_CONVERSION,174,P,BIT4,8,8.0411913872246785,0.0051489234030848152
CLAIM_BASELINE_3SIGMA_CONVERSION,174,P,BIT3,4,4.0006473543442391,0.00016183858605978152
CLAIM_BASELINE_3SIGMA_CONVERSION,174,P,BIT2,2,1.9966563690512154,-0.0016718154743923241
CLAIM_BASELINE_3SIGMA_CONVERSION,174,P,BIT1,1,0.99303063596966168,-0.0069693640303383209
CLAIM_BASELINE_3SIGMA_CONVERSION,174,P,DUMMY,1,1.0021601266245175,0.0021601266245174777
CLAIM_BASELINE_3SIGMA_CONVERSION,174,N,BIT7,64,64.066294862469661,0.0010358572260884547
CLAIM_BASELINE_3SIGMA_CONVERSION,174,N,BIT6,32,32.022741442598935,0.00071067008121672437
CLAIM_BASELINE_3SIGMA_CONVERSION,174,N,BIT5,16,15.967426738436368,-0.002035828847727017
CLAIM_BASELINE_3SIGMA_CONVERSION,174,N,BIT4,8,8.025011340306623,0.0031264175383278747
CLAIM_BASELINE_3SIGMA_CONVERSION,174,N,BIT3,4,3.972296129452157,-0.0069259676369607392
CLAIM_BASELINE_3SIGMA_CONVERSION,174,N,BIT2,2,1.9926255386010805,-0.0036872306994597537
CLAIM_BASELINE_3SIGMA_CONVERSION,174,N,BIT1,1,0.99574392330716543,-0.004256076692834565
CLAIM_BASELINE_3SIGMA_CONVERSION,174,N,DUMMY,1,1.0048506320621011,0.0048506320621011234
CLAIM_BASELINE_3SIGMA_CONVERSION,175,P,BIT7,64,64.052368350562858,0.00081825547754466044
CLAIM_BASELINE_3SIGMA_CONVERSION,175,P,BIT6,32,32.005309170824091,0.0001659115882528539
CLAIM_BASELINE_3SIGMA_CONVERSION,175,P,BIT5,16,16.005481847003317,0.0003426154377073054
CLAIM_BASELINE_3SIGMA_CONVERSION,175,P,BIT4,8,8.0069348888071339,0.00086686110089173596
CLAIM_BASELINE_3SIGMA_CONVERSION,175,P,BIT3,4,4.0074195206585923,0.0018548801646480761
CLAIM_BASELINE_3SIGMA_CONVERSION,175,P,BIT2,2,2.0135047926214051,0.0067523963107025686
CLAIM_BASELINE_3SIGMA_CONVERSION,175,P,BIT1,1,1.0023649301475539,0.0023649301475539009
CLAIM_BASELINE_3SIGMA_CONVERSION,175,P,DUMMY,1,1.010167871883894,0.010167871883894009
CLAIM_BASELINE_3SIGMA_CONVERSION,175,N,BIT7,64,63.971233262079764,-0.000449480280003689
CLAIM_BASELINE_3SIGMA_CONVERSION,175,N,BIT6,32,32.012488402688916,0.00039026258402863334
CLAIM_BASELINE_3SIGMA_CONVERSION,175,N,BIT5,16,16.016117847403802,0.0010073654627376083
CLAIM_BASELINE_3SIGMA_CONVERSION,175,N,BIT4,8,8.0014952969637214,0.00018691212046517691
CLAIM_BASELINE_3SIGMA_CONVERSION,175,N,BIT3,4,4.0177688959591853,0.0044422239897963234
CLAIM_BASELINE_3SIGMA_CONVERSION,175,N,BIT2,2,1.9994657481974434,-0.00026712590127830893
CLAIM_BASELINE_3SIGMA_CONVERSION,175,N,BIT1,1,1.0164859596178133,0.016485959617813295
CLAIM_BASELINE_3SIGMA_CONVERSION,175,N,DUMMY,1,1.0003710079007797,0.00037100790077970736
CLAIM_BASELINE_3SIGMA_CONVERSION,176,P,BIT7,64,64.119971141610193,0.0018745490876592719
CLAIM_BASELINE_3SIGMA_CONVERSION,176,P,BIT6,32,32.003630585805368,0.00011345580641775044
CLAIM_BASELINE_3SIGMA_CONVERSION,176,P,BIT5,16,16.025129788304604,0.0015706117690377219
CLAIM_BASELINE_3SIGMA_CONVERSION,176,P,BIT4,8,7.9918682130387371,-0.0010164733701578665
CLAIM_BASELINE_3SIGMA_CONVERSION,176,P,BIT3,4,4.0002356960481178,5.8924012029448747e-05
CLAIM_BASELINE_3SIGMA_CONVERSION,176,P,BIT2,2,2.0121771454688915,0.0060885727344457408
CLAIM_BASELINE_3SIGMA_CONVERSION,176,P,BIT1,1,0.99400464739414929,-0.0059953526058507123
CLAIM_BASELINE_3SIGMA_CONVERSION,176,P,DUMMY,1,1.0029942535186123,0.0029942535186122665
CLAIM_BASELINE_3SIGMA_CONVERSION,176,N,BIT7,64,63.83600608535437,-0.0025624049163379681
CLAIM_BASELINE_3SIGMA_CONVERSION,176,N,BIT6,32,32.01102335201827,0.00034447975057094737
CLAIM_BASELINE_3SIGMA_CONVERSION,176,N,BIT5,16,16.026832142083389,0.0016770088802118277
CLAIM_BASELINE_3SIGMA_CONVERSION,176,N,BIT4,8,8.014080041542341,0.0017600051927926241
CLAIM_BASELINE_3SIGMA_CONVERSION,176,N,BIT3,4,3.9963797604572884,-0.00090505988567790574
CLAIM_BASELINE_3SIGMA_CONVERSION,176,N,BIT2,2,2.0175527897033048,0.0087763948516523804
CLAIM_BASELINE_3SIGMA_CONVERSION,176,N,BIT1,1,0.99694762806620918,-0.0030523719337908206
CLAIM_BASELINE_3SIGMA_CONVERSION,176,N,DUMMY,1,1.0136668687811763,0.013666868781176289
CLAIM_BASELINE_3SIGMA_CONVERSION,177,P,BIT7,64,64.025826550539676,0.00040353985218244404
CLAIM_BASELINE_3SIGMA_CONVERSION,177,P,BIT6,32,31.983280850734999,-0.00052247341453126595
CLAIM_BASELINE_3SIGMA_CONVERSION,177,P,BIT5,16,15.98612201902495,-0.00086737381094059707
CLAIM_BASELINE_3SIGMA_CONVERSION,177,P,BIT4,8,8.0049773468136802,0.00062216835171002849
CLAIM_BASELINE_3SIGMA_CONVERSION,177,P,BIT3,4,4.0132626697810201,0.0033156674452550217
CLAIM_BASELINE_3SIGMA_CONVERSION,177,P,BIT2,2,1.9978958309437442,-0.0010520845281278834
CLAIM_BASELINE_3SIGMA_CONVERSION,177,P,BIT1,1,1.0030276560745592,0.0030276560745592374
CLAIM_BASELINE_3SIGMA_CONVERSION,177,P,DUMMY,1,0.99124607865901082,-0.0087539213409891792
CLAIM_BASELINE_3SIGMA_CONVERSION,177,N,BIT7,64,64.110487819774278,0.0017263721839730906
CLAIM_BASELINE_3SIGMA_CONVERSION,177,N,BIT6,32,32.016045567185429,0.00050142397454466803
CLAIM_BASELINE_3SIGMA_CONVERSION,177,N,BIT5,16,15.974106387666009,-0.001618350770874466
CLAIM_BASELINE_3SIGMA_CONVERSION,177,N,BIT4,8,7.983208004689458,-0.0020989994138177481
CLAIM_BASELINE_3SIGMA_CONVERSION,177,N,BIT3,4,3.9797600082901723,-0.0050599979274569273
CLAIM_BASELINE_3SIGMA_CONVERSION,177,N,BIT2,2,2.0118021076838675,0.0059010538419337344
CLAIM_BASELINE_3SIGMA_CONVERSION,177,N,BIT1,1,1.0046607034671184,0.0046607034671184433
CLAIM_BASELINE_3SIGMA_CONVERSION,177,N,DUMMY,1,0.99799508351273425,-0.002004916487265751
CLAIM_BASELINE_3SIGMA_CONVERSION,178,P,BIT7,64,63.989056001159419,-0.00017099998188407906
CLAIM_BASELINE_3SIGMA_CONVERSION,178,P,BIT6,32,31.994773950344065,-0.00016331405174796476
CLAIM_BASELINE_3SIGMA_CONVERSION,178,P,BIT5,16,15.992788710480118,-0.00045070559499260643
CLAIM_BASELINE_3SIGMA_CONVERSION,178,P,BIT4,8,7.9964733381841384,-0.00044083272698269838
CLAIM_BASELINE_3SIGMA_CONVERSION,178,P,BIT3,4,3.9820547383714535,-0.0044863154071366207
CLAIM_BASELINE_3SIGMA_CONVERSION,178,P,BIT2,2,1.9891653872997075,-0.0054173063501462559
CLAIM_BASELINE_3SIGMA_CONVERSION,178,P,BIT1,1,0.99510990752679795,-0.0048900924732020457
CLAIM_BASELINE_3SIGMA_CONVERSION,178,P,DUMMY,1,1.0065192052023946,0.0065192052023945735
CLAIM_BASELINE_3SIGMA_CONVERSION,178,N,BIT7,64,64.033040167644884,0.0005162526194513184
CLAIM_BASELINE_3SIGMA_CONVERSION,178,N,BIT6,32,32.072955805725769,0.0022798689289302843
CLAIM_BASELINE_3SIGMA_CONVERSION,178,N,BIT5,16,15.950127655311396,-0.0031170215430377235
CLAIM_BASELINE_3SIGMA_CONVERSION,178,N,BIT4,8,8.0216598842970974,0.0027074855371371775
CLAIM_BASELINE_3SIGMA_CONVERSION,178,N,BIT3,4,4.0108020065869869,0.0027005016467467335
CLAIM_BASELINE_3SIGMA_CONVERSION,178,N,BIT2,2,2.0095320814754283,0.0047660407377141389
CLAIM_BASELINE_3SIGMA_CONVERSION,178,N,BIT1,1,1.0071214653517429,0.0071214653517428506
CLAIM_BASELINE_3SIGMA_CONVERSION,178,N,DUMMY,1,0.99893391536158815,-0.0010660846384118461
CLAIM_BASELINE_3SIGMA_CONVERSION,179,P,BIT7,64,64.001862661203972,2.9104081312070207e-05
CLAIM_BASELINE_3SIGMA_CONVERSION,179,P,BIT6,32,32.055532210988879,0.0017353815934024741
CLAIM_BASELINE_3SIGMA_CONVERSION,179,P,BIT5,16,16.028889664622319,0.001805604038894959
CLAIM_BASELINE_3SIGMA_CONVERSION,179,P,BIT4,8,7.9746200571979982,-0.0031724928502502303
CLAIM_BASELINE_3SIGMA_CONVERSION,179,P,BIT3,4,3.9990546705017946,-0.00023633237455134015
CLAIM_BASELINE_3SIGMA_CONVERSION,179,P,BIT2,2,2.0183287265934999,0.0091643632967499666
CLAIM_BASELINE_3SIGMA_CONVERSION,179,P,BIT1,1,0.99745939354820057,-0.002540606451799432
CLAIM_BASELINE_3SIGMA_CONVERSION,179,P,DUMMY,1,0.99663202527706873,-0.0033679747229312662
CLAIM_BASELINE_3SIGMA_CONVERSION,179,N,BIT7,64,64.003704815209062,5.7887737641593162e-05
CLAIM_BASELINE_3SIGMA_CONVERSION,179,N,BIT6,32,31.989590753425666,-0.00032528895544792213
CLAIM_BASELINE_3SIGMA_CONVERSION,179,N,BIT5,16,16.024538027701798,0.0015336267313623697
CLAIM_BASELINE_3SIGMA_CONVERSION,179,N,BIT4,8,7.995454207185591,-0.00056822410180112914
CLAIM_BASELINE_3SIGMA_CONVERSION,179,N,BIT3,4,3.9916085469884148,-0.0020978632528962926
CLAIM_BASELINE_3SIGMA_CONVERSION,179,N,BIT2,2,1.9839626076814398,-0.0080186961592800809
CLAIM_BASELINE_3SIGMA_CONVERSION,179,N,BIT1,1,0.99701198019326587,-0.0029880198067341324
CLAIM_BASELINE_3SIGMA_CONVERSION,179,N,DUMMY,1,1.009732994620919,0.0097329946209190332
CLAIM_BASELINE_3SIGMA_CONVERSION,180,P,BIT7,64,64.006483107673418,0.00010129855739715588
CLAIM_BASELINE_3SIGMA_CONVERSION,180,P,BIT6,32,31.991776153088253,-0.00025699521599209518
CLAIM_BASELINE_3SIGMA_CONVERSION,180,P,BIT5,16,15.976340130121397,-0.0014787418674127029
CLAIM_BASELINE_3SIGMA_CONVERSION,180,P,BIT4,8,7.9709342886016241,-0.0036332139247969852
CLAIM_BASELINE_3SIGMA_CONVERSION,180,P,BIT3,4,4.00693646685039,0.0017341167125974888
CLAIM_BASELINE_3SIGMA_CONVERSION,180,P,BIT2,2,2.0047075453342833,0.0023537726671416515
CLAIM_BASELINE_3SIGMA_CONVERSION,180,P,BIT1,1,0.993784422650142,-0.0062155773498580036
CLAIM_BASELINE_3SIGMA_CONVERSION,180,P,DUMMY,1,0.99742505695034933,-0.0025749430496506687
CLAIM_BASELINE_3SIGMA_CONVERSION,180,N,BIT7,64,64.084914228757668,0.0013267848243385671
CLAIM_BASELINE_3SIGMA_CONVERSION,180,N,BIT6,32,31.961308242075493,-0.0012091174351408496
CLAIM_BASELINE_3SIGMA_CONVERSION,180,N,BIT5,16,16.00476149059088,0.00029759316193000984
CLAIM_BASELINE_3SIGMA_CONVERSION,180,N,BIT4,8,8.01054839181311,0.0013185489766387448
CLAIM_BASELINE_3SIGMA_CONVERSION,180,N,BIT3,4,4.0196791215026346,0.0049197803756586556
CLAIM_BASELINE_3SIGMA_CONVERSION,180,N,BIT2,2,2.0133424782657254,0.0066712391328627163
CLAIM_BASELINE_3SIGMA_CONVERSION,180,N,BIT1,1,0.99569160386522149,-0.0043083961347785138
CLAIM_BASELINE_3SIGMA_CONVERSION,180,N,DUMMY,1,1.0071745159488716,0.0071745159488716403
CLAIM_BASELINE_3SIGMA_CONVERSION,181,P,BIT7,64,64.028884426978777,0.00045131917154339618
CLAIM_BASELINE_3SIGMA_CONVERSION,181,P,BIT6,32,31.967272728840804,-0.001022727223724873
CLAIM_BASELINE_3SIGMA_CONVERSION,181,P,BIT5,16,15.985723603571646,-0.00089227477677211731
CLAIM_BASELINE_3SIGMA_CONVERSION,181,P,BIT4,8,7.9769891756766711,-0.0028763530404161131
CLAIM_BASELINE_3SIGMA_CONVERSION,181,P,BIT3,4,3.9928297175150771,-0.0017925706212307269
CLAIM_BASELINE_3SIGMA_CONVERSION,181,P,BIT2,2,1.9996766311497833,-0.0001616844251083327
CLAIM_BASELINE_3SIGMA_CONVERSION,181,P,BIT1,1,0.99731067755835645,-0.0026893224416435491
CLAIM_BASELINE_3SIGMA_CONVERSION,181,P,DUMMY,1,1.0100603156375503,0.010060315637550277
CLAIM_BASELINE_3SIGMA_CONVERSION,181,N,BIT7,64,63.967680281473967,-0.0005049956019692603
CLAIM_BASELINE_3SIGMA_CONVERSION,181,N,BIT6,32,31.963947934240046,-0.0011266270549985524
CLAIM_BASELINE_3SIGMA_CONVERSION,181,N,BIT5,16,16.031935361529467,0.0019959600955916645
CLAIM_BASELINE_3SIGMA_CONVERSION,181,N,BIT4,8,7.9880222404680676,-0.0014972199414915455
CLAIM_BASELINE_3SIGMA_CONVERSION,181,N,BIT3,4,4.0065214051592006,0.0016303512898001582
CLAIM_BASELINE_3SIGMA_CONVERSION,181,N,BIT2,2,2.0008319185193701,0.00041595925968507252
CLAIM_BASELINE_3SIGMA_CONVERSION,181,N,BIT1,1,0.98618319723766235,-0.013816802762337654
CLAIM_BASELINE_3SIGMA_CONVERSION,181,N,DUMMY,1,1.0090348261438238,0.009034826143823782
CLAIM_BASELINE_3SIGMA_CONVERSION,182,P,BIT7,64,63.965821443186108,-0.00053403995021705786
CLAIM_BASELINE_3SIGMA_CONVERSION,182,P,BIT6,32,31.976334083072768,-0.00073955990397600591
CLAIM_BASELINE_3SIGMA_CONVERSION,182,P,BIT5,16,16.058541369641226,0.0036588356025766267
CLAIM_BASELINE_3SIGMA_CONVERSION,182,P,BIT4,8,8.026320847284115,0.0032901059105143737
CLAIM_BASELINE_3SIGMA_CONVERSION,182,P,BIT3,4,3.9992225312394116,-0.00019436719014709336
CLAIM_BASELINE_3SIGMA_CONVERSION,182,P,BIT2,2,1.9788824197996591,-0.010558790100170468
CLAIM_BASELINE_3SIGMA_CONVERSION,182,P,BIT1,1,0.99964723935392197,-0.00035276064607803193
CLAIM_BASELINE_3SIGMA_CONVERSION,182,P,DUMMY,1,1.0025925428767732,0.0025925428767732406
CLAIM_BASELINE_3SIGMA_CONVERSION,182,N,BIT7,64,64.003438424483846,5.3725382560099177e-05
CLAIM_BASELINE_3SIGMA_CONVERSION,182,N,BIT6,32,31.942571702250365,-0.0017946343046760793
CLAIM_BASELINE_3SIGMA_CONVERSION,182,N,BIT5,16,15.990114765357248,-0.00061782716517200242
CLAIM_BASELINE_3SIGMA_CONVERSION,182,N,BIT4,8,8.0340713254509328,0.004258915681366604
CLAIM_BASELINE_3SIGMA_CONVERSION,182,N,BIT3,4,3.987255714096487,-0.0031860714758782382
CLAIM_BASELINE_3SIGMA_CONVERSION,182,N,BIT2,2,1.9988126587496327,-0.0005936706251836732
CLAIM_BASELINE_3SIGMA_CONVERSION,182,N,BIT1,1,1.0071182104377709,0.0071182104377709443
CLAIM_BASELINE_3SIGMA_CONVERSION,182,N,DUMMY,1,0.99643749950899152,-0.0035625004910084801
CLAIM_BASELINE_3SIGMA_CONVERSION,183,P,BIT7,64,63.991186230403436,-0.00013771514994631584
CLAIM_BASELINE_3SIGMA_CONVERSION,183,P,BIT6,32,31.983179465246586,-0.00052564171104418911
CLAIM_BASELINE_3SIGMA_CONVERSION,183,P,BIT5,16,15.978242451153333,-0.0013598468029166755
CLAIM_BASELINE_3SIGMA_CONVERSION,183,P,BIT4,8,7.9824500593226206,-0.0021937425846724201
CLAIM_BASELINE_3SIGMA_CONVERSION,183,P,BIT3,4,3.9973703640891691,-0.00065740897770771856
CLAIM_BASELINE_3SIGMA_CONVERSION,183,P,BIT2,2,1.9915911078363924,-0.0042044460818038143
CLAIM_BASELINE_3SIGMA_CONVERSION,183,P,BIT1,1,1.0138650588884182,0.013865058888418158
CLAIM_BASELINE_3SIGMA_CONVERSION,183,P,DUMMY,1,0.98784807932561203,-0.012151920674387973
CLAIM_BASELINE_3SIGMA_CONVERSION,183,N,BIT7,64,63.896055817366431,-0.0016241278536495152
CLAIM_BASELINE_3SIGMA_CONVERSION,183,N,BIT6,32,32.044738590424814,0.0013980809507754266
CLAIM_BASELINE_3SIGMA_CONVERSION,183,N,BIT5,16,16.043574052214094,0.0027233782633808712
CLAIM_BASELINE_3SIGMA_CONVERSION,183,N,BIT4,8,8.0011394458447285,0.00014243073059105882
CLAIM_BASELINE_3SIGMA_CONVERSION,183,N,BIT3,4,3.9818090359167675,-0.004547741020808127
CLAIM_BASELINE_3SIGMA_CONVERSION,183,N,BIT2,2,1.9933517080861072,-0.0033241459569464116
CLAIM_BASELINE_3SIGMA_CONVERSION,183,N,BIT1,1,0.98328856775197448,-0.016711432248025515
CLAIM_BASELINE_3SIGMA_CONVERSION,183,N,DUMMY,1,0.99581665963573407,-0.0041833403642659306
CLAIM_BASELINE_3SIGMA_CONVERSION,184,P,BIT7,64,64.030373489579247,0.00047458577467573981
CLAIM_BASELINE_3SIGMA_CONVERSION,184,P,BIT6,32,32.023658005333957,0.00073931266668614271
CLAIM_BASELINE_3SIGMA_CONVERSION,184,P,BIT5,16,15.92802312968324,-0.004498554394797516
CLAIM_BASELINE_3SIGMA_CONVERSION,184,P,BIT4,8,7.9607323561604737,-0.0049084554799407876
CLAIM_BASELINE_3SIGMA_CONVERSION,184,P,BIT3,4,4.0392020129867579,0.0098005032466894626
CLAIM_BASELINE_3SIGMA_CONVERSION,184,P,BIT2,2,2.0145038962342632,0.0072519481171315903
CLAIM_BASELINE_3SIGMA_CONVERSION,184,P,BIT1,1,0.99276364962035524,-0.0072363503796447626
CLAIM_BASELINE_3SIGMA_CONVERSION,184,P,DUMMY,1,1.0027818479779451,0.0027818479779451177
CLAIM_BASELINE_3SIGMA_CONVERSION,184,N,BIT7,64,63.950355035852681,-0.00077570256480186117
CLAIM_BASELINE_3SIGMA_CONVERSION,184,N,BIT6,32,32.018993641895321,0.00059355130922877919
CLAIM_BASELINE_3SIGMA_CONVERSION,184,N,BIT5,16,16.014953048927858,0.00093456555799109609
CLAIM_BASELINE_3SIGMA_CONVERSION,184,N,BIT4,8,8.0262925168935375,0.0032865646116921887
CLAIM_BASELINE_3SIGMA_CONVERSION,184,N,BIT3,4,3.991582090292634,-0.0021044774268415001
CLAIM_BASELINE_3SIGMA_CONVERSION,184,N,BIT2,2,2.0206849811532619,0.010342490576630947
CLAIM_BASELINE_3SIGMA_CONVERSION,184,N,BIT1,1,1.0147310357101229,0.014731035710122908
CLAIM_BASELINE_3SIGMA_CONVERSION,184,N,DUMMY,1,0.99497839679728572,-0.0050216032027142754
CLAIM_BASELINE_3SIGMA_CONVERSION,185,P,BIT7,64,63.929935280050977,-0.0010947612492034908
CLAIM_BASELINE_3SIGMA_CONVERSION,185,P,BIT6,32,32.011009299984288,0.00034404062450898998
CLAIM_BASELINE_3SIGMA_CONVERSION,185,P,BIT5,16,15.990598072751295,-0.00058762045304405763
CLAIM_BASELINE_3SIGMA_CONVERSION,185,P,BIT4,8,8.039000471190036,0.0048750588987545029
CLAIM_BASELINE_3SIGMA_CONVERSION,185,P,BIT3,4,4.0015051523571756,0.000376288089293908
CLAIM_BASELINE_3SIGMA_CONVERSION,185,P,BIT2,2,2.0055696579011402,0.0027848289505700841
CLAIM_BASELINE_3SIGMA_CONVERSION,185,P,BIT1,1,0.99992649884851592,-7.3501151484078875e-05
CLAIM_BASELINE_3SIGMA_CONVERSION,185,P,DUMMY,1,1.0153255679209083,0.015325567920908334
CLAIM_BASELINE_3SIGMA_CONVERSION,185,N,BIT7,64,63.945949538454784,-0.00084453846164400659
CLAIM_BASELINE_3SIGMA_CONVERSION,185,N,BIT6,32,31.921060516486389,-0.0024668588598003582
CLAIM_BASELINE_3SIGMA_CONVERSION,185,N,BIT5,16,16.061940331895244,0.003871270743452726
CLAIM_BASELINE_3SIGMA_CONVERSION,185,N,BIT4,8,8.0213245918711813,0.0026655739838976622
CLAIM_BASELINE_3SIGMA_CONVERSION,185,N,BIT3,4,4.0140558451871335,0.0035139612967833855
CLAIM_BASELINE_3SIGMA_CONVERSION,185,N,BIT2,2,2.003599097261572,0.0017995486307860187
CLAIM_BASELINE_3SIGMA_CONVERSION,185,N,BIT1,1,1.0051818632037737,0.0051818632037736734
CLAIM_BASELINE_3SIGMA_CONVERSION,185,N,DUMMY,1,0.99354563391467565,-0.0064543660853243479
CLAIM_BASELINE_3SIGMA_CONVERSION,186,P,BIT7,64,63.987220905475212,-0.00019967335194981395
CLAIM_BASELINE_3SIGMA_CONVERSION,186,P,BIT6,32,31.939120927838413,-0.0019024710050495885
CLAIM_BASELINE_3SIGMA_CONVERSION,186,P,BIT5,16,16.050650164782169,0.0031656352988855829
CLAIM_BASELINE_3SIGMA_CONVERSION,186,P,BIT4,8,7.9991190191693038,-0.00011012260383702621
CLAIM_BASELINE_3SIGMA_CONVERSION,186,P,BIT3,4,3.9908475702285839,-0.0022881074428540149
CLAIM_BASELINE_3SIGMA_CONVERSION,186,P,BIT2,2,1.9809006776342422,-0.0095496611828789213
CLAIM_BASELINE_3SIGMA_CONVERSION,186,P,BIT1,1,1.0043903086674453,0.0043903086674452751
CLAIM_BASELINE_3SIGMA_CONVERSION,186,P,DUMMY,1,0.99006388751686192,-0.009936112483138082
CLAIM_BASELINE_3SIGMA_CONVERSION,186,N,BIT7,64,64.052743328108065,0.00082411450168851097
CLAIM_BASELINE_3SIGMA_CONVERSION,186,N,BIT6,32,31.947562336092304,-0.0016386769971155069
CLAIM_BASELINE_3SIGMA_CONVERSION,186,N,BIT5,16,15.948118779001966,-0.0032425763123771212
CLAIM_BASELINE_3SIGMA_CONVERSION,186,N,BIT4,8,8.0206938900079212,0.0025867362509901515
CLAIM_BASELINE_3SIGMA_CONVERSION,186,N,BIT3,4,4.005827194863393,0.0014567987158482509
CLAIM_BASELINE_3SIGMA_CONVERSION,186,N,BIT2,2,2.001875263054071,0.00093763152703552066
CLAIM_BASELINE_3SIGMA_CONVERSION,186,N,BIT1,1,0.99806532999498332,-0.001934670005016681
CLAIM_BASELINE_3SIGMA_CONVERSION,186,N,DUMMY,1,1.0092795782809594,0.0092795782809593774
CLAIM_BASELINE_3SIGMA_CONVERSION,187,P,BIT7,64,64.021700187087617,0.00033906542324402267
CLAIM_BASELINE_3SIGMA_CONVERSION,187,P,BIT6,32,31.986372415929889,-0.0004258620021909687
CLAIM_BASELINE_3SIGMA_CONVERSION,187,P,BIT5,16,15.992222225627755,-0.00048611089826533505
CLAIM_BASELINE_3SIGMA_CONVERSION,187,P,BIT4,8,7.9907580706394192,-0.0011552411700725962
CLAIM_BASELINE_3SIGMA_CONVERSION,187,P,BIT3,4,3.9930334077091385,-0.0017416480727153738
CLAIM_BASELINE_3SIGMA_CONVERSION,187,P,BIT2,2,1.9829421932228499,-0.0085289033885750376
CLAIM_BASELINE_3SIGMA_CONVERSION,187,P,BIT1,1,1.0144104497504045,0.014410449750404508
CLAIM_BASELINE_3SIGMA_CONVERSION,187,P,DUMMY,1,0.99366323019459901,-0.006336769805400988
CLAIM_BASELINE_3SIGMA_CONVERSION,187,N,BIT7,64,64.04092656820842,0.0006394776282565573
CLAIM_BASELINE_3SIGMA_CONVERSION,187,N,BIT6,32,32.099294482333114,0.0031029525729098228
CLAIM_BASELINE_3SIGMA_CONVERSION,187,N,BIT5,16,15.954122341460611,-0.0028673536587118242
CLAIM_BASELINE_3SIGMA_CONVERSION,187,N,BIT4,8,8.0093474506127329,0.0011684313265916124
CLAIM_BASELINE_3SIGMA_CONVERSION,187,N,BIT3,4,3.9890345426545792,-0.0027413643363551898
CLAIM_BASELINE_3SIGMA_CONVERSION,187,N,BIT2,2,1.9996403705751136,-0.0001798147124432159
CLAIM_BASELINE_3SIGMA_CONVERSION,187,N,BIT1,1,0.99893312620894092,-0.0010668737910590753
CLAIM_BASELINE_3SIGMA_CONVERSION,187,N,DUMMY,1,0.98020862217663274,-0.019791377823367262
CLAIM_BASELINE_3SIGMA_CONVERSION,188,P,BIT7,64,63.961791699452903,-0.00059700469604839768
CLAIM_BASELINE_3SIGMA_CONVERSION,188,P,BIT6,32,32.008649624011738,0.00027030075036682533
CLAIM_BASELINE_3SIGMA_CONVERSION,188,P,BIT5,16,15.996077688381574,-0.00024514447615164858
CLAIM_BASELINE_3SIGMA_CONVERSION,188,P,BIT4,8,8.003425759548886,0.00042821994361075255
CLAIM_BASELINE_3SIGMA_CONVERSION,188,P,BIT3,4,3.9959166282147889,-0.0010208429463027802
CLAIM_BASELINE_3SIGMA_CONVERSION,188,P,BIT2,2,2.0053337092841224,0.0026668546420611783
CLAIM_BASELINE_3SIGMA_CONVERSION,188,P,BIT1,1,0.98832258773367954,-0.011677412266320464
CLAIM_BASELINE_3SIGMA_CONVERSION,188,P,DUMMY,1,0.99357135398946528,-0.0064286460105347221
CLAIM_BASELINE_3SIGMA_CONVERSION,188,N,BIT7,64,64.060528377111396,0.0009457558923655629
CLAIM_BASELINE_3SIGMA_CONVERSION,188,N,BIT6,32,31.987848162957395,-0.0003797449075814141
CLAIM_BASELINE_3SIGMA_CONVERSION,188,N,BIT5,16,16.045131450385149,0.0028207156490718255
CLAIM_BASELINE_3SIGMA_CONVERSION,188,N,BIT4,8,7.9729122229405718,-0.0033859721324285275
CLAIM_BASELINE_3SIGMA_CONVERSION,188,N,BIT3,4,4.0007631654216596,0.00019079135541488768
CLAIM_BASELINE_3SIGMA_CONVERSION,188,N,BIT2,2,1.9956126996145578,-0.0021936501927211083
CLAIM_BASELINE_3SIGMA_CONVERSION,188,N,BIT1,1,1.0049774742187394,0.0049774742187393972
CLAIM_BASELINE_3SIGMA_CONVERSION,188,N,DUMMY,1,0.98679309730957898,-0.013206902690421018
CLAIM_BASELINE_3SIGMA_CONVERSION,189,P,BIT7,64,64.02736116221584,0.00042751815962249751
CLAIM_BASELINE_3SIGMA_CONVERSION,189,P,BIT6,32,31.997933052276288,-6.4592116366002372e-05
CLAIM_BASELINE_3SIGMA_CONVERSION,189,P,BIT5,16,15.992964075028027,-0.00043974531074830736
CLAIM_BASELINE_3SIGMA_CONVERSION,189,P,BIT4,8,7.9578396741556539,-0.0052700407305432684
CLAIM_BASELINE_3SIGMA_CONVERSION,189,P,BIT3,4,3.9914881813202934,-0.0021279546699266572
CLAIM_BASELINE_3SIGMA_CONVERSION,189,P,BIT2,2,2.0005063760744171,0.00025318803720852934
CLAIM_BASELINE_3SIGMA_CONVERSION,189,P,BIT1,1,0.99553733184031012,-0.0044626681596898754
CLAIM_BASELINE_3SIGMA_CONVERSION,189,P,DUMMY,1,1.0011835866109169,0.0011835866109168869
CLAIM_BASELINE_3SIGMA_CONVERSION,189,N,BIT7,64,64.024919772933444,0.0003893714520850633
CLAIM_BASELINE_3SIGMA_CONVERSION,189,N,BIT6,32,32.071220273049583,0.0022256335327994758
CLAIM_BASELINE_3SIGMA_CONVERSION,189,N,BIT5,16,15.967370695283805,-0.0020393315447622129
CLAIM_BASELINE_3SIGMA_CONVERSION,189,N,BIT4,8,7.9981054705330656,-0.00023681618336679477
CLAIM_BASELINE_3SIGMA_CONVERSION,189,N,BIT3,4,4.0292730650685673,0.0073182662671418264
CLAIM_BASELINE_3SIGMA_CONVERSION,189,N,BIT2,2,1.9969231029095866,-0.0015384485452066832
CLAIM_BASELINE_3SIGMA_CONVERSION,189,N,BIT1,1,1.005950026465023,0.0059500264650229617
CLAIM_BASELINE_3SIGMA_CONVERSION,189,N,DUMMY,1,1.0097630255405876,0.009763025540587611
CLAIM_BASELINE_3SIGMA_CONVERSION,190,P,BIT7,64,63.874208235008794,-0.0019654963279875926
CLAIM_BASELINE_3SIGMA_CONVERSION,190,P,BIT6,32,32.034747730233484,0.0010858665697963676
CLAIM_BASELINE_3SIGMA_CONVERSION,190,P,BIT5,16,15.933607096584137,-0.0041495564634914661
CLAIM_BASELINE_3SIGMA_CONVERSION,190,P,BIT4,8,7.9984656651165311,-0.00019179186043360996
CLAIM_BASELINE_3SIGMA_CONVERSION,190,P,BIT3,4,4.0060006072828935,0.0015001518207233833
CLAIM_BASELINE_3SIGMA_CONVERSION,190,P,BIT2,2,1.9924061013967647,-0.0037969493016176692
CLAIM_BASELINE_3SIGMA_CONVERSION,190,P,BIT1,1,1.0124363334034878,0.01243633340348782
CLAIM_BASELINE_3SIGMA_CONVERSION,190,P,DUMMY,1,0.99305149286591354,-0.0069485071340864568
CLAIM_BASELINE_3SIGMA_CONVERSION,190,N,BIT7,64,64.029505601163635,0.0004610250181817932
CLAIM_BASELINE_3SIGMA_CONVERSION,190,N,BIT6,32,32.029759540837958,0.00092998565118618259
CLAIM_BASELINE_3SIGMA_CONVERSION,190,N,BIT5,16,15.986055177015308,-0.00087155143654327194
CLAIM_BASELINE_3SIGMA_CONVERSION,190,N,BIT4,8,7.9943670213011906,-0.00070412233735117624
CLAIM_BASELINE_3SIGMA_CONVERSION,190,N,BIT3,4,3.9864185584158465,-0.0033953603960383827
CLAIM_BASELINE_3SIGMA_CONVERSION,190,N,BIT2,2,2.0087421970079076,0.0043710985039537853
CLAIM_BASELINE_3SIGMA_CONVERSION,190,N,BIT1,1,0.99446886925329792,-0.0055311307467020843
CLAIM_BASELINE_3SIGMA_CONVERSION,190,N,DUMMY,1,1.011242296399848,0.011242296399847973
CLAIM_BASELINE_3SIGMA_CONVERSION,191,P,BIT7,64,63.942351814220793,-0.00090075290280011711
CLAIM_BASELINE_3SIGMA_CONVERSION,191,P,BIT6,32,32.042516280272835,0.0013286337585260988
CLAIM_BASELINE_3SIGMA_CONVERSION,191,P,BIT5,16,16.014487746106333,0.00090548413164581731
CLAIM_BASELINE_3SIGMA_CONVERSION,191,P,BIT4,8,8.0316560968468806,0.0039570121058600805
CLAIM_BASELINE_3SIGMA_CONVERSION,191,P,BIT3,4,3.9961656801579668,-0.00095857996050829897
CLAIM_BASELINE_3SIGMA_CONVERSION,191,P,BIT2,2,1.9904563158734399,-0.004771842063280074
CLAIM_BASELINE_3SIGMA_CONVERSION,191,P,BIT1,1,0.99502572019515501,-0.0049742798048449943
CLAIM_BASELINE_3SIGMA_CONVERSION,191,P,DUMMY,1,1.0073516579239641,0.0073516579239640834
CLAIM_BASELINE_3SIGMA_CONVERSION,191,N,BIT7,64,64.045318738611144,0.00070810529079912143
CLAIM_BASELINE_3SIGMA_CONVERSION,191,N,BIT6,32,32.032716015891751,0.0010223754966172116
CLAIM_BASELINE_3SIGMA_CONVERSION,191,N,BIT5,16,15.997832188599055,-0.00013548821255904286
CLAIM_BASELINE_3SIGMA_CONVERSION,191,N,BIT4,8,7.9992119739765304,-9.8503252933701546e-05
CLAIM_BASELINE_3SIGMA_CONVERSION,191,N,BIT3,4,3.9977343833066943,-0.00056640417332642912
CLAIM_BASELINE_3SIGMA_CONVERSION,191,N,BIT2,2,1.9961303159713775,-0.0019348420143112666
CLAIM_BASELINE_3SIGMA_CONVERSION,191,N,BIT1,1,1.011287448477894,0.01128744847789398
CLAIM_BASELINE_3SIGMA_CONVERSION,191,N,DUMMY,1,1.0008183808948055,0.00081838089480545939
CLAIM_BASELINE_3SIGMA_CONVERSION,192,P,BIT7,64,63.928096922021325,-0.0011234855934167953
CLAIM_BASELINE_3SIGMA_CONVERSION,192,P,BIT6,32,32.067949809396609,0.0021234315436440276
CLAIM_BASELINE_3SIGMA_CONVERSION,192,P,BIT5,16,16.001991739993258,0.00012448374957862995
CLAIM_BASELINE_3SIGMA_CONVERSION,192,P,BIT4,8,8.0219415754965979,0.00274269693707474
CLAIM_BASELINE_3SIGMA_CONVERSION,192,P,BIT3,4,4.0034957361092429,0.00087393402731072989
CLAIM_BASELINE_3SIGMA_CONVERSION,192,P,BIT2,2,1.9850618229393457,-0.0074690885303271282
CLAIM_BASELINE_3SIGMA_CONVERSION,192,P,BIT1,1,0.9937520646916167,-0.0062479353083833011
CLAIM_BASELINE_3SIGMA_CONVERSION,192,P,DUMMY,1,1.0134498830058856,0.013449883005885566
CLAIM_BASELINE_3SIGMA_CONVERSION,192,N,BIT7,64,64.029887459123358,0.00046699154880247562
CLAIM_BASELINE_3SIGMA_CONVERSION,192,N,BIT6,32,32.054049006133667,0.0016890314416770913
CLAIM_BASELINE_3SIGMA_CONVERSION,192,N,BIT5,16,15.994263983274553,-0.00035850104534040916
CLAIM_BASELINE_3SIGMA_CONVERSION,192,N,BIT4,8,7.9475099083237781,-0.0065612614595277341
CLAIM_BASELINE_3SIGMA_CONVERSION,192,N,BIT3,4,4.014833800486576,0.0037084501216440025
CLAIM_BASELINE_3SIGMA_CONVERSION,192,N,BIT2,2,2.0199866592571833,0.009993329628591674
CLAIM_BASELINE_3SIGMA_CONVERSION,192,N,BIT1,1,1.0104499513164356,0.010449951316435557
CLAIM_BASELINE_3SIGMA_CONVERSION,192,N,DUMMY,1,1.0034891787034999,0.0034891787034998512
CLAIM_BASELINE_3SIGMA_CONVERSION,193,P,BIT7,64,63.941383837722924,-0.00091587753557931251
CLAIM_BASELINE_3SIGMA_CONVERSION,193,P,BIT6,32,32.016582417568713,0.00051820054902229629
CLAIM_BASELINE_3SIGMA_CONVERSION,193,P,BIT5,16,15.94912531498553,-0.0031796678134043965
CLAIM_BASELINE_3SIGMA_CONVERSION,193,P,BIT4,8,8.0068888332015362,0.00086110415019202691
CLAIM_BASELINE_3SIGMA_CONVERSION,193,P,BIT3,4,3.9844139077551324,-0.0038965230612169055
CLAIM_BASELINE_3SIGMA_CONVERSION,193,P,BIT2,2,2.0141121758440641,0.0070560879220320505
CLAIM_BASELINE_3SIGMA_CONVERSION,193,P,BIT1,1,0.98631878785551252,-0.013681212144487476
CLAIM_BASELINE_3SIGMA_CONVERSION,193,P,DUMMY,1,0.99270685772689848,-0.0072931422731015161
CLAIM_BASELINE_3SIGMA_CONVERSION,193,N,BIT7,64,63.970116167482658,-0.00046693488308346964
CLAIM_BASELINE_3SIGMA_CONVERSION,193,N,BIT6,32,31.954838300526898,-0.0014113031085344341
CLAIM_BASELINE_3SIGMA_CONVERSION,193,N,BIT5,16,15.995877680561071,-0.0002576449649330792
CLAIM_BASELINE_3SIGMA_CONVERSION,193,N,BIT4,8,8.0079212958646089,0.00099016198307610992
CLAIM_BASELINE_3SIGMA_CONVERSION,193,N,BIT3,4,4.0184108678098909,0.0046027169524727185
CLAIM_BASELINE_3SIGMA_CONVERSION,193,N,BIT2,2,1.9994302255822531,-0.00028488720887343
CLAIM_BASELINE_3SIGMA_CONVERSION,193,N,BIT1,1,0.99861933997977481,-0.0013806600202251884
CLAIM_BASELINE_3SIGMA_CONVERSION,193,N,DUMMY,1,0.99394564425834153,-0.0060543557416584681
CLAIM_BASELINE_3SIGMA_CONVERSION,194,P,BIT7,64,64.094743190182115,0.0014803623465955429
CLAIM_BASELINE_3SIGMA_CONVERSION,194,P,BIT6,32,32.005638685132737,0.00017620891039804576
CLAIM_BASELINE_3SIGMA_CONVERSION,194,P,BIT5,16,15.991432398799153,-0.00053547507505291581
CLAIM_BASELINE_3SIGMA_CONVERSION,194,P,BIT4,8,7.9567660907861626,-0.0054042386517296759
CLAIM_BASELINE_3SIGMA_CONVERSION,194,P,BIT3,4,4.0045546224097794,0.0011386556024448602
CLAIM_BASELINE_3SIGMA_CONVERSION,194,P,BIT2,2,2.0055835624981793,0.002791781249089631
CLAIM_BASELINE_3SIGMA_CONVERSION,194,P,BIT1,1,1.0040891245420205,0.0040891245420204836
CLAIM_BASELINE_3SIGMA_CONVERSION,194,P,DUMMY,1,0.98496857561224027,-0.015031424387759729
CLAIM_BASELINE_3SIGMA_CONVERSION,194,N,BIT7,64,63.922433172422217,-0.0012119816809028627
CLAIM_BASELINE_3SIGMA_CONVERSION,194,N,BIT6,32,32.055615014718526,0.001737969209953949
CLAIM_BASELINE_3SIGMA_CONVERSION,194,N,BIT5,16,16.018588514702572,0.0011617821689107188
CLAIM_BASELINE_3SIGMA_CONVERSION,194,N,BIT4,8,8.011410227062413,0.0014262783828016268
CLAIM_BASELINE_3SIGMA_CONVERSION,194,N,BIT3,4,4.0106795862654021,0.002669896566350527
CLAIM_BASELINE_3SIGMA_CONVERSION,194,N,BIT2,2,1.9923120602213087,-0.0038439698893456553
CLAIM_BASELINE_3SIGMA_CONVERSION,194,N,BIT1,1,0.99937610060543869,-0.00062389939456131138
CLAIM_BASELINE_3SIGMA_CONVERSION,194,N,DUMMY,1,0.99357778341517866,-0.0064222165848213386
CLAIM_BASELINE_3SIGMA_CONVERSION,195,P,BIT7,64,63.983266669390922,-0.00026145829076684723
CLAIM_BASELINE_3SIGMA_CONVERSION,195,P,BIT6,32,32.012847266640939,0.00040147708252935566
CLAIM_BASELINE_3SIGMA_CONVERSION,195,P,BIT5,16,15.997599622173864,-0.00015002361413352094
CLAIM_BASELINE_3SIGMA_CONVERSION,195,P,BIT4,8,8.0146303892034112,0.0018287986504263998
CLAIM_BASELINE_3SIGMA_CONVERSION,195,P,BIT3,4,3.9925274286945518,-0.0018681428263620514
CLAIM_BASELINE_3SIGMA_CONVERSION,195,P,BIT2,2,1.9943607301903323,-0.0028196349048338343
CLAIM_BASELINE_3SIGMA_CONVERSION,195,P,BIT1,1,1.0050386554732702,0.0050386554732702038
CLAIM_BASELINE_3SIGMA_CONVERSION,195,P,DUMMY,1,0.99450037394816215,-0.005499626051837847
CLAIM_BASELINE_3SIGMA_CONVERSION,195,N,BIT7,64,63.94152115339746,-0.0009137319781646891
CLAIM_BASELINE_3SIGMA_CONVERSION,195,N,BIT6,32,32.038155236868143,0.0011923511521294561
CLAIM_BASELINE_3SIGMA_CONVERSION,195,N,BIT5,16,16.009454747611279,0.0005909217257049626
CLAIM_BASELINE_3SIGMA_CONVERSION,195,N,BIT4,8,8.0134866926534478,0.0016858365816809773
CLAIM_BASELINE_3SIGMA_CONVERSION,195,N,BIT3,4,4.0066184631395014,0.0016546157848753573
CLAIM_BASELINE_3SIGMA_CONVERSION,195,N,BIT2,2,2.0065717857412029,0.0032858928706014368
CLAIM_BASELINE_3SIGMA_CONVERSION,195,N,BIT1,1,0.9856569876729987,-0.014343012327001303
CLAIM_BASELINE_3SIGMA_CONVERSION,195,N,DUMMY,1,1.0101345503335823,0.010134550333582348
CLAIM_BASELINE_3SIGMA_CONVERSION,196,P,BIT7,64,64.032678408576658,0.00051060013401027504
CLAIM_BASELINE_3SIGMA_CONVERSION,196,P,BIT6,32,32.023420288715158,0.00073188402234869443
CLAIM_BASELINE_3SIGMA_CONVERSION,196,P,BIT5,16,15.964590353848882,-0.002213102884444873
CLAIM_BASELINE_3SIGMA_CONVERSION,196,P,BIT4,8,7.9781131298303753,-0.0027358587712030813
CLAIM_BASELINE_3SIGMA_CONVERSION,196,P,BIT3,4,3.9715082176917189,-0.0071229455770702721
CLAIM_BASELINE_3SIGMA_CONVERSION,196,P,BIT2,2,2.0165480261164825,0.0082740130582412696
CLAIM_BASELINE_3SIGMA_CONVERSION,196,P,BIT1,1,0.99962744901470357,-0.00037255098529642705
CLAIM_BASELINE_3SIGMA_CONVERSION,196,P,DUMMY,1,0.99735243059167134,-0.0026475694083286649
CLAIM_BASELINE_3SIGMA_CONVERSION,196,N,BIT7,64,63.924742563146424,-0.0011758974508371267
CLAIM_BASELINE_3SIGMA_CONVERSION,196,N,BIT6,32,32.071614000276,0.0022379375086249986
CLAIM_BASELINE_3SIGMA_CONVERSION,196,N,BIT5,16,15.998639065369126,-8.5058414429628471e-05
CLAIM_BASELINE_3SIGMA_CONVERSION,196,N,BIT4,8,8.0385754942110896,0.0048219367763862042
CLAIM_BASELINE_3SIGMA_CONVERSION,196,N,BIT3,4,4.0002015732040848,5.0393301021189885e-05
CLAIM_BASELINE_3SIGMA_CONVERSION,196,N,BIT2,2,1.9869389730935438,-0.0065305134532280817
CLAIM_BASELINE_3SIGMA_CONVERSION,196,N,BIT1,1,1.0055813776626557,0.0055813776626556511
CLAIM_BASELINE_3SIGMA_CONVERSION,196,N,DUMMY,1,0.993793227444698,-0.0062067725553019981
CLAIM_BASELINE_3SIGMA_CONVERSION,197,P,BIT7,64,64.060836535136659,0.00095057086151029146
CLAIM_BASELINE_3SIGMA_CONVERSION,197,P,BIT6,32,31.916645357712454,-0.0026048325714858045
CLAIM_BASELINE_3SIGMA_CONVERSION,197,P,BIT5,16,15.977854113013827,-0.0013841179366358425
CLAIM_BASELINE_3SIGMA_CONVERSION,197,P,BIT4,8,8.0074144623793124,0.00092680779741405317
CLAIM_BASELINE_3SIGMA_CONVERSION,197,P,BIT3,4,4.0133828958775126,0.003345723969378156
CLAIM_BASELINE_3SIGMA_CONVERSION,197,P,BIT2,2,2.0139195482127059,0.0069597741063529561
CLAIM_BASELINE_3SIGMA_CONVERSION,197,P,BIT1,1,1.0141673078181823,0.014167307818182318
CLAIM_BASELINE_3SIGMA_CONVERSION,197,P,DUMMY,1,1.0018292873459507,0.0018292873459506698
CLAIM_BASELINE_3SIGMA_CONVERSION,197,N,BIT7,64,64.037031599470495,0.00057861874172648875
CLAIM_BASELINE_3SIGMA_CONVERSION,197,N,BIT6,32,31.994933606266962,-0.00015832480415745032
CLAIM_BASELINE_3SIGMA_CONVERSION,197,N,BIT5,16,15.996365946293016,-0.00022712835668647902
CLAIM_BASELINE_3SIGMA_CONVERSION,197,N,BIT4,8,8.0030404393335353,0.00038005491669190761
CLAIM_BASELINE_3SIGMA_CONVERSION,197,N,BIT3,4,3.9948731513186733,-0.0012817121703316836
CLAIM_BASELINE_3SIGMA_CONVERSION,197,N,BIT2,2,1.9985099004038864,-0.00074504979805678495
CLAIM_BASELINE_3SIGMA_CONVERSION,197,N,BIT1,1,1.0077676223323366,0.0077676223323366322
CLAIM_BASELINE_3SIGMA_CONVERSION,197,N,DUMMY,1,1.0131647637009051,0.013164763700905135
CLAIM_BASELINE_3SIGMA_CONVERSION,198,P,BIT7,64,63.95542276611333,-0.0006965192794792241
CLAIM_BASELINE_3SIGMA_CONVERSION,198,P,BIT6,32,31.968994737239477,-0.00096891446126634584
CLAIM_BASELINE_3SIGMA_CONVERSION,198,P,BIT5,16,15.971987966773955,-0.0017507520766277818
CLAIM_BASELINE_3SIGMA_CONVERSION,198,P,BIT4,8,7.9645472980121355,-0.0044315877484830679
CLAIM_BASELINE_3SIGMA_CONVERSION,198,P,BIT3,4,4.016218938816646,0.0040547347041615112
CLAIM_BASELINE_3SIGMA_CONVERSION,198,P,BIT2,2,1.9946555784803057,-0.0026722107598471379
CLAIM_BASELINE_3SIGMA_CONVERSION,198,P,BIT1,1,1.0122920251057734,0.01229202510577343
CLAIM_BASELINE_3SIGMA_CONVERSION,198,P,DUMMY,1,0.99803643383264473,-0.0019635661673552685
CLAIM_BASELINE_3SIGMA_CONVERSION,198,N,BIT7,64,64.117526378687828,0.0018363496669973056
CLAIM_BASELINE_3SIGMA_CONVERSION,198,N,BIT6,32,31.986429621978083,-0.00042407431318491895
CLAIM_BASELINE_3SIGMA_CONVERSION,198,N,BIT5,16,16.012862732315085,0.000803920769692823
CLAIM_BASELINE_3SIGMA_CONVERSION,198,N,BIT4,8,8.0071701722777302,0.0008962715347162753
CLAIM_BASELINE_3SIGMA_CONVERSION,198,N,BIT3,4,4.0090526152409733,0.0022631538102433346
CLAIM_BASELINE_3SIGMA_CONVERSION,198,N,BIT2,2,2.0180770186835906,0.0090385093417952866
CLAIM_BASELINE_3SIGMA_CONVERSION,198,N,BIT1,1,0.99973697513949178,-0.00026302486050822083
CLAIM_BASELINE_3SIGMA_CONVERSION,198,N,DUMMY,1,0.99912032026198594,-0.00087967973801406085
CLAIM_BASELINE_3SIGMA_CONVERSION,199,P,BIT7,64,63.972860232378558,-0.0004240588690850311
CLAIM_BASELINE_3SIGMA_CONVERSION,199,P,BIT6,32,32.038998173071455,0.0012186929084829767
CLAIM_BASELINE_3SIGMA_CONVERSION,199,P,BIT5,16,16.058258793066429,0.0036411745666518058
CLAIM_BASELINE_3SIGMA_CONVERSION,199,P,BIT4,8,7.9773303379552924,-0.0028337077555884438
CLAIM_BASELINE_3SIGMA_CONVERSION,199,P,BIT3,4,3.9925514501388628,-0.001862137465284297
CLAIM_BASELINE_3SIGMA_CONVERSION,199,P,BIT2,2,2.0055519749686543,0.0027759874843271692
CLAIM_BASELINE_3SIGMA_CONVERSION,199,P,BIT1,1,0.99407892516130691,-0.0059210748386930856
CLAIM_BASELINE_3SIGMA_CONVERSION,199,P,DUMMY,1,0.98754742821838037,-0.012452571781619626
CLAIM_BASELINE_3SIGMA_CONVERSION,199,N,BIT7,64,63.938031616655394,-0.00096825598975947003
CLAIM_BASELINE_3SIGMA_CONVERSION,199,N,BIT6,32,32.07957582516687,0.0024867445364646912
CLAIM_BASELINE_3SIGMA_CONVERSION,199,N,BIT5,16,15.973477825878277,-0.0016576358826076998
CLAIM_BASELINE_3SIGMA_CONVERSION,199,N,BIT4,8,8.0439534205034136,0.0054941775629266942
CLAIM_BASELINE_3SIGMA_CONVERSION,199,N,BIT3,4,4.0062519159150494,0.0015629789787623416
CLAIM_BASELINE_3SIGMA_CONVERSION,199,N,BIT2,2,2.0127537935430744,0.0063768967715371883
CLAIM_BASELINE_3SIGMA_CONVERSION,199,N,BIT1,1,0.99814436071668322,-0.001855639283316779
CLAIM_BASELINE_3SIGMA_CONVERSION,199,N,DUMMY,1,0.99266569145365469,-0.0073343085463453139
CLAIM_BASELINE_3SIGMA_CONVERSION,200,P,BIT7,64,63.953750564629154,-0.00072264742766947609
CLAIM_BASELINE_3SIGMA_CONVERSION,200,P,BIT6,32,31.989725698844609,-0.00032107191110597455
CLAIM_BASELINE_3SIGMA_CONVERSION,200,P,BIT5,16,15.996570523761319,-0.00021434226491756636
CLAIM_BASELINE_3SIGMA_CONVERSION,200,P,BIT4,8,8.0386646033245004,0.0048330754155625488
CLAIM_BASELINE_3SIGMA_CONVERSION,200,P,BIT3,4,4.0058052991285642,0.0014513247821410502
CLAIM_BASELINE_3SIGMA_CONVERSION,200,P,BIT2,2,1.9932644447082013,-0.0033677776458993502
CLAIM_BASELINE_3SIGMA_CONVERSION,200,P,BIT1,1,1.0038091626091872,0.0038091626091871778
CLAIM_BASELINE_3SIGMA_CONVERSION,200,P,DUMMY,1,1.0015523023276933,0.0015523023276933223
CLAIM_BASELINE_3SIGMA_CONVERSION,200,N,BIT7,64,64.038794087353466,0.00060615761489790643
CLAIM_BASELINE_3SIGMA_CONVERSION,200,N,BIT6,32,32.015936401175367,0.00049801253673020796
CLAIM_BASELINE_3SIGMA_CONVERSION,200,N,BIT5,16,16.029945503254872,0.0018715939534295067
CLAIM_BASELINE_3SIGMA_CONVERSION,200,N,BIT4,8,7.9855078181024179,-0.0018115227371977571
CLAIM_BASELINE_3SIGMA_CONVERSION,200,N,BIT3,4,3.994293879076749,-0.0014265302308127392
CLAIM_BASELINE_3SIGMA_CONVERSION,200,N,BIT2,2,1.9974322901348649,-0.0012838549325675519
CLAIM_BASELINE_3SIGMA_CONVERSION,200,N,BIT1,1,1.006141410472231,0.0061414104722310459
CLAIM_BASELINE_3SIGMA_CONVERSION,200,N,DUMMY,1,1.0037130369640876,0.0037130369640876459
SENSITIVITY_1SIGMA_ENVELOPE,1,P,BIT7,64,63.886296646411012,-0.0017766148998279441
SENSITIVITY_1SIGMA_ENVELOPE,1,P,BIT6,32,32.013293464129106,0.00041542075403455669
SENSITIVITY_1SIGMA_ENVELOPE,1,P,BIT5,16,16.107541513050769,0.0067213445656730819
SENSITIVITY_1SIGMA_ENVELOPE,1,P,BIT4,8,7.9309506226219497,-0.0086311721722562851
SENSITIVITY_1SIGMA_ENVELOPE,1,P,BIT3,4,4.024691902752215,0.0061729756880537501
SENSITIVITY_1SIGMA_ENVELOPE,1,P,BIT2,2,1.9765916193648543,-0.01170419031757286
SENSITIVITY_1SIGMA_ENVELOPE,1,P,BIT1,1,0.96853325878402929,-0.031466741215970706
SENSITIVITY_1SIGMA_ENVELOPE,1,P,DUMMY,1,1.0178104661036216,0.017810466103621581
SENSITIVITY_1SIGMA_ENVELOPE,1,N,BIT7,64,64.050949846474069,0.00079609135115732421
SENSITIVITY_1SIGMA_ENVELOPE,1,N,BIT6,32,31.977354479507657,-0.00070767251538572662
SENSITIVITY_1SIGMA_ENVELOPE,1,N,BIT5,16,15.998155015883873,-0.00011531150725796468
SENSITIVITY_1SIGMA_ENVELOPE,1,N,BIT4,8,7.9567600420995976,-0.0054049947375502949
SENSITIVITY_1SIGMA_ENVELOPE,1,N,BIT3,4,4.0236934929281887,0.0059233732320471688
SENSITIVITY_1SIGMA_ENVELOPE,1,N,BIT2,2,1.9839608589696796,-0.0080195705151602237
SENSITIVITY_1SIGMA_ENVELOPE,1,N,BIT1,1,0.98331873906114542,-0.016681260938854581
SENSITIVITY_1SIGMA_ENVELOPE,1,N,DUMMY,1,1.0189724777204485,0.018972477720448522
SENSITIVITY_1SIGMA_ENVELOPE,2,P,BIT7,64,63.782433394237515,-0.0033994782150388314
SENSITIVITY_1SIGMA_ENVELOPE,2,P,BIT6,32,31.974754631076681,-0.00078891777885370384
SENSITIVITY_1SIGMA_ENVELOPE,2,P,BIT5,16,15.960194538999447,-0.0024878413125345444
SENSITIVITY_1SIGMA_ENVELOPE,2,P,BIT4,8,7.975087767007131,-0.0031140291241086304
SENSITIVITY_1SIGMA_ENVELOPE,2,P,BIT3,4,4.0170720218899856,0.0042680054724963945
SENSITIVITY_1SIGMA_ENVELOPE,2,P,BIT2,2,2.0107784955568468,0.0053892477784234227
SENSITIVITY_1SIGMA_ENVELOPE,2,P,BIT1,1,0.98006742688025561,-0.01993257311974439
SENSITIVITY_1SIGMA_ENVELOPE,2,P,DUMMY,1,0.98986786111983005,-0.01013213888016995
SENSITIVITY_1SIGMA_ENVELOPE,2,N,BIT7,64,63.911163207021538,-0.001388074890288471
SENSITIVITY_1SIGMA_ENVELOPE,2,N,BIT6,32,32.092851691324185,0.0029016153538807821
SENSITIVITY_1SIGMA_ENVELOPE,2,N,BIT5,16,16.054269714449532,0.0033918571530957564
SENSITIVITY_1SIGMA_ENVELOPE,2,N,BIT4,8,8.1137372975828139,0.01421716219785174
SENSITIVITY_1SIGMA_ENVELOPE,2,N,BIT3,4,3.9794539027697127,-0.0051365243075718325
SENSITIVITY_1SIGMA_ENVELOPE,2,N,BIT2,2,1.9806635934125296,-0.0096682032937351892
SENSITIVITY_1SIGMA_ENVELOPE,2,N,BIT1,1,0.97639720517368966,-0.023602794826310336
SENSITIVITY_1SIGMA_ENVELOPE,2,N,DUMMY,1,0.96144364177823693,-0.038556358221763065
SENSITIVITY_1SIGMA_ENVELOPE,3,P,BIT7,64,64.337287633450032,0.0052701192726567481
SENSITIVITY_1SIGMA_ENVELOPE,3,P,BIT6,32,31.858739145514349,-0.0044144017026765958
SENSITIVITY_1SIGMA_ENVELOPE,3,P,BIT5,16,16.009676260943401,0.00060476630896255656
SENSITIVITY_1SIGMA_ENVELOPE,3,P,BIT4,8,8.1077657603244351,0.013470720040554385
SENSITIVITY_1SIGMA_ENVELOPE,3,P,BIT3,4,4.031356852481438,0.0078392131203595117
SENSITIVITY_1SIGMA_ENVELOPE,3,P,BIT2,2,1.9723877147525843,-0.013806142623707829
SENSITIVITY_1SIGMA_ENVELOPE,3,P,BIT1,1,1.0146130290289168,0.014613029028916813
SENSITIVITY_1SIGMA_ENVELOPE,3,P,DUMMY,1,0.98790015399428166,-0.01209984600571834
SENSITIVITY_1SIGMA_ENVELOPE,3,N,BIT7,64,63.947503522230789,-0.00082025746514391429
SENSITIVITY_1SIGMA_ENVELOPE,3,N,BIT6,32,32.065474433247623,0.0020460760389882093
SENSITIVITY_1SIGMA_ENVELOPE,3,N,BIT5,16,15.944510786926251,-0.003468075817109284
SENSITIVITY_1SIGMA_ENVELOPE,3,N,BIT4,8,8.0280937376956008,0.0035117172119500939
SENSITIVITY_1SIGMA_ENVELOPE,3,N,BIT3,4,3.9521257768966533,-0.011968555775836665
SENSITIVITY_1SIGMA_ENVELOPE,3,N,BIT2,2,2.003977382673106,0.0019886913365529946
SENSITIVITY_1SIGMA_ENVELOPE,3,N,BIT1,1,1.0264445150258064,0.026444515025806359
SENSITIVITY_1SIGMA_ENVELOPE,3,N,DUMMY,1,1.0035836102388491,0.003583610238849122
SENSITIVITY_1SIGMA_ENVELOPE,4,P,BIT7,64,63.693866421244991,-0.0047833371680470194
SENSITIVITY_1SIGMA_ENVELOPE,4,P,BIT6,32,32.220667370176997,0.0068958553180311633
SENSITIVITY_1SIGMA_ENVELOPE,4,P,BIT5,16,16.041572956724451,0.0025983097952781975
SENSITIVITY_1SIGMA_ENVELOPE,4,P,BIT4,8,8.0266376034026194,0.0033297004253274309
SENSITIVITY_1SIGMA_ENVELOPE,4,P,BIT3,4,3.9661769650260621,-0.0084557587434844761
SENSITIVITY_1SIGMA_ENVELOPE,4,P,BIT2,2,2.0429047281316519,0.021452364065825957
SENSITIVITY_1SIGMA_ENVELOPE,4,P,BIT1,1,0.97050934333755956,-0.02949065666244044
SENSITIVITY_1SIGMA_ENVELOPE,4,P,DUMMY,1,0.98944409613469397,-0.010555903865306027
SENSITIVITY_1SIGMA_ENVELOPE,4,N,BIT7,64,63.943504073913914,-0.00088274884509509377
SENSITIVITY_1SIGMA_ENVELOPE,4,N,BIT6,32,31.873649448417641,-0.0039484547369487144
SENSITIVITY_1SIGMA_ENVELOPE,4,N,BIT5,16,16.082610757677781,0.0051631723548613007
SENSITIVITY_1SIGMA_ENVELOPE,4,N,BIT4,8,8.0554154900777242,0.0069269362597155215
SENSITIVITY_1SIGMA_ENVELOPE,4,N,BIT3,4,3.9865774210158733,-0.0033556447460316718
SENSITIVITY_1SIGMA_ENVELOPE,4,N,BIT2,2,2.0262425773059523,0.013121288652976126
SENSITIVITY_1SIGMA_ENVELOPE,4,N,BIT1,1,0.99387932693067205,-0.0061206730693279532
SENSITIVITY_1SIGMA_ENVELOPE,4,N,DUMMY,1,0.97860814825443099,-0.021391851745569013
SENSITIVITY_1SIGMA_ENVELOPE,5,P,BIT7,64,64.242558992564454,0.0037899842588196009
SENSITIVITY_1SIGMA_ENVELOPE,5,P,BIT6,32,31.809002553752325,-0.0059686701952398336
SENSITIVITY_1SIGMA_ENVELOPE,5,P,BIT5,16,15.812511238672478,-0.011718047582970126
SENSITIVITY_1SIGMA_ENVELOPE,5,P,BIT4,8,7.9423256402868407,-0.0072092949641449078
SENSITIVITY_1SIGMA_ENVELOPE,5,P,BIT3,4,3.9730345795495334,-0.0067413551126166427
SENSITIVITY_1SIGMA_ENVELOPE,5,P,BIT2,2,2.0103202407493943,0.0051601203746971525
SENSITIVITY_1SIGMA_ENVELOPE,5,P,BIT1,1,0.99686538941328251,-0.00313461058671749
SENSITIVITY_1SIGMA_ENVELOPE,5,P,DUMMY,1,0.97354327082273429,-0.026456729177265714
SENSITIVITY_1SIGMA_ENVELOPE,5,N,BIT7,64,64.001810678050106,2.8291844532901678e-05
SENSITIVITY_1SIGMA_ENVELOPE,5,N,BIT6,32,31.720336979327826,-0.0087394693960054504
SENSITIVITY_1SIGMA_ENVELOPE,5,N,BIT5,16,15.907950202144168,-0.0057531123659895211
SENSITIVITY_1SIGMA_ENVELOPE,5,N,BIT4,8,7.9833327169685777,-0.0020834103789277858
SENSITIVITY_1SIGMA_ENVELOPE,5,N,BIT3,4,3.9441087718513366,-0.013972807037165857
SENSITIVITY_1SIGMA_ENVELOPE,5,N,BIT2,2,2.0153171193627037,0.007658559681351873
SENSITIVITY_1SIGMA_ENVELOPE,5,N,BIT1,1,1.0122921933744815,0.012292193374481508
SENSITIVITY_1SIGMA_ENVELOPE,5,N,DUMMY,1,1.0488592871562219,0.048859287156221898
SENSITIVITY_1SIGMA_ENVELOPE,6,P,BIT7,64,63.815920901992449,-0.0028762359063679854
SENSITIVITY_1SIGMA_ENVELOPE,6,P,BIT6,32,31.920539598104991,-0.0024831375592190286
SENSITIVITY_1SIGMA_ENVELOPE,6,P,BIT5,16,16.050566217079794,0.0031603885674871268
SENSITIVITY_1SIGMA_ENVELOPE,6,P,BIT4,8,8.0133448312902367,0.0016681039112795837
SENSITIVITY_1SIGMA_ENVELOPE,6,P,BIT3,4,3.9820948185518641,-0.0044762953620339774
SENSITIVITY_1SIGMA_ENVELOPE,6,P,BIT2,2,1.9975904910189946,-0.0012047544905027241
SENSITIVITY_1SIGMA_ENVELOPE,6,P,BIT1,1,0.97965680337537375,-0.020343196624626247
SENSITIVITY_1SIGMA_ENVELOPE,6,P,DUMMY,1,1.0070458219434595,0.0070458219434594849
SENSITIVITY_1SIGMA_ENVELOPE,6,N,BIT7,64,64.101650766579667,0.0015882932278072914
SENSITIVITY_1SIGMA_ENVELOPE,6,N,BIT6,32,32.132593031655219,0.0041435322392255891
SENSITIVITY_1SIGMA_ENVELOPE,6,N,BIT5,16,16.042248433048968,0.0026405270655605051
SENSITIVITY_1SIGMA_ENVELOPE,6,N,BIT4,8,7.9125667073938555,-0.010929161575768065
SENSITIVITY_1SIGMA_ENVELOPE,6,N,BIT3,4,3.9908841122293426,-0.002278971942664354
SENSITIVITY_1SIGMA_ENVELOPE,6,N,BIT2,2,2.0572275651287382,0.028613782564369084
SENSITIVITY_1SIGMA_ENVELOPE,6,N,BIT1,1,0.99948693001724576,-0.00051306998275424398
SENSITIVITY_1SIGMA_ENVELOPE,6,N,DUMMY,1,1.0116064080828246,0.011606408082824649
SENSITIVITY_1SIGMA_ENVELOPE,7,P,BIT7,64,63.781913382010572,-0.0034076034060848137
SENSITIVITY_1SIGMA_ENVELOPE,7,P,BIT6,32,32.361937637169234,0.011310551161538562
SENSITIVITY_1SIGMA_ENVELOPE,7,P,BIT5,16,15.890157643697108,-0.0068651472689307269
SENSITIVITY_1SIGMA_ENVELOPE,7,P,BIT4,8,8.0201498664578281,0.0025187333072285156
SENSITIVITY_1SIGMA_ENVELOPE,7,P,BIT3,4,4.0186504827559242,0.0046626206889810451
SENSITIVITY_1SIGMA_ENVELOPE,7,P,BIT2,2,1.9947817688622753,-0.0026091155688623413
SENSITIVITY_1SIGMA_ENVELOPE,7,P,BIT1,1,0.94140244946112672,-0.058597550538873278
SENSITIVITY_1SIGMA_ENVELOPE,7,P,DUMMY,1,1.0267886728805991,0.026788672880599051
SENSITIVITY_1SIGMA_ENVELOPE,7,N,BIT7,64,64.08355331565545,0.001305520557116413
SENSITIVITY_1SIGMA_ENVELOPE,7,N,BIT6,32,31.924792729155623,-0.0023502272138867797
SENSITIVITY_1SIGMA_ENVELOPE,7,N,BIT5,16,16.095699530520516,0.0059812206575322602
SENSITIVITY_1SIGMA_ENVELOPE,7,N,BIT4,8,8.0882624772815443,0.011032809660193044
SENSITIVITY_1SIGMA_ENVELOPE,7,N,BIT3,4,3.9833265715826363,-0.0041683571043409362
SENSITIVITY_1SIGMA_ENVELOPE,7,N,BIT2,2,2.0366321858016381,0.018316092900819037
SENSITIVITY_1SIGMA_ENVELOPE,7,N,BIT1,1,1.0097975934568155,0.0097975934568155232
SENSITIVITY_1SIGMA_ENVELOPE,7,N,DUMMY,1,1.0150627489791686,0.015062748979168594
SENSITIVITY_1SIGMA_ENVELOPE,8,P,BIT7,64,64.277753964485484,0.0043399056950856885
SENSITIVITY_1SIGMA_ENVELOPE,8,P,BIT6,32,32.098269825351728,0.0030709320422415143
SENSITIVITY_1SIGMA_ENVELOPE,8,P,BIT5,16,15.892263461117231,-0.0067335336801730428
SENSITIVITY_1SIGMA_ENVELOPE,8,P,BIT4,8,7.9962648013930444,-0.000466899825869449
SENSITIVITY_1SIGMA_ENVELOPE,8,P,BIT3,4,4.0350751935971187,0.008768798399279687
SENSITIVITY_1SIGMA_ENVELOPE,8,P,BIT2,2,2.0087586035686864,0.0043793017843432036
SENSITIVITY_1SIGMA_ENVELOPE,8,P,BIT1,1,1.0391061878548959,0.039106187854895946
SENSITIVITY_1SIGMA_ENVELOPE,8,P,DUMMY,1,0.99428198736725593,-0.0057180126327440739
SENSITIVITY_1SIGMA_ENVELOPE,8,N,BIT7,64,64.208397159406303,0.0032562056157234842
SENSITIVITY_1SIGMA_ENVELOPE,8,N,BIT6,32,31.977592399661223,-0.00070023751058678751
SENSITIVITY_1SIGMA_ENVELOPE,8,N,BIT5,16,15.946148492541621,-0.0033657192161486993
SENSITIVITY_1SIGMA_ENVELOPE,8,N,BIT4,8,8.0651650924076819,0.0081456365509602335
SENSITIVITY_1SIGMA_ENVELOPE,8,N,BIT3,4,3.9967632085603593,-0.00080919785991018234
SENSITIVITY_1SIGMA_ENVELOPE,8,N,BIT2,2,1.9836972028614372,-0.0081513985692813762
SENSITIVITY_1SIGMA_ENVELOPE,8,N,BIT1,1,1.0303167267756759,0.030316726775675873
SENSITIVITY_1SIGMA_ENVELOPE,8,N,DUMMY,1,0.98309482217177535,-0.016905177828224649
SENSITIVITY_1SIGMA_ENVELOPE,9,P,BIT7,64,64.234172534211055,0.0036589458470477343
SENSITIVITY_1SIGMA_ENVELOPE,9,P,BIT6,32,31.878799313060085,-0.0037875214668723345
SENSITIVITY_1SIGMA_ENVELOPE,9,P,BIT5,16,16.093870948098612,0.0058669342561632476
SENSITIVITY_1SIGMA_ENVELOPE,9,P,BIT4,8,7.8952593338854866,-0.013092583264314173
SENSITIVITY_1SIGMA_ENVELOPE,9,P,BIT3,4,4.0721368371931854,0.018034209298296355
SENSITIVITY_1SIGMA_ENVELOPE,9,P,BIT2,2,2.0317391100200766,0.015869555010038283
SENSITIVITY_1SIGMA_ENVELOPE,9,P,BIT1,1,1.0356401697243243,0.035640169724324267
SENSITIVITY_1SIGMA_ENVELOPE,9,P,DUMMY,1,1.0139752023509525,0.013975202350952509
SENSITIVITY_1SIGMA_ENVELOPE,9,N,BIT7,64,64.024326021511627,0.00038009408611916484
SENSITIVITY_1SIGMA_ENVELOPE,9,N,BIT6,32,31.997359244951028,-8.2523595280381556e-05
SENSITIVITY_1SIGMA_ENVELOPE,9,N,BIT5,16,16.009677559253269,0.00060484745332933798
SENSITIVITY_1SIGMA_ENVELOPE,9,N,BIT4,8,7.9127055850880801,-0.010911801863989989
SENSITIVITY_1SIGMA_ENVELOPE,9,N,BIT3,4,4.0190320637424186,0.0047580159356046536
SENSITIVITY_1SIGMA_ENVELOPE,9,N,BIT2,2,2.0231399983505352,0.011569999175267576
SENSITIVITY_1SIGMA_ENVELOPE,9,N,BIT1,1,1.011652777346896,0.011652777346895959
SENSITIVITY_1SIGMA_ENVELOPE,9,N,DUMMY,1,1.0029423769827588,0.0029423769827587876
SENSITIVITY_1SIGMA_ENVELOPE,10,P,BIT7,64,63.839964806509926,-0.0025005498982824115
SENSITIVITY_1SIGMA_ENVELOPE,10,P,BIT6,32,32.001222320541139,3.8197516910587481e-05
SENSITIVITY_1SIGMA_ENVELOPE,10,P,BIT5,16,16.152699237070514,0.0095437023169071544
SENSITIVITY_1SIGMA_ENVELOPE,10,P,BIT4,8,7.9835994625323004,-0.0020500671834624562
SENSITIVITY_1SIGMA_ENVELOPE,10,P,BIT3,4,3.9815709383311519,-0.0046072654172120142
SENSITIVITY_1SIGMA_ENVELOPE,10,P,BIT2,2,2.0453479289731211,0.022673964486560561
SENSITIVITY_1SIGMA_ENVELOPE,10,P,BIT1,1,0.96345840158249207,-0.036541598417507926
SENSITIVITY_1SIGMA_ENVELOPE,10,P,DUMMY,1,1.0095579362320151,0.0095579362320150629
SENSITIVITY_1SIGMA_ENVELOPE,10,N,BIT7,64,64.007719310597921,0.00012061422809250821
SENSITIVITY_1SIGMA_ENVELOPE,10,N,BIT6,32,31.975647769608493,-0.00076100719973459796
SENSITIVITY_1SIGMA_ENVELOPE,10,N,BIT5,16,15.941098815591586,-0.0036813240255259005
SENSITIVITY_1SIGMA_ENVELOPE,10,N,BIT4,8,7.9179216352462767,-0.010259795594215415
SENSITIVITY_1SIGMA_ENVELOPE,10,N,BIT3,4,4.028172921900973,0.0070432304752432451
SENSITIVITY_1SIGMA_ENVELOPE,10,N,BIT2,2,1.9779186004172638,-0.011040699791368125
SENSITIVITY_1SIGMA_ENVELOPE,10,N,BIT1,1,0.98759280287424478,-0.01240719712575522
SENSITIVITY_1SIGMA_ENVELOPE,10,N,DUMMY,1,1.0077627174298944,0.0077627174298944279
SENSITIVITY_1SIGMA_ENVELOPE,11,P,BIT7,64,64.088674604964424,0.0013855407025691324
SENSITIVITY_1SIGMA_ENVELOPE,11,P,BIT6,32,31.841922050643355,-0.0049399359173951662
SENSITIVITY_1SIGMA_ENVELOPE,11,P,BIT5,16,15.9333727909614,-0.0041642005649125124
SENSITIVITY_1SIGMA_ENVELOPE,11,P,BIT4,8,8.0431885674438401,0.0053985709304800178
SENSITIVITY_1SIGMA_ENVELOPE,11,P,BIT3,4,4.0201795511738849,0.0050448877934712311
SENSITIVITY_1SIGMA_ENVELOPE,11,P,BIT2,2,1.9512428325872238,-0.024378583706388124
SENSITIVITY_1SIGMA_ENVELOPE,11,P,BIT1,1,1.0512286702903992,0.051228670290399236
SENSITIVITY_1SIGMA_ENVELOPE,11,P,DUMMY,1,0.99646469901431434,-0.0035353009856856632
SENSITIVITY_1SIGMA_ENVELOPE,11,N,BIT7,64,64.202115566858197,0.0031580557321593261
SENSITIVITY_1SIGMA_ENVELOPE,11,N,BIT6,32,31.96397354985552,-0.001125826567014987
SENSITIVITY_1SIGMA_ENVELOPE,11,N,BIT5,16,15.924101273984416,-0.0047436703759740073
SENSITIVITY_1SIGMA_ENVELOPE,11,N,BIT4,8,7.9906894623475901,-0.001163817206551232
SENSITIVITY_1SIGMA_ENVELOPE,11,N,BIT3,4,4.0313376394323219,0.0078344098580804822
SENSITIVITY_1SIGMA_ENVELOPE,11,N,BIT2,2,2.0012942587230058,0.00064712936150290723
SENSITIVITY_1SIGMA_ENVELOPE,11,N,BIT1,1,0.94636288080706699,-0.053637119192933014
SENSITIVITY_1SIGMA_ENVELOPE,11,N,DUMMY,1,0.97845391753058464,-0.021546082469415362
SENSITIVITY_1SIGMA_ENVELOPE,12,P,BIT7,64,63.946914665217875,-0.0008294583559707025
SENSITIVITY_1SIGMA_ENVELOPE,12,P,BIT6,32,32.190955774111053,0.0059673679409704139
SENSITIVITY_1SIGMA_ENVELOPE,12,P,BIT5,16,16.004896917804665,0.00030605736279154527
SENSITIVITY_1SIGMA_ENVELOPE,12,P,BIT4,8,7.9931097836433755,-0.00086127704457805709
SENSITIVITY_1SIGMA_ENVELOPE,12,P,BIT3,4,3.9572940106412084,-0.010676497339697888
SENSITIVITY_1SIGMA_ENVELOPE,12,P,BIT2,2,2.0108240392889138,0.0054120196444569224
SENSITIVITY_1SIGMA_ENVELOPE,12,P,BIT1,1,1.0115211088111811,0.011521108811181069
SENSITIVITY_1SIGMA_ENVELOPE,12,P,DUMMY,1,0.97248880223282408,-0.027511197767175921
SENSITIVITY_1SIGMA_ENVELOPE,12,N,BIT7,64,63.841635829124328,-0.0024744401699323681
SENSITIVITY_1SIGMA_ENVELOPE,12,N,BIT6,32,32.02576456491623,0.00080514265363218485
SENSITIVITY_1SIGMA_ENVELOPE,12,N,BIT5,16,16.049767834411952,0.0031104896507470059
SENSITIVITY_1SIGMA_ENVELOPE,12,N,BIT4,8,8.0857962225610081,0.010724527820126006
SENSITIVITY_1SIGMA_ENVELOPE,12,N,BIT3,4,3.974989732809469,-0.0062525667976327526
SENSITIVITY_1SIGMA_ENVELOPE,12,N,BIT2,2,1.990837606405081,-0.0045811967974594969
SENSITIVITY_1SIGMA_ENVELOPE,12,N,BIT1,1,0.98167164920232919,-0.018328350797670812
SENSITIVITY_1SIGMA_ENVELOPE,12,N,DUMMY,1,0.99868931224387858,-0.0013106877561214203
SENSITIVITY_1SIGMA_ENVELOPE,13,P,BIT7,64,64.245712255062756,0.0038392539853555618
SENSITIVITY_1SIGMA_ENVELOPE,13,P,BIT6,32,31.974048819718259,-0.00081097438380439701
SENSITIVITY_1SIGMA_ENVELOPE,13,P,BIT5,16,15.837378290135351,-0.010163856866540533
SENSITIVITY_1SIGMA_ENVELOPE,13,P,BIT4,8,8.0474644141108946,0.0059330517638618296
SENSITIVITY_1SIGMA_ENVELOPE,13,P,BIT3,4,4.0356151890858243,0.0089037972714560709
SENSITIVITY_1SIGMA_ENVELOPE,13,P,BIT2,2,1.9332518563905976,-0.0333740718047012
SENSITIVITY_1SIGMA_ENVELOPE,13,P,BIT1,1,1.0201093561143582,0.020109356114358157
SENSITIVITY_1SIGMA_ENVELOPE,13,P,DUMMY,1,1.0061023729784251,0.0061023729784250857
SENSITIVITY_1SIGMA_ENVELOPE,13,N,BIT7,64,63.853460122793877,-0.0022896855813456796
SENSITIVITY_1SIGMA_ENVELOPE,13,N,BIT6,32,32.042077509578284,0.0013149221743213868
SENSITIVITY_1SIGMA_ENVELOPE,13,N,BIT5,16,15.897331459503803,-0.0064167837810122919
SENSITIVITY_1SIGMA_ENVELOPE,13,N,BIT4,8,8.0192939053654051,0.0024117381706756369
SENSITIVITY_1SIGMA_ENVELOPE,13,N,BIT3,4,4.0556260149505645,0.013906503737641129
SENSITIVITY_1SIGMA_ENVELOPE,13,N,BIT2,2,1.9839256877949438,-0.0080371561025280869
SENSITIVITY_1SIGMA_ENVELOPE,13,N,BIT1,1,0.99738209250805598,-0.002617907491944016
SENSITIVITY_1SIGMA_ENVELOPE,13,N,DUMMY,1,1.0096893378087779,0.0096893378087778981
SENSITIVITY_1SIGMA_ENVELOPE,14,P,BIT7,64,63.903758345138556,-0.0015037758572100657
SENSITIVITY_1SIGMA_ENVELOPE,14,P,BIT6,32,31.909607611473572,-0.0028247621414508872
SENSITIVITY_1SIGMA_ENVELOPE,14,P,BIT5,16,16.032924002721224,0.0020577501700764778
SENSITIVITY_1SIGMA_ENVELOPE,14,P,BIT4,8,7.8521188863640168,-0.018485139204497902
SENSITIVITY_1SIGMA_ENVELOPE,14,P,BIT3,4,4.0507490335594385,0.012687258389859624
SENSITIVITY_1SIGMA_ENVELOPE,14,P,BIT2,2,1.9747747865110123,-0.012612606744493826
SENSITIVITY_1SIGMA_ENVELOPE,14,P,BIT1,1,0.97726703258911718,-0.022732967410882821
SENSITIVITY_1SIGMA_ENVELOPE,14,P,DUMMY,1,0.99162148323844368,-0.0083785167615563205
SENSITIVITY_1SIGMA_ENVELOPE,14,N,BIT7,64,63.867610722792975,-0.0020685824563597688
SENSITIVITY_1SIGMA_ENVELOPE,14,N,BIT6,32,32.066513222077049,0.0020785381899077748
SENSITIVITY_1SIGMA_ENVELOPE,14,N,BIT5,16,16.066785737698339,0.0041741086061461985
SENSITIVITY_1SIGMA_ENVELOPE,14,N,BIT4,8,7.9550140411208492,-0.00562324485989385
SENSITIVITY_1SIGMA_ENVELOPE,14,N,BIT3,4,3.9932562376187484,-0.001685940595312907
SENSITIVITY_1SIGMA_ENVELOPE,14,N,BIT2,2,2.0085635069792191,0.0042817534896095744
SENSITIVITY_1SIGMA_ENVELOPE,14,N,BIT1,1,0.96398541068897114,-0.036014589311028855
SENSITIVITY_1SIGMA_ENVELOPE,14,N,DUMMY,1,0.96819347319969706,-0.031806526800302937
SENSITIVITY_1SIGMA_ENVELOPE,15,P,BIT7,64,63.649820173425738,-0.0054715597902228463
SENSITIVITY_1SIGMA_ENVELOPE,15,P,BIT6,32,32.055228124688597,0.0017258788965186511
SENSITIVITY_1SIGMA_ENVELOPE,15,P,BIT5,16,16.019899888803671,0.0012437430502294511
SENSITIVITY_1SIGMA_ENVELOPE,15,P,BIT4,8,7.9759253405945456,-0.0030093324256817988
SENSITIVITY_1SIGMA_ENVELOPE,15,P,BIT3,4,3.9707195762315362,-0.007320105942115962
SENSITIVITY_1SIGMA_ENVELOPE,15,P,BIT2,2,2.0042561288586147,0.0021280644293073525
SENSITIVITY_1SIGMA_ENVELOPE,15,P,BIT1,1,1.0166666617014068,0.016666661701406849
SENSITIVITY_1SIGMA_ENVELOPE,15,P,DUMMY,1,1.0068784230906331,0.0068784230906331345
SENSITIVITY_1SIGMA_ENVELOPE,15,N,BIT7,64,64.01841653978218,0.00028775843409656332
SENSITIVITY_1SIGMA_ENVELOPE,15,N,BIT6,32,31.984273445256608,-0.00049145483573098669
SENSITIVITY_1SIGMA_ENVELOPE,15,N,BIT5,16,15.965750872269648,-0.0021405704831469752
SENSITIVITY_1SIGMA_ENVELOPE,15,N,BIT4,8,8.0385874166580713,0.0048234270822589131
SENSITIVITY_1SIGMA_ENVELOPE,15,N,BIT3,4,4.0411198992701349,0.010279974817533732
SENSITIVITY_1SIGMA_ENVELOPE,15,N,BIT2,2,2.0243303976284781,0.012165198814239053
SENSITIVITY_1SIGMA_ENVELOPE,15,N,BIT1,1,1.0026695982266409,0.0026695982266409235
SENSITIVITY_1SIGMA_ENVELOPE,15,N,DUMMY,1,1.0401003183766615,0.040100318376661503
SENSITIVITY_1SIGMA_ENVELOPE,16,P,BIT7,64,64.018372111022188,0.00028706423472169007
SENSITIVITY_1SIGMA_ENVELOPE,16,P,BIT6,32,32.168480457882907,0.0052650143088408541
SENSITIVITY_1SIGMA_ENVELOPE,16,P,BIT5,16,15.949346992134661,-0.0031658129915836941
SENSITIVITY_1SIGMA_ENVELOPE,16,P,BIT4,8,8.0449873004291419,0.0056234125536427371
SENSITIVITY_1SIGMA_ENVELOPE,16,P,BIT3,4,3.9959005483554386,-0.0010248629111403451
SENSITIVITY_1SIGMA_ENVELOPE,16,P,BIT2,2,1.9949229236777364,-0.0025385381611318092
SENSITIVITY_1SIGMA_ENVELOPE,16,P,BIT1,1,0.98154825699160564,-0.018451743008394361
SENSITIVITY_1SIGMA_ENVELOPE,16,P,DUMMY,1,1.0106140824827894,0.010614082482789389
SENSITIVITY_1SIGMA_ENVELOPE,16,N,BIT7,64,63.904743292105479,-0.0014883860608518873
SENSITIVITY_1SIGMA_ENVELOPE,16,N,BIT6,32,32.103981041306426,0.0032494075408258105
SENSITIVITY_1SIGMA_ENVELOPE,16,N,BIT5,16,15.863428443556447,-0.0085357222777220354
SENSITIVITY_1SIGMA_ENVELOPE,16,N,BIT4,8,8.0556410580420756,0.0069551322552594552
SENSITIVITY_1SIGMA_ENVELOPE,16,N,BIT3,4,3.9715768337776951,-0.0071057915555762241
SENSITIVITY_1SIGMA_ENVELOPE,16,N,BIT2,2,2.0034876934400461,0.0017438467200230345
SENSITIVITY_1SIGMA_ENVELOPE,16,N,BIT1,1,1.0472465744813202,0.047246574481320192
SENSITIVITY_1SIGMA_ENVELOPE,16,N,DUMMY,1,0.98948436786734328,-0.010515632132656716
SENSITIVITY_1SIGMA_ENVELOPE,17,P,BIT7,64,64.273049989748912,0.0042664060898267575
SENSITIVITY_1SIGMA_ENVELOPE,17,P,BIT6,32,32.242620800982522,0.0075819000307038031
SENSITIVITY_1SIGMA_ENVELOPE,17,P,BIT5,16,16.087660332316425,0.005478770769776542
SENSITIVITY_1SIGMA_ENVELOPE,17,P,BIT4,8,8.0207904636762262,0.0025988079595282709
SENSITIVITY_1SIGMA_ENVELOPE,17,P,BIT3,4,3.9546815899987462,-0.011329602500313452
SENSITIVITY_1SIGMA_ENVELOPE,17,P,BIT2,2,1.9969313414214833,-0.0015343292892583404
SENSITIVITY_1SIGMA_ENVELOPE,17,P,BIT1,1,1.031105803690797,0.031105803690796963
SENSITIVITY_1SIGMA_ENVELOPE,17,P,DUMMY,1,1.0203236838351266,0.020323683835126616
SENSITIVITY_1SIGMA_ENVELOPE,17,N,BIT7,64,64.169539741939076,0.00264905846779806
SENSITIVITY_1SIGMA_ENVELOPE,17,N,BIT6,32,32.087895079941987,0.0027467212481870895
SENSITIVITY_1SIGMA_ENVELOPE,17,N,BIT5,16,15.835237456213534,-0.010297658986654135
SENSITIVITY_1SIGMA_ENVELOPE,17,N,BIT4,8,8.093176808834734,0.01164710110434175
SENSITIVITY_1SIGMA_ENVELOPE,17,N,BIT3,4,4.079249948341646,0.019812487085411501
SENSITIVITY_1SIGMA_ENVELOPE,17,N,BIT2,2,2.0272957263302409,0.013647863165120455
SENSITIVITY_1SIGMA_ENVELOPE,17,N,BIT1,1,1.0330868700023546,0.033086870002354551
SENSITIVITY_1SIGMA_ENVELOPE,17,N,DUMMY,1,1.0107729052892662,0.010772905289266221
SENSITIVITY_1SIGMA_ENVELOPE,18,P,BIT7,64,63.804578431948414,-0.0030534620008060287
SENSITIVITY_1SIGMA_ENVELOPE,18,P,BIT6,32,31.887004769155922,-0.0035311009638774316
SENSITIVITY_1SIGMA_ENVELOPE,18,P,BIT5,16,15.914284694936804,-0.0053572065664497792
SENSITIVITY_1SIGMA_ENVELOPE,18,P,BIT4,8,8.006128175784287,0.00076602197303587971
SENSITIVITY_1SIGMA_ENVELOPE,18,P,BIT3,4,3.9386043743475718,-0.015348906413107044
SENSITIVITY_1SIGMA_ENVELOPE,18,P,BIT2,2,2.0181332609073741,0.0090666304536870523
SENSITIVITY_1SIGMA_ENVELOPE,18,P,BIT1,1,1.0242584919059907,0.02425849190599072
SENSITIVITY_1SIGMA_ENVELOPE,18,P,DUMMY,1,0.98768890813498367,-0.012311091865016333
SENSITIVITY_1SIGMA_ENVELOPE,18,N,BIT7,64,64.061731883779913,0.00096456068406114426
SENSITIVITY_1SIGMA_ENVELOPE,18,N,BIT6,32,32.037538495951267,0.0011730779984771011
SENSITIVITY_1SIGMA_ENVELOPE,18,N,BIT5,16,15.915701178318294,-0.0052686763551066385
SENSITIVITY_1SIGMA_ENVELOPE,18,N,BIT4,8,7.9496463803220703,-0.0062942024597412161
SENSITIVITY_1SIGMA_ENVELOPE,18,N,BIT3,4,3.9700749943506723,-0.0074812514123319129
SENSITIVITY_1SIGMA_ENVELOPE,18,N,BIT2,2,2.0126339370356794,0.0063169685178396939
SENSITIVITY_1SIGMA_ENVELOPE,18,N,BIT1,1,1.0000817628160603,8.1762816060315657e-05
SENSITIVITY_1SIGMA_ENVELOPE,18,N,DUMMY,1,1.0172567249768976,0.017256724976897564
SENSITIVITY_1SIGMA_ENVELOPE,19,P,BIT7,64,63.897818131657353,-0.0015965916928538659
SENSITIVITY_1SIGMA_ENVELOPE,19,P,BIT6,32,31.800127464836535,-0.006246016723858272
SENSITIVITY_1SIGMA_ENVELOPE,19,P,BIT5,16,15.881231248085344,-0.0074230469946660049
SENSITIVITY_1SIGMA_ENVELOPE,19,P,BIT4,8,8.044911614131351,0.0056139517664188787
SENSITIVITY_1SIGMA_ENVELOPE,19,P,BIT3,4,4.050435007417712,0.012608751854428002
SENSITIVITY_1SIGMA_ENVELOPE,19,P,BIT2,2,2.006769182858319,0.0033845914291594781
SENSITIVITY_1SIGMA_ENVELOPE,19,P,BIT1,1,0.99348281877261935,-0.0065171812273806529
SENSITIVITY_1SIGMA_ENVELOPE,19,P,DUMMY,1,0.98991291137960846,-0.010087088620391538
SENSITIVITY_1SIGMA_ENVELOPE,19,N,BIT7,64,63.880879248937042,-0.0018612617353587213
SENSITIVITY_1SIGMA_ENVELOPE,19,N,BIT6,32,31.902628606638661,-0.0030428560425418416
SENSITIVITY_1SIGMA_ENVELOPE,19,N,BIT5,16,16.069406644819889,0.004337915301243056
SENSITIVITY_1SIGMA_ENVELOPE,19,N,BIT4,8,7.9119228515869429,-0.011009643551632142
SENSITIVITY_1SIGMA_ENVELOPE,19,N,BIT3,4,4.0152422651257975,0.003810566281449379
SENSITIVITY_1SIGMA_ENVELOPE,19,N,BIT2,2,2.0428949323443057,0.021447466172152874
SENSITIVITY_1SIGMA_ENVELOPE,19,N,BIT1,1,1.0016337493224619,0.0016337493224618527
SENSITIVITY_1SIGMA_ENVELOPE,19,N,DUMMY,1,1.0177212541144092,0.017721254114409168
SENSITIVITY_1SIGMA_ENVELOPE,20,P,BIT7,64,63.771897185188934,-0.0035641064814229129
SENSITIVITY_1SIGMA_ENVELOPE,20,P,BIT6,32,32.003886891817601,0.00012146536930002227
SENSITIVITY_1SIGMA_ENVELOPE,20,P,BIT5,16,16.038144883029418,0.0023840551893385964
SENSITIVITY_1SIGMA_ENVELOPE,20,P,BIT4,8,7.9316625621443597,-0.0085421797319550352
SENSITIVITY_1SIGMA_ENVELOPE,20,P,BIT3,4,4.0545760915704454,0.013644022892611352
SENSITIVITY_1SIGMA_ENVELOPE,20,P,BIT2,2,1.9840849615067551,-0.0079575192466224687
SENSITIVITY_1SIGMA_ENVELOPE,20,P,BIT1,1,1.0087778900528879,0.0087778900528878712
SENSITIVITY_1SIGMA_ENVELOPE,20,P,DUMMY,1,1.0085907653257731,0.0085907653257730754
SENSITIVITY_1SIGMA_ENVELOPE,20,N,BIT7,64,63.856627743207383,-0.0022401915123846372
SENSITIVITY_1SIGMA_ENVELOPE,20,N,BIT6,32,31.920103729028,-0.0024967584678750043
SENSITIVITY_1SIGMA_ENVELOPE,20,N,BIT5,16,16.07349052259195,0.0045931576619968606
SENSITIVITY_1SIGMA_ENVELOPE,20,N,BIT4,8,8.0279104545580324,0.0034888068197540534
SENSITIVITY_1SIGMA_ENVELOPE,20,N,BIT3,4,4.0401168109524379,0.010029202738109477
SENSITIVITY_1SIGMA_ENVELOPE,20,N,BIT2,2,1.9886297752635409,-0.0056851123682295501
SENSITIVITY_1SIGMA_ENVELOPE,20,N,BIT1,1,0.95835446542329128,-0.04164553457670872
SENSITIVITY_1SIGMA_ENVELOPE,20,N,DUMMY,1,1.0079491059459282,0.0079491059459282365
SENSITIVITY_1SIGMA_ENVELOPE,21,P,BIT7,64,63.998077896668157,-3.0032864560047834e-05
SENSITIVITY_1SIGMA_ENVELOPE,21,P,BIT6,32,31.877884563146687,-0.0038161074016660468
SENSITIVITY_1SIGMA_ENVELOPE,21,P,BIT5,16,15.978297145551666,-0.0013564284030208595
SENSITIVITY_1SIGMA_ENVELOPE,21,P,BIT4,8,7.994511440723862,-0.00068606990951725066
SENSITIVITY_1SIGMA_ENVELOPE,21,P,BIT3,4,3.9848629762466392,-0.0037842559383401975
SENSITIVITY_1SIGMA_ENVELOPE,21,P,BIT2,2,1.9614247219576759,-0.01928763902116204
SENSITIVITY_1SIGMA_ENVELOPE,21,P,BIT1,1,1.0146782563994792,0.014678256399479173
SENSITIVITY_1SIGMA_ENVELOPE,21,P,DUMMY,1,1.0034920826950198,0.0034920826950197714
SENSITIVITY_1SIGMA_ENVELOPE,21,N,BIT7,64,63.928549293492402,-0.0011164172891812152
SENSITIVITY_1SIGMA_ENVELOPE,21,N,BIT6,32,32.186233859271198,0.0058198081022249326
SENSITIVITY_1SIGMA_ENVELOPE,21,N,BIT5,16,16.085007089171846,0.0053129430732403726
SENSITIVITY_1SIGMA_ENVELOPE,21,N,BIT4,8,8.011272837411445,0.0014091046764306281
SENSITIVITY_1SIGMA_ENVELOPE,21,N,BIT3,4,4.0401491110038821,0.010037277750970519
SENSITIVITY_1SIGMA_ENVELOPE,21,N,BIT2,2,1.9641096731907493,-0.017945163404625375
SENSITIVITY_1SIGMA_ENVELOPE,21,N,BIT1,1,0.96736321012512028,-0.032636789874879724
SENSITIVITY_1SIGMA_ENVELOPE,21,N,DUMMY,1,1.0105266355388167,0.01052663553881672
SENSITIVITY_1SIGMA_ENVELOPE,22,P,BIT7,64,63.966108609921534,-0.00052955296997603263
SENSITIVITY_1SIGMA_ENVELOPE,22,P,BIT6,32,31.810531187344047,-0.0059209003954985295
SENSITIVITY_1SIGMA_ENVELOPE,22,P,BIT5,16,16.107992416443977,0.0067495260277485869
SENSITIVITY_1SIGMA_ENVELOPE,22,P,BIT4,8,8.1287145028165089,0.016089312852063609
SENSITIVITY_1SIGMA_ENVELOPE,22,P,BIT3,4,3.9990212044905591,-0.00024469887736022766
SENSITIVITY_1SIGMA_ENVELOPE,22,P,BIT2,2,1.9609395271552228,-0.019530236422388603
SENSITIVITY_1SIGMA_ENVELOPE,22,P,BIT1,1,1.0155018799108555,0.015501879910855498
SENSITIVITY_1SIGMA_ENVELOPE,22,P,DUMMY,1,1.0102806222433098,0.010280622243309834
SENSITIVITY_1SIGMA_ENVELOPE,22,N,BIT7,64,63.901706211261043,-0.0015358404490461997
SENSITIVITY_1SIGMA_ENVELOPE,22,N,BIT6,32,31.939309308420242,-0.0018965841118674387
SENSITIVITY_1SIGMA_ENVELOPE,22,N,BIT5,16,15.969203401751908,-0.0019247873905057222
SENSITIVITY_1SIGMA_ENVELOPE,22,N,BIT4,8,8.0121255625640853,0.0015156953205106571
SENSITIVITY_1SIGMA_ENVELOPE,22,N,BIT3,4,3.9593270970717924,-0.010168225732051894
SENSITIVITY_1SIGMA_ENVELOPE,22,N,BIT2,2,1.9916936696108354,-0.0041531651945823089
SENSITIVITY_1SIGMA_ENVELOPE,22,N,BIT1,1,1.0080014261212089,0.0080014261212089099
SENSITIVITY_1SIGMA_ENVELOPE,22,N,DUMMY,1,0.94673027026676426,-0.053269729733235738
SENSITIVITY_1SIGMA_ENVELOPE,23,P,BIT7,64,63.956171013480756,-0.00068482791436319523
SENSITIVITY_1SIGMA_ENVELOPE,23,P,BIT6,32,32.00542003703579,0.00016937615736845046
SENSITIVITY_1SIGMA_ENVELOPE,23,P,BIT5,16,15.988769736482855,-0.00070189146982158057
SENSITIVITY_1SIGMA_ENVELOPE,23,P,BIT4,8,7.9816578942515033,-0.0022927632185620883
SENSITIVITY_1SIGMA_ENVELOPE,23,P,BIT3,4,3.9746604622779418,-0.0063348844305145535
SENSITIVITY_1SIGMA_ENVELOPE,23,P,BIT2,2,1.9365897599771444,-0.031705120011427779
SENSITIVITY_1SIGMA_ENVELOPE,23,P,BIT1,1,1.030989673379203,0.030989673379202998
SENSITIVITY_1SIGMA_ENVELOPE,23,P,DUMMY,1,0.97115017679688531,-0.028849823203114688
SENSITIVITY_1SIGMA_ENVELOPE,23,N,BIT7,64,63.985372557425563,-0.00022855379022557187
SENSITIVITY_1SIGMA_ENVELOPE,23,N,BIT6,32,31.971998634163633,-0.0008750426823864732
SENSITIVITY_1SIGMA_ENVELOPE,23,N,BIT5,16,16.012787125116439,0.00079919531977745706
SENSITIVITY_1SIGMA_ENVELOPE,23,N,BIT4,8,7.8669030060249883,-0.016637124246876467
SENSITIVITY_1SIGMA_ENVELOPE,23,N,BIT3,4,4.0020121777897133,0.00050304444742832466
SENSITIVITY_1SIGMA_ENVELOPE,23,N,BIT2,2,1.9579775805410167,-0.021011209729491664
SENSITIVITY_1SIGMA_ENVELOPE,23,N,BIT1,1,0.99106654685420414,-0.0089334531457958555
SENSITIVITY_1SIGMA_ENVELOPE,23,N,DUMMY,1,1.0049825366143046,0.0049825366143045891
SENSITIVITY_1SIGMA_ENVELOPE,24,P,BIT7,64,64.151959333189481,0.0023743645810856417
SENSITIVITY_1SIGMA_ENVELOPE,24,P,BIT6,32,31.903838001564573,-0.0030050624511070989
SENSITIVITY_1SIGMA_ENVELOPE,24,P,BIT5,16,15.956226767972392,-0.0027358270017254771
SENSITIVITY_1SIGMA_ENVELOPE,24,P,BIT4,8,7.9983337008804032,-0.00020828738994960183
SENSITIVITY_1SIGMA_ENVELOPE,24,P,BIT3,4,3.9762860025399274,-0.0059284993650181583
SENSITIVITY_1SIGMA_ENVELOPE,24,P,BIT2,2,1.9947750821324004,-0.0026124589337997994
SENSITIVITY_1SIGMA_ENVELOPE,24,P,BIT1,1,1.0045073831915672,0.0045073831915671825
SENSITIVITY_1SIGMA_ENVELOPE,24,P,DUMMY,1,1.0084468714974284,0.0084468714974283987
SENSITIVITY_1SIGMA_ENVELOPE,24,N,BIT7,64,63.889390349455383,-0.0017282757897596479
SENSITIVITY_1SIGMA_ENVELOPE,24,N,BIT6,32,31.993794285119506,-0.00019392859001543528
SENSITIVITY_1SIGMA_ENVELOPE,24,N,BIT5,16,16.046138539952558,0.0028836587470348896
SENSITIVITY_1SIGMA_ENVELOPE,24,N,BIT4,8,8.0274390348930638,0.0034298793616329704
SENSITIVITY_1SIGMA_ENVELOPE,24,N,BIT3,4,3.985929836462005,-0.0035175408844987377
SENSITIVITY_1SIGMA_ENVELOPE,24,N,BIT2,2,1.9965223193666084,-0.0017388403166958
SENSITIVITY_1SIGMA_ENVELOPE,24,N,BIT1,1,1.0135856143463666,0.013585614346366626
SENSITIVITY_1SIGMA_ENVELOPE,24,N,DUMMY,1,1.0336659993189563,0.033665999318956308
SENSITIVITY_1SIGMA_ENVELOPE,25,P,BIT7,64,63.871169033050272,-0.002012983858589501
SENSITIVITY_1SIGMA_ENVELOPE,25,P,BIT6,32,32.166210801017094,0.0051940875317841861
SENSITIVITY_1SIGMA_ENVELOPE,25,P,BIT5,16,16.040021406184355,0.0025013378865221814
SENSITIVITY_1SIGMA_ENVELOPE,25,P,BIT4,8,7.8971891266910452,-0.012851359163619347
SENSITIVITY_1SIGMA_ENVELOPE,25,P,BIT3,4,4.033153961375648,0.0082884903439119917
SENSITIVITY_1SIGMA_ENVELOPE,25,P,BIT2,2,1.9866296026101802,-0.0066851986949099107
SENSITIVITY_1SIGMA_ENVELOPE,25,P,BIT1,1,1.0502680474471284,0.050268047447128428
SENSITIVITY_1SIGMA_ENVELOPE,25,P,DUMMY,1,0.99342410011872173,-0.0065758998812782687
SENSITIVITY_1SIGMA_ENVELOPE,25,N,BIT7,64,64.085105544367551,0.0013297741307429778
SENSITIVITY_1SIGMA_ENVELOPE,25,N,BIT6,32,31.875465137836187,-0.0038917144426191541
SENSITIVITY_1SIGMA_ENVELOPE,25,N,BIT5,16,15.999143182356924,-5.3551102692228625e-05
SENSITIVITY_1SIGMA_ENVELOPE,25,N,BIT4,8,7.8712591957391735,-0.016092600532603307
SENSITIVITY_1SIGMA_ENVELOPE,25,N,BIT3,4,4.090629773500968,0.022657443375242003
SENSITIVITY_1SIGMA_ENVELOPE,25,N,BIT2,2,2.0270168071177199,0.01350840355885996
SENSITIVITY_1SIGMA_ENVELOPE,25,N,BIT1,1,1.0037797815317924,0.00377978153179237
SENSITIVITY_1SIGMA_ENVELOPE,25,N,DUMMY,1,1.0122527109001345,0.012252710900134467
SENSITIVITY_1SIGMA_ENVELOPE,26,P,BIT7,64,64.148953594604478,0.0023273999156949721
SENSITIVITY_1SIGMA_ENVELOPE,26,P,BIT6,32,32.239973600031718,0.0074991750009911762
SENSITIVITY_1SIGMA_ENVELOPE,26,P,BIT5,16,16.161184092385547,0.010074005774096673
SENSITIVITY_1SIGMA_ENVELOPE,26,P,BIT4,8,7.9546257694641405,-0.0056717788169824424
SENSITIVITY_1SIGMA_ENVELOPE,26,P,BIT3,4,3.9845218979487611,-0.0038695255128097239
SENSITIVITY_1SIGMA_ENVELOPE,26,P,BIT2,2,1.9860574333241665,-0.0069712833379167449
SENSITIVITY_1SIGMA_ENVELOPE,26,P,BIT1,1,0.9921419507023439,-0.0078580492976561001
SENSITIVITY_1SIGMA_ENVELOPE,26,P,DUMMY,1,1.0306258150235541,0.030625815023554104
SENSITIVITY_1SIGMA_ENVELOPE,26,N,BIT7,64,64.481030940031346,0.0075161084379897769
SENSITIVITY_1SIGMA_ENVELOPE,26,N,BIT6,32,32.012303303483108,0.00038447823384712976
SENSITIVITY_1SIGMA_ENVELOPE,26,N,BIT5,16,15.929602401736986,-0.0043998498914383788
SENSITIVITY_1SIGMA_ENVELOPE,26,N,BIT4,8,7.9410523409027665,-0.0073684573871541925
SENSITIVITY_1SIGMA_ENVELOPE,26,N,BIT3,4,4.0484847316390402,0.012121182909760053
SENSITIVITY_1SIGMA_ENVELOPE,26,N,BIT2,2,1.9578551414704464,-0.021072429264776815
SENSITIVITY_1SIGMA_ENVELOPE,26,N,BIT1,1,0.98636086234364984,-0.013639137656350164
SENSITIVITY_1SIGMA_ENVELOPE,26,N,DUMMY,1,0.9807309165305591,-0.019269083469440895
SENSITIVITY_1SIGMA_ENVELOPE,27,P,BIT7,64,64.120192754414717,0.0018780117877299496
SENSITIVITY_1SIGMA_ENVELOPE,27,P,BIT6,32,32.17597589679454,0.0054992467748293805
SENSITIVITY_1SIGMA_ENVELOPE,27,P,BIT5,16,16.037889969873767,0.0023681231171104322
SENSITIVITY_1SIGMA_ENVELOPE,27,P,BIT4,8,8.0634344926035286,0.0079293115754410781
SENSITIVITY_1SIGMA_ENVELOPE,27,P,BIT3,4,3.9169011557123223,-0.020774711071919416
SENSITIVITY_1SIGMA_ENVELOPE,27,P,BIT2,2,1.9511386086324585,-0.024430695683770765
SENSITIVITY_1SIGMA_ENVELOPE,27,P,BIT1,1,1.0106484161113221,0.010648416111322057
SENSITIVITY_1SIGMA_ENVELOPE,27,P,DUMMY,1,0.99802075412720548,-0.0019792458727945217
SENSITIVITY_1SIGMA_ENVELOPE,27,N,BIT7,64,63.805910209331273,-0.0030326529791988577
SENSITIVITY_1SIGMA_ENVELOPE,27,N,BIT6,32,32.029823808568736,0.00093199401777299684
SENSITIVITY_1SIGMA_ENVELOPE,27,N,BIT5,16,16.025947273825061,0.0016217046140662994
SENSITIVITY_1SIGMA_ENVELOPE,27,N,BIT4,8,7.9998085978176192,-2.3925272797598041e-05
SENSITIVITY_1SIGMA_ENVELOPE,27,N,BIT3,4,4.0114577469125159,0.0028644367281289718
SENSITIVITY_1SIGMA_ENVELOPE,27,N,BIT2,2,2.0880987130387005,0.044049356519350269
SENSITIVITY_1SIGMA_ENVELOPE,27,N,BIT1,1,0.99174917238860283,-0.0082508276113971712
SENSITIVITY_1SIGMA_ENVELOPE,27,N,DUMMY,1,1.0045144921227465,0.0045144921227464607
SENSITIVITY_1SIGMA_ENVELOPE,28,P,BIT7,64,63.76394710160686,-0.0036883265373928165
SENSITIVITY_1SIGMA_ENVELOPE,28,P,BIT6,32,31.945664522438889,-0.0016979836737847087
SENSITIVITY_1SIGMA_ENVELOPE,28,P,BIT5,16,16.099795289868087,0.0062372056167554479
SENSITIVITY_1SIGMA_ENVELOPE,28,P,BIT4,8,7.938891951733777,-0.0076385060332778698
SENSITIVITY_1SIGMA_ENVELOPE,28,P,BIT3,4,4.0045044781792374,0.0011261195448093453
SENSITIVITY_1SIGMA_ENVELOPE,28,P,BIT2,2,2.0115778358097107,0.0057889179048553618
SENSITIVITY_1SIGMA_ENVELOPE,28,P,BIT1,1,1.0382079650024585,0.038207965002458488
SENSITIVITY_1SIGMA_ENVELOPE,28,P,DUMMY,1,0.97087943321213721,-0.029120566787862789
SENSITIVITY_1SIGMA_ENVELOPE,28,N,BIT7,64,64.203253700094336,0.0031758390639740064
SENSITIVITY_1SIGMA_ENVELOPE,28,N,BIT6,32,31.943893096676288,-0.0017533407288660152
SENSITIVITY_1SIGMA_ENVELOPE,28,N,BIT5,16,15.946340000412153,-0.0033537499742404275
SENSITIVITY_1SIGMA_ENVELOPE,28,N,BIT4,8,8.159821489828289,0.019977686228536129
SENSITIVITY_1SIGMA_ENVELOPE,28,N,BIT3,4,4.0830242022493763,0.020756050562344086
SENSITIVITY_1SIGMA_ENVELOPE,28,N,BIT2,2,1.9554935642850222,-0.022253217857488905
SENSITIVITY_1SIGMA_ENVELOPE,28,N,BIT1,1,0.99675141319789362,-0.0032485868021063791
SENSITIVITY_1SIGMA_ENVELOPE,28,N,DUMMY,1,1.0077687477609774,0.007768747760977357
SENSITIVITY_1SIGMA_ENVELOPE,29,P,BIT7,64,63.873829759345682,-0.0019714100102237175
SENSITIVITY_1SIGMA_ENVELOPE,29,P,BIT6,32,31.829047696808122,-0.0053422594747462027
SENSITIVITY_1SIGMA_ENVELOPE,29,P,BIT5,16,16.045390912188765,0.0028369320117977992
SENSITIVITY_1SIGMA_ENVELOPE,29,P,BIT4,8,7.9083571535628669,-0.011455355804641632
SENSITIVITY_1SIGMA_ENVELOPE,29,P,BIT3,4,3.9953006638368094,-0.0011748340407976565
SENSITIVITY_1SIGMA_ENVELOPE,29,P,BIT2,2,2.0030489249833412,0.0015244624916705973
SENSITIVITY_1SIGMA_ENVELOPE,29,P,BIT1,1,1.0136197165774758,0.013619716577475849
SENSITIVITY_1SIGMA_ENVELOPE,29,P,DUMMY,1,0.96384760953959137,-0.036152390460408634
SENSITIVITY_1SIGMA_ENVELOPE,29,N,BIT7,64,64.03762322406908,0.00058786287607937027
SENSITIVITY_1SIGMA_ENVELOPE,29,N,BIT6,32,31.894132290884276,-0.0033083659098663842
SENSITIVITY_1SIGMA_ENVELOPE,29,N,BIT5,16,15.821029238226696,-0.011185672610831476
SENSITIVITY_1SIGMA_ENVELOPE,29,N,BIT4,8,8.0794931680384501,0.0099366460048062599
SENSITIVITY_1SIGMA_ENVELOPE,29,N,BIT3,4,3.929081654230191,-0.017729586442452261
SENSITIVITY_1SIGMA_ENVELOPE,29,N,BIT2,2,1.9917348502972265,-0.0041325748513867389
SENSITIVITY_1SIGMA_ENVELOPE,29,N,BIT1,1,1.0054014470817103,0.0054014470817103089
SENSITIVITY_1SIGMA_ENVELOPE,29,N,DUMMY,1,0.99999793705130957,-2.0629486904288896e-06
SENSITIVITY_1SIGMA_ENVELOPE,30,P,BIT7,64,63.987707579583244,-0.0001920690690118132
SENSITIVITY_1SIGMA_ENVELOPE,30,P,BIT6,32,32.063037014331378,0.0019699066978555724
SENSITIVITY_1SIGMA_ENVELOPE,30,P,BIT5,16,16.091227361697836,0.0057017101061147546
SENSITIVITY_1SIGMA_ENVELOPE,30,P,BIT4,8,7.9938714794898562,-0.00076606506376797334
SENSITIVITY_1SIGMA_ENVELOPE,30,P,BIT3,4,4.0755636019840047,0.018890900496001173
SENSITIVITY_1SIGMA_ENVELOPE,30,P,BIT2,2,1.9779019586753943,-0.011049020662302844
SENSITIVITY_1SIGMA_ENVELOPE,30,P,BIT1,1,1.0267120142116846,0.026712014211684565
SENSITIVITY_1SIGMA_ENVELOPE,30,P,DUMMY,1,0.96787064546607471,-0.032129354533925292
SENSITIVITY_1SIGMA_ENVELOPE,30,N,BIT7,64,64.499537278515021,0.0078052699767972022
SENSITIVITY_1SIGMA_ENVELOPE,30,N,BIT6,32,31.874774903272275,-0.0039132842727414019
SENSITIVITY_1SIGMA_ENVELOPE,30,N,BIT5,16,16.089337421642142,0.0055835888526338806
SENSITIVITY_1SIGMA_ENVELOPE,30,N,BIT4,8,7.9292335824991431,-0.0088458021876071102
SENSITIVITY_1SIGMA_ENVELOPE,30,N,BIT3,4,3.9996504727332312,-8.7381816692211345e-05
SENSITIVITY_1SIGMA_ENVELOPE,30,N,BIT2,2,2.010735921542067,0.0053679607710335198
SENSITIVITY_1SIGMA_ENVELOPE,30,N,BIT1,1,0.99415110124694162,-0.0058488987530583847
SENSITIVITY_1SIGMA_ENVELOPE,30,N,DUMMY,1,0.99512370766332803,-0.0048762923366719724
SENSITIVITY_1SIGMA_ENVELOPE,31,P,BIT7,64,63.913513479005168,-0.0013513518905442501
SENSITIVITY_1SIGMA_ENVELOPE,31,P,BIT6,32,32.187536450636756,0.0058605140823986268
SENSITIVITY_1SIGMA_ENVELOPE,31,P,BIT5,16,16.140693871425604,0.0087933669641002687
SENSITIVITY_1SIGMA_ENVELOPE,31,P,BIT4,8,7.9350853240372174,-0.0081143344953478191
SENSITIVITY_1SIGMA_ENVELOPE,31,P,BIT3,4,3.9674185049688822,-0.0081453737577794616
SENSITIVITY_1SIGMA_ENVELOPE,31,P,BIT2,2,2.0461600669832363,0.023080033491618135
SENSITIVITY_1SIGMA_ENVELOPE,31,P,BIT1,1,1.0169792467987795,0.01697924679877949
SENSITIVITY_1SIGMA_ENVELOPE,31,P,DUMMY,1,0.9724214377733017,-0.0275785622266983
SENSITIVITY_1SIGMA_ENVELOPE,31,N,BIT7,64,63.944611207219573,-0.0008654498871941696
SENSITIVITY_1SIGMA_ENVELOPE,31,N,BIT6,32,31.823751434724372,-0.0055077676648633833
SENSITIVITY_1SIGMA_ENVELOPE,31,N,BIT5,16,16.047527527772715,0.0029704704857946851
SENSITIVITY_1SIGMA_ENVELOPE,31,N,BIT4,8,8.043548564391342,0.0054435705489177533
SENSITIVITY_1SIGMA_ENVELOPE,31,N,BIT3,4,3.9293562470516359,-0.017660938237091028
SENSITIVITY_1SIGMA_ENVELOPE,31,N,BIT2,2,1.9826398357662189,-0.0086800821168905307
SENSITIVITY_1SIGMA_ENVELOPE,31,N,BIT1,1,0.99984206567404488,-0.00015793432595512247
SENSITIVITY_1SIGMA_ENVELOPE,31,N,DUMMY,1,1.0200948724141372,0.02009487241413721
SENSITIVITY_1SIGMA_ENVELOPE,32,P,BIT7,64,64.075938221416052,0.0011865347096258194
SENSITIVITY_1SIGMA_ENVELOPE,32,P,BIT6,32,31.816152371506323,-0.0057452383904273985
SENSITIVITY_1SIGMA_ENVELOPE,32,P,BIT5,16,15.971732511691487,-0.0017667180192820764
SENSITIVITY_1SIGMA_ENVELOPE,32,P,BIT4,8,7.9167828519561194,-0.010402143505485073
SENSITIVITY_1SIGMA_ENVELOPE,32,P,BIT3,4,3.9932760740996236,-0.001680981475094101
SENSITIVITY_1SIGMA_ENVELOPE,32,P,BIT2,2,2.0566381743598559,0.028319087179927926
SENSITIVITY_1SIGMA_ENVELOPE,32,P,BIT1,1,1.0247919981846996,0.024791998184699571
SENSITIVITY_1SIGMA_ENVELOPE,32,P,DUMMY,1,0.97423497338423193,-0.025765026615768072
SENSITIVITY_1SIGMA_ENVELOPE,32,N,BIT7,64,63.850904637630492,-0.002329615037023558
SENSITIVITY_1SIGMA_ENVELOPE,32,N,BIT6,32,31.935859107610312,-0.0020044028871777364
SENSITIVITY_1SIGMA_ENVELOPE,32,N,BIT5,16,15.852512292463318,-0.0092179817210426007
SENSITIVITY_1SIGMA_ENVELOPE,32,N,BIT4,8,8.0826147084401203,0.010326838555015039
SENSITIVITY_1SIGMA_ENVELOPE,32,N,BIT3,4,4.0207577419107876,0.0051894354776969021
SENSITIVITY_1SIGMA_ENVELOPE,32,N,BIT2,2,2.0176613773890066,0.0088306886945033192
SENSITIVITY_1SIGMA_ENVELOPE,32,N,BIT1,1,0.99663787224462286,-0.0033621277553771423
SENSITIVITY_1SIGMA_ENVELOPE,32,N,DUMMY,1,1.0160360344276989,0.016036034427698853
SENSITIVITY_1SIGMA_ENVELOPE,33,P,BIT7,64,64.068474873382712,0.0010699198966048762
SENSITIVITY_1SIGMA_ENVELOPE,33,P,BIT6,32,32.031751621586231,0.00099223817456972618
SENSITIVITY_1SIGMA_ENVELOPE,33,P,BIT5,16,16.008917836583965,0.00055736478649781596
SENSITIVITY_1SIGMA_ENVELOPE,33,P,BIT4,8,7.8976746558697801,-0.012790668016277484
SENSITIVITY_1SIGMA_ENVELOPE,33,P,BIT3,4,3.9477472151750712,-0.013063196206232197
SENSITIVITY_1SIGMA_ENVELOPE,33,P,BIT2,2,1.9285235109898173,-0.035738244505091332
SENSITIVITY_1SIGMA_ENVELOPE,33,P,BIT1,1,1.0219561299837845,0.021956129983784489
SENSITIVITY_1SIGMA_ENVELOPE,33,P,DUMMY,1,1.0233770975257583,0.023377097525758339
SENSITIVITY_1SIGMA_ENVELOPE,33,N,BIT7,64,64.174099158999638,0.0027202993593693492
SENSITIVITY_1SIGMA_ENVELOPE,33,N,BIT6,32,32.17950768341656,0.005609615106767496
SENSITIVITY_1SIGMA_ENVELOPE,33,N,BIT5,16,16.050887910824123,0.0031804944265076962
SENSITIVITY_1SIGMA_ENVELOPE,33,N,BIT4,8,7.9809567535456658,-0.0023804058067917744
SENSITIVITY_1SIGMA_ENVELOPE,33,N,BIT3,4,4.0083065411391088,0.0020766352847771952
SENSITIVITY_1SIGMA_ENVELOPE,33,N,BIT2,2,1.9960436181438697,-0.0019781909280651711
SENSITIVITY_1SIGMA_ENVELOPE,33,N,BIT1,1,1.0066340869430415,0.0066340869430414617
SENSITIVITY_1SIGMA_ENVELOPE,33,N,DUMMY,1,0.9865247137952402,-0.013475286204759795
SENSITIVITY_1SIGMA_ENVELOPE,34,P,BIT7,64,63.943458864182368,-0.00088345524715049972
SENSITIVITY_1SIGMA_ENVELOPE,34,P,BIT6,32,31.985956225933986,-0.0004388679395629369
SENSITIVITY_1SIGMA_ENVELOPE,34,P,BIT5,16,16.117032990457474,0.0073145619035921428
SENSITIVITY_1SIGMA_ENVELOPE,34,P,BIT4,8,7.9057559209789847,-0.01178050987762691
SENSITIVITY_1SIGMA_ENVELOPE,34,P,BIT3,4,3.9278674484323406,-0.018033137891914852
SENSITIVITY_1SIGMA_ENVELOPE,34,P,BIT2,2,2.0329073408518603,0.016453670425930156
SENSITIVITY_1SIGMA_ENVELOPE,34,P,BIT1,1,1.0165732026683607,0.016573202668360709
SENSITIVITY_1SIGMA_ENVELOPE,34,P,DUMMY,1,1.0044373058779583,0.0044373058779583197
SENSITIVITY_1SIGMA_ENVELOPE,34,N,BIT7,64,63.878665612437942,-0.0018958498056571571
SENSITIVITY_1SIGMA_ENVELOPE,34,N,BIT6,32,32.047468806796431,0.0014834002123884638
SENSITIVITY_1SIGMA_ENVELOPE,34,N,BIT5,16,16.055196659878455,0.0034497912424034105
SENSITIVITY_1SIGMA_ENVELOPE,34,N,BIT4,8,8.0216927305544594,0.002711591319307427
SENSITIVITY_1SIGMA_ENVELOPE,34,N,BIT3,4,4.0204991996707387,0.0051247999176846637
SENSITIVITY_1SIGMA_ENVELOPE,34,N,BIT2,2,1.9993873147444781,-0.00030634262776096932
SENSITIVITY_1SIGMA_ENVELOPE,34,N,BIT1,1,1.0057724278123088,0.0057724278123088002
SENSITIVITY_1SIGMA_ENVELOPE,34,N,DUMMY,1,0.9626294731686309,-0.0373705268313691
SENSITIVITY_1SIGMA_ENVELOPE,35,P,BIT7,64,63.776293012271168,-0.0034954216832630003
SENSITIVITY_1SIGMA_ENVELOPE,35,P,BIT6,32,32.042289573454738,0.0013215491704605675
SENSITIVITY_1SIGMA_ENVELOPE,35,P,BIT5,16,15.890737776893671,-0.0068288889441455725
SENSITIVITY_1SIGMA_ENVELOPE,35,P,BIT4,8,8.0137035163914057,0.0017129395489257071
SENSITIVITY_1SIGMA_ENVELOPE,35,P,BIT3,4,3.9642352351722581,-0.0089411912069354837
SENSITIVITY_1SIGMA_ENVELOPE,35,P,BIT2,2,2.0132854880900641,0.0066427440450320674
SENSITIVITY_1SIGMA_ENVELOPE,35,P,BIT1,1,1.0242575769907494,0.024257576990749374
SENSITIVITY_1SIGMA_ENVELOPE,35,P,DUMMY,1,0.96422836873539519,-0.035771631264604808
SENSITIVITY_1SIGMA_ENVELOPE,35,N,BIT7,64,64.007717846758709,0.00012059135560482659
SENSITIVITY_1SIGMA_ENVELOPE,35,N,BIT6,32,32.144058747622353,0.0045018358631985222
SENSITIVITY_1SIGMA_ENVELOPE,35,N,BIT5,16,15.893976565646044,-0.0066264646471222433
SENSITIVITY_1SIGMA_ENVELOPE,35,N,BIT4,8,7.9307230109652771,-0.0086596236293403628
SENSITIVITY_1SIGMA_ENVELOPE,35,N,BIT3,4,4.0286031089677223,0.0071507772419305837
SENSITIVITY_1SIGMA_ENVELOPE,35,N,BIT2,2,1.9937830683299642,-0.0031084658350178929
SENSITIVITY_1SIGMA_ENVELOPE,35,N,BIT1,1,0.99723605242539715,-0.0027639475746028541
SENSITIVITY_1SIGMA_ENVELOPE,35,N,DUMMY,1,0.99022382855225966,-0.009776171447740345
SENSITIVITY_1SIGMA_ENVELOPE,36,P,BIT7,64,64.308769160717873,0.00482451813621676
SENSITIVITY_1SIGMA_ENVELOPE,36,P,BIT6,32,31.933421398445475,-0.0020805812985789096
SENSITIVITY_1SIGMA_ENVELOPE,36,P,BIT5,16,16.239001395379127,0.014937587211195424
SENSITIVITY_1SIGMA_ENVELOPE,36,P,BIT4,8,7.9968003486464383,-0.00039995641919521319
SENSITIVITY_1SIGMA_ENVELOPE,36,P,BIT3,4,3.9199493897255051,-0.020012652568623723
SENSITIVITY_1SIGMA_ENVELOPE,36,P,BIT2,2,2.0076789058510371,0.0038394529255185716
SENSITIVITY_1SIGMA_ENVELOPE,36,P,BIT1,1,0.97419536980549482,-0.025804630194505185
SENSITIVITY_1SIGMA_ENVELOPE,36,P,DUMMY,1,1.008809947835912,0.0088099478359120464
SENSITIVITY_1SIGMA_ENVELOPE,36,N,BIT7,64,64.103120524654059,0.0016112581977196783
SENSITIVITY_1SIGMA_ENVELOPE,36,N,BIT6,32,32.121043702557216,0.003782615704913006
SENSITIVITY_1SIGMA_ENVELOPE,36,N,BIT5,16,15.951338118604692,-0.0030413675872067447
SENSITIVITY_1SIGMA_ENVELOPE,36,N,BIT4,8,8.0924385396961611,0.011554817462020139
SENSITIVITY_1SIGMA_ENVELOPE,36,N,BIT3,4,3.9714480321416379,-0.0071379919645905288
SENSITIVITY_1SIGMA_ENVELOPE,36,N,BIT2,2,2.0504509527653907,0.025225476382695344
SENSITIVITY_1SIGMA_ENVELOPE,36,N,BIT1,1,0.97668474284836904,-0.023315257151630964
SENSITIVITY_1SIGMA_ENVELOPE,36,N,DUMMY,1,0.94871674650348314,-0.051283253496516856
SENSITIVITY_1SIGMA_ENVELOPE,37,P,BIT7,64,64.13132690118394,0.0020519828309990551
SENSITIVITY_1SIGMA_ENVELOPE,37,P,BIT6,32,32.075174718832287,0.0023492099635089581
SENSITIVITY_1SIGMA_ENVELOPE,37,P,BIT5,16,15.882512228124362,-0.0073429857422273592
SENSITIVITY_1SIGMA_ENVELOPE,37,P,BIT4,8,8.0708649857053452,0.0088581232131681453
SENSITIVITY_1SIGMA_ENVELOPE,37,P,BIT3,4,4.0058647953853415,0.0014661988463353648
SENSITIVITY_1SIGMA_ENVELOPE,37,P,BIT2,2,2.0150202439608336,0.007510121980416784
SENSITIVITY_1SIGMA_ENVELOPE,37,P,BIT1,1,1.0191674016703058,0.019167401670305839
SENSITIVITY_1SIGMA_ENVELOPE,37,P,DUMMY,1,1.0523391900794405,0.052339190079440545
SENSITIVITY_1SIGMA_ENVELOPE,37,N,BIT7,64,63.736946115317245,-0.0041102169481680439
SENSITIVITY_1SIGMA_ENVELOPE,37,N,BIT6,32,31.941282733657303,-0.0018349145732092786
SENSITIVITY_1SIGMA_ENVELOPE,37,N,BIT5,16,15.820529756641481,-0.01121689020990746
SENSITIVITY_1SIGMA_ENVELOPE,37,N,BIT4,8,8.1717051324256325,0.021463141553204057
SENSITIVITY_1SIGMA_ENVELOPE,37,N,BIT3,4,3.994000433431089,-0.0014998916422277464
SENSITIVITY_1SIGMA_ENVELOPE,37,N,BIT2,2,1.9878690722087864,-0.0060654638956068041
SENSITIVITY_1SIGMA_ENVELOPE,37,N,BIT1,1,0.99413565725229602,-0.0058643427477039767
SENSITIVITY_1SIGMA_ENVELOPE,37,N,DUMMY,1,1.0100168051243317,0.010016805124331674
SENSITIVITY_1SIGMA_ENVELOPE,38,P,BIT7,64,64.162147334525329,0.0025335521019582696
SENSITIVITY_1SIGMA_ENVELOPE,38,P,BIT6,32,31.98178476907156,-0.00056922596651376445
SENSITIVITY_1SIGMA_ENVELOPE,38,P,BIT5,16,15.960053208280859,-0.0024966744824462817
SENSITIVITY_1SIGMA_ENVELOPE,38,P,BIT4,8,8.0047271500679358,0.00059089375849197268
SENSITIVITY_1SIGMA_ENVELOPE,38,P,BIT3,4,3.9533701528416456,-0.011657461789588597
SENSITIVITY_1SIGMA_ENVELOPE,38,P,BIT2,2,2.0063901896363174,0.0031950948181587169
SENSITIVITY_1SIGMA_ENVELOPE,38,P,BIT1,1,1.0069184317055726,0.006918431705572603
SENSITIVITY_1SIGMA_ENVELOPE,38,P,DUMMY,1,1.01028757277169,0.010287572771690012
SENSITIVITY_1SIGMA_ENVELOPE,38,N,BIT7,64,63.990493299293973,-0.00014854219853166484
SENSITIVITY_1SIGMA_ENVELOPE,38,N,BIT6,32,32.134772047033863,0.0042116264698082162
SENSITIVITY_1SIGMA_ENVELOPE,38,N,BIT5,16,16.07103522006674,0.0044397012541712577
SENSITIVITY_1SIGMA_ENVELOPE,38,N,BIT4,8,7.9666030808815007,-0.0041746148898124114
SENSITIVITY_1SIGMA_ENVELOPE,38,N,BIT3,4,4.077620583287656,0.019405145821913994
SENSITIVITY_1SIGMA_ENVELOPE,38,N,BIT2,2,1.9975356935904309,-0.0012321532047845363
SENSITIVITY_1SIGMA_ENVELOPE,38,N,BIT1,1,1.0398879842793005,0.039887984279300515
SENSITIVITY_1SIGMA_ENVELOPE,38,N,DUMMY,1,0.98372440144097661,-0.016275598559023385
SENSITIVITY_1SIGMA_ENVELOPE,39,P,BIT7,64,63.942960969069787,-0.00089123485828457305
SENSITIVITY_1SIGMA_ENVELOPE,39,P,BIT6,32,32.077385823946557,0.0024183069983298999
SENSITIVITY_1SIGMA_ENVELOPE,39,P,BIT5,16,16.007283842598358,0.00045524016239739673
SENSITIVITY_1SIGMA_ENVELOPE,39,P,BIT4,8,8.0084955141265386,0.0010619392658173243
SENSITIVITY_1SIGMA_ENVELOPE,39,P,BIT3,4,3.9194537008701236,-0.020136574782469108
SENSITIVITY_1SIGMA_ENVELOPE,39,P,BIT2,2,2.033698011270868,0.016849005635434011
SENSITIVITY_1SIGMA_ENVELOPE,39,P,BIT1,1,1.0168915922931598,0.016891592293159841
SENSITIVITY_1SIGMA_ENVELOPE,39,P,DUMMY,1,0.99660739125353248,-0.0033926087464675181
SENSITIVITY_1SIGMA_ENVELOPE,39,N,BIT7,64,63.982893164207859,-0.00026729430925220843
SENSITIVITY_1SIGMA_ENVELOPE,39,N,BIT6,32,32.080027088566197,0.0025008465176936667
SENSITIVITY_1SIGMA_ENVELOPE,39,N,BIT5,16,15.866089086181201,-0.0083694321136749128
SENSITIVITY_1SIGMA_ENVELOPE,39,N,BIT4,8,8.0745750398384679,0.0093218799798084895
SENSITIVITY_1SIGMA_ENVELOPE,39,N,BIT3,4,3.9636830056080434,-0.0090792485979891424
SENSITIVITY_1SIGMA_ENVELOPE,39,N,BIT2,2,2.0201407619397935,0.010070380969896764
SENSITIVITY_1SIGMA_ENVELOPE,39,N,BIT1,1,1.0031076893470894,0.0031076893470893818
SENSITIVITY_1SIGMA_ENVELOPE,39,N,DUMMY,1,1.0055773165039836,0.0055773165039836314
SENSITIVITY_1SIGMA_ENVELOPE,40,P,BIT7,64,64.250502425173806,0.0039141003933407248
SENSITIVITY_1SIGMA_ENVELOPE,40,P,BIT6,32,32.137285385275334,0.0042901682898541793
SENSITIVITY_1SIGMA_ENVELOPE,40,P,BIT5,16,16.053300671051858,0.0033312919407411101
SENSITIVITY_1SIGMA_ENVELOPE,40,P,BIT4,8,8.01188195959136,0.0014852449489199948
SENSITIVITY_1SIGMA_ENVELOPE,40,P,BIT3,4,4.0119950865607983,0.0029987716401995712
SENSITIVITY_1SIGMA_ENVELOPE,40,P,BIT2,2,2.0448093223863504,0.02240466119317519
SENSITIVITY_1SIGMA_ENVELOPE,40,P,BIT1,1,1.0034869796265551,0.0034869796265550868
SENSITIVITY_1SIGMA_ENVELOPE,40,P,DUMMY,1,1.0246443521833377,0.024644352183337714
SENSITIVITY_1SIGMA_ENVELOPE,40,N,BIT7,64,64.28229972165785,0.0044109331509039063
SENSITIVITY_1SIGMA_ENVELOPE,40,N,BIT6,32,31.961060142999727,-0.0012168705312585182
SENSITIVITY_1SIGMA_ENVELOPE,40,N,BIT5,16,16.009088628793798,0.00056803929961235511
SENSITIVITY_1SIGMA_ENVELOPE,40,N,BIT4,8,7.8790128908354404,-0.015123388645569946
SENSITIVITY_1SIGMA_ENVELOPE,40,N,BIT3,4,3.9620671254451936,-0.0094832186387016071
SENSITIVITY_1SIGMA_ENVELOPE,40,N,BIT2,2,2.0058043524326292,0.0029021762163146114
SENSITIVITY_1SIGMA_ENVELOPE,40,N,BIT1,1,1.0123012572854235,0.012301257285423528
SENSITIVITY_1SIGMA_ENVELOPE,40,N,DUMMY,1,1.0332906374096158,0.033290637409615798
SENSITIVITY_1SIGMA_ENVELOPE,41,P,BIT7,64,64.107321571963354,0.001676899561927403
SENSITIVITY_1SIGMA_ENVELOPE,41,P,BIT6,32,31.974974537286133,-0.00078204570980833221
SENSITIVITY_1SIGMA_ENVELOPE,41,P,BIT5,16,15.924370363507617,-0.0047268522807739632
SENSITIVITY_1SIGMA_ENVELOPE,41,P,BIT4,8,8.0511080633425252,0.0063885079178156445
SENSITIVITY_1SIGMA_ENVELOPE,41,P,BIT3,4,3.9537418047625836,-0.011564548809354092
SENSITIVITY_1SIGMA_ENVELOPE,41,P,BIT2,2,1.9056043650891978,-0.047197817455401081
SENSITIVITY_1SIGMA_ENVELOPE,41,P,BIT1,1,1.0298773524485827,0.029877352448582695
SENSITIVITY_1SIGMA_ENVELOPE,41,P,DUMMY,1,1.0243855965873889,0.024385596587388925
SENSITIVITY_1SIGMA_ENVELOPE,41,N,BIT7,64,64.044340050127545,0.00069281328324288793
SENSITIVITY_1SIGMA_ENVELOPE,41,N,BIT6,32,31.872672009235757,-0.0039789997113826026
SENSITIVITY_1SIGMA_ENVELOPE,41,N,BIT5,16,15.876493500045665,-0.0077191562471459196
SENSITIVITY_1SIGMA_ENVELOPE,41,N,BIT4,8,7.9991205268037682,-0.00010993414952897851
SENSITIVITY_1SIGMA_ENVELOPE,41,N,BIT3,4,4.0036049241682106,0.00090123104205264148
SENSITIVITY_1SIGMA_ENVELOPE,41,N,BIT2,2,2.0205819374565483,0.010290968728274175
SENSITIVITY_1SIGMA_ENVELOPE,41,N,BIT1,1,0.99531160395204421,-0.0046883960479557896
SENSITIVITY_1SIGMA_ENVELOPE,41,N,DUMMY,1,1.0153590077365284,0.015359007736528429
SENSITIVITY_1SIGMA_ENVELOPE,42,P,BIT7,64,64.170586610856788,0.0026654157946373047
SENSITIVITY_1SIGMA_ENVELOPE,42,P,BIT6,32,32.234378228751218,0.0073243196484755746
SENSITIVITY_1SIGMA_ENVELOPE,42,P,BIT5,16,16.038201956194591,0.002387622262161937
SENSITIVITY_1SIGMA_ENVELOPE,42,P,BIT4,8,7.8910898669781453,-0.013613766627731838
SENSITIVITY_1SIGMA_ENVELOPE,42,P,BIT3,4,3.9582646678205742,-0.010433833044856455
SENSITIVITY_1SIGMA_ENVELOPE,42,P,BIT2,2,2.052791403069508,0.026395701534754012
SENSITIVITY_1SIGMA_ENVELOPE,42,P,BIT1,1,1.0069095822070921,0.0069095822070921464
SENSITIVITY_1SIGMA_ENVELOPE,42,P,DUMMY,1,1.001243571812799,0.0012435718127989936
SENSITIVITY_1SIGMA_ENVELOPE,42,N,BIT7,64,64.013507725333213,0.00021105820833144939
SENSITIVITY_1SIGMA_ENVELOPE,42,N,BIT6,32,32.245954053067749,0.0076860641583671452
SENSITIVITY_1SIGMA_ENVELOPE,42,N,BIT5,16,16.02991191607293,0.0018694947545581098
SENSITIVITY_1SIGMA_ENVELOPE,42,N,BIT4,8,7.9976553892068711,-0.00029307634914110814
SENSITIVITY_1SIGMA_ENVELOPE,42,N,BIT3,4,3.9797511321378227,-0.0050622169655443194
SENSITIVITY_1SIGMA_ENVELOPE,42,N,BIT2,2,2.0319023584517661,0.015951179225883072
SENSITIVITY_1SIGMA_ENVELOPE,42,N,BIT1,1,1.0029545617969566,0.002954561796956634
SENSITIVITY_1SIGMA_ENVELOPE,42,N,DUMMY,1,0.98084748704931957,-0.019152512950680434
SENSITIVITY_1SIGMA_ENVELOPE,43,P,BIT7,64,63.707763217258105,-0.0045661997303421131
SENSITIVITY_1SIGMA_ENVELOPE,43,P,BIT6,32,31.902574628061245,-0.0030445428730860868
SENSITIVITY_1SIGMA_ENVELOPE,43,P,BIT5,16,16.024164020837805,0.0015102513023628195
SENSITIVITY_1SIGMA_ENVELOPE,43,P,BIT4,8,8.0259868837516777,0.0032483604689597101
SENSITIVITY_1SIGMA_ENVELOPE,43,P,BIT3,4,4.0325620909490993,0.0081405227372748357
SENSITIVITY_1SIGMA_ENVELOPE,43,P,BIT2,2,2.0158949259796488,0.0079474629898244054
SENSITIVITY_1SIGMA_ENVELOPE,43,P,BIT1,1,0.98293937085929584,-0.017060629140704164
SENSITIVITY_1SIGMA_ENVELOPE,43,P,DUMMY,1,0.97027053992446521,-0.029729460075534786
SENSITIVITY_1SIGMA_ENVELOPE,43,N,BIT7,64,63.998829380413987,-1.8290931031450519e-05
SENSITIVITY_1SIGMA_ENVELOPE,43,N,BIT6,32,31.998540860233639,-4.5598117698775198e-05
SENSITIVITY_1SIGMA_ENVELOPE,43,N,BIT5,16,16.094014186118415,0.0058758866324009063
SENSITIVITY_1SIGMA_ENVELOPE,43,N,BIT4,8,8.0627124857793895,0.0078390607224236852
SENSITIVITY_1SIGMA_ENVELOPE,43,N,BIT3,4,4.043576353124835,0.010894088281208747
SENSITIVITY_1SIGMA_ENVELOPE,43,N,BIT2,2,1.9780460790332144,-0.010976960483392806
SENSITIVITY_1SIGMA_ENVELOPE,43,N,BIT1,1,1.0018802497228134,0.0018802497228134207
SENSITIVITY_1SIGMA_ENVELOPE,43,N,DUMMY,1,0.98972705115237591,-0.010272948847624086
SENSITIVITY_1SIGMA_ENVELOPE,44,P,BIT7,64,63.789769980943085,-0.0032848440477643015
SENSITIVITY_1SIGMA_ENVELOPE,44,P,BIT6,32,32.103665913500578,0.0032395597968930545
SENSITIVITY_1SIGMA_ENVELOPE,44,P,BIT5,16,16.121944940466413,0.0076215587791508277
SENSITIVITY_1SIGMA_ENVELOPE,44,P,BIT4,8,8.078451814076665,0.009806476759583127
SENSITIVITY_1SIGMA_ENVELOPE,44,P,BIT3,4,3.9710106130902263,-0.0072473467274434267
SENSITIVITY_1SIGMA_ENVELOPE,44,P,BIT2,2,2.0247525147543053,0.012376257377152644
SENSITIVITY_1SIGMA_ENVELOPE,44,P,BIT1,1,1.027532543355087,0.027532543355087036
SENSITIVITY_1SIGMA_ENVELOPE,44,P,DUMMY,1,0.98273866293352563,-0.017261337066474369
SENSITIVITY_1SIGMA_ENVELOPE,44,N,BIT7,64,64.079464607784558,0.0012416344966337256
SENSITIVITY_1SIGMA_ENVELOPE,44,N,BIT6,32,31.981846426272554,-0.00056729917898268312
SENSITIVITY_1SIGMA_ENVELOPE,44,N,BIT5,16,15.92143468788224,-0.0049103320073600187
SENSITIVITY_1SIGMA_ENVELOPE,44,N,BIT4,8,7.9955119545772639,-0.00056100567784200805
SENSITIVITY_1SIGMA_ENVELOPE,44,N,BIT3,4,4.0267228451126709,0.0066807112781677169
SENSITIVITY_1SIGMA_ENVELOPE,44,N,BIT2,2,2.0085598688758495,0.0042799344379247373
SENSITIVITY_1SIGMA_ENVELOPE,44,N,BIT1,1,1.0071204134962135,0.0071204134962135068
SENSITIVITY_1SIGMA_ENVELOPE,44,N,DUMMY,1,0.98889480870669388,-0.011105191293306116
SENSITIVITY_1SIGMA_ENVELOPE,45,P,BIT7,64,63.633249880964414,-0.0057304706099310376
SENSITIVITY_1SIGMA_ENVELOPE,45,P,BIT6,32,32.008223926437822,0.00025699770118192689
SENSITIVITY_1SIGMA_ENVELOPE,45,P,BIT5,16,16.145187636366899,0.0090742272729311679
SENSITIVITY_1SIGMA_ENVELOPE,45,P,BIT4,8,7.9589978651369373,-0.0051252668578828375
SENSITIVITY_1SIGMA_ENVELOPE,45,P,BIT3,4,3.9883322717330598,-0.0029169320667350451
SENSITIVITY_1SIGMA_ENVELOPE,45,P,BIT2,2,2.0121401716505147,0.0060700858252573653
SENSITIVITY_1SIGMA_ENVELOPE,45,P,BIT1,1,1.043069658727787,0.043069658727787008
SENSITIVITY_1SIGMA_ENVELOPE,45,P,DUMMY,1,0.98290297502820756,-0.017097024971792441
SENSITIVITY_1SIGMA_ENVELOPE,45,N,BIT7,64,64.100291357572331,0.0015670524620676751
SENSITIVITY_1SIGMA_ENVELOPE,45,N,BIT6,32,32.013732580054437,0.00042914312670117027
SENSITIVITY_1SIGMA_ENVELOPE,45,N,BIT5,16,16.170238769736152,0.010639923108509475
SENSITIVITY_1SIGMA_ENVELOPE,45,N,BIT4,8,8.0840264932405823,0.010503311655072789
SENSITIVITY_1SIGMA_ENVELOPE,45,N,BIT3,4,4.0178374279364135,0.0044593569841033798
SENSITIVITY_1SIGMA_ENVELOPE,45,N,BIT2,2,2.0210464122062741,0.010523206103137062
SENSITIVITY_1SIGMA_ENVELOPE,45,N,BIT1,1,1.0135041689953659,0.013504168995365884
SENSITIVITY_1SIGMA_ENVELOPE,45,N,DUMMY,1,1.0007544556209618,0.00075445562096176921
SENSITIVITY_1SIGMA_ENVELOPE,46,P,BIT7,64,63.896472508190271,-0.0016176170595270101
SENSITIVITY_1SIGMA_ENVELOPE,46,P,BIT6,32,32.068992054976391,0.0021560017180122237
SENSITIVITY_1SIGMA_ENVELOPE,46,P,BIT5,16,15.909910787014216,-0.0056305758116115268
SENSITIVITY_1SIGMA_ENVELOPE,46,P,BIT4,8,7.9832210575798159,-0.0020973678025230091
SENSITIVITY_1SIGMA_ENVELOPE,46,P,BIT3,4,4.0053048761344066,0.0013262190336016388
SENSITIVITY_1SIGMA_ENVELOPE,46,P,BIT2,2,2.0095960200638263,0.004798010031913158
SENSITIVITY_1SIGMA_ENVELOPE,46,P,BIT1,1,0.98713733914692525,-0.012862660853074748
SENSITIVITY_1SIGMA_ENVELOPE,46,P,DUMMY,1,0.99843843707661017,-0.0015615629233898254
SENSITIVITY_1SIGMA_ENVELOPE,46,N,BIT7,64,63.713656298034209,-0.0044741203432154819
SENSITIVITY_1SIGMA_ENVELOPE,46,N,BIT6,32,31.98768901115103,-0.00038471840153031511
SENSITIVITY_1SIGMA_ENVELOPE,46,N,BIT5,16,15.93999807969529,-0.0037501200190444006
SENSITIVITY_1SIGMA_ENVELOPE,46,N,BIT4,8,7.9361254096544762,-0.0079843237931904731
SENSITIVITY_1SIGMA_ENVELOPE,46,N,BIT3,4,3.9584301887398419,-0.010392452815039532
SENSITIVITY_1SIGMA_ENVELOPE,46,N,BIT2,2,2.0170261636477589,0.0085130818238794426
SENSITIVITY_1SIGMA_ENVELOPE,46,N,BIT1,1,1.0003547569425915,0.00035475694259146096
SENSITIVITY_1SIGMA_ENVELOPE,46,N,DUMMY,1,1.0096202505776783,0.0096202505776783465
SENSITIVITY_1SIGMA_ENVELOPE,47,P,BIT7,64,64.112676299022596,0.0017605671722280558
SENSITIVITY_1SIGMA_ENVELOPE,47,P,BIT6,32,31.895784911453855,-0.0032567215170670183
SENSITIVITY_1SIGMA_ENVELOPE,47,P,BIT5,16,16.170256561118876,0.01064103506992975
SENSITIVITY_1SIGMA_ENVELOPE,47,P,BIT4,8,8.0010711514068387,0.00013389392585483328
SENSITIVITY_1SIGMA_ENVELOPE,47,P,BIT3,4,4.0373519292832558,0.0093379823208139534
SENSITIVITY_1SIGMA_ENVELOPE,47,P,BIT2,2,1.9829257512757916,-0.008537124362104187
SENSITIVITY_1SIGMA_ENVELOPE,47,P,BIT1,1,0.99052772337812478,-0.0094722766218752197
SENSITIVITY_1SIGMA_ENVELOPE,47,P,DUMMY,1,0.99300311310200007,-0.0069968868979999321
SENSITIVITY_1SIGMA_ENVELOPE,47,N,BIT7,64,63.636132706991205,-0.005685426453262421
SENSITIVITY_1SIGMA_ENVELOPE,47,N,BIT6,32,32.265854590503324,0.0083079559532288627
SENSITIVITY_1SIGMA_ENVELOPE,47,N,BIT5,16,15.971824953988556,-0.0017609403757152808
SENSITIVITY_1SIGMA_ENVELOPE,47,N,BIT4,8,8.1067046213420575,0.013338077667757187
SENSITIVITY_1SIGMA_ENVELOPE,47,N,BIT3,4,3.9688610042446095,-0.0077847489388476188
SENSITIVITY_1SIGMA_ENVELOPE,47,N,BIT2,2,2.0336808667876065,0.016840433393803256
SENSITIVITY_1SIGMA_ENVELOPE,47,N,BIT1,1,0.99850541339042909,-0.0014945866095709137
SENSITIVITY_1SIGMA_ENVELOPE,47,N,DUMMY,1,1.0026284740061895,0.0026284740061894851
SENSITIVITY_1SIGMA_ENVELOPE,48,P,BIT7,64,64.067168330617605,0.0010495051659000776
SENSITIVITY_1SIGMA_ENVELOPE,48,P,BIT6,32,32.073013230788462,0.0022816634621394272
SENSITIVITY_1SIGMA_ENVELOPE,48,P,BIT5,16,15.941143036398978,-0.0036785602250638538
SENSITIVITY_1SIGMA_ENVELOPE,48,P,BIT4,8,8.0692897208491026,0.0086612151061378206
SENSITIVITY_1SIGMA_ENVELOPE,48,P,BIT3,4,4.0005859354499771,0.00014648386249427325
SENSITIVITY_1SIGMA_ENVELOPE,48,P,BIT2,2,2.0011521784337969,0.0005760892168984455
SENSITIVITY_1SIGMA_ENVELOPE,48,P,BIT1,1,0.99429340118669762,-0.0057065988133023771
SENSITIVITY_1SIGMA_ENVELOPE,48,P,DUMMY,1,0.98982928209842469,-0.01017071790157531
SENSITIVITY_1SIGMA_ENVELOPE,48,N,BIT7,64,64.136318469319292,0.002129976083113938
SENSITIVITY_1SIGMA_ENVELOPE,48,N,BIT6,32,31.752486229650955,-0.0077348053234076453
SENSITIVITY_1SIGMA_ENVELOPE,48,N,BIT5,16,15.875671251804711,-0.0077705467622055657
SENSITIVITY_1SIGMA_ENVELOPE,48,N,BIT4,8,8.0945148275786529,0.011814353447331616
SENSITIVITY_1SIGMA_ENVELOPE,48,N,BIT3,4,3.9584307765427909,-0.010392305864302287
SENSITIVITY_1SIGMA_ENVELOPE,48,N,BIT2,2,1.9870518076882753,-0.0064740961558623633
SENSITIVITY_1SIGMA_ENVELOPE,48,N,BIT1,1,1.0400861100955883,0.040086110095588268
SENSITIVITY_1SIGMA_ENVELOPE,48,N,DUMMY,1,0.9504295788047582,-0.049570421195241798
SENSITIVITY_1SIGMA_ENVELOPE,49,P,BIT7,64,64.26790909309959,0.0041860795796810901
SENSITIVITY_1SIGMA_ENVELOPE,49,P,BIT6,32,32.051548094566769,0.0016108779552115315
SENSITIVITY_1SIGMA_ENVELOPE,49,P,BIT5,16,15.975132982072736,-0.0015541886204539779
SENSITIVITY_1SIGMA_ENVELOPE,49,P,BIT4,8,8.0410245038642145,0.0051280629830268154
SENSITIVITY_1SIGMA_ENVELOPE,49,P,BIT3,4,3.9907398878489184,-0.0023150280377703947
SENSITIVITY_1SIGMA_ENVELOPE,49,P,BIT2,2,1.9787492843059629,-0.010625357847018568
SENSITIVITY_1SIGMA_ENVELOPE,49,P,BIT1,1,1.0023716699510519,0.0023716699510518691
SENSITIVITY_1SIGMA_ENVELOPE,49,P,DUMMY,1,0.99009698640135213,-0.0099030135986478696
SENSITIVITY_1SIGMA_ENVELOPE,49,N,BIT7,64,63.91052431641495,-0.0013980575560164077
SENSITIVITY_1SIGMA_ENVELOPE,49,N,BIT6,32,31.910153762544542,-0.0028076949204830504
SENSITIVITY_1SIGMA_ENVELOPE,49,N,BIT5,16,16.099498723860037,0.0062186702412523331
SENSITIVITY_1SIGMA_ENVELOPE,49,N,BIT4,8,8.1177608025801611,0.014720100322520135
SENSITIVITY_1SIGMA_ENVELOPE,49,N,BIT3,4,4.0540532033675847,0.01351330084189617
SENSITIVITY_1SIGMA_ENVELOPE,49,N,BIT2,2,2.0296960185615056,0.014848009280752805
SENSITIVITY_1SIGMA_ENVELOPE,49,N,BIT1,1,0.9778886637109524,-0.022111336289047601
SENSITIVITY_1SIGMA_ENVELOPE,49,N,DUMMY,1,0.98701175315275813,-0.012988246847241869
SENSITIVITY_1SIGMA_ENVELOPE,50,P,BIT7,64,63.961116979935852,-0.00060754718850231093
SENSITIVITY_1SIGMA_ENVELOPE,50,P,BIT6,32,32.080814491045608,0.0025254528451752467
SENSITIVITY_1SIGMA_ENVELOPE,50,P,BIT5,16,15.839124250128254,-0.010054734366984119
SENSITIVITY_1SIGMA_ENVELOPE,50,P,BIT4,8,8.0232796263219335,0.0029099532902416847
SENSITIVITY_1SIGMA_ENVELOPE,50,P,BIT3,4,4.0953102721185859,0.023827568029646473
SENSITIVITY_1SIGMA_ENVELOPE,50,P,BIT2,2,1.9885853367997075,-0.0057073316001462482
SENSITIVITY_1SIGMA_ENVELOPE,50,P,BIT1,1,1.0060995720271928,0.0060995720271928011
SENSITIVITY_1SIGMA_ENVELOPE,50,P,DUMMY,1,1.0366201978480531,0.036620197848053149
SENSITIVITY_1SIGMA_ENVELOPE,50,N,BIT7,64,64.191302181291292,0.0029890965826764315
SENSITIVITY_1SIGMA_ENVELOPE,50,N,BIT6,32,32.009391774084037,0.0002934929401261499
SENSITIVITY_1SIGMA_ENVELOPE,50,N,BIT5,16,15.954213672415339,-0.00286164547404133
SENSITIVITY_1SIGMA_ENVELOPE,50,N,BIT4,8,7.8877672021139267,-0.014029099735759165
SENSITIVITY_1SIGMA_ENVELOPE,50,N,BIT3,4,4.0354854651359222,0.0088713662839805529
SENSITIVITY_1SIGMA_ENVELOPE,50,N,BIT2,2,1.9825135637465761,-0.0087432181267119713
SENSITIVITY_1SIGMA_ENVELOPE,50,N,BIT1,1,1.0115113421127888,0.011511342112788814
SENSITIVITY_1SIGMA_ENVELOPE,50,N,DUMMY,1,1.0194576822164172,0.019457682216417194
SENSITIVITY_1SIGMA_ENVELOPE,51,P,BIT7,64,64.25920264380585,0.0040500413094664012
SENSITIVITY_1SIGMA_ENVELOPE,51,P,BIT6,32,32.123654658049233,0.0038642080640385323
SENSITIVITY_1SIGMA_ENVELOPE,51,P,BIT5,16,16.003172432945401,0.00019827705908759263
SENSITIVITY_1SIGMA_ENVELOPE,51,P,BIT4,8,7.9662163863590667,-0.0042229517051166621
SENSITIVITY_1SIGMA_ENVELOPE,51,P,BIT3,4,4.0151397101429547,0.0037849275357386691
SENSITIVITY_1SIGMA_ENVELOPE,51,P,BIT2,2,2.0132023244956203,0.006601162247810155
SENSITIVITY_1SIGMA_ENVELOPE,51,P,BIT1,1,0.98493826521602412,-0.015061734783975878
SENSITIVITY_1SIGMA_ENVELOPE,51,P,DUMMY,1,0.99739487938447979,-0.0026051206155202067
SENSITIVITY_1SIGMA_ENVELOPE,51,N,BIT7,64,63.946459135391564,-0.00083657600950681754
SENSITIVITY_1SIGMA_ENVELOPE,51,N,BIT6,32,32.009552588652895,0.00029851839540295799
SENSITIVITY_1SIGMA_ENVELOPE,51,N,BIT5,16,16.066990206045755,0.0041868878778597018
SENSITIVITY_1SIGMA_ENVELOPE,51,N,BIT4,8,8.0059823525015155,0.00074779406268943305
SENSITIVITY_1SIGMA_ENVELOPE,51,N,BIT3,4,3.9997991910831794,-5.0202229205154048e-05
SENSITIVITY_1SIGMA_ENVELOPE,51,N,BIT2,2,2.0449888301755728,0.022494415087786379
SENSITIVITY_1SIGMA_ENVELOPE,51,N,BIT1,1,1.0023456824879764,0.0023456824879763971
SENSITIVITY_1SIGMA_ENVELOPE,51,N,DUMMY,1,1.0211958495387121,0.021195849538712119
SENSITIVITY_1SIGMA_ENVELOPE,52,P,BIT7,64,63.919460365636077,-0.0012584317869362982
SENSITIVITY_1SIGMA_ENVELOPE,52,P,BIT6,32,32.124558535992421,0.0038924542497631442
SENSITIVITY_1SIGMA_ENVELOPE,52,P,BIT5,16,16.022737066599483,0.0014210666624676627
SENSITIVITY_1SIGMA_ENVELOPE,52,P,BIT4,8,7.9761535714799789,-0.0029808035650026321
SENSITIVITY_1SIGMA_ENVELOPE,52,P,BIT3,4,4.0000668716868475,1.6717921711872918e-05
SENSITIVITY_1SIGMA_ENVELOPE,52,P,BIT2,2,1.9961733714857286,-0.0019133142571357009
SENSITIVITY_1SIGMA_ENVELOPE,52,P,BIT1,1,1.0237565689031616,0.023756568903161579
SENSITIVITY_1SIGMA_ENVELOPE,52,P,DUMMY,1,0.97632871228545437,-0.02367128771454563
SENSITIVITY_1SIGMA_ENVELOPE,52,N,BIT7,64,64.167861416182078,0.002622834627844961
SENSITIVITY_1SIGMA_ENVELOPE,52,N,BIT6,32,31.759391634138851,-0.0075190114331609159
SENSITIVITY_1SIGMA_ENVELOPE,52,N,BIT5,16,16.192387132648044,0.012024195790502734
SENSITIVITY_1SIGMA_ENVELOPE,52,N,BIT4,8,8.0974874790998754,0.012185934887484429
SENSITIVITY_1SIGMA_ENVELOPE,52,N,BIT3,4,4.0220595797111658,0.0055148949277914472
SENSITIVITY_1SIGMA_ENVELOPE,52,N,BIT2,2,1.9292569202054541,-0.03537153989727293
SENSITIVITY_1SIGMA_ENVELOPE,52,N,BIT1,1,0.98530184427800194,-0.014698155721998063
SENSITIVITY_1SIGMA_ENVELOPE,52,N,DUMMY,1,1.0137610786594409,0.013761078659440873
SENSITIVITY_1SIGMA_ENVELOPE,53,P,BIT7,64,64.398919314908127,0.0062331142954394902
SENSITIVITY_1SIGMA_ENVELOPE,53,P,BIT6,32,31.899493408832804,-0.0031408309739748841
SENSITIVITY_1SIGMA_ENVELOPE,53,P,BIT5,16,15.887757596981713,-0.0070151501886429601
SENSITIVITY_1SIGMA_ENVELOPE,53,P,BIT4,8,7.861231678368827,-0.017346040203896629
SENSITIVITY_1SIGMA_ENVELOPE,53,P,BIT3,4,4.0465370654865733,0.011634266371643331
SENSITIVITY_1SIGMA_ENVELOPE,53,P,BIT2,2,1.9863001813548604,-0.0068499093225697916
SENSITIVITY_1SIGMA_ENVELOPE,53,P,BIT1,1,0.9522574336725006,-0.047742566327499403
SENSITIVITY_1SIGMA_ENVELOPE,53,P,DUMMY,1,1.0228111617493216,0.022811161749321629
SENSITIVITY_1SIGMA_ENVELOPE,53,N,BIT7,64,63.922614320158054,-0.0012091512475304045
SENSITIVITY_1SIGMA_ENVELOPE,53,N,BIT6,32,32.012787896805158,0.00039962177516117414
SENSITIVITY_1SIGMA_ENVELOPE,53,N,BIT5,16,16.100033322020913,0.0062520826263070539
SENSITIVITY_1SIGMA_ENVELOPE,53,N,BIT4,8,7.9388973383346153,-0.0076378327081730868
SENSITIVITY_1SIGMA_ENVELOPE,53,N,BIT3,4,4.0196230379948279,0.0049057594987069741
SENSITIVITY_1SIGMA_ENVELOPE,53,N,BIT2,2,2.0535960747617787,0.026798037380889372
SENSITIVITY_1SIGMA_ENVELOPE,53,N,BIT1,1,1.0179259867809167,0.017925986780916725
SENSITIVITY_1SIGMA_ENVELOPE,53,N,DUMMY,1,0.95011670088788114,-0.049883299112118862
SENSITIVITY_1SIGMA_ENVELOPE,54,P,BIT7,64,64.083661746235464,0.0013072147849291227
SENSITIVITY_1SIGMA_ENVELOPE,54,P,BIT6,32,31.975113693617274,-0.00077769707446018188
SENSITIVITY_1SIGMA_ENVELOPE,54,P,BIT5,16,16.018491370639584,0.0011557106649739968
SENSITIVITY_1SIGMA_ENVELOPE,54,P,BIT4,8,8.0311199198511822,0.003889989981397779
SENSITIVITY_1SIGMA_ENVELOPE,54,P,BIT3,4,3.9642247604111414,-0.0089438098972146607
SENSITIVITY_1SIGMA_ENVELOPE,54,P,BIT2,2,1.9315242168765168,-0.034237891561741618
SENSITIVITY_1SIGMA_ENVELOPE,54,P,BIT1,1,1.0224988268910919,0.02249882689109195
SENSITIVITY_1SIGMA_ENVELOPE,54,P,DUMMY,1,0.96530478588479307,-0.034695214115206929
SENSITIVITY_1SIGMA_ENVELOPE,54,N,BIT7,64,63.78955164157918,-0.0032882556003253072
SENSITIVITY_1SIGMA_ENVELOPE,54,N,BIT6,32,32.115704445072794,0.003615763908524805
SENSITIVITY_1SIGMA_ENVELOPE,54,N,BIT5,16,16.055875425486022,0.0034922140928763667
SENSITIVITY_1SIGMA_ENVELOPE,54,N,BIT4,8,7.9924910101811264,-0.00093862372735920019
SENSITIVITY_1SIGMA_ENVELOPE,54,N,BIT3,4,3.9374326991415334,-0.015641825214616656
SENSITIVITY_1SIGMA_ENVELOPE,54,N,BIT2,2,1.9873507273199689,-0.0063246363400155658
SENSITIVITY_1SIGMA_ENVELOPE,54,N,BIT1,1,1.0089665299165449,0.0089665299165448964
SENSITIVITY_1SIGMA_ENVELOPE,54,N,DUMMY,1,1.020691104004662,0.020691104004662009
SENSITIVITY_1SIGMA_ENVELOPE,55,P,BIT7,64,63.892617715295316,-0.0016778481985106897
SENSITIVITY_1SIGMA_ENVELOPE,55,P,BIT6,32,32.190237163973876,0.0059449113741836257
SENSITIVITY_1SIGMA_ENVELOPE,55,P,BIT5,16,16.037109895843045,0.0023193684901903211
SENSITIVITY_1SIGMA_ENVELOPE,55,P,BIT4,8,7.9293546894559359,-0.008830663818008011
SENSITIVITY_1SIGMA_ENVELOPE,55,P,BIT3,4,4.0533247800315868,0.013331195007896701
SENSITIVITY_1SIGMA_ENVELOPE,55,P,BIT2,2,1.9527627294264358,-0.023618635286782097
SENSITIVITY_1SIGMA_ENVELOPE,55,P,BIT1,1,1.0146491067426233,0.014649106742623319
SENSITIVITY_1SIGMA_ENVELOPE,55,P,DUMMY,1,0.98549721063412354,-0.014502789365876456
SENSITIVITY_1SIGMA_ENVELOPE,55,N,BIT7,64,63.622968791864778,-0.0058911126271128378
SENSITIVITY_1SIGMA_ENVELOPE,55,N,BIT6,32,32.239807294858423,0.0074939779643257154
SENSITIVITY_1SIGMA_ENVELOPE,55,N,BIT5,16,16.039523622539527,0.0024702264087204107
SENSITIVITY_1SIGMA_ENVELOPE,55,N,BIT4,8,8.0469406760419115,0.005867584505238943
SENSITIVITY_1SIGMA_ENVELOPE,55,N,BIT3,4,4.0356313418522127,0.008907835463053182
SENSITIVITY_1SIGMA_ENVELOPE,55,N,BIT2,2,1.9777852830861937,-0.011107358456903138
SENSITIVITY_1SIGMA_ENVELOPE,55,N,BIT1,1,1.0352051497104948,0.035205149710494821
SENSITIVITY_1SIGMA_ENVELOPE,55,N,DUMMY,1,0.97021871538088411,-0.029781284619115889
SENSITIVITY_1SIGMA_ENVELOPE,56,P,BIT7,64,64.342439010474223,0.0053506095386597341
SENSITIVITY_1SIGMA_ENVELOPE,56,P,BIT6,32,32.046622576668817,0.0014569555209005269
SENSITIVITY_1SIGMA_ENVELOPE,56,P,BIT5,16,16.030014986117092,0.0018759366323182203
SENSITIVITY_1SIGMA_ENVELOPE,56,P,BIT4,8,8.075619866559272,0.0094524833199089997
SENSITIVITY_1SIGMA_ENVELOPE,56,P,BIT3,4,4.0463628824659912,0.011590720616497796
SENSITIVITY_1SIGMA_ENVELOPE,56,P,BIT2,2,1.9868065794990142,-0.0065967102504929098
SENSITIVITY_1SIGMA_ENVELOPE,56,P,BIT1,1,1.0112569455027318,0.011256945502731819
SENSITIVITY_1SIGMA_ENVELOPE,56,P,DUMMY,1,1.0170124327183905,0.01701243271839048
SENSITIVITY_1SIGMA_ENVELOPE,56,N,BIT7,64,63.975279708972039,-0.00038625454731189279
SENSITIVITY_1SIGMA_ENVELOPE,56,N,BIT6,32,31.963372952497746,-0.0011445952344454335
SENSITIVITY_1SIGMA_ENVELOPE,56,N,BIT5,16,15.926225302386175,-0.0046109186008640446
SENSITIVITY_1SIGMA_ENVELOPE,56,N,BIT4,8,8.0065928453753621,0.00082410567192026107
SENSITIVITY_1SIGMA_ENVELOPE,56,N,BIT3,4,3.9838688071924011,-0.0040327982018997233
SENSITIVITY_1SIGMA_ENVELOPE,56,N,BIT2,2,1.9653870328826848,-0.017306483558657604
SENSITIVITY_1SIGMA_ENVELOPE,56,N,BIT1,1,0.99963302553354483,-0.00036697446645517218
SENSITIVITY_1SIGMA_ENVELOPE,56,N,DUMMY,1,0.98025717215764152,-0.019742827842358479
SENSITIVITY_1SIGMA_ENVELOPE,57,P,BIT7,64,64.094080901467123,0.0014700140854237986
SENSITIVITY_1SIGMA_ENVELOPE,57,P,BIT6,32,32.007162021453176,0.00022381317041175741
SENSITIVITY_1SIGMA_ENVELOPE,57,P,BIT5,16,15.992512373400428,-0.000467976662473224
SENSITIVITY_1SIGMA_ENVELOPE,57,P,BIT4,8,7.9501394507429568,-0.0062325686571303995
SENSITIVITY_1SIGMA_ENVELOPE,57,P,BIT3,4,4.0649120778781676,0.016228019469541888
SENSITIVITY_1SIGMA_ENVELOPE,57,P,BIT2,2,1.9846624238605197,-0.00766878806974014
SENSITIVITY_1SIGMA_ENVELOPE,57,P,BIT1,1,0.97149546193227843,-0.028504538067721574
SENSITIVITY_1SIGMA_ENVELOPE,57,P,DUMMY,1,0.97160923280798239,-0.028390767192017607
SENSITIVITY_1SIGMA_ENVELOPE,57,N,BIT7,64,63.938209361584335,-0.00096547872524477274
SENSITIVITY_1SIGMA_ENVELOPE,57,N,BIT6,32,32.124861419335346,0.003901919354229566
SENSITIVITY_1SIGMA_ENVELOPE,57,N,BIT5,16,15.857579016597128,-0.0089013114626794732
SENSITIVITY_1SIGMA_ENVELOPE,57,N,BIT4,8,8.020517622067743,0.0025647027584678739
SENSITIVITY_1SIGMA_ENVELOPE,57,N,BIT3,4,3.8903607390327508,-0.027409815241812296
SENSITIVITY_1SIGMA_ENVELOPE,57,N,BIT2,2,1.9910072916033226,-0.0044963541983387145
SENSITIVITY_1SIGMA_ENVELOPE,57,N,BIT1,1,1.044227526584109,0.044227526584109
SENSITIVITY_1SIGMA_ENVELOPE,57,N,DUMMY,1,0.99493823928194469,-0.0050617607180553081
SENSITIVITY_1SIGMA_ENVELOPE,58,P,BIT7,64,63.909514139399192,-0.0014138415718876196
SENSITIVITY_1SIGMA_ENVELOPE,58,P,BIT6,32,32.173518029615252,0.0054224384254766278
SENSITIVITY_1SIGMA_ENVELOPE,58,P,BIT5,16,15.955752799335492,-0.0027654500415317251
SENSITIVITY_1SIGMA_ENVELOPE,58,P,BIT4,8,7.9551666986177976,-0.0056041626727753036
SENSITIVITY_1SIGMA_ENVELOPE,58,P,BIT3,4,3.982493360132378,-0.0043766599669055051
SENSITIVITY_1SIGMA_ENVELOPE,58,P,BIT2,2,2.0006635855965298,0.00033179279826489605
SENSITIVITY_1SIGMA_ENVELOPE,58,P,BIT1,1,1.0095688369171938,0.0095688369171937904
SENSITIVITY_1SIGMA_ENVELOPE,58,P,DUMMY,1,1.0047896788191772,0.0047896788191772455
SENSITIVITY_1SIGMA_ENVELOPE,58,N,BIT7,64,63.659622792906248,-0.0053183938608398762
SENSITIVITY_1SIGMA_ENVELOPE,58,N,BIT6,32,32.332905206846931,0.010403287713966591
SENSITIVITY_1SIGMA_ENVELOPE,58,N,BIT5,16,15.995449988084228,-0.00028437574473572091
SENSITIVITY_1SIGMA_ENVELOPE,58,N,BIT4,8,8.0539030789431312,0.0067378848678913972
SENSITIVITY_1SIGMA_ENVELOPE,58,N,BIT3,4,4.0062379797050545,0.001559494926263616
SENSITIVITY_1SIGMA_ENVELOPE,58,N,BIT2,2,1.9446113241046659,-0.027694337947667069
SENSITIVITY_1SIGMA_ENVELOPE,58,N,BIT1,1,1.0298762664888104,0.029876266488810366
SENSITIVITY_1SIGMA_ENVELOPE,58,N,DUMMY,1,0.96198702240456546,-0.038012977595434538
SENSITIVITY_1SIGMA_ENVELOPE,59,P,BIT7,64,63.885144422573461,-0.0017946183972896712
SENSITIVITY_1SIGMA_ENVELOPE,59,P,BIT6,32,31.802108775914455,-0.0061841007526732827
SENSITIVITY_1SIGMA_ENVELOPE,59,P,BIT5,16,15.948490415449882,-0.0032193490343823683
SENSITIVITY_1SIGMA_ENVELOPE,59,P,BIT4,8,8.0039233644569414,0.00049042055711767674
SENSITIVITY_1SIGMA_ENVELOPE,59,P,BIT3,4,4.1073363648103651,0.026834091202591281
SENSITIVITY_1SIGMA_ENVELOPE,59,P,BIT2,2,2.0160523393290193,0.0080261696645096414
SENSITIVITY_1SIGMA_ENVELOPE,59,P,BIT1,1,0.97436290808277504,-0.025637091917224963
SENSITIVITY_1SIGMA_ENVELOPE,59,P,DUMMY,1,1.0324597300695557,0.032459730069555714
SENSITIVITY_1SIGMA_ENVELOPE,59,N,BIT7,64,64.020378030140435,0.00031840672094429756
SENSITIVITY_1SIGMA_ENVELOPE,59,N,BIT6,32,32.08772306942231,0.0027413459194471912
SENSITIVITY_1SIGMA_ENVELOPE,59,N,BIT5,16,16.084554459776673,0.0052846537360420331
SENSITIVITY_1SIGMA_ENVELOPE,59,N,BIT4,8,8.0089548656028491,0.0011193582003561353
SENSITIVITY_1SIGMA_ENVELOPE,59,N,BIT3,4,3.9269880687921206,-0.018252982801969853
SENSITIVITY_1SIGMA_ENVELOPE,59,N,BIT2,2,2.0262608314650641,0.013130415732532041
SENSITIVITY_1SIGMA_ENVELOPE,59,N,BIT1,1,1.0083789636654041,0.0083789636654041377
SENSITIVITY_1SIGMA_ENVELOPE,59,N,DUMMY,1,0.96720778974763233,-0.032792210252367671
SENSITIVITY_1SIGMA_ENVELOPE,60,P,BIT7,64,63.990349539247632,-0.00015078844925575652
SENSITIVITY_1SIGMA_ENVELOPE,60,P,BIT6,32,31.922863341728664,-0.0024105205709792354
SENSITIVITY_1SIGMA_ENVELOPE,60,P,BIT5,16,15.882535632570633,-0.0073415229643354341
SENSITIVITY_1SIGMA_ENVELOPE,60,P,BIT4,8,8.0121016430800829,0.00151270538501036
SENSITIVITY_1SIGMA_ENVELOPE,60,P,BIT3,4,3.9963769015100712,-0.00090577462248220275
SENSITIVITY_1SIGMA_ENVELOPE,60,P,BIT2,2,2.011904734715368,0.0059523673576840075
SENSITIVITY_1SIGMA_ENVELOPE,60,P,BIT1,1,1.0138724725533019,0.013872472553301929
SENSITIVITY_1SIGMA_ENVELOPE,60,P,DUMMY,1,1.0349397217940304,0.034939721794030376
SENSITIVITY_1SIGMA_ENVELOPE,60,N,BIT7,64,63.809884376107746,-0.0029705566233164671
SENSITIVITY_1SIGMA_ENVELOPE,60,N,BIT6,32,31.987546620130111,-0.00038916812093403585
SENSITIVITY_1SIGMA_ENVELOPE,60,N,BIT5,16,15.918284294178537,-0.005107231613841412
SENSITIVITY_1SIGMA_ENVELOPE,60,N,BIT4,8,7.8740552946503524,-0.015743088168705954
SENSITIVITY_1SIGMA_ENVELOPE,60,N,BIT3,4,3.9719804129627536,-0.0070048967593115963
SENSITIVITY_1SIGMA_ENVELOPE,60,N,BIT2,2,2.0050054785175893,0.0025027392587946284
SENSITIVITY_1SIGMA_ENVELOPE,60,N,BIT1,1,0.99877490863369822,-0.0012250913663017782
SENSITIVITY_1SIGMA_ENVELOPE,60,N,DUMMY,1,1.0128149340666881,0.0128149340666881
SENSITIVITY_1SIGMA_ENVELOPE,61,P,BIT7,64,63.694462582817863,-0.0047740221434708907
SENSITIVITY_1SIGMA_ENVELOPE,61,P,BIT6,32,31.904285719416002,-0.0029910712682499341
SENSITIVITY_1SIGMA_ENVELOPE,61,P,BIT5,16,15.998471705583647,-9.5518401022065547e-05
SENSITIVITY_1SIGMA_ENVELOPE,61,P,BIT4,8,7.9841938553061009,-0.0019757680867373839
SENSITIVITY_1SIGMA_ENVELOPE,61,P,BIT3,4,3.9901116996398769,-0.0024720750900307786
SENSITIVITY_1SIGMA_ENVELOPE,61,P,BIT2,2,1.9876545036067697,-0.0061727481966151743
SENSITIVITY_1SIGMA_ENVELOPE,61,P,BIT1,1,1.0408367531804488,0.04083675318044877
SENSITIVITY_1SIGMA_ENVELOPE,61,P,DUMMY,1,0.95638142887034572,-0.043618571129654282
SENSITIVITY_1SIGMA_ENVELOPE,61,N,BIT7,64,64.023393228552038,0.00036551919612559658
SENSITIVITY_1SIGMA_ENVELOPE,61,N,BIT6,32,32.110758585321463,0.0034612057912957184
SENSITIVITY_1SIGMA_ENVELOPE,61,N,BIT5,16,16.100268951354359,0.0062668094596474155
SENSITIVITY_1SIGMA_ENVELOPE,61,N,BIT4,8,8.0780718208553903,0.009758977606923791
SENSITIVITY_1SIGMA_ENVELOPE,61,N,BIT3,4,4.0348085429505662,0.0087021357376415587
SENSITIVITY_1SIGMA_ENVELOPE,61,N,BIT2,2,2.0389941154177871,0.019497057708893539
SENSITIVITY_1SIGMA_ENVELOPE,61,N,BIT1,1,1.0158547423084461,0.015854742308446079
SENSITIVITY_1SIGMA_ENVELOPE,61,N,DUMMY,1,1.0426140030778654,0.042614003077865448
SENSITIVITY_1SIGMA_ENVELOPE,62,P,BIT7,64,64.008428386733243,0.00013169354270692324
SENSITIVITY_1SIGMA_ENVELOPE,62,P,BIT6,32,31.926927693359136,-0.002283509582526988
SENSITIVITY_1SIGMA_ENVELOPE,62,P,BIT5,16,15.962888974228743,-0.0023194391107035361
SENSITIVITY_1SIGMA_ENVELOPE,62,P,BIT4,8,8.0974039525555099,0.012175494069438741
SENSITIVITY_1SIGMA_ENVELOPE,62,P,BIT3,4,3.9825136202000113,-0.0043715949499971707
SENSITIVITY_1SIGMA_ENVELOPE,62,P,BIT2,2,1.9582511619235037,-0.02087441903824816
SENSITIVITY_1SIGMA_ENVELOPE,62,P,BIT1,1,1.0182734231605448,0.018273423160544811
SENSITIVITY_1SIGMA_ENVELOPE,62,P,DUMMY,1,1.0217181716964177,0.021718171696417654
SENSITIVITY_1SIGMA_ENVELOPE,62,N,BIT7,64,63.924363744096404,-0.001181816498493693
SENSITIVITY_1SIGMA_ENVELOPE,62,N,BIT6,32,32.018825263202508,0.00058828947507838514
SENSITIVITY_1SIGMA_ENVELOPE,62,N,BIT5,16,16.03152207916083,0.0019701299475518574
SENSITIVITY_1SIGMA_ENVELOPE,62,N,BIT4,8,7.9900982197546764,-0.0012377225306654527
SENSITIVITY_1SIGMA_ENVELOPE,62,N,BIT3,4,4.0051705261624404,0.0012926315406101008
SENSITIVITY_1SIGMA_ENVELOPE,62,N,BIT2,2,2.0141435151489508,0.0070717575744754235
SENSITIVITY_1SIGMA_ENVELOPE,62,N,BIT1,1,1.0150814692352905,0.015081469235290523
SENSITIVITY_1SIGMA_ENVELOPE,62,N,DUMMY,1,0.99171321283252245,-0.0082867871674775495
SENSITIVITY_1SIGMA_ENVELOPE,63,P,BIT7,64,63.952844149561123,-0.00073681016310744862
SENSITIVITY_1SIGMA_ENVELOPE,63,P,BIT6,32,32.273225779201127,0.008538305600035212
SENSITIVITY_1SIGMA_ENVELOPE,63,P,BIT5,16,15.901573309678618,-0.0061516681450863864
SENSITIVITY_1SIGMA_ENVELOPE,63,P,BIT4,8,7.93798150256338,-0.007752312179577503
SENSITIVITY_1SIGMA_ENVELOPE,63,P,BIT3,4,3.996112805620847,-0.00097179859478824238
SENSITIVITY_1SIGMA_ENVELOPE,63,P,BIT2,2,2.0411703043523186,0.020585152176159305
SENSITIVITY_1SIGMA_ENVELOPE,63,P,BIT1,1,1.0148946579931497,0.014894657993149707
SENSITIVITY_1SIGMA_ENVELOPE,63,P,DUMMY,1,0.96974620794546085,-0.030253792054539153
SENSITIVITY_1SIGMA_ENVELOPE,63,N,BIT7,64,64.156905759745428,0.0024516524960223052
SENSITIVITY_1SIGMA_ENVELOPE,63,N,BIT6,32,32.035783896256625,0.0011182467580195254
SENSITIVITY_1SIGMA_ENVELOPE,63,N,BIT5,16,16.198125593760253,0.012382849610015789
SENSITIVITY_1SIGMA_ENVELOPE,63,N,BIT4,8,8.0749699269899082,0.0093712408737385289
SENSITIVITY_1SIGMA_ENVELOPE,63,N,BIT3,4,3.9641740027453256,-0.0089564993136685978
SENSITIVITY_1SIGMA_ENVELOPE,63,N,BIT2,2,2.0344855043914976,0.017242752195748778
SENSITIVITY_1SIGMA_ENVELOPE,63,N,BIT1,1,0.98999770789914499,-0.010002292100855015
SENSITIVITY_1SIGMA_ENVELOPE,63,N,DUMMY,1,0.9838887570252185,-0.016111242974781503
SENSITIVITY_1SIGMA_ENVELOPE,64,P,BIT7,64,63.914877128449746,-0.0013300448679727239
SENSITIVITY_1SIGMA_ENVELOPE,64,P,BIT6,32,32.059571521284894,0.0018616100401529501
SENSITIVITY_1SIGMA_ENVELOPE,64,P,BIT5,16,16.127211405900717,0.0079507128687947848
SENSITIVITY_1SIGMA_ENVELOPE,64,P,BIT4,8,7.9159228999897717,-0.010509637501278535
SENSITIVITY_1SIGMA_ENVELOPE,64,P,BIT3,4,4.058035242694304,0.014508810673576011
SENSITIVITY_1SIGMA_ENVELOPE,64,P,BIT2,2,2.0059438519366926,0.0029719259683462784
SENSITIVITY_1SIGMA_ENVELOPE,64,P,BIT1,1,1.0322855748136022,0.032285574813602169
SENSITIVITY_1SIGMA_ENVELOPE,64,P,DUMMY,1,0.93581281741646838,-0.064187182583531621
SENSITIVITY_1SIGMA_ENVELOPE,64,N,BIT7,64,64.080458654296478,0.0012571664733824761
SENSITIVITY_1SIGMA_ENVELOPE,64,N,BIT6,32,31.743205489182799,-0.0080248284630375366
SENSITIVITY_1SIGMA_ENVELOPE,64,N,BIT5,16,15.941796117895418,-0.0036377426315363781
SENSITIVITY_1SIGMA_ENVELOPE,64,N,BIT4,8,8.0114507375675341,0.0014313421959417649
SENSITIVITY_1SIGMA_ENVELOPE,64,N,BIT3,4,3.9216429106600335,-0.019589272334991636
SENSITIVITY_1SIGMA_ENVELOPE,64,N,BIT2,2,1.9572267879639096,-0.021386606018045207
SENSITIVITY_1SIGMA_ENVELOPE,64,N,BIT1,1,0.98823025688463462,-0.011769743115365383
SENSITIVITY_1SIGMA_ENVELOPE,64,N,DUMMY,1,0.98105421770177303,-0.018945782298226965
SENSITIVITY_1SIGMA_ENVELOPE,65,P,BIT7,64,63.93520989266306,-0.0010123454271396826
SENSITIVITY_1SIGMA_ENVELOPE,65,P,BIT6,32,32.032215348844353,0.0010067296513860402
SENSITIVITY_1SIGMA_ENVELOPE,65,P,BIT5,16,16.036949462358759,0.0023093413974224486
SENSITIVITY_1SIGMA_ENVELOPE,65,P,BIT4,8,7.9857220846445536,-0.0017847394194308031
SENSITIVITY_1SIGMA_ENVELOPE,65,P,BIT3,4,3.9599096060529071,-0.010022598486773227
SENSITIVITY_1SIGMA_ENVELOPE,65,P,BIT2,2,2.0183857227535578,0.0091928613767788825
SENSITIVITY_1SIGMA_ENVELOPE,65,P,BIT1,1,1.0027971662304342,0.0027971662304342448
SENSITIVITY_1SIGMA_ENVELOPE,65,P,DUMMY,1,1.0133298586668382,0.013329858666838224
SENSITIVITY_1SIGMA_ENVELOPE,65,N,BIT7,64,63.922888116028318,-0.0012048731870575313
SENSITIVITY_1SIGMA_ENVELOPE,65,N,BIT6,32,32.141572223140898,0.004424131973153056
SENSITIVITY_1SIGMA_ENVELOPE,65,N,BIT5,16,16.146830034175501,0.0091768771359688195
SENSITIVITY_1SIGMA_ENVELOPE,65,N,BIT4,8,8.0013302928437149,0.0001662866054643608
SENSITIVITY_1SIGMA_ENVELOPE,65,N,BIT3,4,3.9751504739856207,-0.0062123815035948216
SENSITIVITY_1SIGMA_ENVELOPE,65,N,BIT2,2,1.9763750547402952,-0.011812472629852411
SENSITIVITY_1SIGMA_ENVELOPE,65,N,BIT1,1,1.0055672028492286,0.0055672028492286252
SENSITIVITY_1SIGMA_ENVELOPE,65,N,DUMMY,1,0.98206290981200772,-0.017937090187992277
SENSITIVITY_1SIGMA_ENVELOPE,66,P,BIT7,64,64.028158781053847,0.00043998095396635684
SENSITIVITY_1SIGMA_ENVELOPE,66,P,BIT6,32,32.266589427265885,0.0083309196020588949
SENSITIVITY_1SIGMA_ENVELOPE,66,P,BIT5,16,15.885177220331906,-0.0071764237292558652
SENSITIVITY_1SIGMA_ENVELOPE,66,P,BIT4,8,8.0613791392993299,0.0076723924124162401
SENSITIVITY_1SIGMA_ENVELOPE,66,P,BIT3,4,3.9499525264639845,-0.012511868384003866
SENSITIVITY_1SIGMA_ENVELOPE,66,P,BIT2,2,1.9582697821767885,-0.020865108911605756
SENSITIVITY_1SIGMA_ENVELOPE,66,P,BIT1,1,0.98764239333713644,-0.012357606662863563
SENSITIVITY_1SIGMA_ENVELOPE,66,P,DUMMY,1,0.96154650010371767,-0.038453499896282328
SENSITIVITY_1SIGMA_ENVELOPE,66,N,BIT7,64,64.184028086197742,0.0028754388468397174
SENSITIVITY_1SIGMA_ENVELOPE,66,N,BIT6,32,32.006115887127294,0.00019112147272792868
SENSITIVITY_1SIGMA_ENVELOPE,66,N,BIT5,16,16.048300850453302,0.003018803153331362
SENSITIVITY_1SIGMA_ENVELOPE,66,N,BIT4,8,8.0147081641343902,0.0018385205167987806
SENSITIVITY_1SIGMA_ENVELOPE,66,N,BIT3,4,3.9863817106397228,-0.0034045723400693007
SENSITIVITY_1SIGMA_ENVELOPE,66,N,BIT2,2,1.9694285404764851,-0.015285729761757461
SENSITIVITY_1SIGMA_ENVELOPE,66,N,BIT1,1,0.97883693891921519,-0.021163061080784806
SENSITIVITY_1SIGMA_ENVELOPE,66,N,DUMMY,1,1.003475699047051,0.0034756990470510285
SENSITIVITY_1SIGMA_ENVELOPE,67,P,BIT7,64,64.193190746046923,0.0030186054069831769
SENSITIVITY_1SIGMA_ENVELOPE,67,P,BIT6,32,32.084139047171902,0.0026293452241219484
SENSITIVITY_1SIGMA_ENVELOPE,67,P,BIT5,16,16.012210493471311,0.00076315584195696395
SENSITIVITY_1SIGMA_ENVELOPE,67,P,BIT4,8,8.0396116260832713,0.0049514532604089112
SENSITIVITY_1SIGMA_ENVELOPE,67,P,BIT3,4,4.0109153188280846,0.002728829707021152
SENSITIVITY_1SIGMA_ENVELOPE,67,P,BIT2,2,1.9969752874329849,-0.0015123562835075433
SENSITIVITY_1SIGMA_ENVELOPE,67,P,BIT1,1,0.99039212155535794,-0.0096078784446420595
SENSITIVITY_1SIGMA_ENVELOPE,67,P,DUMMY,1,1.0162678272050449,0.016267827205044938
SENSITIVITY_1SIGMA_ENVELOPE,67,N,BIT7,64,64.112625042683419,0.0017597662919284218
SENSITIVITY_1SIGMA_ENVELOPE,67,N,BIT6,32,31.685097365499423,-0.0098407073281430169
SENSITIVITY_1SIGMA_ENVELOPE,67,N,BIT5,16,16.017436052971433,0.0010897533107145918
SENSITIVITY_1SIGMA_ENVELOPE,67,N,BIT4,8,7.9437667913414849,-0.0070291510823143888
SENSITIVITY_1SIGMA_ENVELOPE,67,N,BIT3,4,4.0265944431849157,0.0066486107962289154
SENSITIVITY_1SIGMA_ENVELOPE,67,N,BIT2,2,2.0314548863867667,0.015727443193383372
SENSITIVITY_1SIGMA_ENVELOPE,67,N,BIT1,1,1.0249228840087961,0.024922884008796053
SENSITIVITY_1SIGMA_ENVELOPE,67,N,DUMMY,1,0.99376583409306696,-0.0062341659069330424
SENSITIVITY_1SIGMA_ENVELOPE,68,P,BIT7,64,64.02975909830414,0.00046498591100219144
SENSITIVITY_1SIGMA_ENVELOPE,68,P,BIT6,32,32.093573378652522,0.0029241680828913097
SENSITIVITY_1SIGMA_ENVELOPE,68,P,BIT5,16,15.994279598206763,-0.00035752511207731708
SENSITIVITY_1SIGMA_ENVELOPE,68,P,BIT4,8,7.9949391879043921,-0.00063260151195099201
SENSITIVITY_1SIGMA_ENVELOPE,68,P,BIT3,4,3.9975882399494473,-0.00060294001263816455
SENSITIVITY_1SIGMA_ENVELOPE,68,P,BIT2,2,2.0273252026508297,0.013662601325414858
SENSITIVITY_1SIGMA_ENVELOPE,68,P,BIT1,1,0.98430656992838794,-0.015693430071612058
SENSITIVITY_1SIGMA_ENVELOPE,68,P,DUMMY,1,0.99639466356085293,-0.0036053364391470666
SENSITIVITY_1SIGMA_ENVELOPE,68,N,BIT7,64,63.764360853247112,-0.0036818616680138749
SENSITIVITY_1SIGMA_ENVELOPE,68,N,BIT6,32,31.975947832236738,-0.00075163024260194167
SENSITIVITY_1SIGMA_ENVELOPE,68,N,BIT5,16,16.159434483237966,0.0099646552023728852
SENSITIVITY_1SIGMA_ENVELOPE,68,N,BIT4,8,8.0058573261928512,0.00073216577410639694
SENSITIVITY_1SIGMA_ENVELOPE,68,N,BIT3,4,3.9942897726802649,-0.0014275568299337849
SENSITIVITY_1SIGMA_ENVELOPE,68,N,BIT2,2,1.9713289874537792,-0.014335506273110421
SENSITIVITY_1SIGMA_ENVELOPE,68,N,BIT1,1,1.009184364066801,0.0091843640668010096
SENSITIVITY_1SIGMA_ENVELOPE,68,N,DUMMY,1,0.9864847988515707,-0.013515201148429301
SENSITIVITY_1SIGMA_ENVELOPE,69,P,BIT7,64,64.224563602143633,0.003508806283494259
SENSITIVITY_1SIGMA_ENVELOPE,69,P,BIT6,32,31.690201697165662,-0.0096811969635730577
SENSITIVITY_1SIGMA_ENVELOPE,69,P,BIT5,16,15.952294061793971,-0.0029816211378768109
SENSITIVITY_1SIGMA_ENVELOPE,69,P,BIT4,8,8.0196833404520689,0.0024604175565086095
SENSITIVITY_1SIGMA_ENVELOPE,69,P,BIT3,4,3.9667259240876431,-0.0083185189780892177
SENSITIVITY_1SIGMA_ENVELOPE,69,P,BIT2,2,1.9594099241031628,-0.020295037948418582
SENSITIVITY_1SIGMA_ENVELOPE,69,P,BIT1,1,0.98815235380486288,-0.011847646195137118
SENSITIVITY_1SIGMA_ENVELOPE,69,P,DUMMY,1,1.0328728192968515,0.032872819296851485
SENSITIVITY_1SIGMA_ENVELOPE,69,N,BIT7,64,64.045702789076529,0.00071410607932076431
SENSITIVITY_1SIGMA_ENVELOPE,69,N,BIT6,32,31.981367537058368,-0.00058226446692599687
SENSITIVITY_1SIGMA_ENVELOPE,69,N,BIT5,16,16.118049239357664,0.0073780774598539711
SENSITIVITY_1SIGMA_ENVELOPE,69,N,BIT4,8,8.0076614008280913,0.00095767510351141283
SENSITIVITY_1SIGMA_ENVELOPE,69,N,BIT3,4,4.0363821873927943,0.0090955468481985768
SENSITIVITY_1SIGMA_ENVELOPE,69,N,BIT2,2,2.0026882475218821,0.0013441237609410628
SENSITIVITY_1SIGMA_ENVELOPE,69,N,BIT1,1,1.0519415849981995,0.051941584998199453
SENSITIVITY_1SIGMA_ENVELOPE,69,N,DUMMY,1,1.0200305491293085,0.020030549129308461
SENSITIVITY_1SIGMA_ENVELOPE,70,P,BIT7,64,64.143928209211424,0.0022488782689285003
SENSITIVITY_1SIGMA_ENVELOPE,70,P,BIT6,32,31.993425180458896,-0.0002054631106594984
SENSITIVITY_1SIGMA_ENVELOPE,70,P,BIT5,16,15.97296030081637,-0.0016899811989768976
SENSITIVITY_1SIGMA_ENVELOPE,70,P,BIT4,8,8.0739177746571258,0.0092397218321407237
SENSITIVITY_1SIGMA_ENVELOPE,70,P,BIT3,4,4.0201652108161197,0.0050413027040299152
SENSITIVITY_1SIGMA_ENVELOPE,70,P,BIT2,2,2.0389814050623869,0.019490702531193449
SENSITIVITY_1SIGMA_ENVELOPE,70,P,BIT1,1,1.0036728502859913,0.0036728502859912915
SENSITIVITY_1SIGMA_ENVELOPE,70,P,DUMMY,1,1.0373557017458266,0.037355701745826586
SENSITIVITY_1SIGMA_ENVELOPE,70,N,BIT7,64,64.152597931212568,0.0023843426751963825
SENSITIVITY_1SIGMA_ENVELOPE,70,N,BIT6,32,32.143784886332838,0.004493277697901199
SENSITIVITY_1SIGMA_ENVELOPE,70,N,BIT5,16,15.821614987877457,-0.011149063257658964
SENSITIVITY_1SIGMA_ENVELOPE,70,N,BIT4,8,8.2065148283472062,0.025814353543400781
SENSITIVITY_1SIGMA_ENVELOPE,70,N,BIT3,4,3.9401304897094032,-0.01496737757264921
SENSITIVITY_1SIGMA_ENVELOPE,70,N,BIT2,2,2.0009334771654497,0.00046673858272483493
SENSITIVITY_1SIGMA_ENVELOPE,70,N,BIT1,1,0.98645189916325726,-0.013548100836742738
SENSITIVITY_1SIGMA_ENVELOPE,70,N,DUMMY,1,1.0307895606723756,0.030789560672375593
SENSITIVITY_1SIGMA_ENVELOPE,71,P,BIT7,64,64.138076445095948,0.00215744445462418
SENSITIVITY_1SIGMA_ENVELOPE,71,P,BIT6,32,31.955272473152981,-0.0013977352139693533
SENSITIVITY_1SIGMA_ENVELOPE,71,P,BIT5,16,16.056879416941079,0.0035549635588174588
SENSITIVITY_1SIGMA_ENVELOPE,71,P,BIT4,8,8.0681573128397304,0.0085196641049662958
SENSITIVITY_1SIGMA_ENVELOPE,71,P,BIT3,4,4.0168929905594979,0.0042232476398744723
SENSITIVITY_1SIGMA_ENVELOPE,71,P,BIT2,2,1.9591479744796754,-0.020426012760162315
SENSITIVITY_1SIGMA_ENVELOPE,71,P,BIT1,1,0.996945241999452,-0.0030547580005479968
SENSITIVITY_1SIGMA_ENVELOPE,71,P,DUMMY,1,1.0068608828760128,0.0068608828760128304
SENSITIVITY_1SIGMA_ENVELOPE,71,N,BIT7,64,63.887495024540691,-0.0017578902415517073
SENSITIVITY_1SIGMA_ENVELOPE,71,N,BIT6,32,31.902553078768861,-0.003045216288473096
SENSITIVITY_1SIGMA_ENVELOPE,71,N,BIT5,16,16.020088475585887,0.0012555297241179098
SENSITIVITY_1SIGMA_ENVELOPE,71,N,BIT4,8,7.9318412188231076,-0.0085198476471115558
SENSITIVITY_1SIGMA_ENVELOPE,71,N,BIT3,4,4.0200771894992675,0.0050192973748168779
SENSITIVITY_1SIGMA_ENVELOPE,71,N,BIT2,2,1.9659230071737228,-0.017038496413138593
SENSITIVITY_1SIGMA_ENVELOPE,71,N,BIT1,1,0.99607994768615826,-0.0039200523138417376
SENSITIVITY_1SIGMA_ENVELOPE,71,N,DUMMY,1,1.0201814197777106,0.020181419777710596
SENSITIVITY_1SIGMA_ENVELOPE,72,P,BIT7,64,63.951843990858706,-0.00075243764283272618
SENSITIVITY_1SIGMA_ENVELOPE,72,P,BIT6,32,31.847416148716324,-0.004768245352614886
SENSITIVITY_1SIGMA_ENVELOPE,72,P,BIT5,16,15.969966560440387,-0.0018770899724758205
SENSITIVITY_1SIGMA_ENVELOPE,72,P,BIT4,8,7.9218185731764237,-0.0097726783529470396
SENSITIVITY_1SIGMA_ENVELOPE,72,P,BIT3,4,4.0513858359392785,0.01284645898481962
SENSITIVITY_1SIGMA_ENVELOPE,72,P,BIT2,2,2.031115450905415,0.015557725452707505
SENSITIVITY_1SIGMA_ENVELOPE,72,P,BIT1,1,0.98322675249438518,-0.016773247505614819
SENSITIVITY_1SIGMA_ENVELOPE,72,P,DUMMY,1,0.99537425114970557,-0.0046257488502944311
SENSITIVITY_1SIGMA_ENVELOPE,72,N,BIT7,64,64.149826021482198,0.0023410315856593478
SENSITIVITY_1SIGMA_ENVELOPE,72,N,BIT6,32,32.10000601934177,0.0031251881044302987
SENSITIVITY_1SIGMA_ENVELOPE,72,N,BIT5,16,15.847970419227218,-0.0095018487982988509
SENSITIVITY_1SIGMA_ENVELOPE,72,N,BIT4,8,8.0244204251464595,0.0030525531433074349
SENSITIVITY_1SIGMA_ENVELOPE,72,N,BIT3,4,3.9963370467020347,-0.00091573832449132198
SENSITIVITY_1SIGMA_ENVELOPE,72,N,BIT2,2,1.9233358808224676,-0.038332059588766176
SENSITIVITY_1SIGMA_ENVELOPE,72,N,BIT1,1,0.98929318461710292,-0.010706815382897084
SENSITIVITY_1SIGMA_ENVELOPE,72,N,DUMMY,1,1.0303115259379558,0.03031152593795583
SENSITIVITY_1SIGMA_ENVELOPE,73,P,BIT7,64,64.0459347551012,0.00071773054845625239
SENSITIVITY_1SIGMA_ENVELOPE,73,P,BIT6,32,31.965049035428549,-0.001092217642857829
SENSITIVITY_1SIGMA_ENVELOPE,73,P,BIT5,16,15.898715118283903,-0.0063303051072560734
SENSITIVITY_1SIGMA_ENVELOPE,73,P,BIT4,8,8.0092527194086109,0.0011565899260763679
SENSITIVITY_1SIGMA_ENVELOPE,73,P,BIT3,4,3.9109104160699788,-0.0222723959825053
SENSITIVITY_1SIGMA_ENVELOPE,73,P,BIT2,2,1.995902234944422,-0.0020488825277890088
SENSITIVITY_1SIGMA_ENVELOPE,73,P,BIT1,1,1.003597264363489,0.0035972643634889501
SENSITIVITY_1SIGMA_ENVELOPE,73,P,DUMMY,1,0.95664460294120335,-0.043355397058796652
SENSITIVITY_1SIGMA_ENVELOPE,73,N,BIT7,64,64.080327120135166,0.0012551112521119734
SENSITIVITY_1SIGMA_ENVELOPE,73,N,BIT6,32,32.120186079656207,0.0037558149892564785
SENSITIVITY_1SIGMA_ENVELOPE,73,N,BIT5,16,16.010179566878527,0.00063622292990794804
SENSITIVITY_1SIGMA_ENVELOPE,73,N,BIT4,8,8.0282655717407447,0.0035331964675930916
SENSITIVITY_1SIGMA_ENVELOPE,73,N,BIT3,4,4.0539805304487038,0.013495132612175942
SENSITIVITY_1SIGMA_ENVELOPE,73,N,BIT2,2,1.9814191513812842,-0.009290424309357892
SENSITIVITY_1SIGMA_ENVELOPE,73,N,BIT1,1,1.009964818152203,0.0099648181522029589
SENSITIVITY_1SIGMA_ENVELOPE,73,N,DUMMY,1,1.0363072484825611,0.036307248482561061
SENSITIVITY_1SIGMA_ENVELOPE,74,P,BIT7,64,64.146590215531262,0.0022904721176759679
SENSITIVITY_1SIGMA_ENVELOPE,74,P,BIT6,32,31.89704787114335,-0.0032172540267703109
SENSITIVITY_1SIGMA_ENVELOPE,74,P,BIT5,16,15.881441546707563,-0.0074099033307772899
SENSITIVITY_1SIGMA_ENVELOPE,74,P,BIT4,8,7.9618263851191751,-0.0047717018601031169
SENSITIVITY_1SIGMA_ENVELOPE,74,P,BIT3,4,3.976856327939486,-0.0057859180151285106
SENSITIVITY_1SIGMA_ENVELOPE,74,P,BIT2,2,2.0141554215270498,0.0070777107635249248
SENSITIVITY_1SIGMA_ENVELOPE,74,P,BIT1,1,1.012534710652286,0.012534710652285952
SENSITIVITY_1SIGMA_ENVELOPE,74,P,DUMMY,1,0.97200592981476075,-0.02799407018523925
SENSITIVITY_1SIGMA_ENVELOPE,74,N,BIT7,64,64.339828105319882,0.0053098141456231485
SENSITIVITY_1SIGMA_ENVELOPE,74,N,BIT6,32,31.890557475043469,-0.0034200789048915992
SENSITIVITY_1SIGMA_ENVELOPE,74,N,BIT5,16,15.946181232100162,-0.0033636729937398524
SENSITIVITY_1SIGMA_ENVELOPE,74,N,BIT4,8,8.0555260837813449,0.0069407604726681171
SENSITIVITY_1SIGMA_ENVELOPE,74,N,BIT3,4,3.9281103001917574,-0.017972424952060639
SENSITIVITY_1SIGMA_ENVELOPE,74,N,BIT2,2,1.9804947892473797,-0.009752605376310175
SENSITIVITY_1SIGMA_ENVELOPE,74,N,BIT1,1,0.98459327989443379,-0.015406720105566207
SENSITIVITY_1SIGMA_ENVELOPE,74,N,DUMMY,1,0.97320112655875057,-0.026798873441249427
SENSITIVITY_1SIGMA_ENVELOPE,75,P,BIT7,64,64.123437718619925,0.0019287143534363338
SENSITIVITY_1SIGMA_ENVELOPE,75,P,BIT6,32,31.876659143290926,-0.0038544017721585666
SENSITIVITY_1SIGMA_ENVELOPE,75,P,BIT5,16,15.964461149909194,-0.0022211781306753497
SENSITIVITY_1SIGMA_ENVELOPE,75,P,BIT4,8,8.1349231518029583,0.016865393975369791
SENSITIVITY_1SIGMA_ENVELOPE,75,P,BIT3,4,3.9975757563067926,-0.00060606092330184325
SENSITIVITY_1SIGMA_ENVELOPE,75,P,BIT2,2,2.026191913189459,0.013095956594729508
SENSITIVITY_1SIGMA_ENVELOPE,75,P,BIT1,1,1.0181539240556239,0.018153924055623882
SENSITIVITY_1SIGMA_ENVELOPE,75,P,DUMMY,1,1.0022096132153595,0.0022096132153595072
SENSITIVITY_1SIGMA_ENVELOPE,75,N,BIT7,64,63.782435611503352,-0.0033994435702601189
SENSITIVITY_1SIGMA_ENVELOPE,75,N,BIT6,32,31.980122106641996,-0.00062118416743761617
SENSITIVITY_1SIGMA_ENVELOPE,75,N,BIT5,16,15.940158072371762,-0.0037401204767648633
SENSITIVITY_1SIGMA_ENVELOPE,75,N,BIT4,8,8.088538797064313,0.011067349633039125
SENSITIVITY_1SIGMA_ENVELOPE,75,N,BIT3,4,4.0213059996434977,0.005326499910874416
SENSITIVITY_1SIGMA_ENVELOPE,75,N,BIT2,2,2.0000573157446793,2.8657872339632462e-05
SENSITIVITY_1SIGMA_ENVELOPE,75,N,BIT1,1,1.0375639250837732,0.037563925083773153
SENSITIVITY_1SIGMA_ENVELOPE,75,N,DUMMY,1,0.96210661577796153,-0.037893384222038473
SENSITIVITY_1SIGMA_ENVELOPE,76,P,BIT7,64,63.63077359814303,-0.0057691625290151594
SENSITIVITY_1SIGMA_ENVELOPE,76,P,BIT6,32,32.062716435809833,0.0019598886190572706
SENSITIVITY_1SIGMA_ENVELOPE,76,P,BIT5,16,15.957813560748455,-0.002636652453221533
SENSITIVITY_1SIGMA_ENVELOPE,76,P,BIT4,8,7.8840309185200681,-0.014496135184991488
SENSITIVITY_1SIGMA_ENVELOPE,76,P,BIT3,4,4.0048527514546572,0.0012131878636643112
SENSITIVITY_1SIGMA_ENVELOPE,76,P,BIT2,2,1.9928739464308565,-0.0035630267845717656
SENSITIVITY_1SIGMA_ENVELOPE,76,P,BIT1,1,1.024291985071893,0.024291985071893007
SENSITIVITY_1SIGMA_ENVELOPE,76,P,DUMMY,1,0.99091116981193861,-0.009088830188061392
SENSITIVITY_1SIGMA_ENVELOPE,76,N,BIT7,64,63.751449951704139,-0.0038835945046228337
SENSITIVITY_1SIGMA_ENVELOPE,76,N,BIT6,32,32.110762234692238,0.003461319834132448
SENSITIVITY_1SIGMA_ENVELOPE,76,N,BIT5,16,16.061266358732091,0.0038291474207556853
SENSITIVITY_1SIGMA_ENVELOPE,76,N,BIT4,8,7.9608499473824779,-0.0048937565771902669
SENSITIVITY_1SIGMA_ENVELOPE,76,N,BIT3,4,3.9785547820536893,-0.0053613044865776782
SENSITIVITY_1SIGMA_ENVELOPE,76,N,BIT2,2,2.0041124886903185,0.0020562443451592749
SENSITIVITY_1SIGMA_ENVELOPE,76,N,BIT1,1,1.0210954841055999,0.021095484105599915
SENSITIVITY_1SIGMA_ENVELOPE,76,N,DUMMY,1,1.0152777879812385,0.015277787981238466
SENSITIVITY_1SIGMA_ENVELOPE,77,P,BIT7,64,64.088674390978554,0.0013855373590399012
SENSITIVITY_1SIGMA_ENVELOPE,77,P,BIT6,32,32.130404803413576,0.0040751501066742524
SENSITIVITY_1SIGMA_ENVELOPE,77,P,BIT5,16,16.001511190827834,9.4449426739640074e-05
SENSITIVITY_1SIGMA_ENVELOPE,77,P,BIT4,8,8.0443431343576215,0.0055428917947026868
SENSITIVITY_1SIGMA_ENVELOPE,77,P,BIT3,4,3.9566176299962699,-0.010845592500932533
SENSITIVITY_1SIGMA_ENVELOPE,77,P,BIT2,2,2.0116989529236511,0.0058494764618255424
SENSITIVITY_1SIGMA_ENVELOPE,77,P,BIT1,1,1.005497769712099,0.0054977697120990321
SENSITIVITY_1SIGMA_ENVELOPE,77,P,DUMMY,1,0.97358219028981963,-0.026417809710180373
SENSITIVITY_1SIGMA_ENVELOPE,77,N,BIT7,64,63.739264068085852,-0.0040739989361585627
SENSITIVITY_1SIGMA_ENVELOPE,77,N,BIT6,32,32.177314877009707,0.0055410899065533314
SENSITIVITY_1SIGMA_ENVELOPE,77,N,BIT5,16,15.878746937904729,-0.0075783163809544085
SENSITIVITY_1SIGMA_ENVELOPE,77,N,BIT4,8,8.0197386004790694,0.0024673250598836738
SENSITIVITY_1SIGMA_ENVELOPE,77,N,BIT3,4,4.030827900258573,0.00770697506464324
SENSITIVITY_1SIGMA_ENVELOPE,77,N,BIT2,2,2.0213448270639853,0.010672413531992664
SENSITIVITY_1SIGMA_ENVELOPE,77,N,BIT1,1,1.0310454122838528,0.031045412283852825
SENSITIVITY_1SIGMA_ENVELOPE,77,N,DUMMY,1,1.0146586245370255,0.014658624537025489
SENSITIVITY_1SIGMA_ENVELOPE,78,P,BIT7,64,63.991498154264733,-0.00013284133961355415
SENSITIVITY_1SIGMA_ENVELOPE,78,P,BIT6,32,31.995085651066162,-0.00015357340418242771
SENSITIVITY_1SIGMA_ENVELOPE,78,P,BIT5,16,16.124243028560823,0.0077651892850514326
SENSITIVITY_1SIGMA_ENVELOPE,78,P,BIT4,8,7.8907689832742438,-0.013653877090719524
SENSITIVITY_1SIGMA_ENVELOPE,78,P,BIT3,4,3.9957119401970496,-0.0010720149507376098
SENSITIVITY_1SIGMA_ENVELOPE,78,P,BIT2,2,2.0303168765608746,0.015158438280437281
SENSITIVITY_1SIGMA_ENVELOPE,78,P,BIT1,1,1.0001887271747858,0.00018872717478579659
SENSITIVITY_1SIGMA_ENVELOPE,78,P,DUMMY,1,0.96462556146850076,-0.035374438531499242
SENSITIVITY_1SIGMA_ENVELOPE,78,N,BIT7,64,63.840282749650925,-0.0024955820367043025
SENSITIVITY_1SIGMA_ENVELOPE,78,N,BIT6,32,32.011115738158161,0.00034736681744251818
SENSITIVITY_1SIGMA_ENVELOPE,78,N,BIT5,16,16.000455278385125,2.8454899070329276e-05
SENSITIVITY_1SIGMA_ENVELOPE,78,N,BIT4,8,7.9358208149571752,-0.0080223981303531033
SENSITIVITY_1SIGMA_ENVELOPE,78,N,BIT3,4,3.9055681497207595,-0.023607962569810126
SENSITIVITY_1SIGMA_ENVELOPE,78,N,BIT2,2,1.9939020397186589,-0.0030489801406705652
SENSITIVITY_1SIGMA_ENVELOPE,78,N,BIT1,1,1.0000020548466433,2.0548466432845913e-06
SENSITIVITY_1SIGMA_ENVELOPE,78,N,DUMMY,1,0.99196821039780414,-0.0080317896021958601
SENSITIVITY_1SIGMA_ENVELOPE,79,P,BIT7,64,64.055672817634886,0.00086988777554508623
SENSITIVITY_1SIGMA_ENVELOPE,79,P,BIT6,32,32.004603486304006,0.00014385894700019719
SENSITIVITY_1SIGMA_ENVELOPE,79,P,BIT5,16,16.039507339029708,0.0024692086893567389
SENSITIVITY_1SIGMA_ENVELOPE,79,P,BIT4,8,7.9034177878308913,-0.012072776521138584
SENSITIVITY_1SIGMA_ENVELOPE,79,P,BIT3,4,4.0033517407168775,0.00083793517921937344
SENSITIVITY_1SIGMA_ENVELOPE,79,P,BIT2,2,1.9973177731675635,-0.0013411134162182314
SENSITIVITY_1SIGMA_ENVELOPE,79,P,BIT1,1,0.97900446118766993,-0.020995538812330072
SENSITIVITY_1SIGMA_ENVELOPE,79,P,DUMMY,1,1.0114689743120673,0.011468974312067282
SENSITIVITY_1SIGMA_ENVELOPE,79,N,BIT7,64,64.018054998705225,0.00028210935476913335
SENSITIVITY_1SIGMA_ENVELOPE,79,N,BIT6,32,32.151625524259345,0.0047382976331045157
SENSITIVITY_1SIGMA_ENVELOPE,79,N,BIT5,16,16.106102230232572,0.0066313893895357801
SENSITIVITY_1SIGMA_ENVELOPE,79,N,BIT4,8,7.9936861586896413,-0.00078923016379484068
SENSITIVITY_1SIGMA_ENVELOPE,79,N,BIT3,4,4.0641623575891952,0.016040589397298799
SENSITIVITY_1SIGMA_ENVELOPE,79,N,BIT2,2,1.9900249003466688,-0.0049875498266656049
SENSITIVITY_1SIGMA_ENVELOPE,79,N,BIT1,1,1.0150915922961332,0.015091592296133216
SENSITIVITY_1SIGMA_ENVELOPE,79,N,DUMMY,1,0.96170248489665699,-0.038297515103343005
SENSITIVITY_1SIGMA_ENVELOPE,80,P,BIT7,64,64.053204544880629,0.00083132101375982259
SENSITIVITY_1SIGMA_ENVELOPE,80,P,BIT6,32,32.045255394345617,0.0014142310733005203
SENSITIVITY_1SIGMA_ENVELOPE,80,P,BIT5,16,16.148559042288561,0.0092849401430350476
SENSITIVITY_1SIGMA_ENVELOPE,80,P,BIT4,8,8.046579403196084,0.0058224253995105002
SENSITIVITY_1SIGMA_ENVELOPE,80,P,BIT3,4,3.9647284131422817,-0.0088178967144295628
SENSITIVITY_1SIGMA_ENVELOPE,80,P,BIT2,2,1.9626783716065952,-0.018660814196702402
SENSITIVITY_1SIGMA_ENVELOPE,80,P,BIT1,1,1.0325946757066702,0.032594675706670184
SENSITIVITY_1SIGMA_ENVELOPE,80,P,DUMMY,1,0.96703500836567524,-0.032964991634324758
SENSITIVITY_1SIGMA_ENVELOPE,80,N,BIT7,64,64.11347978697296,0.0017731216714524933
SENSITIVITY_1SIGMA_ENVELOPE,80,N,BIT6,32,31.965357540787878,-0.0010825768503788247
SENSITIVITY_1SIGMA_ENVELOPE,80,N,BIT5,16,16.036069491895283,0.0022543432434551924
SENSITIVITY_1SIGMA_ENVELOPE,80,N,BIT4,8,8.0081715251040748,0.0010214406380093521
SENSITIVITY_1SIGMA_ENVELOPE,80,N,BIT3,4,4.0068425244437194,0.0017106311109298389
SENSITIVITY_1SIGMA_ENVELOPE,80,N,BIT2,2,2.0428953462073087,0.021447673103654363
SENSITIVITY_1SIGMA_ENVELOPE,80,N,BIT1,1,1.037826973532286,0.037826973532286035
SENSITIVITY_1SIGMA_ENVELOPE,80,N,DUMMY,1,1.0059246249541225,0.0059246249541224927
SENSITIVITY_1SIGMA_ENVELOPE,81,P,BIT7,64,63.833958723033206,-0.0025943949526061605
SENSITIVITY_1SIGMA_ENVELOPE,81,P,BIT6,32,32.305950366619669,0.0095609489568646566
SENSITIVITY_1SIGMA_ENVELOPE,81,P,BIT5,16,15.891824246546953,-0.006760984590815422
SENSITIVITY_1SIGMA_ENVELOPE,81,P,BIT4,8,7.9901546467721563,-0.0012306691534804681
SENSITIVITY_1SIGMA_ENVELOPE,81,P,BIT3,4,3.988801877388422,-0.0027995306528945108
SENSITIVITY_1SIGMA_ENVELOPE,81,P,BIT2,2,2.0054975613548804,0.0027487806774402213
SENSITIVITY_1SIGMA_ENVELOPE,81,P,BIT1,1,1.0233886722021206,0.023388672202120597
SENSITIVITY_1SIGMA_ENVELOPE,81,P,DUMMY,1,1.0281722277665408,0.028172227766540825
SENSITIVITY_1SIGMA_ENVELOPE,81,N,BIT7,64,63.777059284661597,-0.0034834486771625484
SENSITIVITY_1SIGMA_ENVELOPE,81,N,BIT6,32,32.032139648703719,0.001004364021991222
SENSITIVITY_1SIGMA_ENVELOPE,81,N,BIT5,16,16.033918852479175,0.0021199282799484465
SENSITIVITY_1SIGMA_ENVELOPE,81,N,BIT4,8,7.965654338301551,-0.0042932077123061241
SENSITIVITY_1SIGMA_ENVELOPE,81,N,BIT3,4,4.0473609156230861,0.011840228905771522
SENSITIVITY_1SIGMA_ENVELOPE,81,N,BIT2,2,2.0304537931242459,0.015226896562122949
SENSITIVITY_1SIGMA_ENVELOPE,81,N,BIT1,1,1.0469120439117769,0.046912043911776946
SENSITIVITY_1SIGMA_ENVELOPE,81,N,DUMMY,1,0.99214825155131225,-0.0078517484486877454
SENSITIVITY_1SIGMA_ENVELOPE,82,P,BIT7,64,63.909673544010751,-0.001411350874832018
SENSITIVITY_1SIGMA_ENVELOPE,82,P,BIT6,32,32.147664492143036,0.0046145153794698857
SENSITIVITY_1SIGMA_ENVELOPE,82,P,BIT5,16,15.972661924261432,-0.0017086297336604828
SENSITIVITY_1SIGMA_ENVELOPE,82,P,BIT4,8,8.0086475900960714,0.0010809487620089264
SENSITIVITY_1SIGMA_ENVELOPE,82,P,BIT3,4,3.971622250099835,-0.0070944374750412376
SENSITIVITY_1SIGMA_ENVELOPE,82,P,BIT2,2,2.0146317975398538,0.0073158987699268874
SENSITIVITY_1SIGMA_ENVELOPE,82,P,BIT1,1,0.98747973343824924,-0.012520266561750759
SENSITIVITY_1SIGMA_ENVELOPE,82,P,DUMMY,1,1.0286576984851077,0.028657698485107685
SENSITIVITY_1SIGMA_ENVELOPE,82,N,BIT7,64,64.01179014168207,0.00018422096378234443
SENSITIVITY_1SIGMA_ENVELOPE,82,N,BIT6,32,32.003047358929877,9.5229966558640911e-05
SENSITIVITY_1SIGMA_ENVELOPE,82,N,BIT5,16,15.883059341417255,-0.0073087911614215795
SENSITIVITY_1SIGMA_ENVELOPE,82,N,BIT4,8,8.0379666643390983,0.004745833042387293
SENSITIVITY_1SIGMA_ENVELOPE,82,N,BIT3,4,3.9688577654811645,-0.0077855586297088664
SENSITIVITY_1SIGMA_ENVELOPE,82,N,BIT2,2,2.0154720034447404,0.0077360017223702116
SENSITIVITY_1SIGMA_ENVELOPE,82,N,BIT1,1,0.99426330300760246,-0.0057366969923975386
SENSITIVITY_1SIGMA_ENVELOPE,82,N,DUMMY,1,0.97534589347999856,-0.02465410652000144
SENSITIVITY_1SIGMA_ENVELOPE,83,P,BIT7,64,64.059033773548776,0.0009224027116996325
SENSITIVITY_1SIGMA_ENVELOPE,83,P,BIT6,32,31.953632869121087,-0.001448972839966034
SENSITIVITY_1SIGMA_ENVELOPE,83,P,BIT5,16,16.054065267959015,0.0033790792474384101
SENSITIVITY_1SIGMA_ENVELOPE,83,P,BIT4,8,8.0393298745762127,0.0049162343220265914
SENSITIVITY_1SIGMA_ENVELOPE,83,P,BIT3,4,3.9929821857187138,-0.0017544535703215569
SENSITIVITY_1SIGMA_ENVELOPE,83,P,BIT2,2,1.9714144357955927,-0.014292782102203638
SENSITIVITY_1SIGMA_ENVELOPE,83,P,BIT1,1,1.0341475294575242,0.034147529457524195
SENSITIVITY_1SIGMA_ENVELOPE,83,P,DUMMY,1,0.95420107171466628,-0.045798928285333718
SENSITIVITY_1SIGMA_ENVELOPE,83,N,BIT7,64,63.91880100613195,-0.0012687342791882772
SENSITIVITY_1SIGMA_ENVELOPE,83,N,BIT6,32,31.756345916455285,-0.0076141901107723564
SENSITIVITY_1SIGMA_ENVELOPE,83,N,BIT5,16,16.044714970482744,0.0027946856551714916
SENSITIVITY_1SIGMA_ENVELOPE,83,N,BIT4,8,7.9283052224585484,-0.0089618471926814491
SENSITIVITY_1SIGMA_ENVELOPE,83,N,BIT3,4,4.0104996950598739,0.0026249237649684787
SENSITIVITY_1SIGMA_ENVELOPE,83,N,BIT2,2,1.9748092704239044,-0.012595364788047791
SENSITIVITY_1SIGMA_ENVELOPE,83,N,BIT1,1,0.95445005047750553,-0.045549949522494471
SENSITIVITY_1SIGMA_ENVELOPE,83,N,DUMMY,1,1.0517688361814239,0.051768836181423916
SENSITIVITY_1SIGMA_ENVELOPE,84,P,BIT7,64,64.283147765969687,0.0044241838432763636
SENSITIVITY_1SIGMA_ENVELOPE,84,P,BIT6,32,31.487669932359807,-0.016010314613756016
SENSITIVITY_1SIGMA_ENVELOPE,84,P,BIT5,16,15.985483661239018,-0.00090727117256139689
SENSITIVITY_1SIGMA_ENVELOPE,84,P,BIT4,8,7.9679413504229633,-0.0040073311971295933
SENSITIVITY_1SIGMA_ENVELOPE,84,P,BIT3,4,4.006617170092639,0.0016542925231597394
SENSITIVITY_1SIGMA_ENVELOPE,84,P,BIT2,2,2.0081244450955955,0.0040622225477977558
SENSITIVITY_1SIGMA_ENVELOPE,84,P,BIT1,1,0.98152951057399174,-0.018470489426008263
SENSITIVITY_1SIGMA_ENVELOPE,84,P,DUMMY,1,0.96966880475741035,-0.030331195242589648
SENSITIVITY_1SIGMA_ENVELOPE,84,N,BIT7,64,64.023240370425,0.00036313078789063091
SENSITIVITY_1SIGMA_ENVELOPE,84,N,BIT6,32,31.883809186752387,-0.0036309629139879007
SENSITIVITY_1SIGMA_ENVELOPE,84,N,BIT5,16,15.995624790409193,-0.00027345059942540662
SENSITIVITY_1SIGMA_ENVELOPE,84,N,BIT4,8,8.0170739953231642,0.0021342494153955283
SENSITIVITY_1SIGMA_ENVELOPE,84,N,BIT3,4,3.9637639110901124,-0.0090590222274719023
SENSITIVITY_1SIGMA_ENVELOPE,84,N,BIT2,2,2.0025186465924336,0.0012593232962168077
SENSITIVITY_1SIGMA_ENVELOPE,84,N,BIT1,1,0.97678575686419988,-0.023214243135800117
SENSITIVITY_1SIGMA_ENVELOPE,84,N,DUMMY,1,1.0020486793154719,0.0020486793154719241
SENSITIVITY_1SIGMA_ENVELOPE,85,P,BIT7,64,63.677490516345436,-0.0050392106821025573
SENSITIVITY_1SIGMA_ENVELOPE,85,P,BIT6,32,32.026376365438352,0.00082426141994851321
SENSITIVITY_1SIGMA_ENVELOPE,85,P,BIT5,16,15.935578166866158,-0.0040263645708651374
SENSITIVITY_1SIGMA_ENVELOPE,85,P,BIT4,8,8.0867536776521582,0.010844209706519781
SENSITIVITY_1SIGMA_ENVELOPE,85,P,BIT3,4,4.0233471911903811,0.0058367977975952723
SENSITIVITY_1SIGMA_ENVELOPE,85,P,BIT2,2,2.0182326859571376,0.0091163429785687811
SENSITIVITY_1SIGMA_ENVELOPE,85,P,BIT1,1,0.99056138370261848,-0.0094386162973815191
SENSITIVITY_1SIGMA_ENVELOPE,85,P,DUMMY,1,0.9898933296694632,-0.010106670330536804
SENSITIVITY_1SIGMA_ENVELOPE,85,N,BIT7,64,64.103026154368592,0.0016097836620092565
SENSITIVITY_1SIGMA_ENVELOPE,85,N,BIT6,32,32.079816771502621,0.0024942741094569065
SENSITIVITY_1SIGMA_ENVELOPE,85,N,BIT5,16,16.138694301307012,0.0086683938316882703
SENSITIVITY_1SIGMA_ENVELOPE,85,N,BIT4,8,7.9292635358943393,-0.0088420580132075877
SENSITIVITY_1SIGMA_ENVELOPE,85,N,BIT3,4,4.0024202244537204,0.00060505611343009136
SENSITIVITY_1SIGMA_ENVELOPE,85,N,BIT2,2,2.0370237428429281,0.018511871421464043
SENSITIVITY_1SIGMA_ENVELOPE,85,N,BIT1,1,1.0050979719267623,0.0050979719267623125
SENSITIVITY_1SIGMA_ENVELOPE,85,N,DUMMY,1,0.99963097415798507,-0.00036902584201492505
SENSITIVITY_1SIGMA_ENVELOPE,86,P,BIT7,64,63.953283114998555,-0.00072995132814757113
SENSITIVITY_1SIGMA_ENVELOPE,86,P,BIT6,32,31.86305232252074,-0.0042796149212268597
SENSITIVITY_1SIGMA_ENVELOPE,86,P,BIT5,16,15.91793367925623,-0.0051291450464856503
SENSITIVITY_1SIGMA_ENVELOPE,86,P,BIT4,8,8.0717989724767047,0.0089748715595880935
SENSITIVITY_1SIGMA_ENVELOPE,86,P,BIT3,4,4.043468519112329,0.010867129778082241
SENSITIVITY_1SIGMA_ENVELOPE,86,P,BIT2,2,2.0178628381394832,0.0089314190697415974
SENSITIVITY_1SIGMA_ENVELOPE,86,P,BIT1,1,1.004361549688322,0.0043615496883220306
SENSITIVITY_1SIGMA_ENVELOPE,86,P,DUMMY,1,1.0539287179869106,0.053928717986910568
SENSITIVITY_1SIGMA_ENVELOPE,86,N,BIT7,64,64.038570614966218,0.00060266585884716228
SENSITIVITY_1SIGMA_ENVELOPE,86,N,BIT6,32,32.146755675190704,0.0045861148497094995
SENSITIVITY_1SIGMA_ENVELOPE,86,N,BIT5,16,16.214587430216795,0.013411714388549711
SENSITIVITY_1SIGMA_ENVELOPE,86,N,BIT4,8,8.0121446483877499,0.0015180810484687335
SENSITIVITY_1SIGMA_ENVELOPE,86,N,BIT3,4,4.0240775151149153,0.0060193787787288233
SENSITIVITY_1SIGMA_ENVELOPE,86,N,BIT2,2,2.0483988398076658,0.024199419903832897
SENSITIVITY_1SIGMA_ENVELOPE,86,N,BIT1,1,1.0261219762431848,0.026121976243184797
SENSITIVITY_1SIGMA_ENVELOPE,86,N,DUMMY,1,0.9492698202225277,-0.050730179777472295
SENSITIVITY_1SIGMA_ENVELOPE,87,P,BIT7,64,63.87889392270808,-0.0018922824576862451
SENSITIVITY_1SIGMA_ENVELOPE,87,P,BIT6,32,31.886089606081651,-0.0035596998099484134
SENSITIVITY_1SIGMA_ENVELOPE,87,P,BIT5,16,16.027629098351063,0.0017268186469414637
SENSITIVITY_1SIGMA_ENVELOPE,87,P,BIT4,8,7.9510096945400441,-0.0061237881824944829
SENSITIVITY_1SIGMA_ENVELOPE,87,P,BIT3,4,4.0111514336628451,0.0027878584157112751
SENSITIVITY_1SIGMA_ENVELOPE,87,P,BIT2,2,2.0151117218831356,0.0075558609415677935
SENSITIVITY_1SIGMA_ENVELOPE,87,P,BIT1,1,0.94727335302870719,-0.052726646971292812
SENSITIVITY_1SIGMA_ENVELOPE,87,P,DUMMY,1,0.9708999814780106,-0.029100018521989401
SENSITIVITY_1SIGMA_ENVELOPE,87,N,BIT7,64,63.816243774767997,-0.0028711910192500412
SENSITIVITY_1SIGMA_ENVELOPE,87,N,BIT6,32,31.882651545702451,-0.0036671391967983968
SENSITIVITY_1SIGMA_ENVELOPE,87,N,BIT5,16,16.027988372249851,0.0017492732656156917
SENSITIVITY_1SIGMA_ENVELOPE,87,N,BIT4,8,8.0574201245436523,0.0071775155679565383
SENSITIVITY_1SIGMA_ENVELOPE,87,N,BIT3,4,4.0876175242659825,0.021904381066495615
SENSITIVITY_1SIGMA_ENVELOPE,87,N,BIT2,2,1.9530953633264865,-0.023452318336756761
SENSITIVITY_1SIGMA_ENVELOPE,87,N,BIT1,1,1.0201146393251244,0.020114639325124362
SENSITIVITY_1SIGMA_ENVELOPE,87,N,DUMMY,1,0.99635363028972534,-0.0036463697102746551
SENSITIVITY_1SIGMA_ENVELOPE,88,P,BIT7,64,64.048776460064403,0.00076213218850629261
SENSITIVITY_1SIGMA_ENVELOPE,88,P,BIT6,32,31.817323642572006,-0.0057086361696248034
SENSITIVITY_1SIGMA_ENVELOPE,88,P,BIT5,16,16.109864929334794,0.0068665580834246231
SENSITIVITY_1SIGMA_ENVELOPE,88,P,BIT4,8,7.9703719374378972,-0.0037035078202628524
SENSITIVITY_1SIGMA_ENVELOPE,88,P,BIT3,4,3.9771793994890192,-0.0057051501277451955
SENSITIVITY_1SIGMA_ENVELOPE,88,P,BIT2,2,1.9958643435844163,-0.0020678282077918331
SENSITIVITY_1SIGMA_ENVELOPE,88,P,BIT1,1,1.0118595500521474,0.01185955005214745
SENSITIVITY_1SIGMA_ENVELOPE,88,P,DUMMY,1,1.0642378513792865,0.064237851379286504
SENSITIVITY_1SIGMA_ENVELOPE,88,N,BIT7,64,63.881486318626457,-0.0018517762714616026
SENSITIVITY_1SIGMA_ENVELOPE,88,N,BIT6,32,31.910911699786773,-0.0027840093816633438
SENSITIVITY_1SIGMA_ENVELOPE,88,N,BIT5,16,15.974609205398639,-0.001586924662585032
SENSITIVITY_1SIGMA_ENVELOPE,88,N,BIT4,8,7.9897144231283761,-0.0012856971089529878
SENSITIVITY_1SIGMA_ENVELOPE,88,N,BIT3,4,4.0473226096099211,0.011830652402480268
SENSITIVITY_1SIGMA_ENVELOPE,88,N,BIT2,2,1.9754151895232801,-0.012292405238359949
SENSITIVITY_1SIGMA_ENVELOPE,88,N,BIT1,1,0.9877408545521501,-0.012259145447849895
SENSITIVITY_1SIGMA_ENVELOPE,88,N,DUMMY,1,0.98833025157460341,-0.011669748425396587
SENSITIVITY_1SIGMA_ENVELOPE,89,P,BIT7,64,64.057646842116682,0.00090073190807316017
SENSITIVITY_1SIGMA_ENVELOPE,89,P,BIT6,32,31.974889771247916,-0.00078469464850261517
SENSITIVITY_1SIGMA_ENVELOPE,89,P,BIT5,16,16.006690780288164,0.00041817376801023265
SENSITIVITY_1SIGMA_ENVELOPE,89,P,BIT4,8,7.9863202659634638,-0.0017099667545670272
SENSITIVITY_1SIGMA_ENVELOPE,89,P,BIT3,4,4.0692567168881855,0.017314179222046366
SENSITIVITY_1SIGMA_ENVELOPE,89,P,BIT2,2,1.9910040834398151,-0.0044979582800924733
SENSITIVITY_1SIGMA_ENVELOPE,89,P,BIT1,1,0.97929751936067511,-0.020702480639324894
SENSITIVITY_1SIGMA_ENVELOPE,89,P,DUMMY,1,0.99457947004209402,-0.005420529957905984
SENSITIVITY_1SIGMA_ENVELOPE,89,N,BIT7,64,63.904526696646606,-0.0014917703648967828
SENSITIVITY_1SIGMA_ENVELOPE,89,N,BIT6,32,31.731959731715762,-0.0083762583838824511
SENSITIVITY_1SIGMA_ENVELOPE,89,N,BIT5,16,15.945083835155897,-0.0034322603027564513
SENSITIVITY_1SIGMA_ENVELOPE,89,N,BIT4,8,7.984097368706168,-0.0019878289117289949
SENSITIVITY_1SIGMA_ENVELOPE,89,N,BIT3,4,4.03988877448558,0.0099721936213950091
SENSITIVITY_1SIGMA_ENVELOPE,89,N,BIT2,2,1.9676077237537559,-0.016196138123122039
SENSITIVITY_1SIGMA_ENVELOPE,89,N,BIT1,1,1.0018862726201792,0.0018862726201791524
SENSITIVITY_1SIGMA_ENVELOPE,89,N,DUMMY,1,1.0476055681897496,0.047605568189749592
SENSITIVITY_1SIGMA_ENVELOPE,90,P,BIT7,64,64.067938013263657,0.0010615314572446355
SENSITIVITY_1SIGMA_ENVELOPE,90,P,BIT6,32,32.042492658026013,0.0013278955633129197
SENSITIVITY_1SIGMA_ENVELOPE,90,P,BIT5,16,16.003402266881103,0.000212641680068959
SENSITIVITY_1SIGMA_ENVELOPE,90,P,BIT4,8,7.9499509789396825,-0.0062561276325396875
SENSITIVITY_1SIGMA_ENVELOPE,90,P,BIT3,4,4.0088647501023598,0.002216187525589941
SENSITIVITY_1SIGMA_ENVELOPE,90,P,BIT2,2,2.0275668667393458,0.013783433369672915
SENSITIVITY_1SIGMA_ENVELOPE,90,P,BIT1,1,0.98792456242729909,-0.012075437572700909
SENSITIVITY_1SIGMA_ENVELOPE,90,P,DUMMY,1,1.0230984869317363,0.023098486931736328
SENSITIVITY_1SIGMA_ENVELOPE,90,N,BIT7,64,63.532991031530614,-0.0072970151323341614
SENSITIVITY_1SIGMA_ENVELOPE,90,N,BIT6,32,31.991328061913226,-0.00027099806521169167
SENSITIVITY_1SIGMA_ENVELOPE,90,N,BIT5,16,16.120501470036764,0.0075313418772977592
SENSITIVITY_1SIGMA_ENVELOPE,90,N,BIT4,8,7.9256899839224459,-0.0092887520096942566
SENSITIVITY_1SIGMA_ENVELOPE,90,N,BIT3,4,4.0904769818292301,0.022619245457307535
SENSITIVITY_1SIGMA_ENVELOPE,90,N,BIT2,2,2.0295749572242885,0.014787478612144245
SENSITIVITY_1SIGMA_ENVELOPE,90,N,BIT1,1,0.9808990011607136,-0.019100998839286398
SENSITIVITY_1SIGMA_ENVELOPE,90,N,DUMMY,1,1.0056032698503952,0.005603269850395165
SENSITIVITY_1SIGMA_ENVELOPE,91,P,BIT7,64,63.844604014549468,-0.0024280622726645662
SENSITIVITY_1SIGMA_ENVELOPE,91,P,BIT6,32,31.923646732205537,-0.0023860396185769739
SENSITIVITY_1SIGMA_ENVELOPE,91,P,BIT5,16,16.238005769885383,0.014875360617836453
SENSITIVITY_1SIGMA_ENVELOPE,91,P,BIT4,8,7.9311681911547147,-0.0086039761056606601
SENSITIVITY_1SIGMA_ENVELOPE,91,P,BIT3,4,4.0064882067956304,0.0016220516989076117
SENSITIVITY_1SIGMA_ENVELOPE,91,P,BIT2,2,2.0146552311469099,0.0073276155734549597
SENSITIVITY_1SIGMA_ENVELOPE,91,P,BIT1,1,0.96663865647821567,-0.033361343521784326
SENSITIVITY_1SIGMA_ENVELOPE,91,P,DUMMY,1,0.98495750687123917,-0.015042493128760825
SENSITIVITY_1SIGMA_ENVELOPE,91,N,BIT7,64,64.119287699104873,0.0018638702985136479
SENSITIVITY_1SIGMA_ENVELOPE,91,N,BIT6,32,32.115921331462658,0.0036225416082080741
SENSITIVITY_1SIGMA_ENVELOPE,91,N,BIT5,16,15.88258628203579,-0.0073383573727631157
SENSITIVITY_1SIGMA_ENVELOPE,91,N,BIT4,8,7.9510636032632753,-0.0061170495920905843
SENSITIVITY_1SIGMA_ENVELOPE,91,N,BIT3,4,3.9807940220690314,-0.0048014944827421413
SENSITIVITY_1SIGMA_ENVELOPE,91,N,BIT2,2,1.9356624297884126,-0.032168785105793685
SENSITIVITY_1SIGMA_ENVELOPE,91,N,BIT1,1,1.0117692801978453,0.011769280197845289
SENSITIVITY_1SIGMA_ENVELOPE,91,N,DUMMY,1,0.97252786073268671,-0.027472139267313289
SENSITIVITY_1SIGMA_ENVELOPE,92,P,BIT7,64,64.14635598488087,0.0022868122637635935
SENSITIVITY_1SIGMA_ENVELOPE,92,P,BIT6,32,31.939880766031376,-0.0018787260615195089
SENSITIVITY_1SIGMA_ENVELOPE,92,P,BIT5,16,16.013799804204314,0.00086248776276964811
SENSITIVITY_1SIGMA_ENVELOPE,92,P,BIT4,8,7.9918060645070454,-0.0010242419366193189
SENSITIVITY_1SIGMA_ENVELOPE,92,P,BIT3,4,3.9541742328137768,-0.011456441796555805
SENSITIVITY_1SIGMA_ENVELOPE,92,P,BIT2,2,2.0389386891547674,0.019469344577383696
SENSITIVITY_1SIGMA_ENVELOPE,92,P,BIT1,1,1.0207316512637097,0.020731651263709683
SENSITIVITY_1SIGMA_ENVELOPE,92,P,DUMMY,1,1.0236539575008994,0.023653957500899381
SENSITIVITY_1SIGMA_ENVELOPE,92,N,BIT7,64,64.040540733903057,0.00063344896723527278
SENSITIVITY_1SIGMA_ENVELOPE,92,N,BIT6,32,31.777078171802103,-0.0069663071311842906
SENSITIVITY_1SIGMA_ENVELOPE,92,N,BIT5,16,16.027681516702064,0.0017300947938789779
SENSITIVITY_1SIGMA_ENVELOPE,92,N,BIT4,8,8.0383056273987741,0.0047882034248467598
SENSITIVITY_1SIGMA_ENVELOPE,92,N,BIT3,4,3.9717050394782913,-0.0070737401304271641
SENSITIVITY_1SIGMA_ENVELOPE,92,N,BIT2,2,2.0158858129161872,0.0079429064580935904
SENSITIVITY_1SIGMA_ENVELOPE,92,N,BIT1,1,1.0074923274547347,0.0074923274547347152
SENSITIVITY_1SIGMA_ENVELOPE,92,N,DUMMY,1,1.0191295610772364,0.019129561077236401
SENSITIVITY_1SIGMA_ENVELOPE,93,P,BIT7,64,63.974054286032235,-0.00040540178074632838
SENSITIVITY_1SIGMA_ENVELOPE,93,P,BIT6,32,31.847948920504226,-0.0047515962342429274
SENSITIVITY_1SIGMA_ENVELOPE,93,P,BIT5,16,16.003244942598901,0.00020280891243129595
SENSITIVITY_1SIGMA_ENVELOPE,93,P,BIT4,8,8.0276759031379967,0.0034594878922495909
SENSITIVITY_1SIGMA_ENVELOPE,93,P,BIT3,4,3.9442669232314702,-0.013933269192132447
SENSITIVITY_1SIGMA_ENVELOPE,93,P,BIT2,2,1.9734963859775729,-0.013251807011213534
SENSITIVITY_1SIGMA_ENVELOPE,93,P,BIT1,1,0.98130525393253987,-0.018694746067460133
SENSITIVITY_1SIGMA_ENVELOPE,93,P,DUMMY,1,0.92961335368553666,-0.070386646314463341
SENSITIVITY_1SIGMA_ENVELOPE,93,N,BIT7,64,64.065390411581689,0.0010217251809638839
SENSITIVITY_1SIGMA_ENVELOPE,93,N,BIT6,32,32.218548988464619,0.0068296558895193371
SENSITIVITY_1SIGMA_ENVELOPE,93,N,BIT5,16,16.061488930617237,0.0038430581635773287
SENSITIVITY_1SIGMA_ENVELOPE,93,N,BIT4,8,7.9771716931669321,-0.0028535383541334891
SENSITIVITY_1SIGMA_ENVELOPE,93,N,BIT3,4,4.04658355969491,0.011645889923727504
SENSITIVITY_1SIGMA_ENVELOPE,93,N,BIT2,2,1.9952852687029834,-0.0023573656485083028
SENSITIVITY_1SIGMA_ENVELOPE,93,N,BIT1,1,1.0495641466898384,0.04956414668983844
SENSITIVITY_1SIGMA_ENVELOPE,93,N,DUMMY,1,1.032588270128812,0.032588270128812047
SENSITIVITY_1SIGMA_ENVELOPE,94,P,BIT7,64,63.788350737306985,-0.0033070197295783643
SENSITIVITY_1SIGMA_ENVELOPE,94,P,BIT6,32,32.076860757578935,0.002401898674341707
SENSITIVITY_1SIGMA_ENVELOPE,94,P,BIT5,16,16.101155765438534,0.0063222353399083886
SENSITIVITY_1SIGMA_ENVELOPE,94,P,BIT4,8,8.048909280376801,0.0061136600471001223
SENSITIVITY_1SIGMA_ENVELOPE,94,P,BIT3,4,4.0163077903483204,0.0040769475870801042
SENSITIVITY_1SIGMA_ENVELOPE,94,P,BIT2,2,1.9907205617024115,-0.0046397191487942413
SENSITIVITY_1SIGMA_ENVELOPE,94,P,BIT1,1,1.0169506310300569,0.016950631030056895
SENSITIVITY_1SIGMA_ENVELOPE,94,P,DUMMY,1,0.99085104564683335,-0.0091489543531666495
SENSITIVITY_1SIGMA_ENVELOPE,94,N,BIT7,64,64.089935114078799,0.0014052361574812267
SENSITIVITY_1SIGMA_ENVELOPE,94,N,BIT6,32,31.869761623550531,-0.0040699492640459134
SENSITIVITY_1SIGMA_ENVELOPE,94,N,BIT5,16,15.907153302847313,-0.0058029185720429588
SENSITIVITY_1SIGMA_ENVELOPE,94,N,BIT4,8,8.1398602026107998,0.017482525326349974
SENSITIVITY_1SIGMA_ENVELOPE,94,N,BIT3,4,3.9738188782162167,-0.0065452804459458225
SENSITIVITY_1SIGMA_ENVELOPE,94,N,BIT2,2,2.0155199006333158,0.007759950316657882
SENSITIVITY_1SIGMA_ENVELOPE,94,N,BIT1,1,0.98268338031478653,-0.017316619685213475
SENSITIVITY_1SIGMA_ENVELOPE,94,N,DUMMY,1,0.96980601877258521,-0.03019398122741479
SENSITIVITY_1SIGMA_ENVELOPE,95,P,BIT7,64,63.828146295329688,-0.0026852141354736236
SENSITIVITY_1SIGMA_ENVELOPE,95,P,BIT6,32,31.983543774548071,-0.00051425704537277905
SENSITIVITY_1SIGMA_ENVELOPE,95,P,BIT5,16,15.974601041753333,-0.0015874348904166835
SENSITIVITY_1SIGMA_ENVELOPE,95,P,BIT4,8,8.0172302573085688,0.0021537821635710941
SENSITIVITY_1SIGMA_ENVELOPE,95,P,BIT3,4,4.0649563346929041,0.016239083673226018
SENSITIVITY_1SIGMA_ENVELOPE,95,P,BIT2,2,1.991024240465562,-0.004487879767218983
SENSITIVITY_1SIGMA_ENVELOPE,95,P,BIT1,1,0.97933991785243957,-0.020660082147560432
SENSITIVITY_1SIGMA_ENVELOPE,95,P,DUMMY,1,1.0388108236293927,0.038810823629392699
SENSITIVITY_1SIGMA_ENVELOPE,95,N,BIT7,64,64.013375449485949,0.00020899139821795032
SENSITIVITY_1SIGMA_ENVELOPE,95,N,BIT6,32,32.005591601830986,0.00017473755721830742
SENSITIVITY_1SIGMA_ENVELOPE,95,N,BIT5,16,15.812446948718005,-0.011722065705124685
SENSITIVITY_1SIGMA_ENVELOPE,95,N,BIT4,8,7.9553394984481169,-0.0055825626939853823
SENSITIVITY_1SIGMA_ENVELOPE,95,N,BIT3,4,4.0196151671645399,0.0049037917911349815
SENSITIVITY_1SIGMA_ENVELOPE,95,N,BIT2,2,1.9788043431821625,-0.010597828408918764
SENSITIVITY_1SIGMA_ENVELOPE,95,N,BIT1,1,0.98405583048925938,-0.015944169510740624
SENSITIVITY_1SIGMA_ENVELOPE,95,N,DUMMY,1,0.97969606265531739,-0.02030393734468261
SENSITIVITY_1SIGMA_ENVELOPE,96,P,BIT7,64,64.241778337864076,0.0037777865291261925
SENSITIVITY_1SIGMA_ENVELOPE,96,P,BIT6,32,32.140406925574773,0.0043877164242116518
SENSITIVITY_1SIGMA_ENVELOPE,96,P,BIT5,16,15.97179697664648,-0.0017626889595949713
SENSITIVITY_1SIGMA_ENVELOPE,96,P,BIT4,8,8.0036610950668781,0.00045763688335975772
SENSITIVITY_1SIGMA_ENVELOPE,96,P,BIT3,4,4.0112314873155714,0.0028078718288928606
SENSITIVITY_1SIGMA_ENVELOPE,96,P,BIT2,2,2.0287308492826641,0.014365424641332059
SENSITIVITY_1SIGMA_ENVELOPE,96,P,BIT1,1,1.0024478084877206,0.0024478084877206374
SENSITIVITY_1SIGMA_ENVELOPE,96,P,DUMMY,1,0.96420113146257769,-0.035798868537422313
SENSITIVITY_1SIGMA_ENVELOPE,96,N,BIT7,64,64.127261117986592,0.0019884549685404984
SENSITIVITY_1SIGMA_ENVELOPE,96,N,BIT6,32,32.246066123785425,0.0076895663682945425
SENSITIVITY_1SIGMA_ENVELOPE,96,N,BIT5,16,16.046297962011458,0.0028936226257161302
SENSITIVITY_1SIGMA_ENVELOPE,96,N,BIT4,8,8.1231021575466524,0.015387769693331554
SENSITIVITY_1SIGMA_ENVELOPE,96,N,BIT3,4,4.0059037603326537,0.0014759400831634295
SENSITIVITY_1SIGMA_ENVELOPE,96,N,BIT2,2,1.9917651935536782,-0.0041174032231608981
SENSITIVITY_1SIGMA_ENVELOPE,96,N,BIT1,1,1.0119014583611035,0.011901458361103456
SENSITIVITY_1SIGMA_ENVELOPE,96,N,DUMMY,1,0.99744867506163626,-0.0025513249383637415
SENSITIVITY_1SIGMA_ENVELOPE,97,P,BIT7,64,63.969923264386303,-0.00046994899396402001
SENSITIVITY_1SIGMA_ENVELOPE,97,P,BIT6,32,31.717866431928229,-0.0088166740022428414
SENSITIVITY_1SIGMA_ENVELOPE,97,P,BIT5,16,16.032885149251154,0.0020553218281971208
SENSITIVITY_1SIGMA_ENVELOPE,97,P,BIT4,8,8.0187366441402457,0.0023420805175307091
SENSITIVITY_1SIGMA_ENVELOPE,97,P,BIT3,4,4.0462867383327135,0.011571684583178365
SENSITIVITY_1SIGMA_ENVELOPE,97,P,BIT2,2,2.0441277937271476,0.022063896863573795
SENSITIVITY_1SIGMA_ENVELOPE,97,P,BIT1,1,1.0112351349146627,0.011235134914662659
SENSITIVITY_1SIGMA_ENVELOPE,97,P,DUMMY,1,0.97477478864150158,-0.025225211358498423
SENSITIVITY_1SIGMA_ENVELOPE,97,N,BIT7,64,64.073506680092507,0.0011485418764454192
SENSITIVITY_1SIGMA_ENVELOPE,97,N,BIT6,32,32.004971310066864,0.00015535343958950065
SENSITIVITY_1SIGMA_ENVELOPE,97,N,BIT5,16,16.032628234515535,0.0020392646572209294
SENSITIVITY_1SIGMA_ENVELOPE,97,N,BIT4,8,8.0842674596496398,0.010533432456204972
SENSITIVITY_1SIGMA_ENVELOPE,97,N,BIT3,4,4.0094772941831991,0.002369323545799773
SENSITIVITY_1SIGMA_ENVELOPE,97,N,BIT2,2,1.951954821543715,-0.024022589228142488
SENSITIVITY_1SIGMA_ENVELOPE,97,N,BIT1,1,1.0221483815929744,0.022148381592974387
SENSITIVITY_1SIGMA_ENVELOPE,97,N,DUMMY,1,0.98871952870190372,-0.011280471298096284
SENSITIVITY_1SIGMA_ENVELOPE,98,P,BIT7,64,64.119244155996938,0.0018631899374521588
SENSITIVITY_1SIGMA_ENVELOPE,98,P,BIT6,32,31.8790573898475,-0.0037794565672656377
SENSITIVITY_1SIGMA_ENVELOPE,98,P,BIT5,16,15.98564922434624,-0.00089692347836001218
SENSITIVITY_1SIGMA_ENVELOPE,98,P,BIT4,8,7.990942879126723,-0.0011321401091596295
SENSITIVITY_1SIGMA_ENVELOPE,98,P,BIT3,4,4.0050586277878164,0.0012646569469541014
SENSITIVITY_1SIGMA_ENVELOPE,98,P,BIT2,2,1.9892746215000807,-0.0053626892499596401
SENSITIVITY_1SIGMA_ENVELOPE,98,P,BIT1,1,0.97921172581329508,-0.020788274186704925
SENSITIVITY_1SIGMA_ENVELOPE,98,P,DUMMY,1,0.97333836986946842,-0.026661630130531577
SENSITIVITY_1SIGMA_ENVELOPE,98,N,BIT7,64,64.367283155944634,0.0057387993116349012
SENSITIVITY_1SIGMA_ENVELOPE,98,N,BIT6,32,31.871691627028298,-0.0040096366553656893
SENSITIVITY_1SIGMA_ENVELOPE,98,N,BIT5,16,16.00171439565019,0.00010714972813685719
SENSITIVITY_1SIGMA_ENVELOPE,98,N,BIT4,8,8.0092787386059747,0.0011598423257468404
SENSITIVITY_1SIGMA_ENVELOPE,98,N,BIT3,4,3.9946472225065799,-0.0013381943733550283
SENSITIVITY_1SIGMA_ENVELOPE,98,N,BIT2,2,2.036546232101716,0.018273116050858018
SENSITIVITY_1SIGMA_ENVELOPE,98,N,BIT1,1,0.96496100287824071,-0.035038997121759285
SENSITIVITY_1SIGMA_ENVELOPE,98,N,DUMMY,1,1.0241106896277195,0.02411068962771945
SENSITIVITY_1SIGMA_ENVELOPE,99,P,BIT7,64,63.962548338009469,-0.00058518221860204278
SENSITIVITY_1SIGMA_ENVELOPE,99,P,BIT6,32,31.939616698088869,-0.0018869781847228317
SENSITIVITY_1SIGMA_ENVELOPE,99,P,BIT5,16,15.953545638972589,-0.0029033975642132059
SENSITIVITY_1SIGMA_ENVELOPE,99,P,BIT4,8,7.9736383953040368,-0.0032952005869953949
SENSITIVITY_1SIGMA_ENVELOPE,99,P,BIT3,4,3.9019018885895513,-0.024524527852612166
SENSITIVITY_1SIGMA_ENVELOPE,99,P,BIT2,2,1.9681039296032692,-0.015948035198365407
SENSITIVITY_1SIGMA_ENVELOPE,99,P,BIT1,1,0.93791579380207202,-0.062084206197927982
SENSITIVITY_1SIGMA_ENVELOPE,99,P,DUMMY,1,1.0096250456067415,0.0096250456067414891
SENSITIVITY_1SIGMA_ENVELOPE,99,N,BIT7,64,64.012847730353059,0.00020074578676654298
SENSITIVITY_1SIGMA_ENVELOPE,99,N,BIT6,32,32.176980047949002,0.0055306264984062992
SENSITIVITY_1SIGMA_ENVELOPE,99,N,BIT5,16,15.98297577506224,-0.0010640140586100078
SENSITIVITY_1SIGMA_ENVELOPE,99,N,BIT4,8,7.8545361179857096,-0.018182985251786299
SENSITIVITY_1SIGMA_ENVELOPE,99,N,BIT3,4,3.8980576041002157,-0.025485598974946067
SENSITIVITY_1SIGMA_ENVELOPE,99,N,BIT2,2,2.0607131657519568,0.030356582875978422
SENSITIVITY_1SIGMA_ENVELOPE,99,N,BIT1,1,1.0361020272354413,0.036102027235441314
SENSITIVITY_1SIGMA_ENVELOPE,99,N,DUMMY,1,1.050226514834504,0.050226514834504021
SENSITIVITY_1SIGMA_ENVELOPE,100,P,BIT7,64,63.986328330792873,-0.00021361983136136686
SENSITIVITY_1SIGMA_ENVELOPE,100,P,BIT6,32,32.056082529275017,0.0017525790398442709
SENSITIVITY_1SIGMA_ENVELOPE,100,P,BIT5,16,15.973838872089225,-0.0016350704944234629
SENSITIVITY_1SIGMA_ENVELOPE,100,P,BIT4,8,7.9482876679613135,-0.0064640415048358157
SENSITIVITY_1SIGMA_ENVELOPE,100,P,BIT3,4,4.0795848396141334,0.019896209903533357
SENSITIVITY_1SIGMA_ENVELOPE,100,P,BIT2,2,2.0049038186586357,0.0024519093293178251
SENSITIVITY_1SIGMA_ENVELOPE,100,P,BIT1,1,0.99657809498979821,-0.0034219050102017867
SENSITIVITY_1SIGMA_ENVELOPE,100,P,DUMMY,1,1.0330364337559796,0.033036433755979644
SENSITIVITY_1SIGMA_ENVELOPE,100,N,BIT7,64,63.915749762003124,-0.0013164099687011932
SENSITIVITY_1SIGMA_ENVELOPE,100,N,BIT6,32,32.075131906464378,0.0023478720770118144
SENSITIVITY_1SIGMA_ENVELOPE,100,N,BIT5,16,15.972863253822439,-0.0016960466360975701
SENSITIVITY_1SIGMA_ENVELOPE,100,N,BIT4,8,8.0497620042059346,0.0062202505257418217
SENSITIVITY_1SIGMA_ENVELOPE,100,N,BIT3,4,4.1338904483604395,0.033472612090109877
SENSITIVITY_1SIGMA_ENVELOPE,100,N,BIT2,2,2.0010206473471492,0.00051032367357461972
SENSITIVITY_1SIGMA_ENVELOPE,100,N,BIT1,1,1.0295867137054973,0.029586713705497258
SENSITIVITY_1SIGMA_ENVELOPE,100,N,DUMMY,1,1.0227574498933565,0.022757449893356485
SENSITIVITY_1SIGMA_ENVELOPE,101,P,BIT7,64,64.097122580988383,0.0015175403279434896
SENSITIVITY_1SIGMA_ENVELOPE,101,P,BIT6,32,31.9302239036491,-0.0021805030109656176
SENSITIVITY_1SIGMA_ENVELOPE,101,P,BIT5,16,15.897436244553013,-0.006410234715436669
SENSITIVITY_1SIGMA_ENVELOPE,101,P,BIT4,8,8.0053886435810284,0.00067358044762855229
SENSITIVITY_1SIGMA_ENVELOPE,101,P,BIT3,4,3.985511075637469,-0.0036222310906327548
SENSITIVITY_1SIGMA_ENVELOPE,101,P,BIT2,2,1.9565062520313896,-0.021746873984305193
SENSITIVITY_1SIGMA_ENVELOPE,101,P,BIT1,1,1.0075672219393297,0.0075672219393296825
SENSITIVITY_1SIGMA_ENVELOPE,101,P,DUMMY,1,0.99167165933040746,-0.0083283406695925377
SENSITIVITY_1SIGMA_ENVELOPE,101,N,BIT7,64,64.0554707291802,0.00086673014344063048
SENSITIVITY_1SIGMA_ENVELOPE,101,N,BIT6,32,31.93273913574615,-0.0021019020079328099
SENSITIVITY_1SIGMA_ENVELOPE,101,N,BIT5,16,15.834524204854217,-0.010342237196611426
SENSITIVITY_1SIGMA_ENVELOPE,101,N,BIT4,8,8.1410313757869268,0.017628921973365852
SENSITIVITY_1SIGMA_ENVELOPE,101,N,BIT3,4,3.8891199570430577,-0.027720010739235579
SENSITIVITY_1SIGMA_ENVELOPE,101,N,BIT2,2,2.034923019640539,0.017461509820269505
SENSITIVITY_1SIGMA_ENVELOPE,101,N,BIT1,1,0.98575574169882252,-0.014244258301177481
SENSITIVITY_1SIGMA_ENVELOPE,101,N,DUMMY,1,0.98740782690745921,-0.012592173092540793
SENSITIVITY_1SIGMA_ENVELOPE,102,P,BIT7,64,64.225879038012238,0.0035293599689412147
SENSITIVITY_1SIGMA_ENVELOPE,102,P,BIT6,32,32.260944295622011,0.0081545092381878348
SENSITIVITY_1SIGMA_ENVELOPE,102,P,BIT5,16,15.901351680761266,-0.0061655199524208726
SENSITIVITY_1SIGMA_ENVELOPE,102,P,BIT4,8,8.108884589578091,0.013610573697261374
SENSITIVITY_1SIGMA_ENVELOPE,102,P,BIT3,4,4.001722922229642,0.00043073055741049693
SENSITIVITY_1SIGMA_ENVELOPE,102,P,BIT2,2,2.0065173625217572,0.003258681260878582
SENSITIVITY_1SIGMA_ENVELOPE,102,P,BIT1,1,0.99087396357284552,-0.0091260364271544825
SENSITIVITY_1SIGMA_ENVELOPE,102,P,DUMMY,1,1.0187335212105588,0.018733521210558823
SENSITIVITY_1SIGMA_ENVELOPE,102,N,BIT7,64,63.91724141281874,-0.0012931029247071901
SENSITIVITY_1SIGMA_ENVELOPE,102,N,BIT6,32,32.079956827850211,0.0024986508703190857
SENSITIVITY_1SIGMA_ENVELOPE,102,N,BIT5,16,15.860504037110205,-0.0087184976806121695
SENSITIVITY_1SIGMA_ENVELOPE,102,N,BIT4,8,8.0179552382445092,0.0022444047805636469
SENSITIVITY_1SIGMA_ENVELOPE,102,N,BIT3,4,3.965412270317159,-0.0086469324207102405
SENSITIVITY_1SIGMA_ENVELOPE,102,N,BIT2,2,2.0177987301336526,0.0088993650668263147
SENSITIVITY_1SIGMA_ENVELOPE,102,N,BIT1,1,1.0014968421498656,0.0014968421498655626
SENSITIVITY_1SIGMA_ENVELOPE,102,N,DUMMY,1,0.96987463920756456,-0.030125360792435441
SENSITIVITY_1SIGMA_ENVELOPE,103,P,BIT7,64,63.948372024336635,-0.00080668711974007934
SENSITIVITY_1SIGMA_ENVELOPE,103,P,BIT6,32,32.219499934405363,0.006859372950167586
SENSITIVITY_1SIGMA_ENVELOPE,103,P,BIT5,16,15.946393840409268,-0.0033503849744207503
SENSITIVITY_1SIGMA_ENVELOPE,103,P,BIT4,8,8.0418363960111705,0.0052295495013963134
SENSITIVITY_1SIGMA_ENVELOPE,103,P,BIT3,4,4.0125260047090965,0.0031315011772741208
SENSITIVITY_1SIGMA_ENVELOPE,103,P,BIT2,2,2.0489135780590968,0.024456789029548398
SENSITIVITY_1SIGMA_ENVELOPE,103,P,BIT1,1,0.98560805011376484,-0.014391949886235156
SENSITIVITY_1SIGMA_ENVELOPE,103,P,DUMMY,1,0.98099662637852958,-0.019003373621470421
SENSITIVITY_1SIGMA_ENVELOPE,103,N,BIT7,64,64.050585546563525,0.0007903991650550779
SENSITIVITY_1SIGMA_ENVELOPE,103,N,BIT6,32,31.978252718813732,-0.00067960253707088913
SENSITIVITY_1SIGMA_ENVELOPE,103,N,BIT5,16,16.150074613597003,0.0093796633498126614
SENSITIVITY_1SIGMA_ENVELOPE,103,N,BIT4,8,8.1464574481114518,0.018307181013931473
SENSITIVITY_1SIGMA_ENVELOPE,103,N,BIT3,4,3.9663373544750162,-0.0084156613812459424
SENSITIVITY_1SIGMA_ENVELOPE,103,N,BIT2,2,2.0015567635609699,0.0007783817804849491
SENSITIVITY_1SIGMA_ENVELOPE,103,N,BIT1,1,0.98404268879364931,-0.015957311206350688
SENSITIVITY_1SIGMA_ENVELOPE,103,N,DUMMY,1,0.98076462858743807,-0.01923537141256193
SENSITIVITY_1SIGMA_ENVELOPE,104,P,BIT7,64,63.945814069910298,-0.00084665515765158794
SENSITIVITY_1SIGMA_ENVELOPE,104,P,BIT6,32,31.900130192448561,-0.0031209314859824699
SENSITIVITY_1SIGMA_ENVELOPE,104,P,BIT5,16,16.004182036610061,0.00026137728812880567
SENSITIVITY_1SIGMA_ENVELOPE,104,P,BIT4,8,7.9950616508900474,-0.00061729363874407639
SENSITIVITY_1SIGMA_ENVELOPE,104,P,BIT3,4,4.0547279418985411,0.013681985474635283
SENSITIVITY_1SIGMA_ENVELOPE,104,P,BIT2,2,1.9472747656592031,-0.02636261717039845
SENSITIVITY_1SIGMA_ENVELOPE,104,P,BIT1,1,0.98681042333232716,-0.013189576667672842
SENSITIVITY_1SIGMA_ENVELOPE,104,P,DUMMY,1,0.9920570854625298,-0.0079429145374702026
SENSITIVITY_1SIGMA_ENVELOPE,104,N,BIT7,64,64.18922938863102,0.002956709197359686
SENSITIVITY_1SIGMA_ENVELOPE,104,N,BIT6,32,31.984268628678862,-0.00049160535378556247
SENSITIVITY_1SIGMA_ENVELOPE,104,N,BIT5,16,15.852216767985851,-0.0092364520008842987
SENSITIVITY_1SIGMA_ENVELOPE,104,N,BIT4,8,7.9511757236708442,-0.0061030345411444697
SENSITIVITY_1SIGMA_ENVELOPE,104,N,BIT3,4,3.9696206479363241,-0.007594838015918981
SENSITIVITY_1SIGMA_ENVELOPE,104,N,BIT2,2,1.9903701711531496,-0.0048149144234251873
SENSITIVITY_1SIGMA_ENVELOPE,104,N,BIT1,1,1.0240192244260182,0.024019224426018226
SENSITIVITY_1SIGMA_ENVELOPE,104,N,DUMMY,1,0.99493904656166987,-0.0050609534383301291
SENSITIVITY_1SIGMA_ENVELOPE,105,P,BIT7,64,63.945745345774299,-0.00084772897227658461
SENSITIVITY_1SIGMA_ENVELOPE,105,P,BIT6,32,31.864626395261183,-0.0042304251480880239
SENSITIVITY_1SIGMA_ENVELOPE,105,P,BIT5,16,16.064440669604224,0.0040275418502639937
SENSITIVITY_1SIGMA_ENVELOPE,105,P,BIT4,8,7.9861338991814099,-0.0017332626023237596
SENSITIVITY_1SIGMA_ENVELOPE,105,P,BIT3,4,4.0174051392098979,0.0043512848024744866
SENSITIVITY_1SIGMA_ENVELOPE,105,P,BIT2,2,1.9627417191288523,-0.018629140435573843
SENSITIVITY_1SIGMA_ENVELOPE,105,P,BIT1,1,0.9792057567978113,-0.0207942432021887
SENSITIVITY_1SIGMA_ENVELOPE,105,P,DUMMY,1,0.99537636107106209,-0.0046236389289379121
SENSITIVITY_1SIGMA_ENVELOPE,105,N,BIT7,64,63.93971668253613,-0.00094192683537297484
SENSITIVITY_1SIGMA_ENVELOPE,105,N,BIT6,32,32.005799691237257,0.00018124035116429127
SENSITIVITY_1SIGMA_ENVELOPE,105,N,BIT5,16,15.8842909491455,-0.0072318156784062504
SENSITIVITY_1SIGMA_ENVELOPE,105,N,BIT4,8,8.0478787684777551,0.0059848460597193842
SENSITIVITY_1SIGMA_ENVELOPE,105,N,BIT3,4,3.9961828647036199,-0.00095428382409501467
SENSITIVITY_1SIGMA_ENVELOPE,105,N,BIT2,2,1.9754169253565694,-0.012291537321715285
SENSITIVITY_1SIGMA_ENVELOPE,105,N,BIT1,1,1.0171638260466107,0.017163826046610708
SENSITIVITY_1SIGMA_ENVELOPE,105,N,DUMMY,1,0.99210858701502325,-0.0078914129849767534
SENSITIVITY_1SIGMA_ENVELOPE,106,P,BIT7,64,64.133730646031395,0.002089541344240553
SENSITIVITY_1SIGMA_ENVELOPE,106,P,BIT6,32,32.001947077884552,6.0846183892238059e-05
SENSITIVITY_1SIGMA_ENVELOPE,106,P,BIT5,16,15.897044487779885,-0.0064347195137571811
SENSITIVITY_1SIGMA_ENVELOPE,106,P,BIT4,8,8.1368514665226446,0.017106433315330571
SENSITIVITY_1SIGMA_ENVELOPE,106,P,BIT3,4,3.9658162901216176,-0.0085459274695955934
SENSITIVITY_1SIGMA_ENVELOPE,106,P,BIT2,2,2.0134981039618887,0.0067490519809443317
SENSITIVITY_1SIGMA_ENVELOPE,106,P,BIT1,1,0.98409081993293979,-0.015909180067060213
SENSITIVITY_1SIGMA_ENVELOPE,106,P,DUMMY,1,1.0111325813418381,0.011132581341838144
SENSITIVITY_1SIGMA_ENVELOPE,106,N,BIT7,64,64.000023606603264,3.6885317600265921e-07
SENSITIVITY_1SIGMA_ENVELOPE,106,N,BIT6,32,32.071249660948716,0.0022265519046473781
SENSITIVITY_1SIGMA_ENVELOPE,106,N,BIT5,16,15.894569044360171,-0.0065894347274892962
SENSITIVITY_1SIGMA_ENVELOPE,106,N,BIT4,8,8.0083189766357865,0.0010398720794733141
SENSITIVITY_1SIGMA_ENVELOPE,106,N,BIT3,4,4.0110612400186731,0.0027653100046682866
SENSITIVITY_1SIGMA_ENVELOPE,106,N,BIT2,2,2.0090307264608072,0.0045153632304035796
SENSITIVITY_1SIGMA_ENVELOPE,106,N,BIT1,1,1.0239863599702788,0.023986359970278759
SENSITIVITY_1SIGMA_ENVELOPE,106,N,DUMMY,1,0.9777704389486036,-0.022229561051396396
SENSITIVITY_1SIGMA_ENVELOPE,107,P,BIT7,64,64.261240858444253,0.004081888413191459
SENSITIVITY_1SIGMA_ENVELOPE,107,P,BIT6,32,32.320743380067093,0.010023230627096646
SENSITIVITY_1SIGMA_ENVELOPE,107,P,BIT5,16,15.909062003949845,-0.005683624753134664
SENSITIVITY_1SIGMA_ENVELOPE,107,P,BIT4,8,7.979807817455713,-0.0025240228180358759
SENSITIVITY_1SIGMA_ENVELOPE,107,P,BIT3,4,3.9874936893431467,-0.0031265776642133147
SENSITIVITY_1SIGMA_ENVELOPE,107,P,BIT2,2,2.0115740082890321,0.0057870041445160503
SENSITIVITY_1SIGMA_ENVELOPE,107,P,BIT1,1,1.0207644489031407,0.020764448903140664
SENSITIVITY_1SIGMA_ENVELOPE,107,P,DUMMY,1,1.0202727051587688,0.020272705158768778
SENSITIVITY_1SIGMA_ENVELOPE,107,N,BIT7,64,64.052992950287674,0.00082801484824490679
SENSITIVITY_1SIGMA_ENVELOPE,107,N,BIT6,32,32.014327172156811,0.00044772412990035093
SENSITIVITY_1SIGMA_ENVELOPE,107,N,BIT5,16,15.97576089057794,-0.0015149443388787764
SENSITIVITY_1SIGMA_ENVELOPE,107,N,BIT4,8,7.9532281692028421,-0.0058464788496447317
SENSITIVITY_1SIGMA_ENVELOPE,107,N,BIT3,4,3.9883343587193028,-0.0029164103201743119
SENSITIVITY_1SIGMA_ENVELOPE,107,N,BIT2,2,1.9820774195205124,-0.008961290239743791
SENSITIVITY_1SIGMA_ENVELOPE,107,N,BIT1,1,0.98311319022915633,-0.016886809770843669
SENSITIVITY_1SIGMA_ENVELOPE,107,N,DUMMY,1,0.99954942310608275,-0.00045057689391725386
SENSITIVITY_1SIGMA_ENVELOPE,108,P,BIT7,64,64.289101784113797,0.0045172153767780721
SENSITIVITY_1SIGMA_ENVELOPE,108,P,BIT6,32,32.053081019357563,0.001658781854923852
SENSITIVITY_1SIGMA_ENVELOPE,108,P,BIT5,16,16.039557021350824,0.0024723138344264761
SENSITIVITY_1SIGMA_ENVELOPE,108,P,BIT4,8,8.0416613349582526,0.0052076668697815798
SENSITIVITY_1SIGMA_ENVELOPE,108,P,BIT3,4,3.9582037777039711,-0.010449055574007216
SENSITIVITY_1SIGMA_ENVELOPE,108,P,BIT2,2,1.9614863640659179,-0.01925681796704104
SENSITIVITY_1SIGMA_ENVELOPE,108,P,BIT1,1,1.0098460192145318,0.0098460192145317649
SENSITIVITY_1SIGMA_ENVELOPE,108,P,DUMMY,1,1.0255856139447208,0.025585613944720809
SENSITIVITY_1SIGMA_ENVELOPE,108,N,BIT7,64,63.900742135464832,-0.0015509041333620077
SENSITIVITY_1SIGMA_ENVELOPE,108,N,BIT6,32,31.989196066294401,-0.00033762292829997431
SENSITIVITY_1SIGMA_ENVELOPE,108,N,BIT5,16,15.849779005899295,-0.0093888121312940553
SENSITIVITY_1SIGMA_ENVELOPE,108,N,BIT4,8,7.8947298911156389,-0.013158763610545132
SENSITIVITY_1SIGMA_ENVELOPE,108,N,BIT3,4,4.0737216119652269,0.018430402991306716
SENSITIVITY_1SIGMA_ENVELOPE,108,N,BIT2,2,2.0446392777148779,0.022319638857438928
SENSITIVITY_1SIGMA_ENVELOPE,108,N,BIT1,1,1.0095408220739026,0.0095408220739026106
SENSITIVITY_1SIGMA_ENVELOPE,108,N,DUMMY,1,1.0048687679555743,0.0048687679555743379
SENSITIVITY_1SIGMA_ENVELOPE,109,P,BIT7,64,64.214094134350773,0.0033452208492308344
SENSITIVITY_1SIGMA_ENVELOPE,109,P,BIT6,32,31.82755533483871,-0.0053888957862903153
SENSITIVITY_1SIGMA_ENVELOPE,109,P,BIT5,16,16.155972833589551,0.0097483020993469616
SENSITIVITY_1SIGMA_ENVELOPE,109,P,BIT4,8,8.0400642518070082,0.0050080314758760291
SENSITIVITY_1SIGMA_ENVELOPE,109,P,BIT3,4,3.9784755597491741,-0.0053811100627064734
SENSITIVITY_1SIGMA_ENVELOPE,109,P,BIT2,2,2.051369227604634,0.025684613802317013
SENSITIVITY_1SIGMA_ENVELOPE,109,P,BIT1,1,0.95999176203866898,-0.040008237961331017
SENSITIVITY_1SIGMA_ENVELOPE,109,P,DUMMY,1,0.99654441578421615,-0.0034555842157838468
SENSITIVITY_1SIGMA_ENVELOPE,109,N,BIT7,64,63.924967753272028,-0.0011723788551245562
SENSITIVITY_1SIGMA_ENVELOPE,109,N,BIT6,32,31.94733509701625,-0.0016457782182421887
SENSITIVITY_1SIGMA_ENVELOPE,109,N,BIT5,16,15.928697007125045,-0.004456437054684681
SENSITIVITY_1SIGMA_ENVELOPE,109,N,BIT4,8,8.0434273293720366,0.0054284161715045798
SENSITIVITY_1SIGMA_ENVELOPE,109,N,BIT3,4,3.9522968206843387,-0.011925794828915315
SENSITIVITY_1SIGMA_ENVELOPE,109,N,BIT2,2,2.0370490526120917,0.018524526306045841
SENSITIVITY_1SIGMA_ENVELOPE,109,N,BIT1,1,1.0145727316975686,0.014572731697568564
SENSITIVITY_1SIGMA_ENVELOPE,109,N,DUMMY,1,1.0032766109925748,0.0032766109925748133
SENSITIVITY_1SIGMA_ENVELOPE,110,P,BIT7,64,64.060544686877819,0.00094601073246591838
SENSITIVITY_1SIGMA_ENVELOPE,110,P,BIT6,32,32.037950328726502,0.0011859477727031997
SENSITIVITY_1SIGMA_ENVELOPE,110,P,BIT5,16,16.05924006460787,0.0037025040379918828
SENSITIVITY_1SIGMA_ENVELOPE,110,P,BIT4,8,8.036503291259649,0.0045629114074561272
SENSITIVITY_1SIGMA_ENVELOPE,110,P,BIT3,4,3.9393153974775643,-0.015171150630608921
SENSITIVITY_1SIGMA_ENVELOPE,110,P,BIT2,2,2.0054949790306988,0.0027474895153494217
SENSITIVITY_1SIGMA_ENVELOPE,110,P,BIT1,1,1.0164574086490008,0.016457408649000804
SENSITIVITY_1SIGMA_ENVELOPE,110,P,DUMMY,1,0.99715832806880023,-0.002841671931199774
SENSITIVITY_1SIGMA_ENVELOPE,110,N,BIT7,64,63.937974469945601,-0.00096914890709998147
SENSITIVITY_1SIGMA_ENVELOPE,110,N,BIT6,32,31.815654797605546,-0.0057607875748266757
SENSITIVITY_1SIGMA_ENVELOPE,110,N,BIT5,16,15.8540212489825,-0.0091236719385937581
SENSITIVITY_1SIGMA_ENVELOPE,110,N,BIT4,8,8.0809356774538763,0.010116959681734539
SENSITIVITY_1SIGMA_ENVELOPE,110,N,BIT3,4,3.9981205383647662,-0.0004698654088084453
SENSITIVITY_1SIGMA_ENVELOPE,110,N,BIT2,2,1.9810661484344256,-0.0094669257827871833
SENSITIVITY_1SIGMA_ENVELOPE,110,N,BIT1,1,0.99077770139270949,-0.0092222986072905133
SENSITIVITY_1SIGMA_ENVELOPE,110,N,DUMMY,1,0.99979548282172881,-0.00020451717827119076
SENSITIVITY_1SIGMA_ENVELOPE,111,P,BIT7,64,63.904245450054162,-0.0014961648429037133
SENSITIVITY_1SIGMA_ENVELOPE,111,P,BIT6,32,31.884622168384798,-0.0036055572379750656
SENSITIVITY_1SIGMA_ENVELOPE,111,P,BIT5,16,16.117264561751849,0.007329035109490567
SENSITIVITY_1SIGMA_ENVELOPE,111,P,BIT4,8,8.0617788267127608,0.0077223533390951005
SENSITIVITY_1SIGMA_ENVELOPE,111,P,BIT3,4,3.9198858451941048,-0.020028538701473808
SENSITIVITY_1SIGMA_ENVELOPE,111,P,BIT2,2,2.0072548900007838,0.0036274450003919156
SENSITIVITY_1SIGMA_ENVELOPE,111,P,BIT1,1,0.95745320041724091,-0.042546799582759087
SENSITIVITY_1SIGMA_ENVELOPE,111,P,DUMMY,1,1.0175770886225983,0.017577088622598325
SENSITIVITY_1SIGMA_ENVELOPE,111,N,BIT7,64,64.171376416691572,0.0026777565108058177
SENSITIVITY_1SIGMA_ENVELOPE,111,N,BIT6,32,31.997347521247278,-8.2889961022569736e-05
SENSITIVITY_1SIGMA_ENVELOPE,111,N,BIT5,16,16.111051232702859,0.0069407020439287148
SENSITIVITY_1SIGMA_ENVELOPE,111,N,BIT4,8,8.0014001128896233,0.00017501411120290911
SENSITIVITY_1SIGMA_ENVELOPE,111,N,BIT3,4,3.9697623449995092,-0.007559413750122701
SENSITIVITY_1SIGMA_ENVELOPE,111,N,BIT2,2,1.9401576699840373,-0.029921165007981365
SENSITIVITY_1SIGMA_ENVELOPE,111,N,BIT1,1,1.0338431035471398,0.033843103547139819
SENSITIVITY_1SIGMA_ENVELOPE,111,N,DUMMY,1,0.98488805163420268,-0.015111948365797323
SENSITIVITY_1SIGMA_ENVELOPE,112,P,BIT7,64,63.720397404310205,-0.0043687905576530461
SENSITIVITY_1SIGMA_ENVELOPE,112,P,BIT6,32,31.798952403683554,-0.0062827373848889367
SENSITIVITY_1SIGMA_ENVELOPE,112,P,BIT5,16,16.105636897279119,0.0066023060799449418
SENSITIVITY_1SIGMA_ENVELOPE,112,P,BIT4,8,8.1176645334009265,0.014708066675115816
SENSITIVITY_1SIGMA_ENVELOPE,112,P,BIT3,4,3.9781795791549008,-0.0054551052112747911
SENSITIVITY_1SIGMA_ENVELOPE,112,P,BIT2,2,1.9620560611129119,-0.018971969443544068
SENSITIVITY_1SIGMA_ENVELOPE,112,P,BIT1,1,0.98306117449036101,-0.016938825509638988
SENSITIVITY_1SIGMA_ENVELOPE,112,P,DUMMY,1,0.97339006324071431,-0.026609936759285691
SENSITIVITY_1SIGMA_ENVELOPE,112,N,BIT7,64,64.083977022263326,0.0013121409728644728
SENSITIVITY_1SIGMA_ENVELOPE,112,N,BIT6,32,32.134252233914538,0.0041953823098292986
SENSITIVITY_1SIGMA_ENVELOPE,112,N,BIT5,16,15.917011140719746,-0.0051868037050158966
SENSITIVITY_1SIGMA_ENVELOPE,112,N,BIT4,8,7.9292430893605612,-0.0088446138299298482
SENSITIVITY_1SIGMA_ENVELOPE,112,N,BIT3,4,4.0124994059357171,0.0031248514839292696
SENSITIVITY_1SIGMA_ENVELOPE,112,N,BIT2,2,2.01481035168054,0.0074051758402700063
SENSITIVITY_1SIGMA_ENVELOPE,112,N,BIT1,1,1.0042799139265668,0.0042799139265667918
SENSITIVITY_1SIGMA_ENVELOPE,112,N,DUMMY,1,1.0073147456425864,0.0073147456425863844
SENSITIVITY_1SIGMA_ENVELOPE,113,P,BIT7,64,64.112568132621533,0.0017588770722114511
SENSITIVITY_1SIGMA_ENVELOPE,113,P,BIT6,32,31.920807590310375,-0.0024747628028007895
SENSITIVITY_1SIGMA_ENVELOPE,113,P,BIT5,16,16.248434779339814,0.015527173708738351
SENSITIVITY_1SIGMA_ENVELOPE,113,P,BIT4,8,8.0547047130529457,0.006838089131618208
SENSITIVITY_1SIGMA_ENVELOPE,113,P,BIT3,4,3.9576259017001294,-0.01059352457496765
SENSITIVITY_1SIGMA_ENVELOPE,113,P,BIT2,2,2.0115866418923707,0.005793320946185343
SENSITIVITY_1SIGMA_ENVELOPE,113,P,BIT1,1,0.99341322625755446,-0.0065867737424455397
SENSITIVITY_1SIGMA_ENVELOPE,113,P,DUMMY,1,0.98553256681701984,-0.014467433182980161
SENSITIVITY_1SIGMA_ENVELOPE,113,N,BIT7,64,64.39278399206961,0.0061372498760876582
SENSITIVITY_1SIGMA_ENVELOPE,113,N,BIT6,32,32.216754740310471,0.0067735856347022061
SENSITIVITY_1SIGMA_ENVELOPE,113,N,BIT5,16,15.87658455537661,-0.0077134652889618849
SENSITIVITY_1SIGMA_ENVELOPE,113,N,BIT4,8,8.0355964620848663,0.0044495577606082914
SENSITIVITY_1SIGMA_ENVELOPE,113,N,BIT3,4,4.0970709719065423,0.024267742976635587
SENSITIVITY_1SIGMA_ENVELOPE,113,N,BIT2,2,1.9633126794600344,-0.018343660269982798
SENSITIVITY_1SIGMA_ENVELOPE,113,N,BIT1,1,1.025137067931454,0.025137067931453982
SENSITIVITY_1SIGMA_ENVELOPE,113,N,DUMMY,1,1.0230417031014714,0.023041703101471356
SENSITIVITY_1SIGMA_ENVELOPE,114,P,BIT7,64,64.41365813818615,0.0064634084091585997
SENSITIVITY_1SIGMA_ENVELOPE,114,P,BIT6,32,32.004821720559086,0.00015067876747143494
SENSITIVITY_1SIGMA_ENVELOPE,114,P,BIT5,16,15.924330407152883,-0.0047293495529447949
SENSITIVITY_1SIGMA_ENVELOPE,114,P,BIT4,8,8.0201042866084684,0.0025130358260585517
SENSITIVITY_1SIGMA_ENVELOPE,114,P,BIT3,4,4.0331337014349629,0.0082834253587407147
SENSITIVITY_1SIGMA_ENVELOPE,114,P,BIT2,2,1.9961398175840386,-0.0019300912079807109
SENSITIVITY_1SIGMA_ENVELOPE,114,P,BIT1,1,0.97012511163746318,-0.029874888362536822
SENSITIVITY_1SIGMA_ENVELOPE,114,P,DUMMY,1,0.99155203931022251,-0.0084479606897774895
SENSITIVITY_1SIGMA_ENVELOPE,114,N,BIT7,64,64.227391421520025,0.0035529909612503907
SENSITIVITY_1SIGMA_ENVELOPE,114,N,BIT6,32,31.886178158364764,-0.0035569325511011218
SENSITIVITY_1SIGMA_ENVELOPE,114,N,BIT5,16,15.928972747848725,-0.0044392032594546826
SENSITIVITY_1SIGMA_ENVELOPE,114,N,BIT4,8,8.0253001962373247,0.0031625245296655891
SENSITIVITY_1SIGMA_ENVELOPE,114,N,BIT3,4,4.0407851157457237,0.010196278936430936
SENSITIVITY_1SIGMA_ENVELOPE,114,N,BIT2,2,1.9700743902279902,-0.014962804886004877
SENSITIVITY_1SIGMA_ENVELOPE,114,N,BIT1,1,0.99069881397235104,-0.0093011860276489555
SENSITIVITY_1SIGMA_ENVELOPE,114,N,DUMMY,1,0.96210486705282383,-0.037895132947176169
SENSITIVITY_1SIGMA_ENVELOPE,115,P,BIT7,64,63.913818368690798,-0.0013465879892062826
SENSITIVITY_1SIGMA_ENVELOPE,115,P,BIT6,32,32.009093100945137,0.00028415940453552224
SENSITIVITY_1SIGMA_ENVELOPE,115,P,BIT5,16,16.081628951843072,0.0051018094901920108
SENSITIVITY_1SIGMA_ENVELOPE,115,P,BIT4,8,7.9446684623956259,-0.0069164422005467685
SENSITIVITY_1SIGMA_ENVELOPE,115,P,BIT3,4,3.9742274524938708,-0.0064431368765323072
SENSITIVITY_1SIGMA_ENVELOPE,115,P,BIT2,2,1.9975157964112,-0.0012421017943999857
SENSITIVITY_1SIGMA_ENVELOPE,115,P,BIT1,1,0.94649136260229283,-0.053508637397707171
SENSITIVITY_1SIGMA_ENVELOPE,115,P,DUMMY,1,1.0058426390897828,0.0058426390897827751
SENSITIVITY_1SIGMA_ENVELOPE,115,N,BIT7,64,63.818703669019115,-0.0028327551715763288
SENSITIVITY_1SIGMA_ENVELOPE,115,N,BIT6,32,32.100819050262487,0.0031505953207027204
SENSITIVITY_1SIGMA_ENVELOPE,115,N,BIT5,16,16.227990393049421,0.014249399565588794
SENSITIVITY_1SIGMA_ENVELOPE,115,N,BIT4,8,7.9738772882111606,-0.0032653389736049254
SENSITIVITY_1SIGMA_ENVELOPE,115,N,BIT3,4,3.9369513021074876,-0.01576217447312811
SENSITIVITY_1SIGMA_ENVELOPE,115,N,BIT2,2,2.0169643856633241,0.0084821928316620721
SENSITIVITY_1SIGMA_ENVELOPE,115,N,BIT1,1,1.019925347537799,0.019925347537798954
SENSITIVITY_1SIGMA_ENVELOPE,115,N,DUMMY,1,0.99823819184297968,-0.001761808157020317
SENSITIVITY_1SIGMA_ENVELOPE,116,P,BIT7,64,64.065080496229925,0.001016882753592574
SENSITIVITY_1SIGMA_ENVELOPE,116,P,BIT6,32,31.850515441243445,-0.004671392461142343
SENSITIVITY_1SIGMA_ENVELOPE,116,P,BIT5,16,16.038310470767939,0.0023944044229962103
SENSITIVITY_1SIGMA_ENVELOPE,116,P,BIT4,8,8.0540575726000228,0.006757196575002844
SENSITIVITY_1SIGMA_ENVELOPE,116,P,BIT3,4,4.009669833456063,0.0024174583640157454
SENSITIVITY_1SIGMA_ENVELOPE,116,P,BIT2,2,1.9730273311875748,-0.013486334406212608
SENSITIVITY_1SIGMA_ENVELOPE,116,P,BIT1,1,1.019218155409402,0.019218155409401971
SENSITIVITY_1SIGMA_ENVELOPE,116,P,DUMMY,1,0.98078414801930869,-0.019215851980691312
SENSITIVITY_1SIGMA_ENVELOPE,116,N,BIT7,64,64.155355407800599,0.0024274282468843555
SENSITIVITY_1SIGMA_ENVELOPE,116,N,BIT6,32,32.068398071558981,0.0021374397362181607
SENSITIVITY_1SIGMA_ENVELOPE,116,N,BIT5,16,16.01220700079887,0.00076293754992939888
SENSITIVITY_1SIGMA_ENVELOPE,116,N,BIT4,8,7.9945743589260516,-0.000678205134243548
SENSITIVITY_1SIGMA_ENVELOPE,116,N,BIT3,4,4.0735097645582483,0.018377441139562078
SENSITIVITY_1SIGMA_ENVELOPE,116,N,BIT2,2,1.9861972994378472,-0.0069013502810764127
SENSITIVITY_1SIGMA_ENVELOPE,116,N,BIT1,1,1.0341334388176149,0.034133438817614881
SENSITIVITY_1SIGMA_ENVELOPE,116,N,DUMMY,1,1.0539244857617884,0.053924485761788432
SENSITIVITY_1SIGMA_ENVELOPE,117,P,BIT7,64,64.063127149393253,0.00098636170926957867
SENSITIVITY_1SIGMA_ENVELOPE,117,P,BIT6,32,31.991418421673046,-0.00026817432271730723
SENSITIVITY_1SIGMA_ENVELOPE,117,P,BIT5,16,16.002691773009698,0.00016823581310609903
SENSITIVITY_1SIGMA_ENVELOPE,117,P,BIT4,8,8.0330158562341509,0.0041269820292688664
SENSITIVITY_1SIGMA_ENVELOPE,117,P,BIT3,4,4.0258034956128705,0.0064508739032176354
SENSITIVITY_1SIGMA_ENVELOPE,117,P,BIT2,2,2.0260918846228826,0.013045942311441294
SENSITIVITY_1SIGMA_ENVELOPE,117,P,BIT1,1,1.0274883914230639,0.027488391423063918
SENSITIVITY_1SIGMA_ENVELOPE,117,P,DUMMY,1,1.0513675050367877,0.051367505036787664
SENSITIVITY_1SIGMA_ENVELOPE,117,N,BIT7,64,64.3513675610169,0.0054901181408890665
SENSITIVITY_1SIGMA_ENVELOPE,117,N,BIT6,32,32.066976551940456,0.0020930172481392617
SENSITIVITY_1SIGMA_ENVELOPE,117,N,BIT5,16,15.891308043367349,-0.0067932472895406715
SENSITIVITY_1SIGMA_ENVELOPE,117,N,BIT4,8,8.0257901947378834,0.0032237743422354193
SENSITIVITY_1SIGMA_ENVELOPE,117,N,BIT3,4,3.9482835018102582,-0.012929124547435444
SENSITIVITY_1SIGMA_ENVELOPE,117,N,BIT2,2,1.8964294174488836,-0.051785291275558198
SENSITIVITY_1SIGMA_ENVELOPE,117,N,BIT1,1,0.98900456584471585,-0.010995434155284145
SENSITIVITY_1SIGMA_ENVELOPE,117,N,DUMMY,1,0.98683381540163306,-0.013166184598366937
SENSITIVITY_1SIGMA_ENVELOPE,118,P,BIT7,64,63.857908270357157,-0.0022201832756694184
SENSITIVITY_1SIGMA_ENVELOPE,118,P,BIT6,32,32.014155490873875,0.00044235908980860827
SENSITIVITY_1SIGMA_ENVELOPE,118,P,BIT5,16,16.037738718064457,0.0023586698790285521
SENSITIVITY_1SIGMA_ENVELOPE,118,P,BIT4,8,8.0586983668851211,0.0073372958606401362
SENSITIVITY_1SIGMA_ENVELOPE,118,P,BIT3,4,4.0039025410808868,0.00097563527022170859
SENSITIVITY_1SIGMA_ENVELOPE,118,P,BIT2,2,1.9939706640945465,-0.0030146679527267572
SENSITIVITY_1SIGMA_ENVELOPE,118,P,BIT1,1,1.0232442139950928,0.0232442139950928
SENSITIVITY_1SIGMA_ENVELOPE,118,P,DUMMY,1,1.0214785484269446,0.021478548426944633
SENSITIVITY_1SIGMA_ENVELOPE,118,N,BIT7,64,64.04436491486922,0.00069320179483156608
SENSITIVITY_1SIGMA_ENVELOPE,118,N,BIT6,32,32.051087268413056,0.0015964771379080034
SENSITIVITY_1SIGMA_ENVELOPE,118,N,BIT5,16,16.004691817598783,0.00029323859992391732
SENSITIVITY_1SIGMA_ENVELOPE,118,N,BIT4,8,7.9795099655136879,-0.0025612543107890184
SENSITIVITY_1SIGMA_ENVELOPE,118,N,BIT3,4,3.9696845800126694,-0.0075788549968326402
SENSITIVITY_1SIGMA_ENVELOPE,118,N,BIT2,2,1.9949399266535717,-0.0025300366732141644
SENSITIVITY_1SIGMA_ENVELOPE,118,N,BIT1,1,0.9847470754026908,-0.015252924597309203
SENSITIVITY_1SIGMA_ENVELOPE,118,N,DUMMY,1,1.0128009267648737,0.012800926764873655
SENSITIVITY_1SIGMA_ENVELOPE,119,P,BIT7,64,63.953286797858453,-0.00072989378346166589
SENSITIVITY_1SIGMA_ENVELOPE,119,P,BIT6,32,31.885045033509886,-0.0035923427028160537
SENSITIVITY_1SIGMA_ENVELOPE,119,P,BIT5,16,15.975055433072011,-0.0015590354329992895
SENSITIVITY_1SIGMA_ENVELOPE,119,P,BIT4,8,7.9320368400641721,-0.0084953949919784888
SENSITIVITY_1SIGMA_ENVELOPE,119,P,BIT3,4,4.051478013092229,0.012869503273057248
SENSITIVITY_1SIGMA_ENVELOPE,119,P,BIT2,2,1.9765885928455282,-0.011705703577235882
SENSITIVITY_1SIGMA_ENVELOPE,119,P,BIT1,1,0.99595153543817261,-0.0040484645618273918
SENSITIVITY_1SIGMA_ENVELOPE,119,P,DUMMY,1,1.000020535775608,2.0535775608010454e-05
SENSITIVITY_1SIGMA_ENVELOPE,119,N,BIT7,64,63.986393059266717,-0.00021260844895754083
SENSITIVITY_1SIGMA_ENVELOPE,119,N,BIT6,32,32.060620097107936,0.001894378034623001
SENSITIVITY_1SIGMA_ENVELOPE,119,N,BIT5,16,15.899637201402825,-0.0062726749123234171
SENSITIVITY_1SIGMA_ENVELOPE,119,N,BIT4,8,8.0847251182562214,0.010590639782027678
SENSITIVITY_1SIGMA_ENVELOPE,119,N,BIT3,4,3.9705666617373168,-0.0073583345656708099
SENSITIVITY_1SIGMA_ENVELOPE,119,N,BIT2,2,2.0070195978911469,0.0035097989455734613
SENSITIVITY_1SIGMA_ENVELOPE,119,N,BIT1,1,0.95352617513012983,-0.046473824869870173
SENSITIVITY_1SIGMA_ENVELOPE,119,N,DUMMY,1,1.0085332593925227,0.0085332593925226963
SENSITIVITY_1SIGMA_ENVELOPE,120,P,BIT7,64,64.067717709976648,0.0010580892183851276
SENSITIVITY_1SIGMA_ENVELOPE,120,P,BIT6,32,32.15635171798813,0.0048859911871290684
SENSITIVITY_1SIGMA_ENVELOPE,120,P,BIT5,16,16.074310956014607,0.004644434750912918
SENSITIVITY_1SIGMA_ENVELOPE,120,P,BIT4,8,8.0706761674078678,0.0088345209259834689
SENSITIVITY_1SIGMA_ENVELOPE,120,P,BIT3,4,4.0138131518887681,0.0034532879721920207
SENSITIVITY_1SIGMA_ENVELOPE,120,P,BIT2,2,2.0319790900390409,0.015989545019520435
SENSITIVITY_1SIGMA_ENVELOPE,120,P,BIT1,1,1.0195291874416184,0.019529187441618356
SENSITIVITY_1SIGMA_ENVELOPE,120,P,DUMMY,1,1.0098640158328849,0.0098640158328848759
SENSITIVITY_1SIGMA_ENVELOPE,120,N,BIT7,64,64.11066998364312,0.0017292184944237565
SENSITIVITY_1SIGMA_ENVELOPE,120,N,BIT6,32,31.700794509330226,-0.0093501715834304333
SENSITIVITY_1SIGMA_ENVELOPE,120,N,BIT5,16,16.041649977742125,0.002603123608882818
SENSITIVITY_1SIGMA_ENVELOPE,120,N,BIT4,8,8.0612938399444793,0.0076617299930599181
SENSITIVITY_1SIGMA_ENVELOPE,120,N,BIT3,4,3.9543774205120279,-0.011405644871993026
SENSITIVITY_1SIGMA_ENVELOPE,120,N,BIT2,2,2.008267708607447,0.0041338543037234832
SENSITIVITY_1SIGMA_ENVELOPE,120,N,BIT1,1,0.9939378586556491,-0.006062141344350902
SENSITIVITY_1SIGMA_ENVELOPE,120,N,DUMMY,1,0.96628109107159932,-0.033718908928400682
SENSITIVITY_1SIGMA_ENVELOPE,121,P,BIT7,64,64.124463331248378,0.001944739550755914
SENSITIVITY_1SIGMA_ENVELOPE,121,P,BIT6,32,32.000631456152512,1.9733004765987161e-05
SENSITIVITY_1SIGMA_ENVELOPE,121,P,BIT5,16,16.047032305334536,0.0029395190834085039
SENSITIVITY_1SIGMA_ENVELOPE,121,P,BIT4,8,7.81056960483971,-0.023678799395036254
SENSITIVITY_1SIGMA_ENVELOPE,121,P,BIT3,4,3.9733003362776671,-0.0066749159305832251
SENSITIVITY_1SIGMA_ENVELOPE,121,P,BIT2,2,2.0617010869566088,0.030850543478304404
SENSITIVITY_1SIGMA_ENVELOPE,121,P,BIT1,1,1.0184115915751908,0.018411591575190789
SENSITIVITY_1SIGMA_ENVELOPE,121,P,DUMMY,1,1.0144466269334436,0.014446626933443563
SENSITIVITY_1SIGMA_ENVELOPE,121,N,BIT7,64,63.809117401955064,-0.0029825405944521322
SENSITIVITY_1SIGMA_ENVELOPE,121,N,BIT6,32,32.158270799229413,0.0049459624759191634
SENSITIVITY_1SIGMA_ENVELOPE,121,N,BIT5,16,16.19043006919231,0.01190187932451936
SENSITIVITY_1SIGMA_ENVELOPE,121,N,BIT4,8,8.1159298641356905,0.014491233016961313
SENSITIVITY_1SIGMA_ENVELOPE,121,N,BIT3,4,3.9747082625681482,-0.0063229343579629393
SENSITIVITY_1SIGMA_ENVELOPE,121,N,BIT2,2,2.0474177858299436,0.023708892914971802
SENSITIVITY_1SIGMA_ENVELOPE,121,N,BIT1,1,1.0159093364769676,0.015909336476967573
SENSITIVITY_1SIGMA_ENVELOPE,121,N,DUMMY,1,1.0436339616324211,0.043633961632421059
SENSITIVITY_1SIGMA_ENVELOPE,122,P,BIT7,64,63.960879174528451,-0.00061126289799295908
SENSITIVITY_1SIGMA_ENVELOPE,122,P,BIT6,32,31.782752502381484,-0.0067889843005786155
SENSITIVITY_1SIGMA_ENVELOPE,122,P,BIT5,16,15.987112177596781,-0.00080548890020115671
SENSITIVITY_1SIGMA_ENVELOPE,122,P,BIT4,8,7.9422993862237936,-0.0072125767220257986
SENSITIVITY_1SIGMA_ENVELOPE,122,P,BIT3,4,3.9625107457628141,-0.0093723135592964635
SENSITIVITY_1SIGMA_ENVELOPE,122,P,BIT2,2,2.0541733011482317,0.027086650574115856
SENSITIVITY_1SIGMA_ENVELOPE,122,P,BIT1,1,1.0124265787708986,0.012426578770898589
SENSITIVITY_1SIGMA_ENVELOPE,122,P,DUMMY,1,0.97873915268061329,-0.021260847319386711
SENSITIVITY_1SIGMA_ENVELOPE,122,N,BIT7,64,64.006965609663268,0.00010883765098856912
SENSITIVITY_1SIGMA_ENVELOPE,122,N,BIT6,32,32.020797263416036,0.00064991448175111266
SENSITIVITY_1SIGMA_ENVELOPE,122,N,BIT5,16,15.691665255203594,-0.019270921549775388
SENSITIVITY_1SIGMA_ENVELOPE,122,N,BIT4,8,8.0294883195131206,0.0036860399391400733
SENSITIVITY_1SIGMA_ENVELOPE,122,N,BIT3,4,4.0025113488172943,0.00062783720432357804
SENSITIVITY_1SIGMA_ENVELOPE,122,N,BIT2,2,2.0125958207934431,0.0062979103967215622
SENSITIVITY_1SIGMA_ENVELOPE,122,N,BIT1,1,0.9416147692490322,-0.058385230750967798
SENSITIVITY_1SIGMA_ENVELOPE,122,N,DUMMY,1,1.0024884471162641,0.0024884471162640587
SENSITIVITY_1SIGMA_ENVELOPE,123,P,BIT7,64,64.165772507256023,0.0025901954258753523
SENSITIVITY_1SIGMA_ENVELOPE,123,P,BIT6,32,32.108095546350413,0.0033779858234503912
SENSITIVITY_1SIGMA_ENVELOPE,123,P,BIT5,16,16.148520829797693,0.0092825518623558256
SENSITIVITY_1SIGMA_ENVELOPE,123,P,BIT4,8,7.9442009467965615,-0.0069748816504298095
SENSITIVITY_1SIGMA_ENVELOPE,123,P,BIT3,4,3.9296435971330221,-0.017589100716744466
SENSITIVITY_1SIGMA_ENVELOPE,123,P,BIT2,2,1.9794158579838457,-0.010292071008077164
SENSITIVITY_1SIGMA_ENVELOPE,123,P,BIT1,1,0.9879489867361857,-0.012051013263814303
SENSITIVITY_1SIGMA_ENVELOPE,123,P,DUMMY,1,0.98966476718228269,-0.01033523281771731
SENSITIVITY_1SIGMA_ENVELOPE,123,N,BIT7,64,63.960835137138929,-0.00061195098220423461
SENSITIVITY_1SIGMA_ENVELOPE,123,N,BIT6,32,32.077029586322652,0.0024071745725828819
SENSITIVITY_1SIGMA_ENVELOPE,123,N,BIT5,16,16.050826860141797,0.0031766787588622947
SENSITIVITY_1SIGMA_ENVELOPE,123,N,BIT4,8,7.9733490955732744,-0.0033313630533406968
SENSITIVITY_1SIGMA_ENVELOPE,123,N,BIT3,4,3.9974076887767538,-0.00064807780581155328
SENSITIVITY_1SIGMA_ENVELOPE,123,N,BIT2,2,1.977823504223533,-0.011088247888233482
SENSITIVITY_1SIGMA_ENVELOPE,123,N,BIT1,1,1.0201791447159794,0.020179144715979369
SENSITIVITY_1SIGMA_ENVELOPE,123,N,DUMMY,1,0.98117646407693027,-0.018823535923069734
SENSITIVITY_1SIGMA_ENVELOPE,124,P,BIT7,64,63.689607107216268,-0.0048498889497458064
SENSITIVITY_1SIGMA_ENVELOPE,124,P,BIT6,32,31.977699404675153,-0.0006968936039014606
SENSITIVITY_1SIGMA_ENVELOPE,124,P,BIT5,16,16.053581970861387,0.0033488731788366977
SENSITIVITY_1SIGMA_ENVELOPE,124,P,BIT4,8,7.9059008238979427,-0.011762397012757164
SENSITIVITY_1SIGMA_ENVELOPE,124,P,BIT3,4,3.9880117349976301,-0.0029970662505924839
SENSITIVITY_1SIGMA_ENVELOPE,124,P,BIT2,2,2.0037312339248698,0.0018656169624349239
SENSITIVITY_1SIGMA_ENVELOPE,124,P,BIT1,1,0.99198922792485522,-0.0080107720751447786
SENSITIVITY_1SIGMA_ENVELOPE,124,P,DUMMY,1,1.030889487017447,0.030889487017446982
SENSITIVITY_1SIGMA_ENVELOPE,124,N,BIT7,64,64.145502257072977,0.002273472766765261
SENSITIVITY_1SIGMA_ENVELOPE,124,N,BIT6,32,31.926297800890438,-0.0023031937221738019
SENSITIVITY_1SIGMA_ENVELOPE,124,N,BIT5,16,16.163413826250121,0.010213364140632564
SENSITIVITY_1SIGMA_ENVELOPE,124,N,BIT4,8,8.0501480711211606,0.0062685088901450747
SENSITIVITY_1SIGMA_ENVELOPE,124,N,BIT3,4,3.9587721176024195,-0.010306970599395116
SENSITIVITY_1SIGMA_ENVELOPE,124,N,BIT2,2,2.0000809346487909,4.0467324395443427e-05
SENSITIVITY_1SIGMA_ENVELOPE,124,N,BIT1,1,0.97965617548216821,-0.020343824517831788
SENSITIVITY_1SIGMA_ENVELOPE,124,N,DUMMY,1,0.97223751299008287,-0.027762487009917125
SENSITIVITY_1SIGMA_ENVELOPE,125,P,BIT7,64,64.067902950721219,0.0010609836050190502
SENSITIVITY_1SIGMA_ENVELOPE,125,P,BIT6,32,32.077153062551844,0.0024110332047451166
SENSITIVITY_1SIGMA_ENVELOPE,125,P,BIT5,16,16.135586549265931,0.0084741593291206563
SENSITIVITY_1SIGMA_ENVELOPE,125,P,BIT4,8,7.9453793812721454,-0.0068275773409818274
SENSITIVITY_1SIGMA_ENVELOPE,125,P,BIT3,4,3.9963255518517826,-0.00091861203705434491
SENSITIVITY_1SIGMA_ENVELOPE,125,P,BIT2,2,2.0449105700778243,0.022455285038912143
SENSITIVITY_1SIGMA_ENVELOPE,125,P,BIT1,1,1.0300412870647337,0.030041287064733746
SENSITIVITY_1SIGMA_ENVELOPE,125,P,DUMMY,1,1.0301576320072436,0.03015763200724364
SENSITIVITY_1SIGMA_ENVELOPE,125,N,BIT7,64,64.443752349288417,0.0069336304576315122
SENSITIVITY_1SIGMA_ENVELOPE,125,N,BIT6,32,31.755787807576898,-0.0076316310132219511
SENSITIVITY_1SIGMA_ENVELOPE,125,N,BIT5,16,16.075639845247245,0.0047274903279528324
SENSITIVITY_1SIGMA_ENVELOPE,125,N,BIT4,8,7.9146483911266898,-0.010668951109163771
SENSITIVITY_1SIGMA_ENVELOPE,125,N,BIT3,4,3.9785567171376113,-0.005360820715597181
SENSITIVITY_1SIGMA_ENVELOPE,125,N,BIT2,2,1.9971790668826286,-0.0014104665586857079
SENSITIVITY_1SIGMA_ENVELOPE,125,N,BIT1,1,0.98503962970457315,-0.01496037029542685
SENSITIVITY_1SIGMA_ENVELOPE,125,N,DUMMY,1,1.0174196597807112,0.01741965978071125
SENSITIVITY_1SIGMA_ENVELOPE,126,P,BIT7,64,64.147478320164794,0.0023043487525749029
SENSITIVITY_1SIGMA_ENVELOPE,126,P,BIT6,32,31.99235424913492,-0.00023892971453376433
SENSITIVITY_1SIGMA_ENVELOPE,126,P,BIT5,16,16.005921085350032,0.00037006783437698587
SENSITIVITY_1SIGMA_ENVELOPE,126,P,BIT4,8,8.1473061334077954,0.018413266675974427
SENSITIVITY_1SIGMA_ENVELOPE,126,P,BIT3,4,3.96285685760671,-0.0092857855983224935
SENSITIVITY_1SIGMA_ENVELOPE,126,P,BIT2,2,2.0086432620933286,0.004321631046664276
SENSITIVITY_1SIGMA_ENVELOPE,126,P,BIT1,1,0.9914396009792138,-0.0085603990207862024
SENSITIVITY_1SIGMA_ENVELOPE,126,P,DUMMY,1,0.98138264526279662,-0.018617354737203384
SENSITIVITY_1SIGMA_ENVELOPE,126,N,BIT7,64,64.100861468917941,0.0015759604518428283
SENSITIVITY_1SIGMA_ENVELOPE,126,N,BIT6,32,32.101232695554998,0.0031635217360936885
SENSITIVITY_1SIGMA_ENVELOPE,126,N,BIT5,16,16.122365602821834,0.0076478501763646012
SENSITIVITY_1SIGMA_ENVELOPE,126,N,BIT4,8,7.9928064617387893,-0.00089919228265133988
SENSITIVITY_1SIGMA_ENVELOPE,126,N,BIT3,4,4.0411078511713079,0.010276962792826971
SENSITIVITY_1SIGMA_ENVELOPE,126,N,BIT2,2,1.9722533401804163,-0.013873329909791843
SENSITIVITY_1SIGMA_ENVELOPE,126,N,BIT1,1,0.98652334347096615,-0.013476656529033848
SENSITIVITY_1SIGMA_ENVELOPE,126,N,DUMMY,1,1.0034528657677533,0.003452865767753277
SENSITIVITY_1SIGMA_ENVELOPE,127,P,BIT7,64,63.925615684515613,-0.0011622549294435514
SENSITIVITY_1SIGMA_ENVELOPE,127,P,BIT6,32,31.97903915485302,-0.00065502641084314028
SENSITIVITY_1SIGMA_ENVELOPE,127,P,BIT5,16,16.092678667324712,0.0057924167077945121
SENSITIVITY_1SIGMA_ENVELOPE,127,P,BIT4,8,7.8963044043272692,-0.012961949459091349
SENSITIVITY_1SIGMA_ENVELOPE,127,P,BIT3,4,3.9941839851670644,-0.0014540037082338975
SENSITIVITY_1SIGMA_ENVELOPE,127,P,BIT2,2,1.9496252868808619,-0.025187356559569052
SENSITIVITY_1SIGMA_ENVELOPE,127,P,BIT1,1,1.0213634414064501,0.021363441406450079
SENSITIVITY_1SIGMA_ENVELOPE,127,P,DUMMY,1,0.98371923706523967,-0.016280762934760329
SENSITIVITY_1SIGMA_ENVELOPE,127,N,BIT7,64,63.847901195693879,-0.0023765438172831388
SENSITIVITY_1SIGMA_ENVELOPE,127,N,BIT6,32,31.991014207147266,-0.00028080602664792842
SENSITIVITY_1SIGMA_ENVELOPE,127,N,BIT5,16,15.960877072841633,-0.0024451829473979281
SENSITIVITY_1SIGMA_ENVELOPE,127,N,BIT4,8,8.0007619765646005,9.5247070575066317e-05
SENSITIVITY_1SIGMA_ENVELOPE,127,N,BIT3,4,3.9816359535079844,-0.0045910116230039044
SENSITIVITY_1SIGMA_ENVELOPE,127,N,BIT2,2,2.0205018609768666,0.010250930488433285
SENSITIVITY_1SIGMA_ENVELOPE,127,N,BIT1,1,1.0371688010618931,0.037168801061893131
SENSITIVITY_1SIGMA_ENVELOPE,127,N,DUMMY,1,1.0088973377279908,0.0088973377279908394
SENSITIVITY_1SIGMA_ENVELOPE,128,P,BIT7,64,64.166179448144703,0.0025965538772609875
SENSITIVITY_1SIGMA_ENVELOPE,128,P,BIT6,32,31.997001192128934,-9.3712745970808697e-05
SENSITIVITY_1SIGMA_ENVELOPE,128,P,BIT5,16,15.906077567285106,-0.0058701520446808875
SENSITIVITY_1SIGMA_ENVELOPE,128,P,BIT4,8,8.0669090797015119,0.0083636349626889928
SENSITIVITY_1SIGMA_ENVELOPE,128,P,BIT3,4,3.9946343768307258,-0.0013414057923185618
SENSITIVITY_1SIGMA_ENVELOPE,128,P,BIT2,2,2.0667998331379045,0.033399916568952248
SENSITIVITY_1SIGMA_ENVELOPE,128,P,BIT1,1,1.0146102078909054,0.014610207890905391
SENSITIVITY_1SIGMA_ENVELOPE,128,P,DUMMY,1,0.93558297438265403,-0.064417025617345969
SENSITIVITY_1SIGMA_ENVELOPE,128,N,BIT7,64,64.147381003736044,0.0023028281833756825
SENSITIVITY_1SIGMA_ENVELOPE,128,N,BIT6,32,31.742618341622567,-0.0080431768242947843
SENSITIVITY_1SIGMA_ENVELOPE,128,N,BIT5,16,15.855559604658215,-0.0090275247088615895
SENSITIVITY_1SIGMA_ENVELOPE,128,N,BIT4,8,8.0541540420962683,0.0067692552620335356
SENSITIVITY_1SIGMA_ENVELOPE,128,N,BIT3,4,4.0745122621041459,0.018628065526036464
SENSITIVITY_1SIGMA_ENVELOPE,128,N,BIT2,2,1.9594071832672224,-0.020296408366388796
SENSITIVITY_1SIGMA_ENVELOPE,128,N,BIT1,1,1.0136804617408068,0.013680461740806837
SENSITIVITY_1SIGMA_ENVELOPE,128,N,DUMMY,1,1.0067324808042775,0.0067324808042774631
SENSITIVITY_1SIGMA_ENVELOPE,129,P,BIT7,64,63.698976405209436,-0.0047034936686025652
SENSITIVITY_1SIGMA_ENVELOPE,129,P,BIT6,32,31.823234306352042,-0.0055239279264986951
SENSITIVITY_1SIGMA_ENVELOPE,129,P,BIT5,16,16.072761828968805,0.0045476143105502853
SENSITIVITY_1SIGMA_ENVELOPE,129,P,BIT4,8,8.0630556864454022,0.0078819608056752699
SENSITIVITY_1SIGMA_ENVELOPE,129,P,BIT3,4,3.9925711868363041,-0.0018572032909239811
SENSITIVITY_1SIGMA_ENVELOPE,129,P,BIT2,2,1.9982861279341764,-0.00085693603291181475
SENSITIVITY_1SIGMA_ENVELOPE,129,P,BIT1,1,0.99257651710906381,-0.007423482890936195
SENSITIVITY_1SIGMA_ENVELOPE,129,P,DUMMY,1,0.97006502113594262,-0.029934978864057382
SENSITIVITY_1SIGMA_ENVELOPE,129,N,BIT7,64,63.870648465202017,-0.0020211177312184914
SENSITIVITY_1SIGMA_ENVELOPE,129,N,BIT6,32,31.843352326717451,-0.004895239790079664
SENSITIVITY_1SIGMA_ENVELOPE,129,N,BIT5,16,15.926877267974451,-0.0045701707515968248
SENSITIVITY_1SIGMA_ENVELOPE,129,N,BIT4,8,7.9597707765932899,-0.0050286529258387613
SENSITIVITY_1SIGMA_ENVELOPE,129,N,BIT3,4,3.9305683180035444,-0.017357920499113888
SENSITIVITY_1SIGMA_ENVELOPE,129,N,BIT2,2,2.0163779308915371,0.0081889654457685257
SENSITIVITY_1SIGMA_ENVELOPE,129,N,BIT1,1,0.99736560174091837,-0.0026343982590816273
SENSITIVITY_1SIGMA_ENVELOPE,129,N,DUMMY,1,1.0097479493903216,0.0097479493903216419
SENSITIVITY_1SIGMA_ENVELOPE,130,P,BIT7,64,63.954927494155598,-0.0007042579038187835
SENSITIVITY_1SIGMA_ENVELOPE,130,P,BIT6,32,31.986596293779314,-0.00041886581939643008
SENSITIVITY_1SIGMA_ENVELOPE,130,P,BIT5,16,16.056294498450928,0.0035184061531829958
SENSITIVITY_1SIGMA_ENVELOPE,130,P,BIT4,8,8.1250406444485286,0.015630080556066073
SENSITIVITY_1SIGMA_ENVELOPE,130,P,BIT3,4,4.0245264583625984,0.0061316145906495922
SENSITIVITY_1SIGMA_ENVELOPE,130,P,BIT2,2,2.0133451506773832,0.0066725753386915887
SENSITIVITY_1SIGMA_ENVELOPE,130,P,BIT1,1,1.0652258175325686,0.06522581753256862
SENSITIVITY_1SIGMA_ENVELOPE,130,P,DUMMY,1,1.0225274247980325,0.022527424798032492
SENSITIVITY_1SIGMA_ENVELOPE,130,N,BIT7,64,64.173244319742949,0.0027069424959835775
SENSITIVITY_1SIGMA_ENVELOPE,130,N,BIT6,32,32.037501718815363,0.0011719287129801081
SENSITIVITY_1SIGMA_ENVELOPE,130,N,BIT5,16,15.988564482317507,-0.00071471985515580982
SENSITIVITY_1SIGMA_ENVELOPE,130,N,BIT4,8,8.0288961566479493,0.0036120195809936639
SENSITIVITY_1SIGMA_ENVELOPE,130,N,BIT3,4,3.9945280674384835,-0.0013679831403791143
SENSITIVITY_1SIGMA_ENVELOPE,130,N,BIT2,2,1.9627249391636317,-0.018637530418184167
SENSITIVITY_1SIGMA_ENVELOPE,130,N,BIT1,1,0.97288148270245778,-0.027118517297542222
SENSITIVITY_1SIGMA_ENVELOPE,130,N,DUMMY,1,0.98439949339226696,-0.015600506607733045
SENSITIVITY_1SIGMA_ENVELOPE,131,P,BIT7,64,64.273710725195741,0.0042767300811834552
SENSITIVITY_1SIGMA_ENVELOPE,131,P,BIT6,32,31.983537535094285,-0.00051445202830358028
SENSITIVITY_1SIGMA_ENVELOPE,131,P,BIT5,16,15.800779535747731,-0.012451279015766814
SENSITIVITY_1SIGMA_ENVELOPE,131,P,BIT4,8,7.9270317784056594,-0.0091210276992925721
SENSITIVITY_1SIGMA_ENVELOPE,131,P,BIT3,4,3.9497043043357709,-0.012573923916057272
SENSITIVITY_1SIGMA_ENVELOPE,131,P,BIT2,2,2.0106602084520717,0.0053301042260358589
SENSITIVITY_1SIGMA_ENVELOPE,131,P,BIT1,1,0.98318789031995302,-0.016812109680046983
SENSITIVITY_1SIGMA_ENVELOPE,131,P,DUMMY,1,0.99173724886510517,-0.0082627511348948302
SENSITIVITY_1SIGMA_ENVELOPE,131,N,BIT7,64,63.906307338368151,-0.0014639478379976367
SENSITIVITY_1SIGMA_ENVELOPE,131,N,BIT6,32,32.077553233837662,0.0024235385574269408
SENSITIVITY_1SIGMA_ENVELOPE,131,N,BIT5,16,15.977661262316907,-0.0013961711051933001
SENSITIVITY_1SIGMA_ENVELOPE,131,N,BIT4,8,7.9638450155647469,-0.0045193730544066391
SENSITIVITY_1SIGMA_ENVELOPE,131,N,BIT3,4,3.9499909370898001,-0.012502265727549977
SENSITIVITY_1SIGMA_ENVELOPE,131,N,BIT2,2,1.9499521039720733,-0.025023948013963349
SENSITIVITY_1SIGMA_ENVELOPE,131,N,BIT1,1,1.0090487323650006,0.0090487323650005891
SENSITIVITY_1SIGMA_ENVELOPE,131,N,DUMMY,1,0.96534364275609619,-0.034656357243903813
SENSITIVITY_1SIGMA_ENVELOPE,132,P,BIT7,64,63.986269597717182,-0.00021453753566902378
SENSITIVITY_1SIGMA_ENVELOPE,132,P,BIT6,32,31.995051295513353,-0.00015464701520773172
SENSITIVITY_1SIGMA_ENVELOPE,132,P,BIT5,16,15.923715229638386,-0.0047677981476008657
SENSITIVITY_1SIGMA_ENVELOPE,132,P,BIT4,8,8.0021082438977249,0.00026353048721561301
SENSITIVITY_1SIGMA_ENVELOPE,132,P,BIT3,4,4.041456169364845,0.010364042341211244
SENSITIVITY_1SIGMA_ENVELOPE,132,P,BIT2,2,2.0049704967620503,0.0024852483810251513
SENSITIVITY_1SIGMA_ENVELOPE,132,P,BIT1,1,0.98761801669299165,-0.012381983307008348
SENSITIVITY_1SIGMA_ENVELOPE,132,P,DUMMY,1,1.0397674038260456,0.0397674038260456
SENSITIVITY_1SIGMA_ENVELOPE,132,N,BIT7,64,63.928416888468973,-0.0011184861176722904
SENSITIVITY_1SIGMA_ENVELOPE,132,N,BIT6,32,32.166849000368245,0.0052140312615076567
SENSITIVITY_1SIGMA_ENVELOPE,132,N,BIT5,16,16.091114753404746,0.005694672087796615
SENSITIVITY_1SIGMA_ENVELOPE,132,N,BIT4,8,8.1050654207693356,0.013133177596166945
SENSITIVITY_1SIGMA_ENVELOPE,132,N,BIT3,4,3.9645955702261628,-0.008851107443459294
SENSITIVITY_1SIGMA_ENVELOPE,132,N,BIT2,2,2.0073008095125697,0.003650404756284864
SENSITIVITY_1SIGMA_ENVELOPE,132,N,BIT1,1,1.0348707667508628,0.034870766750862758
SENSITIVITY_1SIGMA_ENVELOPE,132,N,DUMMY,1,1.0215931115140362,0.021593111514036201
SENSITIVITY_1SIGMA_ENVELOPE,133,P,BIT7,64,63.968672991436861,-0.00048948450879904293
SENSITIVITY_1SIGMA_ENVELOPE,133,P,BIT6,32,32.001030948959752,3.2217154992242314e-05
SENSITIVITY_1SIGMA_ENVELOPE,133,P,BIT5,16,15.915253568993091,-0.0052966519379318289
SENSITIVITY_1SIGMA_ENVELOPE,133,P,BIT4,8,8.0470182605262135,0.005877282565776687
SENSITIVITY_1SIGMA_ENVELOPE,133,P,BIT3,4,4.0463364398883233,0.011584109972080814
SENSITIVITY_1SIGMA_ENVELOPE,133,P,BIT2,2,1.9633149070641553,-0.018342546467922327
SENSITIVITY_1SIGMA_ENVELOPE,133,P,BIT1,1,0.95404712805481939,-0.045952871945180607
SENSITIVITY_1SIGMA_ENVELOPE,133,P,DUMMY,1,1.0006330897634896,0.00063308976348963597
SENSITIVITY_1SIGMA_ENVELOPE,133,N,BIT7,64,64.295399049527646,0.0046156101488694645
SENSITIVITY_1SIGMA_ENVELOPE,133,N,BIT6,32,32.108645696345988,0.0033951780108121277
SENSITIVITY_1SIGMA_ENVELOPE,133,N,BIT5,16,15.961997511603846,-0.0023751555247596423
SENSITIVITY_1SIGMA_ENVELOPE,133,N,BIT4,8,7.9825322258556106,-0.0021834717680486726
SENSITIVITY_1SIGMA_ENVELOPE,133,N,BIT3,4,3.9809081723265862,-0.0047729569183534437
SENSITIVITY_1SIGMA_ENVELOPE,133,N,BIT2,2,1.9861451914922847,-0.0069274042538576275
SENSITIVITY_1SIGMA_ENVELOPE,133,N,BIT1,1,0.99847257522431421,-0.0015274247756857928
SENSITIVITY_1SIGMA_ENVELOPE,133,N,DUMMY,1,1.0337878505941904,0.033787850594190427
SENSITIVITY_1SIGMA_ENVELOPE,134,P,BIT7,64,64.121872043584204,0.0019042506810031945
SENSITIVITY_1SIGMA_ENVELOPE,134,P,BIT6,32,32.006693888524254,0.00020918401638292394
SENSITIVITY_1SIGMA_ENVELOPE,134,P,BIT5,16,16.125076813712305,0.0078173008570190383
SENSITIVITY_1SIGMA_ENVELOPE,134,P,BIT4,8,8.0386634635016829,0.0048329329377103658
SENSITIVITY_1SIGMA_ENVELOPE,134,P,BIT3,4,4.0487067711672857,0.012176692791821431
SENSITIVITY_1SIGMA_ENVELOPE,134,P,BIT2,2,1.9973998577743395,-0.0013000711128302589
SENSITIVITY_1SIGMA_ENVELOPE,134,P,BIT1,1,1.0679572358209408,0.06795723582094082
SENSITIVITY_1SIGMA_ENVELOPE,134,P,DUMMY,1,1.0029144490908959,0.0029144490908958876
SENSITIVITY_1SIGMA_ENVELOPE,134,N,BIT7,64,63.940688987132802,-0.00092673457604997012
SENSITIVITY_1SIGMA_ENVELOPE,134,N,BIT6,32,32.069008405257144,0.0021565126642857368
SENSITIVITY_1SIGMA_ENVELOPE,134,N,BIT5,16,15.991895529964339,-0.00050652937722883706
SENSITIVITY_1SIGMA_ENVELOPE,134,N,BIT4,8,8.0568568225792347,0.0071071028224043431
SENSITIVITY_1SIGMA_ENVELOPE,134,N,BIT3,4,3.9227887074901813,-0.019302823127454682
SENSITIVITY_1SIGMA_ENVELOPE,134,N,BIT2,2,1.9673141381977484,-0.016342930901125818
SENSITIVITY_1SIGMA_ENVELOPE,134,N,BIT1,1,0.97785498296974371,-0.022145017030256287
SENSITIVITY_1SIGMA_ENVELOPE,134,N,DUMMY,1,0.99475007575071561,-0.0052499242492843878
SENSITIVITY_1SIGMA_ENVELOPE,135,P,BIT7,64,63.856482136363823,-0.0022424666193152643
SENSITIVITY_1SIGMA_ENVELOPE,135,P,BIT6,32,32.019279647035674,0.00060248896986481171
SENSITIVITY_1SIGMA_ENVELOPE,135,P,BIT5,16,16.020816459615986,0.0013010287259991316
SENSITIVITY_1SIGMA_ENVELOPE,135,P,BIT4,8,8.0859758653309335,0.010746983166366686
SENSITIVITY_1SIGMA_ENVELOPE,135,P,BIT3,4,3.9845545574698185,-0.0038613606325453853
SENSITIVITY_1SIGMA_ENVELOPE,135,P,BIT2,2,2.0436102982698268,0.021805149134913382
SENSITIVITY_1SIGMA_ENVELOPE,135,P,BIT1,1,1.0176118562260468,0.017611856226046774
SENSITIVITY_1SIGMA_ENVELOPE,135,P,DUMMY,1,1.0327660727375423,0.032766072737542284
SENSITIVITY_1SIGMA_ENVELOPE,135,N,BIT7,64,63.996563218377894,-5.3699712845411973e-05
SENSITIVITY_1SIGMA_ENVELOPE,135,N,BIT6,32,31.974560314105108,-0.00079499018421536061
SENSITIVITY_1SIGMA_ENVELOPE,135,N,BIT5,16,15.873340908236989,-0.007916193235188218
SENSITIVITY_1SIGMA_ENVELOPE,135,N,BIT4,8,8.044249124939844,0.0055311406174805011
SENSITIVITY_1SIGMA_ENVELOPE,135,N,BIT3,4,3.997202363819111,-0.00069940904522225456
SENSITIVITY_1SIGMA_ENVELOPE,135,N,BIT2,2,2.0577355260503261,0.028867763025163029
SENSITIVITY_1SIGMA_ENVELOPE,135,N,BIT1,1,0.99519187495426542,-0.0048081250457345792
SENSITIVITY_1SIGMA_ENVELOPE,135,N,DUMMY,1,0.98424796348386756,-0.015752036516132439
SENSITIVITY_1SIGMA_ENVELOPE,136,P,BIT7,64,63.587849718323817,-0.0064398481511903638
SENSITIVITY_1SIGMA_ENVELOPE,136,P,BIT6,32,31.853202045362838,-0.0045874360824113003
SENSITIVITY_1SIGMA_ENVELOPE,136,P,BIT5,16,15.882140670229633,-0.0073662081106479205
SENSITIVITY_1SIGMA_ENVELOPE,136,P,BIT4,8,8.0306551991493489,0.0038318998936686111
SENSITIVITY_1SIGMA_ENVELOPE,136,P,BIT3,4,4.030490102321318,0.0076225255803294978
SENSITIVITY_1SIGMA_ENVELOPE,136,P,BIT2,2,2.0193096635821473,0.0096548317910736259
SENSITIVITY_1SIGMA_ENVELOPE,136,P,BIT1,1,1.0354723170947902,0.035472317094790151
SENSITIVITY_1SIGMA_ENVELOPE,136,P,DUMMY,1,1.0256892874285013,0.025689287428501295
SENSITIVITY_1SIGMA_ENVELOPE,136,N,BIT7,64,63.794879842800597,-0.0032050024562406687
SENSITIVITY_1SIGMA_ENVELOPE,136,N,BIT6,32,31.905661410441738,-0.0029480809236956951
SENSITIVITY_1SIGMA_ENVELOPE,136,N,BIT5,16,16.092928612465236,0.0058080382790772767
SENSITIVITY_1SIGMA_ENVELOPE,136,N,BIT4,8,7.9756160125494979,-0.0030479984313127595
SENSITIVITY_1SIGMA_ENVELOPE,136,N,BIT3,4,4.0045560590981975,0.0011390147745493628
SENSITIVITY_1SIGMA_ENVELOPE,136,N,BIT2,2,1.9904721002206971,-0.0047639498896514532
SENSITIVITY_1SIGMA_ENVELOPE,136,N,BIT1,1,1.0017437061021133,0.0017437061021132738
SENSITIVITY_1SIGMA_ENVELOPE,136,N,DUMMY,1,1.0058683612130723,0.0058683612130723262
SENSITIVITY_1SIGMA_ENVELOPE,137,P,BIT7,64,64.162637115665532,0.0025412049322739438
SENSITIVITY_1SIGMA_ENVELOPE,137,P,BIT6,32,31.628767126636966,-0.011601027292594823
SENSITIVITY_1SIGMA_ENVELOPE,137,P,BIT5,16,16.14473615216118,0.009046009510073727
SENSITIVITY_1SIGMA_ENVELOPE,137,P,BIT4,8,7.9340483255406298,-0.008243959307421278
SENSITIVITY_1SIGMA_ENVELOPE,137,P,BIT3,4,3.9542262043693137,-0.011443448907671572
SENSITIVITY_1SIGMA_ENVELOPE,137,P,BIT2,2,2.0174797179281403,0.0087398589640701463
SENSITIVITY_1SIGMA_ENVELOPE,137,P,BIT1,1,0.9783090706486639,-0.021690929351336097
SENSITIVITY_1SIGMA_ENVELOPE,137,P,DUMMY,1,0.99600645014641442,-0.0039935498535855762
SENSITIVITY_1SIGMA_ENVELOPE,137,N,BIT7,64,64.305545274862354,0.0047741449197242769
SENSITIVITY_1SIGMA_ENVELOPE,137,N,BIT6,32,31.874660640264505,-0.0039168549917342199
SENSITIVITY_1SIGMA_ENVELOPE,137,N,BIT5,16,16.166496409386426,0.010406025586651602
SENSITIVITY_1SIGMA_ENVELOPE,137,N,BIT4,8,8.0034597604539801,0.00043247005674751371
SENSITIVITY_1SIGMA_ENVELOPE,137,N,BIT3,4,4.0353775608621323,0.0088443902155330711
SENSITIVITY_1SIGMA_ENVELOPE,137,N,BIT2,2,1.9498246675771655,-0.025087666211417226
SENSITIVITY_1SIGMA_ENVELOPE,137,N,BIT1,1,0.9666498003770051,-0.033350199622994903
SENSITIVITY_1SIGMA_ENVELOPE,137,N,DUMMY,1,0.97781786997610076,-0.022182130023899238
SENSITIVITY_1SIGMA_ENVELOPE,138,P,BIT7,64,63.873687864747332,-0.0019736271133229399
SENSITIVITY_1SIGMA_ENVELOPE,138,P,BIT6,32,32.141782468268083,0.0044307021333775953
SENSITIVITY_1SIGMA_ENVELOPE,138,P,BIT5,16,16.001475257025387,9.2203564086679179e-05
SENSITIVITY_1SIGMA_ENVELOPE,138,P,BIT4,8,7.9972535569530798,-0.00034330538086502216
SENSITIVITY_1SIGMA_ENVELOPE,138,P,BIT3,4,3.929817927246201,-0.017545518188449738
SENSITIVITY_1SIGMA_ENVELOPE,138,P,BIT2,2,1.9677076804132771,-0.016146159793361425
SENSITIVITY_1SIGMA_ENVELOPE,138,P,BIT1,1,0.9552780258473379,-0.044721974152662103
SENSITIVITY_1SIGMA_ENVELOPE,138,P,DUMMY,1,1.0067446976460588,0.0067446976460587837
SENSITIVITY_1SIGMA_ENVELOPE,138,N,BIT7,64,64.188054673783739,0.0029383542778709248
SENSITIVITY_1SIGMA_ENVELOPE,138,N,BIT6,32,31.980357739335609,-0.00061382064576220863
SENSITIVITY_1SIGMA_ENVELOPE,138,N,BIT5,16,15.888966708709425,-0.0069395807056609193
SENSITIVITY_1SIGMA_ENVELOPE,138,N,BIT4,8,7.9926110054922024,-0.00092362431347470242
SENSITIVITY_1SIGMA_ENVELOPE,138,N,BIT3,4,3.9896646736708159,-0.0025838315822960256
SENSITIVITY_1SIGMA_ENVELOPE,138,N,BIT2,2,1.9893456638634908,-0.0053271680682546174
SENSITIVITY_1SIGMA_ENVELOPE,138,N,BIT1,1,0.9839295849083346,-0.016070415091665402
SENSITIVITY_1SIGMA_ENVELOPE,138,N,DUMMY,1,0.95706695676975906,-0.042933043230240941
SENSITIVITY_1SIGMA_ENVELOPE,139,P,BIT7,64,64.159119708932053,0.0024862454520633293
SENSITIVITY_1SIGMA_ENVELOPE,139,P,BIT6,32,32.164287133105773,0.0051339729095554176
SENSITIVITY_1SIGMA_ENVELOPE,139,P,BIT5,16,16.015629116263504,0.00097681976646901703
SENSITIVITY_1SIGMA_ENVELOPE,139,P,BIT4,8,8.0724308388939079,0.0090538548617384862
SENSITIVITY_1SIGMA_ENVELOPE,139,P,BIT3,4,4.0473373607207135,0.011834340180178371
SENSITIVITY_1SIGMA_ENVELOPE,139,P,BIT2,2,2.0074506753734114,0.0037253376867056875
SENSITIVITY_1SIGMA_ENVELOPE,139,P,BIT1,1,0.990627533982265,-0.0093724660177350039
SENSITIVITY_1SIGMA_ENVELOPE,139,P,DUMMY,1,1.0336502313222946,0.03365023132229461
SENSITIVITY_1SIGMA_ENVELOPE,139,N,BIT7,64,64.147729401006501,0.0023082718907265765
SENSITIVITY_1SIGMA_ENVELOPE,139,N,BIT6,32,31.946389232697015,-0.00167533647821827
SENSITIVITY_1SIGMA_ENVELOPE,139,N,BIT5,16,16.026033086260156,0.0016270678912597702
SENSITIVITY_1SIGMA_ENVELOPE,139,N,BIT4,8,7.9583726217132531,-0.0052034222858433621
SENSITIVITY_1SIGMA_ENVELOPE,139,N,BIT3,4,3.986791350412155,-0.003302162396961239
SENSITIVITY_1SIGMA_ENVELOPE,139,N,BIT2,2,2.0423736868438414,0.021186843421920676
SENSITIVITY_1SIGMA_ENVELOPE,139,N,BIT1,1,0.99509162671721185,-0.0049083732827881477
SENSITIVITY_1SIGMA_ENVELOPE,139,N,DUMMY,1,1.0606906217142815,0.060690621714281523
SENSITIVITY_1SIGMA_ENVELOPE,140,P,BIT7,64,63.936236181865304,-0.0009963096583546216
SENSITIVITY_1SIGMA_ENVELOPE,140,P,BIT6,32,32.037967182932718,0.0011864744666474358
SENSITIVITY_1SIGMA_ENVELOPE,140,P,BIT5,16,16.052950898638027,0.0033094311648766972
SENSITIVITY_1SIGMA_ENVELOPE,140,P,BIT4,8,8.0260430661732745,0.0032553832716593067
SENSITIVITY_1SIGMA_ENVELOPE,140,P,BIT3,4,4.0334753215158807,0.0083688303789701823
SENSITIVITY_1SIGMA_ENVELOPE,140,P,BIT2,2,1.9700680199409253,-0.014965990029537357
SENSITIVITY_1SIGMA_ENVELOPE,140,P,BIT1,1,0.94420521992783391,-0.055794780072166095
SENSITIVITY_1SIGMA_ENVELOPE,140,P,DUMMY,1,0.96159824890784174,-0.038401751092158265
SENSITIVITY_1SIGMA_ENVELOPE,140,N,BIT7,64,63.969448878520168,-0.00047736127312236754
SENSITIVITY_1SIGMA_ENVELOPE,140,N,BIT6,32,31.961440393836924,-0.0012049876925961378
SENSITIVITY_1SIGMA_ENVELOPE,140,N,BIT5,16,15.940026882550139,-0.0037483198406162987
SENSITIVITY_1SIGMA_ENVELOPE,140,N,BIT4,8,7.9173712780085044,-0.010328590248936953
SENSITIVITY_1SIGMA_ENVELOPE,140,N,BIT3,4,4.0120474206982344,0.0030118551745585975
SENSITIVITY_1SIGMA_ENVELOPE,140,N,BIT2,2,1.9938239710967562,-0.0030880144516218788
SENSITIVITY_1SIGMA_ENVELOPE,140,N,BIT1,1,1.0278007239527693,0.027800723952769335
SENSITIVITY_1SIGMA_ENVELOPE,140,N,DUMMY,1,0.99671341098887567,-0.0032865890111243301
SENSITIVITY_1SIGMA_ENVELOPE,141,P,BIT7,64,63.513606105570346,-0.0075999046004633364
SENSITIVITY_1SIGMA_ENVELOPE,141,P,BIT6,32,32.118801977023843,0.0037125617819950829
SENSITIVITY_1SIGMA_ENVELOPE,141,P,BIT5,16,16.021374333781239,0.0013358958613274297
SENSITIVITY_1SIGMA_ENVELOPE,141,P,BIT4,8,8.1081777236106944,0.013522215451336805
SENSITIVITY_1SIGMA_ENVELOPE,141,P,BIT3,4,4.0637969749453422,0.01594924373633555
SENSITIVITY_1SIGMA_ENVELOPE,141,P,BIT2,2,1.9941955671136391,-0.0029022164431804498
SENSITIVITY_1SIGMA_ENVELOPE,141,P,BIT1,1,1.0300495205158573,0.030049520515857298
SENSITIVITY_1SIGMA_ENVELOPE,141,P,DUMMY,1,0.9815410313166788,-0.018458968683321197
SENSITIVITY_1SIGMA_ENVELOPE,141,N,BIT7,64,63.864377347944384,-0.0021191039383690047
SENSITIVITY_1SIGMA_ENVELOPE,141,N,BIT6,32,31.989533403350841,-0.00032708114528623433
SENSITIVITY_1SIGMA_ENVELOPE,141,N,BIT5,16,15.923505227477349,-0.0047809232826656611
SENSITIVITY_1SIGMA_ENVELOPE,141,N,BIT4,8,8.018755328436308,0.0023444160545385007
SENSITIVITY_1SIGMA_ENVELOPE,141,N,BIT3,4,4.0554776242084944,0.013869406052123612
SENSITIVITY_1SIGMA_ENVELOPE,141,N,BIT2,2,1.9820684633583068,-0.0089657683208466121
SENSITIVITY_1SIGMA_ENVELOPE,141,N,BIT1,1,1.015438462817678,0.015438462817678023
SENSITIVITY_1SIGMA_ENVELOPE,141,N,DUMMY,1,0.98470774732165944,-0.015292252678340557
SENSITIVITY_1SIGMA_ENVELOPE,142,P,BIT7,64,64.047924271400561,0.00074881674063376202
SENSITIVITY_1SIGMA_ENVELOPE,142,P,BIT6,32,32.11673057774891,0.0036478305546534529
SENSITIVITY_1SIGMA_ENVELOPE,142,P,BIT5,16,16.017074759868549,0.0010671724917843406
SENSITIVITY_1SIGMA_ENVELOPE,142,P,BIT4,8,8.0224763164636403,0.0028095395579550431
SENSITIVITY_1SIGMA_ENVELOPE,142,P,BIT3,4,3.9976224224358727,-0.00059439439103181613
SENSITIVITY_1SIGMA_ENVELOPE,142,P,BIT2,2,2.0375907170302421,0.018795358515121041
SENSITIVITY_1SIGMA_ENVELOPE,142,P,BIT1,1,0.98573084114539788,-0.014269158854602115
SENSITIVITY_1SIGMA_ENVELOPE,142,P,DUMMY,1,1.0255537211549353,0.025553721154935261
SENSITIVITY_1SIGMA_ENVELOPE,142,N,BIT7,64,63.714226741038878,-0.0044652071712675268
SENSITIVITY_1SIGMA_ENVELOPE,142,N,BIT6,32,31.841791257496471,-0.0049440232032352815
SENSITIVITY_1SIGMA_ENVELOPE,142,N,BIT5,16,16.067628431129794,0.0042267769456121318
SENSITIVITY_1SIGMA_ENVELOPE,142,N,BIT4,8,8.0509284495583291,0.0063660561947911365
SENSITIVITY_1SIGMA_ENVELOPE,142,N,BIT3,4,4.0252640406638207,0.0063160101659551771
SENSITIVITY_1SIGMA_ENVELOPE,142,N,BIT2,2,2.0212697145337248,0.010634857266862419
SENSITIVITY_1SIGMA_ENVELOPE,142,N,BIT1,1,0.99984338889890645,-0.00015661110109355114
SENSITIVITY_1SIGMA_ENVELOPE,142,N,DUMMY,1,1.0116544794815963,0.011654479481596258
SENSITIVITY_1SIGMA_ENVELOPE,143,P,BIT7,64,63.903831337233264,-0.001502635355730253
SENSITIVITY_1SIGMA_ENVELOPE,143,P,BIT6,32,31.989893255887861,-0.00031583575350435655
SENSITIVITY_1SIGMA_ENVELOPE,143,P,BIT5,16,15.970206448716388,-0.0018620969552257671
SENSITIVITY_1SIGMA_ENVELOPE,143,P,BIT4,8,7.9958011176975408,-0.0005248602878074049
SENSITIVITY_1SIGMA_ENVELOPE,143,P,BIT3,4,3.9942134747471307,-0.001446631313217317
SENSITIVITY_1SIGMA_ENVELOPE,143,P,BIT2,2,2.033020326195552,0.016510163097775976
SENSITIVITY_1SIGMA_ENVELOPE,143,P,BIT1,1,0.99804835131534908,-0.0019516486846509196
SENSITIVITY_1SIGMA_ENVELOPE,143,P,DUMMY,1,1.0045515012847153,0.0045515012847152647
SENSITIVITY_1SIGMA_ENVELOPE,143,N,BIT7,64,63.954914720047611,-0.00070445749925607259
SENSITIVITY_1SIGMA_ENVELOPE,143,N,BIT6,32,32.071772544590246,0.0022428920184451862
SENSITIVITY_1SIGMA_ENVELOPE,143,N,BIT5,16,15.919659302989416,-0.0050212935631614997
SENSITIVITY_1SIGMA_ENVELOPE,143,N,BIT4,8,8.0645404309227011,0.00806755386533764
SENSITIVITY_1SIGMA_ENVELOPE,143,N,BIT3,4,3.9784775497556399,-0.0053806125610900146
SENSITIVITY_1SIGMA_ENVELOPE,143,N,BIT2,2,2.0133859570896497,0.006692978544824868
SENSITIVITY_1SIGMA_ENVELOPE,143,N,BIT1,1,0.98357236554078875,-0.016427634459211249
SENSITIVITY_1SIGMA_ENVELOPE,143,N,DUMMY,1,1.008339997720298,0.0083399977202980313
SENSITIVITY_1SIGMA_ENVELOPE,144,P,BIT7,64,63.966941483533411,-0.00051653931979045442
SENSITIVITY_1SIGMA_ENVELOPE,144,P,BIT6,32,32.005612483854165,0.00017539012044265334
SENSITIVITY_1SIGMA_ENVELOPE,144,P,BIT5,16,15.932280041963928,-0.0042324973772545071
SENSITIVITY_1SIGMA_ENVELOPE,144,P,BIT4,8,8.1002891940136514,0.01253614925170643
SENSITIVITY_1SIGMA_ENVELOPE,144,P,BIT3,4,4.0543201623835081,0.01358004059587703
SENSITIVITY_1SIGMA_ENVELOPE,144,P,BIT2,2,1.9887004738470995,-0.0056497630764502649
SENSITIVITY_1SIGMA_ENVELOPE,144,P,BIT1,1,1.0161470555630525,0.016147055563052515
SENSITIVITY_1SIGMA_ENVELOPE,144,P,DUMMY,1,0.9716936943009632,-0.028306305699036804
SENSITIVITY_1SIGMA_ENVELOPE,144,N,BIT7,64,63.847877978241073,-0.0023769065899832409
SENSITIVITY_1SIGMA_ENVELOPE,144,N,BIT6,32,32.186226917053858,0.0058195911579330684
SENSITIVITY_1SIGMA_ENVELOPE,144,N,BIT5,16,15.89450462236595,-0.0065934611021281064
SENSITIVITY_1SIGMA_ENVELOPE,144,N,BIT4,8,8.0906162178825483,0.011327027235318532
SENSITIVITY_1SIGMA_ENVELOPE,144,N,BIT3,4,3.9789843180322619,-0.0052539204919345162
SENSITIVITY_1SIGMA_ENVELOPE,144,N,BIT2,2,1.9390238372131932,-0.030488081393403421
SENSITIVITY_1SIGMA_ENVELOPE,144,N,BIT1,1,0.99187791275351678,-0.0081220872464832228
SENSITIVITY_1SIGMA_ENVELOPE,144,N,DUMMY,1,1.0106062512213201,0.010606251221320084
SENSITIVITY_1SIGMA_ENVELOPE,145,P,BIT7,64,64.061401161009883,0.00095939314077941873
SENSITIVITY_1SIGMA_ENVELOPE,145,P,BIT6,32,32.243742952916364,0.0076169672786363662
SENSITIVITY_1SIGMA_ENVELOPE,145,P,BIT5,16,15.990288096451883,-0.00060699397175734138
SENSITIVITY_1SIGMA_ENVELOPE,145,P,BIT4,8,8.0576055487868867,0.0072006935983608411
SENSITIVITY_1SIGMA_ENVELOPE,145,P,BIT3,4,3.9444642836709471,-0.013883929082263213
SENSITIVITY_1SIGMA_ENVELOPE,145,P,BIT2,2,2.0424366927822764,0.021218346391138176
SENSITIVITY_1SIGMA_ENVELOPE,145,P,BIT1,1,0.99452704616017573,-0.0054729538398242683
SENSITIVITY_1SIGMA_ENVELOPE,145,P,DUMMY,1,1.0002751695989403,0.00027516959894025028
SENSITIVITY_1SIGMA_ENVELOPE,145,N,BIT7,64,64.118088872195074,0.0018451386280480264
SENSITIVITY_1SIGMA_ENVELOPE,145,N,BIT6,32,32.153570409605472,0.0047990753001709852
SENSITIVITY_1SIGMA_ENVELOPE,145,N,BIT5,16,16.089618316458662,0.005601144778666356
SENSITIVITY_1SIGMA_ENVELOPE,145,N,BIT4,8,8.022031330918896,0.0027539163648619969
SENSITIVITY_1SIGMA_ENVELOPE,145,N,BIT3,4,4.0235702806028177,0.0058925701507044348
SENSITIVITY_1SIGMA_ENVELOPE,145,N,BIT2,2,2.0234949969553355,0.011747498477667762
SENSITIVITY_1SIGMA_ENVELOPE,145,N,BIT1,1,1.0410905258926553,0.041090525892655272
SENSITIVITY_1SIGMA_ENVELOPE,145,N,DUMMY,1,1.0316550847289143,0.031655084728914318
SENSITIVITY_1SIGMA_ENVELOPE,146,P,BIT7,64,63.976237877433547,-0.00037128316510082193
SENSITIVITY_1SIGMA_ENVELOPE,146,P,BIT6,32,31.935957706760821,-0.0020013216637243536
SENSITIVITY_1SIGMA_ENVELOPE,146,P,BIT5,16,15.908274725274538,-0.0057328296703413884
SENSITIVITY_1SIGMA_ENVELOPE,146,P,BIT4,8,7.9371695432672453,-0.0078538070915943337
SENSITIVITY_1SIGMA_ENVELOPE,146,P,BIT3,4,4.0181057597236851,0.0045264399309212777
SENSITIVITY_1SIGMA_ENVELOPE,146,P,BIT2,2,2.0192097438494399,0.0096048719247199266
SENSITIVITY_1SIGMA_ENVELOPE,146,P,BIT1,1,0.9622687508960458,-0.037731249103954201
SENSITIVITY_1SIGMA_ENVELOPE,146,P,DUMMY,1,1.0156272607667454,0.015627260766745366
SENSITIVITY_1SIGMA_ENVELOPE,146,N,BIT7,64,64.295299655280971,0.0046140571137651687
SENSITIVITY_1SIGMA_ENVELOPE,146,N,BIT6,32,31.936950521845485,-0.00197029619232858
SENSITIVITY_1SIGMA_ENVELOPE,146,N,BIT5,16,16.076945583318498,0.0048090989574061105
SENSITIVITY_1SIGMA_ENVELOPE,146,N,BIT4,8,8.0271514822956682,0.0033939352869585271
SENSITIVITY_1SIGMA_ENVELOPE,146,N,BIT3,4,4.0156906207579111,0.0039226551894777639
SENSITIVITY_1SIGMA_ENVELOPE,146,N,BIT2,2,1.956145670258099,-0.021927164870950477
SENSITIVITY_1SIGMA_ENVELOPE,146,N,BIT1,1,1.0248909923662202,0.024890992366220166
SENSITIVITY_1SIGMA_ENVELOPE,146,N,DUMMY,1,0.99629229772636529,-0.0037077022736347054
SENSITIVITY_1SIGMA_ENVELOPE,147,P,BIT7,64,64.122958207678096,0.0019212219949702458
SENSITIVITY_1SIGMA_ENVELOPE,147,P,BIT6,32,32.070116985194986,0.0021911557873433019
SENSITIVITY_1SIGMA_ENVELOPE,147,P,BIT5,16,15.896760741318886,-0.0064524536675696353
SENSITIVITY_1SIGMA_ENVELOPE,147,P,BIT4,8,8.0244311805349611,0.003053897566870134
SENSITIVITY_1SIGMA_ENVELOPE,147,P,BIT3,4,4.0286355180824458,0.0071588795206114497
SENSITIVITY_1SIGMA_ENVELOPE,147,P,BIT2,2,1.9973636187771868,-0.0013181906114065889
SENSITIVITY_1SIGMA_ENVELOPE,147,P,BIT1,1,1.0016587328398148,0.0016587328398147694
SENSITIVITY_1SIGMA_ENVELOPE,147,P,DUMMY,1,1.0117510741477651,0.011751074147765106
SENSITIVITY_1SIGMA_ENVELOPE,147,N,BIT7,64,63.726096926461679,-0.0042797355240362656
SENSITIVITY_1SIGMA_ENVELOPE,147,N,BIT6,32,31.897005498035579,-0.0032185781863881546
SENSITIVITY_1SIGMA_ENVELOPE,147,N,BIT5,16,16.022391185322515,0.0013994490826572115
SENSITIVITY_1SIGMA_ENVELOPE,147,N,BIT4,8,7.9851098527592725,-0.0018612684050909323
SENSITIVITY_1SIGMA_ENVELOPE,147,N,BIT3,4,3.9542463749410186,-0.011438406264745349
SENSITIVITY_1SIGMA_ENVELOPE,147,N,BIT2,2,2.0035416808086297,0.0017708404043148551
SENSITIVITY_1SIGMA_ENVELOPE,147,N,BIT1,1,1.035280469916148,0.035280469916147972
SENSITIVITY_1SIGMA_ENVELOPE,147,N,DUMMY,1,1.013240512689688,0.013240512689687955
SENSITIVITY_1SIGMA_ENVELOPE,148,P,BIT7,64,64.187562437064315,0.0029306630791299249
SENSITIVITY_1SIGMA_ENVELOPE,148,P,BIT6,32,32.038026809182313,0.0011883377869472689
SENSITIVITY_1SIGMA_ENVELOPE,148,P,BIT5,16,16.072156466824815,0.0045097791765509321
SENSITIVITY_1SIGMA_ENVELOPE,148,P,BIT4,8,8.1818330459341198,0.022729130741764969
SENSITIVITY_1SIGMA_ENVELOPE,148,P,BIT3,4,4.0037406407527669,0.00093516018819173041
SENSITIVITY_1SIGMA_ENVELOPE,148,P,BIT2,2,1.9705969252061837,-0.01470153739690816
SENSITIVITY_1SIGMA_ENVELOPE,148,P,BIT1,1,0.98500205459254742,-0.014997945407452584
SENSITIVITY_1SIGMA_ENVELOPE,148,P,DUMMY,1,1.0150568683949412,0.015056868394941247
SENSITIVITY_1SIGMA_ENVELOPE,148,N,BIT7,64,64.100295327686524,0.00156711449510194
SENSITIVITY_1SIGMA_ENVELOPE,148,N,BIT6,32,31.999414123865773,-1.830862919460774e-05
SENSITIVITY_1SIGMA_ENVELOPE,148,N,BIT5,16,16.108820993599629,0.0068013120999768084
SENSITIVITY_1SIGMA_ENVELOPE,148,N,BIT4,8,8.0253221753368233,0.0031652719171029187
SENSITIVITY_1SIGMA_ENVELOPE,148,N,BIT3,4,4.0768991439832618,0.019224785995815452
SENSITIVITY_1SIGMA_ENVELOPE,148,N,BIT2,2,2.0126661277893914,0.0063330638946956785
SENSITIVITY_1SIGMA_ENVELOPE,148,N,BIT1,1,1.0435607254477937,0.043560725447793658
SENSITIVITY_1SIGMA_ENVELOPE,148,N,DUMMY,1,0.97950666322629654,-0.020493336773703463
SENSITIVITY_1SIGMA_ENVELOPE,149,P,BIT7,64,63.848711376443291,-0.0023638847430735854
SENSITIVITY_1SIGMA_ENVELOPE,149,P,BIT6,32,31.898114077831352,-0.0031839350677702605
SENSITIVITY_1SIGMA_ENVELOPE,149,P,BIT5,16,16.075901247471904,0.0047438279669940187
SENSITIVITY_1SIGMA_ENVELOPE,149,P,BIT4,8,7.9969085567218636,-0.00038643040976704679
SENSITIVITY_1SIGMA_ENVELOPE,149,P,BIT3,4,3.9482930371740377,-0.01292674070649058
SENSITIVITY_1SIGMA_ENVELOPE,149,P,BIT2,2,1.9747684887095907,-0.012615755645204674
SENSITIVITY_1SIGMA_ENVELOPE,149,P,BIT1,1,0.96327763992715254,-0.03672236007284746
SENSITIVITY_1SIGMA_ENVELOPE,149,P,DUMMY,1,1.0354635964342529,0.035463596434252898
SENSITIVITY_1SIGMA_ENVELOPE,149,N,BIT7,64,63.839420158833263,-0.002509060018230258
SENSITIVITY_1SIGMA_ENVELOPE,149,N,BIT6,32,32.010052968020538,0.00031415525064182326
SENSITIVITY_1SIGMA_ENVELOPE,149,N,BIT5,16,15.879115344138079,-0.0075552909913700894
SENSITIVITY_1SIGMA_ENVELOPE,149,N,BIT4,8,7.9801421388543829,-0.0024822326432021313
SENSITIVITY_1SIGMA_ENVELOPE,149,N,BIT3,4,3.9948475786833209,-0.0012881053291697864
SENSITIVITY_1SIGMA_ENVELOPE,149,N,BIT2,2,2.0441057133275757,0.022052856663787868
SENSITIVITY_1SIGMA_ENVELOPE,149,N,BIT1,1,0.98882532194227746,-0.011174678057722542
SENSITIVITY_1SIGMA_ENVELOPE,149,N,DUMMY,1,1.0048728240173881,0.0048728240173880888
SENSITIVITY_1SIGMA_ENVELOPE,150,P,BIT7,64,63.960745636073412,-0.00061334943635293904
SENSITIVITY_1SIGMA_ENVELOPE,150,P,BIT6,32,32.435277440923208,0.013602420028850259
SENSITIVITY_1SIGMA_ENVELOPE,150,P,BIT5,16,16.025819268599324,0.0016137042874577734
SENSITIVITY_1SIGMA_ENVELOPE,150,P,BIT4,8,8.0489425874199796,0.0061178234274974486
SENSITIVITY_1SIGMA_ENVELOPE,150,P,BIT3,4,4.0138073717400182,0.0034518429350045565
SENSITIVITY_1SIGMA_ENVELOPE,150,P,BIT2,2,1.917876101335398,-0.041061949332301007
SENSITIVITY_1SIGMA_ENVELOPE,150,P,BIT1,1,1.0271535093755695,0.027153509375569485
SENSITIVITY_1SIGMA_ENVELOPE,150,P,DUMMY,1,0.9806966538210975,-0.019303346178902503
SENSITIVITY_1SIGMA_ENVELOPE,150,N,BIT7,64,63.814773346382445,-0.0028941664627742947
SENSITIVITY_1SIGMA_ENVELOPE,150,N,BIT6,32,31.954122170381659,-0.0014336821755731588
SENSITIVITY_1SIGMA_ENVELOPE,150,N,BIT5,16,16.064367187557288,0.0040229492223304852
SENSITIVITY_1SIGMA_ENVELOPE,150,N,BIT4,8,7.8911200486014081,-0.013609993924823982
SENSITIVITY_1SIGMA_ENVELOPE,150,N,BIT3,4,3.9945945805371745,-0.0013513548657063668
SENSITIVITY_1SIGMA_ENVELOPE,150,N,BIT2,2,1.9919390197320443,-0.0040304901339778265
SENSITIVITY_1SIGMA_ENVELOPE,150,N,BIT1,1,0.99305111701061366,-0.0069488829893863402
SENSITIVITY_1SIGMA_ENVELOPE,150,N,DUMMY,1,0.98788459361283087,-0.012115406387169125
SENSITIVITY_1SIGMA_ENVELOPE,151,P,BIT7,64,63.587024490538361,-0.0064527423353381019
SENSITIVITY_1SIGMA_ENVELOPE,151,P,BIT6,32,32.032070797684227,0.0010022124276320987
SENSITIVITY_1SIGMA_ENVELOPE,151,P,BIT5,16,15.855851053052398,-0.009009309184225156
SENSITIVITY_1SIGMA_ENVELOPE,151,P,BIT4,8,7.9763428173761266,-0.0029571478279841745
SENSITIVITY_1SIGMA_ENVELOPE,151,P,BIT3,4,4.018087519009951,0.0045218797524877452
SENSITIVITY_1SIGMA_ENVELOPE,151,P,BIT2,2,2.0124781656790427,0.0062390828395213482
SENSITIVITY_1SIGMA_ENVELOPE,151,P,BIT1,1,0.95944888024053432,-0.040551119759465681
SENSITIVITY_1SIGMA_ENVELOPE,151,P,DUMMY,1,0.97325383591206927,-0.026746164087930735
SENSITIVITY_1SIGMA_ENVELOPE,151,N,BIT7,64,63.955051284872148,-0.00070232367387268457
SENSITIVITY_1SIGMA_ENVELOPE,151,N,BIT6,32,32.286098525914184,0.0089405789348182552
SENSITIVITY_1SIGMA_ENVELOPE,151,N,BIT5,16,16.008935574883203,0.00055847343020021256
SENSITIVITY_1SIGMA_ENVELOPE,151,N,BIT4,8,7.8900581394836884,-0.013742732564538951
SENSITIVITY_1SIGMA_ENVELOPE,151,N,BIT3,4,3.9528384938735477,-0.011790376531613078
SENSITIVITY_1SIGMA_ENVELOPE,151,N,BIT2,2,1.9642814322254374,-0.017859283887281308
SENSITIVITY_1SIGMA_ENVELOPE,151,N,BIT1,1,1.0240406903569566,0.024040690356956551
SENSITIVITY_1SIGMA_ENVELOPE,151,N,DUMMY,1,1.019407857154812,0.019407857154811969
SENSITIVITY_1SIGMA_ENVELOPE,152,P,BIT7,64,64.319407906050486,0.0049907485320388467
SENSITIVITY_1SIGMA_ENVELOPE,152,P,BIT6,32,32.020471638928562,0.00063973871651756831
SENSITIVITY_1SIGMA_ENVELOPE,152,P,BIT5,16,15.999085537089559,-5.7153931902531596e-05
SENSITIVITY_1SIGMA_ENVELOPE,152,P,BIT4,8,8.0725931646416331,0.0090741455802041404
SENSITIVITY_1SIGMA_ENVELOPE,152,P,BIT3,4,4.1137489005226113,0.028437225130652832
SENSITIVITY_1SIGMA_ENVELOPE,152,P,BIT2,2,2.0097817693156115,0.0048908846578057386
SENSITIVITY_1SIGMA_ENVELOPE,152,P,BIT1,1,1.0072584019895672,0.0072584019895671759
SENSITIVITY_1SIGMA_ENVELOPE,152,P,DUMMY,1,0.99724277473950917,-0.0027572252604908254
SENSITIVITY_1SIGMA_ENVELOPE,152,N,BIT7,64,64.102152315635607,0.001596129931806356
SENSITIVITY_1SIGMA_ENVELOPE,152,N,BIT6,32,32.0286814615297,0.00089629567280313793
SENSITIVITY_1SIGMA_ENVELOPE,152,N,BIT5,16,15.874051876258878,-0.007871757733820095
SENSITIVITY_1SIGMA_ENVELOPE,152,N,BIT4,8,8.0438819881884669,0.0054852485235583615
SENSITIVITY_1SIGMA_ENVELOPE,152,N,BIT3,4,4.037686034834044,0.009421508708510995
SENSITIVITY_1SIGMA_ENVELOPE,152,N,BIT2,2,2.0583216003177336,0.029160800158866795
SENSITIVITY_1SIGMA_ENVELOPE,152,N,BIT1,1,1.0207701964127169,0.020770196412716935
SENSITIVITY_1SIGMA_ENVELOPE,152,N,DUMMY,1,0.98299263247732527,-0.017007367522674732
SENSITIVITY_1SIGMA_ENVELOPE,153,P,BIT7,64,64.160279146154537,0.0025043616586646333
SENSITIVITY_1SIGMA_ENVELOPE,153,P,BIT6,32,32.105424543951692,0.0032945169984903711
SENSITIVITY_1SIGMA_ENVELOPE,153,P,BIT5,16,16.036437046509185,0.0022773154068240764
SENSITIVITY_1SIGMA_ENVELOPE,153,P,BIT4,8,7.9617131976816182,-0.0047858502897977218
SENSITIVITY_1SIGMA_ENVELOPE,153,P,BIT3,4,4.0011195261698074,0.00027988154245184305
SENSITIVITY_1SIGMA_ENVELOPE,153,P,BIT2,2,1.9959176720883143,-0.0020411639558428618
SENSITIVITY_1SIGMA_ENVELOPE,153,P,BIT1,1,0.98563685790560762,-0.014363142094392378
SENSITIVITY_1SIGMA_ENVELOPE,153,P,DUMMY,1,1.0078944536593737,0.0078944536593736903
SENSITIVITY_1SIGMA_ENVELOPE,153,N,BIT7,64,64.085974009302305,0.0013433438953485144
SENSITIVITY_1SIGMA_ENVELOPE,153,N,BIT6,32,32.04021956755534,0.001256861486104377
SENSITIVITY_1SIGMA_ENVELOPE,153,N,BIT5,16,15.958778903925305,-0.00257631850466844
SENSITIVITY_1SIGMA_ENVELOPE,153,N,BIT4,8,7.9502769439106338,-0.006215382011170778
SENSITIVITY_1SIGMA_ENVELOPE,153,N,BIT3,4,4.0027757371213113,0.00069393428032782367
SENSITIVITY_1SIGMA_ENVELOPE,153,N,BIT2,2,1.983131422604655,-0.0084342886976724873
SENSITIVITY_1SIGMA_ENVELOPE,153,N,BIT1,1,1.0019883755716399,0.0019883755716398888
SENSITIVITY_1SIGMA_ENVELOPE,153,N,DUMMY,1,0.96656503768004454,-0.033434962319955464
SENSITIVITY_1SIGMA_ENVELOPE,154,P,BIT7,64,64.369964163886962,0.0057806900607337841
SENSITIVITY_1SIGMA_ENVELOPE,154,P,BIT6,32,31.904724421555471,-0.0029773618263915225
SENSITIVITY_1SIGMA_ENVELOPE,154,P,BIT5,16,16.031824480163628,0.0019890300102267666
SENSITIVITY_1SIGMA_ENVELOPE,154,P,BIT4,8,7.9894517822540321,-0.0013185272182459906
SENSITIVITY_1SIGMA_ENVELOPE,154,P,BIT3,4,3.9975926977991803,-0.00060182555020493744
SENSITIVITY_1SIGMA_ENVELOPE,154,P,BIT2,2,2.053082456762902,0.02654122838145101
SENSITIVITY_1SIGMA_ENVELOPE,154,P,BIT1,1,1.0023750050578735,0.0023750050578734694
SENSITIVITY_1SIGMA_ENVELOPE,154,P,DUMMY,1,1.0344274123290709,0.034427412329070872
SENSITIVITY_1SIGMA_ENVELOPE,154,N,BIT7,64,64.196450978863197,0.0030695465447374559
SENSITIVITY_1SIGMA_ENVELOPE,154,N,BIT6,32,32.06573708263042,0.0020542838322006318
SENSITIVITY_1SIGMA_ENVELOPE,154,N,BIT5,16,16.091614064236367,0.0057258790147729499
SENSITIVITY_1SIGMA_ENVELOPE,154,N,BIT4,8,7.9491701467909337,-0.0063537316511332875
SENSITIVITY_1SIGMA_ENVELOPE,154,N,BIT3,4,3.9511124125855011,-0.012221896853624736
SENSITIVITY_1SIGMA_ENVELOPE,154,N,BIT2,2,2.0343511849867602,0.017175592493380076
SENSITIVITY_1SIGMA_ENVELOPE,154,N,BIT1,1,1.0112713435193903,0.011271343519390298
SENSITIVITY_1SIGMA_ENVELOPE,154,N,DUMMY,1,0.97812986281527847,-0.021870137184721528
SENSITIVITY_1SIGMA_ENVELOPE,155,P,BIT7,64,63.495476719690458,-0.007883176254836588
SENSITIVITY_1SIGMA_ENVELOPE,155,P,BIT6,32,31.774879010250327,-0.0070350309296772773
SENSITIVITY_1SIGMA_ENVELOPE,155,P,BIT5,16,15.890154917794048,-0.0068653176378720149
SENSITIVITY_1SIGMA_ENVELOPE,155,P,BIT4,8,8.0701243459491998,0.0087655432436499758
SENSITIVITY_1SIGMA_ENVELOPE,155,P,BIT3,4,4.0319101582515424,0.007977539562885605
SENSITIVITY_1SIGMA_ENVELOPE,155,P,BIT2,2,1.9843235589943791,-0.0078382205028104668
SENSITIVITY_1SIGMA_ENVELOPE,155,P,BIT1,1,1.0294004817389031,0.029400481738903084
SENSITIVITY_1SIGMA_ENVELOPE,155,P,DUMMY,1,0.95800618272571003,-0.041993817274289968
SENSITIVITY_1SIGMA_ENVELOPE,155,N,BIT7,64,63.902329801750298,-0.0015260968476515924
SENSITIVITY_1SIGMA_ENVELOPE,155,N,BIT6,32,31.962376972215033,-0.0011757196182802243
SENSITIVITY_1SIGMA_ENVELOPE,155,N,BIT5,16,16.05096930351452,0.003185581469657528
SENSITIVITY_1SIGMA_ENVELOPE,155,N,BIT4,8,7.9362973117283735,-0.0079628360339533133
SENSITIVITY_1SIGMA_ENVELOPE,155,N,BIT3,4,4.0030070533751987,0.0007517633437996718
SENSITIVITY_1SIGMA_ENVELOPE,155,N,BIT2,2,1.9994698703666636,-0.00026506481666821458
SENSITIVITY_1SIGMA_ENVELOPE,155,N,BIT1,1,1.0346019071576991,0.034601907157699063
SENSITIVITY_1SIGMA_ENVELOPE,155,N,DUMMY,1,1.0265109266172083,0.02651092661720833
SENSITIVITY_1SIGMA_ENVELOPE,156,P,BIT7,64,63.934684320146765,-0.0010205574977067977
SENSITIVITY_1SIGMA_ENVELOPE,156,P,BIT6,32,32.071398703609418,0.0022312094877943167
SENSITIVITY_1SIGMA_ENVELOPE,156,P,BIT5,16,15.868397662402801,-0.0082251460998249426
SENSITIVITY_1SIGMA_ENVELOPE,156,P,BIT4,8,8.004246032707135,0.00053075408839187155
SENSITIVITY_1SIGMA_ENVELOPE,156,P,BIT3,4,3.9943818878073603,-0.0014045280481599365
SENSITIVITY_1SIGMA_ENVELOPE,156,P,BIT2,2,2.0252522706508289,0.012626135325414456
SENSITIVITY_1SIGMA_ENVELOPE,156,P,BIT1,1,0.99381680035111153,-0.0061831996488884711
SENSITIVITY_1SIGMA_ENVELOPE,156,P,DUMMY,1,1.0578975392794281,0.05789753927942809
SENSITIVITY_1SIGMA_ENVELOPE,156,N,BIT7,64,63.959276503836179,-0.00063630462755970285
SENSITIVITY_1SIGMA_ENVELOPE,156,N,BIT6,32,31.991878880443512,-0.00025378498614025968
SENSITIVITY_1SIGMA_ENVELOPE,156,N,BIT5,16,16.057845710660331,0.0036153569162706845
SENSITIVITY_1SIGMA_ENVELOPE,156,N,BIT4,8,7.964916825055063,-0.0043853968681171196
SENSITIVITY_1SIGMA_ENVELOPE,156,N,BIT3,4,4.0279256428270713,0.0069814107067678322
SENSITIVITY_1SIGMA_ENVELOPE,156,N,BIT2,2,2.028831867671562,0.014415933835780992
SENSITIVITY_1SIGMA_ENVELOPE,156,N,BIT1,1,1.0205105152173852,0.020510515217385228
SENSITIVITY_1SIGMA_ENVELOPE,156,N,DUMMY,1,1.0020092133299523,0.0020092133299522974
SENSITIVITY_1SIGMA_ENVELOPE,157,P,BIT7,64,64.163618486407827,0.002556538850122303
SENSITIVITY_1SIGMA_ENVELOPE,157,P,BIT6,32,31.858833264137836,-0.0044114604956926318
SENSITIVITY_1SIGMA_ENVELOPE,157,P,BIT5,16,16.045458545722681,0.0028411591076675791
SENSITIVITY_1SIGMA_ENVELOPE,157,P,BIT4,8,7.9925188241400882,-0.00093514698248897687
SENSITIVITY_1SIGMA_ENVELOPE,157,P,BIT3,4,4.0691835120978626,0.017295878024465638
SENSITIVITY_1SIGMA_ENVELOPE,157,P,BIT2,2,2.0188675243860366,0.0094337621930182802
SENSITIVITY_1SIGMA_ENVELOPE,157,P,BIT1,1,0.98311497190371033,-0.016885028096289667
SENSITIVITY_1SIGMA_ENVELOPE,157,P,DUMMY,1,1.0009463667956655,0.00094636679566550974
SENSITIVITY_1SIGMA_ENVELOPE,157,N,BIT7,64,63.693980779536389,-0.0047815503197439213
SENSITIVITY_1SIGMA_ENVELOPE,157,N,BIT6,32,32.080922544275012,0.0025288295085941215
SENSITIVITY_1SIGMA_ENVELOPE,157,N,BIT5,16,15.957375933125119,-0.0026640041796800462
SENSITIVITY_1SIGMA_ENVELOPE,157,N,BIT4,8,7.9516688717442419,-0.0060413910319697672
SENSITIVITY_1SIGMA_ENVELOPE,157,N,BIT3,4,3.9633095604765178,-0.0091726098808705414
SENSITIVITY_1SIGMA_ENVELOPE,157,N,BIT2,2,2.0458231058961709,0.022911552948085445
SENSITIVITY_1SIGMA_ENVELOPE,157,N,BIT1,1,0.97334804068685887,-0.026651959313141127
SENSITIVITY_1SIGMA_ENVELOPE,157,N,DUMMY,1,1.0099278446584155,0.0099278446584154523
SENSITIVITY_1SIGMA_ENVELOPE,158,P,BIT7,64,63.977666633746082,-0.00034895884771746211
SENSITIVITY_1SIGMA_ENVELOPE,158,P,BIT6,32,31.787682188951877,-0.0066349315952538568
SENSITIVITY_1SIGMA_ENVELOPE,158,P,BIT5,16,16.016552927723083,0.0010345579826926965
SENSITIVITY_1SIGMA_ENVELOPE,158,P,BIT4,8,7.975778347423585,-0.0030277065720518692
SENSITIVITY_1SIGMA_ENVELOPE,158,P,BIT3,4,4.0132020106599171,0.0033005026649792768
SENSITIVITY_1SIGMA_ENVELOPE,158,P,BIT2,2,1.9888037647054841,-0.0055981176472579275
SENSITIVITY_1SIGMA_ENVELOPE,158,P,BIT1,1,1.0125749932531187,0.012574993253118727
SENSITIVITY_1SIGMA_ENVELOPE,158,P,DUMMY,1,0.99338408649218912,-0.0066159135078108777
SENSITIVITY_1SIGMA_ENVELOPE,158,N,BIT7,64,63.854867291583915,-0.0022676985690013307
SENSITIVITY_1SIGMA_ENVELOPE,158,N,BIT6,32,31.915691239393581,-0.0026346487689505871
SENSITIVITY_1SIGMA_ENVELOPE,158,N,BIT5,16,16.044469464321786,0.0027793415201116112
SENSITIVITY_1SIGMA_ENVELOPE,158,N,BIT4,8,8.0072450012087941,0.00090562515109926522
SENSITIVITY_1SIGMA_ENVELOPE,158,N,BIT3,4,4.03544859772677,0.0088621494316925009
SENSITIVITY_1SIGMA_ENVELOPE,158,N,BIT2,2,2.0144757916709244,0.0072378958354621936
SENSITIVITY_1SIGMA_ENVELOPE,158,N,BIT1,1,0.99316280661917578,-0.0068371933808242247
SENSITIVITY_1SIGMA_ENVELOPE,158,N,DUMMY,1,1.0103568769296518,0.010356876929651815
SENSITIVITY_1SIGMA_ENVELOPE,159,P,BIT7,64,63.778019664653243,-0.0034684427397930762
SENSITIVITY_1SIGMA_ENVELOPE,159,P,BIT6,32,32.051448134953318,0.0016077542172912018
SENSITIVITY_1SIGMA_ENVELOPE,159,P,BIT5,16,15.989103687120842,-0.00068101955494737076
SENSITIVITY_1SIGMA_ENVELOPE,159,P,BIT4,8,7.9477395529446913,-0.0065325558819135932
SENSITIVITY_1SIGMA_ENVELOPE,159,P,BIT3,4,3.9731604023610765,-0.0067098994097308795
SENSITIVITY_1SIGMA_ENVELOPE,159,P,BIT2,2,2.0132495746774155,0.0066247873387077494
SENSITIVITY_1SIGMA_ENVELOPE,159,P,BIT1,1,1.011922665941243,0.011922665941243027
SENSITIVITY_1SIGMA_ENVELOPE,159,P,DUMMY,1,1.0042097455297978,0.0042097455297978037
SENSITIVITY_1SIGMA_ENVELOPE,159,N,BIT7,64,64.155492954550041,0.0024295774148443972
SENSITIVITY_1SIGMA_ENVELOPE,159,N,BIT6,32,31.848919420161131,-0.00472126811996465
SENSITIVITY_1SIGMA_ENVELOPE,159,N,BIT5,16,15.968051133729203,-0.0019968041419248239
SENSITIVITY_1SIGMA_ENVELOPE,159,N,BIT4,8,8.0495427676072513,0.0061928459509064115
SENSITIVITY_1SIGMA_ENVELOPE,159,N,BIT3,4,4.0116863357700474,0.0029215839425118517
SENSITIVITY_1SIGMA_ENVELOPE,159,N,BIT2,2,2.0102394036205227,0.0051197018102613345
SENSITIVITY_1SIGMA_ENVELOPE,159,N,BIT1,1,0.96265119377699482,-0.037348806223005182
SENSITIVITY_1SIGMA_ENVELOPE,159,N,DUMMY,1,1.025912972336835,0.025912972336834983
SENSITIVITY_1SIGMA_ENVELOPE,160,P,BIT7,64,64.01906699457659,0.00029792179025922572
SENSITIVITY_1SIGMA_ENVELOPE,160,P,BIT6,32,32.138593678440287,0.0043310524512589765
SENSITIVITY_1SIGMA_ENVELOPE,160,P,BIT5,16,15.95758805302389,-0.002650746686006844
SENSITIVITY_1SIGMA_ENVELOPE,160,P,BIT4,8,7.9389864238796433,-0.0076266970150445923
SENSITIVITY_1SIGMA_ENVELOPE,160,P,BIT3,4,4.025285816407564,0.0063214541018909998
SENSITIVITY_1SIGMA_ENVELOPE,160,P,BIT2,2,2.0033328568326567,0.0016664284163283583
SENSITIVITY_1SIGMA_ENVELOPE,160,P,BIT1,1,0.98783967830175379,-0.012160321698246213
SENSITIVITY_1SIGMA_ENVELOPE,160,P,DUMMY,1,0.98125080857356783,-0.018749191426432166
SENSITIVITY_1SIGMA_ENVELOPE,160,N,BIT7,64,64.030674478162283,0.00047928872128566447
SENSITIVITY_1SIGMA_ENVELOPE,160,N,BIT6,32,32.012351371304227,0.00038598035325709823
SENSITIVITY_1SIGMA_ENVELOPE,160,N,BIT5,16,15.972736579078575,-0.0017039638075890817
SENSITIVITY_1SIGMA_ENVELOPE,160,N,BIT4,8,7.9314710001668445,-0.0085661249791444405
SENSITIVITY_1SIGMA_ENVELOPE,160,N,BIT3,4,3.9681631349489339,-0.0079592162627665219
SENSITIVITY_1SIGMA_ENVELOPE,160,N,BIT2,2,2.0563611161061983,0.028180558053099158
SENSITIVITY_1SIGMA_ENVELOPE,160,N,BIT1,1,0.99709334806181282,-0.0029066519381871769
SENSITIVITY_1SIGMA_ENVELOPE,160,N,DUMMY,1,0.99596773618691548,-0.0040322638130845245
SENSITIVITY_1SIGMA_ENVELOPE,161,P,BIT7,64,64.020548229703323,0.00032106608911441903
SENSITIVITY_1SIGMA_ENVELOPE,161,P,BIT6,32,32.020615580597521,0.00064423689367254511
SENSITIVITY_1SIGMA_ENVELOPE,161,P,BIT5,16,15.929616712304334,-0.0043989554809791276
SENSITIVITY_1SIGMA_ENVELOPE,161,P,BIT4,8,8.09415463307176,0.011769329133969997
SENSITIVITY_1SIGMA_ENVELOPE,161,P,BIT3,4,3.9458376514377238,-0.013540587140569049
SENSITIVITY_1SIGMA_ENVELOPE,161,P,BIT2,2,1.9814883163914583,-0.009255841804270859
SENSITIVITY_1SIGMA_ENVELOPE,161,P,BIT1,1,1.0208893694606127,0.020889369460612706
SENSITIVITY_1SIGMA_ENVELOPE,161,P,DUMMY,1,1.0156539514611691,0.015653951461169102
SENSITIVITY_1SIGMA_ENVELOPE,161,N,BIT7,64,64.081077891524757,0.0012668420550743242
SENSITIVITY_1SIGMA_ENVELOPE,161,N,BIT6,32,31.852698043305899,-0.004603186146690641
SENSITIVITY_1SIGMA_ENVELOPE,161,N,BIT5,16,16.130506717402561,0.0081566698376600577
SENSITIVITY_1SIGMA_ENVELOPE,161,N,BIT4,8,8.0620283790438645,0.0077535473804830612
SENSITIVITY_1SIGMA_ENVELOPE,161,N,BIT3,4,3.971997268551382,-0.0070006828621544948
SENSITIVITY_1SIGMA_ENVELOPE,161,N,BIT2,2,2.0001561912447161,7.8095622358054229e-05
SENSITIVITY_1SIGMA_ENVELOPE,161,N,BIT1,1,0.99550039947816726,-0.0044996005218327362
SENSITIVITY_1SIGMA_ENVELOPE,161,N,DUMMY,1,1.0163148500719374,0.016314850071937448
SENSITIVITY_1SIGMA_ENVELOPE,162,P,BIT7,64,63.605333904566407,-0.0061666577411498835
SENSITIVITY_1SIGMA_ENVELOPE,162,P,BIT6,32,31.872181208646367,-0.003994337229801026
SENSITIVITY_1SIGMA_ENVELOPE,162,P,BIT5,16,15.904358613777722,-0.0059775866388923626
SENSITIVITY_1SIGMA_ENVELOPE,162,P,BIT4,8,7.9535507317166978,-0.0058061585354127754
SENSITIVITY_1SIGMA_ENVELOPE,162,P,BIT3,4,4.0255070677455418,0.0063767669363854473
SENSITIVITY_1SIGMA_ENVELOPE,162,P,BIT2,2,1.9990784354864475,-0.00046078225677625984
SENSITIVITY_1SIGMA_ENVELOPE,162,P,BIT1,1,0.97313017761763598,-0.026869822382364017
SENSITIVITY_1SIGMA_ENVELOPE,162,P,DUMMY,1,0.97682760005893432,-0.02317239994106568
SENSITIVITY_1SIGMA_ENVELOPE,162,N,BIT7,64,63.920086103148236,-0.0012486546383088104
SENSITIVITY_1SIGMA_ENVELOPE,162,N,BIT6,32,31.853125277786738,-0.0045898350691644385
SENSITIVITY_1SIGMA_ENVELOPE,162,N,BIT5,16,16.019527164525392,0.0012204477828370308
SENSITIVITY_1SIGMA_ENVELOPE,162,N,BIT4,8,8.0018262748738156,0.00022828435922694901
SENSITIVITY_1SIGMA_ENVELOPE,162,N,BIT3,4,3.903783605401753,-0.024054098649561761
SENSITIVITY_1SIGMA_ENVELOPE,162,N,BIT2,2,2.0282444590303261,0.014122229515163065
SENSITIVITY_1SIGMA_ENVELOPE,162,N,BIT1,1,1.0070279830481765,0.0070279830481765337
SENSITIVITY_1SIGMA_ENVELOPE,162,N,DUMMY,1,1.0040696634315551,0.0040696634315551261
SENSITIVITY_1SIGMA_ENVELOPE,163,P,BIT7,64,63.540877821433398,-0.0071737840401031594
SENSITIVITY_1SIGMA_ENVELOPE,163,P,BIT6,32,32.108667932473814,0.0033958728898066948
SENSITIVITY_1SIGMA_ENVELOPE,163,P,BIT5,16,15.932836599400662,-0.0041977125374585977
SENSITIVITY_1SIGMA_ENVELOPE,163,P,BIT4,8,7.9904399838471099,-0.0011950020191112687
SENSITIVITY_1SIGMA_ENVELOPE,163,P,BIT3,4,4.0595368346916896,0.014884208672922394
SENSITIVITY_1SIGMA_ENVELOPE,163,P,BIT2,2,1.9469911665233168,-0.026504416738341585
SENSITIVITY_1SIGMA_ENVELOPE,163,P,BIT1,1,1.002032459572139,0.0020324595721390448
SENSITIVITY_1SIGMA_ENVELOPE,163,P,DUMMY,1,0.99176847628293785,-0.0082315237170621502
SENSITIVITY_1SIGMA_ENVELOPE,163,N,BIT7,64,63.948793891763316,-0.00080009544119818976
SENSITIVITY_1SIGMA_ENVELOPE,163,N,BIT6,32,32.154526658180998,0.0048289580681561972
SENSITIVITY_1SIGMA_ENVELOPE,163,N,BIT5,16,16.037863177116549,0.0023664485697842963
SENSITIVITY_1SIGMA_ENVELOPE,163,N,BIT4,8,7.9321139128165443,-0.0084857608979319599
SENSITIVITY_1SIGMA_ENVELOPE,163,N,BIT3,4,3.9536976951640925,-0.011575576208976868
SENSITIVITY_1SIGMA_ENVELOPE,163,N,BIT2,2,1.9575016398382576,-0.021249180080871177
SENSITIVITY_1SIGMA_ENVELOPE,163,N,BIT1,1,0.9881809355567438,-0.0118190644432562
SENSITIVITY_1SIGMA_ENVELOPE,163,N,DUMMY,1,0.98919295757530923,-0.010807042424690771
SENSITIVITY_1SIGMA_ENVELOPE,164,P,BIT7,64,64.09061482121399,0.0014158565814685886
SENSITIVITY_1SIGMA_ENVELOPE,164,P,BIT6,32,31.721655459415249,-0.0086982668932734653
SENSITIVITY_1SIGMA_ENVELOPE,164,P,BIT5,16,16.055216662638003,0.0034510414148751778
SENSITIVITY_1SIGMA_ENVELOPE,164,P,BIT4,8,7.9555776667082458,-0.0055527916614692696
SENSITIVITY_1SIGMA_ENVELOPE,164,P,BIT3,4,4.0132900554239459,0.0033225138559864753
SENSITIVITY_1SIGMA_ENVELOPE,164,P,BIT2,2,1.964488032729991,-0.017755983635004524
SENSITIVITY_1SIGMA_ENVELOPE,164,P,BIT1,1,0.99422607231833127,-0.0057739276816687335
SENSITIVITY_1SIGMA_ENVELOPE,164,P,DUMMY,1,0.98164674312799127,-0.018353256872008727
SENSITIVITY_1SIGMA_ENVELOPE,164,N,BIT7,64,63.953921344996964,-0.00071997898442244246
SENSITIVITY_1SIGMA_ENVELOPE,164,N,BIT6,32,32.06197158942291,0.0019366121694659455
SENSITIVITY_1SIGMA_ENVELOPE,164,N,BIT5,16,16.053252993634445,0.0033283121021527862
SENSITIVITY_1SIGMA_ENVELOPE,164,N,BIT4,8,8.1364309522562728,0.017053869032034097
SENSITIVITY_1SIGMA_ENVELOPE,164,N,BIT3,4,4.0207538588443166,0.0051884647110791438
SENSITIVITY_1SIGMA_ENVELOPE,164,N,BIT2,2,2.0139390581365642,0.0069695290682820765
SENSITIVITY_1SIGMA_ENVELOPE,164,N,BIT1,1,0.99737899571874455,-0.0026210042812554457
SENSITIVITY_1SIGMA_ENVELOPE,164,N,DUMMY,1,1.000493781043768,0.00049378104376796017
SENSITIVITY_1SIGMA_ENVELOPE,165,P,BIT7,64,63.961457102980752,-0.00060223276592574759
SENSITIVITY_1SIGMA_ENVELOPE,165,P,BIT6,32,31.972145125928606,-0.00087046481473107562
SENSITIVITY_1SIGMA_ENVELOPE,165,P,BIT5,16,16.08318556747092,0.0051990979669325199
SENSITIVITY_1SIGMA_ENVELOPE,165,P,BIT4,8,7.9876565917694196,-0.0015429260288225555
SENSITIVITY_1SIGMA_ENVELOPE,165,P,BIT3,4,4.0739436774967244,0.018485919374181092
SENSITIVITY_1SIGMA_ENVELOPE,165,P,BIT2,2,2.0137322235389319,0.0068661117694659435
SENSITIVITY_1SIGMA_ENVELOPE,165,P,BIT1,1,1.0029600541955537,0.0029600541955536741
SENSITIVITY_1SIGMA_ENVELOPE,165,P,DUMMY,1,0.99465412213930182,-0.0053458778606981783
SENSITIVITY_1SIGMA_ENVELOPE,165,N,BIT7,64,64.155179703801124,0.0024246828718925695
SENSITIVITY_1SIGMA_ENVELOPE,165,N,BIT6,32,32.173273606962738,0.0054148002175855581
SENSITIVITY_1SIGMA_ENVELOPE,165,N,BIT5,16,16.218885965023503,0.013680372813968944
SENSITIVITY_1SIGMA_ENVELOPE,165,N,BIT4,8,7.9370548318682737,-0.0078681460164657935
SENSITIVITY_1SIGMA_ENVELOPE,165,N,BIT3,4,3.9918135051791306,-0.0020466237052173541
SENSITIVITY_1SIGMA_ENVELOPE,165,N,BIT2,2,1.9752814868301878,-0.012359256584906109
SENSITIVITY_1SIGMA_ENVELOPE,165,N,BIT1,1,0.93169838243653724,-0.068301617563462758
SENSITIVITY_1SIGMA_ENVELOPE,165,N,DUMMY,1,1.0125156564247837,0.012515656424783694
SENSITIVITY_1SIGMA_ENVELOPE,166,P,BIT7,64,63.848792977059802,-0.0023626097334406015
SENSITIVITY_1SIGMA_ENVELOPE,166,P,BIT6,32,31.979277906159094,-0.00064756543252830756
SENSITIVITY_1SIGMA_ENVELOPE,166,P,BIT5,16,16.057138712920036,0.0035711695575022517
SENSITIVITY_1SIGMA_ENVELOPE,166,P,BIT4,8,8.0205791489342477,0.0025723936167809658
SENSITIVITY_1SIGMA_ENVELOPE,166,P,BIT3,4,4.0794418307446385,0.019860457686159627
SENSITIVITY_1SIGMA_ENVELOPE,166,P,BIT2,2,1.9498242062712112,-0.025087896864394388
SENSITIVITY_1SIGMA_ENVELOPE,166,P,BIT1,1,0.99323900185674674,-0.0067609981432532607
SENSITIVITY_1SIGMA_ENVELOPE,166,P,DUMMY,1,1.0182270631821364,0.018227063182136405
SENSITIVITY_1SIGMA_ENVELOPE,166,N,BIT7,64,63.983917868330195,-0.00025128330734069948
SENSITIVITY_1SIGMA_ENVELOPE,166,N,BIT6,32,31.865654976703954,-0.004198281978001428
SENSITIVITY_1SIGMA_ENVELOPE,166,N,BIT5,16,15.82156169184503,-0.011152394259685616
SENSITIVITY_1SIGMA_ENVELOPE,166,N,BIT4,8,7.9696369815524521,-0.0037953773059434814
SENSITIVITY_1SIGMA_ENVELOPE,166,N,BIT3,4,4.0135824579281909,0.0033956144820477263
SENSITIVITY_1SIGMA_ENVELOPE,166,N,BIT2,2,1.9815687453457969,-0.0092156273271015721
SENSITIVITY_1SIGMA_ENVELOPE,166,N,BIT1,1,1.0115146075981643,0.01151460759816425
SENSITIVITY_1SIGMA_ENVELOPE,166,N,DUMMY,1,1.0099902547541784,0.0099902547541783626
SENSITIVITY_1SIGMA_ENVELOPE,167,P,BIT7,64,63.927328290880766,-0.0011354954549880336
SENSITIVITY_1SIGMA_ENVELOPE,167,P,BIT6,32,32.233005756276249,0.007281429883632784
SENSITIVITY_1SIGMA_ENVELOPE,167,P,BIT5,16,16.18950998582114,0.011844374113821221
SENSITIVITY_1SIGMA_ENVELOPE,167,P,BIT4,8,8.0227085422386786,0.0028385677798348219
SENSITIVITY_1SIGMA_ENVELOPE,167,P,BIT3,4,4.0367694971260475,0.0091923742815118725
SENSITIVITY_1SIGMA_ENVELOPE,167,P,BIT2,2,2.0068863785219078,0.0034431892609538828
SENSITIVITY_1SIGMA_ENVELOPE,167,P,BIT1,1,1.004715441082227,0.0047154410822269899
SENSITIVITY_1SIGMA_ENVELOPE,167,P,DUMMY,1,1.0336791361521145,0.033679136152114486
SENSITIVITY_1SIGMA_ENVELOPE,167,N,BIT7,64,63.711301012616033,-0.0045109216778744798
SENSITIVITY_1SIGMA_ENVELOPE,167,N,BIT6,32,32.180999754754637,0.0056562423360824177
SENSITIVITY_1SIGMA_ENVELOPE,167,N,BIT5,16,16.005315277313393,0.00033220483208706852
SENSITIVITY_1SIGMA_ENVELOPE,167,N,BIT4,8,7.9755219984295298,-0.0030597501963087748
SENSITIVITY_1SIGMA_ENVELOPE,167,N,BIT3,4,3.9537956545193054,-0.011551086370173658
SENSITIVITY_1SIGMA_ENVELOPE,167,N,BIT2,2,1.967438545300646,-0.016280727349677004
SENSITIVITY_1SIGMA_ENVELOPE,167,N,BIT1,1,1.0171165043716652,0.017116504371665231
SENSITIVITY_1SIGMA_ENVELOPE,167,N,DUMMY,1,1.0214684819248123,0.021468481924812322
SENSITIVITY_1SIGMA_ENVELOPE,168,P,BIT7,64,63.978715306065233,-0.00033257334273073536
SENSITIVITY_1SIGMA_ENVELOPE,168,P,BIT6,32,32.001475456672075,4.610802100235567e-05
SENSITIVITY_1SIGMA_ENVELOPE,168,P,BIT5,16,16.057280558126394,0.0035800348828995965
SENSITIVITY_1SIGMA_ENVELOPE,168,P,BIT4,8,7.9059494114721813,-0.011756323565977334
SENSITIVITY_1SIGMA_ENVELOPE,168,P,BIT3,4,3.9417688000052644,-0.014557799998683896
SENSITIVITY_1SIGMA_ENVELOPE,168,P,BIT2,2,2.0152393851288184,0.0076196925644091973
SENSITIVITY_1SIGMA_ENVELOPE,168,P,BIT1,1,1.0038650694918931,0.0038650694918931361
SENSITIVITY_1SIGMA_ENVELOPE,168,P,DUMMY,1,0.99068874439612276,-0.0093112556038772443
SENSITIVITY_1SIGMA_ENVELOPE,168,N,BIT7,64,63.863081220273955,-0.0021393559332194556
SENSITIVITY_1SIGMA_ENVELOPE,168,N,BIT6,32,31.993722865995093,-0.00019616043765335878
SENSITIVITY_1SIGMA_ENVELOPE,168,N,BIT5,16,15.865192854811482,-0.008425446574282347
SENSITIVITY_1SIGMA_ENVELOPE,168,N,BIT4,8,8.0713895054568212,0.0089236881821026515
SENSITIVITY_1SIGMA_ENVELOPE,168,N,BIT3,4,3.958472525854952,-0.010381868536261996
SENSITIVITY_1SIGMA_ENVELOPE,168,N,BIT2,2,2.0047958488909146,0.0023979244454572779
SENSITIVITY_1SIGMA_ENVELOPE,168,N,BIT1,1,1.0049339095764065,0.0049339095764064922
SENSITIVITY_1SIGMA_ENVELOPE,168,N,DUMMY,1,1.0234530177428514,0.023453017742851356
SENSITIVITY_1SIGMA_ENVELOPE,169,P,BIT7,64,63.723961382773965,-0.0043131033941568031
SENSITIVITY_1SIGMA_ENVELOPE,169,P,BIT6,32,32.155310035388965,0.0048534386059051471
SENSITIVITY_1SIGMA_ENVELOPE,169,P,BIT5,16,16.06514345901622,0.0040714661885137282
SENSITIVITY_1SIGMA_ENVELOPE,169,P,BIT4,8,7.9695609930103819,-0.0038048758737022625
SENSITIVITY_1SIGMA_ENVELOPE,169,P,BIT3,4,4.058779828099631,0.014694957024907751
SENSITIVITY_1SIGMA_ENVELOPE,169,P,BIT2,2,1.9969266493779556,-0.0015366753110221953
SENSITIVITY_1SIGMA_ENVELOPE,169,P,BIT1,1,0.95653310729833885,-0.043466892701661153
SENSITIVITY_1SIGMA_ENVELOPE,169,P,DUMMY,1,1.020687398972123,0.020687398972123017
SENSITIVITY_1SIGMA_ENVELOPE,169,N,BIT7,64,64.057183228400149,0.00089348794375232465
SENSITIVITY_1SIGMA_ENVELOPE,169,N,BIT6,32,32.076867404056337,0.0024021063767605266
SENSITIVITY_1SIGMA_ENVELOPE,169,N,BIT5,16,15.856345303619481,-0.0089784185237824499
SENSITIVITY_1SIGMA_ENVELOPE,169,N,BIT4,8,8.0094897087522057,0.001186213594025709
SENSITIVITY_1SIGMA_ENVELOPE,169,N,BIT3,4,4.0064024935343419,0.0016006233835854644
SENSITIVITY_1SIGMA_ENVELOPE,169,N,BIT2,2,1.9870998633890773,-0.0064500683054613539
SENSITIVITY_1SIGMA_ENVELOPE,169,N,BIT1,1,0.99903163898743663,-0.00096836101256336793
SENSITIVITY_1SIGMA_ENVELOPE,169,N,DUMMY,1,0.97291133901595672,-0.027088660984043278
SENSITIVITY_1SIGMA_ENVELOPE,170,P,BIT7,64,63.881791797667326,-0.0018470031614480353
SENSITIVITY_1SIGMA_ENVELOPE,170,P,BIT6,32,31.889322943599652,-0.0034586580125108846
SENSITIVITY_1SIGMA_ENVELOPE,170,P,BIT5,16,16.041713439603551,0.0026070899752219656
SENSITIVITY_1SIGMA_ENVELOPE,170,P,BIT4,8,7.990247914947993,-0.001219010631500872
SENSITIVITY_1SIGMA_ENVELOPE,170,P,BIT3,4,3.9593161105314367,-0.010170972367140818
SENSITIVITY_1SIGMA_ENVELOPE,170,P,BIT2,2,2.0146782443232394,0.0073391221616196933
SENSITIVITY_1SIGMA_ENVELOPE,170,P,BIT1,1,1.0086488986070579,0.0086488986070578644
SENSITIVITY_1SIGMA_ENVELOPE,170,P,DUMMY,1,1.0257174852124054,0.025717485212405355
SENSITIVITY_1SIGMA_ENVELOPE,170,N,BIT7,64,63.843457924758454,-0.0024459699256491607
SENSITIVITY_1SIGMA_ENVELOPE,170,N,BIT6,32,32.064514070362364,0.0020160646988238717
SENSITIVITY_1SIGMA_ENVELOPE,170,N,BIT5,16,15.950849591311883,-0.0030719005430073221
SENSITIVITY_1SIGMA_ENVELOPE,170,N,BIT4,8,7.858398338013675,-0.017700207748290619
SENSITIVITY_1SIGMA_ENVELOPE,170,N,BIT3,4,3.9447100787457998,-0.013822480313550045
SENSITIVITY_1SIGMA_ENVELOPE,170,N,BIT2,2,1.9635680554506147,-0.018215972274692627
SENSITIVITY_1SIGMA_ENVELOPE,170,N,BIT1,1,1.0193233292903841,0.01932332929038405
SENSITIVITY_1SIGMA_ENVELOPE,170,N,DUMMY,1,1.0024271080073319,0.002427108007331924
SENSITIVITY_1SIGMA_ENVELOPE,171,P,BIT7,64,64.049123078068533,0.00076754809482082464
SENSITIVITY_1SIGMA_ENVELOPE,171,P,BIT6,32,32.026139808883393,0.00081686902760602642
SENSITIVITY_1SIGMA_ENVELOPE,171,P,BIT5,16,16.026816573116985,0.0016760358198115721
SENSITIVITY_1SIGMA_ENVELOPE,171,P,BIT4,8,7.9209994418049767,-0.0098750697743779092
SENSITIVITY_1SIGMA_ENVELOPE,171,P,BIT3,4,4.0668704396027762,0.016717609900694042
SENSITIVITY_1SIGMA_ENVELOPE,171,P,BIT2,2,1.9956994226951807,-0.0021502886524096265
SENSITIVITY_1SIGMA_ENVELOPE,171,P,BIT1,1,1.028430824533632,0.028430824533631993
SENSITIVITY_1SIGMA_ENVELOPE,171,P,DUMMY,1,0.99133083024766466,-0.0086691697523353373
SENSITIVITY_1SIGMA_ENVELOPE,171,N,BIT7,64,63.886473599249449,-0.0017738500117273626
SENSITIVITY_1SIGMA_ENVELOPE,171,N,BIT6,32,31.935260118441153,-0.0020231212987139591
SENSITIVITY_1SIGMA_ENVELOPE,171,N,BIT5,16,15.953582518941467,-0.0029010925661583364
SENSITIVITY_1SIGMA_ENVELOPE,171,N,BIT4,8,7.9765899267358797,-0.0029262591580150321
SENSITIVITY_1SIGMA_ENVELOPE,171,N,BIT3,4,3.9065518445506333,-0.023362038862341672
SENSITIVITY_1SIGMA_ENVELOPE,171,N,BIT2,2,1.9243258540323764,-0.037837072983811781
SENSITIVITY_1SIGMA_ENVELOPE,171,N,BIT1,1,1.0073767506588958,0.0073767506588957588
SENSITIVITY_1SIGMA_ENVELOPE,171,N,DUMMY,1,0.98933989427011293,-0.010660105729887071
SENSITIVITY_1SIGMA_ENVELOPE,172,P,BIT7,64,63.978160668913155,-0.00034123954823195302
SENSITIVITY_1SIGMA_ENVELOPE,172,P,BIT6,32,31.900082978176979,-0.0031224069319694125
SENSITIVITY_1SIGMA_ENVELOPE,172,P,BIT5,16,16.141882249607967,0.0088676406004979391
SENSITIVITY_1SIGMA_ENVELOPE,172,P,BIT4,8,8.0072334770474143,0.00090418463092678536
SENSITIVITY_1SIGMA_ENVELOPE,172,P,BIT3,4,3.9840674663070774,-0.0039831334232306448
SENSITIVITY_1SIGMA_ENVELOPE,172,P,BIT2,2,2.006434713687133,0.003217356843566499
SENSITIVITY_1SIGMA_ENVELOPE,172,P,BIT1,1,1.0175894275124333,0.017589427512433309
SENSITIVITY_1SIGMA_ENVELOPE,172,P,DUMMY,1,0.97550713663875133,-0.024492863361248673
SENSITIVITY_1SIGMA_ENVELOPE,172,N,BIT7,64,63.98529437613346,-0.00022977537291468675
SENSITIVITY_1SIGMA_ENVELOPE,172,N,BIT6,32,32.01835609206357,0.00057362787698655993
SENSITIVITY_1SIGMA_ENVELOPE,172,N,BIT5,16,15.776799213311783,-0.013950049168013567
SENSITIVITY_1SIGMA_ENVELOPE,172,N,BIT4,8,8.102466670671463,0.012808333833932872
SENSITIVITY_1SIGMA_ENVELOPE,172,N,BIT3,4,3.9579638668102599,-0.010509033297435022
SENSITIVITY_1SIGMA_ENVELOPE,172,N,BIT2,2,1.9772285323897727,-0.011385733805113651
SENSITIVITY_1SIGMA_ENVELOPE,172,N,BIT1,1,0.99699988898244218,-0.0030001110175578161
SENSITIVITY_1SIGMA_ENVELOPE,172,N,DUMMY,1,0.98431743894291845,-0.015682561057081545
SENSITIVITY_1SIGMA_ENVELOPE,173,P,BIT7,64,64.313426199323473,0.0048972843644292663
SENSITIVITY_1SIGMA_ENVELOPE,173,P,BIT6,32,31.978438859576308,-0.00067378563824038729
SENSITIVITY_1SIGMA_ENVELOPE,173,P,BIT5,16,16.076094128842751,0.0047558830526719387
SENSITIVITY_1SIGMA_ENVELOPE,173,P,BIT4,8,8.0602108697151245,0.0075263587143905575
SENSITIVITY_1SIGMA_ENVELOPE,173,P,BIT3,4,4.0169601684847258,0.0042400421211814532
SENSITIVITY_1SIGMA_ENVELOPE,173,P,BIT2,2,1.9851799996718649,-0.007410000164067565
SENSITIVITY_1SIGMA_ENVELOPE,173,P,BIT1,1,0.98054872532778259,-0.019451274672217411
SENSITIVITY_1SIGMA_ENVELOPE,173,P,DUMMY,1,0.98675821804429276,-0.013241781955707244
SENSITIVITY_1SIGMA_ENVELOPE,173,N,BIT7,64,64.035905553252235,0.00056102426956616824
SENSITIVITY_1SIGMA_ENVELOPE,173,N,BIT6,32,32.050039659525339,0.0015637393601668492
SENSITIVITY_1SIGMA_ENVELOPE,173,N,BIT5,16,16.124586451754269,0.0077866532346417827
SENSITIVITY_1SIGMA_ENVELOPE,173,N,BIT4,8,8.0432001039309178,0.0054000129913647221
SENSITIVITY_1SIGMA_ENVELOPE,173,N,BIT3,4,4.0057635328128782,0.0014408832032195562
SENSITIVITY_1SIGMA_ENVELOPE,173,N,BIT2,2,2.0139208967810509,0.0069604483905254533
SENSITIVITY_1SIGMA_ENVELOPE,173,N,BIT1,1,1.0203220385459735,0.020322038545973475
SENSITIVITY_1SIGMA_ENVELOPE,173,N,DUMMY,1,1.0516947073298852,0.051694707329885237
SENSITIVITY_1SIGMA_ENVELOPE,174,P,BIT7,64,63.988295733699765,-0.00018287916094117396
SENSITIVITY_1SIGMA_ENVELOPE,174,P,BIT6,32,31.864203826784525,-0.00424363041298359
SENSITIVITY_1SIGMA_ENVELOPE,174,P,BIT5,16,15.942680543746761,-0.0035824660158274568
SENSITIVITY_1SIGMA_ENVELOPE,174,P,BIT4,8,8.0257552925788538,0.0032194115723567229
SENSITIVITY_1SIGMA_ENVELOPE,174,P,BIT3,4,4.0008579768535899,0.00021449421339747587
SENSITIVITY_1SIGMA_ENVELOPE,174,P,BIT2,2,1.9904507703252925,-0.0047746148373537523
SENSITIVITY_1SIGMA_ENVELOPE,174,P,BIT1,1,0.98207045813657845,-0.01792954186342155
SENSITIVITY_1SIGMA_ENVELOPE,174,P,DUMMY,1,0.95499948976728266,-0.045000510232717339
SENSITIVITY_1SIGMA_ENVELOPE,174,N,BIT7,64,63.588339012244546,-0.0064322029336789655
SENSITIVITY_1SIGMA_ENVELOPE,174,N,BIT6,32,32.046301613561383,0.0014469254237932105
SENSITIVITY_1SIGMA_ENVELOPE,174,N,BIT5,16,16.088113934585358,0.0055071209115848951
SENSITIVITY_1SIGMA_ENVELOPE,174,N,BIT4,8,8.0861516291676683,0.010768953645958534
SENSITIVITY_1SIGMA_ENVELOPE,174,N,BIT3,4,3.971105936537159,-0.0072235158657102394
SENSITIVITY_1SIGMA_ENVELOPE,174,N,BIT2,2,1.9873574484492225,-0.0063212757753887683
SENSITIVITY_1SIGMA_ENVELOPE,174,N,BIT1,1,0.97800158986705898,-0.021998410132941015
SENSITIVITY_1SIGMA_ENVELOPE,174,N,DUMMY,1,1.0177706947219782,0.017770694721978231
SENSITIVITY_1SIGMA_ENVELOPE,175,P,BIT7,64,64.004591891423317,7.174830348932737e-05
SENSITIVITY_1SIGMA_ENVELOPE,175,P,BIT6,32,31.919006961781761,-0.0025310324443199583
SENSITIVITY_1SIGMA_ENVELOPE,175,P,BIT5,16,15.959778747718213,-0.0025138282676117063
SENSITIVITY_1SIGMA_ENVELOPE,175,P,BIT4,8,7.9614185673406332,-0.0048226790824208443
SENSITIVITY_1SIGMA_ENVELOPE,175,P,BIT3,4,4.0307753577996337,0.0076938394499084239
SENSITIVITY_1SIGMA_ENVELOPE,175,P,BIT2,2,2.0214192343101622,0.010709617155081119
SENSITIVITY_1SIGMA_ENVELOPE,175,P,BIT1,1,0.99327664577293306,-0.0067233542270669355
SENSITIVITY_1SIGMA_ENVELOPE,175,P,DUMMY,1,1.0128472369829915,0.012847236982991506
SENSITIVITY_1SIGMA_ENVELOPE,175,N,BIT7,64,64.047783783181586,0.00074662161221228374
SENSITIVITY_1SIGMA_ENVELOPE,175,N,BIT6,32,31.837063463171983,-0.0050917667758755281
SENSITIVITY_1SIGMA_ENVELOPE,175,N,BIT5,16,15.913201055958737,-0.0054249340025789294
SENSITIVITY_1SIGMA_ENVELOPE,175,N,BIT4,8,8.0191955872663598,0.0023994484082949796
SENSITIVITY_1SIGMA_ENVELOPE,175,N,BIT3,4,4.0199584643773569,0.0049896160943392331
SENSITIVITY_1SIGMA_ENVELOPE,175,N,BIT2,2,1.9617714105663118,-0.019114294716844116
SENSITIVITY_1SIGMA_ENVELOPE,175,N,BIT1,1,0.9885970440742865,-0.011402955925713498
SENSITIVITY_1SIGMA_ENVELOPE,175,N,DUMMY,1,0.98001626907898065,-0.019983730921019349
SENSITIVITY_1SIGMA_ENVELOPE,176,P,BIT7,64,63.712658498967116,-0.0044897109536388147
SENSITIVITY_1SIGMA_ENVELOPE,176,P,BIT6,32,32.216559988282,0.0067674996338125126
SENSITIVITY_1SIGMA_ENVELOPE,176,P,BIT5,16,16.007944973615842,0.00049656085099014646
SENSITIVITY_1SIGMA_ENVELOPE,176,P,BIT4,8,8.0249724595566683,0.0031215574445835337
SENSITIVITY_1SIGMA_ENVELOPE,176,P,BIT3,4,3.9741537688223776,-0.0064615577944056035
SENSITIVITY_1SIGMA_ENVELOPE,176,P,BIT2,2,1.9168006718716908,-0.041599664064154607
SENSITIVITY_1SIGMA_ENVELOPE,176,P,BIT1,1,1.0003975640411011,0.00039756404110113941
SENSITIVITY_1SIGMA_ENVELOPE,176,P,DUMMY,1,1.0157648358587414,0.015764835858741444
SENSITIVITY_1SIGMA_ENVELOPE,176,N,BIT7,64,64.250768612385684,0.0039182595685263166
SENSITIVITY_1SIGMA_ENVELOPE,176,N,BIT6,32,31.96873569885615,-0.00097700941074529979
SENSITIVITY_1SIGMA_ENVELOPE,176,N,BIT5,16,15.836243285777289,-0.010234794638919409
SENSITIVITY_1SIGMA_ENVELOPE,176,N,BIT4,8,7.9393240178223294,-0.0075844977722088203
SENSITIVITY_1SIGMA_ENVELOPE,176,N,BIT3,4,3.9789408995219588,-0.0052647751195102899
SENSITIVITY_1SIGMA_ENVELOPE,176,N,BIT2,2,2.0126056326566797,0.0063028163283398442
SENSITIVITY_1SIGMA_ENVELOPE,176,N,BIT1,1,0.96735225128542146,-0.032647748714578539
SENSITIVITY_1SIGMA_ENVELOPE,176,N,DUMMY,1,0.99915421687984363,-0.00084578312015637369
SENSITIVITY_1SIGMA_ENVELOPE,177,P,BIT7,64,63.907741682589581,-0.001441536209537797
SENSITIVITY_1SIGMA_ENVELOPE,177,P,BIT6,32,32.114283195134718,0.0035713498479599259
SENSITIVITY_1SIGMA_ENVELOPE,177,P,BIT5,16,15.817457739925514,-0.011408891254655384
SENSITIVITY_1SIGMA_ENVELOPE,177,P,BIT4,8,7.9240137429366477,-0.0094982821329190337
SENSITIVITY_1SIGMA_ENVELOPE,177,P,BIT3,4,3.970789985722178,-0.0073025035694554985
SENSITIVITY_1SIGMA_ENVELOPE,177,P,BIT2,2,1.9269834801723476,-0.036508259913826224
SENSITIVITY_1SIGMA_ENVELOPE,177,P,BIT1,1,1.0098515445757785,0.0098515445757785258
SENSITIVITY_1SIGMA_ENVELOPE,177,P,DUMMY,1,0.97330419027274251,-0.026695809727257491
SENSITIVITY_1SIGMA_ENVELOPE,177,N,BIT7,64,64.298181264298364,0.0046590822546619393
SENSITIVITY_1SIGMA_ENVELOPE,177,N,BIT6,32,31.831845552958352,-0.005254826470051488
SENSITIVITY_1SIGMA_ENVELOPE,177,N,BIT5,16,16.006972652132848,0.00043579075830302294
SENSITIVITY_1SIGMA_ENVELOPE,177,N,BIT4,8,7.990335018332746,-0.0012081227084067558
SENSITIVITY_1SIGMA_ENVELOPE,177,N,BIT3,4,4.0390167696892911,0.0097541924223227827
SENSITIVITY_1SIGMA_ENVELOPE,177,N,BIT2,2,2.014598814151574,0.0072994070757870233
SENSITIVITY_1SIGMA_ENVELOPE,177,N,BIT1,1,1.0116718162505995,0.011671816250599543
SENSITIVITY_1SIGMA_ENVELOPE,177,N,DUMMY,1,1.0214803347408472,0.021480334740847207
SENSITIVITY_1SIGMA_ENVELOPE,178,P,BIT7,64,63.951317247174217,-0.00076066801290286534
SENSITIVITY_1SIGMA_ENVELOPE,178,P,BIT6,32,32.178010889541014,0.0055628402981566794
SENSITIVITY_1SIGMA_ENVELOPE,178,P,BIT5,16,15.938687646566859,-0.0038320220895713408
SENSITIVITY_1SIGMA_ENVELOPE,178,P,BIT4,8,8.0385631097748309,0.0048203887218538632
SENSITIVITY_1SIGMA_ENVELOPE,178,P,BIT3,4,4.0239620623136707,0.0059905155784176767
SENSITIVITY_1SIGMA_ENVELOPE,178,P,BIT2,2,2.0080034237066853,0.0040017118533426377
SENSITIVITY_1SIGMA_ENVELOPE,178,P,BIT1,1,1.0569541685879409,0.05695416858794089
SENSITIVITY_1SIGMA_ENVELOPE,178,P,DUMMY,1,0.98878861969921927,-0.011211380300780727
SENSITIVITY_1SIGMA_ENVELOPE,178,N,BIT7,64,64.277189081171656,0.0043310793933071245
SENSITIVITY_1SIGMA_ENVELOPE,178,N,BIT6,32,31.929554810727797,-0.0022014121647563334
SENSITIVITY_1SIGMA_ENVELOPE,178,N,BIT5,16,15.924557475844246,-0.0047151577597346339
SENSITIVITY_1SIGMA_ENVELOPE,178,N,BIT4,8,8.0304639443681296,0.0038079930460162004
SENSITIVITY_1SIGMA_ENVELOPE,178,N,BIT3,4,4.0748426565726863,0.018710664143171574
SENSITIVITY_1SIGMA_ENVELOPE,178,N,BIT2,2,2.0316636682779499,0.015831834138974932
SENSITIVITY_1SIGMA_ENVELOPE,178,N,BIT1,1,1.011632592055524,0.011632592055524027
SENSITIVITY_1SIGMA_ENVELOPE,178,N,DUMMY,1,1.0193098520149255,0.019309852014925522
SENSITIVITY_1SIGMA_ENVELOPE,179,P,BIT7,64,63.806989954577652,-0.0030157819597241842
SENSITIVITY_1SIGMA_ENVELOPE,179,P,BIT6,32,32.123870783342859,0.0038709619794643491
SENSITIVITY_1SIGMA_ENVELOPE,179,P,BIT5,16,15.864457145081271,-0.0084714284324205469
SENSITIVITY_1SIGMA_ENVELOPE,179,P,BIT4,8,7.9747928430664405,-0.0031508946166949325
SENSITIVITY_1SIGMA_ENVELOPE,179,P,BIT3,4,4.0022886236152697,0.00057215590381742842
SENSITIVITY_1SIGMA_ENVELOPE,179,P,BIT2,2,2.0358386780600357,0.017919339030017856
SENSITIVITY_1SIGMA_ENVELOPE,179,P,BIT1,1,1.0113678519319071,0.011367851931907147
SENSITIVITY_1SIGMA_ENVELOPE,179,P,DUMMY,1,0.99424784004558686,-0.0057521599544131385
SENSITIVITY_1SIGMA_ENVELOPE,179,N,BIT7,64,63.610275198292094,-0.0060894500266860385
SENSITIVITY_1SIGMA_ENVELOPE,179,N,BIT6,32,32.007939767226574,0.00024811772583044345
SENSITIVITY_1SIGMA_ENVELOPE,179,N,BIT5,16,15.954269672878389,-0.0028581454451006572
SENSITIVITY_1SIGMA_ENVELOPE,179,N,BIT4,8,7.9787235390918996,-0.0026595576135125532
SENSITIVITY_1SIGMA_ENVELOPE,179,N,BIT3,4,4.0355694006092877,0.0088923501523219262
SENSITIVITY_1SIGMA_ENVELOPE,179,N,BIT2,2,1.9886689792360617,-0.0056655103819691632
SENSITIVITY_1SIGMA_ENVELOPE,179,N,BIT1,1,1.0340477146151779,0.03404771461517786
SENSITIVITY_1SIGMA_ENVELOPE,179,N,DUMMY,1,0.98840265522838766,-0.011597344771612339
SENSITIVITY_1SIGMA_ENVELOPE,180,P,BIT7,64,64.092951267235463,0.0014523635505541144
SENSITIVITY_1SIGMA_ENVELOPE,180,P,BIT6,32,31.953627935510443,-0.0014491270152986457
SENSITIVITY_1SIGMA_ENVELOPE,180,P,BIT5,16,15.818461265765116,-0.011346170889680263
SENSITIVITY_1SIGMA_ENVELOPE,180,P,BIT4,8,7.9762472596057208,-0.0029690925492849018
SENSITIVITY_1SIGMA_ENVELOPE,180,P,BIT3,4,4.0463175323284126,0.011579383082103156
SENSITIVITY_1SIGMA_ENVELOPE,180,P,BIT2,2,2.0046966374028297,0.002348318701414831
SENSITIVITY_1SIGMA_ENVELOPE,180,P,BIT1,1,0.98055335853535819,-0.019446641464641812
SENSITIVITY_1SIGMA_ENVELOPE,180,P,DUMMY,1,1.0443067452002011,0.044306745200201059
SENSITIVITY_1SIGMA_ENVELOPE,180,N,BIT7,64,64.085400256383025,0.0013343790059847649
SENSITIVITY_1SIGMA_ENVELOPE,180,N,BIT6,32,31.849146957121,-0.0047141575899687371
SENSITIVITY_1SIGMA_ENVELOPE,180,N,BIT5,16,15.948142439954655,-0.0032410975028340783
SENSITIVITY_1SIGMA_ENVELOPE,180,N,BIT4,8,8.0748276121998206,0.009353451524977574
SENSITIVITY_1SIGMA_ENVELOPE,180,N,BIT3,4,3.9978567599191051,-0.00053581002022373703
SENSITIVITY_1SIGMA_ENVELOPE,180,N,BIT2,2,1.9854397790318292,-0.0072801104840853892
SENSITIVITY_1SIGMA_ENVELOPE,180,N,BIT1,1,1.0168286281246619,0.016828628124661904
SENSITIVITY_1SIGMA_ENVELOPE,180,N,DUMMY,1,0.97285017860395251,-0.027149821396047491
SENSITIVITY_1SIGMA_ENVELOPE,181,P,BIT7,64,63.944407920691134,-0.00086862623920103132
SENSITIVITY_1SIGMA_ENVELOPE,181,P,BIT6,32,31.954451025817889,-0.0014234054431909726
SENSITIVITY_1SIGMA_ENVELOPE,181,P,BIT5,16,16.052854371615801,0.0033033982259875749
SENSITIVITY_1SIGMA_ENVELOPE,181,P,BIT4,8,7.9726471608802552,-0.0034191048899681054
SENSITIVITY_1SIGMA_ENVELOPE,181,P,BIT3,4,3.9216450004272412,-0.019588749893189705
SENSITIVITY_1SIGMA_ENVELOPE,181,P,BIT2,2,1.9880456503791493,-0.0059771748104253675
SENSITIVITY_1SIGMA_ENVELOPE,181,P,BIT1,1,1.0056046653811084,0.0056046653811083758
SENSITIVITY_1SIGMA_ENVELOPE,181,P,DUMMY,1,0.97062386287054514,-0.02937613712945486
SENSITIVITY_1SIGMA_ENVELOPE,181,N,BIT7,64,64.091771422115045,0.0014339284705475741
SENSITIVITY_1SIGMA_ENVELOPE,181,N,BIT6,32,32.035073843661344,0.0010960576144170009
SENSITIVITY_1SIGMA_ENVELOPE,181,N,BIT5,16,16.178374392171165,0.011148399510697793
SENSITIVITY_1SIGMA_ENVELOPE,181,N,BIT4,8,8.0691897795877896,0.0086487224484737002
SENSITIVITY_1SIGMA_ENVELOPE,181,N,BIT3,4,3.9664828649845405,-0.0083792837538648746
SENSITIVITY_1SIGMA_ENVELOPE,181,N,BIT2,2,1.984892342082297,-0.0075538289588514829
SENSITIVITY_1SIGMA_ENVELOPE,181,N,BIT1,1,0.98085990996794048,-0.01914009003205952
SENSITIVITY_1SIGMA_ENVELOPE,181,N,DUMMY,1,1.0137352748925965,0.013735274892596516
SENSITIVITY_1SIGMA_ENVELOPE,182,P,BIT7,64,63.928089155272659,-0.0011236069488647082
SENSITIVITY_1SIGMA_ENVELOPE,182,P,BIT6,32,32.251739819583449,0.0078668693619827756
SENSITIVITY_1SIGMA_ENVELOPE,182,P,BIT5,16,16.043911425307975,0.0027444640817484434
SENSITIVITY_1SIGMA_ENVELOPE,182,P,BIT4,8,8.0094441822129347,0.0011805227766168436
SENSITIVITY_1SIGMA_ENVELOPE,182,P,BIT3,4,3.9926192761963448,-0.001845180950913794
SENSITIVITY_1SIGMA_ENVELOPE,182,P,BIT2,2,2.0365793421911902,0.018289671095595095
SENSITIVITY_1SIGMA_ENVELOPE,182,P,BIT1,1,1.0200546633580914,0.020054663358091362
SENSITIVITY_1SIGMA_ENVELOPE,182,P,DUMMY,1,1.0191622296610645,0.019162229661064512
SENSITIVITY_1SIGMA_ENVELOPE,182,N,BIT7,64,64.006558528635082,0.00010247700992316311
SENSITIVITY_1SIGMA_ENVELOPE,182,N,BIT6,32,31.953284247270027,-0.0014598672728116657
SENSITIVITY_1SIGMA_ENVELOPE,182,N,BIT5,16,16.132780412640194,0.0082987757900121473
SENSITIVITY_1SIGMA_ENVELOPE,182,N,BIT4,8,8.0495225011912694,0.0061903126489086802
SENSITIVITY_1SIGMA_ENVELOPE,182,N,BIT3,4,3.968956570456748,-0.0077608573858130026
SENSITIVITY_1SIGMA_ENVELOPE,182,N,BIT2,2,2.0059118344494395,0.0029559172247197729
SENSITIVITY_1SIGMA_ENVELOPE,182,N,BIT1,1,0.99165059318974547,-0.0083494068102545338
SENSITIVITY_1SIGMA_ENVELOPE,182,N,DUMMY,1,0.98259412910224064,-0.017405870897759357
SENSITIVITY_1SIGMA_ENVELOPE,183,P,BIT7,64,63.748206798757074,-0.0039342687694207124
SENSITIVITY_1SIGMA_ENVELOPE,183,P,BIT6,32,32.140986742988432,0.0044058357183884844
SENSITIVITY_1SIGMA_ENVELOPE,183,P,BIT5,16,15.900484693644639,-0.0062197066472100548
SENSITIVITY_1SIGMA_ENVELOPE,183,P,BIT4,8,8.0012019581520342,0.00015024476900427075
SENSITIVITY_1SIGMA_ENVELOPE,183,P,BIT3,4,3.9615777549476578,-0.009605561263085538
SENSITIVITY_1SIGMA_ENVELOPE,183,P,BIT2,2,2.020510563634446,0.010255281817223016
SENSITIVITY_1SIGMA_ENVELOPE,183,P,BIT1,1,0.98237097611910784,-0.017629023880892158
SENSITIVITY_1SIGMA_ENVELOPE,183,P,DUMMY,1,0.99247286102331755,-0.0075271389766824459
SENSITIVITY_1SIGMA_ENVELOPE,183,N,BIT7,64,64.089431274145127,0.0013973636585176141
SENSITIVITY_1SIGMA_ENVELOPE,183,N,BIT6,32,31.915663880497462,-0.0026355037344543142
SENSITIVITY_1SIGMA_ENVELOPE,183,N,BIT5,16,15.991059768293082,-0.00055876448168235004
SENSITIVITY_1SIGMA_ENVELOPE,183,N,BIT4,8,8.1151835662578549,0.014397945782231858
SENSITIVITY_1SIGMA_ENVELOPE,183,N,BIT3,4,3.9838986525427362,-0.0040253368643159426
SENSITIVITY_1SIGMA_ENVELOPE,183,N,BIT2,2,2.0041626736702636,0.0020813368351317862
SENSITIVITY_1SIGMA_ENVELOPE,183,N,BIT1,1,1.0076983158578994,0.0076983158578993738
SENSITIVITY_1SIGMA_ENVELOPE,183,N,DUMMY,1,1.0053278103165904,0.0053278103165903534
SENSITIVITY_1SIGMA_ENVELOPE,184,P,BIT7,64,64.126309849285292,0.0019735913950826856
SENSITIVITY_1SIGMA_ENVELOPE,184,P,BIT6,32,31.814487469991185,-0.0057972665627754605
SENSITIVITY_1SIGMA_ENVELOPE,184,P,BIT5,16,16.127270409674985,0.0079544006046865512
SENSITIVITY_1SIGMA_ENVELOPE,184,P,BIT4,8,7.9353034540325709,-0.0080870682459286414
SENSITIVITY_1SIGMA_ENVELOPE,184,P,BIT3,4,4.0182978770703262,0.0045744692675815379
SENSITIVITY_1SIGMA_ENVELOPE,184,P,BIT2,2,1.9559605445167638,-0.022019727741618089
SENSITIVITY_1SIGMA_ENVELOPE,184,P,BIT1,1,0.95336990244520059,-0.04663009755479941
SENSITIVITY_1SIGMA_ENVELOPE,184,P,DUMMY,1,0.97233489125423778,-0.027665108745762224
SENSITIVITY_1SIGMA_ENVELOPE,184,N,BIT7,64,64.18234160263998,0.0028490875412496841
SENSITIVITY_1SIGMA_ENVELOPE,184,N,BIT6,32,31.994443872687263,-0.00017362897852302162
SENSITIVITY_1SIGMA_ENVELOPE,184,N,BIT5,16,15.89902506040694,-0.0063109337245662589
SENSITIVITY_1SIGMA_ENVELOPE,184,N,BIT4,8,8.0485838430882346,0.0060729803860293252
SENSITIVITY_1SIGMA_ENVELOPE,184,N,BIT3,4,4.0240429698815348,0.0060107424703836898
SENSITIVITY_1SIGMA_ENVELOPE,184,N,BIT2,2,2.0161821056256795,0.0080910528128397274
SENSITIVITY_1SIGMA_ENVELOPE,184,N,BIT1,1,0.96452607165686621,-0.035473928343133787
SENSITIVITY_1SIGMA_ENVELOPE,184,N,DUMMY,1,1.0424893857898145,0.042489385789814538
SENSITIVITY_1SIGMA_ENVELOPE,185,P,BIT7,64,64.097072141427958,0.0015167522098118447
SENSITIVITY_1SIGMA_ENVELOPE,185,P,BIT6,32,32.056884659901421,0.0017776456219193992
SENSITIVITY_1SIGMA_ENVELOPE,185,P,BIT5,16,16.06920416241066,0.0043252601506662547
SENSITIVITY_1SIGMA_ENVELOPE,185,P,BIT4,8,7.9930800633037222,-0.00086499208703472164
SENSITIVITY_1SIGMA_ENVELOPE,185,P,BIT3,4,3.9588264879037256,-0.0102933780240686
SENSITIVITY_1SIGMA_ENVELOPE,185,P,BIT2,2,2.0552479706020472,0.027623985301023612
SENSITIVITY_1SIGMA_ENVELOPE,185,P,BIT1,1,0.98845852739231144,-0.011541472607688563
SENSITIVITY_1SIGMA_ENVELOPE,185,P,DUMMY,1,1.0259706014937136,0.025970601493713552
SENSITIVITY_1SIGMA_ENVELOPE,185,N,BIT7,64,64.040566615283737,0.00063385336380838986
SENSITIVITY_1SIGMA_ENVELOPE,185,N,BIT6,32,32.012458228929539,0.00038931965404809254
SENSITIVITY_1SIGMA_ENVELOPE,185,N,BIT5,16,16.115023188134014,0.0071889492583758763
SENSITIVITY_1SIGMA_ENVELOPE,185,N,BIT4,8,8.0268793131510918,0.0033599141438864777
SENSITIVITY_1SIGMA_ENVELOPE,185,N,BIT3,4,3.9822336512591279,-0.0044415871852180322
SENSITIVITY_1SIGMA_ENVELOPE,185,N,BIT2,2,2.0129176186992703,0.006458809349635164
SENSITIVITY_1SIGMA_ENVELOPE,185,N,BIT1,1,0.97296252586553378,-0.027037474134466222
SENSITIVITY_1SIGMA_ENVELOPE,185,N,DUMMY,1,0.96056532018612317,-0.039434679813876827
SENSITIVITY_1SIGMA_ENVELOPE,186,P,BIT7,64,63.95114902133853,-0.00076329654158546756
SENSITIVITY_1SIGMA_ENVELOPE,186,P,BIT6,32,32.007404364584389,0.00023138639326214516
SENSITIVITY_1SIGMA_ENVELOPE,186,P,BIT5,16,15.971300118089294,-0.0017937426194191142
SENSITIVITY_1SIGMA_ENVELOPE,186,P,BIT4,8,7.9727620171167377,-0.0034047478604077863
SENSITIVITY_1SIGMA_ENVELOPE,186,P,BIT3,4,3.9709791665449137,-0.0072552083637715814
SENSITIVITY_1SIGMA_ENVELOPE,186,P,BIT2,2,2.0255537060721638,0.012776853036081892
SENSITIVITY_1SIGMA_ENVELOPE,186,P,BIT1,1,1.0058420386546796,0.0058420386546795822
SENSITIVITY_1SIGMA_ENVELOPE,186,P,DUMMY,1,1.0059236266057952,0.0059236266057951514
SENSITIVITY_1SIGMA_ENVELOPE,186,N,BIT7,64,63.788667557555584,-0.0033020694131939976
SENSITIVITY_1SIGMA_ENVELOPE,186,N,BIT6,32,32.111740656993902,0.0034918955310594413
SENSITIVITY_1SIGMA_ENVELOPE,186,N,BIT5,16,15.994851778617585,-0.00032176383640092343
SENSITIVITY_1SIGMA_ENVELOPE,186,N,BIT4,8,7.8592575642209326,-0.017592804472383428
SENSITIVITY_1SIGMA_ENVELOPE,186,N,BIT3,4,3.9333724830136152,-0.016656879246596201
SENSITIVITY_1SIGMA_ENVELOPE,186,N,BIT2,2,2.0136180145115548,0.0068090072557773773
SENSITIVITY_1SIGMA_ENVELOPE,186,N,BIT1,1,1.029600727709262,0.029600727709262031
SENSITIVITY_1SIGMA_ENVELOPE,186,N,DUMMY,1,0.95703282388022981,-0.04296717611977019
SENSITIVITY_1SIGMA_ENVELOPE,187,P,BIT7,64,63.895815963369998,-0.0016278755723437843
SENSITIVITY_1SIGMA_ENVELOPE,187,P,BIT6,32,31.93823124944128,-0.0019302734549599965
SENSITIVITY_1SIGMA_ENVELOPE,187,P,BIT5,16,15.934323296411646,-0.0041047939742721029
SENSITIVITY_1SIGMA_ENVELOPE,187,P,BIT4,8,8.0182947878614357,0.0022868484826794599
SENSITIVITY_1SIGMA_ENVELOPE,187,P,BIT3,4,3.9801759262290632,-0.0049560184427341891
SENSITIVITY_1SIGMA_ENVELOPE,187,P,BIT2,2,1.9662495715865522,-0.016875214206723888
SENSITIVITY_1SIGMA_ENVELOPE,187,P,BIT1,1,1.0176099341471554,0.017609934147155393
SENSITIVITY_1SIGMA_ENVELOPE,187,P,DUMMY,1,0.99996904895963967,-3.0951040360327475e-05
SENSITIVITY_1SIGMA_ENVELOPE,187,N,BIT7,64,64.024459940389477,0.00038218656858557409
SENSITIVITY_1SIGMA_ENVELOPE,187,N,BIT6,32,31.833298031098956,-0.0052094365281576405
SENSITIVITY_1SIGMA_ENVELOPE,187,N,BIT5,16,15.936929767560695,-0.0039418895274565546
SENSITIVITY_1SIGMA_ENVELOPE,187,N,BIT4,8,8.0416987222457834,0.0052123402807229269
SENSITIVITY_1SIGMA_ENVELOPE,187,N,BIT3,4,4.0041377774137299,0.0010344443534324732
SENSITIVITY_1SIGMA_ENVELOPE,187,N,BIT2,2,2.0271089926795476,0.013554496339773792
SENSITIVITY_1SIGMA_ENVELOPE,187,N,BIT1,1,1.0345621983417013,0.034562198341701267
SENSITIVITY_1SIGMA_ENVELOPE,187,N,DUMMY,1,1.0198583088631519,0.019858308863151874
SENSITIVITY_1SIGMA_ENVELOPE,188,P,BIT7,64,64.139771592528788,0.0021839311332623179
SENSITIVITY_1SIGMA_ENVELOPE,188,P,BIT6,32,32.151101170328019,0.0047219115727505923
SENSITIVITY_1SIGMA_ENVELOPE,188,P,BIT5,16,15.932891175246148,-0.004194301547115753
SENSITIVITY_1SIGMA_ENVELOPE,188,P,BIT4,8,7.9634876010300237,-0.0045640498712470334
SENSITIVITY_1SIGMA_ENVELOPE,188,P,BIT3,4,4.0487228467760588,0.01218071169401469
SENSITIVITY_1SIGMA_ENVELOPE,188,P,BIT2,2,2.0240280180230221,0.012014009011511062
SENSITIVITY_1SIGMA_ENVELOPE,188,P,BIT1,1,0.9853496900997869,-0.014650309900213099
SENSITIVITY_1SIGMA_ENVELOPE,188,P,DUMMY,1,0.9698861205088315,-0.030113879491168505
SENSITIVITY_1SIGMA_ENVELOPE,188,N,BIT7,64,63.606035555698256,-0.0061556944422147541
SENSITIVITY_1SIGMA_ENVELOPE,188,N,BIT6,32,32.151516350643206,0.0047348859576001878
SENSITIVITY_1SIGMA_ENVELOPE,188,N,BIT5,16,16.100315289298663,0.0062697055811664626
SENSITIVITY_1SIGMA_ENVELOPE,188,N,BIT4,8,7.9986831133519072,-0.00016461083101160234
SENSITIVITY_1SIGMA_ENVELOPE,188,N,BIT3,4,3.9671996860539069,-0.0082000784865232657
SENSITIVITY_1SIGMA_ENVELOPE,188,N,BIT2,2,2.0028264060193526,0.0014132030096762893
SENSITIVITY_1SIGMA_ENVELOPE,188,N,BIT1,1,0.99258565903407314,-0.0074143409659268578
SENSITIVITY_1SIGMA_ENVELOPE,188,N,DUMMY,1,1.0249060855310586,0.024906085531058553
SENSITIVITY_1SIGMA_ENVELOPE,189,P,BIT7,64,64.02556613821146,0.00039947090955405606
SENSITIVITY_1SIGMA_ENVELOPE,189,P,BIT6,32,31.860603398958869,-0.0043561437825353488
SENSITIVITY_1SIGMA_ENVELOPE,189,P,BIT5,16,15.966596976164642,-0.0020876889897099016
SENSITIVITY_1SIGMA_ENVELOPE,189,P,BIT4,8,7.9924993962271351,-0.00093757547160810972
SENSITIVITY_1SIGMA_ENVELOPE,189,P,BIT3,4,3.9930894332526528,-0.0017276416868368116
SENSITIVITY_1SIGMA_ENVELOPE,189,P,BIT2,2,2.0377952008017708,0.018897600400885395
SENSITIVITY_1SIGMA_ENVELOPE,189,P,BIT1,1,0.99608447759942931,-0.0039155224005706923
SENSITIVITY_1SIGMA_ENVELOPE,189,P,DUMMY,1,1.0176497589976066,0.017649758997606568
SENSITIVITY_1SIGMA_ENVELOPE,189,N,BIT7,64,63.50227439256382,-0.0077769626161903194
SENSITIVITY_1SIGMA_ENVELOPE,189,N,BIT6,32,31.8076543832128,-0.0060108005246000129
SENSITIVITY_1SIGMA_ENVELOPE,189,N,BIT5,16,15.845738553865651,-0.0096413403833968125
SENSITIVITY_1SIGMA_ENVELOPE,189,N,BIT4,8,8.0319988863081964,0.0039998607885245452
SENSITIVITY_1SIGMA_ENVELOPE,189,N,BIT3,4,4.0200229108979499,0.0050057277244874854
SENSITIVITY_1SIGMA_ENVELOPE,189,N,BIT2,2,2.0463363322731096,0.023168166136554813
SENSITIVITY_1SIGMA_ENVELOPE,189,N,BIT1,1,1.0195783400831004,0.019578340083100443
SENSITIVITY_1SIGMA_ENVELOPE,189,N,DUMMY,1,1.0327794816306819,0.032779481630681895
SENSITIVITY_1SIGMA_ENVELOPE,190,P,BIT7,64,63.637467369747732,-0.0056645723476916876
SENSITIVITY_1SIGMA_ENVELOPE,190,P,BIT6,32,31.932844893198428,-0.0020985970875491144
SENSITIVITY_1SIGMA_ENVELOPE,190,P,BIT5,16,16.180267126970648,0.011266695435665497
SENSITIVITY_1SIGMA_ENVELOPE,190,P,BIT4,8,7.9260979004134891,-0.0092377624483138687
SENSITIVITY_1SIGMA_ENVELOPE,190,P,BIT3,4,4.0532646823479777,0.013316170586994414
SENSITIVITY_1SIGMA_ENVELOPE,190,P,BIT2,2,2.0052288653731942,0.0026144326865971124
SENSITIVITY_1SIGMA_ENVELOPE,190,P,BIT1,1,0.99343733454775374,-0.0065626654522462635
SENSITIVITY_1SIGMA_ENVELOPE,190,P,DUMMY,1,1.0306362664721498,0.030636266472149787
SENSITIVITY_1SIGMA_ENVELOPE,190,N,BIT7,64,63.85505740130268,-0.0022647281046456191
SENSITIVITY_1SIGMA_ENVELOPE,190,N,BIT6,32,32.119149919251456,0.0037234349766079866
SENSITIVITY_1SIGMA_ENVELOPE,190,N,BIT5,16,15.948603422257499,-0.003212286108906337
SENSITIVITY_1SIGMA_ENVELOPE,190,N,BIT4,8,7.9693039627449203,-0.0038370046568849681
SENSITIVITY_1SIGMA_ENVELOPE,190,N,BIT3,4,3.9268966985893461,-0.018275825352663477
SENSITIVITY_1SIGMA_ENVELOPE,190,N,BIT2,2,2.0063504089480886,0.0031752044740442908
SENSITIVITY_1SIGMA_ENVELOPE,190,N,BIT1,1,1.0292407085555586,0.029240708555558603
SENSITIVITY_1SIGMA_ENVELOPE,190,N,DUMMY,1,0.98574778999578283,-0.01425221000421717
SENSITIVITY_1SIGMA_ENVELOPE,191,P,BIT7,64,63.750560157044795,-0.0038974975461750772
SENSITIVITY_1SIGMA_ENVELOPE,191,P,BIT6,32,32.043930605855493,0.0013728314329841673
SENSITIVITY_1SIGMA_ENVELOPE,191,P,BIT5,16,15.964750296322757,-0.0022031064798276878
SENSITIVITY_1SIGMA_ENVELOPE,191,P,BIT4,8,8.0469174529114564,0.0058646816139320546
SENSITIVITY_1SIGMA_ENVELOPE,191,P,BIT3,4,4.0681230660793499,0.017030766519837481
SENSITIVITY_1SIGMA_ENVELOPE,191,P,BIT2,2,1.971869554265089,-0.014065222867455485
SENSITIVITY_1SIGMA_ENVELOPE,191,P,BIT1,1,1.0228593240919379,0.022859324091937916
SENSITIVITY_1SIGMA_ENVELOPE,191,P,DUMMY,1,1.0199993562208747,0.019999356220874676
SENSITIVITY_1SIGMA_ENVELOPE,191,N,BIT7,64,63.763720285660725,-0.0036918705365511784
SENSITIVITY_1SIGMA_ENVELOPE,191,N,BIT6,32,31.781792297899383,-0.0068189906906442888
SENSITIVITY_1SIGMA_ENVELOPE,191,N,BIT5,16,16.139743731341873,0.008733983208867091
SENSITIVITY_1SIGMA_ENVELOPE,191,N,BIT4,8,7.9565915176574178,-0.0054260602928227764
SENSITIVITY_1SIGMA_ENVELOPE,191,N,BIT3,4,4.0315841482347539,0.0078960370586884654
SENSITIVITY_1SIGMA_ENVELOPE,191,N,BIT2,2,1.9769231079957681,-0.011538446002115954
SENSITIVITY_1SIGMA_ENVELOPE,191,N,BIT1,1,1.0383989096703723,0.038398909670372294
SENSITIVITY_1SIGMA_ENVELOPE,191,N,DUMMY,1,1.0236646805367853,0.023664680536785276
SENSITIVITY_1SIGMA_ENVELOPE,192,P,BIT7,64,63.976287433202486,-0.00037050885621114915
SENSITIVITY_1SIGMA_ENVELOPE,192,P,BIT6,32,31.974544472484105,-0.00079548523487171785
SENSITIVITY_1SIGMA_ENVELOPE,192,P,BIT5,16,15.927874009408383,-0.0045078744119760872
SENSITIVITY_1SIGMA_ENVELOPE,192,P,BIT4,8,7.9949070518587968,-0.00063661851765040023
SENSITIVITY_1SIGMA_ENVELOPE,192,P,BIT3,4,4.0075090003856584,0.0018772500964145955
SENSITIVITY_1SIGMA_ENVELOPE,192,P,BIT2,2,2.0264240515606469,0.013212025780323433
SENSITIVITY_1SIGMA_ENVELOPE,192,P,BIT1,1,0.97305929995591967,-0.026940700044080335
SENSITIVITY_1SIGMA_ENVELOPE,192,P,DUMMY,1,1.0135989588664165,0.013598958866416488
SENSITIVITY_1SIGMA_ENVELOPE,192,N,BIT7,64,63.904654603103666,-0.0014897718265052262
SENSITIVITY_1SIGMA_ENVELOPE,192,N,BIT6,32,32.075066872690712,0.0023458397715847568
SENSITIVITY_1SIGMA_ENVELOPE,192,N,BIT5,16,16.123519632362232,0.0077199770226394904
SENSITIVITY_1SIGMA_ENVELOPE,192,N,BIT4,8,7.9197637760361985,-0.010029527995475185
SENSITIVITY_1SIGMA_ENVELOPE,192,N,BIT3,4,4.0413265617028964,0.010331640425724098
SENSITIVITY_1SIGMA_ENVELOPE,192,N,BIT2,2,1.995619249712592,-0.0021903751437040153
SENSITIVITY_1SIGMA_ENVELOPE,192,N,BIT1,1,1.010018669287813,0.010018669287813031
SENSITIVITY_1SIGMA_ENVELOPE,192,N,DUMMY,1,0.94066562757674155,-0.059334372423258452
SENSITIVITY_1SIGMA_ENVELOPE,193,P,BIT7,64,64.165906254484753,0.0025922852263242646
SENSITIVITY_1SIGMA_ENVELOPE,193,P,BIT6,32,31.928893728166372,-0.0022220709948008732
SENSITIVITY_1SIGMA_ENVELOPE,193,P,BIT5,16,16.077253770643875,0.0048283606652421707
SENSITIVITY_1SIGMA_ENVELOPE,193,P,BIT4,8,7.8822882796741238,-0.014713965040734522
SENSITIVITY_1SIGMA_ENVELOPE,193,P,BIT3,4,4.0574981077341077,0.014374526933526921
SENSITIVITY_1SIGMA_ENVELOPE,193,P,BIT2,2,1.9984742588116458,-0.000762870594177123
SENSITIVITY_1SIGMA_ENVELOPE,193,P,BIT1,1,1.0505202209507361,0.05052022095073605
SENSITIVITY_1SIGMA_ENVELOPE,193,P,DUMMY,1,0.98513633108723275,-0.014863668912767247
SENSITIVITY_1SIGMA_ENVELOPE,193,N,BIT7,64,64.082283613402097,0.0012856814594077726
SENSITIVITY_1SIGMA_ENVELOPE,193,N,BIT6,32,31.969135865370717,-0.00096450420716509555
SENSITIVITY_1SIGMA_ENVELOPE,193,N,BIT5,16,15.906809852819752,-0.0058243841987655198
SENSITIVITY_1SIGMA_ENVELOPE,193,N,BIT4,8,7.9608358764303002,-0.0048955154462124728
SENSITIVITY_1SIGMA_ENVELOPE,193,N,BIT3,4,4.051240736980616,0.01281018424515401
SENSITIVITY_1SIGMA_ENVELOPE,193,N,BIT2,2,1.9924666282090289,-0.0037666858954855664
SENSITIVITY_1SIGMA_ENVELOPE,193,N,BIT1,1,1.022670609176219,0.022670609176218992
SENSITIVITY_1SIGMA_ENVELOPE,193,N,DUMMY,1,0.98716052595403581,-0.012839474045964194
SENSITIVITY_1SIGMA_ENVELOPE,194,P,BIT7,64,63.896499457426842,-0.0016171959777055989
SENSITIVITY_1SIGMA_ENVELOPE,194,P,BIT6,32,31.724517338701105,-0.0086088331655904682
SENSITIVITY_1SIGMA_ENVELOPE,194,P,BIT5,16,16.027894128391441,0.0017433830244650839
SENSITIVITY_1SIGMA_ENVELOPE,194,P,BIT4,8,8.0444278024039164,0.0055534753004895521
SENSITIVITY_1SIGMA_ENVELOPE,194,P,BIT3,4,4.0278650635415776,0.006966265885394396
SENSITIVITY_1SIGMA_ENVELOPE,194,P,BIT2,2,1.9859002531576269,-0.0070498734211865699
SENSITIVITY_1SIGMA_ENVELOPE,194,P,BIT1,1,0.97128340113735923,-0.028716598862640774
SENSITIVITY_1SIGMA_ENVELOPE,194,P,DUMMY,1,1.0105790419050094,0.010579041905009356
SENSITIVITY_1SIGMA_ENVELOPE,194,N,BIT7,64,64.389580022815807,0.0060871878564969784
SENSITIVITY_1SIGMA_ENVELOPE,194,N,BIT6,32,32.054030969774814,0.0016884678054629454
SENSITIVITY_1SIGMA_ENVELOPE,194,N,BIT5,16,15.949046356559849,-0.0031846027150094214
SENSITIVITY_1SIGMA_ENVELOPE,194,N,BIT4,8,7.958681220004042,-0.0051648474994947513
SENSITIVITY_1SIGMA_ENVELOPE,194,N,BIT3,4,3.9892664793510928,-0.0026833801622268005
SENSITIVITY_1SIGMA_ENVELOPE,194,N,BIT2,2,1.9590144861154535,-0.02049275694227326
SENSITIVITY_1SIGMA_ENVELOPE,194,N,BIT1,1,1.0207498355181683,0.020749835518168336
SENSITIVITY_1SIGMA_ENVELOPE,194,N,DUMMY,1,0.9665071130254641,-0.033492886974535896
SENSITIVITY_1SIGMA_ENVELOPE,195,P,BIT7,64,63.925336474353955,-0.001166617588219454
SENSITIVITY_1SIGMA_ENVELOPE,195,P,BIT6,32,31.803722885035214,-0.0061336598426495748
SENSITIVITY_1SIGMA_ENVELOPE,195,P,BIT5,16,16.006563675673931,0.00041022972962068138
SENSITIVITY_1SIGMA_ENVELOPE,195,P,BIT4,8,7.9513764057388654,-0.0060779492826418258
SENSITIVITY_1SIGMA_ENVELOPE,195,P,BIT3,4,4.0440004626060366,0.011000115651509157
SENSITIVITY_1SIGMA_ENVELOPE,195,P,BIT2,2,2.0479152913381737,0.023957645669086869
SENSITIVITY_1SIGMA_ENVELOPE,195,P,BIT1,1,0.94957447468723666,-0.050425525312763342
SENSITIVITY_1SIGMA_ENVELOPE,195,P,DUMMY,1,1.0026793508090397,0.0026793508090396934
SENSITIVITY_1SIGMA_ENVELOPE,195,N,BIT7,64,63.775915229179446,-0.0035013245440711493
SENSITIVITY_1SIGMA_ENVELOPE,195,N,BIT6,32,31.870427681459812,-0.0040491349543808619
SENSITIVITY_1SIGMA_ENVELOPE,195,N,BIT5,16,15.815995129061953,-0.011500304433627928
SENSITIVITY_1SIGMA_ENVELOPE,195,N,BIT4,8,7.8815308409470779,-0.014808644881615263
SENSITIVITY_1SIGMA_ENVELOPE,195,N,BIT3,4,4.0118446921644875,0.0029611730411218673
SENSITIVITY_1SIGMA_ENVELOPE,195,N,BIT2,2,2.018235892360237,0.0091179461801185191
SENSITIVITY_1SIGMA_ENVELOPE,195,N,BIT1,1,0.99725054476094865,-0.002749455239051346
SENSITIVITY_1SIGMA_ENVELOPE,195,N,DUMMY,1,1.0048930436557522,0.0048930436557521606
SENSITIVITY_1SIGMA_ENVELOPE,196,P,BIT7,64,63.88668352584078,-0.0017705699087378068
SENSITIVITY_1SIGMA_ENVELOPE,196,P,BIT6,32,31.801315955119954,-0.0062088764025014509
SENSITIVITY_1SIGMA_ENVELOPE,196,P,BIT5,16,16.015913052012991,0.00099456575081191545
SENSITIVITY_1SIGMA_ENVELOPE,196,P,BIT4,8,8.0386225664089554,0.0048278208011194312
SENSITIVITY_1SIGMA_ENVELOPE,196,P,BIT3,4,4.0723316097260014,0.018082902431500347
SENSITIVITY_1SIGMA_ENVELOPE,196,P,BIT2,2,1.9804129873867864,-0.0097935063066068029
SENSITIVITY_1SIGMA_ENVELOPE,196,P,BIT1,1,0.99973542108512803,-0.00026457891487197127
SENSITIVITY_1SIGMA_ENVELOPE,196,P,DUMMY,1,1.0584843820183985,0.058484382018398451
SENSITIVITY_1SIGMA_ENVELOPE,196,N,BIT7,64,64.111240867275271,0.0017381385511761049
SENSITIVITY_1SIGMA_ENVELOPE,196,N,BIT6,32,31.902476183631734,-0.0030476192615083164
SENSITIVITY_1SIGMA_ENVELOPE,196,N,BIT5,16,16.038003802842123,0.0023752376776327022
SENSITIVITY_1SIGMA_ENVELOPE,196,N,BIT4,8,8.1178995204796855,0.014737440059960694
SENSITIVITY_1SIGMA_ENVELOPE,196,N,BIT3,4,3.9965118790687946,-0.00087203023280135739
SENSITIVITY_1SIGMA_ENVELOPE,196,N,BIT2,2,2.0034628307027953,0.0017314153513976471
SENSITIVITY_1SIGMA_ENVELOPE,196,N,BIT1,1,0.98598516760309807,-0.014014832396901933
SENSITIVITY_1SIGMA_ENVELOPE,196,N,DUMMY,1,1.0079187057096088,0.007918705709608842
SENSITIVITY_1SIGMA_ENVELOPE,197,P,BIT7,64,63.880315124247872,-0.0018700761836270008
SENSITIVITY_1SIGMA_ENVELOPE,197,P,BIT6,32,32.062966517554415,0.0019677036735754605
SENSITIVITY_1SIGMA_ENVELOPE,197,P,BIT5,16,15.947129338046263,-0.0033044163721085429
SENSITIVITY_1SIGMA_ENVELOPE,197,P,BIT4,8,7.9600074149005131,-0.004999073137435861
SENSITIVITY_1SIGMA_ENVELOPE,197,P,BIT3,4,3.9751734420362776,-0.0062066394909305878
SENSITIVITY_1SIGMA_ENVELOPE,197,P,BIT2,2,1.9591755253239636,-0.020412237338018224
SENSITIVITY_1SIGMA_ENVELOPE,197,P,BIT1,1,1.0383129222515006,0.038312922251500625
SENSITIVITY_1SIGMA_ENVELOPE,197,P,DUMMY,1,0.996381448279132,-0.0036185517208680018
SENSITIVITY_1SIGMA_ENVELOPE,197,N,BIT7,64,64.217227668042227,0.0033941823131597992
SENSITIVITY_1SIGMA_ENVELOPE,197,N,BIT6,32,32.061409622384396,0.0019190506995123702
SENSITIVITY_1SIGMA_ENVELOPE,197,N,BIT5,16,16.172759863399374,0.010797491462460895
SENSITIVITY_1SIGMA_ENVELOPE,197,N,BIT4,8,7.9580363290245808,-0.0052454588719273998
SENSITIVITY_1SIGMA_ENVELOPE,197,N,BIT3,4,4.0457962047016442,0.011449051175411062
SENSITIVITY_1SIGMA_ENVELOPE,197,N,BIT2,2,1.9470742898143005,-0.026462855092849735
SENSITIVITY_1SIGMA_ENVELOPE,197,N,BIT1,1,0.95983789269982478,-0.04016210730017522
SENSITIVITY_1SIGMA_ENVELOPE,197,N,DUMMY,1,0.97928162025447107,-0.020718379745528925
SENSITIVITY_1SIGMA_ENVELOPE,198,P,BIT7,64,64.045793257280621,0.0007155196450097101
SENSITIVITY_1SIGMA_ENVELOPE,198,P,BIT6,32,32.024089431762775,0.00075279474258671542
SENSITIVITY_1SIGMA_ENVELOPE,198,P,BIT5,16,15.913001441589355,-0.0054374099006653243
SENSITIVITY_1SIGMA_ENVELOPE,198,P,BIT4,8,8.0176991291614073,0.0022123911451759071
SENSITIVITY_1SIGMA_ENVELOPE,198,P,BIT3,4,4.0029620959541372,0.0007405239885343029
SENSITIVITY_1SIGMA_ENVELOPE,198,P,BIT2,2,1.9826160931198378,-0.0086919534400811127
SENSITIVITY_1SIGMA_ENVELOPE,198,P,BIT1,1,0.97927628727217231,-0.020723712727827692
SENSITIVITY_1SIGMA_ENVELOPE,198,P,DUMMY,1,0.97941769469594309,-0.020582305304056914
SENSITIVITY_1SIGMA_ENVELOPE,198,N,BIT7,64,64.176164706769015,0.0027525735432658571
SENSITIVITY_1SIGMA_ENVELOPE,198,N,BIT6,32,32.161339694976895,0.005041865468027984
SENSITIVITY_1SIGMA_ENVELOPE,198,N,BIT5,16,16.048376072541171,0.0030235045338231625
SENSITIVITY_1SIGMA_ENVELOPE,198,N,BIT4,8,8.0061787384380843,0.00077234230476053156
SENSITIVITY_1SIGMA_ENVELOPE,198,N,BIT3,4,3.9511503704580266,-0.01221240738549334
SENSITIVITY_1SIGMA_ENVELOPE,198,N,BIT2,2,2.0433836958364981,0.021691847918249074
SENSITIVITY_1SIGMA_ENVELOPE,198,N,BIT1,1,1.009068124798389,0.0090681247983890323
SENSITIVITY_1SIGMA_ENVELOPE,198,N,DUMMY,1,0.98813665318569077,-0.011863346814309228
SENSITIVITY_1SIGMA_ENVELOPE,199,P,BIT7,64,63.998506186242665,-2.3340839958363446e-05
SENSITIVITY_1SIGMA_ENVELOPE,199,P,BIT6,32,32.07638315465941,0.0023869735831065775
SENSITIVITY_1SIGMA_ENVELOPE,199,P,BIT5,16,16.052964212656185,0.0033102632910115837
SENSITIVITY_1SIGMA_ENVELOPE,199,P,BIT4,8,8.097408741718727,0.01217609271484088
SENSITIVITY_1SIGMA_ENVELOPE,199,P,BIT3,4,3.9811213999365656,-0.0047196500158586119
SENSITIVITY_1SIGMA_ENVELOPE,199,P,BIT2,2,1.9842702207041341,-0.0078648896479329711
SENSITIVITY_1SIGMA_ENVELOPE,199,P,BIT1,1,0.99907570776987531,-0.00092429223012469031
SENSITIVITY_1SIGMA_ENVELOPE,199,P,DUMMY,1,1.0309574846572951,0.030957484657295087
SENSITIVITY_1SIGMA_ENVELOPE,199,N,BIT7,64,64.047338157529225,0.00073965871139414219
SENSITIVITY_1SIGMA_ENVELOPE,199,N,BIT6,32,32.22555840500587,0.0070487001564334406
SENSITIVITY_1SIGMA_ENVELOPE,199,N,BIT5,16,15.919498541166341,-0.0050313411771036876
SENSITIVITY_1SIGMA_ENVELOPE,199,N,BIT4,8,8.0237474560293549,0.0029684320036693634
SENSITIVITY_1SIGMA_ENVELOPE,199,N,BIT3,4,4.0041391909854074,0.0010347977463518454
SENSITIVITY_1SIGMA_ENVELOPE,199,N,BIT2,2,1.9517676593534308,-0.024116170323284614
SENSITIVITY_1SIGMA_ENVELOPE,199,N,BIT1,1,0.98505114955948403,-0.014948850440515971
SENSITIVITY_1SIGMA_ENVELOPE,199,N,DUMMY,1,1.0155870162825953,0.01558701628259529
SENSITIVITY_1SIGMA_ENVELOPE,200,P,BIT7,64,64.05134396734644,0.0008022494897881316
SENSITIVITY_1SIGMA_ENVELOPE,200,P,BIT6,32,31.834901065526999,-0.0051593417022812726
SENSITIVITY_1SIGMA_ENVELOPE,200,P,BIT5,16,16.043487276637805,0.0027179547898628087
SENSITIVITY_1SIGMA_ENVELOPE,200,P,BIT4,8,7.9585220173608979,-0.0051847478298877592
SENSITIVITY_1SIGMA_ENVELOPE,200,P,BIT3,4,4.022554271277885,0.0056385678194712519
SENSITIVITY_1SIGMA_ENVELOPE,200,P,BIT2,2,1.9981002945303912,-0.00094985273480441279
SENSITIVITY_1SIGMA_ENVELOPE,200,P,BIT1,1,1.0174342588625926,0.017434258862592644
SENSITIVITY_1SIGMA_ENVELOPE,200,P,DUMMY,1,1.015570700293666,0.015570700293666029
SENSITIVITY_1SIGMA_ENVELOPE,200,N,BIT7,64,63.849782496257092,-0.0023471484959829425
SENSITIVITY_1SIGMA_ENVELOPE,200,N,BIT6,32,32.004021449222691,0.00012567028820908988
SENSITIVITY_1SIGMA_ENVELOPE,200,N,BIT5,16,15.956193684667529,-0.0027378947082794536
SENSITIVITY_1SIGMA_ENVELOPE,200,N,BIT4,8,7.9567354490232551,-0.005408068872093108
SENSITIVITY_1SIGMA_ENVELOPE,200,N,BIT3,4,4.0032544228867808,0.00081360572169519862
SENSITIVITY_1SIGMA_ENVELOPE,200,N,BIT2,2,2.0166657085428121,0.0083328542714060649
SENSITIVITY_1SIGMA_ENVELOPE,200,N,BIT1,1,0.98301331397262415,-0.016986686027375852
SENSITIVITY_1SIGMA_ENVELOPE,200,N,DUMMY,1,1.0147711023558008,0.014771102355800814
