aperture_ns,band,bin,cached,codes_all_checksum,codes_retained_checksum,completed_utc,deck,delta_enob_raw,delta_sfdr_dbc,delta_sndr_db,delta_snr_db,delta_thd_db,duplicate_frame_count,elapsed_s,fin_hz,first_conversion_code,first_conversion_deterministic_pair_pass,first_conversion_protocol_pass,first_conversion_status,historical_replay_method_id,input_vpp_diff,invalid_count,job_id,log,max_conversion_time_ns,maxstep_ns,mean_conversion_time_ns,method_id,mismatch_checksum,mismatch_seed,missing_frame_count,nfft,noise_full_checksum,noise_mode,noise_prefix_checksum_0_63,noise_seed,overall_status,peak_rss_kb,phase,phase_rad,protocol_clean,pvt,retained_frame_end,retained_frame_start,returncode,role,same_phase_reference_code,simulation_aborted,startup_pair_mismatch_count,state,steady_state_clipping_count,steady_state_enob_raw,steady_state_hard_dynamic_pass,steady_state_hd2_dbc,steady_state_hd3_dbc,steady_state_method_id,steady_state_parseval_pass,steady_state_preferred_pass,steady_state_sfdr_dbc,steady_state_sndr_db,steady_state_snr_budget_pass,steady_state_snr_db,steady_state_thd_db,timed_out,timeout_count,total_frames,valid_frame_count,w0_replay_codes_checksum,w0_replay_enob_raw,w0_replay_sfdr_dbc,w0_replay_sndr_db,w0_replay_snr_db,w0_replay_thd_db,warmup_frames,historical_w0_snr_db,historical_w0_sndr_db,historical_w0_enob_raw,historical_w0_sfdr_dbc,historical_w0_hard_dynamic_pass,historical_w0_code_checksum,same_run_w0_code_checksum,historical_w0_code_exact,historical_w0_different_frame_count,historical_w0_different_frames,delta_w4_minus_historical_w0_snr_db,delta_w4_minus_historical_w0_sndr_db,delta_w4_minus_historical_w0_enob_raw,delta_w4_minus_historical_w0_sfdr_dbc,retained_code_checksum_recomputed,retained_code_checksum_match,mismatch_checksum_matches_historical,noise_prefix_checksum_matches_historical,ngspice_compatibility_hsa
480.0,LOW,7,False,28a7ab39488992a05fa05cdaf0d6dc3cb11a4c3b6f6d99381d41ac4c0d577d46,f3f0749528c9ad3f0f34fc03b815b448b87bad41d554b15bc6501686167cad45,2026-07-25T21:33:14.509704+00:00,jobs/fast64_v2/p4_event_noise_mc200_low/mc200_on_s001_low_w4.spice,-1.7763568394002505e-15,-9.237055564881302e-14,-7.105427357601002e-15,-2.1316282072803006e-14,1.4210854715202004e-14,0,127.8568297920283,218750.0,224,,True,PASS_FIRST_CONVERSION_DETERMINISTIC,FAST64_STARTUP_INCLUSIVE_W0,3.0,0,MC200_ON_S001_LOW_W4,logs/fast64_v2/p4_event_noise_mc200_low/mc200_on_s001_low_w4.log,325.51000000000073,0.05,325.4994117647065,FAST64_V2_FIRST_CONVERSION_SEPARATED,46ecd0a5648d88974bdfa2ff91550ecf1eda3cd91504a20350fa677b20b6e420,1,0,64,4e84b841cde9ffecf98a16b6962514f3131356073663e8cecda86184c0baee72,ON,812f1a7933dceb73b5642e657b8f7fd2dc9dc27b170ebd56c12d240ccdee9b6d,100001,PASS_FAST64_COMPLETE,269608,P4_EVENT_NOISE_MC200_LOW,0.7853981633974483,True,TT_3P3_27C,67,4,0,MAIN_MC200_LOW,224,False,0,COMPLETE,0,7.683078796630094,True,-57.98963079975537,-66.08779829274484,FAST64_SS_W4,True,True,55.92396996223138,48.012134355713165,True,48.64751403750983,-56.6734615615846,False,0,68,68,8cd4a6797de4ad159c651863c14c11a63783539eca361a203cca377e8200719a,7.683078796630096,55.923969962231475,48.01213435571317,48.64751403750985,-56.67346156158462,4,48.64751403750985,48.01213435571317,7.683078796630096,55.923969962231475,True,8cd4a6797de4ad159c651863c14c11a63783539eca361a203cca377e8200719a,8cd4a6797de4ad159c651863c14c11a63783539eca361a203cca377e8200719a,True,0,,-2.1316282072803006e-14,-7.105427357601002e-15,-1.7763568394002505e-15,-9.237055564881302e-14,f3f0749528c9ad3f0f34fc03b815b448b87bad41d554b15bc6501686167cad45,True,True,True,True
480.0,LOW,7,False,550b71f38c42e987cab22ab4fd68f4b6f2a3479a7ef36c66c7bab58e138ec2d1,88746d8d9fc74c799e49b139dda85cf4c73399190108d8b54fa77d0f02c827e2,2026-07-25T21:33:29.275099+00:00,jobs/fast64_v2/p4_event_noise_mc200_low/mc200_on_s002_low_w4.spice,3.552713678800501e-15,0.0,2.1316282072803006e-14,1.4210854715202004e-14,-7.105427357601002e-15,0,142.62606774596497,218750.0,223,,True,PASS_FIRST_CONVERSION_DETERMINISTIC,FAST64_STARTUP_INCLUSIVE_W0,3.0,0,MC200_ON_S002_LOW_W4,logs/fast64_v2/p4_event_noise_mc200_low/mc200_on_s002_low_w4.log,325.51000000000073,0.05,325.4987058823536,FAST64_V2_FIRST_CONVERSION_SEPARATED,7a16a78409eac597885a9b24441039d365792f43a1e553ed97db2bdd7d5ba5bf,2,0,64,81470343d1192baaa9bf2a97ce98b2a376fdf73bf3cb512351392c2fec2eb4c5,ON,61972ea84845cd14941cac277745c959d0689267f80f22c5ffdf58ecc56376d1,100002,FAIL_STEADY_STATE_DYNAMIC,269316,P4_EVENT_NOISE_MC200_LOW,0.7853981633974483,True,TT_3P3_27C,67,4,0,MAIN_MC200_LOW,223,False,0,COMPLETE_WITH_FAIL,0,7.099655275100769,False,-63.74669616448973,-55.27817281019782,FAST64_SS_W4,True,False,53.81088082441653,44.49992475610662,False,45.578283007747274,-51.07816549512688,False,0,68,68,0f41220687728bc54cc049e05d994a73291eb272d939dff201f089d718b3685a,7.0996552751007656,53.81088082441653,44.4999247561066,45.57828300774726,-51.078165495126875,4,45.57828300774726,44.4999247561066,7.0996552751007656,53.81088082441653,False,0f41220687728bc54cc049e05d994a73291eb272d939dff201f089d718b3685a,0f41220687728bc54cc049e05d994a73291eb272d939dff201f089d718b3685a,True,0,,1.4210854715202004e-14,2.1316282072803006e-14,3.552713678800501e-15,0.0,88746d8d9fc74c799e49b139dda85cf4c73399190108d8b54fa77d0f02c827e2,True,True,True,True
480.0,LOW,7,False,5d5d29099acc4027aea508f6db971970640e88f177c85ea46f9fd5dd024c40ce,2611a6592b56b64f392530d6f62bcd620cd9ff825b06738a6d0704e785b53814,2026-07-25T21:35:18.554923+00:00,jobs/fast64_v2/p4_event_noise_mc200_low/mc200_on_s003_low_w4.spice,1.2434497875801753e-14,0.0,7.815970093361102e-14,8.526512829121202e-14,0.0,0,251.90918286005035,218750.0,226,,True,PASS_FIRST_CONVERSION_DETERMINISTIC,FAST64_STARTUP_INCLUSIVE_W0,3.0,0,MC200_ON_S003_LOW_W4,logs/fast64_v2/p4_event_noise_mc200_low/mc200_on_s003_low_w4.log,325.51000000000073,0.05,325.5000000000007,FAST64_V2_FIRST_CONVERSION_SEPARATED,74d62364abce6e0d5993d4932718a585eaa950076bb66d07f1ebc5b5b4377f00,3,0,64,c06a6497d59629bc28f93daca53813d10174b612b47b3bb54edb574af31d081b,ON,5daa207aa94b783299d55e4022acacb284bd93a157a0da5b90e155731e5c204e,100003,PASS_FAST64_COMPLETE,269408,P4_EVENT_NOISE_MC200_LOW,0.7853981633974483,True,TT_3P3_27C,67,4,0,MAIN_MC200_LOW,226,False,0,COMPLETE,0,7.62949418417356,True,-62.088916596576894,-63.51267893679538,FAST64_SS_W4,True,False,56.43855163344011,47.68955498872483,True,48.359833814243245,-56.13567299083095,False,0,68,68,b2fb4d3c4cdb2eb760810d12d9ae764bb556029a824ee7f21264a668584e74bf,7.629494184173548,56.43855163344011,47.68955498872475,48.35983381424316,-56.13567299083095,4,48.35983381424316,47.68955498872475,7.629494184173548,56.43855163344011,True,b2fb4d3c4cdb2eb760810d12d9ae764bb556029a824ee7f21264a668584e74bf,b2fb4d3c4cdb2eb760810d12d9ae764bb556029a824ee7f21264a668584e74bf,True,0,,8.526512829121202e-14,7.815970093361102e-14,1.2434497875801753e-14,0.0,2611a6592b56b64f392530d6f62bcd620cd9ff825b06738a6d0704e785b53814,True,True,True,True
480.0,LOW,7,False,69e267eda97d823ad38fe8d578cbe939b31d6cbdc76f1d5d2d875631cf58611b,fbda4f7c76ece6bd35fffaccd25316f61296d3803892b5d92a4bb119efb4a3ac,2026-07-25T21:32:38.191452+00:00,jobs/fast64_v2/p4_event_noise_mc200_low/mc200_on_s004_low_w4.spice,0.006811612682385615,-0.5593928403360593,0.04100590834796236,0.43971760052179576,1.3472183351734799,0,91.53185203194153,218750.0,224,,True,PASS_FIRST_CONVERSION_DETERMINISTIC,FAST64_STARTUP_INCLUSIVE_W0,3.0,0,MC200_ON_S004_LOW_W4,logs/fast64_v2/p4_event_noise_mc200_low/mc200_on_s004_low_w4.log,325.51000000000073,0.05,325.4995735294124,FAST64_V2_FIRST_CONVERSION_SEPARATED,d858fca5fa56592c2b106342ee67e3ec07fd069b89b2c90ce6a7c44c8bc0b78c,4,0,64,568ca055f260dc001e9cebc41bcd4ab39998691de6a016021e9c37085f8e638d,ON,c9f86616c08090b2574c9d6227e492190d8fad2055fed12ddbefb526f1abdfd0,100004,PASS_FAST64_COMPLETE,269392,P4_EVENT_NOISE_MC200_LOW,0.7853981633974483,True,TT_3P3_27C,67,4,0,MAIN_MC200_LOW,224,False,2,COMPLETE,0,7.570668830077194,True,-59.351087586042425,-56.60443576827231,FAST64_SS_W4,True,False,53.65558412490963,47.335426357064705,True,48.64339427973418,-53.18488148446933,False,0,68,68,dfbe8c07ec295478d3d578bae063b5aefe9bf10ed3fab2c9b1e8fe21b1d8d8c5,7.563857217394808,54.21497696524569,47.29442044871674,48.203676679212386,-54.53209981964281,4,48.203676679212386,47.29442044871674,7.563857217394808,54.21497696524569,True,dfbe8c07ec295478d3d578bae063b5aefe9bf10ed3fab2c9b1e8fe21b1d8d8c5,dfbe8c07ec295478d3d578bae063b5aefe9bf10ed3fab2c9b1e8fe21b1d8d8c5,True,0,,0.43971760052179576,0.04100590834796236,0.006811612682385615,-0.5593928403360593,fbda4f7c76ece6bd35fffaccd25316f61296d3803892b5d92a4bb119efb4a3ac,True,True,True,True
480.0,LOW,7,False,bc9a3915413305b2f1bc83457eca7acf982d1356e6b609587423210699b467d2,691f99f2eb2d20a7d231a36ef985a42a262438bbaa2d8f76a6feb7c9883abcc5,2026-07-25T21:35:30.713373+00:00,jobs/fast64_v2/p4_event_noise_mc200_low/mc200_on_s005_low_w4.spice,2.6645352591003757e-15,0.0,1.4210854715202004e-14,1.4210854715202004e-14,3.552713678800501e-14,0,172.49796483491082,218750.0,224,,True,PASS_FIRST_CONVERSION_DETERMINISTIC,FAST64_STARTUP_INCLUSIVE_W0,3.0,0,MC200_ON_S005_LOW_W4,logs/fast64_v2/p4_event_noise_mc200_low/mc200_on_s005_low_w4.log,325.51000000000073,0.05,325.49958823529477,FAST64_V2_FIRST_CONVERSION_SEPARATED,8b15952e0e480cdaa813e4d2832feee6c9312644f29c985399f1c006f94b3871,5,0,64,6d475f04a4b033419b8d5c7c551aff10f0816c6730292b5d757572e7a1561976,ON,94912c42682be83b514d5ef7c3f9acdb16f3c248772e4f5a0d65473dad263589,100005,PASS_FAST64_COMPLETE,269708,P4_EVENT_NOISE_MC200_LOW,0.7853981633974483,True,TT_3P3_27C,67,4,0,MAIN_MC200_LOW,224,False,0,COMPLETE,0,7.689557533471038,True,-84.28359410808982,-80.10039015163473,FAST64_SS_W4,True,True,58.21718016449891,48.05113635149564,True,48.28807158973661,-60.800611939586354,False,0,68,68,b92eea209b97d1545af5cd450c5e59dc105547b9c6a042fc6ab46c8f336c1f91,7.689557533471035,58.21718016449891,48.05113635149563,48.288071589736596,-60.80061193958639,4,48.288071589736596,48.05113635149563,7.689557533471035,58.21718016449891,True,b92eea209b97d1545af5cd450c5e59dc105547b9c6a042fc6ab46c8f336c1f91,b92eea209b97d1545af5cd450c5e59dc105547b9c6a042fc6ab46c8f336c1f91,True,0,,1.4210854715202004e-14,1.4210854715202004e-14,2.6645352591003757e-15,0.0,691f99f2eb2d20a7d231a36ef985a42a262438bbaa2d8f76a6feb7c9883abcc5,True,True,True,True
480.0,LOW,7,False,8af240bf1af913e59fdca77e5e5500a9dc5f897495dabaa5c8fb248e8a088681,215620e4cd5300ce095b56cf36c02818e50dd2a9eff142bad713fbb798aafc61,2026-07-25T21:34:41.881346+00:00,jobs/fast64_v2/p4_event_noise_mc200_low/mc200_on_s006_low_w4.spice,0.02384550876297542,-0.7049519322747528,0.14354996275311294,0.22775067072796418,0.39880093537092876,0,87.34976359305438,218750.0,225,,True,PASS_FIRST_CONVERSION_DETERMINISTIC,FAST64_STARTUP_INCLUSIVE_W0,3.0,0,MC200_ON_S006_LOW_W4,logs/fast64_v2/p4_event_noise_mc200_low/mc200_on_s006_low_w4.log,325.5100000000001,0.05,325.49925000000064,FAST64_V2_FIRST_CONVERSION_SEPARATED,7d51fe6f74666f514d83db3ffd22e6ba8ba39deb789d44067f37d761e5fc59d9,6,0,64,62a32d86d299e229117cdb40179339f98c7155ae3f2fe8ec2886095ccb2489a8,ON,4891e23324055c5f91d4f490c4c45bd81751300be307b5f7151fb0b453bf3eaa,100006,PASS_FAST64_COMPLETE,269484,P4_EVENT_NOISE_MC200_LOW,0.7853981633974483,True,TT_3P3_27C,67,4,0,MAIN_MC200_LOW,225,False,1,COMPLETE,0,7.742722568938859,True,-67.43307592559903,-70.9066115053969,FAST64_SS_W4,True,True,57.49715727771546,48.37118986501193,True,49.04099904672262,-56.820123115745545,False,0,68,68,87813f91af84dcac79d7f56b269b7f40bb18b66faf409e152f6d7b46158ae8a5,7.718877060175884,58.20210920999021,48.227639902258815,48.813248375994654,-57.218924051116474,4,48.813248375994654,48.227639902258815,7.718877060175884,58.20210920999021,True,87813f91af84dcac79d7f56b269b7f40bb18b66faf409e152f6d7b46158ae8a5,87813f91af84dcac79d7f56b269b7f40bb18b66faf409e152f6d7b46158ae8a5,True,0,,0.22775067072796418,0.14354996275311294,0.02384550876297542,-0.7049519322747528,215620e4cd5300ce095b56cf36c02818e50dd2a9eff142bad713fbb798aafc61,True,True,True,True
480.0,LOW,7,False,031325a300161091851c8db106206422ba92e203fe54b54e43f2b982d6803f8f,85999c3225135115377d40e5fac001d4502aca5e0410cf05c037c0ed617f88a1,2026-07-25T21:35:04.378826+00:00,jobs/fast64_v2/p4_event_noise_mc200_low/mc200_on_s007_low_w4.spice,-0.0130661084938275,0.4572402373005957,-0.07865797313284162,0.24850596091506105,1.2443523439997222,0,95.08408900198992,218750.0,226,,True,PASS_FIRST_CONVERSION_DETERMINISTIC,FAST64_STARTUP_INCLUSIVE_W0,3.0,0,MC200_ON_S007_LOW_W4,logs/fast64_v2/p4_event_noise_mc200_low/mc200_on_s007_low_w4.log,325.5099999999999,0.05,325.5004264705889,FAST64_V2_FIRST_CONVERSION_SEPARATED,43dfaa4fd91a4cab2506b664e788b6303820e7e0d43cbb95a0421290d82e40b3,7,0,64,c784dec2406fe906e1dea63bc26ac1b18befb46bf0a0c988a26cf7a01b037536,ON,926a67bf8e72a057522bc0533029fd8e7f7194b8bd3ea66c0921a6093c43e555,100007,PASS_FAST64_COMPLETE,269524,P4_EVENT_NOISE_MC200_LOW,0.7853981633974483,True,TT_3P3_27C,67,4,0,MAIN_MC200_LOW,225,False,1,COMPLETE,0,7.795508590766027,True,-59.09795860336644,-64.09225772396097,FAST64_SS_W4,True,True,59.02532467283371,48.68896171641148,True,49.935214164113916,-54.71897998523205,False,0,68,68,3ee473f4be872a82c1a7113635db3443024bb801ef43f1e89029b25ba8e13fda,7.808574699259855,58.568084435533116,48.76761968954432,49.686708203198855,-55.963332329231775,4,49.686708203198855,48.76761968954432,7.808574699259855,58.568084435533116,True,3ee473f4be872a82c1a7113635db3443024bb801ef43f1e89029b25ba8e13fda,3ee473f4be872a82c1a7113635db3443024bb801ef43f1e89029b25ba8e13fda,True,0,,0.24850596091506105,-0.07865797313284162,-0.0130661084938275,0.4572402373005957,85999c3225135115377d40e5fac001d4502aca5e0410cf05c037c0ed617f88a1,True,True,True,True
480.0,LOW,7,False,293bcdb8b1083dfce6752a205f00cafe7370d3e2c4b4c947624d7bdd06499a9a,6621bc34efe47527f0f0cc2504d9c33802325ae6a5820bc48637907c644abb5a,2026-07-25T21:36:43.557166+00:00,jobs/fast64_v2/p4_event_noise_mc200_low/mc200_on_s008_low_w4.spice,0.0024042086372446647,0.26832594657702913,0.014473335996214587,-0.32627741123515364,-1.1859649520887388,0,121.65402961801738,218750.0,222,,True,PASS_FIRST_CONVERSION_DETERMINISTIC,FAST64_STARTUP_INCLUSIVE_W0,3.0,0,MC200_ON_S008_LOW_W4,logs/fast64_v2/p4_event_noise_mc200_low/mc200_on_s008_low_w4.log,325.5100000000001,0.05,325.5004411764712,FAST64_V2_FIRST_CONVERSION_SEPARATED,14298d729b99c39cd55d883c4a875b1def070824d3c0b43aa6972e893342c26a,8,0,64,507b855aa102ba4c7e32f534977a60f5de93ba6701b1c808494606102baa1404,ON,05aa3f8c0fd3f9ff0e752adde1ae45246aa8978ddd6a099542d1f3e4f4716912,100008,PASS_FAST64_COMPLETE,269572,P4_EVENT_NOISE_MC200_LOW,0.7853981633974483,True,TT_3P3_27C,67,4,0,MAIN_MC200_LOW,221,False,2,COMPLETE,0,7.503750528807241,True,-66.12688722240954,-61.62766773876986,FAST64_SS_W4,True,False,55.602978665816394,46.93257818341959,False,47.879784468568474,-54.01097430911926,False,0,68,68,7b95e535e4233165dd45a5a642bf67bb2a1395281161e989a6df06440b643896,7.501346320169996,55.334652719239365,46.91810484742337,48.20606187980363,-52.825009357030524,4,48.20606187980363,46.91810484742337,7.501346320169996,55.334652719239365,True,7b95e535e4233165dd45a5a642bf67bb2a1395281161e989a6df06440b643896,7b95e535e4233165dd45a5a642bf67bb2a1395281161e989a6df06440b643896,True,0,,-0.32627741123515364,0.014473335996214587,0.0024042086372446647,0.26832594657702913,6621bc34efe47527f0f0cc2504d9c33802325ae6a5820bc48637907c644abb5a,True,True,True,True
480.0,LOW,7,False,2981ffb222e315e63a1aa09add50a7fba775ea19e37db5d18729124f49059a63,b632971856cfb0bc40eab80aa5ca991cd35d844950a7f2305b1b0fd6d365f325,2026-07-25T21:37:00.830275+00:00,jobs/fast64_v2/p4_event_noise_mc200_low/mc200_on_s009_low_w4.spice,0.023302642902933712,0.4412996448842108,0.14028191027566095,-0.16607259114267237,-1.2621026180347172,0,116.43590612395201,218750.0,225,,True,PASS_FIRST_CONVERSION_DETERMINISTIC,FAST64_STARTUP_INCLUSIVE_W0,3.0,0,MC200_ON_S009_LOW_W4,logs/fast64_v2/p4_event_noise_mc200_low/mc200_on_s009_low_w4.log,325.502,0.05,325.4981323529418,FAST64_V2_FIRST_CONVERSION_SEPARATED,3840221775421c6f0d084e1cf662350bd529139d734bd74b219086cb92202191,9,0,64,9eb1100f209c516697b43a14f3ce70da8dc7de2cdd60126b93f9e31b2edf7d64,ON,bdd0259c30bcd318e45e1a460c6f8144db7d5f20027b63b7a86a3876bc046469,100009,PASS_FAST64_COMPLETE,269484,P4_EVENT_NOISE_MC200_LOW,0.7853981633974483,True,TT_3P3_27C,67,4,0,MAIN_MC200_LOW,226,False,1,COMPLETE,0,7.721318666705897,True,-62.82567501240968,-63.61925666900571,FAST64_SS_W4,True,True,55.615543124402976,48.242338373569496,True,49.145225542245996,-55.50747191050596,False,0,68,68,47c22a8eb82440cbb6a1a4ba9c69d6c1ebe124286047767685a6ac65aab3bfcf,7.698016023802963,55.174243479518765,48.102056463293835,49.31129813338867,-54.245369292471246,4,49.31129813338867,48.102056463293835,7.698016023802963,55.174243479518765,True,47c22a8eb82440cbb6a1a4ba9c69d6c1ebe124286047767685a6ac65aab3bfcf,47c22a8eb82440cbb6a1a4ba9c69d6c1ebe124286047767685a6ac65aab3bfcf,True,0,,-0.16607259114267237,0.14028191027566095,0.023302642902933712,0.4412996448842108,b632971856cfb0bc40eab80aa5ca991cd35d844950a7f2305b1b0fd6d365f325,True,True,True,True
480.0,LOW,7,False,5a50b5c95ef8f9a09ac83fd1e5da5f9c01cec78a1061128f5e862b180aa44a52,bb2a9c55c9614fe61600e81efd1bd0a4c27b36e295edd193205433050fac4606,2026-07-25T21:37:52.886622+00:00,jobs/fast64_v2/p4_event_noise_mc200_low/mc200_on_s010_low_w4.spice,0.0,0.0,0.0,0.0,2.842170943040401e-14,0,154.3132547129644,218750.0,224,,True,PASS_FIRST_CONVERSION_DETERMINISTIC,FAST64_STARTUP_INCLUSIVE_W0,3.0,0,MC200_ON_S010_LOW_W4,logs/fast64_v2/p4_event_noise_mc200_low/mc200_on_s010_low_w4.log,325.51000000000073,0.05,325.4993823529418,FAST64_V2_FIRST_CONVERSION_SEPARATED,cb4f2b7e35b8ec856d6720ba59cb8104003695625a6fba379b3c01558fdd720e,10,0,64,b003cf58c8831fdaf7a4e110118c062dda40fa785a38905aea6817ea1d9da44c,ON,ec861f7e6bc9d9b35b5853bd0b39b8c485ea9802eb85985a079c7939d0990352,100010,PASS_FAST64_COMPLETE,269456,P4_EVENT_NOISE_MC200_LOW,0.7853981633974483,True,TT_3P3_27C,67,4,0,MAIN_MC200_LOW,224,False,0,COMPLETE,0,7.744154611307039,True,-66.19306794301485,-62.01733392044716,FAST64_SS_W4,True,True,57.13905648782722,48.37981076006837,True,49.02108940770265,-57.003880653724494,False,0,68,68,1f94da2d9a010b41c7e70f9150a25634d3c6b81b8fcc02a4ab83201c7ad40473,7.744154611307039,57.13905648782722,48.37981076006837,49.02108940770265,-57.00388065372452,4,49.02108940770265,48.37981076006837,7.744154611307039,57.13905648782722,True,1f94da2d9a010b41c7e70f9150a25634d3c6b81b8fcc02a4ab83201c7ad40473,1f94da2d9a010b41c7e70f9150a25634d3c6b81b8fcc02a4ab83201c7ad40473,True,0,,0.0,0.0,0.0,0.0,bb2a9c55c9614fe61600e81efd1bd0a4c27b36e295edd193205433050fac4606,True,True,True,True
480.0,LOW,7,False,3958ed34325f663535cc89285db183863fe6a933b898d91ee859bf673c376e83,1ea5dc045527e2b418ad71c0e7f7c2bee5263d4430501061868a496bfcd37f1f,2026-07-25T21:37:51.877394+00:00,jobs/fast64_v2/p4_event_noise_mc200_low/mc200_on_s011_low_w4.spice,-4.440892098500626e-15,0.0,-2.842170943040401e-14,-2.842170943040401e-14,-1.4210854715202004e-14,0,141.1494059279794,218750.0,221,,True,PASS_FIRST_CONVERSION_DETERMINISTIC,FAST64_STARTUP_INCLUSIVE_W0,3.0,0,MC200_ON_S011_LOW_W4,logs/fast64_v2/p4_event_noise_mc200_low/mc200_on_s011_low_w4.log,325.51000000000033,0.05,325.5002941176477,FAST64_V2_FIRST_CONVERSION_SEPARATED,11f31da9f9a699a4181753682c60af3c4ef479ba333af8d46eb1dcc61aaa7d0a,11,0,64,85a4d75b61b418d70d87add6cd2d684462a0a679af7d213c8ba074c8c67961df,ON,9513729f9b75dbfcd6408ae558ef10b3a3416007242dd3b7c6fd332332c08a8c,100011,PASS_FAST64_COMPLETE,269540,P4_EVENT_NOISE_MC200_LOW,0.7853981633974483,True,TT_3P3_27C,67,4,0,MAIN_MC200_LOW,221,False,0,COMPLETE,0,7.654685415704659,True,-61.306794987660155,-62.935536548558126,FAST64_SS_W4,True,True,56.80638139440323,47.84120620254204,True,48.94770651082597,-54.32104395061792,False,0,68,68,eed60e0c3099902b152cc433e1b5e0ea7efb8720da209b7033a70b8365f0731f,7.654685415704663,56.80638139440323,47.84120620254207,48.947706510825995,-54.321043950617906,4,48.947706510825995,47.84120620254207,7.654685415704663,56.80638139440323,True,eed60e0c3099902b152cc433e1b5e0ea7efb8720da209b7033a70b8365f0731f,eed60e0c3099902b152cc433e1b5e0ea7efb8720da209b7033a70b8365f0731f,True,0,,-2.842170943040401e-14,-2.842170943040401e-14,-4.440892098500626e-15,0.0,1ea5dc045527e2b418ad71c0e7f7c2bee5263d4430501061868a496bfcd37f1f,True,True,True,True
480.0,LOW,7,False,25bd2c31dfbd9649c68111a82467e7dc9f476273aad2807421776dc1981a69c6,f946dac71ed4738b6d418dffcb711c2c5af2b83cad2bcb1fcc742749f3eac5fd,2026-07-25T21:38:52.049372+00:00,jobs/fast64_v2/p4_event_noise_mc200_low/mc200_on_s012_low_w4.spice,-0.008488553625853434,-1.0953334986433134,-0.05110109282763631,0.0874088751241473,0.5269228447719385,0,128.47117090201937,218750.0,228,,True,PASS_FIRST_CONVERSION_DETERMINISTIC,FAST64_STARTUP_INCLUSIVE_W0,3.0,0,MC200_ON_S012_LOW_W4,logs/fast64_v2/p4_event_noise_mc200_low/mc200_on_s012_low_w4.log,325.51000000000073,0.05,325.5002500000006,FAST64_V2_FIRST_CONVERSION_SEPARATED,f2c5cbaafc1bea185cc330de88650a8ec788f8d6b7a019ed80952489810825cc,12,0,64,0515584f3f5f7f97738387f570af68f6b560a49c4651fc5a230d44c655573dce,ON,629a06ea1a89be65b5ebf41d0cc1dab07944f5729f47693095ca0fed5708f487,100012,FAIL_STEADY_STATE_DYNAMIC,269440,P4_EVENT_NOISE_MC200_LOW,0.7853981633974483,True,TT_3P3_27C,67,4,0,MAIN_MC200_LOW,227,False,1,COMPLETE_WITH_FAIL,0,7.122617422879016,False,-52.6950963649269,-61.78693836078491,FAST64_SS_W4,True,False,52.6950963649269,44.638156885731675,False,45.81844664755033,-50.87290130418185,False,0,68,68,b5eef19f9d16c6fa5b24a4f566444b8e71cb2aea711f53c00c67e2a347817dfa,7.13110597650487,53.79042986357021,44.68925797855931,45.731037772426184,-51.39982414895379,4,45.731037772426184,44.68925797855931,7.13110597650487,53.79042986357021,False,b5eef19f9d16c6fa5b24a4f566444b8e71cb2aea711f53c00c67e2a347817dfa,b5eef19f9d16c6fa5b24a4f566444b8e71cb2aea711f53c00c67e2a347817dfa,True,0,,0.0874088751241473,-0.05110109282763631,-0.008488553625853434,-1.0953334986433134,f946dac71ed4738b6d418dffcb711c2c5af2b83cad2bcb1fcc742749f3eac5fd,True,True,True,True
480.0,LOW,7,False,5e7e5c3c2b12a646d2e9889909de9aeac8a91b358d6cbb328cf985c81be67886,45b98e6ceed4c755058e15a0c75071b7e629a39f3df77307ae574e72311b8a9d,2026-07-25T21:39:58.898543+00:00,jobs/fast64_v2/p4_event_noise_mc200_low/mc200_on_s013_low_w4.spice,1.509903313490213e-14,2.984279490192421e-13,9.237055564881302e-14,9.237055564881302e-14,-4.973799150320701e-14,0,178.0597168969689,218750.0,225,,True,PASS_FIRST_CONVERSION_DETERMINISTIC,FAST64_STARTUP_INCLUSIVE_W0,3.0,0,MC200_ON_S013_LOW_W4,logs/fast64_v2/p4_event_noise_mc200_low/mc200_on_s013_low_w4.log,325.51000000000073,0.05,325.4988676470595,FAST64_V2_FIRST_CONVERSION_SEPARATED,ae562c311308dad90964b6f86fb7ef787edcb63158bdfaa7dbf5a94a08b4750d,13,0,64,00857dbeb75b3aa14dbe2a047e089c81a0e06562205444205d6bd6332cbe45a3,ON,bb522f125650ad7557720cbeb3b4fc84f4ad2b16f756b8771aa2db78535697d7,100013,PASS_FAST64_COMPLETE,269468,P4_EVENT_NOISE_MC200_LOW,0.7853981633974483,True,TT_3P3_27C,67,4,0,MAIN_MC200_LOW,225,False,0,COMPLETE,0,7.82224125532991,True,-69.48691299396243,-62.016947138979745,FAST64_SS_W4,True,True,56.66744339353664,48.849892357086055,True,49.541285302270836,-57.171597258841594,False,0,68,68,177323724e4c8eab5c9fe1f33f2d1746cce793b0cafeb32c218383ae9c26aa1e,7.822241255329895,56.66744339353634,48.84989235708596,49.541285302270744,-57.171597258841544,4,49.541285302270744,48.84989235708596,7.822241255329895,56.66744339353634,True,177323724e4c8eab5c9fe1f33f2d1746cce793b0cafeb32c218383ae9c26aa1e,177323724e4c8eab5c9fe1f33f2d1746cce793b0cafeb32c218383ae9c26aa1e,True,0,,9.237055564881302e-14,9.237055564881302e-14,1.509903313490213e-14,2.984279490192421e-13,45b98e6ceed4c755058e15a0c75071b7e629a39f3df77307ae574e72311b8a9d,True,True,True,True
480.0,LOW,7,False,86b62364688f1c77327a9f64126ff67b601acec2d6c6fd89df48ab8f3ae3e900,8e1b94bc1f3673fb7e92c1f3164a6d7d364400db142abaf671fd607d9b8212f6,2026-07-25T21:39:28.912691+00:00,jobs/fast64_v2/p4_event_noise_mc200_low/mc200_on_s014_low_w4.spice,-0.0419084046448841,-1.5251119708217118,-0.25228859596219877,-0.20954640038287664,0.4095874866129918,0,97.02105655602645,218750.0,222,,True,PASS_FIRST_CONVERSION_DETERMINISTIC,FAST64_STARTUP_INCLUSIVE_W0,3.0,0,MC200_ON_S014_LOW_W4,logs/fast64_v2/p4_event_noise_mc200_low/mc200_on_s014_low_w4.log,325.51000000000073,0.05,325.4991764705889,FAST64_V2_FIRST_CONVERSION_SEPARATED,754e29704413e53766fbebc09329df25cf69128762e6a4c54aeb538b03b22038,14,0,64,94cda78b7a555a110e18227a7cf1c6c2f4260c3824fb5ae670b5d415a09d9b3b,ON,ec63519b9bb89d50b93d359b53056efaca2d92c77024706f7464f1d80de89404,100014,PASS_FAST64_COMPLETE,269564,P4_EVENT_NOISE_MC200_LOW,0.7853981633974483,True,TT_3P3_27C,67,4,0,MAIN_MC200_LOW,222,False,1,COMPLETE,0,7.717659747252316,True,-61.64934053616035,-64.24579772951328,FAST64_SS_W4,True,True,57.899597278517234,48.22031167845894,True,49.285764750972405,-54.844652389752866,False,0,68,68,bd101acb0ba5a02a51ae03a3ac7527fc31d10a68c2369bc9e9815f8d88277a9e,7.7595681518972,59.424709249338946,48.47260027442114,49.49531115135528,-55.25423987636586,4,49.49531115135528,48.47260027442114,7.7595681518972,59.424709249338946,True,bd101acb0ba5a02a51ae03a3ac7527fc31d10a68c2369bc9e9815f8d88277a9e,bd101acb0ba5a02a51ae03a3ac7527fc31d10a68c2369bc9e9815f8d88277a9e,True,0,,-0.20954640038287664,-0.25228859596219877,-0.0419084046448841,-1.5251119708217118,8e1b94bc1f3673fb7e92c1f3164a6d7d364400db142abaf671fd607d9b8212f6,True,True,True,True
480.0,LOW,7,False,78b5dc20fdae94d0072db731d18afb22efdf02981e3f20a67579bd80607e8649,5ec25a2c2f63228b1cd22005862a54147d00d11ad0fc19836fb3191ad4d99c20,2026-07-25T21:40:01.462800+00:00,jobs/fast64_v2/p4_event_noise_mc200_low/mc200_on_s015_low_w4.spice,0.0009772657860445122,1.207239945229169,0.005883140031983203,0.08437517041802778,0.803580728997666,0,128.56753001105972,218750.0,223,,True,PASS_FIRST_CONVERSION_DETERMINISTIC,FAST64_STARTUP_INCLUSIVE_W0,3.0,0,MC200_ON_S015_LOW_W4,logs/fast64_v2/p4_event_noise_mc200_low/mc200_on_s015_low_w4.log,325.51000000000073,0.05,325.49995588235356,FAST64_V2_FIRST_CONVERSION_SEPARATED,08b521691383d445c1c6cb44ab6c05cf3de5c10d5aa1f06dc1d9188a4b295740,15,0,64,c856fc03ac707fddf888130fd2a24388b35e8de21fe6ba32d0c05a66236f2214,ON,292da7da76091e6db58b0334c998c7499343edc141bb86a53db0c47f65793b52,100015,PASS_FAST64_COMPLETE,269568,P4_EVENT_NOISE_MC200_LOW,0.7853981633974483,True,TT_3P3_27C,67,4,0,MAIN_MC200_LOW,223,False,1,COMPLETE,0,7.526808461556657,True,-58.495361146413394,-71.87804217300067,FAST64_SS_W4,True,False,56.98526771174845,47.07138693857107,False,47.513849683971316,-57.209816220116636,False,0,68,68,4b0b05941501a1b1503486c944413034b088e33b2a8a7eb6397e385c605fb146,7.525831195770612,55.77802776651928,47.06550379853908,47.42947451355329,-58.0133969491143,4,26.8825204734201,26.301880483731296,4.07672433284573,40.07377594003977,False,f67af91cf86dbc9fc2befe53d29fc4091fe76d7f06f04aace0b28f4c8839c31c,4b0b05941501a1b1503486c944413034b088e33b2a8a7eb6397e385c605fb146,False,1,1,20.631329210551215,20.76950645483977,3.4500841287109267,16.911491771708675,5ec25a2c2f63228b1cd22005862a54147d00d11ad0fc19836fb3191ad4d99c20,True,True,True,True
480.0,LOW,7,False,8e314f0499d399e0d28b41637e2956faf5fb1f448124a0d002a677fa5c28427f,1ca21d9219b1adfda326b3d5656158458405a1d1301fb1caca02ed91cede9d62,2026-07-25T21:40:52.104653+00:00,jobs/fast64_v2/p4_event_noise_mc200_low/mc200_on_s016_low_w4.spice,-0.023239645805077203,-0.7635823249611491,-0.13990266774656845,0.021558108665168163,0.5653145718078889,0,120.04118759999983,218750.0,224,,True,PASS_FIRST_CONVERSION_DETERMINISTIC,FAST64_STARTUP_INCLUSIVE_W0,3.0,0,MC200_ON_S016_LOW_W4,logs/fast64_v2/p4_event_noise_mc200_low/mc200_on_s016_low_w4.log,325.51000000000073,0.05,325.5001617647065,FAST64_V2_FIRST_CONVERSION_SEPARATED,ca5cf2b5055a3ad8f88ba3c8a380260260b21865b9cc15bf82fda9f686265763,16,0,64,d7d2a67393691be9188ce8b5a9be6e27e8ed9eeb667f507d8303377a1eac98f9,ON,a6fb2f1f53d534535d44ea36df34efad55a4b0e246f4121a5b7937782eebf03a,100016,PASS_FAST64_COMPLETE,269428,P4_EVENT_NOISE_MC200_LOW,0.7853981633974483,True,TT_3P3_27C,67,4,0,MAIN_MC200_LOW,224,False,1,COMPLETE,0,7.606747938619591,True,-63.52741308617898,-59.102154084956666,FAST64_SS_W4,True,False,57.56229575719775,47.55262259048993,True,49.03226326383447,-52.9477389874296,False,0,68,68,6d0308f1d03761382b18a143e9739b0566e2f1624b79f80e6fd9c39e8fb2e6f8,7.6299875844246685,58.3258780821589,47.6925252582365,49.010705155169305,-53.51305355923749,4,49.010705155169305,47.6925252582365,7.6299875844246685,58.3258780821589,True,6d0308f1d03761382b18a143e9739b0566e2f1624b79f80e6fd9c39e8fb2e6f8,6d0308f1d03761382b18a143e9739b0566e2f1624b79f80e6fd9c39e8fb2e6f8,True,0,,0.021558108665168163,-0.13990266774656845,-0.023239645805077203,-0.7635823249611491,1ca21d9219b1adfda326b3d5656158458405a1d1301fb1caca02ed91cede9d62,True,True,True,True
480.0,LOW,7,False,fafd77d38dc96a0759f41d71dd9139d57e35996c1ea2ee0f11f8b60b414229f0,de4929d8db3d92b60d3477e3e33cca8d0fda60fdae40f4ad1bfebc0ef11a25a0,2026-07-25T21:41:52.455529+00:00,jobs/fast64_v2/p4_event_noise_mc200_low/mc200_on_s017_low_w4.spice,-8.881784197001252e-16,0.0,-7.105427357601002e-15,-1.4210854715202004e-14,-4.263256414560601e-14,0,143.5250533799408,218750.0,223,,True,PASS_FIRST_CONVERSION_DETERMINISTIC,FAST64_STARTUP_INCLUSIVE_W0,3.0,0,MC200_ON_S017_LOW_W4,logs/fast64_v2/p4_event_noise_mc200_low/mc200_on_s017_low_w4.log,325.5099999999999,0.05,325.4991029411771,FAST64_V2_FIRST_CONVERSION_SEPARATED,63d88cb6d5b8e36cf28991dac26c5f7f66844202f9b22d04acdfb3b353d4a032,17,0,64,dbe38280809a800bad1862657d999a554a73c2a8b7272e1c8d06bdf80fe6e6ce,ON,5c16d03b9a9e785e8a3b5ac2e47046b03a4b007be4dc7773f3c5064df6c0d4df,100017,PASS_FAST64_COMPLETE,269572,P4_EVENT_NOISE_MC200_LOW,0.7853981633974483,True,TT_3P3_27C,67,4,0,MAIN_MC200_LOW,223,False,0,COMPLETE,0,7.579886546004014,True,-59.05438887604181,-68.61785417720897,FAST64_SS_W4,True,False,57.732964636953845,47.39091700694416,False,48.026227520076844,-56.05268327855605,False,0,68,68,862ad810b4a353dc521a88587726bcb66f32d8b95d06ae329d5932e43983bc94,7.579886546004015,57.732964636953845,47.390917006944164,48.02622752007686,-56.05268327855601,4,48.02622752007686,47.390917006944164,7.579886546004015,57.732964636953845,True,862ad810b4a353dc521a88587726bcb66f32d8b95d06ae329d5932e43983bc94,862ad810b4a353dc521a88587726bcb66f32d8b95d06ae329d5932e43983bc94,True,0,,-1.4210854715202004e-14,-7.105427357601002e-15,-8.881784197001252e-16,0.0,de4929d8db3d92b60d3477e3e33cca8d0fda60fdae40f4ad1bfebc0ef11a25a0,True,True,True,True
480.0,LOW,7,False,fdaf9b1d23cbe1ddf7a458e5bcda0214d4e13d478c48b1300c09d09f360f317d,57564b5d59d3444c3d457573c64de388fbf1241a8e076d788a47aac92d6031cb,2026-07-25T21:42:09.037172+00:00,jobs/fast64_v2/p4_event_noise_mc200_low/mc200_on_s018_low_w4.spice,-7.105427357601002e-15,0.0,-4.263256414560601e-14,-4.973799150320701e-14,-2.842170943040401e-14,0,130.1256406380562,218750.0,226,,True,PASS_FIRST_CONVERSION_DETERMINISTIC,FAST64_STARTUP_INCLUSIVE_W0,3.0,0,MC200_ON_S018_LOW_W4,logs/fast64_v2/p4_event_noise_mc200_low/mc200_on_s018_low_w4.log,325.51000000000073,0.05,325.499764705883,FAST64_V2_FIRST_CONVERSION_SEPARATED,e75607348a074f3818fabd1d8b0fe7da681cbb905d9f1b2734b0b0d103e07949,18,0,64,596c2192d56bd7d5d314031ab4bd07e16052f5d8b54a3da5f2526f6a296558c7,ON,d5e52e445518e93c04c5ede664d3e6f8e5b37804adb14d53622bb3fc1ecf8397,100018,PASS_FAST64_COMPLETE,269436,P4_EVENT_NOISE_MC200_LOW,0.7853981633974483,True,TT_3P3_27C,67,4,0,MAIN_MC200_LOW,226,False,0,COMPLETE,0,7.662730944662294,True,-71.77783009652704,-64.85063545584768,FAST64_SS_W4,True,True,53.49040199906958,47.88964028686701,True,48.55373910467334,-56.37297530019558,False,0,68,68,7e06781e890d066d50998f684610aef61a742265f0d282cf02a4094c1960eadd,7.662730944662301,53.49040199906958,47.88964028686705,48.55373910467339,-56.37297530019555,4,32.51048699266908,31.952911263878555,5.01543376476388,43.732512676562294,False,b08c72ac0e040829e3dec16218c39ce185e45e3d58d35122067acbefcb1869d9,7e06781e890d066d50998f684610aef61a742265f0d282cf02a4094c1960eadd,False,1,0,16.04325211200426,15.936729022988452,2.6472971798984144,9.757889322507289,57564b5d59d3444c3d457573c64de388fbf1241a8e076d788a47aac92d6031cb,True,True,True,True
480.0,LOW,7,False,d70abdfda77ec53df2a86b5cb80a187284d7ee073372a658d8d11a95f999695b,99d2a22f6adc78b90ed5fbb5ee18472027f1710e4c9c52a4cf2733b1e950de15,2026-07-25T21:42:47.005206+00:00,jobs/fast64_v2/p4_event_noise_mc200_low/mc200_on_s019_low_w4.spice,5.329070518200751e-15,8.526512829121202e-14,3.552713678800501e-14,1.4210854715202004e-14,-1.4210854715202004e-13,0,165.5265062720282,218750.0,223,,True,PASS_FIRST_CONVERSION_DETERMINISTIC,FAST64_STARTUP_INCLUSIVE_W0,3.0,0,MC200_ON_S019_LOW_W4,logs/fast64_v2/p4_event_noise_mc200_low/mc200_on_s019_low_w4.log,325.51000000000073,0.05,325.5003676470594,FAST64_V2_FIRST_CONVERSION_SEPARATED,1fdf17b1fe3d8939749ca123ab2f7d4a06dbca8ac23b61e5eb87d145013e5193,19,0,64,4ff44f956608a41f7f124dec122c8674a59bfdc5ba2d036f3e854ab175ec8f36,ON,d53562e04bb76575ea6e16de1a77f97b925786d266a377411ab5504312e6aae7,100019,PASS_FAST64_COMPLETE,269716,P4_EVENT_NOISE_MC200_LOW,0.7853981633974483,True,TT_3P3_27C,67,4,0,MAIN_MC200_LOW,223,False,0,COMPLETE,0,7.870148272565536,True,-67.52289787160605,-72.99048447326145,FAST64_SS_W4,True,True,58.67571037999208,49.13829260084452,True,49.89809622891269,-57.083486618638446,False,0,68,68,dd6d4ec7f515aac385cc9d0b81425156015c60ac241d713b279b64703c6b5f46,7.8701482725655305,58.675710379992,49.13829260084449,49.89809622891268,-57.083486618638304,4,32.92995644765377,32.26118839709247,5.066642590879147,45.69082393029751,False,992dc0f95a6ca0e593d5a0e777db34389dc5e305bfa0a63dfeede1a2e31b57ec,dd6d4ec7f515aac385cc9d0b81425156015c60ac241d713b279b64703c6b5f46,False,1,1,16.96813978125892,16.877104203752054,2.8035056816863886,12.98488644969457,99d2a22f6adc78b90ed5fbb5ee18472027f1710e4c9c52a4cf2733b1e950de15,True,True,True,True
480.0,LOW,7,False,0f840f8a1f6c2a5a8a22a1d70721b0f6ebd9e6f6ce30557c4e6bcdb9eb55caaf,9baf46440bbcccabe82f19bb30eff43bfc9b1b2e2f7c8952d5ddd58a364fd851,2026-07-25T21:43:40.053955+00:00,jobs/fast64_v2/p4_event_noise_mc200_low/mc200_on_s020_low_w4.spice,-0.052974292372335086,-0.23069691175339813,-0.31890524008145604,-0.3771316208597284,0.21663894217336122,0,167.93458799703512,218750.0,223,,True,PASS_FIRST_CONVERSION_DETERMINISTIC,FAST64_STARTUP_INCLUSIVE_W0,3.0,0,MC200_ON_S020_LOW_W4,logs/fast64_v2/p4_event_noise_mc200_low/mc200_on_s020_low_w4.log,325.5099999999999,0.05,325.4989117647065,FAST64_V2_FIRST_CONVERSION_SEPARATED,222040a963a9071886e23b61c493e958fdfd1ed5af28b973958ef26278964f14,20,0,64,3faa6eaba6a8f1b7e97b851378f6c4f22169794122fabe13bc62c369f7ccb017,ON,d255dfb08cb4cdd9303c4b45e3b8215646bdfb4fe3baa05a0f480b666a99f8f4,100020,PASS_FAST64_COMPLETE,269384,P4_EVENT_NOISE_MC200_LOW,0.7853981633974483,True,TT_3P3_27C,67,4,0,MAIN_MC200_LOW,223,False,1,COMPLETE,0,7.722149130054237,True,-71.161802737409,-64.47001513195806,FAST64_SS_W4,True,True,53.41859069540515,48.2473377629265,True,50.17559826629892,-52.702039800966304,False,0,68,68,e5d5af6be7e7b907aecf4e34d401df1650b1746f06c1b253087b58935991cebd,7.775123422426572,53.64928760715855,48.566243003007955,50.55272988715865,-52.918678743139665,4,50.55272988715865,48.566243003007955,7.775123422426572,53.64928760715855,True,e5d5af6be7e7b907aecf4e34d401df1650b1746f06c1b253087b58935991cebd,e5d5af6be7e7b907aecf4e34d401df1650b1746f06c1b253087b58935991cebd,True,0,,-0.3771316208597284,-0.31890524008145604,-0.052974292372335086,-0.23069691175339813,9baf46440bbcccabe82f19bb30eff43bfc9b1b2e2f7c8952d5ddd58a364fd851,True,True,True,True
480.0,LOW,7,False,364d0963ebe9da1f9571a2a34c2acf7ce1d99e88e9c01b7e409a2f41339a863b,0f6ed20dc8776dbfcbbb5d191347ff4a24590a67f093a19038b5ea235f06714b,2026-07-25T21:43:56.654596+00:00,jobs/fast64_v2/p4_event_noise_mc200_low/mc200_on_s021_low_w4.spice,6.217248937900877e-15,0.0,3.552713678800501e-14,4.263256414560601e-14,0.0,0,124.18179686402436,218750.0,226,,True,PASS_FIRST_CONVERSION_DETERMINISTIC,FAST64_STARTUP_INCLUSIVE_W0,3.0,0,MC200_ON_S021_LOW_W4,logs/fast64_v2/p4_event_noise_mc200_low/mc200_on_s021_low_w4.log,325.5100000000001,0.05,325.4994117647065,FAST64_V2_FIRST_CONVERSION_SEPARATED,8e2ce428bc6ec7642e3cf477d3ef4257982882036266f2ce54eab7c02bde7ede,21,0,64,c735e91bf1b8501c24f6215d646ff1c1c3b0ffddc35e0f9a1e8fa4bc2798756f,ON,be2731deaece657010eec3c584e06e624e9ed55bef323f71c34c78041dfe741e,100021,FAIL_STEADY_STATE_DYNAMIC,269424,P4_EVENT_NOISE_MC200_LOW,0.7853981633974483,True,TT_3P3_27C,67,4,0,MAIN_MC200_LOW,226,False,0,COMPLETE_WITH_FAIL,0,6.97364074656543,False,-55.320010618754544,-58.919395137393764,FAST64_SS_W4,True,False,53.99212318997763,43.741317294323885,False,44.48754837867155,-51.758201325594996,False,0,68,68,dfe3f5d557ca4c9f19a39a553f8c502bab415945d722b57607b068fb008174f9,6.973640746565424,53.99212318997763,43.74131729432385,44.487548378671505,-51.758201325594996,4,44.487548378671505,43.74131729432385,6.973640746565424,53.99212318997763,False,dfe3f5d557ca4c9f19a39a553f8c502bab415945d722b57607b068fb008174f9,dfe3f5d557ca4c9f19a39a553f8c502bab415945d722b57607b068fb008174f9,True,0,,4.263256414560601e-14,3.552713678800501e-14,6.217248937900877e-15,0.0,0f6ed20dc8776dbfcbbb5d191347ff4a24590a67f093a19038b5ea235f06714b,True,True,True,True
480.0,LOW,7,False,2f9ff297751800f0f4c091fdc49448866cd89447639b78e434c1e50c8d622101,f5ee17dd923b0f46b901ae63691dcd426d811b106d7ac108ead10cbc9f0ba31b,2026-07-25T21:44:16.344305+00:00,jobs/fast64_v2/p4_event_noise_mc200_low/mc200_on_s022_low_w4.spice,0.02229784628211462,-1.3431675192282029,0.13423303461833314,0.5321127687748373,1.4146444570931251,0,127.28637666697614,218750.0,226,,True,PASS_FIRST_CONVERSION_DETERMINISTIC,FAST64_STARTUP_INCLUSIVE_W0,3.0,0,MC200_ON_S022_LOW_W4,logs/fast64_v2/p4_event_noise_mc200_low/mc200_on_s022_low_w4.log,325.51000000000073,0.05,325.4999558823536,FAST64_V2_FIRST_CONVERSION_SEPARATED,8e93569c4d7e51bb5ec45a7516f713a97164bc0e75d6fe1fa0fd46338f4f06d5,22,0,64,08e8e59798c85762ad8a5618eee2b10ef0db2795110d3c586379122b487d571b,ON,d482aa4b2df165a4fba35d49e6a13cc9fe9ca52e60a6a9821761b9c56d42204a,100022,PASS_FAST64_COMPLETE,269476,P4_EVENT_NOISE_MC200_LOW,0.7853981633974483,True,TT_3P3_27C,67,4,0,MAIN_MC200_LOW,226,False,1,COMPLETE,0,7.5320495008636135,True,-78.449594871089,-58.76396249643598,FAST64_SS_W4,True,False,54.91273078659843,47.10293799519895,True,48.308132671802056,-53.25887995021168,False,0,68,68,da189b1fda10e1a3740aab787c8ddcff936084e6ecdf1fb8ee0dc5d327b113c9,7.509751654581499,56.25589830582663,46.96870496058062,47.77601990302722,-54.673524407304804,4,47.77601990302722,46.96870496058062,7.509751654581499,56.25589830582663,True,da189b1fda10e1a3740aab787c8ddcff936084e6ecdf1fb8ee0dc5d327b113c9,da189b1fda10e1a3740aab787c8ddcff936084e6ecdf1fb8ee0dc5d327b113c9,True,0,,0.5321127687748373,0.13423303461833314,0.02229784628211462,-1.3431675192282029,f5ee17dd923b0f46b901ae63691dcd426d811b106d7ac108ead10cbc9f0ba31b,True,True,True,True
480.0,LOW,7,False,a70926aaba71792351b4464c952e4d7c89c785ab3887f070f908d8ef674500b6,d5e0b5ce9e2b921191511ee31d91cfca145ad211194eb92479f0d4557e83e81f,2026-07-25T21:44:42.180369+00:00,jobs/fast64_v2/p4_event_noise_mc200_low/mc200_on_s023_low_w4.spice,8.881784197001252e-16,0.0,7.105427357601002e-15,7.105427357601002e-15,-7.105427357601002e-15,0,115.14817814598791,218750.0,225,,True,PASS_FIRST_CONVERSION_DETERMINISTIC,FAST64_STARTUP_INCLUSIVE_W0,3.0,0,MC200_ON_S023_LOW_W4,logs/fast64_v2/p4_event_noise_mc200_low/mc200_on_s023_low_w4.log,325.502,0.05,325.4991617647065,FAST64_V2_FIRST_CONVERSION_SEPARATED,c8d7fc87cc6eef11d987008030f5cc4554de66a7a867e3cdf5a8e9e01f646caf,23,0,64,1572c4f1770813090f8687d84ba44ac6e96c8fb9f34d6c8f93ebe09c4f4267b8,ON,751fbd8ff37cb21f3ba98828cbb06df3666ec8c91fb99d600e588bdffb1a74f1,100023,PASS_FAST64_COMPLETE,269332,P4_EVENT_NOISE_MC200_LOW,0.7853981633974483,True,TT_3P3_27C,67,4,0,MAIN_MC200_LOW,225,False,0,COMPLETE,0,7.61428094151647,True,-66.95565669881661,-65.52050719538785,FAST64_SS_W4,True,False,56.22448881556004,47.59797126792915,True,48.16758554404508,-56.70170040398095,False,0,68,68,02abc24d70b2c15524343026f9c94fcf8f89e8436e987d225f9fc611d5a70935,7.614280941516469,56.22448881556004,47.59797126792914,48.167585544045075,-56.701700403980944,4,48.167585544045075,47.59797126792914,7.614280941516469,56.22448881556004,True,02abc24d70b2c15524343026f9c94fcf8f89e8436e987d225f9fc611d5a70935,02abc24d70b2c15524343026f9c94fcf8f89e8436e987d225f9fc611d5a70935,True,0,,7.105427357601002e-15,7.105427357601002e-15,8.881784197001252e-16,0.0,d5e0b5ce9e2b921191511ee31d91cfca145ad211194eb92479f0d4557e83e81f,True,True,True,True
480.0,LOW,7,False,c633a9661208a7b33945d13b8925f7d8aa4cc2162757e72583407a19e86b8d2a,4abc9b086d2fec7dc23939724c540c3ad620377b41827e86016af8df390bb3e5,2026-07-25T21:45:36.428234+00:00,jobs/fast64_v2/p4_event_noise_mc200_low/mc200_on_s024_low_w4.spice,0.032892379306031394,-1.397052068199045,0.19801212342230912,0.6080193353780174,0.6692402823748296,0,116.35615576000419,218750.0,225,,True,PASS_FIRST_CONVERSION_DETERMINISTIC,FAST64_STARTUP_INCLUSIVE_W0,3.0,0,MC200_ON_S024_LOW_W4,logs/fast64_v2/p4_event_noise_mc200_low/mc200_on_s024_low_w4.log,325.51000000000073,0.05,325.4998970588242,FAST64_V2_FIRST_CONVERSION_SEPARATED,642cf1080360641cf14495653f402af8bbcce644b06fe71444a7ecc357830912,24,0,64,eb1ff45db1c470904bc24eb8ada3d7b0f17a6c0b3b5019aeeeeb1427670db872,ON,80814664e97fdf51c1d0d57a273707dbf47025ba1d2fc4190e8c2c5e972e1c1a,100024,PASS_FAST64_COMPLETE,269384,P4_EVENT_NOISE_MC200_LOW,0.7853981633974483,True,TT_3P3_27C,67,4,0,MAIN_MC200_LOW,225,False,1,COMPLETE,0,7.762383529182176,True,-58.74827021783866,-67.25509294358858,FAST64_SS_W4,True,True,55.667358234528706,48.489548845676694,True,50.38431602937243,-53.00482727384513,False,0,68,68,7c52013b5eea0ef681ba823cda429aba93d1bb383c3f587c64ad1f0c700562b2,7.729491149876145,57.06441030272775,48.291536722254385,49.77629669399441,-53.67406755621996,4,49.77629669399441,48.291536722254385,7.729491149876145,57.06441030272775,True,7c52013b5eea0ef681ba823cda429aba93d1bb383c3f587c64ad1f0c700562b2,7c52013b5eea0ef681ba823cda429aba93d1bb383c3f587c64ad1f0c700562b2,True,0,,0.6080193353780174,0.19801212342230912,0.032892379306031394,-1.397052068199045,4abc9b086d2fec7dc23939724c540c3ad620377b41827e86016af8df390bb3e5,True,True,True,True
480.0,LOW,7,False,d4714c5437cae99c8ef4129aa2c3d8f6f8c03e5492581a27c4b7b4aaa7ac5dcc,d011c074d07154dca9067a959b7a370eea78c1f65950c42ff4709339cf9cda4d,2026-07-25T21:47:00.637442+00:00,jobs/fast64_v2/p4_event_noise_mc200_low/mc200_on_s025_low_w4.spice,-0.0037265793211336273,-1.0598829343411396,-0.022434007513226106,0.35827730556435,1.5779930568813612,0,183.96671772899572,218750.0,226,,True,PASS_FIRST_CONVERSION_DETERMINISTIC,FAST64_STARTUP_INCLUSIVE_W0,3.0,0,MC200_ON_S025_LOW_W4,logs/fast64_v2/p4_event_noise_mc200_low/mc200_on_s025_low_w4.log,325.51000000000073,0.05,325.49988235294177,FAST64_V2_FIRST_CONVERSION_SEPARATED,471feb91ec91b81729e5aeea1b7140b4891010ec5daa09ca51c10f7dc4391f6f,25,0,64,592aee6dbbcd9877c7f1d0337813f1c8ae9301e9f37ff139cfe22613f8ffd5f8,ON,16824a5f7f3e2993eb4cc5c73cfdb366aded05c7779556024c53509c52172fd1,100025,PASS_FAST64_COMPLETE,269604,P4_EVENT_NOISE_MC200_LOW,0.7853981633974483,True,TT_3P3_27C,67,4,0,MAIN_MC200_LOW,225,False,1,COMPLETE,0,7.736913426749015,True,-64.57132295246329,-67.33264186439501,FAST64_SS_W4,True,True,55.49592457093213,48.336218829029065,True,49.490089023628165,-54.65666124353605,False,0,68,68,81b846c8706a65f8b2e4f2e8ae68ceaef8dcaea25ac2f223a6f02db3c3ff0914,7.740640006070149,56.55580750527327,48.35865283654229,49.131811718063815,-56.23465430041741,4,49.131811718063815,48.35865283654229,7.740640006070149,56.55580750527327,True,81b846c8706a65f8b2e4f2e8ae68ceaef8dcaea25ac2f223a6f02db3c3ff0914,81b846c8706a65f8b2e4f2e8ae68ceaef8dcaea25ac2f223a6f02db3c3ff0914,True,0,,0.35827730556435,-0.022434007513226106,-0.0037265793211336273,-1.0598829343411396,d011c074d07154dca9067a959b7a370eea78c1f65950c42ff4709339cf9cda4d,True,True,True,True
480.0,LOW,7,False,79dc3bf668d182490aeccb3144de6c680be35a7a80a48fd03c1f30a8a89d3cfc,1bc4a36a98b8749753e19d02d2f90e77c19f2268358f6c71b043c0620d8d225c,2026-07-25T21:46:59.024644+00:00,jobs/fast64_v2/p4_event_noise_mc200_low/mc200_on_s026_low_w4.spice,0.0,1.4210854715202004e-14,0.0,1.4210854715202004e-14,0.0,0,162.66667177993804,218750.0,228,,True,PASS_FIRST_CONVERSION_DETERMINISTIC,FAST64_STARTUP_INCLUSIVE_W0,3.0,0,MC200_ON_S026_LOW_W4,logs/fast64_v2/p4_event_noise_mc200_low/mc200_on_s026_low_w4.log,325.51000000000073,0.05,325.5001470588242,FAST64_V2_FIRST_CONVERSION_SEPARATED,884ab2a37208e7334283d06c280a1fe521805c821790a613ca76d462becf41e7,26,0,64,c042480eeeb2914d98eef586e1096668ec6b5497cd6381306fea83da3ff3ef34,ON,3c7bd715af2bb066f17b48154918af223969ad4c32719480f99ac6d2ebe3e509,100026,FAIL_STEADY_STATE_DYNAMIC,269424,P4_EVENT_NOISE_MC200_LOW,0.7853981633974483,True,TT_3P3_27C,67,4,0,MAIN_MC200_LOW,228,False,0,COMPLETE_WITH_FAIL,0,6.616737745403618,False,-54.6892750642827,-53.79722029136558,FAST64_SS_W4,True,False,52.028382666202575,41.592761227329774,False,42.27117242141797,-49.990465173865616,False,0,68,68,5bcbfd9ba8246653163fc199f8355bf8c07547eab8948dae1ebc89ffb0428c02,6.616737745403618,52.02838266620256,41.592761227329774,42.27117242141796,-49.990465173865616,4,42.27117242141796,41.592761227329774,6.616737745403618,52.02838266620256,False,5bcbfd9ba8246653163fc199f8355bf8c07547eab8948dae1ebc89ffb0428c02,5bcbfd9ba8246653163fc199f8355bf8c07547eab8948dae1ebc89ffb0428c02,True,0,,1.4210854715202004e-14,0.0,0.0,1.4210854715202004e-14,1bc4a36a98b8749753e19d02d2f90e77c19f2268358f6c71b043c0620d8d225c,True,True,True,True
480.0,LOW,7,False,14c90a3f8f5c25f4897e1904191e30de8b8af9921c45607e84a3f4ce769e1ce6,d39bf04a9e0cf45fa53e7fe98b229a46e35bad751b3a637ab72c3680907a2c88,2026-07-25T21:46:21.504564+00:00,jobs/fast64_v2/p4_event_noise_mc200_low/mc200_on_s027_low_w4.spice,-3.552713678800501e-15,0.0,-2.1316282072803006e-14,-4.263256414560601e-14,-7.105427357601002e-14,0,99.29905642697122,218750.0,224,,True,PASS_FIRST_CONVERSION_DETERMINISTIC,FAST64_STARTUP_INCLUSIVE_W0,3.0,0,MC200_ON_S027_LOW_W4,logs/fast64_v2/p4_event_noise_mc200_low/mc200_on_s027_low_w4.log,325.51000000000073,0.05,325.4994705882359,FAST64_V2_FIRST_CONVERSION_SEPARATED,fdc94113388170ca5916dbbfc8d1773923e213423ae929b693e6083cff68380e,27,0,64,d7e0815e9b8e6c052530760fd50001e13908afe93e198b24d403e826fd290e80,ON,8c6efc1bbef963c040facbef2440f94415f7f9b817912297937f9516e9c85c06,100027,PASS_FAST64_COMPLETE,269604,P4_EVENT_NOISE_MC200_LOW,0.7853981633974483,True,TT_3P3_27C,67,4,0,MAIN_MC200_LOW,224,False,0,COMPLETE,0,7.681424670158595,True,-63.55307289860424,-64.28446548042027,FAST64_SS_W4,True,True,56.48675485756402,48.00217651435474,True,48.41440050358004,-58.43316881355368,False,0,68,68,cbe1b58f40a090e627d8b5f2404a712ebcc1cff36d09f5a5d6652dcb1693505a,7.681424670158599,56.48675485756402,48.00217651435476,48.41440050358008,-58.43316881355361,4,48.41440050358008,48.00217651435476,7.681424670158599,56.48675485756402,True,cbe1b58f40a090e627d8b5f2404a712ebcc1cff36d09f5a5d6652dcb1693505a,cbe1b58f40a090e627d8b5f2404a712ebcc1cff36d09f5a5d6652dcb1693505a,True,0,,-4.263256414560601e-14,-2.1316282072803006e-14,-3.552713678800501e-15,0.0,d39bf04a9e0cf45fa53e7fe98b229a46e35bad751b3a637ab72c3680907a2c88,True,True,True,True
480.0,LOW,7,False,cc3e88bb3bb7c0b649181502090f577a08207617e59201254cf9e29dd4f894ed,bc9c1081e67b69516fee291f3ef438718dfe8b3d9ebe14b99f5b2829bb23d4f2,2026-07-25T21:47:33.438431+00:00,jobs/fast64_v2/p4_event_noise_mc200_low/mc200_on_s028_low_w4.spice,-2.6645352591003757e-15,1.4210854715202004e-13,-1.4210854715202004e-14,-6.394884621840902e-14,-1.2789769243681803e-13,0,116.98770286201034,218750.0,225,,True,PASS_FIRST_CONVERSION_DETERMINISTIC,FAST64_STARTUP_INCLUSIVE_W0,3.0,0,MC200_ON_S028_LOW_W4,logs/fast64_v2/p4_event_noise_mc200_low/mc200_on_s028_low_w4.log,325.51000000000073,0.05,325.4988529411771,FAST64_V2_FIRST_CONVERSION_SEPARATED,7b25f0b2003924a3ce737d5e6bcbaad4e77b40a01b24afa2c3e572640346c818,28,0,64,599948a03fe4676c3382741dc53806b45ba597b6c03d9b142d12130e6a503f97,ON,3698c90b72f329c47fc70e0151b5bf2ec46b5942f1cddca32f9f04b50c93809e,100028,PASS_FAST64_COMPLETE,269408,P4_EVENT_NOISE_MC200_LOW,0.7853981633974483,True,TT_3P3_27C,67,4,0,MAIN_MC200_LOW,225,False,0,COMPLETE,0,7.771293636504365,True,-69.89312861029832,-84.7620208666992,FAST64_SS_W4,True,True,55.47982076449041,48.54318769175627,True,49.73899265182635,-54.72861935194337,False,0,68,68,2105b3bf78e71bdcea09f42ae5256f755391984c2be00cf274c48a7cfed7a7a9,7.771293636504367,55.47982076449027,48.54318769175629,49.738992651826415,-54.728619351943244,4,49.738992651826415,48.54318769175629,7.771293636504367,55.47982076449027,True,2105b3bf78e71bdcea09f42ae5256f755391984c2be00cf274c48a7cfed7a7a9,2105b3bf78e71bdcea09f42ae5256f755391984c2be00cf274c48a7cfed7a7a9,True,0,,-6.394884621840902e-14,-1.4210854715202004e-14,-2.6645352591003757e-15,1.4210854715202004e-13,bc9c1081e67b69516fee291f3ef438718dfe8b3d9ebe14b99f5b2829bb23d4f2,True,True,True,True
480.0,LOW,7,False,f538e594bf43700ac1e64ba590cac97d6081199b26df24fe4c0fb10b5a574cca,32b99efa70cf832d7c813016b59b9e1dfadb9a0f06eb092f89a958c5bd3032eb,2026-07-25T21:48:15.122272+00:00,jobs/fast64_v2/p4_event_noise_mc200_low/mc200_on_s029_low_w4.spice,0.028573095591270636,1.0245487911591127,0.1720100354594507,0.3348924577096142,1.6964076641323373,0,113.59597968810704,218750.0,225,,True,PASS_FIRST_CONVERSION_DETERMINISTIC,FAST64_STARTUP_INCLUSIVE_W0,3.0,0,MC200_ON_S029_LOW_W4,logs/fast64_v2/p4_event_noise_mc200_low/mc200_on_s029_low_w4.log,325.5000000000034,0.05,325.49716176470656,FAST64_V2_FIRST_CONVERSION_SEPARATED,8be15a90e3c128bb5c84c2de5748a169e56076125a1e7ebf191415d9a346d8ca,29,0,64,bb52ac450d77408e6784e530cd1da2a521ec89344cd39fea3ae8a96beac5ac30,ON,92765a467d5d19bc48942a31c0806b60cdaf37d9c1de2143611e0650be65e568,100029,PASS_FAST64_COMPLETE,269584,P4_EVENT_NOISE_MC200_LOW,0.7853981633974483,True,TT_3P3_27C,67,4,0,MAIN_MC200_LOW,225,False,1,COMPLETE,0,7.609551319023178,True,-69.0943820548401,-63.31589490350894,FAST64_SS_W4,True,False,57.37045367919094,47.56949894051953,False,48.02001509079843,-57.63354939420395,False,0,68,68,040808ed1850b81ab116ce2caf21773477853d3b8efbcdf116883ef2098aeb9d,7.580978223431908,56.345904888031825,47.39748890506008,47.68512263308882,-59.32995705833629,4,47.68512263308882,47.39748890506008,7.580978223431908,56.345904888031825,True,040808ed1850b81ab116ce2caf21773477853d3b8efbcdf116883ef2098aeb9d,040808ed1850b81ab116ce2caf21773477853d3b8efbcdf116883ef2098aeb9d,True,0,,0.3348924577096142,0.1720100354594507,0.028573095591270636,1.0245487911591127,32b99efa70cf832d7c813016b59b9e1dfadb9a0f06eb092f89a958c5bd3032eb,True,True,True,True
480.0,LOW,7,False,cc8dd8fc83e87e467c542bd1f821eee6c2157f6a0c4775a4983d6412705c2ca5,e4ea5fabade1160ec99c2d75b83ff894ee63a3f2540bf1ee04106c52cad365bb,2026-07-25T21:50:08.948414+00:00,jobs/fast64_v2/p4_event_noise_mc200_low/mc200_on_s030_low_w4.spice,0.0,-7.105427357601002e-15,0.0,-7.105427357601002e-15,-3.552713678800501e-14,0,189.91218169999775,218750.0,222,,True,PASS_FIRST_CONVERSION_DETERMINISTIC,FAST64_STARTUP_INCLUSIVE_W0,3.0,0,MC200_ON_S030_LOW_W4,logs/fast64_v2/p4_event_noise_mc200_low/mc200_on_s030_low_w4.log,325.51000000000033,0.05,325.49997058823595,FAST64_V2_FIRST_CONVERSION_SEPARATED,4a1f3e51352154e13fcbe2ffc6864bf69d6b57404b7fd46a8c1e2c5a156b230d,30,0,64,e93a7cee3f7bfc64fbf32b8c7855cd21f1913e7592b7c8673bd404fcb0c5b690,ON,43a807d2eb3c028de6c0c1b0424a3dc50255af6a5a0010aabc57b42abe069735,100030,PASS_FAST64_COMPLETE,269208,P4_EVENT_NOISE_MC200_LOW,0.7853981633974483,True,TT_3P3_27C,67,4,0,MAIN_MC200_LOW,222,False,0,COMPLETE,0,7.891562794032766,True,-65.97767660371821,-76.54592877933653,FAST64_SS_W4,True,True,57.232474002600036,49.26720802007725,True,50.186332508344975,-56.46276802652754,False,0,68,68,87e5da546177efabc502a88e629a504abd82a85380500e42089e9cdc8bb4d192,7.891562794032766,57.23247400260004,49.26720802007725,50.18633250834498,-56.462768026527506,4,50.18633250834498,49.26720802007725,7.891562794032766,57.23247400260004,True,87e5da546177efabc502a88e629a504abd82a85380500e42089e9cdc8bb4d192,87e5da546177efabc502a88e629a504abd82a85380500e42089e9cdc8bb4d192,True,0,,-7.105427357601002e-15,0.0,0.0,-7.105427357601002e-15,e4ea5fabade1160ec99c2d75b83ff894ee63a3f2540bf1ee04106c52cad365bb,True,True,True,True
480.0,LOW,7,False,8930d3eef512ab22fefb089497032fb827c595c3968c72579dfca89a80815343,b0bfc1b703b02c92f38fa2d42e580b9fe2d8c324a8dd83c162b73c5fb392f44a,2026-07-25T21:49:19.455292+00:00,jobs/fast64_v2/p4_event_noise_mc200_low/mc200_on_s031_low_w4.spice,8.881784197001252e-16,0.0,7.105427357601002e-15,0.0,-4.973799150320701e-14,0,138.8017077560071,218750.0,224,,True,PASS_FIRST_CONVERSION_DETERMINISTIC,FAST64_STARTUP_INCLUSIVE_W0,3.0,0,MC200_ON_S031_LOW_W4,logs/fast64_v2/p4_event_noise_mc200_low/mc200_on_s031_low_w4.log,325.51000000000073,0.05,325.49957352941243,FAST64_V2_FIRST_CONVERSION_SEPARATED,00d94acaf49035e6589baaa8df2e2c66c1dcea95b89711d55133cb6c1f59409d,31,0,64,59d2de86467638b9a314eeac7da1eb11171efc10e5b9cdd4ced1d385fb17f4b8,ON,cb0c5226acb0bcfa5d33f759d80dfbdc487a0943d8c02a665ffcdbb715bf502a,100031,PASS_FAST64_COMPLETE,269612,P4_EVENT_NOISE_MC200_LOW,0.7853981633974483,True,TT_3P3_27C,67,4,0,MAIN_MC200_LOW,224,False,0,COMPLETE,0,7.884340828150298,True,-69.70461098507981,-79.12830218338539,FAST64_SS_W4,True,True,57.051384097067285,49.223731785464786,True,50.364488888629104,-55.587543738728264,False,0,68,68,db71b829d980b8e67ffad210b9f310780e63587a8cbcdf79bef075532c9318dd,7.884340828150297,57.051384097067285,49.22373178546478,50.364488888629104,-55.587543738728215,4,50.364488888629104,49.22373178546478,7.884340828150297,57.051384097067285,True,db71b829d980b8e67ffad210b9f310780e63587a8cbcdf79bef075532c9318dd,db71b829d980b8e67ffad210b9f310780e63587a8cbcdf79bef075532c9318dd,True,0,,0.0,7.105427357601002e-15,8.881784197001252e-16,0.0,b0bfc1b703b02c92f38fa2d42e580b9fe2d8c324a8dd83c162b73c5fb392f44a,True,True,True,True
480.0,LOW,7,False,90a3e223ef33d19430b99cddba49098825c44d66d10104b751d2be3f3aa7f011,0ca47a778ec76a8f0cd9daef373cd7d416437d753049112ebf637262f5354361,2026-07-25T21:50:36.859412+00:00,jobs/fast64_v2/p4_event_noise_mc200_low/mc200_on_s032_low_w4.spice,7.105427357601002e-15,0.0,4.263256414560601e-14,1.4210854715202004e-14,-1.5631940186722204e-13,0,183.40640059905127,218750.0,226,,True,PASS_FIRST_CONVERSION_DETERMINISTIC,FAST64_STARTUP_INCLUSIVE_W0,3.0,0,MC200_ON_S032_LOW_W4,logs/fast64_v2/p4_event_noise_mc200_low/mc200_on_s032_low_w4.log,325.5100000000001,0.05,325.50004411764763,FAST64_V2_FIRST_CONVERSION_SEPARATED,19c2ac07f86c290d8778e0dc25662993d57a1c480a614bc5448ddabaff994629,32,0,64,6345f5311b6ed6f316d80c046d9a1229ca7653044ab39b1dfb963c1e4e9de26b,ON,9f71f582958fcafdb191c3a4c7b8027aa46bfce0c66f7e32802ab96fed2f4aed,100032,PASS_FAST64_COMPLETE,269616,P4_EVENT_NOISE_MC200_LOW,0.7853981633974483,True,TT_3P3_27C,67,4,0,MAIN_MC200_LOW,226,False,0,COMPLETE,0,7.812857037428041,True,-67.09749713599845,-64.27826540982538,FAST64_SS_W4,True,True,57.83882931402721,48.7933993653168,True,49.47334722880862,-57.182025547162965,False,0,68,68,6499ae489ea781afd203df125ac2e045516f677d0f5e9e61bf97f7d1813f695e,7.812857037428034,57.83882931402721,48.79339936531676,49.473347228808606,-57.18202554716281,4,49.473347228808606,48.79339936531676,7.812857037428034,57.83882931402721,True,6499ae489ea781afd203df125ac2e045516f677d0f5e9e61bf97f7d1813f695e,6499ae489ea781afd203df125ac2e045516f677d0f5e9e61bf97f7d1813f695e,True,0,,1.4210854715202004e-14,4.263256414560601e-14,7.105427357601002e-15,0.0,0ca47a778ec76a8f0cd9daef373cd7d416437d753049112ebf637262f5354361,True,True,True,True
480.0,LOW,7,False,4bf706468639f6a67d4b30c80bff682abb097d1e413a467a83e51b1c97ae5102,126c89d0edbdf3b66e476fab57a6f6a840784e8d89f810d63b3b10fa726cf7f6,2026-07-25T21:50:40.582642+00:00,jobs/fast64_v2/p4_event_noise_mc200_low/mc200_on_s033_low_w4.spice,-0.017030721027000872,-0.47603390392963973,-0.10252494058254058,-0.296114442485262,-1.2029723180660739,0,145.44219427893404,218750.0,224,,True,PASS_FIRST_CONVERSION_DETERMINISTIC,FAST64_STARTUP_INCLUSIVE_W0,3.0,0,MC200_ON_S033_LOW_W4,logs/fast64_v2/p4_event_noise_mc200_low/mc200_on_s033_low_w4.log,325.51000000000073,0.05,325.49910294117717,FAST64_V2_FIRST_CONVERSION_SEPARATED,b3f12565c7a885250c5c4cc7447e7eaac434015e76f020e5fc9a156e33dac9da,33,0,64,464c21b85210253dd0d67fa63ea7223647d5ae2000845f8a02b316dc0bd6e651,ON,15541f668c6099e18fa4a192ee791a284bce4a509abfe8ad8efc1b5b02d47adc,100033,PASS_FAST64_COMPLETE,269440,P4_EVENT_NOISE_MC200_LOW,0.7853981633974483,True,TT_3P3_27C,67,4,0,MAIN_MC200_LOW,224,False,1,COMPLETE,0,7.7702465095844575,True,-70.63675706648282,-66.94571322556544,FAST64_SS_W4,True,True,56.670087268842614,48.53688398769843,True,49.04579721348551,-58.10026181917085,False,0,68,68,15bb7909849ea5563ce6591b2a7f77c8498f7ee8731351cf057e958ea4104e2b,7.787277230611458,57.146121172772254,48.63940892828097,49.34191165597077,-56.89728950110478,4,49.34191165597077,48.63940892828097,7.787277230611458,57.146121172772254,True,15bb7909849ea5563ce6591b2a7f77c8498f7ee8731351cf057e958ea4104e2b,15bb7909849ea5563ce6591b2a7f77c8498f7ee8731351cf057e958ea4104e2b,True,0,,-0.296114442485262,-0.10252494058254058,-0.017030721027000872,-0.47603390392963973,126c89d0edbdf3b66e476fab57a6f6a840784e8d89f810d63b3b10fa726cf7f6,True,True,True,True
480.0,LOW,7,False,1e278213b4d08ad69ee0b5280e8d371e0f57f24300db860e58348897e57ac07c,ea55381a4f6379b5cfa730a783c34350b5f385f3da155669ac7f20022ce72aa4,2026-07-25T21:51:12.336063+00:00,jobs/fast64_v2/p4_event_noise_mc200_low/mc200_on_s034_low_w4.spice,0.003432062234901778,-0.17525890481369544,0.020661014654109522,0.4314918567580648,1.633200358557609,0,112.85577636701055,218750.0,226,,True,PASS_FIRST_CONVERSION_DETERMINISTIC,FAST64_STARTUP_INCLUSIVE_W0,3.0,0,MC200_ON_S034_LOW_W4,logs/fast64_v2/p4_event_noise_mc200_low/mc200_on_s034_low_w4.log,325.5100000000001,0.05,325.49923529411836,FAST64_V2_FIRST_CONVERSION_SEPARATED,3d99068e4ae9ce5d5176b1f7c6118e6a450acb1b113d99f173772af01dc7b68b,34,0,64,5d25b8533467072e44d6269edba8265123421b8fd600908e5c4c8e93bd1877d2,ON,3750bcf6f854ee32bc22c90e698ae8ed2768a05dd5c9f1978cbe5bb81a9ed127,100034,PASS_FAST64_COMPLETE,269376,P4_EVENT_NOISE_MC200_LOW,0.7853981633974483,True,TT_3P3_27C,67,4,0,MAIN_MC200_LOW,226,False,1,COMPLETE,0,7.748073888892281,True,-62.11352875982543,-74.25754721352993,FAST64_SS_W4,True,True,57.41673090374114,48.40340481113153,True,49.58699415751298,-54.62760020748367,False,0,68,68,b144fe38838f34404e87332a4e401ced14a0b280882d468d76354a00c4592ef1,7.7446418266573795,57.591989808554835,48.38274379647742,49.15550230075492,-56.260800566041276,4,49.15550230075492,48.38274379647742,7.7446418266573795,57.591989808554835,True,b144fe38838f34404e87332a4e401ced14a0b280882d468d76354a00c4592ef1,b144fe38838f34404e87332a4e401ced14a0b280882d468d76354a00c4592ef1,True,0,,0.4314918567580648,0.020661014654109522,0.003432062234901778,-0.17525890481369544,ea55381a4f6379b5cfa730a783c34350b5f385f3da155669ac7f20022ce72aa4,True,True,True,True
480.0,LOW,7,False,6cdb7c1084e802f03518cc02efb45a83ce48fe6782932ea38e954c79b4969282,c3b06d0a9da435d43fd2a7a055fe90d1f33230ef3d60c2c240e79c0e8fcc33e5,2026-07-25T21:52:35.866009+00:00,jobs/fast64_v2/p4_event_noise_mc200_low/mc200_on_s035_low_w4.spice,-2.6645352591003757e-15,1.3500311979441904e-13,-1.4210854715202004e-14,0.0,1.0658141036401503e-13,0,146.90120975894388,218750.0,223,,True,PASS_FIRST_CONVERSION_DETERMINISTIC,FAST64_STARTUP_INCLUSIVE_W0,3.0,0,MC200_ON_S035_LOW_W4,logs/fast64_v2/p4_event_noise_mc200_low/mc200_on_s035_low_w4.log,325.5099999999999,0.05,325.499014705883,FAST64_V2_FIRST_CONVERSION_SEPARATED,70dcaa47503942fef6b3a934de920777acb450a39d9826097f79abc93f4997eb,35,0,64,154f2e81af81c97bef0b7fa06b8488635c60453dafc5c5dc6b0dce09202c492c,ON,1665566665ac506b12d5bf479f16fc8189f946ff9e23ddd223a5312aee431b33,100035,PASS_FAST64_COMPLETE,269400,P4_EVENT_NOISE_MC200_LOW,0.7853981633974483,True,TT_3P3_27C,67,4,0,MAIN_MC200_LOW,223,False,0,COMPLETE,0,7.820317403031334,True,-73.06452217054417,-60.53427974810195,FAST64_SS_W4,True,True,54.96132878985115,48.838310766248625,True,49.43816185215952,-57.73219331351033,False,0,68,68,5e486c7bdd8d0ba113c08c99784600416c7d586b6c41d75665ac185f9464e4d7,7.8203174030313365,54.96132878985102,48.83831076624864,49.43816185215952,-57.732193313510436,4,49.43816185215952,48.83831076624864,7.8203174030313365,54.96132878985102,True,5e486c7bdd8d0ba113c08c99784600416c7d586b6c41d75665ac185f9464e4d7,5e486c7bdd8d0ba113c08c99784600416c7d586b6c41d75665ac185f9464e4d7,True,0,,0.0,-1.4210854715202004e-14,-2.6645352591003757e-15,1.3500311979441904e-13,c3b06d0a9da435d43fd2a7a055fe90d1f33230ef3d60c2c240e79c0e8fcc33e5,True,True,True,True
480.0,LOW,7,False,d73754f07a56e92e6aba4482f2c32a87f9a8f76e3eb96555b12795664b021cf7,f8642d038461ce797131878ab6edbfa61c318b93dcdd7dd1f48f4548166e8f02,2026-07-25T21:52:26.013973+00:00,jobs/fast64_v2/p4_event_noise_mc200_low/mc200_on_s036_low_w4.spice,-0.015096635986194151,-0.902069043926744,-0.09088174863688891,-0.028312803559671806,0.5822192925645524,0,109.13340562500525,218750.0,222,,True,PASS_FIRST_CONVERSION_DETERMINISTIC,FAST64_STARTUP_INCLUSIVE_W0,3.0,0,MC200_ON_S036_LOW_W4,logs/fast64_v2/p4_event_noise_mc200_low/mc200_on_s036_low_w4.log,325.51000000000073,0.05,325.49895588235364,FAST64_V2_FIRST_CONVERSION_SEPARATED,fe79c7091e4a2e3e63ca6ba67a5e53c4539b925fa8c66d30fd23da298f59d366,36,0,64,2c46d1c2c9fb993f480c03cf7f7d9b002a9a668fc7c76dd98b010686be5c5826,ON,6edf2a825197a0a5fb43cc24efd2c788b873d42667c003d03bd8f6af54b702d2,100036,FAIL_STEADY_STATE_DYNAMIC,269576,P4_EVENT_NOISE_MC200_LOW,0.7853981633974483,True,TT_3P3_27C,67,4,0,MAIN_MC200_LOW,222,False,1,COMPLETE_WITH_FAIL,0,7.088616751057487,False,-60.25725428902995,-56.08317448632748,FAST64_SS_W4,True,False,52.37429349243148,44.43347284136607,False,44.98594963819967,-53.661485902740715,False,0,68,68,c34d3ab2c49d28485f91b7af5acaed0d897c7516e31ba2807104c9287b044a07,7.1037133870436815,53.27636253635822,44.52435459000296,45.01426244175934,-54.24370519530527,4,45.01426244175934,44.52435459000296,7.1037133870436815,53.27636253635822,False,c34d3ab2c49d28485f91b7af5acaed0d897c7516e31ba2807104c9287b044a07,c34d3ab2c49d28485f91b7af5acaed0d897c7516e31ba2807104c9287b044a07,True,0,,-0.028312803559671806,-0.09088174863688891,-0.015096635986194151,-0.902069043926744,f8642d038461ce797131878ab6edbfa61c318b93dcdd7dd1f48f4548166e8f02,True,True,True,True
480.0,LOW,7,False,7f8fff9727a8b4f630c51bcff8849906254a063329be5bbd7b519a62895b8e15,b95f7fee370a518f2ea107d3611ff703b2f50d53cc62452a763f7cbcd1fdc777,2026-07-25T21:52:36.811432+00:00,jobs/fast64_v2/p4_event_noise_mc200_low/mc200_on_s037_low_w4.spice,-2.6645352591003757e-15,0.0,-1.4210854715202004e-14,-4.973799150320701e-14,-6.394884621840902e-14,0,116.20495590404607,218750.0,226,,True,PASS_FIRST_CONVERSION_DETERMINISTIC,FAST64_STARTUP_INCLUSIVE_W0,3.0,0,MC200_ON_S037_LOW_W4,logs/fast64_v2/p4_event_noise_mc200_low/mc200_on_s037_low_w4.log,325.51000000000073,0.05,325.49917647058885,FAST64_V2_FIRST_CONVERSION_SEPARATED,36107bc72b7897c17bc4cbee70485a8713424d037e9e03ae20c032a0ae37cc72,37,0,64,1e744754cc8eac784f35e9e58d89ea55a95d39ecad6f2aee5e0608c1c08c6b21,ON,84f8ba222797f9abd7cd1b730ea1bbee63fb112de97ef166564ca93d0177f2db,100037,PASS_FAST64_COMPLETE,269448,P4_EVENT_NOISE_MC200_LOW,0.7853981633974483,True,TT_3P3_27C,67,4,0,MAIN_MC200_LOW,226,False,0,COMPLETE,0,7.816150814044552,True,-63.90288138370738,-63.87735625094276,FAST64_SS_W4,True,True,58.20331222840353,48.8132279005482,True,49.75404651215599,-55.91793251366759,False,0,68,68,3831f0bbea69e0e482e0e20e55a25c89c627e1c0e9687da23ffca75f36d953b4,7.816150814044555,58.20331222840353,48.81322790054821,49.75404651215604,-55.91793251366752,4,49.75404651215604,48.81322790054821,7.816150814044555,58.20331222840353,True,3831f0bbea69e0e482e0e20e55a25c89c627e1c0e9687da23ffca75f36d953b4,3831f0bbea69e0e482e0e20e55a25c89c627e1c0e9687da23ffca75f36d953b4,True,0,,-4.973799150320701e-14,-1.4210854715202004e-14,-2.6645352591003757e-15,0.0,b95f7fee370a518f2ea107d3611ff703b2f50d53cc62452a763f7cbcd1fdc777,True,True,True,True
480.0,LOW,7,False,d7dae6b47d8fa6d878b2c52eb1fd4cd0997a92b6b01909f5fd416f201942cb6e,69712c2197edcff4cf980808cee82d4d423b52b63077ee1619d9cfcfe1d90665,2026-07-25T21:53:34.016432+00:00,jobs/fast64_v2/p4_event_noise_mc200_low/mc200_on_s038_low_w4.spice,4.440892098500626e-15,0.0,2.842170943040401e-14,2.1316282072803006e-14,-2.1316282072803006e-14,0,141.6601302101044,218750.0,225,,True,PASS_FIRST_CONVERSION_DETERMINISTIC,FAST64_STARTUP_INCLUSIVE_W0,3.0,0,MC200_ON_S038_LOW_W4,logs/fast64_v2/p4_event_noise_mc200_low/mc200_on_s038_low_w4.log,325.51000000000073,0.05,325.49950000000064,FAST64_V2_FIRST_CONVERSION_SEPARATED,8455bed76306973749e022cf0eafc6c7c3e416d536856dcc435e9074c862ed30,38,0,64,bdbc0b21ed976f8d84eb8f9c0df5ddbbf016a8daf242183324a9a3071e088b70,ON,efe2066d79f7cb691e48dc9f12acff030f57259a41a2762c5482e8599668d73d,100038,PASS_FAST64_COMPLETE,269572,P4_EVENT_NOISE_MC200_LOW,0.7853981633974483,True,TT_3P3_27C,67,4,0,MAIN_MC200_LOW,225,False,0,COMPLETE,0,7.69776971513559,True,-62.921500275707196,-67.18858844681105,FAST64_SS_W4,True,True,57.91113774435797,48.100573685116245,True,48.835276998296365,-56.179470914340506,False,0,68,68,791356ec0c554c145f5cc2e4a72daae22c88884da639cbe6f638c4c212d6bc13,7.6977697151355855,57.91113774435797,48.10057368511622,48.835276998296344,-56.179470914340484,4,48.835276998296344,48.10057368511622,7.6977697151355855,57.91113774435797,True,791356ec0c554c145f5cc2e4a72daae22c88884da639cbe6f638c4c212d6bc13,791356ec0c554c145f5cc2e4a72daae22c88884da639cbe6f638c4c212d6bc13,True,0,,2.1316282072803006e-14,2.842170943040401e-14,4.440892098500626e-15,0.0,69712c2197edcff4cf980808cee82d4d423b52b63077ee1619d9cfcfe1d90665,True,True,True,True
480.0,LOW,7,False,73b75df273bc65b1e4a834743b4b52c41e04a0364ca3af1e8c11c88f8a51bc20,cf3ad3769a15c5df101eb76751528d6ffddd0ca6c768e5291bfe05946a4faf12,2026-07-25T21:56:04.747248+00:00,jobs/fast64_v2/p4_event_noise_mc200_low/mc200_on_s039_low_w4.spice,1.9539925233402755e-14,0.0,1.1368683772161603e-13,1.4210854715202004e-13,1.4210854715202004e-14,0,218.72127937700134,218750.0,225,,True,PASS_FIRST_CONVERSION_DETERMINISTIC,FAST64_STARTUP_INCLUSIVE_W0,3.0,0,MC200_ON_S039_LOW_W4,logs/fast64_v2/p4_event_noise_mc200_low/mc200_on_s039_low_w4.log,325.51000000000073,0.05,325.49944117647124,FAST64_V2_FIRST_CONVERSION_SEPARATED,7ad27425905af546b8ba9697c2991e81242ac6788d15a9c0f65ad90a7c93164f,39,0,64,8baccec4f502ce8cec1a17b9a268f79a78cc4bace4806bcadf069439517154c9,ON,d04edd62cfd31fd7f4993f3a078124cd4174671c32a161766f8e65e57e8d60b1,100039,PASS_FAST64_COMPLETE,269416,P4_EVENT_NOISE_MC200_LOW,0.7853981633974483,True,TT_3P3_27C,67,4,0,MAIN_MC200_LOW,225,False,0,COMPLETE,0,7.731600124181365,True,-79.2076545490137,-62.50721408225896,FAST64_SS_W4,True,True,56.15733740413694,48.30423274757181,True,49.337750729716376,-55.04541127756524,False,0,68,68,12fd32ea9109f3d1fe3eb0c4dfc4f36299c86c70a700aac7048075ea14e0cd9e,7.7316001241813455,56.15733740413694,48.304232747571696,49.337750729716234,-55.04541127756526,4,49.337750729716234,48.304232747571696,7.7316001241813455,56.15733740413694,True,12fd32ea9109f3d1fe3eb0c4dfc4f36299c86c70a700aac7048075ea14e0cd9e,12fd32ea9109f3d1fe3eb0c4dfc4f36299c86c70a700aac7048075ea14e0cd9e,True,0,,1.4210854715202004e-13,1.1368683772161603e-13,1.9539925233402755e-14,0.0,cf3ad3769a15c5df101eb76751528d6ffddd0ca6c768e5291bfe05946a4faf12,True,True,True,True
480.0,LOW,7,False,caf59946406f32cd13e7bdffeea879698cd5196a8ce5d634fa3cc866e44f7813,084dcaa09dcd5de6bed55a8a7745f43d5f92316affcef4b052c27221d002d9c1,2026-07-25T21:54:17.724199+00:00,jobs/fast64_v2/p4_event_noise_mc200_low/mc200_on_s040_low_w4.spice,-0.011313123400121583,-1.4378797285266884,-0.06810500286873378,-0.18203656022949843,-0.7115371952275851,0,101.84249561303295,218750.0,224,,True,PASS_FIRST_CONVERSION_DETERMINISTIC,FAST64_STARTUP_INCLUSIVE_W0,3.0,0,MC200_ON_S040_LOW_W4,logs/fast64_v2/p4_event_noise_mc200_low/mc200_on_s040_low_w4.log,325.51000000000073,0.05,325.5002352941183,FAST64_V2_FIRST_CONVERSION_SEPARATED,37b131292e7036a0c78970e14cb1071c04d9119613a7105e5bf511e53ef1260f,40,0,64,809de5c0c670f69735015c59ccf2f88a6fe4bdfc3dc9b8d38ffe24087b067ac6,ON,366694d9f436e9ff27dee2bcb747669e75bc1874fa8e8fcf80882af7f40e8508,100040,PASS_FAST64_COMPLETE,269388,P4_EVENT_NOISE_MC200_LOW,0.7853981633974483,True,TT_3P3_27C,67,4,0,MAIN_MC200_LOW,225,False,1,COMPLETE,0,7.725117995029548,True,-64.58930686745805,-66.96827783774694,FAST64_SS_W4,True,True,56.81189709638555,48.26521033007787,True,48.80242303709244,-57.60742854757784,False,0,68,68,5142bb6d9bdc6e023f3d6683a6dac94b6f194306ee7bd6b8f1ed6b9022e4efd5,7.736431118429669,58.24977682491224,48.333315332946604,48.98445959732194,-56.895891352350255,4,48.98445959732194,48.333315332946604,7.736431118429669,58.24977682491224,True,5142bb6d9bdc6e023f3d6683a6dac94b6f194306ee7bd6b8f1ed6b9022e4efd5,5142bb6d9bdc6e023f3d6683a6dac94b6f194306ee7bd6b8f1ed6b9022e4efd5,True,0,,-0.18203656022949843,-0.06810500286873378,-0.011313123400121583,-1.4378797285266884,084dcaa09dcd5de6bed55a8a7745f43d5f92316affcef4b052c27221d002d9c1,True,True,True,True
480.0,LOW,7,False,a2a0da2e7062384324736427a2aa94a2ab62f6b9f5da48b92eef3c3b9533918a,56294303122a045d949debf2c75eef92aebea44e33c54c28a3df3e118590b7b9,2026-07-25T21:55:30.579828+00:00,jobs/fast64_v2/p4_event_noise_mc200_low/mc200_on_s041_low_w4.spice,5.329070518200751e-15,0.0,2.842170943040401e-14,2.842170943040401e-14,5.684341886080802e-14,0,173.75633309897967,218750.0,223,,True,PASS_FIRST_CONVERSION_DETERMINISTIC,FAST64_STARTUP_INCLUSIVE_W0,3.0,0,MC200_ON_S041_LOW_W4,logs/fast64_v2/p4_event_noise_mc200_low/mc200_on_s041_low_w4.log,325.5000000000034,0.05,325.49620588235354,FAST64_V2_FIRST_CONVERSION_SEPARATED,1839ed890b3a71a9788f288566b704ac6f4c246901a4899d29eb386de2a8636e,41,0,64,b79161d5f6bcb838fbe5b728d65c8a81f282179845cb2e87d311f644a6b99fcc,ON,8f16527d03954ec8dd93fbae82135cc412a5d233ef6f2a63c7be3f004a641e3f,100041,PASS_FAST64_COMPLETE,269548,P4_EVENT_NOISE_MC200_LOW,0.7853981633974483,True,TT_3P3_27C,67,4,0,MAIN_MC200_LOW,223,False,0,COMPLETE,0,7.651668567004064,True,-62.513935794636815,-72.82248655677617,FAST64_SS_W4,True,True,54.85134299495919,47.82304477336446,True,48.184145212346024,-58.80390700490271,False,0,68,68,3aab6663960b4d58008a3b6daa0acc8fea9a0e49f862addb12e87323102d30cf,7.651668567004059,54.85134299495919,47.82304477336443,48.184145212345996,-58.80390700490277,4,48.184145212345996,47.82304477336443,7.651668567004059,54.85134299495919,True,3aab6663960b4d58008a3b6daa0acc8fea9a0e49f862addb12e87323102d30cf,3aab6663960b4d58008a3b6daa0acc8fea9a0e49f862addb12e87323102d30cf,True,0,,2.842170943040401e-14,2.842170943040401e-14,5.329070518200751e-15,0.0,56294303122a045d949debf2c75eef92aebea44e33c54c28a3df3e118590b7b9,True,True,True,True
480.0,LOW,7,False,496e30d56e1720b17ac280a0b4e70a9c25419ba9bfe4dcaccf0f426c3f2b60a9,7edddca3254a50851d615c925e889b9ef472bd04434313786b12d150afcaaab0,2026-07-25T21:55:41.936801+00:00,jobs/fast64_v2/p4_event_noise_mc200_low/mc200_on_s042_low_w4.spice,-0.01654479470506942,0.21515043008135137,-0.09959966412451848,0.1992745434231935,1.5117158207072876,0,127.90059987001587,218750.0,225,,True,PASS_FIRST_CONVERSION_DETERMINISTIC,FAST64_STARTUP_INCLUSIVE_W0,3.0,0,MC200_ON_S042_LOW_W4,logs/fast64_v2/p4_event_noise_mc200_low/mc200_on_s042_low_w4.log,325.5099999999999,0.05,325.4990441176477,FAST64_V2_FIRST_CONVERSION_SEPARATED,3147e42af924e3f3f12a2a6925146a1dd92a92f7c286e6ba49cda88aa6d34b10,42,0,64,f55ba21e13e584999f4cc74399d4fb4cb261132f5d1193405b9e41a9f7e167fd,ON,71c4a02c56e505afce86480b688dcfb9673c951932bf9227ca6a9628a896f7a4,100042,PASS_FAST64_COMPLETE,269444,P4_EVENT_NOISE_MC200_LOW,0.7853981633974483,True,TT_3P3_27C,67,4,0,MAIN_MC200_LOW,225,False,1,COMPLETE,0,7.687782165028109,True,-56.95510331901107,-64.77718928169396,FAST64_SS_W4,True,True,56.95510331901107,48.04044863346921,True,49.032593033028675,-54.93917523615893,False,0,68,68,d33bdfd740fa55447891e23d0f9f184462e209e578ee11ead13ba92741370bb4,7.704326959733178,56.73995288892972,48.14004829759373,48.83331848960548,-56.45089105686622,4,48.83331848960548,48.14004829759373,7.704326959733178,56.73995288892972,True,d33bdfd740fa55447891e23d0f9f184462e209e578ee11ead13ba92741370bb4,d33bdfd740fa55447891e23d0f9f184462e209e578ee11ead13ba92741370bb4,True,0,,0.1992745434231935,-0.09959966412451848,-0.01654479470506942,0.21515043008135137,7edddca3254a50851d615c925e889b9ef472bd04434313786b12d150afcaaab0,True,True,True,True
480.0,LOW,7,False,5a99ac75bcec146179713fb146d961ea005416b6cbbad9cc193cf7d9d300df9b,c9aec6880e4180227f8c8b216846153f1ef27465076ca88bf98b61f91f39daae,2026-07-25T21:56:00.720168+00:00,jobs/fast64_v2/p4_event_noise_mc200_low/mc200_on_s043_low_w4.spice,8.881784197001252e-16,1.4210854715202004e-14,7.105427357601002e-15,2.1316282072803006e-14,0.0,0,102.97245467407629,218750.0,222,,True,PASS_FIRST_CONVERSION_DETERMINISTIC,FAST64_STARTUP_INCLUSIVE_W0,3.0,0,MC200_ON_S043_LOW_W4,logs/fast64_v2/p4_event_noise_mc200_low/mc200_on_s043_low_w4.log,325.5010000000001,0.05,325.49795588235355,FAST64_V2_FIRST_CONVERSION_SEPARATED,818f62f8afc0971c265f254fa7161f02e3f5004c9dae91e3b6aa55a2d8b6f95d,43,0,64,e00ea6e415b7a0c9530335794bbe3aad391eae51f2ac1498a28eb647c8a38b86,ON,995f6b22124b166bacd241c21ef84070f323d1aa8a670a790bc43c805557d2b9,100043,PASS_FAST64_COMPLETE,269400,P4_EVENT_NOISE_MC200_LOW,0.7853981633974483,True,TT_3P3_27C,67,4,0,MAIN_MC200_LOW,222,False,0,COMPLETE,0,7.615219447182765,True,-90.2510205544331,-66.14413245798586,FAST64_SS_W4,True,False,55.02170826464558,47.60362107204024,True,48.844637126004244,-53.649432176860834,False,0,68,68,cb7e0134bb08326679b1dffdc1eee21c91128cd0d6811bfe447626a6efcfe839,7.615219447182764,55.02170826464557,47.603621072040234,48.84463712600422,-53.649432176860834,4,48.84463712600422,47.603621072040234,7.615219447182764,55.02170826464557,True,cb7e0134bb08326679b1dffdc1eee21c91128cd0d6811bfe447626a6efcfe839,cb7e0134bb08326679b1dffdc1eee21c91128cd0d6811bfe447626a6efcfe839,True,0,,2.1316282072803006e-14,7.105427357601002e-15,8.881784197001252e-16,1.4210854715202004e-14,c9aec6880e4180227f8c8b216846153f1ef27465076ca88bf98b61f91f39daae,True,True,True,True
480.0,LOW,7,False,c89ed635ccd8be90de6b37c9b57c5aa7917dc7bf1eb832d0bdfb8a94e7588407,8687a6e785074b9f04080664a614025462ff3f475a97edfb4220a1e8354f13af,2026-07-25T21:57:36.564057+00:00,jobs/fast64_v2/p4_event_noise_mc200_low/mc200_on_s044_low_w4.spice,-0.010226549574265498,-0.560544865621047,-0.061563828437080304,0.114512010611584,0.7859894606781381,0,125.97221246303525,218750.0,228,,True,PASS_FIRST_CONVERSION_DETERMINISTIC,FAST64_STARTUP_INCLUSIVE_W0,3.0,0,MC200_ON_S044_LOW_W4,logs/fast64_v2/p4_event_noise_mc200_low/mc200_on_s044_low_w4.log,325.5000000000034,0.05,325.49688235294184,FAST64_V2_FIRST_CONVERSION_SEPARATED,bd8f468dc79eb35b437943275f6634b635ba84c01b70b7d2934421b2aa0f3227,44,0,64,298ddc3a1e0cf8cd7146a7c83c203ac3cd765ace6bf4117ac05c781d6ad1ed59,ON,cd3cd754ce17c573a473c44a29d2bbcbbe71eac6db0725a8c9a7da0d4b29bfe7,100044,FAIL_STEADY_STATE_DYNAMIC,269216,P4_EVENT_NOISE_MC200_LOW,0.7853981633974483,True,TT_3P3_27C,67,4,0,MAIN_MC200_LOW,228,False,1,COMPLETE_WITH_FAIL,0,6.518854325100221,False,-57.938721392107134,-53.411114793638816,FAST64_SS_W4,True,False,49.97230840925369,41.00350303710332,False,42.03919049362531,-47.73661648496703,False,0,68,68,6a98518ae72646f233191e171c80073592bd1f14ad7fce7d40fca5f98ccf1926,6.529080874674486,50.53285327487474,41.0650668655404,41.92467848301373,-48.52260594564517,4,41.92467848301373,41.0650668655404,6.529080874674486,50.53285327487474,False,6a98518ae72646f233191e171c80073592bd1f14ad7fce7d40fca5f98ccf1926,6a98518ae72646f233191e171c80073592bd1f14ad7fce7d40fca5f98ccf1926,True,0,,0.114512010611584,-0.061563828437080304,-0.010226549574265498,-0.560544865621047,8687a6e785074b9f04080664a614025462ff3f475a97edfb4220a1e8354f13af,True,True,True,True
480.0,LOW,7,False,2522ff6ef83c98fed077964b5432adeb169e8d40ae964dc4e692c10fbaeb43e4,03b8944829769141de61e64083e4de92992f67c6cebfcde6c74c6cb90fb314dc,2026-07-25T21:58:27.459841+00:00,jobs/fast64_v2/p4_event_noise_mc200_low/mc200_on_s045_low_w4.spice,-5.329070518200751e-15,0.0,-3.552713678800501e-14,-4.263256414560601e-14,2.842170943040401e-14,0,165.51366603001952,218750.0,222,,True,PASS_FIRST_CONVERSION_DETERMINISTIC,FAST64_STARTUP_INCLUSIVE_W0,3.0,0,MC200_ON_S045_LOW_W4,logs/fast64_v2/p4_event_noise_mc200_low/mc200_on_s045_low_w4.log,325.5099999999999,0.05,325.49900000000065,FAST64_V2_FIRST_CONVERSION_SEPARATED,232d71d1ea6d74cb97b2c4fd925ecaf6c981525f289c5b780d0e960dc2f3eb95,45,0,64,78c09ac0e33126484b9a87485df9031e045082abda9a7ab669efb0fcc3d1314d,ON,cda7d62a336286878e472cbe12c2e11c9a13a1babc0986af5ed391d167ab22d9,100045,FAIL_STEADY_STATE_DYNAMIC,269420,P4_EVENT_NOISE_MC200_LOW,0.7853981633974483,True,TT_3P3_27C,67,4,0,MAIN_MC200_LOW,222,False,0,COMPLETE_WITH_FAIL,0,7.467435481885925,False,-56.08227124603077,-59.33384090773744,FAST64_SS_W4,True,False,56.08227124603077,46.71396160095326,True,48.29190165290116,-51.87600765576961,False,0,68,68,4ac12d027be17154f0402501eb75739d49d50d5283868c93be3635dccbdb5d04,7.46743548188593,56.08227124603077,46.7139616009533,48.2919016529012,-51.87600765576964,4,48.2919016529012,46.7139616009533,7.46743548188593,56.08227124603077,False,4ac12d027be17154f0402501eb75739d49d50d5283868c93be3635dccbdb5d04,4ac12d027be17154f0402501eb75739d49d50d5283868c93be3635dccbdb5d04,True,0,,-4.263256414560601e-14,-3.552713678800501e-14,-5.329070518200751e-15,0.0,03b8944829769141de61e64083e4de92992f67c6cebfcde6c74c6cb90fb314dc,True,True,True,True
480.0,LOW,7,False,2d75ed4460fe3fdd3963fa88a778ea94c2759a50bcc8c9d26dccdd6a73877669,a1c35fadcf4592fd675325ce06ac0942883a31a5ce233515ec3a12329843bb7f,2026-07-25T21:57:19.891690+00:00,jobs/fast64_v2/p4_event_noise_mc200_low/mc200_on_s046_low_w4.spice,0.0,-2.2026824808563106e-13,0.0,-1.4210854715202004e-14,-2.1316282072803006e-14,0,79.15357561898418,218750.0,225,,True,PASS_FIRST_CONVERSION_DETERMINISTIC,FAST64_STARTUP_INCLUSIVE_W0,3.0,0,MC200_ON_S046_LOW_W4,logs/fast64_v2/p4_event_noise_mc200_low/mc200_on_s046_low_w4.log,325.51000000000073,0.05,325.49995588235356,FAST64_V2_FIRST_CONVERSION_SEPARATED,46c50ca49835bb0ebc25c130cb35ce52d7ba9b43c970e63e4dea751359abfa03,46,0,64,b714b07b288ff9e602ff65e018ae922c64fb0a52eb8d9532bd223146e59a6120,ON,ce206aace0a3874b3a0a57ded9b019b4af40a4920a59a1ed0ea6acbbacbecc79,100046,PASS_FAST64_COMPLETE,269584,P4_EVENT_NOISE_MC200_LOW,0.7853981633974483,True,TT_3P3_27C,67,4,0,MAIN_MC200_LOW,225,False,0,COMPLETE,0,7.742089292322035,True,-58.90357366712895,-66.97738737566512,FAST64_SS_W4,True,True,57.04193292138548,48.367377539778644,True,49.93655260662446,-53.549496181565324,False,0,68,68,b7a112ebc173dcbc30826316aa33c3045bcf7e61e66cb89b7d50f08ec747df4f,7.742089292322035,57.0419329213857,48.367377539778644,49.936552606624474,-53.5494961815653,4,49.936552606624474,48.367377539778644,7.742089292322035,57.0419329213857,True,b7a112ebc173dcbc30826316aa33c3045bcf7e61e66cb89b7d50f08ec747df4f,b7a112ebc173dcbc30826316aa33c3045bcf7e61e66cb89b7d50f08ec747df4f,True,0,,-1.4210854715202004e-14,0.0,0.0,-2.2026824808563106e-13,a1c35fadcf4592fd675325ce06ac0942883a31a5ce233515ec3a12329843bb7f,True,True,True,True
480.0,LOW,7,False,042c14478f26e59038897891e6010a561779be4f2b815485788e8370e45b9b7c,43db10118b70bd8cfc3f97659db8ccb22203061d44399fdc8831da6434e84fbc,2026-07-25T21:58:10.557005+00:00,jobs/fast64_v2/p4_event_noise_mc200_low/mc200_on_s047_low_w4.spice,0.01743993705053537,1.1623099880899161,0.10498842104422579,0.2860328790141793,2.9105130854398595,0,125.79686028405558,218750.0,222,,True,PASS_FIRST_CONVERSION_DETERMINISTIC,FAST64_STARTUP_INCLUSIVE_W0,3.0,0,MC200_ON_S047_LOW_W4,logs/fast64_v2/p4_event_noise_mc200_low/mc200_on_s047_low_w4.log,325.51000000000073,0.05,325.4993088235301,FAST64_V2_FIRST_CONVERSION_SEPARATED,4b79e529f5ea4d8e31db266aff52e1f39b05f591058048c74d3591d81bb9b8ee,47,0,64,334b017f0ad1b7f2322a96bc0871d9f19b134babd159bd14ed9aa609c700eae8,ON,a99e0e6b132a39c6ea8c4859781b2464e2d46953035175d0acf88e3ec06c08cf,100047,PASS_FAST64_COMPLETE,269268,P4_EVENT_NOISE_MC200_LOW,0.7853981633974483,True,TT_3P3_27C,67,4,0,MAIN_MC200_LOW,222,False,1,COMPLETE,0,7.668315162154872,True,-65.97853110832295,-65.28406419423573,FAST64_SS_W4,True,True,56.9260387241184,47.92325727617233,True,48.2776926658532,-58.98174210849159,False,0,68,68,57bb79c88e495b45c08001bc78df659e39b4d00fd249bc27ea8471a6faa63a6f,7.650875225104337,55.76372873602848,47.8182688551281,47.99165978683902,-61.89225519393145,4,47.99165978683902,47.8182688551281,7.650875225104337,55.76372873602848,True,57bb79c88e495b45c08001bc78df659e39b4d00fd249bc27ea8471a6faa63a6f,57bb79c88e495b45c08001bc78df659e39b4d00fd249bc27ea8471a6faa63a6f,True,0,,0.2860328790141793,0.10498842104422579,0.01743993705053537,1.1623099880899161,43db10118b70bd8cfc3f97659db8ccb22203061d44399fdc8831da6434e84fbc,True,True,True,True
480.0,LOW,7,False,7ded8319929c386a77c6586bf74025ab12a7554a4bb1da7c74e507c365aaf00c,5ecbb1d5bd0ef5b6c4685552a3a12266391291c3beb8197e448d1c9d993d2036,2026-07-25T21:59:39.377650+00:00,jobs/fast64_v2/p4_event_noise_mc200_low/mc200_on_s048_low_w4.spice,0.005441510411261952,-0.11449814009840509,0.03275789267579654,-0.1388176170426192,-0.8821232460625623,0,139.47196318092756,218750.0,224,,True,PASS_FIRST_CONVERSION_DETERMINISTIC,FAST64_STARTUP_INCLUSIVE_W0,3.0,0,MC200_ON_S048_LOW_W4,logs/fast64_v2/p4_event_noise_mc200_low/mc200_on_s048_low_w4.log,325.5099999999999,0.05,325.49975000000063,FAST64_V2_FIRST_CONVERSION_SEPARATED,f1c4000f5809feac7dfc786f8991c9ca428ae080ded34b3a3ffa4cdb2513686b,48,0,64,2bcb15aa7c8d7f7630fadabfa5e11fdf33a7630906e497c61378f51a20da49ad,ON,6e55a70b5b3b26cd4a17f8533697db354649601a8e3f05874af608ddef5dea06,100048,PASS_FAST64_COMPLETE,269376,P4_EVENT_NOISE_MC200_LOW,0.7853981633974483,True,TT_3P3_27C,67,4,0,MAIN_MC200_LOW,224,False,1,COMPLETE,0,7.605596049015416,True,-63.30825632234168,-75.21298231014558,FAST64_SS_W4,True,False,56.17623992097607,47.5456882150728,True,48.2620372512958,-55.7255368809227,False,0,68,68,9ca8c09bb9758ba46a02759bedc5888d962ab74cc6275380c77a8c96f30de8cc,7.600154538604154,56.29073806107448,47.512930322397004,48.40085486833842,-54.843413634860134,4,48.40085486833842,47.512930322397004,7.600154538604154,56.29073806107448,True,9ca8c09bb9758ba46a02759bedc5888d962ab74cc6275380c77a8c96f30de8cc,9ca8c09bb9758ba46a02759bedc5888d962ab74cc6275380c77a8c96f30de8cc,True,0,,-0.1388176170426192,0.03275789267579654,0.005441510411261952,-0.11449814009840509,5ecbb1d5bd0ef5b6c4685552a3a12266391291c3beb8197e448d1c9d993d2036,True,True,True,True
480.0,LOW,7,False,23103296a9795fe6462362c49f89d8d68eaf4649491daabcf17683b4636e03dc,b12ac0dd060e5b052c3cd21db695558ed5968433ad821b86aaa3bacd3a0f80d6,2026-07-25T22:00:35.735344+00:00,jobs/fast64_v2/p4_event_noise_mc200_low/mc200_on_s049_low_w4.spice,0.007059294823684503,-0.98382697645566,0.04249695483858318,0.032324688161672555,-0.06519543765252678,0,179.16221128799953,218750.0,223,,True,PASS_FIRST_CONVERSION_DETERMINISTIC,FAST64_STARTUP_INCLUSIVE_W0,3.0,0,MC200_ON_S049_LOW_W4,logs/fast64_v2/p4_event_noise_mc200_low/mc200_on_s049_low_w4.log,325.5099999999999,0.05,325.5002500000006,FAST64_V2_FIRST_CONVERSION_SEPARATED,b88ce3460154f98c6170acb4313b453c91ab967e294f3c761519e1e98a5e893a,49,0,64,1a5b7b8c58ff07f9d211673a50d289f13d6d34787b77dbfb9eaa4746049a7ab0,ON,204cc6b0c58eae3869c95a83091aea55aec44d7d0fcd0336ab5af9c025d7d2f9,100049,PASS_FAST64_COMPLETE,269568,P4_EVENT_NOISE_MC200_LOW,0.7853981633974483,True,TT_3P3_27C,67,4,0,MAIN_MC200_LOW,223,False,1,COMPLETE,0,7.805776069370201,True,-59.233940471007784,-61.371469543180986,FAST64_SS_W4,True,True,56.654307844192175,48.750771937608604,True,50.353818998080904,-53.85604924713181,False,0,68,68,1672819e8c1964e98c222fd5cbb144a1e04cc99091ef9ceec51d07274d94fe04,7.7987167745465165,57.638134820647835,48.70827498277002,50.32149430991923,-53.79085380947928,4,50.32149430991923,48.70827498277002,7.7987167745465165,57.638134820647835,True,1672819e8c1964e98c222fd5cbb144a1e04cc99091ef9ceec51d07274d94fe04,1672819e8c1964e98c222fd5cbb144a1e04cc99091ef9ceec51d07274d94fe04,True,0,,0.032324688161672555,0.04249695483858318,0.007059294823684503,-0.98382697645566,b12ac0dd060e5b052c3cd21db695558ed5968433ad821b86aaa3bacd3a0f80d6,True,True,True,True
480.0,LOW,7,False,070b889839bffc1af0feae4ed83ebf4fb397e0937108d9f335bd7d3fdcf04933,6f44dabd9807788f7ea8d0ce438dc385bfd5eca057870bd6fc9ec344eb3de700,2026-07-25T21:59:26.222634+00:00,jobs/fast64_v2/p4_event_noise_mc200_low/mc200_on_s050_low_w4.spice,7.105427357601002e-15,-2.5579538487363607e-13,4.263256414560601e-14,2.842170943040401e-14,-4.263256414560601e-14,0,75.6488113780506,218750.0,226,,True,PASS_FIRST_CONVERSION_DETERMINISTIC,FAST64_STARTUP_INCLUSIVE_W0,3.0,0,MC200_ON_S050_LOW_W4,logs/fast64_v2/p4_event_noise_mc200_low/mc200_on_s050_low_w4.log,325.51000000000073,0.05,325.4998088235301,FAST64_V2_FIRST_CONVERSION_SEPARATED,983e9aabdfa777d33d569140c6c6f6641c720a4ec11fe34582faabe8fa376326,50,0,64,69c27731b2e7077e18780cca127239f713234dbb57eb6097c8611d5515297816,ON,0eda4209fb08d99ff3f872ecbf1b869d32b61e5e8724022164d11d8c4b1e83aa,100050,PASS_FAST64_COMPLETE,269340,P4_EVENT_NOISE_MC200_LOW,0.7853981633974483,True,TT_3P3_27C,67,4,0,MAIN_MC200_LOW,226,False,0,COMPLETE,0,7.75465363846663,True,-68.43985582772275,-66.82909779044618,FAST64_SS_W4,True,True,57.46613817971283,48.44301490356911,True,48.785257702955334,-59.64751251998821,False,0,68,68,c4a170726b6cf91d22965a363460a79a62e9fc61c35e43dadde8afd3884ab78c,7.754653638466623,57.466138179713084,48.443014903569065,48.785257702955306,-59.64751251998817,4,48.785257702955306,48.443014903569065,7.754653638466623,57.466138179713084,True,c4a170726b6cf91d22965a363460a79a62e9fc61c35e43dadde8afd3884ab78c,c4a170726b6cf91d22965a363460a79a62e9fc61c35e43dadde8afd3884ab78c,True,0,,2.842170943040401e-14,4.263256414560601e-14,7.105427357601002e-15,-2.5579538487363607e-13,6f44dabd9807788f7ea8d0ce438dc385bfd5eca057870bd6fc9ec344eb3de700,True,True,True,True
480.0,LOW,7,False,b56dd57cfe2b1a50eba9fcd8edfa9b9becb3285a176dfe82900c59408110f3d9,6677cd31bb5dae5c73e3a26c8c46b629c86321fa709705029e8255d864aa3c2c,2026-07-25T22:00:26.606272+00:00,jobs/fast64_v2/p4_event_noise_mc200_low/mc200_on_s051_low_w4.spice,0.01657913183304771,0.985477062384021,0.09980637363494793,0.024795062609612728,-0.3386885646272617,0,119.1335514880484,218750.0,223,,True,PASS_FIRST_CONVERSION_DETERMINISTIC,FAST64_STARTUP_INCLUSIVE_W0,3.0,0,MC200_ON_S051_LOW_W4,logs/fast64_v2/p4_event_noise_mc200_low/mc200_on_s051_low_w4.log,325.51000000000073,0.05,325.50002941176535,FAST64_V2_FIRST_CONVERSION_SEPARATED,548a2ecfa0bd76be308d4cf2e0c90a7cc13989525f60d8c9cd51ff2a89ce3ec3,51,0,64,07d53d110831aeee8c535ce2e08e50ed26341357d84d5e46df25acb20756aeaa,ON,d395e08fd171f10dc094ef7f01fa1dcbc16f6069c333f5e3f4110a46aee6510c,100051,PASS_FAST64_COMPLETE,269528,P4_EVENT_NOISE_MC200_LOW,0.7853981633974483,True,TT_3P3_27C,67,4,0,MAIN_MC200_LOW,223,False,1,COMPLETE,0,7.636685925754621,True,-62.84751774244829,-70.17716691728319,FAST64_SS_W4,True,False,55.157517881670294,47.73284927304282,True,48.881726921034044,-54.0697373368251,False,0,68,68,d5218103dda41602339d8302a4fdd9b6ea211c0c2b52ae31c4a793b492f82ece,7.620106793921574,54.17204081928627,47.63304289940787,48.85693185842443,-53.73104877219784,4,48.85693185842443,47.63304289940787,7.620106793921574,54.17204081928627,True,d5218103dda41602339d8302a4fdd9b6ea211c0c2b52ae31c4a793b492f82ece,d5218103dda41602339d8302a4fdd9b6ea211c0c2b52ae31c4a793b492f82ece,True,0,,0.024795062609612728,0.09980637363494793,0.01657913183304771,0.985477062384021,6677cd31bb5dae5c73e3a26c8c46b629c86321fa709705029e8255d864aa3c2c,True,True,True,True
480.0,LOW,7,False,1d2f101f6963dbf3d2ad28878585a54c15905850519e98ce44105e8c2dc8d94e,7cf77cfad0e17321bf7d4558ec90e6429beba3e244b11a62bb0a8101b762d3b0,2026-07-25T22:01:40.516155+00:00,jobs/fast64_v2/p4_event_noise_mc200_low/mc200_on_s052_low_w4.spice,0.030082145713534736,-1.0140531377188395,0.18109451719548275,0.40007648987090505,1.7230736784745915,0,134.27835069899447,218750.0,224,,True,PASS_FIRST_CONVERSION_DETERMINISTIC,FAST64_STARTUP_INCLUSIVE_W0,3.0,0,MC200_ON_S052_LOW_W4,logs/fast64_v2/p4_event_noise_mc200_low/mc200_on_s052_low_w4.log,325.5099999999999,0.05,325.4987352941183,FAST64_V2_FIRST_CONVERSION_SEPARATED,54681bb792e90046045c9a98398dcb829698bfe043683f661338bd338d794b7d,52,0,64,ca11b8574f34f141f358d3d68200279db49fa3d01dd3754bc91e7dfc23c4fca1,ON,49f45a2b21eb0c8e3af7ed20e6865488f5c69ee62f163c135d726cc9c7636652,100052,PASS_FAST64_COMPLETE,269332,P4_EVENT_NOISE_MC200_LOW,0.7853981633974483,True,TT_3P3_27C,67,4,0,MAIN_MC200_LOW,224,False,1,COMPLETE,0,7.673106593108822,True,-73.46669175087892,-60.04541261761386,FAST64_SS_W4,True,True,57.053705830092,47.95210169051511,True,48.54277761827408,-56.90844319783509,False,0,68,68,b822559c64df23066114daaa46dc75068f421b6c1a90fa28ef5c7bc5516e6bc2,7.6430244473952875,58.06775896781084,47.771007173319624,48.142701128403175,-58.63151687630968,4,48.142701128403175,47.771007173319624,7.6430244473952875,58.06775896781084,True,b822559c64df23066114daaa46dc75068f421b6c1a90fa28ef5c7bc5516e6bc2,b822559c64df23066114daaa46dc75068f421b6c1a90fa28ef5c7bc5516e6bc2,True,0,,0.40007648987090505,0.18109451719548275,0.030082145713534736,-1.0140531377188395,7cf77cfad0e17321bf7d4558ec90e6429beba3e244b11a62bb0a8101b762d3b0,True,True,True,True
480.0,LOW,7,False,33cd52e2af81ee975fff1effcbc02c100ad43d0a941bcb33ff42b4d228f7df98,cc50ca429a04389e5be0fbc71d6aebbd80e6f729e583f338fa65611395da19cb,2026-07-25T22:01:38.612895+00:00,jobs/fast64_v2/p4_event_noise_mc200_low/mc200_on_s053_low_w4.spice,-0.03860918011223902,-0.39569376296138614,-0.23242726427567817,-0.01553115252101378,1.1149343748529077,0,119.22248098195996,218750.0,227,,True,PASS_FIRST_CONVERSION_DETERMINISTIC,FAST64_STARTUP_INCLUSIVE_W0,3.0,0,MC200_ON_S053_LOW_W4,logs/fast64_v2/p4_event_noise_mc200_low/mc200_on_s053_low_w4.log,325.51000000000033,0.05,325.49997058823595,FAST64_V2_FIRST_CONVERSION_SEPARATED,e52e0a1c4f31e1b19f5f77d0a9d6ba9fe4d91376f6b320fa3e060e638ccc827c,53,0,64,2987b1b49fc71ae4c88fc57c33a86aebf967a57a2a47602afa02514b5deed7b1,ON,c2f303c0ecd35d70e3317ef58ce9c0bb86b47822789f49d575a49cda096fdf14,100053,PASS_FAST64_COMPLETE,269452,P4_EVENT_NOISE_MC200_LOW,0.7853981633974483,True,TT_3P3_27C,67,4,0,MAIN_MC200_LOW,227,False,1,COMPLETE,0,7.51041919856611,True,-65.22960680270015,-56.13715441524103,FAST64_SS_W4,True,False,56.13715441524103,46.97272357536798,False,48.03968014148801,-53.59166116193781,False,0,68,68,2e65c98aafea0e2f42dc9f2bd39bdb51a93ad009d16bd3d6df6aaf70ac9c43b0,7.549028378678349,56.532848178202414,47.20515083964366,48.05521129400903,-54.706595536790715,4,23.556306059036398,23.29699685264964,3.577574228014891,34.906323636043325,False,14b74a0828d07ac08dbfd23e68588b47619f5328af92b0e4ff1182279e6db257,2e65c98aafea0e2f42dc9f2bd39bdb51a93ad009d16bd3d6df6aaf70ac9c43b0,False,2,0/1,24.483374082451615,23.675726722718338,3.932844970551219,21.230830779197703,cc50ca429a04389e5be0fbc71d6aebbd80e6f729e583f338fa65611395da19cb,True,True,True,True
480.0,LOW,7,False,721bbd309fbf9624efd086e26f6c910eade03fe6cb708501e3856c4620f7c373,ca21529fd2565e4a12bb705770345e9db0ef5adf523eaa117875a91a843aee80,2026-07-25T22:03:00.763189+00:00,jobs/fast64_v2/p4_event_noise_mc200_low/mc200_on_s054_low_w4.spice,2.6645352591003757e-15,-3.552713678800501e-14,1.4210854715202004e-14,-7.105427357601002e-15,-8.526512829121202e-14,0,154.14192963403184,218750.0,222,,True,PASS_FIRST_CONVERSION_DETERMINISTIC,FAST64_STARTUP_INCLUSIVE_W0,3.0,0,MC200_ON_S054_LOW_W4,logs/fast64_v2/p4_event_noise_mc200_low/mc200_on_s054_low_w4.log,325.51000000000073,0.05,325.4997647058831,FAST64_V2_FIRST_CONVERSION_SEPARATED,22b0d1842d8aad1a09b34bdab6eb8812299d269650338754f03a45c7d64c276d,54,0,64,15150fc56b0369abea99d6f70cfbe2c980b7732d0a60045be818581152744f28,ON,668fbb7b3ab1cd57614934d8b9f01b837126a9b8040cad3ff01a39ea8e96be2e,100054,PASS_FAST64_COMPLETE,269576,P4_EVENT_NOISE_MC200_LOW,0.7853981633974483,True,TT_3P3_27C,67,4,0,MAIN_MC200_LOW,222,False,0,COMPLETE,0,7.789460397113094,True,-68.62747757092376,-66.91578539063998,FAST64_SS_W4,True,True,56.23119870584656,48.65255159062082,True,49.610360113338594,-55.687713954062914,False,0,68,68,5b6d5ec14880262a0505213b835b340e8fe936b4ff11eda6531cedf2492d3688,7.789460397113091,56.231198705846595,48.6525515906208,49.6103601133386,-55.68771395406283,4,49.6103601133386,48.6525515906208,7.789460397113091,56.231198705846595,True,5b6d5ec14880262a0505213b835b340e8fe936b4ff11eda6531cedf2492d3688,5b6d5ec14880262a0505213b835b340e8fe936b4ff11eda6531cedf2492d3688,True,0,,-7.105427357601002e-15,1.4210854715202004e-14,2.6645352591003757e-15,-3.552713678800501e-14,ca21529fd2565e4a12bb705770345e9db0ef5adf523eaa117875a91a843aee80,True,True,True,True
480.0,LOW,7,False,9a90cd97031fda4c4625e92e9889a23483f44f8ae996e8bf2b712e6f9f208d8f,ef59c2390418292f322ac9d01ddce6315ef04e5904d44e7e38891dd9c19fb36a,2026-07-25T22:03:36.305256+00:00,jobs/fast64_v2/p4_event_noise_mc200_low/mc200_on_s055_low_w4.spice,7.105427357601002e-15,1.4210854715202004e-13,4.263256414560601e-14,4.973799150320701e-14,-5.684341886080802e-14,0,180.5617729559308,218750.0,225,,True,PASS_FIRST_CONVERSION_DETERMINISTIC,FAST64_STARTUP_INCLUSIVE_W0,3.0,0,MC200_ON_S055_LOW_W4,logs/fast64_v2/p4_event_noise_mc200_low/mc200_on_s055_low_w4.log,325.51000000000033,0.05,325.4996176470595,FAST64_V2_FIRST_CONVERSION_SEPARATED,836d091212e1fb4d4c4e1ade90ae4f222389bed203c393c9a7b1bf35436de251,55,0,64,9d65ec658bcd9e33c4568c00ef38631d98430e85f59a9df3b4ed8cdb49f77455,ON,139e5e03b74999db44c362ed5cbf1c33be5ef017119f1dd804a64a69bf7b71f6,100055,PASS_FAST64_COMPLETE,269680,P4_EVENT_NOISE_MC200_LOW,0.7853981633974483,True,TT_3P3_27C,67,4,0,MAIN_MC200_LOW,225,False,0,COMPLETE,0,7.5817901862095445,True,-63.186214290425305,-62.701707817306236,FAST64_SS_W4,True,False,54.3281812034443,47.40237692098145,False,48.09120859669924,-55.738953429932884,False,0,68,68,72bdb6ffa830e2e3095a1944783b570652b94e9db1a18acd7a614ebe10e1fdd0,7.581790186209537,54.32818120344416,47.40237692098141,48.09120859669919,-55.73895342993283,4,48.09120859669919,47.40237692098141,7.581790186209537,54.32818120344416,True,72bdb6ffa830e2e3095a1944783b570652b94e9db1a18acd7a614ebe10e1fdd0,72bdb6ffa830e2e3095a1944783b570652b94e9db1a18acd7a614ebe10e1fdd0,True,0,,4.973799150320701e-14,4.263256414560601e-14,7.105427357601002e-15,1.4210854715202004e-13,ef59c2390418292f322ac9d01ddce6315ef04e5904d44e7e38891dd9c19fb36a,True,True,True,True
480.0,LOW,7,False,1bcc23075ce302f0c3b873fd64710d4893bf801e95325ad40c12ac3e9a723d69,7ae960f136ff4730278272159ed6cb187cf0cd775524a83e9a7948bdb768479e,2026-07-25T22:03:28.202865+00:00,jobs/fast64_v2/p4_event_noise_mc200_low/mc200_on_s056_low_w4.spice,-0.007691154868846972,0.9620471522914045,-0.04630075231045794,-0.304501336637216,-1.0249929775428654,0,109.56789382803254,218750.0,221,,True,PASS_FIRST_CONVERSION_DETERMINISTIC,FAST64_STARTUP_INCLUSIVE_W0,3.0,0,MC200_ON_S056_LOW_W4,logs/fast64_v2/p4_event_noise_mc200_low/mc200_on_s056_low_w4.log,325.51000000000073,0.05,325.5003676470595,FAST64_V2_FIRST_CONVERSION_SEPARATED,dbc12f8d23735cfd846a80712ef4cdeebf9146a700861280d8dda0bf8dcbfa0c,56,0,64,1d97742246409afb7253e76153b0cc5b9ffc8f2e8fce34101561c10f21f74d18,ON,c3fc20e70be457a01f5cec64558d1979a9659e571d3a69efe258c557a5484e69,100056,PASS_FAST64_COMPLETE,269536,P4_EVENT_NOISE_MC200_LOW,0.7853981633974483,True,TT_3P3_27C,67,4,0,MAIN_MC200_LOW,222,False,1,COMPLETE,0,7.512594884005699,True,-65.74839611755388,-67.11705113993784,FAST64_SS_W4,True,False,56.185025517065974,46.9858212017143,False,47.80043971682551,-54.655065990704884,False,0,68,68,46aaa0bf6b1c5ba9a1b43d9ac410d2a062f0e7008c72354fc7efe0cf882b971f,7.520286038874546,55.22297836477457,47.03212195402476,48.104941053462724,-53.63007301316202,4,48.104941053462724,47.03212195402476,7.520286038874546,55.22297836477457,True,46aaa0bf6b1c5ba9a1b43d9ac410d2a062f0e7008c72354fc7efe0cf882b971f,46aaa0bf6b1c5ba9a1b43d9ac410d2a062f0e7008c72354fc7efe0cf882b971f,True,0,,-0.304501336637216,-0.04630075231045794,-0.007691154868846972,0.9620471522914045,7ae960f136ff4730278272159ed6cb187cf0cd775524a83e9a7948bdb768479e,True,True,True,True
480.0,LOW,7,False,ba9b044e4f1a2e4511c941fc0ff5b124b6ab4b783a01c3e7feb5e5a43508ac65,093563e5a90b943e845d29475e56a3084aee2b80e5dd217c491cb8feeb93b334,2026-07-25T22:05:07.417085+00:00,jobs/fast64_v2/p4_event_noise_mc200_low/mc200_on_s057_low_w4.spice,-0.024071040438733426,-0.07308088709036298,-0.1449076634411739,-0.11806048364298505,0.5542330140584681,0,206.88695174304303,218750.0,221,,True,PASS_FIRST_CONVERSION_DETERMINISTIC,FAST64_STARTUP_INCLUSIVE_W0,3.0,0,MC200_ON_S057_LOW_W4,logs/fast64_v2/p4_event_noise_mc200_low/mc200_on_s057_low_w4.log,325.51000000000073,0.05,325.4988382352948,FAST64_V2_FIRST_CONVERSION_SEPARATED,634d664e05f181552526e0a948f7dba4cf7779fcb0ddd1193370c4d20391c179,57,0,64,cd596df7c7381c21c6595c4bedb8ad3f21ba306472f77eef6482fb26dfb9197a,ON,a81ecbbcc44e775193d4a3a408492e9edb9ecd7ab2cdc300e71976ed7126878a,100057,PASS_FAST64_COMPLETE,269588,P4_EVENT_NOISE_MC200_LOW,0.7853981633974483,True,TT_3P3_27C,67,4,0,MAIN_MC200_LOW,221,False,1,COMPLETE,0,7.543230802320758,True,-65.10769892069936,-66.26929949948762,FAST64_SS_W4,True,False,56.15184588539211,47.17024942997096,False,47.45978744722849,-59.07500132542545,False,0,68,68,8c9a20391a9813933f7002233fded61b6c723798fd3e4e1920099937fc268fab,7.567301842759491,56.224926772482476,47.31515709341213,47.57784793087148,-59.629234339483915,4,47.57784793087148,47.31515709341213,7.567301842759491,56.224926772482476,True,8c9a20391a9813933f7002233fded61b6c723798fd3e4e1920099937fc268fab,8c9a20391a9813933f7002233fded61b6c723798fd3e4e1920099937fc268fab,True,0,,-0.11806048364298505,-0.1449076634411739,-0.024071040438733426,-0.07308088709036298,093563e5a90b943e845d29475e56a3084aee2b80e5dd217c491cb8feeb93b334,True,True,True,True
480.0,LOW,7,False,e1671ae81effd7a13a20f24df9d81b44f3a324c49847ff852ad8ceef0e3682e1,dd8a9306aa39f7ee2d39cd936e0fc7b613cf05360d12b14aed90a74f84189354,2026-07-25T22:04:59.428377+00:00,jobs/fast64_v2/p4_event_noise_mc200_low/mc200_on_s058_low_w4.spice,0.007112970422638476,1.3836307786822744,0.04282008194428499,0.15601161510539896,2.4985963426223776,0,118.65015483996831,218750.0,225,,True,PASS_FIRST_CONVERSION_DETERMINISTIC,FAST64_STARTUP_INCLUSIVE_W0,3.0,0,MC200_ON_S058_LOW_W4,logs/fast64_v2/p4_event_noise_mc200_low/mc200_on_s058_low_w4.log,325.5099999999999,0.05,325.499764705883,FAST64_V2_FIRST_CONVERSION_SEPARATED,c43a7b9cc542afb5a8d07211d1589278e69d87be9a6a41d899dc0bb85cd07282,58,0,64,a531f5756a54c8cee9c7bb09ed4bb7360f11b0d5366e3eccab5d6fa43bdac649,ON,bd47d7ae79afd13921fb8d23ad7e7d9908578ec5048ee5d1f8a8142a0f64c8a7,100058,PASS_FAST64_COMPLETE,269448,P4_EVENT_NOISE_MC200_LOW,0.7853981633974483,True,TT_3P3_27C,67,4,0,MAIN_MC200_LOW,224,False,1,COMPLETE,0,7.673419730239531,True,-67.66578283804341,-74.84080136788208,FAST64_SS_W4,True,True,56.578232875868764,47.95398677604197,True,48.20543748610736,-60.45241998664682,False,0,68,68,3755aed05d876ee40ef84f55c19e0d999fcb391cd00c070df79b0246b9acb51e,7.666306759816893,55.19460209718649,47.91116669409769,48.04942587100196,-62.951016329269194,4,48.04942587100196,47.91116669409769,7.666306759816893,55.19460209718649,True,3755aed05d876ee40ef84f55c19e0d999fcb391cd00c070df79b0246b9acb51e,3755aed05d876ee40ef84f55c19e0d999fcb391cd00c070df79b0246b9acb51e,True,0,,0.15601161510539896,0.04282008194428499,0.007112970422638476,1.3836307786822744,dd8a9306aa39f7ee2d39cd936e0fc7b613cf05360d12b14aed90a74f84189354,True,True,True,True
480.0,LOW,7,False,8fa2d9a3031d2bd952c3a0363f65302a5f0d123f1ea43e984b81c4515f7440fd,259953045e4a7351c95302a7407ba95216b7892d3506536df442fabb4934c3c4,2026-07-25T22:05:25.488121+00:00,jobs/fast64_v2/p4_event_noise_mc200_low/mc200_on_s059_low_w4.spice,0.0,0.0,0.0,7.105427357601002e-15,7.105427357601002e-15,0,117.2724559949711,218750.0,224,,True,PASS_FIRST_CONVERSION_DETERMINISTIC,FAST64_STARTUP_INCLUSIVE_W0,3.0,0,MC200_ON_S059_LOW_W4,logs/fast64_v2/p4_event_noise_mc200_low/mc200_on_s059_low_w4.log,325.51000000000073,0.05,325.5002941176477,FAST64_V2_FIRST_CONVERSION_SEPARATED,089d6805dd673e18182567c5f946a05d6950e2c07a3104148a19b2070365cc7f,59,0,64,81240aa9e7aa6873f8fde950cffbef14a25667001db61564d93b1922b459b628,ON,de1f6ec891a590a59f04213b8eacb5fe637296afd9b0173f132c7b194f02feed,100059,PASS_FAST64_COMPLETE,269264,P4_EVENT_NOISE_MC200_LOW,0.7853981633974483,True,TT_3P3_27C,67,4,0,MAIN_MC200_LOW,224,False,0,COMPLETE,0,7.758387323788983,True,-60.84716136171142,-62.77001431526536,FAST64_SS_W4,True,True,58.47816615774215,48.46549168920967,True,49.374427763821195,-55.704546015361586,False,0,68,68,1b8d2f894b043d47bc5faec36cf26ca35af93dcb81857bccfc1e94e161d3963d,7.758387323788983,58.47816615774215,48.46549168920967,49.37442776382119,-55.70454601536159,4,49.37442776382119,48.46549168920967,7.758387323788983,58.47816615774215,True,1b8d2f894b043d47bc5faec36cf26ca35af93dcb81857bccfc1e94e161d3963d,1b8d2f894b043d47bc5faec36cf26ca35af93dcb81857bccfc1e94e161d3963d,True,0,,7.105427357601002e-15,0.0,0.0,0.0,259953045e4a7351c95302a7407ba95216b7892d3506536df442fabb4934c3c4,True,True,True,True
480.0,LOW,7,False,4bfa0a47edc8e1e50ad16137d0a5dc7a61a24ce0f1928706a0a94553c12a28b5,b1d36600aee4c1a571154800cf269c90f2b76bc8b85f2d8ea3809c4f5e8c00ba,2026-07-25T22:05:27.703388+00:00,jobs/fast64_v2/p4_event_noise_mc200_low/mc200_on_s060_low_w4.spice,0.0119415090415389,1.40253637276777,0.07188788443006189,-0.3861686295246116,-0.7117625954076203,0,111.379418537952,218750.0,224,,True,PASS_FIRST_CONVERSION_DETERMINISTIC,FAST64_STARTUP_INCLUSIVE_W0,3.0,0,MC200_ON_S060_LOW_W4,logs/fast64_v2/p4_event_noise_mc200_low/mc200_on_s060_low_w4.log,325.51000000000033,0.05,325.4999117647065,FAST64_V2_FIRST_CONVERSION_SEPARATED,9a91ce9b5e0e15f681e7b3b777bd8a4d57a22d1410b101001be37ea6953b1b12,60,0,64,ed7ba98731d740cbbef449b5653851e11382e70857c4d532674ed09e8e9b250f,ON,bcec20f6d4894db9004e4cda6337e8476a6ae407c9c5fc661242569c82d9b88c,100060,PASS_FAST64_COMPLETE,269300,P4_EVENT_NOISE_MC200_LOW,0.7853981633974483,True,TT_3P3_27C,67,4,0,MAIN_MC200_LOW,224,False,1,COMPLETE,0,7.735894917021093,True,-57.074135444630926,-60.20374633119266,FAST64_SS_W4,True,True,57.074135444630926,48.33008740046697,True,50.453492636635495,-52.45613176598226,False,0,68,68,82ed0127724f19f944ea0360dbf605e6925ff1ef58469b1ff2296d1b008678a8,7.723953407979554,55.671599071863156,48.25819951603691,50.83966126616011,-51.74436917057464,4,50.83966126616011,48.25819951603691,7.723953407979554,55.671599071863156,True,82ed0127724f19f944ea0360dbf605e6925ff1ef58469b1ff2296d1b008678a8,82ed0127724f19f944ea0360dbf605e6925ff1ef58469b1ff2296d1b008678a8,True,0,,-0.3861686295246116,0.07188788443006189,0.0119415090415389,1.40253637276777,b1d36600aee4c1a571154800cf269c90f2b76bc8b85f2d8ea3809c4f5e8c00ba,True,True,True,True
480.0,LOW,7,False,8992d5b2ffb762d338dd5615c45ffe65be4c3fc420785e0ea0662ee79fd70159,0bd27dfe082472ad5778a3b2615ccc25e2857057d70de4f3adaa856c5aa4d4e4,2026-07-25T22:07:57.795421+00:00,jobs/fast64_v2/p4_event_noise_mc200_low/mc200_on_s061_low_w4.spice,3.552713678800501e-15,0.0,2.1316282072803006e-14,2.842170943040401e-14,4.263256414560601e-14,0,178.3561112859752,218750.0,223,,True,PASS_FIRST_CONVERSION_DETERMINISTIC,FAST64_STARTUP_INCLUSIVE_W0,3.0,0,MC200_ON_S061_LOW_W4,logs/fast64_v2/p4_event_noise_mc200_low/mc200_on_s061_low_w4.log,325.51000000000033,0.05,325.50027941176535,FAST64_V2_FIRST_CONVERSION_SEPARATED,f60112eaca0b444bfb25b920bae23ff3718e61c85019182a616f4036d82f3850,61,0,64,19c10c3e2f0e0a856c41a3ff3d8484a27635777b3b9ea5d89c12f6b7ebe8a6cb,ON,8cfbd3c1b56604a75310f4223e1b5ef7461da6e373c59f412650bc94c0fb405b,100061,PASS_FAST64_COMPLETE,269616,P4_EVENT_NOISE_MC200_LOW,0.7853981633974483,True,TT_3P3_27C,67,4,0,MAIN_MC200_LOW,223,False,0,COMPLETE,0,7.782625073296748,True,-67.45042698489206,-63.97731304090003,FAST64_SS_W4,True,True,58.348944668449754,48.61140294124642,True,49.387833970984715,-56.47065051492689,False,0,68,68,f9f7a39fabb137387fc9cbb207c506d47fd4e6b31b54ff544ad2438792e67c0b,7.782625073296744,58.348944668449754,48.611402941246396,49.38783397098469,-56.47065051492693,4,49.38783397098469,48.611402941246396,7.782625073296744,58.348944668449754,True,f9f7a39fabb137387fc9cbb207c506d47fd4e6b31b54ff544ad2438792e67c0b,f9f7a39fabb137387fc9cbb207c506d47fd4e6b31b54ff544ad2438792e67c0b,True,0,,2.842170943040401e-14,2.1316282072803006e-14,3.552713678800501e-15,0.0,0bd27dfe082472ad5778a3b2615ccc25e2857057d70de4f3adaa856c5aa4d4e4,True,True,True,True
480.0,LOW,7,False,2042f9ea795acc35d271bcdb65987ebea72c696610337e4f65e033b19d27c9e9,8baeddf86916c188b95a1c6b585d6588e9be95f3cddd77baef4654146470d320,2026-07-25T22:08:07.972392+00:00,jobs/fast64_v2/p4_event_noise_mc200_low/mc200_on_s062_low_w4.spice,3.552713678800501e-15,0.0,2.1316282072803006e-14,1.4210854715202004e-14,-9.947598300641403e-14,0,180.54388014390133,218750.0,225,,True,PASS_FIRST_CONVERSION_DETERMINISTIC,FAST64_STARTUP_INCLUSIVE_W0,3.0,0,MC200_ON_S062_LOW_W4,logs/fast64_v2/p4_event_noise_mc200_low/mc200_on_s062_low_w4.log,325.51000000000073,0.05,325.4992794117654,FAST64_V2_FIRST_CONVERSION_SEPARATED,9899ae233541b370fdcb96a5fef52fd9ffcc80bc57a6100e5429c4aa9a079b16,62,0,64,8a1b6c956f436ff17444e3e56ec32571cf2c62b1a221cfd4309f8a4ff30c7c0f,ON,538a6710b0551aaf9902eda7b2dcb2453acfdf479da537f870a5949e6c5f1361,100062,PASS_FAST64_COMPLETE,269384,P4_EVENT_NOISE_MC200_LOW,0.7853981633974483,True,TT_3P3_27C,67,4,0,MAIN_MC200_LOW,225,False,0,COMPLETE,0,7.864573602191086,True,-69.87288446922355,-72.80297964467971,FAST64_SS_W4,True,True,56.8982516284606,49.10473308519033,True,49.490218543256816,-59.813813351048324,False,0,68,68,e51ec05e6957f89869e989b5b05bc9f8efb2f4a177a88759d0bd5dbf4d01f4cd,7.864573602191083,56.8982516284606,49.10473308519031,49.4902185432568,-59.813813351048225,4,49.4902185432568,49.10473308519031,7.864573602191083,56.8982516284606,True,e51ec05e6957f89869e989b5b05bc9f8efb2f4a177a88759d0bd5dbf4d01f4cd,e51ec05e6957f89869e989b5b05bc9f8efb2f4a177a88759d0bd5dbf4d01f4cd,True,0,,1.4210854715202004e-14,2.1316282072803006e-14,3.552713678800501e-15,0.0,8baeddf86916c188b95a1c6b585d6588e9be95f3cddd77baef4654146470d320,True,True,True,True
480.0,LOW,7,False,6be101e236f7ba08cb4cc2c2265ff5429b1f74b74c07251648e026505324ce41,20965d387b76264a819b624c3b8b5ad3d6aff846c7b345c374dd6466c7768095,2026-07-25T22:07:05.864220+00:00,jobs/fast64_v2/p4_event_noise_mc200_low/mc200_on_s063_low_w4.spice,0.03390331843375716,0.28027911135969674,0.20409797697121945,0.6418980933568221,2.4198896514995596,0,100.3575713901082,218750.0,226,,True,PASS_FIRST_CONVERSION_DETERMINISTIC,FAST64_STARTUP_INCLUSIVE_W0,3.0,0,MC200_ON_S063_LOW_W4,logs/fast64_v2/p4_event_noise_mc200_low/mc200_on_s063_low_w4.log,325.51000000000073,0.05,325.49983823529476,FAST64_V2_FIRST_CONVERSION_SEPARATED,5592d9378d290e78f9eedeb19fd4553716cbe56fdc527fdd030b67589d2c7690,63,0,64,8173f66eb713d17d3c1cdcdee16fea6010a8a2ea71f492577ac952fb05eb00ee,ON,5b634884cb18618102ee4cd8b04d7e9d7c28cea2accde1546bd7541bf20d5d5f,100063,PASS_FAST64_COMPLETE,269660,P4_EVENT_NOISE_MC200_LOW,0.7853981633974483,True,TT_3P3_27C,67,4,0,MAIN_MC200_LOW,226,False,1,COMPLETE,0,7.742468646219266,True,-67.93684275356304,-64.52190199826116,FAST64_SS_W4,True,True,56.73930107401426,48.36966125023998,True,49.2824064313984,-55.59239152151433,False,0,68,68,a7eae18dd7fd0831f62f583c588fb4d8f28a1622a0d92fbe10c0e939f2f53f56,7.708565327785509,56.45902196265456,48.16556327326876,48.64050833804158,-58.01228117301389,4,48.64050833804158,48.16556327326876,7.708565327785509,56.45902196265456,True,a7eae18dd7fd0831f62f583c588fb4d8f28a1622a0d92fbe10c0e939f2f53f56,a7eae18dd7fd0831f62f583c588fb4d8f28a1622a0d92fbe10c0e939f2f53f56,True,0,,0.6418980933568221,0.20409797697121945,0.03390331843375716,0.28027911135969674,20965d387b76264a819b624c3b8b5ad3d6aff846c7b345c374dd6466c7768095,True,True,True,True
480.0,LOW,7,False,0c896def1e6d2735129d8f35fb235d11f00ded054ae543c6a89644a048602e37,ed19c2266486c92aea2662b61e1e5349c9710510e03517c6a94a440f95c45d6b,2026-07-25T22:06:44.260385+00:00,jobs/fast64_v2/p4_event_noise_mc200_low/mc200_on_s064_low_w4.spice,0.0,-7.815970093361102e-14,0.0,-2.842170943040401e-14,-1.1368683772161603e-13,0,76.54172151698731,218750.0,225,,True,PASS_FIRST_CONVERSION_DETERMINISTIC,FAST64_STARTUP_INCLUSIVE_W0,3.0,0,MC200_ON_S064_LOW_W4,logs/fast64_v2/p4_event_noise_mc200_low/mc200_on_s064_low_w4.log,325.51000000000033,0.05,325.49917647058885,FAST64_V2_FIRST_CONVERSION_SEPARATED,0c30cd3894fef4e3a7b341619c0f31369d0732ff60b0cf30b51e241b2dd93aef,64,0,64,f1f405f99bf647473830a8b0cfaa02512865ad09e5f2d81a03a68dbde75cb3b4,ON,46dde5592717647ed8530f07c7676a1ce7f0b42656da8a64a52e6c419d9ac233,100064,PASS_FAST64_COMPLETE,269384,P4_EVENT_NOISE_MC200_LOW,0.7853981633974483,True,TT_3P3_27C,67,4,0,MAIN_MC200_LOW,225,False,0,COMPLETE,0,7.727600714523863,True,-63.91077054152155,-60.21406359179465,FAST64_SS_W4,True,True,53.89740588214871,48.28015630143365,True,49.11771346634553,-55.839905216410706,False,0,68,68,13fa6ee36daa917d393651c470fed02371111d9952555461188732158fd8e07a,7.727600714523863,53.89740588214879,48.28015630143365,49.117713466345556,-55.83990521641059,4,49.117713466345556,48.28015630143365,7.727600714523863,53.89740588214879,True,13fa6ee36daa917d393651c470fed02371111d9952555461188732158fd8e07a,13fa6ee36daa917d393651c470fed02371111d9952555461188732158fd8e07a,True,0,,-2.842170943040401e-14,0.0,0.0,-7.815970093361102e-14,ed19c2266486c92aea2662b61e1e5349c9710510e03517c6a94a440f95c45d6b,True,True,True,True
480.0,LOW,7,False,9fa2f0ebc8a8f2621637be0766faf37e765f38c18fa00b69216ed930d2fc3d17,3228cb8d5c21d113c3c22509479bf04456f92a8e5dd9f15aad33b80de1410d39,2026-07-25T22:08:20.593355+00:00,jobs/fast64_v2/p4_event_noise_mc200_low/mc200_on_s065_low_w4.spice,0.0025124532854983173,-1.0169857902158626,0.015124968778700065,-0.027149702892309335,-0.21297291864649992,0,96.31481574103236,218750.0,229,,True,PASS_FIRST_CONVERSION_DETERMINISTIC,FAST64_STARTUP_INCLUSIVE_W0,3.0,0,MC200_ON_S065_LOW_W4,logs/fast64_v2/p4_event_noise_mc200_low/mc200_on_s065_low_w4.log,325.51000000000033,0.05,325.49970588235357,FAST64_V2_FIRST_CONVERSION_SEPARATED,81b31c359477d6abf8df0ec0340bf4080968961be407641af0758e6803b040c8,65,0,64,c55e23c286f41769614a041a5a31f28d7c73215cb8db984ef6bca06ef3b6cbb7,ON,da917894f97e8f61ba4a722dda79d8b27163134f689bcc966030a9df5917c3ea,100065,FAIL_STEADY_STATE_DYNAMIC,269536,P4_EVENT_NOISE_MC200_LOW,0.7853981633974483,True,TT_3P3_27C,67,4,0,MAIN_MC200_LOW,229,False,1,COMPLETE_WITH_FAIL,0,6.944655407601394,False,-55.192712446525185,-55.67436790556648,FAST64_SS_W4,True,False,52.1524815093504,43.56682555376039,False,44.38688106300571,-51.20981388192669,False,0,68,68,c2a3fd86b66f1698bffc72a84cf956fb19f261032ff258b2e5be8980cdae3d6c,6.942142954315896,53.169467299566264,43.55170058498169,44.41403076589802,-50.99684096328019,4,44.41403076589802,43.55170058498169,6.942142954315896,53.169467299566264,False,c2a3fd86b66f1698bffc72a84cf956fb19f261032ff258b2e5be8980cdae3d6c,c2a3fd86b66f1698bffc72a84cf956fb19f261032ff258b2e5be8980cdae3d6c,True,0,,-0.027149702892309335,0.015124968778700065,0.0025124532854983173,-1.0169857902158626,3228cb8d5c21d113c3c22509479bf04456f92a8e5dd9f15aad33b80de1410d39,True,True,True,True
480.0,LOW,7,False,fec6d9ae25c3291c72f16a6efe5e896f2f7877b2aa690017e5b6da39116b39fa,1db4a12ef099fd2d9afbb5f0e06be1ba2ed2d0f922a60c94e83c6013d92dc26c,2026-07-25T22:10:25.002548+00:00,jobs/fast64_v2/p4_event_noise_mc200_low/mc200_on_s066_low_w4.spice,-1.2434497875801753e-14,1.4921397450962104e-13,-7.815970093361102e-14,-9.947598300641403e-14,-7.105427357601002e-15,0,199.12882392306346,218750.0,225,,True,PASS_FIRST_CONVERSION_DETERMINISTIC,FAST64_STARTUP_INCLUSIVE_W0,3.0,0,MC200_ON_S066_LOW_W4,logs/fast64_v2/p4_event_noise_mc200_low/mc200_on_s066_low_w4.log,325.51000000000073,0.05,325.5003235294124,FAST64_V2_FIRST_CONVERSION_SEPARATED,256c4f1fd5845ba9eb601cc6f35630cd254a1ae0d6ccfaec0d89a08486584e69,66,0,64,38b07ed9fced5e879f5847496c18b9db97a99297dda781ea610af24f14fa211e,ON,19bf522231b6044d50739c874f126371a94ff56a1b04df90d9d2b1bc1e9de3b0,100066,PASS_FAST64_COMPLETE,269288,P4_EVENT_NOISE_MC200_LOW,0.7853981633974483,True,TT_3P3_27C,67,4,0,MAIN_MC200_LOW,225,False,0,COMPLETE,0,7.616030422792078,True,-58.889592878157515,-66.2577708077899,FAST64_SS_W4,True,False,57.64835646039706,47.6085031452083,True,48.50831666720502,-54.886962638879915,False,0,68,68,7f7c7d164a5d8103ed40f6592a08185a699eae908f4f0d4dbbad3feee3248ee1,7.6160304227920905,57.64835646039691,47.60850314520838,48.50831666720512,-54.88696263887991,4,48.50831666720512,47.60850314520838,7.6160304227920905,57.64835646039691,True,7f7c7d164a5d8103ed40f6592a08185a699eae908f4f0d4dbbad3feee3248ee1,7f7c7d164a5d8103ed40f6592a08185a699eae908f4f0d4dbbad3feee3248ee1,True,0,,-9.947598300641403e-14,-7.815970093361102e-14,-1.2434497875801753e-14,1.4921397450962104e-13,1db4a12ef099fd2d9afbb5f0e06be1ba2ed2d0f922a60c94e83c6013d92dc26c,True,True,True,True
480.0,LOW,7,False,aaa9e86b1eb9f74a18add3bdb11502930e3d76156d81f1100b148888d2fb4601,8f589d0d4a58f6cdca5c95b9ecf12a9b14c6536bf27a2675270f74034ae7e1f3,2026-07-25T22:10:25.621993+00:00,jobs/fast64_v2/p4_event_noise_mc200_low/mc200_on_s067_low_w4.spice,-0.054377113807725586,-0.6639075936867371,-0.3273502251225082,-0.2107845011367715,1.2845125175837069,0,147.811598827946,218750.0,227,,True,PASS_FIRST_CONVERSION_DETERMINISTIC,FAST64_STARTUP_INCLUSIVE_W0,3.0,0,MC200_ON_S067_LOW_W4,logs/fast64_v2/p4_event_noise_mc200_low/mc200_on_s067_low_w4.log,325.51000000000073,0.05,325.5006323529418,FAST64_V2_FIRST_CONVERSION_SEPARATED,20128e134d8a7f773a36438f54f1c97b2011adaf18bfec5f4146021cbf1aa9b3,67,0,64,6325acf780da0ad47ad4e46c5f62655adbf39318704e5e5a5e2e4412309ac4bb,ON,b7ca91861963bcba01dcacac1a60c158fa8c15a73517d829ec5ea5245d0e8278,100067,PASS_FAST64_COMPLETE,269504,P4_EVENT_NOISE_MC200_LOW,0.7853981633974483,True,TT_3P3_27C,67,4,0,MAIN_MC200_LOW,227,False,2,COMPLETE,0,7.687046580643446,True,-61.056288011006316,-60.551172033050406,FAST64_SS_W4,True,True,57.47832513045991,48.03602041547354,True,48.59565947717394,-57.211598443266894,False,0,68,68,038357e5306ba4929b67c6b61b4688b5b89a77e6c13dc138dcd150623d34995f,7.741423694451171,58.142232724146645,48.363370640596045,48.80644397831071,-58.4961109608506,4,48.80644397831071,48.363370640596045,7.741423694451171,58.142232724146645,True,038357e5306ba4929b67c6b61b4688b5b89a77e6c13dc138dcd150623d34995f,038357e5306ba4929b67c6b61b4688b5b89a77e6c13dc138dcd150623d34995f,True,0,,-0.2107845011367715,-0.3273502251225082,-0.054377113807725586,-0.6639075936867371,8f589d0d4a58f6cdca5c95b9ecf12a9b14c6536bf27a2675270f74034ae7e1f3,True,True,True,True
480.0,LOW,7,False,208c01ac6d4edd54c3c98b136063d65547316de3ed88074c1200e08988a4036c,fb9bdd1ff9be68a02f1450a29315e99b5c97aa9602cf92cec3c42d62519a9831,2026-07-25T22:11:22.136434+00:00,jobs/fast64_v2/p4_event_noise_mc200_low/mc200_on_s068_low_w4.spice,-8.881784197001252e-16,0.0,-7.105427357601002e-15,0.0,3.552713678800501e-14,0,194.1532626900589,218750.0,224,,True,PASS_FIRST_CONVERSION_DETERMINISTIC,FAST64_STARTUP_INCLUSIVE_W0,3.0,0,MC200_ON_S068_LOW_W4,logs/fast64_v2/p4_event_noise_mc200_low/mc200_on_s068_low_w4.log,325.51000000000073,0.05,325.5000441176477,FAST64_V2_FIRST_CONVERSION_SEPARATED,de921c417295c214bdaef889193ac01806f8644cf217fbe17ed88b0f5271cf52,68,0,64,efe4009df081228d2881094077e9a2700f4979be788716610affee508d0c8d19,ON,51a7152d30ebeba81c8fffbee973d24fd0edbca6b6909f46be926ddfe0336480,100068,PASS_FAST64_COMPLETE,269388,P4_EVENT_NOISE_MC200_LOW,0.7853981633974483,True,TT_3P3_27C,67,4,0,MAIN_MC200_LOW,224,False,0,COMPLETE,0,7.782384874537278,True,-69.15311523083314,-66.35228873309265,FAST64_SS_W4,True,True,55.655975712570786,48.609956944714405,True,49.81355847254183,-54.77088383983758,False,0,68,68,946f0bac23c1837f709da8b12496706bd2a25a30415e19bdcc646cc3f6837899,7.782384874537279,55.655975712570786,48.60995694471441,49.81355847254183,-54.770883839837616,4,49.81355847254183,48.60995694471441,7.782384874537279,55.655975712570786,True,946f0bac23c1837f709da8b12496706bd2a25a30415e19bdcc646cc3f6837899,946f0bac23c1837f709da8b12496706bd2a25a30415e19bdcc646cc3f6837899,True,0,,0.0,-7.105427357601002e-15,-8.881784197001252e-16,0.0,fb9bdd1ff9be68a02f1450a29315e99b5c97aa9602cf92cec3c42d62519a9831,True,True,True,True
480.0,LOW,7,False,264d05319c1bc35652265e2c57140b2e48b073e7fe90e33f64832d779da8f459,e41d4d1e9eee6c29f8309019740c569fadb1f8982ebc3880a323e5ae2eb2416f,2026-07-25T22:09:37.252638+00:00,jobs/fast64_v2/p4_event_noise_mc200_low/mc200_on_s069_low_w4.spice,-0.016318572189740088,1.159792655677677,-0.09823780458223297,-0.09102637030896688,0.12774451430398415,0,76.64129836100619,218750.0,225,,True,PASS_FIRST_CONVERSION_DETERMINISTIC,FAST64_STARTUP_INCLUSIVE_W0,3.0,0,MC200_ON_S069_LOW_W4,logs/fast64_v2/p4_event_noise_mc200_low/mc200_on_s069_low_w4.log,325.51000000000073,0.05,325.49975000000063,FAST64_V2_FIRST_CONVERSION_SEPARATED,4f8dcb6777b555d96ddc90bfe07a06a5cdd4d97d878fdb44c56d900c7b2e63dc,69,0,64,6a07c7fa11ed3af2f2405977504786cbec43af4c51723214e03adb6604940051,ON,391ce5a10d9d4f5980b38bf5f1dde9518426b99c14ca3910903c7ae6b75f09fb,100069,PASS_FAST64_COMPLETE,269624,P4_EVENT_NOISE_MC200_LOW,0.7853981633974483,True,TT_3P3_27C,67,4,0,MAIN_MC200_LOW,225,False,1,COMPLETE,0,7.748248316450989,True,-60.64824399309623,-73.30685159148268,FAST64_SS_W4,True,True,57.959762835606185,48.40445486503495,True,49.35766452813523,-55.458304656650455,False,0,68,68,54bca493df4342d52d15b78b7dd5820345fa8f9f2d57a15bdb2d84ec2bce3ce6,7.764566888640729,56.79997017992851,48.50269266961718,49.4486908984442,-55.58604917095444,4,49.4486908984442,48.50269266961718,7.764566888640729,56.79997017992851,True,54bca493df4342d52d15b78b7dd5820345fa8f9f2d57a15bdb2d84ec2bce3ce6,54bca493df4342d52d15b78b7dd5820345fa8f9f2d57a15bdb2d84ec2bce3ce6,True,0,,-0.09102637030896688,-0.09823780458223297,-0.016318572189740088,1.159792655677677,e41d4d1e9eee6c29f8309019740c569fadb1f8982ebc3880a323e5ae2eb2416f,True,True,True,True
480.0,LOW,7,False,0db8e99c00c0747eb4d778d1496889bef7ddd7bbbb53de84a35b470346b5119d,0e9f8527a55f30294d8a221f0c0f8f36f8d03f265b355a37a6725ec446d1a6fe,2026-07-25T22:11:13.896763+00:00,jobs/fast64_v2/p4_event_noise_mc200_low/mc200_on_s070_low_w4.spice,-0.03820342748323746,-0.44029040583346557,-0.22998463344908515,-0.29751941082655264,-0.00584199113072259,0,96.6249168489594,218750.0,225,,True,PASS_FIRST_CONVERSION_DETERMINISTIC,FAST64_STARTUP_INCLUSIVE_W0,3.0,0,MC200_ON_S070_LOW_W4,logs/fast64_v2/p4_event_noise_mc200_low/mc200_on_s070_low_w4.log,325.51000000000073,0.05,325.49985294117715,FAST64_V2_FIRST_CONVERSION_SEPARATED,fa36a34b52e9badf3789ee3db4b9601b0abb77c47d76e79fe0b31b64566407df,70,0,64,56311fdc3a447ce3ab814ca61014c9e4f8371d933a3f75903797c5c81eaad870,ON,a9114b61fe8f3290708f097fd3218c4aeed40dc5467c388923e84f3684edaa60,100070,PASS_FAST64_COMPLETE,269512,P4_EVENT_NOISE_MC200_LOW,0.7853981633974483,True,TT_3P3_27C,67,4,0,MAIN_MC200_LOW,225,False,1,COMPLETE,0,7.586579132309138,True,-63.59217886289489,-67.34115737774869,FAST64_SS_W4,True,False,55.0159271333823,47.43120637650101,True,48.49146320214865,-54.074287323656336,False,0,68,68,8a9a75327c87999a8612e2955659892692121a8158ab722b3c4981807c5385c9,7.624782559792376,55.456217539215764,47.661191009950095,48.788982612975204,-54.06844533252561,4,48.788982612975204,47.661191009950095,7.624782559792376,55.456217539215764,True,8a9a75327c87999a8612e2955659892692121a8158ab722b3c4981807c5385c9,8a9a75327c87999a8612e2955659892692121a8158ab722b3c4981807c5385c9,True,0,,-0.29751941082655264,-0.22998463344908515,-0.03820342748323746,-0.44029040583346557,0e9f8527a55f30294d8a221f0c0f8f36f8d03f265b355a37a6725ec446d1a6fe,True,True,True,True
480.0,LOW,7,False,3608edc490a1942174c17c829a15e8312a4e4dc296c52584677b145a171d1ad9,5525bbc79b8189b397e79a8b800e04b3c389bc10f7b5c4213dc2c2cec543caac,2026-07-25T22:12:39.508205+00:00,jobs/fast64_v2/p4_event_noise_mc200_low/mc200_on_s071_low_w4.spice,0.0,7.815970093361102e-14,0.0,-2.1316282072803006e-14,-3.552713678800501e-14,0,134.49470142601058,218750.0,226,,True,PASS_FIRST_CONVERSION_DETERMINISTIC,FAST64_STARTUP_INCLUSIVE_W0,3.0,0,MC200_ON_S071_LOW_W4,logs/fast64_v2/p4_event_noise_mc200_low/mc200_on_s071_low_w4.log,325.5000000000034,0.05,325.49767647058883,FAST64_V2_FIRST_CONVERSION_SEPARATED,0bdb29cf8c937e5d247453be2b2913e51d2ea21b041bed677fb4c6316bd35718,71,0,64,001728d5245a175437f648536b47891040fed46ce8765306b3e1ebaebcdcfb35,ON,0486ca2cad31a3bcd302393189f83ee061992f8157333f2f1a804e0e16fadcb6,100071,PASS_FAST64_COMPLETE,269560,P4_EVENT_NOISE_MC200_LOW,0.7853981633974483,True,TT_3P3_27C,67,4,0,MAIN_MC200_LOW,226,False,0,COMPLETE,0,7.852526170323894,True,-80.91795870269021,-64.7745374840304,FAST64_SS_W4,True,True,58.73028971412009,49.032207545349834,True,49.971643794272865,-56.142631758644164,False,0,68,68,4385daf8274eeb5b22dbf8345c0a1cbcc733e4b9b74e2dd5ac746ddcef551745,7.852526170323894,58.73028971412001,49.032207545349834,49.971643794272886,-56.14263175864413,4,32.50033958542691,32.055740219687586,5.032514986659067,45.46459785648426,False,655542f118c748962a2d0fb1cf5ed3b9d29f4183c4c2f5b1b8efba47648dae30,4385daf8274eeb5b22dbf8345c0a1cbcc733e4b9b74e2dd5ac746ddcef551745,False,1,0,17.471304208845957,16.97646732566225,2.8200111836648265,13.26569185763583,5525bbc79b8189b397e79a8b800e04b3c389bc10f7b5c4213dc2c2cec543caac,True,True,True,True
480.0,LOW,7,False,6481bfdd38497d235b8216d132c73fa79f10ad5d1702376ffaadb744f3a79224,244471e205839a892e4b8ea75056764f6db3b18174c0d58726ec6acf9b3017d4,2026-07-25T22:12:30.904068+00:00,jobs/fast64_v2/p4_event_noise_mc200_low/mc200_on_s072_low_w4.spice,7.105427357601002e-15,3.126388037344441e-13,4.263256414560601e-14,6.394884621840902e-14,4.263256414560601e-14,0,125.26967242499813,218750.0,226,,True,PASS_FIRST_CONVERSION_DETERMINISTIC,FAST64_STARTUP_INCLUSIVE_W0,3.0,0,MC200_ON_S072_LOW_W4,logs/fast64_v2/p4_event_noise_mc200_low/mc200_on_s072_low_w4.log,325.51000000000073,0.05,325.5004117647066,FAST64_V2_FIRST_CONVERSION_SEPARATED,ece1ca22825818fb294487c2f63eba7eef4cdc9a2d5352464e7ed6c119c75238,72,0,64,4beaa555bf8234121092457e1cc758f3d46c65fb451d9ca0970b80c63d2ea0e9,ON,624466272ef6aea1006e02181c040c781c3d344fc70389ce2ebf620002aaace5,100072,FAIL_STEADY_STATE_DYNAMIC,269588,P4_EVENT_NOISE_MC200_LOW,0.7853981633974483,True,TT_3P3_27C,67,4,0,MAIN_MC200_LOW,226,False,0,COMPLETE_WITH_FAIL,0,7.455353618131847,False,-64.1300064371169,-58.795135372667545,FAST64_SS_W4,True,False,55.94679371683824,46.641228781153714,False,47.35137466090024,-54.855831819695936,False,0,68,68,4e6c25642b43562e5316d8d43fe7aaa780329496f728dcd57f3b8c8149f39771,7.45535361813184,55.94679371683793,46.64122878115367,47.35137466090018,-54.85583181969598,4,47.35137466090018,46.64122878115367,7.45535361813184,55.94679371683793,False,4e6c25642b43562e5316d8d43fe7aaa780329496f728dcd57f3b8c8149f39771,4e6c25642b43562e5316d8d43fe7aaa780329496f728dcd57f3b8c8149f39771,True,0,,6.394884621840902e-14,4.263256414560601e-14,7.105427357601002e-15,3.126388037344441e-13,244471e205839a892e4b8ea75056764f6db3b18174c0d58726ec6acf9b3017d4,True,True,True,True
480.0,LOW,7,False,a10187894102f16ee250264e74e36c1dc3f86614163f1c041f6535f4b7bd31b2,362934a1971496b367341f58403a3e64d182a97ea1562d0ae7678dd22138a9e2,2026-07-25T22:14:19.864286+00:00,jobs/fast64_v2/p4_event_noise_mc200_low/mc200_on_s073_low_w4.spice,-0.05922912210183284,0.7489319227968565,-0.3565593150530333,-0.31334701071817506,0.6905920222127477,0,185.95638725406025,218750.0,224,,True,PASS_FIRST_CONVERSION_DETERMINISTIC,FAST64_STARTUP_INCLUSIVE_W0,3.0,0,MC200_ON_S073_LOW_W4,logs/fast64_v2/p4_event_noise_mc200_low/mc200_on_s073_low_w4.log,325.51000000000073,0.05,325.49975000000063,FAST64_V2_FIRST_CONVERSION_SEPARATED,1d59553e7c4dd5c1dccfb4bc3c6648bbd6dc2e4562ede09baf515db527f277a1,73,0,64,61a4a2910495f27c01baebe6d76d13940e8ae64f174065e67134e49cfee2df01,ON,7203e42485b3fff026643f69aa200699e932b71491f437d86856e7cc8fc58029,100073,PASS_FAST64_COMPLETE,269616,P4_EVENT_NOISE_MC200_LOW,0.7853981633974483,True,TT_3P3_27C,67,4,0,MAIN_MC200_LOW,223,False,2,COMPLETE,0,7.624078663272148,True,-61.432590321067906,-81.68577277790305,FAST64_SS_W4,True,False,57.94748243171402,47.65695355289833,True,48.20719967886664,-56.90144536699756,False,0,68,68,1b2858a747eb372c4985b9479ab0ddc50e34e74a9e72f290452a01412250951f,7.683307785373981,57.198550508917165,48.01351286795136,48.52054668958481,-57.592037389210304,4,48.52054668958481,48.01351286795136,7.683307785373981,57.198550508917165,True,1b2858a747eb372c4985b9479ab0ddc50e34e74a9e72f290452a01412250951f,1b2858a747eb372c4985b9479ab0ddc50e34e74a9e72f290452a01412250951f,True,0,,-0.31334701071817506,-0.3565593150530333,-0.05922912210183284,0.7489319227968565,362934a1971496b367341f58403a3e64d182a97ea1562d0ae7678dd22138a9e2,True,True,True,True
480.0,LOW,7,False,1f5da63c6218e10885a77436392ddaa6e68001e23e18be8212697f3cf41655b5,6ede694d2b0149249b6f51813d5ae98b11d0181df072db0b6c55c7bf462e2477,2026-07-25T22:13:32.227132+00:00,jobs/fast64_v2/p4_event_noise_mc200_low/mc200_on_s074_low_w4.spice,0.031207294900417182,-1.1469611138257534,0.18786791530051516,0.07811678698165281,-1.2228479044904788,0,130.06918315705843,218750.0,224,,True,PASS_FIRST_CONVERSION_DETERMINISTIC,FAST64_STARTUP_INCLUSIVE_W0,3.0,0,MC200_ON_S074_LOW_W4,logs/fast64_v2/p4_event_noise_mc200_low/mc200_on_s074_low_w4.log,325.51000000000073,0.05,325.49882352941245,FAST64_V2_FIRST_CONVERSION_SEPARATED,0108cf247969958bc05717dffb7919a6cf49df6703087d35a1ba20556597ca86,74,0,64,64bf16846450797b26a397343d77dc7cb558ca5b2a918b8c68443ffe7b3e82a7,ON,891d763ff1b04f857383e78f4a46cacf245416dfaf15b0631f38ff3c2972447e,100074,PASS_FAST64_COMPLETE,269432,P4_EVENT_NOISE_MC200_LOW,0.7853981633974483,True,TT_3P3_27C,67,4,0,MAIN_MC200_LOW,225,False,1,COMPLETE,0,7.780715122880211,True,-79.39810653510925,-76.1867054137932,FAST64_SS_W4,True,True,59.00793128615615,48.599905039738864,True,48.985037576054545,-59.31278935142585,False,0,68,68,9da9f973f6907e71a2bdbb5ed3b1e2c6d8116d33c6913d73842790bf3106a604,7.7495078279797935,60.154892399981904,48.41203712443835,48.90692078907289,-58.08994144693537,4,48.90692078907289,48.41203712443835,7.7495078279797935,60.154892399981904,True,9da9f973f6907e71a2bdbb5ed3b1e2c6d8116d33c6913d73842790bf3106a604,9da9f973f6907e71a2bdbb5ed3b1e2c6d8116d33c6913d73842790bf3106a604,True,0,,0.07811678698165281,0.18786791530051516,0.031207294900417182,-1.1469611138257534,6ede694d2b0149249b6f51813d5ae98b11d0181df072db0b6c55c7bf462e2477,True,True,True,True
480.0,LOW,7,False,a66184ef4e592d796de5677ad73f2cbd45d82689da2cb93b30a385baad7f9489,4557654a60524b055a0e739e189814cb53a5af03a6070cb4644bf6f48d972f92,2026-07-25T22:14:14.139941+00:00,jobs/fast64_v2/p4_event_noise_mc200_low/mc200_on_s075_low_w4.spice,-0.0062680771742833485,0.5112541915080016,-0.03773382458918917,-0.04682911133625112,0.003377844514851347,0,103.21734830003697,218750.0,226,,True,PASS_FIRST_CONVERSION_DETERMINISTIC,FAST64_STARTUP_INCLUSIVE_W0,3.0,0,MC200_ON_S075_LOW_W4,logs/fast64_v2/p4_event_noise_mc200_low/mc200_on_s075_low_w4.log,325.51000000000073,0.05,325.50026470588307,FAST64_V2_FIRST_CONVERSION_SEPARATED,793f0dd4d44978c25ce0fe64edadda9ca7c1afe20ef15595be04f921073945a8,75,0,64,d33c14862447e3ae8bc92cb52baff8a83e61a078d132e504d63521683766e2a0,ON,2ad61c5b9f8603f41d586e9505225ef61f21dd8ed6731d2d3ca5c5e06487194a,100075,PASS_FAST64_COMPLETE,269380,P4_EVENT_NOISE_MC200_LOW,0.7853981633974483,True,TT_3P3_27C,67,4,0,MAIN_MC200_LOW,226,False,1,COMPLETE,0,7.681775072726955,True,-72.19214456710183,-60.34285619608176,FAST64_SS_W4,True,True,57.58980278793981,48.00428593781626,True,49.01974609031568,-54.81334172002936,False,0,68,68,819a93b1d8eb89c3845b9ef858b3a405e369eec86014a3566ac2a71341cbfb91,7.6880431499012385,57.07854859643181,48.04201976240545,49.06657520165193,-54.81671956454421,4,49.06657520165193,48.04201976240545,7.6880431499012385,57.07854859643181,True,819a93b1d8eb89c3845b9ef858b3a405e369eec86014a3566ac2a71341cbfb91,819a93b1d8eb89c3845b9ef858b3a405e369eec86014a3566ac2a71341cbfb91,True,0,,-0.04682911133625112,-0.03773382458918917,-0.0062680771742833485,0.5112541915080016,4557654a60524b055a0e739e189814cb53a5af03a6070cb4644bf6f48d972f92,True,True,True,True
480.0,LOW,7,False,524967a45e94b84ca97dc1902eb7971668118ff7dc5f020c6a7d51d45ed37e93,544e28c10c52d6f9d16229c3ffc0b2750bb5fa26e75afc1a3547522c30fb938b,2026-07-25T22:14:07.611695+00:00,jobs/fast64_v2/p4_event_noise_mc200_low/mc200_on_s076_low_w4.spice,-8.881784197001252e-15,0.0,-5.684341886080802e-14,-6.394884621840902e-14,2.842170943040401e-14,0,88.08138657792006,218750.0,222,,True,PASS_FIRST_CONVERSION_DETERMINISTIC,FAST64_STARTUP_INCLUSIVE_W0,3.0,0,MC200_ON_S076_LOW_W4,logs/fast64_v2/p4_event_noise_mc200_low/mc200_on_s076_low_w4.log,325.51000000000073,0.05,325.49894117647125,FAST64_V2_FIRST_CONVERSION_SEPARATED,b15ee56f4b68a77665895a4295ac685c3a835cefde4df89e74b3645ae046181d,76,0,64,51386d16e906ced18a8a8fad6dbf9917f69cb4f837e3c55a3c804708c78abe26,ON,2aee5c01e57cb12a0029547f4f223f203248fa09db6c1d1c2022af5edd1b6da9,100076,PASS_FAST64_COMPLETE,269516,P4_EVENT_NOISE_MC200_LOW,0.7853981633974483,True,TT_3P3_27C,67,4,0,MAIN_MC200_LOW,222,False,0,COMPLETE,0,7.700881414594338,True,-62.937716631402765,-75.6100884828163,FAST64_SS_W4,True,True,56.971867030535435,48.11930611585791,True,48.97641195732554,-55.58831176498717,False,0,68,68,7eb5f06a127e28ed865cc5bb40c4d0542b6bf9a8fca5d60ace28268f4122463e,7.700881414594347,56.971867030535435,48.11930611585797,48.9764119573256,-55.588311764987196,4,48.9764119573256,48.11930611585797,7.700881414594347,56.971867030535435,True,7eb5f06a127e28ed865cc5bb40c4d0542b6bf9a8fca5d60ace28268f4122463e,7eb5f06a127e28ed865cc5bb40c4d0542b6bf9a8fca5d60ace28268f4122463e,True,0,,-6.394884621840902e-14,-5.684341886080802e-14,-8.881784197001252e-15,0.0,544e28c10c52d6f9d16229c3ffc0b2750bb5fa26e75afc1a3547522c30fb938b,True,True,True,True
480.0,LOW,7,False,58cc12e1d342b004f51528ca280f83db2ac6666dc5efe6d2a703abc20a540e3d,86f80072a03df35d77be4da83f937f0593f2305b95e1cd1b5b3477c13836503f,2026-07-25T22:15:20.949745+00:00,jobs/fast64_v2/p4_event_noise_mc200_low/mc200_on_s077_low_w4.spice,8.881784197001252e-16,0.0,7.105427357601002e-15,0.0,-7.105427357601002e-14,0,108.70466846099589,218750.0,225,,True,PASS_FIRST_CONVERSION_DETERMINISTIC,FAST64_STARTUP_INCLUSIVE_W0,3.0,0,MC200_ON_S077_LOW_W4,logs/fast64_v2/p4_event_noise_mc200_low/mc200_on_s077_low_w4.log,325.51000000000033,0.05,325.4989558823536,FAST64_V2_FIRST_CONVERSION_SEPARATED,62dd1e4a5f8b10b8ef4e290d3d1183998c737025b59e1452634252a1380193ce,77,0,64,3b8d9cdc4a1a61274e1e3b2b82ff497c4cb790d544e62684afadd60089bb8123,ON,98c93e266ec41a0244e92657a0810c532c63d936d87a23bb2694eb3f5436251b,100077,PASS_FAST64_COMPLETE,269632,P4_EVENT_NOISE_MC200_LOW,0.7853981633974483,True,TT_3P3_27C,67,4,0,MAIN_MC200_LOW,225,False,0,COMPLETE,0,7.551779607044994,True,-65.76666402407112,-64.53805572073495,FAST64_SS_W4,True,False,56.72734802225759,47.221713234410856,False,47.501119419662665,-59.276150315890774,False,0,68,68,cecd4264db5ea05c3c5703efd729ff7958712d38bee60d1724281233dbba45e2,7.551779607044993,56.72734802225759,47.22171323441085,47.501119419662665,-59.2761503158907,4,47.501119419662665,47.22171323441085,7.551779607044993,56.72734802225759,True,cecd4264db5ea05c3c5703efd729ff7958712d38bee60d1724281233dbba45e2,cecd4264db5ea05c3c5703efd729ff7958712d38bee60d1724281233dbba45e2,True,0,,0.0,7.105427357601002e-15,8.881784197001252e-16,0.0,86f80072a03df35d77be4da83f937f0593f2305b95e1cd1b5b3477c13836503f,True,True,True,True
480.0,LOW,7,False,9b94ff904e67638ffa251179104ad71db5e55d99ba6b49a6591cc3e198b50df3,e93bf292085d372afd63dd1623dd78818ee5bce69db463eb7e661af0e3e14791,2026-07-25T22:16:19.118538+00:00,jobs/fast64_v2/p4_event_noise_mc200_low/mc200_on_s078_low_w4.spice,-0.060993090450949694,0.9300804832822749,-0.3671784045147177,-0.3058996368565303,0.9963130308134751,0,131.49592206592206,218750.0,225,,True,PASS_FIRST_CONVERSION_DETERMINISTIC,FAST64_STARTUP_INCLUSIVE_W0,3.0,0,MC200_ON_S078_LOW_W4,logs/fast64_v2/p4_event_noise_mc200_low/mc200_on_s078_low_w4.log,325.51000000000033,0.05,325.4977941176477,FAST64_V2_FIRST_CONVERSION_SEPARATED,49c00c5ba0167980286020fde5743be1b176d6b38bc8a7e8e064a0242a6901f9,78,0,64,e7247fe7cab50fef926c7c7223af38c485b5246f9c7cb1cb53e4b24cb4f65923,ON,a07cb4634dcfe5d76adbd77d34fe0a9da63d1aa4eb19d2e9a6ae6947f5a30e45,100078,PASS_FAST64_COMPLETE,269396,P4_EVENT_NOISE_MC200_LOW,0.7853981633974483,True,TT_3P3_27C,67,4,0,MAIN_MC200_LOW,224,False,1,COMPLETE,0,7.813626257444995,True,-67.68294634406456,-68.46615783824609,FAST64_SS_W4,True,True,57.8918436474946,48.798030069818864,True,49.23310113199519,-59.005990847314436,False,0,68,68,362bb0df1da720af50f31467c2a1b8048ef19c5e123a1fc6f0d9c225c0e97d19,7.874619347895945,56.96176316421233,49.16520847433358,49.53900076885172,-60.00230387812791,4,49.53900076885172,49.16520847433358,7.874619347895945,56.96176316421233,True,362bb0df1da720af50f31467c2a1b8048ef19c5e123a1fc6f0d9c225c0e97d19,362bb0df1da720af50f31467c2a1b8048ef19c5e123a1fc6f0d9c225c0e97d19,True,0,,-0.3058996368565303,-0.3671784045147177,-0.060993090450949694,0.9300804832822749,e93bf292085d372afd63dd1623dd78818ee5bce69db463eb7e661af0e3e14791,True,True,True,True
480.0,LOW,7,False,28c4da6160c4bc4a606e62c5d3c18c9f882effa4feb92b7ed0bfff39b67bf11b,66f89a9e1d5b5980356db0d60538b72e8406015cf6ad74f26236a59c61802f13,2026-07-25T22:16:20.414602+00:00,jobs/fast64_v2/p4_event_noise_mc200_low/mc200_on_s079_low_w4.spice,9.769962616701378e-15,0.0,5.684341886080802e-14,7.105427357601002e-14,2.842170943040401e-14,0,126.256611851044,218750.0,223,,True,PASS_FIRST_CONVERSION_DETERMINISTIC,FAST64_STARTUP_INCLUSIVE_W0,3.0,0,MC200_ON_S079_LOW_W4,logs/fast64_v2/p4_event_noise_mc200_low/mc200_on_s079_low_w4.log,325.51000000000073,0.05,325.49997058823595,FAST64_V2_FIRST_CONVERSION_SEPARATED,435322875379d728fdbe40fd02e30496421d81e9bec83e35c7c505735d53c2b1,79,0,64,de032d9ec2ad7ac8aab188e65486a177e359818f8ecbe31b29519b160723f8ce,ON,e0bb6f1f38c1692f57792cb8673ff224ecd4ab159b6845d7a3f37d9a52a513f5,100079,PASS_FAST64_COMPLETE,269468,P4_EVENT_NOISE_MC200_LOW,0.7853981633974483,True,TT_3P3_27C,67,4,0,MAIN_MC200_LOW,223,False,0,COMPLETE,0,7.7209301846586955,True,-73.77580836956255,-65.20463452868736,FAST64_SS_W4,True,True,56.77643266209664,48.23999971164534,True,48.83132581555431,-57.19188114499781,False,0,68,68,0593895c42ac4223fcc9d0b3185b51478a1a2f09cfb8ec5912803cf5bbb36c4e,7.720930184658686,56.77643266209664,48.23999971164528,48.83132581555424,-57.191881144997836,4,48.83132581555424,48.23999971164528,7.720930184658686,56.77643266209664,True,0593895c42ac4223fcc9d0b3185b51478a1a2f09cfb8ec5912803cf5bbb36c4e,0593895c42ac4223fcc9d0b3185b51478a1a2f09cfb8ec5912803cf5bbb36c4e,True,0,,7.105427357601002e-14,5.684341886080802e-14,9.769962616701378e-15,0.0,66f89a9e1d5b5980356db0d60538b72e8406015cf6ad74f26236a59c61802f13,True,True,True,True
480.0,LOW,7,False,a36c040e97f8f3041ff3cfcdc3dace017335dfcda0cd4e2b8dc26bad4a3053ac,89b479ee6276fbc8f2e16200cd65075f88141226566755ce886e37972ef9e7a3,2026-07-25T22:16:28.546567+00:00,jobs/fast64_v2/p4_event_noise_mc200_low/mc200_on_s080_low_w4.spice,0.012737149476696352,1.0936260397265443,0.07667763984971288,-0.025924942843282395,-1.2834733454260387,0,128.66286587202922,218750.0,226,,True,PASS_FIRST_CONVERSION_DETERMINISTIC,FAST64_STARTUP_INCLUSIVE_W0,3.0,0,MC200_ON_S080_LOW_W4,logs/fast64_v2/p4_event_noise_mc200_low/mc200_on_s080_low_w4.log,325.5099999999999,0.05,325.4996176470595,FAST64_V2_FIRST_CONVERSION_SEPARATED,98bf6811f0983709e42c521b12eabf3c4370143e3bce9ca70e30a570736c09f8,80,0,64,c6c3d1d0e2aa516f7f1885e2adffbda26fbf2456a6400f41aadc3421e2ba2382,ON,9828f59e4da38d6a31ff187012e1dd951d294ce8c68a022d8e2a56e725677800,100080,FAIL_STEADY_STATE_DYNAMIC,269436,P4_EVENT_NOISE_MC200_LOW,0.7853981633974483,True,TT_3P3_27C,67,4,0,MAIN_MC200_LOW,227,False,1,COMPLETE_WITH_FAIL,0,7.245900429519659,False,-68.31020284683416,-65.55549179168356,FAST64_SS_W4,True,False,54.63034227785509,45.38032058570834,False,45.68587284999958,-57.05918907721278,False,0,68,68,fcf334ee949b9b1e56bee4c954cf2a5e122bb1ff96029dc6a604de469861afee,7.233163280042962,53.53671623812855,45.30364294585863,45.711797792842866,-55.77571573178674,4,45.711797792842866,45.30364294585863,7.233163280042962,53.53671623812855,False,fcf334ee949b9b1e56bee4c954cf2a5e122bb1ff96029dc6a604de469861afee,fcf334ee949b9b1e56bee4c954cf2a5e122bb1ff96029dc6a604de469861afee,True,0,,-0.025924942843282395,0.07667763984971288,0.012737149476696352,1.0936260397265443,89b479ee6276fbc8f2e16200cd65075f88141226566755ce886e37972ef9e7a3,True,True,True,True
480.0,LOW,7,False,651a7207af198b812a2423bc5ccc207a2a27f0b5309cd01cfa9722de0b4af2f0,9287929ebad304f85dc10cbd811058ebb2e892a8a4ca6175248a51d4e29fb1a4,2026-07-25T22:17:41.065331+00:00,jobs/fast64_v2/p4_event_noise_mc200_low/mc200_on_s081_low_w4.spice,2.6645352591003757e-15,-1.6342482922482304e-13,1.4210854715202004e-14,7.105427357601002e-15,-1.7763568394002505e-13,0,140.10352968901861,218750.0,223,,True,PASS_FIRST_CONVERSION_DETERMINISTIC,FAST64_STARTUP_INCLUSIVE_W0,3.0,0,MC200_ON_S081_LOW_W4,logs/fast64_v2/p4_event_noise_mc200_low/mc200_on_s081_low_w4.log,325.5099999999999,0.05,325.4993235294124,FAST64_V2_FIRST_CONVERSION_SEPARATED,013d3a278aaed9b70cdffed4ce85113db29839f1376c9e22722944f9a3c0a729,81,0,64,c41ce1ae7198cc3362a132838e5ad29449103b537a7483cf5bbc78dfacc340ba,ON,4bf1cb1e97f7c724d345090f5caa416602af936886c35ea8e061ce4ff282abe5,100081,PASS_FAST64_COMPLETE,269588,P4_EVENT_NOISE_MC200_LOW,0.7853981633974483,True,TT_3P3_27C,67,4,0,MAIN_MC200_LOW,223,False,0,COMPLETE,0,7.577545349738651,True,-71.09434818534675,-60.6263970940784,FAST64_SS_W4,True,False,53.1760888782188,47.37682300542667,False,47.737925198992535,-58.35766499981659,False,0,68,68,9834a654d06c3c6a2ac736663e6a95d585a4467f2f4aacf8f713e47f27463296,7.5775453497386485,53.17608887821896,47.37682300542666,47.73792519899253,-58.357664999816414,4,47.73792519899253,47.37682300542666,7.5775453497386485,53.17608887821896,True,9834a654d06c3c6a2ac736663e6a95d585a4467f2f4aacf8f713e47f27463296,9834a654d06c3c6a2ac736663e6a95d585a4467f2f4aacf8f713e47f27463296,True,0,,7.105427357601002e-15,1.4210854715202004e-14,2.6645352591003757e-15,-1.6342482922482304e-13,9287929ebad304f85dc10cbd811058ebb2e892a8a4ca6175248a51d4e29fb1a4,True,True,True,True
480.0,LOW,7,False,747d0324af29919f1d7ef8f3863f147498b30dad61ca963a7f1f68e8c3dc92d8,cb1a73184d56b3334bc5a52b2eeccaf2919401527fc0a7dad3e607314e4220ef,2026-07-25T22:18:26.841437+00:00,jobs/fast64_v2/p4_event_noise_mc200_low/mc200_on_s082_low_w4.spice,0.016171428916181618,1.2817167868929218,0.09735200207541084,-0.00391210557505417,-1.4277942357899605,0,127.71123626793269,218750.0,224,,True,PASS_FIRST_CONVERSION_DETERMINISTIC,FAST64_STARTUP_INCLUSIVE_W0,3.0,0,MC200_ON_S082_LOW_W4,logs/fast64_v2/p4_event_noise_mc200_low/mc200_on_s082_low_w4.log,325.51000000000073,0.05,325.4996764705889,FAST64_V2_FIRST_CONVERSION_SEPARATED,8c1facd040b3bc59952853ff6b2fa954b8e1dd787d3865b5efb3c211523b1a02,82,0,64,4713347acc386786721063e4c14486affd327e91a382a6ccd775473ae88c3949,ON,b27db7a2fa25bae5efeb48e95d7da5a0784e082c3f8f07cef2e5bedad9addef1,100082,PASS_FAST64_COMPLETE,269676,P4_EVENT_NOISE_MC200_LOW,0.7853981633974483,True,TT_3P3_27C,67,4,0,MAIN_MC200_LOW,224,False,1,COMPLETE,0,7.563159076353925,True,-65.98576534420296,-65.9838804164484,FAST64_SS_W4,True,False,57.38149507252922,47.29021763965062,False,47.560843859529854,-59.47897251366817,False,0,68,68,4eb836fd7921e20923dcc456152bf271b4bfeddf2600e4ecb99c8369ea814d3d,7.546987647437743,56.0997782856363,47.19286563757521,47.56475596510491,-58.05117827787821,4,47.56475596510491,47.19286563757521,7.546987647437743,56.0997782856363,True,4eb836fd7921e20923dcc456152bf271b4bfeddf2600e4ecb99c8369ea814d3d,4eb836fd7921e20923dcc456152bf271b4bfeddf2600e4ecb99c8369ea814d3d,True,0,,-0.00391210557505417,0.09735200207541084,0.016171428916181618,1.2817167868929218,cb1a73184d56b3334bc5a52b2eeccaf2919401527fc0a7dad3e607314e4220ef,True,True,True,True
480.0,LOW,7,False,b57f3f5f3436f48bdd83be97cea86db37e63f1be4eaa101a4ee652b69fc5030b,3907aec838116b258f3be8122e109bbf75bee465a9b7c129eeeff03b59c2794c,2026-07-25T22:18:14.189241+00:00,jobs/fast64_v2/p4_event_noise_mc200_low/mc200_on_s083_low_w4.spice,6.217248937900877e-15,0.0,3.552713678800501e-14,4.973799150320701e-14,4.973799150320701e-14,0,113.75602609792259,218750.0,223,,True,PASS_FIRST_CONVERSION_DETERMINISTIC,FAST64_STARTUP_INCLUSIVE_W0,3.0,0,MC200_ON_S083_LOW_W4,logs/fast64_v2/p4_event_noise_mc200_low/mc200_on_s083_low_w4.log,325.51000000000073,0.05,325.49851470588294,FAST64_V2_FIRST_CONVERSION_SEPARATED,f58907a5c393d688994d3a7f2de3440d22f81b522e4dc9e8c87f666457c3c5a0,83,0,64,e27f9aa5fafb3817bf929596b6bf6f7a086f74509affcfb8d51ed348d93603cd,ON,4dbf0d0f09d7ca41935400976b7caa5d05879447488fb4aa5f8107b397374958,100083,PASS_FAST64_COMPLETE,269444,P4_EVENT_NOISE_MC200_LOW,0.7853981633974483,True,TT_3P3_27C,67,4,0,MAIN_MC200_LOW,223,False,0,COMPLETE,0,7.718359887217071,True,-62.621557568093465,-65.6302436976153,FAST64_SS_W4,True,True,57.850183262864896,48.22452652104676,True,49.02814297749159,-55.94749554570421,False,0,68,68,02259ddc11642dbeef1c8d89a2446d7467d770bc50693dfb7ac6c7b32f65e1cc,7.718359887217065,57.850183262864896,48.22452652104673,49.02814297749154,-55.94749554570426,4,49.02814297749154,48.22452652104673,7.718359887217065,57.850183262864896,True,02259ddc11642dbeef1c8d89a2446d7467d770bc50693dfb7ac6c7b32f65e1cc,02259ddc11642dbeef1c8d89a2446d7467d770bc50693dfb7ac6c7b32f65e1cc,True,0,,4.973799150320701e-14,3.552713678800501e-14,6.217248937900877e-15,0.0,3907aec838116b258f3be8122e109bbf75bee465a9b7c129eeeff03b59c2794c,True,True,True,True
480.0,LOW,7,False,c6b5b5f16b35c9c9c95b07b16e60ce84e4c3d2a555ec364b7d7877ede146ca39,abe4da6e5d47c3b66cb1448c28ebfe78bdcc8fe170d69695e199696c2ceac0cf,2026-07-25T22:18:56.600113+00:00,jobs/fast64_v2/p4_event_noise_mc200_low/mc200_on_s084_low_w4.spice,-1.1546319456101628e-14,-1.1368683772161603e-13,-7.105427357601002e-14,-9.947598300641403e-14,-9.947598300641403e-14,0,148.04371689306572,218750.0,225,,True,PASS_FIRST_CONVERSION_DETERMINISTIC,FAST64_STARTUP_INCLUSIVE_W0,3.0,0,MC200_ON_S084_LOW_W4,logs/fast64_v2/p4_event_noise_mc200_low/mc200_on_s084_low_w4.log,325.51000000000073,0.05,325.4997352941183,FAST64_V2_FIRST_CONVERSION_SEPARATED,d826dccaa1d3ccb334d3aa830b2bf0c876985709946db97dd8526081c7b24781,84,0,64,e5ca323b794be8e32726847aa0fca6f22c88ca9643e439a3219e0a677a3ae10c,ON,501e02f24d7d319eb3479a1717bac7ca4bfdd944707f102df4eebffa80bed5f1,100084,PASS_FAST64_COMPLETE,269388,P4_EVENT_NOISE_MC200_LOW,0.7853981633974483,True,TT_3P3_27C,67,4,0,MAIN_MC200_LOW,225,False,0,COMPLETE,0,7.8728796670354,True,-73.49879833899439,-68.0973596553562,FAST64_SS_W4,True,True,54.857906455422594,49.154735595553106,True,49.90168227470402,-57.16780452683764,False,0,68,68,2bf20a9760778f9b72cb3bc71f189370e13d89b956385f03cb25b1e36d359f52,7.872879667035412,54.85790645542271,49.15473559555318,49.90168227470412,-57.16780452683754,4,49.90168227470412,49.15473559555318,7.872879667035412,54.85790645542271,True,2bf20a9760778f9b72cb3bc71f189370e13d89b956385f03cb25b1e36d359f52,2bf20a9760778f9b72cb3bc71f189370e13d89b956385f03cb25b1e36d359f52,True,0,,-9.947598300641403e-14,-7.105427357601002e-14,-1.1546319456101628e-14,-1.1368683772161603e-13,abe4da6e5d47c3b66cb1448c28ebfe78bdcc8fe170d69695e199696c2ceac0cf,True,True,True,True
480.0,LOW,7,False,c95a3e4e70a2e46b79d9005fc2cc0ba27872e4204e142f55713ad175afe9ef82,9f4766b387cf8929004ee9ce7d4db902f18c73637cf7c49809ffbc1989b8e9d1,2026-07-25T22:20:43.574710+00:00,jobs/fast64_v2/p4_event_noise_mc200_low/mc200_on_s085_low_w4.spice,3.552713678800501e-15,0.0,2.1316282072803006e-14,1.4210854715202004e-14,-4.263256414560601e-14,0,182.4979170289589,218750.0,223,,True,PASS_FIRST_CONVERSION_DETERMINISTIC,FAST64_STARTUP_INCLUSIVE_W0,3.0,0,MC200_ON_S085_LOW_W4,logs/fast64_v2/p4_event_noise_mc200_low/mc200_on_s085_low_w4.log,325.51000000000073,0.05,325.4996323529418,FAST64_V2_FIRST_CONVERSION_SEPARATED,9875fc0975c9d8ffa219aadec94a2a5b3fa23cd71c59a422fb18473850a6689e,85,0,64,12801a2e7e26db2ffd388afe62a98970353a99e04e4a278477ff975359e20513,ON,a44ea5f2c8553d3015aa9e224b3a0654adf68849fb636e0a4cc592e5797479bf,100085,PASS_FAST64_COMPLETE,269344,P4_EVENT_NOISE_MC200_LOW,0.7853981633974483,True,TT_3P3_27C,67,4,0,MAIN_MC200_LOW,223,False,0,COMPLETE,0,7.771012966148375,True,-63.689491651319734,-69.77096190103366,FAST64_SS_W4,True,True,56.389269325444374,48.541498056213214,True,49.608396680347795,-55.160643710535176,False,0,68,68,a2f3b1715df135012761a3cf4e72b7952ad800e0e93583f0690cb76a808f3031,7.771012966148372,56.389269325444374,48.54149805621319,49.60839668034778,-55.16064371053513,4,49.60839668034778,48.54149805621319,7.771012966148372,56.389269325444374,True,a2f3b1715df135012761a3cf4e72b7952ad800e0e93583f0690cb76a808f3031,a2f3b1715df135012761a3cf4e72b7952ad800e0e93583f0690cb76a808f3031,True,0,,1.4210854715202004e-14,2.1316282072803006e-14,3.552713678800501e-15,0.0,9f4766b387cf8929004ee9ce7d4db902f18c73637cf7c49809ffbc1989b8e9d1,True,True,True,True
480.0,LOW,7,False,b4bbde1a2beecdbb8c591aa608d32f069d5f4d0e776f616edc2b962e81e746ab,38035ba9f6b246b9ec508d2da6b5ee8736a275178df4638661f4c7890ea45b37,2026-07-25T22:19:35.576443+00:00,jobs/fast64_v2/p4_event_noise_mc200_low/mc200_on_s086_low_w4.spice,5.329070518200751e-15,0.0,3.552713678800501e-14,2.842170943040401e-14,-6.394884621840902e-14,0,81.36944162310101,218750.0,219,,True,PASS_FIRST_CONVERSION_DETERMINISTIC,FAST64_STARTUP_INCLUSIVE_W0,3.0,0,MC200_ON_S086_LOW_W4,logs/fast64_v2/p4_event_noise_mc200_low/mc200_on_s086_low_w4.log,325.5100000000001,0.05,325.4990294117654,FAST64_V2_FIRST_CONVERSION_SEPARATED,3944ead95fc5ccce91b42548832827437b602e57f938ca92e3c3ff3265c48e39,86,0,64,f16cfeab36c50594e14ffb888218bf6e6a1a8a3e8dbc8f6b8bc30afe5409797e,ON,a4efd1684f9bcf9e8f375a09d8113a2be810adedfca4d52c1f4028cccced26b3,100086,FAIL_STEADY_STATE_DYNAMIC,269412,P4_EVENT_NOISE_MC200_LOW,0.7853981633974483,True,TT_3P3_27C,67,4,0,MAIN_MC200_LOW,219,False,0,COMPLETE_WITH_FAIL,0,7.184996323992016,False,-66.12255906055752,-67.29650116199083,FAST64_SS_W4,True,False,53.38722950559892,45.013677870431934,False,45.926275867475724,-52.23703750045765,False,0,68,68,c3e70026dd2661f83edce7db37f54a12efbb5e4ab65e09e06df90645cd4d8134,7.184996323992011,53.38722950559892,45.0136778704319,45.926275867475695,-52.23703750045759,4,45.926275867475695,45.0136778704319,7.184996323992011,53.38722950559892,False,c3e70026dd2661f83edce7db37f54a12efbb5e4ab65e09e06df90645cd4d8134,c3e70026dd2661f83edce7db37f54a12efbb5e4ab65e09e06df90645cd4d8134,True,0,,2.842170943040401e-14,3.552713678800501e-14,5.329070518200751e-15,0.0,38035ba9f6b246b9ec508d2da6b5ee8736a275178df4638661f4c7890ea45b37,True,True,True,True
480.0,LOW,7,False,6c1d6bcf45d1d35d172452e943b17a9aadbf94d188131ad50d18fb51df8ddbf7,b707842981e04056998f059b9b7a6024048ac330fefb5a19764b6aee9412c185,2026-07-25T22:20:59.137189+00:00,jobs/fast64_v2/p4_event_noise_mc200_low/mc200_on_s087_low_w4.spice,0.0,-7.105427357601002e-15,0.0,-7.105427357601002e-15,-3.552713678800501e-14,0,152.28038681601174,218750.0,225,,True,PASS_FIRST_CONVERSION_DETERMINISTIC,FAST64_STARTUP_INCLUSIVE_W0,3.0,0,MC200_ON_S087_LOW_W4,logs/fast64_v2/p4_event_noise_mc200_low/mc200_on_s087_low_w4.log,325.51000000000073,0.05,325.50022058823595,FAST64_V2_FIRST_CONVERSION_SEPARATED,a226f9d709817fe66967d7e02b47c0329e78cfce82c118a69012df00169361d0,87,0,64,ef6f00b0fa7dba10787abd2250bb0abd262dec9dfd3372877e6a519d885145b6,ON,f175014f4243602be3c9879a8d09b72a476d83e2d6c22b5dad3aed4847483983,100087,PASS_FAST64_COMPLETE,269492,P4_EVENT_NOISE_MC200_LOW,0.7853981633974483,True,TT_3P3_27C,67,4,0,MAIN_MC200_LOW,225,False,0,COMPLETE,0,7.891562794032766,True,-65.97767660371821,-76.54592877933653,FAST64_SS_W4,True,True,57.232474002600036,49.26720802007725,True,50.186332508344975,-56.46276802652754,False,0,68,68,d37f3b57a6b684b28b3b2d4d20f3414cc00c9c5d1771c29c799f6348a6dd4321,7.891562794032766,57.23247400260004,49.26720802007725,50.18633250834498,-56.462768026527506,4,50.18633250834498,49.26720802007725,7.891562794032766,57.23247400260004,True,d37f3b57a6b684b28b3b2d4d20f3414cc00c9c5d1771c29c799f6348a6dd4321,d37f3b57a6b684b28b3b2d4d20f3414cc00c9c5d1771c29c799f6348a6dd4321,True,0,,-7.105427357601002e-15,0.0,0.0,-7.105427357601002e-15,b707842981e04056998f059b9b7a6024048ac330fefb5a19764b6aee9412c185,True,True,True,True
480.0,LOW,7,False,52096fc85d448b929198935b49ca125daa5f20a8e259b3c52c894ae0d6a167cc,f35903b11ba6e2b3b26dabc20dbd297b24d651969208f164e3e17ed5f2e6b183,2026-07-25T22:20:57.729985+00:00,jobs/fast64_v2/p4_event_noise_mc200_low/mc200_on_s088_low_w4.spice,0.03021146453389356,-0.6071479539756695,0.18187301649403764,0.09230396625927995,-0.5816535207275777,0,121.1172088580206,218750.0,224,,True,PASS_FIRST_CONVERSION_DETERMINISTIC,FAST64_STARTUP_INCLUSIVE_W0,3.0,0,MC200_ON_S088_LOW_W4,logs/fast64_v2/p4_event_noise_mc200_low/mc200_on_s088_low_w4.log,325.5099999999999,0.05,325.49932352941244,FAST64_V2_FIRST_CONVERSION_SEPARATED,793d59f7670074d536c068f28da84a31d824b65926d4c0adb461a849c949d93e,88,0,64,4cfb8b8af168c05fbe9a546d8d41af682f26aae344abbc3a668655213e70b5d1,ON,16ddaf0d08f0059381a55c97e92631ca48c6ab4cf6dbe905aba3998192502b72,100088,PASS_FAST64_COMPLETE,269496,P4_EVENT_NOISE_MC200_LOW,0.7853981633974483,True,TT_3P3_27C,67,4,0,MAIN_MC200_LOW,224,False,1,COMPLETE,0,7.561465011037601,True,-66.54740076719308,-58.31593544038357,FAST64_SS_W4,True,False,55.62952622574835,47.28001936644635,False,48.113974625315024,-54.85674212041257,False,0,68,68,a1d3a91fbaf4efa0f6ed90a73faf6f4aa0f8e156344b9d59c0df0769224784c5,7.531253546503708,56.23667417972402,47.098146349952316,48.021670659055744,-54.27508859968499,4,48.021670659055744,47.098146349952316,7.531253546503708,56.23667417972402,True,a1d3a91fbaf4efa0f6ed90a73faf6f4aa0f8e156344b9d59c0df0769224784c5,a1d3a91fbaf4efa0f6ed90a73faf6f4aa0f8e156344b9d59c0df0769224784c5,True,0,,0.09230396625927995,0.18187301649403764,0.03021146453389356,-0.6071479539756695,f35903b11ba6e2b3b26dabc20dbd297b24d651969208f164e3e17ed5f2e6b183,True,True,True,True
480.0,LOW,7,False,7b578e35f52865d5a645d6c949102e12173d2dce609ee7b2800ec3d1778ebe30,659d57b1239958d61efa34ee2592630d2705c905e9656f73677c6d20f178ea70,2026-07-25T22:22:02.328917+00:00,jobs/fast64_v2/p4_event_noise_mc200_low/mc200_on_s089_low_w4.spice,0.0020288306761555575,-0.6821138819514871,0.012213560670453205,-0.18301491243143886,-0.9203698074593376,0,146.7390659940429,218750.0,225,,True,PASS_FIRST_CONVERSION_DETERMINISTIC,FAST64_STARTUP_INCLUSIVE_W0,3.0,0,MC200_ON_S089_LOW_W4,logs/fast64_v2/p4_event_noise_mc200_low/mc200_on_s089_low_w4.log,325.51000000000073,0.05,325.4988823529418,FAST64_V2_FIRST_CONVERSION_SEPARATED,b99af25c3f145abf65c8e52708a107c427921561d51c06a30514344af31a5c47,89,0,64,e8765ca96d24d53a27a7da19d635bef61c9c9d0d9806312e3ce86c9a9653a335,ON,87979da27829d6461d5b66bb919ba084ca362885584e318f77586c65f4985273,100089,PASS_FAST64_COMPLETE,269468,P4_EVENT_NOISE_MC200_LOW,0.7853981633974483,True,TT_3P3_27C,67,4,0,MAIN_MC200_LOW,226,False,1,COMPLETE,0,7.73733093340055,True,-61.452667739771314,-59.77889656180661,FAST64_SS_W4,True,True,56.32956353293331,48.338732219071304,True,49.090546196650926,-56.32595689613112,False,0,68,68,5ac77583aa5baa78e28d749fa8d47cb50fb0c98ed5bb4268b6e58e998e71e0d6,7.735302102724394,57.011677414884794,48.32651865840085,49.273561109082365,-55.40558708867178,4,49.273561109082365,48.32651865840085,7.735302102724394,57.011677414884794,True,5ac77583aa5baa78e28d749fa8d47cb50fb0c98ed5bb4268b6e58e998e71e0d6,5ac77583aa5baa78e28d749fa8d47cb50fb0c98ed5bb4268b6e58e998e71e0d6,True,0,,-0.18301491243143886,0.012213560670453205,0.0020288306761555575,-0.6821138819514871,659d57b1239958d61efa34ee2592630d2705c905e9656f73677c6d20f178ea70,True,True,True,True
480.0,LOW,7,False,408206a5b23c125113ff8db7d2291e4acd7120186a7e56ee709c2b3fa8a46bd4,148ff02c609390d65ddd2609764825bbda76624225a7382692ef09793f2b6c6d,2026-07-25T22:22:55.594668+00:00,jobs/fast64_v2/p4_event_noise_mc200_low/mc200_on_s090_low_w4.spice,7.105427357601002e-15,0.0,4.263256414560601e-14,3.552713678800501e-14,-2.842170943040401e-14,0,132.00016043405049,218750.0,223,,True,PASS_FIRST_CONVERSION_DETERMINISTIC,FAST64_STARTUP_INCLUSIVE_W0,3.0,0,MC200_ON_S090_LOW_W4,logs/fast64_v2/p4_event_noise_mc200_low/mc200_on_s090_low_w4.log,325.51000000000073,0.05,325.4996470588242,FAST64_V2_FIRST_CONVERSION_SEPARATED,3619dde392256b31b3ca8320a70df45e9b7c631f179bc4772372371b624b62a2,90,0,64,c093688095f734371fa0939091bd5d27aede33359a8856935e40a03da1bedf31,ON,457ca3a95821536d30158d2fdceff3749c80cafec372fcf8fd71676a7ba1fcb6,100090,PASS_FAST64_COMPLETE,269476,P4_EVENT_NOISE_MC200_LOW,0.7853981633974483,True,TT_3P3_27C,67,4,0,MAIN_MC200_LOW,223,False,0,COMPLETE,0,7.509665595253306,True,-57.053373490478705,-69.99964242345362,FAST64_SS_W4,True,False,56.286478683673806,46.9681868834249,False,47.885122158217975,-54.17304738504258,False,0,68,68,35ce6a9a1201a33694bebc369717f0ea3e76cf4ab0a9633d10a410f765d16696,7.509665595253299,56.286478683673806,46.968186883424856,47.88512215821794,-54.17304738504255,4,47.88512215821794,46.968186883424856,7.509665595253299,56.286478683673806,True,35ce6a9a1201a33694bebc369717f0ea3e76cf4ab0a9633d10a410f765d16696,35ce6a9a1201a33694bebc369717f0ea3e76cf4ab0a9633d10a410f765d16696,True,0,,3.552713678800501e-14,4.263256414560601e-14,7.105427357601002e-15,0.0,148ff02c609390d65ddd2609764825bbda76624225a7382692ef09793f2b6c6d,True,True,True,True
480.0,LOW,7,False,aa49d724f2da0acf3aa1c92198f67bb4164482e101da84efa31885406ce4bce6,569527ced15241c50fb8b7daaf57bbac1fcdf0cbf75936b83dfd13ccb568b102,2026-07-25T22:22:12.282580+00:00,jobs/fast64_v2/p4_event_noise_mc200_low/mc200_on_s091_low_w4.spice,-0.03155911302334857,-0.3357763871449322,-0.18998586040056153,-0.3381380051265026,-0.2115579125457856,0,74.54202805506065,218750.0,221,,True,PASS_FIRST_CONVERSION_DETERMINISTIC,FAST64_STARTUP_INCLUSIVE_W0,3.0,0,MC200_ON_S091_LOW_W4,logs/fast64_v2/p4_event_noise_mc200_low/mc200_on_s091_low_w4.log,325.50300000000004,0.05,325.4991470588242,FAST64_V2_FIRST_CONVERSION_SEPARATED,99844b7da6eb6d9e9e52691afcbd447c6c6dc4ea367138517cef525b9fd15287,91,0,64,4c5e72e9dec66cbda8996343a6f49583602e37bb6c74f91e4c1300b9f76f42ff,ON,1411836820ccb5431883afec4cc3065e6f18c1f4bd52a66f4f65d358c965fa9d,100091,PASS_FAST64_COMPLETE,269400,P4_EVENT_NOISE_MC200_LOW,0.7853981633974483,True,TT_3P3_27C,67,4,0,MAIN_MC200_LOW,221,False,1,COMPLETE,0,7.613669062922213,True,-75.11112235913932,-63.639373795112945,FAST64_SS_W4,True,False,54.05015441845734,47.594287758791715,True,48.88545965287931,-53.49189337470847,False,0,68,68,034cbd0f8af164bf25031438bb317133179d58eb7d4677570e1f18fe4167a135,7.645228175945562,54.38593080560227,47.78427361919228,49.223597658005815,-53.28033546216268,4,49.223597658005815,47.78427361919228,7.645228175945562,54.38593080560227,True,034cbd0f8af164bf25031438bb317133179d58eb7d4677570e1f18fe4167a135,034cbd0f8af164bf25031438bb317133179d58eb7d4677570e1f18fe4167a135,True,0,,-0.3381380051265026,-0.18998586040056153,-0.03155911302334857,-0.3357763871449322,569527ced15241c50fb8b7daaf57bbac1fcdf0cbf75936b83dfd13ccb568b102,True,True,True,True
480.0,LOW,7,False,788d5ae9938dc509033c2b0dab77c817f9b51d92c72834ded18f37dc28329ba7,847b01b6f86dc9f01dd5e62f79b7acfe1e53e235cf3488574f73f86fd868ef05,2026-07-25T22:24:11.924920+00:00,jobs/fast64_v2/p4_event_noise_mc200_low/mc200_on_s092_low_w4.spice,-4.440892098500626e-15,0.0,-2.842170943040401e-14,-2.842170943040401e-14,2.842170943040401e-14,0,192.7812214900041,218750.0,223,,True,PASS_FIRST_CONVERSION_DETERMINISTIC,FAST64_STARTUP_INCLUSIVE_W0,3.0,0,MC200_ON_S092_LOW_W4,logs/fast64_v2/p4_event_noise_mc200_low/mc200_on_s092_low_w4.log,325.51000000000073,0.05,325.4994117647065,FAST64_V2_FIRST_CONVERSION_SEPARATED,914bdfdfa14c15501c333681f069a5af4931e674d5545ed4257b98b76b8a03f0,92,0,64,c1adbe169a6a0292cbab0a6502f790c6ee4dcd995a291fef233f8ba9f1bebac6,ON,a03249bbf7e15bef4703fc569ce2ee316c50602603bbb0546a36ee3665955858,100092,PASS_FAST64_COMPLETE,269488,P4_EVENT_NOISE_MC200_LOW,0.7853981633974483,True,TT_3P3_27C,67,4,0,MAIN_MC200_LOW,223,False,0,COMPLETE,0,7.805199045054637,True,-61.62839664129794,-74.34546434953187,FAST64_SS_W4,True,True,56.828409091762246,48.74729825122891,True,49.35663867653005,-57.57764999722365,False,0,68,68,fc88badb2cb6389afd614b9584b37a781f4f213ad39656d8ed6fb294602f6c29,7.805199045054642,56.828409091762246,48.74729825122894,49.35663867653008,-57.57764999722368,4,49.35663867653008,48.74729825122894,7.805199045054642,56.828409091762246,True,fc88badb2cb6389afd614b9584b37a781f4f213ad39656d8ed6fb294602f6c29,fc88badb2cb6389afd614b9584b37a781f4f213ad39656d8ed6fb294602f6c29,True,0,,-2.842170943040401e-14,-2.842170943040401e-14,-4.440892098500626e-15,0.0,847b01b6f86dc9f01dd5e62f79b7acfe1e53e235cf3488574f73f86fd868ef05,True,True,True,True
480.0,LOW,7,False,15d52422990feab562bbb56ae4ad79df6c083d02cac25fcc9dbb40ce57189204,98c88b38f0627ec286d83c7ba356b1c81f97d296c09fb8d429b3b54349eb4099,2026-07-25T22:24:03.494422+00:00,jobs/fast64_v2/p4_event_noise_mc200_low/mc200_on_s093_low_w4.spice,-0.006022259022698151,-0.11000793188774338,-0.036253999316642194,-0.0651904299405004,-0.05673251062480489,0,121.14979727601167,218750.0,227,,True,PASS_FIRST_CONVERSION_DETERMINISTIC,FAST64_STARTUP_INCLUSIVE_W0,3.0,0,MC200_ON_S093_LOW_W4,logs/fast64_v2/p4_event_noise_mc200_low/mc200_on_s093_low_w4.log,325.5099999999999,0.05,325.49976470588297,FAST64_V2_FIRST_CONVERSION_SEPARATED,afd258fca1c3637b579eac03a5a579e979823ef713072d014a6b0cf1896cd3c2,93,0,64,0986502da1430b7a48e412fcef588626f7c3e75ab0328abfc0b0bf9400e9ee3c,ON,62b5211c10f40c4d02b6d18780f7dc4b37d1fb72fc2c7be1382773969d678ae6,100093,PASS_FAST64_COMPLETE,269384,P4_EVENT_NOISE_MC200_LOW,0.7853981633974483,True,TT_3P3_27C,67,4,0,MAIN_MC200_LOW,226,False,2,COMPLETE,0,7.658038872578897,True,-63.021840182308225,-67.74417924948862,FAST64_SS_W4,True,True,56.130882896123914,47.861394012924954,True,49.023640268702465,-54.154426548817476,False,0,68,68,f4d58a27e758ec4a6ddd0d11aabf1b9843309ef6424be272e863df5fef3665fe,7.664061131601595,56.24089082801166,47.897648012241596,49.088830698642965,-54.09769403819267,4,49.088830698642965,47.897648012241596,7.664061131601595,56.24089082801166,True,f4d58a27e758ec4a6ddd0d11aabf1b9843309ef6424be272e863df5fef3665fe,f4d58a27e758ec4a6ddd0d11aabf1b9843309ef6424be272e863df5fef3665fe,True,0,,-0.0651904299405004,-0.036253999316642194,-0.006022259022698151,-0.11000793188774338,98c88b38f0627ec286d83c7ba356b1c81f97d296c09fb8d429b3b54349eb4099,True,True,True,True
480.0,LOW,7,False,4a2a5b8652a80f4a16755635c7ec92cb7ba64ad9945a9e0216b68f9203678137,2c5e8c180b48bbb3e969778fc4dec01e92bb82ef4d4f8a55bb7b273e19f0342c,2026-07-25T22:24:58.842390+00:00,jobs/fast64_v2/p4_event_noise_mc200_low/mc200_on_s094_low_w4.spice,-0.010509418145408844,0.42780930609978185,-0.06326669723536327,0.05405913279085439,1.9281625689969033,0,166.5375116240466,218750.0,226,,True,PASS_FIRST_CONVERSION_DETERMINISTIC,FAST64_STARTUP_INCLUSIVE_W0,3.0,0,MC200_ON_S094_LOW_W4,logs/fast64_v2/p4_event_noise_mc200_low/mc200_on_s094_low_w4.log,325.51000000000073,0.05,325.4989852941183,FAST64_V2_FIRST_CONVERSION_SEPARATED,07920b8b603d453f75542601287ed607b132d0a7352e1087c651e098d0e30ae9,94,0,64,40095b9f408815e2c048c0efe4e6af35456a80665e822cd438171490f4dbe78c,ON,9531ca1a08c54818234efe4fe839d91f2f11d75af0d4e36a5f36da42599521c7,100094,PASS_FAST64_COMPLETE,269524,P4_EVENT_NOISE_MC200_LOW,0.7853981633974483,True,TT_3P3_27C,67,4,0,MAIN_MC200_LOW,226,False,1,COMPLETE,0,7.565538209179713,True,-67.3001748380496,-62.46110043108157,FAST64_SS_W4,True,False,55.04851055388105,47.304540019261864,False,47.632495673504394,-58.68717788616116,False,0,68,68,f8a177b1372e501a2397bf655a5c7ccb35e490d43fbb02b29f5be4e142bb8a97,7.576047627325122,54.62070124778127,47.36780671649723,47.57843654071354,-60.61534045515806,4,47.57843654071354,47.36780671649723,7.576047627325122,54.62070124778127,True,f8a177b1372e501a2397bf655a5c7ccb35e490d43fbb02b29f5be4e142bb8a97,f8a177b1372e501a2397bf655a5c7ccb35e490d43fbb02b29f5be4e142bb8a97,True,0,,0.05405913279085439,-0.06326669723536327,-0.010509418145408844,0.42780930609978185,2c5e8c180b48bbb3e969778fc4dec01e92bb82ef4d4f8a55bb7b273e19f0342c,True,True,True,True
480.0,LOW,7,False,f0304c2b0779daded61558427c3578ce912848d3c60978693d6c259327b95008,ec70be807487dbc940fbc2ed61b1bda2d01d0287e49f9fea80048815462f9550,2026-07-25T22:25:48.351063+00:00,jobs/fast64_v2/p4_event_noise_mc200_low/mc200_on_s095_low_w4.spice,-0.025284703498012817,-1.1004925721248284,-0.1522139150580344,-0.04762733825431553,0.5884544668356,0,172.74434523493983,218750.0,226,,True,PASS_FIRST_CONVERSION_DETERMINISTIC,FAST64_STARTUP_INCLUSIVE_W0,3.0,0,MC200_ON_S095_LOW_W4,logs/fast64_v2/p4_event_noise_mc200_low/mc200_on_s095_low_w4.log,325.51000000000073,0.05,325.5000000000006,FAST64_V2_FIRST_CONVERSION_SEPARATED,51d9191adf9339b394c6dfd61db160f706d6e74541e8364b33c32e60f0e277bd,95,0,64,d2357b28a6584bb7ebff61613f506ad42aef1e6e393fed1835c0b3a631d09c3e,ON,76f07faa6c7e3f72407cefff8f9f4a541da4ab979c61812987aa43c4f8a18d91,100095,PASS_FAST64_COMPLETE,269436,P4_EVENT_NOISE_MC200_LOW,0.7853981633974483,True,TT_3P3_27C,67,4,0,MAIN_MC200_LOW,226,False,1,COMPLETE,0,7.605778990033825,True,-77.11309423996653,-64.06111309414166,FAST64_SS_W4,True,False,55.54817911480996,47.54678952000362,True,48.5333873457877,-54.467195354200825,False,0,68,68,10edea8bd2bfc1ba9f16b9e488f7002cd744f36a5f4438786fc955fb0cf8e5c7,7.631063693531837,56.64867168693479,47.699003435061655,48.58101468404202,-55.055649821036425,4,48.58101468404202,47.699003435061655,7.631063693531837,56.64867168693479,True,10edea8bd2bfc1ba9f16b9e488f7002cd744f36a5f4438786fc955fb0cf8e5c7,10edea8bd2bfc1ba9f16b9e488f7002cd744f36a5f4438786fc955fb0cf8e5c7,True,0,,-0.04762733825431553,-0.1522139150580344,-0.025284703498012817,-1.1004925721248284,ec70be807487dbc940fbc2ed61b1bda2d01d0287e49f9fea80048815462f9550,True,True,True,True
480.0,LOW,7,False,415d535233fe38002c5dbd336c9cec3eb57189a5f27d413ad550128f95a45dd2,6869cab70bb38cda37ad8e65bb663a879c523f68080b28adbf701a4905383cca,2026-07-25T22:26:01.428964+00:00,jobs/fast64_v2/p4_event_noise_mc200_low/mc200_on_s096_low_w4.spice,-0.0443200722049264,-0.3126362980223689,-0.26680683467365895,-0.2834281191276986,0.2009594549269309,0,117.91213215200696,218750.0,224,,True,PASS_FIRST_CONVERSION_DETERMINISTIC,FAST64_STARTUP_INCLUSIVE_W0,3.0,0,MC200_ON_S096_LOW_W4,logs/fast64_v2/p4_event_noise_mc200_low/mc200_on_s096_low_w4.log,325.5010000000001,0.05,325.49839705882414,FAST64_V2_FIRST_CONVERSION_SEPARATED,5093fa50b4ccaf2cf2c0363e5bf8d4979a6091683930eb27c3c25157e31769d5,96,0,64,cb76a5447f5125bccba98f6c6ba318654f3f33f6a41873724d8030e11f20a034,ON,b77c94643a42b65cfba9e0cbb09c0245277c3034af087ffad7496ec548ed40c7,100096,PASS_FAST64_COMPLETE,269276,P4_EVENT_NOISE_MC200_LOW,0.7853981633974483,True,TT_3P3_27C,67,4,0,MAIN_MC200_LOW,224,False,1,COMPLETE,0,7.902463198640038,True,-62.593931170590515,-58.51241400243373,FAST64_SS_W4,True,True,57.33308039632381,49.33282845581302,True,50.30204608717882,-56.32205852582039,False,0,68,68,743ce4b10ebc68a697e913b66168c7ec5e6168f87715f36854dc1f93a63701db,7.946783270844964,57.64571669434618,49.59963529048668,50.58547420630652,-56.52301798074732,4,50.58547420630652,49.59963529048668,7.946783270844964,57.64571669434618,True,743ce4b10ebc68a697e913b66168c7ec5e6168f87715f36854dc1f93a63701db,743ce4b10ebc68a697e913b66168c7ec5e6168f87715f36854dc1f93a63701db,True,0,,-0.2834281191276986,-0.26680683467365895,-0.0443200722049264,-0.3126362980223689,6869cab70bb38cda37ad8e65bb663a879c523f68080b28adbf701a4905383cca,True,True,True,True
480.0,LOW,7,False,d472caef5f54d5c62c8ff2fa6d420f345199420f08d5aab7b42a5d74f1b39e58,84722259421958a0bfd0b62e43760e4992c1d1cae96a0c5e4ee8cb609c8037c5,2026-07-25T22:25:40.336712+00:00,jobs/fast64_v2/p4_event_noise_mc200_low/mc200_on_s097_low_w4.spice,-0.007676667250279934,-1.4975778847936851,-0.046213536846686054,-0.05934892862570251,-0.02859126702677628,0,88.39195939898491,218750.0,224,,True,PASS_FIRST_CONVERSION_DETERMINISTIC,FAST64_STARTUP_INCLUSIVE_W0,3.0,0,MC200_ON_S097_LOW_W4,logs/fast64_v2/p4_event_noise_mc200_low/mc200_on_s097_low_w4.log,325.51000000000073,0.05,325.5001470588242,FAST64_V2_FIRST_CONVERSION_SEPARATED,7066aa678f4982b657dccc6270e9ecad13af93e04c4a4793c50a625eb008fc99,97,0,64,00fc92f76778a923f774dbea5a29ab2c21bc924f7edb78660098cef4bd2293b6,ON,06ea0b776a403ab40a5800ce12b2425a5a6deb8bff9ef5fdf5e100a6cf994369,100097,PASS_FAST64_COMPLETE,269372,P4_EVENT_NOISE_MC200_LOW,0.7853981633974483,True,TT_3P3_27C,67,4,0,MAIN_MC200_LOW,224,False,1,COMPLETE,0,7.835954337021269,True,-65.49904581434109,-66.27387658305865,FAST64_SS_W4,True,True,56.136964118347976,48.93244510886803,True,49.62847731131592,-57.22736401942133,False,0,68,68,8285859bdcf343036b15f7e72d756258827156de5e3840aa3efa2decc996c557,7.843631004271549,57.63454200314166,48.97865864571472,49.68782623994162,-57.198772752394554,4,49.68782623994162,48.97865864571472,7.843631004271549,57.63454200314166,True,8285859bdcf343036b15f7e72d756258827156de5e3840aa3efa2decc996c557,8285859bdcf343036b15f7e72d756258827156de5e3840aa3efa2decc996c557,True,0,,-0.05934892862570251,-0.046213536846686054,-0.007676667250279934,-1.4975778847936851,84722259421958a0bfd0b62e43760e4992c1d1cae96a0c5e4ee8cb609c8037c5,True,True,True,True
480.0,LOW,7,False,11e5fd8cc2db269b9e58d79a70f06c21f2ffb690fd5e9f9fd8221386196131ab,7ca6d3cb877db97ae7bf2b151bd6ad79f12371f7aece5e499c41d664b10e120c,2026-07-25T22:27:55.604626+00:00,jobs/fast64_v2/p4_event_noise_mc200_low/mc200_on_s098_low_w4.spice,5.329070518200751e-15,7.105427357601002e-14,3.552713678800501e-14,4.263256414560601e-14,1.4210854715202004e-14,0,176.7527756699128,218750.0,223,,True,PASS_FIRST_CONVERSION_DETERMINISTIC,FAST64_STARTUP_INCLUSIVE_W0,3.0,0,MC200_ON_S098_LOW_W4,logs/fast64_v2/p4_event_noise_mc200_low/mc200_on_s098_low_w4.log,325.5099999999999,0.05,325.49969117647123,FAST64_V2_FIRST_CONVERSION_SEPARATED,1f8678be04ded2ee56a56aebb2c31fb89edcdb7b331847e5d616340eb1d6acd8,98,0,64,b9a561e36ddd30ab83e41c7d88b528e88f777d7f26779716633c25e5c3aff640,ON,0788b03be57d9d864a01e968b41b5bcb60728d1db896217156dbc4e6e55ca9e8,100098,PASS_FAST64_COMPLETE,269548,P4_EVENT_NOISE_MC200_LOW,0.7853981633974483,True,TT_3P3_27C,67,4,0,MAIN_MC200_LOW,223,False,0,COMPLETE,0,7.795356837790633,True,-58.338487191641725,-66.81969606942641,FAST64_SS_W4,True,True,57.80457589245504,48.68804816349961,True,49.313673447561335,-57.41180644795314,False,0,68,68,067225cbc43fe7fdb4c96d6718c5fedf4b3aaecbe231bfd1e7862eb316da0783,7.795356837790628,57.80457589245497,48.68804816349957,49.31367344756129,-57.411806447953154,4,49.31367344756129,48.68804816349957,7.795356837790628,57.80457589245497,True,067225cbc43fe7fdb4c96d6718c5fedf4b3aaecbe231bfd1e7862eb316da0783,067225cbc43fe7fdb4c96d6718c5fedf4b3aaecbe231bfd1e7862eb316da0783,True,0,,4.263256414560601e-14,3.552713678800501e-14,5.329070518200751e-15,7.105427357601002e-14,7ca6d3cb877db97ae7bf2b151bd6ad79f12371f7aece5e499c41d664b10e120c,True,True,True,True
480.0,LOW,7,False,4ba2dd6e118b46189663f22abc57b8598621fd851c88248bd8c539efe33fee95,ec86e8fb0daf465de6b7b7392d6e18b85d6dc0455910ee6ab57007cd47c97959,2026-07-25T22:27:23.293992+00:00,jobs/fast64_v2/p4_event_noise_mc200_low/mc200_on_s099_low_w4.spice,-8.881784197001252e-16,4.263256414560601e-14,-7.105427357601002e-15,0.0,2.1316282072803006e-14,0,102.93407708697487,218750.0,223,,True,PASS_FIRST_CONVERSION_DETERMINISTIC,FAST64_STARTUP_INCLUSIVE_W0,3.0,0,MC200_ON_S099_LOW_W4,logs/fast64_v2/p4_event_noise_mc200_low/mc200_on_s099_low_w4.log,325.51000000000073,0.05,325.5003970588242,FAST64_V2_FIRST_CONVERSION_SEPARATED,b8468141a3e3ceac394d575d7178530acc0ca5dc8a7b80df47b0e829876d96ae,99,0,64,489fcd70b1507c4ab01203a20d8182c3d924647e33bdc9d2d748feeeb676f9ab,ON,1faca242b5f332f4592ac1309f7f78a2aa0389ba6e73d1860a09f37d25682a4c,100099,FAIL_STEADY_STATE_DYNAMIC,269532,P4_EVENT_NOISE_MC200_LOW,0.7853981633974483,True,TT_3P3_27C,67,4,0,MAIN_MC200_LOW,223,False,0,COMPLETE_WITH_FAIL,0,7.467768280487927,False,-60.64162970538921,-61.933770142599336,FAST64_SS_W4,True,False,55.99138953809265,46.71596504853731,False,47.63870178279609,-53.896232662854814,False,0,68,68,3c12e3ae30e8b99580662f2a6b3a63a6cb570cb147aac846d6da24ecf57f352f,7.4677682804879275,55.991389538092605,46.71596504853732,47.63870178279609,-53.896232662854835,4,47.63870178279609,46.71596504853732,7.4677682804879275,55.991389538092605,False,3c12e3ae30e8b99580662f2a6b3a63a6cb570cb147aac846d6da24ecf57f352f,3c12e3ae30e8b99580662f2a6b3a63a6cb570cb147aac846d6da24ecf57f352f,True,0,,0.0,-7.105427357601002e-15,-8.881784197001252e-16,4.263256414560601e-14,ec86e8fb0daf465de6b7b7392d6e18b85d6dc0455910ee6ab57007cd47c97959,True,True,True,True
480.0,LOW,7,False,4e930e291bfe56aaee094e3dc83c8f99b5bda24b7f2c669d378335222f89f6da,c12bc986fa22af5988925f39455e8b98206db14c6cb1936a9baf183c6785933a,2026-07-25T22:27:48.776599+00:00,jobs/fast64_v2/p4_event_noise_mc200_low/mc200_on_s100_low_w4.spice,-0.006125050308915192,-1.0269237555279673,-0.03687280285966921,0.6498995263705964,1.1295602130977613,0,120.40940402902197,218750.0,223,,True,PASS_FIRST_CONVERSION_DETERMINISTIC,FAST64_STARTUP_INCLUSIVE_W0,3.0,0,MC200_ON_S100_LOW_W4,logs/fast64_v2/p4_event_noise_mc200_low/mc200_on_s100_low_w4.log,325.51000000000073,0.05,325.499264705883,FAST64_V2_FIRST_CONVERSION_SEPARATED,d06301eceb6cc62c101b23b024dc95f219f1b020e62daec2be495c0c2dc1795c,100,0,64,212be66cf9bd297ee2789bda2039602ff6c382b11bdde4a608221892c0a1ee85,ON,9dbb2c6be24d71cb54f8fc9738177eee78ce7e55fe878915d01205ea0b4b33c5,100100,PASS_FAST64_COMPLETE,269572,P4_EVENT_NOISE_MC200_LOW,0.7853981633974483,True,TT_3P3_27C,67,4,0,MAIN_MC200_LOW,223,False,1,COMPLETE,0,7.687467805223127,True,-71.31800905159272,-58.13313022882687,FAST64_SS_W4,True,True,55.68237778320971,48.03855618744322,True,50.51875275086939,-51.652779206008674,False,0,68,68,53664a61aa9b59ab2a950acd9244ebd2683b2549d3b81143f7c2c61aa90152b0,7.693592855532042,56.70930153873768,48.07542899030289,49.86885322449879,-52.782339419106435,4,49.86885322449879,48.07542899030289,7.693592855532042,56.70930153873768,True,53664a61aa9b59ab2a950acd9244ebd2683b2549d3b81143f7c2c61aa90152b0,53664a61aa9b59ab2a950acd9244ebd2683b2549d3b81143f7c2c61aa90152b0,True,0,,0.6498995263705964,-0.03687280285966921,-0.006125050308915192,-1.0269237555279673,c12bc986fa22af5988925f39455e8b98206db14c6cb1936a9baf183c6785933a,True,True,True,True
480.0,LOW,7,False,570fdfd878bc6383950f413c352968875cd5dd7332819e826f20ad10afc0d351,f45f9d1285d4e622ad162a8a5b0756fd38945c9125a8506df02914c2df87e5b7,2026-07-25T22:28:29.465916+00:00,jobs/fast64_v2/p4_event_noise_mc200_low/mc200_on_s101_low_w4.spice,8.881784197001252e-16,0.0,7.105427357601002e-15,1.4210854715202004e-14,0.0,0,148.02303630497772,218750.0,223,,True,PASS_FIRST_CONVERSION_DETERMINISTIC,FAST64_STARTUP_INCLUSIVE_W0,3.0,0,MC200_ON_S101_LOW_W4,logs/fast64_v2/p4_event_noise_mc200_low/mc200_on_s101_low_w4.log,325.504,0.05,325.4987794117654,FAST64_V2_FIRST_CONVERSION_SEPARATED,ef110bbd9e32ee95411bcd0ec07a4e19b85cb7355ed8f1fe5616539a53091860,101,0,64,1efe6424704c437a1f63fbabc1ce6387f268fcd850832778cab5c2a310e487bc,ON,cfd9ef9a806470f9485f1d779d0e3718a60b01b6f5091f80a527011f53325d3e,100101,PASS_FAST64_COMPLETE,269368,P4_EVENT_NOISE_MC200_LOW,0.7853981633974483,True,TT_3P3_27C,67,4,0,MAIN_MC200_LOW,223,False,0,COMPLETE,0,7.743799032675164,True,-77.99767103608845,-59.79273109608597,FAST64_SS_W4,True,True,56.450239481615256,48.377670176704484,True,49.582528379673334,-54.534664324210866,False,0,68,68,f6cfe1ddc1ab9cc376ce412db743d6a9a2b75bbbda55bfba34d746ea7d1baec9,7.743799032675163,56.450239481615256,48.37767017670448,49.58252837967332,-54.534664324210866,4,49.58252837967332,48.37767017670448,7.743799032675163,56.450239481615256,True,f6cfe1ddc1ab9cc376ce412db743d6a9a2b75bbbda55bfba34d746ea7d1baec9,f6cfe1ddc1ab9cc376ce412db743d6a9a2b75bbbda55bfba34d746ea7d1baec9,True,0,,1.4210854715202004e-14,7.105427357601002e-15,8.881784197001252e-16,0.0,f45f9d1285d4e622ad162a8a5b0756fd38945c9125a8506df02914c2df87e5b7,True,True,True,True
480.0,LOW,7,False,aec6727df312644298f6b8d242a704a654ed346c8f1f497a995cd88d86371a3a,e92461bc1a5a609030924b579d390ade528c392568ccb655b1362e360935cc60,2026-07-25T22:30:45.967248+00:00,jobs/fast64_v2/p4_event_noise_mc200_low/mc200_on_s102_low_w4.spice,0.010062458733554713,-0.929234751891812,0.06057600157599552,0.5319838412744176,1.3000920550775064,0,202.66051931702532,218750.0,226,,True,PASS_FIRST_CONVERSION_DETERMINISTIC,FAST64_STARTUP_INCLUSIVE_W0,3.0,0,MC200_ON_S102_LOW_W4,logs/fast64_v2/p4_event_noise_mc200_low/mc200_on_s102_low_w4.log,325.51000000000073,0.05,325.50016176470655,FAST64_V2_FIRST_CONVERSION_SEPARATED,a52b9193de03687609ed68eeeebc4b956bb215c6e906c4541b296789f9ec1234,102,0,64,b54b90e0a4e5b2ab1baf4802e8f1bde25cb37c128d9e2adfb81c8dce81030a51,ON,b50bfbe82e29f5c61645408f7ea285882a90a7238fa77dbb35686cd1e2354f8f,100102,PASS_FAST64_COMPLETE,269664,P4_EVENT_NOISE_MC200_LOW,0.7853981633974483,True,TT_3P3_27C,67,4,0,MAIN_MC200_LOW,226,False,1,COMPLETE,0,7.531810929013609,True,-56.31481867236439,-63.15529243727927,FAST64_SS_W4,True,False,55.49768339012602,47.10150179266192,True,48.64352525316057,-52.34665753310659,False,0,68,68,73eb8f416fa25a8484f7b622ff806c916e7037d3bd6c7bac55ff07bb48106a99,7.5217484702800546,56.42691814201783,47.040925791085925,48.11154141188615,-53.64674958818409,4,48.11154141188615,47.040925791085925,7.5217484702800546,56.42691814201783,True,73eb8f416fa25a8484f7b622ff806c916e7037d3bd6c7bac55ff07bb48106a99,73eb8f416fa25a8484f7b622ff806c916e7037d3bd6c7bac55ff07bb48106a99,True,0,,0.5319838412744176,0.06057600157599552,0.010062458733554713,-0.929234751891812,e92461bc1a5a609030924b579d390ade528c392568ccb655b1362e360935cc60,True,True,True,True
480.0,LOW,7,False,37f3b35557bc509ff9f5f8cd811241a0b3c77edd48d2399deec5083dd3c5f6c2,d6e9e06b1870a2d6ef91a7b2b6ca3a8de07f070cc6c87ac2d1da40558d5297c0,2026-07-25T22:29:07.885163+00:00,jobs/fast64_v2/p4_event_noise_mc200_low/mc200_on_s103_low_w4.spice,0.050462342180354725,1.4564991990740808,0.3037832999257333,0.5547060838305384,1.515327626950672,0,79.07837290898897,218750.0,225,,True,PASS_FIRST_CONVERSION_DETERMINISTIC,FAST64_STARTUP_INCLUSIVE_W0,3.0,0,MC200_ON_S103_LOW_W4,logs/fast64_v2/p4_event_noise_mc200_low/mc200_on_s103_low_w4.log,325.51000000000033,0.05,325.5003970588242,FAST64_V2_FIRST_CONVERSION_SEPARATED,00433c0bc32f76c394f1b92b7c0ca3aadb359abccc47ce073807536ad52c876a,103,0,64,5f32fb1d4a316c53fa493086025bb3b2c99862d0da4487ce37ca84e9407e7a0e,ON,1b0a13d66f7100b663b12439eea7b0576c8cef5a8af5f83cca140184bf8cdb6a,100103,PASS_FAST64_COMPLETE,269428,P4_EVENT_NOISE_MC200_LOW,0.7853981633974483,True,TT_3P3_27C,67,4,0,MAIN_MC200_LOW,225,False,1,COMPLETE,0,7.579625811174663,True,-59.478266352998915,-64.25732967100619,FAST64_SS_W4,True,False,56.61519593794893,47.38934738327146,False,48.085322513174795,-55.68459464243135,False,0,68,68,b4f690bdb2752142109e178e2e17281045dd5fc29b993532b5f87cf9d743180b,7.529163468994308,55.15869673887485,47.08556408334573,47.530616429344256,-57.19992226938202,4,47.530616429344256,47.08556408334573,7.529163468994308,55.15869673887485,True,b4f690bdb2752142109e178e2e17281045dd5fc29b993532b5f87cf9d743180b,b4f690bdb2752142109e178e2e17281045dd5fc29b993532b5f87cf9d743180b,True,0,,0.5547060838305384,0.3037832999257333,0.050462342180354725,1.4564991990740808,d6e9e06b1870a2d6ef91a7b2b6ca3a8de07f070cc6c87ac2d1da40558d5297c0,True,True,True,True
480.0,LOW,7,False,fc00c1daff4baa90f43be46e4b2bf5762f96d151e880ba1a0c22d1efacb1b604,081835dd2d55875eb2587d81ede2a0c7121f1d6a6f6aba46e8a7934b27db9933,2026-07-25T22:30:55.671642+00:00,jobs/fast64_v2/p4_event_noise_mc200_low/mc200_on_s104_low_w4.spice,0.019299808881437563,0.8447227459255302,0.11618484946625074,0.18605740156409922,0.38152270640342323,0,180.05444780900143,218750.0,224,,True,PASS_FIRST_CONVERSION_DETERMINISTIC,FAST64_STARTUP_INCLUSIVE_W0,3.0,0,MC200_ON_S104_LOW_W4,logs/fast64_v2/p4_event_noise_mc200_low/mc200_on_s104_low_w4.log,325.5099999999999,0.05,325.49776470588296,FAST64_V2_FIRST_CONVERSION_SEPARATED,e57772e88dd202632c55753ef2860ef0444ed6d34bdd4688b6e5ddc2c6a7a8b9,104,0,64,3a57d84e3c722e4c500a79edff6b26f7c7cecd777477639e78716dd56d9126a8,ON,b3ecd258e3f72eb5449ad365f2fe4e9217813b0b1072a5c67e73f6b9fbc117a6,100104,PASS_FAST64_COMPLETE,269524,P4_EVENT_NOISE_MC200_LOW,0.7853981633974483,True,TT_3P3_27C,67,4,0,MAIN_MC200_LOW,224,False,1,COMPLETE,0,7.6635204362738225,True,-62.085959366106465,-67.11595224880135,FAST64_SS_W4,True,True,56.6798549748599,47.894393026368405,True,48.50057257703932,-56.74578828363253,False,0,68,68,eb4799eb397e21837b550668df15015ab9dcaf72771c5174a9ba864182295ff4,7.644220627392385,55.83513222893437,47.778208176902154,48.31451517547522,-57.12731099003595,4,48.31451517547522,47.778208176902154,7.644220627392385,55.83513222893437,True,eb4799eb397e21837b550668df15015ab9dcaf72771c5174a9ba864182295ff4,eb4799eb397e21837b550668df15015ab9dcaf72771c5174a9ba864182295ff4,True,0,,0.18605740156409922,0.11618484946625074,0.019299808881437563,0.8447227459255302,081835dd2d55875eb2587d81ede2a0c7121f1d6a6f6aba46e8a7934b27db9933,True,True,True,True
480.0,LOW,7,False,b92c1aca15e73f26f1ba51c5d1a4fcb45c3e07a1f3e0ebe9e5d6ea8ecffb0ce0,4478a066bff6a934e4a2bcc3103a483b2ed42523a2c5cbe9af52bcfb3725a86c,2026-07-25T22:30:00.604389+00:00,jobs/fast64_v2/p4_event_noise_mc200_low/mc200_on_s105_low_w4.spice,-0.0331362805536255,0.3053272072651936,-0.19948040893282837,-0.3041765675216652,-0.4540798569989164,0,91.1231489549391,218750.0,223,,True,PASS_FIRST_CONVERSION_DETERMINISTIC,FAST64_STARTUP_INCLUSIVE_W0,3.0,0,MC200_ON_S105_LOW_W4,logs/fast64_v2/p4_event_noise_mc200_low/mc200_on_s105_low_w4.log,325.51000000000073,0.05,325.50101470588305,FAST64_V2_FIRST_CONVERSION_SEPARATED,8058a0b7b0fb33c6a715a6e5e0ccf021da555d996b100a53f45c59f919152f09,105,0,64,f2c2964cb550f2a36154607ba0666915ce3232fd1e97f2746922958f7501f88f,ON,261e72f4495138c301be852bc6b67383585bddbbc7d8d0eaea02eec64719acb8,100105,PASS_FAST64_COMPLETE,269528,P4_EVENT_NOISE_MC200_LOW,0.7853981633974483,True,TT_3P3_27C,67,4,0,MAIN_MC200_LOW,224,False,2,COMPLETE,0,7.515341601232632,True,-62.977183538122,-59.569329680068044,FAST64_SS_W4,True,False,53.637445556153196,47.00235643942044,False,47.59673043290668,-55.93339968006792,False,0,68,68,6c1809babf051c71d281e2abe8b57389836009bf450827c958bbe32a1671d058,7.5484778817862574,53.332118348888,47.20183684835327,47.90090700042835,-55.479319823069005,4,47.90090700042835,47.20183684835327,7.5484778817862574,53.332118348888,True,6c1809babf051c71d281e2abe8b57389836009bf450827c958bbe32a1671d058,6c1809babf051c71d281e2abe8b57389836009bf450827c958bbe32a1671d058,True,0,,-0.3041765675216652,-0.19948040893282837,-0.0331362805536255,0.3053272072651936,4478a066bff6a934e4a2bcc3103a483b2ed42523a2c5cbe9af52bcfb3725a86c,True,True,True,True
480.0,LOW,7,False,c4409ac69ec45b2c95136ae1fbc7f4177b8d9cf07e6628a500507c1ffc652e73,f718e97c24f8128b3ef6f6bd9026d9b36c8d232132d9050eb0592638a30dea9f,2026-07-25T22:30:43.357738+00:00,jobs/fast64_v2/p4_event_noise_mc200_low/mc200_on_s106_low_w4.spice,-0.004754680344727369,0.7123927755103665,-0.028623175675257073,-0.5336745902246207,-1.839974719131412,0,95.45459073001985,218750.0,226,,True,PASS_FIRST_CONVERSION_DETERMINISTIC,FAST64_STARTUP_INCLUSIVE_W0,3.0,0,MC200_ON_S106_LOW_W4,logs/fast64_v2/p4_event_noise_mc200_low/mc200_on_s106_low_w4.log,325.51000000000073,0.05,325.4994117647065,FAST64_V2_FIRST_CONVERSION_SEPARATED,1480449f999fd7a7920bed441555e3a4e3d3fc9e386e104983a8403516cf6c74,106,0,64,7f3b3cc39f954347a56ba9ca89fb7070fbd9bf1611e1ffe589877c3b7884a5b5,ON,c7c1a23b42da309bb4b6bfa4ec925911eb74483ead4565c32f551fd14095bc02,100106,PASS_FAST64_COMPLETE,269420,P4_EVENT_NOISE_MC200_LOW,0.7853981633974483,True,TT_3P3_27C,67,4,0,MAIN_MC200_LOW,226,False,1,COMPLETE,0,7.839116230149382,True,-64.39177507117986,-74.86192772891215,FAST64_SS_W4,True,True,56.96422655580865,48.951479705499274,True,49.7584344769197,-56.658062611367335,False,0,68,68,f15742159bf21f2d56af325daee0fc7d3acd3011dfe7c4667fce8f67983ee410,7.843870910494109,56.251833780298284,48.98010288117453,50.292109067144324,-54.81808789223592,4,50.292109067144324,48.98010288117453,7.843870910494109,56.251833780298284,True,f15742159bf21f2d56af325daee0fc7d3acd3011dfe7c4667fce8f67983ee410,f15742159bf21f2d56af325daee0fc7d3acd3011dfe7c4667fce8f67983ee410,True,0,,-0.5336745902246207,-0.028623175675257073,-0.004754680344727369,0.7123927755103665,f718e97c24f8128b3ef6f6bd9026d9b36c8d232132d9050eb0592638a30dea9f,True,True,True,True
480.0,LOW,7,False,294c32485ec051661ea786113e73ffc90b57c032cfa50bc6c583518c284684f0,5e635e1b4b32b654a50922cbd0aeba9c4d57052febd5325a60885cec74cfce76,2026-07-25T22:32:17.177033+00:00,jobs/fast64_v2/p4_event_noise_mc200_low/mc200_on_s107_low_w4.spice,0.010369723540093467,0.4116843436486306,0.062425735711364894,-0.14911484574576406,-1.0844038429502803,0,136.55216611095238,218750.0,223,,True,PASS_FIRST_CONVERSION_DETERMINISTIC,FAST64_STARTUP_INCLUSIVE_W0,3.0,0,MC200_ON_S107_LOW_W4,logs/fast64_v2/p4_event_noise_mc200_low/mc200_on_s107_low_w4.log,325.502,0.05,325.4991029411771,FAST64_V2_FIRST_CONVERSION_SEPARATED,ae2965008e6bdc70250300d5b7a28678e89a03016975ef0e570394fead2351ca,107,0,64,016b6b098a607ed8f6cc757cca1c4577637d733255905d1981da3bd493ff7eac,ON,cc38abedc12773393a08302df653bc07c1fcb5b2c00a7a60bb17dd836bab95cb,100107,PASS_FAST64_COMPLETE,269080,P4_EVENT_NOISE_MC200_LOW,0.7853981633974483,True,TT_3P3_27C,67,4,0,MAIN_MC200_LOW,224,False,1,COMPLETE,0,7.724740032112705,True,-69.50493273535866,-62.643930209686694,FAST64_SS_W4,True,True,58.143081469056916,48.26293499331848,True,48.978778560657766,-56.4456034094094,False,0,68,68,9dcd4d11d7c6a9873923b83027842b1fb946879122e6366b10a4d167fa87ee64,7.714370308572612,57.731397125408286,48.200509257607116,49.12789340640353,-55.36119956645912,4,49.12789340640353,48.200509257607116,7.714370308572612,57.731397125408286,True,9dcd4d11d7c6a9873923b83027842b1fb946879122e6366b10a4d167fa87ee64,9dcd4d11d7c6a9873923b83027842b1fb946879122e6366b10a4d167fa87ee64,True,0,,-0.14911484574576406,0.062425735711364894,0.010369723540093467,0.4116843436486306,5e635e1b4b32b654a50922cbd0aeba9c4d57052febd5325a60885cec74cfce76,True,True,True,True
480.0,LOW,7,False,8d8c44fc186dc473b71b8495769b625c11c9c6d26953dd4f7e615eb04fa0632d,85d6e80692bc4558021b60231fc3a8418e17c450a12e9f0fe851a1d40ee4e77c,2026-07-25T22:32:40.064504+00:00,jobs/fast64_v2/p4_event_noise_mc200_low/mc200_on_s108_low_w4.spice,0.021720086465996324,0.6875796861723416,0.13075492052529825,-0.1669012254138451,-1.5190034406868662,0,116.69446326000616,218750.0,224,,True,PASS_FIRST_CONVERSION_DETERMINISTIC,FAST64_STARTUP_INCLUSIVE_W0,3.0,0,MC200_ON_S108_LOW_W4,logs/fast64_v2/p4_event_noise_mc200_low/mc200_on_s108_low_w4.log,325.51000000000073,0.05,325.5001029411771,FAST64_V2_FIRST_CONVERSION_SEPARATED,a071ea9a66b1e9491260bfab73e3d393c435b14adeaac15e8809903324fcc2f8,108,0,64,802ce34faaa32ad9d8f1184cbc9d5ea67d0241869e0579aa04ee7b8d3b5c0c2c,ON,e874418268164fef5ccf59d5cf3325f32891c58ae95e77c39911aa24e587340b,100108,PASS_FAST64_COMPLETE,269300,P4_EVENT_NOISE_MC200_LOW,0.7853981633974483,True,TT_3P3_27C,67,4,0,MAIN_MC200_LOW,225,False,1,COMPLETE,0,7.8137845523497145,True,-69.71816394880062,-73.4323574365379,FAST64_SS_W4,True,True,57.02823128289852,48.798983005145274,True,49.502573418243145,-57.05067376999025,False,0,68,68,355b25f59877de08edc3c001091eb07defe4470759e11333e36c205659ae4276,7.792064465883718,56.340651596726175,48.668228084619976,49.66947464365699,-55.53167032930338,4,49.66947464365699,48.668228084619976,7.792064465883718,56.340651596726175,True,355b25f59877de08edc3c001091eb07defe4470759e11333e36c205659ae4276,355b25f59877de08edc3c001091eb07defe4470759e11333e36c205659ae4276,True,0,,-0.1669012254138451,0.13075492052529825,0.021720086465996324,0.6875796861723416,85d6e80692bc4558021b60231fc3a8418e17c450a12e9f0fe851a1d40ee4e77c,True,True,True,True
480.0,LOW,7,False,53b46a1ac4f5c43af2cee67eb84f42cc70ed8db2c49e0e4aecd5757c42fe09d5,f3f65c8eb7bad05693deec5938310b32f4fa38e66e2751dfed77fe43763779b6,2026-07-25T22:33:13.146898+00:00,jobs/fast64_v2/p4_event_noise_mc200_low/mc200_on_s109_low_w4.spice,-8.881784197001252e-16,7.105427357601002e-15,-7.105427357601002e-15,-1.4210854715202004e-14,-2.1316282072803006e-14,0,147.16663930693176,218750.0,227,,True,PASS_FIRST_CONVERSION_DETERMINISTIC,FAST64_STARTUP_INCLUSIVE_W0,3.0,0,MC200_ON_S109_LOW_W4,logs/fast64_v2/p4_event_noise_mc200_low/mc200_on_s109_low_w4.log,325.51000000000073,0.05,325.4991764705889,FAST64_V2_FIRST_CONVERSION_SEPARATED,7cf0a79aaf109556d42e01852399e738f2b1232ac2b464581078f5e74110c2fe,109,0,64,265c72d37f74627386c125caf30ae4118e9d3e1c523d9eede6ef31972107b842,ON,027feeca2e56fd5211e84440d59ccbf03c71b73c9febde57e394123e2077d08a,100109,PASS_FAST64_COMPLETE,269568,P4_EVENT_NOISE_MC200_LOW,0.7853981633974483,True,TT_3P3_27C,67,4,0,MAIN_MC200_LOW,227,False,0,COMPLETE,0,7.595402233616967,True,-59.417824051310085,-67.91204729781178,FAST64_SS_W4,True,False,58.06920804343403,47.48432144637413,True,48.30877815659824,-55.10619491142026,False,0,68,68,96434d9a359a4b478f8493c446abdae5ad6cc208e1217fc53f9d1e94d18b1b5c,7.5954022336169675,58.069208043434024,47.48432144637414,48.30877815659825,-55.10619491142024,4,23.660524999431264,23.344589782650104,3.5854800303405487,34.93369281602502,False,bd2c5c2bf3427e257d0a0d6c18b400ea5cfd25956dc3ad17ade4bc03ab2352d1,96434d9a359a4b478f8493c446abdae5ad6cc208e1217fc53f9d1e94d18b1b5c,False,2,0/1,24.648253157166973,24.139731663724028,4.0099222032764175,23.13551522740901,f3f65c8eb7bad05693deec5938310b32f4fa38e66e2751dfed77fe43763779b6,True,True,True,True
480.0,LOW,7,False,88a32294fa2df85bd907070c3b071c2de734211d03d150dc6bb10f4eb460de57,ad2210f62333e17846610fb84ddea99c9b11c052146d494e2f736dc067ef6c11,2026-07-25T22:33:13.236098+00:00,jobs/fast64_v2/p4_event_noise_mc200_low/mc200_on_s110_low_w4.spice,0.03113847372774803,-1.3057781326670437,0.18745361184104326,0.19226400447298886,-0.16373936006616674,0,137.5474545659963,218750.0,224,,True,PASS_FIRST_CONVERSION_DETERMINISTIC,FAST64_STARTUP_INCLUSIVE_W0,3.0,0,MC200_ON_S110_LOW_W4,logs/fast64_v2/p4_event_noise_mc200_low/mc200_on_s110_low_w4.log,325.51000000000073,0.05,325.4999411764713,FAST64_V2_FIRST_CONVERSION_SEPARATED,c00f427e88d30236f9eefd5498e702991f64598b149bd9c16e4d1ae8df02f7c5,110,0,64,855c2a33f3f8441b550e391af181edfd70ce991fe13cec684fc20fefeb7de543,ON,eb965e187906a10e11b32f968f37dc492b728e8db08fa3ef2fc75e6c66908c9f,100110,PASS_FAST64_COMPLETE,269320,P4_EVENT_NOISE_MC200_LOW,0.7853981633974483,True,TT_3P3_27C,67,4,0,MAIN_MC200_LOW,224,False,1,COMPLETE,0,7.715602433985055,True,-69.31725258137577,-62.39621428806999,FAST64_SS_W4,True,True,55.782277179871286,48.207926652590025,True,49.01244238641945,-55.92647424601072,False,0,68,68,f14daa78baf3f234dcb5c6341310ba2719cac4f215cb8e4014e80c9fa646589a,7.684463960257307,57.08805531253833,48.02047304074898,48.82017838194646,-55.76273488594455,4,32.80687569702867,32.12923052072839,5.044722677861859,45.53765661304393,False,8bed52be903215ddb6de05dfd9e3f9de45fef66264de92d39486836835588a48,f14daa78baf3f234dcb5c6341310ba2719cac4f215cb8e4014e80c9fa646589a,False,1,0,16.20556668939078,16.078696131861633,2.6708797561231954,10.244620566827358,ad2210f62333e17846610fb84ddea99c9b11c052146d494e2f736dc067ef6c11,True,True,True,True
480.0,LOW,7,False,c3a50f58ca972df02b38d9f26b18258507814c23aced2f3239713bf7da5ed442,98d59c161afd00cc10aee63f496944b62a62f30f00222adf5c3f3c9ac310dadf,2026-07-25T22:34:54.491637+00:00,jobs/fast64_v2/p4_event_noise_mc200_low/mc200_on_s111_low_w4.spice,0.013014724160766988,-0.5958943761994178,0.07834863944781745,0.25900702744892357,0.4987336091918664,0,157.28719575004652,218750.0,226,,True,PASS_FIRST_CONVERSION_DETERMINISTIC,FAST64_STARTUP_INCLUSIVE_W0,3.0,0,MC200_ON_S111_LOW_W4,logs/fast64_v2/p4_event_noise_mc200_low/mc200_on_s111_low_w4.log,325.5099999999999,0.05,325.4991323529418,FAST64_V2_FIRST_CONVERSION_SEPARATED,b5aae3db8e422f2ce1287fda3a653cfacc7592e96747e67c60ee3e8f7283ce76,111,0,64,b81251a5b72ccf820fcf5db945268d5ec83bbf47b376bd1c01c282cc94933456,ON,de108612a3efd0a87a911a332e860378ae47fa4ad20dcd1499e8a71290244355,100111,PASS_FAST64_COMPLETE,269652,P4_EVENT_NOISE_MC200_LOW,0.7853981633974483,True,TT_3P3_27C,67,4,0,MAIN_MC200_LOW,225,False,1,COMPLETE,0,7.785617615387731,True,-65.35741235217387,-63.22553440333409,FAST64_SS_W4,True,True,56.71887690379777,48.629418044634136,True,49.90488853227625,-54.5726955340725,False,0,68,68,8c7e7f9b8e4ad1c268d737996ef42e927dee59b784f12b8f259ef05343263168,7.772602891226964,57.31477127999719,48.55106940518632,49.64588150482733,-55.07142914326437,4,49.64588150482733,48.55106940518632,7.772602891226964,57.31477127999719,True,8c7e7f9b8e4ad1c268d737996ef42e927dee59b784f12b8f259ef05343263168,8c7e7f9b8e4ad1c268d737996ef42e927dee59b784f12b8f259ef05343263168,True,0,,0.25900702744892357,0.07834863944781745,0.013014724160766988,-0.5958943761994178,98d59c161afd00cc10aee63f496944b62a62f30f00222adf5c3f3c9ac310dadf,True,True,True,True
480.0,LOW,7,False,46b052043c969b8e0d18969ad3acba2fc94f8ea8649287784a73172fad18e00f,004fef916b4c5a9e52978fa84650fe11410f48eaeab64b88060ed63285312ad4,2026-07-25T22:34:51.577124+00:00,jobs/fast64_v2/p4_event_noise_mc200_low/mc200_on_s112_low_w4.spice,9.769962616701378e-15,1.4210854715202004e-13,5.684341886080802e-14,4.973799150320701e-14,-1.0658141036401503e-13,0,131.49421201006044,218750.0,223,,True,PASS_FIRST_CONVERSION_DETERMINISTIC,FAST64_STARTUP_INCLUSIVE_W0,3.0,0,MC200_ON_S112_LOW_W4,logs/fast64_v2/p4_event_noise_mc200_low/mc200_on_s112_low_w4.log,325.5099999999999,0.05,325.4994117647065,FAST64_V2_FIRST_CONVERSION_SEPARATED,fc6ca1d117387d9a06de4bb9e709d0877e900fc10760497691357cba7b7d339e,112,0,64,4e40e1165003c09e7faf0f5e5b88677696ac52eca1569bb86fc419c65fadf5f3,ON,4cdf427d10b9bfbc19d7c414c09e03a2b7d8ffda3adc2858690b672ddb408511,100112,PASS_FAST64_COMPLETE,269620,P4_EVENT_NOISE_MC200_LOW,0.7853981633974483,True,TT_3P3_27C,67,4,0,MAIN_MC200_LOW,223,False,0,COMPLETE,0,7.7909663398478886,True,-63.7832010752648,-64.02969735348243,FAST64_SS_W4,True,True,55.89895439469889,48.66161736588428,True,49.966831706669375,-54.51891719760656,False,0,68,68,624af950d11d7264af491e3069a1bd2a8ccb7bc47e81d5ed97e2d588ebca48bf,7.790966339847879,55.89895439469875,48.661617365884226,49.966831706669325,-54.518917197606456,4,49.966831706669325,48.661617365884226,7.790966339847879,55.89895439469875,True,624af950d11d7264af491e3069a1bd2a8ccb7bc47e81d5ed97e2d588ebca48bf,624af950d11d7264af491e3069a1bd2a8ccb7bc47e81d5ed97e2d588ebca48bf,True,0,,4.973799150320701e-14,5.684341886080802e-14,9.769962616701378e-15,1.4210854715202004e-13,004fef916b4c5a9e52978fa84650fe11410f48eaeab64b88060ed63285312ad4,True,True,True,True
480.0,LOW,7,False,97fbf8d3e816124584ee3ade48fa3f7948f2d87d860b52936a8a7eb7bdbe2958,b4d66fd43eb9ab9c2068ac9a7d65bb266f478df4eb28a1210639c659ebd16e1c,2026-07-25T22:34:41.836115+00:00,jobs/fast64_v2/p4_event_noise_mc200_low/mc200_on_s113_low_w4.spice,1.509903313490213e-14,0.0,9.237055564881302e-14,8.526512829121202e-14,-4.263256414560601e-14,0,88.6677183599677,218750.0,228,,True,PASS_FIRST_CONVERSION_DETERMINISTIC,FAST64_STARTUP_INCLUSIVE_W0,3.0,0,MC200_ON_S113_LOW_W4,logs/fast64_v2/p4_event_noise_mc200_low/mc200_on_s113_low_w4.log,325.51000000000073,0.05,325.50020588235355,FAST64_V2_FIRST_CONVERSION_SEPARATED,9b3b0709f12691604725afd9060bac6c462e4015887c28cd4e19381fc507ad48,113,0,64,f2c981de5285cdcf2f5fafa1b1698949f2f2d8f44dfabbcedba4e589345bc749,ON,2ea0462dfa0f6b96e6c0fdc02dff810023dbb5c1644a8a6a02d550ac87181c71,100113,PASS_FAST64_COMPLETE,269524,P4_EVENT_NOISE_MC200_LOW,0.7853981633974483,True,TT_3P3_27C,67,4,0,MAIN_MC200_LOW,228,False,0,COMPLETE,0,7.748528282351454,True,-65.81320069357047,-66.0954593531394,FAST64_SS_W4,True,True,56.64710018468306,48.406140259755745,True,48.779425232710125,-59.24888401077343,False,0,68,68,5f9376fac7d1cc2f634ff9525373913e7c11b289489774b1e41423e859afb838,7.7485282823514385,56.64710018468306,48.40614025975565,48.77942523271004,-59.24888401077339,4,48.77942523271004,48.40614025975565,7.7485282823514385,56.64710018468306,True,5f9376fac7d1cc2f634ff9525373913e7c11b289489774b1e41423e859afb838,5f9376fac7d1cc2f634ff9525373913e7c11b289489774b1e41423e859afb838,True,0,,8.526512829121202e-14,9.237055564881302e-14,1.509903313490213e-14,0.0,b4d66fd43eb9ab9c2068ac9a7d65bb266f478df4eb28a1210639c659ebd16e1c,True,True,True,True
480.0,LOW,7,False,5eac34c46699309d8a7d82fd2702da8c350f0faecaf6ceb67c21b7bd88e12dea,fe2546a42144d9a4472767d2e83690cae13c1c1e0c2f481c0f7801ba0771e608,2026-07-25T22:37:01.160705+00:00,jobs/fast64_v2/p4_event_noise_mc200_low/mc200_on_s114_low_w4.spice,-0.017688462833842955,0.6501051116221674,-0.10648454625973613,-0.0703975148955962,0.21945275785967766,0,227.90900756791234,218750.0,225,,True,PASS_FIRST_CONVERSION_DETERMINISTIC,FAST64_STARTUP_INCLUSIVE_W0,3.0,0,MC200_ON_S114_LOW_W4,logs/fast64_v2/p4_event_noise_mc200_low/mc200_on_s114_low_w4.log,325.51000000000073,0.05,325.49907352941244,FAST64_V2_FIRST_CONVERSION_SEPARATED,0cbcfd169da76c9ede1431ac31a7f2cef9c104e848c122c0a16ab4b6f78fddda,114,0,64,a2b71a4f2e330a1a9ad8841f0f82033eb35304a1b60ddac1dbee65c595d7d7ca,ON,cc2e2ea84bd6535cb27d3eddbe26dabbe75e1def3968b0549272ddb33b7b200f,100114,PASS_FAST64_COMPLETE,269572,P4_EVENT_NOISE_MC200_LOW,0.7853981633974483,True,TT_3P3_27C,67,4,0,MAIN_MC200_LOW,225,False,1,COMPLETE,0,7.861851397225444,True,-63.62885434911817,-62.349984522895745,FAST64_SS_W4,True,True,57.95197458377277,49.08834541129717,True,50.310389677011706,-55.19202296321991,False,0,68,68,2c1b2e30070f17f0733c91c8668ec67dfff83e1005dc111dee6e79970214c382,7.879539860059287,57.3018694721506,49.194829957556905,50.3807871919073,-55.41147572107959,4,50.3807871919073,49.194829957556905,7.879539860059287,57.3018694721506,True,2c1b2e30070f17f0733c91c8668ec67dfff83e1005dc111dee6e79970214c382,2c1b2e30070f17f0733c91c8668ec67dfff83e1005dc111dee6e79970214c382,True,0,,-0.0703975148955962,-0.10648454625973613,-0.017688462833842955,0.6501051116221674,fe2546a42144d9a4472767d2e83690cae13c1c1e0c2f481c0f7801ba0771e608,True,True,True,True
480.0,LOW,7,False,f880bfbea72c797c695765991f271fead6a1e550896e1366c0df83b1c1352076,ddb4d1c50dfd2c33003c0e75e242c7cc78feaf0ca01c514ab420b9900ef3e62c,2026-07-25T22:36:14.731609+00:00,jobs/fast64_v2/p4_event_noise_mc200_low/mc200_on_s115_low_w4.spice,0.007317609563480154,0.33032007426779586,0.044052009572148165,-0.22790399695235664,-0.9675611976312055,0,92.87503732508048,218750.0,222,,True,PASS_FIRST_CONVERSION_DETERMINISTIC,FAST64_STARTUP_INCLUSIVE_W0,3.0,0,MC200_ON_S115_LOW_W4,logs/fast64_v2/p4_event_noise_mc200_low/mc200_on_s115_low_w4.log,325.51000000000073,0.05,325.500014705883,FAST64_V2_FIRST_CONVERSION_SEPARATED,23b08a3e51d90b2fc55d29aacec96cb68415af7f9e9caa0521cb8ccc6f24b8c9,115,0,64,a2f29d8ef89a0b1b0c9a2a32444934192af475e5dc6e066ff2b2d0a0e15c1d0d,ON,0f3028b8b4b4b7647db4664719e2dd5c2a38909837ff03f6e5bf56f5dec419ab,100115,PASS_FAST64_COMPLETE,269624,P4_EVENT_NOISE_MC200_LOW,0.7853981633974483,True,TT_3P3_27C,67,4,0,MAIN_MC200_LOW,223,False,1,COMPLETE,0,7.766947500550471,True,-70.29460219801564,-67.817107296574,FAST64_SS_W4,True,True,56.291590992203915,48.51702395331383,True,49.50752631478032,-55.42215444370847,False,0,68,68,b101f464802c252a888c07254c1e712b04e837ec5acff5ad15e668d7272da5e9,7.759629890986991,55.96127091793612,48.47297194374168,49.73543031173268,-54.454593246077266,4,49.73543031173268,48.47297194374168,7.759629890986991,55.96127091793612,True,b101f464802c252a888c07254c1e712b04e837ec5acff5ad15e668d7272da5e9,b101f464802c252a888c07254c1e712b04e837ec5acff5ad15e668d7272da5e9,True,0,,-0.22790399695235664,0.044052009572148165,0.007317609563480154,0.33032007426779586,ddb4d1c50dfd2c33003c0e75e242c7cc78feaf0ca01c514ab420b9900ef3e62c,True,True,True,True
480.0,LOW,7,False,1ffee9729fab4fa25792c220f1334629cc180e23b57583471d75d5ece72a463f,5d23da3cc853873b2de1e2fd4695df0fc6e46776c9ea7a76ac353cc5c7ae2d84,2026-07-25T22:36:23.792995+00:00,jobs/fast64_v2/p4_event_noise_mc200_low/mc200_on_s116_low_w4.spice,0.0,7.815970093361102e-14,0.0,0.0,-2.1316282072803006e-14,0,92.20184782403521,218750.0,226,,True,PASS_FIRST_CONVERSION_DETERMINISTIC,FAST64_STARTUP_INCLUSIVE_W0,3.0,0,MC200_ON_S116_LOW_W4,logs/fast64_v2/p4_event_noise_mc200_low/mc200_on_s116_low_w4.log,325.51000000000073,0.05,325.4993382352948,FAST64_V2_FIRST_CONVERSION_SEPARATED,c82bf533b44d9505983128fee6523e83672bd576f5b62e01b72334f8313c048d,116,0,64,a693ddeb712fbcac89f9071eafbc4954408e5fff794e7fcd1b04ddefd39fe7a5,ON,dbe9adf5cc0306ac8213feef25a8105eed63cdfd7caad46877bfba86163f1132,100116,FAIL_STEADY_STATE_DYNAMIC,269452,P4_EVENT_NOISE_MC200_LOW,0.7853981633974483,True,TT_3P3_27C,67,4,0,MAIN_MC200_LOW,226,False,0,COMPLETE_WITH_FAIL,0,7.476491789985152,False,-61.28830158881311,-73.23757342567563,FAST64_SS_W4,True,False,56.03810939147135,46.76848057571061,False,47.36165326198154,-55.707723384717774,False,0,68,68,f34c0f841a2c681b672badd574e10f1e1fcd4eb783be81d76b9b82b5f8ac0b64,7.476491789985152,56.038109391471274,46.76848057571061,47.36165326198154,-55.70772338471775,4,47.36165326198154,46.76848057571061,7.476491789985152,56.038109391471274,False,f34c0f841a2c681b672badd574e10f1e1fcd4eb783be81d76b9b82b5f8ac0b64,f34c0f841a2c681b672badd574e10f1e1fcd4eb783be81d76b9b82b5f8ac0b64,True,0,,0.0,0.0,0.0,7.815970093361102e-14,5d23da3cc853873b2de1e2fd4695df0fc6e46776c9ea7a76ac353cc5c7ae2d84,True,True,True,True
480.0,LOW,7,False,66d5d3d0228abd5feb88baa5cbf64bf7c65baa77e116e7e272777bf20aa378bc,16bc2df9206095461137a6b2e5bd1e2098f42554e1db33629fe8a77a0ca0f1dc,2026-07-25T22:38:50.116014+00:00,jobs/fast64_v2/p4_event_noise_mc200_low/mc200_on_s117_low_w4.spice,-0.08285603346779613,0.17706692744324926,-0.4987933214761284,-0.6452578514222722,-0.3465101327950322,0,235.61416666593868,218750.0,224,,True,PASS_FIRST_CONVERSION_DETERMINISTIC,FAST64_STARTUP_INCLUSIVE_W0,3.0,0,MC200_ON_S117_LOW_W4,logs/fast64_v2/p4_event_noise_mc200_low/mc200_on_s117_low_w4.log,325.51000000000073,0.05,325.5001617647065,FAST64_V2_FIRST_CONVERSION_SEPARATED,95c96b89b3f9603794fc95676520f445a4dcfd2f6e9c912cda2fabf9bf222fea,117,0,64,386ce6075634e2b159c0f88e8bfb6eddf18578e4463d835b1de9ed64b2501ac5,ON,6d5a824358fc16987b95e99696ec3dffbd53673818c13e25efa627292d8685d3,100117,PASS_FAST64_COMPLETE,269572,P4_EVENT_NOISE_MC200_LOW,0.7853981633974483,True,TT_3P3_27C,67,4,0,MAIN_MC200_LOW,223,False,1,COMPLETE,0,7.796030733929328,True,-71.24403416983174,-69.79158061167607,FAST64_SS_W4,True,True,58.60533185503388,48.69210501825455,True,49.315426672036736,-57.43075985892624,False,0,68,68,b29ecc403dfc43b209bc857c686120c0b2e0e289c11ec47804171748500314c5,7.878886767397124,58.42826492759063,49.19089833973068,49.96068452345901,-57.084249726131205,4,49.96068452345901,49.19089833973068,7.878886767397124,58.42826492759063,True,b29ecc403dfc43b209bc857c686120c0b2e0e289c11ec47804171748500314c5,b29ecc403dfc43b209bc857c686120c0b2e0e289c11ec47804171748500314c5,True,0,,-0.6452578514222722,-0.4987933214761284,-0.08285603346779613,0.17706692744324926,16bc2df9206095461137a6b2e5bd1e2098f42554e1db33629fe8a77a0ca0f1dc,True,True,True,True
480.0,LOW,7,False,81cf0e2934de529e8cba823fd358b37c9f831781f8f0433b092abf14004b720f,ebb908b54546b40d80af067bd576c103444acd83e91ccf4548e102acee63d674,2026-07-25T22:37:33.510065+00:00,jobs/fast64_v2/p4_event_noise_mc200_low/mc200_on_s118_low_w4.spice,5.329070518200751e-15,3.979039320256561e-13,2.842170943040401e-14,2.1316282072803006e-14,-3.552713678800501e-14,0,78.75916178291664,218750.0,223,,True,PASS_FIRST_CONVERSION_DETERMINISTIC,FAST64_STARTUP_INCLUSIVE_W0,3.0,0,MC200_ON_S118_LOW_W4,logs/fast64_v2/p4_event_noise_mc200_low/mc200_on_s118_low_w4.log,325.51000000000073,0.05,325.49998529411835,FAST64_V2_FIRST_CONVERSION_SEPARATED,a445103a05b10fef75d0c86684c88babceac6c7259b897b21cd6c9bf44b8d692,118,0,64,6335b71b15d51d540ddd6fff18ef4dd20ae69a7af3a49044dad333d8e9a79874,ON,8f6e6fd77eb710440303c50d6c7084bc467c0c0bedac3f6bdde7273a1f81b2f3,100118,PASS_FAST64_COMPLETE,269628,P4_EVENT_NOISE_MC200_LOW,0.7853981633974483,True,TT_3P3_27C,67,4,0,MAIN_MC200_LOW,223,False,0,COMPLETE,0,7.88812090219413,True,-65.39054973489884,-68.00968422316072,FAST64_SS_W4,True,True,58.724493278474235,49.246487831208654,True,49.878602917901524,-57.928594095112125,False,0,68,68,818077dd554bd881dffdc79019af8a37b1c881492dc428dc75b1f01defc654ee,7.8881209021941245,58.72449327847384,49.246487831208626,49.8786029179015,-57.92859409511209,4,49.8786029179015,49.246487831208626,7.8881209021941245,58.72449327847384,True,818077dd554bd881dffdc79019af8a37b1c881492dc428dc75b1f01defc654ee,818077dd554bd881dffdc79019af8a37b1c881492dc428dc75b1f01defc654ee,True,0,,2.1316282072803006e-14,2.842170943040401e-14,5.329070518200751e-15,3.979039320256561e-13,ebb908b54546b40d80af067bd576c103444acd83e91ccf4548e102acee63d674,True,True,True,True
480.0,LOW,7,False,bbcb64c30f57b1abc9ea0328723c91dad3ed34aa0939695cde0a36427717cfbc,6ee6d2e3579d9dde3cd8705e361357a8fe1761055cb375a6f23c531ae7ae8119,2026-07-25T22:39:02.173016+00:00,jobs/fast64_v2/p4_event_noise_mc200_low/mc200_on_s119_low_w4.spice,0.010523163997178564,-1.4823272250767232,0.06334944726301472,0.15615369758192799,1.058074945075468,0,158.35897463699803,218750.0,224,,True,PASS_FIRST_CONVERSION_DETERMINISTIC,FAST64_STARTUP_INCLUSIVE_W0,3.0,0,MC200_ON_S119_LOW_W4,logs/fast64_v2/p4_event_noise_mc200_low/mc200_on_s119_low_w4.log,325.51000000000073,0.05,325.4999558823536,FAST64_V2_FIRST_CONVERSION_SEPARATED,dae2aa19535a1293b7c1d9e1aa3c202bc51d5bcef6b96634f4739f68c282d65e,119,0,64,43fc4303087b7d5fa8d592d59405bc9e0c6236bb9d7fd41c16061625af843503,ON,db27389b889184b2bf5cef29a1b0d39fe05dd6bc431f8049ac49fadeaf474843,100119,PASS_FAST64_COMPLETE,269420,P4_EVENT_NOISE_MC200_LOW,0.7853981633974483,True,TT_3P3_27C,67,4,0,MAIN_MC200_LOW,224,False,1,COMPLETE,0,7.800211354491533,True,-69.23783151725591,-68.75384961541222,FAST64_SS_W4,True,True,55.307804616283356,48.717272354039025,True,49.11105632747257,-59.33793946937606,False,0,68,68,8873b57f4fa386dba62d00367ce39bbe57b190d106be7eeb8ecba901291fea93,7.7896881904943545,56.79013184136008,48.65392290677601,48.95490262989064,-60.39601441445153,4,48.95490262989064,48.65392290677601,7.7896881904943545,56.79013184136008,True,8873b57f4fa386dba62d00367ce39bbe57b190d106be7eeb8ecba901291fea93,8873b57f4fa386dba62d00367ce39bbe57b190d106be7eeb8ecba901291fea93,True,0,,0.15615369758192799,0.06334944726301472,0.010523163997178564,-1.4823272250767232,6ee6d2e3579d9dde3cd8705e361357a8fe1761055cb375a6f23c531ae7ae8119,True,True,True,True
480.0,LOW,7,False,16810015f9d2e3a69624c2aacc44af95b757cadfddeb86f18d620bd52f28f4cc,bc5aa538c623ffd184403b0309469dd1918c3ce960fe9633925059ca59493b4c,2026-07-25T22:38:41.135963+00:00,jobs/fast64_v2/p4_event_noise_mc200_low/mc200_on_s120_low_w4.spice,0.0,6.394884621840902e-14,0.0,-1.4210854715202004e-14,-4.973799150320701e-14,0,99.95636288099922,218750.0,225,,True,PASS_FIRST_CONVERSION_DETERMINISTIC,FAST64_STARTUP_INCLUSIVE_W0,3.0,0,MC200_ON_S120_LOW_W4,logs/fast64_v2/p4_event_noise_mc200_low/mc200_on_s120_low_w4.log,325.51000000000033,0.05,325.4987205882359,FAST64_V2_FIRST_CONVERSION_SEPARATED,a3661a262954c5aa35a52e5a9d31ae4ca3273e772f0e34819d8f3fb812e66a7e,120,0,64,e62dc1968fa1c14c1fcc4406786f82f73f638c0045174852bb17981f2569825e,ON,23f2da2aa9d499476d0e67fe2a8af78c3baedbf2bd173862f82a30e2830405d8,100120,PASS_FAST64_COMPLETE,269528,P4_EVENT_NOISE_MC200_LOW,0.7853981633974483,True,TT_3P3_27C,67,4,0,MAIN_MC200_LOW,225,False,0,COMPLETE,0,7.769370420431535,True,-78.17252120300728,-64.31236827968347,FAST64_SS_W4,True,True,57.03621285183346,48.53160993099784,True,49.71560586491669,-54.754507761346204,False,0,68,68,2d8a13e68dd0563e63310f3b3e34b9dde8cb6a64a11df8591c2b61cc44a1c4d7,7.769370420431535,57.0362128518334,48.53160993099784,49.715605864916704,-54.754507761346154,4,49.715605864916704,48.53160993099784,7.769370420431535,57.0362128518334,True,2d8a13e68dd0563e63310f3b3e34b9dde8cb6a64a11df8591c2b61cc44a1c4d7,2d8a13e68dd0563e63310f3b3e34b9dde8cb6a64a11df8591c2b61cc44a1c4d7,True,0,,-1.4210854715202004e-14,0.0,0.0,6.394884621840902e-14,bc5aa538c623ffd184403b0309469dd1918c3ce960fe9633925059ca59493b4c,True,True,True,True
480.0,LOW,7,False,781a43ebe210fa9cc3ff2b612bfd13d750b6985aac0914cf42c1ad76bfe1f31f,1bbd3384fb4dad13399281859c33f7f9aaf5de22cfae7d2928a774d80883befd,2026-07-25T22:39:28.678327+00:00,jobs/fast64_v2/p4_event_noise_mc200_low/mc200_on_s121_low_w4.spice,-0.02033075827064401,-1.4975792590935129,-0.1223911647892777,-0.2980775934473101,-1.9972363862210045,0,115.1501818660181,218750.0,224,,True,PASS_FIRST_CONVERSION_DETERMINISTIC,FAST64_STARTUP_INCLUSIVE_W0,3.0,0,MC200_ON_S121_LOW_W4,logs/fast64_v2/p4_event_noise_mc200_low/mc200_on_s121_low_w4.log,325.51000000000073,0.05,325.50016176470655,FAST64_V2_FIRST_CONVERSION_SEPARATED,04aa3f50793ccdb6e90e2f09cae91c20639036b398f8a0249999cdf7cb04f123,121,0,64,13ebb48e23ecce02cea10631b95d04ebacf78003e36a7e055a064e84fb40cbb5,ON,cbc676d8170f971c6acaa30cf4d01e061c42b2045e03f37df77161c3850d85cc,100121,PASS_FAST64_COMPLETE,269468,P4_EVENT_NOISE_MC200_LOW,0.7853981633974483,True,TT_3P3_27C,67,4,0,MAIN_MC200_LOW,224,False,1,COMPLETE,0,7.760753312336746,True,-72.19738039497008,-67.07526004724227,FAST64_SS_W4,True,True,56.1358493870716,48.47973494026721,True,48.74512691010005,-60.750720539152,False,0,68,68,0b8fdffca981c5fabef804584e55c3a25f710a9cf60ba523034df76387fd9aa7,7.78108407060739,57.633428646165115,48.602126105056485,49.04320450354736,-58.753484152930994,4,49.04320450354736,48.602126105056485,7.78108407060739,57.633428646165115,True,0b8fdffca981c5fabef804584e55c3a25f710a9cf60ba523034df76387fd9aa7,0b8fdffca981c5fabef804584e55c3a25f710a9cf60ba523034df76387fd9aa7,True,0,,-0.2980775934473101,-0.1223911647892777,-0.02033075827064401,-1.4975792590935129,1bbd3384fb4dad13399281859c33f7f9aaf5de22cfae7d2928a774d80883befd,True,True,True,True
480.0,LOW,7,False,06a706e5449a12be459c6b332d504175924f59cfe8ffceea49b88608b21f6411,c3b430eb6906a8aa6b988f817a91d9a90b206812fc93ebb48f3d3981a1f05ed5,2026-07-25T22:41:04.040803+00:00,jobs/fast64_v2/p4_event_noise_mc200_low/mc200_on_s122_low_w4.spice,8.881784197001252e-16,0.0,7.105427357601002e-15,1.4210854715202004e-14,-7.105427357601002e-15,0,142.88801730400883,218750.0,226,,True,PASS_FIRST_CONVERSION_DETERMINISTIC,FAST64_STARTUP_INCLUSIVE_W0,3.0,0,MC200_ON_S122_LOW_W4,logs/fast64_v2/p4_event_noise_mc200_low/mc200_on_s122_low_w4.log,325.51000000000073,0.05,325.49923529411825,FAST64_V2_FIRST_CONVERSION_SEPARATED,bdc0f754eb84ed5c3e8229fcc46bac6df9801506ef0db3aa3927c273f8574bc9,122,0,64,5fc6363af9aa08def2923d47fdcdde92241daf48045245bb390bd5c8bc223000,ON,5e060b16350951e94bdb1c64473d54920f7452cc4b0e1c559414494e128226b2,100122,PASS_FAST64_COMPLETE,269492,P4_EVENT_NOISE_MC200_LOW,0.7853981633974483,True,TT_3P3_27C,67,4,0,MAIN_MC200_LOW,226,False,0,COMPLETE,0,7.7630706768836495,True,-70.41794272801036,-68.07445508627454,FAST64_SS_W4,True,True,54.46819394759183,48.493685474839566,True,49.239034350851284,-56.515278368346884,False,0,68,68,693b9ed1a354c2e2e583dca9d4684b52231b4fc563688838c234d48cb9277f9b,7.763070676883649,54.46819394759183,48.49368547483956,49.23903435085127,-56.51527836834688,4,49.23903435085127,48.49368547483956,7.763070676883649,54.46819394759183,True,693b9ed1a354c2e2e583dca9d4684b52231b4fc563688838c234d48cb9277f9b,693b9ed1a354c2e2e583dca9d4684b52231b4fc563688838c234d48cb9277f9b,True,0,,1.4210854715202004e-14,7.105427357601002e-15,8.881784197001252e-16,0.0,c3b430eb6906a8aa6b988f817a91d9a90b206812fc93ebb48f3d3981a1f05ed5,True,True,True,True
480.0,LOW,7,False,1aed1889539ee341c5a40a0fc8bb630df652ed2dc894066e3a4de10ce2676234,2cd8a2d12defb5fd1f4e191e728eb5d4738a59100cdeff21bd27fc681cd3d2ee,2026-07-25T22:41:10.779068+00:00,jobs/fast64_v2/p4_event_noise_mc200_low/mc200_on_s123_low_w4.spice,0.04496480949633774,-0.36535046927157566,0.2706881531679528,0.20945859341078688,-0.4882091566945377,0,140.64673678099643,218750.0,224,,True,PASS_FIRST_CONVERSION_DETERMINISTIC,FAST64_STARTUP_INCLUSIVE_W0,3.0,0,MC200_ON_S123_LOW_W4,logs/fast64_v2/p4_event_noise_mc200_low/mc200_on_s123_low_w4.log,325.5099999999999,0.05,325.4978235294124,FAST64_V2_FIRST_CONVERSION_SEPARATED,3a281ec8b96fd371a9716f9d464c36321dca15eafcf93479d3bc61333b7c1b88,123,0,64,6ed48c79dc4123540ee43bedf1b7c21939f018276862b529c5b71ddc81220f19,ON,b3a3ac3ddd5a2fe03d17fb6903a8d5ab5894a55559337330f9b7bdfb1a69999f,100123,PASS_FAST64_COMPLETE,269496,P4_EVENT_NOISE_MC200_LOW,0.7853981633974483,True,TT_3P3_27C,67,4,0,MAIN_MC200_LOW,223,False,1,COMPLETE,0,7.623844315677773,True,-61.70132735044049,-60.998230761923054,FAST64_SS_W4,True,False,56.37306169928944,47.65554278038019,True,48.702365070226385,-54.34755893569684,False,0,68,68,30ec842af902c553c6fb0e596a45cbb218ca238cb44514b778f0fa9f2419c8f0,7.578879506181435,56.73841216856101,47.384854627212235,48.4929064768156,-53.8593497790023,4,48.4929064768156,47.384854627212235,7.578879506181435,56.73841216856101,True,30ec842af902c553c6fb0e596a45cbb218ca238cb44514b778f0fa9f2419c8f0,30ec842af902c553c6fb0e596a45cbb218ca238cb44514b778f0fa9f2419c8f0,True,0,,0.20945859341078688,0.2706881531679528,0.04496480949633774,-0.36535046927157566,2cd8a2d12defb5fd1f4e191e728eb5d4738a59100cdeff21bd27fc681cd3d2ee,True,True,True,True
480.0,LOW,7,False,b8e73189b06c50371baee9332f7e568a779a6efcd4f0d6682b77b79cc9579721,a742bef9f84419ee08de725cf85b6a6af95a94676e515cc6bc6c1c51df45f9af,2026-07-25T22:40:35.859987+00:00,jobs/fast64_v2/p4_event_noise_mc200_low/mc200_on_s124_low_w4.spice,-1.687538997430238e-14,2.842170943040401e-14,-9.947598300641403e-14,-9.947598300641403e-14,0.0,0,93.66759918793105,218750.0,222,,True,PASS_FIRST_CONVERSION_DETERMINISTIC,FAST64_STARTUP_INCLUSIVE_W0,3.0,0,MC200_ON_S124_LOW_W4,logs/fast64_v2/p4_event_noise_mc200_low/mc200_on_s124_low_w4.log,325.51000000000073,0.05,325.4988529411771,FAST64_V2_FIRST_CONVERSION_SEPARATED,4e26ae06b3221ebf1712f6fb4873c7eba8ab6c2d348641feb68ddb38eb41e618,124,0,64,99936d30d3befc6571b5ef4173bf83d1d054ea3d0ecf8324db620dbc7fc525ad,ON,06a0fc517433a04cdff3c66f4990b8af11a15e0697927ec063b097c672a210c9,100124,PASS_FAST64_COMPLETE,269572,P4_EVENT_NOISE_MC200_LOW,0.7853981633974483,True,TT_3P3_27C,67,4,0,MAIN_MC200_LOW,222,False,0,COMPLETE,0,7.797798846125267,True,-65.29006512842668,-71.82326633689776,FAST64_SS_W4,True,True,58.25415420457209,48.702749053674104,True,49.58949225099181,-56.03844375605634,False,0,68,68,3cfc323a692e54576f75e3300382c0bbf255f497478d2be34fc7d8c6f27cc99f,7.797798846125284,58.25415420457206,48.702749053674204,49.58949225099191,-56.03844375605634,4,49.58949225099191,48.702749053674204,7.797798846125284,58.25415420457206,True,3cfc323a692e54576f75e3300382c0bbf255f497478d2be34fc7d8c6f27cc99f,3cfc323a692e54576f75e3300382c0bbf255f497478d2be34fc7d8c6f27cc99f,True,0,,-9.947598300641403e-14,-9.947598300641403e-14,-1.687538997430238e-14,2.842170943040401e-14,a742bef9f84419ee08de725cf85b6a6af95a94676e515cc6bc6c1c51df45f9af,True,True,True,True
480.0,LOW,7,False,dddb7a0012c9887ec1375ffb635220dc043e3a2920ce35bf9d7135f29e00c4a6,10dda75cd7d628a806c391d72336bcebcc402f57dd74929906fada9dc9a8682a,2026-07-25T22:43:32.745763+00:00,jobs/fast64_v2/p4_event_noise_mc200_low/mc200_on_s125_low_w4.spice,-5.329070518200751e-15,0.0,-2.842170943040401e-14,-3.552713678800501e-14,-2.1316282072803006e-14,0,244.04956756392494,218750.0,225,,True,PASS_FIRST_CONVERSION_DETERMINISTIC,FAST64_STARTUP_INCLUSIVE_W0,3.0,0,MC200_ON_S125_LOW_W4,logs/fast64_v2/p4_event_noise_mc200_low/mc200_on_s125_low_w4.log,325.51000000000073,0.05,325.4986470588242,FAST64_V2_FIRST_CONVERSION_SEPARATED,6a6b60aa94406fab2793b172d6d015c12e74024fc856aa136989c56f8b82d92c,125,0,64,d23847b17dccf80edbb2477f8f2cff52d9030202226c2e6a101edce30fb8d0c9,ON,4a184b8caeb2c824567a8f8e99fd43bd4b7501c2d455a94123e9ab694d442ecd,100125,PASS_FAST64_COMPLETE,269552,P4_EVENT_NOISE_MC200_LOW,0.7853981633974483,True,TT_3P3_27C,67,4,0,MAIN_MC200_LOW,225,False,0,COMPLETE,0,7.6732639022731215,True,-62.86285242908171,-67.339064446396,FAST64_SS_W4,True,True,56.996509878591546,47.95304869168419,True,48.80817970862343,-55.43111730592053,False,0,68,68,caa84d8ae3fbd3a852a1b8969bc718e5fab2cced8232e56bdbebbbbcf5b9e4a9,7.673263902273127,56.996509878591546,47.95304869168422,48.80817970862346,-55.43111730592051,4,48.80817970862346,47.95304869168422,7.673263902273127,56.996509878591546,True,caa84d8ae3fbd3a852a1b8969bc718e5fab2cced8232e56bdbebbbbcf5b9e4a9,caa84d8ae3fbd3a852a1b8969bc718e5fab2cced8232e56bdbebbbbcf5b9e4a9,True,0,,-3.552713678800501e-14,-2.842170943040401e-14,-5.329070518200751e-15,0.0,10dda75cd7d628a806c391d72336bcebcc402f57dd74929906fada9dc9a8682a,True,True,True,True
480.0,LOW,7,False,7a8384e73f059cf4fd67ff455d8eb295179e848262b650f2b84269df0d97d739,296226afd9eedbb8563441340e616001e123f63f2a724d528106e3fbb1cee6ad,2026-07-25T22:42:24.111117+00:00,jobs/fast64_v2/p4_event_noise_mc200_low/mc200_on_s126_low_w4.spice,-5.329070518200751e-15,0.0,-2.842170943040401e-14,-2.1316282072803006e-14,1.4210854715202004e-14,0,108.23858895502053,218750.0,225,,True,PASS_FIRST_CONVERSION_DETERMINISTIC,FAST64_STARTUP_INCLUSIVE_W0,3.0,0,MC200_ON_S126_LOW_W4,logs/fast64_v2/p4_event_noise_mc200_low/mc200_on_s126_low_w4.log,325.5099999999999,0.05,325.4995588235301,FAST64_V2_FIRST_CONVERSION_SEPARATED,7aef387b219a9a56c562b136bdce67da57851375c167a1a5ec2a079ba856a0a1,126,0,64,1141c5c6541a1c419c28af32c8ba9b0af146f97e964e9937a3bf765f80479fa0,ON,ad8d2522bf38b1a5c8c54273a46e3b95798dfbfd014c45b31e33227956030c0f,100126,PASS_FAST64_COMPLETE,269304,P4_EVENT_NOISE_MC200_LOW,0.7853981633974483,True,TT_3P3_27C,67,4,0,MAIN_MC200_LOW,225,False,0,COMPLETE,0,7.71616287331949,True,-62.254131634021526,-66.9462370796204,FAST64_SS_W4,True,True,56.51444824826609,48.21130049738333,True,48.95132517787935,-56.261441098336974,False,0,68,68,ec6de4ca8d0b833d3200eb271818ced598132dc1cb4303be52c829ef17de5ea1,7.716162873319496,56.51444824826609,48.211300497383355,48.95132517787937,-56.26144109833699,4,48.95132517787937,48.211300497383355,7.716162873319496,56.51444824826609,True,ec6de4ca8d0b833d3200eb271818ced598132dc1cb4303be52c829ef17de5ea1,ec6de4ca8d0b833d3200eb271818ced598132dc1cb4303be52c829ef17de5ea1,True,0,,-2.1316282072803006e-14,-2.842170943040401e-14,-5.329070518200751e-15,0.0,296226afd9eedbb8563441340e616001e123f63f2a724d528106e3fbb1cee6ad,True,True,True,True
480.0,LOW,7,False,99d75198c715dfae3a6406b4c9e7b62d7a0e279dcb471eda3b053eef81008aa4,a5b8b42b09231d5558cea6e937f201135803cb4577f5ae5fc517f0ab8e3cab60,2026-07-25T22:42:27.954720+00:00,jobs/fast64_v2/p4_event_noise_mc200_low/mc200_on_s127_low_w4.spice,0.0005317418814785313,-1.1028621303341168,0.0032010861265021617,0.3556515861807483,1.6777044228333864,0,83.8876989959972,218750.0,223,,True,PASS_FIRST_CONVERSION_DETERMINISTIC,FAST64_STARTUP_INCLUSIVE_W0,3.0,0,MC200_ON_S127_LOW_W4,logs/fast64_v2/p4_event_noise_mc200_low/mc200_on_s127_low_w4.log,325.5100000000001,0.05,325.49914705882424,FAST64_V2_FIRST_CONVERSION_SEPARATED,cd3847a42e94bf570d01201f889c0b140725e426f05c68e36144deedbfebd0bd,127,0,64,a4936ab6a5c246dba56db4345bfa3ff25751ab05464b20331e4e73cd113cef2e,ON,066843bc58306ac3e3ff41e46a46a61eee5fd196222ae103729aa1670fac901c,100127,PASS_FAST64_COMPLETE,269416,P4_EVENT_NOISE_MC200_LOW,0.7853981633974483,True,TT_3P3_27C,67,4,0,MAIN_MC200_LOW,223,False,1,COMPLETE,0,7.619843795588593,True,-64.22044580831381,-60.83687504465999,FAST64_SS_W4,True,False,56.30064353773102,47.63145964944332,True,48.64690725643294,-54.44056305839966,False,0,68,68,74e61dfc2aa6b530d8cf787281dafa6ab1c6ea53d389bbf1cfca3fcaebe7f7cb,7.619312053707114,57.40350566806514,47.62825856331682,48.29125567025219,-56.11826748123305,4,48.29125567025219,47.62825856331682,7.619312053707114,57.40350566806514,True,74e61dfc2aa6b530d8cf787281dafa6ab1c6ea53d389bbf1cfca3fcaebe7f7cb,74e61dfc2aa6b530d8cf787281dafa6ab1c6ea53d389bbf1cfca3fcaebe7f7cb,True,0,,0.3556515861807483,0.0032010861265021617,0.0005317418814785313,-1.1028621303341168,a5b8b42b09231d5558cea6e937f201135803cb4577f5ae5fc517f0ab8e3cab60,True,True,True,True
480.0,LOW,7,False,c8b856b8ae5eeab7981e91add082ad3ab6286ffcee64344c116cf62b99e7d20e,539f9335875f58f19b84917146df64f12d2a90d3d35a1df5247ed4658da77d32,2026-07-25T22:44:17.949941+00:00,jobs/fast64_v2/p4_event_noise_mc200_low/mc200_on_s128_low_w4.spice,-0.03540165733322276,-1.5968993924408323,-0.21311797714599834,-0.08788903464746767,1.1679473604968535,0,187.14830224902835,218750.0,222,,True,PASS_FIRST_CONVERSION_DETERMINISTIC,FAST64_STARTUP_INCLUSIVE_W0,3.0,0,MC200_ON_S128_LOW_W4,logs/fast64_v2/p4_event_noise_mc200_low/mc200_on_s128_low_w4.log,325.5099999999999,0.05,325.4998235294124,FAST64_V2_FIRST_CONVERSION_SEPARATED,1b439f6519ff0404f9b745055f4533ab0173b3f129a8471a2a04cd8f27b944e5,128,0,64,e0c1005dfe441f3c7083432a4626a37587afecfb7a68ec1f0819c102e4127b1d,ON,9db5f2d514f3a751f4eee8b7235a5c837ee65227ed513bf395a3b0ae8a60ed0f,100128,FAIL_STEADY_STATE_DYNAMIC,269560,P4_EVENT_NOISE_MC200_LOW,0.7853981633974483,True,TT_3P3_27C,67,4,0,MAIN_MC200_LOW,222,False,2,COMPLETE_WITH_FAIL,0,7.317547959255267,False,-62.57557625268408,-62.44604919150599,FAST64_SS_W4,True,False,54.30746748681268,45.8116387147167,False,46.411910117829684,-54.70268453557553,False,0,68,68,20d306a4340755fc6168bece6edde5df2dd4a670c9c1ecd0c89f6d576f89b651,7.352949616588489,55.904366879253516,46.0247566918627,46.49979915247715,-55.87063189607238,4,46.49979915247715,46.0247566918627,7.352949616588489,55.904366879253516,False,20d306a4340755fc6168bece6edde5df2dd4a670c9c1ecd0c89f6d576f89b651,20d306a4340755fc6168bece6edde5df2dd4a670c9c1ecd0c89f6d576f89b651,True,0,,-0.08788903464746767,-0.21311797714599834,-0.03540165733322276,-1.5968993924408323,539f9335875f58f19b84917146df64f12d2a90d3d35a1df5247ed4658da77d32,True,True,True,True
480.0,LOW,7,False,0111d93f5b1689f844fa4e7f231fa43d888434515e53606feae8c9ba44007d13,4951f837f7a4c5fea6ef918e6826c845afa7d7a187e979a9296e0b1a3c5183e6,2026-07-25T22:43:37.967991+00:00,jobs/fast64_v2/p4_event_noise_mc200_low/mc200_on_s129_low_w4.spice,-0.01067309372429115,-1.07604182752209,-0.06425202422023091,0.02422023429299003,0.39341929736780656,0,73.84090811898932,218750.0,223,,True,PASS_FIRST_CONVERSION_DETERMINISTIC,FAST64_STARTUP_INCLUSIVE_W0,3.0,0,MC200_ON_S129_LOW_W4,logs/fast64_v2/p4_event_noise_mc200_low/mc200_on_s129_low_w4.log,325.51000000000033,0.05,325.4995441176477,FAST64_V2_FIRST_CONVERSION_SEPARATED,bc93317454d7edd7f67964405cc64aec6c2c3eb1e8ad1a9ca9b0e02085d42497,129,0,64,0f7b338e81e5c55c6da17e92923ad43e2ce183fa7c9ea035284090d6a98d9b3f,ON,4f8a901e47b815785f63d5521068f4e1749966e51c6ff7fedcedf0b569c708ff,100129,PASS_FAST64_COMPLETE,269344,P4_EVENT_NOISE_MC200_LOW,0.7853981633974483,True,TT_3P3_27C,67,4,0,MAIN_MC200_LOW,223,False,1,COMPLETE,0,7.721039453970661,True,-57.053425361064775,-67.29972090800514,FAST64_SS_W4,True,True,57.05342536106477,48.240657512903375,True,49.31937696483221,-54.81761694194048,False,0,68,68,2a6a0565da5f7b8b3641c1355e9c8e16a0339b3dd4b4b666fed61d24d915f148,7.731712547694952,58.12946718858686,48.304909537123606,49.29515673053922,-55.211036239308285,4,49.29515673053922,48.304909537123606,7.731712547694952,58.12946718858686,True,2a6a0565da5f7b8b3641c1355e9c8e16a0339b3dd4b4b666fed61d24d915f148,2a6a0565da5f7b8b3641c1355e9c8e16a0339b3dd4b4b666fed61d24d915f148,True,0,,0.02422023429299003,-0.06425202422023091,-0.01067309372429115,-1.07604182752209,4951f837f7a4c5fea6ef918e6826c845afa7d7a187e979a9296e0b1a3c5183e6,True,True,True,True
480.0,LOW,7,False,f40c956a16aca4142f2507ebf7650afd8a86a5780e3069811e07f68e0d78a3df,132b43ddb6519d292dd31c1968b34df6c633710b14e054987ce7c50f5589fe9d,2026-07-25T22:43:49.516724+00:00,jobs/fast64_v2/p4_event_noise_mc200_low/mc200_on_s130_low_w4.spice,-5.329070518200751e-15,1.0658141036401503e-13,-2.842170943040401e-14,-6.394884621840902e-14,-8.526512829121202e-14,0,81.54630757705308,218750.0,225,,True,PASS_FIRST_CONVERSION_DETERMINISTIC,FAST64_STARTUP_INCLUSIVE_W0,3.0,0,MC200_ON_S130_LOW_W4,logs/fast64_v2/p4_event_noise_mc200_low/mc200_on_s130_low_w4.log,325.51000000000073,0.05,325.5012352941183,FAST64_V2_FIRST_CONVERSION_SEPARATED,3d1ea6ad986bae3830accb34b932208ab28150a0d689b89c4041832789778799,130,0,64,3f93e9660632b9dc2e1ac7d236aa50d4fb162826bad6e2ede544e561a8eee0ab,ON,1429008e9590412c49b0a05df8f167b50eead278ab29296d9f66305fcebd5fcd,100130,PASS_FAST64_COMPLETE,269464,P4_EVENT_NOISE_MC200_LOW,0.7853981633974483,True,TT_3P3_27C,67,4,0,MAIN_MC200_LOW,225,False,0,COMPLETE,0,7.8169993482399365,True,-78.5829567047904,-62.84845523155957,FAST64_SS_W4,True,True,55.00854037691094,48.818336076404414,True,50.34590836669005,-54.09758302943415,False,0,68,68,f616740e717d6a67c4f1f3cb1d95d899b93cbf3a8d53b7a053ccd72f6e8f2cc8,7.816999348239942,55.00854037691084,48.81833607640444,50.34590836669011,-54.09758302943406,4,50.34590836669011,48.81833607640444,7.816999348239942,55.00854037691084,True,f616740e717d6a67c4f1f3cb1d95d899b93cbf3a8d53b7a053ccd72f6e8f2cc8,f616740e717d6a67c4f1f3cb1d95d899b93cbf3a8d53b7a053ccd72f6e8f2cc8,True,0,,-6.394884621840902e-14,-2.842170943040401e-14,-5.329070518200751e-15,1.0658141036401503e-13,132b43ddb6519d292dd31c1968b34df6c633710b14e054987ce7c50f5589fe9d,True,True,True,True
480.0,LOW,7,False,f8b192ecd01f9dca012b8ae85036f2bb80ec7e5ff7804cbf3d859b990e39b703,0be2c796917a7f2986689b2031335f4913e242d513ebde03a98b4f02f33ef355,2026-07-25T22:45:12.203248+00:00,jobs/fast64_v2/p4_event_noise_mc200_low/mc200_on_s131_low_w4.spice,1.7763568394002505e-15,0.0,7.105427357601002e-15,7.105427357601002e-15,1.4210854715202004e-14,0,99.44432326499373,218750.0,226,,True,PASS_FIRST_CONVERSION_DETERMINISTIC,FAST64_STARTUP_INCLUSIVE_W0,3.0,0,MC200_ON_S131_LOW_W4,logs/fast64_v2/p4_event_noise_mc200_low/mc200_on_s131_low_w4.log,325.51000000000073,0.05,325.49983823529476,FAST64_V2_FIRST_CONVERSION_SEPARATED,84ac6c7320f9904408f2afe422765812960d62da86da2ca6c61b06c9fd258540,131,0,64,350db42cd208a1f9dd932fa371c92e720e2a23f12fe3f033592a94b933250700,ON,9b8e2a84ea62df65d79181a84ace92b51a475dda5203b5398169694570161a54,100131,PASS_FAST64_COMPLETE,269496,P4_EVENT_NOISE_MC200_LOW,0.7853981633974483,True,TT_3P3_27C,67,4,0,MAIN_MC200_LOW,226,False,0,COMPLETE,0,7.811139817522507,True,-65.85777551539506,-58.940008947441996,FAST64_SS_W4,True,True,57.68533787134747,48.78306170148549,True,49.59570582273705,-56.46188888779645,False,0,68,68,89262d733c389baa5dbebff223be7589a467d26c649d22ea32a5e1118b72d2ec,7.8111398175225055,57.68533787134747,48.78306170148548,49.595705822737045,-56.46188888779646,4,49.595705822737045,48.78306170148548,7.8111398175225055,57.68533787134747,True,89262d733c389baa5dbebff223be7589a467d26c649d22ea32a5e1118b72d2ec,89262d733c389baa5dbebff223be7589a467d26c649d22ea32a5e1118b72d2ec,True,0,,7.105427357601002e-15,7.105427357601002e-15,1.7763568394002505e-15,0.0,0be2c796917a7f2986689b2031335f4913e242d513ebde03a98b4f02f33ef355,True,True,True,True
480.0,LOW,7,False,701120bd5f3d38a9ee42cbbdccea4856cc2bc2b7a53d0c3f8a559428839506c7,2fe0096b564c9e5fd4044ef56875f463115c24866dc3f558f4387a3a2a4f457b,2026-07-25T22:45:45.375442+00:00,jobs/fast64_v2/p4_event_noise_mc200_low/mc200_on_s132_low_w4.spice,-0.03296055254092867,-1.553160770771271,-0.19842252629639034,-0.3490619872516234,-0.997231289268683,0,127.38750769698527,218750.0,223,,True,PASS_FIRST_CONVERSION_DETERMINISTIC,FAST64_STARTUP_INCLUSIVE_W0,3.0,0,MC200_ON_S132_LOW_W4,logs/fast64_v2/p4_event_noise_mc200_low/mc200_on_s132_low_w4.log,325.51000000000073,0.05,325.5006470588242,FAST64_V2_FIRST_CONVERSION_SEPARATED,04354f384094c6b3b2412762aa5fb56b1a45c4e48cdee790fc7cf1b333f3df8f,132,0,64,63fd501d49f94daf82607413afd6070f70f38ea45fa989923ae22ec1816c22ae,ON,7ae1fffbe5248c1dda2cf35bd99742ce5fb74c80d96cc68d945f74abddbe6507,100132,PASS_FAST64_COMPLETE,269344,P4_EVENT_NOISE_MC200_LOW,0.7853981633974483,True,TT_3P3_27C,67,4,0,MAIN_MC200_LOW,223,False,1,COMPLETE,0,7.6825934649130225,True,-67.40553748422593,-69.52985257114193,FAST64_SS_W4,True,True,55.558315317705635,48.00921265877639,True,48.4529036555398,-58.13620656027034,False,0,68,68,eb527c207f62c8b0a2ab148f72e74a60e359cd537eefd6245d5544a2d9cc2a2f,7.715554017453951,57.111476088476905,48.20763518507278,48.80196564279142,-57.138975271001655,4,48.80196564279142,48.20763518507278,7.715554017453951,57.111476088476905,True,eb527c207f62c8b0a2ab148f72e74a60e359cd537eefd6245d5544a2d9cc2a2f,eb527c207f62c8b0a2ab148f72e74a60e359cd537eefd6245d5544a2d9cc2a2f,True,0,,-0.3490619872516234,-0.19842252629639034,-0.03296055254092867,-1.553160770771271,2fe0096b564c9e5fd4044ef56875f463115c24866dc3f558f4387a3a2a4f457b,True,True,True,True
480.0,LOW,7,False,e31bca10be91d345029e1dac2cd1683dbf7dfc44c1f0161d25a1b86a6851558c,ab69e8590302b86f2033b531257a53657a116b0867a1de52da516ab92b199a5d,2026-07-25T22:47:11.136689+00:00,jobs/fast64_v2/p4_event_noise_mc200_low/mc200_on_s133_low_w4.spice,-1.7763568394002505e-15,4.973799150320701e-14,-1.4210854715202004e-14,-5.684341886080802e-14,-4.263256414560601e-14,0,201.6085497830063,218750.0,222,,True,PASS_FIRST_CONVERSION_DETERMINISTIC,FAST64_STARTUP_INCLUSIVE_W0,3.0,0,MC200_ON_S133_LOW_W4,logs/fast64_v2/p4_event_noise_mc200_low/mc200_on_s133_low_w4.log,325.51000000000033,0.05,325.49867647058886,FAST64_V2_FIRST_CONVERSION_SEPARATED,4aff85514c7f1a7868e87df709d40bf05dc5692f172d163645146e5a5e3852c3,133,0,64,ddf83851f6fac848decb8c8512cf4118070b06a3e0de19aa7fee0bc66902bdf0,ON,c14be48cbc869f6c4a43e015ae1b48e9dd9fca951b1d7a2209ce9cebc3e31758,100133,PASS_FAST64_COMPLETE,269360,P4_EVENT_NOISE_MC200_LOW,0.7853981633974483,True,TT_3P3_27C,67,4,0,MAIN_MC200_LOW,222,False,0,COMPLETE,0,7.598772654726371,True,-71.48840529395807,-64.43771181454413,FAST64_SS_W4,True,False,53.13778742703534,47.50461138145275,True,49.21854783028401,-52.37132862942475,False,0,68,68,31de646a6e1cc5bafd58dccf7ada5cb1fa7e6fc33b6f2e91c630829c57a4399e,7.598772654726373,53.13778742703529,47.50461138145276,49.218547830284066,-52.37132862942471,4,49.218547830284066,47.50461138145276,7.598772654726373,53.13778742703529,True,31de646a6e1cc5bafd58dccf7ada5cb1fa7e6fc33b6f2e91c630829c57a4399e,31de646a6e1cc5bafd58dccf7ada5cb1fa7e6fc33b6f2e91c630829c57a4399e,True,0,,-5.684341886080802e-14,-1.4210854715202004e-14,-1.7763568394002505e-15,4.973799150320701e-14,ab69e8590302b86f2033b531257a53657a116b0867a1de52da516ab92b199a5d,True,True,True,True
480.0,LOW,7,False,584320ee8b047868bbf24b07b4a2ea8afe97b7438147e722ffa6be289c4eca0a,9e67e90d2cf39b35343e3b974015442fc6be19bf781db8857d1643634fb17e19,2026-07-25T22:46:17.704193+00:00,jobs/fast64_v2/p4_event_noise_mc200_low/mc200_on_s134_low_w4.spice,-0.03392259020649924,-0.8799037832808168,-0.20421399304312615,0.07300372512165154,1.2501176646697445,0,119.73809505498502,218750.0,224,,True,PASS_FIRST_CONVERSION_DETERMINISTIC,FAST64_STARTUP_INCLUSIVE_W0,3.0,0,MC200_ON_S134_LOW_W4,logs/fast64_v2/p4_event_noise_mc200_low/mc200_on_s134_low_w4.log,325.5100000000001,0.05,325.49997058823595,FAST64_V2_FIRST_CONVERSION_SEPARATED,0a188114a4b42b1f9cfecac277f50a244f21442caf989922b137e2eafa0e22dd,134,0,64,8f40819dd71da25674299e593b842b3810a8368c13372e1cd25b25923a435ef5,ON,b628b768be667b75c78c5f5acf96e77cbb6b49b0e381429ccb322edcfb71b9dc,100134,PASS_FAST64_COMPLETE,269448,P4_EVENT_NOISE_MC200_LOW,0.7853981633974483,True,TT_3P3_27C,67,4,0,MAIN_MC200_LOW,224,False,2,COMPLETE,0,7.513668745187074,True,-60.45885857797138,-66.22540322971754,FAST64_SS_W4,True,False,55.269721848844156,46.99228584602618,True,48.15826761975597,-53.27316673982499,False,0,68,68,31b796ba46fcbf45fd4ab156b8de104cb46b13001ca38e4d1fda878dfa1bf218,7.547591335393573,56.14962563212497,47.196499839069304,48.085263894634316,-54.52328440449473,4,48.085263894634316,47.196499839069304,7.547591335393573,56.14962563212497,True,31b796ba46fcbf45fd4ab156b8de104cb46b13001ca38e4d1fda878dfa1bf218,31b796ba46fcbf45fd4ab156b8de104cb46b13001ca38e4d1fda878dfa1bf218,True,0,,0.07300372512165154,-0.20421399304312615,-0.03392259020649924,-0.8799037832808168,9e67e90d2cf39b35343e3b974015442fc6be19bf781db8857d1643634fb17e19,True,True,True,True
480.0,LOW,7,False,a9d0f0dc6eae6ade69c2c6ef4a0ca93ba0d3fc60d40f6cf466355520811ac290,e132c77f9feb7fa612e6f03bed503cbe13845c2fa16a2ca1d1bd9c773f655f41,2026-07-25T22:46:56.172707+00:00,jobs/fast64_v2/p4_event_noise_mc200_low/mc200_on_s135_low_w4.spice,0.03908382898307128,-0.9029446893690576,0.23528465047809277,0.08085290522740252,-1.299666479739244,0,103.95332047599368,218750.0,226,,True,PASS_FIRST_CONVERSION_DETERMINISTIC,FAST64_STARTUP_INCLUSIVE_W0,3.0,0,MC200_ON_S135_LOW_W4,logs/fast64_v2/p4_event_noise_mc200_low/mc200_on_s135_low_w4.log,325.51000000000073,0.05,325.49905882353005,FAST64_V2_FIRST_CONVERSION_SEPARATED,ec674ecec7537574e09b3e7130f78e0b055172cacc5be9e761aaa67af563d9fb,135,0,64,cc72d4f513f346ef9b78e81102365347f5ac35a8d3b89796fb2d150766a29496,ON,d34efb47d6ef50daab16e30e4a5b44472842a5bb29191a69f76b3c71fbcb348d,100135,PASS_FAST64_COMPLETE,269648,P4_EVENT_NOISE_MC200_LOW,0.7853981633974483,True,TT_3P3_27C,67,4,0,MAIN_MC200_LOW,226,False,1,COMPLETE,0,7.656662900243951,True,-70.85633114692781,-67.75824773324659,FAST64_SS_W4,True,True,54.998324605208325,47.853110659468584,True,48.36767204740201,-57.37132255802672,False,0,68,68,a6646a472f5a83598e26f3c4c450cebec63748a2b288dd4c104c1d491a72db9a,7.61757907126088,55.90126929457738,47.61782600899049,48.28681914217461,-56.071656078287475,4,48.28681914217461,47.61782600899049,7.61757907126088,55.90126929457738,True,a6646a472f5a83598e26f3c4c450cebec63748a2b288dd4c104c1d491a72db9a,a6646a472f5a83598e26f3c4c450cebec63748a2b288dd4c104c1d491a72db9a,True,0,,0.08085290522740252,0.23528465047809277,0.03908382898307128,-0.9029446893690576,e132c77f9feb7fa612e6f03bed503cbe13845c2fa16a2ca1d1bd9c773f655f41,True,True,True,True
480.0,LOW,7,False,1dd1d7ceffb0c653a61bcec86c68f7355bea3f3de20d84662b51da88b75e1c68,b02af6defc293d4775dcb89e34c578a9d8d466ad20a7008340b1c83da5577484,2026-07-25T22:48:13.435507+00:00,jobs/fast64_v2/p4_event_noise_mc200_low/mc200_on_s136_low_w4.spice,0.03542361303801922,-1.0884342774703768,0.21325015048887508,0.2804593552936865,0.07466064037836873,0,148.04402784002014,218750.0,227,,True,PASS_FIRST_CONVERSION_DETERMINISTIC,FAST64_STARTUP_INCLUSIVE_W0,3.0,0,MC200_ON_S136_LOW_W4,logs/fast64_v2/p4_event_noise_mc200_low/mc200_on_s136_low_w4.log,325.5099999999999,0.05,325.4983235294124,FAST64_V2_FIRST_CONVERSION_SEPARATED,a770209eed231a0101b1e045a2152a47fcceb2da8d7a6c6c10534ba1fed2bb5f,136,0,64,9389296dd5d76edae194ef55df6ceb26aad045fd92f4611a9674e49614b0848c,ON,f549857b58613c2a73f109ea4512c93e3c9e7f1f541cbb330ca5fdfc82b40cf3,100136,PASS_FAST64_COMPLETE,269588,P4_EVENT_NOISE_MC200_LOW,0.7853981633974483,True,TT_3P3_27C,67,4,0,MAIN_MC200_LOW,226,False,1,COMPLETE,0,7.5882419878141825,True,-63.16311890154388,-74.80674749295554,FAST64_SS_W4,True,False,56.271094540924295,47.441216766641375,True,48.386407807098564,-54.52789157822514,False,0,68,68,067c743d9a46df1144fa1e965346224684dd3dbd51c51bcf2ef8f4d9ea2bb8c1,7.552818374776163,57.35952881839467,47.2279666161525,48.10594845180488,-54.602552218603506,4,48.10594845180488,47.2279666161525,7.552818374776163,57.35952881839467,True,067c743d9a46df1144fa1e965346224684dd3dbd51c51bcf2ef8f4d9ea2bb8c1,067c743d9a46df1144fa1e965346224684dd3dbd51c51bcf2ef8f4d9ea2bb8c1,True,0,,0.2804593552936865,0.21325015048887508,0.03542361303801922,-1.0884342774703768,b02af6defc293d4775dcb89e34c578a9d8d466ad20a7008340b1c83da5577484,True,True,True,True
480.0,LOW,7,False,da32bb0b8db8dc8cc4c581d5370e56e3f10d3c18baef784d044dc440fa2c4229,0c4ef4c70a6573cc2bc9eb1663915954e14cd40249c48abbbda2ca3445c11eee,2026-07-25T22:49:13.479139+00:00,jobs/fast64_v2/p4_event_noise_mc200_low/mc200_on_s137_low_w4.spice,7.993605777301127e-15,0.0,4.973799150320701e-14,5.684341886080802e-14,-7.105427357601002e-15,0,175.7625932940282,218750.0,223,,True,PASS_FIRST_CONVERSION_DETERMINISTIC,FAST64_STARTUP_INCLUSIVE_W0,3.0,0,MC200_ON_S137_LOW_W4,logs/fast64_v2/p4_event_noise_mc200_low/mc200_on_s137_low_w4.log,325.50300000000004,0.05,325.4989705882359,FAST64_V2_FIRST_CONVERSION_SEPARATED,93cfb7266779f5c7beb938fb4b91fde9b2a6276be1c04314e1f0ed499a8fd1d0,137,0,64,6fb714eb532a29d738ea0085e9e09755ea06f3c4c4695ad02a299d000dd58377,ON,1e179c4f21ecad5a1d4d7811fcf0c494ff1f63c5b9c739808c3a5e366b305ce6,100137,PASS_FAST64_COMPLETE,269404,P4_EVENT_NOISE_MC200_LOW,0.7853981633974483,True,TT_3P3_27C,67,4,0,MAIN_MC200_LOW,223,False,0,COMPLETE,0,7.554782304524794,True,-68.74332501620535,-60.09196047665286,FAST64_SS_W4,True,False,56.71936396877499,47.239789473239256,False,48.06775100202569,-54.844936810445084,False,0,68,68,7846aa2b9e7471874d8752f974415c308d0cb68d70c493283ae3cf105cf23fa6,7.554782304524786,56.71936396877499,47.239789473239206,48.06775100202563,-54.84493681044508,4,48.06775100202563,47.239789473239206,7.554782304524786,56.71936396877499,True,7846aa2b9e7471874d8752f974415c308d0cb68d70c493283ae3cf105cf23fa6,7846aa2b9e7471874d8752f974415c308d0cb68d70c493283ae3cf105cf23fa6,True,0,,5.684341886080802e-14,4.973799150320701e-14,7.993605777301127e-15,0.0,0c4ef4c70a6573cc2bc9eb1663915954e14cd40249c48abbbda2ca3445c11eee,True,True,True,True
480.0,LOW,7,False,c2741fa1cce16e586866c38582e41f0be99334c2982c8e76f84095351f473344,2d05ca7d0484cb0f3a9617c8650f25feebb6acf42659e7c1ea432064f8bc0937,2026-07-25T22:48:35.526393+00:00,jobs/fast64_v2/p4_event_noise_mc200_low/mc200_on_s138_low_w4.spice,-0.04899557607107763,0.35259405438777947,-0.2949533679478833,-0.3377676668453944,-0.8487721199446483,0,99.33087213092949,218750.0,224,,True,PASS_FIRST_CONVERSION_DETERMINISTIC,FAST64_STARTUP_INCLUSIVE_W0,3.0,0,MC200_ON_S138_LOW_W4,logs/fast64_v2/p4_event_noise_mc200_low/mc200_on_s138_low_w4.log,325.51000000000073,0.05,325.50008823529475,FAST64_V2_FIRST_CONVERSION_SEPARATED,b685f465f879f961ed04750170120e4701e20d2af6d4adc11c82762d2d1ce7d5,138,0,64,6de0c109adffad8ec499db23d306a242cef7a0f835748cc22ac47ad4a9a62c5e,ON,5a2ea130b5202968e253bed8ce976186fe261b865f8b9095fd776ad25ecb0b57,100138,PASS_FAST64_COMPLETE,269348,P4_EVENT_NOISE_MC200_LOW,0.7853981633974483,True,TT_3P3_27C,67,4,0,MAIN_MC200_LOW,224,False,1,COMPLETE,0,7.59057018886463,True,-71.60986682816743,-66.06684705841498,FAST64_SS_W4,True,False,57.36871658219353,47.45523253696507,False,47.59438649202063,-62.46751130622865,False,0,68,68,3cb44d8587d114cdeb18419fdfd851f53f02ae83b95e4e0e0f8c35f4819d26bc,7.639565764935708,57.01612252780575,47.750185904912954,47.93215415886603,-61.618739186284,4,47.93215415886603,47.750185904912954,7.639565764935708,57.01612252780575,True,3cb44d8587d114cdeb18419fdfd851f53f02ae83b95e4e0e0f8c35f4819d26bc,3cb44d8587d114cdeb18419fdfd851f53f02ae83b95e4e0e0f8c35f4819d26bc,True,0,,-0.3377676668453944,-0.2949533679478833,-0.04899557607107763,0.35259405438777947,2d05ca7d0484cb0f3a9617c8650f25feebb6acf42659e7c1ea432064f8bc0937,True,True,True,True
480.0,LOW,7,False,108e94f22ad7fc9fdae3b11b1ad268376409d5cdff10176bd1c3f7ed7d459fd5,5cc57965c72a96e11e23c9303528604604ac721720a31e6696083954082d87d8,2026-07-25T22:49:04.140431+00:00,jobs/fast64_v2/p4_event_noise_mc200_low/mc200_on_s139_low_w4.spice,0.011326187628821316,-0.5316164630692768,0.06818364952550127,-0.21849938648740164,-1.2066961593392946,0,112.98102815297898,218750.0,222,,True,PASS_FIRST_CONVERSION_DETERMINISTIC,FAST64_STARTUP_INCLUSIVE_W0,3.0,0,MC200_ON_S139_LOW_W4,logs/fast64_v2/p4_event_noise_mc200_low/mc200_on_s139_low_w4.log,325.5099999999999,0.05,325.4992941176477,FAST64_V2_FIRST_CONVERSION_SEPARATED,2dc1b9336080ba43e8aca362f4f679de26eedc3a6326617eebc59582c6dc3d54,139,0,64,3e189c283468790127e2d0b3cad24559a9cc4070c3038ecfb67173119ffdf987,ON,58050ce3779b61cacba98535ae47dae8f77dc0ea377f58d844a9d0f571a6c09f,100139,PASS_FAST64_COMPLETE,269556,P4_EVENT_NOISE_MC200_LOW,0.7853981633974483,True,TT_3P3_27C,67,4,0,MAIN_MC200_LOW,223,False,1,COMPLETE,0,7.765630970141772,True,-60.34462707957914,-59.284150756228506,FAST64_SS_W4,True,True,55.33017263453832,48.50909844025346,True,49.34816446669237,-56.06176074184363,False,0,68,68,e8728473574f86935701a8d889fdab21680c4bbc602c8c880c1b26e511a6e312,7.754304782512951,55.8617890976076,48.44091479072796,49.56666385317977,-54.85506458250433,4,49.56666385317977,48.44091479072796,7.754304782512951,55.8617890976076,True,e8728473574f86935701a8d889fdab21680c4bbc602c8c880c1b26e511a6e312,e8728473574f86935701a8d889fdab21680c4bbc602c8c880c1b26e511a6e312,True,0,,-0.21849938648740164,0.06818364952550127,0.011326187628821316,-0.5316164630692768,5cc57965c72a96e11e23c9303528604604ac721720a31e6696083954082d87d8,True,True,True,True
480.0,LOW,7,False,90ade3ec0b9625df33366e011ac1bddea77b8a35b752f59e19af5cd787a6d47e,ac35bff87234dd1fc4b10e2627850798d1dd9d7876ae577cc41eb484982406c2,2026-07-25T22:49:53.181661+00:00,jobs/fast64_v2/p4_event_noise_mc200_low/mc200_on_s140_low_w4.spice,0.027682826850462305,-0.033477374767123536,0.16665061763978173,0.5370781612275053,1.5132959239388981,0,99.72425260394812,218750.0,225,,True,PASS_FIRST_CONVERSION_DETERMINISTIC,FAST64_STARTUP_INCLUSIVE_W0,3.0,0,MC200_ON_S140_LOW_W4,logs/fast64_v2/p4_event_noise_mc200_low/mc200_on_s140_low_w4.log,325.51000000000073,0.05,325.4992205882359,FAST64_V2_FIRST_CONVERSION_SEPARATED,a2ef7f451f8d26bb5e284e11cd9624850a87e882478c7b33c89b5c7ca6dc2d72,140,0,64,fee3e37d2be8cd17948506a19ae6b841410b8ae35912688b718f62d6a39742ad,ON,977527036be18517f63b0707ce414dce24eadbed954321c377f5f6ee8e1ee899,100140,PASS_FAST64_COMPLETE,269548,P4_EVENT_NOISE_MC200_LOW,0.7853981633974483,True,TT_3P3_27C,67,4,0,MAIN_MC200_LOW,225,False,1,COMPLETE,0,7.507162377938069,True,-59.20373005569366,-61.842549976829545,FAST64_SS_W4,True,False,56.97830516155079,46.953117515187174,False,48.01692399959704,-53.58338546490938,False,0,68,68,fb503d3805964c4a747c6b41830201c6c4206b7e16defa7aa90f81cc9e72c973,7.479479551087607,57.01178253631792,46.78646689754739,47.479845838369535,-55.096681388848275,4,47.479845838369535,46.78646689754739,7.479479551087607,57.01178253631792,False,fb503d3805964c4a747c6b41830201c6c4206b7e16defa7aa90f81cc9e72c973,fb503d3805964c4a747c6b41830201c6c4206b7e16defa7aa90f81cc9e72c973,True,0,,0.5370781612275053,0.16665061763978173,0.027682826850462305,-0.033477374767123536,ac35bff87234dd1fc4b10e2627850798d1dd9d7876ae577cc41eb484982406c2,True,True,True,True
480.0,LOW,7,False,437f2f1a2876e325c266e8bdb2be28028c96f3d675cc26a9d9acb15da5a22d35,a9d4168203dc1708a67ea3143a35ea4e23d36e2dd08ac95e2346a43f746e77d8,2026-07-25T22:50:44.612086+00:00,jobs/fast64_v2/p4_event_noise_mc200_low/mc200_on_s141_low_w4.spice,-0.022036863492580494,-0.8008358963437132,-0.13266191822533102,0.20917318876873736,1.1170517201475079,0,129.07295016909484,218750.0,227,,True,PASS_FIRST_CONVERSION_DETERMINISTIC,FAST64_STARTUP_INCLUSIVE_W0,3.0,0,MC200_ON_S141_LOW_W4,logs/fast64_v2/p4_event_noise_mc200_low/mc200_on_s141_low_w4.log,325.51000000000033,0.05,325.49972058823596,FAST64_V2_FIRST_CONVERSION_SEPARATED,36153e2a61b6e0a8c5fbb5bf95fd829dbb14959a6994cdb9614c48513cd23349,141,0,64,2a6b24ea9cb8593a40d85231859247065f80db0366bb0c1874ac7e1e67713cf5,ON,60f3782e28e092a57374809e3ef1357371b3c939d4b70915dad6d132ad925657,100141,PASS_FAST64_COMPLETE,269836,P4_EVENT_NOISE_MC200_LOW,0.7853981633974483,True,TT_3P3_27C,67,4,0,MAIN_MC200_LOW,227,False,1,COMPLETE,0,7.5943742600700945,True,-58.983007196793366,-65.86109121336138,FAST64_SS_W4,True,False,55.94418450366695,47.478133045621966,True,48.951120124455386,-52.889684003030204,False,0,68,68,77ccb9f49f846d38424fb3704b4052db8b5a29de599890bf23e8b612572252c5,7.616411123562675,56.74502040001067,47.6107949638473,48.74194693568665,-54.00673572317771,4,48.74194693568665,47.6107949638473,7.616411123562675,56.74502040001067,True,77ccb9f49f846d38424fb3704b4052db8b5a29de599890bf23e8b612572252c5,77ccb9f49f846d38424fb3704b4052db8b5a29de599890bf23e8b612572252c5,True,0,,0.20917318876873736,-0.13266191822533102,-0.022036863492580494,-0.8008358963437132,a9d4168203dc1708a67ea3143a35ea4e23d36e2dd08ac95e2346a43f746e77d8,True,True,True,True
480.0,LOW,7,False,46d0d51a5e6324f00addea29a18ce8599298b0a372daccce32c90de41974d027,2ed8305d270aa372b8c0464e75de956cf2f31bc9cd594a0d6900b417bdf765f8,2026-07-25T22:51:52.883765+00:00,jobs/fast64_v2/p4_event_noise_mc200_low/mc200_on_s142_low_w4.spice,7.993605777301127e-15,0.0,4.973799150320701e-14,6.394884621840902e-14,2.842170943040401e-14,0,168.7262281329604,218750.0,226,,True,PASS_FIRST_CONVERSION_DETERMINISTIC,FAST64_STARTUP_INCLUSIVE_W0,3.0,0,MC200_ON_S142_LOW_W4,logs/fast64_v2/p4_event_noise_mc200_low/mc200_on_s142_low_w4.log,325.51000000000073,0.05,325.50097058823593,FAST64_V2_FIRST_CONVERSION_SEPARATED,9c0fadefd8b6697e9e1583cb71b2350bb263579a96434a205c3c1738e526856f,142,0,64,3a35e4ff9e5f5ab455a4863cfb8bd8fecb47af61d88c2a19016227b12066aa59,ON,c53cf2b7877aa6d8ca2cac309d278e7902529d863a64754b07e3cadaefc4d8e6,100142,PASS_FAST64_COMPLETE,269424,P4_EVENT_NOISE_MC200_LOW,0.7853981633974483,True,TT_3P3_27C,67,4,0,MAIN_MC200_LOW,226,False,0,COMPLETE,0,7.501071189243772,True,-61.17687423627879,-66.08826585383713,FAST64_SS_W4,True,False,53.64841506544427,46.916448559247506,False,47.29322955874244,-57.72043030222726,False,0,68,68,85f3a9753a40af6a9c176c4fb67d570593027f7d862f3d19256875425fcf77dd,7.501071189243764,53.64841506544427,46.916448559247456,47.293229558742375,-57.720430302227285,4,47.293229558742375,46.916448559247456,7.501071189243764,53.64841506544427,True,85f3a9753a40af6a9c176c4fb67d570593027f7d862f3d19256875425fcf77dd,85f3a9753a40af6a9c176c4fb67d570593027f7d862f3d19256875425fcf77dd,True,0,,6.394884621840902e-14,4.973799150320701e-14,7.993605777301127e-15,0.0,2ed8305d270aa372b8c0464e75de956cf2f31bc9cd594a0d6900b417bdf765f8,True,True,True,True
480.0,LOW,7,False,04cae7c9b82ad36b550e6c0ceb6d42f73b45ced14072d0b802fd47b453a89752,a43891ac68d7f9aef2dc09fc234e2e8d6d966f82e981ebf4795dc95b84b82ac3,2026-07-25T22:51:30.913557+00:00,jobs/fast64_v2/p4_event_noise_mc200_low/mc200_on_s143_low_w4.spice,-0.03400123575168035,0.352387938956241,-0.20468743922511834,-0.47207558174713427,-1.7293544170388202,0,137.41686882893555,218750.0,223,,True,PASS_FIRST_CONVERSION_DETERMINISTIC,FAST64_STARTUP_INCLUSIVE_W0,3.0,0,MC200_ON_S143_LOW_W4,logs/fast64_v2/p4_event_noise_mc200_low/mc200_on_s143_low_w4.log,325.5000000000034,0.05,325.4970735294124,FAST64_V2_FIRST_CONVERSION_SEPARATED,330578ae2b78049d7f64c5f91e2440ae3bbeed83be290a4234da92b1469a7458,143,0,64,da8113a9d2db9a179b9afe282896f3bc0bf48326cf3c7debe33cfa488fab6420,ON,b011512220a9b250d80031d987c973088506a444b82bd816897027988c721678,100143,PASS_FAST64_COMPLETE,269492,P4_EVENT_NOISE_MC200_LOW,0.7853981633974483,True,TT_3P3_27C,67,4,0,MAIN_MC200_LOW,223,False,1,COMPLETE,0,7.575538130396792,True,-62.29865305746442,-78.04692371154107,FAST64_SS_W4,True,False,56.26489884506941,47.36473954498868,False,47.804004489841645,-57.53309860867624,False,0,68,68,c1968811523c12acdde39c3ae63fb8c9228cd650f03c10b3f0a344b5cc6a5978,7.609539366148472,55.91251090611317,47.5694269842138,48.27608007158878,-55.80374419163742,4,48.27608007158878,47.5694269842138,7.609539366148472,55.91251090611317,True,c1968811523c12acdde39c3ae63fb8c9228cd650f03c10b3f0a344b5cc6a5978,c1968811523c12acdde39c3ae63fb8c9228cd650f03c10b3f0a344b5cc6a5978,True,0,,-0.47207558174713427,-0.20468743922511834,-0.03400123575168035,0.352387938956241,a43891ac68d7f9aef2dc09fc234e2e8d6d966f82e981ebf4795dc95b84b82ac3,True,True,True,True
480.0,LOW,7,False,ddb44d8ece4be1a6ac0f8b5ca24170cdaa5e997cbb3b872662986f1c11f9b1fc,ec57adf630ea603c78a9ab2d539b5948ab0510f9a0beacf2fa243324433d7c92,2026-07-25T22:51:15.709159+00:00,jobs/fast64_v2/p4_event_noise_mc200_low/mc200_on_s144_low_w4.spice,8.881784197001252e-16,0.0,7.105427357601002e-15,2.1316282072803006e-14,2.1316282072803006e-14,0,82.50897248601541,218750.0,224,,True,PASS_FIRST_CONVERSION_DETERMINISTIC,FAST64_STARTUP_INCLUSIVE_W0,3.0,0,MC200_ON_S144_LOW_W4,logs/fast64_v2/p4_event_noise_mc200_low/mc200_on_s144_low_w4.log,325.51000000000073,0.05,325.498764705883,FAST64_V2_FIRST_CONVERSION_SEPARATED,d34facdea85465bcd7aa337c9171f9873be8025002d393beece5f5580914dcb8,144,0,64,41ca033f2d2abfdb9c850a69edc15d190bb983096f2e57e32c990d6fafb893b7,ON,095eea85f31e961a080799240d30a694dd2d8a5bfb985e695118345e623f65bd,100144,PASS_FAST64_COMPLETE,269560,P4_EVENT_NOISE_MC200_LOW,0.7853981633974483,True,TT_3P3_27C,67,4,0,MAIN_MC200_LOW,224,False,0,COMPLETE,0,7.838362504638929,True,-69.54307367443063,-68.45276212433271,FAST64_SS_W4,True,True,56.072592342954664,48.94694227792635,True,49.87855654216864,-56.089907645748426,False,0,68,68,c5e9831b805a946bef58c575f293a08b4254f95865380498c13d3c2d9a4d55cc,7.838362504638928,56.072592342954664,48.94694227792634,49.87855654216862,-56.08990764574845,4,49.87855654216862,48.94694227792634,7.838362504638928,56.072592342954664,True,c5e9831b805a946bef58c575f293a08b4254f95865380498c13d3c2d9a4d55cc,c5e9831b805a946bef58c575f293a08b4254f95865380498c13d3c2d9a4d55cc,True,0,,2.1316282072803006e-14,7.105427357601002e-15,8.881784197001252e-16,0.0,ec57adf630ea603c78a9ab2d539b5948ab0510f9a0beacf2fa243324433d7c92,True,True,True,True
480.0,LOW,7,False,ce3d59fb48d852faecff2c75448b6e9416f8735a79979249f603dbdbb9dcbfb5,8e1382676844254c1e10c193f03748c84729dbb63f39ede848033dc41fc64fea,2026-07-25T22:53:26.123011+00:00,jobs/fast64_v2/p4_event_noise_mc200_low/mc200_on_s145_low_w4.spice,-0.05390208944767494,-1.2062104441241104,-0.3244905784750003,-0.24815887271900294,0.8519955792401106,0,161.49632209993433,218750.0,226,,True,PASS_FIRST_CONVERSION_DETERMINISTIC,FAST64_STARTUP_INCLUSIVE_W0,3.0,0,MC200_ON_S145_LOW_W4,logs/fast64_v2/p4_event_noise_mc200_low/mc200_on_s145_low_w4.log,325.51000000000073,0.05,325.4987794117654,FAST64_V2_FIRST_CONVERSION_SEPARATED,826d0f33f2d5ffb1264e0a04024ade4e752e663171383fd710201f57c62ac54d,145,0,64,0ab660fc8f926f48f333f4d8f7a7db3863af0e85b67764bb839e3b3b4213e5a5,ON,3e34a1fe97ea747e24e7aac50915e951711b921ea6a6e5e17c304ef43a61813d,100145,PASS_FAST64_COMPLETE,269560,P4_EVENT_NOISE_MC200_LOW,0.7853981633974483,True,TT_3P3_27C,67,4,0,MAIN_MC200_LOW,227,False,2,COMPLETE,0,7.506353929052397,True,-64.9172604783545,-68.92458396481436,FAST64_SS_W4,True,False,55.9371216907666,46.948250652895425,False,47.57417407718073,-55.670085301860595,False,0,68,68,9a3a7f89e576055641a4b2f71d0a834c60781c509c1116165df4751ed97ce1b3,7.560256018500072,57.14333213489071,47.272741231370425,47.82233294989973,-56.522080881100706,4,47.82233294989973,47.272741231370425,7.560256018500072,57.14333213489071,True,9a3a7f89e576055641a4b2f71d0a834c60781c509c1116165df4751ed97ce1b3,9a3a7f89e576055641a4b2f71d0a834c60781c509c1116165df4751ed97ce1b3,True,0,,-0.24815887271900294,-0.3244905784750003,-0.05390208944767494,-1.2062104441241104,8e1382676844254c1e10c193f03748c84729dbb63f39ede848033dc41fc64fea,True,True,True,True
480.0,LOW,7,False,400f51feb4f82244b7f00ab16a3424bcefa756f8029e1c768cd7e1b4bad23b58,99f9cac1059043200e37204aa6d868bd9ba8bfb1d42d08d9de5220e366cd15d7,2026-07-25T22:53:28.222792+00:00,jobs/fast64_v2/p4_event_noise_mc200_low/mc200_on_s146_low_w4.spice,-0.0022550063468100845,-1.0159387401386013,-0.013575138207798432,-0.21350814978539745,-2.296178584817902,0,132.49791787494905,218750.0,224,,True,PASS_FIRST_CONVERSION_DETERMINISTIC,FAST64_STARTUP_INCLUSIVE_W0,3.0,0,MC200_ON_S146_LOW_W4,logs/fast64_v2/p4_event_noise_mc200_low/mc200_on_s146_low_w4.log,325.51000000000033,0.05,325.499764705883,FAST64_V2_FIRST_CONVERSION_SEPARATED,52feb578512693f99e7837f23a45a69513506d6a42a9d780999a77aabd12c125,146,0,64,7acfe804e3751e7efee652f9739f96b346731e159a0d9eb00e5d7b3046aade71,ON,f538a52baa34fd67e6172b63b5aafee424eed698401451842d036da1d69a3532,100146,PASS_FAST64_COMPLETE,269316,P4_EVENT_NOISE_MC200_LOW,0.7853981633974483,True,TT_3P3_27C,67,4,0,MAIN_MC200_LOW,224,False,1,COMPLETE,0,7.635756102226387,True,-64.77459854446974,-64.66519746504488,FAST64_SS_W4,True,False,54.81529178368199,47.727251735402845,False,47.9970209989765,-59.92935662345795,False,0,68,68,6df9c9481f6b5d527532c640cfb18a0d1c037d0ef7aaab4a976d630c39b976c3,7.638011108573197,55.831230523820594,47.740826873610644,48.2105291487619,-57.63317803864005,4,48.2105291487619,47.740826873610644,7.638011108573197,55.831230523820594,True,6df9c9481f6b5d527532c640cfb18a0d1c037d0ef7aaab4a976d630c39b976c3,6df9c9481f6b5d527532c640cfb18a0d1c037d0ef7aaab4a976d630c39b976c3,True,0,,-0.21350814978539745,-0.013575138207798432,-0.0022550063468100845,-1.0159387401386013,99f9cac1059043200e37204aa6d868bd9ba8bfb1d42d08d9de5220e366cd15d7,True,True,True,True
480.0,LOW,7,False,dc41ca47ab9a66e88bfb9f4491ee7ea12967a5763353f34ce2baed4bbb1b25e0,90462a8b76176ceaee9d1fcfd0b5f27e25d0cedc5855480b99f9feffa989e66e,2026-07-25T22:53:23.987348+00:00,jobs/fast64_v2/p4_event_noise_mc200_low/mc200_on_s147_low_w4.spice,0.0004520855485754538,0.7182596217993193,0.00272155500242377,-0.1257689881227435,-0.9533878425354203,0,113.0580420709448,218750.0,225,,True,PASS_FIRST_CONVERSION_DETERMINISTIC,FAST64_STARTUP_INCLUSIVE_W0,3.0,0,MC200_ON_S147_LOW_W4,logs/fast64_v2/p4_event_noise_mc200_low/mc200_on_s147_low_w4.log,325.51000000000073,0.05,325.5001911764712,FAST64_V2_FIRST_CONVERSION_SEPARATED,5ea27857c3fb122fc8373420563d2bb9bcc0c79dd640340507bea0819b55e190,147,0,64,9d87b370e3612543b04e5ed99d8ff28f1ddb554a9272bdadbfdce31630581555,ON,42e345001ee102980b63e2213d25547ece9828c2db1ffc343f6a63a25a5794ec,100147,FAIL_STEADY_STATE_DYNAMIC,269464,P4_EVENT_NOISE_MC200_LOW,0.7853981633974483,True,TT_3P3_27C,67,4,0,MAIN_MC200_LOW,225,False,1,COMPLETE_WITH_FAIL,0,7.465604423079763,False,-64.67892515928408,-73.15890763608571,FAST64_SS_W4,True,False,55.92408433872932,46.70293862694017,False,47.191758046967195,-56.43141471998693,False,0,68,68,408435973a965a6b71d792129cd4f83250fc987f2fd2ca83b0ec57b9d1b2d21b,7.465152337531188,55.20582471693,46.70021707193774,47.31752703508994,-55.47802687745151,4,47.31752703508994,46.70021707193774,7.465152337531188,55.20582471693,False,408435973a965a6b71d792129cd4f83250fc987f2fd2ca83b0ec57b9d1b2d21b,408435973a965a6b71d792129cd4f83250fc987f2fd2ca83b0ec57b9d1b2d21b,True,0,,-0.1257689881227435,0.00272155500242377,0.0004520855485754538,0.7182596217993193,90462a8b76176ceaee9d1fcfd0b5f27e25d0cedc5855480b99f9feffa989e66e,True,True,True,True
480.0,LOW,7,False,1dddf79c937a9201ad3485b6ef60f5bbda28ac470edd1bde9edf1623c6751108,570e9e0d52aa1eacd03840b4d0f9aff6a54aeb8a4fb7342292c47ca936d6aaac,2026-07-25T22:55:40.864593+00:00,jobs/fast64_v2/p4_event_noise_mc200_low/mc200_on_s148_low_w4.spice,0.014170095995113208,-1.3424728538487258,0.08530397789058242,0.2540723510946208,2.3204251612190134,0,227.97490936296526,218750.0,222,,True,PASS_FIRST_CONVERSION_DETERMINISTIC,FAST64_STARTUP_INCLUSIVE_W0,3.0,0,MC200_ON_S148_LOW_W4,logs/fast64_v2/p4_event_noise_mc200_low/mc200_on_s148_low_w4.log,325.51000000000073,0.05,325.5000294117654,FAST64_V2_FIRST_CONVERSION_SEPARATED,fab79cb5d678a045043de6a8162dbc591d51c1fa9a8bc0a548d5ad228815ea9e,148,0,64,099378cb435c0012407503e8eeaa8800096d2fcb11553ec89b1c7cf108db801b,ON,67e5ded3def34dcd989e803450185375f49ecef67c0f03828dcb137cf9ec56d1,100148,PASS_FAST64_COMPLETE,269552,P4_EVENT_NOISE_MC200_LOW,0.7853981633974483,True,TT_3P3_27C,67,4,0,MAIN_MC200_LOW,222,False,1,COMPLETE,0,7.6212065126750215,True,-59.83684513548492,-73.80051461009992,FAST64_SS_W4,True,False,55.81085235079798,47.639663206303624,False,48.02652487260565,-58.3339443941135,False,0,68,68,55b5600e3b2e767f7534ac7444bd14952fad837ab30fbdfaeaa6baf855db1056,7.607036416679908,57.153325204646706,47.55435922841304,47.77245252151103,-60.654369555332515,4,47.77245252151103,47.55435922841304,7.607036416679908,57.153325204646706,True,55b5600e3b2e767f7534ac7444bd14952fad837ab30fbdfaeaa6baf855db1056,55b5600e3b2e767f7534ac7444bd14952fad837ab30fbdfaeaa6baf855db1056,True,0,,0.2540723510946208,0.08530397789058242,0.014170095995113208,-1.3424728538487258,570e9e0d52aa1eacd03840b4d0f9aff6a54aeb8a4fb7342292c47ca936d6aaac,True,True,True,True
480.0,LOW,7,False,67410a0b34e6ab5e13318ec19c856f47910d6589c33c2f804aa77086b92e0c8a,7e0859a5f4af62202f569f333f10f140a1001fee9e1c5979ae5b6d1721794e12,2026-07-25T22:54:55.716123+00:00,jobs/fast64_v2/p4_event_noise_mc200_low/mc200_on_s149_low_w4.spice,-3.552713678800501e-15,-1.2079226507921703e-13,-2.1316282072803006e-14,-4.263256414560601e-14,-9.947598300641403e-14,0,91.71580801496748,218750.0,225,,True,PASS_FIRST_CONVERSION_DETERMINISTIC,FAST64_STARTUP_INCLUSIVE_W0,3.0,0,MC200_ON_S149_LOW_W4,logs/fast64_v2/p4_event_noise_mc200_low/mc200_on_s149_low_w4.log,325.51000000000073,0.05,325.49985294117715,FAST64_V2_FIRST_CONVERSION_SEPARATED,b0eef527d4bf2858173f88b9fe122dece1994916b564dfa444b51ae0c9967842,149,0,64,debbfaa471db4cf46c913ba67776baa3887f2239ca32d96182b4b0f68cbda166,ON,767cf020203e782448908922b64179fb13b7dea66e804e050581bdcd51add504,100149,PASS_FAST64_COMPLETE,269552,P4_EVENT_NOISE_MC200_LOW,0.7853981633974483,True,TT_3P3_27C,67,4,0,MAIN_MC200_LOW,225,False,0,COMPLETE,0,7.823918979343045,True,-70.07931692894454,-60.50785601850042,FAST64_SS_W4,True,True,58.907563350543,48.859992255645125,True,49.582330751872476,-57.00659221931492,False,0,68,68,6b25449581e51a0a78d4f90ea3943a0212ebc9cb6d65449febe68a57370e6d76,7.823918979343048,58.90756335054312,48.859992255645146,49.58233075187252,-57.00659221931482,4,49.58233075187252,48.859992255645146,7.823918979343048,58.90756335054312,True,6b25449581e51a0a78d4f90ea3943a0212ebc9cb6d65449febe68a57370e6d76,6b25449581e51a0a78d4f90ea3943a0212ebc9cb6d65449febe68a57370e6d76,True,0,,-4.263256414560601e-14,-2.1316282072803006e-14,-3.552713678800501e-15,-1.2079226507921703e-13,7e0859a5f4af62202f569f333f10f140a1001fee9e1c5979ae5b6d1721794e12,True,True,True,True
480.0,LOW,7,False,1ed08ba765ff21b7314e815705ed56f5bd28ba85f4afbc6f2f123f082bdf2b61,a899f2c52bd2512539c7267ed8c6e68281335b87f9824b92651c9c445c22fba3,2026-07-25T22:55:02.279476+00:00,jobs/fast64_v2/p4_event_noise_mc200_low/mc200_on_s150_low_w4.spice,-0.03637689459797944,-1.0545336047082614,-0.21898890547983285,0.22701092220006558,1.999126895898037,0,96.14351914299186,218750.0,226,,True,PASS_FIRST_CONVERSION_DETERMINISTIC,FAST64_STARTUP_INCLUSIVE_W0,3.0,0,MC200_ON_S150_LOW_W4,logs/fast64_v2/p4_event_noise_mc200_low/mc200_on_s150_low_w4.log,325.51000000000073,0.05,325.4998823529418,FAST64_V2_FIRST_CONVERSION_SEPARATED,56d5fada878fd769bfe8c8a0eed0343af7fcda025a4d00efed4c3879571c7c9d,150,0,64,cb79c471dc4626ad8e61e307bd876f4849ae65ceb8c3c31b3aba568a32c3fa74,ON,8228a30a5303651548cdfb7d10a82e2dc0c099a12deab1a42b57f53b2f6057c4,100150,PASS_FAST64_COMPLETE,269460,P4_EVENT_NOISE_MC200_LOW,0.7853981633974483,True,TT_3P3_27C,67,4,0,MAIN_MC200_LOW,225,False,1,COMPLETE,0,7.862229918829385,True,-65.21208530938846,-65.26081031777261,FAST64_SS_W4,True,True,57.36151157161926,49.090624111352895,True,50.30168932677536,-55.22826216437635,False,0,68,68,47529b6af8d97f0f19a437bbd5d2db2f1d62485f7fe19e76670f63d989c20717,7.898606813427365,58.41604517632752,49.30961301683273,50.074678404575295,-57.22738906027439,4,50.074678404575295,49.30961301683273,7.898606813427365,58.41604517632752,True,47529b6af8d97f0f19a437bbd5d2db2f1d62485f7fe19e76670f63d989c20717,47529b6af8d97f0f19a437bbd5d2db2f1d62485f7fe19e76670f63d989c20717,True,0,,0.22701092220006558,-0.21898890547983285,-0.03637689459797944,-1.0545336047082614,a899f2c52bd2512539c7267ed8c6e68281335b87f9824b92651c9c445c22fba3,True,True,True,True
480.0,LOW,7,False,0388e54039108f018da1b3525aaff26f8510b26614508c5cb92fbc883e8f1841,38a1d7fb1bcde9cc27a60642d36ef70fbf22a154ea652d9758697275b1715380,2026-07-25T22:55:24.603711+00:00,jobs/fast64_v2/p4_event_noise_mc200_low/mc200_on_s151_low_w4.spice,4.440892098500626e-15,0.0,2.842170943040401e-14,3.552713678800501e-14,1.4210854715202004e-14,0,116.36357928509824,218750.0,225,,True,PASS_FIRST_CONVERSION_DETERMINISTIC,FAST64_STARTUP_INCLUSIVE_W0,3.0,0,MC200_ON_S151_LOW_W4,logs/fast64_v2/p4_event_noise_mc200_low/mc200_on_s151_low_w4.log,325.51000000000073,0.05,325.5001617647065,FAST64_V2_FIRST_CONVERSION_SEPARATED,992749cadb518e0f15433931b11270c92be2a64cbe24b7b3752dcb4b9a8b5662,151,0,64,3a480e5eae6041776d211e1aebb6928af102db20c3fd4dcf833e98472678fd19,ON,ae53c15fd38deee44a8950c6492256b91e9d59e0b3861434a27a5cb6f4eaa59e,100151,PASS_FAST64_COMPLETE,269484,P4_EVENT_NOISE_MC200_LOW,0.7853981633974483,True,TT_3P3_27C,67,4,0,MAIN_MC200_LOW,225,False,0,COMPLETE,0,7.551921580547937,True,-59.36672720122236,-68.2032452000625,FAST64_SS_W4,True,False,57.39171708154078,47.222567914898576,False,47.88353188317626,-55.7249245615555,False,0,68,68,b99eb096ad609ace1992fbfafca9f6360a1adf57ae19efbe0ed4483e29561fb1,7.5519215805479325,57.39171708154078,47.22256791489855,47.883531883176225,-55.72492456155551,4,47.883531883176225,47.22256791489855,7.5519215805479325,57.39171708154078,True,b99eb096ad609ace1992fbfafca9f6360a1adf57ae19efbe0ed4483e29561fb1,b99eb096ad609ace1992fbfafca9f6360a1adf57ae19efbe0ed4483e29561fb1,True,0,,3.552713678800501e-14,2.842170943040401e-14,4.440892098500626e-15,0.0,38a1d7fb1bcde9cc27a60642d36ef70fbf22a154ea652d9758697275b1715380,True,True,True,True
480.0,LOW,7,False,2928fb81328cb96d92fe4bc896d71644acfc6a6681723820cb7b066f24b21b00,4de9b17cabd72fd6ae859626caefe0d65649833ec74c5e4c75bd933d3a77e1dd,2026-07-25T22:57:27.972180+00:00,jobs/fast64_v2/p4_event_noise_mc200_low/mc200_on_s152_low_w4.spice,0.004100869183442768,-0.4001725300975707,0.02468723248432525,-0.2048778394092139,-1.237400000290549,0,152.23822090099566,218750.0,224,,True,PASS_FIRST_CONVERSION_DETERMINISTIC,FAST64_STARTUP_INCLUSIVE_W0,3.0,0,MC200_ON_S152_LOW_W4,logs/fast64_v2/p4_event_noise_mc200_low/mc200_on_s152_low_w4.log,325.5040000000001,0.05,325.4984558823536,FAST64_V2_FIRST_CONVERSION_SEPARATED,00961e2d0951cffdce211cdc51e294f0233a003ec510d6eef89c5a5de46f56d9,152,0,64,92ce82ce281dfe7aa2f4ba271b96882d0913bb397327e4e1b99c90fa88dfdc05,ON,5bf05f7433622024db0da4a40f340d6da9400e970c750a206a3682121a9e36de,100152,PASS_FAST64_COMPLETE,269344,P4_EVENT_NOISE_MC200_LOW,0.7853981633974483,True,TT_3P3_27C,67,4,0,MAIN_MC200_LOW,225,False,1,COMPLETE,0,7.740982586813129,True,-69.80005446980256,-65.9001578037001,FAST64_SS_W4,True,True,56.548302124717615,48.36071517261503,True,49.004680831521235,-56.96793616630301,False,0,68,68,3f70a05ae2866a16eb7076d6a6249e428834e1c7355f3ebcbc635319e05da5f0,7.736881717629686,56.948474654815186,48.336027940130705,49.20955867093045,-55.73053616601246,4,49.20955867093045,48.336027940130705,7.736881717629686,56.948474654815186,True,3f70a05ae2866a16eb7076d6a6249e428834e1c7355f3ebcbc635319e05da5f0,3f70a05ae2866a16eb7076d6a6249e428834e1c7355f3ebcbc635319e05da5f0,True,0,,-0.2048778394092139,0.02468723248432525,0.004100869183442768,-0.4001725300975707,4de9b17cabd72fd6ae859626caefe0d65649833ec74c5e4c75bd933d3a77e1dd,True,True,True,True
480.0,LOW,7,False,163d9e29940105e76b5b8078e98dac1a036003440eab244277f1719cb2b6a74b,7d978cb330a03c18cae114e284ea5f1a0f39b2661cddd54c46db7f0d1b05af5a,2026-07-25T22:57:53.771083+00:00,jobs/fast64_v2/p4_event_noise_mc200_low/mc200_on_s153_low_w4.spice,0.0,5.684341886080802e-14,0.0,-3.552713678800501e-14,-1.8474111129762605e-13,0,171.4781982419081,218750.0,224,,True,PASS_FIRST_CONVERSION_DETERMINISTIC,FAST64_STARTUP_INCLUSIVE_W0,3.0,0,MC200_ON_S153_LOW_W4,logs/fast64_v2/p4_event_noise_mc200_low/mc200_on_s153_low_w4.log,325.5099999999999,0.05,325.49836764705947,FAST64_V2_FIRST_CONVERSION_SEPARATED,43e6de33b468b172a94c20b2d3a100b480243329c1cef66d5f82a5c04329377b,153,0,64,0e992b482a8489ce9afa27f19d7d85437d737128d1ae62f8fcac07a966629e6d,ON,4bce0d87a5ab0d94d178fad6b2b47dca91caa2d53742d0bd4b9ff984e04200c9,100153,PASS_FAST64_COMPLETE,269496,P4_EVENT_NOISE_MC200_LOW,0.7853981633974483,True,TT_3P3_27C,67,4,0,MAIN_MC200_LOW,224,False,0,COMPLETE,0,7.760312267815861,True,-64.06826548034766,-65.25034546076749,FAST64_SS_W4,True,True,57.83958614947417,48.47707985225148,True,49.12670751948748,-57.0490435573289,False,0,68,68,d24cad04709c113ed0d895ebf76fa7bfa30d89619ecdf1328fb3e618960a5670,7.760312267815861,57.839586149474115,48.47707985225148,49.12670751948752,-57.049043557328716,4,49.12670751948752,48.47707985225148,7.760312267815861,57.839586149474115,True,d24cad04709c113ed0d895ebf76fa7bfa30d89619ecdf1328fb3e618960a5670,d24cad04709c113ed0d895ebf76fa7bfa30d89619ecdf1328fb3e618960a5670,True,0,,-3.552713678800501e-14,0.0,0.0,5.684341886080802e-14,7d978cb330a03c18cae114e284ea5f1a0f39b2661cddd54c46db7f0d1b05af5a,True,True,True,True
480.0,LOW,7,False,83784f3170a997e55eda13f13c723b448c50a117801c7665f3dbaba2f7394109,df46a7d709f9ae90d8a0fe6698f11b8b7cab7789a5a7be11af2752e9549e2f87,2026-07-25T22:56:49.551392+00:00,jobs/fast64_v2/p4_event_noise_mc200_low/mc200_on_s154_low_w4.spice,-6.217248937900877e-15,-2.0605739337042905e-13,-3.552713678800501e-14,-4.263256414560601e-14,-1.4210854715202004e-14,0,84.930621306994,218750.0,225,,True,PASS_FIRST_CONVERSION_DETERMINISTIC,FAST64_STARTUP_INCLUSIVE_W0,3.0,0,MC200_ON_S154_LOW_W4,logs/fast64_v2/p4_event_noise_mc200_low/mc200_on_s154_low_w4.log,325.51000000000073,0.05,325.49955882353004,FAST64_V2_FIRST_CONVERSION_SEPARATED,ac97c8a8fe3bc408d0d161e0956565442a97839b95ebebb545b27c2f8962ab6f,154,0,64,052a8fc3ab7cbff859d0584e929333858f97e79487f65c2d6a43a10b2a91febf,ON,d96af60c2e61963fda763622316203ef6ad89817233f63d71164f98e09c9b3e1,100154,PASS_FAST64_COMPLETE,269432,P4_EVENT_NOISE_MC200_LOW,0.7853981633974483,True,TT_3P3_27C,67,4,0,MAIN_MC200_LOW,225,False,0,COMPLETE,0,7.606856138728833,True,-61.917993423842276,-65.78490868175851,FAST64_SS_W4,True,False,56.298242387389614,47.553273955147574,False,48.020076115157295,-57.471099183507704,False,0,68,68,ab2bd89913b0c7341ccbf581d2630f11eca75d00de97f8350bb04efab62dda52,7.60685613872884,56.29824238738982,47.55327395514761,48.02007611515734,-57.47109918350769,4,48.02007611515734,47.55327395514761,7.60685613872884,56.29824238738982,True,ab2bd89913b0c7341ccbf581d2630f11eca75d00de97f8350bb04efab62dda52,ab2bd89913b0c7341ccbf581d2630f11eca75d00de97f8350bb04efab62dda52,True,0,,-4.263256414560601e-14,-3.552713678800501e-14,-6.217248937900877e-15,-2.0605739337042905e-13,df46a7d709f9ae90d8a0fe6698f11b8b7cab7789a5a7be11af2752e9549e2f87,True,True,True,True
480.0,LOW,7,False,c01fa86bbf686915f2d7a87671bcb86d84006873792d82b97cf8f8c5c515d84d,e9e0227a634ffab386e8f58e87006558c5256e36740bb7015379f863687cf97d,2026-07-25T22:57:40.946447+00:00,jobs/fast64_v2/p4_event_noise_mc200_low/mc200_on_s155_low_w4.spice,9.769962616701378e-15,5.684341886080802e-14,5.684341886080802e-14,6.394884621840902e-14,-7.815970093361102e-14,0,120.05721905804239,218750.0,224,,True,PASS_FIRST_CONVERSION_DETERMINISTIC,FAST64_STARTUP_INCLUSIVE_W0,3.0,0,MC200_ON_S155_LOW_W4,logs/fast64_v2/p4_event_noise_mc200_low/mc200_on_s155_low_w4.log,325.51000000000073,0.05,325.49926470588304,FAST64_V2_FIRST_CONVERSION_SEPARATED,4abc05580489c6590144169b7d79f675eea105722e2c08a8df3eec3b18da7632,155,0,64,7990508824c08dfd523e949cfc6115afc8ea8425848fe5d6b9bd7f3bdbeea352,ON,ea009c410cc6f89f1b6ca05d090863ccb10f2a65f0907d9d5be72d5d782ba7fb,100155,PASS_FAST64_COMPLETE,269560,P4_EVENT_NOISE_MC200_LOW,0.7853981633974483,True,TT_3P3_27C,67,4,0,MAIN_MC200_LOW,224,False,0,COMPLETE,0,7.620308674822012,True,-65.54404959612408,-74.54236085320824,FAST64_SS_W4,True,False,57.88009257509802,47.63425822242851,False,47.92582953102305,-59.50962352884396,False,0,68,68,456a9b82e64c701f393d9d336d2d6e201cc7e047e55dc6805e86b54afc910459,7.620308674822002,57.88009257509796,47.63425822242845,47.925829531022984,-59.50962352884388,4,47.925829531022984,47.63425822242845,7.620308674822002,57.88009257509796,True,456a9b82e64c701f393d9d336d2d6e201cc7e047e55dc6805e86b54afc910459,456a9b82e64c701f393d9d336d2d6e201cc7e047e55dc6805e86b54afc910459,True,0,,6.394884621840902e-14,5.684341886080802e-14,9.769962616701378e-15,5.684341886080802e-14,e9e0227a634ffab386e8f58e87006558c5256e36740bb7015379f863687cf97d,True,True,True,True
480.0,LOW,7,False,83ecaa0affcc09e6fd76e006545d2f4a9ec8a3ebb6092aa96df8b29fb9cd54e7,9e609173ea6cc1d44aa72358d977631b0fa9dabf7c3278036705c4ab808dd4aa,2026-07-25T22:58:51.185720+00:00,jobs/fast64_v2/p4_event_noise_mc200_low/mc200_on_s156_low_w4.spice,0.062128278026841066,-0.31914820219641626,0.37401223372158654,0.4078652452750333,-0.2511207942942306,0,121.61086378991604,218750.0,223,,True,PASS_FIRST_CONVERSION_DETERMINISTIC,FAST64_STARTUP_INCLUSIVE_W0,3.0,0,MC200_ON_S156_LOW_W4,logs/fast64_v2/p4_event_noise_mc200_low/mc200_on_s156_low_w4.log,325.51000000000073,0.05,325.49939705882423,FAST64_V2_FIRST_CONVERSION_SEPARATED,0e72a7d45fd7f19384fa52087e764a4775946defbb27c2d9a5cfc5a53de280a3,156,0,64,d0d6dd4d3cbe76136dff2cf52c0b710d564a3234d785a13eba2a9c45bf17e5e6,ON,a6ce8a073c6ca634903825362f5c326debf6e503156c8a836fee7a22b8cba4d4,100156,PASS_FAST64_COMPLETE,269512,P4_EVENT_NOISE_MC200_LOW,0.7853981633974483,True,TT_3P3_27C,67,4,0,MAIN_MC200_LOW,223,False,2,COMPLETE,0,7.688564137239515,True,-65.01351844122834,-68.44795888521907,FAST64_SS_W4,True,True,55.49087789143414,48.04515610618188,True,49.11887887180721,-54.63988376038956,False,0,68,68,7b34debeb74b38b223b08c5396181092cfc8ab761f8e3fa64891542f94ebbdb9,7.626435859212674,55.810026093630555,47.67114387246029,48.71101362653218,-54.38876296609533,4,48.71101362653218,47.67114387246029,7.626435859212674,55.810026093630555,True,7b34debeb74b38b223b08c5396181092cfc8ab761f8e3fa64891542f94ebbdb9,7b34debeb74b38b223b08c5396181092cfc8ab761f8e3fa64891542f94ebbdb9,True,0,,0.4078652452750333,0.37401223372158654,0.062128278026841066,-0.31914820219641626,9e609173ea6cc1d44aa72358d977631b0fa9dabf7c3278036705c4ab808dd4aa,True,True,True,True
480.0,LOW,7,False,0ec96ddd21285fe1313c1a365b19fb553135b0c556970d4221b5d9623c3ade6a,6d2932e606cb79169071217a468968fbc17494001e98b511ab6475e6e2c54d22,2026-07-25T22:59:44.952807+00:00,jobs/fast64_v2/p4_event_noise_mc200_low/mc200_on_s157_low_w4.spice,4.440892098500626e-15,0.0,2.842170943040401e-14,2.1316282072803006e-14,1.4210854715202004e-14,0,136.9679038709728,218750.0,224,,True,PASS_FIRST_CONVERSION_DETERMINISTIC,FAST64_STARTUP_INCLUSIVE_W0,3.0,0,MC200_ON_S157_LOW_W4,logs/fast64_v2/p4_event_noise_mc200_low/mc200_on_s157_low_w4.log,325.51000000000073,0.05,325.50042647058893,FAST64_V2_FIRST_CONVERSION_SEPARATED,cc8d9711dab984f50cc9c283b4ab37459d52bbaf34a5d19d97f4622df3b61e92,157,0,64,f016316ae3b873504166c17607d26a605a28a3d8908bef18f348e8749cdd16f5,ON,5bc07ed34d410ab9077fdd46c1e38885d64d78588733d5782bbed1f6daf28e8f,100157,PASS_FAST64_COMPLETE,269300,P4_EVENT_NOISE_MC200_LOW,0.7853981633974483,True,TT_3P3_27C,67,4,0,MAIN_MC200_LOW,224,False,0,COMPLETE,0,7.699582422575973,True,-64.70868527400187,-61.84599069618746,FAST64_SS_W4,True,True,55.720460706524015,48.11148618390735,True,49.33492108289884,-54.21088719550204,False,0,68,68,3bdc4d3606102aa667405e0ded3be381b9229964e229789dffdb0090344bf021,7.699582422575968,55.720460706524015,48.111486183907324,49.334921082898816,-54.21088719550205,4,49.334921082898816,48.111486183907324,7.699582422575968,55.720460706524015,True,3bdc4d3606102aa667405e0ded3be381b9229964e229789dffdb0090344bf021,3bdc4d3606102aa667405e0ded3be381b9229964e229789dffdb0090344bf021,True,0,,2.1316282072803006e-14,2.842170943040401e-14,4.440892098500626e-15,0.0,6d2932e606cb79169071217a468968fbc17494001e98b511ab6475e6e2c54d22,True,True,True,True
480.0,LOW,7,False,071cf48c385c0fce49ae8e6fe56e96e5e56557e3a668b01f8f87229d77d42914,cdaec8c0e7dfc760c54f4e9ff2f5fbe5b2311de423210544d53d7a378a0565cb,2026-07-25T22:59:38.023125+00:00,jobs/fast64_v2/p4_event_noise_mc200_low/mc200_on_s158_low_w4.spice,0.01756350407785323,-0.33788333941480886,0.10573229454868027,0.03797366141631642,-0.620705719376339,0,117.05525444401428,218750.0,225,,True,PASS_FIRST_CONVERSION_DETERMINISTIC,FAST64_STARTUP_INCLUSIVE_W0,3.0,0,MC200_ON_S158_LOW_W4,logs/fast64_v2/p4_event_noise_mc200_low/mc200_on_s158_low_w4.log,325.51000000000073,0.05,325.5008382352948,FAST64_V2_FIRST_CONVERSION_SEPARATED,40c0e61444e75ade684273d5af36dd492a6eeeaba3cb0bf48c0f22143a471f8b,158,0,64,26a18d0c1a711b89917b90fab8ec66ee6159359381cee0a56b0bbdfa9d28d7f3,ON,aedc362412cc9d009e26e4eb1f362367fe0e0510b002410584a832bee9bf5ec8,100158,PASS_FAST64_COMPLETE,269424,P4_EVENT_NOISE_MC200_LOW,0.7853981633974483,True,TT_3P3_27C,67,4,0,MAIN_MC200_LOW,225,False,1,COMPLETE,0,7.531170677539933,True,-60.8541851580187,-64.68300101085659,FAST64_SS_W4,True,False,54.77275728717424,47.09764747879039,False,47.60132249975505,-56.70339032893685,False,0,68,68,f1df0240cc081eb5f9105839557fae57dcccb784d99a1638c86ae9e9e794b6dd,7.51360717346208,55.110640626589046,46.99191518424171,47.56334883833873,-56.08268460956051,4,47.56334883833873,46.99191518424171,7.51360717346208,55.110640626589046,True,f1df0240cc081eb5f9105839557fae57dcccb784d99a1638c86ae9e9e794b6dd,f1df0240cc081eb5f9105839557fae57dcccb784d99a1638c86ae9e9e794b6dd,True,0,,0.03797366141631642,0.10573229454868027,0.01756350407785323,-0.33788333941480886,cdaec8c0e7dfc760c54f4e9ff2f5fbe5b2311de423210544d53d7a378a0565cb,True,True,True,True
480.0,LOW,7,False,ba99b99c45ef62dad358cf50b5a0f45f5177c06a256f6da5a496618f605217ab,07b866e6657d9c87df409f533ab3071853202a68b642c42c6d2cabdf5ba5c43a,2026-07-25T23:00:24.439682+00:00,jobs/fast64_v2/p4_event_noise_mc200_low/mc200_on_s159_low_w4.spice,8.881784197001252e-15,0.0,5.684341886080802e-14,5.684341886080802e-14,-3.552713678800501e-14,0,150.65502623806242,218750.0,224,,True,PASS_FIRST_CONVERSION_DETERMINISTIC,FAST64_STARTUP_INCLUSIVE_W0,3.0,0,MC200_ON_S159_LOW_W4,logs/fast64_v2/p4_event_noise_mc200_low/mc200_on_s159_low_w4.log,325.5040000000001,0.05,325.49791176470654,FAST64_V2_FIRST_CONVERSION_SEPARATED,4470a865f062d5391e866ddbb1629ddc9c56666715f32f6464ec4c4b1bf3de93,159,0,64,2af3b39de744ee3dfc738b5eabb2e1ba2f303f20e5adcf17a82246870341d19f,ON,37540d6fe9d9c4d74ea2ffffbbe9aa958ebb01b8e08d9c66204fa9a0ff28cf06,100159,PASS_FAST64_COMPLETE,269228,P4_EVENT_NOISE_MC200_LOW,0.7853981633974483,True,TT_3P3_27C,67,4,0,MAIN_MC200_LOW,224,False,0,COMPLETE,0,7.802084423843553,True,-67.67647065033705,-63.76379215861458,FAST64_SS_W4,True,True,57.19548706533441,48.728548231538184,True,49.332010236085225,-57.59812974792023,False,0,68,68,57521b6100e2f39aa109ac7ec1744a7b2d3488360724f2e3e40843fbee249de6,7.802084423843544,57.19548706533441,48.72854823153813,49.33201023608517,-57.5981297479202,4,49.33201023608517,48.72854823153813,7.802084423843544,57.19548706533441,True,57521b6100e2f39aa109ac7ec1744a7b2d3488360724f2e3e40843fbee249de6,57521b6100e2f39aa109ac7ec1744a7b2d3488360724f2e3e40843fbee249de6,True,0,,5.684341886080802e-14,5.684341886080802e-14,8.881784197001252e-15,0.0,07b866e6657d9c87df409f533ab3071853202a68b642c42c6d2cabdf5ba5c43a,True,True,True,True
480.0,LOW,7,False,ec80d9a3162378f8ba1c224f506882be4ace5b352bd838139d3a2f11f60ecc86,6596a83e16afd96474203d63f7d6686cf668b8cfce57a55897646256ebe87fff,2026-07-25T23:01:16.564108+00:00,jobs/fast64_v2/p4_event_noise_mc200_low/mc200_on_s160_low_w4.spice,-0.015588642034664701,-0.48539587394235184,-0.09384362504867738,-0.23304476723618706,-0.4162548446725225,0,145.36534873896744,218750.0,220,,True,PASS_FIRST_CONVERSION_DETERMINISTIC,FAST64_STARTUP_INCLUSIVE_W0,3.0,0,MC200_ON_S160_LOW_W4,logs/fast64_v2/p4_event_noise_mc200_low/mc200_on_s160_low_w4.log,325.51000000000073,0.05,325.5004117647065,FAST64_V2_FIRST_CONVERSION_SEPARATED,31befd0b4a1736ef11579555d5a0cdbcfc7d23563533459ab073d60094d8241c,160,0,64,f0fcd54aa4e789a5678f0b1ac0df1a2d5fd4e27f85a76773398a3ea8ba5b0195,ON,2db370db73d0715061d4998a09bb5eaccba1cd506921e3d62ebb648ad4761c0d,100160,PASS_FAST64_COMPLETE,269484,P4_EVENT_NOISE_MC200_LOW,0.7853981633974483,True,TT_3P3_27C,67,4,0,MAIN_MC200_LOW,220,False,1,COMPLETE,0,7.535469586085851,True,-56.88630745594385,-67.66176719299577,FAST64_SS_W4,True,False,56.88630745594385,47.12352690823682,False,48.10338548529639,-54.07045771023259,False,0,68,68,ace2905350ac55c6681497e83d52b3f89e5295ae963a87f609ac0e22ba079175,7.551058228120516,57.3717033298862,47.2173705332855,48.33643025253258,-53.654202865560066,4,48.33643025253258,47.2173705332855,7.551058228120516,57.3717033298862,True,ace2905350ac55c6681497e83d52b3f89e5295ae963a87f609ac0e22ba079175,ace2905350ac55c6681497e83d52b3f89e5295ae963a87f609ac0e22ba079175,True,0,,-0.23304476723618706,-0.09384362504867738,-0.015588642034664701,-0.48539587394235184,6596a83e16afd96474203d63f7d6686cf668b8cfce57a55897646256ebe87fff,True,True,True,True
480.0,LOW,7,False,364c6620633ec011756d0de6a93410328890244f34a5ee73f3b470d47e8c9e51,30e42eb7bd8ae35fc31d8698d4b7b8887a70d3f59874ce74e6e365a5abafecc6,2026-07-25T23:01:49.800304+00:00,jobs/fast64_v2/p4_event_noise_mc200_low/mc200_on_s161_low_w4.spice,0.00534478836497243,-0.7309809757468031,0.0321756259571373,-0.014649918425654107,-0.20251855211132153,0,131.76370999810752,218750.0,224,,True,PASS_FIRST_CONVERSION_DETERMINISTIC,FAST64_STARTUP_INCLUSIVE_W0,3.0,0,MC200_ON_S161_LOW_W4,logs/fast64_v2/p4_event_noise_mc200_low/mc200_on_s161_low_w4.log,325.51000000000073,0.05,325.49972058823596,FAST64_V2_FIRST_CONVERSION_SEPARATED,6d7007d2b6d9f00e172197c8864aec4e31db2cf99211e0e02d36746faeccd6be,161,0,64,1bd4ea881044fb023d54ad077c48a50f1df5fd36407039c3eef9c4a186032957,ON,1ca82bc4d640ecae36c30fb632faeeb2594971371802db329f469c018947b56c,100161,PASS_FAST64_COMPLETE,269420,P4_EVENT_NOISE_MC200_LOW,0.7853981633974483,True,TT_3P3_27C,67,4,0,MAIN_MC200_LOW,224,False,1,COMPLETE,0,7.878018669735381,True,-62.17135018249238,-70.96045099765806,FAST64_SS_W4,True,True,57.44220489643001,49.18567239180699,True,50.21716039731934,-55.93441466418056,False,0,68,68,dee00ba8cbc937c0edc1991dc8d25405c7a9081bdca20b8406140c9e407e5841,7.8726738813704085,58.173185872176816,49.15349676584985,50.231810315744994,-55.731896112069236,4,50.231810315744994,49.15349676584985,7.8726738813704085,58.173185872176816,True,dee00ba8cbc937c0edc1991dc8d25405c7a9081bdca20b8406140c9e407e5841,dee00ba8cbc937c0edc1991dc8d25405c7a9081bdca20b8406140c9e407e5841,True,0,,-0.014649918425654107,0.0321756259571373,0.00534478836497243,-0.7309809757468031,30e42eb7bd8ae35fc31d8698d4b7b8887a70d3f59874ce74e6e365a5abafecc6,True,True,True,True
480.0,LOW,7,False,d0850afbf088f19cf56acf22cf8038eb4bcb9e9a4f9fd7703ae6191a9f05418c,9be5663a3e5649d399312b1c9fefb4677420e3f5a0e5d8f0e39a213361756f97,2026-07-25T23:03:08.782594+00:00,jobs/fast64_v2/p4_event_noise_mc200_low/mc200_on_s162_low_w4.spice,4.440892098500626e-15,0.0,2.842170943040401e-14,2.1316282072803006e-14,7.105427357601002e-15,0,203.81903912697453,218750.0,224,,True,PASS_FIRST_CONVERSION_DETERMINISTIC,FAST64_STARTUP_INCLUSIVE_W0,3.0,0,MC200_ON_S162_LOW_W4,logs/fast64_v2/p4_event_noise_mc200_low/mc200_on_s162_low_w4.log,325.5100000000001,0.05,325.49948529411836,FAST64_V2_FIRST_CONVERSION_SEPARATED,2d14e18755160e957297d067eb276dd8b6f223ab19db8a2f7d4543e96bed67cb,162,0,64,ed1c1fc45df3f703562b39bbc481598bbd3b83dcaf99b512c6f3356d0e2d6689,ON,cb45b051b5127ebf49ed69cdefec0a29eea38839b56f986d9acd8466afdc63fe,100162,PASS_FAST64_COMPLETE,269588,P4_EVENT_NOISE_MC200_LOW,0.7853981633974483,True,TT_3P3_27C,67,4,0,MAIN_MC200_LOW,224,False,0,COMPLETE,0,7.604187468144657,True,-66.7074822867515,-58.9184296305184,FAST64_SS_W4,True,False,56.40846155782099,47.53720855823083,True,48.65466643689034,-53.979495320126446,False,0,68,68,cca30d40002fef5ebe7c99015ab313f61900ebe262ea52874737af59f46a4cd5,7.604187468144652,56.40846155782099,47.5372085582308,48.65466643689032,-53.97949532012645,4,48.65466643689032,47.5372085582308,7.604187468144652,56.40846155782099,True,cca30d40002fef5ebe7c99015ab313f61900ebe262ea52874737af59f46a4cd5,cca30d40002fef5ebe7c99015ab313f61900ebe262ea52874737af59f46a4cd5,True,0,,2.1316282072803006e-14,2.842170943040401e-14,4.440892098500626e-15,0.0,9be5663a3e5649d399312b1c9fefb4677420e3f5a0e5d8f0e39a213361756f97,True,True,True,True
480.0,LOW,7,False,2301744f8e2c734ac9679c8101987d7d0ddc177dae0efea4cdcb9e18e0423551,da66299f0e3797436b574cf2212bed2481da0e28e52b6b782f458ed9e3a13462,2026-07-25T23:02:16.449457+00:00,jobs/fast64_v2/p4_event_noise_mc200_low/mc200_on_s163_low_w4.spice,1.3322676295501878e-14,0.0,8.526512829121202e-14,1.0658141036401503e-13,7.105427357601002e-15,0,111.98977582203224,218750.0,227,,True,PASS_FIRST_CONVERSION_DETERMINISTIC,FAST64_STARTUP_INCLUSIVE_W0,3.0,0,MC200_ON_S163_LOW_W4,logs/fast64_v2/p4_event_noise_mc200_low/mc200_on_s163_low_w4.log,325.51000000000073,0.05,325.4998676470595,FAST64_V2_FIRST_CONVERSION_SEPARATED,b9104330dd4acd1d4e5f7ef95299b75806f6b45e4c125f1550f1b40e9511cb8b,163,0,64,8a09d764dac8d999e9ab5b60e4fe0cd39ee50824f36e8f93ca5b65813b9d9f7c,ON,7e4f687a71188c840c1f60265a0d4e5d271251350d5eb8849ec0711c1d738355,100163,FAIL_STEADY_STATE_DYNAMIC,269504,P4_EVENT_NOISE_MC200_LOW,0.7853981633974483,True,TT_3P3_27C,67,4,0,MAIN_MC200_LOW,227,False,0,COMPLETE_WITH_FAIL,0,7.389325371521098,False,-59.25564565593912,-58.237643281023054,FAST64_SS_W4,True,False,56.90355547213009,46.243738736557006,False,47.0331051185602,-54.03750234112167,False,0,68,68,5217bd8023473cf46fd8cd3f14bfb5df0da4d2496b8c7dd3534ef14d7c9ae5b3,7.3893253715210845,56.90355547213009,46.24373873655692,47.033105118560094,-54.03750234112168,4,32.211942687730605,31.563414340148775,4.950733279094481,44.37695827909009,False,b102b93b9f100a31bdabc84a21d064911d6a527eb0d9db3d25e212eaf7044264,5217bd8023473cf46fd8cd3f14bfb5df0da4d2496b8c7dd3534ef14d7c9ae5b3,False,1,0,14.821162430829595,14.680324396408231,2.4385920924266165,12.526597193039997,da66299f0e3797436b574cf2212bed2481da0e28e52b6b782f458ed9e3a13462,True,True,True,True
480.0,LOW,7,False,94083b27e450a1168835adf23a618f523f5f78dce5dd101c26b51c0c4a96b741,eca94d37db73968281713061f52921c71ce2fde568f98dc751e152ffe3718bf9,2026-07-25T23:03:02.074446+00:00,jobs/fast64_v2/p4_event_noise_mc200_low/mc200_on_s164_low_w4.spice,6.217248937900877e-15,0.0,3.552713678800501e-14,2.842170943040401e-14,-5.684341886080802e-14,0,105.48751833499409,218750.0,225,,True,PASS_FIRST_CONVERSION_DETERMINISTIC,FAST64_STARTUP_INCLUSIVE_W0,3.0,0,MC200_ON_S164_LOW_W4,logs/fast64_v2/p4_event_noise_mc200_low/mc200_on_s164_low_w4.log,325.51000000000073,0.05,325.50125000000065,FAST64_V2_FIRST_CONVERSION_SEPARATED,056f59d40d32ce83a106f4cee44cd9154617a3e9caef14767ef0d35e9992bbd7,164,0,64,c7ba5190663680e18c24caadf6df294a8b698e9ce283e48219e95470281183f8,ON,dbcea8f61a53aa6d56831284db4e09be64c2b7911f0964ca49c6136b6fc63199,100164,PASS_FAST64_COMPLETE,269256,P4_EVENT_NOISE_MC200_LOW,0.7853981633974483,True,TT_3P3_27C,67,4,0,MAIN_MC200_LOW,225,False,0,COMPLETE,0,7.778721369018822,True,-64.36090335688438,-64.07438100006972,FAST64_SS_W4,True,True,59.84759862933159,48.5879026414933,True,49.12458297798228,-57.93416609085013,False,0,68,68,76f37a9becad515f3ca95b107ed340bfcec64a4b7bcf26b24890455da0fcd6fc,7.7787213690188155,59.84759862933159,48.587902641493265,49.12458297798225,-57.93416609085007,4,49.12458297798225,48.587902641493265,7.7787213690188155,59.84759862933159,True,76f37a9becad515f3ca95b107ed340bfcec64a4b7bcf26b24890455da0fcd6fc,76f37a9becad515f3ca95b107ed340bfcec64a4b7bcf26b24890455da0fcd6fc,True,0,,2.842170943040401e-14,3.552713678800501e-14,6.217248937900877e-15,0.0,eca94d37db73968281713061f52921c71ce2fde568f98dc751e152ffe3718bf9,True,True,True,True
480.0,LOW,7,False,de21ca3a4c3d3b5b7ad04434371ea8db759ede08583095a8642daff09055cb79,10cee956d1fe66b4901ffd5e81996fcdb2f13080c930dd2b266681673d6c5526,2026-07-25T23:03:31.480191+00:00,jobs/fast64_v2/p4_event_noise_mc200_low/mc200_on_s165_low_w4.spice,1.1546319456101628e-14,2.2737367544323206e-13,7.105427357601002e-14,9.947598300641403e-14,7.105427357601002e-14,0,101.65754863398615,218750.0,226,,True,PASS_FIRST_CONVERSION_DETERMINISTIC,FAST64_STARTUP_INCLUSIVE_W0,3.0,0,MC200_ON_S165_LOW_W4,logs/fast64_v2/p4_event_noise_mc200_low/mc200_on_s165_low_w4.log,325.5040000000001,0.05,325.49854411764767,FAST64_V2_FIRST_CONVERSION_SEPARATED,e23430c89d9a8efddd681e665f5cda5659a4c36c7b9009f3c45addf1ee9aeeeb,165,0,64,5778843b9095e296bda581266aed06ef0e112c4d7396a7ed11f031a4f0973af1,ON,cb4047ef07d65c6051931a23e6373d5c14b5e7bfb21ab438cecfdb2a5b387a9a,100165,PASS_FAST64_COMPLETE,269420,P4_EVENT_NOISE_MC200_LOW,0.7853981633974483,True,TT_3P3_27C,67,4,0,MAIN_MC200_LOW,226,False,0,COMPLETE,0,7.5199004391370865,True,-65.72355727038696,-56.96189821519638,FAST64_SS_W4,True,False,56.00900504696246,47.029800643605256,False,47.77177528594098,-55.06945992315622,False,0,68,68,f07c491f7e34294e7d57d03e19ec82bf7863c733938c5c5e344ec047e4752b77,7.519900439137075,56.00900504696223,47.029800643605185,47.77177528594088,-55.06945992315629,4,47.77177528594088,47.029800643605185,7.519900439137075,56.00900504696223,True,f07c491f7e34294e7d57d03e19ec82bf7863c733938c5c5e344ec047e4752b77,f07c491f7e34294e7d57d03e19ec82bf7863c733938c5c5e344ec047e4752b77,True,0,,9.947598300641403e-14,7.105427357601002e-14,1.1546319456101628e-14,2.2737367544323206e-13,10cee956d1fe66b4901ffd5e81996fcdb2f13080c930dd2b266681673d6c5526,True,True,True,True
480.0,LOW,7,False,ede43d8fc0d13c7d7fd374a99ec4b65a9e1b19993caaa2f4bb112cb12032d5eb,04514251336fab144693f7d876cd79dbdd38f173fa01099534cb1669f12a5e53,2026-07-25T23:04:29.069485+00:00,jobs/fast64_v2/p4_event_noise_mc200_low/mc200_on_s166_low_w4.spice,0.031091997314637965,1.1636366449304205,0.1871738238341223,-0.052473670674984874,-1.6356336892372383,0,132.60938736400567,218750.0,221,,True,PASS_FIRST_CONVERSION_DETERMINISTIC,FAST64_STARTUP_INCLUSIVE_W0,3.0,0,MC200_ON_S166_LOW_W4,logs/fast64_v2/p4_event_noise_mc200_low/mc200_on_s166_low_w4.log,325.51000000000073,0.05,325.4995588235301,FAST64_V2_FIRST_CONVERSION_SEPARATED,df8cd1971c2f5a2892b52291382991da8a035f115d253e7f4c1d84a70aa6463b,166,0,64,7dbbca1671c03e4e04008cb2a38a7e99f0b0de1ab92f170bea12328b196c93d6,ON,126ce0858d19110a16d05b2929d89acd3164aaf0fe26cb7f16b5702d35a97c39,100166,PASS_FAST64_COMPLETE,269388,P4_EVENT_NOISE_MC200_LOW,0.7853981633974483,True,TT_3P3_27C,67,4,0,MAIN_MC200_LOW,220,False,1,COMPLETE,0,7.528454880705194,True,-61.47034450748744,-60.04642647186863,FAST64_SS_W4,True,False,55.74989137901538,47.081298381845265,False,47.63360649702983,-56.31055507576494,False,0,68,68,9ae7c956894b7202af2b16962f3cd2253b710be48c6f12488cb587a869e3db6f,7.497362883390556,54.58625473408496,46.89412455801114,47.686080167704816,-54.6749213865277,4,33.02095401975324,32.472181444551,5.10169126985897,45.82414993089054,False,41b5a59074559f26c0c19dc2aabfeae61b1d5668d425a38024ef197660bf716c,9ae7c956894b7202af2b16962f3cd2253b710be48c6f12488cb587a869e3db6f,False,1,1,14.61265247727659,14.609116937294267,2.4267636108462245,9.925741448124839,04514251336fab144693f7d876cd79dbdd38f173fa01099534cb1669f12a5e53,True,True,True,True
480.0,LOW,7,False,c9e5835b8431577ed2f1c04d6cdc91576782daa483692b32c4e41770b56b5591,83149d387dcfbccb5575cecfad585b46cf486938ce28dafd5017dda5ab417f94,2026-07-25T23:05:46.827955+00:00,jobs/fast64_v2/p4_event_noise_mc200_low/mc200_on_s167_low_w4.spice,-2.6645352591003757e-15,0.0,-1.4210854715202004e-14,-4.973799150320701e-14,-1.0658141036401503e-13,0,164.732926681987,218750.0,222,,True,PASS_FIRST_CONVERSION_DETERMINISTIC,FAST64_STARTUP_INCLUSIVE_W0,3.0,0,MC200_ON_S167_LOW_W4,logs/fast64_v2/p4_event_noise_mc200_low/mc200_on_s167_low_w4.log,325.51000000000073,0.05,325.4993823529418,FAST64_V2_FIRST_CONVERSION_SEPARATED,d0659421d95a43c72b239323975df2ad8831d0dbc7839f5d54b3db64ffb78d7b,167,0,64,ce33172efe46a49d75d8115abf6bf986312b4ca5f2fa0f136598fb7696887aa8,ON,0ea8c94da88c018e124d7c03612843a5b77aee3fd4fab175c9089eaea503f16e,100167,PASS_FAST64_COMPLETE,269548,P4_EVENT_NOISE_MC200_LOW,0.7853981633974483,True,TT_3P3_27C,67,4,0,MAIN_MC200_LOW,222,False,0,COMPLETE,0,7.731591169578332,True,-63.260007511773125,-56.802719533227915,FAST64_SS_W4,True,True,55.248094969092776,48.30417884086155,True,49.29770717107034,-55.19751736496456,False,0,68,68,e6a49de98ba1c5ff736c1d1e23e9adc327b93b80bc2d0b2b9ec363f1e7d64720,7.731591169578334,55.248094969092776,48.30417884086157,49.29770717107039,-55.197517364964455,4,49.29770717107039,48.30417884086157,7.731591169578334,55.248094969092776,True,e6a49de98ba1c5ff736c1d1e23e9adc327b93b80bc2d0b2b9ec363f1e7d64720,e6a49de98ba1c5ff736c1d1e23e9adc327b93b80bc2d0b2b9ec363f1e7d64720,True,0,,-4.973799150320701e-14,-1.4210854715202004e-14,-2.6645352591003757e-15,0.0,83149d387dcfbccb5575cecfad585b46cf486938ce28dafd5017dda5ab417f94,True,True,True,True
480.0,LOW,7,False,7509bee09a2eb2c202e6b81449e34303813ff6421127b7cd6723d539703c476b,10836d09c0c7e8ba0f6b715578da86e5569e0cff0de974c3d9d317d063895009,2026-07-25T23:05:05.763246+00:00,jobs/fast64_v2/p4_event_noise_mc200_low/mc200_on_s168_low_w4.spice,-2.6645352591003757e-15,0.0,-1.4210854715202004e-14,-1.4210854715202004e-14,-2.842170943040401e-14,0,116.96273509704042,218750.0,225,,True,PASS_FIRST_CONVERSION_DETERMINISTIC,FAST64_STARTUP_INCLUSIVE_W0,3.0,0,MC200_ON_S168_LOW_W4,logs/fast64_v2/p4_event_noise_mc200_low/mc200_on_s168_low_w4.log,325.51000000000073,0.05,325.5002941176477,FAST64_V2_FIRST_CONVERSION_SEPARATED,77d5274f685510e16e75a4d108009d85ea5dd74c8dd7741ae6d9fe5c96f618af,168,0,64,f2319398004901266cb9e2d00a44a2bb832713dfb6f4169497b5d3839abe15cc,ON,d123457ac73f4e87ea4907aea9df374ea794606e37eb2339323cc900fea7da72,100168,PASS_FAST64_COMPLETE,269592,P4_EVENT_NOISE_MC200_LOW,0.7853981633974483,True,TT_3P3_27C,67,4,0,MAIN_MC200_LOW,225,False,0,COMPLETE,0,7.78055859962205,True,-61.785876259311706,-67.46860992690364,FAST64_SS_W4,True,True,54.84122048664598,48.598962769724736,True,49.07545820205293,-58.43228807751256,False,0,68,68,e99e05bb15bf19cd16d3c57f41892566a188c6b37e0668e32f2988ca3a30571c,7.7805585996220525,54.84122048664598,48.59896276972475,49.07545820205294,-58.43228807751253,4,49.07545820205294,48.59896276972475,7.7805585996220525,54.84122048664598,True,e99e05bb15bf19cd16d3c57f41892566a188c6b37e0668e32f2988ca3a30571c,e99e05bb15bf19cd16d3c57f41892566a188c6b37e0668e32f2988ca3a30571c,True,0,,-1.4210854715202004e-14,-1.4210854715202004e-14,-2.6645352591003757e-15,0.0,10836d09c0c7e8ba0f6b715578da86e5569e0cff0de974c3d9d317d063895009,True,True,True,True
480.0,LOW,7,False,1d17bdf0febfc2f8731d652ac736cccfdfdf37f55fe12b5ca5305e6da8547f82,745133a8ee5b355f5072eec5cb7b9ca27623be5caa2ce3c8a9ddf02809d1d9b5,2026-07-25T23:05:48.283233+00:00,jobs/fast64_v2/p4_event_noise_mc200_low/mc200_on_s169_low_w4.spice,-0.024442778596068138,1.3312982697219482,-0.14714552714833218,-0.35822168892486417,-2.3979794450143643,0,136.7863063509576,218750.0,226,,True,PASS_FIRST_CONVERSION_DETERMINISTIC,FAST64_STARTUP_INCLUSIVE_W0,3.0,0,MC200_ON_S169_LOW_W4,logs/fast64_v2/p4_event_noise_mc200_low/mc200_on_s169_low_w4.log,325.51000000000073,0.05,325.49975000000063,FAST64_V2_FIRST_CONVERSION_SEPARATED,f679344871e7cbd886b42fdb9ec8032a86e2ce1c05c46436de78b39a8f7bfca4,169,0,64,87df2ef6949ab3249b0039a39ca2109b46c2246df4a3a08cdef702ff68569c12,ON,57ad9c5ce8a904beea05c685376c67ecb35e44997c9366e5345b3f262758b204,100169,PASS_FAST64_COMPLETE,269640,P4_EVENT_NOISE_MC200_LOW,0.7853981633974483,True,TT_3P3_27C,67,4,0,MAIN_MC200_LOW,226,False,1,COMPLETE,0,7.57666647300736,True,-63.2716429294799,-63.753657707150886,FAST64_SS_W4,True,False,57.46741758216313,47.3715321675043,False,47.62268151130784,-59.875024333767335,False,0,68,68,8692eccec103a5ab311eeb95db54d79e3ed17278b4fdcae3e718fb152c5427a9,7.601109251603428,56.13611931244118,47.51867769465263,47.9809032002327,-57.47704488875297,4,47.9809032002327,47.51867769465263,7.601109251603428,56.13611931244118,True,8692eccec103a5ab311eeb95db54d79e3ed17278b4fdcae3e718fb152c5427a9,8692eccec103a5ab311eeb95db54d79e3ed17278b4fdcae3e718fb152c5427a9,True,0,,-0.35822168892486417,-0.14714552714833218,-0.024442778596068138,1.3312982697219482,745133a8ee5b355f5072eec5cb7b9ca27623be5caa2ce3c8a9ddf02809d1d9b5,True,True,True,True
480.0,LOW,7,False,078c5a90c602a319d0ba3dfbb530b219eada7943eb54ce7c1febdf54d167b9a9,f56d8eef118b920e17e8aea85d2cb40ca2864e4b22ddcde0feaeb98572afe0a9,2026-07-25T23:06:58.871426+00:00,jobs/fast64_v2/p4_event_noise_mc200_low/mc200_on_s170_low_w4.spice,5.329070518200751e-15,1.7053025658242404e-13,2.842170943040401e-14,4.263256414560601e-14,7.105427357601002e-15,0,149.79010585404467,218750.0,226,,True,PASS_FIRST_CONVERSION_DETERMINISTIC,FAST64_STARTUP_INCLUSIVE_W0,3.0,0,MC200_ON_S170_LOW_W4,logs/fast64_v2/p4_event_noise_mc200_low/mc200_on_s170_low_w4.log,325.51000000000073,0.05,325.5004558823536,FAST64_V2_FIRST_CONVERSION_SEPARATED,296a356a124d99955e85dfec28be73496b7e943136de5b3eafdc47adb7542092,170,0,64,07ccd06151ef5ee01ee1064c095feb09e678cab46b1c413f4f929a04c5f52985,ON,10b9ddb348de670e267105b19ca927804e5225a57895b4877028f6e1a01fe6af,100170,PASS_FAST64_COMPLETE,269500,P4_EVENT_NOISE_MC200_LOW,0.7853981633974483,True,TT_3P3_27C,67,4,0,MAIN_MC200_LOW,226,False,0,COMPLETE,0,7.503519752456091,True,-65.97237969636103,-58.30769735836161,FAST64_SS_W4,True,False,54.57130007871585,46.93118890978566,False,47.72291720106907,-54.71312228405685,False,0,68,68,43041c9a10ccb3b4a31f50024aa7087d7d40a14ed94fc56ae90db598bbe25baa,7.503519752456086,54.57130007871568,46.93118890978563,47.72291720106903,-54.71312228405686,4,47.72291720106903,46.93118890978563,7.503519752456086,54.57130007871568,True,43041c9a10ccb3b4a31f50024aa7087d7d40a14ed94fc56ae90db598bbe25baa,43041c9a10ccb3b4a31f50024aa7087d7d40a14ed94fc56ae90db598bbe25baa,True,0,,4.263256414560601e-14,2.842170943040401e-14,5.329070518200751e-15,1.7053025658242404e-13,f56d8eef118b920e17e8aea85d2cb40ca2864e4b22ddcde0feaeb98572afe0a9,True,True,True,True
480.0,LOW,7,False,b981588a9a8c46fd2826dfcebb7c51cfd406c0919b7e4c6ee898ac191b80d08d,a97f841e3413fd60e6b8ee44e8542eb3c6fe5b40b9ddd8f5e66900bdcb702642,2026-07-25T23:08:07.294018+00:00,jobs/fast64_v2/p4_event_noise_mc200_low/mc200_on_s171_low_w4.spice,0.0037068481061437453,-0.3129649004853192,0.022315225598987354,-0.2506595467694339,-0.8524255463979529,0,181.5196289209416,218750.0,224,,True,PASS_FIRST_CONVERSION_DETERMINISTIC,FAST64_STARTUP_INCLUSIVE_W0,3.0,0,MC200_ON_S171_LOW_W4,logs/fast64_v2/p4_event_noise_mc200_low/mc200_on_s171_low_w4.log,325.51000000000073,0.05,325.4989558823536,FAST64_V2_FIRST_CONVERSION_SEPARATED,c3eb4732d2ca5c20197626736284862f0f1efd3dc4e60b6730bdee38acfb06d4,171,0,64,4fea215b17db39d9e56db652762f75284051bd62e9e2cd3f591b84dd1d1b3f78,ON,55d0854b35ddf6d68933ce9135cd874504b15384f4a4b870180d9e4213d5906b,100171,PASS_FAST64_COMPLETE,269700,P4_EVENT_NOISE_MC200_LOW,0.7853981633974483,True,TT_3P3_27C,67,4,0,MAIN_MC200_LOW,225,False,1,COMPLETE,0,7.603642407478759,True,-59.6010638881895,-59.288297837403015,FAST64_SS_W4,True,False,57.00908128096568,47.533927293022124,True,48.63723060978533,-54.024800407038036,False,0,68,68,43ca52f2c286cb9ff14c29f78517b52a0879ad1244847caca34c81073fc79c1e,7.599935559372615,57.322046181451,47.51161206742314,48.88789015655476,-53.17237486064008,4,48.88789015655476,47.51161206742314,7.599935559372615,57.322046181451,True,43ca52f2c286cb9ff14c29f78517b52a0879ad1244847caca34c81073fc79c1e,43ca52f2c286cb9ff14c29f78517b52a0879ad1244847caca34c81073fc79c1e,True,0,,-0.2506595467694339,0.022315225598987354,0.0037068481061437453,-0.3129649004853192,a97f841e3413fd60e6b8ee44e8542eb3c6fe5b40b9ddd8f5e66900bdcb702642,True,True,True,True
480.0,LOW,7,False,f957296fa7b7ee539960243b3416b0a181e761c2785298f2340feb0a23797d49,aadb48fd482e2efb44736efed064bccce48ff7b76e887bbba43c97d2fd62e161,2026-07-25T23:08:09.827468+00:00,jobs/fast64_v2/p4_event_noise_mc200_low/mc200_on_s172_low_w4.spice,-0.034069289894930854,-0.47375771881402784,-0.2050971251674838,-0.3432275419043407,-0.39026500446151857,0,142.98068678192794,218750.0,223,,True,PASS_FIRST_CONVERSION_DETERMINISTIC,FAST64_STARTUP_INCLUSIVE_W0,3.0,0,MC200_ON_S172_LOW_W4,logs/fast64_v2/p4_event_noise_mc200_low/mc200_on_s172_low_w4.log,325.51000000000073,0.05,325.50047058823594,FAST64_V2_FIRST_CONVERSION_SEPARATED,ac112e0c1cc1ba6e932746152acd5d81549353963f283701bffeed9fa6f39b9d,172,0,64,a620c8d26e30243bbc08ee664de9e7ab77a36b8632bf271b504b75da8a8afab5,ON,d39d2c09e266c0346b284f0e781287b3e0499b36fd14cafa4380f30753752f7a,100172,PASS_FAST64_COMPLETE,269596,P4_EVENT_NOISE_MC200_LOW,0.7853981633974483,True,TT_3P3_27C,67,4,0,MAIN_MC200_LOW,223,False,1,COMPLETE,0,7.877052252635996,True,-66.28788418456078,-58.39683457965308,FAST64_SS_W4,True,True,56.62210007953945,49.17985456086869,True,50.01869469480524,-56.7335769109689,False,0,68,68,162f674bdf3fcbab8c0ddd51957244d95166ddf01a23d4b7636ee1b7650e5ec0,7.9111215425309265,57.09585779835348,49.384951686036175,50.36192223670958,-56.34331190650738,4,50.36192223670958,49.384951686036175,7.9111215425309265,57.09585779835348,True,162f674bdf3fcbab8c0ddd51957244d95166ddf01a23d4b7636ee1b7650e5ec0,162f674bdf3fcbab8c0ddd51957244d95166ddf01a23d4b7636ee1b7650e5ec0,True,0,,-0.3432275419043407,-0.2050971251674838,-0.034069289894930854,-0.47375771881402784,aadb48fd482e2efb44736efed064bccce48ff7b76e887bbba43c97d2fd62e161,True,True,True,True
480.0,LOW,7,False,dfeb700c77bd60e95771b1253573b65457c483efeed03c0aa4932e4cf053b48f,224418a0e46450c39ba45f9d68549b56cd3b94776f4a3904fffc5495bcf5db04,2026-07-25T23:07:22.899045+00:00,jobs/fast64_v2/p4_event_noise_mc200_low/mc200_on_s173_low_w4.spice,-0.02687973107974706,0.2298245104823593,-0.16181598110007656,-0.2787010845548892,-1.516341143324631,0,94.59349393495359,218750.0,222,,True,PASS_FIRST_CONVERSION_DETERMINISTIC,FAST64_STARTUP_INCLUSIVE_W0,3.0,0,MC200_ON_S173_LOW_W4,logs/fast64_v2/p4_event_noise_mc200_low/mc200_on_s173_low_w4.log,325.51000000000033,0.05,325.4993529411771,FAST64_V2_FIRST_CONVERSION_SEPARATED,5cf41f56b325dcbc314e07ce5d4effc5f4c16289d22ea3ec7ab4274a2fb26c11,173,0,64,e888734e9861799412c8829fd29feeea09bbaae200c9d26ac077824e1422e5b6,ON,4431a6b62b119d563add238f057b10526a530f783abe93547433dec1eb54083a,100173,PASS_FAST64_COMPLETE,269464,P4_EVENT_NOISE_MC200_LOW,0.7853981633974483,True,TT_3P3_27C,67,4,0,MAIN_MC200_LOW,222,False,1,COMPLETE,0,7.541647912547897,True,-62.50309415934386,-76.08992848151263,FAST64_SS_W4,True,False,56.024281410273915,47.16072043353834,False,47.39858289009347,-59.89369296985665,False,0,68,68,10bc27059980835bdc87e133826073c93ee88867140bb209073d77246a134419,7.568527643627644,55.794456899791555,47.322536414638414,47.67728397464836,-58.37735182653202,4,47.67728397464836,47.322536414638414,7.568527643627644,55.794456899791555,True,10bc27059980835bdc87e133826073c93ee88867140bb209073d77246a134419,10bc27059980835bdc87e133826073c93ee88867140bb209073d77246a134419,True,0,,-0.2787010845548892,-0.16181598110007656,-0.02687973107974706,0.2298245104823593,224418a0e46450c39ba45f9d68549b56cd3b94776f4a3904fffc5495bcf5db04,True,True,True,True
480.0,LOW,7,False,38377c4d027228e5cc0a31eb5508c1344751e9cbd9b42aef7a2f1d3b50e3dda4,d5768879c4529e7bf52e1da0c091d8aa4d3ee19dcdb451a5f28a8630f8b236f0,2026-07-25T23:08:26.299280+00:00,jobs/fast64_v2/p4_event_noise_mc200_low/mc200_on_s174_low_w4.spice,-1.7763568394002505e-15,0.0,-7.105427357601002e-15,-7.105427357601002e-15,2.842170943040401e-14,0,87.40525057492778,218750.0,226,,True,PASS_FIRST_CONVERSION_DETERMINISTIC,FAST64_STARTUP_INCLUSIVE_W0,3.0,0,MC200_ON_S174_LOW_W4,logs/fast64_v2/p4_event_noise_mc200_low/mc200_on_s174_low_w4.log,325.51000000000073,0.05,325.4996176470595,FAST64_V2_FIRST_CONVERSION_SEPARATED,c4f13bff27536f79a60ff497d0ecbf96a12b0f3c02b2ffb1fe303ccea9428cf8,174,0,64,62fec5d6856e2dd4c69bf14d42a6718381749a48c705343373891d47f7be9886,ON,b6c8fe8e71633c6f145f5cbab04367fab2ee0dc36cb4ce57c04cb395c807fa8c,100174,PASS_FAST64_COMPLETE,269476,P4_EVENT_NOISE_MC200_LOW,0.7853981633974483,True,TT_3P3_27C,67,4,0,MAIN_MC200_LOW,226,False,0,COMPLETE,0,7.769175098069582,True,-61.73784117500547,-68.27368217671689,FAST64_SS_W4,True,True,56.558495856500755,48.53043409037888,True,49.731323560047,-54.69986437839086,False,0,68,68,ff408cfd55bcea76fce4ccc52391e7e7615c2a85ba73842e4b797128a4366487,7.769175098069584,56.558495856500755,48.53043409037889,49.73132356004701,-54.69986437839089,4,49.73132356004701,48.53043409037889,7.769175098069584,56.558495856500755,True,ff408cfd55bcea76fce4ccc52391e7e7615c2a85ba73842e4b797128a4366487,ff408cfd55bcea76fce4ccc52391e7e7615c2a85ba73842e4b797128a4366487,True,0,,-7.105427357601002e-15,-7.105427357601002e-15,-1.7763568394002505e-15,0.0,d5768879c4529e7bf52e1da0c091d8aa4d3ee19dcdb451a5f28a8630f8b236f0,True,True,True,True
480.0,LOW,7,False,fa942985259d516f693fe233fe96fb374e3b2d7ab0c25ee0c13dae182fbbb951,8ba26b6a7a2618efc02825f9f9a5c694bf74b038a44c03d5fa956c71f3f938ad,2026-07-25T23:10:55.979368+00:00,jobs/fast64_v2/p4_event_noise_mc200_low/mc200_on_s175_low_w4.spice,8.881784197001252e-16,0.0,7.105427357601002e-15,0.0,-1.2789769243681803e-13,0,213.06083425600082,218750.0,226,,True,PASS_FIRST_CONVERSION_DETERMINISTIC,FAST64_STARTUP_INCLUSIVE_W0,3.0,0,MC200_ON_S175_LOW_W4,logs/fast64_v2/p4_event_noise_mc200_low/mc200_on_s175_low_w4.log,325.502,0.05,325.49842647058887,FAST64_V2_FIRST_CONVERSION_SEPARATED,4dc183a0a3ce937f5b55c15c93b859a013fc8961ffefcf3a48c3d32806721c96,175,0,64,327959f43f3a152a39b8a696e6a43594ce09fbbbee4708524013cdeb1ed0aecb,ON,f2ba14bc96d807ccd9636d4938876a57929c9295805cf99ded14d3f307f429d5,100175,PASS_FAST64_COMPLETE,269500,P4_EVENT_NOISE_MC200_LOW,0.7853981633974483,True,TT_3P3_27C,67,4,0,MAIN_MC200_LOW,226,False,0,COMPLETE,0,7.832670432069956,True,-67.54921195934327,-68.84373102472279,FAST64_SS_W4,True,True,57.16985247941625,48.91267600106113,True,49.30277144987616,-59.57239812402133,False,0,68,68,6b30973de97f1db4ad43827ff8c137b24dd219caf5b47993d46c9d2bf789eeae,7.832670432069955,57.16985247941625,48.91267600106112,49.30277144987616,-59.572398124021205,4,49.30277144987616,48.91267600106112,7.832670432069955,57.16985247941625,True,6b30973de97f1db4ad43827ff8c137b24dd219caf5b47993d46c9d2bf789eeae,6b30973de97f1db4ad43827ff8c137b24dd219caf5b47993d46c9d2bf789eeae,True,0,,0.0,7.105427357601002e-15,8.881784197001252e-16,0.0,8ba26b6a7a2618efc02825f9f9a5c694bf74b038a44c03d5fa956c71f3f938ad,True,True,True,True
480.0,LOW,7,False,fabeb772c84278a63a5aab24578a0382aa73f7ace143f33c3d1bec7aaf29fa84,82e3d593c320d1c897b4378441135db54d4df3901981ef364b18db90e63f4d47,2026-07-25T23:09:23.983450+00:00,jobs/fast64_v2/p4_event_noise_mc200_low/mc200_on_s176_low_w4.spice,0.015975969928398115,-2.022567462592413,0.0961753389689548,0.11093863026952278,0.03398240109980577,0,76.66869102197234,218750.0,226,,True,PASS_FIRST_CONVERSION_DETERMINISTIC,FAST64_STARTUP_INCLUSIVE_W0,3.0,0,MC200_ON_S176_LOW_W4,logs/fast64_v2/p4_event_noise_mc200_low/mc200_on_s176_low_w4.log,325.51000000000073,0.05,325.50061764705947,FAST64_V2_FIRST_CONVERSION_SEPARATED,921cad7072ee04553e89c63080fed225aa9498ba86b46854af769a5870818c22,176,0,64,ce9e44b675d5cc7cfbc47334a8a10887ff63d7b6a6d2c7873025d87cca240106,ON,b414eff544d0a0e8f56b47e2e1dbeccc09f46bfe2cda37822fef100cf6e26972,100176,PASS_FAST64_COMPLETE,269636,P4_EVENT_NOISE_MC200_LOW,0.7853981633974483,True,TT_3P3_27C,67,4,0,MAIN_MC200_LOW,226,False,2,COMPLETE,0,7.508695897207895,True,-61.92178099471033,-65.52371151205139,FAST64_SS_W4,True,False,53.734945972105336,46.96234930119152,False,47.436384076652786,-56.816952105256135,False,0,68,68,31dad450f6c37b37f00918e42956c69529aef0bd817234fb321e9e916722a1a8,7.492719927279497,55.75751343469775,46.86617396222257,47.32544544638326,-56.85093450635594,4,47.32544544638326,46.86617396222257,7.492719927279497,55.75751343469775,False,31dad450f6c37b37f00918e42956c69529aef0bd817234fb321e9e916722a1a8,31dad450f6c37b37f00918e42956c69529aef0bd817234fb321e9e916722a1a8,True,0,,0.11093863026952278,0.0961753389689548,0.015975969928398115,-2.022567462592413,82e3d593c320d1c897b4378441135db54d4df3901981ef364b18db90e63f4d47,True,True,True,True
480.0,LOW,7,False,123c1aac1855aca873584765647e372fda9e8ed0df7fd518ee0c8cf4251810bc,0fe2ebaf77f307a2c843d4193017f0b41c31aa2d3b1b3c60a8fa20f5966bff97,2026-07-25T23:11:07.840840+00:00,jobs/fast64_v2/p4_event_noise_mc200_low/mc200_on_s177_low_w4.spice,7.105427357601002e-15,0.0,4.263256414560601e-14,4.973799150320701e-14,-2.842170943040401e-14,0,178.00297601590864,218750.0,225,,True,PASS_FIRST_CONVERSION_DETERMINISTIC,FAST64_STARTUP_INCLUSIVE_W0,3.0,0,MC200_ON_S177_LOW_W4,logs/fast64_v2/p4_event_noise_mc200_low/mc200_on_s177_low_w4.log,325.5099999999999,0.05,325.4993676470595,FAST64_V2_FIRST_CONVERSION_SEPARATED,a0ee0737642fc98269223ecbe3d27d497e7af40b5d9f88a11f4346145d1d60c6,177,0,64,930965de9b0759b835b67fc7e0b1646a529188bc35d384068e2cfd4cdc4e479a,ON,78da7bb6740d0f332b895fd8c6f6b9f9b2dbebd3cdbcbffb06c6d131a9582050,100177,PASS_FAST64_COMPLETE,269572,P4_EVENT_NOISE_MC200_LOW,0.7853981633974483,True,TT_3P3_27C,67,4,0,MAIN_MC200_LOW,225,False,0,COMPLETE,0,7.722390907760532,True,-68.98937615504168,-71.9365032975368,FAST64_SS_W4,True,True,57.85462859637427,48.2487932647184,True,48.738880128269685,-57.966645075730156,False,0,68,68,823630cec32521b27e7ed7c37d089a70463e4c9b9c772c75042528c6c9d65f4e,7.722390907760525,57.85462859637427,48.24879326471836,48.738880128269635,-57.96664507573013,4,48.738880128269635,48.24879326471836,7.722390907760525,57.85462859637427,True,823630cec32521b27e7ed7c37d089a70463e4c9b9c772c75042528c6c9d65f4e,823630cec32521b27e7ed7c37d089a70463e4c9b9c772c75042528c6c9d65f4e,True,0,,4.973799150320701e-14,4.263256414560601e-14,7.105427357601002e-15,0.0,0fe2ebaf77f307a2c843d4193017f0b41c31aa2d3b1b3c60a8fa20f5966bff97,True,True,True,True
480.0,LOW,7,False,8cce52a3e9a5bc0be331ea56d9e31907b50203f8b3f2de20c4d1ccd0ae63fab9,d751f7140791cfd9641230543e00cbae6a3ef504a064454b985763e39284c1cc,2026-07-25T23:10:54.280900+00:00,jobs/fast64_v2/p4_event_noise_mc200_low/mc200_on_s178_low_w4.spice,-4.440892098500626e-15,0.0,-2.842170943040401e-14,-4.973799150320701e-14,-7.105427357601002e-15,0,147.96903919510078,218750.0,224,,True,PASS_FIRST_CONVERSION_DETERMINISTIC,FAST64_STARTUP_INCLUSIVE_W0,3.0,0,MC200_ON_S178_LOW_W4,logs/fast64_v2/p4_event_noise_mc200_low/mc200_on_s178_low_w4.log,325.5099999999999,0.05,325.4991323529418,FAST64_V2_FIRST_CONVERSION_SEPARATED,15e0f740e74c83adbb981978c8909ffd17a45a9026e2921a722098cf278cdce7,178,0,64,56777326733a20f19d5ad94440c996089eb1bceb1d61f9e6852706316a706398,ON,e9d45188dc3e14b50f3266f06d5c0f824e089237b502cb024bb13ae40f5a6632,100178,PASS_FAST64_COMPLETE,269260,P4_EVENT_NOISE_MC200_LOW,0.7853981633974483,True,TT_3P3_27C,67,4,0,MAIN_MC200_LOW,224,False,0,COMPLETE,0,7.761278792887902,True,-55.85416416907165,-70.5888010562863,FAST64_SS_W4,True,True,55.85416416907165,48.48289833318516,True,49.56593037711488,-55.044596744922465,False,0,68,68,3d9b629ec12900511ea6fa69293c336b30778a4a7a0563fc42d9655d984c64ab,7.761278792887906,55.85416416907165,48.48289833318519,49.56593037711493,-55.04459674492246,4,49.56593037711493,48.48289833318519,7.761278792887906,55.85416416907165,True,3d9b629ec12900511ea6fa69293c336b30778a4a7a0563fc42d9655d984c64ab,3d9b629ec12900511ea6fa69293c336b30778a4a7a0563fc42d9655d984c64ab,True,0,,-4.973799150320701e-14,-2.842170943040401e-14,-4.440892098500626e-15,0.0,d751f7140791cfd9641230543e00cbae6a3ef504a064454b985763e39284c1cc,True,True,True,True
480.0,LOW,7,False,62dbb79168dd460e4695769763a14f3b55bd10d055ca4444ce40ebed5c6b6e50,ede1b7a22775beefb0ecde9803f83ae60918733f7d4f08987bb057610fb5dd7e,2026-07-25T23:11:14.778772+00:00,jobs/fast64_v2/p4_event_noise_mc200_low/mc200_on_s179_low_w4.spice,0.0015208151636318945,-0.8509095330717855,0.009155307285062975,-0.12086087532968293,-0.6554217611824456,0,110.78109409695026,218750.0,221,,True,PASS_FIRST_CONVERSION_DETERMINISTIC,FAST64_STARTUP_INCLUSIVE_W0,3.0,0,MC200_ON_S179_LOW_W4,logs/fast64_v2/p4_event_noise_mc200_low/mc200_on_s179_low_w4.log,325.51000000000073,0.05,325.49957352941243,FAST64_V2_FIRST_CONVERSION_SEPARATED,d129630203a9b48e306ba877ae541c56f88a5156e6b2f73b26361b969a54fd90,179,0,64,11f13881ed4ac93caf812ad26bcc3adfdf72f620e3f30926a69c8ee7315a2e21,ON,21b94821bcf1db81aaec64f4640bfde07d1a6d6e5902f9e3004f295426efd0c3,100179,FAIL_STEADY_STATE_DYNAMIC,269580,P4_EVENT_NOISE_MC200_LOW,0.7853981633974483,True,TT_3P3_27C,67,4,0,MAIN_MC200_LOW,221,False,1,COMPLETE_WITH_FAIL,0,7.390269318883119,False,-60.98605034607822,-63.274011737712115,FAST64_SS_W4,True,False,53.969860666827486,46.24942129967637,False,46.98226946935219,-54.338396972896554,False,0,68,68,5eb7e638b08089f14e86cd7c616990eaac1b571782f4375ad2402d65cf746d19,7.388748503719487,54.82077019989927,46.24026599239131,47.10313034468187,-53.68297521171411,4,47.10313034468187,46.24026599239131,7.388748503719487,54.82077019989927,False,5eb7e638b08089f14e86cd7c616990eaac1b571782f4375ad2402d65cf746d19,5eb7e638b08089f14e86cd7c616990eaac1b571782f4375ad2402d65cf746d19,True,0,,-0.12086087532968293,0.009155307285062975,0.0015208151636318945,-0.8509095330717855,ede1b7a22775beefb0ecde9803f83ae60918733f7d4f08987bb057610fb5dd7e,True,True,True,True
480.0,LOW,7,False,f7aaeeec4e23427eadbe58e695cbf5145e4e88f14d1b8f926bfeeb2e6704563e,5d559a8460773586b60a0428ec93a542c8003db717e90c648894f6a6b77f1e1d,2026-07-25T23:13:23.274172+00:00,jobs/fast64_v2/p4_event_noise_mc200_low/mc200_on_s180_low_w4.spice,4.440892098500626e-15,4.263256414560601e-14,2.842170943040401e-14,2.1316282072803006e-14,2.842170943040401e-14,0,148.97452346794307,218750.0,226,,True,PASS_FIRST_CONVERSION_DETERMINISTIC,FAST64_STARTUP_INCLUSIVE_W0,3.0,0,MC200_ON_S180_LOW_W4,logs/fast64_v2/p4_event_noise_mc200_low/mc200_on_s180_low_w4.log,325.51000000000073,0.05,325.5000147058831,FAST64_V2_FIRST_CONVERSION_SEPARATED,76ebc8643d4d39cd8a8cc5106c6f0b8baf77eeccc1e38a938159ce5fdf9ca320,180,0,64,c2b3b23d8138458f4ec19d66998e2a1f4019907900ddcc468e44a00f467541d6,ON,ae222bb74ff58480832099b81045d1ec45934511dcc849a78483766cee6b89a3,100180,FAIL_STEADY_STATE_DYNAMIC,269448,P4_EVENT_NOISE_MC200_LOW,0.7853981633974483,True,TT_3P3_27C,67,4,0,MAIN_MC200_LOW,226,False,0,COMPLETE_WITH_FAIL,0,7.159215703415272,False,-61.276172497787364,-58.392325880897616,FAST64_SS_W4,True,False,54.385086963892306,44.858478534559936,False,45.57614192905633,-53.03100516446296,False,0,68,68,c59f8a2439aa65430cceee806f488910346ce720376e29a6022f3ba1dfd5cc0d,7.159215703415268,54.38508696389226,44.85847853455991,45.576141929056305,-53.03100516446299,4,45.576141929056305,44.85847853455991,7.159215703415268,54.38508696389226,False,c59f8a2439aa65430cceee806f488910346ce720376e29a6022f3ba1dfd5cc0d,c59f8a2439aa65430cceee806f488910346ce720376e29a6022f3ba1dfd5cc0d,True,0,,2.1316282072803006e-14,2.842170943040401e-14,4.440892098500626e-15,4.263256414560601e-14,5d559a8460773586b60a0428ec93a542c8003db717e90c648894f6a6b77f1e1d,True,True,True,True
480.0,LOW,7,False,8e9aa710419ccbca7040b6f27dc8c1676acab40c3eda8af9ef7fddc1f9e428b1,5f78d27634bf8dd52ca1f0f53632ac9daac352edc0ffdc37f26f33e32cf5e663,2026-07-25T23:13:50.579995+00:00,jobs/fast64_v2/p4_event_noise_mc200_low/mc200_on_s181_low_w4.spice,5.329070518200751e-15,0.0,3.552713678800501e-14,4.263256414560601e-14,2.842170943040401e-14,0,174.58618394494988,218750.0,223,,True,PASS_FIRST_CONVERSION_DETERMINISTIC,FAST64_STARTUP_INCLUSIVE_W0,3.0,0,MC200_ON_S181_LOW_W4,logs/fast64_v2/p4_event_noise_mc200_low/mc200_on_s181_low_w4.log,325.51000000000033,0.05,325.50004411764763,FAST64_V2_FIRST_CONVERSION_SEPARATED,6d91cc03b5a6ff4dceb9b78d3f34f18045fb7b9c052cfdc185e6a64daf488edb,181,0,64,19e768f1013d8924e2c35d7e1b8e2c6a61335175cbb10399eaaa03180400e963,ON,9d707dee38d972e48916652cb7cf5de58afee892ae95ec4035fe5c9298f11741,100181,PASS_FAST64_COMPLETE,269540,P4_EVENT_NOISE_MC200_LOW,0.7853981633974483,True,TT_3P3_27C,67,4,0,MAIN_MC200_LOW,223,False,0,COMPLETE,0,7.716754090912809,True,-62.923085502673004,-66.33221770647364,FAST64_SS_W4,True,True,55.73001555432967,48.214859627295105,True,49.20921854969269,-55.10496842423119,False,0,68,68,38e9878cdd3d637fb6b0d9473b014ec50411339501a456c5bdf47eecc792e92f,7.716754090912803,55.73001555432967,48.21485962729507,49.20921854969265,-55.10496842423122,4,49.20921854969265,48.21485962729507,7.716754090912803,55.73001555432967,True,38e9878cdd3d637fb6b0d9473b014ec50411339501a456c5bdf47eecc792e92f,38e9878cdd3d637fb6b0d9473b014ec50411339501a456c5bdf47eecc792e92f,True,0,,4.263256414560601e-14,3.552713678800501e-14,5.329070518200751e-15,0.0,5f78d27634bf8dd52ca1f0f53632ac9daac352edc0ffdc37f26f33e32cf5e663,True,True,True,True
480.0,LOW,7,False,a27ecde2311fdd1ae749e9aae1be5028f30fb0330cc92ac64363d49c69d321bf,5b30fb8acbb6d5c2c4a34fe9c5e48e863c2604fb4d33d50145d6a0b03514c96c,2026-07-25T23:12:33.328290+00:00,jobs/fast64_v2/p4_event_noise_mc200_low/mc200_on_s182_low_w4.spice,3.552713678800501e-15,0.0,2.1316282072803006e-14,2.1316282072803006e-14,-1.4210854715202004e-14,0,85.46615214995109,218750.0,228,,True,PASS_FIRST_CONVERSION_DETERMINISTIC,FAST64_STARTUP_INCLUSIVE_W0,3.0,0,MC200_ON_S182_LOW_W4,logs/fast64_v2/p4_event_noise_mc200_low/mc200_on_s182_low_w4.log,325.51000000000073,0.05,325.4989117647065,FAST64_V2_FIRST_CONVERSION_SEPARATED,b8e806b86641e41cb8455d2d025085977914317a0b1b1986a4bec1eb85217434,182,0,64,9807c1c5196ed9ebb2f921745f41ec2f6af6d6c4633b82accb4f8a0779225ad2,ON,349f53ff64c4d493ef97b4242dee3ec78a4f588f710b7f25c9b3bc713230f7b3,100182,FAIL_STEADY_STATE_DYNAMIC,269500,P4_EVENT_NOISE_MC200_LOW,0.7853981633974483,True,TT_3P3_27C,67,4,0,MAIN_MC200_LOW,228,False,0,COMPLETE_WITH_FAIL,0,7.1306844862734735,False,-53.31414650256111,-59.728094338758275,FAST64_SS_W4,True,False,53.31414650256111,44.686720607366304,False,46.16484594330857,-50.08557225223191,False,0,68,68,bbcd3d0c42721f3d24028d943f77619747ef33b1ff0cfc05e38dc5611ed4d893,7.13068448627347,53.31414650256111,44.68672060736628,46.16484594330855,-50.0855722522319,4,46.16484594330855,44.68672060736628,7.13068448627347,53.31414650256111,False,bbcd3d0c42721f3d24028d943f77619747ef33b1ff0cfc05e38dc5611ed4d893,bbcd3d0c42721f3d24028d943f77619747ef33b1ff0cfc05e38dc5611ed4d893,True,0,,2.1316282072803006e-14,2.1316282072803006e-14,3.552713678800501e-15,0.0,5b30fb8acbb6d5c2c4a34fe9c5e48e863c2604fb4d33d50145d6a0b03514c96c,True,True,True,True
480.0,LOW,7,False,1c3f0880a5d162e167b1fbce1731ec1abdc8ef5495f187143a52cba8fa5094df,80ca6cdbcb60d153d80c89139877189e847230bfdbfb2be23c73563455b8d20a,2026-07-25T23:13:21.744835+00:00,jobs/fast64_v2/p4_event_noise_mc200_low/mc200_on_s183_low_w4.spice,5.329070518200751e-15,0.0,2.842170943040401e-14,2.1316282072803006e-14,-4.263256414560601e-14,0,126.9472555880202,218750.0,223,,True,PASS_FIRST_CONVERSION_DETERMINISTIC,FAST64_STARTUP_INCLUSIVE_W0,3.0,0,MC200_ON_S183_LOW_W4,logs/fast64_v2/p4_event_noise_mc200_low/mc200_on_s183_low_w4.log,325.51000000000073,0.05,325.5003529411772,FAST64_V2_FIRST_CONVERSION_SEPARATED,4b39000f9c3368ce179273d9729469df2b089aabbf159c593460994308c25844,183,0,64,1243c1574125be8fa791586f4088df639d86196f1636f0df3ad0021c6ce3da52,ON,41bb2f707e21b5f5047456575677bbfb5872a0918072a4ed8f5051f404ca0e3f,100183,PASS_FAST64_COMPLETE,269452,P4_EVENT_NOISE_MC200_LOW,0.7853981633974483,True,TT_3P3_27C,67,4,0,MAIN_MC200_LOW,223,False,0,COMPLETE,0,7.514661735138259,True,-67.06559380944606,-60.7947666409713,FAST64_SS_W4,True,False,56.81703615192707,46.99826364553231,False,47.71572080644711,-55.17193820017127,False,0,68,68,c339e3eddbee538c0f7ba9d22a775cb4220c569e1bd2ebdb8b588acd0bd3cf48,7.514661735138254,56.81703615192707,46.99826364553228,47.71572080644709,-55.171938200171226,4,47.71572080644709,46.99826364553228,7.514661735138254,56.81703615192707,True,c339e3eddbee538c0f7ba9d22a775cb4220c569e1bd2ebdb8b588acd0bd3cf48,c339e3eddbee538c0f7ba9d22a775cb4220c569e1bd2ebdb8b588acd0bd3cf48,True,0,,2.1316282072803006e-14,2.842170943040401e-14,5.329070518200751e-15,0.0,80ca6cdbcb60d153d80c89139877189e847230bfdbfb2be23c73563455b8d20a,True,True,True,True
480.0,LOW,7,False,e72bef08ad09197c9b5110d48bc7892e16efa51ea1e20940efa80665fdfc0a62,cd91c502d4a6a144299ceadfd9c82b07f018733cca0be391e188011d607b72e6,2026-07-25T23:14:25.046021+00:00,jobs/fast64_v2/p4_event_noise_mc200_low/mc200_on_s184_low_w4.spice,-0.07231766648072391,-0.022144717952230053,-0.43535235221396107,-0.7111460772673297,-0.9961404197872383,0,111.69874559505843,218750.0,224,,True,PASS_FIRST_CONVERSION_DETERMINISTIC,FAST64_STARTUP_INCLUSIVE_W0,3.0,0,MC200_ON_S184_LOW_W4,logs/fast64_v2/p4_event_noise_mc200_low/mc200_on_s184_low_w4.log,325.51000000000073,0.05,325.50002941176535,FAST64_V2_FIRST_CONVERSION_SEPARATED,a6c3fe8e923d48f057d3275fb0812e723c2c6c8588079d0f15c55bd41ca50f48,184,0,64,26521d8da195546d07ccd309c5ad770e9159710018a00657c9beb9c1f587be06,ON,1e57c9f93102504c21962ddf0bf9cd5d41c619e1264fd2bd87d15f59fa9135ca,100184,PASS_FAST64_COMPLETE,269264,P4_EVENT_NOISE_MC200_LOW,0.7853981633974483,True,TT_3P3_27C,67,4,0,MAIN_MC200_LOW,224,False,2,COMPLETE,0,7.692057525278705,True,-76.26911039118647,-63.299478186605064,FAST64_SS_W4,True,True,57.80623847055169,48.0661863021778,True,48.70174893271397,-56.72635244187716,False,0,68,68,699b26f5bb1acea9519f605289315468ef69e8e322066b25a16c836332311616,7.764375191759429,57.82838318850392,48.50153865439176,49.4128950099813,-55.73021202208992,4,49.4128950099813,48.50153865439176,7.764375191759429,57.82838318850392,True,699b26f5bb1acea9519f605289315468ef69e8e322066b25a16c836332311616,699b26f5bb1acea9519f605289315468ef69e8e322066b25a16c836332311616,True,0,,-0.7111460772673297,-0.43535235221396107,-0.07231766648072391,-0.022144717952230053,cd91c502d4a6a144299ceadfd9c82b07f018733cca0be391e188011d607b72e6,True,True,True,True
480.0,LOW,7,False,a68f93e2b9c2a275bb91acadd0e00e13273b66ed3552f57e1008f014c562519c,a5216cbd10ef971e549f781f6ddb53a0cede8f4091554ea44c259337afcfa6e8,2026-07-25T23:14:52.190343+00:00,jobs/fast64_v2/p4_event_noise_mc200_low/mc200_on_s185_low_w4.spice,8.881784197001252e-15,0.0,4.973799150320701e-14,4.973799150320701e-14,-2.842170943040401e-14,0,90.43209094903432,218750.0,223,,True,PASS_FIRST_CONVERSION_DETERMINISTIC,FAST64_STARTUP_INCLUSIVE_W0,3.0,0,MC200_ON_S185_LOW_W4,logs/fast64_v2/p4_event_noise_mc200_low/mc200_on_s185_low_w4.log,325.51000000000073,0.05,325.50086764705947,FAST64_V2_FIRST_CONVERSION_SEPARATED,51b354ce64ee66c57486d8c71fb73ee4b06ebd11a0085255c41e7f5d23cdc83a,185,0,64,b069d50734b5946dd7195c5bfc675669cc847498cdd537fd1a842bace20058c5,ON,719640d733ce5a1c27edd0a07c878ab68e12fbf6f91f1dcf372e82a1f207d7b8,100185,PASS_FAST64_COMPLETE,269468,P4_EVENT_NOISE_MC200_LOW,0.7853981633974483,True,TT_3P3_27C,67,4,0,MAIN_MC200_LOW,223,False,0,COMPLETE,0,7.7296856249949055,True,-63.91846126386233,-70.95104680701229,FAST64_SS_W4,True,True,54.57168500861929,48.29270746246932,True,49.75973192533556,-53.71906079138526,False,0,68,68,4719547465b6ae7ca33a511034ec7caf37c52000850e46dd1bc6eeb3da18bd3e,7.729685624994897,54.57168500861929,48.292707462469274,49.75973192533551,-53.71906079138523,4,49.75973192533551,48.292707462469274,7.729685624994897,54.57168500861929,True,4719547465b6ae7ca33a511034ec7caf37c52000850e46dd1bc6eeb3da18bd3e,4719547465b6ae7ca33a511034ec7caf37c52000850e46dd1bc6eeb3da18bd3e,True,0,,4.973799150320701e-14,4.973799150320701e-14,8.881784197001252e-15,0.0,a5216cbd10ef971e549f781f6ddb53a0cede8f4091554ea44c259337afcfa6e8,True,True,True,True
480.0,LOW,7,False,8258637648cc398b010bec6149a9ea3f3398e25c6fc2afbd18df1d7e6bcdda1d,80181b938aeec4df7b549607bdef05322ff42c2b3b106d84749d3e4348ab6463,2026-07-25T23:16:47.291055+00:00,jobs/fast64_v2/p4_event_noise_mc200_low/mc200_on_s186_low_w4.spice,0.03984556836715214,0.24141677226256064,0.23987032157025823,0.22586816399279996,-0.3201602115110376,0,204.00170748797245,218750.0,224,,True,PASS_FIRST_CONVERSION_DETERMINISTIC,FAST64_STARTUP_INCLUSIVE_W0,3.0,0,MC200_ON_S186_LOW_W4,logs/fast64_v2/p4_event_noise_mc200_low/mc200_on_s186_low_w4.log,325.5099999999999,0.05,325.5001176470595,FAST64_V2_FIRST_CONVERSION_SEPARATED,be30e5a4317805452d8207c2ed8491e7082dd4e5c8bf3c55fa780d7061f7a3d0,186,0,64,9cdd9663ec8299ccfe0b9f0c0335d7fe7cb825f4cf3c50ab1fc557b6a819a56c,ON,1518508324a165e78ea42c41957023cac2cc83cacffca127c52ff92921dfb94e,100186,PASS_FAST64_COMPLETE,269504,P4_EVENT_NOISE_MC200_LOW,0.7853981633974483,True,TT_3P3_27C,67,4,0,MAIN_MC200_LOW,224,False,2,COMPLETE,0,7.585129626891284,True,-67.93763784711206,-62.47823195516476,FAST64_SS_W4,True,False,57.140669424161324,47.422480353885526,False,48.11364476588374,-55.74550977442557,False,0,68,68,f08809dc469443c99f4a08c32973ada8587632e1efacc791a700ec2174462215,7.545284058524132,56.89925265189876,47.18261003231527,47.88777660189094,-55.42534956291453,4,47.88777660189094,47.18261003231527,7.545284058524132,56.89925265189876,True,f08809dc469443c99f4a08c32973ada8587632e1efacc791a700ec2174462215,f08809dc469443c99f4a08c32973ada8587632e1efacc791a700ec2174462215,True,0,,0.22586816399279996,0.23987032157025823,0.03984556836715214,0.24141677226256064,80181b938aeec4df7b549607bdef05322ff42c2b3b106d84749d3e4348ab6463,True,True,True,True
480.0,LOW,7,False,218e5353024a140c115828386aee2821877ffef46db0dfa0457f35c6cfb8c62a,761e8206d0751b7d2675a5c83c57b7023cf225757ac63198bb793526aaa74186,2026-07-25T23:15:58.868205+00:00,jobs/fast64_v2/p4_event_noise_mc200_low/mc200_on_s187_low_w4.spice,-1.7763568394002505e-15,6.394884621840902e-14,-7.105427357601002e-15,-2.1316282072803006e-14,-4.263256414560601e-14,0,128.26820809708443,218750.0,227,,True,PASS_FIRST_CONVERSION_DETERMINISTIC,FAST64_STARTUP_INCLUSIVE_W0,3.0,0,MC200_ON_S187_LOW_W4,logs/fast64_v2/p4_event_noise_mc200_low/mc200_on_s187_low_w4.log,325.51000000000073,0.05,325.4999117647065,FAST64_V2_FIRST_CONVERSION_SEPARATED,bb046eb4195744651acea0255eb3e83b3fcedf9437e48c47b044792b30eea6f9,187,0,64,2fcbdfff54105e7db290211827665c3738db64e07c2c32a1f130e7cce9fb2e71,ON,65bbaf04db18df958a7e8299cd6d9fda486260c5ae99d69192fc73d32f323901,100187,FAIL_STEADY_STATE_DYNAMIC,269604,P4_EVENT_NOISE_MC200_LOW,0.7853981633974483,True,TT_3P3_27C,67,4,0,MAIN_MC200_LOW,227,False,0,COMPLETE_WITH_FAIL,0,7.487287857020957,False,-66.27892573304274,-62.6727859649685,FAST64_SS_W4,True,False,55.22654860333006,46.833472899266155,False,47.792585927013974,-53.863352613661355,False,0,68,68,ca1c4cbc9e6d30a3e29b5cc56b12bcb3f08100e3fbc87b414fcc464490626cde,7.4872878570209584,55.226548603329995,46.83347289926616,47.792585927013995,-53.86335261366131,4,32.47361730852517,31.97263391070431,5.0187099519442375,44.59624885670749,False,485cae90e6c27dba8ac7699cec60a8997a7b1ce0091f49d30ce487e10e805a2c,ca1c4cbc9e6d30a3e29b5cc56b12bcb3f08100e3fbc87b414fcc464490626cde,False,1,0,15.318968618488803,14.860838988561845,2.468577905076719,10.630299746622569,761e8206d0751b7d2675a5c83c57b7023cf225757ac63198bb793526aaa74186,True,True,True,True
480.0,LOW,7,False,a63100e551f88995bdfd63993654c9dce63f4d1382bfad6b3dde9b2d40323603,5497af5f747142d0634814c074ae603894215ec3d2092b049203ea20ee1f56fb,2026-07-25T23:15:38.779644+00:00,jobs/fast64_v2/p4_event_noise_mc200_low/mc200_on_s188_low_w4.spice,0.025606576512575252,-1.0182430199497503,0.15415159060570005,0.7169511496988719,0.9212386156722374,0,73.7097056680359,218750.0,226,,True,PASS_FIRST_CONVERSION_DETERMINISTIC,FAST64_STARTUP_INCLUSIVE_W0,3.0,0,MC200_ON_S188_LOW_W4,logs/fast64_v2/p4_event_noise_mc200_low/mc200_on_s188_low_w4.log,325.51000000000033,0.05,325.4996764705889,FAST64_V2_FIRST_CONVERSION_SEPARATED,86668fc2dcfb5801295e5e5d03887b6f76f79b310ec21639c59076feeb38f0cd,188,0,64,0c8d05bd02a111ba7d2450429a72fa1aa91c2e9919b053123acde858b0cc5078,ON,f2b7c396fdadb52e91888a03f12ea39b3115bfab3fe915b83698e4f485584799,100188,FAIL_STEADY_STATE_DYNAMIC,269580,P4_EVENT_NOISE_MC200_LOW,0.7853981633974483,True,TT_3P3_27C,67,4,0,MAIN_MC200_LOW,226,False,1,COMPLETE_WITH_FAIL,0,7.49640304740254,False,-66.16375759441914,-61.08770056052856,FAST64_SS_W4,True,False,52.72593230763839,46.88834634536328,True,49.012354773934135,-51.01343430597269,False,0,68,68,17ec40780bcfed0911780a6490d7bb73a29e26a8e56fef1c0006866e7c113439,7.470796470889964,53.74417532758814,46.73419475475758,48.29540362423526,-51.934672921644925,4,48.29540362423526,46.73419475475758,7.470796470889964,53.74417532758814,False,17ec40780bcfed0911780a6490d7bb73a29e26a8e56fef1c0006866e7c113439,17ec40780bcfed0911780a6490d7bb73a29e26a8e56fef1c0006866e7c113439,True,0,,0.7169511496988719,0.15415159060570005,0.025606576512575252,-1.0182430199497503,5497af5f747142d0634814c074ae603894215ec3d2092b049203ea20ee1f56fb,True,True,True,True
480.0,LOW,7,False,a2f3ab37f2d285d19a3614cdaa3046be72645f661dd9546e10bcc9899c41616d,dcb506a1bd49be0447869b715fd8228cebb1a8be170436156a7b52445ef463a7,2026-07-25T23:17:46.275880+00:00,jobs/fast64_v2/p4_event_noise_mc200_low/mc200_on_s189_low_w4.spice,0.055255694806948696,-0.30232549917540297,0.33263928273782994,0.47119114026458675,2.4633338500054833,0,174.07045430492144,218750.0,229,,True,PASS_FIRST_CONVERSION_DETERMINISTIC,FAST64_STARTUP_INCLUSIVE_W0,3.0,0,MC200_ON_S189_LOW_W4,logs/fast64_v2/p4_event_noise_mc200_low/mc200_on_s189_low_w4.log,325.51000000000073,0.05,325.5005000000006,FAST64_V2_FIRST_CONVERSION_SEPARATED,21cc420f74325898f3e1991e613a0f4b332bf5810af8452252839548a8518ee7,189,0,64,7a6ddef78e7f8df6523c4fbba54f4815a4ca1b5738c5c2eea8f1f4b040ac5691,ON,4d2eaa6dc9eec38f387e35162613c9cf364b17a769c4d130b7a792648c2513e4,100189,FAIL_STEADY_STATE_DYNAMIC,269624,P4_EVENT_NOISE_MC200_LOW,0.7853981633974483,True,TT_3P3_27C,67,4,0,MAIN_MC200_LOW,229,False,1,COMPLETE_WITH_FAIL,0,7.332569214290065,False,-65.44613146180583,-63.92274297256137,FAST64_SS_W4,True,False,55.82649439280439,45.90206667002619,False,46.188953500560565,-57.84545746803724,False,0,68,68,1523870913f84efbad9340bcadd8eabcfe11e0bc106a1585bb9fa90c886b7aef,7.277313519483116,56.128819891979795,45.56942738728836,45.71776236029598,-60.30879131804272,4,45.71776236029598,45.56942738728836,7.277313519483116,56.128819891979795,False,1523870913f84efbad9340bcadd8eabcfe11e0bc106a1585bb9fa90c886b7aef,1523870913f84efbad9340bcadd8eabcfe11e0bc106a1585bb9fa90c886b7aef,True,0,,0.47119114026458675,0.33263928273782994,0.055255694806948696,-0.30232549917540297,dcb506a1bd49be0447869b715fd8228cebb1a8be170436156a7b52445ef463a7,True,True,True,True
480.0,LOW,7,False,c563d68913f44fd0f2bc51767dc26c1fdb2c846ed7be96f2a21fe9a6ed487e75,a9ff7c69231fb5a1116e68d68bfd2ffe6f11c9f521c7c8e0716516bb2b33be6c,2026-07-25T23:17:39.471332+00:00,jobs/fast64_v2/p4_event_noise_mc200_low/mc200_on_s190_low_w4.spice,6.217248937900877e-15,0.0,4.263256414560601e-14,4.263256414560601e-14,-2.1316282072803006e-14,0,120.67992217000574,218750.0,223,,True,PASS_FIRST_CONVERSION_DETERMINISTIC,FAST64_STARTUP_INCLUSIVE_W0,3.0,0,MC200_ON_S190_LOW_W4,logs/fast64_v2/p4_event_noise_mc200_low/mc200_on_s190_low_w4.log,325.51000000000073,0.05,325.49975000000063,FAST64_V2_FIRST_CONVERSION_SEPARATED,965ee4beb9c68bdf2a045bf4dee032b6c33d6d7e72d5121b40624019f81af67b,190,0,64,e9431721bfc9f6f051624cffba5c06d285f39787218d8a0fb2c1b245a2885424,ON,0c59485963e73a2b9b117589b80e80b1d1bf421f981ce70577b5818383a4a11f,100190,FAIL_STEADY_STATE_DYNAMIC,269452,P4_EVENT_NOISE_MC200_LOW,0.7853981633974483,True,TT_3P3_27C,67,4,0,MAIN_MC200_LOW,223,False,0,COMPLETE_WITH_FAIL,0,7.445462915391706,False,-58.253174441214,-66.3731297100087,FAST64_SS_W4,True,False,54.05616465926853,46.581686750658065,False,47.40834341349349,-54.19305222927769,False,0,68,68,bca89ee1d13e0862e073c737b85d504538ddc73108bf6794c15268895fe565f4,7.445462915391699,54.05616465926853,46.58168675065802,47.40834341349345,-54.19305222927767,4,47.40834341349345,46.58168675065802,7.445462915391699,54.05616465926853,False,bca89ee1d13e0862e073c737b85d504538ddc73108bf6794c15268895fe565f4,bca89ee1d13e0862e073c737b85d504538ddc73108bf6794c15268895fe565f4,True,0,,4.263256414560601e-14,4.263256414560601e-14,6.217248937900877e-15,0.0,a9ff7c69231fb5a1116e68d68bfd2ffe6f11c9f521c7c8e0716516bb2b33be6c,True,True,True,True
480.0,LOW,7,False,7f12fd84952db27a199cc55cafbda0cc22d0153e86e7acafbca4177200570761,e5e019505ef90406248e6e5e74c56742ff6eec72d8929a902637d3d394650bac,2026-07-25T23:18:51.579751+00:00,jobs/fast64_v2/p4_event_noise_mc200_low/mc200_on_s191_low_w4.spice,-0.009803057517272507,-0.05403931193203704,-0.059014406253979246,-0.05060991239345469,0.10425248801001175,0,172.69646168209147,218750.0,226,,True,PASS_FIRST_CONVERSION_DETERMINISTIC,FAST64_STARTUP_INCLUSIVE_W0,3.0,0,MC200_ON_S191_LOW_W4,logs/fast64_v2/p4_event_noise_mc200_low/mc200_on_s191_low_w4.log,325.5099999999999,0.05,325.4997941176477,FAST64_V2_FIRST_CONVERSION_SEPARATED,b27d930b8cdfeab43fb4d689bf7f72abbef76e6d3c70111cf863546622f601b7,191,0,64,3e8b706587b9444c9ffb01a3e30e6d045da382676271106e9b5de4fd28455927,ON,64f04e73b66b281ad2328fc672e2844a4af46014f0cef6c8cdac005895fd2da0,100191,PASS_FAST64_COMPLETE,269428,P4_EVENT_NOISE_MC200_LOW,0.7853981633974483,True,TT_3P3_27C,67,4,0,MAIN_MC200_LOW,227,False,1,COMPLETE,0,7.609734757744421,True,-66.06684370204971,-57.062680054959365,FAST64_SS_W4,True,False,56.08397265133703,47.57060324162141,True,48.31486787112101,-55.597991708327505,False,0,68,68,7bbda2004bbb82d21e8dd84e22aa4e48fbab21899a92f633d89a3636b37ca008,7.619537815261694,56.138011963269065,47.62961764787539,48.365477783514464,-55.70224419633752,4,48.365477783514464,47.62961764787539,7.619537815261694,56.138011963269065,True,7bbda2004bbb82d21e8dd84e22aa4e48fbab21899a92f633d89a3636b37ca008,7bbda2004bbb82d21e8dd84e22aa4e48fbab21899a92f633d89a3636b37ca008,True,0,,-0.05060991239345469,-0.059014406253979246,-0.009803057517272507,-0.05403931193203704,e5e019505ef90406248e6e5e74c56742ff6eec72d8929a902637d3d394650bac,True,True,True,True
480.0,LOW,7,False,be00bb0366a97616970b61ce3209a4c0f1391ccfd4e91ec023d6400a6e0e2210,9cb3afccc206de24c879ae4c0414a8efa5c397562f86da5715cb7c8dd0d882cd,2026-07-25T23:18:03.363205+00:00,jobs/fast64_v2/p4_event_noise_mc200_low/mc200_on_s192_low_w4.spice,-0.017484490873662217,-1.0503098043715724,-0.10525663505944749,0.2710472515257223,2.218756795766616,0,76.05229953699745,218750.0,223,,True,PASS_FIRST_CONVERSION_DETERMINISTIC,FAST64_STARTUP_INCLUSIVE_W0,3.0,0,MC200_ON_S192_LOW_W4,logs/fast64_v2/p4_event_noise_mc200_low/mc200_on_s192_low_w4.log,325.51000000000073,0.05,325.4998823529418,FAST64_V2_FIRST_CONVERSION_SEPARATED,d2053b0ebe0f8d9d28cecf8f1322c7d192cd13547e22338ce796314970638f8a,192,0,64,488b8f105b39e2e0406aee64ba268a06c3852832d536aeb2c0d59af75958671f,ON,ea4ccf2366d27e3f20f4b94fe8ae6943a51fc8f1a0d61aa5f86bcfd232297e1b,100192,PASS_FAST64_COMPLETE,269336,P4_EVENT_NOISE_MC200_LOW,0.7853981633974483,True,TT_3P3_27C,67,4,0,MAIN_MC200_LOW,222,False,1,COMPLETE,0,7.711522726957942,True,-59.16132382369349,-69.12046891781634,FAST64_SS_W4,True,True,56.09226196582129,48.18336681628681,True,49.09968910671349,-55.39083589089223,False,0,68,68,406d32ca13a0b079cd3e3da7f19ba337e9308a959c14f8e97c2599154e4ee540,7.7290072178316045,57.14257177019286,48.288623451346254,48.82864185518777,-57.60959268665884,4,48.82864185518777,48.288623451346254,7.7290072178316045,57.14257177019286,True,406d32ca13a0b079cd3e3da7f19ba337e9308a959c14f8e97c2599154e4ee540,406d32ca13a0b079cd3e3da7f19ba337e9308a959c14f8e97c2599154e4ee540,True,0,,0.2710472515257223,-0.10525663505944749,-0.017484490873662217,-1.0503098043715724,9cb3afccc206de24c879ae4c0414a8efa5c397562f86da5715cb7c8dd0d882cd,True,True,True,True
480.0,LOW,7,False,63f94f7cbafea66ce7e66ba7fcb95288a51881af5b991803307a37e25af9f3ee,69ccb4d58d238167b289573e07d0cda51d34d6a11e25b1965452df47b3188982,2026-07-25T23:19:16.681406+00:00,jobs/fast64_v2/p4_event_noise_mc200_low/mc200_on_s193_low_w4.spice,1.4210854715202004e-14,0.0,8.526512829121202e-14,8.526512829121202e-14,-5.684341886080802e-14,0,97.18879749893676,218750.0,225,,True,PASS_FIRST_CONVERSION_DETERMINISTIC,FAST64_STARTUP_INCLUSIVE_W0,3.0,0,MC200_ON_S193_LOW_W4,logs/fast64_v2/p4_event_noise_mc200_low/mc200_on_s193_low_w4.log,325.51000000000073,0.05,325.4998529411771,FAST64_V2_FIRST_CONVERSION_SEPARATED,71b7bcb91b807c0ee5f65e24574cc22600ca78d99ba7ae216334717f5ed75b4d,193,0,64,1ed2865e707217d0a63ab2b2b0b787f96cee4f03b35fe2b3e6bc7a484f40b99f,ON,2652151a8bd95171a68252e613a48592ddd655e51e33db63d593c167434c3fc7,100193,FAIL_STEADY_STATE_DYNAMIC,269524,P4_EVENT_NOISE_MC200_LOW,0.7853981633974483,True,TT_3P3_27C,67,4,0,MAIN_MC200_LOW,225,False,0,COMPLETE_WITH_FAIL,0,7.4766554257897955,False,-65.33080266256337,-60.2520392513714,FAST64_SS_W4,True,False,53.91394094245632,46.769465663254564,False,47.2425805641811,-56.63205265140658,False,0,68,68,645b703e3f78f2f6e372497226a50c5eb8c4d08fc766be614ba8cc50d01729b6,7.476655425789781,53.91394094245632,46.76946566325448,47.24258056418101,-56.632052651406525,4,47.24258056418101,46.76946566325448,7.476655425789781,53.91394094245632,False,645b703e3f78f2f6e372497226a50c5eb8c4d08fc766be614ba8cc50d01729b6,645b703e3f78f2f6e372497226a50c5eb8c4d08fc766be614ba8cc50d01729b6,True,0,,8.526512829121202e-14,8.526512829121202e-14,1.4210854715202004e-14,0.0,69ccb4d58d238167b289573e07d0cda51d34d6a11e25b1965452df47b3188982,True,True,True,True
480.0,LOW,7,False,ecee2f643e802325958681b2164cfec84388a21cc33a2910163bbf57a30a1477,a7ae5e59f7fd75602465747eb83744585a0ea2830e92cca4f3b79025dcf9f2f0,2026-07-25T23:19:45.492729+00:00,jobs/fast64_v2/p4_event_noise_mc200_low/mc200_on_s194_low_w4.spice,-4.440892098500626e-15,0.0,-2.842170943040401e-14,-4.973799150320701e-14,-5.684341886080802e-14,0,119.1977624030551,218750.0,225,,True,PASS_FIRST_CONVERSION_DETERMINISTIC,FAST64_STARTUP_INCLUSIVE_W0,3.0,0,MC200_ON_S194_LOW_W4,logs/fast64_v2/p4_event_noise_mc200_low/mc200_on_s194_low_w4.log,325.5099999999999,0.05,325.49875000000065,FAST64_V2_FIRST_CONVERSION_SEPARATED,923268e5c3d7d5545ba84428037efc791fc5206bef56230937d6c51b5de419fa,194,0,64,dc481a7771c9088779f9fffa8e9ebcad5dd2f8744604e1e099749b8081ee33da,ON,a73af2734b303e2d7d651abe31c8aa597b5490ee90a1433c362576be1f9cd5e4,100194,PASS_FAST64_COMPLETE,269428,P4_EVENT_NOISE_MC200_LOW,0.7853981633974483,True,TT_3P3_27C,67,4,0,MAIN_MC200_LOW,225,False,0,COMPLETE,0,7.666658688337509,True,-65.21101564377965,-62.303640668937994,FAST64_SS_W4,True,True,54.93209915632062,47.913285303791795,True,48.487787720483276,-56.982294924298714,False,0,68,68,4d2baa606d06ec2c778194420e6fdf24e5d01f74d8439581c435bdae4905135e,7.666658688337513,54.93209915632062,47.913285303791824,48.487787720483325,-56.98229492429866,4,48.487787720483325,47.913285303791824,7.666658688337513,54.93209915632062,True,4d2baa606d06ec2c778194420e6fdf24e5d01f74d8439581c435bdae4905135e,4d2baa606d06ec2c778194420e6fdf24e5d01f74d8439581c435bdae4905135e,True,0,,-4.973799150320701e-14,-2.842170943040401e-14,-4.440892098500626e-15,0.0,a7ae5e59f7fd75602465747eb83744585a0ea2830e92cca4f3b79025dcf9f2f0,True,True,True,True
480.0,LOW,7,False,542d420c03272ee4ec729fb57ff16d821418c0d6f02499d6b9fd29f5e05a2015,fe8cff8b6625ce40972d15ea10b0f59920b6f416d246b900f21092984b56cd80,2026-07-25T23:20:39.192082+00:00,jobs/fast64_v2/p4_event_noise_mc200_low/mc200_on_s195_low_w4.spice,8.881784197001252e-15,0.0,5.684341886080802e-14,8.526512829121202e-14,0.0,0,155.8159519879846,218750.0,226,,True,PASS_FIRST_CONVERSION_DETERMINISTIC,FAST64_STARTUP_INCLUSIVE_W0,3.0,0,MC200_ON_S195_LOW_W4,logs/fast64_v2/p4_event_noise_mc200_low/mc200_on_s195_low_w4.log,325.51000000000073,0.05,325.49944117647124,FAST64_V2_FIRST_CONVERSION_SEPARATED,6e39be409355f87b484e77452ff0b9fdbebe3437ff2172066ffda74e138c2fb2,195,0,64,42bc8f2bd9f9115e3d83b42c3658d0e77fa8ed9381a8602a7fd97611d1aaf3bd,ON,4bf0028178cd54c60e05fe7138fa6f5a648fc31f2ac93e82e08c32bde843fb7e,100195,PASS_FAST64_COMPLETE,269344,P4_EVENT_NOISE_MC200_LOW,0.7853981633974483,True,TT_3P3_27C,67,4,0,MAIN_MC200_LOW,226,False,0,COMPLETE,0,7.763020433637333,True,-62.94677623176696,-65.21322646508203,FAST64_SS_W4,True,True,55.531874088649964,48.49338301049674,True,49.7761166256346,-54.41545343932209,False,0,68,68,272c78d84f51a8289b49c9dffdfb35171aba4272ad2a7180fa78cf62b416ec6b,7.763020433637324,55.531874088649964,48.493383010496686,49.776116625634515,-54.41545343932209,4,23.468576125015282,23.194033221231393,3.5604706347560455,34.61404399680751,False,c1b41aaeed2a5f38a5e1f101815aa51e0c6293ec6f1d721d99401508602fc5ae,272c78d84f51a8289b49c9dffdfb35171aba4272ad2a7180fa78cf62b416ec6b,False,2,0/1,26.307540500619318,25.29934978926535,4.202549798881288,20.917830091842454,fe8cff8b6625ce40972d15ea10b0f59920b6f416d246b900f21092984b56cd80,True,True,True,True
480.0,LOW,7,False,3d1ddbfe6db41c9b9b573a8146b952a59c6222a337cbb3d75235902e411ea564,e0b285df656fdff9c9ee45800bead9bedc892e230e97f2ee056fd3cedee64b8f,2026-07-25T23:20:47.226233+00:00,jobs/fast64_v2/p4_event_noise_mc200_low/mc200_on_s196_low_w4.spice,8.881784197001252e-16,0.0,7.105427357601002e-15,7.105427357601002e-15,0.0,0,115.62933162006084,218750.0,224,,True,PASS_FIRST_CONVERSION_DETERMINISTIC,FAST64_STARTUP_INCLUSIVE_W0,3.0,0,MC200_ON_S196_LOW_W4,logs/fast64_v2/p4_event_noise_mc200_low/mc200_on_s196_low_w4.log,325.51000000000073,0.05,325.49998529411835,FAST64_V2_FIRST_CONVERSION_SEPARATED,37b1e18c03f7a1ad6ab3c6cf8243bdf93f9a884964526079e1a3b5b48f9a4ce3,196,0,64,77c203eac5e143fac387583d1ef81e3bc0efb21e22338293ea459a7ad92d21a9,ON,0196b8e123b5ce22d33480138dbb50b616feb187f30e5a9b72dc9fb6ae6f93d8,100196,PASS_FAST64_COMPLETE,269488,P4_EVENT_NOISE_MC200_LOW,0.7853981633974483,True,TT_3P3_27C,67,4,0,MAIN_MC200_LOW,224,False,0,COMPLETE,0,7.776259522159074,True,-60.82951119514625,-62.659017160934354,FAST64_SS_W4,True,True,57.26777604638178,48.57308232339762,True,49.798930434172455,-54.66507533555174,False,0,68,68,ab633fc0c76ff51fcb2d7b84d6d391721018ecc140dbee6de4b11f041199defc,7.776259522159073,57.26777604638178,48.573082323397614,49.79893043417245,-54.66507533555174,4,49.79893043417245,48.573082323397614,7.776259522159073,57.26777604638178,True,ab633fc0c76ff51fcb2d7b84d6d391721018ecc140dbee6de4b11f041199defc,ab633fc0c76ff51fcb2d7b84d6d391721018ecc140dbee6de4b11f041199defc,True,0,,7.105427357601002e-15,7.105427357601002e-15,8.881784197001252e-16,0.0,e0b285df656fdff9c9ee45800bead9bedc892e230e97f2ee056fd3cedee64b8f,True,True,True,True
480.0,LOW,7,False,c7cb2dcdd22c3b52135e96af305aee4ba4f12382aac9240b171acf6c73ebf849,e93a34c97e41596c6424539ce0a731c536c19fe57830ebd7497c1dfaf3e00d97,2026-07-25T23:21:31.234778+00:00,jobs/fast64_v2/p4_event_noise_mc200_low/mc200_on_s197_low_w4.spice,0.04140692967886661,0.09838660124944454,0.2492697166667739,0.554281900417223,3.0448632043244572,0,134.52828663296532,218750.0,223,,True,PASS_FIRST_CONVERSION_DETERMINISTIC,FAST64_STARTUP_INCLUSIVE_W0,3.0,0,MC200_ON_S197_LOW_W4,logs/fast64_v2/p4_event_noise_mc200_low/mc200_on_s197_low_w4.log,325.51000000000073,0.05,325.5003676470595,FAST64_V2_FIRST_CONVERSION_SEPARATED,4be3d66b14492200d4bbf0af5d0780741864dd794204df9b43d5946b2b0a2412,197,0,64,1eea334ccbc1db242fcab5dc57235fc1c7e030fa9ae83746675e42e1f252dbf3,ON,8ae49a92d4c06c4d0eb158e28c7b7a9f2053ff8529402d98be66502d85420258,100197,PASS_FAST64_COMPLETE,269480,P4_EVENT_NOISE_MC200_LOW,0.7853981633974483,True,TT_3P3_27C,67,4,0,MAIN_MC200_LOW,223,False,1,COMPLETE,0,7.792602412606013,True,-60.64785585800845,-64.41496512984615,FAST64_SS_W4,True,True,56.80686063302392,48.67146652388819,True,49.228517897298275,-57.86590612801377,False,0,68,68,b72871f3ce108207699a1b1fe05951de0d39033f2a36ecd695171221fad14929,7.751195482927146,56.70847403177448,48.42219680722142,48.67423599688105,-60.910769332338226,4,48.67423599688105,48.42219680722142,7.751195482927146,56.70847403177448,True,b72871f3ce108207699a1b1fe05951de0d39033f2a36ecd695171221fad14929,b72871f3ce108207699a1b1fe05951de0d39033f2a36ecd695171221fad14929,True,0,,0.554281900417223,0.2492697166667739,0.04140692967886661,0.09838660124944454,e93a34c97e41596c6424539ce0a731c536c19fe57830ebd7497c1dfaf3e00d97,True,True,True,True
480.0,LOW,7,False,52cd61d62bfc737792bf0590cdc3a2acb451f932aa596dd9aafbbfa80c695d6e,70d840df728a4dc290157f0250bde20be350f03e88fd2bc54f45ccd0e9dbd1db,2026-07-25T23:22:17.707249+00:00,jobs/fast64_v2/p4_event_noise_mc200_low/mc200_on_s198_low_w4.spice,5.329070518200751e-15,0.0,3.552713678800501e-14,2.842170943040401e-14,-7.815970093361102e-14,0,152.19817023794167,218750.0,224,,True,PASS_FIRST_CONVERSION_DETERMINISTIC,FAST64_STARTUP_INCLUSIVE_W0,3.0,0,MC200_ON_S198_LOW_W4,logs/fast64_v2/p4_event_noise_mc200_low/mc200_on_s198_low_w4.log,325.51000000000073,0.05,325.5001470588242,FAST64_V2_FIRST_CONVERSION_SEPARATED,b1e8dc2df73d4904f46eaf0472ea11e681e548681a2436feb0d2acd66ac371b1,198,0,64,b9067c4439d7f56dde493bf5ef35b2c4a4bc969d5b416328caeba325c4e9605f,ON,7abffa36e39431ec8124a4582d7e1171c1add95afa7142b8d006a121f9754e6b,100198,PASS_FAST64_COMPLETE,269312,P4_EVENT_NOISE_MC200_LOW,0.7853981633974483,True,TT_3P3_27C,67,4,0,MAIN_MC200_LOW,224,False,0,COMPLETE,0,7.702256524931193,True,-64.14612076460708,-78.27216555107053,FAST64_SS_W4,True,True,57.46085285564775,48.12758428008578,True,49.01848569629328,-55.44496938478648,False,0,68,68,74181cff7be791d4bf0155e6c40a2044acf1d7fc2d5d399c9832cb80c52162b8,7.702256524931188,57.46085285564775,48.12758428008574,49.018485696293254,-55.444969384786404,4,49.018485696293254,48.12758428008574,7.702256524931188,57.46085285564775,True,74181cff7be791d4bf0155e6c40a2044acf1d7fc2d5d399c9832cb80c52162b8,74181cff7be791d4bf0155e6c40a2044acf1d7fc2d5d399c9832cb80c52162b8,True,0,,2.842170943040401e-14,3.552713678800501e-14,5.329070518200751e-15,0.0,70d840df728a4dc290157f0250bde20be350f03e88fd2bc54f45ccd0e9dbd1db,True,True,True,True
480.0,LOW,7,False,a3acebc0b61b17ab42321e1c05bdbefbdc15b98299d7438ee7c2a39d44b0bac9,18870bb14c4cd1890e664c4edc53ead52ae129e86400bc6a5fa5e28dc1f0d0e7,2026-07-25T23:22:24.083614+00:00,jobs/fast64_v2/p4_event_noise_mc200_low/mc200_on_s199_low_w4.spice,1.7763568394002505e-15,0.0,7.105427357601002e-15,0.0,-2.842170943040401e-14,0,104.87175811594352,218750.0,224,,True,PASS_FIRST_CONVERSION_DETERMINISTIC,FAST64_STARTUP_INCLUSIVE_W0,3.0,0,MC200_ON_S199_LOW_W4,logs/fast64_v2/p4_event_noise_mc200_low/mc200_on_s199_low_w4.log,325.51000000000073,0.05,325.50026470588307,FAST64_V2_FIRST_CONVERSION_SEPARATED,1317b244691fd9675313d74a0ca2b99dc223d873a667a7a6d1ff24963399d8f3,199,0,64,6979710663f655e320787b4dd4f17794c2dd93e173b8b38a32e94fe69df65426,ON,86cf625153b7519451798587ad7a1dd7bfc0568a205b4362ffd4563b8d62a441,100199,PASS_FAST64_COMPLETE,269616,P4_EVENT_NOISE_MC200_LOW,0.7853981633974483,True,TT_3P3_27C,67,4,0,MAIN_MC200_LOW,224,False,0,COMPLETE,0,7.730893888715061,True,-63.85800789759347,-68.26042806467518,FAST64_SS_W4,True,True,56.48072417629738,48.29998121006466,True,49.35173397658072,-54.97395641407419,False,0,68,68,9ee0dc1561cb8a90b0b644dd6cc95468a217bd113a9b7c7132d1e2a43e85aaea,7.730893888715059,56.48072417629738,48.29998121006465,49.35173397658072,-54.97395641407416,4,49.35173397658072,48.29998121006465,7.730893888715059,56.48072417629738,True,9ee0dc1561cb8a90b0b644dd6cc95468a217bd113a9b7c7132d1e2a43e85aaea,9ee0dc1561cb8a90b0b644dd6cc95468a217bd113a9b7c7132d1e2a43e85aaea,True,0,,0.0,7.105427357601002e-15,1.7763568394002505e-15,0.0,18870bb14c4cd1890e664c4edc53ead52ae129e86400bc6a5fa5e28dc1f0d0e7,True,True,True,True
480.0,LOW,7,False,e407fc441fbff550c1b313b73bdd8de0d874f88fe04461a43ded3cff45e39277,04876afc349efd9db6d15b2c5085a5c6b461fb4bc5f847b26f929fe1ac6b754a,2026-07-25T23:22:10.229629+00:00,jobs/fast64_v2/p4_event_noise_mc200_low/mc200_on_s200_low_w4.spice,-1.7763568394002505e-15,0.0,-7.105427357601002e-15,-1.4210854715202004e-14,7.105427357601002e-15,0,82.97931168891955,218750.0,224,,True,PASS_FIRST_CONVERSION_DETERMINISTIC,FAST64_STARTUP_INCLUSIVE_W0,3.0,0,MC200_ON_S200_LOW_W4,logs/fast64_v2/p4_event_noise_mc200_low/mc200_on_s200_low_w4.log,325.5099999999999,0.05,325.49997058823595,FAST64_V2_FIRST_CONVERSION_SEPARATED,9d6da963a17d0544534c5f48f21e4367503c35c58f5c8123e4a33df3738731de,200,0,64,960e63d67deee52864f0ebbdec27ba993b7b193171584dfc391ba05300c24880,ON,6d1767626083ab1002b206c69f6f6cd5c409d687959268c6514eb21166df48e9,100200,PASS_FAST64_COMPLETE,269536,P4_EVENT_NOISE_MC200_LOW,0.7853981633974483,True,TT_3P3_27C,67,4,0,MAIN_MC200_LOW,224,False,0,COMPLETE,0,7.677625445267297,True,-74.14628020538976,-73.7285304183355,FAST64_SS_W4,True,True,55.832570539076286,47.97930518050912,True,48.33702434736224,-58.999358150054455,False,0,68,68,045f539e16791f8ce172ab9a42bf301c59dbb1e65e809a4afbcbce3eb7285a23,7.6776254452672985,55.832570539076286,47.97930518050913,48.33702434736225,-58.99935815005446,4,48.33702434736225,47.97930518050913,7.6776254452672985,55.832570539076286,True,045f539e16791f8ce172ab9a42bf301c59dbb1e65e809a4afbcbce3eb7285a23,045f539e16791f8ce172ab9a42bf301c59dbb1e65e809a4afbcbce3eb7285a23,True,0,,-1.4210854715202004e-14,-7.105427357601002e-15,-1.7763568394002505e-15,0.0,04876afc349efd9db6d15b2c5085a5c6b461fb4bc5f847b26f929fe1ac6b754a,True,True,True,True
